...1,replicate_name,precursor_ion_name,retention_time,area,background,height,mass_error_ppm,flags,QC_area
1,220302_Std_4uMStdsMix1InH2O_1,2-Hydroxy-4-(methylthio)butyric acid,2.25,624324608,1294377,185783232,-2.2,NA,624324608
2,220302_Std_4uMStdsMix1InH2O_2,2-Hydroxy-4-(methylthio)butyric acid,2.17,1745628928,7066213,389606784,-1.4,NA,1745628928
3,220302_Std_4uMStdsMix1InMatrix_1,2-Hydroxy-4-(methylthio)butyric acid,2.23,590393984,0,191075808,-1.9,NA,590393984
4,220302_Std_4uMStdsMix1InMatrix_2,2-Hydroxy-4-(methylthio)butyric acid,2.15,1577708416,15572471,347715008,-1.3,NA,1577708416
5,220302_Std_4uMStdsMix2InH2O_1,2-Hydroxy-4-(methylthio)butyric acid,NA,NA,NA,NA,NA,NA,NA
6,220302_Std_4uMStdsMix2InH2O_2,2-Hydroxy-4-(methylthio)butyric acid,NA,NA,NA,NA,NA,NA,NA
7,220302_Std_4uMStdsMix2InMatrix_1,2-Hydroxy-4-(methylthio)butyric acid,NA,NA,NA,NA,NA,NA,NA
8,220302_Std_4uMStdsMix2InMatrix_2,2-Hydroxy-4-(methylthio)butyric acid,NA,NA,NA,NA,NA,NA,NA
9,220302_Std_H2OinMatrix_1,2-Hydroxy-4-(methylthio)butyric acid,NA,NA,NA,NA,NA,NA,NA
10,220302_Std_H2OinMatrix_2,2-Hydroxy-4-(methylthio)butyric acid,NA,NA,NA,NA,NA,NA,NA
11,220302_Poo_TruePooBacteria_Full1,2-Hydroxy-4-(methylthio)butyric acid,NA,NA,NA,NA,NA,NA,NA
12,220302_Poo_TruePooBacteria_Full2,2-Hydroxy-4-(methylthio)butyric acid,NA,NA,NA,NA,NA,NA,NA
13,220302_Poo_TruePooBacteria_Full3,2-Hydroxy-4-(methylthio)butyric acid,NA,NA,NA,NA,NA,NA,NA
14,220302_Poo_TruePooBacteria_Half1,2-Hydroxy-4-(methylthio)butyric acid,NA,NA,NA,NA,NA,NA,NA
15,220302_Poo_TruePooBacteria_Half2,2-Hydroxy-4-(methylthio)butyric acid,2.4,64967,0,43974,2.6,NA,64967
16,220302_Poo_TruePooBacteria_Half3,2-Hydroxy-4-(methylthio)butyric acid,NA,NA,NA,NA,NA,NA,NA
17,220302_Smp_MQBlk1_A,2-Hydroxy-4-(methylthio)butyric acid,2.52,NA,0,0,NA,NA,NA
18,220302_Smp_MQBlk1_B,2-Hydroxy-4-(methylthio)butyric acid,2.57,NA,0,0,NA,NA,NA
19,220302_Smp_MQBlk1_C,2-Hydroxy-4-(methylthio)butyric acid,2.6,NA,0,0,NA,NA,NA
20,220302_Smp_MQBlk2_A,2-Hydroxy-4-(methylthio)butyric acid,2.09,6042,0,3840,-7.6,"ppm_flag, areamin_flag, blank_flag",NA
21,220302_Smp_MQBlk2_B,2-Hydroxy-4-(methylthio)butyric acid,2.71,NA,0,0,NA,NA,NA
22,220302_Smp_MQBlk2_C,2-Hydroxy-4-(methylthio)butyric acid,2.57,NA,0,0,NA,NA,NA
23,220302_Smp_MQBlk3_A,2-Hydroxy-4-(methylthio)butyric acid,2.55,NA,0,0,NA,NA,NA
24,220302_Smp_MQBlk3_B,2-Hydroxy-4-(methylthio)butyric acid,2.6,NA,0,0,NA,NA,NA
25,220302_Smp_MQBlk3_C,2-Hydroxy-4-(methylthio)butyric acid,2.59,NA,0,0,NA,NA,NA
26,220302_Smp_SupernatBlk_1,2-Hydroxy-4-(methylthio)butyric acid,NA,NA,NA,NA,NA,NA,NA
27,220302_Smp_SupernatBlk_2,2-Hydroxy-4-(methylthio)butyric acid,NA,NA,NA,NA,NA,NA,NA
28,220302_Smp_SupernatBlk_3,2-Hydroxy-4-(methylthio)butyric acid,NA,NA,NA,NA,NA,NA,NA
29,220302_Smp_SWBlk_1,2-Hydroxy-4-(methylthio)butyric acid,2.2,10654,0,11299,-0.2,"areamin_flag, blank_flag",NA
30,220302_Smp_SWBlk_2,2-Hydroxy-4-(methylthio)butyric acid,NA,NA,NA,NA,NA,NA,NA
31,220302_Smp_SWBlk_3,2-Hydroxy-4-(methylthio)butyric acid,NA,NA,NA,NA,NA,NA,NA
32,220302_Smp_OBi1_1,2-Hydroxy-4-(methylthio)butyric acid,2.06,39963,0,8464,-5.2,"areamin_flag,",NA
33,220302_Smp_OBi1_2,2-Hydroxy-4-(methylthio)butyric acid,2.06,1985,0,1616,-2,"areamin_flag, blank_flag",NA
34,220302_Smp_OBi1_3,2-Hydroxy-4-(methylthio)butyric acid,2.09,143874,0,131915,0.2,NA,143874
35,220302_Smp_OBi1_4,2-Hydroxy-4-(methylthio)butyric acid,2.75,148616,0,119245,-0.2,NA,148616
36,220302_Smp_OBi1_5,2-Hydroxy-4-(methylthio)butyric acid,NA,NA,NA,NA,NA,NA,NA
37,220302_Smp_OBi1_6,2-Hydroxy-4-(methylthio)butyric acid,NA,NA,NA,NA,NA,NA,NA
38,220302_Smp_OBi1_7,2-Hydroxy-4-(methylthio)butyric acid,2.06,135322,0,124157,-1.8,NA,135322
39,220302_Smp_OBi1_8,2-Hydroxy-4-(methylthio)butyric acid,2.15,11887,0,6239,-6.6,"ppm_flag, areamin_flag, blank_flag",NA
40,220302_Smp_OBi1_9,2-Hydroxy-4-(methylthio)butyric acid,NA,NA,NA,NA,NA,NA,NA
41,220302_Smp_OBi1small_1,2-Hydroxy-4-(methylthio)butyric acid,2.17,29322,0,15078,-8.9,"ppm_flag, areamin_flag,",NA
42,220302_Smp_OBi1small_2,2-Hydroxy-4-(methylthio)butyric acid,NA,NA,NA,NA,NA,NA,NA
43,220302_Smp_OBi1small_3,2-Hydroxy-4-(methylthio)butyric acid,NA,NA,NA,NA,NA,NA,NA
44,220302_Smp_OBi1small_4,2-Hydroxy-4-(methylthio)butyric acid,NA,NA,NA,NA,NA,NA,NA
45,220302_Smp_RWi2_1,2-Hydroxy-4-(methylthio)butyric acid,NA,NA,NA,NA,NA,NA,NA
46,220302_Smp_RWi2_2,2-Hydroxy-4-(methylthio)butyric acid,NA,NA,NA,NA,NA,NA,NA
47,220302_Smp_RWi2_3,2-Hydroxy-4-(methylthio)butyric acid,2.06,7270,0,4602,-3.2,"areamin_flag, blank_flag",NA
48,220302_Smp_RWi2_4,2-Hydroxy-4-(methylthio)butyric acid,NA,NA,NA,NA,NA,NA,NA
49,220302_Smp_RWi2_5,2-Hydroxy-4-(methylthio)butyric acid,NA,NA,NA,NA,NA,NA,NA
50,220302_Smp_RWi2_6,2-Hydroxy-4-(methylthio)butyric acid,NA,NA,NA,NA,NA,NA,NA
51,220302_Std_4uMStdsMix1InH2O_1,3-Sulfopyruvic acid,NA,NA,NA,NA,NA,NA,NA
52,220302_Std_4uMStdsMix1InH2O_2,3-Sulfopyruvic acid,NA,NA,NA,NA,NA,NA,NA
53,220302_Std_4uMStdsMix1InMatrix_1,3-Sulfopyruvic acid,NA,NA,NA,NA,NA,NA,NA
54,220302_Std_4uMStdsMix1InMatrix_2,3-Sulfopyruvic acid,NA,NA,NA,NA,NA,NA,NA
55,220302_Std_4uMStdsMix2InH2O_1,3-Sulfopyruvic acid,14.52,93274440,0,6679662,-1.1,NA,93274440
56,220302_Std_4uMStdsMix2InH2O_2,3-Sulfopyruvic acid,13.96,594230656,0,33682240,-0.4,NA,594230656
57,220302_Std_4uMStdsMix2InMatrix_1,3-Sulfopyruvic acid,14.54,87694896,0,7625241,-0.8,NA,87694896
58,220302_Std_4uMStdsMix2InMatrix_2,3-Sulfopyruvic acid,13.98,607331648,0,54874064,0.1,NA,607331648
59,220302_Std_H2OinMatrix_1,3-Sulfopyruvic acid,NA,NA,NA,NA,NA,NA,NA
60,220302_Std_H2OinMatrix_2,3-Sulfopyruvic acid,13.99,7100751,0,859632,-0.3,blank_flag,NA
61,220302_Poo_TruePooBacteria_Full1,3-Sulfopyruvic acid,14.46,142619,0,102902,-0.2,blank_flag,NA
62,220302_Poo_TruePooBacteria_Full2,3-Sulfopyruvic acid,14.38,1169274,0,165810,-0.6,blank_flag,NA
63,220302_Poo_TruePooBacteria_Full3,3-Sulfopyruvic acid,14.08,10367794,0,839515,0.3,NA,10367794
64,220302_Poo_TruePooBacteria_Half1,3-Sulfopyruvic acid,14.44,101533,0,93010,1.7,blank_flag,NA
65,220302_Poo_TruePooBacteria_Half2,3-Sulfopyruvic acid,NA,NA,NA,NA,NA,NA,NA
66,220302_Poo_TruePooBacteria_Half3,3-Sulfopyruvic acid,14.07,5280662,0,645488,0.2,blank_flag,NA
67,220302_Smp_MQBlk1_A,3-Sulfopyruvic acid,14.54,227888,0,97830,-0.8,blank_flag,NA
68,220302_Smp_MQBlk1_B,3-Sulfopyruvic acid,14.06,NA,0,0,NA,NA,NA
69,220302_Smp_MQBlk1_C,3-Sulfopyruvic acid,13.96,NA,0,0,NA,NA,NA
70,220302_Smp_MQBlk2_A,3-Sulfopyruvic acid,14.26,111720,0,108439,0.3,blank_flag,NA
71,220302_Smp_MQBlk2_B,3-Sulfopyruvic acid,14.2,361035,0,175795,-1.2,blank_flag,NA
72,220302_Smp_MQBlk2_C,3-Sulfopyruvic acid,14.18,2128887,0,349124,-0.4,blank_flag,NA
73,220302_Smp_MQBlk3_A,3-Sulfopyruvic acid,14.1,10722185,0,911081,0,NA,10722185
74,220302_Smp_MQBlk3_B,3-Sulfopyruvic acid,14.12,5481481,0,564271,-0.1,blank_flag,NA
75,220302_Smp_MQBlk3_C,3-Sulfopyruvic acid,14.09,4403996,0,635751,0.2,blank_flag,NA
76,220302_Smp_SupernatBlk_1,3-Sulfopyruvic acid,13.93,NA,0,0,NA,NA,NA
77,220302_Smp_SupernatBlk_2,3-Sulfopyruvic acid,14.14,774625,0,200090,0,blank_flag,NA
78,220302_Smp_SupernatBlk_3,3-Sulfopyruvic acid,14.13,2315637,0,306542,0.5,blank_flag,NA
79,220302_Smp_SWBlk_1,3-Sulfopyruvic acid,14.43,469468,0,112819,0.5,blank_flag,NA
80,220302_Smp_SWBlk_2,3-Sulfopyruvic acid,14.3,661022,0,158754,-0.2,blank_flag,NA
81,220302_Smp_SWBlk_3,3-Sulfopyruvic acid,13.88,NA,0,0,NA,NA,NA
82,220302_Smp_OBi1_1,3-Sulfopyruvic acid,14.36,2622323,0,268753,0.5,blank_flag,NA
83,220302_Smp_OBi1_2,3-Sulfopyruvic acid,14.13,2141869,0,314166,0.2,blank_flag,NA
84,220302_Smp_OBi1_3,3-Sulfopyruvic acid,14.09,17132594,0,1663847,-0.1,NA,17132594
85,220302_Smp_OBi1_4,3-Sulfopyruvic acid,NA,NA,NA,NA,NA,NA,NA
86,220302_Smp_OBi1_5,3-Sulfopyruvic acid,14.6,129413,0,109337,0.2,blank_flag,NA
87,220302_Smp_OBi1_6,3-Sulfopyruvic acid,14.43,126128,0,78891,0.3,blank_flag,NA
88,220302_Smp_OBi1_7,3-Sulfopyruvic acid,14.1,5043428,0,493781,0.3,blank_flag,NA
89,220302_Smp_OBi1_8,3-Sulfopyruvic acid,14.26,922001,0,195162,-0.9,blank_flag,NA
90,220302_Smp_OBi1_9,3-Sulfopyruvic acid,14.39,1762441,0,165385,0.5,blank_flag,NA
91,220302_Smp_OBi1small_1,3-Sulfopyruvic acid,14.58,454299,0,86794,0.4,blank_flag,NA
92,220302_Smp_OBi1small_2,3-Sulfopyruvic acid,14.15,876113,0,224313,-0.1,blank_flag,NA
93,220302_Smp_OBi1small_3,3-Sulfopyruvic acid,NA,NA,NA,NA,NA,NA,NA
94,220302_Smp_OBi1small_4,3-Sulfopyruvic acid,14.26,4226850,0,351970,0.8,blank_flag,NA
95,220302_Smp_RWi2_1,3-Sulfopyruvic acid,NA,NA,NA,NA,NA,NA,NA
96,220302_Smp_RWi2_2,3-Sulfopyruvic acid,14.13,5166257,0,507794,0.8,blank_flag,NA
97,220302_Smp_RWi2_3,3-Sulfopyruvic acid,14.14,4955237,0,654768,-0.3,blank_flag,NA
98,220302_Smp_RWi2_4,3-Sulfopyruvic acid,14.33,2191362,0,237165,0.7,blank_flag,NA
99,220302_Smp_RWi2_5,3-Sulfopyruvic acid,14.43,838883,0,154085,0.2,blank_flag,NA
100,220302_Smp_RWi2_6,3-Sulfopyruvic acid,14.47,1123905,0,177269,0.2,blank_flag,NA
101,220302_Std_4uMStdsMix1InH2O_1,N-Acetyl-L-glutamic acid,11.39,820819008,558830,60574512,-0.1,NA,820819008
102,220302_Std_4uMStdsMix1InH2O_2,N-Acetyl-L-glutamic acid,10.44,1995575168,3086973,111460880,0.3,NA,1995575168
103,220302_Std_4uMStdsMix1InMatrix_1,N-Acetyl-L-glutamic acid,11.4,980784064,10074207,79912800,0.2,NA,980784064
104,220302_Std_4uMStdsMix1InMatrix_2,N-Acetyl-L-glutamic acid,10.57,1937042816,0,130005200,0.3,NA,1937042816
105,220302_Std_4uMStdsMix2InH2O_1,N-Acetyl-L-glutamic acid,NA,NA,NA,NA,NA,NA,NA
106,220302_Std_4uMStdsMix2InH2O_2,N-Acetyl-L-glutamic acid,NA,NA,NA,NA,NA,NA,NA
107,220302_Std_4uMStdsMix2InMatrix_1,N-Acetyl-L-glutamic acid,NA,NA,NA,NA,NA,NA,NA
108,220302_Std_4uMStdsMix2InMatrix_2,N-Acetyl-L-glutamic acid,NA,NA,NA,NA,NA,NA,NA
109,220302_Std_H2OinMatrix_1,N-Acetyl-L-glutamic acid,NA,NA,NA,NA,NA,NA,NA
110,220302_Std_H2OinMatrix_2,N-Acetyl-L-glutamic acid,11.84,191331,0,155881,1.1,blank_flag,NA
111,220302_Poo_TruePooBacteria_Full1,N-Acetyl-L-glutamic acid,11.87,137842,0,85512,1.5,blank_flag,NA
112,220302_Poo_TruePooBacteria_Full2,N-Acetyl-L-glutamic acid,11.87,322560,0,121869,5.6,blank_flag,NA
113,220302_Poo_TruePooBacteria_Full3,N-Acetyl-L-glutamic acid,11.09,1288530,0,206956,1.7,NA,1288530
114,220302_Poo_TruePooBacteria_Half1,N-Acetyl-L-glutamic acid,11.87,145747,0,94172,1.7,blank_flag,NA
115,220302_Poo_TruePooBacteria_Half2,N-Acetyl-L-glutamic acid,NA,NA,NA,NA,NA,NA,NA
116,220302_Poo_TruePooBacteria_Half3,N-Acetyl-L-glutamic acid,NA,NA,NA,NA,NA,NA,NA
117,220302_Smp_MQBlk1_A,N-Acetyl-L-glutamic acid,11.83,169653,0,94846,2.7,blank_flag,NA
118,220302_Smp_MQBlk1_B,N-Acetyl-L-glutamic acid,11.93,272948,0,77895,2.2,blank_flag,NA
119,220302_Smp_MQBlk1_C,N-Acetyl-L-glutamic acid,11.85,133097,0,99357,1.4,blank_flag,NA
120,220302_Smp_MQBlk2_A,N-Acetyl-L-glutamic acid,10.88,920415,0,208524,3.3,blank_flag,NA
121,220302_Smp_MQBlk2_B,N-Acetyl-L-glutamic acid,11.64,250501,0,70557,3.7,blank_flag,NA
122,220302_Smp_MQBlk2_C,N-Acetyl-L-glutamic acid,12.49,1213667,0,218051,4.9,NA,1213667
123,220302_Smp_MQBlk3_A,N-Acetyl-L-glutamic acid,11.76,129862,0,66899,2.2,blank_flag,NA
124,220302_Smp_MQBlk3_B,N-Acetyl-L-glutamic acid,11.87,151331,0,86917,2.5,blank_flag,NA
125,220302_Smp_MQBlk3_C,N-Acetyl-L-glutamic acid,11.73,122622,0,80066,3.2,blank_flag,NA
126,220302_Smp_SupernatBlk_1,N-Acetyl-L-glutamic acid,12.26,450475,0,121907,3.9,blank_flag,NA
127,220302_Smp_SupernatBlk_2,N-Acetyl-L-glutamic acid,NA,NA,NA,NA,NA,NA,NA
128,220302_Smp_SupernatBlk_3,N-Acetyl-L-glutamic acid,NA,NA,NA,NA,NA,NA,NA
129,220302_Smp_SWBlk_1,N-Acetyl-L-glutamic acid,11.84,71099,0,43552,3.1,blank_flag,NA
130,220302_Smp_SWBlk_2,N-Acetyl-L-glutamic acid,11.18,353584,0,144552,2.3,blank_flag,NA
131,220302_Smp_SWBlk_3,N-Acetyl-L-glutamic acid,NA,NA,NA,NA,NA,NA,NA
132,220302_Smp_OBi1_1,N-Acetyl-L-glutamic acid,11.1,710011,0,196704,5.9,blank_flag,NA
133,220302_Smp_OBi1_2,N-Acetyl-L-glutamic acid,11.78,634191,0,140429,4.2,blank_flag,NA
134,220302_Smp_OBi1_3,N-Acetyl-L-glutamic acid,NA,NA,NA,NA,NA,NA,NA
135,220302_Smp_OBi1_4,N-Acetyl-L-glutamic acid,NA,NA,NA,NA,NA,NA,NA
136,220302_Smp_OBi1_5,N-Acetyl-L-glutamic acid,NA,NA,NA,NA,NA,NA,NA
137,220302_Smp_OBi1_6,N-Acetyl-L-glutamic acid,NA,NA,NA,NA,NA,NA,NA
138,220302_Smp_OBi1_7,N-Acetyl-L-glutamic acid,11.72,1457699,0,310955,2.5,NA,1457699
139,220302_Smp_OBi1_8,N-Acetyl-L-glutamic acid,12.09,1202825,0,191515,4.2,NA,1202825
140,220302_Smp_OBi1_9,N-Acetyl-L-glutamic acid,11.84,366635,0,114903,5.1,blank_flag,NA
141,220302_Smp_OBi1small_1,N-Acetyl-L-glutamic acid,11.84,82810,0,76190,1.1,blank_flag,NA
142,220302_Smp_OBi1small_2,N-Acetyl-L-glutamic acid,11.92,758621,0,202808,1.9,blank_flag,NA
143,220302_Smp_OBi1small_3,N-Acetyl-L-glutamic acid,11.8,222427,0,162578,5.7,blank_flag,NA
144,220302_Smp_OBi1small_4,N-Acetyl-L-glutamic acid,NA,NA,NA,NA,NA,NA,NA
145,220302_Smp_RWi2_1,N-Acetyl-L-glutamic acid,11.83,119807,0,94958,3.6,blank_flag,NA
146,220302_Smp_RWi2_2,N-Acetyl-L-glutamic acid,NA,NA,NA,NA,NA,NA,NA
147,220302_Smp_RWi2_3,N-Acetyl-L-glutamic acid,NA,NA,NA,NA,NA,NA,NA
148,220302_Smp_RWi2_4,N-Acetyl-L-glutamic acid,11.95,717146,0,154463,5.6,blank_flag,NA
149,220302_Smp_RWi2_5,N-Acetyl-L-glutamic acid,11.83,335580,0,182865,4.1,blank_flag,NA
150,220302_Smp_RWi2_6,N-Acetyl-L-glutamic acid,NA,NA,NA,NA,NA,NA,NA
151,220302_Std_4uMStdsMix1InH2O_1,Acetylglycine,6.59,208628752,0,6528312,-3.1,NA,208628752
152,220302_Std_4uMStdsMix1InH2O_2,Acetylglycine,4.96,444097280,26403232,11314432,-3.2,NA,444097280
153,220302_Std_4uMStdsMix1InMatrix_1,Acetylglycine,7.04,200363408,0,5732578,-2.9,NA,200363408
154,220302_Std_4uMStdsMix1InMatrix_2,Acetylglycine,5.93,392515008,0,6371583,-3,NA,392515008
155,220302_Std_4uMStdsMix2InH2O_1,Acetylglycine,NA,NA,NA,NA,NA,NA,NA
156,220302_Std_4uMStdsMix2InH2O_2,Acetylglycine,NA,NA,NA,NA,NA,NA,NA
157,220302_Std_4uMStdsMix2InMatrix_1,Acetylglycine,NA,NA,NA,NA,NA,NA,NA
158,220302_Std_4uMStdsMix2InMatrix_2,Acetylglycine,NA,NA,NA,NA,NA,NA,NA
159,220302_Std_H2OinMatrix_1,Acetylglycine,8.51,3667301,0,399248,-3.3,blank_flag,NA
160,220302_Std_H2OinMatrix_2,Acetylglycine,7.83,334498,0,125540,-1.2,blank_flag,NA
161,220302_Poo_TruePooBacteria_Full1,Acetylglycine,8.34,7052272,0,670184,-2.9,blank_flag,NA
162,220302_Poo_TruePooBacteria_Full2,Acetylglycine,8.21,6984970,0,628458,-2.5,blank_flag,NA
163,220302_Poo_TruePooBacteria_Full3,Acetylglycine,7.8,7489517,0,742083,-2.6,blank_flag,NA
164,220302_Poo_TruePooBacteria_Half1,Acetylglycine,8.35,3957582,0,432613,-2.8,blank_flag,NA
165,220302_Poo_TruePooBacteria_Half2,Acetylglycine,8.15,3220506,0,329160,-2.5,blank_flag,NA
166,220302_Poo_TruePooBacteria_Half3,Acetylglycine,7.7,4080891,0,330805,-2.8,blank_flag,NA
167,220302_Smp_MQBlk1_A,Acetylglycine,7.79,74614,0,62344,-2.6,blank_flag,NA
168,220302_Smp_MQBlk1_B,Acetylglycine,7.84,222040,0,122466,-3,blank_flag,NA
169,220302_Smp_MQBlk1_C,Acetylglycine,8.41,9003659,0,865418,-3,blank_flag,NA
170,220302_Smp_MQBlk2_A,Acetylglycine,8.17,7155255,0,703763,-2.5,blank_flag,NA
171,220302_Smp_MQBlk2_B,Acetylglycine,8.18,3995979,0,341392,-2.5,blank_flag,NA
172,220302_Smp_MQBlk2_C,Acetylglycine,8.11,6455638,0,466037,-2.3,blank_flag,NA
173,220302_Smp_MQBlk3_A,Acetylglycine,7.85,3990129,0,484869,-2.2,blank_flag,NA
174,220302_Smp_MQBlk3_B,Acetylglycine,7.81,4847294,0,421297,-2.2,blank_flag,NA
175,220302_Smp_MQBlk3_C,Acetylglycine,7.76,5730308,0,541680,-2.4,blank_flag,NA
176,220302_Smp_SupernatBlk_1,Acetylglycine,8.25,6841582,0,938216,-2.7,blank_flag,NA
177,220302_Smp_SupernatBlk_2,Acetylglycine,7.84,979942,0,237392,-2.8,blank_flag,NA
178,220302_Smp_SupernatBlk_3,Acetylglycine,7.99,8547691,0,723673,-2.8,blank_flag,NA
179,220302_Smp_SWBlk_1,Acetylglycine,8.45,7041361,0,599313,-2,blank_flag,NA
180,220302_Smp_SWBlk_2,Acetylglycine,8.13,5437640,0,483190,-2.4,blank_flag,NA
181,220302_Smp_SWBlk_3,Acetylglycine,7.82,417291,0,233774,-2,blank_flag,NA
182,220302_Smp_OBi1_1,Acetylglycine,8.17,9671686,0,812229,-1.8,blank_flag,NA
183,220302_Smp_OBi1_2,Acetylglycine,7.83,5860458,0,504317,-2.9,blank_flag,NA
184,220302_Smp_OBi1_3,Acetylglycine,7.83,6680283,0,632082,-2.7,blank_flag,NA
185,220302_Smp_OBi1_4,Acetylglycine,7.79,267933,0,151005,-2.4,blank_flag,NA
186,220302_Smp_OBi1_5,Acetylglycine,8.54,9442937,0,947778,-2.2,blank_flag,NA
187,220302_Smp_OBi1_6,Acetylglycine,8.21,5851718,0,571459,-2.3,blank_flag,NA
188,220302_Smp_OBi1_7,Acetylglycine,7.91,6833374,0,543047,-2.8,blank_flag,NA
189,220302_Smp_OBi1_8,Acetylglycine,8.09,7115180,0,597656,-2.4,blank_flag,NA
190,220302_Smp_OBi1_9,Acetylglycine,8.07,7912695,0,611015,-2.1,blank_flag,NA
191,220302_Smp_OBi1small_1,Acetylglycine,7.81,94027,0,79639,-2.5,blank_flag,NA
192,220302_Smp_OBi1small_2,Acetylglycine,8.05,6357804,0,532784,-2.5,blank_flag,NA
193,220302_Smp_OBi1small_3,Acetylglycine,8.51,4931977,0,492752,-2.9,blank_flag,NA
194,220302_Smp_OBi1small_4,Acetylglycine,7.88,1740103,0,260150,-1.9,blank_flag,NA
195,220302_Smp_RWi2_1,Acetylglycine,7.87,339443,0,120195,-2,blank_flag,NA
196,220302_Smp_RWi2_2,Acetylglycine,7.96,7839577,0,656718,-2.7,blank_flag,NA
197,220302_Smp_RWi2_3,Acetylglycine,8,7538921,0,532648,-2.7,blank_flag,NA
198,220302_Smp_RWi2_4,Acetylglycine,8.06,6889094,39557,615985,-2.1,blank_flag,NA
199,220302_Smp_RWi2_5,Acetylglycine,8.33,7363575,0,772190,-2.6,blank_flag,NA
200,220302_Smp_RWi2_6,Acetylglycine,8.17,4419875,0,503232,-2.2,blank_flag,NA
201,220302_Std_4uMStdsMix1InH2O_1,cis-Aconitic acid,14.55,954391104,5594648,75040960,-1,NA,954391104
202,220302_Std_4uMStdsMix1InH2O_2,cis-Aconitic acid,14.32,1197974784,8291877,78733488,-0.2,NA,1197974784
203,220302_Std_4uMStdsMix1InMatrix_1,cis-Aconitic acid,14.58,976943296,12546615,85066920,-0.8,NA,976943296
204,220302_Std_4uMStdsMix1InMatrix_2,cis-Aconitic acid,14.33,1132475392,13232978,87913472,-0.1,NA,1132475392
205,220302_Std_4uMStdsMix2InH2O_1,cis-Aconitic acid,NA,NA,NA,NA,NA,NA,NA
206,220302_Std_4uMStdsMix2InH2O_2,cis-Aconitic acid,NA,NA,NA,NA,NA,NA,NA
207,220302_Std_4uMStdsMix2InMatrix_1,cis-Aconitic acid,NA,NA,NA,NA,NA,NA,NA
208,220302_Std_4uMStdsMix2InMatrix_2,cis-Aconitic acid,NA,NA,NA,NA,NA,NA,NA
209,220302_Std_H2OinMatrix_1,cis-Aconitic acid,NA,NA,NA,NA,NA,NA,NA
210,220302_Std_H2OinMatrix_2,cis-Aconitic acid,13.76,73524,0,77895,0.1,blank_flag,NA
211,220302_Poo_TruePooBacteria_Full1,cis-Aconitic acid,14.26,91086,0,61058,3.7,blank_flag,NA
212,220302_Poo_TruePooBacteria_Full2,cis-Aconitic acid,NA,NA,NA,NA,NA,NA,NA
213,220302_Poo_TruePooBacteria_Full3,cis-Aconitic acid,NA,NA,NA,NA,NA,NA,NA
214,220302_Poo_TruePooBacteria_Half1,cis-Aconitic acid,14.18,90293,0,78752,-1.2,blank_flag,NA
215,220302_Poo_TruePooBacteria_Half2,cis-Aconitic acid,NA,NA,NA,NA,NA,NA,NA
216,220302_Poo_TruePooBacteria_Half3,cis-Aconitic acid,14.44,96490,0,101259,0,blank_flag,NA
217,220302_Smp_MQBlk1_A,cis-Aconitic acid,14.58,342605,0,135546,-0.4,blank_flag,NA
218,220302_Smp_MQBlk1_B,cis-Aconitic acid,14.58,143618,0,92139,0.4,blank_flag,NA
219,220302_Smp_MQBlk1_C,cis-Aconitic acid,14.51,366811,0,105526,-0.5,blank_flag,NA
220,220302_Smp_MQBlk2_A,cis-Aconitic acid,14.47,121907,0,97916,2.5,blank_flag,NA
221,220302_Smp_MQBlk2_B,cis-Aconitic acid,13.87,63363,0,64634,0.4,blank_flag,NA
222,220302_Smp_MQBlk2_C,cis-Aconitic acid,14.27,NA,0,0,NA,NA,NA
223,220302_Smp_MQBlk3_A,cis-Aconitic acid,14.43,112828,0,69486,1.9,blank_flag,NA
224,220302_Smp_MQBlk3_B,cis-Aconitic acid,14.01,NA,0,0,NA,NA,NA
225,220302_Smp_MQBlk3_C,cis-Aconitic acid,14.38,129583,0,119944,0.6,blank_flag,NA
226,220302_Smp_SupernatBlk_1,cis-Aconitic acid,14.98,66370,0,59791,4.3,blank_flag,NA
227,220302_Smp_SupernatBlk_2,cis-Aconitic acid,NA,NA,NA,NA,NA,NA,NA
228,220302_Smp_SupernatBlk_3,cis-Aconitic acid,NA,NA,NA,NA,NA,NA,NA
229,220302_Smp_SWBlk_1,cis-Aconitic acid,NA,NA,NA,NA,NA,NA,NA
230,220302_Smp_SWBlk_2,cis-Aconitic acid,NA,NA,NA,NA,NA,NA,NA
231,220302_Smp_SWBlk_3,cis-Aconitic acid,14.53,114066,0,84318,0.7,blank_flag,NA
232,220302_Smp_OBi1_1,cis-Aconitic acid,14.46,507125,0,143396,1.4,blank_flag,NA
233,220302_Smp_OBi1_2,cis-Aconitic acid,NA,NA,NA,NA,NA,NA,NA
234,220302_Smp_OBi1_3,cis-Aconitic acid,14.66,82599,0,54528,1.3,blank_flag,NA
235,220302_Smp_OBi1_4,cis-Aconitic acid,NA,NA,NA,NA,NA,NA,NA
236,220302_Smp_OBi1_5,cis-Aconitic acid,14.6,96461,0,81497,-0.1,blank_flag,NA
237,220302_Smp_OBi1_6,cis-Aconitic acid,14.07,236662,0,239381,0,blank_flag,NA
238,220302_Smp_OBi1_7,cis-Aconitic acid,NA,NA,NA,NA,NA,NA,NA
239,220302_Smp_OBi1_8,cis-Aconitic acid,NA,NA,NA,NA,NA,NA,NA
240,220302_Smp_OBi1_9,cis-Aconitic acid,14.05,99638,0,55977,3,blank_flag,NA
241,220302_Smp_OBi1small_1,cis-Aconitic acid,14.6,184628,0,97380,1.7,blank_flag,NA
242,220302_Smp_OBi1small_2,cis-Aconitic acid,14.55,132066,0,127256,0.6,blank_flag,NA
243,220302_Smp_OBi1small_3,cis-Aconitic acid,NA,NA,NA,NA,NA,NA,NA
244,220302_Smp_OBi1small_4,cis-Aconitic acid,NA,NA,NA,NA,NA,NA,NA
245,220302_Smp_RWi2_1,cis-Aconitic acid,NA,NA,NA,NA,NA,NA,NA
246,220302_Smp_RWi2_2,cis-Aconitic acid,14.6,17292,0,17195,-8.4,"ppm_flag, areamin_flag, blank_flag",NA
247,220302_Smp_RWi2_3,cis-Aconitic acid,14.41,121071,0,105769,-0.2,blank_flag,NA
248,220302_Smp_RWi2_4,cis-Aconitic acid,14.49,92175,0,93566,-0.7,blank_flag,NA
249,220302_Smp_RWi2_5,cis-Aconitic acid,14.4,97073,0,66490,2.1,blank_flag,NA
250,220302_Smp_RWi2_6,cis-Aconitic acid,14.59,69961,0,64916,1,blank_flag,NA
251,220302_Std_4uMStdsMix1InH2O_1,Adenosine diphosphate,NA,NA,NA,NA,NA,NA,NA
252,220302_Std_4uMStdsMix1InH2O_2,Adenosine diphosphate,NA,NA,NA,NA,NA,NA,NA
253,220302_Std_4uMStdsMix1InMatrix_1,Adenosine diphosphate,NA,NA,NA,NA,NA,NA,NA
254,220302_Std_4uMStdsMix1InMatrix_2,Adenosine diphosphate,NA,NA,NA,NA,NA,NA,NA
255,220302_Std_4uMStdsMix2InH2O_1,Adenosine diphosphate,12.8,20963474,0,1550580,2,NA,20963474
256,220302_Std_4uMStdsMix2InH2O_2,Adenosine diphosphate,12.17,60191068,0,3803872,2.4,NA,60191068
257,220302_Std_4uMStdsMix2InMatrix_1,Adenosine diphosphate,12.8,15645410,0,1182099,2.5,NA,15645410
258,220302_Std_4uMStdsMix2InMatrix_2,Adenosine diphosphate,12.2,54904748,0,3167511,2.5,NA,54904748
259,220302_Std_H2OinMatrix_1,Adenosine diphosphate,NA,NA,NA,NA,NA,NA,NA
260,220302_Std_H2OinMatrix_2,Adenosine diphosphate,NA,NA,NA,NA,NA,NA,NA
261,220302_Poo_TruePooBacteria_Full1,Adenosine diphosphate,NA,NA,NA,NA,NA,NA,NA
262,220302_Poo_TruePooBacteria_Full2,Adenosine diphosphate,NA,NA,NA,NA,NA,NA,NA
263,220302_Poo_TruePooBacteria_Full3,Adenosine diphosphate,NA,NA,NA,NA,NA,NA,NA
264,220302_Poo_TruePooBacteria_Half1,Adenosine diphosphate,NA,NA,NA,NA,NA,NA,NA
265,220302_Poo_TruePooBacteria_Half2,Adenosine diphosphate,NA,NA,NA,NA,NA,NA,NA
266,220302_Poo_TruePooBacteria_Half3,Adenosine diphosphate,NA,NA,NA,NA,NA,NA,NA
267,220302_Smp_MQBlk1_A,Adenosine diphosphate,NA,NA,NA,NA,NA,NA,NA
268,220302_Smp_MQBlk1_B,Adenosine diphosphate,NA,NA,NA,NA,NA,NA,NA
269,220302_Smp_MQBlk1_C,Adenosine diphosphate,NA,NA,NA,NA,NA,NA,NA
270,220302_Smp_MQBlk2_A,Adenosine diphosphate,NA,NA,NA,NA,NA,NA,NA
271,220302_Smp_MQBlk2_B,Adenosine diphosphate,NA,NA,NA,NA,NA,NA,NA
272,220302_Smp_MQBlk2_C,Adenosine diphosphate,NA,NA,NA,NA,NA,NA,NA
273,220302_Smp_MQBlk3_A,Adenosine diphosphate,NA,NA,NA,NA,NA,NA,NA
274,220302_Smp_MQBlk3_B,Adenosine diphosphate,NA,NA,NA,NA,NA,NA,NA
275,220302_Smp_MQBlk3_C,Adenosine diphosphate,NA,NA,NA,NA,NA,NA,NA
276,220302_Smp_SupernatBlk_1,Adenosine diphosphate,NA,NA,NA,NA,NA,NA,NA
277,220302_Smp_SupernatBlk_2,Adenosine diphosphate,NA,NA,NA,NA,NA,NA,NA
278,220302_Smp_SupernatBlk_3,Adenosine diphosphate,NA,NA,NA,NA,NA,NA,NA
279,220302_Smp_SWBlk_1,Adenosine diphosphate,NA,NA,NA,NA,NA,NA,NA
280,220302_Smp_SWBlk_2,Adenosine diphosphate,NA,NA,NA,NA,NA,NA,NA
281,220302_Smp_SWBlk_3,Adenosine diphosphate,NA,NA,NA,NA,NA,NA,NA
282,220302_Smp_OBi1_1,Adenosine diphosphate,NA,NA,NA,NA,NA,NA,NA
283,220302_Smp_OBi1_2,Adenosine diphosphate,NA,NA,NA,NA,NA,NA,NA
284,220302_Smp_OBi1_3,Adenosine diphosphate,NA,NA,NA,NA,NA,NA,NA
285,220302_Smp_OBi1_4,Adenosine diphosphate,NA,NA,NA,NA,NA,NA,NA
286,220302_Smp_OBi1_5,Adenosine diphosphate,NA,NA,NA,NA,NA,NA,NA
287,220302_Smp_OBi1_6,Adenosine diphosphate,NA,NA,NA,NA,NA,NA,NA
288,220302_Smp_OBi1_7,Adenosine diphosphate,NA,NA,NA,NA,NA,NA,NA
289,220302_Smp_OBi1_8,Adenosine diphosphate,NA,NA,NA,NA,NA,NA,NA
290,220302_Smp_OBi1_9,Adenosine diphosphate,NA,NA,NA,NA,NA,NA,NA
291,220302_Smp_OBi1small_1,Adenosine diphosphate,NA,NA,NA,NA,NA,NA,NA
292,220302_Smp_OBi1small_2,Adenosine diphosphate,NA,NA,NA,NA,NA,NA,NA
293,220302_Smp_OBi1small_3,Adenosine diphosphate,NA,NA,NA,NA,NA,NA,NA
294,220302_Smp_OBi1small_4,Adenosine diphosphate,NA,NA,NA,NA,NA,NA,NA
295,220302_Smp_RWi2_1,Adenosine diphosphate,NA,NA,NA,NA,NA,NA,NA
296,220302_Smp_RWi2_2,Adenosine diphosphate,NA,NA,NA,NA,NA,NA,NA
297,220302_Smp_RWi2_3,Adenosine diphosphate,NA,NA,NA,NA,NA,NA,NA
298,220302_Smp_RWi2_4,Adenosine diphosphate,NA,NA,NA,NA,NA,NA,NA
299,220302_Smp_RWi2_5,Adenosine diphosphate,NA,NA,NA,NA,NA,NA,NA
300,220302_Smp_RWi2_6,Adenosine diphosphate,NA,NA,NA,NA,NA,NA,NA
301,220302_Std_4uMStdsMix1InH2O_1,Allopurinol,NA,NA,NA,NA,NA,NA,NA
302,220302_Std_4uMStdsMix1InH2O_2,Allopurinol,NA,NA,NA,NA,NA,NA,NA
303,220302_Std_4uMStdsMix1InMatrix_1,Allopurinol,NA,NA,NA,NA,NA,NA,NA
304,220302_Std_4uMStdsMix1InMatrix_2,Allopurinol,NA,NA,NA,NA,NA,NA,NA
305,220302_Std_4uMStdsMix2InH2O_1,Allopurinol,4.31,152343840,0,6553502,-2.3,NA,152343840
306,220302_Std_4uMStdsMix2InH2O_2,Allopurinol,4.29,268080832,0,10566912,-2.3,NA,268080832
307,220302_Std_4uMStdsMix2InMatrix_1,Allopurinol,4.28,185194352,0,8477136,-1.7,NA,185194352
308,220302_Std_4uMStdsMix2InMatrix_2,Allopurinol,4.4,155407024,0,6020472,-2,NA,155407024
309,220302_Std_H2OinMatrix_1,Allopurinol,NA,NA,NA,NA,NA,NA,NA
310,220302_Std_H2OinMatrix_2,Allopurinol,NA,NA,NA,NA,NA,NA,NA
311,220302_Poo_TruePooBacteria_Full1,Allopurinol,NA,NA,NA,NA,NA,NA,NA
312,220302_Poo_TruePooBacteria_Full2,Allopurinol,NA,NA,NA,NA,NA,NA,NA
313,220302_Poo_TruePooBacteria_Full3,Allopurinol,NA,NA,NA,NA,NA,NA,NA
314,220302_Poo_TruePooBacteria_Half1,Allopurinol,NA,NA,NA,NA,NA,NA,NA
315,220302_Poo_TruePooBacteria_Half2,Allopurinol,NA,NA,NA,NA,NA,NA,NA
316,220302_Poo_TruePooBacteria_Half3,Allopurinol,NA,NA,NA,NA,NA,NA,NA
317,220302_Smp_MQBlk1_A,Allopurinol,NA,NA,NA,NA,NA,NA,NA
318,220302_Smp_MQBlk1_B,Allopurinol,NA,NA,NA,NA,NA,NA,NA
319,220302_Smp_MQBlk1_C,Allopurinol,NA,NA,NA,NA,NA,NA,NA
320,220302_Smp_MQBlk2_A,Allopurinol,NA,NA,NA,NA,NA,NA,NA
321,220302_Smp_MQBlk2_B,Allopurinol,NA,NA,NA,NA,NA,NA,NA
322,220302_Smp_MQBlk2_C,Allopurinol,NA,NA,NA,NA,NA,NA,NA
323,220302_Smp_MQBlk3_A,Allopurinol,NA,NA,NA,NA,NA,NA,NA
324,220302_Smp_MQBlk3_B,Allopurinol,NA,NA,NA,NA,NA,NA,NA
325,220302_Smp_MQBlk3_C,Allopurinol,NA,NA,NA,NA,NA,NA,NA
326,220302_Smp_SupernatBlk_1,Allopurinol,NA,NA,NA,NA,NA,NA,NA
327,220302_Smp_SupernatBlk_2,Allopurinol,NA,NA,NA,NA,NA,NA,NA
328,220302_Smp_SupernatBlk_3,Allopurinol,NA,NA,NA,NA,NA,NA,NA
329,220302_Smp_SWBlk_1,Allopurinol,NA,NA,NA,NA,NA,NA,NA
330,220302_Smp_SWBlk_2,Allopurinol,NA,NA,NA,NA,NA,NA,NA
331,220302_Smp_SWBlk_3,Allopurinol,NA,NA,NA,NA,NA,NA,NA
332,220302_Smp_OBi1_1,Allopurinol,NA,NA,NA,NA,NA,NA,NA
333,220302_Smp_OBi1_2,Allopurinol,NA,NA,NA,NA,NA,NA,NA
334,220302_Smp_OBi1_3,Allopurinol,NA,NA,NA,NA,NA,NA,NA
335,220302_Smp_OBi1_4,Allopurinol,NA,NA,NA,NA,NA,NA,NA
336,220302_Smp_OBi1_5,Allopurinol,NA,NA,NA,NA,NA,NA,NA
337,220302_Smp_OBi1_6,Allopurinol,NA,NA,NA,NA,NA,NA,NA
338,220302_Smp_OBi1_7,Allopurinol,NA,NA,NA,NA,NA,NA,NA
339,220302_Smp_OBi1_8,Allopurinol,NA,NA,NA,NA,NA,NA,NA
340,220302_Smp_OBi1_9,Allopurinol,NA,NA,NA,NA,NA,NA,NA
341,220302_Smp_OBi1small_1,Allopurinol,NA,NA,NA,NA,NA,NA,NA
342,220302_Smp_OBi1small_2,Allopurinol,NA,NA,NA,NA,NA,NA,NA
343,220302_Smp_OBi1small_3,Allopurinol,NA,NA,NA,NA,NA,NA,NA
344,220302_Smp_OBi1small_4,Allopurinol,NA,NA,NA,NA,NA,NA,NA
345,220302_Smp_RWi2_1,Allopurinol,NA,NA,NA,NA,NA,NA,NA
346,220302_Smp_RWi2_2,Allopurinol,NA,NA,NA,NA,NA,NA,NA
347,220302_Smp_RWi2_3,Allopurinol,NA,NA,NA,NA,NA,NA,NA
348,220302_Smp_RWi2_4,Allopurinol,NA,NA,NA,NA,NA,NA,NA
349,220302_Smp_RWi2_5,Allopurinol,NA,NA,NA,NA,NA,NA,NA
350,220302_Smp_RWi2_6,Allopurinol,NA,NA,NA,NA,NA,NA,NA
351,220302_Std_4uMStdsMix1InH2O_1,Amino Propanesulfonic Acid,NA,NA,NA,NA,NA,NA,NA
352,220302_Std_4uMStdsMix1InH2O_2,Amino Propanesulfonic Acid,NA,NA,NA,NA,NA,NA,NA
353,220302_Std_4uMStdsMix1InMatrix_1,Amino Propanesulfonic Acid,NA,NA,NA,NA,NA,NA,NA
354,220302_Std_4uMStdsMix1InMatrix_2,Amino Propanesulfonic Acid,NA,NA,NA,NA,NA,NA,NA
355,220302_Std_4uMStdsMix2InH2O_1,Amino Propanesulfonic Acid,11.77,242511792,0,14587283,-2.6,NA,242511792
356,220302_Std_4uMStdsMix2InH2O_2,Amino Propanesulfonic Acid,11.31,337865920,2185701,17709282,-1.5,NA,337865920
357,220302_Std_4uMStdsMix2InMatrix_1,Amino Propanesulfonic Acid,11.81,228164800,1294504,16397734,-2.2,NA,228164800
358,220302_Std_4uMStdsMix2InMatrix_2,Amino Propanesulfonic Acid,11.34,344271648,0,20933152,-1.4,NA,344271648
359,220302_Std_H2OinMatrix_1,Amino Propanesulfonic Acid,NA,NA,NA,NA,NA,NA,NA
360,220302_Std_H2OinMatrix_2,Amino Propanesulfonic Acid,NA,NA,NA,NA,NA,NA,NA
361,220302_Poo_TruePooBacteria_Full1,Amino Propanesulfonic Acid,NA,NA,NA,NA,NA,NA,NA
362,220302_Poo_TruePooBacteria_Full2,Amino Propanesulfonic Acid,NA,NA,NA,NA,NA,NA,NA
363,220302_Poo_TruePooBacteria_Full3,Amino Propanesulfonic Acid,NA,NA,NA,NA,NA,NA,NA
364,220302_Poo_TruePooBacteria_Half1,Amino Propanesulfonic Acid,NA,NA,NA,NA,NA,NA,NA
365,220302_Poo_TruePooBacteria_Half2,Amino Propanesulfonic Acid,NA,NA,NA,NA,NA,NA,NA
366,220302_Poo_TruePooBacteria_Half3,Amino Propanesulfonic Acid,NA,NA,NA,NA,NA,NA,NA
367,220302_Smp_MQBlk1_A,Amino Propanesulfonic Acid,NA,NA,NA,NA,NA,NA,NA
368,220302_Smp_MQBlk1_B,Amino Propanesulfonic Acid,NA,NA,NA,NA,NA,NA,NA
369,220302_Smp_MQBlk1_C,Amino Propanesulfonic Acid,NA,NA,NA,NA,NA,NA,NA
370,220302_Smp_MQBlk2_A,Amino Propanesulfonic Acid,NA,NA,NA,NA,NA,NA,NA
371,220302_Smp_MQBlk2_B,Amino Propanesulfonic Acid,NA,NA,NA,NA,NA,NA,NA
372,220302_Smp_MQBlk2_C,Amino Propanesulfonic Acid,NA,NA,NA,NA,NA,NA,NA
373,220302_Smp_MQBlk3_A,Amino Propanesulfonic Acid,NA,NA,NA,NA,NA,NA,NA
374,220302_Smp_MQBlk3_B,Amino Propanesulfonic Acid,NA,NA,NA,NA,NA,NA,NA
375,220302_Smp_MQBlk3_C,Amino Propanesulfonic Acid,NA,NA,NA,NA,NA,NA,NA
376,220302_Smp_SupernatBlk_1,Amino Propanesulfonic Acid,NA,NA,NA,NA,NA,NA,NA
377,220302_Smp_SupernatBlk_2,Amino Propanesulfonic Acid,NA,NA,NA,NA,NA,NA,NA
378,220302_Smp_SupernatBlk_3,Amino Propanesulfonic Acid,NA,NA,NA,NA,NA,NA,NA
379,220302_Smp_SWBlk_1,Amino Propanesulfonic Acid,NA,NA,NA,NA,NA,NA,NA
380,220302_Smp_SWBlk_2,Amino Propanesulfonic Acid,NA,NA,NA,NA,NA,NA,NA
381,220302_Smp_SWBlk_3,Amino Propanesulfonic Acid,NA,NA,NA,NA,NA,NA,NA
382,220302_Smp_OBi1_1,Amino Propanesulfonic Acid,NA,NA,NA,NA,NA,NA,NA
383,220302_Smp_OBi1_2,Amino Propanesulfonic Acid,NA,NA,NA,NA,NA,NA,NA
384,220302_Smp_OBi1_3,Amino Propanesulfonic Acid,NA,NA,NA,NA,NA,NA,NA
385,220302_Smp_OBi1_4,Amino Propanesulfonic Acid,NA,NA,NA,NA,NA,NA,NA
386,220302_Smp_OBi1_5,Amino Propanesulfonic Acid,NA,NA,NA,NA,NA,NA,NA
387,220302_Smp_OBi1_6,Amino Propanesulfonic Acid,NA,NA,NA,NA,NA,NA,NA
388,220302_Smp_OBi1_7,Amino Propanesulfonic Acid,NA,NA,NA,NA,NA,NA,NA
389,220302_Smp_OBi1_8,Amino Propanesulfonic Acid,NA,NA,NA,NA,NA,NA,NA
390,220302_Smp_OBi1_9,Amino Propanesulfonic Acid,NA,NA,NA,NA,NA,NA,NA
391,220302_Smp_OBi1small_1,Amino Propanesulfonic Acid,NA,NA,NA,NA,NA,NA,NA
392,220302_Smp_OBi1small_2,Amino Propanesulfonic Acid,NA,NA,NA,NA,NA,NA,NA
393,220302_Smp_OBi1small_3,Amino Propanesulfonic Acid,NA,NA,NA,NA,NA,NA,NA
394,220302_Smp_OBi1small_4,Amino Propanesulfonic Acid,NA,NA,NA,NA,NA,NA,NA
395,220302_Smp_RWi2_1,Amino Propanesulfonic Acid,NA,NA,NA,NA,NA,NA,NA
396,220302_Smp_RWi2_2,Amino Propanesulfonic Acid,NA,NA,NA,NA,NA,NA,NA
397,220302_Smp_RWi2_3,Amino Propanesulfonic Acid,NA,NA,NA,NA,NA,NA,NA
398,220302_Smp_RWi2_4,Amino Propanesulfonic Acid,NA,NA,NA,NA,NA,NA,NA
399,220302_Smp_RWi2_5,Amino Propanesulfonic Acid,NA,NA,NA,NA,NA,NA,NA
400,220302_Smp_RWi2_6,Amino Propanesulfonic Acid,NA,NA,NA,NA,NA,NA,NA
401,220302_Std_4uMStdsMix1InH2O_1,Adenosine monophosphate,NA,NA,NA,NA,NA,NA,NA
402,220302_Std_4uMStdsMix1InH2O_2,Adenosine monophosphate,NA,NA,NA,NA,NA,NA,NA
403,220302_Std_4uMStdsMix1InMatrix_1,Adenosine monophosphate,NA,NA,NA,NA,NA,NA,NA
404,220302_Std_4uMStdsMix1InMatrix_2,Adenosine monophosphate,NA,NA,NA,NA,NA,NA,NA
405,220302_Std_4uMStdsMix2InH2O_1,Adenosine monophosphate,11.15,123552648,0,7475463,1.9,NA,123552648
406,220302_Std_4uMStdsMix2InH2O_2,Adenosine monophosphate,10.36,255859392,0,12052832,2.2,NA,255859392
407,220302_Std_4uMStdsMix2InMatrix_1,Adenosine monophosphate,11.16,125694608,0,8240024,2.2,NA,125694608
408,220302_Std_4uMStdsMix2InMatrix_2,Adenosine monophosphate,10.43,256990576,0,13908610,2.5,NA,256990576
409,220302_Std_H2OinMatrix_1,Adenosine monophosphate,NA,NA,NA,NA,NA,NA,NA
410,220302_Std_H2OinMatrix_2,Adenosine monophosphate,NA,NA,NA,NA,NA,NA,NA
411,220302_Poo_TruePooBacteria_Full1,Adenosine monophosphate,NA,NA,NA,NA,NA,NA,NA
412,220302_Poo_TruePooBacteria_Full2,Adenosine monophosphate,NA,NA,NA,NA,NA,NA,NA
413,220302_Poo_TruePooBacteria_Full3,Adenosine monophosphate,NA,NA,NA,NA,NA,NA,NA
414,220302_Poo_TruePooBacteria_Half1,Adenosine monophosphate,NA,NA,NA,NA,NA,NA,NA
415,220302_Poo_TruePooBacteria_Half2,Adenosine monophosphate,NA,NA,NA,NA,NA,NA,NA
416,220302_Poo_TruePooBacteria_Half3,Adenosine monophosphate,NA,NA,NA,NA,NA,NA,NA
417,220302_Smp_MQBlk1_A,Adenosine monophosphate,NA,NA,NA,NA,NA,NA,NA
418,220302_Smp_MQBlk1_B,Adenosine monophosphate,NA,NA,NA,NA,NA,NA,NA
419,220302_Smp_MQBlk1_C,Adenosine monophosphate,NA,NA,NA,NA,NA,NA,NA
420,220302_Smp_MQBlk2_A,Adenosine monophosphate,NA,NA,NA,NA,NA,NA,NA
421,220302_Smp_MQBlk2_B,Adenosine monophosphate,NA,NA,NA,NA,NA,NA,NA
422,220302_Smp_MQBlk2_C,Adenosine monophosphate,NA,NA,NA,NA,NA,NA,NA
423,220302_Smp_MQBlk3_A,Adenosine monophosphate,NA,NA,NA,NA,NA,NA,NA
424,220302_Smp_MQBlk3_B,Adenosine monophosphate,NA,NA,NA,NA,NA,NA,NA
425,220302_Smp_MQBlk3_C,Adenosine monophosphate,NA,NA,NA,NA,NA,NA,NA
426,220302_Smp_SupernatBlk_1,Adenosine monophosphate,NA,NA,NA,NA,NA,NA,NA
427,220302_Smp_SupernatBlk_2,Adenosine monophosphate,NA,NA,NA,NA,NA,NA,NA
428,220302_Smp_SupernatBlk_3,Adenosine monophosphate,NA,NA,NA,NA,NA,NA,NA
429,220302_Smp_SWBlk_1,Adenosine monophosphate,NA,NA,NA,NA,NA,NA,NA
430,220302_Smp_SWBlk_2,Adenosine monophosphate,NA,NA,NA,NA,NA,NA,NA
431,220302_Smp_SWBlk_3,Adenosine monophosphate,NA,NA,NA,NA,NA,NA,NA
432,220302_Smp_OBi1_1,Adenosine monophosphate,NA,NA,NA,NA,NA,NA,NA
433,220302_Smp_OBi1_2,Adenosine monophosphate,NA,NA,NA,NA,NA,NA,NA
434,220302_Smp_OBi1_3,Adenosine monophosphate,NA,NA,NA,NA,NA,NA,NA
435,220302_Smp_OBi1_4,Adenosine monophosphate,NA,NA,NA,NA,NA,NA,NA
436,220302_Smp_OBi1_5,Adenosine monophosphate,NA,NA,NA,NA,NA,NA,NA
437,220302_Smp_OBi1_6,Adenosine monophosphate,NA,NA,NA,NA,NA,NA,NA
438,220302_Smp_OBi1_7,Adenosine monophosphate,NA,NA,NA,NA,NA,NA,NA
439,220302_Smp_OBi1_8,Adenosine monophosphate,NA,NA,NA,NA,NA,NA,NA
440,220302_Smp_OBi1_9,Adenosine monophosphate,NA,NA,NA,NA,NA,NA,NA
441,220302_Smp_OBi1small_1,Adenosine monophosphate,NA,NA,NA,NA,NA,NA,NA
442,220302_Smp_OBi1small_2,Adenosine monophosphate,NA,NA,NA,NA,NA,NA,NA
443,220302_Smp_OBi1small_3,Adenosine monophosphate,NA,NA,NA,NA,NA,NA,NA
444,220302_Smp_OBi1small_4,Adenosine monophosphate,NA,NA,NA,NA,NA,NA,NA
445,220302_Smp_RWi2_1,Adenosine monophosphate,NA,NA,NA,NA,NA,NA,NA
446,220302_Smp_RWi2_2,Adenosine monophosphate,NA,NA,NA,NA,NA,NA,NA
447,220302_Smp_RWi2_3,Adenosine monophosphate,NA,NA,NA,NA,NA,NA,NA
448,220302_Smp_RWi2_4,Adenosine monophosphate,NA,NA,NA,NA,NA,NA,NA
449,220302_Smp_RWi2_5,Adenosine monophosphate,NA,NA,NA,NA,NA,NA,NA
450,220302_Smp_RWi2_6,Adenosine monophosphate,NA,NA,NA,NA,NA,NA,NA
451,220302_Std_4uMStdsMix1InH2O_1,Adenosine triphosphate,NA,NA,NA,NA,NA,NA,NA
452,220302_Std_4uMStdsMix1InH2O_2,Adenosine triphosphate,NA,NA,NA,NA,NA,NA,NA
453,220302_Std_4uMStdsMix1InMatrix_1,Adenosine triphosphate,NA,NA,NA,NA,NA,NA,NA
454,220302_Std_4uMStdsMix1InMatrix_2,Adenosine triphosphate,NA,NA,NA,NA,NA,NA,NA
455,220302_Std_4uMStdsMix2InH2O_1,Adenosine triphosphate,13.66,5825395,0,458816,0.9,NA,5825395
456,220302_Std_4uMStdsMix2InH2O_2,Adenosine triphosphate,13.38,34323228,0,2007413,1.4,NA,34323228
457,220302_Std_4uMStdsMix2InMatrix_1,Adenosine triphosphate,13.75,4708479,0,390672,1.5,NA,4708479
458,220302_Std_4uMStdsMix2InMatrix_2,Adenosine triphosphate,13.46,34405692,0,1863921,2,NA,34405692
459,220302_Std_H2OinMatrix_1,Adenosine triphosphate,NA,NA,NA,NA,NA,NA,NA
460,220302_Std_H2OinMatrix_2,Adenosine triphosphate,NA,NA,NA,NA,NA,NA,NA
461,220302_Poo_TruePooBacteria_Full1,Adenosine triphosphate,NA,NA,NA,NA,NA,NA,NA
462,220302_Poo_TruePooBacteria_Full2,Adenosine triphosphate,NA,NA,NA,NA,NA,NA,NA
463,220302_Poo_TruePooBacteria_Full3,Adenosine triphosphate,NA,NA,NA,NA,NA,NA,NA
464,220302_Poo_TruePooBacteria_Half1,Adenosine triphosphate,NA,NA,NA,NA,NA,NA,NA
465,220302_Poo_TruePooBacteria_Half2,Adenosine triphosphate,NA,NA,NA,NA,NA,NA,NA
466,220302_Poo_TruePooBacteria_Half3,Adenosine triphosphate,NA,NA,NA,NA,NA,NA,NA
467,220302_Smp_MQBlk1_A,Adenosine triphosphate,NA,NA,NA,NA,NA,NA,NA
468,220302_Smp_MQBlk1_B,Adenosine triphosphate,NA,NA,NA,NA,NA,NA,NA
469,220302_Smp_MQBlk1_C,Adenosine triphosphate,NA,NA,NA,NA,NA,NA,NA
470,220302_Smp_MQBlk2_A,Adenosine triphosphate,NA,NA,NA,NA,NA,NA,NA
471,220302_Smp_MQBlk2_B,Adenosine triphosphate,NA,NA,NA,NA,NA,NA,NA
472,220302_Smp_MQBlk2_C,Adenosine triphosphate,NA,NA,NA,NA,NA,NA,NA
473,220302_Smp_MQBlk3_A,Adenosine triphosphate,NA,NA,NA,NA,NA,NA,NA
474,220302_Smp_MQBlk3_B,Adenosine triphosphate,NA,NA,NA,NA,NA,NA,NA
475,220302_Smp_MQBlk3_C,Adenosine triphosphate,NA,NA,NA,NA,NA,NA,NA
476,220302_Smp_SupernatBlk_1,Adenosine triphosphate,NA,NA,NA,NA,NA,NA,NA
477,220302_Smp_SupernatBlk_2,Adenosine triphosphate,NA,NA,NA,NA,NA,NA,NA
478,220302_Smp_SupernatBlk_3,Adenosine triphosphate,NA,NA,NA,NA,NA,NA,NA
479,220302_Smp_SWBlk_1,Adenosine triphosphate,NA,NA,NA,NA,NA,NA,NA
480,220302_Smp_SWBlk_2,Adenosine triphosphate,NA,NA,NA,NA,NA,NA,NA
481,220302_Smp_SWBlk_3,Adenosine triphosphate,NA,NA,NA,NA,NA,NA,NA
482,220302_Smp_OBi1_1,Adenosine triphosphate,NA,NA,NA,NA,NA,NA,NA
483,220302_Smp_OBi1_2,Adenosine triphosphate,NA,NA,NA,NA,NA,NA,NA
484,220302_Smp_OBi1_3,Adenosine triphosphate,NA,NA,NA,NA,NA,NA,NA
485,220302_Smp_OBi1_4,Adenosine triphosphate,NA,NA,NA,NA,NA,NA,NA
486,220302_Smp_OBi1_5,Adenosine triphosphate,NA,NA,NA,NA,NA,NA,NA
487,220302_Smp_OBi1_6,Adenosine triphosphate,NA,NA,NA,NA,NA,NA,NA
488,220302_Smp_OBi1_7,Adenosine triphosphate,NA,NA,NA,NA,NA,NA,NA
489,220302_Smp_OBi1_8,Adenosine triphosphate,NA,NA,NA,NA,NA,NA,NA
490,220302_Smp_OBi1_9,Adenosine triphosphate,NA,NA,NA,NA,NA,NA,NA
491,220302_Smp_OBi1small_1,Adenosine triphosphate,NA,NA,NA,NA,NA,NA,NA
492,220302_Smp_OBi1small_2,Adenosine triphosphate,NA,NA,NA,NA,NA,NA,NA
493,220302_Smp_OBi1small_3,Adenosine triphosphate,NA,NA,NA,NA,NA,NA,NA
494,220302_Smp_OBi1small_4,Adenosine triphosphate,NA,NA,NA,NA,NA,NA,NA
495,220302_Smp_RWi2_1,Adenosine triphosphate,NA,NA,NA,NA,NA,NA,NA
496,220302_Smp_RWi2_2,Adenosine triphosphate,NA,NA,NA,NA,NA,NA,NA
497,220302_Smp_RWi2_3,Adenosine triphosphate,NA,NA,NA,NA,NA,NA,NA
498,220302_Smp_RWi2_4,Adenosine triphosphate,NA,NA,NA,NA,NA,NA,NA
499,220302_Smp_RWi2_5,Adenosine triphosphate,NA,NA,NA,NA,NA,NA,NA
500,220302_Smp_RWi2_6,Adenosine triphosphate,NA,NA,NA,NA,NA,NA,NA
501,220302_Std_4uMStdsMix1InH2O_1,Butyrylglycine,2.4,684569920,0,26677084,-2,NA,684569920
502,220302_Std_4uMStdsMix1InH2O_2,Butyrylglycine,2.25,1015747840,0,345306336,-1.8,NA,1015747840
503,220302_Std_4uMStdsMix1InMatrix_1,Butyrylglycine,2.33,809416320,0,29788776,-1.8,NA,809416320
504,220302_Std_4uMStdsMix1InMatrix_2,Butyrylglycine,2.23,1000550208,0,295592768,-1.6,NA,1000550208
505,220302_Std_4uMStdsMix2InH2O_1,Butyrylglycine,NA,NA,NA,NA,NA,NA,NA
506,220302_Std_4uMStdsMix2InH2O_2,Butyrylglycine,NA,NA,NA,NA,NA,NA,NA
507,220302_Std_4uMStdsMix2InMatrix_1,Butyrylglycine,NA,NA,NA,NA,NA,NA,NA
508,220302_Std_4uMStdsMix2InMatrix_2,Butyrylglycine,NA,NA,NA,NA,NA,NA,NA
509,220302_Std_H2OinMatrix_1,Butyrylglycine,NA,NA,NA,NA,NA,NA,NA
510,220302_Std_H2OinMatrix_2,Butyrylglycine,NA,NA,NA,NA,NA,NA,NA
511,220302_Poo_TruePooBacteria_Full1,Butyrylglycine,NA,NA,NA,NA,NA,NA,NA
512,220302_Poo_TruePooBacteria_Full2,Butyrylglycine,2.96,105190,0,107957,-0.2,blank_flag,NA
513,220302_Poo_TruePooBacteria_Full3,Butyrylglycine,2.23,189987,0,153199,-0.1,blank_flag,NA
514,220302_Poo_TruePooBacteria_Half1,Butyrylglycine,NA,NA,NA,NA,NA,NA,NA
515,220302_Poo_TruePooBacteria_Half2,Butyrylglycine,NA,NA,NA,NA,NA,NA,NA
516,220302_Poo_TruePooBacteria_Half3,Butyrylglycine,NA,NA,NA,NA,NA,NA,NA
517,220302_Smp_MQBlk1_A,Butyrylglycine,2.42,193194,0,151735,-0.4,blank_flag,NA
518,220302_Smp_MQBlk1_B,Butyrylglycine,2.57,117597,0,69403,-1.7,blank_flag,NA
519,220302_Smp_MQBlk1_C,Butyrylglycine,3.16,129299,0,72340,-0.1,blank_flag,NA
520,220302_Smp_MQBlk2_A,Butyrylglycine,3.1,134063,0,89361,-0.4,blank_flag,NA
521,220302_Smp_MQBlk2_B,Butyrylglycine,2.26,157397,0,124422,0.5,blank_flag,NA
522,220302_Smp_MQBlk2_C,Butyrylglycine,2.88,NA,0,0,NA,NA,NA
523,220302_Smp_MQBlk3_A,Butyrylglycine,2.82,NA,0,0,NA,NA,NA
524,220302_Smp_MQBlk3_B,Butyrylglycine,2.28,158702,0,95329,-0.9,blank_flag,NA
525,220302_Smp_MQBlk3_C,Butyrylglycine,2.76,NA,0,0,NA,NA,NA
526,220302_Smp_SupernatBlk_1,Butyrylglycine,3.03,126093,0,98915,-0.4,blank_flag,NA
527,220302_Smp_SupernatBlk_2,Butyrylglycine,NA,NA,NA,NA,NA,NA,NA
528,220302_Smp_SupernatBlk_3,Butyrylglycine,NA,NA,NA,NA,NA,NA,NA
529,220302_Smp_SWBlk_1,Butyrylglycine,3.17,105439,0,76263,0.5,blank_flag,NA
530,220302_Smp_SWBlk_2,Butyrylglycine,2.32,125378,0,78576,-1,blank_flag,NA
531,220302_Smp_SWBlk_3,Butyrylglycine,2.84,139733,0,140357,0.4,blank_flag,NA
532,220302_Smp_OBi1_1,Butyrylglycine,2.81,128295,0,74306,-0.8,blank_flag,NA
533,220302_Smp_OBi1_2,Butyrylglycine,3.13,184635,0,165553,-0.1,blank_flag,NA
534,220302_Smp_OBi1_3,Butyrylglycine,2.07,126464,0,120164,-0.3,blank_flag,NA
535,220302_Smp_OBi1_4,Butyrylglycine,2.62,109787,0,99527,0.2,blank_flag,NA
536,220302_Smp_OBi1_5,Butyrylglycine,NA,NA,NA,NA,NA,NA,NA
537,220302_Smp_OBi1_6,Butyrylglycine,2.89,113634,0,104662,-0.5,blank_flag,NA
538,220302_Smp_OBi1_7,Butyrylglycine,2.99,134984,0,136508,0.1,blank_flag,NA
539,220302_Smp_OBi1_8,Butyrylglycine,2.38,221296,0,218398,-0.8,blank_flag,NA
540,220302_Smp_OBi1_9,Butyrylglycine,NA,NA,NA,NA,NA,NA,NA
541,220302_Smp_OBi1small_1,Butyrylglycine,3.8,99503,0,94013,-0.7,blank_flag,NA
542,220302_Smp_OBi1small_2,Butyrylglycine,2.56,173680,0,137957,-0.4,blank_flag,NA
543,220302_Smp_OBi1small_3,Butyrylglycine,2.19,118171,0,122280,-0.9,blank_flag,NA
544,220302_Smp_OBi1small_4,Butyrylglycine,3.48,96641,0,66940,0.8,blank_flag,NA
545,220302_Smp_RWi2_1,Butyrylglycine,NA,NA,NA,NA,NA,NA,NA
546,220302_Smp_RWi2_2,Butyrylglycine,NA,NA,NA,NA,NA,NA,NA
547,220302_Smp_RWi2_3,Butyrylglycine,2.82,116838,0,72266,-1.7,blank_flag,NA
548,220302_Smp_RWi2_4,Butyrylglycine,3.15,92300,0,96184,1.4,blank_flag,NA
549,220302_Smp_RWi2_5,Butyrylglycine,3.12,132745,0,92867,-0.5,blank_flag,NA
550,220302_Smp_RWi2_6,Butyrylglycine,NA,NA,NA,NA,NA,NA,NA
551,220302_Std_4uMStdsMix1InH2O_1,"3',5'-Cyclic AMP",NA,NA,NA,NA,NA,NA,NA
552,220302_Std_4uMStdsMix1InH2O_2,"3',5'-Cyclic AMP",NA,NA,NA,NA,NA,NA,NA
553,220302_Std_4uMStdsMix1InMatrix_1,"3',5'-Cyclic AMP",NA,NA,NA,NA,NA,NA,NA
554,220302_Std_4uMStdsMix1InMatrix_2,"3',5'-Cyclic AMP",NA,NA,NA,NA,NA,NA,NA
555,220302_Std_4uMStdsMix2InH2O_1,"3',5'-Cyclic AMP",6.7,702238912,0,23951070,1.9,NA,702238912
556,220302_Std_4uMStdsMix2InH2O_2,"3',5'-Cyclic AMP",5.36,1346236160,0,28349720,2,NA,1346236160
557,220302_Std_4uMStdsMix2InMatrix_1,"3',5'-Cyclic AMP",7.05,579399680,0,24487770,2.2,NA,579399680
558,220302_Std_4uMStdsMix2InMatrix_2,"3',5'-Cyclic AMP",6.14,1137587712,53249088,23773994,2.1,NA,1137587712
559,220302_Std_H2OinMatrix_1,"3',5'-Cyclic AMP",NA,NA,NA,NA,NA,NA,NA
560,220302_Std_H2OinMatrix_2,"3',5'-Cyclic AMP",NA,NA,NA,NA,NA,NA,NA
561,220302_Poo_TruePooBacteria_Full1,"3',5'-Cyclic AMP",NA,NA,NA,NA,NA,NA,NA
562,220302_Poo_TruePooBacteria_Full2,"3',5'-Cyclic AMP",NA,NA,NA,NA,NA,NA,NA
563,220302_Poo_TruePooBacteria_Full3,"3',5'-Cyclic AMP",NA,NA,NA,NA,NA,NA,NA
564,220302_Poo_TruePooBacteria_Half1,"3',5'-Cyclic AMP",NA,NA,NA,NA,NA,NA,NA
565,220302_Poo_TruePooBacteria_Half2,"3',5'-Cyclic AMP",NA,NA,NA,NA,NA,NA,NA
566,220302_Poo_TruePooBacteria_Half3,"3',5'-Cyclic AMP",NA,NA,NA,NA,NA,NA,NA
567,220302_Smp_MQBlk1_A,"3',5'-Cyclic AMP",NA,NA,NA,NA,NA,NA,NA
568,220302_Smp_MQBlk1_B,"3',5'-Cyclic AMP",NA,NA,NA,NA,NA,NA,NA
569,220302_Smp_MQBlk1_C,"3',5'-Cyclic AMP",NA,NA,NA,NA,NA,NA,NA
570,220302_Smp_MQBlk2_A,"3',5'-Cyclic AMP",NA,NA,NA,NA,NA,NA,NA
571,220302_Smp_MQBlk2_B,"3',5'-Cyclic AMP",NA,NA,NA,NA,NA,NA,NA
572,220302_Smp_MQBlk2_C,"3',5'-Cyclic AMP",NA,NA,NA,NA,NA,NA,NA
573,220302_Smp_MQBlk3_A,"3',5'-Cyclic AMP",NA,NA,NA,NA,NA,NA,NA
574,220302_Smp_MQBlk3_B,"3',5'-Cyclic AMP",NA,NA,NA,NA,NA,NA,NA
575,220302_Smp_MQBlk3_C,"3',5'-Cyclic AMP",NA,NA,NA,NA,NA,NA,NA
576,220302_Smp_SupernatBlk_1,"3',5'-Cyclic AMP",NA,NA,NA,NA,NA,NA,NA
577,220302_Smp_SupernatBlk_2,"3',5'-Cyclic AMP",NA,NA,NA,NA,NA,NA,NA
578,220302_Smp_SupernatBlk_3,"3',5'-Cyclic AMP",NA,NA,NA,NA,NA,NA,NA
579,220302_Smp_SWBlk_1,"3',5'-Cyclic AMP",NA,NA,NA,NA,NA,NA,NA
580,220302_Smp_SWBlk_2,"3',5'-Cyclic AMP",NA,NA,NA,NA,NA,NA,NA
581,220302_Smp_SWBlk_3,"3',5'-Cyclic AMP",NA,NA,NA,NA,NA,NA,NA
582,220302_Smp_OBi1_1,"3',5'-Cyclic AMP",NA,NA,NA,NA,NA,NA,NA
583,220302_Smp_OBi1_2,"3',5'-Cyclic AMP",NA,NA,NA,NA,NA,NA,NA
584,220302_Smp_OBi1_3,"3',5'-Cyclic AMP",NA,NA,NA,NA,NA,NA,NA
585,220302_Smp_OBi1_4,"3',5'-Cyclic AMP",NA,NA,NA,NA,NA,NA,NA
586,220302_Smp_OBi1_5,"3',5'-Cyclic AMP",NA,NA,NA,NA,NA,NA,NA
587,220302_Smp_OBi1_6,"3',5'-Cyclic AMP",NA,NA,NA,NA,NA,NA,NA
588,220302_Smp_OBi1_7,"3',5'-Cyclic AMP",NA,NA,NA,NA,NA,NA,NA
589,220302_Smp_OBi1_8,"3',5'-Cyclic AMP",NA,NA,NA,NA,NA,NA,NA
590,220302_Smp_OBi1_9,"3',5'-Cyclic AMP",NA,NA,NA,NA,NA,NA,NA
591,220302_Smp_OBi1small_1,"3',5'-Cyclic AMP",NA,NA,NA,NA,NA,NA,NA
592,220302_Smp_OBi1small_2,"3',5'-Cyclic AMP",NA,NA,NA,NA,NA,NA,NA
593,220302_Smp_OBi1small_3,"3',5'-Cyclic AMP",NA,NA,NA,NA,NA,NA,NA
594,220302_Smp_OBi1small_4,"3',5'-Cyclic AMP",NA,NA,NA,NA,NA,NA,NA
595,220302_Smp_RWi2_1,"3',5'-Cyclic AMP",NA,NA,NA,NA,NA,NA,NA
596,220302_Smp_RWi2_2,"3',5'-Cyclic AMP",NA,NA,NA,NA,NA,NA,NA
597,220302_Smp_RWi2_3,"3',5'-Cyclic AMP",NA,NA,NA,NA,NA,NA,NA
598,220302_Smp_RWi2_4,"3',5'-Cyclic AMP",NA,NA,NA,NA,NA,NA,NA
599,220302_Smp_RWi2_5,"3',5'-Cyclic AMP",NA,NA,NA,NA,NA,NA,NA
600,220302_Smp_RWi2_6,"3',5'-Cyclic AMP",NA,NA,NA,NA,NA,NA,NA
601,220302_Std_4uMStdsMix1InH2O_1,"3',5'-Cyclic GMP",NA,NA,NA,NA,NA,NA,NA
602,220302_Std_4uMStdsMix1InH2O_2,"3',5'-Cyclic GMP",NA,NA,NA,NA,NA,NA,NA
603,220302_Std_4uMStdsMix1InMatrix_1,"3',5'-Cyclic GMP",NA,NA,NA,NA,NA,NA,NA
604,220302_Std_4uMStdsMix1InMatrix_2,"3',5'-Cyclic GMP",NA,NA,NA,NA,NA,NA,NA
605,220302_Std_4uMStdsMix2InH2O_1,"3',5'-Cyclic GMP",9.95,260138576,0,21135136,1.7,NA,260138576
606,220302_Std_4uMStdsMix2InH2O_2,"3',5'-Cyclic GMP",9.17,507120896,0,42960516,1.9,NA,507120896
607,220302_Std_4uMStdsMix2InMatrix_1,"3',5'-Cyclic GMP",9.98,241935136,0,20004844,2,NA,241935136
608,220302_Std_4uMStdsMix2InMatrix_2,"3',5'-Cyclic GMP",9.22,496957152,6425622,42489356,1.9,NA,496957152
609,220302_Std_H2OinMatrix_1,"3',5'-Cyclic GMP",NA,NA,NA,NA,NA,NA,NA
610,220302_Std_H2OinMatrix_2,"3',5'-Cyclic GMP",NA,NA,NA,NA,NA,NA,NA
611,220302_Poo_TruePooBacteria_Full1,"3',5'-Cyclic GMP",NA,NA,NA,NA,NA,NA,NA
612,220302_Poo_TruePooBacteria_Full2,"3',5'-Cyclic GMP",NA,NA,NA,NA,NA,NA,NA
613,220302_Poo_TruePooBacteria_Full3,"3',5'-Cyclic GMP",NA,NA,NA,NA,NA,NA,NA
614,220302_Poo_TruePooBacteria_Half1,"3',5'-Cyclic GMP",NA,NA,NA,NA,NA,NA,NA
615,220302_Poo_TruePooBacteria_Half2,"3',5'-Cyclic GMP",NA,NA,NA,NA,NA,NA,NA
616,220302_Poo_TruePooBacteria_Half3,"3',5'-Cyclic GMP",NA,NA,NA,NA,NA,NA,NA
617,220302_Smp_MQBlk1_A,"3',5'-Cyclic GMP",NA,NA,NA,NA,NA,NA,NA
618,220302_Smp_MQBlk1_B,"3',5'-Cyclic GMP",NA,NA,NA,NA,NA,NA,NA
619,220302_Smp_MQBlk1_C,"3',5'-Cyclic GMP",NA,NA,NA,NA,NA,NA,NA
620,220302_Smp_MQBlk2_A,"3',5'-Cyclic GMP",NA,NA,NA,NA,NA,NA,NA
621,220302_Smp_MQBlk2_B,"3',5'-Cyclic GMP",NA,NA,NA,NA,NA,NA,NA
622,220302_Smp_MQBlk2_C,"3',5'-Cyclic GMP",NA,NA,NA,NA,NA,NA,NA
623,220302_Smp_MQBlk3_A,"3',5'-Cyclic GMP",NA,NA,NA,NA,NA,NA,NA
624,220302_Smp_MQBlk3_B,"3',5'-Cyclic GMP",NA,NA,NA,NA,NA,NA,NA
625,220302_Smp_MQBlk3_C,"3',5'-Cyclic GMP",NA,NA,NA,NA,NA,NA,NA
626,220302_Smp_SupernatBlk_1,"3',5'-Cyclic GMP",NA,NA,NA,NA,NA,NA,NA
627,220302_Smp_SupernatBlk_2,"3',5'-Cyclic GMP",NA,NA,NA,NA,NA,NA,NA
628,220302_Smp_SupernatBlk_3,"3',5'-Cyclic GMP",NA,NA,NA,NA,NA,NA,NA
629,220302_Smp_SWBlk_1,"3',5'-Cyclic GMP",NA,NA,NA,NA,NA,NA,NA
630,220302_Smp_SWBlk_2,"3',5'-Cyclic GMP",NA,NA,NA,NA,NA,NA,NA
631,220302_Smp_SWBlk_3,"3',5'-Cyclic GMP",NA,NA,NA,NA,NA,NA,NA
632,220302_Smp_OBi1_1,"3',5'-Cyclic GMP",NA,NA,NA,NA,NA,NA,NA
633,220302_Smp_OBi1_2,"3',5'-Cyclic GMP",NA,NA,NA,NA,NA,NA,NA
634,220302_Smp_OBi1_3,"3',5'-Cyclic GMP",NA,NA,NA,NA,NA,NA,NA
635,220302_Smp_OBi1_4,"3',5'-Cyclic GMP",NA,NA,NA,NA,NA,NA,NA
636,220302_Smp_OBi1_5,"3',5'-Cyclic GMP",NA,NA,NA,NA,NA,NA,NA
637,220302_Smp_OBi1_6,"3',5'-Cyclic GMP",NA,NA,NA,NA,NA,NA,NA
638,220302_Smp_OBi1_7,"3',5'-Cyclic GMP",NA,NA,NA,NA,NA,NA,NA
639,220302_Smp_OBi1_8,"3',5'-Cyclic GMP",NA,NA,NA,NA,NA,NA,NA
640,220302_Smp_OBi1_9,"3',5'-Cyclic GMP",NA,NA,NA,NA,NA,NA,NA
641,220302_Smp_OBi1small_1,"3',5'-Cyclic GMP",NA,NA,NA,NA,NA,NA,NA
642,220302_Smp_OBi1small_2,"3',5'-Cyclic GMP",NA,NA,NA,NA,NA,NA,NA
643,220302_Smp_OBi1small_3,"3',5'-Cyclic GMP",NA,NA,NA,NA,NA,NA,NA
644,220302_Smp_OBi1small_4,"3',5'-Cyclic GMP",NA,NA,NA,NA,NA,NA,NA
645,220302_Smp_RWi2_1,"3',5'-Cyclic GMP",NA,NA,NA,NA,NA,NA,NA
646,220302_Smp_RWi2_2,"3',5'-Cyclic GMP",NA,NA,NA,NA,NA,NA,NA
647,220302_Smp_RWi2_3,"3',5'-Cyclic GMP",NA,NA,NA,NA,NA,NA,NA
648,220302_Smp_RWi2_4,"3',5'-Cyclic GMP",NA,NA,NA,NA,NA,NA,NA
649,220302_Smp_RWi2_5,"3',5'-Cyclic GMP",NA,NA,NA,NA,NA,NA,NA
650,220302_Smp_RWi2_6,"3',5'-Cyclic GMP",NA,NA,NA,NA,NA,NA,NA
651,220302_Std_4uMStdsMix1InH2O_1,Citric acid,15.01,167104832,1208100,12407179,-0.6,NA,167104832
652,220302_Std_4uMStdsMix1InH2O_2,Citric acid,14.87,598548480,5957822,39747180,0.7,NA,598548480
653,220302_Std_4uMStdsMix1InMatrix_1,Citric acid,15.03,158105584,315865,11501846,-0.2,NA,158105584
654,220302_Std_4uMStdsMix1InMatrix_2,Citric acid,14.91,523572928,10606733,38933176,0.8,NA,523572928
655,220302_Std_4uMStdsMix2InH2O_1,Citric acid,14.28,135866608,0,9810446,-0.4,NA,135866608
656,220302_Std_4uMStdsMix2InH2O_2,Citric acid,14.43,491027776,4628479,29324464,0.6,NA,491027776
657,220302_Std_4uMStdsMix2InMatrix_1,Citric acid,14.32,145254288,0,20648282,-0.1,NA,145254288
658,220302_Std_4uMStdsMix2InMatrix_2,Citric acid,14.49,394155584,13405971,24137580,1,NA,394155584
659,220302_Std_H2OinMatrix_1,Citric acid,NA,NA,NA,NA,NA,NA,NA
660,220302_Std_H2OinMatrix_2,Citric acid,15.08,111880,0,103820,4.7,blank_flag,NA
661,220302_Poo_TruePooBacteria_Full1,Citric acid,NA,NA,NA,NA,NA,NA,NA
662,220302_Poo_TruePooBacteria_Full2,Citric acid,NA,NA,NA,NA,NA,NA,NA
663,220302_Poo_TruePooBacteria_Full3,Citric acid,15.21,106766,0,75305,2.2,blank_flag,NA
664,220302_Poo_TruePooBacteria_Half1,Citric acid,NA,NA,NA,NA,NA,NA,NA
665,220302_Poo_TruePooBacteria_Half2,Citric acid,NA,NA,NA,NA,NA,NA,NA
666,220302_Poo_TruePooBacteria_Half3,Citric acid,NA,NA,NA,NA,NA,NA,NA
667,220302_Smp_MQBlk1_A,Citric acid,15.97,140716,0,104181,1.8,blank_flag,NA
668,220302_Smp_MQBlk1_B,Citric acid,15.49,108595,0,70602,1,blank_flag,NA
669,220302_Smp_MQBlk1_C,Citric acid,15.34,NA,0,0,NA,NA,NA
670,220302_Smp_MQBlk2_A,Citric acid,15.33,NA,0,0,NA,NA,NA
671,220302_Smp_MQBlk2_B,Citric acid,14.83,NA,0,0,NA,NA,NA
672,220302_Smp_MQBlk2_C,Citric acid,15.57,NA,0,0,NA,NA,NA
673,220302_Smp_MQBlk3_A,Citric acid,15.75,191412,0,196649,1,blank_flag,NA
674,220302_Smp_MQBlk3_B,Citric acid,15.11,147195,0,142328,0.8,blank_flag,NA
675,220302_Smp_MQBlk3_C,Citric acid,15.47,119026,0,77639,0.1,blank_flag,NA
676,220302_Smp_SupernatBlk_1,Citric acid,NA,NA,NA,NA,NA,NA,NA
677,220302_Smp_SupernatBlk_2,Citric acid,NA,NA,NA,NA,NA,NA,NA
678,220302_Smp_SupernatBlk_3,Citric acid,14.84,111235,0,72037,-0.5,blank_flag,NA
679,220302_Smp_SWBlk_1,Citric acid,NA,NA,NA,NA,NA,NA,NA
680,220302_Smp_SWBlk_2,Citric acid,NA,NA,NA,NA,NA,NA,NA
681,220302_Smp_SWBlk_3,Citric acid,NA,NA,NA,NA,NA,NA,NA
682,220302_Smp_OBi1_1,Citric acid,15.61,81724,0,50377,-1.3,blank_flag,NA
683,220302_Smp_OBi1_2,Citric acid,NA,NA,NA,NA,NA,NA,NA
684,220302_Smp_OBi1_3,Citric acid,15.52,123512,0,88415,0.7,blank_flag,NA
685,220302_Smp_OBi1_4,Citric acid,15.66,122739,0,103300,-0.6,blank_flag,NA
686,220302_Smp_OBi1_5,Citric acid,NA,NA,NA,NA,NA,NA,NA
687,220302_Smp_OBi1_6,Citric acid,NA,NA,NA,NA,NA,NA,NA
688,220302_Smp_OBi1_7,Citric acid,NA,NA,NA,NA,NA,NA,NA
689,220302_Smp_OBi1_8,Citric acid,NA,NA,NA,NA,NA,NA,NA
690,220302_Smp_OBi1_9,Citric acid,15.6,129013,0,77501,1.4,blank_flag,NA
691,220302_Smp_OBi1small_1,Citric acid,NA,NA,NA,NA,NA,NA,NA
692,220302_Smp_OBi1small_2,Citric acid,NA,NA,NA,NA,NA,NA,NA
693,220302_Smp_OBi1small_3,Citric acid,NA,NA,NA,NA,NA,NA,NA
694,220302_Smp_OBi1small_4,Citric acid,15.69,110257,0,81732,0.5,blank_flag,NA
695,220302_Smp_RWi2_1,Citric acid,NA,NA,NA,NA,NA,NA,NA
696,220302_Smp_RWi2_2,Citric acid,NA,NA,NA,NA,NA,NA,NA
697,220302_Smp_RWi2_3,Citric acid,NA,NA,NA,NA,NA,NA,NA
698,220302_Smp_RWi2_4,Citric acid,16.11,120632,0,76300,0,blank_flag,NA
699,220302_Smp_RWi2_5,Citric acid,NA,NA,NA,NA,NA,NA,NA
700,220302_Smp_RWi2_6,Citric acid,NA,NA,NA,NA,NA,NA,NA
701,220302_Std_4uMStdsMix1InH2O_1,"3',5'-Cyclic diGMP",NA,NA,NA,NA,NA,NA,NA
702,220302_Std_4uMStdsMix1InH2O_2,"3',5'-Cyclic diGMP",NA,NA,NA,NA,NA,NA,NA
703,220302_Std_4uMStdsMix1InMatrix_1,"3',5'-Cyclic diGMP",NA,NA,NA,NA,NA,NA,NA
704,220302_Std_4uMStdsMix1InMatrix_2,"3',5'-Cyclic diGMP",NA,NA,NA,NA,NA,NA,NA
705,220302_Std_4uMStdsMix2InH2O_1,"3',5'-Cyclic diGMP",14.15,58880040,0,4335383,1.2,NA,58880040
706,220302_Std_4uMStdsMix2InH2O_2,"3',5'-Cyclic diGMP",13.85,122698280,0,8598507,2.2,NA,122698280
707,220302_Std_4uMStdsMix2InMatrix_1,"3',5'-Cyclic diGMP",14.17,55527868,0,4332120,1.3,NA,55527868
708,220302_Std_4uMStdsMix2InMatrix_2,"3',5'-Cyclic diGMP",13.85,107615144,0,7909132,2.6,NA,107615144
709,220302_Std_H2OinMatrix_1,"3',5'-Cyclic diGMP",NA,NA,NA,NA,NA,NA,NA
710,220302_Std_H2OinMatrix_2,"3',5'-Cyclic diGMP",NA,NA,NA,NA,NA,NA,NA
711,220302_Poo_TruePooBacteria_Full1,"3',5'-Cyclic diGMP",NA,NA,NA,NA,NA,NA,NA
712,220302_Poo_TruePooBacteria_Full2,"3',5'-Cyclic diGMP",NA,NA,NA,NA,NA,NA,NA
713,220302_Poo_TruePooBacteria_Full3,"3',5'-Cyclic diGMP",NA,NA,NA,NA,NA,NA,NA
714,220302_Poo_TruePooBacteria_Half1,"3',5'-Cyclic diGMP",NA,NA,NA,NA,NA,NA,NA
715,220302_Poo_TruePooBacteria_Half2,"3',5'-Cyclic diGMP",NA,NA,NA,NA,NA,NA,NA
716,220302_Poo_TruePooBacteria_Half3,"3',5'-Cyclic diGMP",NA,NA,NA,NA,NA,NA,NA
717,220302_Smp_MQBlk1_A,"3',5'-Cyclic diGMP",NA,NA,NA,NA,NA,NA,NA
718,220302_Smp_MQBlk1_B,"3',5'-Cyclic diGMP",NA,NA,NA,NA,NA,NA,NA
719,220302_Smp_MQBlk1_C,"3',5'-Cyclic diGMP",NA,NA,NA,NA,NA,NA,NA
720,220302_Smp_MQBlk2_A,"3',5'-Cyclic diGMP",NA,NA,NA,NA,NA,NA,NA
721,220302_Smp_MQBlk2_B,"3',5'-Cyclic diGMP",NA,NA,NA,NA,NA,NA,NA
722,220302_Smp_MQBlk2_C,"3',5'-Cyclic diGMP",NA,NA,NA,NA,NA,NA,NA
723,220302_Smp_MQBlk3_A,"3',5'-Cyclic diGMP",NA,NA,NA,NA,NA,NA,NA
724,220302_Smp_MQBlk3_B,"3',5'-Cyclic diGMP",NA,NA,NA,NA,NA,NA,NA
725,220302_Smp_MQBlk3_C,"3',5'-Cyclic diGMP",NA,NA,NA,NA,NA,NA,NA
726,220302_Smp_SupernatBlk_1,"3',5'-Cyclic diGMP",NA,NA,NA,NA,NA,NA,NA
727,220302_Smp_SupernatBlk_2,"3',5'-Cyclic diGMP",NA,NA,NA,NA,NA,NA,NA
728,220302_Smp_SupernatBlk_3,"3',5'-Cyclic diGMP",NA,NA,NA,NA,NA,NA,NA
729,220302_Smp_SWBlk_1,"3',5'-Cyclic diGMP",NA,NA,NA,NA,NA,NA,NA
730,220302_Smp_SWBlk_2,"3',5'-Cyclic diGMP",NA,NA,NA,NA,NA,NA,NA
731,220302_Smp_SWBlk_3,"3',5'-Cyclic diGMP",NA,NA,NA,NA,NA,NA,NA
732,220302_Smp_OBi1_1,"3',5'-Cyclic diGMP",NA,NA,NA,NA,NA,NA,NA
733,220302_Smp_OBi1_2,"3',5'-Cyclic diGMP",NA,NA,NA,NA,NA,NA,NA
734,220302_Smp_OBi1_3,"3',5'-Cyclic diGMP",NA,NA,NA,NA,NA,NA,NA
735,220302_Smp_OBi1_4,"3',5'-Cyclic diGMP",NA,NA,NA,NA,NA,NA,NA
736,220302_Smp_OBi1_5,"3',5'-Cyclic diGMP",NA,NA,NA,NA,NA,NA,NA
737,220302_Smp_OBi1_6,"3',5'-Cyclic diGMP",NA,NA,NA,NA,NA,NA,NA
738,220302_Smp_OBi1_7,"3',5'-Cyclic diGMP",NA,NA,NA,NA,NA,NA,NA
739,220302_Smp_OBi1_8,"3',5'-Cyclic diGMP",NA,NA,NA,NA,NA,NA,NA
740,220302_Smp_OBi1_9,"3',5'-Cyclic diGMP",NA,NA,NA,NA,NA,NA,NA
741,220302_Smp_OBi1small_1,"3',5'-Cyclic diGMP",NA,NA,NA,NA,NA,NA,NA
742,220302_Smp_OBi1small_2,"3',5'-Cyclic diGMP",NA,NA,NA,NA,NA,NA,NA
743,220302_Smp_OBi1small_3,"3',5'-Cyclic diGMP",NA,NA,NA,NA,NA,NA,NA
744,220302_Smp_OBi1small_4,"3',5'-Cyclic diGMP",NA,NA,NA,NA,NA,NA,NA
745,220302_Smp_RWi2_1,"3',5'-Cyclic diGMP",NA,NA,NA,NA,NA,NA,NA
746,220302_Smp_RWi2_2,"3',5'-Cyclic diGMP",NA,NA,NA,NA,NA,NA,NA
747,220302_Smp_RWi2_3,"3',5'-Cyclic diGMP",NA,NA,NA,NA,NA,NA,NA
748,220302_Smp_RWi2_4,"3',5'-Cyclic diGMP",NA,NA,NA,NA,NA,NA,NA
749,220302_Smp_RWi2_5,"3',5'-Cyclic diGMP",NA,NA,NA,NA,NA,NA,NA
750,220302_Smp_RWi2_6,"3',5'-Cyclic diGMP",NA,NA,NA,NA,NA,NA,NA
751,220302_Std_4uMStdsMix1InH2O_1,L-Cysteic acid,NA,NA,NA,NA,NA,NA,NA
752,220302_Std_4uMStdsMix1InH2O_2,L-Cysteic acid,NA,NA,NA,NA,NA,NA,NA
753,220302_Std_4uMStdsMix1InMatrix_1,L-Cysteic acid,NA,NA,NA,NA,NA,NA,NA
754,220302_Std_4uMStdsMix1InMatrix_2,L-Cysteic acid,NA,NA,NA,NA,NA,NA,NA
755,220302_Std_4uMStdsMix2InH2O_1,L-Cysteic acid,12.26,175037136,1045400,12928251,-0.8,NA,175037136
756,220302_Std_4uMStdsMix2InH2O_2,L-Cysteic acid,11.65,652864704,0,28849012,-0.5,NA,652864704
757,220302_Std_4uMStdsMix2InMatrix_1,L-Cysteic acid,12.24,181062240,0,14797606,-0.6,NA,181062240
758,220302_Std_4uMStdsMix2InMatrix_2,L-Cysteic acid,11.65,607860032,0,38976920,-0.2,NA,607860032
759,220302_Std_H2OinMatrix_1,L-Cysteic acid,12.32,99792,0,97590,-2.9,blank_flag,NA
760,220302_Std_H2OinMatrix_2,L-Cysteic acid,11.67,385283,0,182795,-0.1,blank_flag,NA
761,220302_Poo_TruePooBacteria_Full1,L-Cysteic acid,12.15,159785,0,131519,-0.1,blank_flag,NA
762,220302_Poo_TruePooBacteria_Full2,L-Cysteic acid,12.06,719775,0,156990,-0.6,blank_flag,NA
763,220302_Poo_TruePooBacteria_Full3,L-Cysteic acid,11.84,1330117,0,207458,-0.7,NA,1330117
764,220302_Poo_TruePooBacteria_Half1,L-Cysteic acid,NA,NA,NA,NA,NA,NA,NA
765,220302_Poo_TruePooBacteria_Half2,L-Cysteic acid,NA,NA,NA,NA,NA,NA,NA
766,220302_Poo_TruePooBacteria_Half3,L-Cysteic acid,11.87,193257,0,149031,0.4,blank_flag,NA
767,220302_Smp_MQBlk1_A,L-Cysteic acid,11.24,127154,0,122291,-2.1,blank_flag,NA
768,220302_Smp_MQBlk1_B,L-Cysteic acid,12.23,459356,0,169252,-1.7,blank_flag,NA
769,220302_Smp_MQBlk1_C,L-Cysteic acid,12.04,NA,0,0,NA,NA,NA
770,220302_Smp_MQBlk2_A,L-Cysteic acid,12.26,NA,0,0,NA,NA,NA
771,220302_Smp_MQBlk2_B,L-Cysteic acid,11.85,NA,0,0,NA,NA,NA
772,220302_Smp_MQBlk2_C,L-Cysteic acid,12.01,172823,0,162062,-0.2,blank_flag,NA
773,220302_Smp_MQBlk3_A,L-Cysteic acid,11.98,258456,0,93800,-0.4,blank_flag,NA
774,220302_Smp_MQBlk3_B,L-Cysteic acid,11.92,739985,0,166318,-0.5,blank_flag,NA
775,220302_Smp_MQBlk3_C,L-Cysteic acid,11.87,416748,0,179150,-0.1,blank_flag,NA
776,220302_Smp_SupernatBlk_1,L-Cysteic acid,NA,NA,NA,NA,NA,NA,NA
777,220302_Smp_SupernatBlk_2,L-Cysteic acid,11.92,143652,0,88352,0.7,blank_flag,NA
778,220302_Smp_SupernatBlk_3,L-Cysteic acid,11.93,321801,0,185820,0.3,blank_flag,NA
779,220302_Smp_SWBlk_1,L-Cysteic acid,12.23,100984,0,79922,-0.2,blank_flag,NA
780,220302_Smp_SWBlk_2,L-Cysteic acid,12.18,115939,0,69215,1.2,blank_flag,NA
781,220302_Smp_SWBlk_3,L-Cysteic acid,12.19,147950,0,139048,0.8,blank_flag,NA
782,220302_Smp_OBi1_1,L-Cysteic acid,12.07,1725346,0,243414,0.5,NA,1725346
783,220302_Smp_OBi1_2,L-Cysteic acid,11.85,501145,0,211968,-0.2,blank_flag,NA
784,220302_Smp_OBi1_3,L-Cysteic acid,11.86,2632630,0,288065,-0.2,NA,2632630
785,220302_Smp_OBi1_4,L-Cysteic acid,12.06,181681,0,118303,-0.1,blank_flag,NA
786,220302_Smp_OBi1_5,L-Cysteic acid,12.27,1381530,0,258249,0.1,NA,1381530
787,220302_Smp_OBi1_6,L-Cysteic acid,12.07,324736,0,132673,0.1,blank_flag,NA
788,220302_Smp_OBi1_7,L-Cysteic acid,11.92,244662,0,227495,0,blank_flag,NA
789,220302_Smp_OBi1_8,L-Cysteic acid,11.99,224880,0,156587,-1.3,blank_flag,NA
790,220302_Smp_OBi1_9,L-Cysteic acid,11.98,757490,0,174932,-0.4,blank_flag,NA
791,220302_Smp_OBi1small_1,L-Cysteic acid,12.29,1306123,0,222997,1,NA,1306123
792,220302_Smp_OBi1small_2,L-Cysteic acid,11.98,404233,0,239608,-0.1,blank_flag,NA
793,220302_Smp_OBi1small_3,L-Cysteic acid,NA,NA,NA,NA,NA,NA,NA
794,220302_Smp_OBi1small_4,L-Cysteic acid,12.06,1083100,0,180465,0.3,blank_flag,NA
795,220302_Smp_RWi2_1,L-Cysteic acid,NA,NA,NA,NA,NA,NA,NA
796,220302_Smp_RWi2_2,L-Cysteic acid,11.88,554345,0,253243,0.2,blank_flag,NA
797,220302_Smp_RWi2_3,L-Cysteic acid,NA,NA,NA,NA,NA,NA,NA
798,220302_Smp_RWi2_4,L-Cysteic acid,12.01,761132,0,180446,0.1,blank_flag,NA
799,220302_Smp_RWi2_5,L-Cysteic acid,12.15,109073,0,65040,-0.3,blank_flag,NA
800,220302_Smp_RWi2_6,L-Cysteic acid,12.16,144795,0,104398,-0.4,blank_flag,NA
801,220302_Std_4uMStdsMix1InH2O_1,L-Cysteinesulfinic acid,NA,NA,NA,NA,NA,NA,NA
802,220302_Std_4uMStdsMix1InH2O_2,L-Cysteinesulfinic acid,NA,NA,NA,NA,NA,NA,NA
803,220302_Std_4uMStdsMix1InMatrix_1,L-Cysteinesulfinic acid,NA,NA,NA,NA,NA,NA,NA
804,220302_Std_4uMStdsMix1InMatrix_2,L-Cysteinesulfinic acid,NA,NA,NA,NA,NA,NA,NA
805,220302_Std_4uMStdsMix2InH2O_1,L-Cysteinesulfinic acid,11.41,90788904,0,6911454,-1.5,NA,90788904
806,220302_Std_4uMStdsMix2InH2O_2,L-Cysteinesulfinic acid,10.71,290664832,0,16075220,-1.2,NA,290664832
807,220302_Std_4uMStdsMix2InMatrix_1,L-Cysteinesulfinic acid,11.44,103427088,1117324,9456920,-1.2,NA,103427088
808,220302_Std_4uMStdsMix2InMatrix_2,L-Cysteinesulfinic acid,10.75,276970432,894231,19743190,-1,NA,276970432
809,220302_Std_H2OinMatrix_1,L-Cysteinesulfinic acid,NA,NA,NA,NA,NA,NA,NA
810,220302_Std_H2OinMatrix_2,L-Cysteinesulfinic acid,9.76,131312,0,93588,0.9,blank_flag,NA
811,220302_Poo_TruePooBacteria_Full1,L-Cysteinesulfinic acid,11.09,116010,0,102701,-2,blank_flag,NA
812,220302_Poo_TruePooBacteria_Full2,L-Cysteinesulfinic acid,NA,NA,NA,NA,NA,NA,NA
813,220302_Poo_TruePooBacteria_Full3,L-Cysteinesulfinic acid,NA,NA,NA,NA,NA,NA,NA
814,220302_Poo_TruePooBacteria_Half1,L-Cysteinesulfinic acid,NA,NA,NA,NA,NA,NA,NA
815,220302_Poo_TruePooBacteria_Half2,L-Cysteinesulfinic acid,10.96,104485,0,91200,-2.6,blank_flag,NA
816,220302_Poo_TruePooBacteria_Half3,L-Cysteinesulfinic acid,NA,NA,NA,NA,NA,NA,NA
817,220302_Smp_MQBlk1_A,L-Cysteinesulfinic acid,NA,NA,NA,NA,NA,NA,NA
818,220302_Smp_MQBlk1_B,L-Cysteinesulfinic acid,NA,NA,NA,NA,NA,NA,NA
819,220302_Smp_MQBlk1_C,L-Cysteinesulfinic acid,NA,NA,NA,NA,NA,NA,NA
820,220302_Smp_MQBlk2_A,L-Cysteinesulfinic acid,NA,NA,NA,NA,NA,NA,NA
821,220302_Smp_MQBlk2_B,L-Cysteinesulfinic acid,NA,NA,NA,NA,NA,NA,NA
822,220302_Smp_MQBlk2_C,L-Cysteinesulfinic acid,NA,NA,NA,NA,NA,NA,NA
823,220302_Smp_MQBlk3_A,L-Cysteinesulfinic acid,NA,NA,NA,NA,NA,NA,NA
824,220302_Smp_MQBlk3_B,L-Cysteinesulfinic acid,10.87,122855,0,97074,-0.7,blank_flag,NA
825,220302_Smp_MQBlk3_C,L-Cysteinesulfinic acid,NA,NA,NA,NA,NA,NA,NA
826,220302_Smp_SupernatBlk_1,L-Cysteinesulfinic acid,NA,NA,NA,NA,NA,NA,NA
827,220302_Smp_SupernatBlk_2,L-Cysteinesulfinic acid,11.33,133152,0,143199,0.7,blank_flag,NA
828,220302_Smp_SupernatBlk_3,L-Cysteinesulfinic acid,NA,NA,NA,NA,NA,NA,NA
829,220302_Smp_SWBlk_1,L-Cysteinesulfinic acid,NA,NA,NA,NA,NA,NA,NA
830,220302_Smp_SWBlk_2,L-Cysteinesulfinic acid,NA,NA,NA,NA,NA,NA,NA
831,220302_Smp_SWBlk_3,L-Cysteinesulfinic acid,NA,NA,NA,NA,NA,NA,NA
832,220302_Smp_OBi1_1,L-Cysteinesulfinic acid,NA,NA,NA,NA,NA,NA,NA
833,220302_Smp_OBi1_2,L-Cysteinesulfinic acid,NA,NA,NA,NA,NA,NA,NA
834,220302_Smp_OBi1_3,L-Cysteinesulfinic acid,NA,NA,NA,NA,NA,NA,NA
835,220302_Smp_OBi1_4,L-Cysteinesulfinic acid,10.85,159488,0,143623,0.3,blank_flag,NA
836,220302_Smp_OBi1_5,L-Cysteinesulfinic acid,NA,NA,NA,NA,NA,NA,NA
837,220302_Smp_OBi1_6,L-Cysteinesulfinic acid,10.73,139018,0,144319,0.1,blank_flag,NA
838,220302_Smp_OBi1_7,L-Cysteinesulfinic acid,NA,NA,NA,NA,NA,NA,NA
839,220302_Smp_OBi1_8,L-Cysteinesulfinic acid,NA,NA,NA,NA,NA,NA,NA
840,220302_Smp_OBi1_9,L-Cysteinesulfinic acid,NA,NA,NA,NA,NA,NA,NA
841,220302_Smp_OBi1small_1,L-Cysteinesulfinic acid,9.92,95942,0,62269,-1.6,blank_flag,NA
842,220302_Smp_OBi1small_2,L-Cysteinesulfinic acid,NA,NA,NA,NA,NA,NA,NA
843,220302_Smp_OBi1small_3,L-Cysteinesulfinic acid,NA,NA,NA,NA,NA,NA,NA
844,220302_Smp_OBi1small_4,L-Cysteinesulfinic acid,NA,NA,NA,NA,NA,NA,NA
845,220302_Smp_RWi2_1,L-Cysteinesulfinic acid,NA,NA,NA,NA,NA,NA,NA
846,220302_Smp_RWi2_2,L-Cysteinesulfinic acid,NA,NA,NA,NA,NA,NA,NA
847,220302_Smp_RWi2_3,L-Cysteinesulfinic acid,NA,NA,NA,NA,NA,NA,NA
848,220302_Smp_RWi2_4,L-Cysteinesulfinic acid,NA,NA,NA,NA,NA,NA,NA
849,220302_Smp_RWi2_5,L-Cysteinesulfinic acid,NA,NA,NA,NA,NA,NA,NA
850,220302_Smp_RWi2_6,L-Cysteinesulfinic acid,NA,NA,NA,NA,NA,NA,NA
851,220302_Std_4uMStdsMix1InH2O_1,Dihydroxyacetone phosphate,12.96,10513631,0,646099,-1.4,NA,10513631
852,220302_Std_4uMStdsMix1InH2O_2,Dihydroxyacetone phosphate,12.54,23358424,0,1086185,-0.1,NA,23358424
853,220302_Std_4uMStdsMix1InMatrix_1,Dihydroxyacetone phosphate,12.97,11148885,0,677445,-1.1,NA,11148885
854,220302_Std_4uMStdsMix1InMatrix_2,Dihydroxyacetone phosphate,12.87,3029254,0,309118,-0.2,NA,3029254
855,220302_Std_4uMStdsMix2InH2O_1,Dihydroxyacetone phosphate,12.38,32086622,0,2623196,-1.3,NA,32086622
856,220302_Std_4uMStdsMix2InH2O_2,Dihydroxyacetone phosphate,11.9,79950336,0,4485143,-0.1,NA,79950336
857,220302_Std_4uMStdsMix2InMatrix_1,Dihydroxyacetone phosphate,12.4,28712016,0,2491293,-0.8,NA,28712016
858,220302_Std_4uMStdsMix2InMatrix_2,Dihydroxyacetone phosphate,11.93,75546784,0,5333521,0.1,NA,75546784
859,220302_Std_H2OinMatrix_1,Dihydroxyacetone phosphate,NA,NA,NA,NA,NA,NA,NA
860,220302_Std_H2OinMatrix_2,Dihydroxyacetone phosphate,NA,NA,NA,NA,NA,NA,NA
861,220302_Poo_TruePooBacteria_Full1,Dihydroxyacetone phosphate,NA,NA,NA,NA,NA,NA,NA
862,220302_Poo_TruePooBacteria_Full2,Dihydroxyacetone phosphate,NA,NA,NA,NA,NA,NA,NA
863,220302_Poo_TruePooBacteria_Full3,Dihydroxyacetone phosphate,12.27,85990,0,59689,-1.7,blank_flag,NA
864,220302_Poo_TruePooBacteria_Half1,Dihydroxyacetone phosphate,NA,NA,NA,NA,NA,NA,NA
865,220302_Poo_TruePooBacteria_Half2,Dihydroxyacetone phosphate,NA,NA,NA,NA,NA,NA,NA
866,220302_Poo_TruePooBacteria_Half3,Dihydroxyacetone phosphate,NA,NA,NA,NA,NA,NA,NA
867,220302_Smp_MQBlk1_A,Dihydroxyacetone phosphate,12.52,75482,0,65901,-6.1,"ppm_flag, blank_flag",NA
868,220302_Smp_MQBlk1_B,Dihydroxyacetone phosphate,13,70689,0,54768,-1.4,blank_flag,NA
869,220302_Smp_MQBlk1_C,Dihydroxyacetone phosphate,NA,NA,NA,NA,NA,NA,NA
870,220302_Smp_MQBlk2_A,Dihydroxyacetone phosphate,NA,NA,NA,NA,NA,NA,NA
871,220302_Smp_MQBlk2_B,Dihydroxyacetone phosphate,NA,NA,NA,NA,NA,NA,NA
872,220302_Smp_MQBlk2_C,Dihydroxyacetone phosphate,NA,NA,NA,NA,NA,NA,NA
873,220302_Smp_MQBlk3_A,Dihydroxyacetone phosphate,NA,NA,NA,NA,NA,NA,NA
874,220302_Smp_MQBlk3_B,Dihydroxyacetone phosphate,NA,NA,NA,NA,NA,NA,NA
875,220302_Smp_MQBlk3_C,Dihydroxyacetone phosphate,NA,NA,NA,NA,NA,NA,NA
876,220302_Smp_SupernatBlk_1,Dihydroxyacetone phosphate,NA,NA,NA,NA,NA,NA,NA
877,220302_Smp_SupernatBlk_2,Dihydroxyacetone phosphate,NA,NA,NA,NA,NA,NA,NA
878,220302_Smp_SupernatBlk_3,Dihydroxyacetone phosphate,NA,NA,NA,NA,NA,NA,NA
879,220302_Smp_SWBlk_1,Dihydroxyacetone phosphate,NA,NA,NA,NA,NA,NA,NA
880,220302_Smp_SWBlk_2,Dihydroxyacetone phosphate,NA,NA,NA,NA,NA,NA,NA
881,220302_Smp_SWBlk_3,Dihydroxyacetone phosphate,NA,NA,NA,NA,NA,NA,NA
882,220302_Smp_OBi1_1,Dihydroxyacetone phosphate,13.85,98428,0,89389,-4.6,blank_flag,NA
883,220302_Smp_OBi1_2,Dihydroxyacetone phosphate,13.01,99357,0,57172,-2.3,blank_flag,NA
884,220302_Smp_OBi1_3,Dihydroxyacetone phosphate,NA,NA,NA,NA,NA,NA,NA
885,220302_Smp_OBi1_4,Dihydroxyacetone phosphate,NA,NA,NA,NA,NA,NA,NA
886,220302_Smp_OBi1_5,Dihydroxyacetone phosphate,13.32,81998,0,77068,-0.5,blank_flag,NA
887,220302_Smp_OBi1_6,Dihydroxyacetone phosphate,NA,NA,NA,NA,NA,NA,NA
888,220302_Smp_OBi1_7,Dihydroxyacetone phosphate,NA,NA,NA,NA,NA,NA,NA
889,220302_Smp_OBi1_8,Dihydroxyacetone phosphate,NA,NA,NA,NA,NA,NA,NA
890,220302_Smp_OBi1_9,Dihydroxyacetone phosphate,NA,NA,NA,NA,NA,NA,NA
891,220302_Smp_OBi1small_1,Dihydroxyacetone phosphate,NA,NA,NA,NA,NA,NA,NA
892,220302_Smp_OBi1small_2,Dihydroxyacetone phosphate,NA,NA,NA,NA,NA,NA,NA
893,220302_Smp_OBi1small_3,Dihydroxyacetone phosphate,NA,NA,NA,NA,NA,NA,NA
894,220302_Smp_OBi1small_4,Dihydroxyacetone phosphate,NA,NA,NA,NA,NA,NA,NA
895,220302_Smp_RWi2_1,Dihydroxyacetone phosphate,12.83,79712,0,58504,-1.1,blank_flag,NA
896,220302_Smp_RWi2_2,Dihydroxyacetone phosphate,NA,NA,NA,NA,NA,NA,NA
897,220302_Smp_RWi2_3,Dihydroxyacetone phosphate,NA,NA,NA,NA,NA,NA,NA
898,220302_Smp_RWi2_4,Dihydroxyacetone phosphate,12.74,128310,0,78492,-2.2,blank_flag,NA
899,220302_Smp_RWi2_5,Dihydroxyacetone phosphate,NA,NA,NA,NA,NA,NA,NA
900,220302_Smp_RWi2_6,Dihydroxyacetone phosphate,NA,NA,NA,NA,NA,NA,NA
901,220302_Std_4uMStdsMix1InH2O_1,"(R)-2,3-Dihydroxypropane-1-sulfonate",NA,NA,NA,NA,NA,NA,NA
902,220302_Std_4uMStdsMix1InH2O_2,"(R)-2,3-Dihydroxypropane-1-sulfonate",NA,NA,NA,NA,NA,NA,NA
903,220302_Std_4uMStdsMix1InMatrix_1,"(R)-2,3-Dihydroxypropane-1-sulfonate",NA,NA,NA,NA,NA,NA,NA
904,220302_Std_4uMStdsMix1InMatrix_2,"(R)-2,3-Dihydroxypropane-1-sulfonate",NA,NA,NA,NA,NA,NA,NA
905,220302_Std_4uMStdsMix2InH2O_1,"(R)-2,3-Dihydroxypropane-1-sulfonate",8.19,1885487744,0,118148712,-1.4,NA,1885487744
906,220302_Std_4uMStdsMix2InH2O_2,"(R)-2,3-Dihydroxypropane-1-sulfonate",7.06,2609457664,0,137805984,-1.1,NA,2609457664
907,220302_Std_4uMStdsMix2InMatrix_1,"(R)-2,3-Dihydroxypropane-1-sulfonate",8.24,1665541120,0,126802792,-1.2,NA,1665541120
908,220302_Std_4uMStdsMix2InMatrix_2,"(R)-2,3-Dihydroxypropane-1-sulfonate",7.16,2449834240,0,148883024,-1.1,NA,2449834240
909,220302_Std_H2OinMatrix_1,"(R)-2,3-Dihydroxypropane-1-sulfonate",10.3,69674,0,66256,5.4,"rt_flag, blank_flag",NA
910,220302_Std_H2OinMatrix_2,"(R)-2,3-Dihydroxypropane-1-sulfonate",NA,NA,NA,NA,NA,NA,NA
911,220302_Poo_TruePooBacteria_Full1,"(R)-2,3-Dihydroxypropane-1-sulfonate",8.07,1123364,0,220106,-0.7,blank_flag,NA
912,220302_Poo_TruePooBacteria_Full2,"(R)-2,3-Dihydroxypropane-1-sulfonate",8,963076,0,230840,-1,blank_flag,NA
913,220302_Poo_TruePooBacteria_Full3,"(R)-2,3-Dihydroxypropane-1-sulfonate",7.42,1382417,0,223920,-0.9,blank_flag,NA
914,220302_Poo_TruePooBacteria_Half1,"(R)-2,3-Dihydroxypropane-1-sulfonate",NA,NA,NA,NA,NA,NA,NA
915,220302_Poo_TruePooBacteria_Half2,"(R)-2,3-Dihydroxypropane-1-sulfonate",NA,NA,NA,NA,NA,NA,NA
916,220302_Poo_TruePooBacteria_Half3,"(R)-2,3-Dihydroxypropane-1-sulfonate",10.28,93555,0,80989,-1.3,"rt_flag, blank_flag",NA
917,220302_Smp_MQBlk1_A,"(R)-2,3-Dihydroxypropane-1-sulfonate",8.02,233875,0,133558,-1.7,blank_flag,NA
918,220302_Smp_MQBlk1_B,"(R)-2,3-Dihydroxypropane-1-sulfonate",7.48,162820,0,95413,-0.4,blank_flag,NA
919,220302_Smp_MQBlk1_C,"(R)-2,3-Dihydroxypropane-1-sulfonate",7.42,976889,0,185946,-0.7,blank_flag,NA
920,220302_Smp_MQBlk2_A,"(R)-2,3-Dihydroxypropane-1-sulfonate",7.89,6172062,0,729558,-0.7,blank_flag,NA
921,220302_Smp_MQBlk2_B,"(R)-2,3-Dihydroxypropane-1-sulfonate",7.82,5998682,0,456000,-0.8,blank_flag,NA
922,220302_Smp_MQBlk2_C,"(R)-2,3-Dihydroxypropane-1-sulfonate",7.7,6143886,0,480646,-0.7,blank_flag,NA
923,220302_Smp_MQBlk3_A,"(R)-2,3-Dihydroxypropane-1-sulfonate",7.71,NA,0,0,NA,NA,NA
924,220302_Smp_MQBlk3_B,"(R)-2,3-Dihydroxypropane-1-sulfonate",7.3,NA,0,0,NA,NA,NA
925,220302_Smp_MQBlk3_C,"(R)-2,3-Dihydroxypropane-1-sulfonate",7.31,NA,0,0,NA,NA,NA
926,220302_Smp_SupernatBlk_1,"(R)-2,3-Dihydroxypropane-1-sulfonate",7.3,NA,0,0,NA,NA,NA
927,220302_Smp_SupernatBlk_2,"(R)-2,3-Dihydroxypropane-1-sulfonate",7.62,5853301,0,681411,-0.8,blank_flag,NA
928,220302_Smp_SupernatBlk_3,"(R)-2,3-Dihydroxypropane-1-sulfonate",7.92,24187,0,16816,2.6,"areamin_flag, blank_flag",NA
929,220302_Smp_SWBlk_1,"(R)-2,3-Dihydroxypropane-1-sulfonate",7.47,NA,0,0,NA,NA,NA
930,220302_Smp_SWBlk_2,"(R)-2,3-Dihydroxypropane-1-sulfonate",7.82,5747558,0,559429,-0.4,blank_flag,NA
931,220302_Smp_SWBlk_3,"(R)-2,3-Dihydroxypropane-1-sulfonate",7.16,371378,0,124158,-0.3,blank_flag,NA
932,220302_Smp_OBi1_1,"(R)-2,3-Dihydroxypropane-1-sulfonate",NA,NA,NA,NA,NA,NA,NA
933,220302_Smp_OBi1_2,"(R)-2,3-Dihydroxypropane-1-sulfonate",7.56,5163860,0,535558,-0.8,blank_flag,NA
934,220302_Smp_OBi1_3,"(R)-2,3-Dihydroxypropane-1-sulfonate",NA,NA,NA,NA,NA,NA,NA
935,220302_Smp_OBi1_4,"(R)-2,3-Dihydroxypropane-1-sulfonate",NA,NA,NA,NA,NA,NA,NA
936,220302_Smp_OBi1_5,"(R)-2,3-Dihydroxypropane-1-sulfonate",7.87,1748912,1023157,122661,-0.4,"sn_flag, blank_flag",NA
937,220302_Smp_OBi1_6,"(R)-2,3-Dihydroxypropane-1-sulfonate",NA,NA,NA,NA,NA,NA,NA
938,220302_Smp_OBi1_7,"(R)-2,3-Dihydroxypropane-1-sulfonate",7.61,5032261,0,487498,-0.5,blank_flag,NA
939,220302_Smp_OBi1_8,"(R)-2,3-Dihydroxypropane-1-sulfonate",7.78,5653631,0,521941,-0.6,blank_flag,NA
940,220302_Smp_OBi1_9,"(R)-2,3-Dihydroxypropane-1-sulfonate",7.75,175605,0,121543,0,blank_flag,NA
941,220302_Smp_OBi1small_1,"(R)-2,3-Dihydroxypropane-1-sulfonate",7.48,704901,0,215821,-0.7,blank_flag,NA
942,220302_Smp_OBi1small_2,"(R)-2,3-Dihydroxypropane-1-sulfonate",7.71,5709894,0,597602,-0.4,blank_flag,NA
943,220302_Smp_OBi1small_3,"(R)-2,3-Dihydroxypropane-1-sulfonate",NA,NA,NA,NA,NA,NA,NA
944,220302_Smp_OBi1small_4,"(R)-2,3-Dihydroxypropane-1-sulfonate",11.14,13449,0,8450,4.2,"areamin_flag, rt_flag, blank_flag",NA
945,220302_Smp_RWi2_1,"(R)-2,3-Dihydroxypropane-1-sulfonate",NA,NA,NA,NA,NA,NA,NA
946,220302_Smp_RWi2_2,"(R)-2,3-Dihydroxypropane-1-sulfonate",NA,NA,NA,NA,NA,NA,NA
947,220302_Smp_RWi2_3,"(R)-2,3-Dihydroxypropane-1-sulfonate",7.64,5750757,0,540924,-0.7,blank_flag,NA
948,220302_Smp_RWi2_4,"(R)-2,3-Dihydroxypropane-1-sulfonate",NA,NA,NA,NA,NA,NA,NA
949,220302_Smp_RWi2_5,"(R)-2,3-Dihydroxypropane-1-sulfonate",NA,NA,NA,NA,NA,NA,NA
950,220302_Smp_RWi2_6,"(R)-2,3-Dihydroxypropane-1-sulfonate",NA,NA,NA,NA,NA,NA,NA
951,220302_Std_4uMStdsMix1InH2O_1,Ethanesulfonic acid,NA,NA,NA,NA,NA,NA,NA
952,220302_Std_4uMStdsMix1InH2O_2,Ethanesulfonic acid,NA,NA,NA,NA,NA,NA,NA
953,220302_Std_4uMStdsMix1InMatrix_1,Ethanesulfonic acid,NA,NA,NA,NA,NA,NA,NA
954,220302_Std_4uMStdsMix1InMatrix_2,Ethanesulfonic acid,NA,NA,NA,NA,NA,NA,NA
955,220302_Std_4uMStdsMix2InH2O_1,Ethanesulfonic acid,4.05,1257374720,5688895,59864308,-3.5,NA,1257374720
956,220302_Std_4uMStdsMix2InH2O_2,Ethanesulfonic acid,3.27,1934987136,1318999,80164864,-3.6,NA,1934987136
957,220302_Std_4uMStdsMix2InMatrix_1,Ethanesulfonic acid,3.99,1157631360,0,43783240,-3.2,NA,1157631360
958,220302_Std_4uMStdsMix2InMatrix_2,Ethanesulfonic acid,3.21,1807355264,10054977,53194064,-3.4,NA,1807355264
959,220302_Std_H2OinMatrix_1,Ethanesulfonic acid,4.14,819896,0,170624,-1.5,blank_flag,NA
960,220302_Std_H2OinMatrix_2,Ethanesulfonic acid,3.15,1662612,0,201415,-3,blank_flag,NA
961,220302_Poo_TruePooBacteria_Full1,Ethanesulfonic acid,3.83,1444156,0,191491,-2.2,blank_flag,NA
962,220302_Poo_TruePooBacteria_Full2,Ethanesulfonic acid,3.67,1518430,0,244862,-2.7,blank_flag,NA
963,220302_Poo_TruePooBacteria_Full3,Ethanesulfonic acid,3.4,4039034,0,330086,-2.8,blank_flag,NA
964,220302_Poo_TruePooBacteria_Half1,Ethanesulfonic acid,3.87,491138,0,127992,-0.9,blank_flag,NA
965,220302_Poo_TruePooBacteria_Half2,Ethanesulfonic acid,3.72,559341,0,127652,-1.5,blank_flag,NA
966,220302_Poo_TruePooBacteria_Half3,Ethanesulfonic acid,3.48,1700334,0,241536,-2.1,blank_flag,NA
967,220302_Smp_MQBlk1_A,Ethanesulfonic acid,3.92,2146935,0,343328,-3.5,blank_flag,NA
968,220302_Smp_MQBlk1_B,Ethanesulfonic acid,3.89,3244364,0,309290,-3.6,blank_flag,NA
969,220302_Smp_MQBlk1_C,Ethanesulfonic acid,3.9,4921056,0,439582,-3.6,blank_flag,NA
970,220302_Smp_MQBlk2_A,Ethanesulfonic acid,3.75,1161981,0,180030,-3.2,blank_flag,NA
971,220302_Smp_MQBlk2_B,Ethanesulfonic acid,3.84,1077221,0,148841,-2.1,blank_flag,NA
972,220302_Smp_MQBlk2_C,Ethanesulfonic acid,3.63,2272106,0,233701,-2.4,blank_flag,NA
973,220302_Smp_MQBlk3_A,Ethanesulfonic acid,3.49,611484,0,136058,-0.8,blank_flag,NA
974,220302_Smp_MQBlk3_B,Ethanesulfonic acid,3.57,145922,0,116808,-2.4,blank_flag,NA
975,220302_Smp_MQBlk3_C,Ethanesulfonic acid,3.62,312023,0,146180,-3.1,blank_flag,NA
976,220302_Smp_SupernatBlk_1,Ethanesulfonic acid,3.79,1973579,0,267941,-1.9,blank_flag,NA
977,220302_Smp_SupernatBlk_2,Ethanesulfonic acid,3.62,1092225,0,173100,-3.3,blank_flag,NA
978,220302_Smp_SupernatBlk_3,Ethanesulfonic acid,3.71,2911424,0,279061,-2.4,blank_flag,NA
979,220302_Smp_SWBlk_1,Ethanesulfonic acid,3.88,1882273,0,150057,-2.4,blank_flag,NA
980,220302_Smp_SWBlk_2,Ethanesulfonic acid,3.76,2201134,0,209940,-2.7,blank_flag,NA
981,220302_Smp_SWBlk_3,Ethanesulfonic acid,3.78,1303366,0,175798,-3.3,blank_flag,NA
982,220302_Smp_OBi1_1,Ethanesulfonic acid,3.76,730073,0,112634,-2.3,blank_flag,NA
983,220302_Smp_OBi1_2,Ethanesulfonic acid,3.59,484420,0,125594,-2.3,blank_flag,NA
984,220302_Smp_OBi1_3,Ethanesulfonic acid,3.43,1392824,0,245571,-2.8,blank_flag,NA
985,220302_Smp_OBi1_4,Ethanesulfonic acid,3.68,1964938,0,297220,-2.7,blank_flag,NA
986,220302_Smp_OBi1_5,Ethanesulfonic acid,4,9461207,0,504275,-2.5,NA,9461207
987,220302_Smp_OBi1_6,Ethanesulfonic acid,3.68,681232,0,92681,-1.7,blank_flag,NA
988,220302_Smp_OBi1_7,Ethanesulfonic acid,3.46,893667,0,145567,-1.5,blank_flag,NA
989,220302_Smp_OBi1_8,Ethanesulfonic acid,3.6,580109,0,125869,-1.5,blank_flag,NA
990,220302_Smp_OBi1_9,Ethanesulfonic acid,3.61,894807,0,161073,-2.3,blank_flag,NA
991,220302_Smp_OBi1small_1,Ethanesulfonic acid,3.97,9779492,0,678524,-2.6,NA,9779492
992,220302_Smp_OBi1small_2,Ethanesulfonic acid,3.63,1312447,0,193742,-1.9,blank_flag,NA
993,220302_Smp_OBi1small_3,Ethanesulfonic acid,4.09,1613915,0,158730,-2.2,blank_flag,NA
994,220302_Smp_OBi1small_4,Ethanesulfonic acid,3.6,1479853,0,187715,-1.6,blank_flag,NA
995,220302_Smp_RWi2_1,Ethanesulfonic acid,4,990641,0,188387,-3,blank_flag,NA
996,220302_Smp_RWi2_2,Ethanesulfonic acid,3.48,902538,0,108965,-2.6,blank_flag,NA
997,220302_Smp_RWi2_3,Ethanesulfonic acid,3.6,2047288,0,246260,-2,blank_flag,NA
998,220302_Smp_RWi2_4,Ethanesulfonic acid,3.79,865538,0,176359,-1.7,blank_flag,NA
999,220302_Smp_RWi2_5,Ethanesulfonic acid,3.76,1111822,0,230355,-3.9,blank_flag,NA
1000,220302_Smp_RWi2_6,Ethanesulfonic acid,3.72,1111968,0,175721,-1.7,blank_flag,NA
1001,220302_Std_4uMStdsMix1InH2O_1,Ethyl dihydroxybenzoate,NA,NA,NA,NA,NA,NA,NA
1002,220302_Std_4uMStdsMix1InH2O_2,Ethyl dihydroxybenzoate,NA,NA,NA,NA,NA,NA,NA
1003,220302_Std_4uMStdsMix1InMatrix_1,Ethyl dihydroxybenzoate,NA,NA,NA,NA,NA,NA,NA
1004,220302_Std_4uMStdsMix1InMatrix_2,Ethyl dihydroxybenzoate,NA,NA,NA,NA,NA,NA,NA
1005,220302_Std_4uMStdsMix2InH2O_1,Ethyl dihydroxybenzoate,1.76,295217024,0,34616908,-0.6,NA,295217024
1006,220302_Std_4uMStdsMix2InH2O_2,Ethyl dihydroxybenzoate,1.73,568489280,7196306,74468208,0.1,NA,568489280
1007,220302_Std_4uMStdsMix2InMatrix_1,Ethyl dihydroxybenzoate,1.75,319699904,0,40725864,-0.2,NA,319699904
1008,220302_Std_4uMStdsMix2InMatrix_2,Ethyl dihydroxybenzoate,1.73,574765440,4351800,71802960,-0.1,NA,574765440
1009,220302_Std_H2OinMatrix_1,Ethyl dihydroxybenzoate,2.23,401023,0,214150,-0.3,blank_flag,NA
1010,220302_Std_H2OinMatrix_2,Ethyl dihydroxybenzoate,2.04,317672,0,171439,-1.3,blank_flag,NA
1011,220302_Poo_TruePooBacteria_Full1,Ethyl dihydroxybenzoate,2.22,619574,0,340716,0.7,blank_flag,NA
1012,220302_Poo_TruePooBacteria_Full2,Ethyl dihydroxybenzoate,2.21,1005542,0,385616,0.2,blank_flag,NA
1013,220302_Poo_TruePooBacteria_Full3,Ethyl dihydroxybenzoate,2.13,571467,0,244946,0.6,blank_flag,NA
1014,220302_Poo_TruePooBacteria_Half1,Ethyl dihydroxybenzoate,2.23,356740,0,156855,-0.7,blank_flag,NA
1015,220302_Poo_TruePooBacteria_Half2,Ethyl dihydroxybenzoate,2.25,147716,0,124849,0.1,blank_flag,NA
1016,220302_Poo_TruePooBacteria_Half3,Ethyl dihydroxybenzoate,2.24,154268,0,130708,-0.1,blank_flag,NA
1017,220302_Smp_MQBlk1_A,Ethyl dihydroxybenzoate,2.23,835769,0,309176,0.1,blank_flag,NA
1018,220302_Smp_MQBlk1_B,Ethyl dihydroxybenzoate,2.22,1942312,0,334323,-0.9,blank_flag,NA
1019,220302_Smp_MQBlk1_C,Ethyl dihydroxybenzoate,2.23,1304081,0,482071,0.3,blank_flag,NA
1020,220302_Smp_MQBlk2_A,Ethyl dihydroxybenzoate,2.25,889491,0,260573,-0.3,blank_flag,NA
1021,220302_Smp_MQBlk2_B,Ethyl dihydroxybenzoate,2.23,167347,0,142538,-0.3,blank_flag,NA
1022,220302_Smp_MQBlk2_C,Ethyl dihydroxybenzoate,2.45,123430,0,108114,1.2,blank_flag,NA
1023,220302_Smp_MQBlk3_A,Ethyl dihydroxybenzoate,2,719424,0,259031,0.9,blank_flag,NA
1024,220302_Smp_MQBlk3_B,Ethyl dihydroxybenzoate,2.54,127489,0,69401,1.7,blank_flag,NA
1025,220302_Smp_MQBlk3_C,Ethyl dihydroxybenzoate,2.09,419349,0,227039,1.4,blank_flag,NA
1026,220302_Smp_SupernatBlk_1,Ethyl dihydroxybenzoate,2.23,2055732,0,361709,1.2,blank_flag,NA
1027,220302_Smp_SupernatBlk_2,Ethyl dihydroxybenzoate,2.18,135401,0,102075,0.3,blank_flag,NA
1028,220302_Smp_SupernatBlk_3,Ethyl dihydroxybenzoate,2.23,562735,0,198184,-0.4,blank_flag,NA
1029,220302_Smp_SWBlk_1,Ethyl dihydroxybenzoate,2.23,998808,0,401221,0.2,blank_flag,NA
1030,220302_Smp_SWBlk_2,Ethyl dihydroxybenzoate,2.18,456927,0,167684,0.5,blank_flag,NA
1031,220302_Smp_SWBlk_3,Ethyl dihydroxybenzoate,2.08,254872,0,237847,3.1,blank_flag,NA
1032,220302_Smp_OBi1_1,Ethyl dihydroxybenzoate,2.18,678454,0,192678,0.9,blank_flag,NA
1033,220302_Smp_OBi1_2,Ethyl dihydroxybenzoate,1.51,12584,0,11798,1.3,"areamin_flag, blank_flag",NA
1034,220302_Smp_OBi1_3,Ethyl dihydroxybenzoate,2.09,1120364,0,203645,-0.6,blank_flag,NA
1035,220302_Smp_OBi1_4,Ethyl dihydroxybenzoate,2.25,673220,0,285190,0.9,blank_flag,NA
1036,220302_Smp_OBi1_5,Ethyl dihydroxybenzoate,1.75,638116,0,210026,0.3,blank_flag,NA
1037,220302_Smp_OBi1_6,Ethyl dihydroxybenzoate,2.2,709748,0,286525,-0.1,blank_flag,NA
1038,220302_Smp_OBi1_7,Ethyl dihydroxybenzoate,2.23,266729,0,267878,0,blank_flag,NA
1039,220302_Smp_OBi1_8,Ethyl dihydroxybenzoate,2.23,1092082,0,287382,0.2,blank_flag,NA
1040,220302_Smp_OBi1_9,Ethyl dihydroxybenzoate,2.21,396491,0,197171,1.3,blank_flag,NA
1041,220302_Smp_OBi1small_1,Ethyl dihydroxybenzoate,1.77,912867,0,218801,0.6,blank_flag,NA
1042,220302_Smp_OBi1small_2,Ethyl dihydroxybenzoate,2.23,169376,0,121136,0.5,blank_flag,NA
1043,220302_Smp_OBi1small_3,Ethyl dihydroxybenzoate,2.22,664584,0,216246,0.5,blank_flag,NA
1044,220302_Smp_OBi1small_4,Ethyl dihydroxybenzoate,1.84,187758,0,121357,0.4,blank_flag,NA
1045,220302_Smp_RWi2_1,Ethyl dihydroxybenzoate,2.23,873854,0,360355,0.3,blank_flag,NA
1046,220302_Smp_RWi2_2,Ethyl dihydroxybenzoate,2.15,294417,0,134695,0.6,blank_flag,NA
1047,220302_Smp_RWi2_3,Ethyl dihydroxybenzoate,2.23,860994,0,204614,0.4,blank_flag,NA
1048,220302_Smp_RWi2_4,Ethyl dihydroxybenzoate,2.23,800116,0,194237,0.2,blank_flag,NA
1049,220302_Smp_RWi2_5,Ethyl dihydroxybenzoate,1.82,742096,0,181308,-0.4,blank_flag,NA
1050,220302_Smp_RWi2_6,Ethyl dihydroxybenzoate,2.23,907216,0,335239,0,blank_flag,NA
1051,220302_Std_4uMStdsMix1InH2O_1,Flavin adenine dinucleotide,NA,NA,NA,NA,NA,NA,NA
1052,220302_Std_4uMStdsMix1InH2O_2,Flavin adenine dinucleotide,NA,NA,NA,NA,NA,NA,NA
1053,220302_Std_4uMStdsMix1InMatrix_1,Flavin adenine dinucleotide,NA,NA,NA,NA,NA,NA,NA
1054,220302_Std_4uMStdsMix1InMatrix_2,Flavin adenine dinucleotide,NA,NA,NA,NA,NA,NA,NA
1055,220302_Std_4uMStdsMix2InH2O_1,Flavin adenine dinucleotide,9.33,132339792,0,9925463,1,NA,132339792
1056,220302_Std_4uMStdsMix2InH2O_2,Flavin adenine dinucleotide,8.47,248294448,0,18642952,1.3,NA,248294448
1057,220302_Std_4uMStdsMix2InMatrix_1,Flavin adenine dinucleotide,9.36,111787512,0,7805547,1.3,NA,111787512
1058,220302_Std_4uMStdsMix2InMatrix_2,Flavin adenine dinucleotide,8.47,234766416,1832212,16222302,1.3,NA,234766416
1059,220302_Std_H2OinMatrix_1,Flavin adenine dinucleotide,NA,NA,NA,NA,NA,NA,NA
1060,220302_Std_H2OinMatrix_2,Flavin adenine dinucleotide,NA,NA,NA,NA,NA,NA,NA
1061,220302_Poo_TruePooBacteria_Full1,Flavin adenine dinucleotide,NA,NA,NA,NA,NA,NA,NA
1062,220302_Poo_TruePooBacteria_Full2,Flavin adenine dinucleotide,NA,NA,NA,NA,NA,NA,NA
1063,220302_Poo_TruePooBacteria_Full3,Flavin adenine dinucleotide,NA,NA,NA,NA,NA,NA,NA
1064,220302_Poo_TruePooBacteria_Half1,Flavin adenine dinucleotide,NA,NA,NA,NA,NA,NA,NA
1065,220302_Poo_TruePooBacteria_Half2,Flavin adenine dinucleotide,NA,NA,NA,NA,NA,NA,NA
1066,220302_Poo_TruePooBacteria_Half3,Flavin adenine dinucleotide,NA,NA,NA,NA,NA,NA,NA
1067,220302_Smp_MQBlk1_A,Flavin adenine dinucleotide,NA,NA,NA,NA,NA,NA,NA
1068,220302_Smp_MQBlk1_B,Flavin adenine dinucleotide,NA,NA,NA,NA,NA,NA,NA
1069,220302_Smp_MQBlk1_C,Flavin adenine dinucleotide,NA,NA,NA,NA,NA,NA,NA
1070,220302_Smp_MQBlk2_A,Flavin adenine dinucleotide,NA,NA,NA,NA,NA,NA,NA
1071,220302_Smp_MQBlk2_B,Flavin adenine dinucleotide,6.66,83177,0,53148,4.7,blank_flag,NA
1072,220302_Smp_MQBlk2_C,Flavin adenine dinucleotide,NA,NA,NA,NA,NA,NA,NA
1073,220302_Smp_MQBlk3_A,Flavin adenine dinucleotide,NA,NA,NA,NA,NA,NA,NA
1074,220302_Smp_MQBlk3_B,Flavin adenine dinucleotide,NA,NA,NA,NA,NA,NA,NA
1075,220302_Smp_MQBlk3_C,Flavin adenine dinucleotide,NA,NA,NA,NA,NA,NA,NA
1076,220302_Smp_SupernatBlk_1,Flavin adenine dinucleotide,NA,NA,NA,NA,NA,NA,NA
1077,220302_Smp_SupernatBlk_2,Flavin adenine dinucleotide,NA,NA,NA,NA,NA,NA,NA
1078,220302_Smp_SupernatBlk_3,Flavin adenine dinucleotide,NA,NA,NA,NA,NA,NA,NA
1079,220302_Smp_SWBlk_1,Flavin adenine dinucleotide,NA,NA,NA,NA,NA,NA,NA
1080,220302_Smp_SWBlk_2,Flavin adenine dinucleotide,NA,NA,NA,NA,NA,NA,NA
1081,220302_Smp_SWBlk_3,Flavin adenine dinucleotide,NA,NA,NA,NA,NA,NA,NA
1082,220302_Smp_OBi1_1,Flavin adenine dinucleotide,NA,NA,NA,NA,NA,NA,NA
1083,220302_Smp_OBi1_2,Flavin adenine dinucleotide,NA,NA,NA,NA,NA,NA,NA
1084,220302_Smp_OBi1_3,Flavin adenine dinucleotide,NA,NA,NA,NA,NA,NA,NA
1085,220302_Smp_OBi1_4,Flavin adenine dinucleotide,NA,NA,NA,NA,NA,NA,NA
1086,220302_Smp_OBi1_5,Flavin adenine dinucleotide,NA,NA,NA,NA,NA,NA,NA
1087,220302_Smp_OBi1_6,Flavin adenine dinucleotide,NA,NA,NA,NA,NA,NA,NA
1088,220302_Smp_OBi1_7,Flavin adenine dinucleotide,NA,NA,NA,NA,NA,NA,NA
1089,220302_Smp_OBi1_8,Flavin adenine dinucleotide,NA,NA,NA,NA,NA,NA,NA
1090,220302_Smp_OBi1_9,Flavin adenine dinucleotide,NA,NA,NA,NA,NA,NA,NA
1091,220302_Smp_OBi1small_1,Flavin adenine dinucleotide,NA,NA,NA,NA,NA,NA,NA
1092,220302_Smp_OBi1small_2,Flavin adenine dinucleotide,NA,NA,NA,NA,NA,NA,NA
1093,220302_Smp_OBi1small_3,Flavin adenine dinucleotide,NA,NA,NA,NA,NA,NA,NA
1094,220302_Smp_OBi1small_4,Flavin adenine dinucleotide,NA,NA,NA,NA,NA,NA,NA
1095,220302_Smp_RWi2_1,Flavin adenine dinucleotide,NA,NA,NA,NA,NA,NA,NA
1096,220302_Smp_RWi2_2,Flavin adenine dinucleotide,NA,NA,NA,NA,NA,NA,NA
1097,220302_Smp_RWi2_3,Flavin adenine dinucleotide,NA,NA,NA,NA,NA,NA,NA
1098,220302_Smp_RWi2_4,Flavin adenine dinucleotide,NA,NA,NA,NA,NA,NA,NA
1099,220302_Smp_RWi2_5,Flavin adenine dinucleotide,NA,NA,NA,NA,NA,NA,NA
1100,220302_Smp_RWi2_6,Flavin adenine dinucleotide,NA,NA,NA,NA,NA,NA,NA
1101,220302_Std_4uMStdsMix1InH2O_1,D-Fructose 6-phosphate,12.95,73559432,546644,5677756,1.5,NA,73559432
1102,220302_Std_4uMStdsMix1InH2O_2,D-Fructose 6-phosphate,12.53,114285728,0,7129228,3,NA,114285728
1103,220302_Std_4uMStdsMix1InMatrix_1,D-Fructose 6-phosphate,12.92,74856848,0,5633714,1.8,NA,74856848
1104,220302_Std_4uMStdsMix1InMatrix_2,D-Fructose 6-phosphate,12.56,106686688,427711,7497795,2.9,NA,106686688
1105,220302_Std_4uMStdsMix2InH2O_1,D-Fructose 6-phosphate,NA,NA,NA,NA,NA,NA,NA
1106,220302_Std_4uMStdsMix2InH2O_2,D-Fructose 6-phosphate,NA,NA,NA,NA,NA,NA,NA
1107,220302_Std_4uMStdsMix2InMatrix_1,D-Fructose 6-phosphate,NA,NA,NA,NA,NA,NA,NA
1108,220302_Std_4uMStdsMix2InMatrix_2,D-Fructose 6-phosphate,NA,NA,NA,NA,NA,NA,NA
1109,220302_Std_H2OinMatrix_1,D-Fructose 6-phosphate,NA,NA,NA,NA,NA,NA,NA
1110,220302_Std_H2OinMatrix_2,D-Fructose 6-phosphate,NA,NA,NA,NA,NA,NA,NA
1111,220302_Poo_TruePooBacteria_Full1,D-Fructose 6-phosphate,NA,NA,NA,NA,NA,NA,NA
1112,220302_Poo_TruePooBacteria_Full2,D-Fructose 6-phosphate,NA,NA,NA,NA,NA,NA,NA
1113,220302_Poo_TruePooBacteria_Full3,D-Fructose 6-phosphate,NA,NA,NA,NA,NA,NA,NA
1114,220302_Poo_TruePooBacteria_Half1,D-Fructose 6-phosphate,12.77,47287,0,37077,7.7,"ppm_flag,",NA
1115,220302_Poo_TruePooBacteria_Half2,D-Fructose 6-phosphate,NA,NA,NA,NA,NA,NA,NA
1116,220302_Poo_TruePooBacteria_Half3,D-Fructose 6-phosphate,NA,NA,NA,NA,NA,NA,NA
1117,220302_Smp_MQBlk1_A,D-Fructose 6-phosphate,NA,NA,NA,NA,NA,NA,NA
1118,220302_Smp_MQBlk1_B,D-Fructose 6-phosphate,NA,NA,NA,NA,NA,NA,NA
1119,220302_Smp_MQBlk1_C,D-Fructose 6-phosphate,NA,NA,NA,NA,NA,NA,NA
1120,220302_Smp_MQBlk2_A,D-Fructose 6-phosphate,NA,NA,NA,NA,NA,NA,NA
1121,220302_Smp_MQBlk2_B,D-Fructose 6-phosphate,NA,NA,NA,NA,NA,NA,NA
1122,220302_Smp_MQBlk2_C,D-Fructose 6-phosphate,NA,NA,NA,NA,NA,NA,NA
1123,220302_Smp_MQBlk3_A,D-Fructose 6-phosphate,NA,NA,NA,NA,NA,NA,NA
1124,220302_Smp_MQBlk3_B,D-Fructose 6-phosphate,NA,NA,NA,NA,NA,NA,NA
1125,220302_Smp_MQBlk3_C,D-Fructose 6-phosphate,NA,NA,NA,NA,NA,NA,NA
1126,220302_Smp_SupernatBlk_1,D-Fructose 6-phosphate,NA,NA,NA,NA,NA,NA,NA
1127,220302_Smp_SupernatBlk_2,D-Fructose 6-phosphate,NA,NA,NA,NA,NA,NA,NA
1128,220302_Smp_SupernatBlk_3,D-Fructose 6-phosphate,NA,NA,NA,NA,NA,NA,NA
1129,220302_Smp_SWBlk_1,D-Fructose 6-phosphate,NA,NA,NA,NA,NA,NA,NA
1130,220302_Smp_SWBlk_2,D-Fructose 6-phosphate,NA,NA,NA,NA,NA,NA,NA
1131,220302_Smp_SWBlk_3,D-Fructose 6-phosphate,NA,NA,NA,NA,NA,NA,NA
1132,220302_Smp_OBi1_1,D-Fructose 6-phosphate,NA,NA,NA,NA,NA,NA,NA
1133,220302_Smp_OBi1_2,D-Fructose 6-phosphate,NA,NA,NA,NA,NA,NA,NA
1134,220302_Smp_OBi1_3,D-Fructose 6-phosphate,NA,NA,NA,NA,NA,NA,NA
1135,220302_Smp_OBi1_4,D-Fructose 6-phosphate,NA,NA,NA,NA,NA,NA,NA
1136,220302_Smp_OBi1_5,D-Fructose 6-phosphate,NA,NA,NA,NA,NA,NA,NA
1137,220302_Smp_OBi1_6,D-Fructose 6-phosphate,NA,NA,NA,NA,NA,NA,NA
1138,220302_Smp_OBi1_7,D-Fructose 6-phosphate,NA,NA,NA,NA,NA,NA,NA
1139,220302_Smp_OBi1_8,D-Fructose 6-phosphate,NA,NA,NA,NA,NA,NA,NA
1140,220302_Smp_OBi1_9,D-Fructose 6-phosphate,NA,NA,NA,NA,NA,NA,NA
1141,220302_Smp_OBi1small_1,D-Fructose 6-phosphate,NA,NA,NA,NA,NA,NA,NA
1142,220302_Smp_OBi1small_2,D-Fructose 6-phosphate,NA,NA,NA,NA,NA,NA,NA
1143,220302_Smp_OBi1small_3,D-Fructose 6-phosphate,NA,NA,NA,NA,NA,NA,NA
1144,220302_Smp_OBi1small_4,D-Fructose 6-phosphate,NA,NA,NA,NA,NA,NA,NA
1145,220302_Smp_RWi2_1,D-Fructose 6-phosphate,NA,NA,NA,NA,NA,NA,NA
1146,220302_Smp_RWi2_2,D-Fructose 6-phosphate,NA,NA,NA,NA,NA,NA,NA
1147,220302_Smp_RWi2_3,D-Fructose 6-phosphate,NA,NA,NA,NA,NA,NA,NA
1148,220302_Smp_RWi2_4,D-Fructose 6-phosphate,NA,NA,NA,NA,NA,NA,NA
1149,220302_Smp_RWi2_5,D-Fructose 6-phosphate,NA,NA,NA,NA,NA,NA,NA
1150,220302_Smp_RWi2_6,D-Fructose 6-phosphate,NA,NA,NA,NA,NA,NA,NA
1151,220302_Std_4uMStdsMix1InH2O_1,Fumaric acid,12.83,80650120,4505816,6138329,-3.3,NA,80650120
1152,220302_Std_4uMStdsMix1InH2O_2,Fumaric acid,12.28,151695216,0,7005389,-3.2,NA,151695216
1153,220302_Std_4uMStdsMix1InMatrix_1,Fumaric acid,12.81,88928360,425848,6949680,-3.1,NA,88928360
1154,220302_Std_4uMStdsMix1InMatrix_2,Fumaric acid,12.35,137118032,3293038,8895025,-3.2,NA,137118032
1155,220302_Std_4uMStdsMix2InH2O_1,Fumaric acid,12.87,3522464,785034,230698,-3.3,blank_flag,NA
1156,220302_Std_4uMStdsMix2InH2O_2,Fumaric acid,12.65,2508247,0,336677,-3.3,blank_flag,NA
1157,220302_Std_4uMStdsMix2InMatrix_1,Fumaric acid,12.8,6133390,861355,425777,-3,blank_flag,NA
1158,220302_Std_4uMStdsMix2InMatrix_2,Fumaric acid,12.37,5475974,0,463299,-3,blank_flag,NA
1159,220302_Std_H2OinMatrix_1,Fumaric acid,12.89,4612979,0,224962,-3.3,blank_flag,NA
1160,220302_Std_H2OinMatrix_2,Fumaric acid,12.35,6649147,0,363421,-3.2,blank_flag,NA
1161,220302_Poo_TruePooBacteria_Full1,Fumaric acid,12.7,6222195,1439707,335148,-3.2,blank_flag,NA
1162,220302_Poo_TruePooBacteria_Full2,Fumaric acid,12.66,10413809,0,363989,-2.9,blank_flag,NA
1163,220302_Poo_TruePooBacteria_Full3,Fumaric acid,12.48,8383448,0,362921,-2.8,blank_flag,NA
1164,220302_Poo_TruePooBacteria_Half1,Fumaric acid,12.75,3924637,0,285290,-3.2,blank_flag,NA
1165,220302_Poo_TruePooBacteria_Half2,Fumaric acid,12.6,3925588,0,311768,-2.6,blank_flag,NA
1166,220302_Poo_TruePooBacteria_Half3,Fumaric acid,12.63,2567597,0,267835,-2.8,blank_flag,NA
1167,220302_Smp_MQBlk1_A,Fumaric acid,12.75,7475458,0,327185,-3.4,blank_flag,NA
1168,220302_Smp_MQBlk1_B,Fumaric acid,12.78,6721673,0,293986,-3.4,blank_flag,NA
1169,220302_Smp_MQBlk1_C,Fumaric acid,12.85,6628275,809476,355288,-3.5,blank_flag,NA
1170,220302_Smp_MQBlk2_A,Fumaric acid,12.65,10464951,0,395588,-2.7,blank_flag,NA
1171,220302_Smp_MQBlk2_B,Fumaric acid,12.63,4758068,0,304263,-2.6,blank_flag,NA
1172,220302_Smp_MQBlk2_C,Fumaric acid,12.62,6503685,1877091,335463,-2.6,blank_flag,NA
1173,220302_Smp_MQBlk3_A,Fumaric acid,12.35,7835146,0,315033,-2.1,blank_flag,NA
1174,220302_Smp_MQBlk3_B,Fumaric acid,12.47,5854292,0,393342,-2.2,blank_flag,NA
1175,220302_Smp_MQBlk3_C,Fumaric acid,12.41,6113460,0,279386,-2.3,blank_flag,NA
1176,220302_Smp_SupernatBlk_1,Fumaric acid,12.69,5609900,0,316745,-2.3,blank_flag,NA
1177,220302_Smp_SupernatBlk_2,Fumaric acid,12.8,2406735,4449853,149761,-3,"sn_flag, blank_flag",NA
1178,220302_Smp_SupernatBlk_3,Fumaric acid,12.54,10603762,0,477965,-2.9,blank_flag,NA
1179,220302_Smp_SWBlk_1,Fumaric acid,12.78,3911517,167567,260922,-2.4,blank_flag,NA
1180,220302_Smp_SWBlk_2,Fumaric acid,12.59,8116374,0,463701,-2.8,blank_flag,NA
1181,220302_Smp_SWBlk_3,Fumaric acid,12.8,7022167,452471,296503,-2.9,blank_flag,NA
1182,220302_Smp_OBi1_1,Fumaric acid,12.68,6788798,134264,506763,-2.1,blank_flag,NA
1183,220302_Smp_OBi1_2,Fumaric acid,12.52,9030511,1976695,425315,-2.8,blank_flag,NA
1184,220302_Smp_OBi1_3,Fumaric acid,12.57,8398957,0,331340,-3,blank_flag,NA
1185,220302_Smp_OBi1_4,Fumaric acid,12.7,5191122,540946,341939,-2.6,blank_flag,NA
1186,220302_Smp_OBi1_5,Fumaric acid,12.81,7115518,0,350348,-2.2,blank_flag,NA
1187,220302_Smp_OBi1_6,Fumaric acid,12.69,5474337,0,308334,-2.3,blank_flag,NA
1188,220302_Smp_OBi1_7,Fumaric acid,12.64,11248291,0,354127,-3,blank_flag,NA
1189,220302_Smp_OBi1_8,Fumaric acid,12.6,8352456,648757,455560,-2.8,blank_flag,NA
1190,220302_Smp_OBi1_9,Fumaric acid,12.7,6056347,1706460,271586,-2.6,blank_flag,NA
1191,220302_Smp_OBi1small_1,Fumaric acid,12.76,6868573,0,394514,-2.1,blank_flag,NA
1192,220302_Smp_OBi1small_2,Fumaric acid,12.54,10317332,0,535728,-2.9,blank_flag,NA
1193,220302_Smp_OBi1small_3,Fumaric acid,12.74,4223600,0,324404,-3,blank_flag,NA
1194,220302_Smp_OBi1small_4,Fumaric acid,12.56,4913229,4681334,308132,-2.4,"sn_flag, blank_flag",NA
1195,220302_Smp_RWi2_1,Fumaric acid,12.84,5537257,0,295998,-2.6,blank_flag,NA
1196,220302_Smp_RWi2_2,Fumaric acid,12.62,8573029,684138,410005,-2.4,blank_flag,NA
1197,220302_Smp_RWi2_3,Fumaric acid,12.51,9632867,0,495050,-2.8,blank_flag,NA
1198,220302_Smp_RWi2_4,Fumaric acid,12.62,5220721,1086160,279501,-2,blank_flag,NA
1199,220302_Smp_RWi2_5,Fumaric acid,12.66,6102539,0,587853,-2.2,blank_flag,NA
1200,220302_Smp_RWi2_6,Fumaric acid,12.67,3287037,0,267318,-3,blank_flag,NA
1201,220302_Std_4uMStdsMix1InH2O_1,D-Gluconic acid,NA,NA,NA,NA,NA,NA,NA
1202,220302_Std_4uMStdsMix1InH2O_2,D-Gluconic acid,NA,NA,NA,NA,NA,NA,NA
1203,220302_Std_4uMStdsMix1InMatrix_1,D-Gluconic acid,NA,NA,NA,NA,NA,NA,NA
1204,220302_Std_4uMStdsMix1InMatrix_2,D-Gluconic acid,NA,NA,NA,NA,NA,NA,NA
1205,220302_Std_4uMStdsMix2InH2O_1,D-Gluconic acid,10.66,1210410368,39386812,57714144,0,NA,1210410368
1206,220302_Std_4uMStdsMix2InH2O_2,D-Gluconic acid,9.76,2114311296,52996880,98412688,0.8,NA,2114311296
1207,220302_Std_4uMStdsMix2InMatrix_1,D-Gluconic acid,10.75,1110850304,33913672,60348552,0.3,NA,1110850304
1208,220302_Std_4uMStdsMix2InMatrix_2,D-Gluconic acid,9.9,1876227712,52560024,95002872,1.1,NA,1876227712
1209,220302_Std_H2OinMatrix_1,D-Gluconic acid,10.55,1036520,10863394,171940,0.1,"sn_flag, blank_flag",NA
1210,220302_Std_H2OinMatrix_2,D-Gluconic acid,9.92,1616241,0,137504,2.6,blank_flag,NA
1211,220302_Poo_TruePooBacteria_Full1,D-Gluconic acid,10.62,837767,4416063,166505,1,"sn_flag, blank_flag",NA
1212,220302_Poo_TruePooBacteria_Full2,D-Gluconic acid,9.95,400833,0,144157,0.5,blank_flag,NA
1213,220302_Poo_TruePooBacteria_Full3,D-Gluconic acid,10.11,841817,0,158621,2.6,blank_flag,NA
1214,220302_Poo_TruePooBacteria_Half1,D-Gluconic acid,10.09,7411037,0,303234,0.9,blank_flag,NA
1215,220302_Poo_TruePooBacteria_Half2,D-Gluconic acid,10.65,1041292,0,161779,0.7,blank_flag,NA
1216,220302_Poo_TruePooBacteria_Half3,D-Gluconic acid,10.31,731237,0,136339,0.9,blank_flag,NA
1217,220302_Smp_MQBlk1_A,D-Gluconic acid,10.75,9765950,181716,324060,0.2,NA,9765950
1218,220302_Smp_MQBlk1_B,D-Gluconic acid,10.5,3102610,4423269,206122,1,"sn_flag, blank_flag",NA
1219,220302_Smp_MQBlk1_C,D-Gluconic acid,10.07,9242249,52157,274009,0.9,NA,9242249
1220,220302_Smp_MQBlk2_A,D-Gluconic acid,10.13,477467,0,161229,0.2,blank_flag,NA
1221,220302_Smp_MQBlk2_B,D-Gluconic acid,10.27,1319769,0,174001,1.8,blank_flag,NA
1222,220302_Smp_MQBlk2_C,D-Gluconic acid,9.84,372457,0,101556,2.4,blank_flag,NA
1223,220302_Smp_MQBlk3_A,D-Gluconic acid,9.93,590077,0,175704,2,blank_flag,NA
1224,220302_Smp_MQBlk3_B,D-Gluconic acid,10.16,816534,0,125417,2.9,blank_flag,NA
1225,220302_Smp_MQBlk3_C,D-Gluconic acid,9.72,421427,0,97920,0.9,blank_flag,NA
1226,220302_Smp_SupernatBlk_1,D-Gluconic acid,9.98,411417,0,181856,0.6,blank_flag,NA
1227,220302_Smp_SupernatBlk_2,D-Gluconic acid,10.24,1034767,0,144002,2.2,blank_flag,NA
1228,220302_Smp_SupernatBlk_3,D-Gluconic acid,10.61,1008963,0,178078,1,blank_flag,NA
1229,220302_Smp_SWBlk_1,D-Gluconic acid,10.07,1766092,0,179905,1.7,blank_flag,NA
1230,220302_Smp_SWBlk_2,D-Gluconic acid,10.38,1443360,0,169015,-0.1,blank_flag,NA
1231,220302_Smp_SWBlk_3,D-Gluconic acid,10.46,5058009,0,338972,1.5,blank_flag,NA
1232,220302_Smp_OBi1_1,D-Gluconic acid,10.5,2947935,0,266383,2,blank_flag,NA
1233,220302_Smp_OBi1_2,D-Gluconic acid,10.15,7434516,0,491479,1.3,blank_flag,NA
1234,220302_Smp_OBi1_3,D-Gluconic acid,10,2310733,0,227298,1.2,blank_flag,NA
1235,220302_Smp_OBi1_4,D-Gluconic acid,10.56,1279652,0,201117,1.3,blank_flag,NA
1236,220302_Smp_OBi1_5,D-Gluconic acid,10.95,1297055,0,144334,0.5,blank_flag,NA
1237,220302_Smp_OBi1_6,D-Gluconic acid,10.41,1183261,0,161959,0.9,blank_flag,NA
1238,220302_Smp_OBi1_7,D-Gluconic acid,10.14,3849238,0,362809,2.2,blank_flag,NA
1239,220302_Smp_OBi1_8,D-Gluconic acid,10.22,1174743,0,188237,1.5,blank_flag,NA
1240,220302_Smp_OBi1_9,D-Gluconic acid,10.33,2454853,106660,235973,2.1,blank_flag,NA
1241,220302_Smp_OBi1small_1,D-Gluconic acid,10.29,2389479,0,170753,1.4,blank_flag,NA
1242,220302_Smp_OBi1small_2,D-Gluconic acid,10.16,2024926,0,199229,0.6,blank_flag,NA
1243,220302_Smp_OBi1small_3,D-Gluconic acid,10.17,1100369,0,159698,0.3,blank_flag,NA
1244,220302_Smp_OBi1small_4,D-Gluconic acid,10.22,1939363,0,162711,2.2,blank_flag,NA
1245,220302_Smp_RWi2_1,D-Gluconic acid,10.61,1905653,0,183896,1.2,blank_flag,NA
1246,220302_Smp_RWi2_2,D-Gluconic acid,9.61,1818046,0,197502,1.4,blank_flag,NA
1247,220302_Smp_RWi2_3,D-Gluconic acid,10.14,1942732,0,242961,0.8,blank_flag,NA
1248,220302_Smp_RWi2_4,D-Gluconic acid,10.23,1715846,0,187566,2.5,blank_flag,NA
1249,220302_Smp_RWi2_5,D-Gluconic acid,10.81,1076508,0,152899,1.1,blank_flag,NA
1250,220302_Smp_RWi2_6,D-Gluconic acid,9.91,1107098,0,232332,1.1,blank_flag,NA
1251,220302_Std_4uMStdsMix1InH2O_1,D-Glucose 1-phosphate,12.95,73559432,546644,5677756,1.5,NA,73559432
1252,220302_Std_4uMStdsMix1InH2O_2,D-Glucose 1-phosphate,12.53,114285728,0,7129228,3,NA,114285728
1253,220302_Std_4uMStdsMix1InMatrix_1,D-Glucose 1-phosphate,12.92,74856848,0,5633714,1.8,NA,74856848
1254,220302_Std_4uMStdsMix1InMatrix_2,D-Glucose 1-phosphate,12.56,106686688,427711,7497795,2.9,NA,106686688
1255,220302_Std_4uMStdsMix2InH2O_1,D-Glucose 1-phosphate,12.84,112040440,0,8151188,1.6,NA,112040440
1256,220302_Std_4uMStdsMix2InH2O_2,D-Glucose 1-phosphate,12.46,184329024,0,10565568,2.8,NA,184329024
1257,220302_Std_4uMStdsMix2InMatrix_1,D-Glucose 1-phosphate,12.86,103512744,1308713,8222169,1.9,NA,103512744
1258,220302_Std_4uMStdsMix2InMatrix_2,D-Glucose 1-phosphate,12.46,170641920,0,12326558,3.1,NA,170641920
1259,220302_Std_H2OinMatrix_1,D-Glucose 1-phosphate,NA,NA,NA,NA,NA,NA,NA
1260,220302_Std_H2OinMatrix_2,D-Glucose 1-phosphate,NA,NA,NA,NA,NA,NA,NA
1261,220302_Poo_TruePooBacteria_Full1,D-Glucose 1-phosphate,NA,NA,NA,NA,NA,NA,NA
1262,220302_Poo_TruePooBacteria_Full2,D-Glucose 1-phosphate,NA,NA,NA,NA,NA,NA,NA
1263,220302_Poo_TruePooBacteria_Full3,D-Glucose 1-phosphate,NA,NA,NA,NA,NA,NA,NA
1264,220302_Poo_TruePooBacteria_Half1,D-Glucose 1-phosphate,12.77,47287,0,37077,7.7,"ppm_flag,",NA
1265,220302_Poo_TruePooBacteria_Half2,D-Glucose 1-phosphate,NA,NA,NA,NA,NA,NA,NA
1266,220302_Poo_TruePooBacteria_Half3,D-Glucose 1-phosphate,NA,NA,NA,NA,NA,NA,NA
1267,220302_Smp_MQBlk1_A,D-Glucose 1-phosphate,NA,NA,NA,NA,NA,NA,NA
1268,220302_Smp_MQBlk1_B,D-Glucose 1-phosphate,NA,NA,NA,NA,NA,NA,NA
1269,220302_Smp_MQBlk1_C,D-Glucose 1-phosphate,NA,NA,NA,NA,NA,NA,NA
1270,220302_Smp_MQBlk2_A,D-Glucose 1-phosphate,NA,NA,NA,NA,NA,NA,NA
1271,220302_Smp_MQBlk2_B,D-Glucose 1-phosphate,NA,NA,NA,NA,NA,NA,NA
1272,220302_Smp_MQBlk2_C,D-Glucose 1-phosphate,NA,NA,NA,NA,NA,NA,NA
1273,220302_Smp_MQBlk3_A,D-Glucose 1-phosphate,NA,NA,NA,NA,NA,NA,NA
1274,220302_Smp_MQBlk3_B,D-Glucose 1-phosphate,NA,NA,NA,NA,NA,NA,NA
1275,220302_Smp_MQBlk3_C,D-Glucose 1-phosphate,NA,NA,NA,NA,NA,NA,NA
1276,220302_Smp_SupernatBlk_1,D-Glucose 1-phosphate,NA,NA,NA,NA,NA,NA,NA
1277,220302_Smp_SupernatBlk_2,D-Glucose 1-phosphate,NA,NA,NA,NA,NA,NA,NA
1278,220302_Smp_SupernatBlk_3,D-Glucose 1-phosphate,NA,NA,NA,NA,NA,NA,NA
1279,220302_Smp_SWBlk_1,D-Glucose 1-phosphate,NA,NA,NA,NA,NA,NA,NA
1280,220302_Smp_SWBlk_2,D-Glucose 1-phosphate,NA,NA,NA,NA,NA,NA,NA
1281,220302_Smp_SWBlk_3,D-Glucose 1-phosphate,NA,NA,NA,NA,NA,NA,NA
1282,220302_Smp_OBi1_1,D-Glucose 1-phosphate,NA,NA,NA,NA,NA,NA,NA
1283,220302_Smp_OBi1_2,D-Glucose 1-phosphate,NA,NA,NA,NA,NA,NA,NA
1284,220302_Smp_OBi1_3,D-Glucose 1-phosphate,NA,NA,NA,NA,NA,NA,NA
1285,220302_Smp_OBi1_4,D-Glucose 1-phosphate,NA,NA,NA,NA,NA,NA,NA
1286,220302_Smp_OBi1_5,D-Glucose 1-phosphate,NA,NA,NA,NA,NA,NA,NA
1287,220302_Smp_OBi1_6,D-Glucose 1-phosphate,NA,NA,NA,NA,NA,NA,NA
1288,220302_Smp_OBi1_7,D-Glucose 1-phosphate,NA,NA,NA,NA,NA,NA,NA
1289,220302_Smp_OBi1_8,D-Glucose 1-phosphate,NA,NA,NA,NA,NA,NA,NA
1290,220302_Smp_OBi1_9,D-Glucose 1-phosphate,NA,NA,NA,NA,NA,NA,NA
1291,220302_Smp_OBi1small_1,D-Glucose 1-phosphate,NA,NA,NA,NA,NA,NA,NA
1292,220302_Smp_OBi1small_2,D-Glucose 1-phosphate,NA,NA,NA,NA,NA,NA,NA
1293,220302_Smp_OBi1small_3,D-Glucose 1-phosphate,NA,NA,NA,NA,NA,NA,NA
1294,220302_Smp_OBi1small_4,D-Glucose 1-phosphate,NA,NA,NA,NA,NA,NA,NA
1295,220302_Smp_RWi2_1,D-Glucose 1-phosphate,NA,NA,NA,NA,NA,NA,NA
1296,220302_Smp_RWi2_2,D-Glucose 1-phosphate,NA,NA,NA,NA,NA,NA,NA
1297,220302_Smp_RWi2_3,D-Glucose 1-phosphate,NA,NA,NA,NA,NA,NA,NA
1298,220302_Smp_RWi2_4,D-Glucose 1-phosphate,NA,NA,NA,NA,NA,NA,NA
1299,220302_Smp_RWi2_5,D-Glucose 1-phosphate,NA,NA,NA,NA,NA,NA,NA
1300,220302_Smp_RWi2_6,D-Glucose 1-phosphate,NA,NA,NA,NA,NA,NA,NA
1301,220302_Std_4uMStdsMix1InH2O_1,D-Glucose 6-phosphate,13.63,74852104,13017205,5954527,1.5,NA,74852104
1302,220302_Std_4uMStdsMix1InH2O_2,D-Glucose 6-phosphate,13.26,115985200,19422936,7982906,2.9,NA,115985200
1303,220302_Std_4uMStdsMix1InMatrix_1,D-Glucose 6-phosphate,13.64,81865456,12149039,6248346,1.8,NA,81865456
1304,220302_Std_4uMStdsMix1InMatrix_2,D-Glucose 6-phosphate,13.3,109647960,21136556,8075944,2.9,NA,109647960
1305,220302_Std_4uMStdsMix2InH2O_1,D-Glucose 6-phosphate,NA,NA,NA,NA,NA,NA,NA
1306,220302_Std_4uMStdsMix2InH2O_2,D-Glucose 6-phosphate,NA,NA,NA,NA,NA,NA,NA
1307,220302_Std_4uMStdsMix2InMatrix_1,D-Glucose 6-phosphate,NA,NA,NA,NA,NA,NA,NA
1308,220302_Std_4uMStdsMix2InMatrix_2,D-Glucose 6-phosphate,NA,NA,NA,NA,NA,NA,NA
1309,220302_Std_H2OinMatrix_1,D-Glucose 6-phosphate,NA,NA,NA,NA,NA,NA,NA
1310,220302_Std_H2OinMatrix_2,D-Glucose 6-phosphate,NA,NA,NA,NA,NA,NA,NA
1311,220302_Poo_TruePooBacteria_Full1,D-Glucose 6-phosphate,NA,NA,NA,NA,NA,NA,NA
1312,220302_Poo_TruePooBacteria_Full2,D-Glucose 6-phosphate,NA,NA,NA,NA,NA,NA,NA
1313,220302_Poo_TruePooBacteria_Full3,D-Glucose 6-phosphate,NA,NA,NA,NA,NA,NA,NA
1314,220302_Poo_TruePooBacteria_Half1,D-Glucose 6-phosphate,NA,NA,NA,NA,NA,NA,NA
1315,220302_Poo_TruePooBacteria_Half2,D-Glucose 6-phosphate,NA,NA,NA,NA,NA,NA,NA
1316,220302_Poo_TruePooBacteria_Half3,D-Glucose 6-phosphate,NA,NA,NA,NA,NA,NA,NA
1317,220302_Smp_MQBlk1_A,D-Glucose 6-phosphate,NA,NA,NA,NA,NA,NA,NA
1318,220302_Smp_MQBlk1_B,D-Glucose 6-phosphate,NA,NA,NA,NA,NA,NA,NA
1319,220302_Smp_MQBlk1_C,D-Glucose 6-phosphate,NA,NA,NA,NA,NA,NA,NA
1320,220302_Smp_MQBlk2_A,D-Glucose 6-phosphate,NA,NA,NA,NA,NA,NA,NA
1321,220302_Smp_MQBlk2_B,D-Glucose 6-phosphate,NA,NA,NA,NA,NA,NA,NA
1322,220302_Smp_MQBlk2_C,D-Glucose 6-phosphate,NA,NA,NA,NA,NA,NA,NA
1323,220302_Smp_MQBlk3_A,D-Glucose 6-phosphate,NA,NA,NA,NA,NA,NA,NA
1324,220302_Smp_MQBlk3_B,D-Glucose 6-phosphate,NA,NA,NA,NA,NA,NA,NA
1325,220302_Smp_MQBlk3_C,D-Glucose 6-phosphate,NA,NA,NA,NA,NA,NA,NA
1326,220302_Smp_SupernatBlk_1,D-Glucose 6-phosphate,NA,NA,NA,NA,NA,NA,NA
1327,220302_Smp_SupernatBlk_2,D-Glucose 6-phosphate,NA,NA,NA,NA,NA,NA,NA
1328,220302_Smp_SupernatBlk_3,D-Glucose 6-phosphate,NA,NA,NA,NA,NA,NA,NA
1329,220302_Smp_SWBlk_1,D-Glucose 6-phosphate,NA,NA,NA,NA,NA,NA,NA
1330,220302_Smp_SWBlk_2,D-Glucose 6-phosphate,NA,NA,NA,NA,NA,NA,NA
1331,220302_Smp_SWBlk_3,D-Glucose 6-phosphate,NA,NA,NA,NA,NA,NA,NA
1332,220302_Smp_OBi1_1,D-Glucose 6-phosphate,NA,NA,NA,NA,NA,NA,NA
1333,220302_Smp_OBi1_2,D-Glucose 6-phosphate,NA,NA,NA,NA,NA,NA,NA
1334,220302_Smp_OBi1_3,D-Glucose 6-phosphate,NA,NA,NA,NA,NA,NA,NA
1335,220302_Smp_OBi1_4,D-Glucose 6-phosphate,NA,NA,NA,NA,NA,NA,NA
1336,220302_Smp_OBi1_5,D-Glucose 6-phosphate,NA,NA,NA,NA,NA,NA,NA
1337,220302_Smp_OBi1_6,D-Glucose 6-phosphate,NA,NA,NA,NA,NA,NA,NA
1338,220302_Smp_OBi1_7,D-Glucose 6-phosphate,NA,NA,NA,NA,NA,NA,NA
1339,220302_Smp_OBi1_8,D-Glucose 6-phosphate,NA,NA,NA,NA,NA,NA,NA
1340,220302_Smp_OBi1_9,D-Glucose 6-phosphate,NA,NA,NA,NA,NA,NA,NA
1341,220302_Smp_OBi1small_1,D-Glucose 6-phosphate,NA,NA,NA,NA,NA,NA,NA
1342,220302_Smp_OBi1small_2,D-Glucose 6-phosphate,NA,NA,NA,NA,NA,NA,NA
1343,220302_Smp_OBi1small_3,D-Glucose 6-phosphate,NA,NA,NA,NA,NA,NA,NA
1344,220302_Smp_OBi1small_4,D-Glucose 6-phosphate,NA,NA,NA,NA,NA,NA,NA
1345,220302_Smp_RWi2_1,D-Glucose 6-phosphate,NA,NA,NA,NA,NA,NA,NA
1346,220302_Smp_RWi2_2,D-Glucose 6-phosphate,NA,NA,NA,NA,NA,NA,NA
1347,220302_Smp_RWi2_3,D-Glucose 6-phosphate,NA,NA,NA,NA,NA,NA,NA
1348,220302_Smp_RWi2_4,D-Glucose 6-phosphate,NA,NA,NA,NA,NA,NA,NA
1349,220302_Smp_RWi2_5,D-Glucose 6-phosphate,NA,NA,NA,NA,NA,NA,NA
1350,220302_Smp_RWi2_6,D-Glucose 6-phosphate,NA,NA,NA,NA,NA,NA,NA
1351,220302_Std_4uMStdsMix1InH2O_1,Glycerophosphoric acid,NA,NA,NA,NA,NA,NA,NA
1352,220302_Std_4uMStdsMix1InH2O_2,Glycerophosphoric acid,NA,NA,NA,NA,NA,NA,NA
1353,220302_Std_4uMStdsMix1InMatrix_1,Glycerophosphoric acid,NA,NA,NA,NA,NA,NA,NA
1354,220302_Std_4uMStdsMix1InMatrix_2,Glycerophosphoric acid,NA,NA,NA,NA,NA,NA,NA
1355,220302_Std_4uMStdsMix2InH2O_1,Glycerophosphoric acid,12.14,86825160,0,5973799,-0.8,NA,86825160
1356,220302_Std_4uMStdsMix2InH2O_2,Glycerophosphoric acid,11.62,179626224,0,8024024,-0.3,NA,179626224
1357,220302_Std_4uMStdsMix2InMatrix_1,Glycerophosphoric acid,12.13,79160816,0,6504725,-0.4,NA,79160816
1358,220302_Std_4uMStdsMix2InMatrix_2,Glycerophosphoric acid,11.65,171513792,0,9834530,0,NA,171513792
1359,220302_Std_H2OinMatrix_1,Glycerophosphoric acid,NA,NA,NA,NA,NA,NA,NA
1360,220302_Std_H2OinMatrix_2,Glycerophosphoric acid,NA,NA,NA,NA,NA,NA,NA
1361,220302_Poo_TruePooBacteria_Full1,Glycerophosphoric acid,NA,NA,NA,NA,NA,NA,NA
1362,220302_Poo_TruePooBacteria_Full2,Glycerophosphoric acid,NA,NA,NA,NA,NA,NA,NA
1363,220302_Poo_TruePooBacteria_Full3,Glycerophosphoric acid,NA,NA,NA,NA,NA,NA,NA
1364,220302_Poo_TruePooBacteria_Half1,Glycerophosphoric acid,NA,NA,NA,NA,NA,NA,NA
1365,220302_Poo_TruePooBacteria_Half2,Glycerophosphoric acid,NA,NA,NA,NA,NA,NA,NA
1366,220302_Poo_TruePooBacteria_Half3,Glycerophosphoric acid,NA,NA,NA,NA,NA,NA,NA
1367,220302_Smp_MQBlk1_A,Glycerophosphoric acid,NA,NA,NA,NA,NA,NA,NA
1368,220302_Smp_MQBlk1_B,Glycerophosphoric acid,NA,NA,NA,NA,NA,NA,NA
1369,220302_Smp_MQBlk1_C,Glycerophosphoric acid,NA,NA,NA,NA,NA,NA,NA
1370,220302_Smp_MQBlk2_A,Glycerophosphoric acid,NA,NA,NA,NA,NA,NA,NA
1371,220302_Smp_MQBlk2_B,Glycerophosphoric acid,NA,NA,NA,NA,NA,NA,NA
1372,220302_Smp_MQBlk2_C,Glycerophosphoric acid,NA,NA,NA,NA,NA,NA,NA
1373,220302_Smp_MQBlk3_A,Glycerophosphoric acid,NA,NA,NA,NA,NA,NA,NA
1374,220302_Smp_MQBlk3_B,Glycerophosphoric acid,NA,NA,NA,NA,NA,NA,NA
1375,220302_Smp_MQBlk3_C,Glycerophosphoric acid,NA,NA,NA,NA,NA,NA,NA
1376,220302_Smp_SupernatBlk_1,Glycerophosphoric acid,NA,NA,NA,NA,NA,NA,NA
1377,220302_Smp_SupernatBlk_2,Glycerophosphoric acid,NA,NA,NA,NA,NA,NA,NA
1378,220302_Smp_SupernatBlk_3,Glycerophosphoric acid,NA,NA,NA,NA,NA,NA,NA
1379,220302_Smp_SWBlk_1,Glycerophosphoric acid,NA,NA,NA,NA,NA,NA,NA
1380,220302_Smp_SWBlk_2,Glycerophosphoric acid,NA,NA,NA,NA,NA,NA,NA
1381,220302_Smp_SWBlk_3,Glycerophosphoric acid,13,78873,0,66767,1.2,NA,78873
1382,220302_Smp_OBi1_1,Glycerophosphoric acid,NA,NA,NA,NA,NA,NA,NA
1383,220302_Smp_OBi1_2,Glycerophosphoric acid,NA,NA,NA,NA,NA,NA,NA
1384,220302_Smp_OBi1_3,Glycerophosphoric acid,NA,NA,NA,NA,NA,NA,NA
1385,220302_Smp_OBi1_4,Glycerophosphoric acid,NA,NA,NA,NA,NA,NA,NA
1386,220302_Smp_OBi1_5,Glycerophosphoric acid,13,67434,0,54001,1.6,NA,67434
1387,220302_Smp_OBi1_6,Glycerophosphoric acid,NA,NA,NA,NA,NA,NA,NA
1388,220302_Smp_OBi1_7,Glycerophosphoric acid,NA,NA,NA,NA,NA,NA,NA
1389,220302_Smp_OBi1_8,Glycerophosphoric acid,NA,NA,NA,NA,NA,NA,NA
1390,220302_Smp_OBi1_9,Glycerophosphoric acid,NA,NA,NA,NA,NA,NA,NA
1391,220302_Smp_OBi1small_1,Glycerophosphoric acid,NA,NA,NA,NA,NA,NA,NA
1392,220302_Smp_OBi1small_2,Glycerophosphoric acid,NA,NA,NA,NA,NA,NA,NA
1393,220302_Smp_OBi1small_3,Glycerophosphoric acid,NA,NA,NA,NA,NA,NA,NA
1394,220302_Smp_OBi1small_4,Glycerophosphoric acid,12.48,103982,0,60337,0.2,NA,103982
1395,220302_Smp_RWi2_1,Glycerophosphoric acid,NA,NA,NA,NA,NA,NA,NA
1396,220302_Smp_RWi2_2,Glycerophosphoric acid,NA,NA,NA,NA,NA,NA,NA
1397,220302_Smp_RWi2_3,Glycerophosphoric acid,NA,NA,NA,NA,NA,NA,NA
1398,220302_Smp_RWi2_4,Glycerophosphoric acid,NA,NA,NA,NA,NA,NA,NA
1399,220302_Smp_RWi2_5,Glycerophosphoric acid,NA,NA,NA,NA,NA,NA,NA
1400,220302_Smp_RWi2_6,Glycerophosphoric acid,13.52,110585,0,107590,-0.4,NA,110585
1401,220302_Std_4uMStdsMix1InH2O_1,Guanosine monophosphate,NA,NA,NA,NA,NA,NA,NA
1402,220302_Std_4uMStdsMix1InH2O_2,Guanosine monophosphate,NA,NA,NA,NA,NA,NA,NA
1403,220302_Std_4uMStdsMix1InMatrix_1,Guanosine monophosphate,NA,NA,NA,NA,NA,NA,NA
1404,220302_Std_4uMStdsMix1InMatrix_2,Guanosine monophosphate,NA,NA,NA,NA,NA,NA,NA
1405,220302_Std_4uMStdsMix2InH2O_1,Guanosine monophosphate,13.52,71823008,0,4924039,1.5,NA,71823008
1406,220302_Std_4uMStdsMix2InH2O_2,Guanosine monophosphate,13.15,131511656,0,7903104,2.8,NA,131511656
1407,220302_Std_4uMStdsMix2InMatrix_1,Guanosine monophosphate,13.53,61984904,0,4509560,1.7,NA,61984904
1408,220302_Std_4uMStdsMix2InMatrix_2,Guanosine monophosphate,13.18,122625144,0,8795902,3.2,NA,122625144
1409,220302_Std_H2OinMatrix_1,Guanosine monophosphate,NA,NA,NA,NA,NA,NA,NA
1410,220302_Std_H2OinMatrix_2,Guanosine monophosphate,NA,NA,NA,NA,NA,NA,NA
1411,220302_Poo_TruePooBacteria_Full1,Guanosine monophosphate,NA,NA,NA,NA,NA,NA,NA
1412,220302_Poo_TruePooBacteria_Full2,Guanosine monophosphate,NA,NA,NA,NA,NA,NA,NA
1413,220302_Poo_TruePooBacteria_Full3,Guanosine monophosphate,NA,NA,NA,NA,NA,NA,NA
1414,220302_Poo_TruePooBacteria_Half1,Guanosine monophosphate,NA,NA,NA,NA,NA,NA,NA
1415,220302_Poo_TruePooBacteria_Half2,Guanosine monophosphate,NA,NA,NA,NA,NA,NA,NA
1416,220302_Poo_TruePooBacteria_Half3,Guanosine monophosphate,NA,NA,NA,NA,NA,NA,NA
1417,220302_Smp_MQBlk1_A,Guanosine monophosphate,NA,NA,NA,NA,NA,NA,NA
1418,220302_Smp_MQBlk1_B,Guanosine monophosphate,NA,NA,NA,NA,NA,NA,NA
1419,220302_Smp_MQBlk1_C,Guanosine monophosphate,NA,NA,NA,NA,NA,NA,NA
1420,220302_Smp_MQBlk2_A,Guanosine monophosphate,NA,NA,NA,NA,NA,NA,NA
1421,220302_Smp_MQBlk2_B,Guanosine monophosphate,13.78,104699,0,95675,-0.9,blank_flag,NA
1422,220302_Smp_MQBlk2_C,Guanosine monophosphate,NA,NA,NA,NA,NA,NA,NA
1423,220302_Smp_MQBlk3_A,Guanosine monophosphate,NA,NA,NA,NA,NA,NA,NA
1424,220302_Smp_MQBlk3_B,Guanosine monophosphate,NA,NA,NA,NA,NA,NA,NA
1425,220302_Smp_MQBlk3_C,Guanosine monophosphate,NA,NA,NA,NA,NA,NA,NA
1426,220302_Smp_SupernatBlk_1,Guanosine monophosphate,NA,NA,NA,NA,NA,NA,NA
1427,220302_Smp_SupernatBlk_2,Guanosine monophosphate,NA,NA,NA,NA,NA,NA,NA
1428,220302_Smp_SupernatBlk_3,Guanosine monophosphate,NA,NA,NA,NA,NA,NA,NA
1429,220302_Smp_SWBlk_1,Guanosine monophosphate,NA,NA,NA,NA,NA,NA,NA
1430,220302_Smp_SWBlk_2,Guanosine monophosphate,NA,NA,NA,NA,NA,NA,NA
1431,220302_Smp_SWBlk_3,Guanosine monophosphate,NA,NA,NA,NA,NA,NA,NA
1432,220302_Smp_OBi1_1,Guanosine monophosphate,14.16,133092,0,85534,2.6,blank_flag,NA
1433,220302_Smp_OBi1_2,Guanosine monophosphate,NA,NA,NA,NA,NA,NA,NA
1434,220302_Smp_OBi1_3,Guanosine monophosphate,NA,NA,NA,NA,NA,NA,NA
1435,220302_Smp_OBi1_4,Guanosine monophosphate,NA,NA,NA,NA,NA,NA,NA
1436,220302_Smp_OBi1_5,Guanosine monophosphate,NA,NA,NA,NA,NA,NA,NA
1437,220302_Smp_OBi1_6,Guanosine monophosphate,NA,NA,NA,NA,NA,NA,NA
1438,220302_Smp_OBi1_7,Guanosine monophosphate,14.07,22207,0,12705,-5,"areamin_flag, blank_flag",NA
1439,220302_Smp_OBi1_8,Guanosine monophosphate,NA,NA,NA,NA,NA,NA,NA
1440,220302_Smp_OBi1_9,Guanosine monophosphate,NA,NA,NA,NA,NA,NA,NA
1441,220302_Smp_OBi1small_1,Guanosine monophosphate,NA,NA,NA,NA,NA,NA,NA
1442,220302_Smp_OBi1small_2,Guanosine monophosphate,NA,NA,NA,NA,NA,NA,NA
1443,220302_Smp_OBi1small_3,Guanosine monophosphate,NA,NA,NA,NA,NA,NA,NA
1444,220302_Smp_OBi1small_4,Guanosine monophosphate,NA,NA,NA,NA,NA,NA,NA
1445,220302_Smp_RWi2_1,Guanosine monophosphate,NA,NA,NA,NA,NA,NA,NA
1446,220302_Smp_RWi2_2,Guanosine monophosphate,NA,NA,NA,NA,NA,NA,NA
1447,220302_Smp_RWi2_3,Guanosine monophosphate,NA,NA,NA,NA,NA,NA,NA
1448,220302_Smp_RWi2_4,Guanosine monophosphate,NA,NA,NA,NA,NA,NA,NA
1449,220302_Smp_RWi2_5,Guanosine monophosphate,NA,NA,NA,NA,NA,NA,NA
1450,220302_Smp_RWi2_6,Guanosine monophosphate,NA,NA,NA,NA,NA,NA,NA
1451,220302_Std_4uMStdsMix1InH2O_1,Guanosine triphosphate,NA,NA,NA,NA,NA,NA,NA
1452,220302_Std_4uMStdsMix1InH2O_2,Guanosine triphosphate,NA,NA,NA,NA,NA,NA,NA
1453,220302_Std_4uMStdsMix1InMatrix_1,Guanosine triphosphate,NA,NA,NA,NA,NA,NA,NA
1454,220302_Std_4uMStdsMix1InMatrix_2,Guanosine triphosphate,NA,NA,NA,NA,NA,NA,NA
1455,220302_Std_4uMStdsMix2InH2O_1,Guanosine triphosphate,15.82,1749253,0,221153,0.7,NA,1749253
1456,220302_Std_4uMStdsMix2InH2O_2,Guanosine triphosphate,15.55,25972716,0,1550012,1.9,NA,25972716
1457,220302_Std_4uMStdsMix2InMatrix_1,Guanosine triphosphate,15.91,1364364,0,193041,0.6,NA,1364364
1458,220302_Std_4uMStdsMix2InMatrix_2,Guanosine triphosphate,15.58,23146902,0,1095087,2.4,NA,23146902
1459,220302_Std_H2OinMatrix_1,Guanosine triphosphate,16.24,81776,0,59033,-6.1,"ppm_flag,",NA
1460,220302_Std_H2OinMatrix_2,Guanosine triphosphate,NA,NA,NA,NA,NA,NA,NA
1461,220302_Poo_TruePooBacteria_Full1,Guanosine triphosphate,NA,NA,NA,NA,NA,NA,NA
1462,220302_Poo_TruePooBacteria_Full2,Guanosine triphosphate,NA,NA,NA,NA,NA,NA,NA
1463,220302_Poo_TruePooBacteria_Full3,Guanosine triphosphate,NA,NA,NA,NA,NA,NA,NA
1464,220302_Poo_TruePooBacteria_Half1,Guanosine triphosphate,NA,NA,NA,NA,NA,NA,NA
1465,220302_Poo_TruePooBacteria_Half2,Guanosine triphosphate,NA,NA,NA,NA,NA,NA,NA
1466,220302_Poo_TruePooBacteria_Half3,Guanosine triphosphate,NA,NA,NA,NA,NA,NA,NA
1467,220302_Smp_MQBlk1_A,Guanosine triphosphate,NA,NA,NA,NA,NA,NA,NA
1468,220302_Smp_MQBlk1_B,Guanosine triphosphate,NA,NA,NA,NA,NA,NA,NA
1469,220302_Smp_MQBlk1_C,Guanosine triphosphate,NA,NA,NA,NA,NA,NA,NA
1470,220302_Smp_MQBlk2_A,Guanosine triphosphate,NA,NA,NA,NA,NA,NA,NA
1471,220302_Smp_MQBlk2_B,Guanosine triphosphate,NA,NA,NA,NA,NA,NA,NA
1472,220302_Smp_MQBlk2_C,Guanosine triphosphate,NA,NA,NA,NA,NA,NA,NA
1473,220302_Smp_MQBlk3_A,Guanosine triphosphate,NA,NA,NA,NA,NA,NA,NA
1474,220302_Smp_MQBlk3_B,Guanosine triphosphate,NA,NA,NA,NA,NA,NA,NA
1475,220302_Smp_MQBlk3_C,Guanosine triphosphate,NA,NA,NA,NA,NA,NA,NA
1476,220302_Smp_SupernatBlk_1,Guanosine triphosphate,NA,NA,NA,NA,NA,NA,NA
1477,220302_Smp_SupernatBlk_2,Guanosine triphosphate,NA,NA,NA,NA,NA,NA,NA
1478,220302_Smp_SupernatBlk_3,Guanosine triphosphate,NA,NA,NA,NA,NA,NA,NA
1479,220302_Smp_SWBlk_1,Guanosine triphosphate,NA,NA,NA,NA,NA,NA,NA
1480,220302_Smp_SWBlk_2,Guanosine triphosphate,NA,NA,NA,NA,NA,NA,NA
1481,220302_Smp_SWBlk_3,Guanosine triphosphate,NA,NA,NA,NA,NA,NA,NA
1482,220302_Smp_OBi1_1,Guanosine triphosphate,NA,NA,NA,NA,NA,NA,NA
1483,220302_Smp_OBi1_2,Guanosine triphosphate,NA,NA,NA,NA,NA,NA,NA
1484,220302_Smp_OBi1_3,Guanosine triphosphate,NA,NA,NA,NA,NA,NA,NA
1485,220302_Smp_OBi1_4,Guanosine triphosphate,NA,NA,NA,NA,NA,NA,NA
1486,220302_Smp_OBi1_5,Guanosine triphosphate,NA,NA,NA,NA,NA,NA,NA
1487,220302_Smp_OBi1_6,Guanosine triphosphate,NA,NA,NA,NA,NA,NA,NA
1488,220302_Smp_OBi1_7,Guanosine triphosphate,NA,NA,NA,NA,NA,NA,NA
1489,220302_Smp_OBi1_8,Guanosine triphosphate,NA,NA,NA,NA,NA,NA,NA
1490,220302_Smp_OBi1_9,Guanosine triphosphate,NA,NA,NA,NA,NA,NA,NA
1491,220302_Smp_OBi1small_1,Guanosine triphosphate,NA,NA,NA,NA,NA,NA,NA
1492,220302_Smp_OBi1small_2,Guanosine triphosphate,NA,NA,NA,NA,NA,NA,NA
1493,220302_Smp_OBi1small_3,Guanosine triphosphate,NA,NA,NA,NA,NA,NA,NA
1494,220302_Smp_OBi1small_4,Guanosine triphosphate,NA,NA,NA,NA,NA,NA,NA
1495,220302_Smp_RWi2_1,Guanosine triphosphate,NA,NA,NA,NA,NA,NA,NA
1496,220302_Smp_RWi2_2,Guanosine triphosphate,NA,NA,NA,NA,NA,NA,NA
1497,220302_Smp_RWi2_3,Guanosine triphosphate,NA,NA,NA,NA,NA,NA,NA
1498,220302_Smp_RWi2_4,Guanosine triphosphate,NA,NA,NA,NA,NA,NA,NA
1499,220302_Smp_RWi2_5,Guanosine triphosphate,NA,NA,NA,NA,NA,NA,NA
1500,220302_Smp_RWi2_6,Guanosine triphosphate,NA,NA,NA,NA,NA,NA,NA
1501,220302_Std_4uMStdsMix1InH2O_1,Urocanic acid,NA,NA,NA,NA,NA,NA,NA
1502,220302_Std_4uMStdsMix1InH2O_2,Urocanic acid,NA,NA,NA,NA,NA,NA,NA
1503,220302_Std_4uMStdsMix1InMatrix_1,Urocanic acid,NA,NA,NA,NA,NA,NA,NA
1504,220302_Std_4uMStdsMix1InMatrix_2,Urocanic acid,NA,NA,NA,NA,NA,NA,NA
1505,220302_Std_4uMStdsMix2InH2O_1,Urocanic acid,7.88,484050336,1528115,33137580,-2.4,NA,484050336
1506,220302_Std_4uMStdsMix2InH2O_2,Urocanic acid,6.91,657913792,12168576,33967780,-1.9,NA,657913792
1507,220302_Std_4uMStdsMix2InMatrix_1,Urocanic acid,7.93,540830784,5964979,43450980,-2.2,NA,540830784
1508,220302_Std_4uMStdsMix2InMatrix_2,Urocanic acid,7,601850624,7059104,44316348,-1.8,NA,601850624
1509,220302_Std_H2OinMatrix_1,Urocanic acid,7.87,5787784,0,305326,-2.5,blank_flag,NA
1510,220302_Std_H2OinMatrix_2,Urocanic acid,7.06,4978686,3104672,351069,-1.7,"sn_flag, blank_flag",NA
1511,220302_Poo_TruePooBacteria_Full1,Urocanic acid,7.81,5891128,0,498975,-1.2,blank_flag,NA
1512,220302_Poo_TruePooBacteria_Full2,Urocanic acid,7.7,2890132,3717525,423796,-1.8,"sn_flag, blank_flag",NA
1513,220302_Poo_TruePooBacteria_Full3,Urocanic acid,7.22,8760619,0,405617,-1.5,blank_flag,NA
1514,220302_Poo_TruePooBacteria_Half1,Urocanic acid,7.9,4732260,174000,391139,-1.4,blank_flag,NA
1515,220302_Poo_TruePooBacteria_Half2,Urocanic acid,7.8,5994319,0,278949,-1.6,blank_flag,NA
1516,220302_Poo_TruePooBacteria_Half3,Urocanic acid,8.23,6119475,590088,424977,-1.7,blank_flag,NA
1517,220302_Smp_MQBlk1_A,Urocanic acid,8.04,7411783,328412,544338,-2.5,blank_flag,NA
1518,220302_Smp_MQBlk1_B,Urocanic acid,8.07,5095522,0,381186,-2.1,blank_flag,NA
1519,220302_Smp_MQBlk1_C,Urocanic acid,7.9,7136719,0,489939,-1.6,blank_flag,NA
1520,220302_Smp_MQBlk2_A,Urocanic acid,7.64,3366474,4137164,292543,-1.8,"sn_flag, blank_flag",NA
1521,220302_Smp_MQBlk2_B,Urocanic acid,7.48,8082361,190355,324606,-1.6,blank_flag,NA
1522,220302_Smp_MQBlk2_C,Urocanic acid,7.52,5595568,2500876,393833,-1.7,"sn_flag, blank_flag",NA
1523,220302_Smp_MQBlk3_A,Urocanic acid,7.21,6116055,0,396304,-1.5,blank_flag,NA
1524,220302_Smp_MQBlk3_B,Urocanic acid,8.15,3471372,4386167,254578,-1.5,"sn_flag, blank_flag",NA
1525,220302_Smp_MQBlk3_C,Urocanic acid,7.19,4305131,3553607,359858,-1.5,"sn_flag, blank_flag",NA
1526,220302_Smp_SupernatBlk_1,Urocanic acid,7.71,6475252,0,557758,-0.9,blank_flag,NA
1527,220302_Smp_SupernatBlk_2,Urocanic acid,7.62,4434144,0,385004,-1.7,blank_flag,NA
1528,220302_Smp_SupernatBlk_3,Urocanic acid,7.47,9362157,0,424655,-1.4,blank_flag,NA
1529,220302_Smp_SWBlk_1,Urocanic acid,7.9,8633767,726027,676465,-0.9,blank_flag,NA
1530,220302_Smp_SWBlk_2,Urocanic acid,7.64,6733353,0,520941,-1.4,blank_flag,NA
1531,220302_Smp_SWBlk_3,Urocanic acid,7.82,2343443,1983710,403112,-1.3,"sn_flag, blank_flag",NA
1532,220302_Smp_OBi1_1,Urocanic acid,7.72,5893543,6021818,308310,-1,"sn_flag, blank_flag",NA
1533,220302_Smp_OBi1_2,Urocanic acid,7.42,900522,4411904,128216,-1.4,"sn_flag, blank_flag",NA
1534,220302_Smp_OBi1_3,Urocanic acid,7.27,10275762,327570,747616,-1.8,blank_flag,NA
1535,220302_Smp_OBi1_4,Urocanic acid,7.79,7621897,0,533911,-1.5,blank_flag,NA
1536,220302_Smp_OBi1_5,Urocanic acid,8.07,7182314,0,482698,-1.2,blank_flag,NA
1537,220302_Smp_OBi1_6,Urocanic acid,7.71,14095301,0,1125277,-1.5,blank_flag,NA
1538,220302_Smp_OBi1_7,Urocanic acid,7.32,1351207,4351452,133846,-1.2,"sn_flag, blank_flag",NA
1539,220302_Smp_OBi1_8,Urocanic acid,7.66,8063328,0,355865,-1.5,blank_flag,NA
1540,220302_Smp_OBi1_9,Urocanic acid,7.83,3467904,5534112,192756,-1.2,"sn_flag, blank_flag",NA
1541,220302_Smp_OBi1small_1,Urocanic acid,7.96,2639660,2888863,257829,-1.2,"sn_flag, blank_flag",NA
1542,220302_Smp_OBi1small_2,Urocanic acid,7.47,4713527,4126400,294345,-1.8,"sn_flag, blank_flag",NA
1543,220302_Smp_OBi1small_3,Urocanic acid,7.57,7235693,2602839,228545,-1.5,"sn_flag, blank_flag",NA
1544,220302_Smp_OBi1small_4,Urocanic acid,7.77,6176697,3676448,413887,-0.5,"sn_flag, blank_flag",NA
1545,220302_Smp_RWi2_1,Urocanic acid,8.24,5019127,1041102,420433,-1.2,blank_flag,NA
1546,220302_Smp_RWi2_2,Urocanic acid,7.35,5194903,1839874,251832,-0.9,"sn_flag, blank_flag",NA
1547,220302_Smp_RWi2_3,Urocanic acid,7.28,2808180,4381954,261762,-1.8,"sn_flag, blank_flag",NA
1548,220302_Smp_RWi2_4,Urocanic acid,7.56,3902087,5904249,334707,-1.2,"sn_flag, blank_flag",NA
1549,220302_Smp_RWi2_5,Urocanic acid,7.77,6990914,0,586608,-1.4,blank_flag,NA
1550,220302_Smp_RWi2_6,Urocanic acid,7.71,9191462,0,611723,-1.6,blank_flag,NA
1551,220302_Std_4uMStdsMix1InH2O_1,Inosine,NA,NA,NA,NA,NA,NA,NA
1552,220302_Std_4uMStdsMix1InH2O_2,Inosine,NA,NA,NA,NA,NA,NA,NA
1553,220302_Std_4uMStdsMix1InMatrix_1,Inosine,NA,NA,NA,NA,NA,NA,NA
1554,220302_Std_4uMStdsMix1InMatrix_2,Inosine,NA,NA,NA,NA,NA,NA,NA
1555,220302_Std_4uMStdsMix2InH2O_1,Inosine,7.62,409811840,572230,23368538,2.3,NA,409811840
1556,220302_Std_4uMStdsMix2InH2O_2,Inosine,7.31,698897792,7971496,37503324,2.7,NA,698897792
1557,220302_Std_4uMStdsMix2InMatrix_1,Inosine,7.68,537332544,4349530,31615618,2.7,NA,537332544
1558,220302_Std_4uMStdsMix2InMatrix_2,Inosine,7.41,757657088,6955871,45440208,2.8,NA,757657088
1559,220302_Std_H2OinMatrix_1,Inosine,NA,NA,NA,NA,NA,NA,NA
1560,220302_Std_H2OinMatrix_2,Inosine,NA,NA,NA,NA,NA,NA,NA
1561,220302_Poo_TruePooBacteria_Full1,Inosine,NA,NA,NA,NA,NA,NA,NA
1562,220302_Poo_TruePooBacteria_Full2,Inosine,NA,NA,NA,NA,NA,NA,NA
1563,220302_Poo_TruePooBacteria_Full3,Inosine,NA,NA,NA,NA,NA,NA,NA
1564,220302_Poo_TruePooBacteria_Half1,Inosine,NA,NA,NA,NA,NA,NA,NA
1565,220302_Poo_TruePooBacteria_Half2,Inosine,NA,NA,NA,NA,NA,NA,NA
1566,220302_Poo_TruePooBacteria_Half3,Inosine,NA,NA,NA,NA,NA,NA,NA
1567,220302_Smp_MQBlk1_A,Inosine,NA,NA,NA,NA,NA,NA,NA
1568,220302_Smp_MQBlk1_B,Inosine,NA,NA,NA,NA,NA,NA,NA
1569,220302_Smp_MQBlk1_C,Inosine,NA,NA,NA,NA,NA,NA,NA
1570,220302_Smp_MQBlk2_A,Inosine,NA,NA,NA,NA,NA,NA,NA
1571,220302_Smp_MQBlk2_B,Inosine,NA,NA,NA,NA,NA,NA,NA
1572,220302_Smp_MQBlk2_C,Inosine,NA,NA,NA,NA,NA,NA,NA
1573,220302_Smp_MQBlk3_A,Inosine,NA,NA,NA,NA,NA,NA,NA
1574,220302_Smp_MQBlk3_B,Inosine,NA,NA,NA,NA,NA,NA,NA
1575,220302_Smp_MQBlk3_C,Inosine,NA,NA,NA,NA,NA,NA,NA
1576,220302_Smp_SupernatBlk_1,Inosine,8.07,137608,0,134608,0,NA,137608
1577,220302_Smp_SupernatBlk_2,Inosine,NA,NA,NA,NA,NA,NA,NA
1578,220302_Smp_SupernatBlk_3,Inosine,NA,NA,NA,NA,NA,NA,NA
1579,220302_Smp_SWBlk_1,Inosine,NA,NA,NA,NA,NA,NA,NA
1580,220302_Smp_SWBlk_2,Inosine,NA,NA,NA,NA,NA,NA,NA
1581,220302_Smp_SWBlk_3,Inosine,NA,NA,NA,NA,NA,NA,NA
1582,220302_Smp_OBi1_1,Inosine,NA,NA,NA,NA,NA,NA,NA
1583,220302_Smp_OBi1_2,Inosine,6.81,13000,0,7535,-5,"areamin_flag,",NA
1584,220302_Smp_OBi1_3,Inosine,NA,NA,NA,NA,NA,NA,NA
1585,220302_Smp_OBi1_4,Inosine,NA,NA,NA,NA,NA,NA,NA
1586,220302_Smp_OBi1_5,Inosine,7.44,6948,0,5002,-4.1,"areamin_flag,",NA
1587,220302_Smp_OBi1_6,Inosine,NA,NA,NA,NA,NA,NA,NA
1588,220302_Smp_OBi1_7,Inosine,NA,NA,NA,NA,NA,NA,NA
1589,220302_Smp_OBi1_8,Inosine,NA,NA,NA,NA,NA,NA,NA
1590,220302_Smp_OBi1_9,Inosine,7.63,12122,0,10754,-10.9,"ppm_flag, areamin_flag,",NA
1591,220302_Smp_OBi1small_1,Inosine,NA,NA,NA,NA,NA,NA,NA
1592,220302_Smp_OBi1small_2,Inosine,NA,NA,NA,NA,NA,NA,NA
1593,220302_Smp_OBi1small_3,Inosine,NA,NA,NA,NA,NA,NA,NA
1594,220302_Smp_OBi1small_4,Inosine,7.84,105052,0,97416,0.1,NA,105052
1595,220302_Smp_RWi2_1,Inosine,NA,NA,NA,NA,NA,NA,NA
1596,220302_Smp_RWi2_2,Inosine,NA,NA,NA,NA,NA,NA,NA
1597,220302_Smp_RWi2_3,Inosine,NA,NA,NA,NA,NA,NA,NA
1598,220302_Smp_RWi2_4,Inosine,NA,NA,NA,NA,NA,NA,NA
1599,220302_Smp_RWi2_5,Inosine,NA,NA,NA,NA,NA,NA,NA
1600,220302_Smp_RWi2_6,Inosine,NA,NA,NA,NA,NA,NA,NA
1601,220302_Std_4uMStdsMix1InH2O_1,Isethionic acid,NA,NA,NA,NA,NA,NA,NA
1602,220302_Std_4uMStdsMix1InH2O_2,Isethionic acid,NA,NA,NA,NA,NA,NA,NA
1603,220302_Std_4uMStdsMix1InMatrix_1,Isethionic acid,NA,NA,NA,NA,NA,NA,NA
1604,220302_Std_4uMStdsMix1InMatrix_2,Isethionic acid,NA,NA,NA,NA,NA,NA,NA
1605,220302_Std_4uMStdsMix2InH2O_1,Isethionic acid,6.88,1776523776,0,98011464,-2.8,NA,1776523776
1606,220302_Std_4uMStdsMix2InH2O_2,Isethionic acid,5.5,2720621568,0,131985336,-2.7,NA,2720621568
1607,220302_Std_4uMStdsMix2InMatrix_1,Isethionic acid,7.22,1287879808,23324750,110491272,-2.5,NA,1287879808
1608,220302_Std_4uMStdsMix2InMatrix_2,Isethionic acid,6.18,2335470592,41869572,103741448,-2.7,NA,2335470592
1609,220302_Std_H2OinMatrix_1,Isethionic acid,7.17,2645414,0,446765,-2.7,blank_flag,NA
1610,220302_Std_H2OinMatrix_2,Isethionic acid,6.18,2720592,0,296141,-2.4,blank_flag,NA
1611,220302_Poo_TruePooBacteria_Full1,Isethionic acid,7.2,6526941,0,689782,-2.5,blank_flag,NA
1612,220302_Poo_TruePooBacteria_Full2,Isethionic acid,7.07,5570417,0,574725,-2.4,blank_flag,NA
1613,220302_Poo_TruePooBacteria_Full3,Isethionic acid,6.58,5176863,0,378505,-2.3,blank_flag,NA
1614,220302_Poo_TruePooBacteria_Half1,Isethionic acid,6.97,2159743,0,366958,-2.4,blank_flag,NA
1615,220302_Poo_TruePooBacteria_Half2,Isethionic acid,6.79,2692886,0,373268,-2.3,blank_flag,NA
1616,220302_Poo_TruePooBacteria_Half3,Isethionic acid,6.3,3023166,0,395273,-2.4,blank_flag,NA
1617,220302_Smp_MQBlk1_A,Isethionic acid,7.82,6713821,0,569204,-2.9,blank_flag,NA
1618,220302_Smp_MQBlk1_B,Isethionic acid,7.41,5729471,0,568617,-2.8,blank_flag,NA
1619,220302_Smp_MQBlk1_C,Isethionic acid,7.27,6071256,0,576286,-2.7,blank_flag,NA
1620,220302_Smp_MQBlk2_A,Isethionic acid,6.99,2908183,0,391869,-1.9,blank_flag,NA
1621,220302_Smp_MQBlk2_B,Isethionic acid,6.45,3809621,0,258090,-2.2,blank_flag,NA
1622,220302_Smp_MQBlk2_C,Isethionic acid,6.5,1445610,0,200990,-1.6,blank_flag,NA
1623,220302_Smp_MQBlk3_A,Isethionic acid,6.02,5084186,0,554238,-1.4,blank_flag,NA
1624,220302_Smp_MQBlk3_B,Isethionic acid,5.81,5871761,0,522216,-1.8,blank_flag,NA
1625,220302_Smp_MQBlk3_C,Isethionic acid,5.92,5981072,0,530553,-2.3,blank_flag,NA
1626,220302_Smp_SupernatBlk_1,Isethionic acid,6.7,4316774,0,414283,-1.4,blank_flag,NA
1627,220302_Smp_SupernatBlk_2,Isethionic acid,6.27,4361851,0,322921,-2.2,blank_flag,NA
1628,220302_Smp_SupernatBlk_3,Isethionic acid,6.22,2504274,0,341498,-2.5,blank_flag,NA
1629,220302_Smp_SWBlk_1,Isethionic acid,6.85,2546445,0,266575,-1.9,blank_flag,NA
1630,220302_Smp_SWBlk_2,Isethionic acid,6.84,2449943,0,440470,-1.9,blank_flag,NA
1631,220302_Smp_SWBlk_3,Isethionic acid,7.27,4654340,0,419414,-2.5,blank_flag,NA
1632,220302_Smp_OBi1_1,Isethionic acid,7.28,2345579,0,280580,-1.7,blank_flag,NA
1633,220302_Smp_OBi1_2,Isethionic acid,6.1,1922134,0,251700,-2.5,blank_flag,NA
1634,220302_Smp_OBi1_3,Isethionic acid,6.01,2656217,0,294220,-2.6,blank_flag,NA
1635,220302_Smp_OBi1_4,Isethionic acid,6.94,2685573,0,293761,-1.6,blank_flag,NA
1636,220302_Smp_OBi1_5,Isethionic acid,7.9,5100917,0,440505,-1.8,blank_flag,NA
1637,220302_Smp_OBi1_6,Isethionic acid,6.68,1507427,0,271854,-1.9,blank_flag,NA
1638,220302_Smp_OBi1_7,Isethionic acid,6.1,1942635,0,312088,-2,blank_flag,NA
1639,220302_Smp_OBi1_8,Isethionic acid,7.16,2033140,0,268598,-2.4,blank_flag,NA
1640,220302_Smp_OBi1_9,Isethionic acid,6.42,2161243,0,225549,-1.7,blank_flag,NA
1641,220302_Smp_OBi1small_1,Isethionic acid,7.31,8515000,0,821789,-2,blank_flag,NA
1642,220302_Smp_OBi1small_2,Isethionic acid,6.55,3045802,0,451255,-2.4,blank_flag,NA
1643,220302_Smp_OBi1small_3,Isethionic acid,7.86,1508315,0,198038,-2.1,blank_flag,NA
1644,220302_Smp_OBi1small_4,Isethionic acid,6.43,2717099,0,240222,-1.4,blank_flag,NA
1645,220302_Smp_RWi2_1,Isethionic acid,8.19,2299613,0,258314,-2.1,blank_flag,NA
1646,220302_Smp_RWi2_2,Isethionic acid,6.18,2794200,0,293256,-2.1,blank_flag,NA
1647,220302_Smp_RWi2_3,Isethionic acid,6.26,4298112,0,356995,-2.3,blank_flag,NA
1648,220302_Smp_RWi2_4,Isethionic acid,6.71,4117738,0,472120,-1.5,blank_flag,NA
1649,220302_Smp_RWi2_5,Isethionic acid,7.17,1978162,0,283641,-2.2,blank_flag,NA
1650,220302_Smp_RWi2_6,Isethionic acid,6.84,2069134,0,327459,-1.8,blank_flag,NA
1651,220302_Std_4uMStdsMix1InH2O_1,Isocitric acid,15.01,167104832,1208100,12407179,-0.6,NA,167104832
1652,220302_Std_4uMStdsMix1InH2O_2,Isocitric acid,14.87,598548480,5957822,39747180,0.7,NA,598548480
1653,220302_Std_4uMStdsMix1InMatrix_1,Isocitric acid,15.03,158105584,315865,11501846,-0.2,NA,158105584
1654,220302_Std_4uMStdsMix1InMatrix_2,Isocitric acid,14.91,523572928,10606733,38933176,0.8,NA,523572928
1655,220302_Std_4uMStdsMix2InH2O_1,Isocitric acid,15.54,1929072,0,205587,-0.6,NA,1929072
1656,220302_Std_4uMStdsMix2InH2O_2,Isocitric acid,15.58,6193946,8495651,662455,0.4,"sn_flag,",NA
1657,220302_Std_4uMStdsMix2InMatrix_1,Isocitric acid,15.6,1862363,0,240589,-0.1,NA,1862363
1658,220302_Std_4uMStdsMix2InMatrix_2,Isocitric acid,15.57,4283814,9844427,479138,0.8,"sn_flag,",NA
1659,220302_Std_H2OinMatrix_1,Isocitric acid,NA,NA,NA,NA,NA,NA,NA
1660,220302_Std_H2OinMatrix_2,Isocitric acid,15.08,111880,0,103820,4.7,blank_flag,NA
1661,220302_Poo_TruePooBacteria_Full1,Isocitric acid,NA,NA,NA,NA,NA,NA,NA
1662,220302_Poo_TruePooBacteria_Full2,Isocitric acid,NA,NA,NA,NA,NA,NA,NA
1663,220302_Poo_TruePooBacteria_Full3,Isocitric acid,15.21,106766,0,75305,2.2,blank_flag,NA
1664,220302_Poo_TruePooBacteria_Half1,Isocitric acid,NA,NA,NA,NA,NA,NA,NA
1665,220302_Poo_TruePooBacteria_Half2,Isocitric acid,NA,NA,NA,NA,NA,NA,NA
1666,220302_Poo_TruePooBacteria_Half3,Isocitric acid,NA,NA,NA,NA,NA,NA,NA
1667,220302_Smp_MQBlk1_A,Isocitric acid,15.97,140716,0,104181,1.8,blank_flag,NA
1668,220302_Smp_MQBlk1_B,Isocitric acid,15.49,108595,0,70602,1,blank_flag,NA
1669,220302_Smp_MQBlk1_C,Isocitric acid,NA,NA,NA,NA,NA,NA,NA
1670,220302_Smp_MQBlk2_A,Isocitric acid,NA,NA,NA,NA,NA,NA,NA
1671,220302_Smp_MQBlk2_B,Isocitric acid,NA,NA,NA,NA,NA,NA,NA
1672,220302_Smp_MQBlk2_C,Isocitric acid,NA,NA,NA,NA,NA,NA,NA
1673,220302_Smp_MQBlk3_A,Isocitric acid,15.75,191412,0,196649,1,blank_flag,NA
1674,220302_Smp_MQBlk3_B,Isocitric acid,15.11,147195,0,142328,0.8,blank_flag,NA
1675,220302_Smp_MQBlk3_C,Isocitric acid,15.47,119026,0,77639,0.1,blank_flag,NA
1676,220302_Smp_SupernatBlk_1,Isocitric acid,NA,NA,NA,NA,NA,NA,NA
1677,220302_Smp_SupernatBlk_2,Isocitric acid,NA,NA,NA,NA,NA,NA,NA
1678,220302_Smp_SupernatBlk_3,Isocitric acid,14.84,111235,0,72037,-0.5,blank_flag,NA
1679,220302_Smp_SWBlk_1,Isocitric acid,NA,NA,NA,NA,NA,NA,NA
1680,220302_Smp_SWBlk_2,Isocitric acid,NA,NA,NA,NA,NA,NA,NA
1681,220302_Smp_SWBlk_3,Isocitric acid,NA,NA,NA,NA,NA,NA,NA
1682,220302_Smp_OBi1_1,Isocitric acid,15.61,81724,0,50377,-1.3,blank_flag,NA
1683,220302_Smp_OBi1_2,Isocitric acid,NA,NA,NA,NA,NA,NA,NA
1684,220302_Smp_OBi1_3,Isocitric acid,15.52,123512,0,88415,0.7,blank_flag,NA
1685,220302_Smp_OBi1_4,Isocitric acid,15.66,122739,0,103300,-0.6,blank_flag,NA
1686,220302_Smp_OBi1_5,Isocitric acid,NA,NA,NA,NA,NA,NA,NA
1687,220302_Smp_OBi1_6,Isocitric acid,NA,NA,NA,NA,NA,NA,NA
1688,220302_Smp_OBi1_7,Isocitric acid,NA,NA,NA,NA,NA,NA,NA
1689,220302_Smp_OBi1_8,Isocitric acid,NA,NA,NA,NA,NA,NA,NA
1690,220302_Smp_OBi1_9,Isocitric acid,15.6,129013,0,77501,1.4,blank_flag,NA
1691,220302_Smp_OBi1small_1,Isocitric acid,NA,NA,NA,NA,NA,NA,NA
1692,220302_Smp_OBi1small_2,Isocitric acid,NA,NA,NA,NA,NA,NA,NA
1693,220302_Smp_OBi1small_3,Isocitric acid,NA,NA,NA,NA,NA,NA,NA
1694,220302_Smp_OBi1small_4,Isocitric acid,15.69,110257,0,81732,0.5,blank_flag,NA
1695,220302_Smp_RWi2_1,Isocitric acid,NA,NA,NA,NA,NA,NA,NA
1696,220302_Smp_RWi2_2,Isocitric acid,NA,NA,NA,NA,NA,NA,NA
1697,220302_Smp_RWi2_3,Isocitric acid,NA,NA,NA,NA,NA,NA,NA
1698,220302_Smp_RWi2_4,Isocitric acid,16.11,120632,0,76300,0,blank_flag,NA
1699,220302_Smp_RWi2_5,Isocitric acid,NA,NA,NA,NA,NA,NA,NA
1700,220302_Smp_RWi2_6,Isocitric acid,NA,NA,NA,NA,NA,NA,NA
1701,220302_Std_4uMStdsMix1InH2O_1,2-keto-4-methylthiobutyric acid,2.17,143050128,2171352,32060446,-2,NA,143050128
1702,220302_Std_4uMStdsMix1InH2O_2,2-keto-4-methylthiobutyric acid,1.93,312772224,1181488,61397344,-1.6,NA,312772224
1703,220302_Std_4uMStdsMix1InMatrix_1,2-keto-4-methylthiobutyric acid,2.16,154600832,0,33208108,-1.8,NA,154600832
1704,220302_Std_4uMStdsMix1InMatrix_2,2-keto-4-methylthiobutyric acid,1.93,294780480,4807511,53548068,-1.4,NA,294780480
1705,220302_Std_4uMStdsMix2InH2O_1,2-keto-4-methylthiobutyric acid,NA,NA,NA,NA,NA,NA,NA
1706,220302_Std_4uMStdsMix2InH2O_2,2-keto-4-methylthiobutyric acid,NA,NA,NA,NA,NA,NA,NA
1707,220302_Std_4uMStdsMix2InMatrix_1,2-keto-4-methylthiobutyric acid,NA,NA,NA,NA,NA,NA,NA
1708,220302_Std_4uMStdsMix2InMatrix_2,2-keto-4-methylthiobutyric acid,NA,NA,NA,NA,NA,NA,NA
1709,220302_Std_H2OinMatrix_1,2-keto-4-methylthiobutyric acid,NA,NA,NA,NA,NA,NA,NA
1710,220302_Std_H2OinMatrix_2,2-keto-4-methylthiobutyric acid,NA,NA,NA,NA,NA,NA,NA
1711,220302_Poo_TruePooBacteria_Full1,2-keto-4-methylthiobutyric acid,NA,NA,NA,NA,NA,NA,NA
1712,220302_Poo_TruePooBacteria_Full2,2-keto-4-methylthiobutyric acid,NA,NA,NA,NA,NA,NA,NA
1713,220302_Poo_TruePooBacteria_Full3,2-keto-4-methylthiobutyric acid,NA,NA,NA,NA,NA,NA,NA
1714,220302_Poo_TruePooBacteria_Half1,2-keto-4-methylthiobutyric acid,NA,NA,NA,NA,NA,NA,NA
1715,220302_Poo_TruePooBacteria_Half2,2-keto-4-methylthiobutyric acid,NA,NA,NA,NA,NA,NA,NA
1716,220302_Poo_TruePooBacteria_Half3,2-keto-4-methylthiobutyric acid,2.91,148362,0,125272,0.7,NA,148362
1717,220302_Smp_MQBlk1_A,2-keto-4-methylthiobutyric acid,NA,NA,NA,NA,NA,NA,NA
1718,220302_Smp_MQBlk1_B,2-keto-4-methylthiobutyric acid,NA,NA,NA,NA,NA,NA,NA
1719,220302_Smp_MQBlk1_C,2-keto-4-methylthiobutyric acid,NA,NA,NA,NA,NA,NA,NA
1720,220302_Smp_MQBlk2_A,2-keto-4-methylthiobutyric acid,NA,NA,NA,NA,NA,NA,NA
1721,220302_Smp_MQBlk2_B,2-keto-4-methylthiobutyric acid,NA,NA,NA,NA,NA,NA,NA
1722,220302_Smp_MQBlk2_C,2-keto-4-methylthiobutyric acid,NA,NA,NA,NA,NA,NA,NA
1723,220302_Smp_MQBlk3_A,2-keto-4-methylthiobutyric acid,NA,NA,NA,NA,NA,NA,NA
1724,220302_Smp_MQBlk3_B,2-keto-4-methylthiobutyric acid,NA,NA,NA,NA,NA,NA,NA
1725,220302_Smp_MQBlk3_C,2-keto-4-methylthiobutyric acid,NA,NA,NA,NA,NA,NA,NA
1726,220302_Smp_SupernatBlk_1,2-keto-4-methylthiobutyric acid,NA,NA,NA,NA,NA,NA,NA
1727,220302_Smp_SupernatBlk_2,2-keto-4-methylthiobutyric acid,NA,NA,NA,NA,NA,NA,NA
1728,220302_Smp_SupernatBlk_3,2-keto-4-methylthiobutyric acid,NA,NA,NA,NA,NA,NA,NA
1729,220302_Smp_SWBlk_1,2-keto-4-methylthiobutyric acid,NA,NA,NA,NA,NA,NA,NA
1730,220302_Smp_SWBlk_2,2-keto-4-methylthiobutyric acid,NA,NA,NA,NA,NA,NA,NA
1731,220302_Smp_SWBlk_3,2-keto-4-methylthiobutyric acid,NA,NA,NA,NA,NA,NA,NA
1732,220302_Smp_OBi1_1,2-keto-4-methylthiobutyric acid,NA,NA,NA,NA,NA,NA,NA
1733,220302_Smp_OBi1_2,2-keto-4-methylthiobutyric acid,NA,NA,NA,NA,NA,NA,NA
1734,220302_Smp_OBi1_3,2-keto-4-methylthiobutyric acid,2.62,70815,0,72901,-0.3,NA,70815
1735,220302_Smp_OBi1_4,2-keto-4-methylthiobutyric acid,NA,NA,NA,NA,NA,NA,NA
1736,220302_Smp_OBi1_5,2-keto-4-methylthiobutyric acid,NA,NA,NA,NA,NA,NA,NA
1737,220302_Smp_OBi1_6,2-keto-4-methylthiobutyric acid,NA,NA,NA,NA,NA,NA,NA
1738,220302_Smp_OBi1_7,2-keto-4-methylthiobutyric acid,NA,NA,NA,NA,NA,NA,NA
1739,220302_Smp_OBi1_8,2-keto-4-methylthiobutyric acid,NA,NA,NA,NA,NA,NA,NA
1740,220302_Smp_OBi1_9,2-keto-4-methylthiobutyric acid,NA,NA,NA,NA,NA,NA,NA
1741,220302_Smp_OBi1small_1,2-keto-4-methylthiobutyric acid,NA,NA,NA,NA,NA,NA,NA
1742,220302_Smp_OBi1small_2,2-keto-4-methylthiobutyric acid,NA,NA,NA,NA,NA,NA,NA
1743,220302_Smp_OBi1small_3,2-keto-4-methylthiobutyric acid,NA,NA,NA,NA,NA,NA,NA
1744,220302_Smp_OBi1small_4,2-keto-4-methylthiobutyric acid,NA,NA,NA,NA,NA,NA,NA
1745,220302_Smp_RWi2_1,2-keto-4-methylthiobutyric acid,NA,NA,NA,NA,NA,NA,NA
1746,220302_Smp_RWi2_2,2-keto-4-methylthiobutyric acid,NA,NA,NA,NA,NA,NA,NA
1747,220302_Smp_RWi2_3,2-keto-4-methylthiobutyric acid,NA,NA,NA,NA,NA,NA,NA
1748,220302_Smp_RWi2_4,2-keto-4-methylthiobutyric acid,NA,NA,NA,NA,NA,NA,NA
1749,220302_Smp_RWi2_5,2-keto-4-methylthiobutyric acid,NA,NA,NA,NA,NA,NA,NA
1750,220302_Smp_RWi2_6,2-keto-4-methylthiobutyric acid,NA,NA,NA,NA,NA,NA,NA
1751,220302_Std_4uMStdsMix1InH2O_1,2-Ketoglutaric acid,12.35,272126080,4659452,21893252,-1.8,NA,272126080
1752,220302_Std_4uMStdsMix1InH2O_2,2-Ketoglutaric acid,11.61,535287520,0,20556478,-1.5,NA,535287520
1753,220302_Std_4uMStdsMix1InMatrix_1,2-Ketoglutaric acid,12.41,291889056,0,27472116,-1.6,NA,291889056
1754,220302_Std_4uMStdsMix1InMatrix_2,2-Ketoglutaric acid,11.74,479989504,320792,30418918,-1.5,NA,479989504
1755,220302_Std_4uMStdsMix2InH2O_1,2-Ketoglutaric acid,NA,NA,NA,NA,NA,NA,NA
1756,220302_Std_4uMStdsMix2InH2O_2,2-Ketoglutaric acid,NA,NA,NA,NA,NA,NA,NA
1757,220302_Std_4uMStdsMix2InMatrix_1,2-Ketoglutaric acid,NA,NA,NA,NA,NA,NA,NA
1758,220302_Std_4uMStdsMix2InMatrix_2,2-Ketoglutaric acid,NA,NA,NA,NA,NA,NA,NA
1759,220302_Std_H2OinMatrix_1,2-Ketoglutaric acid,12.27,594768,0,148984,-2.3,blank_flag,NA
1760,220302_Std_H2OinMatrix_2,2-Ketoglutaric acid,11.76,347043,0,202012,-0.9,blank_flag,NA
1761,220302_Poo_TruePooBacteria_Full1,2-Ketoglutaric acid,12.23,2621884,0,283743,-1,blank_flag,NA
1762,220302_Poo_TruePooBacteria_Full2,2-Ketoglutaric acid,12.2,1077714,0,169405,-0.9,blank_flag,NA
1763,220302_Poo_TruePooBacteria_Full3,2-Ketoglutaric acid,11.87,3742215,0,325962,-0.9,blank_flag,NA
1764,220302_Poo_TruePooBacteria_Half1,2-Ketoglutaric acid,12.18,433478,0,141660,-0.8,blank_flag,NA
1765,220302_Poo_TruePooBacteria_Half2,2-Ketoglutaric acid,11.97,557506,0,150815,-0.7,blank_flag,NA
1766,220302_Poo_TruePooBacteria_Half3,2-Ketoglutaric acid,11.88,769894,0,171651,-0.5,blank_flag,NA
1767,220302_Smp_MQBlk1_A,2-Ketoglutaric acid,12.35,4470879,0,418713,-1.5,blank_flag,NA
1768,220302_Smp_MQBlk1_B,2-Ketoglutaric acid,12.26,3479486,0,372661,-1.5,blank_flag,NA
1769,220302_Smp_MQBlk1_C,2-Ketoglutaric acid,12.16,3374028,0,344271,-1.7,blank_flag,NA
1770,220302_Smp_MQBlk2_A,2-Ketoglutaric acid,12.12,941891,0,217175,-1.1,blank_flag,NA
1771,220302_Smp_MQBlk2_B,2-Ketoglutaric acid,12.1,697778,0,164407,-0.4,blank_flag,NA
1772,220302_Smp_MQBlk2_C,2-Ketoglutaric acid,12.07,491092,0,126994,-0.3,blank_flag,NA
1773,220302_Smp_MQBlk3_A,2-Ketoglutaric acid,11.92,533483,0,179012,-0.6,blank_flag,NA
1774,220302_Smp_MQBlk3_B,2-Ketoglutaric acid,11.81,1718264,0,205700,-0.9,blank_flag,NA
1775,220302_Smp_MQBlk3_C,2-Ketoglutaric acid,11.84,1082502,0,170668,0,blank_flag,NA
1776,220302_Smp_SupernatBlk_1,2-Ketoglutaric acid,12.13,288353,0,120456,-0.2,blank_flag,NA
1777,220302_Smp_SupernatBlk_2,2-Ketoglutaric acid,11.75,94236,0,67643,-2.9,blank_flag,NA
1778,220302_Smp_SupernatBlk_3,2-Ketoglutaric acid,12,829248,0,157496,0,blank_flag,NA
1779,220302_Smp_SWBlk_1,2-Ketoglutaric acid,12.27,1340562,0,182760,-0.5,blank_flag,NA
1780,220302_Smp_SWBlk_2,2-Ketoglutaric acid,12.04,1576755,0,244517,-1,blank_flag,NA
1781,220302_Smp_SWBlk_3,2-Ketoglutaric acid,12.13,2661038,0,268271,-0.9,blank_flag,NA
1782,220302_Smp_OBi1_1,2-Ketoglutaric acid,12.17,3022562,0,298533,-0.6,blank_flag,NA
1783,220302_Smp_OBi1_2,2-Ketoglutaric acid,12.04,1188900,0,234845,-0.8,blank_flag,NA
1784,220302_Smp_OBi1_3,2-Ketoglutaric acid,12,3476740,0,306211,-1.1,blank_flag,NA
1785,220302_Smp_OBi1_4,2-Ketoglutaric acid,12.16,1386614,0,181818,-0.5,blank_flag,NA
1786,220302_Smp_OBi1_5,2-Ketoglutaric acid,12.24,3335566,0,344946,-0.5,blank_flag,NA
1787,220302_Smp_OBi1_6,2-Ketoglutaric acid,12.1,1680374,0,267167,-0.6,blank_flag,NA
1788,220302_Smp_OBi1_7,2-Ketoglutaric acid,11.96,859832,0,198434,-1.1,blank_flag,NA
1789,220302_Smp_OBi1_8,2-Ketoglutaric acid,12.1,2299457,0,282656,-1.4,blank_flag,NA
1790,220302_Smp_OBi1_9,2-Ketoglutaric acid,12.15,3720373,0,293616,-0.6,blank_flag,NA
1791,220302_Smp_OBi1small_1,2-Ketoglutaric acid,12.3,4420059,0,383806,-0.4,blank_flag,NA
1792,220302_Smp_OBi1small_2,2-Ketoglutaric acid,11.98,1485057,0,259520,-0.4,blank_flag,NA
1793,220302_Smp_OBi1small_3,2-Ketoglutaric acid,12.29,1188355,0,168037,-0.6,blank_flag,NA
1794,220302_Smp_OBi1small_4,2-Ketoglutaric acid,12.07,1329880,0,185089,-0.3,blank_flag,NA
1795,220302_Smp_RWi2_1,2-Ketoglutaric acid,12.19,1816379,0,216921,-0.8,blank_flag,NA
1796,220302_Smp_RWi2_2,2-Ketoglutaric acid,11.93,973766,0,225781,-0.9,blank_flag,NA
1797,220302_Smp_RWi2_3,2-Ketoglutaric acid,12.01,1070660,0,207277,-0.5,blank_flag,NA
1798,220302_Smp_RWi2_4,2-Ketoglutaric acid,12.03,1636995,0,224807,0,blank_flag,NA
1799,220302_Smp_RWi2_5,2-Ketoglutaric acid,12.16,2337493,0,272179,-0.6,blank_flag,NA
1800,220302_Smp_RWi2_6,2-Ketoglutaric acid,12.07,1834961,0,240315,-1.2,blank_flag,NA
1801,220302_Std_4uMStdsMix1InH2O_1,Lipoic acid,1.95,36889248,0,6488456,0.7,NA,36889248
1802,220302_Std_4uMStdsMix1InH2O_2,Lipoic acid,1.73,52980048,0,9567281,1.2,NA,52980048
1803,220302_Std_4uMStdsMix1InMatrix_1,Lipoic acid,1.96,38436976,0,6598818,0.7,NA,38436976
1804,220302_Std_4uMStdsMix1InMatrix_2,Lipoic acid,1.74,52358044,0,10184970,1.2,NA,52358044
1805,220302_Std_4uMStdsMix2InH2O_1,Lipoic acid,NA,NA,NA,NA,NA,NA,NA
1806,220302_Std_4uMStdsMix2InH2O_2,Lipoic acid,NA,NA,NA,NA,NA,NA,NA
1807,220302_Std_4uMStdsMix2InMatrix_1,Lipoic acid,NA,NA,NA,NA,NA,NA,NA
1808,220302_Std_4uMStdsMix2InMatrix_2,Lipoic acid,2.21,203780,0,153121,-0.5,NA,203780
1809,220302_Std_H2OinMatrix_1,Lipoic acid,NA,NA,NA,NA,NA,NA,NA
1810,220302_Std_H2OinMatrix_2,Lipoic acid,NA,NA,NA,NA,NA,NA,NA
1811,220302_Poo_TruePooBacteria_Full1,Lipoic acid,NA,NA,NA,NA,NA,NA,NA
1812,220302_Poo_TruePooBacteria_Full2,Lipoic acid,NA,NA,NA,NA,NA,NA,NA
1813,220302_Poo_TruePooBacteria_Full3,Lipoic acid,NA,NA,NA,NA,NA,NA,NA
1814,220302_Poo_TruePooBacteria_Half1,Lipoic acid,NA,NA,NA,NA,NA,NA,NA
1815,220302_Poo_TruePooBacteria_Half2,Lipoic acid,NA,NA,NA,NA,NA,NA,NA
1816,220302_Poo_TruePooBacteria_Half3,Lipoic acid,NA,NA,NA,NA,NA,NA,NA
1817,220302_Smp_MQBlk1_A,Lipoic acid,NA,NA,NA,NA,NA,NA,NA
1818,220302_Smp_MQBlk1_B,Lipoic acid,NA,NA,NA,NA,NA,NA,NA
1819,220302_Smp_MQBlk1_C,Lipoic acid,NA,NA,NA,NA,NA,NA,NA
1820,220302_Smp_MQBlk2_A,Lipoic acid,NA,NA,NA,NA,NA,NA,NA
1821,220302_Smp_MQBlk2_B,Lipoic acid,NA,NA,NA,NA,NA,NA,NA
1822,220302_Smp_MQBlk2_C,Lipoic acid,NA,NA,NA,NA,NA,NA,NA
1823,220302_Smp_MQBlk3_A,Lipoic acid,NA,NA,NA,NA,NA,NA,NA
1824,220302_Smp_MQBlk3_B,Lipoic acid,NA,NA,NA,NA,NA,NA,NA
1825,220302_Smp_MQBlk3_C,Lipoic acid,NA,NA,NA,NA,NA,NA,NA
1826,220302_Smp_SupernatBlk_1,Lipoic acid,2.26,329696,0,181101,3.2,NA,329696
1827,220302_Smp_SupernatBlk_2,Lipoic acid,NA,NA,NA,NA,NA,NA,NA
1828,220302_Smp_SupernatBlk_3,Lipoic acid,2.26,136313,0,93124,1.6,NA,136313
1829,220302_Smp_SWBlk_1,Lipoic acid,NA,NA,NA,NA,NA,NA,NA
1830,220302_Smp_SWBlk_2,Lipoic acid,NA,NA,NA,NA,NA,NA,NA
1831,220302_Smp_SWBlk_3,Lipoic acid,NA,NA,NA,NA,NA,NA,NA
1832,220302_Smp_OBi1_1,Lipoic acid,NA,NA,NA,NA,NA,NA,NA
1833,220302_Smp_OBi1_2,Lipoic acid,NA,NA,NA,NA,NA,NA,NA
1834,220302_Smp_OBi1_3,Lipoic acid,2.28,182745,0,106706,0.9,NA,182745
1835,220302_Smp_OBi1_4,Lipoic acid,NA,NA,NA,NA,NA,NA,NA
1836,220302_Smp_OBi1_5,Lipoic acid,NA,NA,NA,NA,NA,NA,NA
1837,220302_Smp_OBi1_6,Lipoic acid,NA,NA,NA,NA,NA,NA,NA
1838,220302_Smp_OBi1_7,Lipoic acid,2.26,319979,0,159653,0.3,NA,319979
1839,220302_Smp_OBi1_8,Lipoic acid,NA,NA,NA,NA,NA,NA,NA
1840,220302_Smp_OBi1_9,Lipoic acid,2.26,12675,0,12072,-9.9,"ppm_flag, areamin_flag,",NA
1841,220302_Smp_OBi1small_1,Lipoic acid,NA,NA,NA,NA,NA,NA,NA
1842,220302_Smp_OBi1small_2,Lipoic acid,NA,NA,NA,NA,NA,NA,NA
1843,220302_Smp_OBi1small_3,Lipoic acid,NA,NA,NA,NA,NA,NA,NA
1844,220302_Smp_OBi1small_4,Lipoic acid,NA,NA,NA,NA,NA,NA,NA
1845,220302_Smp_RWi2_1,Lipoic acid,NA,NA,NA,NA,NA,NA,NA
1846,220302_Smp_RWi2_2,Lipoic acid,NA,NA,NA,NA,NA,NA,NA
1847,220302_Smp_RWi2_3,Lipoic acid,NA,NA,NA,NA,NA,NA,NA
1848,220302_Smp_RWi2_4,Lipoic acid,NA,NA,NA,NA,NA,NA,NA
1849,220302_Smp_RWi2_5,Lipoic acid,NA,NA,NA,NA,NA,NA,NA
1850,220302_Smp_RWi2_6,Lipoic acid,NA,NA,NA,NA,NA,NA,NA
1851,220302_Std_4uMStdsMix1InH2O_1,5-Oxoproline,7.05,990615360,12531910,51707888,-2.5,NA,990615360
1852,220302_Std_4uMStdsMix1InH2O_2,5-Oxoproline,5.55,1643351168,12145257,43415572,-2.6,NA,1643351168
1853,220302_Std_4uMStdsMix1InMatrix_1,5-Oxoproline,7.16,737408064,35326240,78357200,-2.3,NA,737408064
1854,220302_Std_4uMStdsMix1InMatrix_2,5-Oxoproline,6.14,1234246400,91861088,57322044,-2.4,NA,1234246400
1855,220302_Std_4uMStdsMix2InH2O_1,5-Oxoproline,NA,NA,NA,NA,NA,NA,NA
1856,220302_Std_4uMStdsMix2InH2O_2,5-Oxoproline,NA,NA,NA,NA,NA,NA,NA
1857,220302_Std_4uMStdsMix2InMatrix_1,5-Oxoproline,NA,NA,NA,NA,NA,NA,NA
1858,220302_Std_4uMStdsMix2InMatrix_2,5-Oxoproline,NA,NA,NA,NA,NA,NA,NA
1859,220302_Std_H2OinMatrix_1,5-Oxoproline,7.17,9171418,6133338,1305733,-2.5,"sn_flag, blank_flag",NA
1860,220302_Std_H2OinMatrix_2,5-Oxoproline,6.24,12240630,5191594,835984,-2.3,"sn_flag, blank_flag",NA
1861,220302_Poo_TruePooBacteria_Full1,5-Oxoproline,7.19,17781038,4120621,1973234,-2.2,blank_flag,NA
1862,220302_Poo_TruePooBacteria_Full2,5-Oxoproline,7.07,17889694,4207949,1712496,-1.8,blank_flag,NA
1863,220302_Poo_TruePooBacteria_Full3,5-Oxoproline,6.67,15341231,6392603,1135299,-1.9,"sn_flag, blank_flag",NA
1864,220302_Poo_TruePooBacteria_Half1,5-Oxoproline,6.99,9163875,3334625,1209447,-2.2,"sn_flag, blank_flag",NA
1865,220302_Poo_TruePooBacteria_Half2,5-Oxoproline,6.79,11295382,3906056,1001371,-1.9,"sn_flag, blank_flag",NA
1866,220302_Poo_TruePooBacteria_Half3,5-Oxoproline,6.35,9569123,4708299,789147,-2,"sn_flag, blank_flag",NA
1867,220302_Smp_MQBlk1_A,5-Oxoproline,7.76,25893178,4418368,2460515,-2.3,blank_flag,NA
1868,220302_Smp_MQBlk1_B,5-Oxoproline,7.36,20950932,4056664,2047771,-2.5,blank_flag,NA
1869,220302_Smp_MQBlk1_C,5-Oxoproline,7.28,28125950,6420864,2537528,-2.4,blank_flag,NA
1870,220302_Smp_MQBlk2_A,5-Oxoproline,6.99,15442869,2706147,1937456,-1.8,blank_flag,NA
1871,220302_Smp_MQBlk2_B,5-Oxoproline,6.65,32903152,2426934,1440714,-2,blank_flag,NA
1872,220302_Smp_MQBlk2_C,5-Oxoproline,6.6,11847673,8459962,703227,-2.4,"sn_flag, blank_flag",NA
1873,220302_Smp_MQBlk3_A,5-Oxoproline,6.13,26776342,0,1005936,-1.3,blank_flag,NA
1874,220302_Smp_MQBlk3_B,5-Oxoproline,6.18,23682086,0,1018105,-1.3,blank_flag,NA
1875,220302_Smp_MQBlk3_C,5-Oxoproline,6.09,36032180,0,1619863,-1.6,blank_flag,NA
1876,220302_Smp_SupernatBlk_1,5-Oxoproline,6.9,16605594,6512558,1227304,-1.8,"sn_flag, blank_flag",NA
1877,220302_Smp_SupernatBlk_2,5-Oxoproline,6.48,14132580,4468059,568407,-2,blank_flag,NA
1878,220302_Smp_SupernatBlk_3,5-Oxoproline,6.49,39670484,0,1912269,-1.9,blank_flag,NA
1879,220302_Smp_SWBlk_1,5-Oxoproline,7.04,21764338,0,1124034,-1.6,blank_flag,NA
1880,220302_Smp_SWBlk_2,5-Oxoproline,6.87,16944550,7008033,1801868,-1.7,"sn_flag, blank_flag",NA
1881,220302_Smp_SWBlk_3,5-Oxoproline,7.23,28472074,1316709,2660889,-2.2,blank_flag,NA
1882,220302_Smp_OBi1_1,5-Oxoproline,7.27,24841554,7483532,2025537,-1.4,blank_flag,NA
1883,220302_Smp_OBi1_2,5-Oxoproline,6.32,20735272,9365987,868054,-1.9,"sn_flag, blank_flag",NA
1884,220302_Smp_OBi1_3,5-Oxoproline,6.18,34737280,5564611,1363501,-2.2,blank_flag,NA
1885,220302_Smp_OBi1_4,5-Oxoproline,7.02,24451068,0,1622413,-1.6,blank_flag,NA
1886,220302_Smp_OBi1_5,5-Oxoproline,7.84,21565020,5648786,2224322,-1.5,blank_flag,NA
1887,220302_Smp_OBi1_6,5-Oxoproline,6.91,24115194,3727135,1662792,-1.4,blank_flag,NA
1888,220302_Smp_OBi1_7,5-Oxoproline,6.35,27209292,11163690,1200508,-1.8,"sn_flag, blank_flag",NA
1889,220302_Smp_OBi1_8,5-Oxoproline,7.06,23027612,5098887,1912440,-2,blank_flag,NA
1890,220302_Smp_OBi1_9,5-Oxoproline,6.65,36608980,9612059,2048406,-1.6,blank_flag,NA
1891,220302_Smp_OBi1small_1,5-Oxoproline,7.3,11033418,2998727,1032665,-1.4,blank_flag,NA
1892,220302_Smp_OBi1small_2,5-Oxoproline,6.66,15598294,2833225,1182292,-1.8,blank_flag,NA
1893,220302_Smp_OBi1small_3,5-Oxoproline,7.82,10920835,3339921,1227600,-2.3,blank_flag,NA
1894,220302_Smp_OBi1small_4,5-Oxoproline,6.6,14728132,7825774,804219,-1.3,"sn_flag, blank_flag",NA
1895,220302_Smp_RWi2_1,5-Oxoproline,8.1,19940590,4375250,1906263,-1.9,blank_flag,NA
1896,220302_Smp_RWi2_2,5-Oxoproline,6.42,14746175,11797458,906972,-1.9,"sn_flag, blank_flag",NA
1897,220302_Smp_RWi2_3,5-Oxoproline,6.49,16187140,8603234,756901,-2,"sn_flag, blank_flag",NA
1898,220302_Smp_RWi2_4,5-Oxoproline,6.74,37540988,5347964,3159475,-1.3,blank_flag,NA
1899,220302_Smp_RWi2_5,5-Oxoproline,7.19,12670821,3470093,953053,-2.2,blank_flag,NA
1900,220302_Smp_RWi2_6,5-Oxoproline,6.82,12201174,3908432,998767,-2,blank_flag,NA
1901,220302_Std_4uMStdsMix1InH2O_1,Malic acid,12.86,710226048,11534406,54366600,-2.6,NA,710226048
1902,220302_Std_4uMStdsMix1InH2O_2,Malic acid,12.37,1405663232,24486582,68239088,-2.1,NA,1405663232
1903,220302_Std_4uMStdsMix1InMatrix_1,Malic acid,12.89,713432192,12098952,63827440,-2.3,NA,713432192
1904,220302_Std_4uMStdsMix1InMatrix_2,Malic acid,12.42,1247605632,25104776,87010296,-2.2,NA,1247605632
1905,220302_Std_4uMStdsMix2InH2O_1,Malic acid,12.84,15985358,0,928399,-2.4,blank_flag,NA
1906,220302_Std_4uMStdsMix2InH2O_2,Malic acid,12.37,31322316,0,1209969,-2.2,blank_flag,NA
1907,220302_Std_4uMStdsMix2InMatrix_1,Malic acid,12.9,23013006,5553918,2112382,-2.2,blank_flag,NA
1908,220302_Std_4uMStdsMix2InMatrix_2,Malic acid,12.37,48069800,2894978,3062975,-1.9,blank_flag,NA
1909,220302_Std_H2OinMatrix_1,Malic acid,12.9,22988536,0,1114383,-2.6,blank_flag,NA
1910,220302_Std_H2OinMatrix_2,Malic acid,12.43,34519096,0,1666523,-2.1,blank_flag,NA
1911,220302_Poo_TruePooBacteria_Full1,Malic acid,12.79,33803696,0,2061116,-1.7,blank_flag,NA
1912,220302_Poo_TruePooBacteria_Full2,Malic acid,12.72,33848028,0,2074425,-2.1,blank_flag,NA
1913,220302_Poo_TruePooBacteria_Full3,Malic acid,12.52,48346564,0,2459909,-1.8,blank_flag,NA
1914,220302_Poo_TruePooBacteria_Half1,Malic acid,12.79,25040604,0,1304252,-1.9,blank_flag,NA
1915,220302_Poo_TruePooBacteria_Half2,Malic acid,12.73,24738928,0,1378116,-2.1,blank_flag,NA
1916,220302_Poo_TruePooBacteria_Half3,Malic acid,12.52,33224380,0,1527445,-1.6,blank_flag,NA
1917,220302_Smp_MQBlk1_A,Malic acid,12.87,24446466,6860905,1847366,-2.6,blank_flag,NA
1918,220302_Smp_MQBlk1_B,Malic acid,12.83,42263256,0,2887160,-2.3,blank_flag,NA
1919,220302_Smp_MQBlk1_C,Malic acid,12.83,56075520,2858977,4440529,-2.3,blank_flag,NA
1920,220302_Smp_MQBlk2_A,Malic acid,12.74,26249604,0,1511662,-1.9,blank_flag,NA
1921,220302_Smp_MQBlk2_B,Malic acid,12.63,24971884,0,1165756,-1.8,blank_flag,NA
1922,220302_Smp_MQBlk2_C,Malic acid,12.63,28958660,0,1515981,-1.8,blank_flag,NA
1923,220302_Smp_MQBlk3_A,Malic acid,12.47,20235002,11033092,1170925,-1.4,"sn_flag, blank_flag",NA
1924,220302_Smp_MQBlk3_B,Malic acid,12.52,37304472,0,1787116,-1.5,blank_flag,NA
1925,220302_Smp_MQBlk3_C,Malic acid,12.49,37669860,3203188,2014184,-1.7,blank_flag,NA
1926,220302_Smp_SupernatBlk_1,Malic acid,12.73,27975898,0,1845928,-1.4,blank_flag,NA
1927,220302_Smp_SupernatBlk_2,Malic acid,12.58,22833802,0,699853,-1.8,blank_flag,NA
1928,220302_Smp_SupernatBlk_3,Malic acid,12.54,44397636,1095560,2424647,-1.6,blank_flag,NA
1929,220302_Smp_SWBlk_1,Malic acid,12.83,22437028,0,1406514,-1.4,blank_flag,NA
1930,220302_Smp_SWBlk_2,Malic acid,12.7,32397952,0,1687946,-1.8,blank_flag,NA
1931,220302_Smp_SWBlk_3,Malic acid,12.79,30998032,0,1934887,-1.7,blank_flag,NA
1932,220302_Smp_OBi1_1,Malic acid,12.7,56467512,0,3445754,-1.3,blank_flag,NA
1933,220302_Smp_OBi1_2,Malic acid,12.57,32152396,0,1638288,-1.5,blank_flag,NA
1934,220302_Smp_OBi1_3,Malic acid,12.5,43622444,0,1996128,-2.1,blank_flag,NA
1935,220302_Smp_OBi1_4,Malic acid,12.72,27732036,0,1484766,-1.6,blank_flag,NA
1936,220302_Smp_OBi1_5,Malic acid,12.87,41054644,627284,2926468,-1.5,blank_flag,NA
1937,220302_Smp_OBi1_6,Malic acid,12.72,37203224,0,2574850,-1.6,blank_flag,NA
1938,220302_Smp_OBi1_7,Malic acid,12.51,39689836,0,2060404,-1.5,blank_flag,NA
1939,220302_Smp_OBi1_8,Malic acid,12.63,39151652,0,2461703,-2,blank_flag,NA
1940,220302_Smp_OBi1_9,Malic acid,12.65,37118024,5194600,1985761,-1.6,blank_flag,NA
1941,220302_Smp_OBi1small_1,Malic acid,12.87,23852378,0,1360786,-1.2,blank_flag,NA
1942,220302_Smp_OBi1small_2,Malic acid,12.62,43304748,0,2470198,-2,blank_flag,NA
1943,220302_Smp_OBi1small_3,Malic acid,12.82,25666380,0,1582948,-1.7,blank_flag,NA
1944,220302_Smp_OBi1small_4,Malic acid,12.65,38008596,9211081,2254609,-0.9,blank_flag,NA
1945,220302_Smp_RWi2_1,Malic acid,12.89,21150496,0,1301409,-1.5,blank_flag,NA
1946,220302_Smp_RWi2_2,Malic acid,12.56,45447720,0,2545823,-1.1,blank_flag,NA
1947,220302_Smp_RWi2_3,Malic acid,12.57,44345224,0,2426032,-2,blank_flag,NA
1948,220302_Smp_RWi2_4,Malic acid,12.68,48918640,0,2443793,-1.3,blank_flag,NA
1949,220302_Smp_RWi2_5,Malic acid,12.73,28633662,0,1789839,-1.4,blank_flag,NA
1950,220302_Smp_RWi2_6,Malic acid,12.71,22895168,0,1270950,-2.1,blank_flag,NA
1951,220302_Std_4uMStdsMix1InH2O_1,Sodium 2-mercaptoethanesulfonate,NA,NA,NA,NA,NA,NA,NA
1952,220302_Std_4uMStdsMix1InH2O_2,Sodium 2-mercaptoethanesulfonate,NA,NA,NA,NA,NA,NA,NA
1953,220302_Std_4uMStdsMix1InMatrix_1,Sodium 2-mercaptoethanesulfonate,NA,NA,NA,NA,NA,NA,NA
1954,220302_Std_4uMStdsMix1InMatrix_2,Sodium 2-mercaptoethanesulfonate,NA,NA,NA,NA,NA,NA,NA
1955,220302_Std_4uMStdsMix2InH2O_1,Sodium 2-mercaptoethanesulfonate,3.13,957465408,681498,50577276,-2,NA,957465408
1956,220302_Std_4uMStdsMix2InH2O_2,Sodium 2-mercaptoethanesulfonate,2.54,1379670400,12318623,60615048,-2,NA,1379670400
1957,220302_Std_4uMStdsMix2InMatrix_1,Sodium 2-mercaptoethanesulfonate,3.09,859834368,19851970,40505340,-1.7,NA,859834368
1958,220302_Std_4uMStdsMix2InMatrix_2,Sodium 2-mercaptoethanesulfonate,2.6,1225656192,0,44539080,-1.9,NA,1225656192
1959,220302_Std_H2OinMatrix_1,Sodium 2-mercaptoethanesulfonate,2.72,2445854,0,313319,1.5,blank_flag,NA
1960,220302_Std_H2OinMatrix_2,Sodium 2-mercaptoethanesulfonate,2.32,1394710,0,207832,1.8,blank_flag,NA
1961,220302_Poo_TruePooBacteria_Full1,Sodium 2-mercaptoethanesulfonate,2.68,4355513,0,416025,3.2,blank_flag,NA
1962,220302_Poo_TruePooBacteria_Full2,Sodium 2-mercaptoethanesulfonate,2.68,4396789,0,421511,2.2,blank_flag,NA
1963,220302_Poo_TruePooBacteria_Full3,Sodium 2-mercaptoethanesulfonate,2.38,3706407,0,309847,2.1,blank_flag,NA
1964,220302_Poo_TruePooBacteria_Half1,Sodium 2-mercaptoethanesulfonate,2.65,1809871,0,277026,2.8,blank_flag,NA
1965,220302_Poo_TruePooBacteria_Half2,Sodium 2-mercaptoethanesulfonate,2.51,1410417,0,230651,1.9,blank_flag,NA
1966,220302_Poo_TruePooBacteria_Half3,Sodium 2-mercaptoethanesulfonate,2.43,1971459,0,264410,1.6,blank_flag,NA
1967,220302_Smp_MQBlk1_A,Sodium 2-mercaptoethanesulfonate,2.66,13667518,0,888335,1.9,blank_flag,NA
1968,220302_Smp_MQBlk1_B,Sodium 2-mercaptoethanesulfonate,2.72,13700505,0,854701,1.9,blank_flag,NA
1969,220302_Smp_MQBlk1_C,Sodium 2-mercaptoethanesulfonate,2.71,12586710,0,855795,2,blank_flag,NA
1970,220302_Smp_MQBlk2_A,Sodium 2-mercaptoethanesulfonate,2.52,NA,0,0,NA,NA,NA
1971,220302_Smp_MQBlk2_B,Sodium 2-mercaptoethanesulfonate,2.52,866576,0,122743,1.9,blank_flag,NA
1972,220302_Smp_MQBlk2_C,Sodium 2-mercaptoethanesulfonate,2.62,4206728,0,386910,2.4,blank_flag,NA
1973,220302_Smp_MQBlk3_A,Sodium 2-mercaptoethanesulfonate,2.49,901555,0,179218,2.3,blank_flag,NA
1974,220302_Smp_MQBlk3_B,Sodium 2-mercaptoethanesulfonate,2.39,1194126,0,245941,1.6,blank_flag,NA
1975,220302_Smp_MQBlk3_C,Sodium 2-mercaptoethanesulfonate,2.48,6205707,0,526437,2.5,blank_flag,NA
1976,220302_Smp_SupernatBlk_1,Sodium 2-mercaptoethanesulfonate,2.68,3627568,0,355064,3,blank_flag,NA
1977,220302_Smp_SupernatBlk_2,Sodium 2-mercaptoethanesulfonate,2.52,371733,0,98140,1.4,blank_flag,NA
1978,220302_Smp_SupernatBlk_3,Sodium 2-mercaptoethanesulfonate,2.53,3433802,0,300724,2.2,blank_flag,NA
1979,220302_Smp_SWBlk_1,Sodium 2-mercaptoethanesulfonate,2.69,2977907,0,257165,2.1,blank_flag,NA
1980,220302_Smp_SWBlk_2,Sodium 2-mercaptoethanesulfonate,2.58,991996,0,228814,2.9,blank_flag,NA
1981,220302_Smp_SWBlk_3,Sodium 2-mercaptoethanesulfonate,2.63,3138316,0,291017,3.1,blank_flag,NA
1982,220302_Smp_OBi1_1,Sodium 2-mercaptoethanesulfonate,2.6,992072,0,191976,2.4,blank_flag,NA
1983,220302_Smp_OBi1_2,Sodium 2-mercaptoethanesulfonate,2.49,3083214,0,352500,2.9,blank_flag,NA
1984,220302_Smp_OBi1_3,Sodium 2-mercaptoethanesulfonate,2.5,570417,0,148090,2.6,blank_flag,NA
1985,220302_Smp_OBi1_4,Sodium 2-mercaptoethanesulfonate,2.68,1441656,0,222417,1.4,blank_flag,NA
1986,220302_Smp_OBi1_5,Sodium 2-mercaptoethanesulfonate,2.75,9367581,0,682506,3,blank_flag,NA
1987,220302_Smp_OBi1_6,Sodium 2-mercaptoethanesulfonate,2.69,249478,0,137991,0.1,blank_flag,NA
1988,220302_Smp_OBi1_7,Sodium 2-mercaptoethanesulfonate,2.45,792842,0,158688,1.3,blank_flag,NA
1989,220302_Smp_OBi1_8,Sodium 2-mercaptoethanesulfonate,2.6,1232228,0,189498,1,blank_flag,NA
1990,220302_Smp_OBi1_9,Sodium 2-mercaptoethanesulfonate,2.54,1793785,0,219296,2.3,blank_flag,NA
1991,220302_Smp_OBi1small_1,Sodium 2-mercaptoethanesulfonate,2.65,15444235,0,1024610,3,blank_flag,NA
1992,220302_Smp_OBi1small_2,Sodium 2-mercaptoethanesulfonate,2.48,2049108,0,243174,2.5,blank_flag,NA
1993,220302_Smp_OBi1small_3,Sodium 2-mercaptoethanesulfonate,2.72,6374400,0,560237,2.9,blank_flag,NA
1994,220302_Smp_OBi1small_4,Sodium 2-mercaptoethanesulfonate,2.54,5955026,0,495181,3.7,blank_flag,NA
1995,220302_Smp_RWi2_1,Sodium 2-mercaptoethanesulfonate,2.65,7381777,0,558061,2.6,blank_flag,NA
1996,220302_Smp_RWi2_2,Sodium 2-mercaptoethanesulfonate,2.54,2841061,0,317009,2.8,blank_flag,NA
1997,220302_Smp_RWi2_3,Sodium 2-mercaptoethanesulfonate,2.54,4694713,0,413146,2,blank_flag,NA
1998,220302_Smp_RWi2_4,Sodium 2-mercaptoethanesulfonate,2.52,5084045,0,422702,3.1,blank_flag,NA
1999,220302_Smp_RWi2_5,Sodium 2-mercaptoethanesulfonate,2.63,3501215,0,320816,2.6,blank_flag,NA
2000,220302_Smp_RWi2_6,Sodium 2-mercaptoethanesulfonate,2.66,2063215,0,293660,2,blank_flag,NA
2001,220302_Std_4uMStdsMix1InH2O_1,Methylphosphonic acid,10.7,89864400,795591,3822502,-4.8,NA,89864400
2002,220302_Std_4uMStdsMix1InH2O_2,Methylphosphonic acid,9.75,138327824,0,5111636,-3.9,NA,138327824
2003,220302_Std_4uMStdsMix1InMatrix_1,Methylphosphonic acid,10.75,97639936,0,4638546,-4.6,NA,97639936
2004,220302_Std_4uMStdsMix1InMatrix_2,Methylphosphonic acid,9.95,133468736,0,5281828,-3.8,NA,133468736
2005,220302_Std_4uMStdsMix2InH2O_1,Methylphosphonic acid,NA,NA,NA,NA,NA,NA,NA
2006,220302_Std_4uMStdsMix2InH2O_2,Methylphosphonic acid,NA,NA,NA,NA,NA,NA,NA
2007,220302_Std_4uMStdsMix2InMatrix_1,Methylphosphonic acid,NA,NA,NA,NA,NA,NA,NA
2008,220302_Std_4uMStdsMix2InMatrix_2,Methylphosphonic acid,11.59,140084,0,110723,-3.2,blank_flag,NA
2009,220302_Std_H2OinMatrix_1,Methylphosphonic acid,NA,NA,NA,NA,NA,NA,NA
2010,220302_Std_H2OinMatrix_2,Methylphosphonic acid,NA,NA,NA,NA,NA,NA,NA
2011,220302_Poo_TruePooBacteria_Full1,Methylphosphonic acid,NA,NA,NA,NA,NA,NA,NA
2012,220302_Poo_TruePooBacteria_Full2,Methylphosphonic acid,NA,NA,NA,NA,NA,NA,NA
2013,220302_Poo_TruePooBacteria_Full3,Methylphosphonic acid,NA,NA,NA,NA,NA,NA,NA
2014,220302_Poo_TruePooBacteria_Half1,Methylphosphonic acid,NA,NA,NA,NA,NA,NA,NA
2015,220302_Poo_TruePooBacteria_Half2,Methylphosphonic acid,NA,NA,NA,NA,NA,NA,NA
2016,220302_Poo_TruePooBacteria_Half3,Methylphosphonic acid,10.84,106572,0,61419,-1.5,blank_flag,NA
2017,220302_Smp_MQBlk1_A,Methylphosphonic acid,NA,NA,NA,NA,NA,NA,NA
2018,220302_Smp_MQBlk1_B,Methylphosphonic acid,NA,NA,NA,NA,NA,NA,NA
2019,220302_Smp_MQBlk1_C,Methylphosphonic acid,NA,NA,NA,NA,NA,NA,NA
2020,220302_Smp_MQBlk2_A,Methylphosphonic acid,NA,NA,NA,NA,NA,NA,NA
2021,220302_Smp_MQBlk2_B,Methylphosphonic acid,11.37,89132,0,58967,2.4,blank_flag,NA
2022,220302_Smp_MQBlk2_C,Methylphosphonic acid,NA,NA,NA,NA,NA,NA,NA
2023,220302_Smp_MQBlk3_A,Methylphosphonic acid,NA,NA,NA,NA,NA,NA,NA
2024,220302_Smp_MQBlk3_B,Methylphosphonic acid,11.89,117139,0,67531,-2,blank_flag,NA
2025,220302_Smp_MQBlk3_C,Methylphosphonic acid,10.85,47830,0,41864,5.2,blank_flag,NA
2026,220302_Smp_SupernatBlk_1,Methylphosphonic acid,11.07,68655,0,40477,-2.7,blank_flag,NA
2027,220302_Smp_SupernatBlk_2,Methylphosphonic acid,NA,NA,NA,NA,NA,NA,NA
2028,220302_Smp_SupernatBlk_3,Methylphosphonic acid,NA,NA,NA,NA,NA,NA,NA
2029,220302_Smp_SWBlk_1,Methylphosphonic acid,NA,NA,NA,NA,NA,NA,NA
2030,220302_Smp_SWBlk_2,Methylphosphonic acid,NA,NA,NA,NA,NA,NA,NA
2031,220302_Smp_SWBlk_3,Methylphosphonic acid,NA,NA,NA,NA,NA,NA,NA
2032,220302_Smp_OBi1_1,Methylphosphonic acid,NA,NA,NA,NA,NA,NA,NA
2033,220302_Smp_OBi1_2,Methylphosphonic acid,NA,NA,NA,NA,NA,NA,NA
2034,220302_Smp_OBi1_3,Methylphosphonic acid,NA,NA,NA,NA,NA,NA,NA
2035,220302_Smp_OBi1_4,Methylphosphonic acid,NA,NA,NA,NA,NA,NA,NA
2036,220302_Smp_OBi1_5,Methylphosphonic acid,NA,NA,NA,NA,NA,NA,NA
2037,220302_Smp_OBi1_6,Methylphosphonic acid,10.7,118323,0,125054,-0.1,blank_flag,NA
2038,220302_Smp_OBi1_7,Methylphosphonic acid,10.14,107532,0,100191,2.5,blank_flag,NA
2039,220302_Smp_OBi1_8,Methylphosphonic acid,NA,NA,NA,NA,NA,NA,NA
2040,220302_Smp_OBi1_9,Methylphosphonic acid,NA,NA,NA,NA,NA,NA,NA
2041,220302_Smp_OBi1small_1,Methylphosphonic acid,NA,NA,NA,NA,NA,NA,NA
2042,220302_Smp_OBi1small_2,Methylphosphonic acid,NA,NA,NA,NA,NA,NA,NA
2043,220302_Smp_OBi1small_3,Methylphosphonic acid,NA,NA,NA,NA,NA,NA,NA
2044,220302_Smp_OBi1small_4,Methylphosphonic acid,NA,NA,NA,NA,NA,NA,NA
2045,220302_Smp_RWi2_1,Methylphosphonic acid,NA,NA,NA,NA,NA,NA,NA
2046,220302_Smp_RWi2_2,Methylphosphonic acid,10.61,105741,0,60679,-1.5,blank_flag,NA
2047,220302_Smp_RWi2_3,Methylphosphonic acid,NA,NA,NA,NA,NA,NA,NA
2048,220302_Smp_RWi2_4,Methylphosphonic acid,NA,NA,NA,NA,NA,NA,NA
2049,220302_Smp_RWi2_5,Methylphosphonic acid,NA,NA,NA,NA,NA,NA,NA
2050,220302_Smp_RWi2_6,Methylphosphonic acid,NA,NA,NA,NA,NA,NA,NA
2051,220302_Std_4uMStdsMix1InH2O_1,N-Acetyltaurine,NA,NA,NA,NA,NA,NA,NA
2052,220302_Std_4uMStdsMix1InH2O_2,N-Acetyltaurine,NA,NA,NA,NA,NA,NA,NA
2053,220302_Std_4uMStdsMix1InMatrix_1,N-Acetyltaurine,NA,NA,NA,NA,NA,NA,NA
2054,220302_Std_4uMStdsMix1InMatrix_2,N-Acetyltaurine,NA,NA,NA,NA,NA,NA,NA
2055,220302_Std_4uMStdsMix2InH2O_1,N-Acetyltaurine,4.7,1847592960,9060250,70038112,-1,NA,1847592960
2056,220302_Std_4uMStdsMix2InH2O_2,N-Acetyltaurine,3.76,2648446464,10397733,79158472,-0.6,NA,2648446464
2057,220302_Std_4uMStdsMix2InMatrix_1,N-Acetyltaurine,5.23,1491135616,3673775,65099652,-0.8,NA,1491135616
2058,220302_Std_4uMStdsMix2InMatrix_2,N-Acetyltaurine,3.43,2476975616,19906794,51488376,-0.4,NA,2476975616
2059,220302_Std_H2OinMatrix_1,N-Acetyltaurine,NA,NA,NA,NA,NA,NA,NA
2060,220302_Std_H2OinMatrix_2,N-Acetyltaurine,NA,NA,NA,NA,NA,NA,NA
2061,220302_Poo_TruePooBacteria_Full1,N-Acetyltaurine,NA,NA,NA,NA,NA,NA,NA
2062,220302_Poo_TruePooBacteria_Full2,N-Acetyltaurine,NA,NA,NA,NA,NA,NA,NA
2063,220302_Poo_TruePooBacteria_Full3,N-Acetyltaurine,NA,NA,NA,NA,NA,NA,NA
2064,220302_Poo_TruePooBacteria_Half1,N-Acetyltaurine,NA,NA,NA,NA,NA,NA,NA
2065,220302_Poo_TruePooBacteria_Half2,N-Acetyltaurine,NA,NA,NA,NA,NA,NA,NA
2066,220302_Poo_TruePooBacteria_Half3,N-Acetyltaurine,NA,NA,NA,NA,NA,NA,NA
2067,220302_Smp_MQBlk1_A,N-Acetyltaurine,3.25,163384,0,113849,0.6,blank_flag,NA
2068,220302_Smp_MQBlk1_B,N-Acetyltaurine,NA,NA,NA,NA,NA,NA,NA
2069,220302_Smp_MQBlk1_C,N-Acetyltaurine,NA,NA,NA,NA,NA,NA,NA
2070,220302_Smp_MQBlk2_A,N-Acetyltaurine,NA,NA,NA,NA,NA,NA,NA
2071,220302_Smp_MQBlk2_B,N-Acetyltaurine,NA,NA,NA,NA,NA,NA,NA
2072,220302_Smp_MQBlk2_C,N-Acetyltaurine,NA,NA,NA,NA,NA,NA,NA
2073,220302_Smp_MQBlk3_A,N-Acetyltaurine,NA,NA,NA,NA,NA,NA,NA
2074,220302_Smp_MQBlk3_B,N-Acetyltaurine,NA,NA,NA,NA,NA,NA,NA
2075,220302_Smp_MQBlk3_C,N-Acetyltaurine,NA,NA,NA,NA,NA,NA,NA
2076,220302_Smp_SupernatBlk_1,N-Acetyltaurine,2.97,132694,0,96153,2.1,blank_flag,NA
2077,220302_Smp_SupernatBlk_2,N-Acetyltaurine,NA,NA,NA,NA,NA,NA,NA
2078,220302_Smp_SupernatBlk_3,N-Acetyltaurine,NA,NA,NA,NA,NA,NA,NA
2079,220302_Smp_SWBlk_1,N-Acetyltaurine,NA,NA,NA,NA,NA,NA,NA
2080,220302_Smp_SWBlk_2,N-Acetyltaurine,NA,NA,NA,NA,NA,NA,NA
2081,220302_Smp_SWBlk_3,N-Acetyltaurine,NA,NA,NA,NA,NA,NA,NA
2082,220302_Smp_OBi1_1,N-Acetyltaurine,NA,NA,NA,NA,NA,NA,NA
2083,220302_Smp_OBi1_2,N-Acetyltaurine,NA,NA,NA,NA,NA,NA,NA
2084,220302_Smp_OBi1_3,N-Acetyltaurine,3.37,153854,0,144803,-1.6,blank_flag,NA
2085,220302_Smp_OBi1_4,N-Acetyltaurine,3.43,126271,0,100667,2.7,blank_flag,NA
2086,220302_Smp_OBi1_5,N-Acetyltaurine,NA,NA,NA,NA,NA,NA,NA
2087,220302_Smp_OBi1_6,N-Acetyltaurine,NA,NA,NA,NA,NA,NA,NA
2088,220302_Smp_OBi1_7,N-Acetyltaurine,NA,NA,NA,NA,NA,NA,NA
2089,220302_Smp_OBi1_8,N-Acetyltaurine,NA,NA,NA,NA,NA,NA,NA
2090,220302_Smp_OBi1_9,N-Acetyltaurine,NA,NA,NA,NA,NA,NA,NA
2091,220302_Smp_OBi1small_1,N-Acetyltaurine,NA,NA,NA,NA,NA,NA,NA
2092,220302_Smp_OBi1small_2,N-Acetyltaurine,3.79,134932,0,77825,-0.2,blank_flag,NA
2093,220302_Smp_OBi1small_3,N-Acetyltaurine,NA,NA,NA,NA,NA,NA,NA
2094,220302_Smp_OBi1small_4,N-Acetyltaurine,NA,NA,NA,NA,NA,NA,NA
2095,220302_Smp_RWi2_1,N-Acetyltaurine,3.02,10485,0,7382,-3.2,"areamin_flag, blank_flag",NA
2096,220302_Smp_RWi2_2,N-Acetyltaurine,NA,NA,NA,NA,NA,NA,NA
2097,220302_Smp_RWi2_3,N-Acetyltaurine,NA,NA,NA,NA,NA,NA,NA
2098,220302_Smp_RWi2_4,N-Acetyltaurine,NA,NA,NA,NA,NA,NA,NA
2099,220302_Smp_RWi2_5,N-Acetyltaurine,2.77,10961,0,11072,-0.7,"areamin_flag, blank_flag",NA
2100,220302_Smp_RWi2_6,N-Acetyltaurine,NA,NA,NA,NA,NA,NA,NA
2101,220302_Std_4uMStdsMix1InH2O_1,NAD,NA,NA,NA,NA,NA,NA,NA
2102,220302_Std_4uMStdsMix1InH2O_2,NAD,NA,NA,NA,NA,NA,NA,NA
2103,220302_Std_4uMStdsMix1InMatrix_1,NAD,NA,NA,NA,NA,NA,NA,NA
2104,220302_Std_4uMStdsMix1InMatrix_2,NAD,NA,NA,NA,NA,NA,NA,NA
2105,220302_Std_4uMStdsMix2InH2O_1,NAD,11.32,75235008,0,5290914,1.6,NA,75235008
2106,220302_Std_4uMStdsMix2InH2O_2,NAD,10.78,148716784,0,8094445,1.8,NA,148716784
2107,220302_Std_4uMStdsMix2InMatrix_1,NAD,11.3,72259312,344649,6216901,2,NA,72259312
2108,220302_Std_4uMStdsMix2InMatrix_2,NAD,10.79,155334352,0,8730978,2,NA,155334352
2109,220302_Std_H2OinMatrix_1,NAD,NA,NA,NA,NA,NA,NA,NA
2110,220302_Std_H2OinMatrix_2,NAD,NA,NA,NA,NA,NA,NA,NA
2111,220302_Poo_TruePooBacteria_Full1,NAD,NA,NA,NA,NA,NA,NA,NA
2112,220302_Poo_TruePooBacteria_Full2,NAD,NA,NA,NA,NA,NA,NA,NA
2113,220302_Poo_TruePooBacteria_Full3,NAD,NA,NA,NA,NA,NA,NA,NA
2114,220302_Poo_TruePooBacteria_Half1,NAD,NA,NA,NA,NA,NA,NA,NA
2115,220302_Poo_TruePooBacteria_Half2,NAD,NA,NA,NA,NA,NA,NA,NA
2116,220302_Poo_TruePooBacteria_Half3,NAD,NA,NA,NA,NA,NA,NA,NA
2117,220302_Smp_MQBlk1_A,NAD,NA,NA,NA,NA,NA,NA,NA
2118,220302_Smp_MQBlk1_B,NAD,NA,NA,NA,NA,NA,NA,NA
2119,220302_Smp_MQBlk1_C,NAD,NA,NA,NA,NA,NA,NA,NA
2120,220302_Smp_MQBlk2_A,NAD,NA,NA,NA,NA,NA,NA,NA
2121,220302_Smp_MQBlk2_B,NAD,NA,NA,NA,NA,NA,NA,NA
2122,220302_Smp_MQBlk2_C,NAD,NA,NA,NA,NA,NA,NA,NA
2123,220302_Smp_MQBlk3_A,NAD,NA,NA,NA,NA,NA,NA,NA
2124,220302_Smp_MQBlk3_B,NAD,NA,NA,NA,NA,NA,NA,NA
2125,220302_Smp_MQBlk3_C,NAD,NA,NA,NA,NA,NA,NA,NA
2126,220302_Smp_SupernatBlk_1,NAD,NA,NA,NA,NA,NA,NA,NA
2127,220302_Smp_SupernatBlk_2,NAD,NA,NA,NA,NA,NA,NA,NA
2128,220302_Smp_SupernatBlk_3,NAD,NA,NA,NA,NA,NA,NA,NA
2129,220302_Smp_SWBlk_1,NAD,NA,NA,NA,NA,NA,NA,NA
2130,220302_Smp_SWBlk_2,NAD,10.92,70922,0,70203,-11.1,"ppm_flag,",NA
2131,220302_Smp_SWBlk_3,NAD,NA,NA,NA,NA,NA,NA,NA
2132,220302_Smp_OBi1_1,NAD,NA,NA,NA,NA,NA,NA,NA
2133,220302_Smp_OBi1_2,NAD,NA,NA,NA,NA,NA,NA,NA
2134,220302_Smp_OBi1_3,NAD,NA,NA,NA,NA,NA,NA,NA
2135,220302_Smp_OBi1_4,NAD,NA,NA,NA,NA,NA,NA,NA
2136,220302_Smp_OBi1_5,NAD,NA,NA,NA,NA,NA,NA,NA
2137,220302_Smp_OBi1_6,NAD,NA,NA,NA,NA,NA,NA,NA
2138,220302_Smp_OBi1_7,NAD,NA,NA,NA,NA,NA,NA,NA
2139,220302_Smp_OBi1_8,NAD,NA,NA,NA,NA,NA,NA,NA
2140,220302_Smp_OBi1_9,NAD,NA,NA,NA,NA,NA,NA,NA
2141,220302_Smp_OBi1small_1,NAD,NA,NA,NA,NA,NA,NA,NA
2142,220302_Smp_OBi1small_2,NAD,10.84,138531,0,99343,-5.4,NA,138531
2143,220302_Smp_OBi1small_3,NAD,NA,NA,NA,NA,NA,NA,NA
2144,220302_Smp_OBi1small_4,NAD,NA,NA,NA,NA,NA,NA,NA
2145,220302_Smp_RWi2_1,NAD,NA,NA,NA,NA,NA,NA,NA
2146,220302_Smp_RWi2_2,NAD,NA,NA,NA,NA,NA,NA,NA
2147,220302_Smp_RWi2_3,NAD,NA,NA,NA,NA,NA,NA,NA
2148,220302_Smp_RWi2_4,NAD,10.93,136720,0,81111,-2.5,NA,136720
2149,220302_Smp_RWi2_5,NAD,NA,NA,NA,NA,NA,NA,NA
2150,220302_Smp_RWi2_6,NAD,NA,NA,NA,NA,NA,NA,NA
2151,220302_Std_4uMStdsMix1InH2O_1,NADH,NA,NA,NA,NA,NA,NA,NA
2152,220302_Std_4uMStdsMix1InH2O_2,NADH,NA,NA,NA,NA,NA,NA,NA
2153,220302_Std_4uMStdsMix1InMatrix_1,NADH,NA,NA,NA,NA,NA,NA,NA
2154,220302_Std_4uMStdsMix1InMatrix_2,NADH,NA,NA,NA,NA,NA,NA,NA
2155,220302_Std_4uMStdsMix2InH2O_1,NADH,11.38,2180642,0,221436,-8.4,"ppm_flag,",NA
2156,220302_Std_4uMStdsMix2InH2O_2,NADH,10.71,5367921,0,382628,-8.2,"ppm_flag,",NA
2157,220302_Std_4uMStdsMix2InMatrix_1,NADH,11.29,2700367,0,334486,-7.9,"ppm_flag,",NA
2158,220302_Std_4uMStdsMix2InMatrix_2,NADH,10.76,5948070,0,578095,-8.4,"ppm_flag,",NA
2159,220302_Std_H2OinMatrix_1,NADH,NA,NA,NA,NA,NA,NA,NA
2160,220302_Std_H2OinMatrix_2,NADH,NA,NA,NA,NA,NA,NA,NA
2161,220302_Poo_TruePooBacteria_Full1,NADH,NA,NA,NA,NA,NA,NA,NA
2162,220302_Poo_TruePooBacteria_Full2,NADH,NA,NA,NA,NA,NA,NA,NA
2163,220302_Poo_TruePooBacteria_Full3,NADH,NA,NA,NA,NA,NA,NA,NA
2164,220302_Poo_TruePooBacteria_Half1,NADH,NA,NA,NA,NA,NA,NA,NA
2165,220302_Poo_TruePooBacteria_Half2,NADH,NA,NA,NA,NA,NA,NA,NA
2166,220302_Poo_TruePooBacteria_Half3,NADH,NA,NA,NA,NA,NA,NA,NA
2167,220302_Smp_MQBlk1_A,NADH,NA,NA,NA,NA,NA,NA,NA
2168,220302_Smp_MQBlk1_B,NADH,NA,NA,NA,NA,NA,NA,NA
2169,220302_Smp_MQBlk1_C,NADH,NA,NA,NA,NA,NA,NA,NA
2170,220302_Smp_MQBlk2_A,NADH,NA,NA,NA,NA,NA,NA,NA
2171,220302_Smp_MQBlk2_B,NADH,NA,NA,NA,NA,NA,NA,NA
2172,220302_Smp_MQBlk2_C,NADH,NA,NA,NA,NA,NA,NA,NA
2173,220302_Smp_MQBlk3_A,NADH,NA,NA,NA,NA,NA,NA,NA
2174,220302_Smp_MQBlk3_B,NADH,NA,NA,NA,NA,NA,NA,NA
2175,220302_Smp_MQBlk3_C,NADH,NA,NA,NA,NA,NA,NA,NA
2176,220302_Smp_SupernatBlk_1,NADH,NA,NA,NA,NA,NA,NA,NA
2177,220302_Smp_SupernatBlk_2,NADH,NA,NA,NA,NA,NA,NA,NA
2178,220302_Smp_SupernatBlk_3,NADH,11.25,73651,0,55338,8.4,"ppm_flag,",NA
2179,220302_Smp_SWBlk_1,NADH,NA,NA,NA,NA,NA,NA,NA
2180,220302_Smp_SWBlk_2,NADH,NA,NA,NA,NA,NA,NA,NA
2181,220302_Smp_SWBlk_3,NADH,NA,NA,NA,NA,NA,NA,NA
2182,220302_Smp_OBi1_1,NADH,10.79,98654,0,82175,-8.1,"ppm_flag,",NA
2183,220302_Smp_OBi1_2,NADH,NA,NA,NA,NA,NA,NA,NA
2184,220302_Smp_OBi1_3,NADH,NA,NA,NA,NA,NA,NA,NA
2185,220302_Smp_OBi1_4,NADH,NA,NA,NA,NA,NA,NA,NA
2186,220302_Smp_OBi1_5,NADH,NA,NA,NA,NA,NA,NA,NA
2187,220302_Smp_OBi1_6,NADH,NA,NA,NA,NA,NA,NA,NA
2188,220302_Smp_OBi1_7,NADH,NA,NA,NA,NA,NA,NA,NA
2189,220302_Smp_OBi1_8,NADH,NA,NA,NA,NA,NA,NA,NA
2190,220302_Smp_OBi1_9,NADH,NA,NA,NA,NA,NA,NA,NA
2191,220302_Smp_OBi1small_1,NADH,NA,NA,NA,NA,NA,NA,NA
2192,220302_Smp_OBi1small_2,NADH,NA,NA,NA,NA,NA,NA,NA
2193,220302_Smp_OBi1small_3,NADH,NA,NA,NA,NA,NA,NA,NA
2194,220302_Smp_OBi1small_4,NADH,NA,NA,NA,NA,NA,NA,NA
2195,220302_Smp_RWi2_1,NADH,NA,NA,NA,NA,NA,NA,NA
2196,220302_Smp_RWi2_2,NADH,NA,NA,NA,NA,NA,NA,NA
2197,220302_Smp_RWi2_3,NADH,NA,NA,NA,NA,NA,NA,NA
2198,220302_Smp_RWi2_4,NADH,NA,NA,NA,NA,NA,NA,NA
2199,220302_Smp_RWi2_5,NADH,NA,NA,NA,NA,NA,NA,NA
2200,220302_Smp_RWi2_6,NADH,NA,NA,NA,NA,NA,NA,NA
2201,220302_Std_4uMStdsMix1InH2O_1,NADP,NA,NA,NA,NA,NA,NA,NA
2202,220302_Std_4uMStdsMix1InH2O_2,NADP,NA,NA,NA,NA,NA,NA,NA
2203,220302_Std_4uMStdsMix1InMatrix_1,NADP,NA,NA,NA,NA,NA,NA,NA
2204,220302_Std_4uMStdsMix1InMatrix_2,NADP,NA,NA,NA,NA,NA,NA,NA
2205,220302_Std_4uMStdsMix2InH2O_1,NADP,13.75,48280124,0,3872948,1.9,NA,48280124
2206,220302_Std_4uMStdsMix2InH2O_2,NADP,13.51,88891576,0,5892854,2.1,NA,88891576
2207,220302_Std_4uMStdsMix2InMatrix_1,NADP,13.77,42301964,0,3400200,2.4,NA,42301964
2208,220302_Std_4uMStdsMix2InMatrix_2,NADP,13.57,75590048,0,5625058,2.6,NA,75590048
2209,220302_Std_H2OinMatrix_1,NADP,NA,NA,NA,NA,NA,NA,NA
2210,220302_Std_H2OinMatrix_2,NADP,NA,NA,NA,NA,NA,NA,NA
2211,220302_Poo_TruePooBacteria_Full1,NADP,NA,NA,NA,NA,NA,NA,NA
2212,220302_Poo_TruePooBacteria_Full2,NADP,NA,NA,NA,NA,NA,NA,NA
2213,220302_Poo_TruePooBacteria_Full3,NADP,NA,NA,NA,NA,NA,NA,NA
2214,220302_Poo_TruePooBacteria_Half1,NADP,NA,NA,NA,NA,NA,NA,NA
2215,220302_Poo_TruePooBacteria_Half2,NADP,NA,NA,NA,NA,NA,NA,NA
2216,220302_Poo_TruePooBacteria_Half3,NADP,NA,NA,NA,NA,NA,NA,NA
2217,220302_Smp_MQBlk1_A,NADP,NA,NA,NA,NA,NA,NA,NA
2218,220302_Smp_MQBlk1_B,NADP,NA,NA,NA,NA,NA,NA,NA
2219,220302_Smp_MQBlk1_C,NADP,NA,NA,NA,NA,NA,NA,NA
2220,220302_Smp_MQBlk2_A,NADP,NA,NA,NA,NA,NA,NA,NA
2221,220302_Smp_MQBlk2_B,NADP,NA,NA,NA,NA,NA,NA,NA
2222,220302_Smp_MQBlk2_C,NADP,NA,NA,NA,NA,NA,NA,NA
2223,220302_Smp_MQBlk3_A,NADP,NA,NA,NA,NA,NA,NA,NA
2224,220302_Smp_MQBlk3_B,NADP,NA,NA,NA,NA,NA,NA,NA
2225,220302_Smp_MQBlk3_C,NADP,NA,NA,NA,NA,NA,NA,NA
2226,220302_Smp_SupernatBlk_1,NADP,NA,NA,NA,NA,NA,NA,NA
2227,220302_Smp_SupernatBlk_2,NADP,NA,NA,NA,NA,NA,NA,NA
2228,220302_Smp_SupernatBlk_3,NADP,NA,NA,NA,NA,NA,NA,NA
2229,220302_Smp_SWBlk_1,NADP,12.95,11086,0,11206,21.2,"ppm_flag, areamin_flag,",NA
2230,220302_Smp_SWBlk_2,NADP,NA,NA,NA,NA,NA,NA,NA
2231,220302_Smp_SWBlk_3,NADP,NA,NA,NA,NA,NA,NA,NA
2232,220302_Smp_OBi1_1,NADP,NA,NA,NA,NA,NA,NA,NA
2233,220302_Smp_OBi1_2,NADP,NA,NA,NA,NA,NA,NA,NA
2234,220302_Smp_OBi1_3,NADP,NA,NA,NA,NA,NA,NA,NA
2235,220302_Smp_OBi1_4,NADP,13.44,119081,0,79766,-1,NA,119081
2236,220302_Smp_OBi1_5,NADP,NA,NA,NA,NA,NA,NA,NA
2237,220302_Smp_OBi1_6,NADP,NA,NA,NA,NA,NA,NA,NA
2238,220302_Smp_OBi1_7,NADP,NA,NA,NA,NA,NA,NA,NA
2239,220302_Smp_OBi1_8,NADP,NA,NA,NA,NA,NA,NA,NA
2240,220302_Smp_OBi1_9,NADP,NA,NA,NA,NA,NA,NA,NA
2241,220302_Smp_OBi1small_1,NADP,NA,NA,NA,NA,NA,NA,NA
2242,220302_Smp_OBi1small_2,NADP,NA,NA,NA,NA,NA,NA,NA
2243,220302_Smp_OBi1small_3,NADP,NA,NA,NA,NA,NA,NA,NA
2244,220302_Smp_OBi1small_4,NADP,NA,NA,NA,NA,NA,NA,NA
2245,220302_Smp_RWi2_1,NADP,NA,NA,NA,NA,NA,NA,NA
2246,220302_Smp_RWi2_2,NADP,13.26,118557,0,90736,-3,NA,118557
2247,220302_Smp_RWi2_3,NADP,NA,NA,NA,NA,NA,NA,NA
2248,220302_Smp_RWi2_4,NADP,NA,NA,NA,NA,NA,NA,NA
2249,220302_Smp_RWi2_5,NADP,NA,NA,NA,NA,NA,NA,NA
2250,220302_Smp_RWi2_6,NADP,12.51,127223,0,119723,8.8,"ppm_flag,",NA
2251,220302_Std_4uMStdsMix1InH2O_1,NADPH,NA,NA,NA,NA,NA,NA,NA
2252,220302_Std_4uMStdsMix1InH2O_2,NADPH,NA,NA,NA,NA,NA,NA,NA
2253,220302_Std_4uMStdsMix1InMatrix_1,NADPH,NA,NA,NA,NA,NA,NA,NA
2254,220302_Std_4uMStdsMix1InMatrix_2,NADPH,NA,NA,NA,NA,NA,NA,NA
2255,220302_Std_4uMStdsMix2InH2O_1,NADPH,13.8,2351064,0,247751,-2.5,NA,2351064
2256,220302_Std_4uMStdsMix2InH2O_2,NADPH,13.54,4492533,0,405653,-4.7,NA,4492533
2257,220302_Std_4uMStdsMix2InMatrix_1,NADPH,13.77,2605237,0,325840,-4.7,NA,2605237
2258,220302_Std_4uMStdsMix2InMatrix_2,NADPH,13.57,2993210,0,351726,-3.7,NA,2993210
2259,220302_Std_H2OinMatrix_1,NADPH,NA,NA,NA,NA,NA,NA,NA
2260,220302_Std_H2OinMatrix_2,NADPH,NA,NA,NA,NA,NA,NA,NA
2261,220302_Poo_TruePooBacteria_Full1,NADPH,NA,NA,NA,NA,NA,NA,NA
2262,220302_Poo_TruePooBacteria_Full2,NADPH,NA,NA,NA,NA,NA,NA,NA
2263,220302_Poo_TruePooBacteria_Full3,NADPH,14.3,141181,0,116164,-0.3,NA,141181
2264,220302_Poo_TruePooBacteria_Half1,NADPH,NA,NA,NA,NA,NA,NA,NA
2265,220302_Poo_TruePooBacteria_Half2,NADPH,NA,NA,NA,NA,NA,NA,NA
2266,220302_Poo_TruePooBacteria_Half3,NADPH,NA,NA,NA,NA,NA,NA,NA
2267,220302_Smp_MQBlk1_A,NADPH,13.63,20672,0,21259,1.1,"areamin_flag, blank_flag",NA
2268,220302_Smp_MQBlk1_B,NADPH,NA,NA,NA,NA,NA,NA,NA
2269,220302_Smp_MQBlk1_C,NADPH,NA,NA,NA,NA,NA,NA,NA
2270,220302_Smp_MQBlk2_A,NADPH,NA,NA,NA,NA,NA,NA,NA
2271,220302_Smp_MQBlk2_B,NADPH,NA,NA,NA,NA,NA,NA,NA
2272,220302_Smp_MQBlk2_C,NADPH,NA,NA,NA,NA,NA,NA,NA
2273,220302_Smp_MQBlk3_A,NADPH,NA,NA,NA,NA,NA,NA,NA
2274,220302_Smp_MQBlk3_B,NADPH,NA,NA,NA,NA,NA,NA,NA
2275,220302_Smp_MQBlk3_C,NADPH,NA,NA,NA,NA,NA,NA,NA
2276,220302_Smp_SupernatBlk_1,NADPH,NA,NA,NA,NA,NA,NA,NA
2277,220302_Smp_SupernatBlk_2,NADPH,NA,NA,NA,NA,NA,NA,NA
2278,220302_Smp_SupernatBlk_3,NADPH,NA,NA,NA,NA,NA,NA,NA
2279,220302_Smp_SWBlk_1,NADPH,NA,NA,NA,NA,NA,NA,NA
2280,220302_Smp_SWBlk_2,NADPH,NA,NA,NA,NA,NA,NA,NA
2281,220302_Smp_SWBlk_3,NADPH,NA,NA,NA,NA,NA,NA,NA
2282,220302_Smp_OBi1_1,NADPH,NA,NA,NA,NA,NA,NA,NA
2283,220302_Smp_OBi1_2,NADPH,NA,NA,NA,NA,NA,NA,NA
2284,220302_Smp_OBi1_3,NADPH,NA,NA,NA,NA,NA,NA,NA
2285,220302_Smp_OBi1_4,NADPH,NA,NA,NA,NA,NA,NA,NA
2286,220302_Smp_OBi1_5,NADPH,NA,NA,NA,NA,NA,NA,NA
2287,220302_Smp_OBi1_6,NADPH,NA,NA,NA,NA,NA,NA,NA
2288,220302_Smp_OBi1_7,NADPH,NA,NA,NA,NA,NA,NA,NA
2289,220302_Smp_OBi1_8,NADPH,NA,NA,NA,NA,NA,NA,NA
2290,220302_Smp_OBi1_9,NADPH,NA,NA,NA,NA,NA,NA,NA
2291,220302_Smp_OBi1small_1,NADPH,NA,NA,NA,NA,NA,NA,NA
2292,220302_Smp_OBi1small_2,NADPH,NA,NA,NA,NA,NA,NA,NA
2293,220302_Smp_OBi1small_3,NADPH,NA,NA,NA,NA,NA,NA,NA
2294,220302_Smp_OBi1small_4,NADPH,NA,NA,NA,NA,NA,NA,NA
2295,220302_Smp_RWi2_1,NADPH,12.75,61362,0,42892,5.2,blank_flag,NA
2296,220302_Smp_RWi2_2,NADPH,13.77,16040,0,8599,-8.1,"ppm_flag, areamin_flag, blank_flag",NA
2297,220302_Smp_RWi2_3,NADPH,NA,NA,NA,NA,NA,NA,NA
2298,220302_Smp_RWi2_4,NADPH,NA,NA,NA,NA,NA,NA,NA
2299,220302_Smp_RWi2_5,NADPH,NA,NA,NA,NA,NA,NA,NA
2300,220302_Smp_RWi2_6,NADPH,NA,NA,NA,NA,NA,NA,NA
2301,220302_Std_4uMStdsMix1InH2O_1,Orotic acid,6.74,1770228480,0,69503344,-1.7,NA,1770228480
2302,220302_Std_4uMStdsMix1InH2O_2,Orotic acid,5.24,1847718272,0,56886640,-1.3,NA,1847718272
2303,220302_Std_4uMStdsMix1InMatrix_1,Orotic acid,7.11,1512184064,5696210,75062552,-1.3,NA,1512184064
2304,220302_Std_4uMStdsMix1InMatrix_2,Orotic acid,6.05,1657315456,11193550,44350236,-1.1,NA,1657315456
2305,220302_Std_4uMStdsMix2InH2O_1,Orotic acid,NA,NA,NA,NA,NA,NA,NA
2306,220302_Std_4uMStdsMix2InH2O_2,Orotic acid,NA,NA,NA,NA,NA,NA,NA
2307,220302_Std_4uMStdsMix2InMatrix_1,Orotic acid,NA,NA,NA,NA,NA,NA,NA
2308,220302_Std_4uMStdsMix2InMatrix_2,Orotic acid,NA,NA,NA,NA,NA,NA,NA
2309,220302_Std_H2OinMatrix_1,Orotic acid,7.11,562744,0,167644,-0.8,blank_flag,NA
2310,220302_Std_H2OinMatrix_2,Orotic acid,NA,NA,NA,NA,NA,NA,NA
2311,220302_Poo_TruePooBacteria_Full1,Orotic acid,7.24,1192579,0,239173,-0.3,blank_flag,NA
2312,220302_Poo_TruePooBacteria_Full2,Orotic acid,7.05,834714,0,147116,-0.7,blank_flag,NA
2313,220302_Poo_TruePooBacteria_Full3,Orotic acid,6.63,911295,0,189374,-0.3,blank_flag,NA
2314,220302_Poo_TruePooBacteria_Half1,Orotic acid,NA,NA,NA,NA,NA,NA,NA
2315,220302_Poo_TruePooBacteria_Half2,Orotic acid,6.77,300166,0,62770,-0.3,blank_flag,NA
2316,220302_Poo_TruePooBacteria_Half3,Orotic acid,NA,NA,NA,NA,NA,NA,NA
2317,220302_Smp_MQBlk1_A,Orotic acid,6.68,NA,0,0,NA,NA,NA
2318,220302_Smp_MQBlk1_B,Orotic acid,7.36,100636,0,60223,-1.2,blank_flag,NA
2319,220302_Smp_MQBlk1_C,Orotic acid,7.38,800361,0,154321,-1,blank_flag,NA
2320,220302_Smp_MQBlk2_A,Orotic acid,6.99,1483836,0,262723,-0.6,blank_flag,NA
2321,220302_Smp_MQBlk2_B,Orotic acid,6.07,678183,0,135002,-0.3,blank_flag,NA
2322,220302_Smp_MQBlk2_C,Orotic acid,6.19,707676,0,136214,-0.3,blank_flag,NA
2323,220302_Smp_MQBlk3_A,Orotic acid,6.68,NA,0,0,NA,NA,NA
2324,220302_Smp_MQBlk3_B,Orotic acid,6.34,NA,0,0,NA,NA,NA
2325,220302_Smp_MQBlk3_C,Orotic acid,6.1,NA,0,0,NA,NA,NA
2326,220302_Smp_SupernatBlk_1,Orotic acid,5.7,673858,0,385544,0,blank_flag,NA
2327,220302_Smp_SupernatBlk_2,Orotic acid,5.96,638356,0,176506,-0.4,blank_flag,NA
2328,220302_Smp_SupernatBlk_3,Orotic acid,6.07,124340,0,95396,-0.4,blank_flag,NA
2329,220302_Smp_SWBlk_1,Orotic acid,6.77,NA,0,0,NA,NA,NA
2330,220302_Smp_SWBlk_2,Orotic acid,6.8,542761,0,159188,-0.6,blank_flag,NA
2331,220302_Smp_SWBlk_3,Orotic acid,7.2,354006,0,123023,-0.2,blank_flag,NA
2332,220302_Smp_OBi1_1,Orotic acid,7.2,1506841,0,165547,0,blank_flag,NA
2333,220302_Smp_OBi1_2,Orotic acid,5.97,1283255,0,179470,0,blank_flag,NA
2334,220302_Smp_OBi1_3,Orotic acid,5.83,448081,0,137123,-1,blank_flag,NA
2335,220302_Smp_OBi1_4,Orotic acid,6.76,399802,0,148789,0,blank_flag,NA
2336,220302_Smp_OBi1_5,Orotic acid,3.82,102706,0,93033,-0.3,blank_flag,NA
2337,220302_Smp_OBi1_6,Orotic acid,6.59,827726,0,183420,-0.8,blank_flag,NA
2338,220302_Smp_OBi1_7,Orotic acid,NA,NA,NA,NA,NA,NA,NA
2339,220302_Smp_OBi1_8,Orotic acid,7.14,2267121,0,185210,-0.8,NA,2267121
2340,220302_Smp_OBi1_9,Orotic acid,3.4,67609,0,38648,3.4,"rt_flag, blank_flag",NA
2341,220302_Smp_OBi1small_1,Orotic acid,7.34,3712998,0,241366,-0.2,NA,3712998
2342,220302_Smp_OBi1small_2,Orotic acid,6.57,2976024,0,365893,-1,NA,2976024
2343,220302_Smp_OBi1small_3,Orotic acid,NA,NA,NA,NA,NA,NA,NA
2344,220302_Smp_OBi1small_4,Orotic acid,6.19,374406,0,141279,-0.6,blank_flag,NA
2345,220302_Smp_RWi2_1,Orotic acid,3.94,119377,0,84274,0.2,blank_flag,NA
2346,220302_Smp_RWi2_2,Orotic acid,5.92,220757,0,101215,-1.5,blank_flag,NA
2347,220302_Smp_RWi2_3,Orotic acid,6.23,1405437,0,252550,-0.7,blank_flag,NA
2348,220302_Smp_RWi2_4,Orotic acid,6.61,990948,0,131202,-0.2,blank_flag,NA
2349,220302_Smp_RWi2_5,Orotic acid,7.17,2193154,0,233676,-1,blank_flag,NA
2350,220302_Smp_RWi2_6,Orotic acid,6.71,272228,0,125543,-0.4,blank_flag,NA
2351,220302_Std_4uMStdsMix1InH2O_1,Oxalic acid,14.18,35053844,0,2480103,-4.3,blank_flag,NA
2352,220302_Std_4uMStdsMix1InH2O_2,Oxalic acid,13.62,187769632,2140287,10108440,-3.7,blank_flag,NA
2353,220302_Std_4uMStdsMix1InMatrix_1,Oxalic acid,14.2,77004824,0,6907330,-4,blank_flag,NA
2354,220302_Std_4uMStdsMix1InMatrix_2,Oxalic acid,13.63,201384592,20952664,17306206,-3.9,blank_flag,NA
2355,220302_Std_4uMStdsMix2InH2O_1,Oxalic acid,14.14,10580803,0,522440,-4.2,blank_flag,NA
2356,220302_Std_4uMStdsMix2InH2O_2,Oxalic acid,13.62,54466568,0,1340531,-4.5,blank_flag,NA
2357,220302_Std_4uMStdsMix2InMatrix_1,Oxalic acid,14.2,38040552,0,3070211,-4,blank_flag,NA
2358,220302_Std_4uMStdsMix2InMatrix_2,Oxalic acid,13.6,103110640,8060171,7170296,-4,blank_flag,NA
2359,220302_Std_H2OinMatrix_1,Oxalic acid,14.24,34483840,0,2565737,-4.3,blank_flag,NA
2360,220302_Std_H2OinMatrix_2,Oxalic acid,13.65,106398816,9037740,7902127,-4.2,blank_flag,NA
2361,220302_Poo_TruePooBacteria_Full1,Oxalic acid,14.1,57801912,5413391,7669082,-3.5,blank_flag,NA
2362,220302_Poo_TruePooBacteria_Full2,Oxalic acid,13.89,63920880,2532841,5217587,-3.9,blank_flag,NA
2363,220302_Poo_TruePooBacteria_Full3,Oxalic acid,13.73,131105848,16493285,10360192,-3.9,blank_flag,NA
2364,220302_Poo_TruePooBacteria_Half1,Oxalic acid,14.09,43105016,0,3143673,-3.5,blank_flag,NA
2365,220302_Poo_TruePooBacteria_Half2,Oxalic acid,13.87,42680036,0,2789482,-4,blank_flag,NA
2366,220302_Poo_TruePooBacteria_Half3,Oxalic acid,13.73,96678392,20182276,6614447,-4,blank_flag,NA
2367,220302_Smp_MQBlk1_A,Oxalic acid,14.17,55809864,0,4603011,-4.4,blank_flag,NA
2368,220302_Smp_MQBlk1_B,Oxalic acid,14.15,86623424,5310541,8389367,-4.4,blank_flag,NA
2369,220302_Smp_MQBlk1_C,Oxalic acid,14.15,114778152,1551155,13053343,-3.7,blank_flag,NA
2370,220302_Smp_MQBlk2_A,Oxalic acid,13.87,52376500,0,3751457,-3.7,blank_flag,NA
2371,220302_Smp_MQBlk2_B,Oxalic acid,13.89,42958832,0,2643514,-3.6,blank_flag,NA
2372,220302_Smp_MQBlk2_C,Oxalic acid,13.87,54676076,0,3290776,-3.5,blank_flag,NA
2373,220302_Smp_MQBlk3_A,Oxalic acid,13.7,95291816,961862,5474295,-3.4,blank_flag,NA
2374,220302_Smp_MQBlk3_B,Oxalic acid,13.68,148612720,0,9466760,-3.7,blank_flag,NA
2375,220302_Smp_MQBlk3_C,Oxalic acid,13.7,143010752,15532266,10863103,-4,blank_flag,NA
2376,220302_Smp_SupernatBlk_1,Oxalic acid,13.93,40484320,0,2847687,-3.2,blank_flag,NA
2377,220302_Smp_SupernatBlk_2,Oxalic acid,13.83,74692664,11331045,5184710,-4.2,blank_flag,NA
2378,220302_Smp_SupernatBlk_3,Oxalic acid,13.76,115827560,3540417,8673570,-3.8,blank_flag,NA
2379,220302_Smp_SWBlk_1,Oxalic acid,14.1,31973732,0,2835715,-3.3,blank_flag,NA
2380,220302_Smp_SWBlk_2,Oxalic acid,13.92,51464672,0,3650352,-3.8,blank_flag,NA
2381,220302_Smp_SWBlk_3,Oxalic acid,14.09,50080672,0,5014264,-3.6,blank_flag,NA
2382,220302_Smp_OBi1_1,Oxalic acid,13.88,147772256,8672569,13232017,-3.4,blank_flag,NA
2383,220302_Smp_OBi1_2,Oxalic acid,13.76,78901464,4115948,4612413,-3.4,blank_flag,NA
2384,220302_Smp_OBi1_3,Oxalic acid,13.71,108605016,12700108,7531906,-4,blank_flag,NA
2385,220302_Smp_OBi1_4,Oxalic acid,13.92,32628500,0,2374805,-3.7,blank_flag,NA
2386,220302_Smp_OBi1_5,Oxalic acid,14.09,59023604,0,5973922,-3.7,blank_flag,NA
2387,220302_Smp_OBi1_6,Oxalic acid,13.92,56155092,2086653,4385453,-3.5,blank_flag,NA
2388,220302_Smp_OBi1_7,Oxalic acid,13.79,116286400,9415253,7314298,-3.2,blank_flag,NA
2389,220302_Smp_OBi1_8,Oxalic acid,13.85,69329496,0,5110699,-3.6,blank_flag,NA
2390,220302_Smp_OBi1_9,Oxalic acid,13.81,132349848,536135,9204505,-3.4,blank_flag,NA
2391,220302_Smp_OBi1small_1,Oxalic acid,14.15,47176484,180649,4136951,-3.2,blank_flag,NA
2392,220302_Smp_OBi1small_2,Oxalic acid,13.81,98307136,0,6877366,-3.9,blank_flag,NA
2393,220302_Smp_OBi1small_3,Oxalic acid,14.03,37641108,0,3160042,-4.2,blank_flag,NA
2394,220302_Smp_OBi1small_4,Oxalic acid,13.82,186466608,13397410,15707673,-3.7,blank_flag,NA
2395,220302_Smp_RWi2_1,Oxalic acid,14.14,45487188,0,4764070,-3.9,blank_flag,NA
2396,220302_Smp_RWi2_2,Oxalic acid,13.78,146543680,8656891,10630697,-3.1,blank_flag,NA
2397,220302_Smp_RWi2_3,Oxalic acid,13.78,101699832,0,6214522,-4.2,blank_flag,NA
2398,220302_Smp_RWi2_4,Oxalic acid,13.83,162584144,11735835,12807430,-3.9,blank_flag,NA
2399,220302_Smp_RWi2_5,Oxalic acid,13.97,37584124,0,3133550,-4,blank_flag,NA
2400,220302_Smp_RWi2_6,Oxalic acid,14,22915432,0,1911111,-3.6,blank_flag,NA
2401,220302_Std_4uMStdsMix1InH2O_1,Phosphoenolpyruvic acid,14.37,25146948,0,1829688,-1,NA,25146948
2402,220302_Std_4uMStdsMix1InH2O_2,Phosphoenolpyruvic acid,14.09,79467712,0,5464365,-0.5,NA,79467712
2403,220302_Std_4uMStdsMix1InMatrix_1,Phosphoenolpyruvic acid,14.31,43064180,0,4805496,-0.6,NA,43064180
2404,220302_Std_4uMStdsMix1InMatrix_2,Phosphoenolpyruvic acid,14.12,73820976,0,5717245,-0.6,NA,73820976
2405,220302_Std_4uMStdsMix2InH2O_1,Phosphoenolpyruvic acid,NA,NA,NA,NA,NA,NA,NA
2406,220302_Std_4uMStdsMix2InH2O_2,Phosphoenolpyruvic acid,NA,NA,NA,NA,NA,NA,NA
2407,220302_Std_4uMStdsMix2InMatrix_1,Phosphoenolpyruvic acid,NA,NA,NA,NA,NA,NA,NA
2408,220302_Std_4uMStdsMix2InMatrix_2,Phosphoenolpyruvic acid,NA,NA,NA,NA,NA,NA,NA
2409,220302_Std_H2OinMatrix_1,Phosphoenolpyruvic acid,NA,NA,NA,NA,NA,NA,NA
2410,220302_Std_H2OinMatrix_2,Phosphoenolpyruvic acid,NA,NA,NA,NA,NA,NA,NA
2411,220302_Poo_TruePooBacteria_Full1,Phosphoenolpyruvic acid,NA,NA,NA,NA,NA,NA,NA
2412,220302_Poo_TruePooBacteria_Full2,Phosphoenolpyruvic acid,NA,NA,NA,NA,NA,NA,NA
2413,220302_Poo_TruePooBacteria_Full3,Phosphoenolpyruvic acid,NA,NA,NA,NA,NA,NA,NA
2414,220302_Poo_TruePooBacteria_Half1,Phosphoenolpyruvic acid,NA,NA,NA,NA,NA,NA,NA
2415,220302_Poo_TruePooBacteria_Half2,Phosphoenolpyruvic acid,NA,NA,NA,NA,NA,NA,NA
2416,220302_Poo_TruePooBacteria_Half3,Phosphoenolpyruvic acid,NA,NA,NA,NA,NA,NA,NA
2417,220302_Smp_MQBlk1_A,Phosphoenolpyruvic acid,14.57,92515,0,68064,-2.4,blank_flag,NA
2418,220302_Smp_MQBlk1_B,Phosphoenolpyruvic acid,NA,NA,NA,NA,NA,NA,NA
2419,220302_Smp_MQBlk1_C,Phosphoenolpyruvic acid,NA,NA,NA,NA,NA,NA,NA
2420,220302_Smp_MQBlk2_A,Phosphoenolpyruvic acid,13.67,138791,0,97970,0,blank_flag,NA
2421,220302_Smp_MQBlk2_B,Phosphoenolpyruvic acid,NA,NA,NA,NA,NA,NA,NA
2422,220302_Smp_MQBlk2_C,Phosphoenolpyruvic acid,NA,NA,NA,NA,NA,NA,NA
2423,220302_Smp_MQBlk3_A,Phosphoenolpyruvic acid,NA,NA,NA,NA,NA,NA,NA
2424,220302_Smp_MQBlk3_B,Phosphoenolpyruvic acid,NA,NA,NA,NA,NA,NA,NA
2425,220302_Smp_MQBlk3_C,Phosphoenolpyruvic acid,NA,NA,NA,NA,NA,NA,NA
2426,220302_Smp_SupernatBlk_1,Phosphoenolpyruvic acid,NA,NA,NA,NA,NA,NA,NA
2427,220302_Smp_SupernatBlk_2,Phosphoenolpyruvic acid,NA,NA,NA,NA,NA,NA,NA
2428,220302_Smp_SupernatBlk_3,Phosphoenolpyruvic acid,NA,NA,NA,NA,NA,NA,NA
2429,220302_Smp_SWBlk_1,Phosphoenolpyruvic acid,NA,NA,NA,NA,NA,NA,NA
2430,220302_Smp_SWBlk_2,Phosphoenolpyruvic acid,NA,NA,NA,NA,NA,NA,NA
2431,220302_Smp_SWBlk_3,Phosphoenolpyruvic acid,NA,NA,NA,NA,NA,NA,NA
2432,220302_Smp_OBi1_1,Phosphoenolpyruvic acid,NA,NA,NA,NA,NA,NA,NA
2433,220302_Smp_OBi1_2,Phosphoenolpyruvic acid,NA,NA,NA,NA,NA,NA,NA
2434,220302_Smp_OBi1_3,Phosphoenolpyruvic acid,NA,NA,NA,NA,NA,NA,NA
2435,220302_Smp_OBi1_4,Phosphoenolpyruvic acid,13.07,71010,0,69019,0.7,blank_flag,NA
2436,220302_Smp_OBi1_5,Phosphoenolpyruvic acid,NA,NA,NA,NA,NA,NA,NA
2437,220302_Smp_OBi1_6,Phosphoenolpyruvic acid,13.55,101199,0,82965,-0.2,blank_flag,NA
2438,220302_Smp_OBi1_7,Phosphoenolpyruvic acid,NA,NA,NA,NA,NA,NA,NA
2439,220302_Smp_OBi1_8,Phosphoenolpyruvic acid,12.95,122179,0,120026,2.6,blank_flag,NA
2440,220302_Smp_OBi1_9,Phosphoenolpyruvic acid,NA,NA,NA,NA,NA,NA,NA
2441,220302_Smp_OBi1small_1,Phosphoenolpyruvic acid,NA,NA,NA,NA,NA,NA,NA
2442,220302_Smp_OBi1small_2,Phosphoenolpyruvic acid,13.42,18257,0,12971,3.2,"areamin_flag, blank_flag",NA
2443,220302_Smp_OBi1small_3,Phosphoenolpyruvic acid,NA,NA,NA,NA,NA,NA,NA
2444,220302_Smp_OBi1small_4,Phosphoenolpyruvic acid,NA,NA,NA,NA,NA,NA,NA
2445,220302_Smp_RWi2_1,Phosphoenolpyruvic acid,NA,NA,NA,NA,NA,NA,NA
2446,220302_Smp_RWi2_2,Phosphoenolpyruvic acid,NA,NA,NA,NA,NA,NA,NA
2447,220302_Smp_RWi2_3,Phosphoenolpyruvic acid,NA,NA,NA,NA,NA,NA,NA
2448,220302_Smp_RWi2_4,Phosphoenolpyruvic acid,NA,NA,NA,NA,NA,NA,NA
2449,220302_Smp_RWi2_5,Phosphoenolpyruvic acid,NA,NA,NA,NA,NA,NA,NA
2450,220302_Smp_RWi2_6,Phosphoenolpyruvic acid,NA,NA,NA,NA,NA,NA,NA
2451,220302_Std_4uMStdsMix1InH2O_1,3-Phosphoglycerate,13.97,75165688,0,4701299,-0.5,NA,75165688
2452,220302_Std_4uMStdsMix1InH2O_2,3-Phosphoglycerate,13.63,139694704,0,7628846,0.6,NA,139694704
2453,220302_Std_4uMStdsMix1InMatrix_1,3-Phosphoglycerate,13.98,71124816,0,3931500,0,NA,71124816
2454,220302_Std_4uMStdsMix1InMatrix_2,3-Phosphoglycerate,13.66,124353960,0,6916457,0.5,NA,124353960
2455,220302_Std_4uMStdsMix2InH2O_1,3-Phosphoglycerate,13.95,25144738,0,1835348,-0.2,NA,25144738
2456,220302_Std_4uMStdsMix2InH2O_2,3-Phosphoglycerate,13.63,43743680,0,2443223,0.3,NA,43743680
2457,220302_Std_4uMStdsMix2InMatrix_1,3-Phosphoglycerate,13.98,21897330,0,1344032,0.3,NA,21897330
2458,220302_Std_4uMStdsMix2InMatrix_2,3-Phosphoglycerate,13.69,44907256,0,2074267,0.7,NA,44907256
2459,220302_Std_H2OinMatrix_1,3-Phosphoglycerate,NA,NA,NA,NA,NA,NA,NA
2460,220302_Std_H2OinMatrix_2,3-Phosphoglycerate,NA,NA,NA,NA,NA,NA,NA
2461,220302_Poo_TruePooBacteria_Full1,3-Phosphoglycerate,NA,NA,NA,NA,NA,NA,NA
2462,220302_Poo_TruePooBacteria_Full2,3-Phosphoglycerate,NA,NA,NA,NA,NA,NA,NA
2463,220302_Poo_TruePooBacteria_Full3,3-Phosphoglycerate,NA,NA,NA,NA,NA,NA,NA
2464,220302_Poo_TruePooBacteria_Half1,3-Phosphoglycerate,NA,NA,NA,NA,NA,NA,NA
2465,220302_Poo_TruePooBacteria_Half2,3-Phosphoglycerate,13.86,107027,0,68772,0.4,NA,107027
2466,220302_Poo_TruePooBacteria_Half3,3-Phosphoglycerate,NA,NA,NA,NA,NA,NA,NA
2467,220302_Smp_MQBlk1_A,3-Phosphoglycerate,NA,NA,NA,NA,NA,NA,NA
2468,220302_Smp_MQBlk1_B,3-Phosphoglycerate,NA,NA,NA,NA,NA,NA,NA
2469,220302_Smp_MQBlk1_C,3-Phosphoglycerate,NA,NA,NA,NA,NA,NA,NA
2470,220302_Smp_MQBlk2_A,3-Phosphoglycerate,NA,NA,NA,NA,NA,NA,NA
2471,220302_Smp_MQBlk2_B,3-Phosphoglycerate,NA,NA,NA,NA,NA,NA,NA
2472,220302_Smp_MQBlk2_C,3-Phosphoglycerate,NA,NA,NA,NA,NA,NA,NA
2473,220302_Smp_MQBlk3_A,3-Phosphoglycerate,NA,NA,NA,NA,NA,NA,NA
2474,220302_Smp_MQBlk3_B,3-Phosphoglycerate,NA,NA,NA,NA,NA,NA,NA
2475,220302_Smp_MQBlk3_C,3-Phosphoglycerate,NA,NA,NA,NA,NA,NA,NA
2476,220302_Smp_SupernatBlk_1,3-Phosphoglycerate,NA,NA,NA,NA,NA,NA,NA
2477,220302_Smp_SupernatBlk_2,3-Phosphoglycerate,NA,NA,NA,NA,NA,NA,NA
2478,220302_Smp_SupernatBlk_3,3-Phosphoglycerate,NA,NA,NA,NA,NA,NA,NA
2479,220302_Smp_SWBlk_1,3-Phosphoglycerate,NA,NA,NA,NA,NA,NA,NA
2480,220302_Smp_SWBlk_2,3-Phosphoglycerate,NA,NA,NA,NA,NA,NA,NA
2481,220302_Smp_SWBlk_3,3-Phosphoglycerate,NA,NA,NA,NA,NA,NA,NA
2482,220302_Smp_OBi1_1,3-Phosphoglycerate,NA,NA,NA,NA,NA,NA,NA
2483,220302_Smp_OBi1_2,3-Phosphoglycerate,NA,NA,NA,NA,NA,NA,NA
2484,220302_Smp_OBi1_3,3-Phosphoglycerate,NA,NA,NA,NA,NA,NA,NA
2485,220302_Smp_OBi1_4,3-Phosphoglycerate,NA,NA,NA,NA,NA,NA,NA
2486,220302_Smp_OBi1_5,3-Phosphoglycerate,NA,NA,NA,NA,NA,NA,NA
2487,220302_Smp_OBi1_6,3-Phosphoglycerate,NA,NA,NA,NA,NA,NA,NA
2488,220302_Smp_OBi1_7,3-Phosphoglycerate,NA,NA,NA,NA,NA,NA,NA
2489,220302_Smp_OBi1_8,3-Phosphoglycerate,NA,NA,NA,NA,NA,NA,NA
2490,220302_Smp_OBi1_9,3-Phosphoglycerate,NA,NA,NA,NA,NA,NA,NA
2491,220302_Smp_OBi1small_1,3-Phosphoglycerate,NA,NA,NA,NA,NA,NA,NA
2492,220302_Smp_OBi1small_2,3-Phosphoglycerate,NA,NA,NA,NA,NA,NA,NA
2493,220302_Smp_OBi1small_3,3-Phosphoglycerate,NA,NA,NA,NA,NA,NA,NA
2494,220302_Smp_OBi1small_4,3-Phosphoglycerate,NA,NA,NA,NA,NA,NA,NA
2495,220302_Smp_RWi2_1,3-Phosphoglycerate,NA,NA,NA,NA,NA,NA,NA
2496,220302_Smp_RWi2_2,3-Phosphoglycerate,13.8,81231,0,43511,3.6,NA,81231
2497,220302_Smp_RWi2_3,3-Phosphoglycerate,NA,NA,NA,NA,NA,NA,NA
2498,220302_Smp_RWi2_4,3-Phosphoglycerate,NA,NA,NA,NA,NA,NA,NA
2499,220302_Smp_RWi2_5,3-Phosphoglycerate,NA,NA,NA,NA,NA,NA,NA
2500,220302_Smp_RWi2_6,3-Phosphoglycerate,NA,NA,NA,NA,NA,NA,NA
2501,220302_Std_4uMStdsMix1InH2O_1,1-Propanesulfonate,NA,NA,NA,NA,NA,NA,NA
2502,220302_Std_4uMStdsMix1InH2O_2,1-Propanesulfonate,NA,NA,NA,NA,NA,NA,NA
2503,220302_Std_4uMStdsMix1InMatrix_1,1-Propanesulfonate,NA,NA,NA,NA,NA,NA,NA
2504,220302_Std_4uMStdsMix1InMatrix_2,1-Propanesulfonate,NA,NA,NA,NA,NA,NA,NA
2505,220302_Std_4uMStdsMix2InH2O_1,1-Propanesulfonate,2.57,1608658048,15678733,56623568,-3,NA,1608658048
2506,220302_Std_4uMStdsMix2InH2O_2,1-Propanesulfonate,2.23,1985955840,0,568847616,-3.1,NA,1985955840
2507,220302_Std_4uMStdsMix2InMatrix_1,1-Propanesulfonate,2.55,1524893952,6193426,45687268,-2.6,NA,1524893952
2508,220302_Std_4uMStdsMix2InMatrix_2,1-Propanesulfonate,2.23,2013967232,0,511481280,-2.9,NA,2013967232
2509,220302_Std_H2OinMatrix_1,1-Propanesulfonate,3.08,93328,0,81823,-0.7,blank_flag,NA
2510,220302_Std_H2OinMatrix_2,1-Propanesulfonate,2.24,610732,0,324438,-1.5,blank_flag,NA
2511,220302_Poo_TruePooBacteria_Full1,1-Propanesulfonate,2.72,132899,0,134905,-2.4,blank_flag,NA
2512,220302_Poo_TruePooBacteria_Full2,1-Propanesulfonate,2.65,104208,0,98974,-3.4,blank_flag,NA
2513,220302_Poo_TruePooBacteria_Full3,1-Propanesulfonate,2.24,1124467,0,457296,-2.5,blank_flag,NA
2514,220302_Poo_TruePooBacteria_Half1,1-Propanesulfonate,NA,NA,NA,NA,NA,NA,NA
2515,220302_Poo_TruePooBacteria_Half2,1-Propanesulfonate,2.77,118745,0,81696,-1.3,blank_flag,NA
2516,220302_Poo_TruePooBacteria_Half3,1-Propanesulfonate,2.24,401711,0,271228,-2.1,blank_flag,NA
2517,220302_Smp_MQBlk1_A,1-Propanesulfonate,3,480238,0,117655,-1.6,blank_flag,NA
2518,220302_Smp_MQBlk1_B,1-Propanesulfonate,2.72,657772,0,143355,-2.2,blank_flag,NA
2519,220302_Smp_MQBlk1_C,1-Propanesulfonate,2.91,560647,0,121644,-1.6,blank_flag,NA
2520,220302_Smp_MQBlk2_A,1-Propanesulfonate,2.59,121542,0,112865,-2.8,blank_flag,NA
2521,220302_Smp_MQBlk2_B,1-Propanesulfonate,2.62,NA,0,0,NA,NA,NA
2522,220302_Smp_MQBlk2_C,1-Propanesulfonate,2.2,NA,0,0,NA,NA,NA
2523,220302_Smp_MQBlk3_A,1-Propanesulfonate,2.25,323684,0,181654,-1.9,blank_flag,NA
2524,220302_Smp_MQBlk3_B,1-Propanesulfonate,2.25,506058,0,286421,-1.8,blank_flag,NA
2525,220302_Smp_MQBlk3_C,1-Propanesulfonate,2.25,1145683,0,595418,-2.6,blank_flag,NA
2526,220302_Smp_SupernatBlk_1,1-Propanesulfonate,2.82,349249,0,77310,-1.5,blank_flag,NA
2527,220302_Smp_SupernatBlk_2,1-Propanesulfonate,2.35,128112,0,71951,-1.4,blank_flag,NA
2528,220302_Smp_SupernatBlk_3,1-Propanesulfonate,2.25,676149,0,231264,-1.5,blank_flag,NA
2529,220302_Smp_SWBlk_1,1-Propanesulfonate,2.48,NA,0,0,NA,NA,NA
2530,220302_Smp_SWBlk_2,1-Propanesulfonate,2.55,491184,0,125915,-1.6,blank_flag,NA
2531,220302_Smp_SWBlk_3,1-Propanesulfonate,2.43,110682,0,108183,-2,blank_flag,NA
2532,220302_Smp_OBi1_1,1-Propanesulfonate,2.87,127294,0,79073,-1,blank_flag,NA
2533,220302_Smp_OBi1_2,1-Propanesulfonate,2.24,344330,0,189347,-2.9,blank_flag,NA
2534,220302_Smp_OBi1_3,1-Propanesulfonate,2.25,486709,0,187733,-1.9,blank_flag,NA
2535,220302_Smp_OBi1_4,1-Propanesulfonate,2.66,127068,0,108126,0.1,blank_flag,NA
2536,220302_Smp_OBi1_5,1-Propanesulfonate,3,5992170,0,303458,-1.8,NA,5992170
2537,220302_Smp_OBi1_6,1-Propanesulfonate,2.99,100318,0,87786,-0.8,blank_flag,NA
2538,220302_Smp_OBi1_7,1-Propanesulfonate,2.26,115340,0,106842,-0.3,blank_flag,NA
2539,220302_Smp_OBi1_8,1-Propanesulfonate,NA,NA,NA,NA,NA,NA,NA
2540,220302_Smp_OBi1_9,1-Propanesulfonate,2.78,99359,0,75263,-1.8,blank_flag,NA
2541,220302_Smp_OBi1small_1,1-Propanesulfonate,2.59,5842141,0,283863,-1.8,NA,5842141
2542,220302_Smp_OBi1small_2,1-Propanesulfonate,2.31,151331,0,103453,-1.3,blank_flag,NA
2543,220302_Smp_OBi1small_3,1-Propanesulfonate,2.94,109669,0,88733,-0.3,blank_flag,NA
2544,220302_Smp_OBi1small_4,1-Propanesulfonate,2.59,131456,0,78380,-0.5,blank_flag,NA
2545,220302_Smp_RWi2_1,1-Propanesulfonate,2.97,145668,0,103913,-0.7,blank_flag,NA
2546,220302_Smp_RWi2_2,1-Propanesulfonate,2.54,90786,0,82318,-0.4,blank_flag,NA
2547,220302_Smp_RWi2_3,1-Propanesulfonate,2.59,151665,0,129137,-0.7,blank_flag,NA
2548,220302_Smp_RWi2_4,1-Propanesulfonate,2.67,138789,0,79705,-0.9,blank_flag,NA
2549,220302_Smp_RWi2_5,1-Propanesulfonate,2.66,116539,0,122075,-2.2,blank_flag,NA
2550,220302_Smp_RWi2_6,1-Propanesulfonate,2.75,104095,0,88440,-0.3,blank_flag,NA
2551,220302_Std_4uMStdsMix1InH2O_1,Propionylglycine,4.09,567164160,0,16194046,-3,NA,567164160
2552,220302_Std_4uMStdsMix1InH2O_2,Propionylglycine,2.89,917393920,0,18245336,-1.9,NA,917393920
2553,220302_Std_4uMStdsMix1InMatrix_1,Propionylglycine,4.11,553620288,0,16055663,-2.7,NA,553620288
2554,220302_Std_4uMStdsMix1InMatrix_2,Propionylglycine,2.91,787263680,0,14068385,-1.7,NA,787263680
2555,220302_Std_4uMStdsMix2InH2O_1,Propionylglycine,NA,NA,NA,NA,NA,NA,NA
2556,220302_Std_4uMStdsMix2InH2O_2,Propionylglycine,NA,NA,NA,NA,NA,NA,NA
2557,220302_Std_4uMStdsMix2InMatrix_1,Propionylglycine,NA,NA,NA,NA,NA,NA,NA
2558,220302_Std_4uMStdsMix2InMatrix_2,Propionylglycine,6.46,182351,0,133165,-0.9,blank_flag,NA
2559,220302_Std_H2OinMatrix_1,Propionylglycine,6.16,109184,0,94616,-0.7,blank_flag,NA
2560,220302_Std_H2OinMatrix_2,Propionylglycine,5.3,98610,0,71506,-0.8,blank_flag,NA
2561,220302_Poo_TruePooBacteria_Full1,Propionylglycine,5.77,161054,0,135780,-0.5,blank_flag,NA
2562,220302_Poo_TruePooBacteria_Full2,Propionylglycine,5.73,206196,0,177706,-0.3,blank_flag,NA
2563,220302_Poo_TruePooBacteria_Full3,Propionylglycine,5.41,148727,0,138495,-0.3,blank_flag,NA
2564,220302_Poo_TruePooBacteria_Half1,Propionylglycine,NA,NA,NA,NA,NA,NA,NA
2565,220302_Poo_TruePooBacteria_Half2,Propionylglycine,4.98,285246,0,261936,-2.5,blank_flag,NA
2566,220302_Poo_TruePooBacteria_Half3,Propionylglycine,6.27,107201,0,88532,-0.9,blank_flag,NA
2567,220302_Smp_MQBlk1_A,Propionylglycine,NA,NA,NA,NA,NA,NA,NA
2568,220302_Smp_MQBlk1_B,Propionylglycine,6.23,217043,0,143148,-0.5,blank_flag,NA
2569,220302_Smp_MQBlk1_C,Propionylglycine,6.24,160034,0,121027,-1.9,blank_flag,NA
2570,220302_Smp_MQBlk2_A,Propionylglycine,NA,NA,NA,NA,NA,NA,NA
2571,220302_Smp_MQBlk2_B,Propionylglycine,5.55,111644,0,80111,0.7,blank_flag,NA
2572,220302_Smp_MQBlk2_C,Propionylglycine,4.83,153164,0,128684,-1.6,blank_flag,NA
2573,220302_Smp_MQBlk3_A,Propionylglycine,NA,NA,NA,NA,NA,NA,NA
2574,220302_Smp_MQBlk3_B,Propionylglycine,6.51,143590,0,94100,0.2,blank_flag,NA
2575,220302_Smp_MQBlk3_C,Propionylglycine,5.1,323919,0,189409,-0.1,blank_flag,NA
2576,220302_Smp_SupernatBlk_1,Propionylglycine,6.08,265586,0,144212,-1,blank_flag,NA
2577,220302_Smp_SupernatBlk_2,Propionylglycine,6.48,150283,0,113668,0.3,blank_flag,NA
2578,220302_Smp_SupernatBlk_3,Propionylglycine,5.4,322504,0,145314,-0.6,blank_flag,NA
2579,220302_Smp_SWBlk_1,Propionylglycine,5.43,137695,0,92917,-0.6,blank_flag,NA
2580,220302_Smp_SWBlk_2,Propionylglycine,NA,NA,NA,NA,NA,NA,NA
2581,220302_Smp_SWBlk_3,Propionylglycine,6.1,170198,0,140735,-0.2,blank_flag,NA
2582,220302_Smp_OBi1_1,Propionylglycine,5.22,274649,0,275139,0.5,blank_flag,NA
2583,220302_Smp_OBi1_2,Propionylglycine,6.46,121274,0,116735,-0.3,blank_flag,NA
2584,220302_Smp_OBi1_3,Propionylglycine,5.05,665259,0,191555,-0.8,NA,665259
2585,220302_Smp_OBi1_4,Propionylglycine,5.8,491549,0,365754,-4.1,blank_flag,NA
2586,220302_Smp_OBi1_5,Propionylglycine,NA,NA,NA,NA,NA,NA,NA
2587,220302_Smp_OBi1_6,Propionylglycine,5.88,375994,0,269576,-1.6,blank_flag,NA
2588,220302_Smp_OBi1_7,Propionylglycine,5.18,437280,0,116954,-0.6,blank_flag,NA
2589,220302_Smp_OBi1_8,Propionylglycine,NA,NA,NA,NA,NA,NA,NA
2590,220302_Smp_OBi1_9,Propionylglycine,5.35,1338409,0,150782,-0.7,NA,1338409
2591,220302_Smp_OBi1small_1,Propionylglycine,6.02,105810,0,64411,-1.1,blank_flag,NA
2592,220302_Smp_OBi1small_2,Propionylglycine,NA,NA,NA,NA,NA,NA,NA
2593,220302_Smp_OBi1small_3,Propionylglycine,NA,NA,NA,NA,NA,NA,NA
2594,220302_Smp_OBi1small_4,Propionylglycine,5.49,417047,0,276457,0,blank_flag,NA
2595,220302_Smp_RWi2_1,Propionylglycine,6.31,126864,0,92963,-0.5,blank_flag,NA
2596,220302_Smp_RWi2_2,Propionylglycine,5.23,686210,0,179876,-1.1,NA,686210
2597,220302_Smp_RWi2_3,Propionylglycine,5.38,215291,0,141416,0,blank_flag,NA
2598,220302_Smp_RWi2_4,Propionylglycine,5.46,295422,0,208194,-1.3,blank_flag,NA
2599,220302_Smp_RWi2_5,Propionylglycine,6.05,341907,0,236969,-2.9,blank_flag,NA
2600,220302_Smp_RWi2_6,Propionylglycine,6.19,142674,0,91917,-1.7,blank_flag,NA
2601,220302_Std_4uMStdsMix1InH2O_1,"2,5-Dihydroxybenzoic acid",NA,NA,NA,NA,NA,NA,NA
2602,220302_Std_4uMStdsMix1InH2O_2,"2,5-Dihydroxybenzoic acid",NA,NA,NA,NA,NA,NA,NA
2603,220302_Std_4uMStdsMix1InMatrix_1,"2,5-Dihydroxybenzoic acid",NA,NA,NA,NA,NA,NA,NA
2604,220302_Std_4uMStdsMix1InMatrix_2,"2,5-Dihydroxybenzoic acid",NA,NA,NA,NA,NA,NA,NA
2605,220302_Std_4uMStdsMix2InH2O_1,"2,5-Dihydroxybenzoic acid",3.79,1189036288,14799752,65257332,-1.4,NA,1189036288
2606,220302_Std_4uMStdsMix2InH2O_2,"2,5-Dihydroxybenzoic acid",2.99,1862039296,0,69865832,-1.3,NA,1862039296
2607,220302_Std_4uMStdsMix2InMatrix_1,"2,5-Dihydroxybenzoic acid",3.76,1142705536,11434718,53137444,-1.2,NA,1142705536
2608,220302_Std_4uMStdsMix2InMatrix_2,"2,5-Dihydroxybenzoic acid",3.04,1858391168,0,56206736,-1,NA,1858391168
2609,220302_Std_H2OinMatrix_1,"2,5-Dihydroxybenzoic acid",NA,NA,NA,NA,NA,NA,NA
2610,220302_Std_H2OinMatrix_2,"2,5-Dihydroxybenzoic acid",NA,NA,NA,NA,NA,NA,NA
2611,220302_Poo_TruePooBacteria_Full1,"2,5-Dihydroxybenzoic acid",NA,NA,NA,NA,NA,NA,NA
2612,220302_Poo_TruePooBacteria_Full2,"2,5-Dihydroxybenzoic acid",NA,NA,NA,NA,NA,NA,NA
2613,220302_Poo_TruePooBacteria_Full3,"2,5-Dihydroxybenzoic acid",NA,NA,NA,NA,NA,NA,NA
2614,220302_Poo_TruePooBacteria_Half1,"2,5-Dihydroxybenzoic acid",3.21,100991,0,105745,-4.3,NA,100991
2615,220302_Poo_TruePooBacteria_Half2,"2,5-Dihydroxybenzoic acid",3.39,109044,0,114743,-0.1,NA,109044
2616,220302_Poo_TruePooBacteria_Half3,"2,5-Dihydroxybenzoic acid",NA,NA,NA,NA,NA,NA,NA
2617,220302_Smp_MQBlk1_A,"2,5-Dihydroxybenzoic acid",NA,NA,NA,NA,NA,NA,NA
2618,220302_Smp_MQBlk1_B,"2,5-Dihydroxybenzoic acid",NA,NA,NA,NA,NA,NA,NA
2619,220302_Smp_MQBlk1_C,"2,5-Dihydroxybenzoic acid",NA,NA,NA,NA,NA,NA,NA
2620,220302_Smp_MQBlk2_A,"2,5-Dihydroxybenzoic acid",NA,NA,NA,NA,NA,NA,NA
2621,220302_Smp_MQBlk2_B,"2,5-Dihydroxybenzoic acid",NA,NA,NA,NA,NA,NA,NA
2622,220302_Smp_MQBlk2_C,"2,5-Dihydroxybenzoic acid",NA,NA,NA,NA,NA,NA,NA
2623,220302_Smp_MQBlk3_A,"2,5-Dihydroxybenzoic acid",NA,NA,NA,NA,NA,NA,NA
2624,220302_Smp_MQBlk3_B,"2,5-Dihydroxybenzoic acid",NA,NA,NA,NA,NA,NA,NA
2625,220302_Smp_MQBlk3_C,"2,5-Dihydroxybenzoic acid",NA,NA,NA,NA,NA,NA,NA
2626,220302_Smp_SupernatBlk_1,"2,5-Dihydroxybenzoic acid",NA,NA,NA,NA,NA,NA,NA
2627,220302_Smp_SupernatBlk_2,"2,5-Dihydroxybenzoic acid",NA,NA,NA,NA,NA,NA,NA
2628,220302_Smp_SupernatBlk_3,"2,5-Dihydroxybenzoic acid",NA,NA,NA,NA,NA,NA,NA
2629,220302_Smp_SWBlk_1,"2,5-Dihydroxybenzoic acid",NA,NA,NA,NA,NA,NA,NA
2630,220302_Smp_SWBlk_2,"2,5-Dihydroxybenzoic acid",NA,NA,NA,NA,NA,NA,NA
2631,220302_Smp_SWBlk_3,"2,5-Dihydroxybenzoic acid",NA,NA,NA,NA,NA,NA,NA
2632,220302_Smp_OBi1_1,"2,5-Dihydroxybenzoic acid",3.85,121288,0,95986,-2.4,NA,121288
2633,220302_Smp_OBi1_2,"2,5-Dihydroxybenzoic acid",NA,NA,NA,NA,NA,NA,NA
2634,220302_Smp_OBi1_3,"2,5-Dihydroxybenzoic acid",NA,NA,NA,NA,NA,NA,NA
2635,220302_Smp_OBi1_4,"2,5-Dihydroxybenzoic acid",NA,NA,NA,NA,NA,NA,NA
2636,220302_Smp_OBi1_5,"2,5-Dihydroxybenzoic acid",NA,NA,NA,NA,NA,NA,NA
2637,220302_Smp_OBi1_6,"2,5-Dihydroxybenzoic acid",NA,NA,NA,NA,NA,NA,NA
2638,220302_Smp_OBi1_7,"2,5-Dihydroxybenzoic acid",NA,NA,NA,NA,NA,NA,NA
2639,220302_Smp_OBi1_8,"2,5-Dihydroxybenzoic acid",4.4,37054,0,29639,2.5,"areamin_flag,",NA
2640,220302_Smp_OBi1_9,"2,5-Dihydroxybenzoic acid",NA,NA,NA,NA,NA,NA,NA
2641,220302_Smp_OBi1small_1,"2,5-Dihydroxybenzoic acid",3.63,118267,0,105708,-0.8,NA,118267
2642,220302_Smp_OBi1small_2,"2,5-Dihydroxybenzoic acid",NA,NA,NA,NA,NA,NA,NA
2643,220302_Smp_OBi1small_3,"2,5-Dihydroxybenzoic acid",NA,NA,NA,NA,NA,NA,NA
2644,220302_Smp_OBi1small_4,"2,5-Dihydroxybenzoic acid",3.32,91535,0,79864,0.1,NA,91535
2645,220302_Smp_RWi2_1,"2,5-Dihydroxybenzoic acid",NA,NA,NA,NA,NA,NA,NA
2646,220302_Smp_RWi2_2,"2,5-Dihydroxybenzoic acid",NA,NA,NA,NA,NA,NA,NA
2647,220302_Smp_RWi2_3,"2,5-Dihydroxybenzoic acid",NA,NA,NA,NA,NA,NA,NA
2648,220302_Smp_RWi2_4,"2,5-Dihydroxybenzoic acid",3.35,106003,0,96884,0.4,NA,106003
2649,220302_Smp_RWi2_5,"2,5-Dihydroxybenzoic acid",NA,NA,NA,NA,NA,NA,NA
2650,220302_Smp_RWi2_6,"2,5-Dihydroxybenzoic acid",NA,NA,NA,NA,NA,NA,NA
2651,220302_Std_4uMStdsMix1InH2O_1,D-Ribose 5-phosphate,NA,NA,NA,NA,NA,NA,NA
2652,220302_Std_4uMStdsMix1InH2O_2,D-Ribose 5-phosphate,NA,NA,NA,NA,NA,NA,NA
2653,220302_Std_4uMStdsMix1InMatrix_1,D-Ribose 5-phosphate,NA,NA,NA,NA,NA,NA,NA
2654,220302_Std_4uMStdsMix1InMatrix_2,D-Ribose 5-phosphate,NA,NA,NA,NA,NA,NA,NA
2655,220302_Std_4uMStdsMix2InH2O_1,D-Ribose 5-phosphate,12.74,62189880,0,4555592,0.9,NA,62189880
2656,220302_Std_4uMStdsMix2InH2O_2,D-Ribose 5-phosphate,12.37,102591792,0,6142800,1.8,NA,102591792
2657,220302_Std_4uMStdsMix2InMatrix_1,D-Ribose 5-phosphate,12.75,61069024,0,4214935,1.2,NA,61069024
2658,220302_Std_4uMStdsMix2InMatrix_2,D-Ribose 5-phosphate,12.4,100753984,0,6733906,2.2,NA,100753984
2659,220302_Std_H2OinMatrix_1,D-Ribose 5-phosphate,11.53,995101,0,118001,7.5,"ppm_flag, blank_flag",NA
2660,220302_Std_H2OinMatrix_2,D-Ribose 5-phosphate,10.22,2298579,0,222274,10.4,"ppm_flag, blank_flag",NA
2661,220302_Poo_TruePooBacteria_Full1,D-Ribose 5-phosphate,11.35,2835838,0,270388,9.9,"ppm_flag, blank_flag",NA
2662,220302_Poo_TruePooBacteria_Full2,D-Ribose 5-phosphate,11.13,3312791,0,243593,4.3,blank_flag,NA
2663,220302_Poo_TruePooBacteria_Full3,D-Ribose 5-phosphate,10.57,3690759,0,261968,10,"ppm_flag, blank_flag",NA
2664,220302_Poo_TruePooBacteria_Half1,D-Ribose 5-phosphate,11.3,1049474,0,100547,11,"ppm_flag, blank_flag",NA
2665,220302_Poo_TruePooBacteria_Half2,D-Ribose 5-phosphate,11.14,933174,0,87075,7.8,"ppm_flag, blank_flag",NA
2666,220302_Poo_TruePooBacteria_Half3,D-Ribose 5-phosphate,10.39,1517738,0,113268,11.1,"ppm_flag, blank_flag",NA
2667,220302_Smp_MQBlk1_A,D-Ribose 5-phosphate,11.47,12279761,0,1149593,6.9,"ppm_flag, blank_flag",NA
2668,220302_Smp_MQBlk1_B,D-Ribose 5-phosphate,11.42,15923571,0,1247115,8.4,"ppm_flag, blank_flag",NA
2669,220302_Smp_MQBlk1_C,D-Ribose 5-phosphate,11.41,14904452,0,1055331,8.3,"ppm_flag, blank_flag",NA
2670,220302_Smp_MQBlk2_A,D-Ribose 5-phosphate,11.19,1319955,0,138596,6.5,"ppm_flag, blank_flag",NA
2671,220302_Smp_MQBlk2_B,D-Ribose 5-phosphate,11,1169307,0,127054,7.6,"ppm_flag, blank_flag",NA
2672,220302_Smp_MQBlk2_C,D-Ribose 5-phosphate,10.95,2954484,0,218872,6.5,"ppm_flag, blank_flag",NA
2673,220302_Smp_MQBlk3_A,D-Ribose 5-phosphate,10.49,1354578,0,159598,6.1,"ppm_flag, blank_flag",NA
2674,220302_Smp_MQBlk3_B,D-Ribose 5-phosphate,10.35,1128481,0,134687,6.7,"ppm_flag, blank_flag",NA
2675,220302_Smp_MQBlk3_C,D-Ribose 5-phosphate,10.34,2472671,0,164815,9.6,"ppm_flag, blank_flag",NA
2676,220302_Smp_SupernatBlk_1,D-Ribose 5-phosphate,11.33,4453976,0,262949,6.3,"ppm_flag, blank_flag",NA
2677,220302_Smp_SupernatBlk_2,D-Ribose 5-phosphate,10.73,1146934,0,137422,10.8,"ppm_flag, blank_flag",NA
2678,220302_Smp_SupernatBlk_3,D-Ribose 5-phosphate,10.73,3168083,0,217393,10.3,"ppm_flag, blank_flag",NA
2679,220302_Smp_SWBlk_1,D-Ribose 5-phosphate,11.47,2169389,0,137768,9.3,"ppm_flag, blank_flag",NA
2680,220302_Smp_SWBlk_2,D-Ribose 5-phosphate,11.1,1571154,0,187536,6.3,"ppm_flag, blank_flag",NA
2681,220302_Smp_SWBlk_3,D-Ribose 5-phosphate,11.37,8434365,0,655787,9.3,"ppm_flag, blank_flag",NA
2682,220302_Smp_OBi1_1,D-Ribose 5-phosphate,11.1,656978,0,68310,10,"ppm_flag, blank_flag",NA
2683,220302_Smp_OBi1_2,D-Ribose 5-phosphate,10.71,1323976,0,138794,10.4,"ppm_flag, blank_flag",NA
2684,220302_Smp_OBi1_3,D-Ribose 5-phosphate,10.48,3539113,0,299589,6.3,"ppm_flag, blank_flag",NA
2685,220302_Smp_OBi1_4,D-Ribose 5-phosphate,11.38,1181913,0,131904,6.9,"ppm_flag, blank_flag",NA
2686,220302_Smp_OBi1_5,D-Ribose 5-phosphate,11.55,6256628,0,521522,7.6,"ppm_flag, blank_flag",NA
2687,220302_Smp_OBi1_6,D-Ribose 5-phosphate,11.24,2177934,0,203991,5.5,blank_flag,NA
2688,220302_Smp_OBi1_7,D-Ribose 5-phosphate,10.55,1013688,0,112331,10.2,"ppm_flag, blank_flag",NA
2689,220302_Smp_OBi1_8,D-Ribose 5-phosphate,11,1841037,0,187895,6,blank_flag,NA
2690,220302_Smp_OBi1_9,D-Ribose 5-phosphate,10.83,849945,0,74460,8.4,"ppm_flag, blank_flag",NA
2691,220302_Smp_OBi1small_1,D-Ribose 5-phosphate,11.55,5693973,0,479943,5.2,blank_flag,NA
2692,220302_Smp_OBi1small_2,D-Ribose 5-phosphate,10.89,1687307,0,146297,6,blank_flag,NA
2693,220302_Smp_OBi1small_3,D-Ribose 5-phosphate,11.54,1490324,0,172197,9.7,"ppm_flag, blank_flag",NA
2694,220302_Smp_OBi1small_4,D-Ribose 5-phosphate,10.96,2281148,0,166656,6,blank_flag,NA
2695,220302_Smp_RWi2_1,D-Ribose 5-phosphate,11.55,1029045,0,117939,10.9,"ppm_flag, blank_flag",NA
2696,220302_Smp_RWi2_2,D-Ribose 5-phosphate,10.69,1883003,0,143936,9.8,"ppm_flag, blank_flag",NA
2697,220302_Smp_RWi2_3,D-Ribose 5-phosphate,10.74,2195515,0,175895,8.4,"ppm_flag, blank_flag",NA
2698,220302_Smp_RWi2_4,D-Ribose 5-phosphate,10.87,1050629,0,110464,10.4,"ppm_flag, blank_flag",NA
2699,220302_Smp_RWi2_5,D-Ribose 5-phosphate,11.24,1948609,0,209633,6,blank_flag,NA
2700,220302_Smp_RWi2_6,D-Ribose 5-phosphate,11.21,2240813,0,193243,9.7,"ppm_flag, blank_flag",NA
2701,220302_Std_4uMStdsMix1InH2O_1,Salicylic acid,2.01,1240271360,3986158,242458736,-2.4,NA,1240271360
2702,220302_Std_4uMStdsMix1InH2O_2,Salicylic acid,1.79,1847025792,26238390,335078656,-2.2,NA,1847025792
2703,220302_Std_4uMStdsMix1InMatrix_1,Salicylic acid,2,1293963904,9346421,241981920,-2.1,NA,1293963904
2704,220302_Std_4uMStdsMix1InMatrix_2,Salicylic acid,1.79,1856977408,16522262,307548064,-2.1,NA,1856977408
2705,220302_Std_4uMStdsMix2InH2O_1,Salicylic acid,2.02,117692632,953242,21790222,-2.3,NA,117692632
2706,220302_Std_4uMStdsMix2InH2O_2,Salicylic acid,1.79,204987936,3041347,37327668,-2,NA,204987936
2707,220302_Std_4uMStdsMix2InMatrix_1,Salicylic acid,2,160707488,0,28493228,-2,NA,160707488
2708,220302_Std_4uMStdsMix2InMatrix_2,Salicylic acid,1.79,231485728,3160260,38710772,-2.1,NA,231485728
2709,220302_Std_H2OinMatrix_1,Salicylic acid,2,5177268,0,978729,-2.4,blank_flag,NA
2710,220302_Std_H2OinMatrix_2,Salicylic acid,1.82,7367811,0,1302116,-1.9,blank_flag,NA
2711,220302_Poo_TruePooBacteria_Full1,Salicylic acid,1.98,11814806,0,2359725,-1.6,blank_flag,NA
2712,220302_Poo_TruePooBacteria_Full2,Salicylic acid,1.94,11179533,0,2195123,-1.8,blank_flag,NA
2713,220302_Poo_TruePooBacteria_Full3,Salicylic acid,1.85,12435829,0,2350764,-1.5,blank_flag,NA
2714,220302_Poo_TruePooBacteria_Half1,Salicylic acid,1.98,4877244,0,1088991,-1.7,blank_flag,NA
2715,220302_Poo_TruePooBacteria_Half2,Salicylic acid,1.94,5552350,0,1124176,-1.5,blank_flag,NA
2716,220302_Poo_TruePooBacteria_Half3,Salicylic acid,1.85,5223138,0,1051420,-1.7,blank_flag,NA
2717,220302_Smp_MQBlk1_A,Salicylic acid,1.98,3914913,0,920029,-2.1,blank_flag,NA
2718,220302_Smp_MQBlk1_B,Salicylic acid,1.98,13717176,0,2325670,-2.4,blank_flag,NA
2719,220302_Smp_MQBlk1_C,Salicylic acid,1.98,23472044,0,4748507,-1.9,blank_flag,NA
2720,220302_Smp_MQBlk2_A,Salicylic acid,1.94,10464360,0,1875232,-1.9,blank_flag,NA
2721,220302_Smp_MQBlk2_B,Salicylic acid,1.93,7484071,0,1733305,-1.5,blank_flag,NA
2722,220302_Smp_MQBlk2_C,Salicylic acid,1.92,10353618,0,1795171,-1.4,blank_flag,NA
2723,220302_Smp_MQBlk3_A,Salicylic acid,1.86,11741636,0,2259921,-1,blank_flag,NA
2724,220302_Smp_MQBlk3_B,Salicylic acid,1.85,11663256,0,2134392,-1.1,blank_flag,NA
2725,220302_Smp_MQBlk3_C,Salicylic acid,1.87,8523427,0,1415756,-1.1,blank_flag,NA
2726,220302_Smp_SupernatBlk_1,Salicylic acid,1.95,19494356,0,2988577,-1,blank_flag,NA
2727,220302_Smp_SupernatBlk_2,Salicylic acid,1.91,10719244,0,1996150,-1.8,blank_flag,NA
2728,220302_Smp_SupernatBlk_3,Salicylic acid,1.89,15586027,0,2679055,-1.4,blank_flag,NA
2729,220302_Smp_SWBlk_1,Salicylic acid,2,12203282,0,2329553,-1.6,blank_flag,NA
2730,220302_Smp_SWBlk_2,Salicylic acid,1.92,11337541,0,1685040,-1.4,blank_flag,NA
2731,220302_Smp_SWBlk_3,Salicylic acid,1.97,10764064,0,2001648,-1.8,blank_flag,NA
2732,220302_Smp_OBi1_1,Salicylic acid,1.92,12832219,0,2117421,-0.9,blank_flag,NA
2733,220302_Smp_OBi1_2,Salicylic acid,1.88,12408050,0,2211536,-1.4,blank_flag,NA
2734,220302_Smp_OBi1_3,Salicylic acid,1.87,9881346,0,2135097,-2.1,blank_flag,NA
2735,220302_Smp_OBi1_4,Salicylic acid,1.94,10176252,0,1860346,-1.3,blank_flag,NA
2736,220302_Smp_OBi1_5,Salicylic acid,2,11013436,0,1480227,-1,blank_flag,NA
2737,220302_Smp_OBi1_6,Salicylic acid,1.95,17038872,0,2926375,-1.4,blank_flag,NA
2738,220302_Smp_OBi1_7,Salicylic acid,1.89,9209707,0,1818207,-1.4,blank_flag,NA
2739,220302_Smp_OBi1_8,Salicylic acid,1.93,15221800,0,2398994,-1.5,blank_flag,NA
2740,220302_Smp_OBi1_9,Salicylic acid,1.9,6119278,0,935336,-1.2,blank_flag,NA
2741,220302_Smp_OBi1small_1,Salicylic acid,2,8241625,0,1723143,-0.9,blank_flag,NA
2742,220302_Smp_OBi1small_2,Salicylic acid,1.9,22462644,0,4247487,-1.9,blank_flag,NA
2743,220302_Smp_OBi1small_3,Salicylic acid,2,4173970,0,604459,-1.6,blank_flag,NA
2744,220302_Smp_OBi1small_4,Salicylic acid,1.89,965214,0,287384,-0.8,blank_flag,NA
2745,220302_Smp_RWi2_1,Salicylic acid,1.97,2303681,0,442206,-1.3,blank_flag,NA
2746,220302_Smp_RWi2_2,Salicylic acid,1.9,3659664,0,733692,-1.2,blank_flag,NA
2747,220302_Smp_RWi2_3,Salicylic acid,1.89,12893679,0,2439629,-2,blank_flag,NA
2748,220302_Smp_RWi2_4,Salicylic acid,1.92,4225663,0,850220,-1.2,blank_flag,NA
2749,220302_Smp_RWi2_5,Salicylic acid,1.95,19139864,0,3325058,-1.4,blank_flag,NA
2750,220302_Smp_RWi2_6,Salicylic acid,1.94,15607908,0,2401766,-1.7,blank_flag,NA
2751,220302_Std_4uMStdsMix1InH2O_1,Shikimic acid,10.76,308359648,246152,18118250,-0.7,NA,308359648
2752,220302_Std_4uMStdsMix1InH2O_2,Shikimic acid,9.89,414436640,9591156,22365274,-0.1,NA,414436640
2753,220302_Std_4uMStdsMix1InMatrix_1,Shikimic acid,10.86,307523104,7435264,21048530,-0.6,NA,307523104
2754,220302_Std_4uMStdsMix1InMatrix_2,Shikimic acid,10.08,389001696,5085721,22800776,0.1,NA,389001696
2755,220302_Std_4uMStdsMix2InH2O_1,Shikimic acid,11.3,14907649,0,987332,-0.5,blank_flag,NA
2756,220302_Std_4uMStdsMix2InH2O_2,Shikimic acid,10.57,9046033,224449,1203587,0.8,blank_flag,NA
2757,220302_Std_4uMStdsMix2InMatrix_1,Shikimic acid,11.39,16536237,5863140,1339876,-0.4,"sn_flag, blank_flag",NA
2758,220302_Std_4uMStdsMix2InMatrix_2,Shikimic acid,10.57,23004230,7103188,1557376,0.7,blank_flag,NA
2759,220302_Std_H2OinMatrix_1,Shikimic acid,11.1,9244300,0,399533,1.6,blank_flag,NA
2760,220302_Std_H2OinMatrix_2,Shikimic acid,10.48,9961928,2357936,392172,3.1,blank_flag,NA
2761,220302_Poo_TruePooBacteria_Full1,Shikimic acid,11.07,10458056,0,515052,1.1,blank_flag,NA
2762,220302_Poo_TruePooBacteria_Full2,Shikimic acid,10.96,13340740,1880024,505030,1.9,blank_flag,NA
2763,220302_Poo_TruePooBacteria_Full3,Shikimic acid,10.54,13416498,745969,619174,3,blank_flag,NA
2764,220302_Poo_TruePooBacteria_Half1,Shikimic acid,10.75,6447254,0,408521,1.8,blank_flag,NA
2765,220302_Poo_TruePooBacteria_Half2,Shikimic acid,10.87,7515364,472783,377670,1.7,blank_flag,NA
2766,220302_Poo_TruePooBacteria_Half3,Shikimic acid,9.83,8252335,5962371,424019,4,"sn_flag, blank_flag",NA
2767,220302_Smp_MQBlk1_A,Shikimic acid,11.12,23105074,0,994839,-0.1,blank_flag,NA
2768,220302_Smp_MQBlk1_B,Shikimic acid,11.15,24040836,2888779,1002885,0.5,blank_flag,NA
2769,220302_Smp_MQBlk1_C,Shikimic acid,11.13,21938358,3852922,1090295,0.2,blank_flag,NA
2770,220302_Smp_MQBlk2_A,Shikimic acid,10.85,9733192,5549616,642837,1.6,"sn_flag, blank_flag",NA
2771,220302_Smp_MQBlk2_B,Shikimic acid,10.77,9932005,2088098,408787,2.2,blank_flag,NA
2772,220302_Smp_MQBlk2_C,Shikimic acid,10.75,1482042,12607856,248927,2.1,"sn_flag, blank_flag",NA
2773,220302_Smp_MQBlk3_A,Shikimic acid,10.33,8930289,1116893,448399,2.9,blank_flag,NA
2774,220302_Smp_MQBlk3_B,Shikimic acid,10.35,7964916,3766631,346249,2,"sn_flag, blank_flag",NA
2775,220302_Smp_MQBlk3_C,Shikimic acid,10.54,12958929,1028638,527197,1.9,blank_flag,NA
2776,220302_Smp_SupernatBlk_1,Shikimic acid,10.95,11049014,0,389648,1.7,blank_flag,NA
2777,220302_Smp_SupernatBlk_2,Shikimic acid,10.76,4480523,6907175,326728,3.3,"sn_flag, blank_flag",NA
2778,220302_Smp_SupernatBlk_3,Shikimic acid,10.78,3683967,9788277,294108,2.1,"sn_flag, blank_flag",NA
2779,220302_Smp_SWBlk_1,Shikimic acid,11.16,4344490,4537489,308346,2.2,"sn_flag, blank_flag",NA
2780,220302_Smp_SWBlk_2,Shikimic acid,10.81,12082142,0,485648,1,blank_flag,NA
2781,220302_Smp_SWBlk_3,Shikimic acid,11.06,17994554,2909302,887940,1.2,blank_flag,NA
2782,220302_Smp_OBi1_1,Shikimic acid,10.93,15604950,42391,763573,2.4,blank_flag,NA
2783,220302_Smp_OBi1_2,Shikimic acid,10.67,12132176,2490175,512089,3.2,blank_flag,NA
2784,220302_Smp_OBi1_3,Shikimic acid,10.5,6793881,5822911,346266,2.9,"sn_flag, blank_flag",NA
2785,220302_Smp_OBi1_4,Shikimic acid,10.93,9492468,471253,438311,1.4,blank_flag,NA
2786,220302_Smp_OBi1_5,Shikimic acid,11.18,9248259,5923191,470739,1.8,"sn_flag, blank_flag",NA
2787,220302_Smp_OBi1_6,Shikimic acid,10.84,10815334,1027348,488208,1.1,blank_flag,NA
2788,220302_Smp_OBi1_7,Shikimic acid,10.67,20622246,0,691187,3.5,blank_flag,NA
2789,220302_Smp_OBi1_8,Shikimic acid,10.84,18722542,0,921679,1.8,blank_flag,NA
2790,220302_Smp_OBi1_9,Shikimic acid,10.78,12822838,4685056,581832,3.2,"sn_flag, blank_flag",NA
2791,220302_Smp_OBi1small_1,Shikimic acid,11.12,13658879,855396,423028,1.8,blank_flag,NA
2792,220302_Smp_OBi1small_2,Shikimic acid,10.75,10054487,7616483,412956,2.5,"sn_flag, blank_flag",NA
2793,220302_Smp_OBi1small_3,Shikimic acid,11.11,11263662,0,458743,1,blank_flag,NA
2794,220302_Smp_OBi1small_4,Shikimic acid,10.73,6298636,6336007,330966,2.8,"sn_flag, blank_flag",NA
2795,220302_Smp_RWi2_1,Shikimic acid,11.12,11322630,1696848,514861,1.8,blank_flag,NA
2796,220302_Smp_RWi2_2,Shikimic acid,10.61,12621241,6913833,534164,2.6,"sn_flag, blank_flag",NA
2797,220302_Smp_RWi2_3,Shikimic acid,10.82,14313991,0,508324,1.5,blank_flag,NA
2798,220302_Smp_RWi2_4,Shikimic acid,10.82,8003947,5876412,408983,2.2,"sn_flag, blank_flag",NA
2799,220302_Smp_RWi2_5,Shikimic acid,10.92,9213143,0,433320,1.7,blank_flag,NA
2800,220302_Smp_RWi2_6,Shikimic acid,10.77,7902071,0,472740,1.5,blank_flag,NA
2801,220302_Std_4uMStdsMix1InH2O_1,Succinic acid,12.23,93917872,7175989,8301033,-3.5,NA,93917872
2802,220302_Std_4uMStdsMix1InH2O_2,Succinic acid,11.68,146124512,2612438,6425312,-2.8,NA,146124512
2803,220302_Std_4uMStdsMix1InMatrix_1,Succinic acid,12.26,106711056,13487048,11530175,-3.3,NA,106711056
2804,220302_Std_4uMStdsMix1InMatrix_2,Succinic acid,11.71,141434512,11401940,10429077,-2.8,NA,141434512
2805,220302_Std_4uMStdsMix2InH2O_1,Succinic acid,12.21,4014868992,94829384,339049408,-3.8,NA,4014868992
2806,220302_Std_4uMStdsMix2InH2O_2,Succinic acid,11.67,6341960192,129826920,313185824,-2.9,NA,6341960192
2807,220302_Std_4uMStdsMix2InMatrix_1,Succinic acid,12.24,5120314368,135152128,470052480,-3.5,NA,5120314368
2808,220302_Std_4uMStdsMix2InMatrix_2,Succinic acid,11.71,6699223040,124595032,454758624,-2.6,NA,6699223040
2809,220302_Std_H2OinMatrix_1,Succinic acid,12.21,10978347,4610324,845490,-3.2,"sn_flag, blank_flag",NA
2810,220302_Std_H2OinMatrix_2,Succinic acid,11.74,14277679,0,1000529,-3.1,blank_flag,NA
2811,220302_Poo_TruePooBacteria_Full1,Succinic acid,12.18,24263814,9583984,1805085,-2.8,"sn_flag, blank_flag",NA
2812,220302_Poo_TruePooBacteria_Full2,Succinic acid,12.09,17106924,7339668,1450808,-2.6,"sn_flag, blank_flag",NA
2813,220302_Poo_TruePooBacteria_Full3,Succinic acid,11.84,22351220,5844436,1971674,-2.5,blank_flag,NA
2814,220302_Poo_TruePooBacteria_Half1,Succinic acid,12.2,7125265,10580845,682181,-2.9,"sn_flag, blank_flag",NA
2815,220302_Poo_TruePooBacteria_Half2,Succinic acid,12.04,12533593,1408048,860291,-2.7,blank_flag,NA
2816,220302_Poo_TruePooBacteria_Half3,Succinic acid,11.82,19493486,738669,995818,-2.6,blank_flag,NA
2817,220302_Smp_MQBlk1_A,Succinic acid,12.19,36156700,7741297,3211994,-2.9,blank_flag,NA
2818,220302_Smp_MQBlk1_B,Succinic acid,12.21,42312172,9757743,3969273,-2.9,blank_flag,NA
2819,220302_Smp_MQBlk1_C,Succinic acid,12.16,43605436,7255851,3975782,-3,blank_flag,NA
2820,220302_Smp_MQBlk2_A,Succinic acid,12.06,21722148,4234929,1516618,-3,blank_flag,NA
2821,220302_Smp_MQBlk2_B,Succinic acid,12.06,12392669,10472433,883287,-2.9,"sn_flag, blank_flag",NA
2822,220302_Smp_MQBlk2_C,Succinic acid,11.99,17033904,1231462,1276564,-2.9,blank_flag,NA
2823,220302_Smp_MQBlk3_A,Succinic acid,11.83,16181953,0,854356,-2.7,blank_flag,NA
2824,220302_Smp_MQBlk3_B,Succinic acid,11.84,6120964,10059131,545032,-2.2,"sn_flag, blank_flag",NA
2825,220302_Smp_MQBlk3_C,Succinic acid,11.84,14512366,1619298,979603,-2.4,blank_flag,NA
2826,220302_Smp_SupernatBlk_1,Succinic acid,12.1,12777824,8118892,1038867,-2.5,"sn_flag, blank_flag",NA
2827,220302_Smp_SupernatBlk_2,Succinic acid,12.03,13110561,7243915,718409,-2.8,"sn_flag, blank_flag",NA
2828,220302_Smp_SupernatBlk_3,Succinic acid,11.92,20131126,1916941,1243207,-2.8,blank_flag,NA
2829,220302_Smp_SWBlk_1,Succinic acid,12.24,12852468,4727172,783649,-2.2,"sn_flag, blank_flag",NA
2830,220302_Smp_SWBlk_2,Succinic acid,12.06,18669966,5243277,1451619,-2.3,blank_flag,NA
2831,220302_Smp_SWBlk_3,Succinic acid,12.18,28539148,11541324,2808937,-2.8,"sn_flag, blank_flag",NA
2832,220302_Smp_OBi1_1,Succinic acid,12.04,20509904,3519916,1830993,-2.3,blank_flag,NA
2833,220302_Smp_OBi1_2,Succinic acid,11.93,20617138,6058421,1289153,-2.8,blank_flag,NA
2834,220302_Smp_OBi1_3,Succinic acid,11.9,15031186,0,977790,-2.8,blank_flag,NA
2835,220302_Smp_OBi1_4,Succinic acid,12.09,13459717,9775099,1215416,-2.2,"sn_flag, blank_flag",NA
2836,220302_Smp_OBi1_5,Succinic acid,12.26,23001424,1657725,2155407,-2.3,blank_flag,NA
2837,220302_Smp_OBi1_6,Succinic acid,12.09,19489072,395065,1665121,-2.4,blank_flag,NA
2838,220302_Smp_OBi1_7,Succinic acid,11.92,22286088,8937304,1284100,-2.7,"sn_flag, blank_flag",NA
2839,220302_Smp_OBi1_8,Succinic acid,12.03,26446516,5805192,2663790,-3.1,blank_flag,NA
2840,220302_Smp_OBi1_9,Succinic acid,12.02,14154560,4204097,954961,-2.5,blank_flag,NA
2841,220302_Smp_OBi1small_1,Succinic acid,12.26,18681130,2772547,1849364,-2.4,blank_flag,NA
2842,220302_Smp_OBi1small_2,Succinic acid,11.95,24228800,4771025,1851432,-2.8,blank_flag,NA
2843,220302_Smp_OBi1small_3,Succinic acid,12.21,20752610,0,1792966,-3.1,blank_flag,NA
2844,220302_Smp_OBi1small_4,Succinic acid,11.99,15373844,6700861,1134397,-2.3,"sn_flag, blank_flag",NA
2845,220302_Smp_RWi2_1,Succinic acid,12.24,24791382,7662303,2397921,-2.4,blank_flag,NA
2846,220302_Smp_RWi2_2,Succinic acid,11.93,28620988,1235387,1751221,-2.5,blank_flag,NA
2847,220302_Smp_RWi2_3,Succinic acid,11.97,21347234,4993929,1504981,-2.8,blank_flag,NA
2848,220302_Smp_RWi2_4,Succinic acid,12.04,16720320,1863408,1258267,-2.7,blank_flag,NA
2849,220302_Smp_RWi2_5,Succinic acid,12.13,14954960,4555609,1337407,-2.9,blank_flag,NA
2850,220302_Smp_RWi2_6,Succinic acid,12.09,11594396,6388086,797474,-3.1,"sn_flag, blank_flag",NA
2851,220302_Std_4uMStdsMix1InH2O_1,Succinic semialdehyde,NA,NA,NA,NA,NA,NA,NA
2852,220302_Std_4uMStdsMix1InH2O_2,Succinic semialdehyde,NA,NA,NA,NA,NA,NA,NA
2853,220302_Std_4uMStdsMix1InMatrix_1,Succinic semialdehyde,NA,NA,NA,NA,NA,NA,NA
2854,220302_Std_4uMStdsMix1InMatrix_2,Succinic semialdehyde,NA,NA,NA,NA,NA,NA,NA
2855,220302_Std_4uMStdsMix2InH2O_1,Succinic semialdehyde,5.76,75597324288,2469580800,1027906496,-3.6,NA,75597324288
2856,220302_Std_4uMStdsMix2InH2O_2,Succinic semialdehyde,4.57,175475638272,720441792,2584587776,-4.1,NA,175475638272
2857,220302_Std_4uMStdsMix2InMatrix_1,Succinic semialdehyde,6,89957998592,3344427776,1300521216,-3.4,NA,89957998592
2858,220302_Std_4uMStdsMix2InMatrix_2,Succinic semialdehyde,4.83,163611295744,8096714240,2716397824,-4,NA,163611295744
2859,220302_Std_H2OinMatrix_1,Succinic semialdehyde,6.3,1781065,0,187053,-3.9,blank_flag,NA
2860,220302_Std_H2OinMatrix_2,Succinic semialdehyde,6.46,3545461,0,260479,-3.6,blank_flag,NA
2861,220302_Poo_TruePooBacteria_Full1,Succinic semialdehyde,7.36,6645375,12998944,247396,-3.9,"sn_flag, blank_flag",NA
2862,220302_Poo_TruePooBacteria_Full2,Succinic semialdehyde,6.6,849888,1338967,172349,-3.4,"sn_flag, blank_flag",NA
2863,220302_Poo_TruePooBacteria_Full3,Succinic semialdehyde,6.74,3931590,0,263547,-3.5,blank_flag,NA
2864,220302_Poo_TruePooBacteria_Half1,Succinic semialdehyde,6.76,2602576,5933887,210105,-4,"sn_flag, blank_flag",NA
2865,220302_Poo_TruePooBacteria_Half2,Succinic semialdehyde,7.11,5732922,0,240828,-3.3,blank_flag,NA
2866,220302_Poo_TruePooBacteria_Half3,Succinic semialdehyde,6.52,1203376,647672,168534,-3.6,"sn_flag, blank_flag",NA
2867,220302_Smp_MQBlk1_A,Succinic semialdehyde,5.94,22677002,0,651627,-3.9,NA,22677002
2868,220302_Smp_MQBlk1_B,Succinic semialdehyde,6.5,2743978,1135365,297366,-4.2,"sn_flag, blank_flag",NA
2869,220302_Smp_MQBlk1_C,Succinic semialdehyde,6.58,781464,2087760,138126,-4.2,"sn_flag, blank_flag",NA
2870,220302_Smp_MQBlk2_A,Succinic semialdehyde,7.13,3233332,3960600,163517,-3.2,"sn_flag, blank_flag",NA
2871,220302_Smp_MQBlk2_B,Succinic semialdehyde,6.54,1730683,0,207903,-3,blank_flag,NA
2872,220302_Smp_MQBlk2_C,Succinic semialdehyde,6.41,4840779,652406,224765,-3.1,blank_flag,NA
2873,220302_Smp_MQBlk3_A,Succinic semialdehyde,6.85,99346,1382805,74707,-2.2,"sn_flag, blank_flag",NA
2874,220302_Smp_MQBlk3_B,Succinic semialdehyde,6.36,1027231,348046,236693,-1.6,"sn_flag, blank_flag",NA
2875,220302_Smp_MQBlk3_C,Succinic semialdehyde,6.54,2346854,0,216845,-2.2,blank_flag,NA
2876,220302_Smp_SupernatBlk_1,Succinic semialdehyde,5.85,13346037,0,564260,-3.3,NA,13346037
2877,220302_Smp_SupernatBlk_2,Succinic semialdehyde,NA,NA,NA,NA,NA,NA,NA
2878,220302_Smp_SupernatBlk_3,Succinic semialdehyde,6.41,2979689,495897,287301,-2.8,blank_flag,NA
2879,220302_Smp_SWBlk_1,Succinic semialdehyde,6.07,8184850,1398720,348919,-3.1,blank_flag,NA
2880,220302_Smp_SWBlk_2,Succinic semialdehyde,6.5,4360292,911853,210843,-3.3,blank_flag,NA
2881,220302_Smp_SWBlk_3,Succinic semialdehyde,6.65,2389917,1243939,231929,-3.9,"sn_flag, blank_flag",NA
2882,220302_Smp_OBi1_1,Succinic semialdehyde,6.5,457416,765562,133435,-2.5,"sn_flag, blank_flag",NA
2883,220302_Smp_OBi1_2,Succinic semialdehyde,6.49,5037929,0,307600,-3.3,blank_flag,NA
2884,220302_Smp_OBi1_3,Succinic semialdehyde,6.38,3834471,0,234406,-3.1,blank_flag,NA
2885,220302_Smp_OBi1_4,Succinic semialdehyde,6.5,10549052,0,361844,-2.9,blank_flag,NA
2886,220302_Smp_OBi1_5,Succinic semialdehyde,6.5,812096,2432101,125126,-2.7,"sn_flag, blank_flag",NA
2887,220302_Smp_OBi1_6,Succinic semialdehyde,6.53,4592956,210567,301412,-2.8,blank_flag,NA
2888,220302_Smp_OBi1_7,Succinic semialdehyde,6.46,2245583,0,324898,-3.3,blank_flag,NA
2889,220302_Smp_OBi1_8,Succinic semialdehyde,6.49,983657,1416256,173499,-3,"sn_flag, blank_flag",NA
2890,220302_Smp_OBi1_9,Succinic semialdehyde,6.51,627476,1020095,117940,-3,"sn_flag, blank_flag",NA
2891,220302_Smp_OBi1small_1,Succinic semialdehyde,6.36,5316381,407427,289481,-2.6,blank_flag,NA
2892,220302_Smp_OBi1small_2,Succinic semialdehyde,6.29,1870253,1561184,195693,-3.2,"sn_flag, blank_flag",NA
2893,220302_Smp_OBi1small_3,Succinic semialdehyde,6.46,3023772,0,273970,-3.8,blank_flag,NA
2894,220302_Smp_OBi1small_4,Succinic semialdehyde,6.63,2576647,4585350,130261,-3.1,"sn_flag, blank_flag",NA
2895,220302_Smp_RWi2_1,Succinic semialdehyde,6.84,14438950,0,345682,-3.3,NA,14438950
2896,220302_Smp_RWi2_2,Succinic semialdehyde,NA,NA,NA,NA,NA,NA,NA
2897,220302_Smp_RWi2_3,Succinic semialdehyde,6.18,6581248,0,289312,-3.3,blank_flag,NA
2898,220302_Smp_RWi2_4,Succinic semialdehyde,6.5,1354964,434553,175558,-3.3,blank_flag,NA
2899,220302_Smp_RWi2_5,Succinic semialdehyde,6.65,4409049,880087,316972,-3.6,blank_flag,NA
2900,220302_Smp_RWi2_6,Succinic semialdehyde,6.52,5750599,0,300302,-3.7,blank_flag,NA
2901,220302_Std_4uMStdsMix1InH2O_1,Sucrose,11.59,247036480,5419154,18203326,1.8,NA,247036480
2902,220302_Std_4uMStdsMix1InH2O_2,Sucrose,11.56,411847648,2082331,26943644,2.6,NA,411847648
2903,220302_Std_4uMStdsMix1InMatrix_1,Sucrose,11.58,268248720,4367993,19620696,2,NA,268248720
2904,220302_Std_4uMStdsMix1InMatrix_2,Sucrose,11.56,402414304,10770530,31454724,2.5,NA,402414304
2905,220302_Std_4uMStdsMix2InH2O_1,Sucrose,12.14,13509078,3504471,733912,1.9,blank_flag,NA
2906,220302_Std_4uMStdsMix2InH2O_2,Sucrose,12.13,17145254,7139864,1652920,2.7,"sn_flag, blank_flag",NA
2907,220302_Std_4uMStdsMix2InMatrix_1,Sucrose,12.24,16395207,9483791,1759401,2.1,"sn_flag, blank_flag",NA
2908,220302_Std_4uMStdsMix2InMatrix_2,Sucrose,12.2,22138746,9744540,2529674,2.9,"sn_flag, blank_flag",NA
2909,220302_Std_H2OinMatrix_1,Sucrose,11.56,11648061,1562713,496074,2.2,blank_flag,NA
2910,220302_Std_H2OinMatrix_2,Sucrose,11.54,11086794,7668791,494505,2.9,"sn_flag, blank_flag",NA
2911,220302_Poo_TruePooBacteria_Full1,Sucrose,11.58,13618031,0,703675,2.9,blank_flag,NA
2912,220302_Poo_TruePooBacteria_Full2,Sucrose,11.53,6552368,7607257,619522,2.6,"sn_flag, blank_flag",NA
2913,220302_Poo_TruePooBacteria_Full3,Sucrose,11.68,12934840,6323167,623269,3,"sn_flag, blank_flag",NA
2914,220302_Poo_TruePooBacteria_Half1,Sucrose,11.61,6937151,7309047,341148,2.8,"sn_flag, blank_flag",NA
2915,220302_Poo_TruePooBacteria_Half2,Sucrose,11.53,17276580,0,600530,2.8,blank_flag,NA
2916,220302_Poo_TruePooBacteria_Half3,Sucrose,11.56,9272738,5771323,446871,3.4,"sn_flag, blank_flag",NA
2917,220302_Smp_MQBlk1_A,Sucrose,11.59,14225838,0,789369,2.5,blank_flag,NA
2918,220302_Smp_MQBlk1_B,Sucrose,11.61,20531216,0,1118006,2.4,blank_flag,NA
2919,220302_Smp_MQBlk1_C,Sucrose,11.58,15236018,0,744130,2.4,blank_flag,NA
2920,220302_Smp_MQBlk2_A,Sucrose,11.56,14538159,122626,699416,2.8,blank_flag,NA
2921,220302_Smp_MQBlk2_B,Sucrose,11.64,8920751,9130084,694957,2.6,"sn_flag, blank_flag",NA
2922,220302_Smp_MQBlk2_C,Sucrose,11.67,12954493,57570,567738,2.1,blank_flag,NA
2923,220302_Smp_MQBlk3_A,Sucrose,11.61,13457718,0,459964,3.4,blank_flag,NA
2924,220302_Smp_MQBlk3_B,Sucrose,11.53,19538816,0,753426,3.2,blank_flag,NA
2925,220302_Smp_MQBlk3_C,Sucrose,11.56,16901812,0,818308,3.2,blank_flag,NA
2926,220302_Smp_SupernatBlk_1,Sucrose,11.61,11699445,0,457589,2.3,blank_flag,NA
2927,220302_Smp_SupernatBlk_2,Sucrose,11.64,15023568,0,608470,3.2,blank_flag,NA
2928,220302_Smp_SupernatBlk_3,Sucrose,11.56,24985748,0,1259422,3.3,blank_flag,NA
2929,220302_Smp_SWBlk_1,Sucrose,11.58,18630908,1626178,1188261,3.2,blank_flag,NA
2930,220302_Smp_SWBlk_2,Sucrose,11.53,6810376,6064830,436891,3,"sn_flag, blank_flag",NA
2931,220302_Smp_SWBlk_3,Sucrose,11.7,12103851,0,404205,2.9,blank_flag,NA
2932,220302_Smp_OBi1_1,Sucrose,11.62,14085232,7084913,1029836,3.5,"sn_flag, blank_flag",NA
2933,220302_Smp_OBi1_2,Sucrose,11.46,8141604,4706702,412999,3.2,"sn_flag, blank_flag",NA
2934,220302_Smp_OBi1_3,Sucrose,11.61,9643207,7629421,557074,2.9,"sn_flag, blank_flag",NA
2935,220302_Smp_OBi1_4,Sucrose,11.62,15134048,0,624052,3.3,blank_flag,NA
2936,220302_Smp_OBi1_5,Sucrose,11.55,9607906,4015233,598694,3,"sn_flag, blank_flag",NA
2937,220302_Smp_OBi1_6,Sucrose,11.55,16401965,0,647073,3.1,blank_flag,NA
2938,220302_Smp_OBi1_7,Sucrose,11.75,14674895,0,590021,3.2,blank_flag,NA
2939,220302_Smp_OBi1_8,Sucrose,11.54,8985424,4582823,415816,2.9,"sn_flag, blank_flag",NA
2940,220302_Smp_OBi1_9,Sucrose,11.55,14942703,2135478,647108,3.6,blank_flag,NA
2941,220302_Smp_OBi1small_1,Sucrose,11.56,6064038,4866711,265600,3.8,"sn_flag, blank_flag",NA
2942,220302_Smp_OBi1small_2,Sucrose,11.54,7542606,6428233,358186,3.2,"sn_flag, blank_flag",NA
2943,220302_Smp_OBi1small_3,Sucrose,11.58,1348017,9271251,178656,2.5,"sn_flag, blank_flag",NA
2944,220302_Smp_OBi1small_4,Sucrose,11.59,16009900,0,528992,3.1,blank_flag,NA
2945,220302_Smp_RWi2_1,Sucrose,11.58,14806583,6553646,1125723,3.2,"sn_flag, blank_flag",NA
2946,220302_Smp_RWi2_2,Sucrose,11.49,13850327,1077655,538531,3.3,blank_flag,NA
2947,220302_Smp_RWi2_3,Sucrose,11.5,7081246,6598952,486100,3.1,"sn_flag, blank_flag",NA
2948,220302_Smp_RWi2_4,Sucrose,11.54,11003410,9419556,832332,2.9,"sn_flag, blank_flag",NA
2949,220302_Smp_RWi2_5,Sucrose,11.49,11196918,0,410754,2.8,blank_flag,NA
2950,220302_Smp_RWi2_6,Sucrose,11.58,4840377,5532217,348767,1.7,"sn_flag, blank_flag",NA
2951,220302_Std_4uMStdsMix1InH2O_1,Sulfanilic acid,NA,NA,NA,NA,NA,NA,NA
2952,220302_Std_4uMStdsMix1InH2O_2,Sulfanilic acid,NA,NA,NA,NA,NA,NA,NA
2953,220302_Std_4uMStdsMix1InMatrix_1,Sulfanilic acid,NA,NA,NA,NA,NA,NA,NA
2954,220302_Std_4uMStdsMix1InMatrix_2,Sulfanilic acid,NA,NA,NA,NA,NA,NA,NA
2955,220302_Std_4uMStdsMix2InH2O_1,Sulfanilic acid,6.87,489024384,2534443,28169142,-0.9,NA,489024384
2956,220302_Std_4uMStdsMix2InH2O_2,Sulfanilic acid,5.5,1195733504,0,62968028,-0.2,NA,1195733504
2957,220302_Std_4uMStdsMix2InMatrix_1,Sulfanilic acid,7.21,469421344,1615229,37583192,-0.5,NA,469421344
2958,220302_Std_4uMStdsMix2InMatrix_2,Sulfanilic acid,6.21,1056265600,0,48845084,-0.1,NA,1056265600
2959,220302_Std_H2OinMatrix_1,Sulfanilic acid,8.1,250360,0,122568,-0.2,blank_flag,NA
2960,220302_Std_H2OinMatrix_2,Sulfanilic acid,NA,NA,NA,NA,NA,NA,NA
2961,220302_Poo_TruePooBacteria_Full1,Sulfanilic acid,7.3,671364,0,235231,0.2,blank_flag,NA
2962,220302_Poo_TruePooBacteria_Full2,Sulfanilic acid,NA,NA,NA,NA,NA,NA,NA
2963,220302_Poo_TruePooBacteria_Full3,Sulfanilic acid,7.2,656913,0,223124,0,blank_flag,NA
2964,220302_Poo_TruePooBacteria_Half1,Sulfanilic acid,NA,NA,NA,NA,NA,NA,NA
2965,220302_Poo_TruePooBacteria_Half2,Sulfanilic acid,NA,NA,NA,NA,NA,NA,NA
2966,220302_Poo_TruePooBacteria_Half3,Sulfanilic acid,7.2,389205,0,178076,0.2,blank_flag,NA
2967,220302_Smp_MQBlk1_A,Sulfanilic acid,7.45,1508093,0,158431,-0.5,blank_flag,NA
2968,220302_Smp_MQBlk1_B,Sulfanilic acid,7.22,588535,0,144678,-0.1,blank_flag,NA
2969,220302_Smp_MQBlk1_C,Sulfanilic acid,7.19,1648780,0,212338,0.1,blank_flag,NA
2970,220302_Smp_MQBlk2_A,Sulfanilic acid,7.27,749377,0,132797,0.6,blank_flag,NA
2971,220302_Smp_MQBlk2_B,Sulfanilic acid,NA,NA,NA,NA,NA,NA,NA
2972,220302_Smp_MQBlk2_C,Sulfanilic acid,7.19,363357,0,156805,0.9,blank_flag,NA
2973,220302_Smp_MQBlk3_A,Sulfanilic acid,7.22,287324,0,206709,0.1,blank_flag,NA
2974,220302_Smp_MQBlk3_B,Sulfanilic acid,NA,NA,NA,NA,NA,NA,NA
2975,220302_Smp_MQBlk3_C,Sulfanilic acid,NA,NA,NA,NA,NA,NA,NA
2976,220302_Smp_SupernatBlk_1,Sulfanilic acid,NA,NA,NA,NA,NA,NA,NA
2977,220302_Smp_SupernatBlk_2,Sulfanilic acid,NA,NA,NA,NA,NA,NA,NA
2978,220302_Smp_SupernatBlk_3,Sulfanilic acid,7.21,1318628,0,256779,0.6,blank_flag,NA
2979,220302_Smp_SWBlk_1,Sulfanilic acid,NA,NA,NA,NA,NA,NA,NA
2980,220302_Smp_SWBlk_2,Sulfanilic acid,7.3,628524,0,162651,0.1,blank_flag,NA
2981,220302_Smp_SWBlk_3,Sulfanilic acid,7.28,1575715,0,282057,1.5,blank_flag,NA
2982,220302_Smp_OBi1_1,Sulfanilic acid,7.27,405004,0,166898,0.7,blank_flag,NA
2983,220302_Smp_OBi1_2,Sulfanilic acid,7.24,1121072,0,234576,-0.2,blank_flag,NA
2984,220302_Smp_OBi1_3,Sulfanilic acid,7.16,655262,0,163130,0.1,blank_flag,NA
2985,220302_Smp_OBi1_4,Sulfanilic acid,7.28,534894,0,136094,0.4,blank_flag,NA
2986,220302_Smp_OBi1_5,Sulfanilic acid,6.7,1364355,0,181015,0.5,blank_flag,NA
2987,220302_Smp_OBi1_6,Sulfanilic acid,NA,NA,NA,NA,NA,NA,NA
2988,220302_Smp_OBi1_7,Sulfanilic acid,NA,NA,NA,NA,NA,NA,NA
2989,220302_Smp_OBi1_8,Sulfanilic acid,NA,NA,NA,NA,NA,NA,NA
2990,220302_Smp_OBi1_9,Sulfanilic acid,7.34,1388202,0,185755,0,blank_flag,NA
2991,220302_Smp_OBi1small_1,Sulfanilic acid,7.24,958423,0,152982,0.6,blank_flag,NA
2992,220302_Smp_OBi1small_2,Sulfanilic acid,NA,NA,NA,NA,NA,NA,NA
2993,220302_Smp_OBi1small_3,Sulfanilic acid,7.31,717346,0,135355,-0.6,blank_flag,NA
2994,220302_Smp_OBi1small_4,Sulfanilic acid,NA,NA,NA,NA,NA,NA,NA
2995,220302_Smp_RWi2_1,Sulfanilic acid,7.27,1425603,0,190349,0.8,blank_flag,NA
2996,220302_Smp_RWi2_2,Sulfanilic acid,NA,NA,NA,NA,NA,NA,NA
2997,220302_Smp_RWi2_3,Sulfanilic acid,NA,NA,NA,NA,NA,NA,NA
2998,220302_Smp_RWi2_4,Sulfanilic acid,NA,NA,NA,NA,NA,NA,NA
2999,220302_Smp_RWi2_5,Sulfanilic acid,NA,NA,NA,NA,NA,NA,NA
3000,220302_Smp_RWi2_6,Sulfanilic acid,7.27,109413,0,99349,0,blank_flag,NA
3001,220302_Std_4uMStdsMix1InH2O_1,Sulfoacetic acid,14.1,5650310,0,519305,-2.8,blank_flag,NA
3002,220302_Std_4uMStdsMix1InH2O_2,Sulfoacetic acid,13.63,15991941,0,763440,-1.5,blank_flag,NA
3003,220302_Std_4uMStdsMix1InMatrix_1,Sulfoacetic acid,14.11,130037992,0,15734342,-2.3,blank_flag,NA
3004,220302_Std_4uMStdsMix1InMatrix_2,Sulfoacetic acid,13.68,160690576,1755154,12731764,-1.7,blank_flag,NA
3005,220302_Std_4uMStdsMix2InH2O_1,Sulfoacetic acid,14.06,495161728,3432895,40514356,-2.6,blank_flag,NA
3006,220302_Std_4uMStdsMix2InH2O_2,Sulfoacetic acid,13.6,1018534016,9213167,55961160,-1.8,NA,1018534016
3007,220302_Std_4uMStdsMix2InMatrix_1,Sulfoacetic acid,14.12,654290304,901466,61176780,-2.4,NA,654290304
3008,220302_Std_4uMStdsMix2InMatrix_2,Sulfoacetic acid,13.62,997817088,12422912,70022912,-1.4,NA,997817088
3009,220302_Std_H2OinMatrix_1,Sulfoacetic acid,14.12,110302696,0,13639387,-2.6,blank_flag,NA
3010,220302_Std_H2OinMatrix_2,Sulfoacetic acid,13.65,157317856,651249,12756374,-1.5,blank_flag,NA
3011,220302_Poo_TruePooBacteria_Full1,Sulfoacetic acid,14.04,163622560,1940030,22266404,-1.5,blank_flag,NA
3012,220302_Poo_TruePooBacteria_Full2,Sulfoacetic acid,13.96,178106480,953780,20426248,-1.7,blank_flag,NA
3013,220302_Poo_TruePooBacteria_Full3,Sulfoacetic acid,13.71,239716160,2657834,20223488,-1.3,blank_flag,NA
3014,220302_Poo_TruePooBacteria_Half1,Sulfoacetic acid,14.06,105228712,0,11684606,-1.5,blank_flag,NA
3015,220302_Poo_TruePooBacteria_Half2,Sulfoacetic acid,13.97,109721440,742666,10836454,-1.5,blank_flag,NA
3016,220302_Poo_TruePooBacteria_Half3,Sulfoacetic acid,13.73,152700256,0,11907508,-1.2,blank_flag,NA
3017,220302_Smp_MQBlk1_A,Sulfoacetic acid,14.07,177447328,0,23943870,-1.6,blank_flag,NA
3018,220302_Smp_MQBlk1_B,Sulfoacetic acid,14.06,181363920,817239,23306010,-1.6,blank_flag,NA
3019,220302_Smp_MQBlk1_C,Sulfoacetic acid,14.04,217734144,3826732,28567866,-1.7,blank_flag,NA
3020,220302_Smp_MQBlk2_A,Sulfoacetic acid,13.96,156382864,1567523,17127356,-1.8,blank_flag,NA
3021,220302_Smp_MQBlk2_B,Sulfoacetic acid,13.93,181555104,890300,22009396,-1.7,blank_flag,NA
3022,220302_Smp_MQBlk2_C,Sulfoacetic acid,13.93,148392064,0,15877409,-1.8,blank_flag,NA
3023,220302_Smp_MQBlk3_A,Sulfoacetic acid,13.77,198759360,0,16390614,-1.4,blank_flag,NA
3024,220302_Smp_MQBlk3_B,Sulfoacetic acid,13.72,188343568,1671220,14111047,-0.9,blank_flag,NA
3025,220302_Smp_MQBlk3_C,Sulfoacetic acid,13.7,191659696,986959,15915314,-1,blank_flag,NA
3026,220302_Smp_SupernatBlk_1,Sulfoacetic acid,14,249269984,0,30436740,-1.4,blank_flag,NA
3027,220302_Smp_SupernatBlk_2,Sulfoacetic acid,13.86,125183848,1094327,11656751,-1.2,blank_flag,NA
3028,220302_Smp_SupernatBlk_3,Sulfoacetic acid,13.85,260673632,232836,24512982,-1.2,blank_flag,NA
3029,220302_Smp_SWBlk_1,Sulfoacetic acid,14.12,147371392,0,18298570,-0.8,blank_flag,NA
3030,220302_Smp_SWBlk_2,Sulfoacetic acid,13.97,137384848,927832,15666974,-1.1,blank_flag,NA
3031,220302_Smp_SWBlk_3,Sulfoacetic acid,14.06,103241912,0,14413023,-1.3,blank_flag,NA
3032,220302_Smp_OBi1_1,Sulfoacetic acid,13.94,185716688,704437,18809632,-1.1,blank_flag,NA
3033,220302_Smp_OBi1_2,Sulfoacetic acid,13.83,119602736,0,11641509,-1.2,blank_flag,NA
3034,220302_Smp_OBi1_3,Sulfoacetic acid,13.81,227854432,3032903,19968306,-1.6,blank_flag,NA
3035,220302_Smp_OBi1_4,Sulfoacetic acid,13.98,76492168,0,6689079,-1.2,blank_flag,NA
3036,220302_Smp_OBi1_5,Sulfoacetic acid,14.09,295690656,2735812,43370020,-1.1,blank_flag,NA
3037,220302_Smp_OBi1_6,Sulfoacetic acid,13.98,171161040,773085,20956258,-1.4,blank_flag,NA
3038,220302_Smp_OBi1_7,Sulfoacetic acid,13.84,150412608,0,13683099,-1.2,blank_flag,NA
3039,220302_Smp_OBi1_8,Sulfoacetic acid,13.91,146480112,0,14407414,-1.9,blank_flag,NA
3040,220302_Smp_OBi1_9,Sulfoacetic acid,13.92,141499248,32791,12822382,-1,blank_flag,NA
3041,220302_Smp_OBi1small_1,Sulfoacetic acid,14.07,281443968,4392126,44143700,-1.2,blank_flag,NA
3042,220302_Smp_OBi1small_2,Sulfoacetic acid,13.88,198428528,1009548,17846200,-1.6,blank_flag,NA
3043,220302_Smp_OBi1small_3,Sulfoacetic acid,14.08,80216432,0,11290651,-2,blank_flag,NA
3044,220302_Smp_OBi1small_4,Sulfoacetic acid,13.91,162674192,1936735,16819930,-0.6,blank_flag,NA
3045,220302_Smp_RWi2_1,Sulfoacetic acid,14.12,79342328,0,11374262,-1,blank_flag,NA
3046,220302_Smp_RWi2_2,Sulfoacetic acid,13.84,163415952,0,14935141,-0.8,blank_flag,NA
3047,220302_Smp_RWi2_3,Sulfoacetic acid,13.87,145262464,0,13227088,-1.3,blank_flag,NA
3048,220302_Smp_RWi2_4,Sulfoacetic acid,13.93,143839200,0,12687932,-1.1,blank_flag,NA
3049,220302_Smp_RWi2_5,Sulfoacetic acid,14.01,147535104,811962,19379248,-1.6,blank_flag,NA
3050,220302_Smp_RWi2_6,Sulfoacetic acid,14,134171320,0,17133656,-1.6,blank_flag,NA
3051,220302_Std_4uMStdsMix1InH2O_1,Sulfolactic Acid,NA,NA,NA,NA,NA,NA,NA
3052,220302_Std_4uMStdsMix1InH2O_2,Sulfolactic Acid,14.09,86931,0,80457,-0.5,blank_flag,NA
3053,220302_Std_4uMStdsMix1InMatrix_1,Sulfolactic Acid,13.55,2136608,0,322173,-0.5,blank_flag,NA
3054,220302_Std_4uMStdsMix1InMatrix_2,Sulfolactic Acid,13.1,4690005,0,468585,-0.3,blank_flag,NA
3055,220302_Std_4uMStdsMix2InH2O_1,Sulfolactic Acid,13.57,4380172,0,403645,-1,blank_flag,NA
3056,220302_Std_4uMStdsMix2InH2O_2,Sulfolactic Acid,13.05,16454631,0,1062942,-0.4,NA,16454631
3057,220302_Std_4uMStdsMix2InMatrix_1,Sulfolactic Acid,13.6,7424354,0,832026,-0.6,blank_flag,NA
3058,220302_Std_4uMStdsMix2InMatrix_2,Sulfolactic Acid,13.07,22344004,0,1928763,-0.1,NA,22344004
3059,220302_Std_H2OinMatrix_1,Sulfolactic Acid,13.64,1181045,0,183945,-1.3,blank_flag,NA
3060,220302_Std_H2OinMatrix_2,Sulfolactic Acid,13.1,4527243,0,425527,-0.6,blank_flag,NA
3061,220302_Poo_TruePooBacteria_Full1,Sulfolactic Acid,13.55,3453166,0,334991,0.1,blank_flag,NA
3062,220302_Poo_TruePooBacteria_Full2,Sulfolactic Acid,13.42,3415469,0,457024,-0.5,blank_flag,NA
3063,220302_Poo_TruePooBacteria_Full3,Sulfolactic Acid,13.21,8414480,0,685555,0,blank_flag,NA
3064,220302_Poo_TruePooBacteria_Half1,Sulfolactic Acid,13.51,943588,0,192224,-0.2,blank_flag,NA
3065,220302_Poo_TruePooBacteria_Half2,Sulfolactic Acid,13.41,1855546,0,266094,-0.9,blank_flag,NA
3066,220302_Poo_TruePooBacteria_Half3,Sulfolactic Acid,13.18,3504118,0,402379,-0.1,blank_flag,NA
3067,220302_Smp_MQBlk1_A,Sulfolactic Acid,13.53,4902952,0,605226,-0.6,blank_flag,NA
3068,220302_Smp_MQBlk1_B,Sulfolactic Acid,13.55,5765411,0,805654,-0.5,blank_flag,NA
3069,220302_Smp_MQBlk1_C,Sulfolactic Acid,13.58,8446017,0,733655,-0.5,blank_flag,NA
3070,220302_Smp_MQBlk2_A,Sulfolactic Acid,13.45,1600222,0,283755,-0.2,blank_flag,NA
3071,220302_Smp_MQBlk2_B,Sulfolactic Acid,13.37,1807244,0,310982,0.4,blank_flag,NA
3072,220302_Smp_MQBlk2_C,Sulfolactic Acid,13.29,3263200,0,373989,-0.6,blank_flag,NA
3073,220302_Smp_MQBlk3_A,Sulfolactic Acid,13.26,5837074,0,564886,0.2,blank_flag,NA
3074,220302_Smp_MQBlk3_B,Sulfolactic Acid,13.17,4483578,0,433227,0.1,blank_flag,NA
3075,220302_Smp_MQBlk3_C,Sulfolactic Acid,13.19,5528928,0,602213,0,blank_flag,NA
3076,220302_Smp_SupernatBlk_1,Sulfolactic Acid,13.4,4532384,0,502180,0.2,blank_flag,NA
3077,220302_Smp_SupernatBlk_2,Sulfolactic Acid,13.26,158897,0,101870,-0.7,blank_flag,NA
3078,220302_Smp_SupernatBlk_3,Sulfolactic Acid,13.28,6065197,0,537228,0.1,blank_flag,NA
3079,220302_Smp_SWBlk_1,Sulfolactic Acid,13.55,2097137,0,293836,0.6,blank_flag,NA
3080,220302_Smp_SWBlk_2,Sulfolactic Acid,13.44,3088757,0,315971,-0.1,blank_flag,NA
3081,220302_Smp_SWBlk_3,Sulfolactic Acid,13.55,2262398,0,323638,0.1,blank_flag,NA
3082,220302_Smp_OBi1_1,Sulfolactic Acid,13.44,4373645,0,460559,0.4,blank_flag,NA
3083,220302_Smp_OBi1_2,Sulfolactic Acid,13.21,2175708,0,336488,0,blank_flag,NA
3084,220302_Smp_OBi1_3,Sulfolactic Acid,13.26,5828500,0,497676,0,blank_flag,NA
3085,220302_Smp_OBi1_4,Sulfolactic Acid,13.43,3559181,0,349327,-0.3,blank_flag,NA
3086,220302_Smp_OBi1_5,Sulfolactic Acid,13.6,13270149,0,1408391,0.3,blank_flag,NA
3087,220302_Smp_OBi1_6,Sulfolactic Acid,13.43,3090365,0,352409,-0.2,blank_flag,NA
3088,220302_Smp_OBi1_7,Sulfolactic Acid,13.32,3527367,0,315525,0.9,blank_flag,NA
3089,220302_Smp_OBi1_8,Sulfolactic Acid,13.38,2963782,0,302871,-0.5,blank_flag,NA
3090,220302_Smp_OBi1_9,Sulfolactic Acid,13.42,2663866,0,296154,0.4,blank_flag,NA
3091,220302_Smp_OBi1small_1,Sulfolactic Acid,13.6,7791796,0,851588,0.4,blank_flag,NA
3092,220302_Smp_OBi1small_2,Sulfolactic Acid,13.32,2463955,0,335565,0.1,blank_flag,NA
3093,220302_Smp_OBi1small_3,Sulfolactic Acid,13.54,1490157,0,279829,-0.5,blank_flag,NA
3094,220302_Smp_OBi1small_4,Sulfolactic Acid,13.38,5483931,0,506719,1,blank_flag,NA
3095,220302_Smp_RWi2_1,Sulfolactic Acid,13.53,1027706,0,232031,-0.3,blank_flag,NA
3096,220302_Smp_RWi2_2,Sulfolactic Acid,13.3,5368523,0,398595,0.6,blank_flag,NA
3097,220302_Smp_RWi2_3,Sulfolactic Acid,13.25,3436280,0,314873,-0.3,blank_flag,NA
3098,220302_Smp_RWi2_4,Sulfolactic Acid,13.38,3345668,0,375081,0.1,blank_flag,NA
3099,220302_Smp_RWi2_5,Sulfolactic Acid,13.46,2680528,0,399807,0,blank_flag,NA
3100,220302_Smp_RWi2_6,Sulfolactic Acid,13.49,2720319,0,368944,-0.8,blank_flag,NA
3101,220302_Std_4uMStdsMix1InH2O_1,Taurine,NA,NA,NA,NA,NA,NA,NA
3102,220302_Std_4uMStdsMix1InH2O_2,Taurine,NA,NA,NA,NA,NA,NA,NA
3103,220302_Std_4uMStdsMix1InMatrix_1,Taurine,NA,NA,NA,NA,NA,NA,NA
3104,220302_Std_4uMStdsMix1InMatrix_2,Taurine,NA,NA,NA,NA,NA,NA,NA
3105,220302_Std_4uMStdsMix2InH2O_1,Taurine,10.13,545057728,4517962,37058296,-2.8,NA,545057728
3106,220302_Std_4uMStdsMix2InH2O_2,Taurine,8.84,1021728128,0,62230080,-2.5,NA,1021728128
3107,220302_Std_4uMStdsMix2InMatrix_1,Taurine,10.09,558024512,0,38497688,-2.7,NA,558024512
3108,220302_Std_4uMStdsMix2InMatrix_2,Taurine,8.89,991444608,0,61844140,-2.5,NA,991444608
3109,220302_Std_H2OinMatrix_1,Taurine,NA,NA,NA,NA,NA,NA,NA
3110,220302_Std_H2OinMatrix_2,Taurine,11.62,200686,0,157140,0.1,NA,200686
3111,220302_Poo_TruePooBacteria_Full1,Taurine,11.36,39325,0,23591,4.4,"areamin_flag, blank_flag",NA
3112,220302_Poo_TruePooBacteria_Full2,Taurine,NA,NA,NA,NA,NA,NA,NA
3113,220302_Poo_TruePooBacteria_Full3,Taurine,NA,NA,NA,NA,NA,NA,NA
3114,220302_Poo_TruePooBacteria_Half1,Taurine,NA,NA,NA,NA,NA,NA,NA
3115,220302_Poo_TruePooBacteria_Half2,Taurine,NA,NA,NA,NA,NA,NA,NA
3116,220302_Poo_TruePooBacteria_Half3,Taurine,NA,NA,NA,NA,NA,NA,NA
3117,220302_Smp_MQBlk1_A,Taurine,10.16,80004,0,45818,-2.5,blank_flag,NA
3118,220302_Smp_MQBlk1_B,Taurine,NA,NA,NA,NA,NA,NA,NA
3119,220302_Smp_MQBlk1_C,Taurine,NA,NA,NA,NA,NA,NA,NA
3120,220302_Smp_MQBlk2_A,Taurine,NA,NA,NA,NA,NA,NA,NA
3121,220302_Smp_MQBlk2_B,Taurine,NA,NA,NA,NA,NA,NA,NA
3122,220302_Smp_MQBlk2_C,Taurine,NA,NA,NA,NA,NA,NA,NA
3123,220302_Smp_MQBlk3_A,Taurine,NA,NA,NA,NA,NA,NA,NA
3124,220302_Smp_MQBlk3_B,Taurine,NA,NA,NA,NA,NA,NA,NA
3125,220302_Smp_MQBlk3_C,Taurine,11.24,20718,0,19224,6.6,"ppm_flag, areamin_flag, blank_flag",NA
3126,220302_Smp_SupernatBlk_1,Taurine,NA,NA,NA,NA,NA,NA,NA
3127,220302_Smp_SupernatBlk_2,Taurine,11.12,218528,0,101236,0,NA,218528
3128,220302_Smp_SupernatBlk_3,Taurine,NA,NA,NA,NA,NA,NA,NA
3129,220302_Smp_SWBlk_1,Taurine,NA,NA,NA,NA,NA,NA,NA
3130,220302_Smp_SWBlk_2,Taurine,NA,NA,NA,NA,NA,NA,NA
3131,220302_Smp_SWBlk_3,Taurine,NA,NA,NA,NA,NA,NA,NA
3132,220302_Smp_OBi1_1,Taurine,NA,NA,NA,NA,NA,NA,NA
3133,220302_Smp_OBi1_2,Taurine,10.61,586856,0,161936,0,NA,586856
3134,220302_Smp_OBi1_3,Taurine,12.11,272555,0,60470,3.2,"rt_flag,",NA
3135,220302_Smp_OBi1_4,Taurine,NA,NA,NA,NA,NA,NA,NA
3136,220302_Smp_OBi1_5,Taurine,NA,NA,NA,NA,NA,NA,NA
3137,220302_Smp_OBi1_6,Taurine,NA,NA,NA,NA,NA,NA,NA
3138,220302_Smp_OBi1_7,Taurine,NA,NA,NA,NA,NA,NA,NA
3139,220302_Smp_OBi1_8,Taurine,NA,NA,NA,NA,NA,NA,NA
3140,220302_Smp_OBi1_9,Taurine,NA,NA,NA,NA,NA,NA,NA
3141,220302_Smp_OBi1small_1,Taurine,NA,NA,NA,NA,NA,NA,NA
3142,220302_Smp_OBi1small_2,Taurine,NA,NA,NA,NA,NA,NA,NA
3143,220302_Smp_OBi1small_3,Taurine,NA,NA,NA,NA,NA,NA,NA
3144,220302_Smp_OBi1small_4,Taurine,NA,NA,NA,NA,NA,NA,NA
3145,220302_Smp_RWi2_1,Taurine,NA,NA,NA,NA,NA,NA,NA
3146,220302_Smp_RWi2_2,Taurine,NA,NA,NA,NA,NA,NA,NA
3147,220302_Smp_RWi2_3,Taurine,10.94,145672,0,122071,-0.2,blank_flag,NA
3148,220302_Smp_RWi2_4,Taurine,NA,NA,NA,NA,NA,NA,NA
3149,220302_Smp_RWi2_5,Taurine,11.18,362087,0,163412,-2.2,NA,362087
3150,220302_Smp_RWi2_6,Taurine,NA,NA,NA,NA,NA,NA,NA
3151,220302_Std_4uMStdsMix1InH2O_1,Threonic acid,9.44,1005251328,15302423,71265032,-2.4,NA,1005251328
3152,220302_Std_4uMStdsMix1InH2O_2,Threonic acid,8.47,1472363264,0,77284488,-2,NA,1472363264
3153,220302_Std_4uMStdsMix1InMatrix_1,Threonic acid,9.46,1130582656,17592660,90902984,-2.2,NA,1130582656
3154,220302_Std_4uMStdsMix1InMatrix_2,Threonic acid,8.52,1413723776,2502230,90605464,-1.9,NA,1413723776
3155,220302_Std_4uMStdsMix2InH2O_1,Threonic acid,NA,NA,NA,NA,NA,NA,NA
3156,220302_Std_4uMStdsMix2InH2O_2,Threonic acid,NA,NA,NA,NA,NA,NA,NA
3157,220302_Std_4uMStdsMix2InMatrix_1,Threonic acid,NA,NA,NA,NA,NA,NA,NA
3158,220302_Std_4uMStdsMix2InMatrix_2,Threonic acid,NA,NA,NA,NA,NA,NA,NA
3159,220302_Std_H2OinMatrix_1,Threonic acid,8.93,6697744,0,497920,-1.3,blank_flag,NA
3160,220302_Std_H2OinMatrix_2,Threonic acid,7.92,4990937,0,480132,-1.2,blank_flag,NA
3161,220302_Poo_TruePooBacteria_Full1,Threonic acid,8.81,11249158,0,1069148,-1.7,blank_flag,NA
3162,220302_Poo_TruePooBacteria_Full2,Threonic acid,8.58,10419934,0,722551,-0.9,blank_flag,NA
3163,220302_Poo_TruePooBacteria_Full3,Threonic acid,8.16,10800588,0,794271,-1.4,blank_flag,NA
3164,220302_Poo_TruePooBacteria_Half1,Threonic acid,8.76,4225029,458916,564333,-1.8,blank_flag,NA
3165,220302_Poo_TruePooBacteria_Half2,Threonic acid,8.54,4846195,0,390107,-1.3,blank_flag,NA
3166,220302_Poo_TruePooBacteria_Half3,Threonic acid,8.03,5244506,0,384194,-0.9,blank_flag,NA
3167,220302_Smp_MQBlk1_A,Threonic acid,8.91,18205336,0,1523244,-2.1,blank_flag,NA
3168,220302_Smp_MQBlk1_B,Threonic acid,8.85,22775042,0,1706446,-2.2,blank_flag,NA
3169,220302_Smp_MQBlk1_C,Threonic acid,8.83,21972676,0,1797277,-2.1,blank_flag,NA
3170,220302_Smp_MQBlk2_A,Threonic acid,8.55,8006692,0,679101,-0.9,blank_flag,NA
3171,220302_Smp_MQBlk2_B,Threonic acid,8.48,6682403,0,658282,-1.6,blank_flag,NA
3172,220302_Smp_MQBlk2_C,Threonic acid,8.45,5908328,2371150,543660,-1.7,"sn_flag, blank_flag",NA
3173,220302_Smp_MQBlk3_A,Threonic acid,8.13,7774449,0,676866,-1,blank_flag,NA
3174,220302_Smp_MQBlk3_B,Threonic acid,8.1,8641729,0,674331,-0.4,blank_flag,NA
3175,220302_Smp_MQBlk3_C,Threonic acid,8.1,5726680,0,496209,-0.5,blank_flag,NA
3176,220302_Smp_SupernatBlk_1,Threonic acid,8.7,4463791,0,524981,-1.3,blank_flag,NA
3177,220302_Smp_SupernatBlk_2,Threonic acid,8.25,4337055,0,409806,-1.1,blank_flag,NA
3178,220302_Smp_SupernatBlk_3,Threonic acid,8.33,12260317,0,1100965,-1.6,blank_flag,NA
3179,220302_Smp_SWBlk_1,Threonic acid,8.88,10918471,0,968533,-1.2,blank_flag,NA
3180,220302_Smp_SWBlk_2,Threonic acid,8.53,12165783,0,924461,-1.5,blank_flag,NA
3181,220302_Smp_SWBlk_3,Threonic acid,8.81,14016695,0,1067540,-1.7,blank_flag,NA
3182,220302_Smp_OBi1_1,Threonic acid,8.61,11124749,0,921088,-0.7,blank_flag,NA
3183,220302_Smp_OBi1_2,Threonic acid,8.31,6270497,0,483398,-1.1,blank_flag,NA
3184,220302_Smp_OBi1_3,Threonic acid,8.17,9611918,0,900203,-1.4,blank_flag,NA
3185,220302_Smp_OBi1_4,Threonic acid,8.67,15483070,0,1201556,-1.2,blank_flag,NA
3186,220302_Smp_OBi1_5,Threonic acid,9.05,10720381,0,815755,-1.3,blank_flag,NA
3187,220302_Smp_OBi1_6,Threonic acid,8.62,8725565,0,792748,-0.8,blank_flag,NA
3188,220302_Smp_OBi1_7,Threonic acid,8.28,12658147,0,1202944,-1.4,blank_flag,NA
3189,220302_Smp_OBi1_8,Threonic acid,8.47,12932285,0,1087483,-2,blank_flag,NA
3190,220302_Smp_OBi1_9,Threonic acid,8.44,9877321,795189,867415,-1.4,blank_flag,NA
3191,220302_Smp_OBi1small_1,Threonic acid,8.9,3923307,0,316476,0.1,blank_flag,NA
3192,220302_Smp_OBi1small_2,Threonic acid,8.41,10795455,0,879988,-1.4,blank_flag,NA
3193,220302_Smp_OBi1small_3,Threonic acid,8.95,10757656,0,815622,-1.7,blank_flag,NA
3194,220302_Smp_OBi1small_4,Threonic acid,8.48,12061507,0,904657,-1,blank_flag,NA
3195,220302_Smp_RWi2_1,Threonic acid,8.99,5775554,0,438144,-1.3,blank_flag,NA
3196,220302_Smp_RWi2_2,Threonic acid,8.27,17201160,0,1218257,-1.4,blank_flag,NA
3197,220302_Smp_RWi2_3,Threonic acid,8.37,13836439,0,834729,-1.5,blank_flag,NA
3198,220302_Smp_RWi2_4,Threonic acid,8.44,14203573,0,1027887,-1.4,blank_flag,NA
3199,220302_Smp_RWi2_5,Threonic acid,8.68,5485114,0,462027,-1.5,blank_flag,NA
3200,220302_Smp_RWi2_6,Threonic acid,8.63,3880086,0,358395,-1.2,blank_flag,NA
3201,220302_Std_4uMStdsMix1InH2O_1,Thymidine,2.72,213458448,0,6433312,1.1,NA,213458448
3202,220302_Std_4uMStdsMix1InH2O_2,Thymidine,2.7,221232112,0,6678132,2.2,NA,221232112
3203,220302_Std_4uMStdsMix1InMatrix_1,Thymidine,2.8,206625472,0,6488728,1.3,NA,206625472
3204,220302_Std_4uMStdsMix1InMatrix_2,Thymidine,2.82,220890064,0,6953491,2.4,NA,220890064
3205,220302_Std_4uMStdsMix2InH2O_1,Thymidine,NA,NA,NA,NA,NA,NA,NA
3206,220302_Std_4uMStdsMix2InH2O_2,Thymidine,NA,NA,NA,NA,NA,NA,NA
3207,220302_Std_4uMStdsMix2InMatrix_1,Thymidine,NA,NA,NA,NA,NA,NA,NA
3208,220302_Std_4uMStdsMix2InMatrix_2,Thymidine,NA,NA,NA,NA,NA,NA,NA
3209,220302_Std_H2OinMatrix_1,Thymidine,NA,NA,NA,NA,NA,NA,NA
3210,220302_Std_H2OinMatrix_2,Thymidine,NA,NA,NA,NA,NA,NA,NA
3211,220302_Poo_TruePooBacteria_Full1,Thymidine,NA,NA,NA,NA,NA,NA,NA
3212,220302_Poo_TruePooBacteria_Full2,Thymidine,NA,NA,NA,NA,NA,NA,NA
3213,220302_Poo_TruePooBacteria_Full3,Thymidine,NA,NA,NA,NA,NA,NA,NA
3214,220302_Poo_TruePooBacteria_Half1,Thymidine,NA,NA,NA,NA,NA,NA,NA
3215,220302_Poo_TruePooBacteria_Half2,Thymidine,3.43,221106,0,224742,0.4,NA,221106
3216,220302_Poo_TruePooBacteria_Half3,Thymidine,3.29,108397,0,81918,6,NA,108397
3217,220302_Smp_MQBlk1_A,Thymidine,NA,NA,NA,NA,NA,NA,NA
3218,220302_Smp_MQBlk1_B,Thymidine,NA,NA,NA,NA,NA,NA,NA
3219,220302_Smp_MQBlk1_C,Thymidine,NA,NA,NA,NA,NA,NA,NA
3220,220302_Smp_MQBlk2_A,Thymidine,NA,NA,NA,NA,NA,NA,NA
3221,220302_Smp_MQBlk2_B,Thymidine,NA,NA,NA,NA,NA,NA,NA
3222,220302_Smp_MQBlk2_C,Thymidine,NA,NA,NA,NA,NA,NA,NA
3223,220302_Smp_MQBlk3_A,Thymidine,NA,NA,NA,NA,NA,NA,NA
3224,220302_Smp_MQBlk3_B,Thymidine,NA,NA,NA,NA,NA,NA,NA
3225,220302_Smp_MQBlk3_C,Thymidine,NA,NA,NA,NA,NA,NA,NA
3226,220302_Smp_SupernatBlk_1,Thymidine,NA,NA,NA,NA,NA,NA,NA
3227,220302_Smp_SupernatBlk_2,Thymidine,NA,NA,NA,NA,NA,NA,NA
3228,220302_Smp_SupernatBlk_3,Thymidine,NA,NA,NA,NA,NA,NA,NA
3229,220302_Smp_SWBlk_1,Thymidine,NA,NA,NA,NA,NA,NA,NA
3230,220302_Smp_SWBlk_2,Thymidine,3.99,166829,0,90864,3.9,NA,166829
3231,220302_Smp_SWBlk_3,Thymidine,NA,NA,NA,NA,NA,NA,NA
3232,220302_Smp_OBi1_1,Thymidine,NA,NA,NA,NA,NA,NA,NA
3233,220302_Smp_OBi1_2,Thymidine,2.99,319632,0,143322,5.2,NA,319632
3234,220302_Smp_OBi1_3,Thymidine,NA,NA,NA,NA,NA,NA,NA
3235,220302_Smp_OBi1_4,Thymidine,4.02,211416,0,189376,1,NA,211416
3236,220302_Smp_OBi1_5,Thymidine,NA,NA,NA,NA,NA,NA,NA
3237,220302_Smp_OBi1_6,Thymidine,NA,NA,NA,NA,NA,NA,NA
3238,220302_Smp_OBi1_7,Thymidine,NA,NA,NA,NA,NA,NA,NA
3239,220302_Smp_OBi1_8,Thymidine,NA,NA,NA,NA,NA,NA,NA
3240,220302_Smp_OBi1_9,Thymidine,NA,NA,NA,NA,NA,NA,NA
3241,220302_Smp_OBi1small_1,Thymidine,NA,NA,NA,NA,NA,NA,NA
3242,220302_Smp_OBi1small_2,Thymidine,NA,NA,NA,NA,NA,NA,NA
3243,220302_Smp_OBi1small_3,Thymidine,NA,NA,NA,NA,NA,NA,NA
3244,220302_Smp_OBi1small_4,Thymidine,NA,NA,NA,NA,NA,NA,NA
3245,220302_Smp_RWi2_1,Thymidine,NA,NA,NA,NA,NA,NA,NA
3246,220302_Smp_RWi2_2,Thymidine,NA,NA,NA,NA,NA,NA,NA
3247,220302_Smp_RWi2_3,Thymidine,NA,NA,NA,NA,NA,NA,NA
3248,220302_Smp_RWi2_4,Thymidine,NA,NA,NA,NA,NA,NA,NA
3249,220302_Smp_RWi2_5,Thymidine,NA,NA,NA,NA,NA,NA,NA
3250,220302_Smp_RWi2_6,Thymidine,NA,NA,NA,NA,NA,NA,NA
3251,220302_Std_4uMStdsMix1InH2O_1,Thymine,2.78,789489344,4356620,23005574,-2.8,NA,789489344
3252,220302_Std_4uMStdsMix1InH2O_2,Thymine,2.71,937308224,0,26630222,-2.8,NA,937308224
3253,220302_Std_4uMStdsMix1InMatrix_1,Thymine,2.83,794590336,567713,23258926,-2.6,NA,794590336
3254,220302_Std_4uMStdsMix1InMatrix_2,Thymine,2.81,932220096,3088542,28246126,-2.6,NA,932220096
3255,220302_Std_4uMStdsMix2InH2O_1,Thymine,2.93,209392912,0,9990641,-2.7,NA,209392912
3256,220302_Std_4uMStdsMix2InH2O_2,Thymine,2.98,327970880,0,14342063,-2.8,NA,327970880
3257,220302_Std_4uMStdsMix2InMatrix_1,Thymine,3.02,204934192,404072,9804033,-2.4,NA,204934192
3258,220302_Std_4uMStdsMix2InMatrix_2,Thymine,3.01,342301440,1672056,16601316,-2.6,NA,342301440
3259,220302_Std_H2OinMatrix_1,Thymine,NA,NA,NA,NA,NA,NA,NA
3260,220302_Std_H2OinMatrix_2,Thymine,NA,NA,NA,NA,NA,NA,NA
3261,220302_Poo_TruePooBacteria_Full1,Thymine,NA,NA,NA,NA,NA,NA,NA
3262,220302_Poo_TruePooBacteria_Full2,Thymine,2.99,335550,0,211142,-1.2,blank_flag,NA
3263,220302_Poo_TruePooBacteria_Full3,Thymine,3.07,983234,0,259130,-0.8,blank_flag,NA
3264,220302_Poo_TruePooBacteria_Half1,Thymine,3.04,259889,0,125677,-2.4,blank_flag,NA
3265,220302_Poo_TruePooBacteria_Half2,Thymine,3.04,151654,0,134311,-2,blank_flag,NA
3266,220302_Poo_TruePooBacteria_Half3,Thymine,NA,NA,NA,NA,NA,NA,NA
3267,220302_Smp_MQBlk1_A,Thymine,3.03,355321,0,184768,-3,blank_flag,NA
3268,220302_Smp_MQBlk1_B,Thymine,2.88,488405,0,193693,-2,blank_flag,NA
3269,220302_Smp_MQBlk1_C,Thymine,3.02,373923,0,145466,-1.1,blank_flag,NA
3270,220302_Smp_MQBlk2_A,Thymine,2.97,529830,0,184823,-1.9,blank_flag,NA
3271,220302_Smp_MQBlk2_B,Thymine,3.07,1098531,0,239962,-1.7,blank_flag,NA
3272,220302_Smp_MQBlk2_C,Thymine,2.96,711973,0,176004,-2.1,blank_flag,NA
3273,220302_Smp_MQBlk3_A,Thymine,3.25,1131053,0,297234,-0.4,blank_flag,NA
3274,220302_Smp_MQBlk3_B,Thymine,3.03,509066,0,179355,-1.4,blank_flag,NA
3275,220302_Smp_MQBlk3_C,Thymine,3,236635,0,214955,-0.3,blank_flag,NA
3276,220302_Smp_SupernatBlk_1,Thymine,NA,NA,NA,NA,NA,NA,NA
3277,220302_Smp_SupernatBlk_2,Thymine,NA,NA,NA,NA,NA,NA,NA
3278,220302_Smp_SupernatBlk_3,Thymine,NA,NA,NA,NA,NA,NA,NA
3279,220302_Smp_SWBlk_1,Thymine,NA,NA,NA,NA,NA,NA,NA
3280,220302_Smp_SWBlk_2,Thymine,NA,NA,NA,NA,NA,NA,NA
3281,220302_Smp_SWBlk_3,Thymine,3,669088,0,331394,-2.2,blank_flag,NA
3282,220302_Smp_OBi1_1,Thymine,2.98,520394,0,248162,-1.8,blank_flag,NA
3283,220302_Smp_OBi1_2,Thymine,2.99,957740,0,293652,-2.2,blank_flag,NA
3284,220302_Smp_OBi1_3,Thymine,NA,NA,NA,NA,NA,NA,NA
3285,220302_Smp_OBi1_4,Thymine,NA,NA,NA,NA,NA,NA,NA
3286,220302_Smp_OBi1_5,Thymine,2.97,419106,0,197771,-1.3,blank_flag,NA
3287,220302_Smp_OBi1_6,Thymine,NA,NA,NA,NA,NA,NA,NA
3288,220302_Smp_OBi1_7,Thymine,NA,NA,NA,NA,NA,NA,NA
3289,220302_Smp_OBi1_8,Thymine,3.15,692952,0,150169,-0.6,blank_flag,NA
3290,220302_Smp_OBi1_9,Thymine,2.98,956378,0,251637,-2,blank_flag,NA
3291,220302_Smp_OBi1small_1,Thymine,NA,NA,NA,NA,NA,NA,NA
3292,220302_Smp_OBi1small_2,Thymine,3.06,1495741,0,271979,-2.1,blank_flag,NA
3293,220302_Smp_OBi1small_3,Thymine,NA,NA,NA,NA,NA,NA,NA
3294,220302_Smp_OBi1small_4,Thymine,2.99,492719,0,327596,-1.8,blank_flag,NA
3295,220302_Smp_RWi2_1,Thymine,2.99,346227,0,162045,-0.7,blank_flag,NA
3296,220302_Smp_RWi2_2,Thymine,3.04,729192,0,209791,-2.7,blank_flag,NA
3297,220302_Smp_RWi2_3,Thymine,2.99,263465,0,96096,-1.3,blank_flag,NA
3298,220302_Smp_RWi2_4,Thymine,3.02,513584,0,158311,-1.3,blank_flag,NA
3299,220302_Smp_RWi2_5,Thymine,NA,NA,NA,NA,NA,NA,NA
3300,220302_Smp_RWi2_6,Thymine,NA,NA,NA,NA,NA,NA,NA
3301,220302_Std_4uMStdsMix1InH2O_1,Trehalose,NA,NA,NA,NA,NA,NA,NA
3302,220302_Std_4uMStdsMix1InH2O_2,Trehalose,NA,NA,NA,NA,NA,NA,NA
3303,220302_Std_4uMStdsMix1InMatrix_1,Trehalose,NA,NA,NA,NA,NA,NA,NA
3304,220302_Std_4uMStdsMix1InMatrix_2,Trehalose,NA,NA,NA,NA,NA,NA,NA
3305,220302_Std_4uMStdsMix2InH2O_1,Trehalose,12.4,182302048,517540,12487946,1.8,NA,182302048
3306,220302_Std_4uMStdsMix2InH2O_2,Trehalose,12.4,310666976,10271356,20584716,2.5,NA,310666976
3307,220302_Std_4uMStdsMix2InMatrix_1,Trehalose,12.46,191134496,1271535,13192421,2.1,NA,191134496
3308,220302_Std_4uMStdsMix2InMatrix_2,Trehalose,12.4,309067552,2456879,20662776,2.7,NA,309067552
3309,220302_Std_H2OinMatrix_1,Trehalose,11.56,4201656,6136303,356045,1.9,"sn_flag, blank_flag",NA
3310,220302_Std_H2OinMatrix_2,Trehalose,11.54,10624543,7110551,494505,2.9,"sn_flag, blank_flag",NA
3311,220302_Poo_TruePooBacteria_Full1,Trehalose,11.58,10687978,5143479,600237,2.9,"sn_flag, blank_flag",NA
3312,220302_Poo_TruePooBacteria_Full2,Trehalose,11.53,8648659,6989144,668790,2.7,"sn_flag, blank_flag",NA
3313,220302_Poo_TruePooBacteria_Full3,Trehalose,11.68,11283140,6999239,593496,3,"sn_flag, blank_flag",NA
3314,220302_Poo_TruePooBacteria_Half1,Trehalose,11.61,4633367,9452051,288235,2.9,"sn_flag, blank_flag",NA
3315,220302_Poo_TruePooBacteria_Half2,Trehalose,11.53,12602234,3924814,525527,2.7,blank_flag,NA
3316,220302_Poo_TruePooBacteria_Half3,Trehalose,11.56,7518130,7128565,412534,3.4,"sn_flag, blank_flag",NA
3317,220302_Smp_MQBlk1_A,Trehalose,11.59,7480060,7581159,612765,2.6,"sn_flag, blank_flag",NA
3318,220302_Smp_MQBlk1_B,Trehalose,11.61,19868268,0,1118006,2.5,blank_flag,NA
3319,220302_Smp_MQBlk1_C,Trehalose,11.58,15836343,0,744130,2.4,blank_flag,NA
3320,220302_Smp_MQBlk2_A,Trehalose,11.56,16954658,0,702399,2.8,blank_flag,NA
3321,220302_Smp_MQBlk2_B,Trehalose,11.64,17426656,2558036,904406,2.6,blank_flag,NA
3322,220302_Smp_MQBlk2_C,Trehalose,11.67,7236937,9346510,385845,2,"sn_flag, blank_flag",NA
3323,220302_Smp_MQBlk3_A,Trehalose,11.61,12975610,0,459964,3.4,blank_flag,NA
3324,220302_Smp_MQBlk3_B,Trehalose,11.53,11930557,8398483,593735,3.3,"sn_flag, blank_flag",NA
3325,220302_Smp_MQBlk3_C,Trehalose,11.56,12972953,4071151,730776,3.2,blank_flag,NA
3326,220302_Smp_SupernatBlk_1,Trehalose,11.61,10203698,1860601,420977,2.3,blank_flag,NA
3327,220302_Smp_SupernatBlk_2,Trehalose,11.64,6081039,7327632,433822,3.2,"sn_flag, blank_flag",NA
3328,220302_Smp_SupernatBlk_3,Trehalose,11.56,13661698,10092919,1011670,3.2,"sn_flag, blank_flag",NA
3329,220302_Smp_SWBlk_1,Trehalose,11.58,15956695,5390749,1110185,3.1,"sn_flag, blank_flag",NA
3330,220302_Smp_SWBlk_2,Trehalose,11.53,14132636,0,587918,3,blank_flag,NA
3331,220302_Smp_SWBlk_3,Trehalose,11.7,5181145,6157902,265805,2.9,"sn_flag, blank_flag",NA
3332,220302_Smp_OBi1_1,Trehalose,11.62,22433298,5685961,1156001,3.5,blank_flag,NA
3333,220302_Smp_OBi1_2,Trehalose,11.46,7002092,6221648,380708,3.3,"sn_flag, blank_flag",NA
3334,220302_Smp_OBi1_3,Trehalose,11.61,11525759,5034645,599819,3,"sn_flag, blank_flag",NA
3335,220302_Smp_OBi1_4,Trehalose,11.62,16159488,0,624052,3.4,blank_flag,NA
3336,220302_Smp_OBi1_5,Trehalose,11.55,14531537,1114105,684965,3,blank_flag,NA
3337,220302_Smp_OBi1_6,Trehalose,11.55,16163016,0,647073,3.1,blank_flag,NA
3338,220302_Smp_OBi1_7,Trehalose,11.75,13854880,0,590021,3.2,blank_flag,NA
3339,220302_Smp_OBi1_8,Trehalose,11.54,10139767,4057888,429275,2.9,"sn_flag, blank_flag",NA
3340,220302_Smp_OBi1_9,Trehalose,11.55,17448014,0,692446,3.6,blank_flag,NA
3341,220302_Smp_OBi1small_1,Trehalose,11.56,11423161,0,359035,3.8,blank_flag,NA
3342,220302_Smp_OBi1small_2,Trehalose,11.54,14011130,510157,487129,3.1,blank_flag,NA
3343,220302_Smp_OBi1small_3,Trehalose,11.58,11725897,0,404739,2.6,blank_flag,NA
3344,220302_Smp_OBi1small_4,Trehalose,11.59,4722289,9214938,318899,3.2,"sn_flag, blank_flag",NA
3345,220302_Smp_RWi2_1,Trehalose,11.58,19474104,4038063,1206517,3.2,blank_flag,NA
3346,220302_Smp_RWi2_2,Trehalose,11.49,14313405,1213629,536258,3.4,blank_flag,NA
3347,220302_Smp_RWi2_3,Trehalose,11.5,15012037,3090421,611954,3,blank_flag,NA
3348,220302_Smp_RWi2_4,Trehalose,11.54,17125834,6849450,947598,2.9,"sn_flag, blank_flag",NA
3349,220302_Smp_RWi2_5,Trehalose,11.49,12174069,0,410754,2.9,blank_flag,NA
3350,220302_Smp_RWi2_6,Trehalose,11.58,9658748,1985809,438125,1.7,blank_flag,NA
3351,220302_Std_4uMStdsMix1InH2O_1,UDP-N-acetylglucosamine,NA,NA,NA,NA,NA,NA,NA
3352,220302_Std_4uMStdsMix1InH2O_2,UDP-N-acetylglucosamine,NA,NA,NA,NA,NA,NA,NA
3353,220302_Std_4uMStdsMix1InMatrix_1,UDP-N-acetylglucosamine,NA,NA,NA,NA,NA,NA,NA
3354,220302_Std_4uMStdsMix1InMatrix_2,UDP-N-acetylglucosamine,NA,NA,NA,NA,NA,NA,NA
3355,220302_Std_4uMStdsMix2InH2O_1,UDP-N-acetylglucosamine,12.34,104516680,0,8731712,1.4,NA,104516680
3356,220302_Std_4uMStdsMix2InH2O_2,UDP-N-acetylglucosamine,11.93,239093264,0,16596233,1.9,NA,239093264
3357,220302_Std_4uMStdsMix2InMatrix_1,UDP-N-acetylglucosamine,12.32,95978384,0,8179129,1.7,NA,95978384
3358,220302_Std_4uMStdsMix2InMatrix_2,UDP-N-acetylglucosamine,11.95,227011104,0,18270632,2.1,NA,227011104
3359,220302_Std_H2OinMatrix_1,UDP-N-acetylglucosamine,NA,NA,NA,NA,NA,NA,NA
3360,220302_Std_H2OinMatrix_2,UDP-N-acetylglucosamine,NA,NA,NA,NA,NA,NA,NA
3361,220302_Poo_TruePooBacteria_Full1,UDP-N-acetylglucosamine,NA,NA,NA,NA,NA,NA,NA
3362,220302_Poo_TruePooBacteria_Full2,UDP-N-acetylglucosamine,NA,NA,NA,NA,NA,NA,NA
3363,220302_Poo_TruePooBacteria_Full3,UDP-N-acetylglucosamine,NA,NA,NA,NA,NA,NA,NA
3364,220302_Poo_TruePooBacteria_Half1,UDP-N-acetylglucosamine,12.41,42681,0,41152,1.3,NA,42681
3365,220302_Poo_TruePooBacteria_Half2,UDP-N-acetylglucosamine,NA,NA,NA,NA,NA,NA,NA
3366,220302_Poo_TruePooBacteria_Half3,UDP-N-acetylglucosamine,NA,NA,NA,NA,NA,NA,NA
3367,220302_Smp_MQBlk1_A,UDP-N-acetylglucosamine,NA,NA,NA,NA,NA,NA,NA
3368,220302_Smp_MQBlk1_B,UDP-N-acetylglucosamine,NA,NA,NA,NA,NA,NA,NA
3369,220302_Smp_MQBlk1_C,UDP-N-acetylglucosamine,NA,NA,NA,NA,NA,NA,NA
3370,220302_Smp_MQBlk2_A,UDP-N-acetylglucosamine,NA,NA,NA,NA,NA,NA,NA
3371,220302_Smp_MQBlk2_B,UDP-N-acetylglucosamine,NA,NA,NA,NA,NA,NA,NA
3372,220302_Smp_MQBlk2_C,UDP-N-acetylglucosamine,NA,NA,NA,NA,NA,NA,NA
3373,220302_Smp_MQBlk3_A,UDP-N-acetylglucosamine,NA,NA,NA,NA,NA,NA,NA
3374,220302_Smp_MQBlk3_B,UDP-N-acetylglucosamine,NA,NA,NA,NA,NA,NA,NA
3375,220302_Smp_MQBlk3_C,UDP-N-acetylglucosamine,NA,NA,NA,NA,NA,NA,NA
3376,220302_Smp_SupernatBlk_1,UDP-N-acetylglucosamine,NA,NA,NA,NA,NA,NA,NA
3377,220302_Smp_SupernatBlk_2,UDP-N-acetylglucosamine,NA,NA,NA,NA,NA,NA,NA
3378,220302_Smp_SupernatBlk_3,UDP-N-acetylglucosamine,NA,NA,NA,NA,NA,NA,NA
3379,220302_Smp_SWBlk_1,UDP-N-acetylglucosamine,NA,NA,NA,NA,NA,NA,NA
3380,220302_Smp_SWBlk_2,UDP-N-acetylglucosamine,NA,NA,NA,NA,NA,NA,NA
3381,220302_Smp_SWBlk_3,UDP-N-acetylglucosamine,NA,NA,NA,NA,NA,NA,NA
3382,220302_Smp_OBi1_1,UDP-N-acetylglucosamine,NA,NA,NA,NA,NA,NA,NA
3383,220302_Smp_OBi1_2,UDP-N-acetylglucosamine,NA,NA,NA,NA,NA,NA,NA
3384,220302_Smp_OBi1_3,UDP-N-acetylglucosamine,NA,NA,NA,NA,NA,NA,NA
3385,220302_Smp_OBi1_4,UDP-N-acetylglucosamine,NA,NA,NA,NA,NA,NA,NA
3386,220302_Smp_OBi1_5,UDP-N-acetylglucosamine,NA,NA,NA,NA,NA,NA,NA
3387,220302_Smp_OBi1_6,UDP-N-acetylglucosamine,NA,NA,NA,NA,NA,NA,NA
3388,220302_Smp_OBi1_7,UDP-N-acetylglucosamine,NA,NA,NA,NA,NA,NA,NA
3389,220302_Smp_OBi1_8,UDP-N-acetylglucosamine,NA,NA,NA,NA,NA,NA,NA
3390,220302_Smp_OBi1_9,UDP-N-acetylglucosamine,NA,NA,NA,NA,NA,NA,NA
3391,220302_Smp_OBi1small_1,UDP-N-acetylglucosamine,12.19,58890,0,61808,0.2,NA,58890
3392,220302_Smp_OBi1small_2,UDP-N-acetylglucosamine,NA,NA,NA,NA,NA,NA,NA
3393,220302_Smp_OBi1small_3,UDP-N-acetylglucosamine,13.17,90154,0,87964,9.1,"ppm_flag,",NA
3394,220302_Smp_OBi1small_4,UDP-N-acetylglucosamine,NA,NA,NA,NA,NA,NA,NA
3395,220302_Smp_RWi2_1,UDP-N-acetylglucosamine,NA,NA,NA,NA,NA,NA,NA
3396,220302_Smp_RWi2_2,UDP-N-acetylglucosamine,NA,NA,NA,NA,NA,NA,NA
3397,220302_Smp_RWi2_3,UDP-N-acetylglucosamine,NA,NA,NA,NA,NA,NA,NA
3398,220302_Smp_RWi2_4,UDP-N-acetylglucosamine,NA,NA,NA,NA,NA,NA,NA
3399,220302_Smp_RWi2_5,UDP-N-acetylglucosamine,NA,NA,NA,NA,NA,NA,NA
3400,220302_Smp_RWi2_6,UDP-N-acetylglucosamine,NA,NA,NA,NA,NA,NA,NA
3401,220302_Std_4uMStdsMix1InH2O_1,UDP-glucose,NA,NA,NA,NA,NA,NA,NA
3402,220302_Std_4uMStdsMix1InH2O_2,UDP-glucose,NA,NA,NA,NA,NA,NA,NA
3403,220302_Std_4uMStdsMix1InMatrix_1,UDP-glucose,NA,NA,NA,NA,NA,NA,NA
3404,220302_Std_4uMStdsMix1InMatrix_2,UDP-glucose,NA,NA,NA,NA,NA,NA,NA
3405,220302_Std_4uMStdsMix2InH2O_1,UDP-glucose,13.26,103681824,0,9441445,1.5,NA,103681824
3406,220302_Std_4uMStdsMix2InH2O_2,UDP-glucose,12.96,191859584,816860,14484799,2,NA,191859584
3407,220302_Std_4uMStdsMix2InMatrix_1,UDP-glucose,13.29,92543568,0,8852387,1.7,NA,92543568
3408,220302_Std_4uMStdsMix2InMatrix_2,UDP-glucose,12.93,184050880,0,17502770,2.3,NA,184050880
3409,220302_Std_H2OinMatrix_1,UDP-glucose,NA,NA,NA,NA,NA,NA,NA
3410,220302_Std_H2OinMatrix_2,UDP-glucose,NA,NA,NA,NA,NA,NA,NA
3411,220302_Poo_TruePooBacteria_Full1,UDP-glucose,NA,NA,NA,NA,NA,NA,NA
3412,220302_Poo_TruePooBacteria_Full2,UDP-glucose,NA,NA,NA,NA,NA,NA,NA
3413,220302_Poo_TruePooBacteria_Full3,UDP-glucose,NA,NA,NA,NA,NA,NA,NA
3414,220302_Poo_TruePooBacteria_Half1,UDP-glucose,NA,NA,NA,NA,NA,NA,NA
3415,220302_Poo_TruePooBacteria_Half2,UDP-glucose,NA,NA,NA,NA,NA,NA,NA
3416,220302_Poo_TruePooBacteria_Half3,UDP-glucose,NA,NA,NA,NA,NA,NA,NA
3417,220302_Smp_MQBlk1_A,UDP-glucose,NA,NA,NA,NA,NA,NA,NA
3418,220302_Smp_MQBlk1_B,UDP-glucose,NA,NA,NA,NA,NA,NA,NA
3419,220302_Smp_MQBlk1_C,UDP-glucose,NA,NA,NA,NA,NA,NA,NA
3420,220302_Smp_MQBlk2_A,UDP-glucose,NA,NA,NA,NA,NA,NA,NA
3421,220302_Smp_MQBlk2_B,UDP-glucose,NA,NA,NA,NA,NA,NA,NA
3422,220302_Smp_MQBlk2_C,UDP-glucose,NA,NA,NA,NA,NA,NA,NA
3423,220302_Smp_MQBlk3_A,UDP-glucose,NA,NA,NA,NA,NA,NA,NA
3424,220302_Smp_MQBlk3_B,UDP-glucose,NA,NA,NA,NA,NA,NA,NA
3425,220302_Smp_MQBlk3_C,UDP-glucose,NA,NA,NA,NA,NA,NA,NA
3426,220302_Smp_SupernatBlk_1,UDP-glucose,NA,NA,NA,NA,NA,NA,NA
3427,220302_Smp_SupernatBlk_2,UDP-glucose,NA,NA,NA,NA,NA,NA,NA
3428,220302_Smp_SupernatBlk_3,UDP-glucose,NA,NA,NA,NA,NA,NA,NA
3429,220302_Smp_SWBlk_1,UDP-glucose,13.13,52834,0,48409,-10.4,"ppm_flag,",NA
3430,220302_Smp_SWBlk_2,UDP-glucose,NA,NA,NA,NA,NA,NA,NA
3431,220302_Smp_SWBlk_3,UDP-glucose,NA,NA,NA,NA,NA,NA,NA
3432,220302_Smp_OBi1_1,UDP-glucose,NA,NA,NA,NA,NA,NA,NA
3433,220302_Smp_OBi1_2,UDP-glucose,NA,NA,NA,NA,NA,NA,NA
3434,220302_Smp_OBi1_3,UDP-glucose,NA,NA,NA,NA,NA,NA,NA
3435,220302_Smp_OBi1_4,UDP-glucose,13.26,17152,0,15501,-11.7,"ppm_flag, areamin_flag,",NA
3436,220302_Smp_OBi1_5,UDP-glucose,NA,NA,NA,NA,NA,NA,NA
3437,220302_Smp_OBi1_6,UDP-glucose,NA,NA,NA,NA,NA,NA,NA
3438,220302_Smp_OBi1_7,UDP-glucose,NA,NA,NA,NA,NA,NA,NA
3439,220302_Smp_OBi1_8,UDP-glucose,NA,NA,NA,NA,NA,NA,NA
3440,220302_Smp_OBi1_9,UDP-glucose,NA,NA,NA,NA,NA,NA,NA
3441,220302_Smp_OBi1small_1,UDP-glucose,NA,NA,NA,NA,NA,NA,NA
3442,220302_Smp_OBi1small_2,UDP-glucose,NA,NA,NA,NA,NA,NA,NA
3443,220302_Smp_OBi1small_3,UDP-glucose,NA,NA,NA,NA,NA,NA,NA
3444,220302_Smp_OBi1small_4,UDP-glucose,NA,NA,NA,NA,NA,NA,NA
3445,220302_Smp_RWi2_1,UDP-glucose,NA,NA,NA,NA,NA,NA,NA
3446,220302_Smp_RWi2_2,UDP-glucose,NA,NA,NA,NA,NA,NA,NA
3447,220302_Smp_RWi2_3,UDP-glucose,NA,NA,NA,NA,NA,NA,NA
3448,220302_Smp_RWi2_4,UDP-glucose,NA,NA,NA,NA,NA,NA,NA
3449,220302_Smp_RWi2_5,UDP-glucose,NA,NA,NA,NA,NA,NA,NA
3450,220302_Smp_RWi2_6,UDP-glucose,NA,NA,NA,NA,NA,NA,NA
3451,220302_Std_4uMStdsMix1InH2O_1,Uracil,NA,NA,NA,NA,NA,NA,NA
3452,220302_Std_4uMStdsMix1InH2O_2,Uracil,NA,NA,NA,NA,NA,NA,NA
3453,220302_Std_4uMStdsMix1InMatrix_1,Uracil,NA,NA,NA,NA,NA,NA,NA
3454,220302_Std_4uMStdsMix1InMatrix_2,Uracil,NA,NA,NA,NA,NA,NA,NA
3455,220302_Std_4uMStdsMix2InH2O_1,Uracil,3.85,231546304,0,13520039,-3.1,NA,231546304
3456,220302_Std_4uMStdsMix2InH2O_2,Uracil,3.8,327273568,0,17001670,-3.4,NA,327273568
3457,220302_Std_4uMStdsMix2InMatrix_1,Uracil,3.85,245380656,1589672,15535614,-3,NA,245380656
3458,220302_Std_4uMStdsMix2InMatrix_2,Uracil,3.85,198916000,0,11430785,-3.1,NA,198916000
3459,220302_Std_H2OinMatrix_1,Uracil,4.03,686335,0,241287,-1.4,blank_flag,NA
3460,220302_Std_H2OinMatrix_2,Uracil,3.79,0,0,0,NA,"areamin_flag, blank_flag",NA
3461,220302_Poo_TruePooBacteria_Full1,Uracil,3.77,6158922,0,280852,-2.8,blank_flag,NA
3462,220302_Poo_TruePooBacteria_Full2,Uracil,4,4809723,0,270225,-2.8,blank_flag,NA
3463,220302_Poo_TruePooBacteria_Full3,Uracil,3.93,307028,0,165216,-2,blank_flag,NA
3464,220302_Poo_TruePooBacteria_Half1,Uracil,3.93,4769507,0,248686,-2.8,blank_flag,NA
3465,220302_Poo_TruePooBacteria_Half2,Uracil,4,754791,0,167874,-2.1,blank_flag,NA
3466,220302_Poo_TruePooBacteria_Half3,Uracil,3.9,707810,0,454236,-1.9,blank_flag,NA
3467,220302_Smp_MQBlk1_A,Uracil,3.85,1358923,1728153,179065,-3.3,"sn_flag, blank_flag",NA
3468,220302_Smp_MQBlk1_B,Uracil,3.85,1792048,3381089,272547,-3.4,"sn_flag, blank_flag",NA
3469,220302_Smp_MQBlk1_C,Uracil,3.87,4941583,0,257282,-2.7,blank_flag,NA
3470,220302_Smp_MQBlk2_A,Uracil,3.83,7933044,0,482929,-2.5,blank_flag,NA
3471,220302_Smp_MQBlk2_B,Uracil,3.75,4646417,0,346111,-3.2,blank_flag,NA
3472,220302_Smp_MQBlk2_C,Uracil,3.76,6397264,0,362502,-3.3,blank_flag,NA
3473,220302_Smp_MQBlk3_A,Uracil,4.19,1949938,0,430583,-2.2,blank_flag,NA
3474,220302_Smp_MQBlk3_B,Uracil,3.88,3593151,0,394536,-1.8,blank_flag,NA
3475,220302_Smp_MQBlk3_C,Uracil,3.76,3015410,0,418800,-1.8,blank_flag,NA
3476,220302_Smp_SupernatBlk_1,Uracil,3.91,8271111,0,440486,-3,blank_flag,NA
3477,220302_Smp_SupernatBlk_2,Uracil,3.96,5016465,0,423433,-2.7,blank_flag,NA
3478,220302_Smp_SupernatBlk_3,Uracil,3.81,4027603,0,291139,-2.3,blank_flag,NA
3479,220302_Smp_SWBlk_1,Uracil,3.77,2058171,2054418,140217,-2.2,"sn_flag, blank_flag",NA
3480,220302_Smp_SWBlk_2,Uracil,3.77,5346818,0,348935,-2.5,blank_flag,NA
3481,220302_Smp_SWBlk_3,Uracil,3.88,4746888,0,305627,-3,blank_flag,NA
3482,220302_Smp_OBi1_1,Uracil,4.07,3682151,0,277772,-2.1,blank_flag,NA
3483,220302_Smp_OBi1_2,Uracil,3.8,6546053,0,557656,-2.4,blank_flag,NA
3484,220302_Smp_OBi1_3,Uracil,3.93,3559215,0,469248,-2.1,blank_flag,NA
3485,220302_Smp_OBi1_4,Uracil,3.66,3972202,0,260692,-2.2,blank_flag,NA
3486,220302_Smp_OBi1_5,Uracil,3.86,7084621,0,290099,-2,blank_flag,NA
3487,220302_Smp_OBi1_6,Uracil,3.88,4036908,0,259179,-2.1,blank_flag,NA
3488,220302_Smp_OBi1_7,Uracil,3.82,1348445,0,312210,-2,blank_flag,NA
3489,220302_Smp_OBi1_8,Uracil,3.73,9104795,0,571166,-3.6,blank_flag,NA
3490,220302_Smp_OBi1_9,Uracil,3.61,6020396,0,287986,-2.3,blank_flag,NA
3491,220302_Smp_OBi1small_1,Uracil,3.86,7743818,0,337176,-2.3,blank_flag,NA
3492,220302_Smp_OBi1small_2,Uracil,3.77,8365585,0,474203,-2.7,blank_flag,NA
3493,220302_Smp_OBi1small_3,Uracil,3.82,7893441,0,310779,-2.9,blank_flag,NA
3494,220302_Smp_OBi1small_4,Uracil,4.01,963311,0,312646,-0.5,blank_flag,NA
3495,220302_Smp_RWi2_1,Uracil,3.82,4504514,0,371897,-2.6,blank_flag,NA
3496,220302_Smp_RWi2_2,Uracil,3.56,3563007,200175,307202,-2.4,blank_flag,NA
3497,220302_Smp_RWi2_3,Uracil,3.8,4597223,0,414380,-2.8,blank_flag,NA
3498,220302_Smp_RWi2_4,Uracil,3.79,7634355,0,350509,-2.3,blank_flag,NA
3499,220302_Smp_RWi2_5,Uracil,3.86,5828426,0,393362,-3,blank_flag,NA
3500,220302_Smp_RWi2_6,Uracil,3.78,3967193,0,297230,-2.8,blank_flag,NA
3501,220302_Std_4uMStdsMix1InH2O_1,Uridine,NA,NA,NA,NA,NA,NA,NA
3502,220302_Std_4uMStdsMix1InH2O_2,Uridine,NA,NA,NA,NA,NA,NA,NA
3503,220302_Std_4uMStdsMix1InMatrix_1,Uridine,NA,NA,NA,NA,NA,NA,NA
3504,220302_Std_4uMStdsMix1InMatrix_2,Uridine,NA,NA,NA,NA,NA,NA,NA
3505,220302_Std_4uMStdsMix2InH2O_1,Uridine,5.68,166687328,0,6765253,1.3,NA,166687328
3506,220302_Std_4uMStdsMix2InH2O_2,Uridine,5.75,200426592,0,7373448,2.5,NA,200426592
3507,220302_Std_4uMStdsMix2InMatrix_1,Uridine,5.74,243928064,0,10317987,1.5,NA,243928064
3508,220302_Std_4uMStdsMix2InMatrix_2,Uridine,5.8,424797312,0,16262613,2.5,NA,424797312
3509,220302_Std_H2OinMatrix_1,Uridine,NA,NA,NA,NA,NA,NA,NA
3510,220302_Std_H2OinMatrix_2,Uridine,NA,NA,NA,NA,NA,NA,NA
3511,220302_Poo_TruePooBacteria_Full1,Uridine,NA,NA,NA,NA,NA,NA,NA
3512,220302_Poo_TruePooBacteria_Full2,Uridine,NA,NA,NA,NA,NA,NA,NA
3513,220302_Poo_TruePooBacteria_Full3,Uridine,NA,NA,NA,NA,NA,NA,NA
3514,220302_Poo_TruePooBacteria_Half1,Uridine,NA,NA,NA,NA,NA,NA,NA
3515,220302_Poo_TruePooBacteria_Half2,Uridine,5.6,79683,0,42907,-4.8,NA,79683
3516,220302_Poo_TruePooBacteria_Half3,Uridine,NA,NA,NA,NA,NA,NA,NA
3517,220302_Smp_MQBlk1_A,Uridine,NA,NA,NA,NA,NA,NA,NA
3518,220302_Smp_MQBlk1_B,Uridine,NA,NA,NA,NA,NA,NA,NA
3519,220302_Smp_MQBlk1_C,Uridine,NA,NA,NA,NA,NA,NA,NA
3520,220302_Smp_MQBlk2_A,Uridine,NA,NA,NA,NA,NA,NA,NA
3521,220302_Smp_MQBlk2_B,Uridine,NA,NA,NA,NA,NA,NA,NA
3522,220302_Smp_MQBlk2_C,Uridine,NA,NA,NA,NA,NA,NA,NA
3523,220302_Smp_MQBlk3_A,Uridine,NA,NA,NA,NA,NA,NA,NA
3524,220302_Smp_MQBlk3_B,Uridine,NA,NA,NA,NA,NA,NA,NA
3525,220302_Smp_MQBlk3_C,Uridine,NA,NA,NA,NA,NA,NA,NA
3526,220302_Smp_SupernatBlk_1,Uridine,NA,NA,NA,NA,NA,NA,NA
3527,220302_Smp_SupernatBlk_2,Uridine,NA,NA,NA,NA,NA,NA,NA
3528,220302_Smp_SupernatBlk_3,Uridine,NA,NA,NA,NA,NA,NA,NA
3529,220302_Smp_SWBlk_1,Uridine,NA,NA,NA,NA,NA,NA,NA
3530,220302_Smp_SWBlk_2,Uridine,NA,NA,NA,NA,NA,NA,NA
3531,220302_Smp_SWBlk_3,Uridine,NA,NA,NA,NA,NA,NA,NA
3532,220302_Smp_OBi1_1,Uridine,NA,NA,NA,NA,NA,NA,NA
3533,220302_Smp_OBi1_2,Uridine,NA,NA,NA,NA,NA,NA,NA
3534,220302_Smp_OBi1_3,Uridine,NA,NA,NA,NA,NA,NA,NA
3535,220302_Smp_OBi1_4,Uridine,NA,NA,NA,NA,NA,NA,NA
3536,220302_Smp_OBi1_5,Uridine,NA,NA,NA,NA,NA,NA,NA
3537,220302_Smp_OBi1_6,Uridine,NA,NA,NA,NA,NA,NA,NA
3538,220302_Smp_OBi1_7,Uridine,NA,NA,NA,NA,NA,NA,NA
3539,220302_Smp_OBi1_8,Uridine,NA,NA,NA,NA,NA,NA,NA
3540,220302_Smp_OBi1_9,Uridine,NA,NA,NA,NA,NA,NA,NA
3541,220302_Smp_OBi1small_1,Uridine,NA,NA,NA,NA,NA,NA,NA
3542,220302_Smp_OBi1small_2,Uridine,NA,NA,NA,NA,NA,NA,NA
3543,220302_Smp_OBi1small_3,Uridine,NA,NA,NA,NA,NA,NA,NA
3544,220302_Smp_OBi1small_4,Uridine,5.3,128680,0,124602,3.8,NA,128680
3545,220302_Smp_RWi2_1,Uridine,NA,NA,NA,NA,NA,NA,NA
3546,220302_Smp_RWi2_2,Uridine,NA,NA,NA,NA,NA,NA,NA
3547,220302_Smp_RWi2_3,Uridine,NA,NA,NA,NA,NA,NA,NA
3548,220302_Smp_RWi2_4,Uridine,NA,NA,NA,NA,NA,NA,NA
3549,220302_Smp_RWi2_5,Uridine,5.76,122769,0,86221,7.3,"ppm_flag,",NA
3550,220302_Smp_RWi2_6,Uridine,NA,NA,NA,NA,NA,NA,NA
3551,220302_Std_4uMStdsMix1InH2O_1,Allantoin,9.79,65715976,0,4081054,-1.6,NA,65715976
3552,220302_Std_4uMStdsMix1InH2O_2,Allantoin,9.59,47613720,0,2721716,-0.7,NA,47613720
3553,220302_Std_4uMStdsMix1InMatrix_1,Allantoin,9.81,65007212,0,4072745,-1.4,NA,65007212
3554,220302_Std_4uMStdsMix1InMatrix_2,Allantoin,9.67,49585948,0,3269449,-0.5,NA,49585948
3555,220302_Std_4uMStdsMix2InH2O_1,Allantoin,NA,NA,NA,NA,NA,NA,NA
3556,220302_Std_4uMStdsMix2InH2O_2,Allantoin,NA,NA,NA,NA,NA,NA,NA
3557,220302_Std_4uMStdsMix2InMatrix_1,Allantoin,NA,NA,NA,NA,NA,NA,NA
3558,220302_Std_4uMStdsMix2InMatrix_2,Allantoin,NA,NA,NA,NA,NA,NA,NA
3559,220302_Std_H2OinMatrix_1,Allantoin,NA,NA,NA,NA,NA,NA,NA
3560,220302_Std_H2OinMatrix_2,Allantoin,NA,NA,NA,NA,NA,NA,NA
3561,220302_Poo_TruePooBacteria_Full1,Allantoin,10.21,142730,0,107337,0.6,NA,142730
3562,220302_Poo_TruePooBacteria_Full2,Allantoin,NA,NA,NA,NA,NA,NA,NA
3563,220302_Poo_TruePooBacteria_Full3,Allantoin,8.73,134700,0,117063,0.5,NA,134700
3564,220302_Poo_TruePooBacteria_Half1,Allantoin,NA,NA,NA,NA,NA,NA,NA
3565,220302_Poo_TruePooBacteria_Half2,Allantoin,NA,NA,NA,NA,NA,NA,NA
3566,220302_Poo_TruePooBacteria_Half3,Allantoin,NA,NA,NA,NA,NA,NA,NA
3567,220302_Smp_MQBlk1_A,Allantoin,NA,NA,NA,NA,NA,NA,NA
3568,220302_Smp_MQBlk1_B,Allantoin,NA,NA,NA,NA,NA,NA,NA
3569,220302_Smp_MQBlk1_C,Allantoin,NA,NA,NA,NA,NA,NA,NA
3570,220302_Smp_MQBlk2_A,Allantoin,NA,NA,NA,NA,NA,NA,NA
3571,220302_Smp_MQBlk2_B,Allantoin,NA,NA,NA,NA,NA,NA,NA
3572,220302_Smp_MQBlk2_C,Allantoin,NA,NA,NA,NA,NA,NA,NA
3573,220302_Smp_MQBlk3_A,Allantoin,NA,NA,NA,NA,NA,NA,NA
3574,220302_Smp_MQBlk3_B,Allantoin,NA,NA,NA,NA,NA,NA,NA
3575,220302_Smp_MQBlk3_C,Allantoin,NA,NA,NA,NA,NA,NA,NA
3576,220302_Smp_SupernatBlk_1,Allantoin,NA,NA,NA,NA,NA,NA,NA
3577,220302_Smp_SupernatBlk_2,Allantoin,NA,NA,NA,NA,NA,NA,NA
3578,220302_Smp_SupernatBlk_3,Allantoin,NA,NA,NA,NA,NA,NA,NA
3579,220302_Smp_SWBlk_1,Allantoin,NA,NA,NA,NA,NA,NA,NA
3580,220302_Smp_SWBlk_2,Allantoin,NA,NA,NA,NA,NA,NA,NA
3581,220302_Smp_SWBlk_3,Allantoin,9.41,41127,0,37135,1.4,NA,41127
3582,220302_Smp_OBi1_1,Allantoin,NA,NA,NA,NA,NA,NA,NA
3583,220302_Smp_OBi1_2,Allantoin,NA,NA,NA,NA,NA,NA,NA
3584,220302_Smp_OBi1_3,Allantoin,NA,NA,NA,NA,NA,NA,NA
3585,220302_Smp_OBi1_4,Allantoin,8.65,75897,0,80801,-0.1,NA,75897
3586,220302_Smp_OBi1_5,Allantoin,NA,NA,NA,NA,NA,NA,NA
3587,220302_Smp_OBi1_6,Allantoin,NA,NA,NA,NA,NA,NA,NA
3588,220302_Smp_OBi1_7,Allantoin,NA,NA,NA,NA,NA,NA,NA
3589,220302_Smp_OBi1_8,Allantoin,NA,NA,NA,NA,NA,NA,NA
3590,220302_Smp_OBi1_9,Allantoin,NA,NA,NA,NA,NA,NA,NA
3591,220302_Smp_OBi1small_1,Allantoin,NA,NA,NA,NA,NA,NA,NA
3592,220302_Smp_OBi1small_2,Allantoin,NA,NA,NA,NA,NA,NA,NA
3593,220302_Smp_OBi1small_3,Allantoin,NA,NA,NA,NA,NA,NA,NA
3594,220302_Smp_OBi1small_4,Allantoin,NA,NA,NA,NA,NA,NA,NA
3595,220302_Smp_RWi2_1,Allantoin,NA,NA,NA,NA,NA,NA,NA
3596,220302_Smp_RWi2_2,Allantoin,NA,NA,NA,NA,NA,NA,NA
3597,220302_Smp_RWi2_3,Allantoin,NA,NA,NA,NA,NA,NA,NA
3598,220302_Smp_RWi2_4,Allantoin,NA,NA,NA,NA,NA,NA,NA
3599,220302_Smp_RWi2_5,Allantoin,NA,NA,NA,NA,NA,NA,NA
3600,220302_Smp_RWi2_6,Allantoin,NA,NA,NA,NA,NA,NA,NA
3601,220302_Std_4uMStdsMix1InH2O_1,"3-Sulfolactate, 13C3",NA,NA,NA,NA,NA,NA,NA
3602,220302_Std_4uMStdsMix1InH2O_2,"3-Sulfolactate, 13C3",NA,NA,NA,NA,NA,NA,NA
3603,220302_Std_4uMStdsMix1InMatrix_1,"3-Sulfolactate, 13C3",NA,NA,NA,NA,NA,NA,NA
3604,220302_Std_4uMStdsMix1InMatrix_2,"3-Sulfolactate, 13C3",NA,NA,NA,NA,NA,NA,NA
3605,220302_Std_4uMStdsMix2InH2O_1,"3-Sulfolactate, 13C3",NA,NA,NA,NA,NA,NA,NA
3606,220302_Std_4uMStdsMix2InH2O_2,"3-Sulfolactate, 13C3",NA,NA,NA,NA,NA,NA,NA
3607,220302_Std_4uMStdsMix2InMatrix_1,"3-Sulfolactate, 13C3",NA,NA,NA,NA,NA,NA,NA
3608,220302_Std_4uMStdsMix2InMatrix_2,"3-Sulfolactate, 13C3",NA,NA,NA,NA,NA,NA,NA
3609,220302_Std_H2OinMatrix_1,"3-Sulfolactate, 13C3",NA,NA,NA,NA,NA,NA,NA
3610,220302_Std_H2OinMatrix_2,"3-Sulfolactate, 13C3",NA,NA,NA,NA,NA,NA,NA
3611,220302_Poo_TruePooBacteria_Full1,"3-Sulfolactate, 13C3",NA,NA,NA,NA,NA,NA,NA
3612,220302_Poo_TruePooBacteria_Full2,"3-Sulfolactate, 13C3",NA,NA,NA,NA,NA,NA,NA
3613,220302_Poo_TruePooBacteria_Full3,"3-Sulfolactate, 13C3",NA,NA,NA,NA,NA,NA,NA
3614,220302_Poo_TruePooBacteria_Half1,"3-Sulfolactate, 13C3",NA,NA,NA,NA,NA,NA,NA
3615,220302_Poo_TruePooBacteria_Half2,"3-Sulfolactate, 13C3",NA,NA,NA,NA,NA,NA,NA
3616,220302_Poo_TruePooBacteria_Half3,"3-Sulfolactate, 13C3",NA,NA,NA,NA,NA,NA,NA
3617,220302_Smp_MQBlk1_A,"3-Sulfolactate, 13C3",NA,NA,NA,NA,NA,NA,NA
3618,220302_Smp_MQBlk1_B,"3-Sulfolactate, 13C3",NA,NA,NA,NA,NA,NA,NA
3619,220302_Smp_MQBlk1_C,"3-Sulfolactate, 13C3",NA,NA,NA,NA,NA,NA,NA
3620,220302_Smp_MQBlk2_A,"3-Sulfolactate, 13C3",NA,NA,NA,NA,NA,NA,NA
3621,220302_Smp_MQBlk2_B,"3-Sulfolactate, 13C3",NA,NA,NA,NA,NA,NA,NA
3622,220302_Smp_MQBlk2_C,"3-Sulfolactate, 13C3",NA,NA,NA,NA,NA,NA,NA
3623,220302_Smp_MQBlk3_A,"3-Sulfolactate, 13C3",NA,NA,NA,NA,NA,NA,NA
3624,220302_Smp_MQBlk3_B,"3-Sulfolactate, 13C3",12.34,12483,0,9776,-3,"areamin_flag, blank_flag",NA
3625,220302_Smp_MQBlk3_C,"3-Sulfolactate, 13C3",NA,NA,NA,NA,NA,NA,NA
3626,220302_Smp_SupernatBlk_1,"3-Sulfolactate, 13C3",NA,NA,NA,NA,NA,NA,NA
3627,220302_Smp_SupernatBlk_2,"3-Sulfolactate, 13C3",NA,NA,NA,NA,NA,NA,NA
3628,220302_Smp_SupernatBlk_3,"3-Sulfolactate, 13C3",NA,NA,NA,NA,NA,NA,NA
3629,220302_Smp_SWBlk_1,"3-Sulfolactate, 13C3",NA,NA,NA,NA,NA,NA,NA
3630,220302_Smp_SWBlk_2,"3-Sulfolactate, 13C3",NA,NA,NA,NA,NA,NA,NA
3631,220302_Smp_SWBlk_3,"3-Sulfolactate, 13C3",NA,NA,NA,NA,NA,NA,NA
3632,220302_Smp_OBi1_1,"3-Sulfolactate, 13C3",13.02,34879,0,27262,6.7,"ppm_flag, areamin_flag, blank_flag",NA
3633,220302_Smp_OBi1_2,"3-Sulfolactate, 13C3",NA,NA,NA,NA,NA,NA,NA
3634,220302_Smp_OBi1_3,"3-Sulfolactate, 13C3",NA,NA,NA,NA,NA,NA,NA
3635,220302_Smp_OBi1_4,"3-Sulfolactate, 13C3",NA,NA,NA,NA,NA,NA,NA
3636,220302_Smp_OBi1_5,"3-Sulfolactate, 13C3",NA,NA,NA,NA,NA,NA,NA
3637,220302_Smp_OBi1_6,"3-Sulfolactate, 13C3",NA,NA,NA,NA,NA,NA,NA
3638,220302_Smp_OBi1_7,"3-Sulfolactate, 13C3",NA,NA,NA,NA,NA,NA,NA
3639,220302_Smp_OBi1_8,"3-Sulfolactate, 13C3",NA,NA,NA,NA,NA,NA,NA
3640,220302_Smp_OBi1_9,"3-Sulfolactate, 13C3",NA,NA,NA,NA,NA,NA,NA
3641,220302_Smp_OBi1small_1,"3-Sulfolactate, 13C3",NA,NA,NA,NA,NA,NA,NA
3642,220302_Smp_OBi1small_2,"3-Sulfolactate, 13C3",NA,NA,NA,NA,NA,NA,NA
3643,220302_Smp_OBi1small_3,"3-Sulfolactate, 13C3",NA,NA,NA,NA,NA,NA,NA
3644,220302_Smp_OBi1small_4,"3-Sulfolactate, 13C3",NA,NA,NA,NA,NA,NA,NA
3645,220302_Smp_RWi2_1,"3-Sulfolactate, 13C3",NA,NA,NA,NA,NA,NA,NA
3646,220302_Smp_RWi2_2,"3-Sulfolactate, 13C3",NA,NA,NA,NA,NA,NA,NA
3647,220302_Smp_RWi2_3,"3-Sulfolactate, 13C3",NA,NA,NA,NA,NA,NA,NA
3648,220302_Smp_RWi2_4,"3-Sulfolactate, 13C3",NA,NA,NA,NA,NA,NA,NA
3649,220302_Smp_RWi2_5,"3-Sulfolactate, 13C3",NA,NA,NA,NA,NA,NA,NA
3650,220302_Smp_RWi2_6,"3-Sulfolactate, 13C3",NA,NA,NA,NA,NA,NA,NA
3651,220302_Std_4uMStdsMix1InH2O_1,"AMP, 15N5",NA,NA,NA,NA,NA,NA,NA
3652,220302_Std_4uMStdsMix1InH2O_2,"AMP, 15N5",NA,NA,NA,NA,NA,NA,NA
3653,220302_Std_4uMStdsMix1InMatrix_1,"AMP, 15N5",11.2,114772528,0,7371815,0.9,blank_flag,NA
3654,220302_Std_4uMStdsMix1InMatrix_2,"AMP, 15N5",10.43,173027376,0,8299506,1.1,blank_flag,NA
3655,220302_Std_4uMStdsMix2InH2O_1,"AMP, 15N5",NA,NA,NA,NA,NA,NA,NA
3656,220302_Std_4uMStdsMix2InH2O_2,"AMP, 15N5",NA,NA,NA,NA,NA,NA,NA
3657,220302_Std_4uMStdsMix2InMatrix_1,"AMP, 15N5",11.18,117711096,0,7213551,0.8,blank_flag,NA
3658,220302_Std_4uMStdsMix2InMatrix_2,"AMP, 15N5",10.42,175048064,0,8995480,1.2,blank_flag,NA
3659,220302_Std_H2OinMatrix_1,"AMP, 15N5",11.24,92238848,0,5641898,0.7,blank_flag,NA
3660,220302_Std_H2OinMatrix_2,"AMP, 15N5",10.51,170210624,0,7980625,1.1,blank_flag,NA
3661,220302_Poo_TruePooBacteria_Full1,"AMP, 15N5",11.05,175790592,0,9401533,1.3,blank_flag,NA
3662,220302_Poo_TruePooBacteria_Full2,"AMP, 15N5",10.97,198824144,0,11513433,1.4,blank_flag,NA
3663,220302_Poo_TruePooBacteria_Full3,"AMP, 15N5",10.64,256663616,0,13153368,1.6,blank_flag,NA
3664,220302_Poo_TruePooBacteria_Half1,"AMP, 15N5",11.06,95914736,513806,5418650,1.3,blank_flag,NA
3665,220302_Poo_TruePooBacteria_Half2,"AMP, 15N5",10.94,107288688,0,5371301,1.5,blank_flag,NA
3666,220302_Poo_TruePooBacteria_Half3,"AMP, 15N5",10.62,125668496,0,6105818,1.7,blank_flag,NA
3667,220302_Smp_MQBlk1_A,"AMP, 15N5",11.15,165641136,518866,10593730,1,blank_flag,NA
3668,220302_Smp_MQBlk1_B,"AMP, 15N5",11.15,184908656,0,11739220,1,blank_flag,NA
3669,220302_Smp_MQBlk1_C,"AMP, 15N5",11.13,189311024,0,11792295,0.9,blank_flag,NA
3670,220302_Smp_MQBlk2_A,"AMP, 15N5",10.99,156809728,971578,8800569,1.4,blank_flag,NA
3671,220302_Smp_MQBlk2_B,"AMP, 15N5",10.85,249971216,0,11788445,1.4,blank_flag,NA
3672,220302_Smp_MQBlk2_C,"AMP, 15N5",10.84,219830720,0,11402140,1.2,blank_flag,NA
3673,220302_Smp_MQBlk3_A,"AMP, 15N5",10.65,287566560,0,13086990,1.8,blank_flag,NA
3674,220302_Smp_MQBlk3_B,"AMP, 15N5",10.63,311201280,0,14199601,1.7,blank_flag,NA
3675,220302_Smp_MQBlk3_C,"AMP, 15N5",10.58,313352224,0,15124370,1.7,blank_flag,NA
3676,220302_Smp_SupernatBlk_1,"AMP, 15N5",10.96,236280672,0,13659526,1.7,blank_flag,NA
3677,220302_Smp_SupernatBlk_2,"AMP, 15N5",10.76,256432800,0,12167563,1.5,blank_flag,NA
3678,220302_Smp_SupernatBlk_3,"AMP, 15N5",10.76,273056384,1151206,13238272,1.5,blank_flag,NA
3679,220302_Smp_SWBlk_1,"AMP, 15N5",11.16,181926496,1010311,10729871,1.6,blank_flag,NA
3680,220302_Smp_SWBlk_2,"AMP, 15N5",10.93,186765072,0,9342705,1.7,blank_flag,NA
3681,220302_Smp_SWBlk_3,"AMP, 15N5",11.06,168712928,0,9875317,1.3,blank_flag,NA
3682,220302_Smp_OBi1_1,"AMP, 15N5",10.96,230893536,0,13945681,1.9,blank_flag,NA
3683,220302_Smp_OBi1_2,"AMP, 15N5",10.75,268360864,0,12383562,1.3,blank_flag,NA
3684,220302_Smp_OBi1_3,"AMP, 15N5",10.67,293988608,814238,14035063,1.5,blank_flag,NA
3685,220302_Smp_OBi1_4,"AMP, 15N5",10.96,131010416,0,7440492,2,blank_flag,NA
3686,220302_Smp_OBi1_5,"AMP, 15N5",11.21,151285632,0,9441068,2,blank_flag,NA
3687,220302_Smp_OBi1_6,"AMP, 15N5",10.98,218993264,515793,11660083,1.8,blank_flag,NA
3688,220302_Smp_OBi1_7,"AMP, 15N5",10.75,260002592,0,12613328,1.6,blank_flag,NA
3689,220302_Smp_OBi1_8,"AMP, 15N5",10.9,176181360,0,9838745,1.2,blank_flag,NA
3690,220302_Smp_OBi1_9,"AMP, 15N5",10.86,280722624,0,14118513,2,blank_flag,NA
3691,220302_Smp_OBi1small_1,"AMP, 15N5",11.16,142717264,0,8769987,2.2,blank_flag,NA
3692,220302_Smp_OBi1small_2,"AMP, 15N5",10.83,213043104,0,10302683,1.5,blank_flag,NA
3693,220302_Smp_OBi1small_3,"AMP, 15N5",11.17,157072720,1823062,10015695,0.7,blank_flag,NA
3694,220302_Smp_OBi1small_4,"AMP, 15N5",10.89,254786576,0,12985541,1.9,blank_flag,NA
3695,220302_Smp_RWi2_1,"AMP, 15N5",11.18,149349568,464649,9688545,1.6,blank_flag,NA
3696,220302_Smp_RWi2_2,"AMP, 15N5",10.77,271981888,0,13032430,1.7,blank_flag,NA
3697,220302_Smp_RWi2_3,"AMP, 15N5",10.77,239324336,0,11124755,1.5,blank_flag,NA
3698,220302_Smp_RWi2_4,"AMP, 15N5",10.9,225613232,2806840,12696571,1.5,blank_flag,NA
3699,220302_Smp_RWi2_5,"AMP, 15N5",10.98,161158048,0,9269320,1.5,blank_flag,NA
3700,220302_Smp_RWi2_6,"AMP, 15N5",10.95,201857024,0,11233357,1,blank_flag,NA
3701,220302_Std_4uMStdsMix1InH2O_1,"GMP, 15N5",NA,NA,NA,NA,NA,NA,NA
3702,220302_Std_4uMStdsMix1InH2O_2,"GMP, 15N5",NA,NA,NA,NA,NA,NA,NA
3703,220302_Std_4uMStdsMix1InMatrix_1,"GMP, 15N5",NA,NA,NA,NA,NA,NA,NA
3704,220302_Std_4uMStdsMix1InMatrix_2,"GMP, 15N5",NA,NA,NA,NA,NA,NA,NA
3705,220302_Std_4uMStdsMix2InH2O_1,"GMP, 15N5",NA,NA,NA,NA,NA,NA,NA
3706,220302_Std_4uMStdsMix2InH2O_2,"GMP, 15N5",NA,NA,NA,NA,NA,NA,NA
3707,220302_Std_4uMStdsMix2InMatrix_1,"GMP, 15N5",NA,NA,NA,NA,NA,NA,NA
3708,220302_Std_4uMStdsMix2InMatrix_2,"GMP, 15N5",NA,NA,NA,NA,NA,NA,NA
3709,220302_Std_H2OinMatrix_1,"GMP, 15N5",NA,NA,NA,NA,NA,NA,NA
3710,220302_Std_H2OinMatrix_2,"GMP, 15N5",NA,NA,NA,NA,NA,NA,NA
3711,220302_Poo_TruePooBacteria_Full1,"GMP, 15N5",NA,NA,NA,NA,NA,NA,NA
3712,220302_Poo_TruePooBacteria_Full2,"GMP, 15N5",13.99,101873,0,94834,-6,NA,101873
3713,220302_Poo_TruePooBacteria_Full3,"GMP, 15N5",NA,NA,NA,NA,NA,NA,NA
3714,220302_Poo_TruePooBacteria_Half1,"GMP, 15N5",NA,NA,NA,NA,NA,NA,NA
3715,220302_Poo_TruePooBacteria_Half2,"GMP, 15N5",14.79,112627,0,109421,0.4,NA,112627
3716,220302_Poo_TruePooBacteria_Half3,"GMP, 15N5",NA,NA,NA,NA,NA,NA,NA
3717,220302_Smp_MQBlk1_A,"GMP, 15N5",NA,NA,NA,NA,NA,NA,NA
3718,220302_Smp_MQBlk1_B,"GMP, 15N5",NA,NA,NA,NA,NA,NA,NA
3719,220302_Smp_MQBlk1_C,"GMP, 15N5",NA,NA,NA,NA,NA,NA,NA
3720,220302_Smp_MQBlk2_A,"GMP, 15N5",NA,NA,NA,NA,NA,NA,NA
3721,220302_Smp_MQBlk2_B,"GMP, 15N5",NA,NA,NA,NA,NA,NA,NA
3722,220302_Smp_MQBlk2_C,"GMP, 15N5",NA,NA,NA,NA,NA,NA,NA
3723,220302_Smp_MQBlk3_A,"GMP, 15N5",NA,NA,NA,NA,NA,NA,NA
3724,220302_Smp_MQBlk3_B,"GMP, 15N5",NA,NA,NA,NA,NA,NA,NA
3725,220302_Smp_MQBlk3_C,"GMP, 15N5",NA,NA,NA,NA,NA,NA,NA
3726,220302_Smp_SupernatBlk_1,"GMP, 15N5",14.23,82811,0,63461,3.4,NA,82811
3727,220302_Smp_SupernatBlk_2,"GMP, 15N5",NA,NA,NA,NA,NA,NA,NA
3728,220302_Smp_SupernatBlk_3,"GMP, 15N5",NA,NA,NA,NA,NA,NA,NA
3729,220302_Smp_SWBlk_1,"GMP, 15N5",NA,NA,NA,NA,NA,NA,NA
3730,220302_Smp_SWBlk_2,"GMP, 15N5",NA,NA,NA,NA,NA,NA,NA
3731,220302_Smp_SWBlk_3,"GMP, 15N5",NA,NA,NA,NA,NA,NA,NA
3732,220302_Smp_OBi1_1,"GMP, 15N5",14.58,67937,0,67294,-0.5,NA,67937
3733,220302_Smp_OBi1_2,"GMP, 15N5",NA,NA,NA,NA,NA,NA,NA
3734,220302_Smp_OBi1_3,"GMP, 15N5",NA,NA,NA,NA,NA,NA,NA
3735,220302_Smp_OBi1_4,"GMP, 15N5",NA,NA,NA,NA,NA,NA,NA
3736,220302_Smp_OBi1_5,"GMP, 15N5",NA,NA,NA,NA,NA,NA,NA
3737,220302_Smp_OBi1_6,"GMP, 15N5",NA,NA,NA,NA,NA,NA,NA
3738,220302_Smp_OBi1_7,"GMP, 15N5",13.67,94415,0,55976,-1.4,NA,94415
3739,220302_Smp_OBi1_8,"GMP, 15N5",NA,NA,NA,NA,NA,NA,NA
3740,220302_Smp_OBi1_9,"GMP, 15N5",NA,NA,NA,NA,NA,NA,NA
3741,220302_Smp_OBi1small_1,"GMP, 15N5",NA,NA,NA,NA,NA,NA,NA
3742,220302_Smp_OBi1small_2,"GMP, 15N5",NA,NA,NA,NA,NA,NA,NA
3743,220302_Smp_OBi1small_3,"GMP, 15N5",NA,NA,NA,NA,NA,NA,NA
3744,220302_Smp_OBi1small_4,"GMP, 15N5",NA,NA,NA,NA,NA,NA,NA
3745,220302_Smp_RWi2_1,"GMP, 15N5",NA,NA,NA,NA,NA,NA,NA
3746,220302_Smp_RWi2_2,"GMP, 15N5",NA,NA,NA,NA,NA,NA,NA
3747,220302_Smp_RWi2_3,"GMP, 15N5",NA,NA,NA,NA,NA,NA,NA
3748,220302_Smp_RWi2_4,"GMP, 15N5",14.55,81873,0,76741,7.7,"ppm_flag,",NA
3749,220302_Smp_RWi2_5,"GMP, 15N5",NA,NA,NA,NA,NA,NA,NA
3750,220302_Smp_RWi2_6,"GMP, 15N5",NA,NA,NA,NA,NA,NA,NA
3751,220302_Std_4uMStdsMix1InH2O_1,"Isethionic acid, 13C2",NA,NA,NA,NA,NA,NA,NA
3752,220302_Std_4uMStdsMix1InH2O_2,"Isethionic acid, 13C2",NA,NA,NA,NA,NA,NA,NA
3753,220302_Std_4uMStdsMix1InMatrix_1,"Isethionic acid, 13C2",NA,NA,NA,NA,NA,NA,NA
3754,220302_Std_4uMStdsMix1InMatrix_2,"Isethionic acid, 13C2",NA,NA,NA,NA,NA,NA,NA
3755,220302_Std_4uMStdsMix2InH2O_1,"Isethionic acid, 13C2",NA,NA,NA,NA,NA,NA,NA
3756,220302_Std_4uMStdsMix2InH2O_2,"Isethionic acid, 13C2",NA,NA,NA,NA,NA,NA,NA
3757,220302_Std_4uMStdsMix2InMatrix_1,"Isethionic acid, 13C2",NA,NA,NA,NA,NA,NA,NA
3758,220302_Std_4uMStdsMix2InMatrix_2,"Isethionic acid, 13C2",NA,NA,NA,NA,NA,NA,NA
3759,220302_Std_H2OinMatrix_1,"Isethionic acid, 13C2",NA,NA,NA,NA,NA,NA,NA
3760,220302_Std_H2OinMatrix_2,"Isethionic acid, 13C2",NA,NA,NA,NA,NA,NA,NA
3761,220302_Poo_TruePooBacteria_Full1,"Isethionic acid, 13C2",NA,NA,NA,NA,NA,NA,NA
3762,220302_Poo_TruePooBacteria_Full2,"Isethionic acid, 13C2",NA,NA,NA,NA,NA,NA,NA
3763,220302_Poo_TruePooBacteria_Full3,"Isethionic acid, 13C2",NA,NA,NA,NA,NA,NA,NA
3764,220302_Poo_TruePooBacteria_Half1,"Isethionic acid, 13C2",NA,NA,NA,NA,NA,NA,NA
3765,220302_Poo_TruePooBacteria_Half2,"Isethionic acid, 13C2",NA,NA,NA,NA,NA,NA,NA
3766,220302_Poo_TruePooBacteria_Half3,"Isethionic acid, 13C2",NA,NA,NA,NA,NA,NA,NA
3767,220302_Smp_MQBlk1_A,"Isethionic acid, 13C2",NA,NA,NA,NA,NA,NA,NA
3768,220302_Smp_MQBlk1_B,"Isethionic acid, 13C2",NA,NA,NA,NA,NA,NA,NA
3769,220302_Smp_MQBlk1_C,"Isethionic acid, 13C2",NA,NA,NA,NA,NA,NA,NA
3770,220302_Smp_MQBlk2_A,"Isethionic acid, 13C2",NA,NA,NA,NA,NA,NA,NA
3771,220302_Smp_MQBlk2_B,"Isethionic acid, 13C2",NA,NA,NA,NA,NA,NA,NA
3772,220302_Smp_MQBlk2_C,"Isethionic acid, 13C2",NA,NA,NA,NA,NA,NA,NA
3773,220302_Smp_MQBlk3_A,"Isethionic acid, 13C2",NA,NA,NA,NA,NA,NA,NA
3774,220302_Smp_MQBlk3_B,"Isethionic acid, 13C2",NA,NA,NA,NA,NA,NA,NA
3775,220302_Smp_MQBlk3_C,"Isethionic acid, 13C2",NA,NA,NA,NA,NA,NA,NA
3776,220302_Smp_SupernatBlk_1,"Isethionic acid, 13C2",NA,NA,NA,NA,NA,NA,NA
3777,220302_Smp_SupernatBlk_2,"Isethionic acid, 13C2",NA,NA,NA,NA,NA,NA,NA
3778,220302_Smp_SupernatBlk_3,"Isethionic acid, 13C2",NA,NA,NA,NA,NA,NA,NA
3779,220302_Smp_SWBlk_1,"Isethionic acid, 13C2",NA,NA,NA,NA,NA,NA,NA
3780,220302_Smp_SWBlk_2,"Isethionic acid, 13C2",NA,NA,NA,NA,NA,NA,NA
3781,220302_Smp_SWBlk_3,"Isethionic acid, 13C2",NA,NA,NA,NA,NA,NA,NA
3782,220302_Smp_OBi1_1,"Isethionic acid, 13C2",NA,NA,NA,NA,NA,NA,NA
3783,220302_Smp_OBi1_2,"Isethionic acid, 13C2",NA,NA,NA,NA,NA,NA,NA
3784,220302_Smp_OBi1_3,"Isethionic acid, 13C2",NA,NA,NA,NA,NA,NA,NA
3785,220302_Smp_OBi1_4,"Isethionic acid, 13C2",NA,NA,NA,NA,NA,NA,NA
3786,220302_Smp_OBi1_5,"Isethionic acid, 13C2",NA,NA,NA,NA,NA,NA,NA
3787,220302_Smp_OBi1_6,"Isethionic acid, 13C2",NA,NA,NA,NA,NA,NA,NA
3788,220302_Smp_OBi1_7,"Isethionic acid, 13C2",NA,NA,NA,NA,NA,NA,NA
3789,220302_Smp_OBi1_8,"Isethionic acid, 13C2",NA,NA,NA,NA,NA,NA,NA
3790,220302_Smp_OBi1_9,"Isethionic acid, 13C2",NA,NA,NA,NA,NA,NA,NA
3791,220302_Smp_OBi1small_1,"Isethionic acid, 13C2",NA,NA,NA,NA,NA,NA,NA
3792,220302_Smp_OBi1small_2,"Isethionic acid, 13C2",NA,NA,NA,NA,NA,NA,NA
3793,220302_Smp_OBi1small_3,"Isethionic acid, 13C2",7.41,52567,0,45213,-3.1,NA,52567
3794,220302_Smp_OBi1small_4,"Isethionic acid, 13C2",NA,NA,NA,NA,NA,NA,NA
3795,220302_Smp_RWi2_1,"Isethionic acid, 13C2",NA,NA,NA,NA,NA,NA,NA
3796,220302_Smp_RWi2_2,"Isethionic acid, 13C2",NA,NA,NA,NA,NA,NA,NA
3797,220302_Smp_RWi2_3,"Isethionic acid, 13C2",NA,NA,NA,NA,NA,NA,NA
3798,220302_Smp_RWi2_4,"Isethionic acid, 13C2",NA,NA,NA,NA,NA,NA,NA
3799,220302_Smp_RWi2_5,"Isethionic acid, 13C2",NA,NA,NA,NA,NA,NA,NA
3800,220302_Smp_RWi2_6,"Isethionic acid, 13C2",NA,NA,NA,NA,NA,NA,NA
3801,220302_Std_4uMStdsMix1InH2O_1,"L-Cysteic acid, 2H3",NA,NA,NA,NA,NA,NA,NA
3802,220302_Std_4uMStdsMix1InH2O_2,"L-Cysteic acid, 2H3",NA,NA,NA,NA,NA,NA,NA
3803,220302_Std_4uMStdsMix1InMatrix_1,"L-Cysteic acid, 2H3",12.23,32811190,0,2871002,-2.8,blank_flag,NA
3804,220302_Std_4uMStdsMix1InMatrix_2,"L-Cysteic acid, 2H3",11.64,75254760,0,4664970,-2.8,blank_flag,NA
3805,220302_Std_4uMStdsMix2InH2O_1,"L-Cysteic acid, 2H3",NA,NA,NA,NA,NA,NA,NA
3806,220302_Std_4uMStdsMix2InH2O_2,"L-Cysteic acid, 2H3",NA,NA,NA,NA,NA,NA,NA
3807,220302_Std_4uMStdsMix2InMatrix_1,"L-Cysteic acid, 2H3",12.23,32212646,0,3039938,-2.9,blank_flag,NA
3808,220302_Std_4uMStdsMix2InMatrix_2,"L-Cysteic acid, 2H3",11.65,80651728,0,5092381,-2.9,blank_flag,NA
3809,220302_Std_H2OinMatrix_1,"L-Cysteic acid, 2H3",12.27,20971156,0,2007834,-2.9,blank_flag,NA
3810,220302_Std_H2OinMatrix_2,"L-Cysteic acid, 2H3",11.7,79589152,0,5096664,-2.9,blank_flag,NA
3811,220302_Poo_TruePooBacteria_Full1,"L-Cysteic acid, 2H3",12.19,48812440,0,4787275,-2.7,blank_flag,NA
3812,220302_Poo_TruePooBacteria_Full2,"L-Cysteic acid, 2H3",12.09,51874284,0,4439061,-2.2,blank_flag,NA
3813,220302_Poo_TruePooBacteria_Full3,"L-Cysteic acid, 2H3",11.81,127558840,0,10026120,-2.5,blank_flag,NA
3814,220302_Poo_TruePooBacteria_Half1,"L-Cysteic acid, 2H3",12.2,24897946,0,2279929,-2.8,blank_flag,NA
3815,220302_Poo_TruePooBacteria_Half2,"L-Cysteic acid, 2H3",12.06,28773492,0,2263720,-2.3,blank_flag,NA
3816,220302_Poo_TruePooBacteria_Half3,"L-Cysteic acid, 2H3",11.81,70869664,0,4880204,-2.3,blank_flag,NA
3817,220302_Smp_MQBlk1_A,"L-Cysteic acid, 2H3",12.23,44269632,0,4236371,-2.7,blank_flag,NA
3818,220302_Smp_MQBlk1_B,"L-Cysteic acid, 2H3",12.26,46124224,0,4499215,-2.8,blank_flag,NA
3819,220302_Smp_MQBlk1_C,"L-Cysteic acid, 2H3",12.2,49711724,0,4687894,-2.8,blank_flag,NA
3820,220302_Smp_MQBlk2_A,"L-Cysteic acid, 2H3",12.07,58305040,0,4880655,-2.6,blank_flag,NA
3821,220302_Smp_MQBlk2_B,"L-Cysteic acid, 2H3",12.06,62397252,0,4342245,-2.5,blank_flag,NA
3822,220302_Smp_MQBlk2_C,"L-Cysteic acid, 2H3",12.06,63878840,0,4357239,-2.8,blank_flag,NA
3823,220302_Smp_MQBlk3_A,"L-Cysteic acid, 2H3",12.01,162895936,0,8082721,-2,blank_flag,NA
3824,220302_Smp_MQBlk3_B,"L-Cysteic acid, 2H3",11.93,161643328,0,8233549,-1.8,blank_flag,NA
3825,220302_Smp_MQBlk3_C,"L-Cysteic acid, 2H3",11.9,160047344,0,9293902,-2.2,blank_flag,NA
3826,220302_Smp_SupernatBlk_1,"L-Cysteic acid, 2H3",12.12,51112028,0,4679790,-2.3,blank_flag,NA
3827,220302_Smp_SupernatBlk_2,"L-Cysteic acid, 2H3",11.98,81433272,0,5210943,-2.4,blank_flag,NA
3828,220302_Smp_SupernatBlk_3,"L-Cysteic acid, 2H3",11.93,92566752,0,6699494,-2.4,blank_flag,NA
3829,220302_Smp_SWBlk_1,"L-Cysteic acid, 2H3",12.24,35051548,0,2898160,-2,blank_flag,NA
3830,220302_Smp_SWBlk_2,"L-Cysteic acid, 2H3",12.07,54250796,0,4220684,-2.1,blank_flag,NA
3831,220302_Smp_SWBlk_3,"L-Cysteic acid, 2H3",12.19,42425360,0,3823044,-2.6,blank_flag,NA
3832,220302_Smp_OBi1_1,"L-Cysteic acid, 2H3",12.06,92037112,0,8087204,-1.7,blank_flag,NA
3833,220302_Smp_OBi1_2,"L-Cysteic acid, 2H3",11.95,89119072,0,5490223,-2.4,blank_flag,NA
3834,220302_Smp_OBi1_3,"L-Cysteic acid, 2H3",11.84,115958288,0,7416999,-2.8,blank_flag,NA
3835,220302_Smp_OBi1_4,"L-Cysteic acid, 2H3",12.12,49533532,0,4434102,-2,blank_flag,NA
3836,220302_Smp_OBi1_5,"L-Cysteic acid, 2H3",12.29,36742232,0,3573483,-2.1,blank_flag,NA
3837,220302_Smp_OBi1_6,"L-Cysteic acid, 2H3",12.1,51305476,0,4858917,-1.8,blank_flag,NA
3838,220302_Smp_OBi1_7,"L-Cysteic acid, 2H3",11.9,86915848,0,5389641,-2.4,blank_flag,NA
3839,220302_Smp_OBi1_8,"L-Cysteic acid, 2H3",12.03,66962264,0,5511706,-2.7,blank_flag,NA
3840,220302_Smp_OBi1_9,"L-Cysteic acid, 2H3",12.04,92865856,0,6701500,-2.4,blank_flag,NA
3841,220302_Smp_OBi1small_1,"L-Cysteic acid, 2H3",12.24,34541664,283053,3193544,-1.9,blank_flag,NA
3842,220302_Smp_OBi1small_2,"L-Cysteic acid, 2H3",12,68238656,0,5332806,-2.1,blank_flag,NA
3843,220302_Smp_OBi1small_3,"L-Cysteic acid, 2H3",12.22,33941140,0,3415966,-2.3,blank_flag,NA
3844,220302_Smp_OBi1small_4,"L-Cysteic acid, 2H3",12.04,99829224,0,7198683,-2.1,blank_flag,NA
3845,220302_Smp_RWi2_1,"L-Cysteic acid, 2H3",12.26,34162028,0,3513227,-2.2,blank_flag,NA
3846,220302_Smp_RWi2_2,"L-Cysteic acid, 2H3",11.95,102281168,0,7223440,-2.3,blank_flag,NA
3847,220302_Smp_RWi2_3,"L-Cysteic acid, 2H3",11.95,71439552,0,4503876,-2.3,blank_flag,NA
3848,220302_Smp_RWi2_4,"L-Cysteic acid, 2H3",12.04,98419968,0,7511604,-1.9,blank_flag,NA
3849,220302_Smp_RWi2_5,"L-Cysteic acid, 2H3",12.13,44570352,0,3952044,-2,blank_flag,NA
3850,220302_Smp_RWi2_6,"L-Cysteic acid, 2H3",12.12,43214284,0,3558842,-2.7,blank_flag,NA
3851,220302_Std_4uMStdsMix1InH2O_1,"Succinic acid, 2H4",NA,NA,NA,NA,NA,NA,NA
3852,220302_Std_4uMStdsMix1InH2O_2,"Succinic acid, 2H4",NA,NA,NA,NA,NA,NA,NA
3853,220302_Std_4uMStdsMix1InMatrix_1,"Succinic acid, 2H4",12.21,113929616,730093,11603921,-5.6,blank_flag,NA
3854,220302_Std_4uMStdsMix1InMatrix_2,"Succinic acid, 2H4",11.71,116562752,0,8665943,-4.5,blank_flag,NA
3855,220302_Std_4uMStdsMix2InH2O_1,"Succinic acid, 2H4",NA,NA,NA,NA,NA,NA,NA
3856,220302_Std_4uMStdsMix2InH2O_2,"Succinic acid, 2H4",NA,NA,NA,NA,NA,NA,NA
3857,220302_Std_4uMStdsMix2InMatrix_1,"Succinic acid, 2H4",12.23,106434056,0,9482355,-5.5,blank_flag,NA
3858,220302_Std_4uMStdsMix2InMatrix_2,"Succinic acid, 2H4",11.71,115055528,0,8319005,-4.5,blank_flag,NA
3859,220302_Std_H2OinMatrix_1,"Succinic acid, 2H4",12.23,97699712,609709,9869107,-5.8,blank_flag,NA
3860,220302_Std_H2OinMatrix_2,"Succinic acid, 2H4",11.73,116733952,1547680,8721697,-4.6,blank_flag,NA
3861,220302_Poo_TruePooBacteria_Full1,"Succinic acid, 2H4",12.16,194150000,2353989,19404492,-4.6,blank_flag,NA
3862,220302_Poo_TruePooBacteria_Full2,"Succinic acid, 2H4",12.06,218525840,2608578,21376822,-5.3,blank_flag,NA
3863,220302_Poo_TruePooBacteria_Full3,"Succinic acid, 2H4",11.82,220045648,1780798,19582606,-4.3,blank_flag,NA
3864,220302_Poo_TruePooBacteria_Half1,"Succinic acid, 2H4",12.13,92336960,0,8309723,-4.6,blank_flag,NA
3865,220302_Poo_TruePooBacteria_Half2,"Succinic acid, 2H4",12.07,103137712,995107,10493197,-4.8,blank_flag,NA
3866,220302_Poo_TruePooBacteria_Half3,"Succinic acid, 2H4",11.82,107462016,0,8339556,-4.2,blank_flag,NA
3867,220302_Smp_MQBlk1_A,"Succinic acid, 2H4",12.19,151711152,665620,16002771,-4.2,blank_flag,NA
3868,220302_Smp_MQBlk1_B,"Succinic acid, 2H4",12.21,158198208,1183667,16504593,-4.5,blank_flag,NA
3869,220302_Smp_MQBlk1_C,"Succinic acid, 2H4",12.18,167117216,1726993,17243698,-4.6,blank_flag,NA
3870,220302_Smp_MQBlk2_A,"Succinic acid, 2H4",12.04,220943968,520576,20875736,-5.1,blank_flag,NA
3871,220302_Smp_MQBlk2_B,"Succinic acid, 2H4",12.06,219016624,1509113,17721026,-5.1,blank_flag,NA
3872,220302_Smp_MQBlk2_C,"Succinic acid, 2H4",12.01,212184128,1012673,18013162,-5.1,blank_flag,NA
3873,220302_Smp_MQBlk3_A,"Succinic acid, 2H4",11.86,223720368,0,16289874,-4.8,blank_flag,NA
3874,220302_Smp_MQBlk3_B,"Succinic acid, 2H4",11.83,235709296,0,17422448,-5,blank_flag,NA
3875,220302_Smp_MQBlk3_C,"Succinic acid, 2H4",11.82,186611248,0,13326805,-3.9,blank_flag,NA
3876,220302_Smp_SupernatBlk_1,"Succinic acid, 2H4",12.09,221635744,1560724,22293316,-4.5,blank_flag,NA
3877,220302_Smp_SupernatBlk_2,"Succinic acid, 2H4",11.92,185800832,0,13155519,-4.2,blank_flag,NA
3878,220302_Smp_SupernatBlk_3,"Succinic acid, 2H4",11.93,208428384,536868,17608182,-4.3,blank_flag,NA
3879,220302_Smp_SWBlk_1,"Succinic acid, 2H4",12.21,203239136,1154408,20492728,-4.5,blank_flag,NA
3880,220302_Smp_SWBlk_2,"Succinic acid, 2H4",12.02,192291296,0,18750958,-4.4,blank_flag,NA
3881,220302_Smp_SWBlk_3,"Succinic acid, 2H4",12.16,191178256,2381291,19165430,-4.6,blank_flag,NA
3882,220302_Smp_OBi1_1,"Succinic acid, 2H4",12.06,228779600,1951136,22479972,-4.7,blank_flag,NA
3883,220302_Smp_OBi1_2,"Succinic acid, 2H4",11.92,222921696,0,15797893,-4.4,blank_flag,NA
3884,220302_Smp_OBi1_3,"Succinic acid, 2H4",11.87,191791872,0,13930248,-4.3,blank_flag,NA
3885,220302_Smp_OBi1_4,"Succinic acid, 2H4",12.09,169094048,1811922,17777004,-5,blank_flag,NA
3886,220302_Smp_OBi1_5,"Succinic acid, 2H4",12.24,212300752,0,22751314,-4.9,blank_flag,NA
3887,220302_Smp_OBi1_6,"Succinic acid, 2H4",12.07,231895456,3011746,24359448,-4.9,blank_flag,NA
3888,220302_Smp_OBi1_7,"Succinic acid, 2H4",11.9,230875760,0,16060665,-4.4,blank_flag,NA
3889,220302_Smp_OBi1_8,"Succinic acid, 2H4",12.03,223385088,0,21085534,-5.3,blank_flag,NA
3890,220302_Smp_OBi1_9,"Succinic acid, 2H4",12.09,204339008,2371433,16440464,-3.9,blank_flag,NA
3891,220302_Smp_OBi1small_1,"Succinic acid, 2H4",12.24,208416496,518823,21543582,-4.8,blank_flag,NA
3892,220302_Smp_OBi1small_2,"Succinic acid, 2H4",11.95,239311536,731176,19360396,-5.2,blank_flag,NA
3893,220302_Smp_OBi1small_3,"Succinic acid, 2H4",12.16,162554016,0,17141362,-4.7,blank_flag,NA
3894,220302_Smp_OBi1small_4,"Succinic acid, 2H4",12.01,230393920,3036418,19040546,-4.1,blank_flag,NA
3895,220302_Smp_RWi2_1,"Succinic acid, 2H4",12.19,170181536,0,17945000,-4.2,blank_flag,NA
3896,220302_Smp_RWi2_2,"Succinic acid, 2H4",11.93,227792560,0,18460564,-4.3,blank_flag,NA
3897,220302_Smp_RWi2_3,"Succinic acid, 2H4",11.97,173452224,1889770,12982074,-4,blank_flag,NA
3898,220302_Smp_RWi2_4,"Succinic acid, 2H4",12.04,232978560,1619464,21624402,-4.6,blank_flag,NA
3899,220302_Smp_RWi2_5,"Succinic acid, 2H4",12.09,208232656,0,20614188,-4.8,blank_flag,NA
3900,220302_Smp_RWi2_6,"Succinic acid, 2H4",12.07,213438784,876654,20746610,-5.4,blank_flag,NA
3901,220302_Std_4uMStdsMix1InH2O_1,"Sucrose, 13C",NA,NA,NA,NA,NA,NA,NA
3902,220302_Std_4uMStdsMix1InH2O_2,"Sucrose, 13C",NA,NA,NA,NA,NA,NA,NA
3903,220302_Std_4uMStdsMix1InMatrix_1,"Sucrose, 13C",12.44,172016112,0,12870521,0.1,blank_flag,NA
3904,220302_Std_4uMStdsMix1InMatrix_2,"Sucrose, 13C",12.42,188764288,1032056,14353936,0.1,blank_flag,NA
3905,220302_Std_4uMStdsMix2InH2O_1,"Sucrose, 13C",NA,NA,NA,NA,NA,NA,NA
3906,220302_Std_4uMStdsMix2InH2O_2,"Sucrose, 13C",NA,NA,NA,NA,NA,NA,NA
3907,220302_Std_4uMStdsMix2InMatrix_1,"Sucrose, 13C",12.44,178630528,0,13916687,0.3,blank_flag,NA
3908,220302_Std_4uMStdsMix2InMatrix_2,"Sucrose, 13C",12.4,181710448,0,12530407,0.3,blank_flag,NA
3909,220302_Std_H2OinMatrix_1,"Sucrose, 13C",12.41,152699040,0,11773944,-0.2,blank_flag,NA
3910,220302_Std_H2OinMatrix_2,"Sucrose, 13C",12.42,208150464,0,14887108,0,blank_flag,NA
3911,220302_Poo_TruePooBacteria_Full1,"Sucrose, 13C",12.41,275173504,2053512,20295446,0.2,blank_flag,NA
3912,220302_Poo_TruePooBacteria_Full2,"Sucrose, 13C",12.41,269934848,0,19619506,0.6,blank_flag,NA
3913,220302_Poo_TruePooBacteria_Full3,"Sucrose, 13C",12.42,330024800,3399124,24927016,0.4,blank_flag,NA
3914,220302_Poo_TruePooBacteria_Half1,"Sucrose, 13C",12.4,141047408,0,10401641,0.1,blank_flag,NA
3915,220302_Poo_TruePooBacteria_Half2,"Sucrose, 13C",12.43,147691328,0,10976202,0.4,blank_flag,NA
3916,220302_Poo_TruePooBacteria_Half3,"Sucrose, 13C",12.42,169151584,0,13005965,0.6,blank_flag,NA
3917,220302_Smp_MQBlk1_A,"Sucrose, 13C",12.46,274010432,2570556,21133608,0.1,blank_flag,NA
3918,220302_Smp_MQBlk1_B,"Sucrose, 13C",12.43,266803200,868542,20436290,0,blank_flag,NA
3919,220302_Smp_MQBlk1_C,"Sucrose, 13C",12.41,280991872,47265,21269332,-0.1,blank_flag,NA
3920,220302_Smp_MQBlk2_A,"Sucrose, 13C",12.41,287122688,0,22357874,0.7,blank_flag,NA
3921,220302_Smp_MQBlk2_B,"Sucrose, 13C",12.43,291854176,1798219,21310402,0.8,blank_flag,NA
3922,220302_Smp_MQBlk2_C,"Sucrose, 13C",12.4,291982784,0,20334772,0.7,blank_flag,NA
3923,220302_Smp_MQBlk3_A,"Sucrose, 13C",12.41,291399904,0,22002816,1.1,blank_flag,NA
3924,220302_Smp_MQBlk3_B,"Sucrose, 13C",12.4,309171968,0,22616512,1,blank_flag,NA
3925,220302_Smp_MQBlk3_C,"Sucrose, 13C",12.4,316352384,0,23198940,0.8,blank_flag,NA
3926,220302_Smp_SupernatBlk_1,"Sucrose, 13C",12.44,285045792,505636,21154198,1.1,blank_flag,NA
3927,220302_Smp_SupernatBlk_2,"Sucrose, 13C",12.39,295266944,2084975,22002790,0.5,blank_flag,NA
3928,220302_Smp_SupernatBlk_3,"Sucrose, 13C",12.4,320611616,0,24698104,0.5,blank_flag,NA
3929,220302_Smp_SWBlk_1,"Sucrose, 13C",12.41,225697728,0,16235305,0.8,blank_flag,NA
3930,220302_Smp_SWBlk_2,"Sucrose, 13C",12.44,292897856,0,21469512,0.7,blank_flag,NA
3931,220302_Smp_SWBlk_3,"Sucrose, 13C",12.44,261115008,0,19650770,0.4,blank_flag,NA
3932,220302_Smp_OBi1_1,"Sucrose, 13C",12.43,331207936,1185522,25680692,0.9,blank_flag,NA
3933,220302_Smp_OBi1_2,"Sucrose, 13C",12.41,304633472,3073145,22127906,0.5,blank_flag,NA
3934,220302_Smp_OBi1_3,"Sucrose, 13C",12.43,337652736,3783520,24077772,0.5,blank_flag,NA
3935,220302_Smp_OBi1_4,"Sucrose, 13C",12.41,281250336,0,20833748,0.8,blank_flag,NA
3936,220302_Smp_OBi1_5,"Sucrose, 13C",12.41,233222192,0,17317364,1.4,blank_flag,NA
3937,220302_Smp_OBi1_6,"Sucrose, 13C",12.46,289979424,0,21496502,1.1,blank_flag,NA
3938,220302_Smp_OBi1_7,"Sucrose, 13C",12.42,302302752,0,21505266,0.4,blank_flag,NA
3939,220302_Smp_OBi1_8,"Sucrose, 13C",12.4,294166464,0,20951102,0.6,blank_flag,NA
3940,220302_Smp_OBi1_9,"Sucrose, 13C",12.42,329372000,3726522,24220100,1.1,blank_flag,NA
3941,220302_Smp_OBi1small_1,"Sucrose, 13C",12.41,240406032,151285,18766738,1.3,blank_flag,NA
3942,220302_Smp_OBi1small_2,"Sucrose, 13C",12.42,303970912,488546,21070872,0.7,blank_flag,NA
3943,220302_Smp_OBi1small_3,"Sucrose, 13C",12.41,235852864,0,18496496,0.2,blank_flag,NA
3944,220302_Smp_OBi1small_4,"Sucrose, 13C",12.4,338344480,1998105,24595692,1.5,blank_flag,NA
3945,220302_Smp_RWi2_1,"Sucrose, 13C",12.44,215365040,0,17397928,0.8,blank_flag,NA
3946,220302_Smp_RWi2_2,"Sucrose, 13C",12.4,306766912,680175,20994992,0.7,blank_flag,NA
3947,220302_Smp_RWi2_3,"Sucrose, 13C",12.4,294850912,0,20916012,0.5,blank_flag,NA
3948,220302_Smp_RWi2_4,"Sucrose, 13C",12.43,345809760,230753,26275826,1.3,blank_flag,NA
3949,220302_Smp_RWi2_5,"Sucrose, 13C",12.43,262201488,0,20360626,0.4,blank_flag,NA
3950,220302_Smp_RWi2_6,"Sucrose, 13C",12.45,267826128,2357936,20496288,0.4,blank_flag,NA
3951,220302_Std_4uMStdsMix1InH2O_1,"Sulfoacetic acid, 13C2",13.49,91240,0,75943,-1,blank_flag,NA
3952,220302_Std_4uMStdsMix1InH2O_2,"Sulfoacetic acid, 13C2",12.99,121730,0,92691,0.3,blank_flag,NA
3953,220302_Std_4uMStdsMix1InMatrix_1,"Sulfoacetic acid, 13C2",NA,NA,NA,NA,NA,NA,NA
3954,220302_Std_4uMStdsMix1InMatrix_2,"Sulfoacetic acid, 13C2",NA,NA,NA,NA,NA,NA,NA
3955,220302_Std_4uMStdsMix2InH2O_1,"Sulfoacetic acid, 13C2",NA,NA,NA,NA,NA,NA,NA
3956,220302_Std_4uMStdsMix2InH2O_2,"Sulfoacetic acid, 13C2",13.68,107001,0,59508,-1.2,blank_flag,NA
3957,220302_Std_4uMStdsMix2InMatrix_1,"Sulfoacetic acid, 13C2",13.43,92651,0,74605,-0.2,blank_flag,NA
3958,220302_Std_4uMStdsMix2InMatrix_2,"Sulfoacetic acid, 13C2",13.66,141258,0,98878,-1,blank_flag,NA
3959,220302_Std_H2OinMatrix_1,"Sulfoacetic acid, 13C2",NA,NA,NA,NA,NA,NA,NA
3960,220302_Std_H2OinMatrix_2,"Sulfoacetic acid, 13C2",NA,NA,NA,NA,NA,NA,NA
3961,220302_Poo_TruePooBacteria_Full1,"Sulfoacetic acid, 13C2",NA,NA,NA,NA,NA,NA,NA
3962,220302_Poo_TruePooBacteria_Full2,"Sulfoacetic acid, 13C2",NA,NA,NA,NA,NA,NA,NA
3963,220302_Poo_TruePooBacteria_Full3,"Sulfoacetic acid, 13C2",NA,NA,NA,NA,NA,NA,NA
3964,220302_Poo_TruePooBacteria_Half1,"Sulfoacetic acid, 13C2",NA,NA,NA,NA,NA,NA,NA
3965,220302_Poo_TruePooBacteria_Half2,"Sulfoacetic acid, 13C2",NA,NA,NA,NA,NA,NA,NA
3966,220302_Poo_TruePooBacteria_Half3,"Sulfoacetic acid, 13C2",NA,NA,NA,NA,NA,NA,NA
3967,220302_Smp_MQBlk1_A,"Sulfoacetic acid, 13C2",NA,NA,NA,NA,NA,NA,NA
3968,220302_Smp_MQBlk1_B,"Sulfoacetic acid, 13C2",NA,NA,NA,NA,NA,NA,NA
3969,220302_Smp_MQBlk1_C,"Sulfoacetic acid, 13C2",14.89,33848,0,18283,-3.9,"areamin_flag, blank_flag",NA
3970,220302_Smp_MQBlk2_A,"Sulfoacetic acid, 13C2",13.87,112520,0,98352,0,blank_flag,NA
3971,220302_Smp_MQBlk2_B,"Sulfoacetic acid, 13C2",NA,NA,NA,NA,NA,NA,NA
3972,220302_Smp_MQBlk2_C,"Sulfoacetic acid, 13C2",NA,NA,NA,NA,NA,NA,NA
3973,220302_Smp_MQBlk3_A,"Sulfoacetic acid, 13C2",NA,NA,NA,NA,NA,NA,NA
3974,220302_Smp_MQBlk3_B,"Sulfoacetic acid, 13C2",NA,NA,NA,NA,NA,NA,NA
3975,220302_Smp_MQBlk3_C,"Sulfoacetic acid, 13C2",NA,NA,NA,NA,NA,NA,NA
3976,220302_Smp_SupernatBlk_1,"Sulfoacetic acid, 13C2",NA,NA,NA,NA,NA,NA,NA
3977,220302_Smp_SupernatBlk_2,"Sulfoacetic acid, 13C2",NA,NA,NA,NA,NA,NA,NA
3978,220302_Smp_SupernatBlk_3,"Sulfoacetic acid, 13C2",NA,NA,NA,NA,NA,NA,NA
3979,220302_Smp_SWBlk_1,"Sulfoacetic acid, 13C2",13.2,82236,0,72261,1.3,blank_flag,NA
3980,220302_Smp_SWBlk_2,"Sulfoacetic acid, 13C2",NA,NA,NA,NA,NA,NA,NA
3981,220302_Smp_SWBlk_3,"Sulfoacetic acid, 13C2",NA,NA,NA,NA,NA,NA,NA
3982,220302_Smp_OBi1_1,"Sulfoacetic acid, 13C2",13.02,85298,0,66670,-0.3,blank_flag,NA
3983,220302_Smp_OBi1_2,"Sulfoacetic acid, 13C2",13.43,103318,0,82835,0,blank_flag,NA
3984,220302_Smp_OBi1_3,"Sulfoacetic acid, 13C2",14.51,107476,0,72303,-1.6,blank_flag,NA
3985,220302_Smp_OBi1_4,"Sulfoacetic acid, 13C2",12.93,106302,0,94687,-0.2,blank_flag,NA
3986,220302_Smp_OBi1_5,"Sulfoacetic acid, 13C2",NA,NA,NA,NA,NA,NA,NA
3987,220302_Smp_OBi1_6,"Sulfoacetic acid, 13C2",NA,NA,NA,NA,NA,NA,NA
3988,220302_Smp_OBi1_7,"Sulfoacetic acid, 13C2",NA,NA,NA,NA,NA,NA,NA
3989,220302_Smp_OBi1_8,"Sulfoacetic acid, 13C2",NA,NA,NA,NA,NA,NA,NA
3990,220302_Smp_OBi1_9,"Sulfoacetic acid, 13C2",NA,NA,NA,NA,NA,NA,NA
3991,220302_Smp_OBi1small_1,"Sulfoacetic acid, 13C2",NA,NA,NA,NA,NA,NA,NA
3992,220302_Smp_OBi1small_2,"Sulfoacetic acid, 13C2",NA,NA,NA,NA,NA,NA,NA
3993,220302_Smp_OBi1small_3,"Sulfoacetic acid, 13C2",NA,NA,NA,NA,NA,NA,NA
3994,220302_Smp_OBi1small_4,"Sulfoacetic acid, 13C2",NA,NA,NA,NA,NA,NA,NA
3995,220302_Smp_RWi2_1,"Sulfoacetic acid, 13C2",NA,NA,NA,NA,NA,NA,NA
3996,220302_Smp_RWi2_2,"Sulfoacetic acid, 13C2",NA,NA,NA,NA,NA,NA,NA
3997,220302_Smp_RWi2_3,"Sulfoacetic acid, 13C2",NA,NA,NA,NA,NA,NA,NA
3998,220302_Smp_RWi2_4,"Sulfoacetic acid, 13C2",14.52,94939,0,90194,2.1,blank_flag,NA
3999,220302_Smp_RWi2_5,"Sulfoacetic acid, 13C2",NA,NA,NA,NA,NA,NA,NA
4000,220302_Smp_RWi2_6,"Sulfoacetic acid, 13C2",NA,NA,NA,NA,NA,NA,NA
4001,220302_Std_4uMStdsMix1InH2O_1,"Taurine, 2H4",11.41,8213548,3188543,697807,6.5,"sn_flag, ppm_flag, blank_flag",NA
4002,220302_Std_4uMStdsMix1InH2O_2,"Taurine, 2H4",10.44,34411976,0,1553796,7.6,"ppm_flag, blank_flag",NA
4003,220302_Std_4uMStdsMix1InMatrix_1,"Taurine, 2H4",10.19,49417384,452492,3922165,-4.3,blank_flag,NA
4004,220302_Std_4uMStdsMix1InMatrix_2,"Taurine, 2H4",8.98,70915512,3226850,5003061,-4.9,blank_flag,NA
4005,220302_Std_4uMStdsMix2InH2O_1,"Taurine, 2H4",NA,NA,NA,NA,NA,NA,NA
4006,220302_Std_4uMStdsMix2InH2O_2,"Taurine, 2H4",NA,NA,NA,NA,NA,NA,NA
4007,220302_Std_4uMStdsMix2InMatrix_1,"Taurine, 2H4",10.24,34203084,0,2675686,-4.3,blank_flag,NA
4008,220302_Std_4uMStdsMix2InMatrix_2,"Taurine, 2H4",9.01,59246776,153983,3988990,-4.8,blank_flag,NA
4009,220302_Std_H2OinMatrix_1,"Taurine, 2H4",10.25,39012756,239757,3218968,-4.6,blank_flag,NA
4010,220302_Std_H2OinMatrix_2,"Taurine, 2H4",9.08,75040200,300242,5201208,-5,blank_flag,NA
4011,220302_Poo_TruePooBacteria_Full1,"Taurine, 2H4",10.05,90475872,656597,6710262,-4.6,blank_flag,NA
4012,220302_Poo_TruePooBacteria_Full2,"Taurine, 2H4",9.9,83329680,35839,6113436,-4.4,blank_flag,NA
4013,220302_Poo_TruePooBacteria_Full3,"Taurine, 2H4",9.36,118904760,49275,7820667,-4.7,blank_flag,NA
4014,220302_Poo_TruePooBacteria_Half1,"Taurine, 2H4",10.04,51091752,0,3762446,-4.7,blank_flag,NA
4015,220302_Poo_TruePooBacteria_Half2,"Taurine, 2H4",9.81,43583916,0,2928111,-4.3,blank_flag,NA
4016,220302_Poo_TruePooBacteria_Half3,"Taurine, 2H4",9.26,60374944,0,4367142,-4.6,blank_flag,NA
4017,220302_Smp_MQBlk1_A,"Taurine, 2H4",10.19,78193728,0,6318080,-5,blank_flag,NA
4018,220302_Smp_MQBlk1_B,"Taurine, 2H4",10.12,85246256,0,6678185,-4.9,blank_flag,NA
4019,220302_Smp_MQBlk1_C,"Taurine, 2H4",10.12,84825224,0,6209340,-5,blank_flag,NA
4020,220302_Smp_MQBlk2_A,"Taurine, 2H4",9.86,83560008,0,6508570,-4.2,blank_flag,NA
4021,220302_Smp_MQBlk2_B,"Taurine, 2H4",9.84,81110720,0,5790962,-4,blank_flag,NA
4022,220302_Smp_MQBlk2_C,"Taurine, 2H4",9.73,81353576,0,5435161,-4,blank_flag,NA
4023,220302_Smp_MQBlk3_A,"Taurine, 2H4",9.38,89835464,0,6472353,-3.8,blank_flag,NA
4024,220302_Smp_MQBlk3_B,"Taurine, 2H4",9.36,100283376,84835,7019777,-4.2,blank_flag,NA
4025,220302_Smp_MQBlk3_C,"Taurine, 2H4",9.28,108340712,0,7463959,-4.5,blank_flag,NA
4026,220302_Smp_SupernatBlk_1,"Taurine, 2H4",9.95,83330112,747451,6913359,-4,blank_flag,NA
4027,220302_Smp_SupernatBlk_2,"Taurine, 2H4",9.61,106028992,234556,7409626,-4.8,blank_flag,NA
4028,220302_Smp_SupernatBlk_3,"Taurine, 2H4",9.61,117083664,343276,7930303,-4.7,blank_flag,NA
4029,220302_Smp_SWBlk_1,"Taurine, 2H4",10.18,85940440,0,5953425,-4.3,blank_flag,NA
4030,220302_Smp_SWBlk_2,"Taurine, 2H4",9.84,84768368,0,6047873,-4.3,blank_flag,NA
4031,220302_Smp_SWBlk_3,"Taurine, 2H4",10.07,83884480,124623,6207523,-4.7,blank_flag,NA
4032,220302_Smp_OBi1_1,"Taurine, 2H4",9.83,98837376,296100,7436124,-3.7,blank_flag,NA
4033,220302_Smp_OBi1_2,"Taurine, 2H4",9.5,120030824,512199,8062763,-4.8,blank_flag,NA
4034,220302_Smp_OBi1_3,"Taurine, 2H4",9.41,120947568,21263,8016071,-4.9,blank_flag,NA
4035,220302_Smp_OBi1_4,"Taurine, 2H4",9.96,88876456,0,6641071,-4.1,blank_flag,NA
4036,220302_Smp_OBi1_5,"Taurine, 2H4",10.29,73755560,55400,5674252,-4,blank_flag,NA
4037,220302_Smp_OBi1_6,"Taurine, 2H4",9.88,83101240,0,5872590,-4,blank_flag,NA
4038,220302_Smp_OBi1_7,"Taurine, 2H4",9.5,124764608,644363,8094333,-4.6,blank_flag,NA
4039,220302_Smp_OBi1_8,"Taurine, 2H4",9.72,83217400,158667,5909470,-4.1,blank_flag,NA
4040,220302_Smp_OBi1_9,"Taurine, 2H4",9.75,108373504,169304,7612641,-4.5,blank_flag,NA
4041,220302_Smp_OBi1small_1,"Taurine, 2H4",10.18,76166504,0,5530215,-3.7,blank_flag,NA
4042,220302_Smp_OBi1small_2,"Taurine, 2H4",9.66,99679880,189880,6985520,-4.3,blank_flag,NA
4043,220302_Smp_OBi1small_3,"Taurine, 2H4",10.25,67436568,519263,5058040,-4,blank_flag,NA
4044,220302_Smp_OBi1small_4,"Taurine, 2H4",9.72,113188408,859746,8548117,-4.2,blank_flag,NA
4045,220302_Smp_RWi2_1,"Taurine, 2H4",10.27,80690960,714806,6133509,-4.7,blank_flag,NA
4046,220302_Smp_RWi2_2,"Taurine, 2H4",9.54,121918712,514824,8695358,-4.5,blank_flag,NA
4047,220302_Smp_RWi2_3,"Taurine, 2H4",9.64,96872896,0,6939341,-4.6,blank_flag,NA
4048,220302_Smp_RWi2_4,"Taurine, 2H4",9.78,95277344,1012898,6615951,-3.7,blank_flag,NA
4049,220302_Smp_RWi2_5,"Taurine, 2H4",9.96,73545072,260094,5422972,-3.8,blank_flag,NA
4050,220302_Smp_RWi2_6,"Taurine, 2H4",9.9,76791688,335756,5429370,-4.3,blank_flag,NA
4051,220302_Std_4uMStdsMix1InH2O_1,"Thymine, 2H4",NA,NA,NA,NA,NA,NA,NA
4052,220302_Std_4uMStdsMix1InH2O_2,"Thymine, 2H4",NA,NA,NA,NA,NA,NA,NA
4053,220302_Std_4uMStdsMix1InMatrix_1,"Thymine, 2H4",3.03,245720896,2183836,12441965,-2.8,blank_flag,NA
4054,220302_Std_4uMStdsMix1InMatrix_2,"Thymine, 2H4",3.01,276919456,0,13250904,-1.7,blank_flag,NA
4055,220302_Std_4uMStdsMix2InH2O_1,"Thymine, 2H4",NA,NA,NA,NA,NA,NA,NA
4056,220302_Std_4uMStdsMix2InH2O_2,"Thymine, 2H4",NA,NA,NA,NA,NA,NA,NA
4057,220302_Std_4uMStdsMix2InMatrix_1,"Thymine, 2H4",3,252911872,0,12327109,-2.6,blank_flag,NA
4058,220302_Std_4uMStdsMix2InMatrix_2,"Thymine, 2H4",2.99,282930112,0,14091834,-1.7,blank_flag,NA
4059,220302_Std_H2OinMatrix_1,"Thymine, 2H4",3.02,217029760,1617119,11227808,-3.1,blank_flag,NA
4060,220302_Std_H2OinMatrix_2,"Thymine, 2H4",3.06,280333344,0,12913798,-1.7,blank_flag,NA
4061,220302_Poo_TruePooBacteria_Full1,"Thymine, 2H4",3.03,447187648,0,21909146,-1.7,blank_flag,NA
4062,220302_Poo_TruePooBacteria_Full2,"Thymine, 2H4",3,462355744,0,22660604,-2.4,blank_flag,NA
4063,220302_Poo_TruePooBacteria_Full3,"Thymine, 2H4",2.96,452370368,0,21968142,-1.4,blank_flag,NA
4064,220302_Poo_TruePooBacteria_Half1,"Thymine, 2H4",3.02,212989632,0,10515090,-1.7,blank_flag,NA
4065,220302_Poo_TruePooBacteria_Half2,"Thymine, 2H4",3.01,244099216,0,11357106,-2.3,blank_flag,NA
4066,220302_Poo_TruePooBacteria_Half3,"Thymine, 2H4",2.98,223729296,0,10564726,-1.4,blank_flag,NA
4067,220302_Smp_MQBlk1_A,"Thymine, 2H4",3.05,417982368,0,22133982,-2.7,blank_flag,NA
4068,220302_Smp_MQBlk1_B,"Thymine, 2H4",3.02,373856128,0,19902060,-1.8,blank_flag,NA
4069,220302_Smp_MQBlk1_C,"Thymine, 2H4",2.99,399693152,1700877,18808124,-1.8,blank_flag,NA
4070,220302_Smp_MQBlk2_A,"Thymine, 2H4",3,463691200,0,20897958,-2.4,blank_flag,NA
4071,220302_Smp_MQBlk2_B,"Thymine, 2H4",3,464192736,6164628,21275094,-2.2,blank_flag,NA
4072,220302_Smp_MQBlk2_C,"Thymine, 2H4",3.04,445931712,0,20116844,-2.2,blank_flag,NA
4073,220302_Smp_MQBlk3_A,"Thymine, 2H4",2.94,453590816,0,21229196,-1.7,blank_flag,NA
4074,220302_Smp_MQBlk3_B,"Thymine, 2H4",2.97,480288992,1911180,22201602,-1.6,blank_flag,NA
4075,220302_Smp_MQBlk3_C,"Thymine, 2H4",3.04,483250944,0,21735856,-1.8,blank_flag,NA
4076,220302_Smp_SupernatBlk_1,"Thymine, 2H4",3.03,454685888,6844748,20970450,-1.6,blank_flag,NA
4077,220302_Smp_SupernatBlk_2,"Thymine, 2H4",2.99,446702528,0,21349692,-1.7,blank_flag,NA
4078,220302_Smp_SupernatBlk_3,"Thymine, 2H4",2.98,478043008,0,22808152,-1.3,blank_flag,NA
4079,220302_Smp_SWBlk_1,"Thymine, 2H4",3,438540480,4810326,21051534,-1.4,blank_flag,NA
4080,220302_Smp_SWBlk_2,"Thymine, 2H4",2.97,465732704,0,22586252,-2,blank_flag,NA
4081,220302_Smp_SWBlk_3,"Thymine, 2H4",3.03,429325632,0,21290612,-1.7,blank_flag,NA
4082,220302_Smp_OBi1_1,"Thymine, 2H4",3.01,461159936,5845408,23719956,-1.6,blank_flag,NA
4083,220302_Smp_OBi1_2,"Thymine, 2H4",3.02,457880096,5000192,20146578,-1.5,blank_flag,NA
4084,220302_Smp_OBi1_3,"Thymine, 2H4",3.03,470648544,1725052,20633864,-1.8,blank_flag,NA
4085,220302_Smp_OBi1_4,"Thymine, 2H4",3.02,464067168,2875496,22284574,-1.9,blank_flag,NA
4086,220302_Smp_OBi1_5,"Thymine, 2H4",3.02,433666976,0,22715014,-1.7,blank_flag,NA
4087,220302_Smp_OBi1_6,"Thymine, 2H4",3.05,467792256,1077637,21244786,-2,blank_flag,NA
4088,220302_Smp_OBi1_7,"Thymine, 2H4",3.03,477090144,0,21084968,-1.6,blank_flag,NA
4089,220302_Smp_OBi1_8,"Thymine, 2H4",2.96,455604736,2907181,21328702,-2.2,blank_flag,NA
4090,220302_Smp_OBi1_9,"Thymine, 2H4",3.01,456503744,4905688,22046822,-1.2,blank_flag,NA
4091,220302_Smp_OBi1small_1,"Thymine, 2H4",2.99,423089376,2229711,20629792,-1.6,blank_flag,NA
4092,220302_Smp_OBi1small_2,"Thymine, 2H4",2.96,465144448,0,22419362,-2.4,blank_flag,NA
4093,220302_Smp_OBi1small_3,"Thymine, 2H4",3.01,390363584,1309078,22246558,-1.8,blank_flag,NA
4094,220302_Smp_OBi1small_4,"Thymine, 2H4",2.98,465181248,5228513,21037000,-1.2,blank_flag,NA
4095,220302_Smp_RWi2_1,"Thymine, 2H4",3,406522592,2140084,22904068,-1.2,blank_flag,NA
4096,220302_Smp_RWi2_2,"Thymine, 2H4",3.04,465741248,4190105,20798970,-1.7,blank_flag,NA
4097,220302_Smp_RWi2_3,"Thymine, 2H4",3.01,470210336,2372240,21351544,-2.2,blank_flag,NA
4098,220302_Smp_RWi2_4,"Thymine, 2H4",3.02,476764544,3715282,21514330,-1.6,blank_flag,NA
4099,220302_Smp_RWi2_5,"Thymine, 2H4",3.05,434436320,0,21379190,-1.9,blank_flag,NA
4100,220302_Smp_RWi2_6,"Thymine, 2H4",3.01,444067456,4100991,21000920,-2.2,blank_flag,NA
4101,220302_Std_4uMStdsMix1InH2O_1,"Trehalose, 13C",NA,NA,NA,NA,NA,NA,NA
4102,220302_Std_4uMStdsMix1InH2O_2,"Trehalose, 13C",NA,NA,NA,NA,NA,NA,NA
4103,220302_Std_4uMStdsMix1InMatrix_1,"Trehalose, 13C",12.44,172016112,0,12870521,0.1,blank_flag,NA
4104,220302_Std_4uMStdsMix1InMatrix_2,"Trehalose, 13C",12.42,188764288,1032056,14353936,0.1,blank_flag,NA
4105,220302_Std_4uMStdsMix2InH2O_1,"Trehalose, 13C",NA,NA,NA,NA,NA,NA,NA
4106,220302_Std_4uMStdsMix2InH2O_2,"Trehalose, 13C",NA,NA,NA,NA,NA,NA,NA
4107,220302_Std_4uMStdsMix2InMatrix_1,"Trehalose, 13C",12.44,178630528,0,13916687,0.3,blank_flag,NA
4108,220302_Std_4uMStdsMix2InMatrix_2,"Trehalose, 13C",12.4,181710448,0,12530407,0.3,blank_flag,NA
4109,220302_Std_H2OinMatrix_1,"Trehalose, 13C",12.41,152699040,0,11773944,-0.2,blank_flag,NA
4110,220302_Std_H2OinMatrix_2,"Trehalose, 13C",12.42,208150464,0,14887108,0,blank_flag,NA
4111,220302_Poo_TruePooBacteria_Full1,"Trehalose, 13C",12.41,275173504,2053512,20295446,0.2,blank_flag,NA
4112,220302_Poo_TruePooBacteria_Full2,"Trehalose, 13C",12.41,269934848,0,19619506,0.6,blank_flag,NA
4113,220302_Poo_TruePooBacteria_Full3,"Trehalose, 13C",12.42,330024800,3399124,24927016,0.4,blank_flag,NA
4114,220302_Poo_TruePooBacteria_Half1,"Trehalose, 13C",12.4,141047408,0,10401641,0.1,blank_flag,NA
4115,220302_Poo_TruePooBacteria_Half2,"Trehalose, 13C",12.43,147691328,0,10976202,0.4,blank_flag,NA
4116,220302_Poo_TruePooBacteria_Half3,"Trehalose, 13C",12.42,169151584,0,13005965,0.6,blank_flag,NA
4117,220302_Smp_MQBlk1_A,"Trehalose, 13C",12.46,274010432,2570556,21133608,0.1,blank_flag,NA
4118,220302_Smp_MQBlk1_B,"Trehalose, 13C",12.43,266803200,868542,20436290,0,blank_flag,NA
4119,220302_Smp_MQBlk1_C,"Trehalose, 13C",12.41,280991872,47265,21269332,-0.1,blank_flag,NA
4120,220302_Smp_MQBlk2_A,"Trehalose, 13C",12.41,287122688,0,22357874,0.7,blank_flag,NA
4121,220302_Smp_MQBlk2_B,"Trehalose, 13C",12.43,291854176,1798219,21310402,0.8,blank_flag,NA
4122,220302_Smp_MQBlk2_C,"Trehalose, 13C",12.4,291982784,0,20334772,0.7,blank_flag,NA
4123,220302_Smp_MQBlk3_A,"Trehalose, 13C",12.41,291399904,0,22002816,1.1,blank_flag,NA
4124,220302_Smp_MQBlk3_B,"Trehalose, 13C",12.4,309171968,0,22616512,1,blank_flag,NA
4125,220302_Smp_MQBlk3_C,"Trehalose, 13C",12.4,316352384,0,23198940,0.8,blank_flag,NA
4126,220302_Smp_SupernatBlk_1,"Trehalose, 13C",12.44,285045792,505636,21154198,1.1,blank_flag,NA
4127,220302_Smp_SupernatBlk_2,"Trehalose, 13C",12.39,295266944,2084975,22002790,0.5,blank_flag,NA
4128,220302_Smp_SupernatBlk_3,"Trehalose, 13C",12.4,320611616,0,24698104,0.5,blank_flag,NA
4129,220302_Smp_SWBlk_1,"Trehalose, 13C",12.41,225697728,0,16235305,0.8,blank_flag,NA
4130,220302_Smp_SWBlk_2,"Trehalose, 13C",12.44,292897856,0,21469512,0.7,blank_flag,NA
4131,220302_Smp_SWBlk_3,"Trehalose, 13C",12.44,261115008,0,19650770,0.4,blank_flag,NA
4132,220302_Smp_OBi1_1,"Trehalose, 13C",12.43,331207936,1185522,25680692,0.9,blank_flag,NA
4133,220302_Smp_OBi1_2,"Trehalose, 13C",12.41,304633472,3073145,22127906,0.5,blank_flag,NA
4134,220302_Smp_OBi1_3,"Trehalose, 13C",12.43,337652736,3783520,24077772,0.5,blank_flag,NA
4135,220302_Smp_OBi1_4,"Trehalose, 13C",12.41,281250336,0,20833748,0.8,blank_flag,NA
4136,220302_Smp_OBi1_5,"Trehalose, 13C",12.41,233222192,0,17317364,1.4,blank_flag,NA
4137,220302_Smp_OBi1_6,"Trehalose, 13C",12.46,289979424,0,21496502,1.1,blank_flag,NA
4138,220302_Smp_OBi1_7,"Trehalose, 13C",12.42,302302752,0,21505266,0.4,blank_flag,NA
4139,220302_Smp_OBi1_8,"Trehalose, 13C",12.4,294166464,0,20951102,0.6,blank_flag,NA
4140,220302_Smp_OBi1_9,"Trehalose, 13C",12.42,329372000,3726522,24220100,1.1,blank_flag,NA
4141,220302_Smp_OBi1small_1,"Trehalose, 13C",12.41,240406032,151285,18766738,1.3,blank_flag,NA
4142,220302_Smp_OBi1small_2,"Trehalose, 13C",12.42,303970912,488546,21070872,0.7,blank_flag,NA
4143,220302_Smp_OBi1small_3,"Trehalose, 13C",12.41,235852864,0,18496496,0.2,blank_flag,NA
4144,220302_Smp_OBi1small_4,"Trehalose, 13C",12.4,338344480,1998105,24595692,1.5,blank_flag,NA
4145,220302_Smp_RWi2_1,"Trehalose, 13C",12.44,215365040,0,17397928,0.8,blank_flag,NA
4146,220302_Smp_RWi2_2,"Trehalose, 13C",12.4,306766912,680175,20994992,0.7,blank_flag,NA
4147,220302_Smp_RWi2_3,"Trehalose, 13C",12.4,294850912,0,20916012,0.5,blank_flag,NA
4148,220302_Smp_RWi2_4,"Trehalose, 13C",12.43,345809760,230753,26275826,1.3,blank_flag,NA
4149,220302_Smp_RWi2_5,"Trehalose, 13C",12.43,262201488,0,20360626,0.4,blank_flag,NA
4150,220302_Smp_RWi2_6,"Trehalose, 13C",12.45,267826128,2357936,20496288,0.4,blank_flag,NA
1,220302_Poo_TruePooBacteria_Full1,unknown_C6H9NO4_neg,NA,NA,NA,NA,NA,NA,NA
2,220302_Poo_TruePooBacteria_Full2,unknown_C6H9NO4_neg,NA,NA,NA,NA,NA,NA,NA
3,220302_Poo_TruePooBacteria_Full3,unknown_C6H9NO4_neg,NA,NA,NA,NA,NA,NA,NA
4,220302_Poo_TruePooBacteria_Half1,unknown_C6H9NO4_neg,NA,NA,NA,NA,NA,NA,NA
5,220302_Poo_TruePooBacteria_Half2,unknown_C6H9NO4_neg,NA,NA,NA,NA,NA,NA,NA
6,220302_Poo_TruePooBacteria_Half3,unknown_C6H9NO4_neg,NA,NA,NA,NA,NA,NA,NA
7,220302_Smp_MQBlk1_A,unknown_C6H9NO4_neg,NA,NA,NA,NA,NA,NA,NA
8,220302_Smp_MQBlk1_B,unknown_C6H9NO4_neg,NA,NA,NA,NA,NA,NA,NA
9,220302_Smp_MQBlk1_C,unknown_C6H9NO4_neg,NA,NA,NA,NA,NA,NA,NA
10,220302_Smp_MQBlk2_A,unknown_C6H9NO4_neg,NA,NA,NA,NA,NA,NA,NA
11,220302_Smp_MQBlk2_B,unknown_C6H9NO4_neg,NA,NA,NA,NA,NA,NA,NA
12,220302_Smp_MQBlk2_C,unknown_C6H9NO4_neg,NA,NA,NA,NA,NA,NA,NA
13,220302_Smp_MQBlk3_A,unknown_C6H9NO4_neg,NA,NA,NA,NA,NA,NA,NA
14,220302_Smp_MQBlk3_B,unknown_C6H9NO4_neg,NA,NA,NA,NA,NA,NA,NA
15,220302_Smp_MQBlk3_C,unknown_C6H9NO4_neg,NA,NA,NA,NA,NA,NA,NA
16,220302_Smp_OBi1_1,unknown_C6H9NO4_neg,NA,NA,NA,NA,NA,NA,NA
17,220302_Smp_OBi1_2,unknown_C6H9NO4_neg,NA,NA,NA,NA,NA,NA,NA
18,220302_Smp_OBi1_3,unknown_C6H9NO4_neg,NA,NA,NA,NA,NA,NA,NA
19,220302_Smp_OBi1_4,unknown_C6H9NO4_neg,NA,NA,NA,NA,NA,NA,NA
20,220302_Smp_OBi1_5,unknown_C6H9NO4_neg,NA,NA,NA,NA,NA,NA,NA
21,220302_Smp_OBi1_6,unknown_C6H9NO4_neg,NA,NA,NA,NA,NA,NA,NA
22,220302_Smp_OBi1_7,unknown_C6H9NO4_neg,NA,NA,NA,NA,NA,NA,NA
23,220302_Smp_OBi1_8,unknown_C6H9NO4_neg,NA,NA,NA,NA,NA,NA,NA
24,220302_Smp_OBi1_9,unknown_C6H9NO4_neg,NA,NA,NA,NA,NA,NA,NA
25,220302_Smp_SupernatBlk_1,unknown_C6H9NO4_neg,NA,NA,NA,NA,NA,NA,NA
26,220302_Smp_SupernatBlk_2,unknown_C6H9NO4_neg,NA,NA,NA,NA,NA,NA,NA
27,220302_Smp_SupernatBlk_3,unknown_C6H9NO4_neg,NA,NA,NA,NA,NA,NA,NA
28,220302_Smp_SWBlk_1,unknown_C6H9NO4_neg,NA,NA,NA,NA,NA,NA,NA
29,220302_Smp_SWBlk_2,unknown_C6H9NO4_neg,NA,NA,NA,NA,NA,NA,NA
30,220302_Smp_SWBlk_3,unknown_C6H9NO4_neg,NA,NA,NA,NA,NA,NA,NA
31,220302_Poo_TruePooBacteria_Full1,unknown_C6H9NO3_1_neg,9.73,4850215,0,494040,-1.5,NA,4850215
32,220302_Poo_TruePooBacteria_Full2,unknown_C6H9NO3_1_neg,9.62,5309158,0,592919,-1.9,NA,5309158
33,220302_Poo_TruePooBacteria_Full3,unknown_C6H9NO3_1_neg,9.26,6599932,0,654884,-1.3,NA,6599932
34,220302_Poo_TruePooBacteria_Half1,unknown_C6H9NO3_1_neg,9.73,2410188,0,251231,-1.6,NA,2410188
35,220302_Poo_TruePooBacteria_Half2,unknown_C6H9NO3_1_neg,9.58,2494072,0,273953,-1.6,NA,2494072
36,220302_Poo_TruePooBacteria_Half3,unknown_C6H9NO3_1_neg,9.22,3224541,0,341846,-1.5,NA,3224541
37,220302_Smp_MQBlk1_A,unknown_C6H9NO3_1_neg,9.79,0,0,0,NA,"areamin_flag,",NA
38,220302_Smp_MQBlk1_B,unknown_C6H9NO3_1_neg,9.79,0,0,0,NA,"areamin_flag,",NA
39,220302_Smp_MQBlk1_C,unknown_C6H9NO3_1_neg,9.79,0,0,0,NA,"areamin_flag,",NA
40,220302_Smp_MQBlk2_A,unknown_C6H9NO3_1_neg,9.79,0,0,0,NA,"areamin_flag,",NA
41,220302_Smp_MQBlk2_B,unknown_C6H9NO3_1_neg,9.79,0,0,0,NA,"areamin_flag,",NA
42,220302_Smp_MQBlk2_C,unknown_C6H9NO3_1_neg,9.79,0,0,0,NA,"areamin_flag,",NA
43,220302_Smp_MQBlk3_A,unknown_C6H9NO3_1_neg,9.79,0,0,0,NA,"areamin_flag,",NA
44,220302_Smp_MQBlk3_B,unknown_C6H9NO3_1_neg,9.79,0,0,0,NA,"areamin_flag,",NA
45,220302_Smp_MQBlk3_C,unknown_C6H9NO3_1_neg,9.79,0,0,0,NA,"areamin_flag,",NA
46,220302_Smp_OBi1_1,unknown_C6H9NO3_1_neg,NA,NA,NA,NA,NA,NA,NA
47,220302_Smp_OBi1_2,unknown_C6H9NO3_1_neg,NA,NA,NA,NA,NA,NA,NA
48,220302_Smp_OBi1_3,unknown_C6H9NO3_1_neg,NA,NA,NA,NA,NA,NA,NA
49,220302_Smp_OBi1_4,unknown_C6H9NO3_1_neg,9.64,2593576,0,299788,-1,NA,2593576
50,220302_Smp_OBi1_5,unknown_C6H9NO3_1_neg,9.9,3269386,0,355012,-0.9,NA,3269386
51,220302_Smp_OBi1_6,unknown_C6H9NO3_1_neg,9.62,2778968,0,265652,-1.4,NA,2778968
52,220302_Smp_OBi1_7,unknown_C6H9NO3_1_neg,NA,NA,NA,NA,NA,NA,NA
53,220302_Smp_OBi1_8,unknown_C6H9NO3_1_neg,NA,NA,NA,NA,NA,NA,NA
54,220302_Smp_OBi1_9,unknown_C6H9NO3_1_neg,NA,NA,NA,NA,NA,NA,NA
55,220302_Smp_SupernatBlk_1,unknown_C6H9NO3_1_neg,9.79,0,0,0,NA,"areamin_flag,",NA
56,220302_Smp_SupernatBlk_2,unknown_C6H9NO3_1_neg,9.79,0,0,0,NA,"areamin_flag,",NA
57,220302_Smp_SupernatBlk_3,unknown_C6H9NO3_1_neg,9.92,36529,0,36930,0.1,"areamin_flag,",NA
58,220302_Smp_SWBlk_1,unknown_C6H9NO3_1_neg,9.79,0,0,0,NA,"areamin_flag,",NA
59,220302_Smp_SWBlk_2,unknown_C6H9NO3_1_neg,9.79,0,0,0,NA,"areamin_flag,",NA
60,220302_Smp_SWBlk_3,unknown_C6H9NO3_1_neg,9.79,0,0,0,NA,"areamin_flag,",NA
61,220302_Poo_TruePooBacteria_Full1,unknown_C6H9NO3_2_neg,NA,NA,NA,NA,NA,NA,NA
62,220302_Poo_TruePooBacteria_Full2,unknown_C6H9NO3_2_neg,NA,NA,NA,NA,NA,NA,NA
63,220302_Poo_TruePooBacteria_Full3,unknown_C6H9NO3_2_neg,NA,NA,NA,NA,NA,NA,NA
64,220302_Poo_TruePooBacteria_Half1,unknown_C6H9NO3_2_neg,NA,NA,NA,NA,NA,NA,NA
65,220302_Poo_TruePooBacteria_Half2,unknown_C6H9NO3_2_neg,NA,NA,NA,NA,NA,NA,NA
66,220302_Poo_TruePooBacteria_Half3,unknown_C6H9NO3_2_neg,NA,NA,NA,NA,NA,NA,NA
67,220302_Smp_MQBlk1_A,unknown_C6H9NO3_2_neg,NA,NA,NA,NA,NA,NA,NA
68,220302_Smp_MQBlk1_B,unknown_C6H9NO3_2_neg,NA,NA,NA,NA,NA,NA,NA
69,220302_Smp_MQBlk1_C,unknown_C6H9NO3_2_neg,NA,NA,NA,NA,NA,NA,NA
70,220302_Smp_MQBlk2_A,unknown_C6H9NO3_2_neg,NA,NA,NA,NA,NA,NA,NA
71,220302_Smp_MQBlk2_B,unknown_C6H9NO3_2_neg,NA,NA,NA,NA,NA,NA,NA
72,220302_Smp_MQBlk2_C,unknown_C6H9NO3_2_neg,NA,NA,NA,NA,NA,NA,NA
73,220302_Smp_MQBlk3_A,unknown_C6H9NO3_2_neg,NA,NA,NA,NA,NA,NA,NA
74,220302_Smp_MQBlk3_B,unknown_C6H9NO3_2_neg,NA,NA,NA,NA,NA,NA,NA
75,220302_Smp_MQBlk3_C,unknown_C6H9NO3_2_neg,NA,NA,NA,NA,NA,NA,NA
76,220302_Smp_OBi1_1,unknown_C6H9NO3_2_neg,NA,NA,NA,NA,NA,NA,NA
77,220302_Smp_OBi1_2,unknown_C6H9NO3_2_neg,NA,NA,NA,NA,NA,NA,NA
78,220302_Smp_OBi1_3,unknown_C6H9NO3_2_neg,NA,NA,NA,NA,NA,NA,NA
79,220302_Smp_OBi1_4,unknown_C6H9NO3_2_neg,NA,NA,NA,NA,NA,NA,NA
80,220302_Smp_OBi1_5,unknown_C6H9NO3_2_neg,NA,NA,NA,NA,NA,NA,NA
81,220302_Smp_OBi1_6,unknown_C6H9NO3_2_neg,NA,NA,NA,NA,NA,NA,NA
82,220302_Smp_OBi1_7,unknown_C6H9NO3_2_neg,NA,NA,NA,NA,NA,NA,NA
83,220302_Smp_OBi1_8,unknown_C6H9NO3_2_neg,NA,NA,NA,NA,NA,NA,NA
84,220302_Smp_OBi1_9,unknown_C6H9NO3_2_neg,NA,NA,NA,NA,NA,NA,NA
85,220302_Smp_SupernatBlk_1,unknown_C6H9NO3_2_neg,NA,NA,NA,NA,NA,NA,NA
86,220302_Smp_SupernatBlk_2,unknown_C6H9NO3_2_neg,NA,NA,NA,NA,NA,NA,NA
87,220302_Smp_SupernatBlk_3,unknown_C6H9NO3_2_neg,NA,NA,NA,NA,NA,NA,NA
88,220302_Smp_SWBlk_1,unknown_C6H9NO3_2_neg,NA,NA,NA,NA,NA,NA,NA
89,220302_Smp_SWBlk_2,unknown_C6H9NO3_2_neg,NA,NA,NA,NA,NA,NA,NA
90,220302_Smp_SWBlk_3,unknown_C6H9NO3_2_neg,NA,NA,NA,NA,NA,NA,NA
91,220302_Poo_TruePooBacteria_Full1,unknown_C6H9NO3_3_neg,NA,NA,NA,NA,NA,NA,NA
92,220302_Poo_TruePooBacteria_Full2,unknown_C6H9NO3_3_neg,NA,NA,NA,NA,NA,NA,NA
93,220302_Poo_TruePooBacteria_Full3,unknown_C6H9NO3_3_neg,NA,NA,NA,NA,NA,NA,NA
94,220302_Poo_TruePooBacteria_Half1,unknown_C6H9NO3_3_neg,NA,NA,NA,NA,NA,NA,NA
95,220302_Poo_TruePooBacteria_Half2,unknown_C6H9NO3_3_neg,NA,NA,NA,NA,NA,NA,NA
96,220302_Poo_TruePooBacteria_Half3,unknown_C6H9NO3_3_neg,NA,NA,NA,NA,NA,NA,NA
97,220302_Smp_MQBlk1_A,unknown_C6H9NO3_3_neg,NA,NA,NA,NA,NA,NA,NA
98,220302_Smp_MQBlk1_B,unknown_C6H9NO3_3_neg,NA,NA,NA,NA,NA,NA,NA
99,220302_Smp_MQBlk1_C,unknown_C6H9NO3_3_neg,NA,NA,NA,NA,NA,NA,NA
100,220302_Smp_MQBlk2_A,unknown_C6H9NO3_3_neg,NA,NA,NA,NA,NA,NA,NA
101,220302_Smp_MQBlk2_B,unknown_C6H9NO3_3_neg,NA,NA,NA,NA,NA,NA,NA
102,220302_Smp_MQBlk2_C,unknown_C6H9NO3_3_neg,NA,NA,NA,NA,NA,NA,NA
103,220302_Smp_MQBlk3_A,unknown_C6H9NO3_3_neg,NA,NA,NA,NA,NA,NA,NA
104,220302_Smp_MQBlk3_B,unknown_C6H9NO3_3_neg,NA,NA,NA,NA,NA,NA,NA
105,220302_Smp_MQBlk3_C,unknown_C6H9NO3_3_neg,NA,NA,NA,NA,NA,NA,NA
106,220302_Smp_OBi1_1,unknown_C6H9NO3_3_neg,NA,NA,NA,NA,NA,NA,NA
107,220302_Smp_OBi1_2,unknown_C6H9NO3_3_neg,NA,NA,NA,NA,NA,NA,NA
108,220302_Smp_OBi1_3,unknown_C6H9NO3_3_neg,NA,NA,NA,NA,NA,NA,NA
109,220302_Smp_OBi1_4,unknown_C6H9NO3_3_neg,NA,NA,NA,NA,NA,NA,NA
110,220302_Smp_OBi1_5,unknown_C6H9NO3_3_neg,NA,NA,NA,NA,NA,NA,NA
111,220302_Smp_OBi1_6,unknown_C6H9NO3_3_neg,NA,NA,NA,NA,NA,NA,NA
112,220302_Smp_OBi1_7,unknown_C6H9NO3_3_neg,NA,NA,NA,NA,NA,NA,NA
113,220302_Smp_OBi1_8,unknown_C6H9NO3_3_neg,NA,NA,NA,NA,NA,NA,NA
114,220302_Smp_OBi1_9,unknown_C6H9NO3_3_neg,NA,NA,NA,NA,NA,NA,NA
115,220302_Smp_SupernatBlk_1,unknown_C6H9NO3_3_neg,NA,NA,NA,NA,NA,NA,NA
116,220302_Smp_SupernatBlk_2,unknown_C6H9NO3_3_neg,NA,NA,NA,NA,NA,NA,NA
117,220302_Smp_SupernatBlk_3,unknown_C6H9NO3_3_neg,NA,NA,NA,NA,NA,NA,NA
118,220302_Smp_SWBlk_1,unknown_C6H9NO3_3_neg,NA,NA,NA,NA,NA,NA,NA
119,220302_Smp_SWBlk_2,unknown_C6H9NO3_3_neg,NA,NA,NA,NA,NA,NA,NA
120,220302_Smp_SWBlk_3,unknown_C6H9NO3_3_neg,NA,NA,NA,NA,NA,NA,NA
