Time,Temp,A1,A2,A3,A4,A5,A6,A7,A8,A9,A10,A11,A12,B1,B2,B3,B4,B5,B6,B7,B8,B9,B10,B11,B12,C1,C2,C3,C4,C5,C6,C7,C8,C9,C10,C11,C12,D1,D2,D3,D4,D5,D6,D7,D8,D9,D10,D11,D12,E1,E2,E3,E4,E5,E6,E7,E8,E9,E10,E11,E12,F1,F2,F3,F4,F5,F6,F7,F8,F9,F10,F11,F12,G1,G2,G3,G4,G5,G6,G7,G8,G9,G10,G11,G12,H1,H2,H3,H4,H5,H6,H7,H8,H9,H10,H11,H12
0:00:03,29,0.086,0.086,0.086,0.087,0.087,0.085,0.086,0.086,0.091,0.089,0.087,0.087,0.13,0.14,0.139,0.12,0.125,0.117,0.159,0.175,0.171,0.179,0.187,0.123,0.121,0.142,0.166,0.141,0.159,0.163,0.178,0.183,0.174,0.179,0.183,0.127,0.123,0.138,0.169,0.153,0.172,0.166,0.179,0.185,0.177,0.192,0.19,0.129,0.125,0.143,0.175,0.152,0.175,0.163,0.181,0.193,0.183,0.184,0.184,0.129,0.12,0.14,0.165,0.139,0.162,0.169,0.184,0.193,0.188,0.19,0.188,0.142,0.122,0.118,0.117,0.12,0.166,0.174,0.175,0.183,0.189,0.183,0.146,0.089,0.115,0.121,0.121,0.12,0.127,0.124,0.122,0.126,0.126,0.124,0.082,0.084
0:10:03,27.7,0.085,0.086,0.086,0.086,0.088,0.084,0.086,0.085,0.091,0.09,0.088,0.085,0.129,0.138,0.138,0.119,0.124,0.115,0.119,0.126,0.116,0.118,0.127,0.126,0.121,0.141,0.135,0.121,0.124,0.118,0.119,0.125,0.115,0.119,0.124,0.126,0.122,0.137,0.135,0.122,0.13,0.119,0.118,0.128,0.118,0.135,0.129,0.128,0.123,0.142,0.139,0.122,0.131,0.119,0.121,0.127,0.118,0.122,0.124,0.128,0.119,0.14,0.136,0.119,0.127,0.124,0.12,0.129,0.12,0.122,0.132,0.14,0.122,0.118,0.117,0.12,0.122,0.122,0.118,0.122,0.124,0.119,0.084,0.089,0.114,0.12,0.12,0.119,0.129,0.123,0.121,0.125,0.125,0.123,0.082,0.083
0:20:03,27,0.085,0.086,0.086,0.086,0.088,0.084,0.086,0.085,0.091,0.09,0.088,0.085,0.128,0.137,0.137,0.119,0.124,0.116,0.119,0.126,0.116,0.118,0.126,0.125,0.121,0.141,0.135,0.121,0.124,0.117,0.119,0.125,0.116,0.119,0.124,0.134,0.122,0.137,0.135,0.122,0.13,0.12,0.119,0.128,0.118,0.135,0.129,0.129,0.123,0.142,0.139,0.122,0.131,0.119,0.122,0.128,0.118,0.122,0.124,0.128,0.119,0.14,0.136,0.119,0.127,0.123,0.12,0.129,0.119,0.123,0.131,0.14,0.122,0.117,0.116,0.12,0.122,0.122,0.118,0.122,0.123,0.119,0.084,0.089,0.114,0.119,0.12,0.119,0.127,0.122,0.121,0.125,0.125,0.123,0.082,0.083
0:30:03,26.5,0.085,0.086,0.086,0.086,0.088,0.084,0.086,0.085,0.091,0.09,0.087,0.085,0.128,0.138,0.138,0.119,0.124,0.116,0.119,0.126,0.116,0.118,0.126,0.125,0.121,0.14,0.135,0.122,0.125,0.118,0.12,0.125,0.115,0.119,0.124,0.134,0.122,0.137,0.135,0.122,0.13,0.12,0.119,0.128,0.118,0.135,0.129,0.129,0.123,0.141,0.14,0.123,0.13,0.118,0.121,0.128,0.119,0.122,0.124,0.128,0.12,0.14,0.137,0.12,0.127,0.122,0.12,0.13,0.119,0.123,0.132,0.141,0.122,0.117,0.116,0.12,0.122,0.122,0.119,0.122,0.124,0.119,0.084,0.089,0.113,0.119,0.12,0.118,0.127,0.122,0.121,0.125,0.125,0.123,0.082,0.083
0:40:03,26.1,0.085,0.086,0.086,0.086,0.088,0.084,0.086,0.085,0.091,0.09,0.088,0.085,0.128,0.137,0.139,0.12,0.125,0.115,0.12,0.126,0.116,0.118,0.127,0.123,0.121,0.141,0.135,0.121,0.125,0.119,0.12,0.126,0.116,0.12,0.124,0.127,0.122,0.136,0.136,0.122,0.131,0.12,0.12,0.128,0.118,0.136,0.129,0.129,0.123,0.141,0.14,0.123,0.13,0.119,0.122,0.129,0.119,0.122,0.125,0.128,0.119,0.14,0.136,0.12,0.126,0.123,0.12,0.13,0.12,0.123,0.131,0.141,0.122,0.117,0.116,0.12,0.122,0.121,0.119,0.122,0.124,0.119,0.084,0.089,0.114,0.12,0.12,0.119,0.127,0.123,0.121,0.125,0.125,0.123,0.082,0.083
0:50:03,25.8,0.085,0.086,0.086,0.086,0.088,0.084,0.086,0.085,0.091,0.09,0.088,0.085,0.129,0.138,0.14,0.12,0.126,0.116,0.12,0.126,0.116,0.119,0.125,0.124,0.121,0.141,0.136,0.121,0.125,0.119,0.121,0.126,0.116,0.12,0.124,0.126,0.122,0.137,0.135,0.122,0.131,0.12,0.12,0.129,0.119,0.137,0.129,0.128,0.123,0.143,0.14,0.122,0.131,0.119,0.122,0.129,0.119,0.122,0.125,0.128,0.119,0.14,0.137,0.119,0.126,0.122,0.121,0.131,0.12,0.123,0.131,0.14,0.123,0.117,0.117,0.119,0.122,0.122,0.119,0.121,0.124,0.119,0.084,0.089,0.113,0.119,0.12,0.118,0.126,0.122,0.12,0.125,0.124,0.123,0.082,0.083
1:00:03,25.5,0.085,0.086,0.086,0.086,0.088,0.084,0.086,0.085,0.091,0.09,0.088,0.085,0.129,0.139,0.14,0.121,0.125,0.116,0.121,0.126,0.117,0.119,0.127,0.124,0.121,0.142,0.136,0.122,0.125,0.119,0.122,0.127,0.116,0.12,0.124,0.133,0.123,0.138,0.134,0.123,0.131,0.12,0.121,0.129,0.119,0.137,0.129,0.129,0.124,0.143,0.14,0.122,0.131,0.119,0.123,0.129,0.119,0.123,0.126,0.129,0.119,0.14,0.136,0.119,0.125,0.123,0.122,0.131,0.12,0.123,0.131,0.142,0.122,0.117,0.117,0.12,0.122,0.122,0.119,0.123,0.124,0.12,0.084,0.089,0.114,0.119,0.12,0.117,0.128,0.122,0.119,0.125,0.124,0.123,0.082,0.083
1:10:03,25.3,0.085,0.086,0.086,0.086,0.088,0.084,0.086,0.085,0.091,0.09,0.088,0.085,0.13,0.14,0.14,0.121,0.126,0.115,0.12,0.126,0.117,0.119,0.127,0.122,0.121,0.142,0.135,0.122,0.126,0.119,0.122,0.127,0.117,0.12,0.124,0.124,0.123,0.138,0.134,0.123,0.131,0.12,0.122,0.13,0.119,0.137,0.129,0.129,0.123,0.143,0.14,0.123,0.132,0.119,0.124,0.13,0.12,0.123,0.126,0.128,0.119,0.141,0.137,0.119,0.125,0.124,0.123,0.132,0.121,0.124,0.131,0.141,0.123,0.118,0.117,0.12,0.123,0.121,0.12,0.123,0.125,0.12,0.084,0.089,0.113,0.12,0.12,0.119,0.126,0.122,0.12,0.124,0.123,0.123,0.082,0.083
1:20:03,25.1,0.085,0.086,0.086,0.086,0.088,0.084,0.086,0.085,0.091,0.09,0.088,0.085,0.13,0.141,0.141,0.122,0.124,0.116,0.121,0.126,0.115,0.118,0.126,0.121,0.121,0.142,0.135,0.123,0.126,0.12,0.123,0.128,0.117,0.121,0.125,0.131,0.123,0.138,0.135,0.124,0.131,0.121,0.123,0.131,0.12,0.138,0.13,0.129,0.123,0.144,0.14,0.123,0.132,0.12,0.124,0.13,0.12,0.123,0.126,0.128,0.118,0.142,0.137,0.12,0.126,0.124,0.124,0.132,0.121,0.124,0.131,0.139,0.123,0.118,0.117,0.12,0.123,0.121,0.121,0.124,0.125,0.12,0.084,0.089,0.114,0.12,0.12,0.119,0.128,0.123,0.12,0.125,0.123,0.123,0.082,0.083
1:30:03,24.9,0.085,0.086,0.086,0.086,0.088,0.084,0.086,0.085,0.091,0.09,0.088,0.085,0.129,0.141,0.14,0.121,0.123,0.115,0.122,0.126,0.117,0.117,0.125,0.122,0.121,0.142,0.136,0.123,0.127,0.12,0.122,0.127,0.117,0.121,0.124,0.131,0.124,0.138,0.135,0.124,0.132,0.121,0.124,0.131,0.121,0.137,0.13,0.128,0.124,0.144,0.14,0.124,0.132,0.12,0.126,0.131,0.12,0.123,0.126,0.128,0.119,0.143,0.137,0.121,0.128,0.125,0.124,0.132,0.121,0.124,0.132,0.141,0.123,0.118,0.117,0.121,0.124,0.122,0.121,0.122,0.124,0.12,0.084,0.089,0.114,0.12,0.119,0.12,0.127,0.123,0.118,0.125,0.123,0.122,0.082,0.083
1:40:03,24.8,0.085,0.086,0.086,0.087,0.088,0.084,0.086,0.085,0.091,0.09,0.088,0.085,0.13,0.14,0.136,0.119,0.123,0.116,0.121,0.126,0.117,0.118,0.126,0.123,0.121,0.141,0.136,0.124,0.127,0.121,0.121,0.125,0.117,0.121,0.124,0.131,0.124,0.139,0.135,0.124,0.132,0.122,0.124,0.132,0.121,0.138,0.13,0.129,0.125,0.145,0.141,0.125,0.133,0.12,0.126,0.131,0.121,0.123,0.125,0.128,0.117,0.143,0.138,0.122,0.128,0.126,0.124,0.133,0.122,0.124,0.132,0.141,0.124,0.119,0.118,0.122,0.125,0.123,0.121,0.123,0.125,0.12,0.084,0.089,0.115,0.12,0.119,0.118,0.128,0.124,0.118,0.124,0.123,0.121,0.082,0.083
1:50:03,24.7,0.085,0.086,0.086,0.086,0.088,0.084,0.086,0.085,0.091,0.09,0.088,0.085,0.129,0.141,0.136,0.12,0.122,0.116,0.121,0.127,0.117,0.118,0.126,0.122,0.122,0.142,0.136,0.124,0.127,0.121,0.123,0.125,0.117,0.121,0.124,0.133,0.124,0.139,0.136,0.124,0.132,0.122,0.124,0.132,0.12,0.138,0.13,0.128,0.125,0.145,0.141,0.125,0.133,0.12,0.126,0.131,0.12,0.123,0.125,0.127,0.119,0.143,0.138,0.122,0.129,0.126,0.125,0.132,0.121,0.124,0.132,0.142,0.123,0.12,0.118,0.123,0.125,0.122,0.121,0.123,0.124,0.121,0.084,0.089,0.116,0.119,0.12,0.118,0.128,0.124,0.119,0.125,0.123,0.122,0.082,0.083
2:00:03,24.6,0.085,0.086,0.086,0.086,0.088,0.084,0.086,0.085,0.091,0.09,0.088,0.085,0.13,0.142,0.135,0.12,0.124,0.116,0.12,0.126,0.117,0.118,0.126,0.122,0.123,0.142,0.136,0.124,0.128,0.121,0.123,0.126,0.118,0.12,0.125,0.133,0.123,0.14,0.136,0.124,0.132,0.122,0.125,0.132,0.12,0.138,0.13,0.128,0.126,0.145,0.141,0.125,0.133,0.121,0.127,0.131,0.12,0.123,0.126,0.127,0.12,0.143,0.138,0.122,0.13,0.125,0.126,0.133,0.121,0.125,0.132,0.141,0.124,0.12,0.119,0.123,0.125,0.12,0.123,0.124,0.125,0.121,0.084,0.089,0.115,0.12,0.12,0.118,0.129,0.124,0.12,0.125,0.124,0.122,0.082,0.083
2:10:03,24.5,0.085,0.086,0.086,0.086,0.088,0.084,0.086,0.085,0.091,0.09,0.088,0.085,0.13,0.143,0.136,0.119,0.124,0.116,0.121,0.126,0.117,0.118,0.126,0.123,0.124,0.143,0.137,0.124,0.128,0.121,0.123,0.126,0.118,0.121,0.125,0.133,0.124,0.14,0.136,0.124,0.133,0.122,0.125,0.131,0.12,0.138,0.131,0.129,0.126,0.145,0.141,0.126,0.133,0.121,0.127,0.132,0.12,0.123,0.126,0.127,0.121,0.143,0.138,0.123,0.13,0.125,0.126,0.133,0.121,0.125,0.132,0.141,0.125,0.121,0.12,0.123,0.125,0.12,0.124,0.124,0.125,0.121,0.084,0.089,0.115,0.121,0.121,0.118,0.129,0.125,0.12,0.125,0.123,0.122,0.082,0.083
2:20:03,24.4,0.085,0.086,0.086,0.086,0.088,0.084,0.086,0.085,0.091,0.09,0.088,0.085,0.13,0.142,0.137,0.12,0.124,0.116,0.122,0.126,0.116,0.119,0.126,0.124,0.123,0.143,0.137,0.124,0.128,0.122,0.124,0.127,0.118,0.121,0.125,0.132,0.123,0.14,0.137,0.125,0.133,0.123,0.125,0.13,0.121,0.138,0.131,0.13,0.126,0.145,0.141,0.126,0.134,0.121,0.127,0.132,0.12,0.123,0.126,0.127,0.121,0.143,0.138,0.123,0.13,0.126,0.126,0.133,0.121,0.126,0.132,0.141,0.125,0.121,0.12,0.124,0.124,0.121,0.125,0.124,0.125,0.122,0.084,0.089,0.115,0.122,0.121,0.119,0.129,0.125,0.12,0.126,0.124,0.122,0.082,0.083
2:30:03,24.3,0.085,0.086,0.086,0.086,0.088,0.084,0.086,0.085,0.091,0.09,0.088,0.085,0.131,0.14,0.137,0.12,0.124,0.116,0.122,0.127,0.117,0.12,0.126,0.124,0.122,0.143,0.137,0.124,0.128,0.122,0.124,0.127,0.119,0.122,0.125,0.133,0.122,0.14,0.137,0.125,0.133,0.122,0.126,0.131,0.121,0.137,0.131,0.13,0.126,0.145,0.141,0.125,0.134,0.121,0.127,0.131,0.12,0.123,0.126,0.128,0.122,0.143,0.138,0.123,0.13,0.126,0.127,0.133,0.121,0.126,0.133,0.142,0.125,0.121,0.12,0.124,0.123,0.121,0.125,0.124,0.125,0.122,0.084,0.089,0.116,0.122,0.122,0.12,0.129,0.125,0.119,0.126,0.123,0.122,0.082,0.083
2:40:03,24.3,0.085,0.086,0.086,0.086,0.088,0.084,0.086,0.085,0.091,0.09,0.088,0.085,0.131,0.141,0.138,0.12,0.124,0.116,0.122,0.127,0.117,0.121,0.127,0.124,0.122,0.143,0.137,0.124,0.127,0.121,0.125,0.127,0.119,0.122,0.126,0.133,0.123,0.139,0.137,0.125,0.133,0.122,0.126,0.131,0.121,0.138,0.131,0.13,0.126,0.145,0.141,0.125,0.134,0.121,0.127,0.131,0.121,0.123,0.126,0.127,0.122,0.143,0.138,0.123,0.13,0.125,0.127,0.133,0.122,0.126,0.133,0.142,0.125,0.121,0.121,0.123,0.122,0.121,0.124,0.124,0.125,0.122,0.084,0.089,0.116,0.122,0.122,0.121,0.128,0.125,0.119,0.126,0.124,0.123,0.082,0.083
2:50:03,24.2,0.085,0.086,0.086,0.087,0.088,0.084,0.086,0.085,0.091,0.09,0.088,0.085,0.132,0.14,0.138,0.121,0.124,0.117,0.122,0.128,0.118,0.121,0.126,0.124,0.123,0.143,0.137,0.124,0.127,0.12,0.125,0.128,0.119,0.122,0.125,0.133,0.124,0.139,0.137,0.125,0.133,0.122,0.126,0.131,0.121,0.138,0.131,0.13,0.126,0.145,0.141,0.125,0.134,0.121,0.127,0.131,0.121,0.123,0.126,0.127,0.121,0.143,0.138,0.123,0.13,0.125,0.127,0.133,0.122,0.127,0.133,0.143,0.126,0.121,0.121,0.123,0.123,0.122,0.124,0.124,0.126,0.123,0.084,0.089,0.116,0.122,0.122,0.121,0.129,0.125,0.119,0.126,0.123,0.123,0.082,0.083
3:00:03,24.2,0.085,0.086,0.086,0.087,0.088,0.085,0.086,0.085,0.091,0.09,0.088,0.085,0.133,0.141,0.137,0.122,0.123,0.116,0.122,0.128,0.118,0.122,0.126,0.125,0.124,0.143,0.137,0.124,0.127,0.121,0.126,0.128,0.119,0.123,0.125,0.132,0.125,0.139,0.137,0.125,0.133,0.122,0.126,0.131,0.121,0.138,0.131,0.13,0.126,0.145,0.141,0.125,0.134,0.121,0.127,0.131,0.121,0.124,0.126,0.127,0.121,0.142,0.138,0.123,0.129,0.125,0.127,0.133,0.123,0.127,0.133,0.143,0.126,0.122,0.121,0.123,0.123,0.123,0.124,0.125,0.126,0.123,0.084,0.089,0.116,0.122,0.123,0.121,0.13,0.125,0.12,0.127,0.123,0.123,0.082,0.083
3:10:03,24.1,0.085,0.086,0.086,0.086,0.088,0.084,0.086,0.085,0.091,0.09,0.088,0.085,0.133,0.14,0.139,0.121,0.122,0.116,0.123,0.128,0.118,0.122,0.126,0.122,0.124,0.143,0.137,0.124,0.127,0.121,0.126,0.128,0.119,0.123,0.125,0.131,0.125,0.139,0.136,0.125,0.132,0.122,0.126,0.131,0.121,0.138,0.131,0.13,0.126,0.145,0.141,0.125,0.134,0.121,0.126,0.131,0.121,0.124,0.126,0.127,0.121,0.142,0.138,0.123,0.129,0.125,0.127,0.133,0.123,0.127,0.133,0.142,0.126,0.122,0.121,0.123,0.124,0.124,0.124,0.125,0.126,0.123,0.084,0.089,0.116,0.122,0.123,0.121,0.13,0.125,0.121,0.127,0.123,0.122,0.082,0.083
3:20:03,24.1,0.085,0.086,0.086,0.086,0.088,0.084,0.086,0.085,0.091,0.09,0.088,0.085,0.132,0.14,0.139,0.122,0.122,0.116,0.122,0.128,0.118,0.122,0.127,0.124,0.124,0.143,0.137,0.123,0.126,0.121,0.126,0.128,0.119,0.123,0.126,0.131,0.124,0.139,0.136,0.125,0.132,0.122,0.126,0.131,0.121,0.139,0.131,0.13,0.126,0.145,0.141,0.125,0.133,0.12,0.126,0.131,0.121,0.124,0.127,0.127,0.121,0.142,0.138,0.122,0.129,0.125,0.127,0.133,0.123,0.127,0.133,0.143,0.126,0.122,0.121,0.123,0.124,0.125,0.124,0.125,0.127,0.124,0.084,0.089,0.116,0.123,0.124,0.12,0.13,0.126,0.121,0.128,0.124,0.123,0.082,0.083
3:30:03,24,0.085,0.086,0.086,0.086,0.088,0.084,0.086,0.085,0.091,0.09,0.088,0.085,0.132,0.14,0.139,0.122,0.123,0.116,0.122,0.128,0.118,0.122,0.127,0.124,0.123,0.144,0.137,0.123,0.126,0.12,0.126,0.128,0.119,0.123,0.126,0.13,0.123,0.139,0.137,0.125,0.132,0.122,0.126,0.131,0.121,0.139,0.132,0.13,0.126,0.145,0.142,0.125,0.133,0.12,0.126,0.131,0.121,0.125,0.127,0.128,0.121,0.142,0.138,0.122,0.128,0.124,0.127,0.133,0.123,0.127,0.133,0.143,0.126,0.122,0.122,0.122,0.124,0.125,0.124,0.125,0.127,0.124,0.084,0.089,0.117,0.123,0.124,0.121,0.13,0.126,0.121,0.128,0.124,0.123,0.082,0.083
3:40:03,24,0.085,0.086,0.086,0.087,0.088,0.084,0.086,0.085,0.091,0.09,0.088,0.085,0.132,0.14,0.137,0.122,0.124,0.116,0.122,0.128,0.119,0.122,0.127,0.125,0.123,0.143,0.137,0.124,0.126,0.12,0.126,0.128,0.119,0.123,0.126,0.13,0.122,0.139,0.137,0.124,0.132,0.122,0.126,0.131,0.121,0.139,0.132,0.129,0.127,0.145,0.142,0.125,0.133,0.12,0.126,0.131,0.122,0.125,0.127,0.128,0.121,0.142,0.138,0.122,0.128,0.124,0.126,0.133,0.123,0.127,0.134,0.143,0.125,0.122,0.122,0.122,0.124,0.126,0.123,0.125,0.127,0.124,0.084,0.089,0.116,0.123,0.124,0.122,0.13,0.126,0.122,0.128,0.124,0.124,0.082,0.083
3:50:03,24,0.085,0.086,0.086,0.087,0.088,0.084,0.086,0.085,0.091,0.09,0.088,0.086,0.132,0.14,0.137,0.122,0.124,0.116,0.122,0.128,0.119,0.122,0.128,0.124,0.125,0.144,0.137,0.124,0.125,0.12,0.126,0.128,0.119,0.124,0.126,0.129,0.122,0.139,0.137,0.124,0.131,0.122,0.126,0.131,0.121,0.139,0.132,0.129,0.127,0.145,0.142,0.125,0.133,0.12,0.126,0.131,0.122,0.125,0.127,0.128,0.122,0.142,0.138,0.122,0.128,0.124,0.127,0.133,0.122,0.128,0.134,0.143,0.125,0.122,0.122,0.122,0.124,0.125,0.124,0.125,0.127,0.124,0.084,0.089,0.116,0.123,0.124,0.122,0.131,0.126,0.122,0.128,0.124,0.124,0.082,0.083
4:00:03,24,0.085,0.086,0.086,0.086,0.088,0.084,0.086,0.085,0.091,0.09,0.088,0.085,0.131,0.14,0.136,0.122,0.124,0.116,0.122,0.128,0.118,0.122,0.129,0.126,0.125,0.143,0.137,0.123,0.125,0.12,0.126,0.128,0.119,0.124,0.126,0.13,0.122,0.139,0.137,0.124,0.131,0.122,0.126,0.131,0.121,0.14,0.132,0.129,0.127,0.145,0.142,0.125,0.132,0.12,0.126,0.131,0.122,0.125,0.127,0.128,0.122,0.142,0.138,0.122,0.127,0.124,0.126,0.133,0.122,0.128,0.134,0.142,0.125,0.122,0.122,0.121,0.123,0.125,0.124,0.125,0.127,0.124,0.084,0.089,0.116,0.123,0.124,0.123,0.13,0.126,0.122,0.128,0.124,0.124,0.082,0.083
4:10:03,23.9,0.085,0.086,0.086,0.086,0.088,0.084,0.086,0.085,0.091,0.09,0.088,0.086,0.131,0.14,0.138,0.122,0.125,0.115,0.121,0.127,0.119,0.122,0.129,0.126,0.124,0.144,0.137,0.123,0.124,0.119,0.126,0.128,0.119,0.124,0.126,0.13,0.122,0.139,0.137,0.124,0.13,0.121,0.126,0.131,0.121,0.139,0.133,0.13,0.128,0.145,0.142,0.124,0.132,0.12,0.126,0.131,0.122,0.125,0.127,0.129,0.123,0.142,0.138,0.122,0.127,0.124,0.127,0.133,0.123,0.128,0.135,0.143,0.124,0.122,0.122,0.121,0.122,0.124,0.124,0.125,0.128,0.124,0.084,0.089,0.117,0.124,0.125,0.123,0.131,0.126,0.122,0.128,0.124,0.124,0.082,0.083
4:20:03,23.9,0.085,0.086,0.086,0.087,0.088,0.084,0.086,0.085,0.091,0.09,0.088,0.085,0.132,0.139,0.139,0.123,0.125,0.115,0.122,0.128,0.119,0.122,0.129,0.126,0.125,0.144,0.137,0.123,0.124,0.119,0.127,0.128,0.119,0.124,0.127,0.131,0.122,0.139,0.137,0.123,0.13,0.121,0.126,0.131,0.122,0.14,0.133,0.131,0.128,0.145,0.142,0.124,0.132,0.12,0.126,0.131,0.122,0.125,0.128,0.129,0.124,0.142,0.138,0.121,0.127,0.124,0.126,0.133,0.122,0.128,0.135,0.143,0.124,0.122,0.122,0.121,0.121,0.124,0.124,0.125,0.127,0.125,0.084,0.089,0.117,0.124,0.125,0.122,0.131,0.126,0.122,0.128,0.124,0.124,0.082,0.083
4:30:03,23.9,0.085,0.086,0.086,0.087,0.088,0.084,0.086,0.085,0.091,0.09,0.088,0.085,0.132,0.139,0.139,0.122,0.125,0.115,0.122,0.128,0.119,0.121,0.129,0.126,0.124,0.143,0.137,0.122,0.124,0.119,0.127,0.128,0.119,0.125,0.127,0.13,0.123,0.139,0.137,0.123,0.13,0.121,0.126,0.131,0.121,0.14,0.133,0.132,0.128,0.146,0.142,0.124,0.131,0.119,0.127,0.131,0.122,0.126,0.128,0.129,0.124,0.142,0.138,0.122,0.127,0.124,0.126,0.133,0.123,0.128,0.135,0.143,0.125,0.122,0.122,0.121,0.12,0.123,0.124,0.125,0.127,0.124,0.084,0.089,0.118,0.125,0.125,0.123,0.131,0.126,0.122,0.128,0.125,0.124,0.082,0.083
4:40:03,23.9,0.085,0.086,0.086,0.086,0.088,0.084,0.086,0.085,0.091,0.09,0.088,0.085,0.132,0.139,0.138,0.122,0.124,0.115,0.123,0.128,0.119,0.121,0.129,0.126,0.125,0.143,0.137,0.122,0.124,0.119,0.127,0.128,0.118,0.125,0.127,0.13,0.124,0.139,0.137,0.123,0.129,0.121,0.127,0.131,0.121,0.14,0.134,0.132,0.129,0.146,0.143,0.124,0.131,0.119,0.126,0.131,0.122,0.126,0.128,0.129,0.126,0.142,0.138,0.121,0.126,0.123,0.126,0.133,0.122,0.128,0.135,0.142,0.126,0.122,0.122,0.121,0.121,0.123,0.123,0.125,0.127,0.124,0.084,0.089,0.118,0.125,0.125,0.122,0.131,0.126,0.122,0.128,0.125,0.124,0.082,0.083
4:50:03,23.9,0.085,0.086,0.086,0.086,0.088,0.084,0.086,0.085,0.091,0.09,0.088,0.085,0.133,0.139,0.139,0.121,0.123,0.115,0.124,0.128,0.118,0.121,0.129,0.126,0.125,0.143,0.137,0.121,0.123,0.119,0.127,0.128,0.119,0.125,0.127,0.131,0.124,0.139,0.137,0.122,0.129,0.121,0.127,0.131,0.121,0.14,0.134,0.132,0.13,0.146,0.143,0.124,0.131,0.119,0.126,0.131,0.121,0.126,0.128,0.129,0.127,0.142,0.138,0.122,0.126,0.123,0.126,0.133,0.122,0.128,0.135,0.143,0.127,0.123,0.122,0.121,0.121,0.123,0.124,0.125,0.128,0.124,0.084,0.089,0.118,0.125,0.125,0.123,0.131,0.126,0.122,0.128,0.125,0.124,0.082,0.083
5:00:03,23.9,0.085,0.086,0.086,0.086,0.088,0.084,0.086,0.085,0.091,0.09,0.088,0.085,0.133,0.139,0.139,0.121,0.122,0.115,0.124,0.127,0.118,0.121,0.129,0.126,0.125,0.144,0.137,0.121,0.122,0.119,0.128,0.128,0.118,0.125,0.127,0.131,0.125,0.139,0.137,0.122,0.129,0.12,0.127,0.131,0.121,0.141,0.134,0.132,0.13,0.145,0.143,0.123,0.13,0.119,0.126,0.131,0.121,0.126,0.128,0.129,0.128,0.142,0.139,0.122,0.126,0.123,0.126,0.133,0.122,0.128,0.136,0.142,0.127,0.123,0.122,0.121,0.122,0.123,0.124,0.125,0.128,0.125,0.084,0.089,0.118,0.126,0.125,0.122,0.13,0.126,0.122,0.127,0.125,0.124,0.082,0.083
5:10:03,23.9,0.085,0.086,0.086,0.086,0.088,0.084,0.086,0.085,0.091,0.09,0.088,0.085,0.133,0.139,0.139,0.121,0.122,0.115,0.124,0.127,0.118,0.122,0.129,0.126,0.126,0.144,0.137,0.122,0.123,0.118,0.128,0.128,0.118,0.125,0.127,0.131,0.126,0.14,0.137,0.122,0.128,0.12,0.128,0.131,0.121,0.141,0.134,0.133,0.13,0.146,0.143,0.123,0.13,0.118,0.127,0.131,0.122,0.126,0.128,0.129,0.128,0.142,0.139,0.121,0.125,0.123,0.126,0.133,0.122,0.128,0.136,0.143,0.128,0.123,0.122,0.121,0.123,0.123,0.124,0.125,0.128,0.125,0.084,0.089,0.119,0.126,0.125,0.122,0.132,0.126,0.122,0.128,0.125,0.125,0.082,0.083
5:20:03,23.9,0.085,0.086,0.086,0.086,0.088,0.084,0.086,0.085,0.091,0.09,0.088,0.085,0.132,0.139,0.138,0.12,0.122,0.114,0.125,0.127,0.118,0.122,0.128,0.125,0.126,0.144,0.137,0.122,0.123,0.118,0.129,0.128,0.118,0.125,0.127,0.132,0.126,0.14,0.137,0.122,0.128,0.119,0.128,0.131,0.121,0.142,0.134,0.133,0.13,0.146,0.143,0.123,0.13,0.118,0.127,0.131,0.121,0.127,0.129,0.129,0.128,0.142,0.139,0.121,0.125,0.123,0.127,0.133,0.122,0.128,0.136,0.142,0.128,0.124,0.122,0.121,0.124,0.123,0.125,0.126,0.128,0.125,0.084,0.089,0.119,0.127,0.125,0.122,0.131,0.126,0.123,0.128,0.126,0.125,0.082,0.083
5:30:03,23.8,0.085,0.086,0.086,0.086,0.088,0.084,0.086,0.085,0.091,0.09,0.088,0.085,0.133,0.139,0.138,0.12,0.121,0.114,0.125,0.127,0.118,0.122,0.128,0.125,0.126,0.144,0.137,0.122,0.122,0.118,0.129,0.128,0.118,0.126,0.128,0.132,0.126,0.14,0.137,0.122,0.128,0.12,0.129,0.131,0.121,0.141,0.134,0.133,0.129,0.147,0.144,0.123,0.129,0.118,0.127,0.131,0.121,0.127,0.128,0.129,0.129,0.142,0.139,0.122,0.124,0.123,0.127,0.133,0.122,0.128,0.136,0.143,0.129,0.124,0.121,0.121,0.124,0.123,0.125,0.126,0.128,0.126,0.084,0.089,0.119,0.127,0.125,0.122,0.131,0.127,0.123,0.128,0.126,0.125,0.082,0.083
5:40:03,23.8,0.085,0.086,0.086,0.086,0.088,0.084,0.086,0.085,0.091,0.09,0.088,0.085,0.133,0.139,0.138,0.12,0.121,0.114,0.125,0.127,0.118,0.122,0.128,0.126,0.127,0.144,0.137,0.122,0.122,0.118,0.129,0.128,0.118,0.125,0.128,0.132,0.126,0.141,0.137,0.121,0.127,0.119,0.129,0.131,0.121,0.142,0.134,0.134,0.13,0.147,0.143,0.123,0.129,0.118,0.127,0.131,0.122,0.127,0.129,0.13,0.128,0.143,0.139,0.121,0.124,0.123,0.127,0.133,0.122,0.128,0.136,0.143,0.13,0.124,0.121,0.122,0.124,0.123,0.125,0.126,0.129,0.126,0.084,0.089,0.12,0.127,0.125,0.123,0.132,0.126,0.123,0.128,0.126,0.125,0.082,0.083
5:50:03,23.8,0.085,0.086,0.086,0.086,0.088,0.084,0.086,0.085,0.091,0.09,0.088,0.085,0.134,0.139,0.137,0.12,0.12,0.113,0.124,0.127,0.118,0.123,0.127,0.126,0.127,0.145,0.137,0.123,0.121,0.118,0.128,0.128,0.118,0.126,0.128,0.133,0.127,0.141,0.137,0.122,0.127,0.119,0.129,0.131,0.121,0.141,0.134,0.134,0.13,0.147,0.144,0.122,0.129,0.118,0.128,0.131,0.122,0.128,0.129,0.13,0.128,0.143,0.139,0.121,0.124,0.123,0.127,0.133,0.122,0.129,0.136,0.143,0.129,0.125,0.121,0.122,0.123,0.124,0.125,0.127,0.129,0.125,0.084,0.089,0.121,0.128,0.125,0.122,0.132,0.127,0.123,0.128,0.126,0.126,0.082,0.083
6:00:03,23.8,0.085,0.086,0.086,0.086,0.088,0.084,0.086,0.085,0.091,0.09,0.088,0.085,0.134,0.139,0.137,0.119,0.12,0.113,0.124,0.127,0.118,0.123,0.127,0.125,0.127,0.145,0.137,0.123,0.121,0.118,0.129,0.128,0.118,0.126,0.128,0.133,0.127,0.141,0.137,0.122,0.127,0.119,0.129,0.131,0.121,0.142,0.134,0.134,0.13,0.148,0.144,0.123,0.128,0.118,0.128,0.131,0.121,0.128,0.129,0.13,0.127,0.143,0.14,0.122,0.123,0.122,0.127,0.133,0.122,0.129,0.136,0.143,0.127,0.125,0.121,0.123,0.123,0.124,0.125,0.127,0.13,0.126,0.084,0.089,0.121,0.128,0.125,0.122,0.132,0.127,0.123,0.127,0.126,0.126,0.082,0.083
6:10:03,23.8,0.085,0.086,0.086,0.086,0.088,0.084,0.086,0.085,0.091,0.09,0.088,0.085,0.134,0.139,0.137,0.12,0.12,0.112,0.123,0.127,0.117,0.123,0.127,0.122,0.128,0.145,0.137,0.123,0.121,0.118,0.13,0.128,0.118,0.126,0.128,0.133,0.127,0.142,0.137,0.122,0.126,0.12,0.129,0.131,0.121,0.142,0.134,0.134,0.13,0.148,0.144,0.123,0.128,0.118,0.129,0.131,0.121,0.129,0.129,0.13,0.127,0.144,0.14,0.123,0.123,0.123,0.127,0.132,0.122,0.129,0.136,0.144,0.126,0.126,0.121,0.122,0.124,0.124,0.125,0.128,0.13,0.126,0.084,0.089,0.121,0.129,0.125,0.122,0.131,0.127,0.123,0.127,0.126,0.126,0.082,0.083
6:20:03,23.8,0.085,0.086,0.086,0.086,0.088,0.084,0.086,0.085,0.091,0.09,0.088,0.085,0.134,0.139,0.137,0.119,0.119,0.112,0.123,0.127,0.117,0.123,0.127,0.123,0.128,0.146,0.137,0.124,0.121,0.118,0.13,0.128,0.118,0.127,0.128,0.132,0.128,0.142,0.138,0.123,0.126,0.119,0.13,0.131,0.121,0.141,0.134,0.134,0.129,0.148,0.144,0.123,0.128,0.118,0.129,0.131,0.121,0.129,0.129,0.129,0.127,0.144,0.14,0.123,0.123,0.123,0.127,0.133,0.122,0.129,0.136,0.143,0.126,0.126,0.12,0.123,0.124,0.124,0.125,0.128,0.13,0.127,0.084,0.089,0.121,0.129,0.125,0.122,0.131,0.127,0.124,0.127,0.126,0.127,0.082,0.083
6:30:03,23.8,0.085,0.086,0.086,0.086,0.088,0.084,0.086,0.085,0.091,0.09,0.088,0.085,0.134,0.139,0.137,0.12,0.119,0.112,0.124,0.127,0.117,0.123,0.127,0.123,0.128,0.146,0.138,0.124,0.121,0.119,0.13,0.128,0.118,0.127,0.128,0.132,0.127,0.143,0.138,0.123,0.126,0.12,0.13,0.131,0.121,0.141,0.134,0.134,0.129,0.149,0.144,0.123,0.128,0.117,0.129,0.131,0.122,0.13,0.129,0.129,0.126,0.145,0.141,0.122,0.123,0.123,0.128,0.132,0.122,0.13,0.136,0.143,0.125,0.126,0.12,0.122,0.124,0.124,0.125,0.128,0.13,0.127,0.084,0.089,0.121,0.13,0.125,0.122,0.132,0.127,0.123,0.127,0.126,0.127,0.082,0.083
6:40:03,23.8,0.085,0.086,0.086,0.086,0.088,0.085,0.086,0.085,0.091,0.09,0.088,0.085,0.134,0.139,0.137,0.12,0.119,0.112,0.125,0.127,0.117,0.123,0.127,0.125,0.129,0.147,0.138,0.124,0.121,0.119,0.129,0.128,0.118,0.126,0.128,0.133,0.128,0.143,0.138,0.123,0.126,0.12,0.13,0.13,0.121,0.141,0.134,0.134,0.128,0.149,0.144,0.124,0.128,0.118,0.129,0.131,0.122,0.13,0.128,0.13,0.125,0.145,0.141,0.123,0.122,0.123,0.128,0.132,0.122,0.13,0.136,0.143,0.125,0.127,0.119,0.123,0.124,0.124,0.125,0.129,0.131,0.127,0.084,0.089,0.122,0.13,0.126,0.123,0.131,0.127,0.123,0.126,0.126,0.127,0.082,0.083
6:50:03,23.7,0.085,0.086,0.086,0.086,0.088,0.084,0.086,0.085,0.091,0.09,0.088,0.085,0.135,0.139,0.137,0.119,0.119,0.112,0.125,0.127,0.117,0.123,0.127,0.126,0.129,0.147,0.138,0.124,0.121,0.119,0.129,0.128,0.118,0.126,0.128,0.134,0.128,0.143,0.139,0.124,0.126,0.121,0.13,0.131,0.121,0.141,0.133,0.134,0.127,0.15,0.145,0.123,0.128,0.118,0.129,0.131,0.122,0.13,0.128,0.132,0.124,0.145,0.142,0.124,0.123,0.123,0.128,0.132,0.122,0.13,0.135,0.145,0.124,0.127,0.119,0.123,0.124,0.124,0.125,0.129,0.131,0.128,0.084,0.089,0.122,0.13,0.126,0.123,0.131,0.126,0.124,0.126,0.126,0.127,0.082,0.083
7:00:03,23.6,0.085,0.086,0.086,0.086,0.088,0.084,0.086,0.085,0.091,0.09,0.088,0.085,0.135,0.139,0.137,0.12,0.119,0.112,0.125,0.126,0.117,0.122,0.127,0.127,0.128,0.148,0.139,0.124,0.121,0.12,0.129,0.128,0.119,0.126,0.127,0.135,0.128,0.144,0.139,0.124,0.126,0.121,0.13,0.131,0.121,0.141,0.134,0.135,0.127,0.15,0.145,0.125,0.128,0.118,0.129,0.132,0.122,0.13,0.128,0.132,0.124,0.146,0.143,0.124,0.122,0.124,0.128,0.132,0.122,0.131,0.135,0.146,0.123,0.128,0.119,0.123,0.124,0.124,0.125,0.129,0.131,0.127,0.084,0.089,0.122,0.131,0.126,0.123,0.132,0.126,0.123,0.126,0.126,0.127,0.082,0.083
7:10:03,23.3,0.085,0.086,0.086,0.087,0.088,0.084,0.086,0.085,0.091,0.09,0.088,0.085,0.135,0.14,0.138,0.12,0.118,0.112,0.126,0.126,0.117,0.122,0.127,0.13,0.13,0.149,0.14,0.124,0.121,0.121,0.129,0.128,0.119,0.126,0.127,0.135,0.129,0.145,0.14,0.124,0.127,0.122,0.13,0.131,0.122,0.141,0.133,0.135,0.126,0.151,0.146,0.125,0.128,0.119,0.13,0.132,0.123,0.13,0.128,0.132,0.123,0.147,0.143,0.123,0.122,0.124,0.128,0.132,0.122,0.131,0.135,0.148,0.123,0.128,0.119,0.123,0.123,0.124,0.125,0.13,0.132,0.128,0.084,0.089,0.122,0.131,0.126,0.123,0.131,0.126,0.123,0.126,0.126,0.128,0.082,0.083
7:20:03,23.1,0.085,0.086,0.086,0.087,0.088,0.085,0.086,0.085,0.091,0.09,0.088,0.086,0.135,0.141,0.138,0.12,0.119,0.112,0.126,0.126,0.116,0.122,0.128,0.129,0.13,0.15,0.14,0.124,0.122,0.121,0.129,0.128,0.119,0.126,0.128,0.134,0.129,0.146,0.141,0.125,0.127,0.122,0.13,0.132,0.122,0.141,0.133,0.135,0.126,0.152,0.147,0.125,0.129,0.12,0.13,0.132,0.123,0.13,0.129,0.133,0.123,0.148,0.144,0.123,0.123,0.125,0.128,0.132,0.122,0.131,0.135,0.148,0.123,0.128,0.118,0.123,0.123,0.124,0.125,0.13,0.132,0.128,0.084,0.089,0.122,0.131,0.125,0.123,0.13,0.126,0.123,0.125,0.127,0.13,0.082,0.083
7:30:03,23.1,0.085,0.086,0.086,0.087,0.088,0.085,0.086,0.085,0.091,0.09,0.088,0.086,0.135,0.141,0.138,0.12,0.119,0.112,0.126,0.125,0.117,0.122,0.128,0.129,0.131,0.15,0.141,0.124,0.122,0.121,0.129,0.127,0.12,0.126,0.127,0.133,0.129,0.147,0.142,0.125,0.127,0.122,0.13,0.132,0.123,0.14,0.134,0.135,0.125,0.153,0.147,0.126,0.129,0.12,0.13,0.132,0.124,0.13,0.129,0.133,0.123,0.15,0.144,0.123,0.124,0.126,0.128,0.132,0.122,0.131,0.136,0.149,0.123,0.128,0.118,0.123,0.123,0.125,0.125,0.13,0.132,0.128,0.084,0.089,0.122,0.131,0.124,0.122,0.13,0.125,0.123,0.125,0.127,0.131,0.082,0.084
7:40:03,23,0.085,0.086,0.086,0.087,0.088,0.085,0.086,0.085,0.091,0.09,0.088,0.086,0.136,0.141,0.139,0.12,0.118,0.112,0.125,0.126,0.118,0.122,0.129,0.126,0.132,0.151,0.141,0.125,0.122,0.121,0.128,0.127,0.12,0.126,0.128,0.133,0.13,0.147,0.142,0.125,0.128,0.123,0.129,0.131,0.123,0.14,0.133,0.134,0.125,0.153,0.148,0.126,0.129,0.12,0.13,0.132,0.124,0.13,0.129,0.133,0.123,0.15,0.144,0.124,0.123,0.126,0.128,0.132,0.122,0.13,0.136,0.149,0.124,0.128,0.118,0.123,0.123,0.125,0.125,0.13,0.132,0.128,0.084,0.089,0.123,0.131,0.124,0.123,0.13,0.125,0.123,0.124,0.127,0.13,0.082,0.084
7:50:03,23.1,0.085,0.086,0.086,0.087,0.088,0.085,0.086,0.085,0.091,0.09,0.088,0.086,0.136,0.142,0.141,0.12,0.118,0.112,0.125,0.126,0.116,0.122,0.129,0.126,0.131,0.151,0.141,0.124,0.122,0.121,0.129,0.127,0.119,0.126,0.128,0.132,0.131,0.148,0.142,0.125,0.128,0.123,0.13,0.131,0.123,0.14,0.136,0.134,0.125,0.153,0.148,0.126,0.13,0.12,0.13,0.132,0.124,0.13,0.13,0.133,0.122,0.15,0.145,0.124,0.124,0.126,0.128,0.131,0.122,0.13,0.137,0.149,0.124,0.13,0.118,0.123,0.123,0.124,0.124,0.131,0.133,0.128,0.084,0.089,0.123,0.132,0.124,0.122,0.129,0.124,0.123,0.124,0.127,0.131,0.082,0.084
8:00:03,23,0.085,0.086,0.086,0.087,0.088,0.085,0.086,0.085,0.091,0.09,0.088,0.086,0.137,0.142,0.141,0.12,0.118,0.113,0.125,0.126,0.117,0.123,0.13,0.125,0.132,0.152,0.141,0.124,0.123,0.122,0.128,0.128,0.119,0.126,0.129,0.132,0.131,0.148,0.142,0.126,0.128,0.123,0.129,0.131,0.123,0.14,0.136,0.134,0.124,0.153,0.148,0.126,0.129,0.12,0.13,0.132,0.124,0.13,0.131,0.133,0.121,0.151,0.145,0.124,0.123,0.126,0.128,0.13,0.123,0.13,0.138,0.149,0.125,0.13,0.118,0.123,0.123,0.123,0.124,0.131,0.133,0.127,0.084,0.089,0.123,0.132,0.124,0.123,0.129,0.124,0.124,0.124,0.127,0.131,0.082,0.083
8:10:03,23,0.085,0.086,0.086,0.087,0.088,0.084,0.086,0.085,0.091,0.09,0.088,0.086,0.137,0.142,0.142,0.12,0.119,0.113,0.126,0.126,0.116,0.123,0.13,0.124,0.132,0.152,0.142,0.125,0.123,0.122,0.128,0.128,0.119,0.127,0.129,0.132,0.131,0.148,0.142,0.126,0.128,0.123,0.129,0.132,0.123,0.141,0.136,0.133,0.124,0.154,0.148,0.126,0.129,0.12,0.13,0.133,0.123,0.13,0.131,0.134,0.12,0.151,0.145,0.124,0.124,0.126,0.128,0.131,0.123,0.13,0.138,0.149,0.124,0.13,0.118,0.123,0.123,0.123,0.124,0.132,0.134,0.128,0.084,0.089,0.123,0.132,0.124,0.122,0.129,0.124,0.123,0.124,0.126,0.132,0.082,0.083
8:20:03,23,0.085,0.086,0.086,0.087,0.088,0.084,0.086,0.085,0.091,0.09,0.088,0.086,0.137,0.142,0.142,0.12,0.119,0.114,0.126,0.125,0.116,0.124,0.13,0.124,0.132,0.152,0.143,0.124,0.123,0.121,0.128,0.128,0.119,0.128,0.129,0.136,0.132,0.148,0.143,0.125,0.128,0.123,0.129,0.132,0.123,0.141,0.136,0.133,0.123,0.154,0.148,0.126,0.129,0.12,0.129,0.133,0.122,0.13,0.132,0.134,0.12,0.151,0.146,0.124,0.124,0.126,0.127,0.131,0.123,0.13,0.138,0.149,0.123,0.131,0.119,0.122,0.123,0.123,0.124,0.132,0.134,0.127,0.084,0.089,0.123,0.132,0.124,0.123,0.127,0.124,0.123,0.122,0.126,0.132,0.082,0.083
8:30:03,23,0.085,0.086,0.086,0.087,0.088,0.085,0.086,0.085,0.091,0.09,0.088,0.086,0.137,0.142,0.142,0.12,0.119,0.114,0.127,0.124,0.115,0.125,0.13,0.124,0.133,0.153,0.144,0.124,0.123,0.121,0.129,0.128,0.118,0.129,0.13,0.136,0.132,0.148,0.144,0.126,0.128,0.123,0.129,0.132,0.122,0.143,0.136,0.133,0.123,0.154,0.149,0.126,0.129,0.12,0.129,0.133,0.122,0.13,0.132,0.134,0.12,0.151,0.146,0.124,0.123,0.127,0.127,0.132,0.123,0.13,0.138,0.149,0.124,0.131,0.119,0.122,0.123,0.123,0.124,0.133,0.135,0.128,0.084,0.089,0.124,0.132,0.124,0.122,0.128,0.123,0.122,0.121,0.126,0.134,0.082,0.083
8:40:03,23,0.085,0.086,0.086,0.087,0.088,0.085,0.086,0.085,0.091,0.09,0.088,0.086,0.137,0.143,0.143,0.12,0.119,0.114,0.127,0.124,0.115,0.126,0.13,0.125,0.133,0.153,0.145,0.125,0.124,0.122,0.129,0.128,0.118,0.13,0.13,0.137,0.132,0.149,0.145,0.126,0.129,0.124,0.129,0.132,0.121,0.144,0.136,0.134,0.122,0.154,0.15,0.126,0.13,0.121,0.129,0.133,0.122,0.13,0.132,0.135,0.12,0.152,0.147,0.124,0.124,0.128,0.127,0.132,0.121,0.13,0.139,0.15,0.124,0.132,0.119,0.122,0.123,0.123,0.124,0.133,0.136,0.128,0.084,0.089,0.125,0.133,0.124,0.122,0.128,0.123,0.123,0.121,0.126,0.134,0.082,0.083
8:50:03,23,0.085,0.086,0.086,0.087,0.088,0.084,0.086,0.085,0.091,0.09,0.088,0.086,0.138,0.144,0.143,0.12,0.12,0.114,0.128,0.123,0.114,0.127,0.13,0.125,0.134,0.153,0.145,0.125,0.124,0.123,0.129,0.128,0.117,0.131,0.129,0.137,0.133,0.149,0.146,0.126,0.129,0.124,0.129,0.132,0.121,0.145,0.135,0.135,0.122,0.154,0.151,0.126,0.13,0.122,0.129,0.132,0.121,0.13,0.132,0.136,0.12,0.152,0.148,0.124,0.124,0.129,0.127,0.132,0.121,0.13,0.138,0.151,0.124,0.132,0.119,0.122,0.122,0.124,0.124,0.134,0.137,0.128,0.084,0.089,0.125,0.133,0.124,0.123,0.127,0.123,0.123,0.121,0.125,0.135,0.082,0.083
9:00:03,23,0.085,0.086,0.086,0.087,0.088,0.084,0.086,0.085,0.091,0.09,0.088,0.086,0.138,0.144,0.143,0.12,0.12,0.114,0.128,0.122,0.113,0.129,0.13,0.126,0.134,0.153,0.145,0.125,0.124,0.123,0.129,0.128,0.117,0.132,0.129,0.138,0.133,0.149,0.146,0.126,0.129,0.124,0.129,0.132,0.12,0.146,0.135,0.136,0.121,0.154,0.152,0.127,0.13,0.123,0.129,0.132,0.12,0.13,0.131,0.138,0.119,0.151,0.149,0.124,0.124,0.129,0.127,0.131,0.12,0.131,0.138,0.152,0.122,0.133,0.119,0.122,0.123,0.123,0.124,0.134,0.138,0.128,0.084,0.089,0.126,0.134,0.124,0.122,0.126,0.123,0.122,0.121,0.127,0.137,0.082,0.083
9:10:03,23,0.085,0.086,0.086,0.087,0.088,0.085,0.086,0.085,0.091,0.09,0.088,0.085,0.138,0.146,0.143,0.12,0.12,0.114,0.128,0.122,0.113,0.13,0.13,0.127,0.135,0.154,0.146,0.125,0.125,0.124,0.13,0.128,0.116,0.133,0.129,0.139,0.133,0.149,0.146,0.126,0.129,0.125,0.129,0.131,0.119,0.147,0.135,0.138,0.121,0.154,0.153,0.127,0.13,0.124,0.129,0.131,0.12,0.13,0.131,0.14,0.12,0.151,0.149,0.125,0.125,0.129,0.127,0.131,0.12,0.131,0.138,0.155,0.124,0.134,0.119,0.121,0.124,0.124,0.124,0.134,0.138,0.129,0.084,0.089,0.127,0.134,0.124,0.123,0.126,0.122,0.122,0.121,0.127,0.14,0.082,0.083
9:20:03,23.1,0.085,0.086,0.086,0.087,0.088,0.085,0.086,0.085,0.091,0.09,0.088,0.085,0.139,0.146,0.143,0.12,0.12,0.114,0.129,0.121,0.113,0.131,0.13,0.129,0.135,0.154,0.146,0.126,0.125,0.124,0.13,0.127,0.115,0.135,0.129,0.14,0.133,0.15,0.147,0.126,0.13,0.125,0.13,0.131,0.119,0.149,0.135,0.14,0.121,0.155,0.153,0.127,0.13,0.123,0.129,0.131,0.119,0.13,0.131,0.142,0.118,0.151,0.149,0.124,0.125,0.129,0.127,0.131,0.12,0.131,0.138,0.157,0.124,0.134,0.119,0.121,0.123,0.123,0.124,0.134,0.139,0.129,0.084,0.089,0.128,0.135,0.124,0.122,0.125,0.123,0.122,0.122,0.128,0.139,0.082,0.084
9:30:03,23.1,0.085,0.086,0.086,0.087,0.088,0.085,0.086,0.085,0.091,0.09,0.088,0.085,0.138,0.147,0.143,0.12,0.12,0.114,0.129,0.121,0.112,0.132,0.13,0.131,0.136,0.155,0.147,0.126,0.125,0.124,0.13,0.127,0.115,0.136,0.129,0.142,0.133,0.15,0.148,0.127,0.13,0.125,0.13,0.13,0.118,0.15,0.135,0.143,0.121,0.155,0.153,0.127,0.131,0.124,0.129,0.13,0.119,0.13,0.131,0.144,0.118,0.151,0.149,0.124,0.126,0.129,0.127,0.13,0.119,0.131,0.138,0.159,0.122,0.135,0.119,0.122,0.123,0.123,0.124,0.135,0.14,0.129,0.084,0.089,0.129,0.136,0.124,0.123,0.125,0.123,0.122,0.124,0.128,0.14,0.082,0.083
9:40:03,23,0.085,0.086,0.086,0.087,0.088,0.085,0.086,0.085,0.091,0.09,0.088,0.086,0.139,0.148,0.143,0.12,0.121,0.114,0.13,0.12,0.112,0.133,0.131,0.132,0.136,0.155,0.147,0.126,0.126,0.124,0.131,0.126,0.115,0.137,0.13,0.144,0.134,0.151,0.148,0.127,0.13,0.125,0.13,0.13,0.118,0.15,0.135,0.145,0.12,0.156,0.153,0.127,0.132,0.124,0.129,0.129,0.118,0.131,0.131,0.146,0.118,0.152,0.149,0.125,0.127,0.13,0.127,0.13,0.119,0.132,0.139,0.16,0.123,0.136,0.118,0.122,0.123,0.123,0.125,0.136,0.142,0.13,0.084,0.089,0.131,0.137,0.125,0.123,0.125,0.123,0.121,0.126,0.129,0.14,0.082,0.084
9:50:03,23.1,0.085,0.086,0.086,0.087,0.088,0.085,0.086,0.085,0.091,0.09,0.088,0.085,0.139,0.148,0.143,0.12,0.121,0.113,0.13,0.12,0.113,0.134,0.132,0.135,0.137,0.156,0.147,0.126,0.126,0.124,0.131,0.125,0.114,0.137,0.131,0.146,0.134,0.152,0.148,0.127,0.131,0.125,0.13,0.129,0.118,0.151,0.136,0.147,0.12,0.157,0.154,0.127,0.133,0.124,0.129,0.128,0.118,0.131,0.132,0.148,0.118,0.152,0.15,0.124,0.128,0.129,0.127,0.129,0.119,0.132,0.139,0.162,0.121,0.136,0.118,0.123,0.123,0.124,0.125,0.138,0.143,0.131,0.084,0.089,0.132,0.138,0.125,0.122,0.123,0.123,0.121,0.128,0.129,0.139,0.082,0.083
10:00:03,23.1,0.085,0.086,0.086,0.086,0.088,0.084,0.086,0.085,0.091,0.09,0.088,0.085,0.139,0.148,0.143,0.12,0.121,0.113,0.131,0.12,0.113,0.135,0.133,0.136,0.137,0.156,0.147,0.127,0.126,0.123,0.132,0.125,0.115,0.138,0.131,0.148,0.134,0.152,0.148,0.127,0.131,0.125,0.131,0.128,0.117,0.152,0.137,0.149,0.12,0.158,0.154,0.127,0.133,0.124,0.129,0.128,0.119,0.132,0.133,0.149,0.117,0.153,0.149,0.125,0.129,0.129,0.127,0.129,0.12,0.133,0.14,0.164,0.122,0.137,0.118,0.123,0.123,0.124,0.125,0.139,0.144,0.131,0.084,0.089,0.134,0.139,0.125,0.122,0.123,0.124,0.121,0.129,0.13,0.137,0.082,0.083
10:10:03,23.1,0.085,0.086,0.086,0.086,0.088,0.084,0.086,0.085,0.091,0.09,0.088,0.085,0.139,0.149,0.143,0.12,0.121,0.113,0.131,0.12,0.114,0.135,0.134,0.138,0.137,0.157,0.147,0.127,0.127,0.123,0.132,0.124,0.115,0.139,0.132,0.149,0.135,0.153,0.149,0.127,0.131,0.124,0.131,0.128,0.118,0.152,0.138,0.15,0.12,0.158,0.154,0.128,0.133,0.124,0.129,0.127,0.119,0.132,0.134,0.151,0.117,0.154,0.149,0.125,0.129,0.128,0.127,0.129,0.12,0.133,0.141,0.165,0.121,0.138,0.118,0.123,0.123,0.124,0.125,0.14,0.145,0.132,0.084,0.089,0.135,0.139,0.125,0.122,0.124,0.125,0.121,0.129,0.131,0.135,0.082,0.083
10:20:03,23.1,0.085,0.086,0.086,0.087,0.088,0.085,0.086,0.085,0.091,0.09,0.088,0.085,0.14,0.149,0.143,0.12,0.121,0.113,0.132,0.121,0.115,0.136,0.136,0.139,0.138,0.157,0.147,0.127,0.127,0.123,0.132,0.124,0.116,0.14,0.134,0.15,0.135,0.153,0.149,0.128,0.131,0.124,0.131,0.127,0.119,0.153,0.14,0.152,0.12,0.159,0.154,0.128,0.133,0.123,0.129,0.127,0.12,0.133,0.136,0.152,0.117,0.154,0.149,0.125,0.129,0.128,0.127,0.129,0.121,0.134,0.143,0.166,0.121,0.139,0.118,0.124,0.123,0.125,0.125,0.141,0.145,0.133,0.084,0.089,0.136,0.14,0.124,0.122,0.124,0.126,0.124,0.13,0.131,0.134,0.082,0.083
10:30:03,23.1,0.085,0.086,0.086,0.087,0.088,0.084,0.086,0.085,0.091,0.09,0.088,0.085,0.14,0.149,0.143,0.12,0.121,0.113,0.132,0.122,0.116,0.137,0.137,0.141,0.138,0.157,0.147,0.127,0.127,0.122,0.133,0.123,0.117,0.14,0.135,0.151,0.135,0.153,0.149,0.128,0.131,0.123,0.132,0.127,0.119,0.153,0.141,0.153,0.12,0.159,0.154,0.128,0.133,0.123,0.129,0.127,0.121,0.133,0.137,0.154,0.117,0.155,0.149,0.125,0.129,0.128,0.127,0.129,0.122,0.135,0.145,0.168,0.121,0.141,0.118,0.124,0.124,0.126,0.125,0.141,0.146,0.134,0.084,0.089,0.137,0.141,0.124,0.122,0.126,0.127,0.125,0.13,0.132,0.134,0.082,0.083
10:40:03,23.1,0.085,0.086,0.086,0.087,0.088,0.085,0.086,0.085,0.091,0.09,0.088,0.085,0.14,0.148,0.144,0.12,0.121,0.113,0.132,0.123,0.117,0.137,0.138,0.142,0.139,0.158,0.147,0.127,0.127,0.122,0.133,0.123,0.117,0.141,0.136,0.152,0.136,0.153,0.148,0.128,0.131,0.123,0.132,0.126,0.12,0.154,0.142,0.154,0.12,0.159,0.153,0.128,0.133,0.122,0.129,0.127,0.122,0.134,0.139,0.154,0.117,0.156,0.148,0.125,0.128,0.128,0.127,0.129,0.123,0.136,0.146,0.168,0.121,0.142,0.118,0.124,0.125,0.128,0.125,0.141,0.146,0.135,0.084,0.089,0.137,0.141,0.124,0.122,0.127,0.127,0.125,0.13,0.132,0.134,0.082,0.083
10:50:03,23.1,0.085,0.086,0.086,0.086,0.088,0.085,0.086,0.085,0.091,0.09,0.088,0.085,0.141,0.148,0.145,0.12,0.121,0.113,0.131,0.124,0.117,0.138,0.139,0.143,0.139,0.158,0.147,0.127,0.127,0.122,0.133,0.124,0.118,0.141,0.138,0.153,0.136,0.153,0.148,0.128,0.131,0.123,0.132,0.127,0.121,0.155,0.143,0.155,0.119,0.16,0.153,0.128,0.133,0.122,0.129,0.127,0.123,0.135,0.14,0.155,0.117,0.156,0.148,0.126,0.128,0.128,0.127,0.129,0.124,0.136,0.147,0.169,0.121,0.142,0.119,0.124,0.127,0.129,0.125,0.142,0.146,0.135,0.084,0.089,0.138,0.142,0.124,0.122,0.128,0.128,0.126,0.13,0.132,0.134,0.082,0.084
11:00:03,23.1,0.085,0.086,0.086,0.086,0.088,0.085,0.086,0.085,0.091,0.09,0.088,0.085,0.141,0.148,0.145,0.12,0.121,0.113,0.131,0.125,0.118,0.139,0.14,0.144,0.14,0.158,0.147,0.127,0.126,0.122,0.133,0.124,0.119,0.141,0.139,0.155,0.137,0.154,0.148,0.129,0.131,0.122,0.133,0.127,0.121,0.155,0.144,0.156,0.119,0.16,0.153,0.128,0.133,0.122,0.129,0.128,0.123,0.135,0.141,0.156,0.117,0.156,0.148,0.126,0.128,0.128,0.127,0.13,0.125,0.137,0.149,0.17,0.121,0.143,0.118,0.124,0.128,0.13,0.126,0.143,0.146,0.136,0.084,0.089,0.139,0.143,0.125,0.123,0.129,0.129,0.126,0.13,0.132,0.135,0.082,0.083
11:10:03,23.1,0.085,0.086,0.086,0.086,0.088,0.084,0.086,0.085,0.091,0.09,0.088,0.085,0.142,0.148,0.146,0.12,0.121,0.113,0.131,0.126,0.119,0.139,0.141,0.144,0.14,0.158,0.147,0.127,0.126,0.121,0.133,0.124,0.119,0.142,0.14,0.155,0.138,0.154,0.148,0.128,0.13,0.122,0.133,0.127,0.122,0.155,0.145,0.156,0.119,0.159,0.153,0.127,0.132,0.121,0.129,0.129,0.124,0.136,0.142,0.157,0.116,0.155,0.148,0.126,0.127,0.128,0.127,0.131,0.125,0.138,0.149,0.17,0.119,0.145,0.118,0.127,0.13,0.133,0.126,0.143,0.146,0.137,0.084,0.089,0.139,0.144,0.125,0.123,0.129,0.13,0.126,0.13,0.131,0.134,0.082,0.083
11:20:03,23.1,0.085,0.086,0.086,0.087,0.088,0.085,0.086,0.085,0.091,0.09,0.088,0.085,0.142,0.148,0.148,0.121,0.121,0.114,0.131,0.127,0.12,0.14,0.142,0.146,0.141,0.158,0.147,0.127,0.126,0.121,0.133,0.125,0.12,0.142,0.141,0.155,0.138,0.154,0.149,0.129,0.13,0.122,0.133,0.128,0.123,0.156,0.146,0.157,0.119,0.159,0.154,0.128,0.132,0.121,0.129,0.13,0.125,0.137,0.143,0.158,0.116,0.155,0.149,0.126,0.127,0.128,0.127,0.132,0.126,0.138,0.15,0.171,0.12,0.146,0.118,0.125,0.132,0.135,0.126,0.143,0.144,0.137,0.084,0.089,0.14,0.145,0.125,0.124,0.13,0.131,0.127,0.13,0.13,0.133,0.082,0.084
11:30:03,23.1,0.085,0.086,0.086,0.087,0.088,0.085,0.086,0.085,0.091,0.09,0.088,0.085,0.143,0.148,0.149,0.121,0.121,0.115,0.131,0.128,0.12,0.14,0.143,0.146,0.141,0.158,0.148,0.127,0.126,0.121,0.133,0.126,0.12,0.143,0.141,0.156,0.139,0.154,0.149,0.129,0.13,0.122,0.133,0.129,0.123,0.156,0.147,0.158,0.119,0.159,0.154,0.128,0.132,0.122,0.129,0.13,0.125,0.137,0.144,0.158,0.116,0.155,0.15,0.126,0.127,0.129,0.127,0.133,0.126,0.139,0.151,0.171,0.12,0.147,0.119,0.125,0.134,0.137,0.126,0.143,0.144,0.138,0.084,0.089,0.142,0.146,0.125,0.124,0.13,0.131,0.127,0.13,0.131,0.133,0.082,0.083
11:40:03,23.2,0.085,0.086,0.086,0.086,0.088,0.085,0.086,0.085,0.091,0.09,0.088,0.085,0.143,0.148,0.15,0.121,0.122,0.115,0.131,0.128,0.121,0.141,0.144,0.147,0.141,0.158,0.149,0.128,0.126,0.122,0.133,0.127,0.121,0.143,0.142,0.157,0.139,0.153,0.15,0.129,0.13,0.122,0.133,0.129,0.124,0.157,0.148,0.159,0.119,0.159,0.155,0.128,0.132,0.122,0.129,0.131,0.126,0.138,0.145,0.158,0.116,0.155,0.151,0.126,0.127,0.129,0.128,0.134,0.126,0.14,0.152,0.171,0.12,0.148,0.118,0.125,0.136,0.138,0.126,0.142,0.144,0.139,0.084,0.089,0.144,0.148,0.125,0.124,0.131,0.131,0.128,0.13,0.131,0.134,0.082,0.083
11:50:03,23.2,0.085,0.086,0.086,0.087,0.088,0.085,0.086,0.085,0.091,0.09,0.088,0.085,0.144,0.148,0.152,0.121,0.122,0.116,0.131,0.129,0.122,0.142,0.144,0.148,0.142,0.158,0.15,0.128,0.126,0.122,0.133,0.128,0.121,0.144,0.143,0.157,0.14,0.154,0.15,0.129,0.13,0.122,0.133,0.13,0.124,0.157,0.148,0.159,0.118,0.159,0.157,0.129,0.132,0.122,0.129,0.132,0.126,0.139,0.145,0.159,0.116,0.155,0.152,0.126,0.127,0.13,0.128,0.134,0.127,0.141,0.153,0.171,0.12,0.149,0.118,0.125,0.138,0.14,0.126,0.143,0.145,0.14,0.084,0.089,0.146,0.15,0.125,0.124,0.131,0.132,0.129,0.131,0.132,0.136,0.082,0.083
12:00:03,23.2,0.085,0.086,0.086,0.087,0.088,0.085,0.086,0.085,0.091,0.09,0.088,0.085,0.144,0.148,0.153,0.121,0.123,0.116,0.131,0.129,0.122,0.142,0.145,0.148,0.142,0.158,0.151,0.128,0.125,0.122,0.132,0.128,0.122,0.144,0.143,0.157,0.14,0.153,0.151,0.129,0.129,0.123,0.133,0.131,0.124,0.158,0.149,0.16,0.118,0.159,0.158,0.129,0.131,0.122,0.129,0.132,0.126,0.14,0.146,0.159,0.116,0.155,0.154,0.127,0.127,0.13,0.128,0.135,0.127,0.141,0.153,0.171,0.119,0.15,0.118,0.125,0.14,0.141,0.126,0.144,0.146,0.14,0.084,0.089,0.15,0.153,0.125,0.124,0.131,0.132,0.129,0.133,0.133,0.137,0.082,0.083
12:10:03,23.2,0.085,0.086,0.086,0.087,0.088,0.085,0.086,0.085,0.091,0.09,0.088,0.085,0.145,0.149,0.154,0.121,0.123,0.117,0.131,0.129,0.122,0.143,0.145,0.148,0.142,0.157,0.152,0.128,0.126,0.122,0.132,0.129,0.122,0.145,0.144,0.157,0.14,0.153,0.152,0.129,0.129,0.123,0.132,0.131,0.125,0.158,0.149,0.16,0.118,0.159,0.159,0.129,0.131,0.122,0.129,0.133,0.127,0.14,0.146,0.159,0.115,0.154,0.155,0.127,0.127,0.131,0.128,0.135,0.127,0.142,0.154,0.171,0.119,0.151,0.118,0.125,0.141,0.141,0.126,0.144,0.148,0.141,0.084,0.089,0.155,0.157,0.125,0.124,0.131,0.132,0.129,0.134,0.135,0.138,0.082,0.083
12:20:03,23.3,0.085,0.086,0.086,0.086,0.088,0.085,0.086,0.085,0.091,0.09,0.088,0.085,0.145,0.149,0.155,0.121,0.123,0.117,0.131,0.129,0.122,0.143,0.146,0.149,0.143,0.157,0.153,0.128,0.126,0.123,0.132,0.129,0.122,0.145,0.144,0.157,0.14,0.153,0.154,0.129,0.129,0.123,0.132,0.131,0.125,0.159,0.15,0.161,0.118,0.158,0.16,0.13,0.131,0.123,0.129,0.133,0.127,0.141,0.147,0.159,0.115,0.154,0.157,0.127,0.128,0.131,0.128,0.135,0.127,0.142,0.154,0.171,0.12,0.152,0.118,0.126,0.142,0.142,0.126,0.145,0.149,0.141,0.084,0.089,0.16,0.16,0.125,0.124,0.131,0.132,0.129,0.135,0.136,0.14,0.082,0.083
12:30:03,23.3,0.085,0.086,0.086,0.086,0.088,0.085,0.086,0.085,0.091,0.09,0.088,0.085,0.146,0.149,0.155,0.121,0.124,0.118,0.131,0.129,0.122,0.144,0.146,0.149,0.143,0.157,0.154,0.128,0.126,0.123,0.132,0.13,0.122,0.145,0.144,0.158,0.14,0.153,0.155,0.129,0.129,0.124,0.132,0.132,0.125,0.159,0.15,0.161,0.118,0.158,0.161,0.129,0.131,0.123,0.129,0.133,0.127,0.141,0.147,0.159,0.116,0.153,0.158,0.127,0.128,0.131,0.128,0.135,0.127,0.143,0.154,0.171,0.119,0.152,0.118,0.126,0.143,0.142,0.126,0.146,0.151,0.142,0.084,0.089,0.164,0.165,0.125,0.123,0.131,0.132,0.129,0.136,0.138,0.141,0.082,0.083
12:40:03,23.3,0.085,0.086,0.086,0.086,0.088,0.085,0.086,0.085,0.091,0.09,0.088,0.085,0.147,0.15,0.156,0.121,0.124,0.118,0.131,0.13,0.122,0.144,0.146,0.15,0.143,0.157,0.155,0.128,0.126,0.123,0.131,0.13,0.122,0.146,0.144,0.158,0.14,0.153,0.156,0.129,0.129,0.124,0.131,0.132,0.125,0.159,0.15,0.162,0.118,0.158,0.162,0.129,0.132,0.123,0.129,0.134,0.127,0.142,0.148,0.159,0.115,0.153,0.159,0.127,0.128,0.131,0.128,0.136,0.127,0.143,0.155,0.171,0.119,0.153,0.118,0.126,0.144,0.143,0.126,0.148,0.153,0.142,0.084,0.089,0.168,0.169,0.125,0.123,0.131,0.132,0.129,0.137,0.14,0.142,0.082,0.083
12:50:03,23.4,0.085,0.086,0.086,0.086,0.088,0.085,0.086,0.085,0.091,0.09,0.088,0.085,0.147,0.15,0.157,0.121,0.124,0.118,0.131,0.13,0.122,0.145,0.146,0.15,0.144,0.157,0.156,0.128,0.126,0.124,0.131,0.13,0.122,0.146,0.145,0.158,0.141,0.152,0.156,0.129,0.13,0.124,0.131,0.133,0.125,0.16,0.151,0.162,0.118,0.158,0.163,0.13,0.132,0.124,0.129,0.134,0.127,0.142,0.148,0.159,0.115,0.153,0.159,0.127,0.129,0.132,0.128,0.136,0.127,0.143,0.155,0.17,0.119,0.154,0.117,0.125,0.144,0.143,0.125,0.15,0.154,0.142,0.084,0.089,0.171,0.173,0.125,0.122,0.132,0.132,0.129,0.138,0.141,0.143,0.082,0.083
13:00:03,23.4,0.085,0.086,0.086,0.087,0.088,0.085,0.086,0.085,0.091,0.09,0.088,0.085,0.148,0.151,0.157,0.122,0.125,0.119,0.131,0.129,0.123,0.145,0.147,0.15,0.144,0.157,0.157,0.128,0.127,0.124,0.131,0.13,0.122,0.147,0.145,0.158,0.141,0.152,0.158,0.129,0.13,0.124,0.13,0.133,0.125,0.16,0.151,0.162,0.118,0.158,0.164,0.129,0.132,0.124,0.129,0.134,0.127,0.142,0.148,0.159,0.115,0.153,0.16,0.127,0.129,0.132,0.128,0.136,0.127,0.144,0.155,0.17,0.119,0.155,0.117,0.126,0.144,0.144,0.125,0.151,0.156,0.143,0.084,0.089,0.174,0.176,0.125,0.122,0.132,0.133,0.129,0.139,0.142,0.145,0.082,0.083
13:10:03,23.4,0.085,0.086,0.086,0.086,0.088,0.085,0.086,0.085,0.091,0.09,0.088,0.085,0.149,0.152,0.158,0.122,0.125,0.119,0.13,0.13,0.123,0.146,0.147,0.151,0.145,0.157,0.158,0.129,0.127,0.124,0.13,0.13,0.123,0.147,0.145,0.158,0.141,0.153,0.159,0.129,0.131,0.125,0.13,0.133,0.125,0.16,0.151,0.162,0.118,0.158,0.165,0.13,0.132,0.124,0.129,0.134,0.127,0.143,0.149,0.159,0.115,0.153,0.161,0.127,0.129,0.132,0.127,0.136,0.127,0.144,0.156,0.17,0.118,0.157,0.117,0.126,0.145,0.144,0.125,0.153,0.158,0.143,0.084,0.089,0.176,0.18,0.125,0.122,0.133,0.134,0.13,0.14,0.143,0.146,0.082,0.083
13:20:03,23.5,0.085,0.086,0.086,0.086,0.088,0.085,0.086,0.085,0.091,0.09,0.088,0.085,0.15,0.153,0.159,0.122,0.125,0.119,0.131,0.13,0.123,0.146,0.147,0.151,0.145,0.157,0.159,0.128,0.127,0.125,0.13,0.13,0.123,0.147,0.146,0.158,0.142,0.153,0.16,0.129,0.131,0.125,0.13,0.133,0.125,0.161,0.151,0.162,0.117,0.158,0.166,0.13,0.133,0.125,0.128,0.134,0.127,0.143,0.149,0.159,0.115,0.154,0.162,0.127,0.13,0.132,0.127,0.136,0.127,0.145,0.156,0.17,0.118,0.159,0.117,0.126,0.145,0.144,0.125,0.155,0.159,0.143,0.084,0.089,0.178,0.182,0.126,0.123,0.135,0.135,0.131,0.141,0.145,0.147,0.082,0.083
13:30:03,23.5,0.085,0.086,0.086,0.086,0.088,0.085,0.086,0.085,0.091,0.09,0.088,0.085,0.151,0.154,0.159,0.122,0.126,0.119,0.131,0.13,0.123,0.147,0.147,0.151,0.146,0.158,0.16,0.128,0.128,0.125,0.13,0.13,0.123,0.147,0.146,0.158,0.142,0.153,0.16,0.129,0.131,0.125,0.13,0.133,0.125,0.161,0.152,0.163,0.117,0.158,0.167,0.129,0.133,0.125,0.128,0.135,0.128,0.144,0.149,0.159,0.115,0.155,0.163,0.127,0.13,0.132,0.127,0.136,0.127,0.145,0.156,0.17,0.118,0.162,0.116,0.126,0.146,0.145,0.125,0.156,0.161,0.144,0.084,0.089,0.179,0.184,0.126,0.123,0.136,0.137,0.132,0.142,0.146,0.148,0.082,0.083
13:40:03,23.5,0.085,0.086,0.086,0.086,0.088,0.085,0.086,0.085,0.091,0.09,0.088,0.085,0.152,0.155,0.16,0.122,0.126,0.12,0.13,0.13,0.123,0.147,0.148,0.152,0.146,0.158,0.16,0.128,0.128,0.125,0.13,0.13,0.122,0.147,0.146,0.158,0.143,0.153,0.161,0.129,0.132,0.125,0.129,0.134,0.125,0.161,0.151,0.163,0.117,0.159,0.168,0.13,0.134,0.125,0.128,0.135,0.127,0.144,0.149,0.159,0.114,0.155,0.164,0.127,0.131,0.132,0.127,0.136,0.127,0.145,0.156,0.17,0.118,0.165,0.116,0.126,0.146,0.146,0.125,0.158,0.162,0.144,0.084,0.089,0.18,0.185,0.125,0.123,0.137,0.138,0.133,0.142,0.147,0.149,0.082,0.083
13:50:03,23.5,0.085,0.086,0.086,0.086,0.088,0.085,0.086,0.085,0.091,0.09,0.088,0.085,0.153,0.156,0.16,0.122,0.126,0.12,0.131,0.13,0.123,0.147,0.148,0.152,0.147,0.159,0.161,0.129,0.129,0.125,0.13,0.13,0.122,0.148,0.146,0.158,0.143,0.154,0.162,0.129,0.132,0.125,0.129,0.134,0.126,0.162,0.152,0.163,0.117,0.16,0.168,0.13,0.134,0.125,0.128,0.135,0.128,0.144,0.15,0.16,0.114,0.156,0.164,0.127,0.131,0.132,0.127,0.136,0.127,0.146,0.156,0.17,0.118,0.168,0.116,0.126,0.147,0.147,0.125,0.16,0.163,0.144,0.084,0.089,0.181,0.186,0.125,0.124,0.138,0.138,0.134,0.143,0.148,0.15,0.082,0.084
14:00:03,23.5,0.085,0.086,0.086,0.086,0.088,0.084,0.086,0.085,0.091,0.09,0.088,0.085,0.154,0.157,0.161,0.122,0.126,0.12,0.131,0.13,0.122,0.148,0.148,0.152,0.148,0.159,0.161,0.129,0.129,0.125,0.129,0.13,0.122,0.148,0.146,0.158,0.144,0.154,0.163,0.129,0.132,0.125,0.129,0.134,0.125,0.162,0.152,0.163,0.117,0.16,0.169,0.13,0.134,0.125,0.128,0.135,0.128,0.144,0.15,0.16,0.114,0.157,0.165,0.127,0.131,0.132,0.127,0.136,0.126,0.146,0.156,0.17,0.117,0.17,0.115,0.126,0.148,0.149,0.125,0.161,0.164,0.145,0.084,0.089,0.181,0.186,0.124,0.123,0.139,0.139,0.135,0.144,0.149,0.151,0.082,0.083
14:10:03,23.6,0.085,0.086,0.086,0.086,0.088,0.085,0.086,0.085,0.091,0.09,0.088,0.085,0.154,0.158,0.161,0.122,0.126,0.12,0.13,0.13,0.123,0.148,0.148,0.152,0.149,0.16,0.162,0.129,0.129,0.125,0.129,0.13,0.122,0.148,0.146,0.158,0.145,0.155,0.164,0.129,0.132,0.126,0.129,0.134,0.125,0.162,0.152,0.163,0.117,0.161,0.17,0.13,0.134,0.125,0.128,0.135,0.128,0.145,0.15,0.159,0.114,0.158,0.165,0.127,0.131,0.132,0.127,0.136,0.127,0.146,0.156,0.17,0.118,0.173,0.115,0.126,0.15,0.151,0.125,0.162,0.165,0.145,0.084,0.089,0.181,0.186,0.125,0.123,0.141,0.14,0.135,0.145,0.15,0.151,0.082,0.084
14:20:03,23.6,0.085,0.086,0.086,0.086,0.088,0.084,0.086,0.085,0.091,0.09,0.088,0.085,0.155,0.158,0.162,0.123,0.126,0.12,0.13,0.13,0.122,0.148,0.148,0.153,0.15,0.16,0.163,0.129,0.129,0.125,0.129,0.13,0.122,0.148,0.146,0.159,0.146,0.156,0.164,0.129,0.132,0.125,0.128,0.134,0.125,0.162,0.152,0.163,0.117,0.162,0.17,0.13,0.134,0.125,0.128,0.135,0.128,0.145,0.15,0.159,0.114,0.159,0.166,0.127,0.131,0.131,0.127,0.136,0.126,0.146,0.156,0.17,0.117,0.176,0.115,0.126,0.152,0.153,0.125,0.163,0.166,0.145,0.084,0.089,0.181,0.186,0.124,0.123,0.142,0.141,0.136,0.146,0.15,0.152,0.082,0.083
14:30:03,23.6,0.085,0.086,0.086,0.086,0.088,0.085,0.086,0.085,0.091,0.09,0.088,0.085,0.156,0.159,0.162,0.123,0.126,0.12,0.13,0.13,0.123,0.149,0.148,0.153,0.151,0.161,0.163,0.129,0.129,0.125,0.129,0.13,0.122,0.149,0.146,0.159,0.147,0.157,0.165,0.129,0.133,0.125,0.128,0.134,0.125,0.162,0.152,0.163,0.117,0.162,0.171,0.13,0.135,0.125,0.128,0.135,0.128,0.145,0.15,0.159,0.113,0.16,0.167,0.127,0.131,0.131,0.127,0.136,0.126,0.147,0.157,0.17,0.117,0.179,0.115,0.126,0.154,0.155,0.125,0.164,0.167,0.146,0.084,0.089,0.181,0.186,0.124,0.123,0.143,0.142,0.137,0.147,0.151,0.153,0.082,0.083
14:40:03,23.6,0.085,0.086,0.086,0.086,0.088,0.084,0.086,0.085,0.091,0.09,0.088,0.085,0.156,0.16,0.163,0.123,0.126,0.12,0.13,0.13,0.122,0.149,0.148,0.153,0.152,0.162,0.164,0.129,0.129,0.125,0.129,0.13,0.122,0.149,0.147,0.159,0.148,0.157,0.165,0.129,0.132,0.125,0.128,0.134,0.125,0.163,0.153,0.163,0.116,0.164,0.172,0.13,0.135,0.125,0.127,0.135,0.128,0.145,0.15,0.159,0.113,0.161,0.167,0.127,0.131,0.131,0.126,0.136,0.126,0.147,0.157,0.17,0.117,0.181,0.115,0.126,0.156,0.156,0.124,0.165,0.168,0.146,0.084,0.089,0.181,0.186,0.124,0.123,0.143,0.142,0.138,0.148,0.151,0.153,0.082,0.083
14:50:03,23.6,0.085,0.086,0.086,0.086,0.088,0.085,0.086,0.085,0.091,0.09,0.088,0.085,0.156,0.16,0.163,0.123,0.126,0.12,0.13,0.13,0.122,0.149,0.149,0.153,0.153,0.163,0.165,0.129,0.129,0.125,0.129,0.13,0.122,0.149,0.146,0.159,0.149,0.158,0.166,0.129,0.132,0.125,0.128,0.134,0.125,0.163,0.153,0.163,0.116,0.164,0.172,0.13,0.135,0.125,0.127,0.135,0.128,0.146,0.15,0.159,0.113,0.162,0.168,0.127,0.131,0.131,0.126,0.136,0.126,0.147,0.157,0.17,0.117,0.182,0.115,0.127,0.158,0.158,0.125,0.166,0.169,0.146,0.084,0.089,0.181,0.186,0.124,0.123,0.145,0.143,0.138,0.149,0.152,0.154,0.082,0.083
15:00:03,23.6,0.085,0.086,0.086,0.086,0.088,0.085,0.086,0.085,0.091,0.09,0.088,0.085,0.157,0.161,0.164,0.123,0.126,0.12,0.13,0.13,0.122,0.15,0.149,0.154,0.153,0.164,0.165,0.129,0.129,0.125,0.129,0.13,0.122,0.149,0.147,0.159,0.15,0.159,0.166,0.129,0.132,0.125,0.128,0.134,0.125,0.163,0.153,0.163,0.116,0.165,0.173,0.13,0.135,0.125,0.127,0.135,0.128,0.146,0.15,0.159,0.113,0.163,0.169,0.127,0.131,0.131,0.126,0.136,0.126,0.147,0.157,0.17,0.117,0.183,0.115,0.127,0.16,0.16,0.125,0.167,0.17,0.146,0.084,0.089,0.18,0.186,0.123,0.122,0.145,0.144,0.139,0.149,0.152,0.154,0.082,0.083
15:10:03,23.7,0.085,0.086,0.086,0.086,0.088,0.085,0.086,0.085,0.091,0.09,0.088,0.085,0.157,0.162,0.164,0.123,0.126,0.12,0.13,0.13,0.122,0.15,0.149,0.154,0.154,0.165,0.166,0.129,0.129,0.125,0.129,0.13,0.122,0.15,0.147,0.159,0.151,0.16,0.167,0.13,0.132,0.125,0.128,0.134,0.125,0.163,0.153,0.163,0.116,0.166,0.173,0.13,0.135,0.125,0.127,0.135,0.128,0.146,0.15,0.159,0.113,0.163,0.169,0.127,0.131,0.13,0.126,0.136,0.126,0.148,0.157,0.17,0.117,0.184,0.115,0.127,0.162,0.161,0.124,0.168,0.17,0.147,0.084,0.089,0.18,0.185,0.123,0.122,0.147,0.145,0.14,0.15,0.152,0.154,0.082,0.083
15:20:03,23.7,0.085,0.086,0.086,0.086,0.088,0.084,0.086,0.085,0.091,0.09,0.088,0.085,0.157,0.162,0.164,0.123,0.126,0.12,0.13,0.13,0.122,0.15,0.149,0.154,0.154,0.165,0.166,0.129,0.129,0.125,0.129,0.13,0.122,0.15,0.147,0.159,0.151,0.16,0.167,0.13,0.132,0.125,0.128,0.134,0.125,0.164,0.153,0.163,0.116,0.166,0.174,0.13,0.135,0.125,0.127,0.135,0.128,0.146,0.15,0.159,0.113,0.164,0.17,0.127,0.131,0.13,0.126,0.136,0.126,0.148,0.157,0.17,0.117,0.184,0.115,0.127,0.164,0.162,0.124,0.169,0.171,0.147,0.084,0.089,0.18,0.185,0.122,0.122,0.148,0.145,0.141,0.151,0.153,0.155,0.082,0.083
15:30:03,23.7,0.085,0.086,0.086,0.086,0.088,0.084,0.086,0.085,0.091,0.09,0.088,0.085,0.158,0.163,0.165,0.124,0.126,0.12,0.13,0.13,0.122,0.15,0.149,0.154,0.154,0.166,0.167,0.13,0.129,0.125,0.129,0.13,0.122,0.15,0.147,0.159,0.152,0.161,0.168,0.13,0.132,0.125,0.128,0.134,0.125,0.164,0.153,0.163,0.116,0.167,0.174,0.13,0.135,0.125,0.127,0.135,0.128,0.147,0.151,0.159,0.113,0.165,0.17,0.127,0.131,0.13,0.126,0.135,0.126,0.148,0.157,0.17,0.117,0.184,0.115,0.127,0.166,0.164,0.124,0.17,0.172,0.147,0.084,0.089,0.18,0.186,0.122,0.122,0.148,0.146,0.141,0.151,0.153,0.155,0.082,0.083
15:40:03,23.7,0.085,0.086,0.086,0.087,0.088,0.085,0.086,0.085,0.091,0.09,0.088,0.085,0.159,0.164,0.166,0.124,0.126,0.12,0.13,0.13,0.123,0.151,0.149,0.155,0.155,0.166,0.167,0.13,0.129,0.125,0.128,0.13,0.122,0.15,0.147,0.159,0.152,0.162,0.168,0.13,0.132,0.124,0.128,0.134,0.125,0.164,0.153,0.163,0.116,0.168,0.175,0.13,0.135,0.125,0.127,0.135,0.128,0.147,0.151,0.16,0.113,0.165,0.171,0.127,0.131,0.13,0.126,0.136,0.126,0.148,0.157,0.17,0.117,0.185,0.114,0.127,0.167,0.165,0.124,0.171,0.172,0.147,0.084,0.089,0.181,0.186,0.122,0.122,0.15,0.147,0.142,0.152,0.153,0.155,0.082,0.083
15:50:03,23.7,0.085,0.086,0.086,0.086,0.088,0.085,0.086,0.085,0.091,0.09,0.088,0.085,0.16,0.164,0.166,0.124,0.126,0.12,0.13,0.13,0.123,0.151,0.149,0.155,0.155,0.167,0.168,0.13,0.128,0.124,0.128,0.13,0.122,0.151,0.147,0.159,0.152,0.162,0.168,0.13,0.132,0.124,0.128,0.134,0.125,0.164,0.153,0.163,0.115,0.168,0.175,0.13,0.135,0.125,0.127,0.134,0.128,0.147,0.151,0.16,0.112,0.166,0.171,0.127,0.13,0.13,0.126,0.135,0.126,0.148,0.157,0.17,0.115,0.185,0.114,0.127,0.169,0.166,0.124,0.171,0.173,0.148,0.084,0.089,0.181,0.186,0.121,0.122,0.151,0.148,0.143,0.153,0.154,0.156,0.082,0.084
16:00:03,23.7,0.085,0.086,0.086,0.086,0.088,0.085,0.086,0.085,0.091,0.09,0.088,0.085,0.161,0.165,0.166,0.124,0.126,0.12,0.13,0.13,0.123,0.151,0.149,0.155,0.155,0.167,0.168,0.13,0.128,0.124,0.128,0.13,0.122,0.151,0.147,0.159,0.152,0.163,0.169,0.13,0.132,0.124,0.128,0.134,0.125,0.165,0.153,0.163,0.116,0.169,0.175,0.13,0.134,0.124,0.127,0.134,0.128,0.147,0.151,0.161,0.113,0.166,0.171,0.127,0.13,0.129,0.126,0.135,0.126,0.149,0.157,0.17,0.115,0.185,0.114,0.127,0.17,0.168,0.124,0.172,0.173,0.148,0.084,0.089,0.181,0.186,0.121,0.121,0.152,0.149,0.143,0.154,0.154,0.157,0.082,0.083
16:10:03,23.7,0.085,0.086,0.086,0.086,0.088,0.085,0.086,0.085,0.091,0.09,0.088,0.085,0.162,0.165,0.167,0.124,0.125,0.12,0.13,0.13,0.123,0.151,0.149,0.155,0.156,0.168,0.169,0.13,0.128,0.124,0.128,0.13,0.122,0.151,0.148,0.159,0.153,0.163,0.169,0.131,0.131,0.124,0.128,0.133,0.125,0.165,0.153,0.163,0.115,0.169,0.176,0.13,0.134,0.124,0.127,0.134,0.128,0.147,0.151,0.161,0.112,0.167,0.172,0.127,0.13,0.129,0.126,0.135,0.126,0.149,0.157,0.17,0.116,0.185,0.114,0.127,0.171,0.169,0.124,0.173,0.174,0.148,0.084,0.089,0.182,0.186,0.121,0.121,0.153,0.15,0.144,0.155,0.155,0.157,0.082,0.083
16:20:03,23.7,0.085,0.086,0.086,0.086,0.088,0.084,0.086,0.085,0.091,0.09,0.088,0.085,0.163,0.166,0.167,0.125,0.125,0.12,0.13,0.13,0.123,0.152,0.15,0.155,0.156,0.168,0.169,0.131,0.128,0.124,0.128,0.13,0.122,0.152,0.148,0.159,0.153,0.164,0.17,0.131,0.131,0.124,0.127,0.133,0.125,0.165,0.154,0.163,0.115,0.169,0.176,0.13,0.134,0.124,0.127,0.134,0.128,0.148,0.151,0.161,0.11,0.167,0.172,0.127,0.13,0.129,0.126,0.135,0.126,0.149,0.157,0.17,0.116,0.185,0.114,0.127,0.173,0.17,0.124,0.174,0.176,0.148,0.084,0.089,0.182,0.187,0.121,0.121,0.154,0.151,0.145,0.155,0.156,0.158,0.082,0.083
16:30:03,23.7,0.085,0.086,0.086,0.087,0.088,0.085,0.086,0.085,0.091,0.09,0.088,0.085,0.164,0.166,0.168,0.125,0.125,0.12,0.13,0.13,0.123,0.152,0.15,0.155,0.157,0.169,0.17,0.131,0.128,0.124,0.128,0.13,0.122,0.152,0.148,0.159,0.154,0.164,0.17,0.131,0.131,0.124,0.128,0.133,0.125,0.165,0.154,0.163,0.114,0.17,0.177,0.13,0.134,0.124,0.127,0.134,0.128,0.148,0.151,0.161,0.111,0.167,0.172,0.127,0.13,0.129,0.126,0.135,0.126,0.149,0.158,0.17,0.116,0.185,0.114,0.127,0.175,0.172,0.124,0.176,0.177,0.148,0.084,0.089,0.182,0.187,0.121,0.121,0.155,0.152,0.146,0.157,0.157,0.159,0.082,0.083
16:40:03,23.7,0.085,0.086,0.086,0.086,0.088,0.084,0.086,0.085,0.091,0.09,0.088,0.085,0.164,0.167,0.168,0.125,0.125,0.119,0.13,0.13,0.123,0.152,0.15,0.155,0.157,0.169,0.17,0.131,0.128,0.124,0.128,0.13,0.122,0.152,0.148,0.159,0.154,0.164,0.17,0.131,0.131,0.124,0.127,0.133,0.125,0.166,0.154,0.163,0.114,0.17,0.176,0.13,0.134,0.124,0.127,0.134,0.128,0.148,0.151,0.161,0.11,0.167,0.172,0.127,0.129,0.129,0.126,0.135,0.126,0.15,0.157,0.17,0.117,0.185,0.114,0.127,0.177,0.173,0.124,0.177,0.179,0.149,0.084,0.089,0.183,0.187,0.121,0.121,0.156,0.153,0.147,0.158,0.159,0.16,0.082,0.083
16:50:03,23.7,0.085,0.086,0.086,0.087,0.088,0.085,0.086,0.085,0.091,0.09,0.088,0.085,0.165,0.167,0.169,0.125,0.125,0.119,0.13,0.13,0.123,0.152,0.15,0.156,0.157,0.169,0.17,0.131,0.127,0.124,0.128,0.13,0.122,0.152,0.148,0.16,0.155,0.165,0.171,0.132,0.131,0.124,0.127,0.133,0.125,0.166,0.154,0.163,0.114,0.17,0.177,0.13,0.134,0.124,0.127,0.134,0.128,0.148,0.151,0.161,0.111,0.168,0.173,0.127,0.129,0.129,0.126,0.135,0.126,0.15,0.157,0.17,0.116,0.185,0.114,0.127,0.178,0.175,0.124,0.179,0.181,0.149,0.084,0.089,0.183,0.187,0.121,0.121,0.158,0.155,0.148,0.16,0.16,0.162,0.082,0.083
17:00:03,23.7,0.085,0.086,0.086,0.087,0.088,0.085,0.086,0.085,0.091,0.09,0.088,0.085,0.166,0.167,0.169,0.125,0.125,0.119,0.13,0.13,0.123,0.152,0.15,0.156,0.158,0.17,0.17,0.131,0.127,0.124,0.128,0.13,0.122,0.153,0.148,0.16,0.155,0.165,0.171,0.132,0.131,0.124,0.127,0.133,0.125,0.166,0.154,0.163,0.114,0.171,0.177,0.13,0.134,0.123,0.127,0.134,0.128,0.149,0.151,0.161,0.112,0.168,0.173,0.127,0.129,0.129,0.126,0.135,0.126,0.15,0.158,0.169,0.116,0.185,0.114,0.128,0.18,0.177,0.124,0.181,0.183,0.149,0.084,0.089,0.183,0.187,0.121,0.121,0.161,0.157,0.15,0.161,0.162,0.164,0.082,0.083
17:10:03,23.7,0.085,0.086,0.086,0.087,0.088,0.085,0.086,0.085,0.091,0.09,0.088,0.085,0.166,0.168,0.169,0.125,0.124,0.119,0.13,0.13,0.123,0.153,0.151,0.156,0.159,0.17,0.17,0.132,0.127,0.124,0.128,0.13,0.122,0.153,0.148,0.16,0.156,0.165,0.171,0.132,0.131,0.124,0.127,0.133,0.125,0.167,0.154,0.163,0.115,0.171,0.177,0.13,0.133,0.123,0.127,0.134,0.128,0.149,0.151,0.161,0.112,0.168,0.173,0.127,0.129,0.128,0.126,0.135,0.126,0.151,0.158,0.17,0.116,0.185,0.114,0.128,0.182,0.179,0.124,0.182,0.184,0.149,0.084,0.089,0.184,0.187,0.121,0.121,0.163,0.16,0.151,0.163,0.163,0.165,0.082,0.083
17:20:03,23.7,0.085,0.086,0.086,0.087,0.088,0.085,0.086,0.085,0.091,0.09,0.088,0.085,0.167,0.168,0.169,0.125,0.124,0.119,0.13,0.13,0.123,0.153,0.151,0.156,0.159,0.17,0.17,0.132,0.127,0.124,0.128,0.13,0.122,0.153,0.148,0.16,0.157,0.165,0.171,0.132,0.13,0.124,0.127,0.133,0.125,0.167,0.154,0.163,0.115,0.171,0.177,0.13,0.133,0.123,0.127,0.134,0.128,0.149,0.152,0.161,0.112,0.168,0.173,0.127,0.129,0.128,0.126,0.135,0.126,0.151,0.158,0.17,0.116,0.186,0.114,0.128,0.183,0.18,0.124,0.183,0.185,0.149,0.084,0.089,0.184,0.187,0.121,0.12,0.164,0.161,0.153,0.163,0.163,0.165,0.082,0.084
17:30:03,23.7,0.085,0.086,0.086,0.086,0.088,0.085,0.086,0.085,0.091,0.09,0.088,0.085,0.167,0.168,0.17,0.125,0.124,0.119,0.13,0.13,0.123,0.153,0.151,0.156,0.16,0.17,0.171,0.132,0.127,0.124,0.128,0.13,0.122,0.153,0.149,0.16,0.157,0.166,0.171,0.132,0.13,0.124,0.127,0.133,0.125,0.167,0.154,0.163,0.115,0.172,0.177,0.13,0.133,0.123,0.127,0.134,0.128,0.149,0.152,0.161,0.112,0.169,0.174,0.127,0.128,0.128,0.126,0.135,0.127,0.151,0.158,0.17,0.116,0.186,0.113,0.128,0.184,0.181,0.124,0.184,0.186,0.15,0.084,0.089,0.184,0.187,0.121,0.12,0.166,0.164,0.155,0.162,0.163,0.165,0.082,0.084
17:40:03,23.7,0.085,0.086,0.086,0.086,0.088,0.084,0.086,0.085,0.091,0.09,0.088,0.085,0.168,0.168,0.17,0.125,0.124,0.119,0.13,0.13,0.123,0.153,0.151,0.157,0.161,0.171,0.171,0.132,0.127,0.124,0.128,0.13,0.122,0.153,0.149,0.16,0.158,0.166,0.171,0.132,0.13,0.124,0.127,0.133,0.125,0.167,0.155,0.163,0.115,0.172,0.178,0.131,0.133,0.123,0.127,0.134,0.128,0.15,0.152,0.161,0.112,0.169,0.174,0.127,0.128,0.128,0.126,0.135,0.127,0.151,0.158,0.17,0.116,0.186,0.113,0.128,0.185,0.182,0.124,0.185,0.187,0.15,0.084,0.089,0.184,0.187,0.121,0.12,0.167,0.164,0.155,0.161,0.162,0.164,0.082,0.083
17:50:03,23.7,0.085,0.086,0.086,0.087,0.088,0.085,0.086,0.085,0.091,0.09,0.088,0.085,0.168,0.168,0.17,0.125,0.124,0.119,0.13,0.13,0.123,0.154,0.151,0.157,0.161,0.171,0.171,0.132,0.127,0.123,0.128,0.129,0.122,0.154,0.149,0.16,0.159,0.166,0.172,0.132,0.13,0.124,0.127,0.133,0.125,0.167,0.155,0.163,0.114,0.172,0.178,0.131,0.133,0.123,0.127,0.134,0.128,0.15,0.152,0.161,0.112,0.169,0.174,0.127,0.128,0.128,0.126,0.135,0.127,0.151,0.158,0.169,0.116,0.187,0.113,0.128,0.186,0.183,0.124,0.186,0.188,0.15,0.084,0.089,0.184,0.186,0.12,0.12,0.167,0.165,0.156,0.161,0.161,0.164,0.082,0.083
18:00:03,23.7,0.085,0.086,0.086,0.086,0.088,0.085,0.086,0.085,0.091,0.09,0.088,0.085,0.168,0.168,0.17,0.126,0.123,0.119,0.13,0.13,0.123,0.154,0.151,0.157,0.161,0.171,0.171,0.132,0.126,0.124,0.128,0.129,0.122,0.154,0.149,0.16,0.159,0.166,0.172,0.133,0.13,0.123,0.127,0.133,0.125,0.168,0.155,0.163,0.114,0.172,0.178,0.131,0.133,0.123,0.127,0.134,0.128,0.15,0.152,0.161,0.112,0.169,0.174,0.128,0.128,0.128,0.126,0.135,0.127,0.151,0.158,0.169,0.116,0.187,0.113,0.129,0.187,0.184,0.124,0.187,0.189,0.15,0.084,0.089,0.183,0.186,0.12,0.12,0.167,0.165,0.155,0.161,0.161,0.163,0.082,0.084
18:10:03,23.7,0.085,0.086,0.086,0.087,0.088,0.085,0.086,0.085,0.091,0.09,0.088,0.085,0.168,0.168,0.171,0.126,0.123,0.118,0.13,0.13,0.123,0.154,0.151,0.157,0.162,0.171,0.171,0.132,0.126,0.123,0.128,0.129,0.122,0.154,0.149,0.16,0.16,0.166,0.172,0.133,0.13,0.123,0.127,0.133,0.125,0.168,0.155,0.163,0.114,0.172,0.178,0.131,0.132,0.123,0.127,0.134,0.128,0.15,0.152,0.161,0.112,0.169,0.174,0.128,0.128,0.128,0.126,0.135,0.127,0.152,0.158,0.169,0.116,0.187,0.113,0.129,0.188,0.185,0.124,0.187,0.189,0.15,0.084,0.089,0.183,0.186,0.12,0.12,0.167,0.165,0.155,0.16,0.161,0.163,0.082,0.084
18:20:03,23.7,0.085,0.086,0.086,0.087,0.088,0.085,0.086,0.085,0.091,0.09,0.088,0.085,0.168,0.168,0.17,0.126,0.123,0.118,0.13,0.13,0.123,0.154,0.151,0.157,0.162,0.171,0.171,0.133,0.126,0.123,0.128,0.129,0.122,0.154,0.149,0.16,0.16,0.166,0.172,0.133,0.13,0.123,0.127,0.133,0.125,0.168,0.155,0.163,0.114,0.173,0.178,0.131,0.132,0.123,0.127,0.134,0.128,0.15,0.152,0.161,0.112,0.169,0.174,0.128,0.128,0.128,0.126,0.135,0.127,0.152,0.158,0.169,0.115,0.187,0.113,0.129,0.188,0.186,0.124,0.187,0.189,0.15,0.084,0.089,0.183,0.186,0.12,0.12,0.167,0.164,0.155,0.16,0.161,0.162,0.082,0.084
18:30:03,23.7,0.085,0.086,0.086,0.087,0.088,0.085,0.086,0.085,0.091,0.09,0.088,0.085,0.168,0.169,0.17,0.126,0.123,0.118,0.13,0.13,0.123,0.154,0.152,0.157,0.162,0.171,0.171,0.133,0.126,0.123,0.128,0.13,0.123,0.155,0.15,0.16,0.161,0.166,0.172,0.133,0.13,0.124,0.127,0.133,0.125,0.168,0.155,0.163,0.114,0.172,0.178,0.131,0.132,0.123,0.127,0.134,0.128,0.151,0.152,0.16,0.112,0.169,0.174,0.128,0.127,0.128,0.126,0.135,0.127,0.152,0.159,0.169,0.115,0.188,0.113,0.129,0.189,0.187,0.124,0.187,0.189,0.151,0.084,0.089,0.182,0.185,0.12,0.12,0.167,0.164,0.155,0.16,0.161,0.162,0.082,0.084
18:40:03,23.7,0.085,0.086,0.086,0.087,0.088,0.085,0.086,0.085,0.091,0.09,0.088,0.085,0.168,0.169,0.17,0.126,0.123,0.118,0.13,0.13,0.123,0.154,0.152,0.157,0.162,0.171,0.171,0.133,0.126,0.123,0.128,0.129,0.123,0.155,0.15,0.16,0.161,0.166,0.171,0.133,0.129,0.124,0.127,0.133,0.125,0.168,0.155,0.163,0.114,0.172,0.178,0.131,0.132,0.123,0.127,0.134,0.128,0.151,0.152,0.16,0.111,0.169,0.174,0.128,0.127,0.127,0.126,0.135,0.127,0.152,0.159,0.169,0.115,0.188,0.113,0.129,0.189,0.187,0.124,0.187,0.189,0.151,0.084,0.089,0.182,0.185,0.12,0.12,0.167,0.165,0.155,0.16,0.16,0.162,0.082,0.083
18:50:03,23.8,0.085,0.086,0.086,0.086,0.088,0.085,0.086,0.085,0.091,0.09,0.088,0.085,0.168,0.169,0.17,0.126,0.123,0.118,0.13,0.13,0.124,0.154,0.152,0.157,0.162,0.171,0.171,0.133,0.126,0.123,0.128,0.129,0.122,0.155,0.15,0.16,0.162,0.167,0.171,0.133,0.129,0.123,0.127,0.133,0.126,0.169,0.155,0.163,0.114,0.172,0.178,0.131,0.132,0.123,0.127,0.134,0.128,0.151,0.153,0.16,0.111,0.169,0.174,0.128,0.127,0.127,0.126,0.135,0.127,0.152,0.159,0.169,0.115,0.188,0.113,0.129,0.189,0.187,0.124,0.187,0.189,0.151,0.084,0.089,0.181,0.185,0.12,0.12,0.168,0.165,0.155,0.16,0.16,0.162,0.082,0.084
19:00:03,23.8,0.085,0.086,0.086,0.086,0.088,0.085,0.086,0.085,0.091,0.09,0.088,0.085,0.168,0.169,0.17,0.126,0.123,0.118,0.129,0.13,0.124,0.154,0.152,0.157,0.162,0.171,0.171,0.133,0.126,0.123,0.128,0.129,0.123,0.155,0.15,0.16,0.162,0.166,0.171,0.133,0.129,0.123,0.127,0.133,0.126,0.169,0.156,0.163,0.114,0.172,0.177,0.132,0.132,0.123,0.127,0.134,0.128,0.151,0.153,0.16,0.111,0.17,0.174,0.129,0.127,0.127,0.126,0.135,0.127,0.152,0.159,0.168,0.115,0.188,0.113,0.13,0.189,0.187,0.123,0.187,0.189,0.151,0.084,0.089,0.181,0.184,0.12,0.12,0.168,0.165,0.155,0.159,0.16,0.161,0.082,0.084
19:10:03,23.8,0.085,0.086,0.086,0.086,0.088,0.085,0.086,0.085,0.091,0.09,0.088,0.085,0.167,0.169,0.17,0.126,0.122,0.118,0.129,0.13,0.124,0.155,0.152,0.157,0.161,0.171,0.171,0.133,0.126,0.123,0.128,0.129,0.123,0.155,0.15,0.16,0.162,0.167,0.171,0.133,0.129,0.123,0.127,0.133,0.126,0.169,0.156,0.162,0.114,0.172,0.177,0.132,0.132,0.123,0.127,0.134,0.128,0.151,0.153,0.159,0.111,0.17,0.174,0.129,0.127,0.127,0.126,0.135,0.127,0.153,0.159,0.168,0.115,0.188,0.113,0.13,0.189,0.187,0.123,0.186,0.188,0.152,0.084,0.089,0.18,0.183,0.12,0.12,0.168,0.166,0.155,0.159,0.16,0.162,0.082,0.083
19:20:03,23.8,0.085,0.086,0.087,0.086,0.088,0.085,0.086,0.085,0.091,0.09,0.088,0.085,0.167,0.17,0.17,0.126,0.122,0.118,0.129,0.13,0.124,0.155,0.152,0.156,0.161,0.171,0.171,0.133,0.125,0.123,0.128,0.13,0.123,0.155,0.15,0.16,0.162,0.167,0.171,0.133,0.129,0.123,0.127,0.133,0.126,0.169,0.156,0.162,0.114,0.172,0.177,0.132,0.132,0.123,0.127,0.134,0.129,0.151,0.153,0.159,0.111,0.17,0.174,0.129,0.127,0.127,0.126,0.135,0.127,0.153,0.159,0.168,0.115,0.188,0.113,0.13,0.189,0.187,0.123,0.186,0.189,0.152,0.084,0.089,0.179,0.182,0.12,0.12,0.169,0.166,0.156,0.159,0.16,0.161,0.082,0.084
19:30:03,23.8,0.085,0.086,0.086,0.086,0.088,0.085,0.086,0.085,0.091,0.09,0.088,0.085,0.167,0.17,0.17,0.126,0.122,0.118,0.129,0.13,0.124,0.155,0.153,0.156,0.161,0.171,0.171,0.133,0.125,0.123,0.128,0.13,0.123,0.155,0.151,0.16,0.162,0.167,0.171,0.133,0.129,0.123,0.127,0.133,0.126,0.169,0.156,0.162,0.114,0.172,0.178,0.132,0.132,0.123,0.127,0.134,0.129,0.152,0.153,0.159,0.111,0.17,0.173,0.129,0.127,0.127,0.126,0.135,0.127,0.153,0.159,0.167,0.115,0.188,0.113,0.13,0.189,0.187,0.123,0.186,0.188,0.152,0.084,0.089,0.178,0.182,0.12,0.12,0.169,0.167,0.156,0.159,0.16,0.161,0.082,0.083
19:40:03,23.8,0.085,0.086,0.086,0.087,0.088,0.085,0.086,0.085,0.091,0.09,0.088,0.085,0.167,0.17,0.169,0.127,0.122,0.118,0.129,0.13,0.124,0.155,0.153,0.156,0.161,0.172,0.171,0.133,0.125,0.123,0.128,0.13,0.123,0.155,0.151,0.16,0.162,0.167,0.171,0.134,0.129,0.123,0.127,0.133,0.126,0.169,0.156,0.162,0.114,0.172,0.177,0.132,0.132,0.123,0.127,0.134,0.129,0.152,0.153,0.159,0.111,0.17,0.173,0.129,0.127,0.127,0.126,0.135,0.127,0.153,0.159,0.167,0.115,0.188,0.113,0.13,0.189,0.187,0.123,0.186,0.188,0.152,0.084,0.089,0.177,0.181,0.12,0.12,0.17,0.167,0.156,0.159,0.159,0.161,0.082,0.084
19:50:03,23.7,0.085,0.086,0.086,0.087,0.088,0.085,0.086,0.085,0.091,0.09,0.088,0.085,0.166,0.17,0.169,0.127,0.122,0.118,0.129,0.13,0.124,0.155,0.153,0.156,0.16,0.172,0.17,0.133,0.125,0.123,0.128,0.13,0.123,0.155,0.151,0.159,0.162,0.167,0.17,0.134,0.129,0.123,0.127,0.133,0.126,0.169,0.156,0.162,0.114,0.172,0.177,0.132,0.132,0.123,0.127,0.134,0.129,0.152,0.153,0.159,0.11,0.171,0.173,0.129,0.127,0.127,0.126,0.135,0.127,0.153,0.159,0.167,0.114,0.188,0.113,0.13,0.188,0.187,0.123,0.186,0.188,0.152,0.084,0.089,0.177,0.181,0.12,0.12,0.17,0.167,0.157,0.159,0.159,0.161,0.082,0.084
20:00:03,23.7,0.085,0.086,0.086,0.087,0.088,0.085,0.086,0.085,0.091,0.09,0.088,0.085,0.166,0.17,0.169,0.127,0.122,0.118,0.129,0.13,0.124,0.155,0.153,0.156,0.16,0.172,0.17,0.133,0.125,0.123,0.128,0.129,0.123,0.156,0.151,0.159,0.162,0.167,0.17,0.134,0.129,0.123,0.127,0.133,0.126,0.17,0.157,0.162,0.114,0.173,0.176,0.132,0.132,0.123,0.127,0.134,0.129,0.152,0.153,0.158,0.11,0.171,0.173,0.129,0.127,0.127,0.126,0.135,0.128,0.154,0.159,0.166,0.114,0.188,0.113,0.13,0.188,0.188,0.123,0.186,0.188,0.152,0.084,0.089,0.176,0.18,0.12,0.12,0.171,0.168,0.157,0.159,0.159,0.161,0.082,0.084
20:10:03,23.7,0.085,0.086,0.086,0.087,0.088,0.084,0.086,0.085,0.091,0.09,0.088,0.085,0.166,0.169,0.168,0.127,0.122,0.118,0.129,0.13,0.124,0.155,0.153,0.156,0.16,0.173,0.17,0.134,0.125,0.123,0.128,0.13,0.123,0.156,0.151,0.159,0.162,0.168,0.17,0.134,0.129,0.123,0.127,0.133,0.126,0.17,0.157,0.162,0.114,0.173,0.176,0.133,0.131,0.122,0.127,0.134,0.129,0.152,0.154,0.158,0.11,0.171,0.172,0.13,0.126,0.127,0.126,0.135,0.127,0.154,0.159,0.166,0.114,0.187,0.113,0.13,0.188,0.187,0.123,0.186,0.188,0.152,0.084,0.089,0.176,0.179,0.12,0.12,0.171,0.169,0.158,0.159,0.159,0.161,0.082,0.083
20:20:03,23.7,0.085,0.086,0.086,0.086,0.088,0.085,0.086,0.085,0.091,0.09,0.088,0.085,0.165,0.169,0.168,0.127,0.122,0.118,0.129,0.131,0.124,0.155,0.153,0.156,0.16,0.173,0.169,0.133,0.125,0.123,0.128,0.13,0.123,0.156,0.151,0.159,0.162,0.168,0.17,0.134,0.129,0.123,0.127,0.133,0.126,0.17,0.157,0.161,0.114,0.173,0.176,0.133,0.131,0.122,0.127,0.134,0.129,0.152,0.154,0.158,0.11,0.171,0.172,0.13,0.126,0.127,0.126,0.135,0.128,0.154,0.16,0.166,0.114,0.187,0.113,0.131,0.189,0.188,0.123,0.186,0.189,0.153,0.084,0.089,0.175,0.179,0.12,0.12,0.171,0.169,0.158,0.159,0.159,0.161,0.082,0.083
20:30:03,23.7,0.085,0.086,0.086,0.087,0.088,0.085,0.086,0.085,0.091,0.09,0.088,0.085,0.165,0.169,0.167,0.127,0.122,0.118,0.129,0.131,0.124,0.155,0.153,0.156,0.159,0.173,0.169,0.134,0.125,0.123,0.128,0.13,0.123,0.156,0.151,0.159,0.162,0.168,0.169,0.134,0.129,0.123,0.127,0.133,0.126,0.17,0.157,0.161,0.114,0.173,0.176,0.133,0.131,0.123,0.127,0.134,0.129,0.153,0.154,0.158,0.11,0.171,0.172,0.13,0.126,0.127,0.126,0.135,0.128,0.154,0.16,0.166,0.114,0.187,0.113,0.131,0.189,0.188,0.123,0.187,0.189,0.153,0.084,0.089,0.174,0.178,0.12,0.12,0.172,0.169,0.159,0.159,0.159,0.16,0.082,0.084
20:40:03,23.7,0.085,0.086,0.086,0.087,0.088,0.085,0.086,0.085,0.091,0.09,0.088,0.085,0.165,0.169,0.167,0.127,0.121,0.118,0.129,0.131,0.125,0.155,0.153,0.155,0.159,0.173,0.169,0.134,0.125,0.123,0.128,0.13,0.123,0.156,0.151,0.159,0.161,0.168,0.169,0.134,0.129,0.123,0.127,0.133,0.126,0.17,0.157,0.161,0.114,0.173,0.176,0.133,0.131,0.122,0.127,0.134,0.129,0.153,0.154,0.157,0.11,0.171,0.171,0.13,0.126,0.127,0.126,0.135,0.128,0.154,0.16,0.165,0.114,0.186,0.113,0.131,0.189,0.188,0.123,0.187,0.189,0.153,0.084,0.089,0.174,0.178,0.12,0.12,0.172,0.17,0.159,0.159,0.159,0.16,0.082,0.084
20:50:03,23.7,0.085,0.086,0.086,0.087,0.088,0.085,0.086,0.085,0.091,0.09,0.088,0.085,0.164,0.168,0.166,0.127,0.121,0.118,0.129,0.131,0.125,0.155,0.153,0.155,0.158,0.173,0.168,0.134,0.125,0.123,0.128,0.13,0.123,0.156,0.151,0.159,0.161,0.168,0.169,0.134,0.129,0.124,0.127,0.133,0.127,0.17,0.157,0.161,0.114,0.173,0.175,0.133,0.131,0.122,0.127,0.134,0.129,0.153,0.154,0.157,0.11,0.171,0.171,0.13,0.126,0.127,0.126,0.135,0.128,0.154,0.16,0.165,0.114,0.186,0.113,0.131,0.189,0.189,0.123,0.187,0.189,0.153,0.084,0.089,0.173,0.177,0.12,0.12,0.172,0.17,0.16,0.159,0.159,0.16,0.082,0.084
21:00:03,23.7,0.085,0.086,0.086,0.087,0.088,0.085,0.086,0.085,0.091,0.09,0.088,0.085,0.164,0.168,0.166,0.127,0.121,0.118,0.128,0.131,0.125,0.155,0.153,0.155,0.158,0.173,0.168,0.134,0.125,0.123,0.128,0.13,0.123,0.156,0.152,0.158,0.16,0.168,0.168,0.134,0.128,0.124,0.127,0.133,0.127,0.17,0.157,0.161,0.114,0.173,0.175,0.133,0.131,0.122,0.126,0.134,0.129,0.153,0.154,0.157,0.11,0.171,0.17,0.13,0.126,0.127,0.126,0.135,0.128,0.154,0.16,0.165,0.114,0.185,0.113,0.131,0.189,0.189,0.123,0.187,0.189,0.153,0.084,0.089,0.173,0.177,0.12,0.12,0.173,0.171,0.16,0.159,0.158,0.16,0.082,0.083
21:10:03,23.7,0.085,0.086,0.086,0.086,0.088,0.085,0.086,0.085,0.091,0.09,0.088,0.085,0.164,0.168,0.165,0.127,0.121,0.118,0.128,0.131,0.125,0.155,0.153,0.155,0.158,0.173,0.168,0.134,0.125,0.123,0.128,0.13,0.124,0.157,0.151,0.158,0.16,0.168,0.168,0.134,0.129,0.123,0.127,0.133,0.126,0.17,0.157,0.161,0.114,0.173,0.174,0.133,0.131,0.122,0.126,0.134,0.129,0.153,0.154,0.157,0.11,0.17,0.17,0.13,0.126,0.127,0.126,0.135,0.128,0.155,0.16,0.165,0.114,0.185,0.113,0.131,0.189,0.189,0.123,0.187,0.189,0.153,0.084,0.089,0.172,0.176,0.12,0.12,0.173,0.171,0.161,0.159,0.158,0.16,0.082,0.084
21:20:03,23.7,0.085,0.086,0.087,0.087,0.088,0.085,0.086,0.085,0.091,0.09,0.088,0.085,0.163,0.167,0.165,0.128,0.121,0.118,0.129,0.131,0.125,0.155,0.153,0.155,0.157,0.173,0.167,0.134,0.124,0.123,0.128,0.13,0.124,0.157,0.152,0.158,0.16,0.168,0.167,0.134,0.129,0.124,0.127,0.133,0.127,0.171,0.157,0.161,0.114,0.173,0.174,0.133,0.131,0.123,0.127,0.135,0.13,0.153,0.154,0.156,0.11,0.17,0.17,0.13,0.126,0.127,0.126,0.136,0.128,0.155,0.16,0.165,0.114,0.184,0.113,0.131,0.189,0.189,0.123,0.188,0.19,0.153,0.084,0.089,0.172,0.176,0.12,0.12,0.174,0.171,0.161,0.159,0.158,0.16,0.082,0.084
21:30:03,23.7,0.085,0.086,0.086,0.086,0.088,0.085,0.086,0.085,0.091,0.09,0.088,0.085,0.163,0.167,0.164,0.127,0.121,0.118,0.128,0.131,0.125,0.156,0.153,0.155,0.157,0.172,0.167,0.134,0.124,0.123,0.127,0.13,0.124,0.157,0.152,0.158,0.159,0.167,0.167,0.134,0.128,0.123,0.127,0.133,0.127,0.171,0.157,0.16,0.114,0.173,0.174,0.133,0.131,0.123,0.126,0.134,0.13,0.153,0.154,0.156,0.11,0.17,0.169,0.13,0.126,0.127,0.126,0.136,0.128,0.155,0.16,0.165,0.114,0.184,0.112,0.131,0.189,0.189,0.122,0.188,0.19,0.154,0.084,0.089,0.172,0.175,0.12,0.12,0.174,0.172,0.161,0.159,0.159,0.16,0.082,0.084
21:40:03,23.7,0.085,0.086,0.086,0.087,0.088,0.085,0.086,0.085,0.091,0.09,0.088,0.085,0.163,0.167,0.164,0.127,0.121,0.118,0.128,0.131,0.125,0.156,0.153,0.155,0.156,0.172,0.166,0.134,0.124,0.123,0.128,0.13,0.124,0.157,0.152,0.158,0.159,0.167,0.167,0.134,0.129,0.124,0.127,0.133,0.127,0.171,0.157,0.16,0.114,0.173,0.173,0.134,0.131,0.123,0.126,0.135,0.13,0.153,0.154,0.156,0.11,0.17,0.168,0.13,0.126,0.127,0.126,0.136,0.128,0.155,0.16,0.164,0.114,0.183,0.112,0.131,0.189,0.189,0.122,0.188,0.19,0.154,0.084,0.089,0.171,0.175,0.12,0.12,0.174,0.172,0.162,0.16,0.159,0.16,0.082,0.084
21:50:03,23.7,0.085,0.086,0.087,0.087,0.088,0.085,0.086,0.085,0.091,0.09,0.088,0.085,0.162,0.167,0.163,0.128,0.121,0.118,0.128,0.131,0.125,0.156,0.153,0.155,0.156,0.172,0.166,0.134,0.124,0.123,0.128,0.13,0.124,0.157,0.152,0.158,0.158,0.167,0.166,0.135,0.129,0.124,0.127,0.133,0.127,0.171,0.157,0.16,0.114,0.173,0.173,0.134,0.131,0.123,0.126,0.135,0.13,0.153,0.154,0.156,0.11,0.17,0.168,0.131,0.126,0.127,0.126,0.136,0.129,0.155,0.16,0.164,0.114,0.183,0.113,0.131,0.189,0.19,0.122,0.189,0.19,0.154,0.084,0.089,0.171,0.175,0.12,0.12,0.175,0.172,0.162,0.16,0.159,0.161,0.082,0.084
22:00:03,23.7,0.085,0.086,0.086,0.087,0.088,0.085,0.086,0.085,0.091,0.09,0.088,0.085,0.162,0.166,0.163,0.128,0.121,0.118,0.128,0.132,0.125,0.156,0.154,0.155,0.155,0.172,0.165,0.134,0.124,0.123,0.127,0.13,0.124,0.157,0.152,0.158,0.158,0.167,0.166,0.135,0.128,0.124,0.127,0.133,0.127,0.171,0.157,0.16,0.113,0.172,0.172,0.134,0.131,0.123,0.126,0.135,0.13,0.153,0.154,0.155,0.11,0.17,0.168,0.13,0.126,0.127,0.126,0.136,0.129,0.155,0.16,0.164,0.114,0.182,0.112,0.131,0.189,0.19,0.122,0.189,0.19,0.154,0.084,0.089,0.17,0.174,0.12,0.12,0.175,0.173,0.163,0.16,0.159,0.161,0.082,0.084
22:10:03,23.8,0.085,0.086,0.086,0.087,0.088,0.085,0.086,0.085,0.091,0.09,0.088,0.085,0.162,0.166,0.162,0.128,0.121,0.118,0.128,0.132,0.125,0.156,0.154,0.155,0.154,0.172,0.165,0.134,0.124,0.123,0.127,0.13,0.124,0.157,0.152,0.158,0.157,0.166,0.165,0.135,0.128,0.124,0.127,0.133,0.127,0.171,0.157,0.16,0.113,0.172,0.172,0.134,0.131,0.123,0.126,0.135,0.13,0.154,0.154,0.155,0.11,0.169,0.167,0.131,0.126,0.127,0.126,0.136,0.129,0.155,0.16,0.164,0.114,0.182,0.112,0.131,0.189,0.19,0.122,0.189,0.191,0.154,0.084,0.089,0.17,0.174,0.12,0.12,0.175,0.173,0.163,0.16,0.16,0.161,0.082,0.084
22:20:03,23.8,0.085,0.086,0.086,0.087,0.088,0.085,0.086,0.085,0.091,0.09,0.088,0.085,0.161,0.166,0.162,0.128,0.121,0.118,0.128,0.131,0.125,0.156,0.154,0.155,0.154,0.172,0.164,0.134,0.124,0.123,0.127,0.13,0.124,0.157,0.152,0.158,0.157,0.166,0.165,0.135,0.128,0.124,0.127,0.134,0.127,0.171,0.157,0.16,0.113,0.172,0.171,0.134,0.131,0.123,0.126,0.135,0.13,0.154,0.154,0.155,0.11,0.169,0.167,0.131,0.126,0.127,0.126,0.136,0.129,0.156,0.16,0.163,0.114,0.181,0.112,0.131,0.189,0.19,0.122,0.189,0.191,0.154,0.084,0.089,0.169,0.173,0.12,0.12,0.175,0.173,0.164,0.161,0.16,0.161,0.082,0.084
22:30:03,23.8,0.085,0.086,0.087,0.087,0.088,0.085,0.086,0.085,0.091,0.09,0.088,0.085,0.161,0.166,0.162,0.128,0.121,0.118,0.128,0.132,0.126,0.156,0.154,0.155,0.154,0.171,0.164,0.134,0.124,0.123,0.127,0.13,0.124,0.158,0.152,0.158,0.157,0.166,0.164,0.135,0.128,0.124,0.127,0.134,0.127,0.172,0.157,0.16,0.113,0.172,0.171,0.134,0.131,0.123,0.126,0.135,0.13,0.154,0.154,0.155,0.11,0.169,0.167,0.131,0.126,0.127,0.126,0.136,0.129,0.156,0.16,0.163,0.114,0.181,0.113,0.132,0.189,0.19,0.122,0.189,0.191,0.154,0.084,0.089,0.169,0.173,0.12,0.12,0.176,0.173,0.164,0.161,0.16,0.162,0.082,0.084
22:40:03,23.8,0.085,0.086,0.086,0.086,0.088,0.085,0.086,0.085,0.091,0.09,0.088,0.085,0.161,0.166,0.161,0.128,0.121,0.118,0.128,0.132,0.126,0.156,0.153,0.155,0.153,0.171,0.164,0.134,0.124,0.123,0.127,0.13,0.124,0.157,0.152,0.158,0.156,0.166,0.164,0.135,0.128,0.124,0.126,0.134,0.127,0.171,0.158,0.16,0.113,0.172,0.171,0.134,0.131,0.123,0.126,0.135,0.13,0.154,0.154,0.155,0.109,0.169,0.166,0.131,0.126,0.127,0.126,0.136,0.129,0.156,0.16,0.163,0.114,0.18,0.112,0.131,0.189,0.189,0.122,0.189,0.191,0.154,0.084,0.089,0.168,0.172,0.12,0.12,0.176,0.174,0.164,0.161,0.16,0.162,0.082,0.084
22:50:03,23.8,0.085,0.086,0.086,0.087,0.088,0.085,0.086,0.085,0.091,0.09,0.088,0.085,0.16,0.166,0.161,0.128,0.121,0.119,0.128,0.132,0.126,0.157,0.153,0.155,0.153,0.171,0.163,0.134,0.124,0.123,0.127,0.131,0.124,0.158,0.152,0.158,0.156,0.166,0.164,0.135,0.128,0.124,0.126,0.134,0.127,0.172,0.157,0.16,0.113,0.172,0.17,0.134,0.131,0.123,0.126,0.135,0.131,0.154,0.154,0.155,0.109,0.169,0.166,0.131,0.126,0.127,0.126,0.137,0.129,0.156,0.16,0.163,0.114,0.18,0.112,0.132,0.189,0.189,0.122,0.189,0.191,0.155,0.084,0.089,0.168,0.172,0.12,0.12,0.176,0.174,0.164,0.161,0.16,0.162,0.082,0.084
23:00:03,23.8,0.085,0.086,0.087,0.087,0.088,0.085,0.086,0.085,0.092,0.09,0.088,0.085,0.16,0.166,0.161,0.128,0.121,0.119,0.128,0.132,0.126,0.157,0.153,0.155,0.152,0.171,0.163,0.134,0.124,0.123,0.127,0.131,0.125,0.158,0.152,0.158,0.155,0.165,0.163,0.135,0.129,0.124,0.126,0.134,0.128,0.172,0.158,0.16,0.113,0.172,0.17,0.134,0.131,0.123,0.126,0.136,0.131,0.154,0.154,0.155,0.109,0.169,0.166,0.131,0.126,0.127,0.126,0.136,0.129,0.156,0.16,0.163,0.114,0.18,0.112,0.132,0.189,0.189,0.122,0.189,0.19,0.155,0.084,0.089,0.168,0.171,0.12,0.12,0.175,0.174,0.164,0.16,0.159,0.161,0.082,0.084
23:10:03,23.8,0.085,0.086,0.087,0.087,0.088,0.085,0.086,0.085,0.091,0.09,0.088,0.085,0.16,0.165,0.16,0.128,0.121,0.119,0.128,0.132,0.126,0.157,0.153,0.155,0.152,0.171,0.162,0.135,0.124,0.124,0.127,0.131,0.125,0.158,0.152,0.158,0.155,0.165,0.163,0.135,0.129,0.124,0.126,0.134,0.128,0.172,0.158,0.16,0.113,0.172,0.169,0.134,0.131,0.123,0.126,0.135,0.131,0.154,0.154,0.155,0.109,0.169,0.165,0.131,0.126,0.127,0.126,0.137,0.13,0.157,0.16,0.163,0.114,0.179,0.112,0.132,0.189,0.189,0.122,0.189,0.191,0.155,0.084,0.089,0.167,0.171,0.12,0.12,0.175,0.173,0.164,0.16,0.159,0.161,0.082,0.084
23:20:03,23.8,0.085,0.086,0.086,0.086,0.088,0.085,0.086,0.085,0.091,0.09,0.088,0.085,0.16,0.165,0.16,0.128,0.121,0.119,0.128,0.132,0.126,0.157,0.153,0.154,0.152,0.17,0.162,0.135,0.124,0.123,0.127,0.131,0.125,0.158,0.152,0.158,0.154,0.165,0.163,0.135,0.128,0.124,0.126,0.134,0.128,0.172,0.157,0.16,0.113,0.171,0.169,0.134,0.131,0.123,0.126,0.136,0.131,0.154,0.154,0.155,0.109,0.168,0.165,0.131,0.126,0.127,0.126,0.136,0.13,0.157,0.16,0.163,0.114,0.179,0.112,0.132,0.189,0.189,0.122,0.189,0.19,0.155,0.084,0.089,0.167,0.17,0.12,0.12,0.174,0.173,0.164,0.159,0.158,0.16,0.082,0.084
23:30:03,23.8,0.085,0.086,0.086,0.086,0.088,0.084,0.086,0.085,0.091,0.09,0.088,0.085,0.159,0.165,0.16,0.128,0.121,0.119,0.128,0.132,0.126,0.157,0.153,0.155,0.151,0.17,0.162,0.134,0.124,0.123,0.127,0.131,0.125,0.157,0.152,0.158,0.154,0.165,0.162,0.135,0.128,0.124,0.126,0.134,0.128,0.172,0.157,0.159,0.113,0.171,0.169,0.134,0.131,0.123,0.126,0.135,0.131,0.154,0.154,0.154,0.109,0.168,0.164,0.131,0.126,0.127,0.126,0.136,0.13,0.157,0.16,0.163,0.113,0.178,0.112,0.132,0.188,0.188,0.122,0.189,0.19,0.155,0.084,0.089,0.166,0.17,0.12,0.12,0.174,0.172,0.163,0.159,0.158,0.16,0.082,0.083
23:40:03,23.8,0.085,0.086,0.086,0.086,0.088,0.084,0.086,0.085,0.091,0.09,0.088,0.085,0.159,0.165,0.159,0.128,0.121,0.119,0.128,0.131,0.126,0.157,0.153,0.154,0.151,0.17,0.161,0.135,0.124,0.124,0.127,0.131,0.125,0.157,0.152,0.158,0.153,0.165,0.162,0.135,0.129,0.124,0.126,0.134,0.128,0.172,0.157,0.16,0.113,0.171,0.169,0.134,0.131,0.123,0.126,0.135,0.131,0.154,0.154,0.155,0.109,0.168,0.164,0.131,0.126,0.127,0.126,0.136,0.13,0.157,0.16,0.162,0.113,0.178,0.112,0.132,0.188,0.188,0.122,0.188,0.19,0.155,0.084,0.089,0.166,0.169,0.12,0.119,0.173,0.172,0.162,0.159,0.157,0.16,0.082,0.084
23:50:03,23.8,0.085,0.086,0.086,0.087,0.088,0.085,0.086,0.085,0.091,0.09,0.088,0.085,0.159,0.165,0.159,0.128,0.121,0.119,0.128,0.131,0.126,0.157,0.153,0.155,0.151,0.17,0.161,0.135,0.124,0.124,0.127,0.131,0.125,0.157,0.152,0.158,0.153,0.165,0.162,0.135,0.129,0.124,0.126,0.134,0.128,0.172,0.157,0.16,0.113,0.171,0.168,0.134,0.131,0.123,0.126,0.135,0.131,0.155,0.154,0.154,0.109,0.168,0.164,0.131,0.126,0.128,0.126,0.136,0.13,0.157,0.16,0.163,0.114,0.177,0.112,0.132,0.188,0.188,0.121,0.188,0.19,0.155,0.084,0.089,0.166,0.169,0.12,0.119,0.172,0.171,0.162,0.158,0.157,0.16,0.082,0.084
24:00:03,23.8,0.085,0.086,0.086,0.087,0.088,0.085,0.086,0.085,0.091,0.09,0.088,0.085,0.158,0.165,0.159,0.128,0.121,0.119,0.128,0.131,0.126,0.157,0.153,0.155,0.15,0.17,0.161,0.135,0.124,0.124,0.127,0.131,0.125,0.157,0.152,0.158,0.153,0.165,0.161,0.135,0.129,0.124,0.126,0.134,0.128,0.172,0.157,0.16,0.113,0.171,0.168,0.134,0.131,0.123,0.126,0.135,0.131,0.155,0.154,0.154,0.109,0.168,0.163,0.132,0.126,0.128,0.126,0.136,0.13,0.157,0.159,0.163,0.114,0.177,0.112,0.132,0.188,0.187,0.121,0.188,0.189,0.155,0.084,0.089,0.165,0.168,0.12,0.12,0.172,0.17,0.161,0.157,0.157,0.159,0.082,0.084
24:10:03,23.8,0.085,0.086,0.087,0.087,0.088,0.085,0.086,0.085,0.092,0.09,0.088,0.085,0.158,0.164,0.158,0.128,0.121,0.119,0.128,0.131,0.127,0.157,0.153,0.154,0.15,0.17,0.161,0.135,0.124,0.124,0.127,0.131,0.126,0.157,0.152,0.158,0.152,0.165,0.161,0.135,0.129,0.124,0.126,0.134,0.128,0.172,0.157,0.16,0.113,0.171,0.168,0.134,0.131,0.123,0.126,0.135,0.131,0.155,0.154,0.154,0.109,0.168,0.163,0.132,0.126,0.128,0.125,0.136,0.13,0.157,0.16,0.162,0.113,0.176,0.112,0.132,0.187,0.187,0.121,0.187,0.189,0.155,0.084,0.089,0.164,0.168,0.12,0.12,0.171,0.17,0.161,0.157,0.156,0.159,0.082,0.084
24:20:03,23.8,0.085,0.086,0.086,0.087,0.088,0.085,0.086,0.085,0.091,0.09,0.088,0.085,0.158,0.164,0.158,0.128,0.121,0.119,0.128,0.131,0.126,0.157,0.153,0.155,0.149,0.17,0.16,0.135,0.124,0.124,0.127,0.131,0.125,0.157,0.152,0.158,0.152,0.165,0.161,0.135,0.129,0.124,0.126,0.134,0.128,0.172,0.157,0.16,0.113,0.171,0.167,0.134,0.131,0.123,0.126,0.135,0.131,0.155,0.154,0.154,0.109,0.168,0.163,0.132,0.126,0.128,0.125,0.136,0.129,0.157,0.159,0.162,0.113,0.176,0.112,0.132,0.187,0.187,0.121,0.187,0.189,0.155,0.084,0.089,0.164,0.167,0.12,0.12,0.171,0.169,0.16,0.157,0.156,0.158,0.082,0.084
24:30:03,23.8,0.085,0.086,0.087,0.087,0.088,0.085,0.086,0.085,0.091,0.09,0.088,0.085,0.157,0.164,0.158,0.128,0.121,0.119,0.128,0.131,0.126,0.157,0.153,0.155,0.149,0.17,0.16,0.135,0.124,0.124,0.127,0.131,0.126,0.158,0.152,0.158,0.151,0.164,0.161,0.135,0.129,0.124,0.126,0.134,0.128,0.172,0.157,0.159,0.113,0.171,0.167,0.134,0.131,0.123,0.126,0.135,0.131,0.155,0.154,0.153,0.109,0.168,0.163,0.132,0.126,0.128,0.126,0.136,0.129,0.157,0.159,0.162,0.113,0.176,0.112,0.132,0.186,0.186,0.121,0.186,0.188,0.155,0.084,0.089,0.164,0.167,0.12,0.119,0.17,0.169,0.16,0.156,0.155,0.158,0.082,0.084
24:40:03,23.8,0.085,0.086,0.087,0.087,0.088,0.085,0.086,0.085,0.091,0.09,0.088,0.085,0.157,0.164,0.158,0.128,0.121,0.119,0.127,0.131,0.126,0.157,0.153,0.155,0.149,0.17,0.16,0.135,0.124,0.124,0.127,0.131,0.125,0.158,0.152,0.158,0.151,0.164,0.16,0.135,0.129,0.124,0.126,0.134,0.128,0.172,0.157,0.159,0.113,0.171,0.167,0.134,0.131,0.123,0.126,0.135,0.131,0.155,0.153,0.153,0.109,0.168,0.162,0.131,0.126,0.128,0.125,0.135,0.129,0.157,0.159,0.162,0.113,0.175,0.112,0.132,0.185,0.185,0.121,0.186,0.187,0.155,0.084,0.089,0.163,0.166,0.12,0.119,0.169,0.168,0.159,0.156,0.155,0.158,0.082,0.084
24:50:03,23.8,0.085,0.086,0.086,0.087,0.088,0.085,0.086,0.085,0.091,0.09,0.088,0.085,0.157,0.163,0.158,0.128,0.121,0.119,0.127,0.13,0.126,0.157,0.153,0.154,0.148,0.17,0.159,0.135,0.124,0.124,0.127,0.13,0.125,0.157,0.151,0.157,0.151,0.164,0.16,0.135,0.129,0.124,0.126,0.134,0.128,0.172,0.157,0.159,0.113,0.171,0.166,0.134,0.131,0.123,0.126,0.134,0.131,0.155,0.153,0.153,0.109,0.168,0.162,0.132,0.126,0.128,0.125,0.135,0.129,0.157,0.159,0.162,0.113,0.175,0.112,0.132,0.185,0.185,0.121,0.185,0.187,0.155,0.084,0.089,0.163,0.166,0.12,0.119,0.169,0.167,0.158,0.155,0.155,0.157,0.082,0.084
25:00:03,23.8,0.085,0.086,0.086,0.087,0.088,0.085,0.086,0.085,0.091,0.09,0.088,0.085,0.156,0.163,0.157,0.128,0.121,0.119,0.127,0.13,0.126,0.157,0.153,0.154,0.148,0.17,0.159,0.135,0.124,0.124,0.127,0.13,0.125,0.157,0.151,0.158,0.15,0.164,0.16,0.135,0.129,0.125,0.126,0.134,0.128,0.172,0.157,0.158,0.113,0.171,0.166,0.135,0.131,0.124,0.126,0.134,0.131,0.155,0.153,0.153,0.109,0.168,0.162,0.132,0.126,0.128,0.125,0.135,0.129,0.158,0.159,0.161,0.113,0.174,0.112,0.132,0.184,0.184,0.121,0.185,0.187,0.156,0.084,0.089,0.162,0.165,0.12,0.12,0.168,0.167,0.158,0.155,0.154,0.157,0.082,0.084
25:10:03,23.8,0.085,0.086,0.087,0.087,0.088,0.085,0.086,0.085,0.091,0.09,0.088,0.085,0.156,0.163,0.157,0.129,0.121,0.119,0.127,0.13,0.126,0.157,0.153,0.154,0.148,0.17,0.159,0.135,0.124,0.124,0.127,0.13,0.125,0.157,0.151,0.157,0.15,0.164,0.16,0.135,0.129,0.125,0.126,0.134,0.128,0.172,0.157,0.158,0.113,0.17,0.166,0.135,0.131,0.124,0.126,0.134,0.131,0.155,0.153,0.153,0.109,0.167,0.162,0.132,0.126,0.128,0.125,0.135,0.129,0.158,0.159,0.161,0.113,0.174,0.112,0.132,0.184,0.183,0.121,0.184,0.186,0.156,0.084,0.089,0.162,0.165,0.12,0.12,0.168,0.166,0.158,0.154,0.154,0.157,0.082,0.084
25:20:03,23.8,0.085,0.086,0.087,0.087,0.088,0.085,0.086,0.085,0.091,0.09,0.088,0.085,0.156,0.163,0.157,0.128,0.121,0.119,0.128,0.13,0.126,0.157,0.153,0.154,0.147,0.169,0.159,0.135,0.124,0.124,0.127,0.13,0.125,0.157,0.152,0.157,0.15,0.164,0.159,0.135,0.129,0.124,0.126,0.133,0.128,0.172,0.157,0.158,0.113,0.17,0.166,0.135,0.131,0.124,0.126,0.134,0.13,0.155,0.153,0.152,0.109,0.167,0.162,0.132,0.126,0.128,0.125,0.135,0.129,0.158,0.159,0.161,0.113,0.173,0.112,0.132,0.183,0.183,0.121,0.184,0.186,0.156,0.084,0.089,0.161,0.165,0.12,0.12,0.167,0.166,0.157,0.154,0.153,0.156,0.082,0.084
25:30:03,23.8,0.085,0.086,0.086,0.087,0.088,0.084,0.086,0.085,0.091,0.09,0.088,0.085,0.155,0.163,0.157,0.128,0.121,0.119,0.127,0.13,0.126,0.157,0.153,0.153,0.147,0.169,0.159,0.135,0.125,0.124,0.127,0.13,0.125,0.157,0.151,0.157,0.149,0.164,0.159,0.135,0.129,0.125,0.126,0.133,0.127,0.172,0.157,0.157,0.113,0.17,0.166,0.135,0.131,0.124,0.126,0.134,0.13,0.155,0.153,0.152,0.109,0.167,0.161,0.132,0.126,0.128,0.125,0.134,0.128,0.158,0.159,0.16,0.113,0.173,0.112,0.132,0.183,0.182,0.121,0.183,0.185,0.156,0.084,0.089,0.161,0.164,0.12,0.12,0.166,0.165,0.156,0.153,0.153,0.156,0.082,0.084
25:40:03,23.8,0.085,0.086,0.086,0.087,0.088,0.085,0.086,0.085,0.091,0.09,0.088,0.085,0.155,0.162,0.157,0.128,0.121,0.119,0.127,0.13,0.126,0.157,0.153,0.153,0.147,0.169,0.158,0.135,0.124,0.124,0.127,0.13,0.125,0.157,0.151,0.156,0.149,0.164,0.159,0.135,0.129,0.125,0.126,0.133,0.127,0.172,0.157,0.157,0.113,0.17,0.165,0.135,0.131,0.124,0.126,0.134,0.13,0.155,0.153,0.151,0.109,0.167,0.161,0.132,0.126,0.128,0.125,0.134,0.128,0.158,0.159,0.16,0.113,0.172,0.112,0.132,0.182,0.182,0.121,0.183,0.184,0.156,0.084,0.089,0.16,0.163,0.12,0.12,0.166,0.165,0.156,0.153,0.153,0.155,0.082,0.084
25:50:03,23.8,0.085,0.086,0.087,0.087,0.088,0.085,0.086,0.085,0.092,0.09,0.088,0.085,0.155,0.162,0.157,0.129,0.121,0.119,0.127,0.13,0.125,0.157,0.153,0.153,0.147,0.169,0.158,0.135,0.125,0.125,0.127,0.129,0.124,0.157,0.151,0.156,0.148,0.163,0.159,0.135,0.129,0.125,0.126,0.133,0.127,0.171,0.157,0.157,0.113,0.17,0.165,0.135,0.131,0.124,0.126,0.133,0.13,0.156,0.153,0.151,0.109,0.167,0.161,0.132,0.127,0.128,0.125,0.134,0.128,0.158,0.159,0.16,0.113,0.172,0.112,0.132,0.181,0.181,0.121,0.182,0.184,0.156,0.084,0.089,0.16,0.163,0.12,0.119,0.165,0.164,0.155,0.152,0.152,0.155,0.082,0.084
26:00:03,23.8,0.085,0.086,0.087,0.086,0.088,0.085,0.086,0.085,0.091,0.09,0.088,0.085,0.154,0.162,0.156,0.129,0.121,0.119,0.127,0.13,0.125,0.157,0.153,0.153,0.146,0.169,0.158,0.135,0.125,0.125,0.127,0.129,0.124,0.157,0.151,0.156,0.148,0.163,0.159,0.135,0.129,0.125,0.126,0.133,0.127,0.171,0.157,0.157,0.113,0.17,0.165,0.135,0.131,0.124,0.126,0.133,0.13,0.156,0.153,0.151,0.109,0.166,0.161,0.132,0.126,0.128,0.125,0.134,0.128,0.158,0.159,0.159,0.113,0.171,0.112,0.132,0.181,0.18,0.121,0.182,0.184,0.156,0.084,0.089,0.159,0.163,0.12,0.119,0.165,0.163,0.155,0.152,0.152,0.154,0.082,0.084
26:10:03,23.8,0.085,0.086,0.087,0.087,0.088,0.085,0.086,0.085,0.091,0.09,0.088,0.085,0.154,0.162,0.156,0.129,0.121,0.119,0.127,0.129,0.125,0.156,0.153,0.152,0.146,0.169,0.158,0.135,0.125,0.125,0.127,0.129,0.124,0.157,0.151,0.156,0.148,0.163,0.159,0.136,0.129,0.125,0.126,0.132,0.127,0.171,0.157,0.156,0.113,0.17,0.165,0.135,0.131,0.124,0.126,0.133,0.129,0.156,0.153,0.15,0.109,0.166,0.161,0.132,0.126,0.128,0.125,0.134,0.128,0.158,0.159,0.159,0.113,0.171,0.112,0.132,0.18,0.18,0.121,0.182,0.183,0.156,0.084,0.089,0.158,0.162,0.12,0.119,0.164,0.162,0.154,0.151,0.151,0.154,0.082,0.084
26:20:03,23.8,0.085,0.086,0.086,0.086,0.088,0.085,0.086,0.085,0.091,0.09,0.088,0.085,0.154,0.161,0.156,0.129,0.121,0.119,0.127,0.129,0.125,0.156,0.153,0.152,0.145,0.168,0.158,0.135,0.125,0.125,0.127,0.129,0.124,0.156,0.151,0.155,0.147,0.163,0.159,0.135,0.129,0.125,0.126,0.132,0.126,0.171,0.157,0.156,0.113,0.169,0.165,0.135,0.131,0.124,0.126,0.133,0.129,0.156,0.153,0.15,0.109,0.166,0.161,0.132,0.127,0.128,0.125,0.134,0.128,0.158,0.159,0.159,0.113,0.17,0.112,0.133,0.18,0.179,0.121,0.181,0.183,0.156,0.084,0.089,0.158,0.162,0.12,0.12,0.163,0.162,0.154,0.151,0.151,0.154,0.082,0.084
26:30:03,23.8,0.085,0.086,0.087,0.087,0.088,0.085,0.086,0.085,0.091,0.09,0.088,0.085,0.153,0.161,0.156,0.129,0.121,0.119,0.127,0.129,0.125,0.156,0.153,0.152,0.145,0.168,0.158,0.135,0.125,0.125,0.127,0.129,0.124,0.156,0.151,0.155,0.147,0.163,0.159,0.136,0.129,0.125,0.126,0.132,0.126,0.171,0.157,0.156,0.113,0.169,0.165,0.135,0.131,0.124,0.126,0.133,0.129,0.156,0.153,0.15,0.109,0.166,0.16,0.132,0.127,0.128,0.125,0.134,0.127,0.158,0.159,0.158,0.113,0.17,0.112,0.133,0.179,0.179,0.121,0.18,0.182,0.156,0.084,0.089,0.158,0.161,0.12,0.12,0.163,0.162,0.153,0.15,0.15,0.153,0.082,0.084
26:40:03,23.8,0.085,0.086,0.087,0.087,0.088,0.085,0.086,0.085,0.091,0.09,0.088,0.085,0.153,0.161,0.155,0.129,0.121,0.12,0.127,0.129,0.125,0.156,0.153,0.152,0.145,0.168,0.158,0.136,0.125,0.125,0.127,0.129,0.124,0.156,0.151,0.155,0.147,0.163,0.158,0.136,0.129,0.125,0.126,0.132,0.126,0.171,0.157,0.156,0.113,0.169,0.165,0.135,0.131,0.124,0.126,0.133,0.129,0.156,0.153,0.15,0.109,0.165,0.16,0.132,0.127,0.129,0.125,0.134,0.127,0.158,0.159,0.158,0.113,0.17,0.112,0.133,0.179,0.178,0.121,0.18,0.182,0.156,0.084,0.089,0.157,0.161,0.12,0.12,0.162,0.161,0.153,0.15,0.15,0.153,0.082,0.084
26:50:03,23.8,0.085,0.086,0.087,0.087,0.088,0.085,0.086,0.085,0.091,0.09,0.088,0.085,0.153,0.161,0.155,0.129,0.121,0.12,0.127,0.129,0.124,0.156,0.154,0.151,0.145,0.168,0.157,0.136,0.125,0.125,0.127,0.129,0.124,0.156,0.152,0.155,0.147,0.162,0.158,0.136,0.129,0.125,0.126,0.132,0.126,0.171,0.157,0.155,0.113,0.169,0.165,0.135,0.131,0.124,0.126,0.133,0.129,0.156,0.153,0.149,0.109,0.165,0.16,0.132,0.127,0.129,0.125,0.134,0.127,0.158,0.16,0.158,0.113,0.169,0.112,0.133,0.178,0.178,0.121,0.18,0.181,0.156,0.084,0.089,0.157,0.161,0.12,0.12,0.162,0.161,0.153,0.15,0.15,0.153,0.082,0.084
27:00:03,23.8,0.085,0.086,0.086,0.087,0.088,0.085,0.086,0.085,0.091,0.09,0.088,0.085,0.153,0.161,0.155,0.129,0.121,0.12,0.127,0.129,0.124,0.156,0.154,0.151,0.144,0.168,0.157,0.136,0.125,0.125,0.127,0.128,0.123,0.156,0.152,0.155,0.146,0.162,0.158,0.136,0.129,0.125,0.125,0.132,0.126,0.17,0.157,0.155,0.112,0.168,0.164,0.135,0.131,0.124,0.126,0.132,0.129,0.156,0.153,0.149,0.109,0.165,0.16,0.132,0.127,0.129,0.125,0.134,0.127,0.158,0.159,0.158,0.113,0.169,0.112,0.133,0.178,0.177,0.12,0.179,0.181,0.156,0.084,0.089,0.156,0.16,0.12,0.119,0.162,0.16,0.152,0.149,0.149,0.152,0.082,0.084
27:10:03,23.8,0.085,0.086,0.087,0.087,0.088,0.085,0.086,0.085,0.091,0.09,0.088,0.085,0.152,0.16,0.155,0.129,0.121,0.12,0.127,0.129,0.124,0.156,0.154,0.151,0.144,0.168,0.157,0.136,0.125,0.125,0.127,0.128,0.123,0.156,0.152,0.154,0.146,0.162,0.158,0.136,0.129,0.126,0.126,0.132,0.126,0.17,0.157,0.155,0.112,0.168,0.164,0.135,0.131,0.124,0.126,0.132,0.129,0.156,0.153,0.149,0.109,0.165,0.16,0.132,0.127,0.129,0.125,0.134,0.127,0.158,0.159,0.158,0.113,0.168,0.112,0.133,0.177,0.177,0.12,0.179,0.18,0.155,0.084,0.089,0.156,0.16,0.12,0.119,0.161,0.159,0.151,0.149,0.149,0.152,0.082,0.084
27:20:03,23.8,0.085,0.086,0.087,0.087,0.088,0.085,0.086,0.085,0.091,0.09,0.088,0.085,0.152,0.16,0.154,0.129,0.121,0.12,0.127,0.129,0.124,0.156,0.154,0.151,0.144,0.167,0.157,0.136,0.125,0.125,0.127,0.128,0.123,0.156,0.152,0.154,0.146,0.162,0.158,0.136,0.129,0.126,0.126,0.132,0.126,0.17,0.157,0.155,0.112,0.168,0.164,0.135,0.131,0.124,0.126,0.132,0.128,0.156,0.153,0.148,0.109,0.165,0.16,0.132,0.127,0.129,0.125,0.134,0.127,0.158,0.16,0.157,0.113,0.168,0.112,0.133,0.177,0.176,0.12,0.178,0.18,0.155,0.084,0.089,0.156,0.16,0.12,0.119,0.16,0.159,0.151,0.149,0.148,0.152,0.082,0.084
27:30:03,23.8,0.085,0.086,0.087,0.087,0.088,0.085,0.086,0.085,0.091,0.09,0.088,0.085,0.152,0.16,0.154,0.129,0.121,0.12,0.127,0.129,0.124,0.156,0.154,0.151,0.144,0.167,0.157,0.136,0.125,0.125,0.126,0.128,0.123,0.156,0.152,0.154,0.145,0.162,0.158,0.136,0.129,0.126,0.125,0.132,0.126,0.17,0.158,0.154,0.112,0.168,0.164,0.135,0.131,0.125,0.126,0.132,0.128,0.156,0.154,0.148,0.109,0.164,0.159,0.132,0.127,0.129,0.125,0.134,0.127,0.158,0.16,0.157,0.113,0.168,0.112,0.133,0.176,0.176,0.121,0.178,0.179,0.155,0.084,0.089,0.155,0.16,0.12,0.119,0.16,0.158,0.15,0.148,0.148,0.151,0.082,0.084
27:40:03,23.8,0.085,0.086,0.087,0.087,0.088,0.085,0.086,0.085,0.091,0.09,0.088,0.085,0.152,0.16,0.154,0.129,0.121,0.12,0.127,0.129,0.124,0.156,0.154,0.15,0.143,0.167,0.156,0.136,0.125,0.126,0.127,0.128,0.123,0.156,0.152,0.154,0.145,0.162,0.157,0.136,0.129,0.126,0.125,0.132,0.125,0.17,0.158,0.154,0.112,0.168,0.164,0.135,0.132,0.125,0.126,0.132,0.128,0.156,0.154,0.148,0.109,0.164,0.159,0.132,0.127,0.129,0.125,0.134,0.127,0.158,0.16,0.157,0.113,0.167,0.112,0.133,0.176,0.175,0.12,0.177,0.179,0.155,0.084,0.089,0.155,0.159,0.12,0.12,0.159,0.158,0.15,0.148,0.148,0.151,0.082,0.084
27:50:03,23.8,0.085,0.086,0.086,0.087,0.088,0.085,0.086,0.085,0.091,0.09,0.088,0.085,0.151,0.16,0.154,0.129,0.121,0.12,0.127,0.129,0.124,0.155,0.154,0.15,0.143,0.167,0.156,0.136,0.125,0.126,0.127,0.128,0.123,0.156,0.152,0.153,0.145,0.161,0.157,0.136,0.129,0.126,0.125,0.132,0.125,0.17,0.158,0.154,0.112,0.167,0.163,0.135,0.132,0.125,0.126,0.132,0.128,0.156,0.154,0.148,0.108,0.164,0.159,0.132,0.127,0.129,0.125,0.134,0.127,0.158,0.16,0.157,0.113,0.167,0.112,0.133,0.175,0.175,0.12,0.177,0.179,0.155,0.084,0.089,0.154,0.159,0.12,0.119,0.159,0.157,0.15,0.148,0.147,0.15,0.082,0.084
28:00:03,23.7,0.085,0.086,0.087,0.087,0.088,0.085,0.086,0.085,0.091,0.09,0.088,0.085,0.151,0.159,0.154,0.129,0.121,0.12,0.127,0.129,0.124,0.155,0.154,0.15,0.143,0.166,0.156,0.136,0.125,0.126,0.126,0.128,0.123,0.156,0.152,0.153,0.145,0.161,0.157,0.136,0.13,0.126,0.125,0.131,0.125,0.17,0.158,0.154,0.112,0.167,0.163,0.135,0.132,0.125,0.126,0.132,0.128,0.156,0.154,0.147,0.109,0.164,0.159,0.132,0.127,0.129,0.125,0.134,0.127,0.158,0.16,0.157,0.113,0.166,0.112,0.133,0.175,0.174,0.12,0.176,0.178,0.155,0.084,0.089,0.154,0.159,0.12,0.12,0.158,0.157,0.149,0.147,0.147,0.15,0.082,0.084
28:10:03,23.7,0.085,0.086,0.087,0.087,0.088,0.085,0.086,0.085,0.091,0.09,0.088,0.085,0.151,0.159,0.153,0.129,0.121,0.12,0.127,0.129,0.124,0.155,0.154,0.15,0.142,0.166,0.156,0.136,0.125,0.126,0.126,0.128,0.123,0.155,0.152,0.153,0.144,0.161,0.157,0.136,0.13,0.126,0.125,0.131,0.125,0.17,0.158,0.153,0.112,0.167,0.163,0.135,0.132,0.125,0.126,0.132,0.128,0.156,0.153,0.147,0.109,0.163,0.159,0.132,0.127,0.129,0.125,0.133,0.127,0.158,0.16,0.156,0.113,0.166,0.112,0.133,0.174,0.174,0.12,0.176,0.178,0.155,0.084,0.089,0.154,0.159,0.12,0.12,0.158,0.156,0.149,0.147,0.147,0.15,0.082,0.084
28:20:03,23.7,0.085,0.086,0.087,0.087,0.088,0.085,0.086,0.085,0.091,0.09,0.088,0.085,0.151,0.159,0.153,0.129,0.121,0.12,0.127,0.129,0.124,0.155,0.154,0.15,0.142,0.166,0.155,0.136,0.125,0.126,0.126,0.128,0.123,0.155,0.152,0.153,0.144,0.161,0.157,0.136,0.13,0.126,0.125,0.131,0.125,0.169,0.157,0.153,0.112,0.167,0.163,0.135,0.132,0.125,0.126,0.132,0.128,0.155,0.154,0.147,0.108,0.163,0.158,0.132,0.127,0.129,0.125,0.133,0.127,0.158,0.159,0.156,0.113,0.165,0.112,0.133,0.174,0.173,0.12,0.175,0.177,0.155,0.084,0.089,0.154,0.158,0.12,0.119,0.157,0.156,0.149,0.146,0.146,0.149,0.082,0.084
28:30:03,23.7,0.085,0.086,0.087,0.087,0.088,0.085,0.086,0.085,0.092,0.09,0.088,0.085,0.151,0.159,0.153,0.129,0.121,0.12,0.127,0.129,0.124,0.155,0.154,0.149,0.142,0.166,0.155,0.136,0.125,0.126,0.126,0.128,0.123,0.155,0.152,0.153,0.144,0.161,0.156,0.136,0.13,0.126,0.125,0.131,0.125,0.169,0.158,0.153,0.112,0.167,0.163,0.135,0.132,0.125,0.126,0.132,0.128,0.155,0.153,0.147,0.108,0.163,0.158,0.132,0.127,0.129,0.125,0.133,0.127,0.157,0.16,0.156,0.113,0.165,0.112,0.133,0.173,0.173,0.12,0.175,0.177,0.155,0.084,0.089,0.154,0.158,0.12,0.119,0.157,0.155,0.148,0.146,0.146,0.149,0.082,0.084
28:40:03,23.7,0.085,0.086,0.087,0.087,0.088,0.085,0.086,0.085,0.091,0.09,0.088,0.085,0.15,0.158,0.153,0.129,0.121,0.12,0.127,0.129,0.124,0.155,0.154,0.149,0.142,0.166,0.155,0.136,0.125,0.126,0.126,0.128,0.123,0.155,0.152,0.152,0.143,0.16,0.156,0.136,0.13,0.126,0.125,0.131,0.125,0.169,0.157,0.153,0.112,0.166,0.162,0.135,0.132,0.125,0.126,0.132,0.128,0.155,0.153,0.146,0.108,0.163,0.158,0.132,0.127,0.13,0.125,0.133,0.127,0.157,0.159,0.155,0.113,0.165,0.112,0.133,0.173,0.172,0.12,0.174,0.176,0.155,0.084,0.089,0.153,0.158,0.12,0.119,0.156,0.155,0.148,0.146,0.146,0.149,0.082,0.084
28:50:03,23.7,0.085,0.086,0.086,0.087,0.088,0.085,0.086,0.085,0.091,0.09,0.088,0.085,0.15,0.158,0.153,0.13,0.121,0.12,0.127,0.129,0.124,0.155,0.154,0.149,0.141,0.165,0.154,0.136,0.125,0.126,0.126,0.128,0.123,0.155,0.152,0.152,0.143,0.16,0.156,0.136,0.13,0.126,0.125,0.131,0.125,0.169,0.157,0.152,0.112,0.166,0.162,0.135,0.132,0.125,0.126,0.132,0.128,0.155,0.153,0.146,0.108,0.163,0.157,0.132,0.127,0.129,0.125,0.133,0.127,0.157,0.159,0.155,0.113,0.164,0.112,0.133,0.172,0.172,0.12,0.174,0.176,0.154,0.084,0.089,0.153,0.158,0.12,0.119,0.156,0.154,0.147,0.146,0.145,0.148,0.082,0.084
29:00:03,23.7,0.085,0.086,0.087,0.087,0.088,0.085,0.086,0.085,0.091,0.09,0.088,0.085,0.15,0.158,0.152,0.13,0.121,0.12,0.127,0.129,0.124,0.155,0.154,0.149,0.141,0.165,0.154,0.137,0.125,0.126,0.126,0.128,0.123,0.155,0.152,0.152,0.143,0.16,0.156,0.136,0.13,0.126,0.125,0.131,0.125,0.169,0.157,0.152,0.112,0.166,0.162,0.135,0.132,0.125,0.126,0.132,0.128,0.155,0.153,0.146,0.108,0.162,0.157,0.132,0.127,0.13,0.125,0.133,0.127,0.157,0.16,0.155,0.113,0.164,0.112,0.133,0.172,0.171,0.12,0.173,0.175,0.155,0.084,0.089,0.153,0.158,0.12,0.119,0.155,0.154,0.147,0.145,0.145,0.148,0.082,0.084
29:10:03,23.7,0.085,0.086,0.087,0.087,0.088,0.085,0.086,0.085,0.092,0.09,0.088,0.085,0.149,0.157,0.152,0.13,0.121,0.12,0.127,0.129,0.124,0.154,0.154,0.148,0.141,0.165,0.154,0.137,0.125,0.126,0.126,0.128,0.123,0.155,0.152,0.152,0.142,0.16,0.155,0.136,0.13,0.126,0.125,0.131,0.125,0.169,0.157,0.152,0.112,0.166,0.162,0.135,0.132,0.125,0.126,0.132,0.128,0.155,0.153,0.146,0.108,0.162,0.157,0.132,0.127,0.13,0.125,0.133,0.127,0.157,0.159,0.155,0.113,0.164,0.112,0.133,0.171,0.171,0.12,0.173,0.175,0.154,0.084,0.089,0.153,0.158,0.12,0.119,0.155,0.154,0.147,0.145,0.145,0.148,0.082,0.084
29:20:03,23.7,0.085,0.086,0.087,0.087,0.088,0.085,0.086,0.085,0.091,0.09,0.088,0.085,0.149,0.157,0.152,0.13,0.121,0.12,0.127,0.129,0.124,0.154,0.154,0.148,0.141,0.165,0.154,0.137,0.125,0.126,0.126,0.128,0.123,0.155,0.152,0.151,0.142,0.159,0.155,0.136,0.13,0.127,0.125,0.131,0.125,0.169,0.157,0.152,0.112,0.165,0.161,0.135,0.132,0.125,0.126,0.132,0.128,0.155,0.153,0.145,0.108,0.162,0.157,0.132,0.128,0.13,0.125,0.133,0.127,0.157,0.159,0.155,0.113,0.163,0.112,0.133,0.171,0.17,0.12,0.172,0.174,0.154,0.084,0.089,0.153,0.158,0.12,0.119,0.154,0.154,0.147,0.145,0.145,0.147,0.082,0.084
29:30:03,23.7,0.085,0.086,0.087,0.087,0.088,0.085,0.086,0.085,0.091,0.09,0.088,0.085,0.149,0.157,0.152,0.13,0.121,0.12,0.127,0.129,0.124,0.154,0.154,0.148,0.141,0.165,0.154,0.137,0.126,0.126,0.126,0.128,0.122,0.154,0.151,0.151,0.142,0.159,0.155,0.137,0.13,0.127,0.125,0.131,0.125,0.169,0.157,0.151,0.112,0.165,0.161,0.135,0.132,0.125,0.126,0.132,0.128,0.155,0.153,0.145,0.108,0.162,0.156,0.132,0.127,0.13,0.125,0.133,0.127,0.157,0.159,0.155,0.113,0.163,0.112,0.133,0.17,0.17,0.12,0.172,0.174,0.154,0.084,0.089,0.153,0.157,0.12,0.119,0.154,0.153,0.146,0.145,0.144,0.147,0.082,0.084
29:40:03,23.7,0.085,0.086,0.087,0.087,0.088,0.085,0.086,0.085,0.091,0.09,0.088,0.085,0.148,0.157,0.151,0.13,0.122,0.12,0.127,0.129,0.124,0.154,0.154,0.148,0.14,0.164,0.153,0.137,0.126,0.126,0.126,0.128,0.123,0.154,0.152,0.151,0.142,0.159,0.155,0.137,0.13,0.127,0.125,0.131,0.125,0.168,0.157,0.151,0.112,0.165,0.161,0.135,0.132,0.126,0.126,0.132,0.128,0.155,0.153,0.145,0.108,0.161,0.156,0.132,0.128,0.13,0.125,0.133,0.126,0.157,0.159,0.154,0.113,0.162,0.112,0.134,0.17,0.169,0.12,0.172,0.173,0.154,0.084,0.089,0.153,0.157,0.12,0.119,0.154,0.153,0.146,0.144,0.144,0.147,0.082,0.084
29:50:03,23.7,0.085,0.086,0.086,0.087,0.088,0.085,0.086,0.085,0.091,0.09,0.088,0.085,0.148,0.157,0.151,0.13,0.122,0.121,0.127,0.129,0.124,0.154,0.154,0.148,0.14,0.164,0.153,0.137,0.126,0.126,0.126,0.128,0.123,0.154,0.152,0.151,0.141,0.159,0.154,0.137,0.13,0.127,0.125,0.131,0.125,0.168,0.157,0.151,0.112,0.165,0.161,0.135,0.132,0.126,0.126,0.132,0.127,0.155,0.153,0.145,0.108,0.161,0.156,0.132,0.128,0.13,0.125,0.133,0.126,0.157,0.159,0.154,0.113,0.162,0.112,0.134,0.169,0.169,0.12,0.171,0.173,0.154,0.084,0.089,0.153,0.157,0.12,0.119,0.153,0.153,0.146,0.144,0.144,0.146,0.082,0.084
30:00:03,23.7,0.085,0.086,0.087,0.087,0.088,0.085,0.086,0.085,0.091,0.09,0.088,0.085,0.148,0.156,0.151,0.13,0.121,0.12,0.127,0.129,0.124,0.154,0.154,0.147,0.14,0.164,0.153,0.137,0.126,0.127,0.126,0.128,0.123,0.154,0.151,0.151,0.141,0.158,0.154,0.137,0.13,0.127,0.125,0.131,0.125,0.168,0.157,0.151,0.112,0.165,0.16,0.135,0.132,0.126,0.126,0.132,0.127,0.154,0.153,0.145,0.108,0.161,0.156,0.133,0.128,0.13,0.125,0.133,0.126,0.156,0.159,0.154,0.113,0.162,0.112,0.134,0.169,0.168,0.12,0.17,0.172,0.154,0.084,0.089,0.152,0.157,0.12,0.119,0.153,0.152,0.146,0.144,0.144,0.146,0.082,0.084
30:10:03,23.7,0.085,0.086,0.087,0.087,0.088,0.085,0.086,0.085,0.091,0.09,0.088,0.085,0.148,0.156,0.151,0.13,0.121,0.121,0.127,0.129,0.123,0.154,0.153,0.147,0.14,0.164,0.153,0.137,0.126,0.127,0.126,0.128,0.122,0.154,0.151,0.15,0.141,0.158,0.154,0.137,0.13,0.127,0.125,0.131,0.125,0.168,0.157,0.15,0.112,0.164,0.16,0.135,0.132,0.126,0.126,0.132,0.127,0.154,0.153,0.144,0.108,0.161,0.155,0.133,0.128,0.13,0.125,0.133,0.126,0.156,0.159,0.154,0.112,0.161,0.112,0.134,0.168,0.168,0.12,0.17,0.172,0.154,0.084,0.089,0.152,0.157,0.12,0.119,0.153,0.152,0.146,0.144,0.144,0.146,0.082,0.084
30:20:03,23.7,0.085,0.086,0.087,0.087,0.088,0.085,0.086,0.085,0.091,0.09,0.088,0.085,0.148,0.156,0.151,0.13,0.122,0.121,0.127,0.129,0.123,0.154,0.153,0.147,0.14,0.164,0.152,0.137,0.126,0.127,0.126,0.128,0.122,0.154,0.151,0.15,0.141,0.158,0.154,0.137,0.13,0.127,0.125,0.131,0.125,0.168,0.157,0.15,0.112,0.164,0.16,0.135,0.132,0.126,0.125,0.131,0.127,0.154,0.153,0.144,0.108,0.161,0.155,0.133,0.128,0.13,0.125,0.133,0.126,0.156,0.159,0.154,0.113,0.161,0.112,0.134,0.168,0.167,0.12,0.17,0.172,0.154,0.084,0.089,0.152,0.157,0.12,0.119,0.153,0.152,0.145,0.144,0.143,0.146,0.082,0.084
30:30:03,23.7,0.085,0.086,0.087,0.087,0.088,0.085,0.086,0.085,0.091,0.09,0.088,0.085,0.147,0.156,0.15,0.13,0.122,0.121,0.127,0.129,0.123,0.154,0.153,0.147,0.139,0.163,0.152,0.137,0.126,0.127,0.126,0.128,0.123,0.154,0.151,0.15,0.141,0.158,0.153,0.137,0.13,0.127,0.125,0.131,0.125,0.168,0.157,0.15,0.112,0.164,0.16,0.135,0.132,0.126,0.126,0.131,0.127,0.154,0.153,0.144,0.108,0.16,0.155,0.133,0.128,0.13,0.125,0.133,0.126,0.156,0.159,0.154,0.112,0.161,0.112,0.134,0.167,0.167,0.12,0.169,0.171,0.154,0.084,0.089,0.152,0.157,0.12,0.119,0.152,0.152,0.145,0.144,0.143,0.146,0.082,0.084
30:40:03,23.7,0.085,0.086,0.087,0.087,0.088,0.085,0.086,0.085,0.092,0.09,0.088,0.085,0.147,0.155,0.15,0.13,0.122,0.121,0.126,0.129,0.123,0.154,0.153,0.147,0.139,0.163,0.152,0.137,0.126,0.127,0.126,0.127,0.122,0.153,0.151,0.15,0.14,0.158,0.153,0.137,0.13,0.127,0.125,0.131,0.125,0.168,0.157,0.15,0.112,0.164,0.159,0.135,0.133,0.126,0.126,0.131,0.127,0.154,0.152,0.144,0.108,0.16,0.155,0.133,0.128,0.13,0.125,0.133,0.126,0.156,0.158,0.154,0.112,0.161,0.112,0.134,0.167,0.166,0.12,0.169,0.171,0.154,0.084,0.089,0.152,0.157,0.12,0.119,0.152,0.152,0.145,0.144,0.143,0.146,0.082,0.084
30:50:03,23.6,0.085,0.086,0.087,0.087,0.088,0.085,0.086,0.085,0.091,0.09,0.088,0.085,0.147,0.155,0.15,0.13,0.122,0.121,0.127,0.129,0.123,0.153,0.153,0.147,0.139,0.163,0.152,0.137,0.126,0.127,0.126,0.128,0.122,0.153,0.151,0.15,0.14,0.158,0.153,0.137,0.131,0.127,0.125,0.131,0.125,0.167,0.157,0.15,0.112,0.164,0.159,0.135,0.133,0.126,0.125,0.131,0.127,0.154,0.152,0.144,0.108,0.16,0.154,0.133,0.128,0.131,0.124,0.133,0.126,0.156,0.159,0.154,0.112,0.16,0.112,0.134,0.167,0.166,0.12,0.168,0.17,0.153,0.084,0.089,0.152,0.157,0.12,0.119,0.152,0.152,0.145,0.144,0.143,0.145,0.082,0.084
31:00:03,23.4,0.085,0.086,0.087,0.087,0.088,0.085,0.086,0.085,0.091,0.09,0.088,0.085,0.147,0.155,0.15,0.13,0.122,0.121,0.127,0.129,0.124,0.153,0.153,0.146,0.139,0.163,0.151,0.138,0.126,0.127,0.126,0.128,0.122,0.153,0.151,0.149,0.141,0.158,0.153,0.137,0.131,0.128,0.125,0.131,0.125,0.168,0.157,0.149,0.112,0.164,0.159,0.135,0.133,0.126,0.125,0.132,0.127,0.154,0.152,0.144,0.108,0.16,0.154,0.133,0.128,0.131,0.124,0.133,0.126,0.156,0.158,0.153,0.112,0.16,0.112,0.134,0.166,0.166,0.12,0.168,0.17,0.154,0.084,0.089,0.152,0.157,0.12,0.119,0.152,0.151,0.145,0.143,0.143,0.145,0.082,0.084
31:10:03,23.2,0.085,0.086,0.087,0.087,0.088,0.085,0.086,0.085,0.092,0.09,0.088,0.086,0.148,0.155,0.15,0.13,0.122,0.121,0.127,0.129,0.124,0.153,0.153,0.145,0.14,0.163,0.152,0.138,0.126,0.127,0.126,0.128,0.123,0.153,0.151,0.148,0.141,0.158,0.153,0.137,0.131,0.128,0.125,0.131,0.125,0.168,0.157,0.149,0.112,0.164,0.159,0.135,0.133,0.126,0.125,0.132,0.127,0.154,0.152,0.144,0.108,0.16,0.154,0.133,0.128,0.131,0.125,0.133,0.126,0.156,0.158,0.153,0.112,0.16,0.112,0.134,0.166,0.165,0.12,0.168,0.17,0.154,0.084,0.09,0.152,0.157,0.12,0.119,0.152,0.151,0.145,0.143,0.143,0.145,0.082,0.084
31:20:03,23.1,0.085,0.086,0.087,0.087,0.088,0.085,0.086,0.085,0.091,0.09,0.088,0.086,0.148,0.155,0.149,0.13,0.122,0.121,0.126,0.13,0.124,0.153,0.152,0.145,0.14,0.163,0.151,0.138,0.126,0.127,0.126,0.128,0.122,0.153,0.151,0.148,0.141,0.158,0.153,0.137,0.131,0.128,0.125,0.131,0.125,0.168,0.156,0.149,0.112,0.164,0.159,0.135,0.133,0.127,0.126,0.132,0.127,0.154,0.152,0.144,0.108,0.16,0.154,0.133,0.128,0.131,0.125,0.133,0.127,0.156,0.158,0.153,0.112,0.16,0.112,0.134,0.166,0.165,0.12,0.167,0.169,0.153,0.084,0.089,0.152,0.157,0.12,0.119,0.151,0.151,0.144,0.143,0.143,0.145,0.082,0.084
31:30:03,23.1,0.085,0.086,0.087,0.087,0.088,0.085,0.086,0.085,0.092,0.09,0.088,0.086,0.148,0.154,0.149,0.131,0.122,0.121,0.126,0.13,0.124,0.153,0.152,0.145,0.14,0.163,0.151,0.138,0.126,0.127,0.126,0.128,0.122,0.153,0.15,0.148,0.141,0.158,0.152,0.137,0.131,0.128,0.125,0.131,0.125,0.168,0.156,0.149,0.112,0.164,0.159,0.135,0.133,0.127,0.125,0.132,0.127,0.154,0.151,0.143,0.108,0.16,0.154,0.133,0.128,0.131,0.125,0.133,0.127,0.156,0.157,0.153,0.112,0.16,0.112,0.134,0.165,0.164,0.12,0.167,0.169,0.153,0.084,0.09,0.152,0.157,0.12,0.119,0.151,0.151,0.144,0.143,0.143,0.145,0.082,0.084
31:40:03,23,0.085,0.086,0.087,0.087,0.088,0.085,0.086,0.085,0.092,0.09,0.088,0.086,0.148,0.154,0.148,0.131,0.122,0.121,0.126,0.13,0.124,0.152,0.152,0.145,0.14,0.163,0.151,0.138,0.126,0.128,0.126,0.128,0.122,0.153,0.15,0.148,0.141,0.157,0.152,0.138,0.131,0.128,0.125,0.131,0.125,0.167,0.155,0.149,0.112,0.163,0.158,0.135,0.133,0.127,0.125,0.131,0.127,0.153,0.151,0.144,0.108,0.16,0.154,0.133,0.129,0.131,0.125,0.133,0.126,0.155,0.157,0.153,0.112,0.16,0.112,0.134,0.165,0.164,0.12,0.166,0.168,0.153,0.084,0.089,0.152,0.157,0.12,0.119,0.151,0.151,0.144,0.143,0.143,0.145,0.082,0.084
31:50:03,23,0.085,0.086,0.087,0.087,0.088,0.085,0.086,0.085,0.092,0.09,0.088,0.086,0.148,0.154,0.148,0.131,0.122,0.121,0.126,0.129,0.124,0.152,0.151,0.144,0.14,0.162,0.151,0.138,0.126,0.128,0.126,0.128,0.122,0.152,0.15,0.148,0.141,0.157,0.152,0.138,0.131,0.128,0.125,0.131,0.124,0.167,0.155,0.148,0.112,0.163,0.158,0.135,0.133,0.127,0.125,0.131,0.127,0.153,0.151,0.143,0.108,0.159,0.153,0.133,0.129,0.131,0.124,0.133,0.126,0.155,0.157,0.153,0.112,0.16,0.112,0.134,0.164,0.163,0.12,0.166,0.167,0.153,0.084,0.09,0.152,0.156,0.12,0.119,0.151,0.151,0.144,0.143,0.142,0.145,0.082,0.084
32:00:03,23,0.085,0.086,0.087,0.087,0.088,0.085,0.086,0.085,0.092,0.09,0.088,0.086,0.147,0.153,0.148,0.131,0.121,0.121,0.126,0.129,0.124,0.152,0.151,0.145,0.14,0.162,0.15,0.138,0.126,0.128,0.126,0.127,0.121,0.152,0.149,0.148,0.14,0.157,0.151,0.138,0.131,0.128,0.125,0.13,0.124,0.166,0.155,0.149,0.112,0.163,0.158,0.135,0.133,0.127,0.125,0.131,0.127,0.153,0.151,0.143,0.108,0.159,0.153,0.133,0.128,0.131,0.124,0.132,0.126,0.155,0.156,0.153,0.112,0.159,0.112,0.134,0.164,0.163,0.12,0.165,0.167,0.153,0.084,0.089,0.151,0.156,0.12,0.119,0.151,0.151,0.144,0.143,0.142,0.145,0.082,0.084
32:10:03,23,0.085,0.086,0.087,0.087,0.088,0.085,0.086,0.085,0.091,0.09,0.088,0.086,0.147,0.153,0.147,0.131,0.122,0.121,0.126,0.129,0.124,0.152,0.151,0.144,0.14,0.162,0.15,0.138,0.126,0.128,0.126,0.127,0.121,0.152,0.149,0.148,0.14,0.157,0.151,0.138,0.131,0.128,0.125,0.13,0.124,0.166,0.155,0.149,0.112,0.163,0.158,0.135,0.133,0.127,0.125,0.131,0.127,0.153,0.15,0.143,0.108,0.159,0.153,0.133,0.128,0.131,0.124,0.132,0.126,0.155,0.156,0.153,0.112,0.159,0.112,0.134,0.163,0.162,0.12,0.165,0.166,0.153,0.084,0.089,0.151,0.156,0.12,0.119,0.151,0.151,0.144,0.143,0.142,0.145,0.082,0.084
32:20:03,23,0.085,0.086,0.087,0.087,0.088,0.085,0.086,0.085,0.092,0.09,0.088,0.086,0.147,0.153,0.147,0.131,0.121,0.121,0.126,0.129,0.124,0.151,0.151,0.144,0.139,0.162,0.149,0.138,0.126,0.128,0.126,0.127,0.121,0.152,0.149,0.148,0.139,0.156,0.151,0.138,0.131,0.128,0.125,0.13,0.124,0.166,0.155,0.149,0.112,0.162,0.157,0.135,0.133,0.127,0.125,0.131,0.127,0.153,0.15,0.143,0.108,0.159,0.152,0.133,0.128,0.131,0.124,0.132,0.126,0.155,0.157,0.153,0.112,0.159,0.112,0.135,0.163,0.162,0.12,0.164,0.166,0.152,0.084,0.09,0.151,0.156,0.12,0.119,0.151,0.15,0.144,0.143,0.142,0.144,0.082,0.084
32:30:03,23,0.085,0.086,0.087,0.087,0.088,0.085,0.086,0.085,0.091,0.09,0.088,0.086,0.146,0.152,0.147,0.131,0.122,0.121,0.126,0.129,0.124,0.151,0.151,0.144,0.139,0.161,0.149,0.138,0.126,0.128,0.126,0.127,0.121,0.152,0.149,0.148,0.139,0.156,0.151,0.138,0.131,0.128,0.125,0.13,0.124,0.165,0.155,0.149,0.112,0.162,0.157,0.135,0.133,0.127,0.125,0.131,0.126,0.152,0.15,0.143,0.108,0.158,0.152,0.133,0.129,0.131,0.124,0.132,0.126,0.155,0.156,0.152,0.112,0.159,0.112,0.135,0.163,0.161,0.12,0.164,0.165,0.152,0.084,0.089,0.151,0.156,0.12,0.119,0.15,0.15,0.144,0.143,0.142,0.144,0.082,0.084
32:40:03,23,0.085,0.086,0.087,0.087,0.088,0.085,0.086,0.085,0.091,0.09,0.088,0.086,0.146,0.152,0.146,0.131,0.122,0.121,0.126,0.128,0.124,0.151,0.151,0.144,0.139,0.161,0.149,0.138,0.126,0.128,0.125,0.127,0.121,0.151,0.149,0.147,0.139,0.156,0.15,0.138,0.131,0.128,0.124,0.13,0.124,0.165,0.155,0.149,0.112,0.162,0.157,0.135,0.133,0.127,0.125,0.131,0.126,0.152,0.15,0.143,0.108,0.158,0.152,0.133,0.129,0.131,0.124,0.132,0.126,0.155,0.156,0.153,0.112,0.159,0.112,0.134,0.162,0.161,0.12,0.163,0.165,0.152,0.084,0.089,0.151,0.156,0.12,0.119,0.15,0.15,0.144,0.143,0.142,0.144,0.082,0.084
32:50:03,23,0.085,0.086,0.087,0.087,0.088,0.085,0.086,0.085,0.091,0.09,0.088,0.086,0.146,0.152,0.146,0.131,0.122,0.121,0.126,0.128,0.123,0.151,0.151,0.144,0.138,0.161,0.149,0.138,0.126,0.128,0.125,0.127,0.121,0.151,0.149,0.147,0.138,0.156,0.15,0.138,0.131,0.128,0.125,0.13,0.124,0.165,0.155,0.148,0.111,0.162,0.157,0.135,0.133,0.127,0.125,0.131,0.126,0.152,0.15,0.143,0.108,0.158,0.152,0.133,0.129,0.131,0.124,0.132,0.126,0.154,0.156,0.152,0.112,0.158,0.112,0.135,0.162,0.161,0.12,0.163,0.165,0.152,0.084,0.089,0.151,0.155,0.12,0.119,0.15,0.15,0.144,0.142,0.142,0.144,0.082,0.084
33:00:03,23,0.085,0.086,0.087,0.087,0.088,0.085,0.086,0.085,0.092,0.09,0.086,0.086,0.146,0.151,0.146,0.131,0.122,0.121,0.126,0.128,0.123,0.151,0.15,0.144,0.138,0.161,0.149,0.138,0.126,0.128,0.125,0.127,0.121,0.151,0.149,0.147,0.138,0.155,0.15,0.138,0.131,0.128,0.124,0.13,0.124,0.165,0.155,0.148,0.111,0.161,0.156,0.136,0.133,0.127,0.125,0.131,0.126,0.152,0.15,0.142,0.108,0.158,0.151,0.133,0.129,0.131,0.124,0.132,0.126,0.154,0.156,0.152,0.112,0.158,0.112,0.135,0.162,0.16,0.12,0.163,0.164,0.152,0.084,0.089,0.151,0.155,0.12,0.119,0.15,0.149,0.143,0.143,0.142,0.144,0.082,0.084
33:10:03,23,0.085,0.086,0.087,0.087,0.088,0.085,0.086,0.085,0.091,0.09,0.086,0.086,0.145,0.151,0.146,0.131,0.122,0.122,0.126,0.128,0.123,0.151,0.15,0.144,0.138,0.16,0.148,0.138,0.127,0.128,0.125,0.127,0.121,0.151,0.149,0.147,0.138,0.155,0.15,0.138,0.131,0.128,0.124,0.13,0.124,0.165,0.154,0.148,0.111,0.161,0.156,0.135,0.133,0.127,0.125,0.13,0.126,0.152,0.15,0.142,0.108,0.157,0.151,0.133,0.129,0.131,0.124,0.132,0.126,0.154,0.156,0.152,0.112,0.158,0.112,0.135,0.161,0.16,0.12,0.162,0.164,0.152,0.084,0.089,0.151,0.155,0.12,0.119,0.15,0.149,0.143,0.142,0.141,0.144,0.082,0.084
33:20:03,23,0.085,0.086,0.087,0.087,0.088,0.085,0.086,0.085,0.091,0.09,0.086,0.086,0.145,0.151,0.146,0.131,0.122,0.122,0.126,0.128,0.123,0.151,0.15,0.144,0.137,0.16,0.148,0.138,0.126,0.128,0.125,0.127,0.121,0.151,0.148,0.147,0.138,0.155,0.15,0.138,0.131,0.128,0.124,0.13,0.124,0.165,0.154,0.148,0.111,0.161,0.156,0.135,0.133,0.127,0.125,0.131,0.126,0.152,0.15,0.142,0.108,0.157,0.151,0.133,0.129,0.131,0.124,0.132,0.126,0.154,0.156,0.152,0.112,0.158,0.112,0.135,0.161,0.16,0.12,0.162,0.164,0.152,0.084,0.089,0.151,0.155,0.119,0.119,0.15,0.149,0.143,0.142,0.141,0.144,0.082,0.084
33:30:03,23.1,0.085,0.086,0.087,0.087,0.088,0.085,0.086,0.085,0.092,0.09,0.086,0.086,0.145,0.151,0.146,0.131,0.122,0.122,0.126,0.128,0.123,0.151,0.15,0.144,0.137,0.16,0.148,0.138,0.126,0.128,0.125,0.127,0.121,0.151,0.148,0.147,0.138,0.155,0.149,0.138,0.131,0.128,0.124,0.13,0.124,0.165,0.154,0.148,0.111,0.161,0.156,0.136,0.133,0.127,0.125,0.131,0.126,0.152,0.149,0.142,0.108,0.157,0.151,0.133,0.129,0.131,0.124,0.132,0.125,0.154,0.156,0.152,0.112,0.158,0.112,0.135,0.161,0.159,0.12,0.162,0.163,0.152,0.084,0.089,0.151,0.155,0.119,0.119,0.15,0.149,0.143,0.142,0.141,0.144,0.082,0.084
33:40:03,23.1,0.085,0.086,0.087,0.087,0.088,0.085,0.086,0.085,0.091,0.09,0.086,0.085,0.145,0.151,0.146,0.131,0.122,0.122,0.126,0.128,0.123,0.151,0.15,0.144,0.137,0.16,0.148,0.139,0.126,0.128,0.125,0.127,0.121,0.151,0.148,0.147,0.138,0.155,0.149,0.138,0.131,0.128,0.124,0.13,0.124,0.165,0.154,0.148,0.111,0.161,0.156,0.136,0.133,0.127,0.125,0.13,0.126,0.152,0.15,0.142,0.108,0.157,0.15,0.133,0.129,0.132,0.124,0.132,0.126,0.154,0.156,0.152,0.112,0.157,0.112,0.135,0.16,0.159,0.12,0.161,0.163,0.151,0.084,0.089,0.15,0.155,0.12,0.119,0.149,0.149,0.143,0.142,0.141,0.144,0.082,0.084
33:50:03,23.1,0.085,0.086,0.087,0.087,0.088,0.085,0.086,0.085,0.091,0.09,0.086,0.086,0.145,0.15,0.145,0.131,0.122,0.122,0.126,0.128,0.123,0.151,0.15,0.144,0.137,0.16,0.148,0.139,0.127,0.128,0.125,0.127,0.121,0.151,0.148,0.146,0.137,0.155,0.149,0.138,0.131,0.129,0.124,0.13,0.124,0.165,0.154,0.147,0.111,0.16,0.155,0.136,0.133,0.127,0.125,0.13,0.126,0.152,0.149,0.142,0.108,0.157,0.15,0.133,0.129,0.132,0.124,0.132,0.125,0.154,0.156,0.152,0.112,0.157,0.112,0.135,0.16,0.159,0.12,0.161,0.163,0.151,0.084,0.089,0.151,0.155,0.12,0.119,0.15,0.149,0.143,0.142,0.141,0.144,0.082,0.084
34:00:03,23.1,0.085,0.086,0.087,0.087,0.088,0.085,0.086,0.085,0.091,0.09,0.086,0.086,0.145,0.15,0.145,0.131,0.122,0.122,0.126,0.128,0.123,0.151,0.15,0.143,0.136,0.16,0.147,0.139,0.126,0.128,0.125,0.127,0.121,0.151,0.148,0.147,0.138,0.154,0.149,0.138,0.131,0.129,0.124,0.13,0.124,0.165,0.154,0.147,0.111,0.16,0.155,0.136,0.133,0.127,0.125,0.13,0.126,0.152,0.149,0.142,0.108,0.156,0.15,0.133,0.129,0.132,0.124,0.132,0.125,0.154,0.156,0.152,0.112,0.157,0.112,0.135,0.16,0.158,0.12,0.161,0.163,0.151,0.084,0.089,0.15,0.155,0.119,0.119,0.149,0.149,0.143,0.142,0.141,0.144,0.082,0.084
34:10:03,23.1,0.085,0.086,0.087,0.087,0.088,0.085,0.086,0.085,0.091,0.09,0.086,0.085,0.145,0.15,0.145,0.131,0.122,0.122,0.126,0.128,0.123,0.151,0.15,0.143,0.136,0.159,0.147,0.139,0.127,0.128,0.125,0.127,0.121,0.151,0.148,0.146,0.137,0.154,0.149,0.138,0.131,0.129,0.124,0.13,0.124,0.165,0.154,0.147,0.111,0.16,0.155,0.136,0.133,0.127,0.125,0.13,0.126,0.152,0.149,0.142,0.108,0.156,0.15,0.133,0.129,0.132,0.124,0.132,0.125,0.154,0.156,0.152,0.112,0.157,0.112,0.135,0.159,0.158,0.119,0.16,0.162,0.151,0.084,0.089,0.15,0.155,0.119,0.119,0.149,0.149,0.143,0.142,0.141,0.143,0.082,0.084
34:20:03,23.1,0.085,0.086,0.087,0.087,0.088,0.085,0.086,0.085,0.092,0.09,0.086,0.085,0.145,0.15,0.145,0.131,0.122,0.122,0.126,0.128,0.123,0.151,0.15,0.144,0.136,0.159,0.147,0.139,0.127,0.128,0.125,0.127,0.121,0.151,0.148,0.146,0.137,0.154,0.149,0.138,0.132,0.129,0.124,0.13,0.124,0.165,0.154,0.147,0.111,0.16,0.155,0.136,0.134,0.127,0.125,0.13,0.126,0.151,0.149,0.142,0.108,0.156,0.15,0.134,0.129,0.132,0.124,0.132,0.125,0.154,0.156,0.152,0.112,0.156,0.112,0.135,0.159,0.158,0.119,0.16,0.162,0.151,0.084,0.089,0.15,0.155,0.119,0.119,0.149,0.149,0.143,0.142,0.141,0.143,0.082,0.084
34:30:03,23.1,0.085,0.086,0.087,0.087,0.088,0.085,0.086,0.085,0.091,0.09,0.086,0.085,0.145,0.15,0.145,0.132,0.122,0.122,0.125,0.128,0.123,0.151,0.15,0.143,0.136,0.159,0.147,0.139,0.127,0.128,0.125,0.126,0.121,0.151,0.148,0.146,0.137,0.154,0.148,0.138,0.132,0.129,0.124,0.13,0.124,0.164,0.154,0.147,0.111,0.16,0.155,0.136,0.133,0.127,0.125,0.131,0.126,0.151,0.149,0.142,0.108,0.156,0.15,0.134,0.129,0.132,0.124,0.132,0.125,0.153,0.156,0.152,0.112,0.156,0.112,0.135,0.159,0.158,0.119,0.16,0.162,0.151,0.084,0.089,0.15,0.155,0.119,0.119,0.149,0.149,0.143,0.142,0.141,0.143,0.082,0.084
34:40:03,23.1,0.085,0.086,0.087,0.087,0.088,0.085,0.086,0.085,0.092,0.09,0.087,0.085,0.144,0.15,0.145,0.132,0.122,0.122,0.125,0.128,0.123,0.151,0.15,0.143,0.136,0.159,0.147,0.139,0.127,0.128,0.125,0.127,0.121,0.151,0.148,0.146,0.137,0.154,0.148,0.139,0.132,0.129,0.124,0.13,0.124,0.164,0.153,0.147,0.111,0.16,0.154,0.136,0.134,0.127,0.125,0.13,0.126,0.151,0.149,0.142,0.108,0.156,0.15,0.134,0.129,0.132,0.124,0.132,0.125,0.153,0.155,0.152,0.112,0.156,0.112,0.135,0.159,0.158,0.119,0.16,0.162,0.151,0.084,0.089,0.15,0.155,0.119,0.119,0.149,0.149,0.143,0.142,0.141,0.143,0.082,0.084
34:50:03,23.1,0.085,0.086,0.087,0.087,0.088,0.085,0.086,0.085,0.092,0.09,0.087,0.085,0.145,0.15,0.145,0.132,0.122,0.122,0.125,0.128,0.123,0.151,0.15,0.144,0.136,0.159,0.147,0.139,0.127,0.129,0.125,0.127,0.121,0.15,0.148,0.147,0.137,0.154,0.148,0.139,0.132,0.129,0.124,0.13,0.124,0.164,0.153,0.147,0.111,0.16,0.154,0.136,0.134,0.127,0.124,0.13,0.126,0.151,0.149,0.142,0.108,0.156,0.149,0.134,0.129,0.132,0.124,0.132,0.125,0.153,0.155,0.152,0.112,0.156,0.112,0.135,0.158,0.157,0.119,0.16,0.161,0.151,0.084,0.089,0.15,0.155,0.119,0.119,0.149,0.149,0.143,0.142,0.141,0.143,0.082,0.084
35:00:03,23.1,0.085,0.086,0.087,0.087,0.088,0.085,0.086,0.085,0.091,0.09,0.086,0.085,0.144,0.15,0.145,0.132,0.122,0.122,0.125,0.128,0.123,0.151,0.15,0.143,0.135,0.159,0.147,0.139,0.127,0.129,0.125,0.127,0.121,0.15,0.148,0.147,0.137,0.154,0.148,0.139,0.132,0.129,0.124,0.13,0.124,0.164,0.153,0.147,0.111,0.159,0.154,0.136,0.134,0.128,0.125,0.13,0.126,0.151,0.149,0.142,0.108,0.155,0.149,0.134,0.129,0.132,0.124,0.132,0.125,0.153,0.155,0.152,0.112,0.156,0.112,0.135,0.158,0.157,0.119,0.159,0.161,0.151,0.084,0.089,0.15,0.155,0.119,0.119,0.149,0.149,0.143,0.142,0.141,0.143,0.082,0.084
35:10:03,23.2,0.085,0.086,0.087,0.087,0.088,0.085,0.086,0.085,0.091,0.09,0.087,0.085,0.144,0.149,0.145,0.132,0.123,0.122,0.125,0.128,0.123,0.151,0.15,0.143,0.135,0.159,0.147,0.139,0.127,0.129,0.125,0.127,0.121,0.15,0.147,0.146,0.137,0.153,0.148,0.139,0.132,0.129,0.124,0.13,0.124,0.164,0.153,0.147,0.111,0.159,0.154,0.136,0.134,0.128,0.124,0.131,0.126,0.151,0.149,0.142,0.108,0.155,0.149,0.134,0.129,0.133,0.123,0.132,0.125,0.153,0.155,0.152,0.112,0.156,0.112,0.135,0.158,0.157,0.119,0.159,0.161,0.151,0.084,0.089,0.15,0.155,0.119,0.119,0.149,0.148,0.143,0.142,0.141,0.143,0.082,0.084
35:20:03,23.1,0.085,0.086,0.087,0.087,0.088,0.085,0.086,0.085,0.092,0.09,0.086,0.085,0.144,0.149,0.145,0.132,0.123,0.122,0.125,0.128,0.123,0.15,0.15,0.143,0.135,0.158,0.146,0.139,0.127,0.129,0.125,0.127,0.121,0.15,0.147,0.147,0.137,0.153,0.148,0.139,0.132,0.129,0.124,0.13,0.124,0.164,0.153,0.147,0.111,0.159,0.154,0.136,0.134,0.128,0.124,0.13,0.126,0.151,0.149,0.142,0.108,0.155,0.149,0.134,0.13,0.133,0.123,0.131,0.125,0.153,0.155,0.152,0.112,0.156,0.111,0.135,0.157,0.157,0.119,0.159,0.161,0.151,0.084,0.089,0.15,0.155,0.119,0.119,0.149,0.148,0.143,0.142,0.141,0.143,0.082,0.084
35:30:03,23.1,0.085,0.086,0.087,0.087,0.088,0.085,0.086,0.085,0.091,0.09,0.086,0.085,0.144,0.149,0.145,0.132,0.123,0.122,0.125,0.128,0.123,0.151,0.15,0.144,0.135,0.158,0.146,0.139,0.127,0.129,0.125,0.127,0.121,0.15,0.147,0.147,0.136,0.153,0.148,0.139,0.132,0.129,0.124,0.13,0.124,0.164,0.153,0.147,0.111,0.159,0.154,0.136,0.134,0.128,0.124,0.13,0.126,0.151,0.148,0.142,0.108,0.155,0.149,0.134,0.13,0.133,0.123,0.131,0.125,0.153,0.155,0.152,0.112,0.155,0.111,0.135,0.157,0.156,0.119,0.159,0.16,0.151,0.084,0.089,0.15,0.155,0.119,0.119,0.149,0.148,0.143,0.142,0.141,0.143,0.082,0.084
35:40:03,23.2,0.085,0.086,0.087,0.087,0.088,0.085,0.086,0.085,0.091,0.09,0.086,0.085,0.144,0.149,0.145,0.132,0.123,0.123,0.125,0.128,0.123,0.151,0.15,0.144,0.135,0.158,0.146,0.139,0.127,0.129,0.125,0.127,0.121,0.15,0.148,0.147,0.136,0.153,0.148,0.139,0.132,0.13,0.124,0.13,0.124,0.164,0.153,0.147,0.111,0.159,0.154,0.136,0.134,0.128,0.124,0.131,0.126,0.151,0.148,0.142,0.107,0.155,0.149,0.134,0.13,0.133,0.123,0.131,0.125,0.153,0.155,0.152,0.112,0.155,0.111,0.135,0.157,0.156,0.119,0.158,0.16,0.151,0.084,0.09,0.15,0.155,0.119,0.119,0.149,0.148,0.143,0.142,0.141,0.143,0.082,0.084
35:50:03,23.2,0.085,0.086,0.086,0.087,0.088,0.085,0.086,0.085,0.091,0.09,0.086,0.085,0.144,0.149,0.145,0.132,0.123,0.122,0.125,0.128,0.123,0.151,0.15,0.143,0.135,0.158,0.146,0.14,0.127,0.129,0.125,0.127,0.121,0.15,0.147,0.146,0.136,0.153,0.147,0.139,0.132,0.13,0.124,0.13,0.124,0.164,0.153,0.147,0.111,0.159,0.154,0.136,0.135,0.128,0.125,0.13,0.126,0.151,0.148,0.142,0.107,0.154,0.149,0.134,0.13,0.133,0.123,0.131,0.125,0.153,0.155,0.152,0.112,0.155,0.111,0.135,0.157,0.156,0.119,0.158,0.16,0.151,0.084,0.089,0.15,0.155,0.119,0.119,0.148,0.148,0.143,0.142,0.141,0.143,0.082,0.084
36:00:03,23.2,0.085,0.086,0.087,0.087,0.088,0.085,0.086,0.085,0.092,0.09,0.087,0.085,0.144,0.149,0.145,0.132,0.123,0.123,0.126,0.128,0.123,0.151,0.15,0.144,0.134,0.158,0.146,0.14,0.127,0.129,0.125,0.127,0.121,0.15,0.147,0.147,0.136,0.153,0.147,0.139,0.132,0.13,0.124,0.13,0.124,0.164,0.153,0.147,0.111,0.159,0.153,0.136,0.135,0.128,0.124,0.131,0.126,0.151,0.148,0.142,0.107,0.154,0.148,0.134,0.13,0.133,0.123,0.131,0.125,0.153,0.155,0.152,0.112,0.155,0.111,0.135,0.157,0.156,0.119,0.158,0.16,0.151,0.084,0.089,0.15,0.155,0.119,0.119,0.149,0.148,0.143,0.142,0.141,0.143,0.082,0.084
36:10:03,23.2,0.085,0.086,0.087,0.087,0.088,0.085,0.086,0.085,0.091,0.09,0.087,0.085,0.144,0.149,0.144,0.132,0.123,0.123,0.126,0.128,0.123,0.151,0.15,0.144,0.134,0.158,0.146,0.14,0.127,0.129,0.125,0.127,0.121,0.15,0.147,0.147,0.136,0.152,0.147,0.139,0.132,0.13,0.124,0.13,0.124,0.164,0.153,0.147,0.111,0.158,0.153,0.136,0.135,0.128,0.125,0.131,0.126,0.151,0.148,0.142,0.107,0.154,0.148,0.134,0.13,0.133,0.123,0.131,0.125,0.153,0.155,0.152,0.112,0.155,0.111,0.135,0.157,0.156,0.119,0.158,0.16,0.151,0.084,0.089,0.149,0.155,0.119,0.119,0.148,0.148,0.143,0.142,0.141,0.143,0.082,0.084
36:20:03,23.3,0.085,0.086,0.087,0.087,0.088,0.085,0.086,0.085,0.091,0.09,0.086,0.085,0.144,0.149,0.144,0.132,0.123,0.123,0.125,0.128,0.123,0.151,0.15,0.144,0.134,0.158,0.146,0.14,0.127,0.129,0.125,0.127,0.121,0.15,0.147,0.147,0.136,0.152,0.147,0.139,0.132,0.13,0.124,0.13,0.124,0.164,0.153,0.147,0.111,0.158,0.153,0.137,0.135,0.128,0.124,0.131,0.126,0.151,0.148,0.142,0.107,0.154,0.148,0.134,0.13,0.133,0.123,0.131,0.125,0.152,0.155,0.152,0.112,0.154,0.111,0.135,0.156,0.155,0.118,0.158,0.159,0.151,0.084,0.089,0.15,0.154,0.119,0.118,0.148,0.148,0.142,0.142,0.141,0.143,0.082,0.084
36:30:03,23.3,0.085,0.086,0.087,0.087,0.088,0.085,0.086,0.085,0.092,0.09,0.087,0.085,0.144,0.149,0.144,0.132,0.123,0.123,0.126,0.128,0.123,0.151,0.15,0.144,0.134,0.157,0.146,0.14,0.127,0.129,0.125,0.127,0.121,0.15,0.147,0.147,0.136,0.152,0.147,0.139,0.133,0.13,0.124,0.13,0.124,0.164,0.152,0.147,0.111,0.158,0.153,0.137,0.135,0.129,0.125,0.131,0.126,0.151,0.148,0.142,0.107,0.154,0.148,0.134,0.13,0.133,0.123,0.131,0.125,0.153,0.155,0.152,0.112,0.154,0.111,0.135,0.156,0.155,0.118,0.158,0.159,0.151,0.084,0.089,0.15,0.154,0.119,0.118,0.148,0.148,0.143,0.142,0.141,0.143,0.082,0.084
36:40:03,23.3,0.085,0.086,0.087,0.086,0.088,0.085,0.086,0.085,0.091,0.09,0.086,0.085,0.143,0.148,0.144,0.132,0.123,0.123,0.126,0.128,0.123,0.151,0.15,0.144,0.134,0.157,0.146,0.14,0.127,0.129,0.125,0.127,0.121,0.15,0.147,0.146,0.135,0.152,0.147,0.139,0.133,0.13,0.124,0.13,0.124,0.164,0.152,0.147,0.111,0.158,0.153,0.136,0.135,0.129,0.124,0.131,0.126,0.151,0.148,0.142,0.107,0.154,0.148,0.134,0.13,0.133,0.123,0.131,0.125,0.153,0.155,0.152,0.112,0.154,0.111,0.135,0.156,0.155,0.118,0.157,0.159,0.151,0.084,0.089,0.15,0.154,0.119,0.118,0.148,0.148,0.143,0.142,0.141,0.143,0.082,0.084
36:50:03,23.4,0.085,0.086,0.087,0.087,0.088,0.085,0.086,0.085,0.092,0.09,0.087,0.085,0.143,0.148,0.144,0.132,0.123,0.123,0.126,0.128,0.123,0.151,0.15,0.144,0.134,0.157,0.146,0.14,0.128,0.13,0.125,0.127,0.122,0.15,0.147,0.146,0.135,0.152,0.147,0.139,0.133,0.13,0.124,0.13,0.124,0.164,0.152,0.147,0.111,0.157,0.153,0.137,0.135,0.129,0.124,0.131,0.126,0.151,0.148,0.142,0.107,0.153,0.148,0.134,0.13,0.134,0.123,0.131,0.125,0.153,0.155,0.152,0.112,0.153,0.111,0.135,0.156,0.155,0.118,0.157,0.159,0.151,0.084,0.089,0.149,0.155,0.119,0.118,0.148,0.148,0.143,0.142,0.141,0.143,0.082,0.084
37:00:03,23.4,0.085,0.086,0.087,0.087,0.088,0.085,0.086,0.085,0.091,0.09,0.087,0.085,0.143,0.148,0.144,0.132,0.123,0.123,0.126,0.128,0.123,0.151,0.15,0.144,0.134,0.157,0.145,0.14,0.128,0.13,0.125,0.127,0.121,0.15,0.147,0.146,0.135,0.151,0.146,0.139,0.133,0.13,0.124,0.13,0.124,0.163,0.152,0.147,0.111,0.157,0.152,0.137,0.135,0.129,0.124,0.131,0.126,0.15,0.148,0.141,0.107,0.153,0.147,0.134,0.13,0.134,0.123,0.131,0.125,0.152,0.154,0.152,0.111,0.153,0.111,0.135,0.155,0.155,0.118,0.157,0.159,0.151,0.084,0.089,0.15,0.154,0.119,0.118,0.148,0.148,0.142,0.142,0.141,0.143,0.082,0.084
37:10:03,23.4,0.085,0.086,0.086,0.087,0.088,0.085,0.086,0.085,0.091,0.09,0.086,0.085,0.143,0.148,0.144,0.132,0.123,0.123,0.126,0.128,0.123,0.151,0.15,0.144,0.134,0.157,0.145,0.14,0.128,0.13,0.125,0.127,0.121,0.15,0.147,0.146,0.135,0.151,0.146,0.139,0.133,0.13,0.124,0.13,0.124,0.164,0.152,0.147,0.111,0.157,0.152,0.137,0.135,0.129,0.124,0.131,0.126,0.15,0.147,0.142,0.107,0.153,0.147,0.134,0.13,0.134,0.123,0.131,0.125,0.152,0.154,0.152,0.111,0.153,0.111,0.135,0.155,0.154,0.118,0.157,0.159,0.151,0.084,0.089,0.149,0.154,0.119,0.118,0.148,0.148,0.142,0.142,0.141,0.143,0.082,0.084
37:20:03,23.5,0.085,0.086,0.087,0.087,0.088,0.085,0.086,0.085,0.091,0.09,0.087,0.085,0.143,0.148,0.144,0.132,0.123,0.123,0.125,0.128,0.123,0.151,0.15,0.144,0.134,0.157,0.145,0.14,0.128,0.13,0.125,0.126,0.121,0.15,0.146,0.146,0.135,0.151,0.146,0.14,0.133,0.13,0.124,0.13,0.124,0.164,0.152,0.147,0.111,0.157,0.152,0.137,0.135,0.129,0.124,0.131,0.126,0.15,0.147,0.142,0.107,0.153,0.147,0.134,0.131,0.134,0.123,0.131,0.125,0.152,0.154,0.152,0.111,0.153,0.111,0.136,0.155,0.154,0.118,0.157,0.158,0.151,0.084,0.089,0.15,0.154,0.119,0.118,0.148,0.148,0.143,0.142,0.141,0.143,0.082,0.084
37:30:03,23.5,0.085,0.086,0.087,0.087,0.088,0.085,0.086,0.085,0.091,0.09,0.087,0.085,0.143,0.148,0.144,0.132,0.123,0.123,0.125,0.128,0.123,0.151,0.15,0.144,0.134,0.157,0.145,0.14,0.128,0.13,0.125,0.127,0.122,0.15,0.146,0.146,0.135,0.151,0.146,0.14,0.133,0.13,0.124,0.13,0.124,0.163,0.152,0.147,0.111,0.157,0.152,0.137,0.135,0.129,0.124,0.131,0.126,0.15,0.147,0.141,0.107,0.153,0.147,0.135,0.131,0.134,0.123,0.131,0.125,0.152,0.154,0.152,0.111,0.153,0.111,0.136,0.155,0.154,0.118,0.156,0.158,0.151,0.084,0.089,0.15,0.154,0.119,0.118,0.148,0.148,0.143,0.142,0.141,0.143,0.082,0.084
37:40:03,23.5,0.085,0.086,0.086,0.087,0.088,0.085,0.086,0.085,0.091,0.09,0.086,0.085,0.143,0.148,0.144,0.132,0.123,0.123,0.125,0.127,0.123,0.151,0.15,0.144,0.133,0.157,0.145,0.14,0.128,0.13,0.125,0.127,0.122,0.15,0.146,0.146,0.135,0.151,0.146,0.14,0.133,0.131,0.124,0.13,0.124,0.164,0.152,0.147,0.111,0.157,0.152,0.137,0.135,0.129,0.124,0.131,0.126,0.15,0.147,0.141,0.107,0.153,0.147,0.135,0.131,0.134,0.123,0.131,0.125,0.152,0.154,0.152,0.111,0.153,0.111,0.136,0.154,0.154,0.118,0.156,0.158,0.151,0.084,0.089,0.149,0.154,0.119,0.118,0.148,0.147,0.143,0.142,0.141,0.142,0.082,0.084
37:50:03,23.5,0.085,0.086,0.087,0.087,0.088,0.085,0.086,0.085,0.092,0.09,0.087,0.085,0.143,0.148,0.144,0.133,0.123,0.123,0.126,0.127,0.123,0.151,0.15,0.144,0.134,0.156,0.145,0.14,0.128,0.13,0.125,0.127,0.122,0.15,0.146,0.147,0.135,0.151,0.146,0.14,0.133,0.131,0.124,0.13,0.124,0.164,0.152,0.147,0.111,0.157,0.152,0.137,0.135,0.129,0.124,0.13,0.126,0.15,0.147,0.141,0.107,0.153,0.147,0.135,0.131,0.134,0.123,0.131,0.125,0.152,0.154,0.152,0.111,0.153,0.111,0.136,0.154,0.154,0.118,0.156,0.158,0.151,0.084,0.089,0.149,0.154,0.119,0.118,0.148,0.147,0.143,0.142,0.141,0.142,0.082,0.084
38:00:03,23.5,0.085,0.086,0.087,0.087,0.088,0.085,0.086,0.085,0.092,0.09,0.087,0.085,0.143,0.148,0.144,0.133,0.123,0.123,0.125,0.127,0.122,0.151,0.15,0.144,0.134,0.156,0.145,0.14,0.128,0.13,0.125,0.127,0.121,0.15,0.146,0.146,0.135,0.151,0.146,0.14,0.133,0.131,0.124,0.13,0.124,0.164,0.151,0.147,0.111,0.157,0.152,0.137,0.135,0.129,0.124,0.13,0.126,0.15,0.147,0.141,0.107,0.152,0.147,0.135,0.131,0.135,0.123,0.131,0.125,0.152,0.154,0.152,0.111,0.152,0.111,0.136,0.154,0.154,0.118,0.156,0.158,0.151,0.084,0.09,0.149,0.154,0.119,0.118,0.148,0.147,0.142,0.142,0.141,0.142,0.082,0.084
38:10:03,23.6,0.085,0.086,0.087,0.087,0.088,0.085,0.086,0.085,0.091,0.09,0.086,0.085,0.143,0.148,0.144,0.133,0.124,0.124,0.125,0.127,0.122,0.151,0.15,0.144,0.133,0.156,0.145,0.14,0.128,0.13,0.124,0.127,0.121,0.15,0.146,0.146,0.135,0.151,0.146,0.14,0.133,0.131,0.124,0.13,0.124,0.164,0.151,0.147,0.111,0.156,0.152,0.137,0.135,0.13,0.124,0.13,0.126,0.15,0.147,0.141,0.107,0.152,0.146,0.135,0.131,0.135,0.123,0.131,0.125,0.152,0.154,0.152,0.111,0.152,0.111,0.136,0.154,0.153,0.118,0.156,0.158,0.151,0.084,0.09,0.149,0.154,0.119,0.118,0.148,0.147,0.142,0.142,0.141,0.142,0.082,0.084
38:20:03,23.6,0.085,0.086,0.087,0.087,0.088,0.085,0.086,0.085,0.092,0.09,0.087,0.085,0.143,0.148,0.144,0.133,0.124,0.124,0.126,0.127,0.122,0.151,0.15,0.144,0.133,0.156,0.145,0.141,0.128,0.131,0.125,0.127,0.121,0.15,0.146,0.146,0.135,0.151,0.146,0.14,0.133,0.131,0.124,0.13,0.123,0.163,0.151,0.147,0.111,0.157,0.151,0.137,0.135,0.13,0.124,0.13,0.126,0.15,0.147,0.141,0.107,0.152,0.146,0.135,0.131,0.135,0.123,0.131,0.125,0.152,0.154,0.152,0.111,0.152,0.111,0.136,0.154,0.153,0.118,0.156,0.157,0.151,0.084,0.09,0.149,0.154,0.119,0.118,0.147,0.147,0.142,0.142,0.141,0.142,0.082,0.084
38:30:03,23.6,0.085,0.086,0.087,0.087,0.088,0.085,0.086,0.085,0.092,0.09,0.087,0.085,0.143,0.148,0.144,0.133,0.124,0.123,0.126,0.127,0.122,0.151,0.15,0.143,0.133,0.156,0.145,0.141,0.128,0.131,0.124,0.127,0.121,0.15,0.146,0.146,0.134,0.15,0.145,0.14,0.133,0.131,0.124,0.13,0.124,0.163,0.151,0.147,0.11,0.156,0.152,0.137,0.135,0.13,0.124,0.13,0.126,0.149,0.147,0.141,0.107,0.152,0.146,0.135,0.131,0.135,0.123,0.131,0.125,0.152,0.154,0.152,0.111,0.152,0.111,0.136,0.154,0.153,0.118,0.155,0.157,0.15,0.084,0.09,0.149,0.154,0.119,0.118,0.148,0.147,0.142,0.142,0.141,0.142,0.082,0.084
38:40:03,23.6,0.085,0.086,0.087,0.087,0.088,0.085,0.086,0.085,0.091,0.09,0.087,0.085,0.143,0.148,0.144,0.133,0.124,0.124,0.126,0.127,0.122,0.151,0.149,0.144,0.133,0.156,0.144,0.141,0.128,0.131,0.124,0.127,0.121,0.15,0.146,0.146,0.134,0.15,0.145,0.14,0.133,0.131,0.124,0.129,0.123,0.163,0.151,0.147,0.11,0.156,0.151,0.137,0.136,0.13,0.124,0.13,0.126,0.149,0.147,0.141,0.107,0.152,0.146,0.135,0.131,0.135,0.123,0.131,0.125,0.152,0.153,0.151,0.111,0.152,0.111,0.136,0.153,0.153,0.118,0.155,0.157,0.151,0.084,0.09,0.149,0.154,0.119,0.118,0.147,0.147,0.142,0.142,0.141,0.142,0.082,0.084
38:50:03,23.6,0.085,0.086,0.087,0.087,0.088,0.085,0.086,0.085,0.092,0.09,0.087,0.085,0.143,0.147,0.144,0.133,0.124,0.124,0.126,0.127,0.122,0.151,0.15,0.144,0.133,0.155,0.144,0.141,0.128,0.131,0.124,0.127,0.121,0.15,0.146,0.146,0.134,0.15,0.145,0.14,0.133,0.131,0.124,0.13,0.123,0.163,0.151,0.147,0.11,0.156,0.151,0.137,0.136,0.13,0.124,0.13,0.126,0.149,0.146,0.142,0.107,0.152,0.146,0.135,0.131,0.135,0.123,0.131,0.125,0.152,0.154,0.152,0.111,0.152,0.111,0.136,0.153,0.153,0.119,0.155,0.157,0.15,0.084,0.09,0.149,0.154,0.119,0.118,0.147,0.147,0.142,0.142,0.141,0.142,0.082,0.084
39:00:03,23.7,0.085,0.086,0.087,0.087,0.088,0.085,0.086,0.085,0.092,0.09,0.087,0.085,0.143,0.147,0.144,0.133,0.124,0.124,0.126,0.127,0.122,0.151,0.149,0.144,0.133,0.155,0.144,0.141,0.129,0.131,0.124,0.126,0.121,0.15,0.145,0.146,0.134,0.15,0.145,0.14,0.134,0.131,0.124,0.13,0.123,0.163,0.151,0.147,0.11,0.156,0.151,0.137,0.136,0.13,0.124,0.13,0.126,0.149,0.146,0.141,0.107,0.152,0.146,0.135,0.131,0.135,0.123,0.131,0.125,0.151,0.153,0.151,0.111,0.152,0.111,0.136,0.153,0.153,0.118,0.155,0.157,0.15,0.084,0.09,0.149,0.154,0.119,0.118,0.147,0.147,0.142,0.142,0.14,0.142,0.082,0.084
39:10:03,23.7,0.085,0.086,0.087,0.087,0.088,0.085,0.086,0.085,0.092,0.09,0.086,0.085,0.143,0.148,0.144,0.133,0.124,0.124,0.126,0.127,0.122,0.151,0.149,0.144,0.133,0.155,0.144,0.141,0.129,0.131,0.124,0.126,0.121,0.149,0.145,0.146,0.134,0.15,0.145,0.14,0.134,0.132,0.124,0.129,0.123,0.163,0.151,0.147,0.11,0.156,0.151,0.137,0.136,0.13,0.124,0.13,0.126,0.149,0.146,0.141,0.107,0.151,0.146,0.135,0.131,0.135,0.123,0.131,0.125,0.151,0.153,0.151,0.111,0.151,0.111,0.136,0.153,0.152,0.118,0.155,0.157,0.15,0.084,0.09,0.149,0.154,0.119,0.118,0.147,0.147,0.142,0.141,0.14,0.142,0.082,0.084
39:20:03,23.7,0.085,0.086,0.087,0.087,0.088,0.085,0.086,0.085,0.091,0.09,0.086,0.085,0.143,0.147,0.144,0.133,0.124,0.124,0.126,0.127,0.122,0.151,0.149,0.143,0.133,0.155,0.144,0.141,0.129,0.131,0.124,0.126,0.121,0.15,0.145,0.146,0.134,0.15,0.145,0.14,0.134,0.132,0.124,0.129,0.123,0.163,0.151,0.147,0.11,0.156,0.151,0.137,0.136,0.13,0.124,0.13,0.126,0.149,0.146,0.141,0.107,0.151,0.146,0.135,0.131,0.135,0.123,0.131,0.125,0.151,0.153,0.151,0.111,0.152,0.111,0.136,0.153,0.152,0.118,0.154,0.156,0.15,0.084,0.09,0.149,0.154,0.118,0.118,0.147,0.147,0.142,0.141,0.14,0.142,0.082,0.084
39:30:03,23.7,0.085,0.086,0.087,0.087,0.088,0.085,0.086,0.085,0.092,0.09,0.087,0.085,0.143,0.147,0.144,0.133,0.124,0.124,0.126,0.127,0.122,0.151,0.149,0.144,0.133,0.155,0.144,0.141,0.129,0.131,0.124,0.126,0.121,0.149,0.145,0.146,0.134,0.15,0.145,0.14,0.134,0.132,0.124,0.129,0.123,0.163,0.151,0.147,0.11,0.156,0.151,0.137,0.136,0.13,0.124,0.13,0.126,0.149,0.146,0.141,0.107,0.151,0.146,0.135,0.132,0.136,0.123,0.131,0.125,0.151,0.153,0.152,0.111,0.151,0.111,0.136,0.153,0.152,0.118,0.154,0.156,0.15,0.084,0.09,0.149,0.154,0.118,0.118,0.147,0.147,0.142,0.141,0.14,0.142,0.082,0.084
39:40:03,23.7,0.085,0.086,0.087,0.087,0.088,0.085,0.086,0.085,0.092,0.09,0.086,0.085,0.142,0.147,0.144,0.133,0.124,0.124,0.125,0.127,0.122,0.151,0.149,0.143,0.133,0.155,0.144,0.141,0.129,0.131,0.124,0.126,0.121,0.149,0.145,0.146,0.134,0.149,0.145,0.14,0.134,0.132,0.124,0.129,0.123,0.163,0.151,0.146,0.11,0.155,0.151,0.137,0.136,0.13,0.124,0.13,0.126,0.149,0.146,0.141,0.107,0.151,0.146,0.135,0.132,0.136,0.123,0.131,0.125,0.151,0.153,0.151,0.111,0.151,0.111,0.136,0.153,0.152,0.118,0.154,0.156,0.15,0.084,0.089,0.149,0.154,0.118,0.118,0.147,0.146,0.142,0.141,0.14,0.142,0.082,0.084
39:50:03,23.7,0.085,0.086,0.087,0.087,0.088,0.085,0.086,0.085,0.092,0.09,0.087,0.085,0.143,0.147,0.144,0.133,0.124,0.124,0.125,0.127,0.122,0.151,0.149,0.144,0.133,0.155,0.144,0.141,0.129,0.131,0.124,0.126,0.121,0.15,0.145,0.146,0.134,0.149,0.145,0.141,0.134,0.132,0.124,0.129,0.123,0.163,0.151,0.147,0.11,0.155,0.151,0.138,0.136,0.13,0.124,0.13,0.126,0.149,0.146,0.141,0.107,0.151,0.146,0.135,0.132,0.136,0.123,0.131,0.125,0.151,0.153,0.151,0.111,0.151,0.111,0.136,0.152,0.152,0.118,0.154,0.156,0.15,0.084,0.09,0.149,0.154,0.118,0.118,0.147,0.146,0.142,0.141,0.14,0.142,0.082,0.084
40:00:03,23.7,0.085,0.086,0.087,0.087,0.088,0.085,0.086,0.085,0.092,0.09,0.087,0.085,0.142,0.147,0.144,0.133,0.124,0.124,0.125,0.127,0.122,0.151,0.149,0.144,0.133,0.154,0.144,0.141,0.129,0.131,0.124,0.126,0.121,0.149,0.145,0.146,0.134,0.149,0.145,0.141,0.134,0.132,0.124,0.129,0.123,0.163,0.151,0.147,0.11,0.155,0.151,0.138,0.136,0.13,0.124,0.13,0.126,0.149,0.146,0.141,0.107,0.151,0.146,0.135,0.132,0.136,0.123,0.131,0.125,0.151,0.153,0.151,0.111,0.151,0.111,0.136,0.152,0.152,0.118,0.154,0.156,0.15,0.084,0.09,0.149,0.154,0.118,0.118,0.146,0.146,0.141,0.141,0.14,0.142,0.082,0.084
40:10:03,23.7,0.085,0.086,0.087,0.087,0.088,0.085,0.086,0.085,0.092,0.09,0.087,0.085,0.143,0.147,0.144,0.133,0.124,0.124,0.125,0.127,0.122,0.151,0.149,0.143,0.133,0.154,0.144,0.141,0.129,0.131,0.124,0.126,0.121,0.149,0.145,0.146,0.134,0.149,0.145,0.141,0.134,0.132,0.124,0.129,0.123,0.163,0.15,0.147,0.11,0.155,0.151,0.138,0.136,0.13,0.124,0.13,0.126,0.149,0.146,0.141,0.107,0.151,0.146,0.135,0.132,0.136,0.123,0.131,0.125,0.151,0.153,0.151,0.111,0.151,0.111,0.136,0.152,0.151,0.118,0.154,0.155,0.15,0.084,0.09,0.149,0.154,0.118,0.118,0.146,0.146,0.142,0.141,0.14,0.142,0.082,0.084
40:20:03,23.7,0.085,0.086,0.087,0.087,0.088,0.085,0.086,0.085,0.092,0.09,0.087,0.085,0.143,0.147,0.144,0.133,0.124,0.124,0.125,0.127,0.122,0.151,0.148,0.143,0.133,0.154,0.144,0.141,0.129,0.132,0.124,0.126,0.121,0.149,0.145,0.146,0.134,0.149,0.145,0.141,0.134,0.132,0.124,0.129,0.123,0.163,0.15,0.147,0.11,0.155,0.151,0.138,0.136,0.13,0.124,0.13,0.126,0.149,0.146,0.141,0.107,0.151,0.146,0.135,0.132,0.136,0.123,0.131,0.125,0.151,0.153,0.151,0.111,0.151,0.111,0.136,0.152,0.151,0.118,0.154,0.155,0.15,0.084,0.09,0.149,0.154,0.118,0.118,0.146,0.146,0.142,0.141,0.14,0.142,0.082,0.084
40:30:03,23.7,0.085,0.086,0.087,0.087,0.088,0.085,0.086,0.085,0.092,0.09,0.087,0.085,0.142,0.147,0.144,0.133,0.124,0.124,0.125,0.127,0.122,0.151,0.148,0.143,0.133,0.154,0.144,0.142,0.129,0.132,0.124,0.126,0.121,0.149,0.145,0.146,0.134,0.149,0.145,0.141,0.134,0.132,0.124,0.129,0.123,0.163,0.15,0.146,0.11,0.155,0.151,0.138,0.136,0.131,0.124,0.13,0.126,0.149,0.146,0.141,0.107,0.15,0.146,0.135,0.132,0.136,0.123,0.131,0.125,0.151,0.153,0.152,0.111,0.151,0.111,0.136,0.152,0.151,0.118,0.154,0.155,0.15,0.084,0.089,0.149,0.154,0.118,0.118,0.146,0.146,0.141,0.142,0.14,0.142,0.082,0.084
40:40:03,23.7,0.085,0.086,0.087,0.087,0.088,0.085,0.086,0.085,0.092,0.09,0.087,0.085,0.142,0.147,0.144,0.134,0.124,0.125,0.125,0.127,0.122,0.151,0.148,0.143,0.133,0.154,0.144,0.142,0.129,0.132,0.124,0.126,0.121,0.149,0.145,0.146,0.134,0.149,0.145,0.141,0.134,0.132,0.124,0.129,0.123,0.163,0.15,0.147,0.11,0.155,0.151,0.138,0.137,0.131,0.124,0.13,0.126,0.149,0.146,0.141,0.107,0.151,0.146,0.135,0.132,0.136,0.123,0.131,0.125,0.151,0.153,0.152,0.111,0.151,0.11,0.136,0.152,0.151,0.118,0.153,0.155,0.15,0.084,0.09,0.149,0.154,0.118,0.117,0.146,0.146,0.141,0.141,0.14,0.142,0.082,0.084
40:50:03,23.7,0.085,0.086,0.087,0.087,0.088,0.085,0.086,0.085,0.092,0.09,0.086,0.085,0.142,0.147,0.144,0.134,0.124,0.125,0.125,0.127,0.122,0.151,0.148,0.143,0.133,0.154,0.144,0.142,0.13,0.132,0.124,0.126,0.121,0.149,0.145,0.146,0.134,0.149,0.145,0.141,0.134,0.132,0.124,0.129,0.123,0.163,0.15,0.146,0.11,0.155,0.15,0.138,0.137,0.131,0.124,0.13,0.126,0.149,0.145,0.141,0.107,0.15,0.145,0.136,0.132,0.136,0.123,0.131,0.125,0.151,0.153,0.151,0.111,0.151,0.11,0.136,0.151,0.151,0.118,0.153,0.155,0.15,0.084,0.089,0.149,0.154,0.118,0.118,0.146,0.146,0.141,0.141,0.14,0.142,0.082,0.084
41:00:03,23.7,0.085,0.086,0.087,0.087,0.088,0.085,0.086,0.085,0.092,0.09,0.087,0.085,0.142,0.147,0.144,0.134,0.124,0.125,0.125,0.127,0.122,0.151,0.148,0.143,0.133,0.154,0.144,0.142,0.129,0.132,0.124,0.126,0.121,0.149,0.145,0.146,0.134,0.149,0.144,0.141,0.134,0.133,0.124,0.129,0.123,0.163,0.15,0.146,0.11,0.155,0.15,0.138,0.137,0.131,0.124,0.13,0.126,0.149,0.146,0.141,0.107,0.15,0.145,0.136,0.132,0.136,0.123,0.131,0.125,0.151,0.153,0.152,0.111,0.151,0.11,0.136,0.151,0.151,0.118,0.153,0.155,0.15,0.084,0.09,0.149,0.154,0.118,0.117,0.146,0.146,0.141,0.141,0.14,0.142,0.082,0.084
41:10:03,23.7,0.085,0.086,0.087,0.087,0.088,0.085,0.086,0.085,0.092,0.09,0.087,0.085,0.142,0.147,0.144,0.134,0.124,0.125,0.125,0.126,0.122,0.151,0.148,0.143,0.133,0.154,0.144,0.142,0.129,0.132,0.124,0.126,0.121,0.149,0.145,0.146,0.134,0.149,0.144,0.141,0.134,0.133,0.124,0.129,0.123,0.163,0.15,0.146,0.11,0.155,0.15,0.138,0.137,0.131,0.124,0.13,0.126,0.148,0.145,0.141,0.107,0.15,0.145,0.135,0.132,0.136,0.123,0.131,0.125,0.151,0.152,0.151,0.111,0.151,0.11,0.136,0.151,0.15,0.118,0.153,0.155,0.15,0.084,0.09,0.149,0.154,0.118,0.117,0.146,0.146,0.141,0.141,0.14,0.142,0.082,0.084
41:20:03,23.7,0.085,0.086,0.087,0.087,0.088,0.085,0.086,0.085,0.092,0.09,0.086,0.085,0.142,0.147,0.144,0.134,0.124,0.125,0.125,0.126,0.122,0.151,0.148,0.143,0.133,0.154,0.143,0.142,0.13,0.132,0.124,0.126,0.121,0.149,0.145,0.146,0.134,0.149,0.144,0.141,0.135,0.133,0.124,0.129,0.123,0.163,0.15,0.146,0.11,0.154,0.15,0.138,0.137,0.131,0.124,0.13,0.126,0.148,0.145,0.141,0.107,0.15,0.145,0.136,0.133,0.136,0.123,0.131,0.125,0.151,0.152,0.152,0.111,0.151,0.11,0.136,0.151,0.15,0.118,0.153,0.154,0.15,0.084,0.09,0.149,0.153,0.118,0.117,0.146,0.146,0.141,0.141,0.14,0.142,0.082,0.084
41:30:03,23.7,0.085,0.086,0.087,0.087,0.088,0.085,0.086,0.085,0.092,0.09,0.087,0.085,0.142,0.147,0.144,0.134,0.124,0.125,0.125,0.127,0.122,0.151,0.148,0.143,0.133,0.154,0.143,0.142,0.13,0.132,0.124,0.126,0.121,0.149,0.145,0.146,0.134,0.148,0.144,0.141,0.135,0.133,0.124,0.129,0.123,0.163,0.15,0.147,0.11,0.154,0.15,0.138,0.137,0.131,0.124,0.13,0.126,0.148,0.145,0.141,0.107,0.15,0.145,0.136,0.133,0.137,0.123,0.131,0.125,0.151,0.153,0.151,0.111,0.151,0.11,0.137,0.151,0.15,0.118,0.153,0.155,0.15,0.084,0.09,0.149,0.154,0.118,0.117,0.146,0.146,0.141,0.141,0.14,0.142,0.082,0.084
41:40:03,23.7,0.085,0.086,0.087,0.087,0.088,0.085,0.086,0.085,0.092,0.09,0.086,0.085,0.142,0.147,0.143,0.134,0.125,0.125,0.125,0.126,0.122,0.151,0.148,0.143,0.133,0.154,0.143,0.142,0.13,0.132,0.124,0.126,0.121,0.149,0.144,0.146,0.134,0.148,0.144,0.141,0.135,0.133,0.124,0.129,0.123,0.163,0.15,0.146,0.11,0.154,0.15,0.138,0.137,0.131,0.124,0.13,0.126,0.148,0.145,0.141,0.107,0.15,0.145,0.136,0.133,0.137,0.123,0.131,0.125,0.151,0.152,0.151,0.111,0.151,0.11,0.137,0.15,0.15,0.118,0.153,0.154,0.15,0.084,0.09,0.149,0.154,0.118,0.117,0.146,0.145,0.141,0.141,0.14,0.142,0.082,0.084
41:50:03,23.7,0.085,0.086,0.087,0.087,0.088,0.085,0.086,0.085,0.092,0.09,0.086,0.085,0.142,0.147,0.144,0.134,0.124,0.125,0.125,0.126,0.121,0.151,0.148,0.143,0.133,0.154,0.143,0.142,0.13,0.132,0.124,0.126,0.121,0.149,0.144,0.146,0.134,0.148,0.144,0.141,0.135,0.133,0.124,0.129,0.123,0.163,0.15,0.146,0.11,0.154,0.15,0.138,0.137,0.131,0.124,0.13,0.126,0.148,0.145,0.141,0.107,0.15,0.145,0.136,0.133,0.137,0.123,0.131,0.125,0.151,0.152,0.151,0.111,0.151,0.11,0.136,0.15,0.15,0.118,0.153,0.154,0.15,0.084,0.09,0.148,0.154,0.118,0.117,0.146,0.146,0.141,0.141,0.139,0.142,0.082,0.084
42:00:03,23.7,0.085,0.086,0.087,0.087,0.088,0.085,0.086,0.085,0.092,0.09,0.087,0.085,0.142,0.146,0.144,0.134,0.125,0.126,0.125,0.126,0.122,0.151,0.148,0.143,0.133,0.153,0.143,0.142,0.13,0.133,0.124,0.126,0.121,0.149,0.144,0.146,0.134,0.148,0.144,0.141,0.135,0.133,0.124,0.129,0.123,0.163,0.15,0.146,0.11,0.154,0.15,0.138,0.137,0.132,0.124,0.13,0.126,0.148,0.145,0.141,0.107,0.15,0.145,0.136,0.133,0.137,0.123,0.131,0.125,0.151,0.152,0.151,0.111,0.151,0.11,0.137,0.15,0.15,0.118,0.152,0.154,0.15,0.084,0.09,0.149,0.154,0.118,0.117,0.145,0.146,0.141,0.141,0.14,0.142,0.082,0.084
42:10:03,23.7,0.085,0.086,0.087,0.087,0.088,0.085,0.086,0.085,0.092,0.09,0.086,0.085,0.142,0.146,0.144,0.134,0.125,0.125,0.125,0.126,0.121,0.151,0.148,0.143,0.133,0.153,0.143,0.142,0.13,0.133,0.124,0.126,0.121,0.149,0.144,0.146,0.134,0.148,0.144,0.141,0.135,0.133,0.124,0.129,0.123,0.163,0.15,0.146,0.11,0.154,0.15,0.138,0.137,0.132,0.124,0.13,0.126,0.148,0.145,0.141,0.106,0.149,0.145,0.136,0.133,0.137,0.123,0.131,0.125,0.15,0.152,0.151,0.111,0.151,0.11,0.137,0.15,0.15,0.118,0.152,0.154,0.15,0.084,0.09,0.149,0.154,0.118,0.117,0.145,0.145,0.141,0.141,0.14,0.142,0.082,0.084
42:20:03,23.7,0.085,0.086,0.087,0.087,0.088,0.085,0.086,0.085,0.092,0.09,0.086,0.085,0.142,0.146,0.143,0.134,0.125,0.126,0.125,0.126,0.121,0.151,0.147,0.143,0.133,0.153,0.143,0.142,0.13,0.133,0.124,0.126,0.121,0.149,0.144,0.146,0.133,0.148,0.144,0.141,0.135,0.133,0.123,0.129,0.123,0.163,0.15,0.146,0.11,0.154,0.15,0.138,0.137,0.132,0.124,0.13,0.126,0.148,0.145,0.141,0.106,0.149,0.145,0.136,0.133,0.137,0.122,0.131,0.125,0.15,0.152,0.151,0.11,0.151,0.11,0.137,0.15,0.15,0.118,0.152,0.154,0.15,0.084,0.089,0.148,0.154,0.118,0.117,0.146,0.146,0.141,0.141,0.14,0.141,0.082,0.084
42:30:03,23.7,0.085,0.086,0.087,0.087,0.088,0.085,0.086,0.085,0.092,0.09,0.087,0.085,0.142,0.146,0.144,0.134,0.125,0.126,0.125,0.126,0.121,0.151,0.148,0.143,0.133,0.153,0.143,0.142,0.13,0.133,0.124,0.126,0.121,0.149,0.144,0.146,0.134,0.148,0.144,0.142,0.135,0.133,0.123,0.129,0.123,0.163,0.15,0.146,0.11,0.154,0.15,0.138,0.137,0.132,0.124,0.13,0.126,0.148,0.145,0.141,0.106,0.149,0.145,0.136,0.133,0.137,0.122,0.131,0.125,0.15,0.152,0.151,0.111,0.151,0.11,0.137,0.15,0.15,0.118,0.152,0.154,0.149,0.084,0.09,0.148,0.154,0.118,0.117,0.145,0.145,0.141,0.141,0.14,0.141,0.082,0.084
42:40:03,23.7,0.085,0.086,0.087,0.087,0.088,0.085,0.086,0.085,0.092,0.09,0.087,0.085,0.142,0.146,0.143,0.134,0.125,0.126,0.125,0.126,0.121,0.151,0.148,0.143,0.133,0.153,0.143,0.142,0.13,0.133,0.124,0.126,0.121,0.149,0.144,0.146,0.133,0.148,0.144,0.142,0.135,0.133,0.123,0.129,0.123,0.163,0.15,0.146,0.11,0.154,0.15,0.138,0.138,0.132,0.124,0.13,0.126,0.148,0.145,0.141,0.106,0.149,0.145,0.136,0.133,0.137,0.122,0.131,0.125,0.15,0.152,0.151,0.11,0.15,0.11,0.137,0.15,0.149,0.118,0.152,0.154,0.149,0.084,0.09,0.149,0.154,0.118,0.117,0.145,0.145,0.141,0.141,0.139,0.142,0.082,0.084
42:50:03,23.7,0.085,0.086,0.087,0.087,0.088,0.085,0.086,0.085,0.092,0.09,0.087,0.085,0.142,0.146,0.143,0.134,0.125,0.126,0.125,0.126,0.121,0.151,0.148,0.143,0.132,0.153,0.143,0.143,0.13,0.133,0.124,0.126,0.121,0.149,0.144,0.146,0.133,0.148,0.144,0.142,0.135,0.134,0.123,0.129,0.123,0.163,0.15,0.146,0.11,0.153,0.15,0.138,0.138,0.132,0.124,0.13,0.126,0.148,0.145,0.141,0.106,0.149,0.145,0.136,0.133,0.137,0.122,0.131,0.125,0.15,0.152,0.151,0.11,0.15,0.11,0.137,0.15,0.149,0.118,0.152,0.154,0.149,0.084,0.09,0.148,0.153,0.118,0.117,0.145,0.146,0.141,0.141,0.139,0.142,0.082,0.084
43:00:03,23.7,0.085,0.086,0.087,0.087,0.088,0.085,0.086,0.085,0.092,0.09,0.087,0.085,0.142,0.146,0.143,0.134,0.125,0.126,0.125,0.126,0.121,0.151,0.147,0.143,0.133,0.153,0.143,0.143,0.13,0.133,0.124,0.126,0.121,0.149,0.144,0.146,0.133,0.148,0.144,0.142,0.135,0.134,0.123,0.129,0.123,0.163,0.15,0.146,0.11,0.153,0.15,0.138,0.138,0.132,0.124,0.13,0.126,0.148,0.145,0.141,0.106,0.149,0.145,0.136,0.133,0.137,0.122,0.13,0.125,0.15,0.152,0.151,0.11,0.15,0.11,0.137,0.15,0.149,0.118,0.152,0.153,0.149,0.084,0.09,0.148,0.154,0.118,0.117,0.145,0.145,0.141,0.141,0.14,0.142,0.082,0.084
43:10:03,23.7,0.085,0.086,0.087,0.087,0.088,0.085,0.086,0.085,0.092,0.09,0.087,0.085,0.142,0.146,0.143,0.135,0.125,0.126,0.125,0.126,0.121,0.151,0.147,0.143,0.132,0.153,0.143,0.143,0.13,0.133,0.124,0.126,0.121,0.149,0.144,0.146,0.133,0.148,0.144,0.142,0.135,0.134,0.123,0.129,0.123,0.163,0.15,0.146,0.11,0.154,0.15,0.138,0.138,0.132,0.124,0.13,0.126,0.148,0.145,0.141,0.106,0.149,0.145,0.136,0.133,0.138,0.122,0.131,0.125,0.15,0.152,0.151,0.11,0.15,0.11,0.137,0.149,0.149,0.118,0.152,0.153,0.149,0.084,0.09,0.148,0.154,0.118,0.117,0.145,0.145,0.141,0.141,0.139,0.141,0.082,0.084
43:20:03,23.7,0.085,0.086,0.087,0.087,0.088,0.085,0.086,0.085,0.092,0.09,0.087,0.085,0.142,0.146,0.143,0.135,0.125,0.126,0.125,0.126,0.121,0.151,0.147,0.143,0.132,0.153,0.143,0.143,0.131,0.133,0.124,0.126,0.121,0.149,0.144,0.146,0.133,0.148,0.144,0.142,0.135,0.134,0.123,0.129,0.123,0.163,0.15,0.146,0.11,0.153,0.15,0.139,0.138,0.132,0.124,0.13,0.126,0.148,0.145,0.141,0.106,0.149,0.145,0.136,0.133,0.138,0.122,0.13,0.125,0.15,0.152,0.151,0.11,0.15,0.11,0.137,0.149,0.149,0.118,0.152,0.153,0.149,0.084,0.09,0.148,0.154,0.117,0.117,0.145,0.145,0.141,0.141,0.139,0.141,0.082,0.084
43:30:03,23.7,0.085,0.086,0.087,0.087,0.088,0.085,0.086,0.085,0.092,0.09,0.086,0.085,0.142,0.146,0.143,0.135,0.125,0.126,0.125,0.126,0.121,0.151,0.147,0.143,0.132,0.153,0.143,0.143,0.131,0.133,0.124,0.126,0.121,0.149,0.144,0.146,0.133,0.148,0.144,0.142,0.135,0.134,0.123,0.129,0.123,0.163,0.149,0.146,0.11,0.153,0.15,0.139,0.138,0.132,0.123,0.13,0.126,0.148,0.145,0.141,0.106,0.149,0.145,0.136,0.133,0.138,0.122,0.13,0.125,0.15,0.152,0.151,0.11,0.15,0.11,0.137,0.149,0.149,0.118,0.151,0.153,0.149,0.084,0.09,0.149,0.154,0.117,0.117,0.145,0.145,0.141,0.141,0.139,0.141,0.082,0.084
43:40:03,23.7,0.085,0.086,0.087,0.087,0.088,0.085,0.086,0.085,0.092,0.09,0.087,0.085,0.142,0.146,0.143,0.135,0.125,0.126,0.125,0.126,0.121,0.15,0.147,0.143,0.132,0.153,0.143,0.143,0.131,0.134,0.124,0.126,0.121,0.149,0.144,0.146,0.133,0.147,0.144,0.142,0.136,0.134,0.123,0.129,0.123,0.163,0.149,0.146,0.11,0.153,0.15,0.139,0.138,0.132,0.124,0.13,0.126,0.148,0.145,0.141,0.106,0.149,0.145,0.136,0.134,0.138,0.122,0.13,0.125,0.15,0.152,0.151,0.11,0.15,0.11,0.137,0.149,0.149,0.118,0.151,0.153,0.15,0.084,0.09,0.148,0.154,0.117,0.117,0.145,0.145,0.14,0.141,0.139,0.141,0.082,0.084
43:50:03,23.7,0.085,0.086,0.087,0.087,0.088,0.085,0.086,0.085,0.092,0.09,0.086,0.085,0.142,0.146,0.143,0.135,0.125,0.126,0.125,0.126,0.121,0.15,0.147,0.143,0.132,0.153,0.143,0.143,0.131,0.134,0.124,0.126,0.121,0.149,0.144,0.146,0.133,0.147,0.144,0.142,0.136,0.134,0.123,0.129,0.123,0.163,0.149,0.146,0.11,0.153,0.15,0.139,0.138,0.132,0.123,0.13,0.126,0.148,0.145,0.141,0.106,0.149,0.145,0.136,0.134,0.138,0.122,0.13,0.125,0.15,0.152,0.151,0.11,0.15,0.11,0.137,0.149,0.149,0.118,0.151,0.153,0.149,0.084,0.09,0.148,0.154,0.117,0.117,0.145,0.145,0.14,0.141,0.139,0.142,0.082,0.084
44:00:03,23.7,0.085,0.086,0.087,0.087,0.088,0.085,0.086,0.085,0.092,0.09,0.087,0.085,0.142,0.146,0.143,0.135,0.125,0.126,0.125,0.126,0.121,0.151,0.147,0.143,0.132,0.153,0.143,0.143,0.131,0.134,0.124,0.126,0.121,0.149,0.144,0.146,0.133,0.148,0.144,0.142,0.136,0.134,0.123,0.129,0.123,0.163,0.149,0.146,0.11,0.153,0.15,0.139,0.138,0.133,0.124,0.13,0.126,0.148,0.145,0.141,0.106,0.149,0.145,0.137,0.134,0.138,0.122,0.13,0.125,0.15,0.152,0.151,0.11,0.15,0.11,0.137,0.149,0.149,0.118,0.151,0.153,0.149,0.084,0.09,0.148,0.154,0.117,0.117,0.145,0.145,0.14,0.141,0.139,0.141,0.082,0.084
44:10:03,23.7,0.085,0.086,0.087,0.087,0.088,0.085,0.086,0.085,0.092,0.09,0.086,0.085,0.142,0.146,0.143,0.135,0.125,0.126,0.125,0.126,0.121,0.151,0.147,0.143,0.132,0.152,0.142,0.143,0.131,0.134,0.124,0.126,0.121,0.149,0.144,0.146,0.133,0.147,0.143,0.142,0.136,0.134,0.123,0.129,0.123,0.163,0.149,0.146,0.11,0.153,0.15,0.139,0.138,0.133,0.123,0.13,0.126,0.148,0.145,0.141,0.106,0.149,0.145,0.137,0.134,0.138,0.122,0.13,0.125,0.15,0.152,0.151,0.11,0.15,0.11,0.137,0.149,0.149,0.118,0.151,0.153,0.149,0.084,0.09,0.149,0.154,0.117,0.117,0.145,0.145,0.14,0.141,0.139,0.141,0.082,0.084
44:20:03,23.7,0.085,0.086,0.087,0.087,0.088,0.085,0.086,0.085,0.092,0.09,0.087,0.085,0.142,0.146,0.143,0.135,0.125,0.126,0.125,0.126,0.121,0.15,0.147,0.143,0.132,0.153,0.142,0.143,0.131,0.134,0.124,0.126,0.121,0.149,0.144,0.146,0.133,0.147,0.143,0.142,0.136,0.134,0.123,0.129,0.123,0.163,0.149,0.146,0.109,0.153,0.15,0.139,0.138,0.133,0.123,0.13,0.126,0.148,0.144,0.141,0.106,0.149,0.145,0.137,0.134,0.138,0.122,0.13,0.125,0.15,0.152,0.152,0.11,0.151,0.11,0.137,0.149,0.149,0.118,0.151,0.153,0.149,0.084,0.09,0.148,0.154,0.117,0.117,0.145,0.145,0.14,0.141,0.139,0.141,0.082,0.084
44:30:03,23.7,0.085,0.086,0.087,0.087,0.088,0.085,0.086,0.085,0.092,0.09,0.087,0.085,0.142,0.146,0.143,0.135,0.126,0.127,0.125,0.126,0.121,0.151,0.147,0.143,0.132,0.152,0.142,0.143,0.131,0.134,0.124,0.126,0.121,0.149,0.144,0.146,0.133,0.147,0.144,0.142,0.136,0.135,0.123,0.129,0.123,0.163,0.15,0.146,0.11,0.153,0.15,0.139,0.138,0.133,0.123,0.13,0.126,0.148,0.145,0.141,0.106,0.148,0.145,0.137,0.134,0.139,0.122,0.13,0.125,0.15,0.152,0.151,0.11,0.15,0.11,0.137,0.149,0.149,0.118,0.151,0.153,0.149,0.084,0.09,0.148,0.154,0.117,0.117,0.145,0.145,0.14,0.141,0.139,0.141,0.082,0.084
44:40:03,23.7,0.085,0.086,0.087,0.087,0.088,0.085,0.086,0.085,0.092,0.09,0.087,0.085,0.142,0.146,0.143,0.135,0.126,0.127,0.125,0.126,0.121,0.151,0.147,0.143,0.132,0.152,0.142,0.143,0.131,0.134,0.124,0.126,0.121,0.149,0.144,0.146,0.133,0.147,0.144,0.142,0.136,0.135,0.123,0.129,0.123,0.163,0.149,0.146,0.109,0.153,0.149,0.139,0.138,0.133,0.123,0.13,0.126,0.148,0.144,0.141,0.106,0.148,0.145,0.137,0.134,0.139,0.122,0.13,0.125,0.15,0.151,0.151,0.11,0.15,0.11,0.137,0.149,0.149,0.118,0.151,0.153,0.149,0.084,0.09,0.148,0.153,0.117,0.117,0.144,0.145,0.14,0.141,0.139,0.141,0.082,0.084
44:50:03,23.7,0.085,0.086,0.087,0.087,0.088,0.085,0.086,0.085,0.092,0.09,0.087,0.085,0.142,0.146,0.143,0.135,0.126,0.127,0.125,0.126,0.121,0.151,0.147,0.143,0.132,0.152,0.142,0.143,0.131,0.134,0.124,0.126,0.121,0.149,0.144,0.146,0.133,0.147,0.144,0.143,0.136,0.135,0.123,0.129,0.123,0.163,0.149,0.146,0.109,0.153,0.149,0.139,0.139,0.133,0.123,0.13,0.126,0.148,0.144,0.141,0.106,0.148,0.145,0.137,0.134,0.139,0.122,0.13,0.125,0.15,0.151,0.151,0.11,0.15,0.11,0.138,0.149,0.149,0.118,0.151,0.153,0.149,0.084,0.09,0.148,0.154,0.117,0.117,0.144,0.144,0.14,0.141,0.139,0.141,0.082,0.084
45:00:03,23.7,0.085,0.086,0.087,0.087,0.088,0.085,0.086,0.085,0.092,0.09,0.087,0.085,0.142,0.146,0.143,0.135,0.126,0.127,0.125,0.126,0.121,0.15,0.147,0.143,0.132,0.152,0.142,0.143,0.131,0.134,0.123,0.126,0.121,0.149,0.144,0.146,0.133,0.147,0.143,0.143,0.136,0.135,0.123,0.129,0.123,0.163,0.149,0.146,0.109,0.153,0.149,0.139,0.139,0.133,0.123,0.13,0.126,0.148,0.144,0.141,0.106,0.148,0.145,0.137,0.134,0.139,0.122,0.13,0.125,0.15,0.151,0.151,0.11,0.15,0.11,0.138,0.149,0.149,0.118,0.151,0.152,0.149,0.084,0.09,0.148,0.154,0.117,0.117,0.144,0.145,0.14,0.141,0.139,0.141,0.082,0.084
45:10:03,23.7,0.085,0.086,0.087,0.087,0.088,0.085,0.086,0.085,0.092,0.09,0.087,0.085,0.142,0.146,0.143,0.135,0.126,0.127,0.125,0.126,0.121,0.15,0.147,0.143,0.132,0.152,0.142,0.144,0.131,0.134,0.123,0.126,0.121,0.149,0.144,0.146,0.133,0.147,0.143,0.143,0.136,0.135,0.123,0.129,0.123,0.163,0.149,0.146,0.109,0.153,0.149,0.139,0.139,0.133,0.123,0.13,0.126,0.148,0.144,0.141,0.106,0.148,0.145,0.137,0.134,0.139,0.122,0.13,0.125,0.15,0.151,0.151,0.11,0.15,0.109,0.138,0.149,0.149,0.118,0.151,0.152,0.15,0.084,0.09,0.148,0.154,0.117,0.117,0.144,0.144,0.14,0.141,0.139,0.141,0.082,0.084
45:20:03,23.7,0.085,0.086,0.087,0.087,0.088,0.085,0.086,0.085,0.092,0.09,0.087,0.085,0.142,0.146,0.143,0.135,0.126,0.127,0.125,0.126,0.121,0.15,0.147,0.143,0.132,0.152,0.142,0.143,0.131,0.134,0.123,0.126,0.121,0.149,0.144,0.146,0.133,0.147,0.143,0.143,0.136,0.135,0.123,0.129,0.123,0.163,0.149,0.146,0.109,0.153,0.149,0.139,0.139,0.133,0.123,0.13,0.126,0.148,0.144,0.141,0.106,0.148,0.145,0.137,0.134,0.139,0.122,0.13,0.125,0.15,0.151,0.151,0.11,0.15,0.109,0.137,0.149,0.149,0.118,0.151,0.152,0.149,0.084,0.09,0.148,0.153,0.117,0.116,0.144,0.145,0.14,0.141,0.139,0.141,0.082,0.084
45:30:03,23.7,0.085,0.086,0.087,0.087,0.088,0.085,0.086,0.085,0.092,0.09,0.087,0.085,0.142,0.146,0.143,0.135,0.126,0.127,0.125,0.126,0.121,0.151,0.147,0.143,0.132,0.152,0.142,0.144,0.131,0.135,0.123,0.126,0.121,0.149,0.144,0.146,0.133,0.147,0.143,0.143,0.136,0.135,0.123,0.129,0.123,0.163,0.149,0.146,0.109,0.152,0.149,0.139,0.139,0.133,0.123,0.13,0.126,0.148,0.144,0.141,0.106,0.148,0.145,0.137,0.134,0.139,0.122,0.13,0.125,0.15,0.151,0.151,0.11,0.15,0.109,0.138,0.149,0.149,0.118,0.151,0.152,0.149,0.084,0.09,0.148,0.153,0.117,0.116,0.144,0.144,0.14,0.141,0.139,0.141,0.082,0.084
45:40:03,23.7,0.085,0.086,0.087,0.087,0.088,0.085,0.086,0.085,0.092,0.09,0.087,0.085,0.142,0.146,0.143,0.135,0.126,0.127,0.125,0.126,0.121,0.151,0.147,0.143,0.132,0.152,0.142,0.144,0.131,0.135,0.123,0.126,0.121,0.149,0.144,0.146,0.133,0.147,0.143,0.143,0.136,0.135,0.123,0.129,0.123,0.163,0.149,0.146,0.109,0.152,0.149,0.139,0.139,0.133,0.123,0.13,0.126,0.148,0.144,0.141,0.106,0.148,0.145,0.137,0.134,0.139,0.122,0.13,0.125,0.15,0.151,0.151,0.11,0.15,0.109,0.138,0.148,0.149,0.118,0.151,0.152,0.149,0.084,0.09,0.148,0.154,0.117,0.116,0.144,0.144,0.139,0.141,0.139,0.141,0.082,0.084
45:50:03,23.7,0.085,0.086,0.087,0.087,0.088,0.085,0.086,0.085,0.092,0.09,0.087,0.085,0.142,0.145,0.143,0.135,0.126,0.127,0.125,0.126,0.121,0.151,0.147,0.143,0.132,0.152,0.142,0.144,0.132,0.135,0.123,0.126,0.121,0.149,0.144,0.146,0.133,0.147,0.143,0.143,0.137,0.135,0.123,0.129,0.123,0.163,0.149,0.146,0.109,0.152,0.149,0.139,0.139,0.133,0.123,0.13,0.126,0.148,0.144,0.141,0.106,0.148,0.145,0.137,0.135,0.14,0.122,0.13,0.125,0.15,0.151,0.151,0.11,0.15,0.109,0.138,0.148,0.149,0.118,0.151,0.152,0.149,0.084,0.09,0.148,0.154,0.117,0.116,0.144,0.144,0.14,0.141,0.139,0.141,0.082,0.084
46:00:03,23.7,0.085,0.086,0.087,0.087,0.088,0.085,0.086,0.085,0.092,0.09,0.087,0.085,0.142,0.145,0.143,0.136,0.126,0.127,0.125,0.126,0.121,0.151,0.147,0.143,0.132,0.152,0.142,0.144,0.131,0.135,0.123,0.126,0.121,0.149,0.144,0.146,0.133,0.147,0.143,0.143,0.137,0.135,0.123,0.129,0.123,0.163,0.149,0.146,0.109,0.152,0.149,0.14,0.139,0.134,0.123,0.13,0.126,0.148,0.144,0.142,0.106,0.148,0.145,0.137,0.135,0.14,0.122,0.13,0.125,0.15,0.151,0.151,0.11,0.15,0.109,0.138,0.148,0.149,0.118,0.151,0.152,0.15,0.084,0.09,0.148,0.154,0.117,0.116,0.144,0.144,0.14,0.141,0.139,0.141,0.082,0.084
46:10:03,23.7,0.085,0.086,0.087,0.087,0.088,0.085,0.086,0.085,0.092,0.09,0.087,0.085,0.142,0.145,0.143,0.136,0.126,0.127,0.125,0.126,0.121,0.151,0.147,0.143,0.132,0.152,0.142,0.144,0.132,0.135,0.123,0.126,0.121,0.149,0.144,0.146,0.133,0.147,0.143,0.143,0.137,0.135,0.123,0.129,0.123,0.163,0.149,0.146,0.109,0.152,0.149,0.139,0.139,0.134,0.123,0.129,0.126,0.148,0.144,0.141,0.106,0.148,0.145,0.137,0.135,0.14,0.122,0.13,0.125,0.15,0.151,0.152,0.11,0.15,0.109,0.138,0.148,0.148,0.118,0.151,0.152,0.149,0.084,0.09,0.148,0.154,0.117,0.116,0.144,0.144,0.14,0.141,0.139,0.141,0.082,0.084
46:20:03,23.7,0.085,0.086,0.087,0.087,0.088,0.085,0.086,0.085,0.092,0.09,0.086,0.085,0.142,0.145,0.143,0.136,0.126,0.128,0.125,0.126,0.121,0.151,0.147,0.143,0.132,0.152,0.142,0.144,0.132,0.135,0.123,0.126,0.121,0.149,0.144,0.146,0.133,0.146,0.143,0.143,0.137,0.136,0.123,0.129,0.123,0.163,0.149,0.146,0.109,0.152,0.149,0.14,0.139,0.134,0.123,0.13,0.126,0.148,0.144,0.141,0.106,0.148,0.145,0.137,0.135,0.14,0.122,0.13,0.125,0.15,0.151,0.151,0.11,0.15,0.109,0.138,0.148,0.149,0.118,0.151,0.152,0.15,0.084,0.09,0.148,0.154,0.117,0.116,0.144,0.144,0.14,0.141,0.139,0.141,0.082,0.084
46:30:03,23.7,0.085,0.086,0.087,0.087,0.088,0.085,0.086,0.085,0.092,0.09,0.087,0.085,0.142,0.145,0.143,0.136,0.126,0.127,0.125,0.125,0.121,0.151,0.147,0.143,0.132,0.152,0.142,0.144,0.132,0.135,0.123,0.126,0.121,0.149,0.144,0.146,0.133,0.146,0.143,0.143,0.137,0.136,0.123,0.129,0.123,0.163,0.149,0.146,0.109,0.152,0.149,0.14,0.139,0.134,0.123,0.129,0.126,0.148,0.144,0.141,0.106,0.147,0.145,0.137,0.135,0.14,0.122,0.13,0.125,0.15,0.151,0.151,0.11,0.15,0.109,0.138,0.148,0.149,0.118,0.151,0.152,0.15,0.084,0.09,0.148,0.154,0.117,0.116,0.144,0.144,0.139,0.141,0.139,0.141,0.082,0.084
46:40:03,23.7,0.085,0.086,0.087,0.087,0.088,0.085,0.086,0.085,0.092,0.09,0.087,0.085,0.142,0.145,0.143,0.136,0.126,0.127,0.125,0.126,0.121,0.151,0.147,0.143,0.132,0.152,0.142,0.144,0.132,0.135,0.123,0.126,0.121,0.149,0.144,0.146,0.133,0.146,0.143,0.143,0.137,0.136,0.123,0.128,0.123,0.163,0.149,0.146,0.109,0.152,0.149,0.14,0.139,0.134,0.123,0.13,0.126,0.148,0.144,0.141,0.106,0.147,0.145,0.137,0.135,0.14,0.122,0.13,0.124,0.15,0.151,0.152,0.11,0.15,0.109,0.138,0.148,0.149,0.118,0.151,0.152,0.15,0.084,0.09,0.149,0.154,0.117,0.116,0.144,0.144,0.139,0.141,0.139,0.141,0.082,0.084
46:50:03,23.7,0.085,0.086,0.087,0.087,0.088,0.085,0.086,0.085,0.092,0.09,0.087,0.085,0.142,0.145,0.143,0.136,0.126,0.127,0.125,0.126,0.121,0.151,0.147,0.143,0.132,0.151,0.142,0.144,0.132,0.135,0.123,0.126,0.121,0.149,0.144,0.146,0.133,0.146,0.143,0.144,0.137,0.136,0.123,0.129,0.123,0.163,0.149,0.146,0.109,0.152,0.149,0.14,0.14,0.134,0.123,0.13,0.126,0.148,0.144,0.141,0.106,0.147,0.145,0.137,0.135,0.14,0.122,0.13,0.125,0.15,0.151,0.151,0.11,0.15,0.109,0.138,0.148,0.148,0.118,0.151,0.152,0.15,0.084,0.09,0.148,0.154,0.117,0.116,0.144,0.144,0.139,0.141,0.139,0.141,0.082,0.084
47:00:03,23.7,0.085,0.086,0.087,0.087,0.088,0.085,0.086,0.085,0.092,0.09,0.087,0.085,0.142,0.145,0.143,0.136,0.126,0.128,0.125,0.125,0.121,0.151,0.147,0.143,0.132,0.151,0.142,0.145,0.132,0.135,0.123,0.126,0.121,0.149,0.144,0.146,0.133,0.146,0.143,0.144,0.137,0.136,0.123,0.128,0.123,0.163,0.149,0.146,0.109,0.152,0.149,0.14,0.14,0.134,0.123,0.129,0.126,0.148,0.144,0.141,0.106,0.147,0.145,0.138,0.135,0.14,0.122,0.13,0.125,0.15,0.151,0.151,0.11,0.15,0.109,0.138,0.148,0.148,0.118,0.151,0.152,0.15,0.084,0.09,0.148,0.154,0.117,0.116,0.144,0.144,0.139,0.141,0.139,0.141,0.082,0.084
47:10:03,23.7,0.085,0.086,0.087,0.087,0.088,0.085,0.086,0.085,0.092,0.09,0.087,0.085,0.142,0.145,0.143,0.136,0.126,0.128,0.125,0.125,0.121,0.151,0.147,0.144,0.131,0.152,0.142,0.145,0.132,0.135,0.123,0.125,0.121,0.149,0.144,0.146,0.133,0.146,0.143,0.144,0.137,0.136,0.123,0.128,0.123,0.163,0.149,0.146,0.109,0.152,0.149,0.14,0.14,0.134,0.123,0.13,0.126,0.148,0.144,0.141,0.106,0.147,0.145,0.137,0.135,0.14,0.122,0.13,0.125,0.15,0.151,0.151,0.11,0.15,0.109,0.138,0.148,0.148,0.118,0.151,0.152,0.149,0.084,0.09,0.148,0.154,0.117,0.116,0.144,0.144,0.139,0.141,0.139,0.141,0.082,0.084
47:20:03,23.7,0.085,0.086,0.087,0.087,0.088,0.085,0.086,0.085,0.092,0.09,0.087,0.085,0.142,0.145,0.143,0.136,0.126,0.128,0.125,0.125,0.121,0.151,0.147,0.143,0.132,0.151,0.143,0.145,0.132,0.136,0.123,0.125,0.121,0.149,0.144,0.146,0.133,0.146,0.143,0.144,0.137,0.136,0.123,0.128,0.123,0.163,0.149,0.146,0.109,0.152,0.149,0.14,0.14,0.134,0.123,0.129,0.126,0.148,0.144,0.141,0.106,0.147,0.145,0.138,0.135,0.14,0.122,0.13,0.124,0.15,0.151,0.152,0.11,0.15,0.109,0.138,0.148,0.149,0.118,0.151,0.152,0.15,0.084,0.09,0.148,0.154,0.117,0.116,0.144,0.144,0.139,0.141,0.139,0.141,0.082,0.084
47:30:03,23.7,0.085,0.086,0.087,0.087,0.088,0.085,0.086,0.085,0.092,0.09,0.087,0.085,0.142,0.145,0.143,0.136,0.126,0.128,0.124,0.125,0.121,0.151,0.147,0.143,0.131,0.151,0.143,0.145,0.132,0.136,0.123,0.126,0.121,0.149,0.144,0.146,0.133,0.146,0.143,0.144,0.137,0.136,0.123,0.128,0.123,0.163,0.149,0.147,0.109,0.152,0.149,0.14,0.14,0.134,0.123,0.129,0.126,0.148,0.144,0.141,0.106,0.147,0.145,0.138,0.135,0.14,0.122,0.13,0.125,0.15,0.151,0.151,0.11,0.15,0.109,0.138,0.148,0.149,0.118,0.151,0.152,0.15,0.084,0.09,0.148,0.154,0.117,0.116,0.144,0.144,0.139,0.141,0.139,0.141,0.082,0.084
47:40:03,23.7,0.085,0.086,0.087,0.087,0.088,0.085,0.086,0.085,0.092,0.09,0.087,0.085,0.142,0.145,0.143,0.136,0.127,0.128,0.124,0.125,0.121,0.151,0.147,0.144,0.131,0.151,0.143,0.145,0.132,0.136,0.123,0.126,0.121,0.149,0.144,0.146,0.133,0.146,0.143,0.144,0.137,0.136,0.123,0.128,0.123,0.163,0.149,0.146,0.109,0.152,0.149,0.14,0.14,0.135,0.123,0.129,0.126,0.148,0.144,0.142,0.106,0.147,0.145,0.138,0.135,0.14,0.122,0.13,0.125,0.15,0.151,0.151,0.11,0.15,0.109,0.138,0.148,0.149,0.118,0.151,0.152,0.15,0.084,0.09,0.148,0.154,0.117,0.116,0.144,0.144,0.139,0.141,0.139,0.141,0.082,0.084
47:50:03,23.7,0.085,0.086,0.087,0.087,0.088,0.085,0.086,0.085,0.092,0.09,0.087,0.085,0.142,0.145,0.143,0.136,0.127,0.128,0.124,0.125,0.121,0.151,0.147,0.143,0.131,0.151,0.143,0.145,0.132,0.136,0.123,0.126,0.121,0.149,0.144,0.146,0.133,0.146,0.143,0.144,0.137,0.136,0.123,0.128,0.123,0.163,0.149,0.147,0.109,0.152,0.149,0.14,0.14,0.135,0.123,0.13,0.126,0.148,0.144,0.142,0.106,0.147,0.145,0.138,0.135,0.14,0.122,0.13,0.124,0.15,0.151,0.151,0.11,0.15,0.109,0.138,0.148,0.148,0.118,0.151,0.152,0.15,0.084,0.09,0.148,0.154,0.117,0.116,0.144,0.144,0.139,0.141,0.139,0.141,0.082,0.084
48:00:03,23.7,0.085,0.086,0.087,0.087,0.088,0.085,0.086,0.085,0.092,0.09,0.087,0.085,0.142,0.145,0.143,0.136,0.127,0.128,0.124,0.125,0.121,0.151,0.147,0.144,0.131,0.151,0.143,0.145,0.133,0.136,0.123,0.126,0.121,0.149,0.144,0.146,0.133,0.146,0.143,0.144,0.137,0.136,0.123,0.128,0.123,0.163,0.149,0.147,0.109,0.152,0.149,0.14,0.14,0.135,0.123,0.129,0.126,0.148,0.144,0.141,0.106,0.147,0.144,0.138,0.135,0.14,0.122,0.13,0.125,0.15,0.151,0.151,0.11,0.15,0.109,0.139,0.148,0.149,0.118,0.151,0.152,0.15,0.084,0.09,0.148,0.154,0.116,0.116,0.143,0.144,0.139,0.141,0.139,0.141,0.082,0.084
48:10:03,23.7,0.085,0.086,0.087,0.087,0.088,0.085,0.086,0.085,0.092,0.09,0.087,0.085,0.142,0.145,0.143,0.136,0.127,0.128,0.124,0.125,0.121,0.151,0.147,0.143,0.131,0.151,0.143,0.145,0.133,0.136,0.123,0.125,0.121,0.149,0.144,0.146,0.133,0.146,0.143,0.144,0.138,0.137,0.123,0.128,0.123,0.163,0.149,0.146,0.109,0.151,0.149,0.14,0.14,0.135,0.123,0.129,0.126,0.148,0.144,0.142,0.106,0.147,0.145,0.138,0.136,0.14,0.122,0.13,0.125,0.15,0.151,0.152,0.11,0.15,0.109,0.138,0.148,0.148,0.118,0.151,0.152,0.15,0.084,0.09,0.148,0.154,0.116,0.116,0.143,0.144,0.139,0.141,0.139,0.141,0.082,0.084
48:20:03,23.7,0.085,0.086,0.087,0.087,0.088,0.085,0.086,0.085,0.092,0.09,0.086,0.085,0.142,0.145,0.143,0.136,0.127,0.128,0.124,0.125,0.121,0.151,0.147,0.144,0.131,0.151,0.143,0.145,0.133,0.136,0.123,0.125,0.121,0.149,0.144,0.146,0.133,0.146,0.143,0.144,0.137,0.137,0.123,0.128,0.123,0.163,0.149,0.146,0.109,0.151,0.149,0.14,0.14,0.135,0.123,0.129,0.126,0.148,0.144,0.142,0.106,0.147,0.145,0.138,0.136,0.14,0.122,0.13,0.125,0.15,0.151,0.151,0.11,0.15,0.109,0.138,0.148,0.148,0.118,0.151,0.152,0.15,0.084,0.09,0.148,0.154,0.116,0.116,0.143,0.144,0.139,0.141,0.139,0.141,0.082,0.084
48:30:03,23.7,0.085,0.086,0.087,0.087,0.088,0.085,0.086,0.085,0.092,0.09,0.087,0.085,0.142,0.145,0.143,0.136,0.127,0.128,0.124,0.125,0.12,0.151,0.147,0.144,0.131,0.151,0.143,0.145,0.133,0.136,0.123,0.125,0.121,0.149,0.144,0.146,0.133,0.146,0.143,0.144,0.138,0.137,0.123,0.128,0.123,0.163,0.149,0.147,0.109,0.151,0.149,0.14,0.14,0.135,0.123,0.129,0.126,0.148,0.144,0.142,0.106,0.147,0.144,0.138,0.136,0.14,0.122,0.13,0.125,0.15,0.151,0.151,0.109,0.15,0.109,0.138,0.148,0.149,0.118,0.151,0.152,0.15,0.084,0.09,0.148,0.154,0.116,0.116,0.143,0.144,0.139,0.14,0.139,0.141,0.082,0.084
48:40:03,23.7,0.085,0.086,0.087,0.087,0.088,0.085,0.086,0.085,0.092,0.09,0.087,0.085,0.142,0.145,0.143,0.137,0.127,0.128,0.124,0.125,0.12,0.151,0.147,0.144,0.131,0.151,0.143,0.145,0.133,0.136,0.123,0.125,0.121,0.149,0.144,0.146,0.133,0.146,0.143,0.144,0.138,0.137,0.123,0.128,0.123,0.163,0.149,0.147,0.109,0.151,0.149,0.14,0.14,0.135,0.123,0.129,0.126,0.148,0.144,0.142,0.106,0.147,0.144,0.138,0.136,0.14,0.122,0.13,0.125,0.15,0.151,0.152,0.11,0.15,0.109,0.139,0.148,0.148,0.118,0.151,0.152,0.15,0.084,0.09,0.148,0.154,0.116,0.116,0.143,0.144,0.139,0.141,0.139,0.141,0.082,0.084
48:50:03,23.7,0.085,0.086,0.087,0.087,0.088,0.085,0.086,0.085,0.092,0.09,0.087,0.085,0.142,0.145,0.143,0.137,0.127,0.128,0.124,0.125,0.12,0.151,0.147,0.144,0.131,0.151,0.143,0.145,0.133,0.136,0.123,0.125,0.121,0.149,0.144,0.146,0.133,0.146,0.143,0.144,0.138,0.137,0.123,0.128,0.123,0.163,0.149,0.146,0.109,0.151,0.149,0.14,0.14,0.136,0.123,0.129,0.126,0.148,0.144,0.142,0.106,0.147,0.144,0.138,0.136,0.14,0.122,0.13,0.125,0.15,0.151,0.151,0.109,0.15,0.109,0.139,0.148,0.149,0.118,0.151,0.152,0.15,0.084,0.09,0.148,0.154,0.116,0.116,0.144,0.143,0.139,0.14,0.139,0.141,0.082,0.084
49:00:03,23.7,0.085,0.086,0.087,0.087,0.088,0.085,0.086,0.085,0.092,0.09,0.087,0.085,0.142,0.145,0.143,0.137,0.127,0.129,0.124,0.125,0.12,0.151,0.147,0.144,0.131,0.151,0.143,0.145,0.133,0.136,0.123,0.125,0.121,0.149,0.144,0.146,0.133,0.146,0.143,0.144,0.138,0.137,0.123,0.128,0.123,0.163,0.149,0.147,0.109,0.151,0.149,0.14,0.141,0.136,0.123,0.129,0.126,0.148,0.144,0.141,0.106,0.147,0.145,0.138,0.136,0.14,0.122,0.13,0.125,0.15,0.151,0.152,0.11,0.15,0.109,0.139,0.148,0.149,0.118,0.151,0.152,0.15,0.084,0.09,0.148,0.154,0.116,0.116,0.143,0.144,0.139,0.141,0.139,0.141,0.082,0.084
49:10:03,23.7,0.085,0.086,0.087,0.087,0.088,0.085,0.086,0.085,0.092,0.09,0.087,0.085,0.142,0.145,0.143,0.137,0.127,0.129,0.124,0.125,0.12,0.151,0.147,0.144,0.131,0.151,0.143,0.145,0.133,0.137,0.123,0.125,0.121,0.149,0.144,0.146,0.133,0.146,0.143,0.145,0.138,0.137,0.123,0.128,0.123,0.163,0.149,0.147,0.109,0.151,0.149,0.141,0.141,0.136,0.123,0.129,0.126,0.148,0.144,0.142,0.105,0.147,0.144,0.138,0.136,0.14,0.122,0.13,0.125,0.15,0.151,0.151,0.109,0.15,0.109,0.139,0.148,0.149,0.118,0.151,0.152,0.15,0.084,0.09,0.148,0.154,0.116,0.116,0.143,0.143,0.139,0.141,0.139,0.141,0.082,0.084
49:20:03,23.7,0.085,0.086,0.087,0.087,0.088,0.085,0.086,0.085,0.092,0.09,0.086,0.085,0.142,0.145,0.143,0.137,0.127,0.129,0.124,0.125,0.12,0.151,0.147,0.144,0.131,0.151,0.143,0.146,0.133,0.137,0.123,0.125,0.121,0.149,0.143,0.146,0.133,0.145,0.143,0.145,0.138,0.137,0.123,0.128,0.123,0.163,0.149,0.147,0.108,0.151,0.149,0.141,0.141,0.136,0.123,0.129,0.126,0.148,0.144,0.141,0.105,0.147,0.144,0.138,0.136,0.14,0.122,0.129,0.124,0.15,0.151,0.151,0.109,0.15,0.108,0.139,0.148,0.149,0.118,0.151,0.152,0.15,0.084,0.09,0.148,0.154,0.116,0.115,0.143,0.143,0.139,0.141,0.139,0.141,0.082,0.084
49:30:03,23.8,0.085,0.086,0.087,0.087,0.088,0.085,0.086,0.085,0.092,0.09,0.087,0.085,0.142,0.145,0.143,0.137,0.127,0.129,0.124,0.125,0.121,0.151,0.148,0.144,0.131,0.151,0.143,0.146,0.133,0.137,0.123,0.125,0.121,0.149,0.144,0.146,0.133,0.145,0.143,0.145,0.138,0.138,0.123,0.128,0.123,0.163,0.149,0.147,0.108,0.151,0.149,0.141,0.141,0.136,0.123,0.129,0.126,0.148,0.144,0.142,0.105,0.147,0.145,0.138,0.136,0.14,0.122,0.13,0.124,0.15,0.151,0.151,0.109,0.15,0.108,0.139,0.148,0.149,0.118,0.151,0.152,0.15,0.084,0.09,0.148,0.154,0.116,0.115,0.143,0.143,0.139,0.14,0.139,0.141,0.082,0.084
49:40:03,23.8,0.085,0.086,0.087,0.087,0.088,0.085,0.086,0.085,0.092,0.09,0.087,0.085,0.142,0.145,0.143,0.137,0.127,0.129,0.124,0.125,0.12,0.151,0.148,0.144,0.131,0.151,0.143,0.146,0.133,0.137,0.123,0.125,0.121,0.149,0.144,0.146,0.133,0.145,0.143,0.145,0.138,0.138,0.123,0.128,0.123,0.163,0.149,0.147,0.109,0.151,0.149,0.141,0.141,0.136,0.123,0.129,0.126,0.148,0.145,0.142,0.105,0.147,0.145,0.138,0.136,0.14,0.122,0.13,0.125,0.15,0.152,0.151,0.109,0.15,0.108,0.139,0.148,0.149,0.118,0.151,0.152,0.15,0.084,0.09,0.148,0.154,0.116,0.115,0.143,0.143,0.139,0.141,0.139,0.141,0.082,0.084
49:50:03,23.8,0.085,0.086,0.087,0.087,0.088,0.085,0.086,0.085,0.092,0.09,0.087,0.085,0.142,0.145,0.143,0.137,0.127,0.129,0.124,0.125,0.12,0.151,0.148,0.144,0.131,0.151,0.143,0.146,0.133,0.137,0.123,0.125,0.121,0.149,0.144,0.146,0.133,0.145,0.143,0.145,0.138,0.138,0.123,0.128,0.123,0.163,0.149,0.147,0.108,0.151,0.149,0.141,0.141,0.136,0.123,0.129,0.125,0.148,0.144,0.142,0.105,0.146,0.145,0.138,0.136,0.14,0.122,0.129,0.124,0.15,0.152,0.151,0.109,0.15,0.108,0.139,0.148,0.149,0.118,0.151,0.152,0.15,0.084,0.09,0.149,0.154,0.116,0.115,0.143,0.143,0.138,0.141,0.139,0.141,0.082,0.084
50:00:03,23.8,0.085,0.086,0.087,0.087,0.088,0.085,0.086,0.085,0.092,0.09,0.087,0.085,0.142,0.145,0.143,0.137,0.127,0.129,0.124,0.125,0.12,0.151,0.147,0.144,0.131,0.151,0.143,0.146,0.133,0.137,0.123,0.125,0.121,0.149,0.144,0.146,0.133,0.145,0.143,0.145,0.138,0.138,0.123,0.128,0.123,0.163,0.149,0.147,0.108,0.151,0.149,0.141,0.141,0.136,0.123,0.129,0.125,0.148,0.144,0.142,0.105,0.146,0.144,0.138,0.136,0.14,0.121,0.129,0.125,0.15,0.151,0.152,0.109,0.15,0.108,0.139,0.148,0.149,0.117,0.151,0.152,0.15,0.084,0.09,0.148,0.154,0.116,0.115,0.143,0.143,0.138,0.141,0.139,0.141,0.082,0.084
50:10:03,23.8,0.085,0.086,0.087,0.087,0.088,0.085,0.086,0.085,0.092,0.09,0.087,0.085,0.142,0.145,0.143,0.137,0.127,0.129,0.124,0.125,0.12,0.151,0.147,0.144,0.131,0.151,0.143,0.146,0.133,0.138,0.123,0.125,0.121,0.149,0.144,0.147,0.133,0.145,0.143,0.145,0.138,0.138,0.123,0.128,0.123,0.163,0.149,0.147,0.108,0.151,0.149,0.141,0.141,0.136,0.123,0.129,0.126,0.148,0.144,0.142,0.105,0.146,0.144,0.138,0.137,0.14,0.122,0.129,0.125,0.15,0.152,0.151,0.109,0.15,0.108,0.139,0.148,0.149,0.118,0.151,0.152,0.15,0.084,0.09,0.148,0.154,0.116,0.115,0.143,0.143,0.138,0.141,0.139,0.141,0.082,0.084
50:20:03,23.8,0.085,0.086,0.087,0.087,0.088,0.085,0.086,0.085,0.092,0.09,0.087,0.085,0.142,0.145,0.143,0.137,0.127,0.129,0.124,0.125,0.12,0.151,0.148,0.144,0.131,0.151,0.143,0.146,0.133,0.138,0.123,0.125,0.121,0.149,0.144,0.146,0.133,0.145,0.143,0.145,0.138,0.138,0.123,0.128,0.123,0.163,0.149,0.147,0.108,0.151,0.149,0.141,0.141,0.136,0.123,0.129,0.126,0.148,0.144,0.142,0.105,0.146,0.144,0.138,0.137,0.14,0.122,0.13,0.125,0.15,0.152,0.151,0.109,0.15,0.108,0.139,0.148,0.149,0.118,0.151,0.152,0.15,0.084,0.09,0.149,0.154,0.116,0.115,0.143,0.143,0.138,0.14,0.139,0.141,0.082,0.084
50:30:03,23.8,0.085,0.086,0.087,0.087,0.088,0.085,0.086,0.085,0.092,0.09,0.087,0.085,0.142,0.145,0.143,0.137,0.127,0.129,0.124,0.125,0.12,0.151,0.148,0.144,0.131,0.151,0.143,0.147,0.134,0.138,0.123,0.125,0.121,0.149,0.144,0.147,0.133,0.145,0.143,0.146,0.138,0.138,0.123,0.128,0.123,0.163,0.149,0.147,0.108,0.151,0.149,0.141,0.141,0.136,0.123,0.129,0.125,0.148,0.144,0.142,0.105,0.146,0.144,0.139,0.137,0.14,0.122,0.129,0.125,0.15,0.152,0.151,0.109,0.15,0.108,0.139,0.148,0.149,0.118,0.151,0.152,0.15,0.084,0.09,0.149,0.154,0.116,0.115,0.142,0.143,0.138,0.141,0.139,0.141,0.082,0.084
50:40:03,23.8,0.085,0.086,0.087,0.087,0.088,0.085,0.086,0.085,0.092,0.09,0.087,0.085,0.142,0.145,0.143,0.137,0.127,0.129,0.124,0.125,0.12,0.151,0.148,0.144,0.131,0.151,0.143,0.147,0.134,0.138,0.123,0.125,0.121,0.149,0.144,0.147,0.133,0.145,0.143,0.146,0.138,0.138,0.123,0.128,0.123,0.163,0.149,0.147,0.108,0.151,0.149,0.141,0.141,0.136,0.123,0.129,0.126,0.148,0.144,0.142,0.105,0.146,0.144,0.139,0.137,0.141,0.122,0.129,0.124,0.15,0.152,0.152,0.109,0.15,0.108,0.139,0.147,0.149,0.118,0.151,0.152,0.15,0.084,0.09,0.149,0.154,0.116,0.115,0.143,0.143,0.138,0.14,0.139,0.141,0.082,0.084
50:50:03,23.8,0.085,0.086,0.087,0.087,0.088,0.085,0.086,0.085,0.092,0.09,0.087,0.085,0.142,0.145,0.143,0.137,0.128,0.129,0.124,0.125,0.12,0.151,0.148,0.144,0.131,0.151,0.143,0.147,0.134,0.138,0.123,0.125,0.121,0.149,0.144,0.147,0.133,0.145,0.143,0.146,0.139,0.138,0.123,0.128,0.123,0.163,0.149,0.147,0.108,0.151,0.149,0.141,0.141,0.136,0.123,0.129,0.126,0.148,0.144,0.142,0.105,0.146,0.144,0.139,0.137,0.141,0.122,0.129,0.125,0.15,0.151,0.152,0.109,0.15,0.108,0.139,0.148,0.149,0.118,0.151,0.152,0.15,0.084,0.09,0.149,0.154,0.116,0.115,0.142,0.143,0.138,0.141,0.139,0.141,0.082,0.084
51:00:03,23.8,0.085,0.086,0.087,0.087,0.088,0.085,0.086,0.085,0.092,0.09,0.087,0.085,0.142,0.145,0.143,0.137,0.128,0.13,0.124,0.125,0.12,0.151,0.148,0.144,0.131,0.151,0.143,0.147,0.134,0.138,0.123,0.125,0.121,0.149,0.144,0.147,0.132,0.145,0.143,0.146,0.139,0.138,0.123,0.128,0.123,0.164,0.149,0.147,0.108,0.151,0.149,0.141,0.142,0.136,0.123,0.129,0.125,0.148,0.144,0.142,0.105,0.146,0.144,0.139,0.137,0.141,0.122,0.129,0.124,0.15,0.152,0.152,0.109,0.15,0.108,0.139,0.147,0.148,0.118,0.151,0.152,0.15,0.084,0.09,0.149,0.154,0.116,0.115,0.143,0.143,0.138,0.141,0.139,0.141,0.082,0.084
51:10:03,23.8,0.085,0.086,0.087,0.087,0.088,0.085,0.086,0.085,0.092,0.09,0.087,0.085,0.142,0.145,0.143,0.137,0.128,0.129,0.124,0.125,0.12,0.151,0.148,0.144,0.131,0.151,0.144,0.147,0.134,0.138,0.123,0.125,0.121,0.149,0.144,0.147,0.132,0.145,0.143,0.146,0.139,0.139,0.123,0.128,0.123,0.163,0.149,0.147,0.108,0.151,0.149,0.141,0.142,0.136,0.123,0.129,0.126,0.148,0.144,0.142,0.105,0.146,0.145,0.139,0.137,0.141,0.121,0.129,0.125,0.15,0.152,0.151,0.109,0.15,0.108,0.139,0.147,0.148,0.118,0.151,0.152,0.15,0.084,0.09,0.149,0.154,0.116,0.115,0.142,0.143,0.138,0.14,0.139,0.141,0.082,0.084
51:20:03,23.8,0.085,0.086,0.087,0.087,0.088,0.085,0.086,0.085,0.092,0.09,0.087,0.085,0.142,0.145,0.143,0.137,0.128,0.13,0.124,0.125,0.12,0.151,0.148,0.144,0.131,0.151,0.143,0.147,0.134,0.138,0.123,0.125,0.121,0.149,0.144,0.147,0.133,0.145,0.143,0.146,0.139,0.138,0.123,0.128,0.123,0.163,0.15,0.147,0.108,0.151,0.149,0.141,0.142,0.136,0.123,0.129,0.125,0.148,0.144,0.142,0.105,0.146,0.144,0.139,0.137,0.141,0.121,0.129,0.124,0.15,0.152,0.151,0.109,0.15,0.108,0.139,0.147,0.148,0.118,0.151,0.152,0.15,0.084,0.09,0.149,0.154,0.116,0.115,0.142,0.143,0.138,0.14,0.139,0.141,0.082,0.084
51:30:03,23.8,0.085,0.086,0.087,0.087,0.088,0.085,0.086,0.085,0.092,0.09,0.086,0.085,0.142,0.145,0.143,0.137,0.128,0.13,0.124,0.124,0.12,0.151,0.148,0.144,0.131,0.151,0.143,0.147,0.134,0.138,0.123,0.125,0.12,0.149,0.144,0.147,0.133,0.145,0.143,0.146,0.139,0.138,0.123,0.128,0.123,0.164,0.149,0.147,0.108,0.151,0.149,0.141,0.142,0.136,0.123,0.129,0.125,0.148,0.144,0.142,0.105,0.146,0.144,0.139,0.137,0.141,0.121,0.129,0.124,0.15,0.152,0.151,0.109,0.15,0.108,0.139,0.147,0.148,0.118,0.151,0.152,0.15,0.084,0.09,0.149,0.154,0.116,0.115,0.143,0.143,0.138,0.14,0.139,0.141,0.082,0.084
51:40:03,23.8,0.085,0.086,0.087,0.087,0.088,0.085,0.086,0.085,0.092,0.09,0.086,0.085,0.142,0.145,0.143,0.138,0.128,0.13,0.124,0.125,0.12,0.151,0.148,0.144,0.131,0.151,0.143,0.147,0.134,0.138,0.123,0.125,0.12,0.149,0.144,0.147,0.133,0.145,0.143,0.147,0.139,0.138,0.123,0.128,0.123,0.163,0.149,0.147,0.108,0.15,0.149,0.141,0.142,0.136,0.123,0.129,0.125,0.148,0.144,0.142,0.105,0.146,0.144,0.139,0.137,0.141,0.121,0.129,0.125,0.15,0.151,0.151,0.109,0.15,0.108,0.139,0.147,0.148,0.118,0.151,0.152,0.15,0.084,0.09,0.149,0.154,0.115,0.115,0.142,0.142,0.138,0.14,0.139,0.141,0.082,0.084
51:50:03,23.8,0.085,0.086,0.087,0.087,0.088,0.085,0.086,0.085,0.092,0.09,0.086,0.085,0.142,0.145,0.143,0.138,0.128,0.13,0.124,0.125,0.12,0.151,0.148,0.144,0.131,0.15,0.143,0.148,0.134,0.138,0.123,0.125,0.121,0.149,0.144,0.147,0.133,0.145,0.143,0.147,0.139,0.138,0.123,0.128,0.123,0.163,0.149,0.147,0.108,0.15,0.149,0.141,0.142,0.136,0.123,0.129,0.125,0.148,0.144,0.142,0.105,0.146,0.145,0.139,0.137,0.141,0.121,0.129,0.125,0.15,0.152,0.152,0.109,0.15,0.108,0.139,0.147,0.148,0.118,0.151,0.152,0.15,0.084,0.09,0.149,0.154,0.115,0.115,0.142,0.142,0.138,0.14,0.139,0.141,0.082,0.084
52:00:03,23.8,0.085,0.086,0.087,0.087,0.088,0.085,0.086,0.085,0.092,0.09,0.087,0.085,0.142,0.144,0.143,0.138,0.128,0.13,0.124,0.125,0.12,0.151,0.148,0.144,0.131,0.151,0.143,0.148,0.134,0.138,0.123,0.125,0.121,0.149,0.144,0.147,0.133,0.145,0.143,0.147,0.139,0.139,0.122,0.128,0.123,0.163,0.15,0.147,0.108,0.151,0.149,0.141,0.142,0.136,0.123,0.129,0.125,0.148,0.144,0.142,0.105,0.146,0.144,0.139,0.137,0.141,0.121,0.129,0.125,0.15,0.152,0.151,0.109,0.15,0.108,0.14,0.147,0.148,0.118,0.151,0.152,0.15,0.084,0.09,0.149,0.154,0.115,0.115,0.142,0.143,0.138,0.141,0.139,0.141,0.082,0.084
52:10:03,23.7,0.085,0.086,0.087,0.087,0.088,0.085,0.086,0.085,0.092,0.09,0.087,0.085,0.142,0.144,0.143,0.138,0.128,0.13,0.124,0.124,0.12,0.151,0.148,0.144,0.131,0.151,0.143,0.148,0.134,0.138,0.123,0.125,0.121,0.15,0.144,0.147,0.133,0.145,0.143,0.147,0.139,0.139,0.122,0.128,0.123,0.163,0.149,0.147,0.108,0.15,0.149,0.141,0.142,0.136,0.123,0.129,0.126,0.148,0.144,0.142,0.105,0.146,0.145,0.139,0.138,0.141,0.121,0.129,0.125,0.15,0.152,0.152,0.109,0.15,0.108,0.14,0.147,0.149,0.118,0.151,0.152,0.15,0.084,0.09,0.149,0.154,0.115,0.115,0.142,0.142,0.138,0.14,0.139,0.141,0.082,0.084
52:20:03,23.7,0.085,0.086,0.087,0.087,0.088,0.085,0.086,0.085,0.092,0.09,0.087,0.085,0.142,0.145,0.143,0.138,0.128,0.13,0.124,0.125,0.12,0.151,0.148,0.144,0.131,0.151,0.143,0.148,0.134,0.138,0.122,0.125,0.121,0.15,0.144,0.147,0.133,0.145,0.143,0.147,0.139,0.139,0.122,0.128,0.123,0.164,0.15,0.147,0.108,0.15,0.149,0.141,0.142,0.136,0.123,0.129,0.126,0.148,0.144,0.142,0.105,0.146,0.145,0.139,0.138,0.141,0.121,0.129,0.125,0.15,0.152,0.152,0.109,0.151,0.108,0.14,0.147,0.149,0.118,0.151,0.152,0.15,0.084,0.09,0.149,0.154,0.115,0.115,0.142,0.143,0.138,0.14,0.139,0.141,0.082,0.084
52:30:03,23.7,0.085,0.086,0.087,0.087,0.088,0.085,0.086,0.085,0.092,0.09,0.087,0.085,0.142,0.144,0.143,0.138,0.128,0.13,0.124,0.124,0.12,0.151,0.148,0.144,0.131,0.151,0.143,0.148,0.135,0.138,0.123,0.125,0.121,0.15,0.144,0.147,0.132,0.145,0.143,0.147,0.139,0.139,0.123,0.128,0.123,0.164,0.15,0.147,0.108,0.15,0.149,0.141,0.142,0.136,0.123,0.129,0.126,0.148,0.144,0.142,0.105,0.146,0.145,0.139,0.138,0.141,0.121,0.129,0.124,0.15,0.152,0.152,0.109,0.151,0.108,0.14,0.147,0.149,0.118,0.151,0.152,0.15,0.084,0.09,0.149,0.154,0.115,0.115,0.142,0.142,0.138,0.14,0.139,0.141,0.082,0.084
52:40:03,23.7,0.085,0.086,0.087,0.087,0.088,0.085,0.086,0.085,0.092,0.09,0.086,0.085,0.142,0.144,0.143,0.138,0.128,0.13,0.124,0.124,0.12,0.151,0.148,0.144,0.131,0.151,0.144,0.148,0.135,0.138,0.123,0.125,0.121,0.15,0.144,0.147,0.132,0.145,0.143,0.147,0.139,0.139,0.122,0.128,0.123,0.164,0.15,0.147,0.108,0.15,0.149,0.141,0.142,0.136,0.123,0.129,0.125,0.148,0.144,0.142,0.105,0.146,0.144,0.139,0.137,0.141,0.121,0.129,0.124,0.15,0.152,0.152,0.109,0.15,0.108,0.14,0.147,0.149,0.118,0.151,0.152,0.15,0.084,0.09,0.149,0.154,0.115,0.115,0.142,0.142,0.138,0.14,0.139,0.141,0.082,0.084
52:50:03,23.7,0.085,0.086,0.087,0.087,0.088,0.085,0.086,0.085,0.092,0.09,0.087,0.085,0.142,0.144,0.143,0.138,0.128,0.131,0.124,0.124,0.12,0.151,0.148,0.144,0.131,0.151,0.144,0.148,0.135,0.138,0.122,0.125,0.121,0.15,0.144,0.147,0.132,0.145,0.143,0.147,0.139,0.139,0.122,0.128,0.123,0.164,0.15,0.147,0.108,0.15,0.149,0.142,0.143,0.136,0.123,0.129,0.126,0.148,0.144,0.142,0.105,0.146,0.145,0.139,0.137,0.142,0.121,0.129,0.124,0.15,0.152,0.152,0.109,0.15,0.108,0.14,0.147,0.149,0.118,0.151,0.152,0.15,0.084,0.09,0.149,0.154,0.115,0.115,0.142,0.142,0.138,0.14,0.139,0.141,0.082,0.084
53:00:03,23.7,0.085,0.086,0.087,0.087,0.088,0.085,0.086,0.085,0.092,0.09,0.087,0.085,0.142,0.144,0.143,0.138,0.128,0.131,0.124,0.124,0.12,0.151,0.148,0.145,0.131,0.15,0.143,0.148,0.135,0.138,0.122,0.125,0.121,0.15,0.144,0.147,0.132,0.145,0.143,0.147,0.139,0.139,0.122,0.128,0.123,0.164,0.149,0.147,0.108,0.15,0.149,0.142,0.143,0.137,0.123,0.129,0.126,0.148,0.145,0.142,0.105,0.146,0.145,0.139,0.137,0.142,0.121,0.129,0.124,0.15,0.152,0.152,0.109,0.15,0.108,0.14,0.147,0.149,0.118,0.151,0.152,0.15,0.084,0.09,0.149,0.154,0.115,0.115,0.142,0.142,0.137,0.14,0.139,0.141,0.082,0.084
53:10:03,23.7,0.085,0.086,0.087,0.086,0.088,0.085,0.086,0.085,0.092,0.09,0.086,0.085,0.142,0.144,0.143,0.138,0.128,0.131,0.124,0.124,0.12,0.151,0.148,0.144,0.131,0.15,0.143,0.148,0.135,0.138,0.122,0.125,0.12,0.15,0.144,0.147,0.133,0.144,0.143,0.147,0.139,0.139,0.122,0.128,0.123,0.164,0.15,0.147,0.108,0.15,0.149,0.142,0.143,0.136,0.123,0.129,0.125,0.148,0.145,0.142,0.105,0.146,0.144,0.139,0.138,0.142,0.121,0.129,0.124,0.15,0.152,0.152,0.109,0.151,0.108,0.14,0.147,0.149,0.118,0.151,0.152,0.15,0.084,0.09,0.149,0.154,0.115,0.114,0.142,0.142,0.137,0.14,0.139,0.14,0.082,0.084
53:20:03,23.7,0.085,0.086,0.087,0.087,0.088,0.085,0.086,0.085,0.092,0.09,0.087,0.085,0.143,0.144,0.143,0.138,0.128,0.131,0.124,0.124,0.12,0.151,0.148,0.144,0.131,0.15,0.144,0.148,0.135,0.138,0.122,0.125,0.12,0.15,0.144,0.147,0.132,0.144,0.143,0.147,0.14,0.139,0.122,0.128,0.123,0.164,0.15,0.147,0.108,0.15,0.149,0.142,0.143,0.137,0.123,0.129,0.125,0.148,0.144,0.142,0.105,0.146,0.145,0.139,0.138,0.142,0.121,0.129,0.125,0.15,0.152,0.151,0.109,0.151,0.108,0.14,0.147,0.149,0.118,0.151,0.152,0.15,0.084,0.09,0.149,0.155,0.115,0.114,0.142,0.142,0.138,0.141,0.139,0.141,0.082,0.084
53:30:03,23.8,0.085,0.086,0.087,0.087,0.088,0.085,0.086,0.085,0.092,0.09,0.087,0.085,0.142,0.145,0.143,0.138,0.128,0.131,0.124,0.124,0.12,0.151,0.148,0.145,0.131,0.15,0.144,0.149,0.135,0.139,0.122,0.125,0.12,0.15,0.144,0.147,0.132,0.144,0.143,0.147,0.14,0.139,0.122,0.128,0.123,0.164,0.15,0.147,0.108,0.15,0.149,0.142,0.143,0.137,0.123,0.129,0.125,0.148,0.145,0.142,0.105,0.146,0.145,0.139,0.138,0.142,0.121,0.129,0.125,0.15,0.152,0.152,0.109,0.15,0.108,0.14,0.147,0.149,0.118,0.151,0.152,0.15,0.084,0.09,0.149,0.154,0.115,0.114,0.142,0.142,0.137,0.14,0.139,0.141,0.082,0.084
53:40:03,23.8,0.085,0.086,0.087,0.087,0.088,0.085,0.086,0.085,0.092,0.09,0.087,0.085,0.142,0.144,0.143,0.139,0.129,0.131,0.124,0.124,0.12,0.151,0.148,0.144,0.131,0.15,0.144,0.149,0.135,0.139,0.122,0.125,0.12,0.15,0.144,0.147,0.132,0.145,0.143,0.147,0.14,0.139,0.122,0.128,0.123,0.164,0.15,0.147,0.108,0.15,0.149,0.142,0.143,0.137,0.123,0.129,0.125,0.148,0.144,0.142,0.105,0.146,0.145,0.139,0.138,0.142,0.121,0.129,0.125,0.15,0.152,0.152,0.109,0.15,0.107,0.14,0.147,0.149,0.118,0.151,0.152,0.15,0.084,0.09,0.149,0.155,0.115,0.114,0.142,0.142,0.137,0.14,0.139,0.141,0.082,0.084
53:50:03,23.8,0.085,0.086,0.087,0.087,0.088,0.085,0.086,0.085,0.092,0.09,0.087,0.085,0.142,0.144,0.143,0.139,0.129,0.131,0.124,0.124,0.12,0.151,0.148,0.145,0.131,0.15,0.144,0.149,0.136,0.139,0.122,0.125,0.121,0.15,0.144,0.147,0.132,0.144,0.143,0.147,0.14,0.139,0.122,0.128,0.123,0.164,0.15,0.147,0.108,0.15,0.149,0.142,0.143,0.136,0.123,0.129,0.125,0.148,0.145,0.142,0.105,0.146,0.145,0.14,0.138,0.142,0.121,0.129,0.124,0.15,0.152,0.152,0.109,0.15,0.108,0.14,0.147,0.149,0.118,0.151,0.152,0.15,0.084,0.09,0.149,0.155,0.115,0.114,0.142,0.142,0.137,0.14,0.139,0.141,0.082,0.084
54:00:03,23.8,0.085,0.086,0.087,0.087,0.088,0.085,0.086,0.085,0.092,0.09,0.087,0.085,0.142,0.144,0.143,0.139,0.129,0.132,0.124,0.124,0.12,0.151,0.148,0.145,0.131,0.15,0.144,0.149,0.136,0.139,0.122,0.125,0.121,0.15,0.144,0.147,0.132,0.145,0.143,0.147,0.14,0.139,0.122,0.128,0.123,0.164,0.15,0.147,0.108,0.15,0.149,0.142,0.143,0.137,0.122,0.129,0.125,0.148,0.145,0.142,0.105,0.145,0.144,0.14,0.138,0.142,0.121,0.129,0.125,0.15,0.152,0.152,0.109,0.151,0.107,0.14,0.147,0.149,0.118,0.151,0.152,0.15,0.084,0.09,0.149,0.154,0.115,0.114,0.142,0.142,0.137,0.14,0.139,0.141,0.082,0.084
54:10:03,23.8,0.085,0.086,0.087,0.087,0.088,0.085,0.086,0.085,0.092,0.09,0.087,0.085,0.142,0.144,0.143,0.139,0.129,0.132,0.124,0.124,0.12,0.151,0.148,0.145,0.131,0.15,0.144,0.149,0.136,0.139,0.122,0.125,0.12,0.15,0.144,0.147,0.132,0.145,0.143,0.147,0.14,0.139,0.122,0.128,0.123,0.164,0.15,0.147,0.108,0.15,0.149,0.142,0.143,0.137,0.123,0.129,0.125,0.148,0.144,0.142,0.105,0.146,0.145,0.14,0.138,0.142,0.121,0.129,0.125,0.15,0.152,0.152,0.109,0.151,0.107,0.14,0.147,0.148,0.118,0.151,0.152,0.15,0.084,0.09,0.149,0.154,0.115,0.114,0.142,0.142,0.137,0.14,0.139,0.141,0.082,0.084
54:20:03,23.8,0.085,0.086,0.087,0.087,0.088,0.085,0.086,0.085,0.092,0.09,0.087,0.085,0.143,0.144,0.143,0.139,0.129,0.132,0.124,0.124,0.12,0.151,0.148,0.145,0.131,0.15,0.144,0.149,0.136,0.139,0.122,0.125,0.12,0.15,0.144,0.147,0.132,0.144,0.143,0.147,0.14,0.139,0.122,0.128,0.123,0.164,0.15,0.147,0.108,0.15,0.149,0.142,0.143,0.137,0.122,0.129,0.125,0.148,0.145,0.142,0.105,0.145,0.145,0.139,0.138,0.142,0.121,0.129,0.124,0.15,0.152,0.152,0.108,0.15,0.107,0.14,0.147,0.148,0.117,0.151,0.152,0.15,0.084,0.09,0.149,0.155,0.115,0.114,0.142,0.142,0.137,0.14,0.139,0.141,0.082,0.084
54:30:03,23.7,0.085,0.086,0.087,0.087,0.088,0.085,0.086,0.085,0.092,0.09,0.087,0.085,0.143,0.145,0.143,0.139,0.129,0.132,0.124,0.124,0.12,0.151,0.148,0.144,0.131,0.15,0.144,0.149,0.136,0.139,0.122,0.125,0.12,0.15,0.144,0.147,0.132,0.144,0.143,0.148,0.141,0.139,0.122,0.128,0.123,0.164,0.15,0.147,0.108,0.15,0.149,0.142,0.143,0.137,0.122,0.129,0.125,0.148,0.145,0.142,0.105,0.145,0.144,0.14,0.138,0.142,0.121,0.129,0.125,0.15,0.152,0.152,0.108,0.151,0.107,0.14,0.147,0.148,0.118,0.151,0.152,0.15,0.084,0.09,0.149,0.154,0.115,0.114,0.142,0.142,0.137,0.14,0.139,0.141,0.083,0.084
54:40:03,23.7,0.085,0.086,0.087,0.087,0.088,0.085,0.086,0.085,0.092,0.09,0.087,0.085,0.143,0.144,0.143,0.139,0.129,0.132,0.124,0.124,0.12,0.151,0.148,0.145,0.131,0.15,0.144,0.149,0.136,0.139,0.122,0.125,0.12,0.15,0.144,0.147,0.132,0.144,0.143,0.148,0.14,0.139,0.122,0.128,0.123,0.164,0.15,0.147,0.108,0.15,0.149,0.143,0.143,0.137,0.122,0.129,0.125,0.148,0.145,0.142,0.105,0.145,0.145,0.14,0.138,0.142,0.121,0.129,0.125,0.15,0.152,0.152,0.108,0.151,0.107,0.14,0.147,0.148,0.118,0.151,0.152,0.15,0.084,0.09,0.149,0.154,0.115,0.114,0.142,0.142,0.137,0.14,0.139,0.141,0.082,0.084
54:50:03,23.6,0.085,0.086,0.087,0.087,0.088,0.085,0.086,0.085,0.092,0.09,0.087,0.085,0.143,0.144,0.143,0.14,0.129,0.132,0.124,0.124,0.12,0.152,0.148,0.145,0.131,0.15,0.144,0.149,0.136,0.139,0.122,0.125,0.12,0.15,0.144,0.147,0.132,0.144,0.143,0.148,0.14,0.139,0.122,0.128,0.123,0.164,0.15,0.147,0.108,0.15,0.149,0.143,0.143,0.137,0.123,0.129,0.125,0.148,0.145,0.142,0.105,0.145,0.145,0.14,0.138,0.142,0.121,0.129,0.125,0.15,0.152,0.152,0.108,0.151,0.107,0.14,0.147,0.148,0.118,0.151,0.152,0.15,0.084,0.09,0.149,0.155,0.115,0.114,0.142,0.142,0.137,0.14,0.139,0.14,0.082,0.084
55:00:03,23.5,0.085,0.086,0.087,0.087,0.088,0.085,0.086,0.085,0.092,0.09,0.087,0.085,0.143,0.144,0.143,0.14,0.129,0.132,0.124,0.124,0.12,0.152,0.148,0.144,0.131,0.15,0.144,0.149,0.136,0.139,0.122,0.124,0.12,0.15,0.144,0.147,0.132,0.144,0.143,0.148,0.14,0.139,0.122,0.128,0.123,0.164,0.15,0.148,0.108,0.15,0.149,0.143,0.143,0.137,0.122,0.129,0.125,0.149,0.145,0.142,0.105,0.145,0.145,0.14,0.138,0.142,0.121,0.129,0.125,0.15,0.152,0.152,0.108,0.151,0.107,0.14,0.147,0.148,0.118,0.151,0.152,0.15,0.084,0.09,0.149,0.155,0.115,0.114,0.142,0.142,0.137,0.14,0.139,0.141,0.082,0.084
55:10:03,23.2,0.085,0.086,0.087,0.087,0.088,0.085,0.086,0.085,0.092,0.09,0.087,0.086,0.142,0.144,0.143,0.14,0.129,0.132,0.124,0.124,0.12,0.152,0.148,0.144,0.131,0.15,0.144,0.149,0.136,0.139,0.122,0.125,0.12,0.15,0.144,0.147,0.133,0.144,0.143,0.148,0.141,0.139,0.122,0.128,0.123,0.164,0.15,0.148,0.108,0.15,0.149,0.143,0.143,0.137,0.122,0.129,0.125,0.149,0.144,0.142,0.105,0.145,0.145,0.14,0.138,0.143,0.121,0.129,0.125,0.15,0.152,0.152,0.108,0.151,0.107,0.14,0.147,0.149,0.118,0.151,0.152,0.15,0.084,0.09,0.149,0.155,0.115,0.114,0.142,0.142,0.137,0.14,0.139,0.14,0.082,0.084
55:20:03,23.1,0.085,0.086,0.087,0.087,0.088,0.085,0.086,0.085,0.092,0.09,0.087,0.086,0.142,0.144,0.143,0.14,0.129,0.132,0.123,0.124,0.12,0.151,0.147,0.144,0.131,0.15,0.144,0.149,0.136,0.139,0.122,0.125,0.12,0.15,0.144,0.147,0.133,0.144,0.143,0.148,0.141,0.139,0.122,0.128,0.123,0.164,0.149,0.147,0.108,0.15,0.149,0.143,0.143,0.137,0.122,0.129,0.125,0.149,0.144,0.142,0.105,0.146,0.145,0.14,0.138,0.143,0.121,0.129,0.124,0.15,0.151,0.152,0.108,0.151,0.107,0.14,0.147,0.149,0.118,0.151,0.152,0.15,0.084,0.09,0.15,0.155,0.115,0.114,0.142,0.142,0.137,0.14,0.139,0.14,0.082,0.084
55:30:03,23.1,0.085,0.086,0.087,0.087,0.088,0.085,0.086,0.085,0.092,0.09,0.087,0.086,0.142,0.144,0.143,0.14,0.129,0.132,0.123,0.124,0.12,0.15,0.148,0.144,0.131,0.15,0.144,0.149,0.136,0.139,0.122,0.125,0.12,0.15,0.143,0.147,0.134,0.145,0.143,0.148,0.141,0.139,0.122,0.128,0.123,0.164,0.149,0.147,0.108,0.15,0.149,0.143,0.143,0.137,0.122,0.129,0.125,0.148,0.143,0.142,0.105,0.146,0.145,0.14,0.138,0.143,0.121,0.129,0.125,0.15,0.151,0.152,0.108,0.151,0.107,0.141,0.147,0.15,0.118,0.151,0.152,0.15,0.084,0.09,0.15,0.155,0.115,0.114,0.142,0.142,0.137,0.139,0.139,0.14,0.082,0.084
55:40:03,23,0.085,0.086,0.087,0.087,0.088,0.085,0.086,0.085,0.092,0.09,0.087,0.086,0.143,0.144,0.143,0.14,0.129,0.132,0.123,0.124,0.12,0.15,0.148,0.144,0.131,0.15,0.144,0.149,0.136,0.139,0.122,0.125,0.12,0.15,0.143,0.147,0.134,0.145,0.143,0.148,0.141,0.139,0.122,0.128,0.123,0.163,0.149,0.148,0.108,0.15,0.15,0.143,0.143,0.137,0.122,0.129,0.125,0.148,0.143,0.142,0.105,0.146,0.145,0.14,0.138,0.143,0.121,0.129,0.125,0.151,0.151,0.152,0.108,0.151,0.107,0.141,0.147,0.15,0.118,0.151,0.152,0.15,0.084,0.09,0.15,0.155,0.115,0.114,0.142,0.142,0.137,0.14,0.139,0.14,0.082,0.084
55:50:03,23,0.085,0.086,0.087,0.087,0.088,0.085,0.086,0.085,0.092,0.09,0.087,0.086,0.143,0.144,0.143,0.14,0.129,0.132,0.123,0.124,0.12,0.151,0.148,0.145,0.131,0.15,0.144,0.149,0.136,0.139,0.122,0.125,0.12,0.149,0.143,0.147,0.133,0.145,0.143,0.148,0.141,0.139,0.122,0.128,0.123,0.163,0.148,0.148,0.108,0.15,0.15,0.143,0.143,0.138,0.122,0.129,0.125,0.148,0.144,0.142,0.105,0.146,0.145,0.14,0.138,0.143,0.121,0.129,0.124,0.151,0.151,0.152,0.108,0.151,0.107,0.141,0.147,0.15,0.118,0.151,0.152,0.15,0.084,0.09,0.15,0.155,0.115,0.114,0.141,0.142,0.137,0.14,0.138,0.14,0.083,0.084
56:00:03,23,0.085,0.086,0.087,0.087,0.088,0.085,0.086,0.085,0.092,0.09,0.087,0.086,0.143,0.144,0.143,0.14,0.129,0.132,0.123,0.124,0.12,0.151,0.148,0.145,0.131,0.15,0.144,0.15,0.136,0.139,0.122,0.125,0.12,0.149,0.143,0.147,0.133,0.145,0.143,0.148,0.141,0.14,0.122,0.128,0.123,0.162,0.149,0.148,0.108,0.15,0.149,0.143,0.143,0.138,0.123,0.129,0.125,0.148,0.144,0.142,0.105,0.146,0.145,0.14,0.138,0.143,0.121,0.129,0.124,0.151,0.151,0.152,0.108,0.151,0.107,0.141,0.147,0.15,0.118,0.151,0.152,0.15,0.084,0.09,0.149,0.155,0.115,0.114,0.142,0.142,0.137,0.14,0.138,0.14,0.083,0.084
56:10:03,23,0.085,0.086,0.087,0.087,0.088,0.085,0.086,0.085,0.092,0.09,0.087,0.086,0.143,0.144,0.143,0.14,0.129,0.132,0.123,0.124,0.12,0.151,0.148,0.145,0.131,0.15,0.144,0.149,0.136,0.139,0.122,0.125,0.12,0.149,0.143,0.148,0.133,0.145,0.143,0.148,0.14,0.139,0.122,0.128,0.122,0.163,0.149,0.148,0.108,0.15,0.15,0.144,0.143,0.138,0.123,0.129,0.125,0.148,0.144,0.142,0.105,0.146,0.145,0.14,0.138,0.143,0.121,0.129,0.124,0.151,0.151,0.152,0.108,0.151,0.107,0.141,0.147,0.15,0.118,0.151,0.152,0.15,0.084,0.09,0.149,0.154,0.115,0.114,0.142,0.142,0.137,0.14,0.139,0.14,0.082,0.084
56:20:03,23.1,0.085,0.086,0.087,0.087,0.088,0.085,0.086,0.085,0.092,0.09,0.087,0.086,0.143,0.144,0.143,0.14,0.129,0.132,0.123,0.124,0.12,0.151,0.148,0.145,0.131,0.15,0.144,0.15,0.136,0.139,0.122,0.125,0.12,0.149,0.143,0.148,0.133,0.145,0.143,0.148,0.141,0.14,0.122,0.128,0.122,0.163,0.149,0.148,0.108,0.15,0.15,0.144,0.143,0.138,0.122,0.129,0.125,0.148,0.144,0.142,0.105,0.146,0.145,0.141,0.138,0.143,0.121,0.129,0.124,0.151,0.151,0.152,0.108,0.152,0.107,0.141,0.147,0.15,0.118,0.151,0.152,0.15,0.084,0.09,0.149,0.154,0.115,0.114,0.141,0.141,0.137,0.14,0.139,0.14,0.082,0.084
56:30:03,23,0.085,0.086,0.087,0.087,0.088,0.085,0.086,0.085,0.092,0.09,0.087,0.086,0.143,0.144,0.143,0.14,0.13,0.132,0.123,0.124,0.12,0.151,0.148,0.145,0.131,0.15,0.143,0.149,0.136,0.139,0.122,0.125,0.12,0.149,0.143,0.148,0.133,0.144,0.143,0.148,0.14,0.14,0.122,0.128,0.122,0.163,0.149,0.148,0.108,0.15,0.15,0.144,0.143,0.138,0.123,0.129,0.125,0.148,0.144,0.142,0.104,0.146,0.145,0.141,0.138,0.143,0.121,0.129,0.124,0.151,0.151,0.152,0.108,0.151,0.107,0.141,0.147,0.15,0.118,0.151,0.152,0.15,0.084,0.09,0.149,0.155,0.114,0.114,0.141,0.142,0.136,0.14,0.138,0.14,0.082,0.084
56:40:03,23,0.085,0.086,0.087,0.087,0.088,0.085,0.086,0.085,0.092,0.09,0.087,0.086,0.142,0.144,0.143,0.14,0.13,0.132,0.123,0.124,0.12,0.151,0.148,0.145,0.131,0.15,0.143,0.15,0.136,0.139,0.122,0.125,0.12,0.149,0.143,0.148,0.133,0.144,0.143,0.148,0.14,0.139,0.122,0.128,0.122,0.163,0.148,0.148,0.107,0.15,0.15,0.144,0.143,0.138,0.122,0.129,0.125,0.148,0.144,0.142,0.104,0.146,0.145,0.141,0.138,0.143,0.121,0.129,0.124,0.15,0.151,0.152,0.108,0.151,0.107,0.141,0.147,0.15,0.118,0.151,0.152,0.15,0.084,0.09,0.149,0.154,0.115,0.114,0.141,0.142,0.137,0.14,0.138,0.14,0.082,0.084
56:50:03,23,0.085,0.086,0.087,0.087,0.088,0.085,0.086,0.085,0.092,0.09,0.087,0.086,0.143,0.144,0.143,0.141,0.13,0.132,0.123,0.124,0.12,0.151,0.147,0.145,0.131,0.15,0.144,0.15,0.136,0.14,0.122,0.125,0.12,0.149,0.143,0.148,0.134,0.144,0.143,0.148,0.141,0.14,0.122,0.128,0.122,0.163,0.148,0.148,0.107,0.15,0.15,0.144,0.143,0.138,0.123,0.129,0.125,0.148,0.144,0.142,0.105,0.146,0.145,0.141,0.138,0.143,0.121,0.129,0.124,0.15,0.151,0.152,0.108,0.151,0.107,0.141,0.147,0.15,0.118,0.151,0.152,0.15,0.084,0.09,0.149,0.155,0.115,0.114,0.142,0.142,0.137,0.14,0.139,0.14,0.082,0.084
57:00:03,23,0.085,0.086,0.087,0.087,0.088,0.085,0.086,0.085,0.092,0.09,0.087,0.086,0.143,0.144,0.143,0.141,0.13,0.132,0.123,0.124,0.12,0.151,0.147,0.145,0.131,0.15,0.144,0.15,0.136,0.14,0.122,0.125,0.12,0.15,0.143,0.148,0.134,0.144,0.143,0.148,0.141,0.14,0.122,0.128,0.122,0.162,0.148,0.148,0.107,0.15,0.15,0.144,0.143,0.138,0.123,0.129,0.125,0.148,0.144,0.142,0.104,0.146,0.145,0.141,0.138,0.143,0.121,0.129,0.124,0.15,0.151,0.152,0.108,0.151,0.107,0.141,0.147,0.15,0.118,0.151,0.152,0.15,0.084,0.09,0.149,0.155,0.114,0.114,0.141,0.142,0.137,0.14,0.138,0.14,0.082,0.084
57:10:03,23.1,0.085,0.086,0.087,0.087,0.088,0.085,0.086,0.085,0.092,0.09,0.086,0.086,0.143,0.144,0.143,0.141,0.13,0.132,0.123,0.124,0.12,0.151,0.148,0.145,0.131,0.15,0.144,0.15,0.136,0.14,0.122,0.125,0.12,0.149,0.144,0.147,0.133,0.144,0.143,0.149,0.141,0.14,0.122,0.128,0.122,0.162,0.149,0.148,0.107,0.15,0.149,0.144,0.143,0.138,0.122,0.129,0.125,0.148,0.144,0.142,0.104,0.146,0.145,0.141,0.138,0.143,0.121,0.129,0.124,0.15,0.151,0.152,0.108,0.152,0.107,0.141,0.147,0.15,0.118,0.151,0.152,0.15,0.084,0.09,0.149,0.155,0.114,0.114,0.141,0.141,0.137,0.14,0.138,0.14,0.082,0.084
57:20:03,23.1,0.085,0.086,0.087,0.087,0.088,0.085,0.086,0.085,0.092,0.09,0.087,0.086,0.143,0.144,0.143,0.141,0.13,0.132,0.123,0.124,0.12,0.151,0.147,0.145,0.131,0.15,0.144,0.15,0.136,0.14,0.122,0.125,0.12,0.15,0.144,0.148,0.133,0.144,0.143,0.149,0.141,0.14,0.122,0.128,0.122,0.162,0.149,0.148,0.107,0.15,0.149,0.144,0.143,0.138,0.122,0.129,0.125,0.148,0.144,0.142,0.104,0.146,0.145,0.141,0.138,0.143,0.121,0.129,0.124,0.15,0.151,0.152,0.108,0.152,0.107,0.141,0.147,0.15,0.118,0.151,0.153,0.15,0.084,0.09,0.149,0.155,0.114,0.114,0.141,0.141,0.137,0.14,0.138,0.14,0.082,0.084
57:30:03,23.1,0.085,0.086,0.087,0.087,0.088,0.085,0.086,0.085,0.092,0.09,0.087,0.086,0.143,0.144,0.143,0.141,0.13,0.133,0.124,0.124,0.12,0.151,0.147,0.145,0.131,0.15,0.144,0.15,0.136,0.14,0.122,0.125,0.12,0.15,0.144,0.147,0.133,0.144,0.143,0.149,0.141,0.14,0.122,0.128,0.122,0.163,0.149,0.148,0.107,0.15,0.149,0.144,0.143,0.138,0.122,0.129,0.125,0.148,0.144,0.142,0.104,0.145,0.144,0.141,0.138,0.143,0.121,0.129,0.124,0.15,0.152,0.152,0.108,0.152,0.107,0.141,0.147,0.15,0.118,0.151,0.153,0.15,0.084,0.09,0.149,0.155,0.114,0.114,0.141,0.141,0.136,0.14,0.138,0.14,0.082,0.084
57:40:03,23,0.085,0.086,0.087,0.087,0.088,0.085,0.086,0.085,0.092,0.09,0.087,0.086,0.143,0.144,0.143,0.141,0.13,0.133,0.123,0.124,0.12,0.151,0.147,0.145,0.131,0.15,0.144,0.15,0.136,0.14,0.122,0.125,0.12,0.15,0.144,0.147,0.133,0.144,0.143,0.149,0.141,0.14,0.122,0.128,0.122,0.162,0.149,0.148,0.107,0.15,0.149,0.144,0.143,0.138,0.122,0.129,0.125,0.148,0.144,0.142,0.104,0.145,0.144,0.141,0.138,0.143,0.121,0.129,0.124,0.15,0.152,0.152,0.108,0.151,0.107,0.141,0.147,0.15,0.118,0.151,0.152,0.15,0.084,0.09,0.15,0.155,0.114,0.114,0.141,0.141,0.137,0.14,0.138,0.14,0.083,0.084
57:50:03,23.1,0.085,0.086,0.087,0.087,0.088,0.085,0.086,0.085,0.092,0.09,0.087,0.086,0.143,0.144,0.143,0.141,0.13,0.133,0.123,0.124,0.12,0.151,0.147,0.145,0.131,0.15,0.144,0.15,0.136,0.14,0.122,0.125,0.12,0.15,0.144,0.147,0.133,0.144,0.143,0.149,0.141,0.14,0.122,0.128,0.122,0.163,0.149,0.148,0.107,0.149,0.149,0.144,0.143,0.138,0.122,0.129,0.125,0.148,0.144,0.142,0.104,0.145,0.144,0.141,0.138,0.143,0.121,0.129,0.124,0.15,0.152,0.152,0.108,0.152,0.107,0.141,0.147,0.15,0.118,0.151,0.152,0.15,0.084,0.09,0.15,0.155,0.114,0.114,0.141,0.141,0.137,0.14,0.138,0.14,0.082,0.084
58:00:03,23.1,0.085,0.086,0.087,0.087,0.088,0.085,0.086,0.085,0.092,0.09,0.087,0.086,0.143,0.144,0.143,0.141,0.131,0.133,0.123,0.124,0.12,0.151,0.148,0.145,0.131,0.15,0.144,0.15,0.136,0.14,0.122,0.125,0.12,0.15,0.144,0.147,0.133,0.144,0.143,0.149,0.141,0.14,0.122,0.127,0.122,0.163,0.149,0.148,0.107,0.15,0.149,0.144,0.143,0.138,0.122,0.129,0.124,0.148,0.144,0.142,0.104,0.145,0.144,0.141,0.139,0.143,0.121,0.129,0.124,0.15,0.151,0.152,0.108,0.152,0.107,0.141,0.147,0.15,0.117,0.151,0.153,0.15,0.084,0.09,0.15,0.155,0.114,0.114,0.141,0.141,0.136,0.14,0.138,0.14,0.082,0.084
58:10:03,23.1,0.085,0.086,0.087,0.087,0.088,0.085,0.086,0.085,0.092,0.09,0.086,0.085,0.143,0.144,0.143,0.141,0.13,0.133,0.123,0.123,0.12,0.151,0.148,0.145,0.131,0.15,0.144,0.15,0.136,0.14,0.122,0.125,0.12,0.15,0.144,0.147,0.133,0.144,0.143,0.149,0.141,0.14,0.122,0.127,0.122,0.163,0.149,0.148,0.107,0.149,0.149,0.144,0.143,0.138,0.122,0.129,0.124,0.148,0.144,0.142,0.104,0.145,0.144,0.141,0.139,0.143,0.121,0.128,0.124,0.151,0.152,0.152,0.108,0.151,0.107,0.141,0.147,0.15,0.118,0.151,0.153,0.15,0.084,0.09,0.149,0.155,0.114,0.113,0.141,0.141,0.136,0.14,0.138,0.14,0.082,0.084
58:20:03,23.1,0.085,0.086,0.087,0.087,0.088,0.085,0.086,0.085,0.092,0.09,0.087,0.085,0.143,0.144,0.143,0.141,0.131,0.133,0.123,0.124,0.12,0.151,0.148,0.145,0.131,0.15,0.144,0.15,0.136,0.14,0.122,0.125,0.12,0.15,0.144,0.147,0.133,0.144,0.143,0.149,0.141,0.141,0.122,0.128,0.122,0.163,0.149,0.148,0.107,0.149,0.149,0.144,0.143,0.138,0.122,0.129,0.124,0.148,0.144,0.142,0.104,0.145,0.144,0.141,0.139,0.143,0.121,0.128,0.124,0.151,0.152,0.152,0.108,0.152,0.107,0.141,0.147,0.15,0.117,0.151,0.153,0.15,0.084,0.09,0.15,0.155,0.114,0.113,0.141,0.141,0.136,0.14,0.138,0.14,0.082,0.084
58:30:03,23.1,0.085,0.086,0.087,0.087,0.088,0.085,0.086,0.085,0.092,0.09,0.087,0.085,0.143,0.144,0.143,0.141,0.131,0.133,0.123,0.124,0.12,0.151,0.148,0.145,0.131,0.149,0.144,0.15,0.136,0.14,0.122,0.125,0.12,0.15,0.144,0.147,0.133,0.144,0.143,0.149,0.141,0.14,0.122,0.128,0.122,0.163,0.149,0.148,0.107,0.149,0.149,0.144,0.143,0.138,0.122,0.129,0.125,0.148,0.144,0.142,0.104,0.146,0.144,0.142,0.139,0.144,0.121,0.129,0.124,0.151,0.152,0.152,0.108,0.151,0.107,0.141,0.147,0.15,0.117,0.151,0.153,0.15,0.084,0.09,0.15,0.155,0.114,0.113,0.141,0.141,0.136,0.14,0.138,0.14,0.083,0.084
58:40:03,23.1,0.085,0.086,0.087,0.087,0.088,0.085,0.086,0.085,0.092,0.09,0.087,0.085,0.143,0.144,0.143,0.141,0.131,0.133,0.123,0.124,0.12,0.151,0.148,0.145,0.131,0.15,0.144,0.15,0.136,0.14,0.122,0.125,0.12,0.15,0.145,0.147,0.133,0.144,0.143,0.149,0.141,0.141,0.122,0.127,0.122,0.163,0.15,0.148,0.107,0.149,0.149,0.144,0.143,0.138,0.122,0.129,0.125,0.148,0.144,0.142,0.104,0.145,0.144,0.142,0.139,0.144,0.121,0.128,0.124,0.151,0.152,0.152,0.108,0.151,0.107,0.141,0.147,0.15,0.118,0.151,0.153,0.15,0.084,0.09,0.15,0.155,0.114,0.113,0.141,0.141,0.136,0.14,0.138,0.14,0.082,0.084
58:50:03,23.1,0.085,0.086,0.087,0.087,0.088,0.085,0.086,0.085,0.092,0.09,0.087,0.086,0.143,0.144,0.143,0.141,0.131,0.133,0.123,0.124,0.12,0.151,0.148,0.145,0.131,0.15,0.144,0.15,0.136,0.14,0.122,0.125,0.12,0.15,0.145,0.148,0.133,0.144,0.143,0.149,0.141,0.141,0.122,0.127,0.122,0.163,0.15,0.147,0.107,0.149,0.149,0.144,0.144,0.139,0.122,0.129,0.125,0.148,0.144,0.142,0.104,0.145,0.144,0.142,0.139,0.144,0.121,0.128,0.124,0.151,0.152,0.152,0.108,0.151,0.107,0.141,0.147,0.15,0.118,0.151,0.153,0.15,0.084,0.09,0.15,0.155,0.114,0.113,0.141,0.141,0.136,0.14,0.138,0.14,0.083,0.084
59:00:03,23.1,0.085,0.086,0.087,0.087,0.088,0.085,0.086,0.085,0.092,0.09,0.087,0.086,0.143,0.144,0.143,0.141,0.131,0.133,0.123,0.124,0.12,0.151,0.148,0.145,0.132,0.15,0.144,0.15,0.136,0.141,0.122,0.125,0.12,0.15,0.145,0.148,0.133,0.144,0.143,0.149,0.141,0.141,0.122,0.127,0.122,0.163,0.15,0.147,0.107,0.149,0.149,0.144,0.144,0.138,0.122,0.129,0.124,0.148,0.144,0.142,0.104,0.145,0.144,0.142,0.139,0.144,0.121,0.128,0.124,0.151,0.152,0.152,0.108,0.151,0.107,0.142,0.147,0.151,0.117,0.151,0.153,0.15,0.084,0.09,0.15,0.155,0.114,0.113,0.141,0.141,0.136,0.14,0.138,0.14,0.082,0.084
59:10:03,23.1,0.085,0.086,0.087,0.087,0.088,0.085,0.086,0.085,0.092,0.09,0.087,0.086,0.143,0.144,0.143,0.141,0.131,0.133,0.123,0.124,0.12,0.151,0.148,0.145,0.132,0.15,0.144,0.15,0.136,0.14,0.121,0.125,0.12,0.15,0.145,0.147,0.134,0.144,0.143,0.149,0.141,0.141,0.122,0.127,0.122,0.163,0.15,0.148,0.107,0.149,0.149,0.145,0.144,0.139,0.122,0.129,0.124,0.148,0.144,0.142,0.104,0.145,0.144,0.142,0.139,0.144,0.121,0.128,0.124,0.15,0.152,0.152,0.108,0.152,0.107,0.142,0.147,0.15,0.117,0.152,0.153,0.15,0.084,0.09,0.15,0.155,0.114,0.113,0.141,0.141,0.136,0.14,0.139,0.14,0.082,0.084
59:20:03,23.1,0.085,0.086,0.087,0.087,0.088,0.085,0.086,0.085,0.092,0.09,0.087,0.085,0.143,0.144,0.143,0.141,0.131,0.133,0.123,0.124,0.12,0.151,0.148,0.145,0.132,0.15,0.144,0.15,0.136,0.14,0.121,0.125,0.12,0.15,0.145,0.148,0.134,0.144,0.143,0.149,0.141,0.141,0.122,0.127,0.122,0.163,0.15,0.148,0.107,0.149,0.149,0.145,0.144,0.139,0.122,0.128,0.124,0.148,0.144,0.142,0.104,0.145,0.144,0.142,0.139,0.144,0.121,0.128,0.124,0.15,0.152,0.152,0.108,0.151,0.106,0.142,0.147,0.15,0.117,0.152,0.153,0.15,0.084,0.09,0.15,0.155,0.114,0.113,0.141,0.141,0.136,0.14,0.138,0.14,0.082,0.084
59:30:03,23.1,0.085,0.086,0.087,0.087,0.088,0.085,0.086,0.085,0.092,0.09,0.087,0.086,0.143,0.144,0.143,0.141,0.131,0.133,0.123,0.124,0.12,0.151,0.148,0.145,0.132,0.149,0.144,0.151,0.137,0.141,0.122,0.125,0.12,0.15,0.145,0.148,0.134,0.144,0.143,0.149,0.141,0.141,0.122,0.127,0.122,0.163,0.15,0.147,0.107,0.149,0.149,0.145,0.144,0.139,0.122,0.129,0.124,0.148,0.144,0.142,0.104,0.145,0.144,0.142,0.139,0.144,0.121,0.128,0.124,0.15,0.152,0.152,0.108,0.152,0.106,0.142,0.147,0.151,0.117,0.152,0.153,0.15,0.084,0.09,0.15,0.155,0.114,0.113,0.141,0.141,0.136,0.14,0.138,0.14,0.083,0.084
59:40:03,23.1,0.085,0.086,0.087,0.087,0.088,0.085,0.086,0.085,0.092,0.09,0.087,0.085,0.143,0.144,0.143,0.141,0.131,0.133,0.123,0.124,0.119,0.151,0.148,0.145,0.132,0.149,0.144,0.151,0.137,0.141,0.122,0.124,0.12,0.15,0.145,0.148,0.133,0.143,0.143,0.149,0.141,0.141,0.122,0.127,0.122,0.163,0.15,0.148,0.107,0.149,0.149,0.145,0.144,0.139,0.122,0.129,0.124,0.148,0.145,0.142,0.104,0.145,0.144,0.142,0.139,0.144,0.121,0.128,0.124,0.151,0.153,0.152,0.108,0.152,0.106,0.142,0.147,0.15,0.117,0.152,0.153,0.15,0.084,0.09,0.149,0.155,0.114,0.113,0.141,0.141,0.136,0.14,0.138,0.14,0.082,0.084
59:50:03,23.2,0.085,0.086,0.087,0.087,0.088,0.085,0.087,0.085,0.092,0.09,0.087,0.086,0.143,0.144,0.143,0.141,0.131,0.133,0.123,0.124,0.12,0.152,0.148,0.145,0.132,0.149,0.144,0.151,0.137,0.141,0.122,0.125,0.12,0.151,0.145,0.148,0.134,0.144,0.143,0.149,0.141,0.141,0.122,0.128,0.122,0.163,0.15,0.148,0.107,0.149,0.149,0.145,0.144,0.139,0.122,0.129,0.125,0.148,0.145,0.142,0.104,0.145,0.145,0.142,0.14,0.144,0.121,0.128,0.124,0.151,0.153,0.152,0.108,0.152,0.106,0.142,0.147,0.151,0.117,0.152,0.153,0.15,0.084,0.09,0.15,0.155,0.114,0.113,0.141,0.141,0.136,0.14,0.138,0.14,0.082,0.084
60:00:03,23.2,0.085,0.086,0.087,0.087,0.088,0.085,0.086,0.085,0.092,0.09,0.087,0.085,0.143,0.144,0.143,0.141,0.131,0.133,0.123,0.124,0.119,0.152,0.149,0.145,0.132,0.15,0.144,0.151,0.137,0.141,0.122,0.124,0.12,0.151,0.145,0.148,0.134,0.143,0.143,0.149,0.141,0.141,0.121,0.127,0.122,0.163,0.15,0.148,0.107,0.149,0.149,0.145,0.144,0.139,0.122,0.128,0.124,0.148,0.145,0.142,0.104,0.145,0.145,0.142,0.139,0.144,0.121,0.128,0.124,0.151,0.153,0.152,0.108,0.152,0.106,0.142,0.147,0.151,0.117,0.151,0.153,0.15,0.084,0.09,0.15,0.155,0.114,0.113,0.141,0.141,0.136,0.139,0.138,0.14,0.082,0.084
60:10:03,23.2,0.085,0.086,0.087,0.087,0.088,0.085,0.086,0.085,0.092,0.09,0.087,0.085,0.143,0.144,0.143,0.141,0.131,0.133,0.123,0.124,0.119,0.152,0.149,0.145,0.132,0.15,0.144,0.151,0.137,0.141,0.121,0.125,0.12,0.151,0.145,0.148,0.134,0.143,0.143,0.149,0.141,0.141,0.122,0.127,0.122,0.164,0.151,0.148,0.107,0.149,0.149,0.145,0.144,0.139,0.122,0.128,0.125,0.148,0.145,0.142,0.104,0.145,0.145,0.142,0.14,0.144,0.121,0.128,0.124,0.151,0.153,0.152,0.108,0.152,0.106,0.142,0.147,0.15,0.117,0.152,0.153,0.15,0.084,0.09,0.15,0.155,0.114,0.113,0.141,0.141,0.136,0.14,0.138,0.14,0.083,0.084
60:20:03,23.2,0.085,0.086,0.087,0.087,0.088,0.085,0.086,0.085,0.092,0.09,0.087,0.085,0.143,0.144,0.143,0.141,0.131,0.133,0.123,0.124,0.119,0.152,0.149,0.146,0.131,0.149,0.144,0.151,0.137,0.141,0.121,0.124,0.12,0.151,0.145,0.148,0.134,0.143,0.143,0.149,0.141,0.141,0.121,0.127,0.122,0.164,0.151,0.148,0.107,0.149,0.149,0.145,0.144,0.139,0.122,0.128,0.125,0.148,0.145,0.142,0.104,0.145,0.145,0.143,0.14,0.144,0.121,0.128,0.124,0.151,0.153,0.152,0.108,0.152,0.106,0.142,0.147,0.15,0.117,0.152,0.153,0.15,0.084,0.09,0.15,0.155,0.114,0.113,0.141,0.141,0.136,0.139,0.139,0.14,0.082,0.084
60:30:03,23.3,0.085,0.086,0.087,0.087,0.088,0.085,0.086,0.085,0.092,0.09,0.087,0.085,0.143,0.144,0.143,0.141,0.131,0.133,0.123,0.124,0.119,0.152,0.149,0.145,0.131,0.149,0.145,0.151,0.137,0.141,0.121,0.124,0.12,0.151,0.145,0.148,0.133,0.143,0.143,0.149,0.141,0.141,0.121,0.127,0.122,0.164,0.151,0.148,0.107,0.149,0.149,0.145,0.144,0.139,0.122,0.128,0.125,0.148,0.145,0.142,0.104,0.145,0.145,0.143,0.14,0.144,0.121,0.128,0.124,0.151,0.153,0.152,0.108,0.152,0.106,0.142,0.147,0.15,0.117,0.152,0.153,0.15,0.084,0.09,0.15,0.155,0.114,0.113,0.141,0.141,0.136,0.14,0.138,0.14,0.082,0.084
60:40:03,23.3,0.085,0.086,0.087,0.087,0.088,0.085,0.086,0.085,0.092,0.09,0.087,0.085,0.143,0.144,0.143,0.141,0.131,0.133,0.123,0.124,0.119,0.152,0.149,0.146,0.131,0.149,0.144,0.151,0.137,0.141,0.122,0.124,0.12,0.151,0.145,0.148,0.134,0.143,0.143,0.149,0.141,0.141,0.122,0.127,0.122,0.164,0.151,0.148,0.107,0.149,0.149,0.145,0.145,0.139,0.122,0.128,0.125,0.148,0.145,0.142,0.104,0.145,0.144,0.143,0.14,0.144,0.121,0.128,0.124,0.151,0.153,0.152,0.108,0.152,0.106,0.142,0.147,0.15,0.117,0.152,0.153,0.15,0.084,0.09,0.15,0.155,0.114,0.113,0.141,0.141,0.136,0.14,0.139,0.14,0.082,0.084
60:50:03,23.3,0.085,0.086,0.087,0.087,0.088,0.085,0.086,0.085,0.092,0.09,0.087,0.085,0.143,0.144,0.143,0.141,0.131,0.134,0.123,0.123,0.119,0.152,0.149,0.146,0.131,0.149,0.144,0.151,0.137,0.141,0.121,0.124,0.12,0.151,0.145,0.148,0.134,0.143,0.143,0.15,0.142,0.141,0.121,0.127,0.122,0.164,0.151,0.149,0.107,0.148,0.149,0.145,0.145,0.139,0.122,0.128,0.125,0.149,0.146,0.142,0.104,0.144,0.144,0.143,0.14,0.145,0.121,0.128,0.124,0.151,0.153,0.152,0.108,0.151,0.106,0.142,0.147,0.15,0.117,0.152,0.153,0.15,0.084,0.09,0.15,0.155,0.114,0.113,0.141,0.141,0.136,0.14,0.138,0.14,0.082,0.084
61:00:03,23.4,0.085,0.086,0.087,0.087,0.088,0.085,0.086,0.085,0.092,0.09,0.087,0.085,0.143,0.144,0.143,0.141,0.131,0.134,0.123,0.124,0.119,0.152,0.149,0.146,0.131,0.149,0.144,0.151,0.137,0.141,0.121,0.124,0.12,0.151,0.145,0.148,0.133,0.143,0.143,0.15,0.141,0.141,0.122,0.127,0.122,0.164,0.151,0.148,0.107,0.148,0.149,0.145,0.145,0.139,0.122,0.128,0.125,0.148,0.146,0.142,0.104,0.144,0.144,0.143,0.14,0.145,0.121,0.128,0.124,0.151,0.153,0.152,0.108,0.151,0.106,0.142,0.147,0.149,0.117,0.152,0.153,0.15,0.084,0.09,0.15,0.155,0.114,0.113,0.141,0.141,0.136,0.139,0.138,0.141,0.082,0.084
61:10:03,23.4,0.085,0.086,0.087,0.087,0.088,0.085,0.086,0.085,0.092,0.09,0.087,0.085,0.143,0.144,0.143,0.142,0.131,0.134,0.123,0.124,0.119,0.152,0.149,0.146,0.131,0.149,0.144,0.151,0.137,0.141,0.121,0.124,0.12,0.151,0.145,0.148,0.133,0.143,0.143,0.15,0.142,0.141,0.122,0.127,0.122,0.164,0.151,0.148,0.107,0.148,0.149,0.145,0.145,0.139,0.122,0.128,0.125,0.149,0.146,0.142,0.104,0.144,0.144,0.143,0.14,0.145,0.121,0.128,0.124,0.151,0.154,0.152,0.108,0.151,0.106,0.143,0.147,0.149,0.117,0.152,0.153,0.15,0.084,0.09,0.15,0.155,0.114,0.113,0.141,0.141,0.136,0.14,0.138,0.14,0.082,0.084
61:20:03,23.4,0.085,0.086,0.087,0.087,0.088,0.085,0.086,0.085,0.092,0.09,0.087,0.085,0.143,0.144,0.143,0.142,0.131,0.134,0.123,0.123,0.119,0.152,0.149,0.146,0.131,0.149,0.144,0.151,0.137,0.141,0.121,0.124,0.12,0.151,0.146,0.148,0.133,0.143,0.143,0.15,0.142,0.141,0.122,0.127,0.122,0.164,0.151,0.149,0.107,0.148,0.148,0.145,0.145,0.139,0.122,0.128,0.125,0.148,0.146,0.142,0.104,0.144,0.144,0.143,0.14,0.145,0.121,0.128,0.124,0.151,0.153,0.152,0.108,0.152,0.106,0.143,0.147,0.149,0.117,0.152,0.153,0.15,0.084,0.09,0.15,0.155,0.114,0.113,0.141,0.141,0.136,0.14,0.139,0.14,0.082,0.084
61:30:03,23.5,0.085,0.086,0.087,0.087,0.088,0.085,0.086,0.085,0.092,0.09,0.087,0.085,0.144,0.144,0.143,0.142,0.131,0.134,0.123,0.123,0.119,0.152,0.15,0.146,0.131,0.149,0.144,0.151,0.137,0.141,0.121,0.124,0.12,0.151,0.146,0.149,0.133,0.143,0.143,0.15,0.142,0.142,0.122,0.127,0.122,0.164,0.151,0.149,0.107,0.148,0.149,0.145,0.145,0.139,0.122,0.128,0.125,0.148,0.146,0.142,0.104,0.144,0.144,0.143,0.14,0.145,0.121,0.128,0.124,0.151,0.153,0.152,0.108,0.151,0.106,0.143,0.147,0.149,0.117,0.152,0.154,0.15,0.084,0.09,0.15,0.155,0.114,0.113,0.141,0.141,0.136,0.139,0.139,0.14,0.082,0.084
61:40:03,23.5,0.085,0.086,0.087,0.087,0.088,0.085,0.086,0.085,0.092,0.09,0.087,0.085,0.143,0.144,0.143,0.142,0.132,0.134,0.123,0.124,0.119,0.152,0.15,0.146,0.131,0.149,0.144,0.151,0.137,0.141,0.122,0.124,0.12,0.151,0.146,0.149,0.133,0.143,0.143,0.15,0.142,0.142,0.122,0.127,0.122,0.164,0.151,0.149,0.107,0.148,0.148,0.145,0.145,0.14,0.122,0.128,0.125,0.149,0.146,0.142,0.104,0.144,0.144,0.143,0.14,0.145,0.121,0.128,0.124,0.151,0.154,0.152,0.108,0.152,0.106,0.143,0.147,0.149,0.117,0.152,0.154,0.15,0.084,0.09,0.15,0.155,0.114,0.113,0.141,0.141,0.136,0.14,0.138,0.141,0.082,0.084
61:50:03,23.5,0.085,0.086,0.087,0.087,0.088,0.085,0.086,0.085,0.092,0.09,0.087,0.085,0.144,0.144,0.143,0.142,0.132,0.134,0.123,0.123,0.119,0.152,0.15,0.146,0.131,0.149,0.144,0.151,0.138,0.142,0.121,0.124,0.12,0.151,0.146,0.149,0.133,0.143,0.143,0.15,0.142,0.142,0.122,0.127,0.122,0.164,0.151,0.149,0.107,0.148,0.148,0.145,0.145,0.14,0.122,0.128,0.125,0.149,0.146,0.142,0.104,0.144,0.144,0.143,0.14,0.145,0.12,0.128,0.124,0.151,0.154,0.152,0.108,0.152,0.106,0.143,0.147,0.149,0.117,0.152,0.154,0.15,0.084,0.09,0.15,0.155,0.113,0.113,0.14,0.141,0.136,0.139,0.139,0.14,0.082,0.084
62:00:03,23.5,0.085,0.086,0.087,0.087,0.088,0.085,0.086,0.085,0.092,0.09,0.087,0.085,0.144,0.144,0.143,0.142,0.132,0.134,0.123,0.123,0.119,0.153,0.15,0.146,0.131,0.149,0.144,0.151,0.137,0.141,0.121,0.124,0.12,0.151,0.146,0.149,0.133,0.143,0.143,0.15,0.142,0.142,0.122,0.127,0.122,0.164,0.151,0.149,0.107,0.148,0.149,0.145,0.145,0.14,0.122,0.128,0.125,0.148,0.146,0.142,0.104,0.144,0.144,0.143,0.14,0.145,0.12,0.128,0.124,0.151,0.154,0.152,0.108,0.151,0.106,0.143,0.147,0.149,0.117,0.152,0.154,0.15,0.084,0.09,0.15,0.155,0.113,0.113,0.141,0.141,0.136,0.139,0.139,0.141,0.082,0.084
62:10:03,23.5,0.085,0.086,0.087,0.087,0.088,0.085,0.086,0.085,0.092,0.09,0.087,0.085,0.143,0.144,0.143,0.142,0.132,0.134,0.123,0.123,0.119,0.152,0.15,0.146,0.131,0.149,0.144,0.151,0.138,0.141,0.121,0.124,0.12,0.152,0.146,0.149,0.133,0.143,0.143,0.15,0.142,0.142,0.122,0.127,0.122,0.164,0.151,0.149,0.107,0.148,0.148,0.145,0.145,0.14,0.122,0.128,0.125,0.149,0.146,0.142,0.104,0.144,0.144,0.143,0.14,0.145,0.121,0.128,0.124,0.151,0.154,0.152,0.108,0.152,0.106,0.143,0.147,0.149,0.117,0.152,0.154,0.15,0.084,0.09,0.15,0.155,0.113,0.113,0.141,0.141,0.136,0.139,0.139,0.14,0.082,0.084
62:20:03,23.6,0.085,0.086,0.087,0.087,0.088,0.085,0.086,0.085,0.092,0.09,0.087,0.085,0.144,0.144,0.143,0.142,0.132,0.134,0.123,0.123,0.119,0.153,0.149,0.146,0.131,0.149,0.144,0.151,0.138,0.142,0.121,0.124,0.12,0.151,0.146,0.149,0.133,0.143,0.143,0.15,0.142,0.142,0.121,0.127,0.122,0.164,0.151,0.149,0.107,0.148,0.149,0.145,0.145,0.14,0.122,0.128,0.125,0.149,0.146,0.142,0.104,0.144,0.144,0.143,0.14,0.145,0.121,0.128,0.124,0.151,0.154,0.152,0.108,0.152,0.106,0.143,0.147,0.149,0.117,0.152,0.154,0.15,0.084,0.09,0.15,0.155,0.113,0.113,0.14,0.141,0.136,0.139,0.138,0.14,0.082,0.084
62:30:03,23.6,0.085,0.086,0.087,0.087,0.088,0.085,0.086,0.085,0.092,0.09,0.087,0.085,0.143,0.144,0.143,0.142,0.132,0.134,0.123,0.123,0.119,0.153,0.15,0.146,0.131,0.149,0.144,0.151,0.138,0.142,0.121,0.124,0.12,0.151,0.146,0.149,0.133,0.143,0.143,0.15,0.142,0.142,0.121,0.127,0.122,0.164,0.151,0.149,0.107,0.148,0.149,0.146,0.145,0.14,0.122,0.128,0.125,0.149,0.146,0.142,0.104,0.144,0.144,0.143,0.14,0.145,0.121,0.128,0.124,0.151,0.154,0.152,0.108,0.152,0.106,0.143,0.147,0.149,0.117,0.152,0.154,0.15,0.084,0.09,0.15,0.155,0.113,0.113,0.14,0.141,0.136,0.139,0.139,0.141,0.082,0.084
62:40:03,23.6,0.085,0.086,0.087,0.087,0.088,0.085,0.086,0.086,0.092,0.09,0.087,0.085,0.144,0.144,0.143,0.142,0.132,0.134,0.123,0.123,0.119,0.153,0.149,0.146,0.131,0.149,0.144,0.151,0.138,0.142,0.121,0.124,0.12,0.151,0.146,0.149,0.133,0.143,0.143,0.15,0.142,0.142,0.122,0.127,0.122,0.164,0.152,0.149,0.107,0.148,0.149,0.146,0.145,0.14,0.122,0.128,0.125,0.149,0.146,0.142,0.104,0.144,0.144,0.143,0.14,0.145,0.121,0.128,0.124,0.151,0.154,0.152,0.108,0.152,0.106,0.143,0.148,0.149,0.117,0.152,0.154,0.15,0.084,0.09,0.15,0.155,0.113,0.113,0.141,0.141,0.136,0.139,0.138,0.141,0.082,0.084
62:50:03,23.6,0.085,0.086,0.087,0.087,0.088,0.085,0.086,0.085,0.092,0.09,0.087,0.085,0.143,0.144,0.143,0.142,0.132,0.134,0.123,0.123,0.119,0.153,0.149,0.146,0.131,0.149,0.144,0.151,0.138,0.142,0.121,0.124,0.12,0.151,0.146,0.149,0.133,0.143,0.143,0.15,0.142,0.142,0.121,0.127,0.122,0.164,0.151,0.149,0.107,0.148,0.149,0.146,0.145,0.14,0.122,0.128,0.125,0.149,0.146,0.142,0.104,0.144,0.144,0.143,0.14,0.145,0.12,0.128,0.124,0.151,0.154,0.152,0.107,0.151,0.106,0.143,0.147,0.149,0.117,0.152,0.154,0.15,0.084,0.09,0.15,0.155,0.113,0.113,0.14,0.141,0.136,0.14,0.139,0.141,0.082,0.084
63:00:03,23.6,0.085,0.086,0.087,0.087,0.088,0.085,0.086,0.085,0.092,0.09,0.087,0.085,0.143,0.144,0.143,0.142,0.132,0.134,0.123,0.123,0.119,0.153,0.15,0.146,0.131,0.149,0.144,0.151,0.138,0.142,0.121,0.124,0.12,0.151,0.146,0.149,0.133,0.143,0.143,0.15,0.142,0.142,0.121,0.127,0.122,0.164,0.151,0.149,0.107,0.148,0.149,0.146,0.146,0.14,0.122,0.128,0.125,0.149,0.146,0.142,0.104,0.144,0.144,0.143,0.141,0.145,0.121,0.128,0.124,0.151,0.154,0.152,0.107,0.151,0.106,0.143,0.148,0.149,0.117,0.152,0.154,0.15,0.084,0.09,0.15,0.155,0.113,0.113,0.141,0.14,0.136,0.139,0.139,0.141,0.082,0.084
63:10:03,23.7,0.085,0.086,0.087,0.087,0.088,0.085,0.086,0.085,0.092,0.09,0.087,0.085,0.144,0.144,0.143,0.142,0.132,0.134,0.123,0.123,0.119,0.153,0.15,0.146,0.131,0.149,0.144,0.151,0.138,0.142,0.121,0.124,0.12,0.152,0.146,0.149,0.133,0.143,0.143,0.15,0.142,0.142,0.121,0.127,0.122,0.164,0.152,0.149,0.107,0.148,0.149,0.146,0.146,0.14,0.122,0.128,0.125,0.149,0.146,0.142,0.104,0.144,0.144,0.143,0.141,0.145,0.12,0.128,0.124,0.15,0.154,0.152,0.107,0.151,0.106,0.143,0.147,0.149,0.117,0.152,0.154,0.15,0.084,0.09,0.15,0.155,0.113,0.113,0.14,0.141,0.136,0.139,0.139,0.141,0.082,0.084
63:20:03,23.7,0.085,0.086,0.087,0.087,0.088,0.085,0.086,0.086,0.092,0.09,0.087,0.085,0.144,0.144,0.143,0.142,0.132,0.134,0.123,0.123,0.119,0.153,0.15,0.146,0.131,0.149,0.144,0.151,0.138,0.142,0.121,0.124,0.12,0.151,0.146,0.149,0.133,0.143,0.143,0.15,0.142,0.142,0.121,0.127,0.122,0.164,0.152,0.149,0.107,0.148,0.149,0.146,0.146,0.14,0.122,0.128,0.125,0.149,0.146,0.142,0.104,0.144,0.144,0.143,0.141,0.145,0.121,0.128,0.124,0.15,0.154,0.152,0.107,0.151,0.106,0.144,0.148,0.15,0.117,0.152,0.154,0.15,0.084,0.09,0.15,0.155,0.113,0.112,0.14,0.14,0.136,0.139,0.139,0.141,0.082,0.084
63:30:03,23.7,0.085,0.086,0.087,0.087,0.088,0.085,0.086,0.085,0.092,0.09,0.087,0.085,0.143,0.144,0.143,0.142,0.132,0.134,0.123,0.123,0.119,0.153,0.15,0.146,0.131,0.149,0.144,0.151,0.138,0.142,0.121,0.124,0.12,0.152,0.146,0.149,0.133,0.143,0.143,0.15,0.142,0.142,0.121,0.127,0.122,0.164,0.152,0.149,0.107,0.148,0.149,0.146,0.146,0.14,0.122,0.128,0.125,0.149,0.146,0.142,0.104,0.144,0.144,0.144,0.14,0.145,0.12,0.128,0.124,0.151,0.154,0.152,0.107,0.151,0.106,0.143,0.148,0.149,0.117,0.152,0.154,0.15,0.084,0.09,0.15,0.155,0.113,0.112,0.14,0.141,0.136,0.139,0.138,0.141,0.082,0.084
63:40:03,23.7,0.085,0.086,0.087,0.087,0.088,0.085,0.086,0.085,0.092,0.09,0.087,0.085,0.143,0.144,0.143,0.142,0.132,0.135,0.123,0.123,0.119,0.153,0.15,0.146,0.131,0.149,0.144,0.152,0.138,0.142,0.121,0.124,0.12,0.151,0.146,0.149,0.133,0.143,0.143,0.15,0.143,0.142,0.122,0.127,0.122,0.164,0.152,0.149,0.106,0.148,0.149,0.146,0.146,0.14,0.122,0.128,0.125,0.149,0.146,0.142,0.104,0.144,0.144,0.143,0.141,0.146,0.12,0.128,0.124,0.15,0.154,0.152,0.107,0.151,0.106,0.144,0.148,0.149,0.117,0.152,0.154,0.15,0.084,0.09,0.15,0.155,0.113,0.112,0.141,0.141,0.136,0.139,0.139,0.141,0.082,0.084
63:50:03,23.7,0.085,0.086,0.087,0.087,0.088,0.085,0.086,0.086,0.092,0.09,0.087,0.085,0.143,0.144,0.143,0.142,0.132,0.134,0.123,0.123,0.119,0.153,0.15,0.146,0.131,0.149,0.144,0.152,0.138,0.142,0.121,0.124,0.12,0.151,0.146,0.149,0.133,0.143,0.144,0.15,0.143,0.142,0.121,0.127,0.122,0.164,0.152,0.149,0.106,0.148,0.148,0.146,0.146,0.14,0.122,0.128,0.125,0.149,0.146,0.142,0.104,0.144,0.144,0.144,0.141,0.145,0.12,0.128,0.124,0.15,0.154,0.152,0.107,0.151,0.106,0.144,0.148,0.15,0.117,0.152,0.154,0.15,0.084,0.09,0.15,0.155,0.113,0.112,0.14,0.141,0.136,0.139,0.139,0.141,0.082,0.084
64:00:03,23.7,0.085,0.086,0.087,0.087,0.088,0.085,0.086,0.086,0.092,0.09,0.087,0.085,0.144,0.144,0.143,0.142,0.132,0.134,0.123,0.123,0.119,0.153,0.149,0.146,0.131,0.149,0.144,0.151,0.138,0.142,0.121,0.124,0.12,0.151,0.146,0.149,0.133,0.143,0.144,0.15,0.143,0.142,0.121,0.127,0.122,0.165,0.152,0.149,0.106,0.148,0.149,0.146,0.146,0.14,0.122,0.128,0.125,0.149,0.146,0.142,0.104,0.144,0.144,0.143,0.141,0.146,0.12,0.128,0.124,0.15,0.154,0.152,0.107,0.151,0.106,0.144,0.148,0.15,0.117,0.152,0.154,0.15,0.084,0.09,0.15,0.155,0.113,0.112,0.14,0.14,0.136,0.139,0.139,0.141,0.082,0.084
64:10:03,23.7,0.085,0.086,0.087,0.087,0.088,0.085,0.086,0.086,0.092,0.09,0.087,0.085,0.144,0.144,0.143,0.142,0.132,0.135,0.123,0.123,0.119,0.153,0.15,0.146,0.131,0.149,0.144,0.152,0.138,0.142,0.121,0.124,0.12,0.152,0.146,0.149,0.133,0.143,0.144,0.15,0.143,0.142,0.121,0.127,0.122,0.165,0.152,0.149,0.106,0.148,0.149,0.146,0.146,0.14,0.122,0.128,0.125,0.149,0.146,0.142,0.104,0.144,0.144,0.144,0.141,0.146,0.12,0.128,0.124,0.15,0.154,0.152,0.107,0.151,0.106,0.144,0.148,0.15,0.117,0.152,0.154,0.15,0.084,0.09,0.15,0.155,0.113,0.112,0.14,0.141,0.136,0.139,0.139,0.141,0.082,0.084
64:20:03,23.7,0.085,0.086,0.087,0.087,0.088,0.085,0.086,0.086,0.092,0.09,0.087,0.085,0.144,0.144,0.143,0.142,0.132,0.134,0.123,0.123,0.119,0.153,0.149,0.146,0.131,0.149,0.144,0.152,0.138,0.142,0.121,0.124,0.12,0.152,0.146,0.149,0.133,0.143,0.143,0.15,0.143,0.142,0.121,0.127,0.122,0.165,0.152,0.149,0.106,0.148,0.148,0.146,0.146,0.14,0.122,0.128,0.125,0.149,0.147,0.142,0.104,0.144,0.145,0.144,0.141,0.146,0.12,0.128,0.124,0.15,0.154,0.152,0.107,0.152,0.106,0.144,0.148,0.15,0.117,0.153,0.154,0.15,0.084,0.09,0.15,0.155,0.113,0.112,0.14,0.141,0.136,0.139,0.139,0.141,0.083,0.084
64:30:03,23.7,0.085,0.086,0.087,0.087,0.088,0.085,0.086,0.086,0.092,0.09,0.087,0.085,0.144,0.144,0.143,0.142,0.132,0.134,0.123,0.123,0.119,0.153,0.15,0.146,0.131,0.149,0.144,0.152,0.138,0.142,0.121,0.124,0.12,0.152,0.146,0.149,0.133,0.143,0.143,0.15,0.143,0.142,0.121,0.127,0.122,0.165,0.152,0.148,0.106,0.148,0.149,0.146,0.146,0.14,0.122,0.128,0.125,0.149,0.147,0.142,0.104,0.144,0.145,0.144,0.141,0.146,0.12,0.128,0.124,0.15,0.154,0.152,0.107,0.152,0.106,0.144,0.147,0.15,0.117,0.153,0.154,0.15,0.084,0.09,0.15,0.155,0.113,0.112,0.14,0.14,0.136,0.139,0.139,0.141,0.082,0.084
64:40:03,23.7,0.085,0.086,0.087,0.087,0.088,0.085,0.086,0.085,0.092,0.09,0.087,0.085,0.144,0.144,0.143,0.142,0.132,0.135,0.123,0.123,0.119,0.153,0.15,0.146,0.131,0.149,0.144,0.152,0.138,0.142,0.121,0.124,0.12,0.152,0.146,0.149,0.133,0.143,0.143,0.15,0.143,0.143,0.121,0.127,0.122,0.165,0.152,0.149,0.106,0.148,0.148,0.146,0.146,0.14,0.122,0.128,0.124,0.149,0.146,0.142,0.104,0.144,0.145,0.144,0.141,0.146,0.12,0.128,0.124,0.15,0.154,0.152,0.107,0.152,0.106,0.144,0.147,0.15,0.117,0.152,0.154,0.15,0.084,0.09,0.15,0.155,0.113,0.112,0.14,0.14,0.136,0.139,0.138,0.141,0.082,0.084
64:50:03,23.7,0.085,0.086,0.087,0.087,0.088,0.085,0.086,0.086,0.092,0.09,0.087,0.085,0.144,0.144,0.143,0.142,0.133,0.135,0.123,0.123,0.119,0.153,0.15,0.147,0.131,0.149,0.144,0.152,0.138,0.142,0.121,0.124,0.12,0.152,0.146,0.149,0.133,0.143,0.144,0.15,0.143,0.143,0.121,0.127,0.122,0.165,0.152,0.149,0.106,0.148,0.148,0.146,0.146,0.14,0.122,0.128,0.125,0.148,0.147,0.142,0.104,0.144,0.145,0.144,0.141,0.146,0.12,0.128,0.124,0.15,0.154,0.152,0.107,0.151,0.105,0.144,0.148,0.15,0.117,0.153,0.154,0.15,0.084,0.09,0.15,0.155,0.113,0.112,0.14,0.14,0.136,0.139,0.138,0.141,0.083,0.084
65:00:03,23.7,0.085,0.086,0.087,0.087,0.088,0.085,0.086,0.086,0.092,0.09,0.087,0.085,0.144,0.144,0.143,0.142,0.133,0.135,0.123,0.123,0.119,0.153,0.15,0.146,0.131,0.149,0.144,0.152,0.139,0.142,0.121,0.124,0.12,0.152,0.146,0.149,0.133,0.143,0.144,0.15,0.143,0.143,0.121,0.127,0.122,0.165,0.152,0.149,0.106,0.148,0.149,0.146,0.146,0.141,0.122,0.128,0.125,0.149,0.147,0.142,0.104,0.144,0.145,0.144,0.141,0.146,0.12,0.128,0.124,0.15,0.154,0.152,0.107,0.152,0.105,0.144,0.148,0.15,0.117,0.153,0.154,0.15,0.084,0.09,0.15,0.155,0.113,0.112,0.14,0.141,0.136,0.139,0.138,0.14,0.082,0.084
65:10:03,23.7,0.085,0.086,0.087,0.087,0.088,0.085,0.086,0.086,0.092,0.09,0.087,0.085,0.144,0.144,0.143,0.142,0.133,0.135,0.123,0.123,0.119,0.153,0.15,0.146,0.131,0.149,0.144,0.152,0.139,0.142,0.121,0.124,0.12,0.152,0.146,0.149,0.133,0.143,0.144,0.15,0.143,0.143,0.121,0.126,0.122,0.165,0.152,0.148,0.106,0.148,0.148,0.146,0.146,0.141,0.122,0.128,0.125,0.148,0.147,0.142,0.103,0.144,0.145,0.144,0.141,0.146,0.12,0.128,0.124,0.15,0.154,0.152,0.107,0.152,0.105,0.144,0.148,0.15,0.117,0.153,0.154,0.15,0.084,0.09,0.15,0.155,0.113,0.112,0.14,0.14,0.135,0.139,0.138,0.14,0.082,0.084
65:20:03,23.7,0.085,0.086,0.087,0.087,0.088,0.085,0.086,0.086,0.092,0.09,0.087,0.085,0.143,0.144,0.143,0.142,0.133,0.135,0.123,0.123,0.119,0.153,0.15,0.146,0.131,0.149,0.144,0.152,0.139,0.142,0.121,0.124,0.12,0.152,0.146,0.149,0.133,0.143,0.144,0.15,0.143,0.143,0.121,0.127,0.122,0.164,0.152,0.149,0.106,0.148,0.148,0.146,0.146,0.141,0.122,0.128,0.125,0.148,0.147,0.142,0.104,0.144,0.145,0.144,0.141,0.146,0.12,0.128,0.124,0.15,0.154,0.152,0.107,0.152,0.105,0.144,0.148,0.15,0.117,0.153,0.154,0.15,0.084,0.09,0.15,0.155,0.113,0.112,0.14,0.14,0.136,0.139,0.139,0.141,0.082,0.084
65:30:03,23.7,0.085,0.086,0.087,0.087,0.088,0.085,0.086,0.086,0.092,0.09,0.087,0.085,0.144,0.144,0.143,0.142,0.133,0.135,0.123,0.123,0.119,0.153,0.15,0.146,0.131,0.149,0.144,0.152,0.139,0.142,0.121,0.124,0.12,0.152,0.146,0.149,0.133,0.143,0.144,0.151,0.143,0.143,0.121,0.127,0.122,0.165,0.152,0.149,0.106,0.148,0.148,0.146,0.146,0.141,0.122,0.128,0.125,0.148,0.147,0.142,0.104,0.144,0.145,0.144,0.141,0.146,0.12,0.128,0.124,0.15,0.154,0.152,0.107,0.152,0.105,0.144,0.148,0.15,0.117,0.153,0.154,0.15,0.084,0.09,0.15,0.155,0.113,0.112,0.14,0.14,0.135,0.139,0.139,0.141,0.083,0.084
65:40:03,23.7,0.085,0.086,0.087,0.087,0.088,0.085,0.086,0.086,0.092,0.09,0.087,0.085,0.144,0.144,0.143,0.142,0.133,0.135,0.123,0.123,0.119,0.153,0.15,0.146,0.131,0.149,0.144,0.152,0.139,0.142,0.121,0.124,0.12,0.152,0.147,0.149,0.133,0.143,0.144,0.151,0.143,0.143,0.121,0.127,0.122,0.165,0.152,0.149,0.106,0.148,0.148,0.146,0.146,0.141,0.122,0.128,0.125,0.148,0.147,0.142,0.104,0.144,0.145,0.144,0.141,0.146,0.12,0.128,0.124,0.15,0.154,0.152,0.107,0.152,0.105,0.144,0.148,0.149,0.117,0.153,0.154,0.15,0.084,0.09,0.15,0.155,0.113,0.112,0.14,0.14,0.136,0.139,0.139,0.141,0.082,0.084
65:50:03,23.7,0.085,0.086,0.087,0.087,0.088,0.085,0.086,0.086,0.092,0.09,0.087,0.085,0.144,0.144,0.143,0.142,0.133,0.135,0.123,0.123,0.119,0.153,0.15,0.147,0.131,0.149,0.144,0.152,0.139,0.143,0.121,0.124,0.12,0.152,0.147,0.149,0.133,0.143,0.144,0.151,0.143,0.143,0.121,0.127,0.122,0.165,0.152,0.149,0.106,0.148,0.149,0.146,0.147,0.141,0.122,0.128,0.125,0.148,0.147,0.142,0.103,0.144,0.145,0.144,0.141,0.146,0.12,0.128,0.124,0.15,0.154,0.152,0.107,0.152,0.105,0.144,0.148,0.15,0.117,0.153,0.154,0.15,0.084,0.09,0.15,0.155,0.113,0.112,0.14,0.141,0.136,0.139,0.138,0.141,0.082,0.084
66:00:03,23.7,0.085,0.086,0.087,0.087,0.088,0.085,0.086,0.086,0.092,0.09,0.087,0.085,0.144,0.144,0.143,0.142,0.133,0.135,0.123,0.123,0.119,0.153,0.15,0.147,0.131,0.149,0.144,0.152,0.139,0.143,0.121,0.124,0.12,0.152,0.147,0.149,0.133,0.143,0.143,0.15,0.143,0.143,0.121,0.127,0.122,0.165,0.152,0.149,0.106,0.148,0.149,0.146,0.147,0.141,0.122,0.128,0.124,0.148,0.147,0.142,0.103,0.144,0.145,0.144,0.141,0.146,0.12,0.128,0.124,0.15,0.154,0.152,0.107,0.152,0.105,0.144,0.148,0.15,0.117,0.153,0.154,0.15,0.084,0.09,0.15,0.155,0.113,0.112,0.14,0.14,0.136,0.139,0.138,0.141,0.083,0.084
66:10:03,23.8,0.085,0.086,0.087,0.087,0.088,0.085,0.086,0.086,0.092,0.09,0.087,0.085,0.144,0.144,0.143,0.143,0.133,0.135,0.123,0.123,0.119,0.153,0.15,0.147,0.131,0.148,0.144,0.152,0.139,0.142,0.121,0.124,0.12,0.152,0.147,0.149,0.133,0.143,0.143,0.151,0.143,0.143,0.121,0.127,0.122,0.164,0.152,0.149,0.106,0.148,0.148,0.146,0.146,0.141,0.122,0.128,0.124,0.148,0.147,0.142,0.103,0.144,0.145,0.144,0.141,0.146,0.12,0.128,0.124,0.15,0.154,0.152,0.107,0.152,0.105,0.144,0.148,0.15,0.117,0.153,0.154,0.15,0.084,0.09,0.15,0.155,0.113,0.112,0.14,0.14,0.135,0.139,0.139,0.141,0.082,0.084
66:20:03,23.8,0.085,0.086,0.087,0.087,0.088,0.085,0.086,0.086,0.092,0.09,0.087,0.085,0.144,0.144,0.143,0.142,0.133,0.135,0.123,0.123,0.119,0.153,0.15,0.147,0.131,0.148,0.144,0.152,0.139,0.143,0.121,0.124,0.12,0.152,0.147,0.149,0.133,0.143,0.144,0.151,0.143,0.143,0.121,0.127,0.122,0.164,0.152,0.149,0.106,0.148,0.148,0.147,0.147,0.141,0.122,0.128,0.124,0.148,0.147,0.142,0.103,0.144,0.145,0.144,0.141,0.146,0.12,0.128,0.124,0.15,0.154,0.152,0.107,0.152,0.105,0.144,0.148,0.15,0.117,0.153,0.154,0.15,0.084,0.09,0.15,0.155,0.113,0.112,0.14,0.14,0.135,0.139,0.138,0.141,0.082,0.084
66:30:03,23.7,0.085,0.086,0.087,0.087,0.088,0.085,0.086,0.086,0.092,0.09,0.086,0.085,0.144,0.144,0.143,0.142,0.133,0.135,0.123,0.123,0.119,0.153,0.15,0.146,0.131,0.148,0.144,0.152,0.139,0.143,0.121,0.124,0.12,0.152,0.146,0.149,0.133,0.143,0.144,0.151,0.144,0.143,0.121,0.127,0.122,0.164,0.152,0.149,0.106,0.148,0.148,0.147,0.147,0.141,0.122,0.128,0.125,0.148,0.147,0.142,0.103,0.144,0.145,0.144,0.141,0.146,0.12,0.127,0.124,0.15,0.154,0.152,0.107,0.152,0.105,0.144,0.148,0.15,0.117,0.153,0.154,0.15,0.084,0.09,0.15,0.155,0.112,0.112,0.14,0.14,0.136,0.139,0.138,0.141,0.082,0.084
66:40:03,23.8,0.085,0.086,0.087,0.087,0.088,0.085,0.086,0.086,0.092,0.09,0.087,0.085,0.144,0.144,0.143,0.142,0.133,0.135,0.123,0.123,0.119,0.153,0.15,0.146,0.131,0.148,0.144,0.152,0.139,0.143,0.121,0.124,0.12,0.152,0.147,0.149,0.133,0.143,0.144,0.151,0.144,0.143,0.121,0.127,0.122,0.164,0.152,0.149,0.106,0.148,0.148,0.147,0.147,0.141,0.121,0.128,0.124,0.148,0.147,0.142,0.103,0.144,0.145,0.144,0.141,0.146,0.12,0.128,0.124,0.15,0.154,0.152,0.107,0.152,0.105,0.144,0.148,0.15,0.117,0.153,0.154,0.15,0.084,0.09,0.15,0.155,0.113,0.112,0.14,0.14,0.135,0.139,0.138,0.141,0.082,0.084
66:50:03,23.8,0.085,0.086,0.087,0.087,0.088,0.085,0.087,0.086,0.092,0.09,0.087,0.085,0.144,0.144,0.143,0.143,0.133,0.135,0.123,0.123,0.119,0.153,0.15,0.146,0.131,0.148,0.144,0.152,0.139,0.143,0.121,0.124,0.12,0.152,0.147,0.149,0.133,0.143,0.144,0.151,0.144,0.143,0.121,0.127,0.122,0.164,0.153,0.149,0.106,0.148,0.148,0.147,0.147,0.141,0.122,0.128,0.124,0.148,0.147,0.142,0.103,0.144,0.145,0.144,0.142,0.146,0.12,0.128,0.124,0.15,0.154,0.152,0.107,0.152,0.105,0.145,0.148,0.15,0.117,0.153,0.154,0.15,0.084,0.09,0.151,0.155,0.112,0.112,0.14,0.141,0.136,0.139,0.139,0.141,0.082,0.084
67:00:03,23.8,0.085,0.086,0.087,0.087,0.088,0.085,0.086,0.086,0.092,0.09,0.087,0.085,0.144,0.144,0.143,0.142,0.133,0.135,0.123,0.123,0.119,0.153,0.15,0.147,0.131,0.148,0.144,0.152,0.139,0.143,0.121,0.124,0.12,0.152,0.147,0.149,0.133,0.143,0.144,0.151,0.144,0.143,0.121,0.127,0.122,0.165,0.153,0.149,0.106,0.148,0.148,0.147,0.147,0.141,0.122,0.128,0.124,0.148,0.147,0.142,0.103,0.144,0.145,0.144,0.141,0.146,0.12,0.128,0.124,0.15,0.154,0.152,0.107,0.152,0.105,0.145,0.148,0.15,0.117,0.153,0.154,0.15,0.084,0.09,0.151,0.155,0.112,0.112,0.14,0.14,0.135,0.139,0.138,0.141,0.083,0.084
67:10:03,23.8,0.085,0.086,0.087,0.087,0.088,0.085,0.086,0.086,0.092,0.09,0.087,0.085,0.144,0.144,0.143,0.143,0.133,0.135,0.123,0.123,0.119,0.153,0.15,0.147,0.131,0.148,0.144,0.152,0.139,0.143,0.121,0.124,0.12,0.152,0.147,0.149,0.133,0.143,0.144,0.151,0.144,0.143,0.121,0.126,0.122,0.164,0.153,0.149,0.106,0.148,0.148,0.147,0.147,0.141,0.121,0.128,0.124,0.148,0.147,0.142,0.103,0.144,0.145,0.145,0.141,0.146,0.12,0.127,0.124,0.15,0.154,0.152,0.107,0.152,0.105,0.145,0.148,0.15,0.117,0.153,0.154,0.15,0.084,0.09,0.15,0.155,0.112,0.112,0.14,0.14,0.135,0.139,0.138,0.141,0.082,0.084
67:20:03,23.8,0.085,0.086,0.087,0.087,0.088,0.085,0.086,0.086,0.092,0.09,0.087,0.085,0.144,0.144,0.143,0.143,0.133,0.135,0.123,0.123,0.119,0.153,0.15,0.146,0.131,0.148,0.144,0.152,0.139,0.143,0.121,0.124,0.12,0.152,0.147,0.149,0.132,0.143,0.144,0.151,0.144,0.143,0.121,0.126,0.122,0.165,0.153,0.149,0.106,0.148,0.148,0.147,0.147,0.141,0.122,0.128,0.124,0.148,0.147,0.142,0.103,0.144,0.145,0.144,0.141,0.146,0.12,0.127,0.124,0.15,0.154,0.152,0.107,0.152,0.105,0.145,0.148,0.15,0.117,0.153,0.155,0.15,0.084,0.09,0.151,0.155,0.112,0.112,0.14,0.14,0.135,0.139,0.139,0.141,0.082,0.084
67:30:03,23.8,0.085,0.086,0.087,0.087,0.088,0.085,0.086,0.086,0.092,0.09,0.087,0.085,0.144,0.144,0.143,0.143,0.133,0.135,0.123,0.123,0.119,0.153,0.15,0.147,0.131,0.148,0.144,0.152,0.139,0.143,0.121,0.124,0.12,0.152,0.147,0.149,0.133,0.143,0.144,0.151,0.144,0.143,0.121,0.127,0.122,0.165,0.153,0.149,0.106,0.148,0.148,0.147,0.147,0.141,0.121,0.128,0.124,0.148,0.147,0.142,0.103,0.144,0.145,0.145,0.142,0.146,0.12,0.128,0.124,0.15,0.154,0.152,0.107,0.152,0.105,0.145,0.148,0.15,0.117,0.153,0.154,0.15,0.084,0.09,0.15,0.155,0.112,0.112,0.14,0.14,0.135,0.139,0.138,0.141,0.082,0.084
67:40:03,23.8,0.085,0.086,0.087,0.087,0.088,0.085,0.087,0.086,0.092,0.09,0.087,0.085,0.144,0.144,0.143,0.143,0.133,0.135,0.123,0.123,0.119,0.153,0.15,0.146,0.131,0.148,0.144,0.152,0.139,0.143,0.121,0.124,0.12,0.152,0.147,0.149,0.133,0.143,0.144,0.151,0.144,0.143,0.121,0.127,0.122,0.165,0.153,0.149,0.106,0.148,0.149,0.147,0.147,0.141,0.122,0.128,0.125,0.148,0.147,0.142,0.103,0.144,0.145,0.145,0.142,0.146,0.12,0.128,0.124,0.15,0.154,0.152,0.107,0.152,0.105,0.145,0.148,0.15,0.117,0.153,0.154,0.15,0.084,0.09,0.151,0.155,0.112,0.112,0.14,0.14,0.135,0.139,0.138,0.141,0.083,0.084
67:50:03,23.8,0.085,0.086,0.087,0.087,0.088,0.085,0.086,0.086,0.092,0.09,0.087,0.085,0.144,0.144,0.143,0.143,0.133,0.135,0.123,0.123,0.119,0.153,0.15,0.147,0.131,0.148,0.144,0.152,0.139,0.143,0.121,0.124,0.12,0.152,0.147,0.149,0.133,0.143,0.144,0.151,0.144,0.143,0.121,0.126,0.122,0.165,0.153,0.149,0.106,0.148,0.148,0.147,0.147,0.141,0.121,0.128,0.124,0.148,0.147,0.142,0.103,0.144,0.145,0.145,0.142,0.146,0.12,0.128,0.124,0.15,0.155,0.152,0.107,0.152,0.105,0.145,0.148,0.15,0.117,0.153,0.155,0.15,0.084,0.09,0.15,0.155,0.112,0.112,0.14,0.14,0.135,0.139,0.138,0.141,0.082,0.084
68:00:03,23.7,0.085,0.086,0.087,0.087,0.088,0.085,0.086,0.086,0.092,0.09,0.087,0.085,0.144,0.144,0.143,0.143,0.133,0.135,0.123,0.123,0.119,0.153,0.15,0.147,0.131,0.148,0.144,0.152,0.139,0.143,0.121,0.123,0.12,0.152,0.147,0.149,0.133,0.142,0.144,0.151,0.144,0.143,0.121,0.126,0.122,0.165,0.153,0.149,0.106,0.148,0.148,0.147,0.147,0.141,0.121,0.128,0.124,0.148,0.147,0.142,0.103,0.144,0.145,0.145,0.142,0.146,0.12,0.128,0.124,0.15,0.154,0.152,0.107,0.152,0.105,0.145,0.148,0.15,0.117,0.153,0.154,0.15,0.084,0.09,0.15,0.155,0.112,0.112,0.14,0.14,0.135,0.139,0.139,0.141,0.083,0.084
68:10:03,23.7,0.085,0.086,0.087,0.087,0.088,0.085,0.086,0.086,0.092,0.09,0.087,0.085,0.144,0.144,0.143,0.143,0.133,0.135,0.123,0.123,0.119,0.153,0.15,0.147,0.13,0.148,0.144,0.152,0.139,0.143,0.121,0.123,0.12,0.152,0.147,0.149,0.133,0.142,0.144,0.151,0.144,0.143,0.121,0.126,0.122,0.165,0.153,0.149,0.106,0.148,0.149,0.147,0.147,0.141,0.121,0.128,0.124,0.148,0.147,0.142,0.103,0.144,0.145,0.145,0.142,0.146,0.12,0.128,0.124,0.15,0.154,0.152,0.107,0.152,0.105,0.145,0.148,0.15,0.117,0.153,0.155,0.15,0.084,0.09,0.151,0.155,0.112,0.112,0.14,0.14,0.135,0.139,0.139,0.141,0.083,0.084
68:20:03,23.7,0.085,0.086,0.087,0.087,0.088,0.085,0.086,0.086,0.092,0.09,0.087,0.085,0.144,0.144,0.143,0.143,0.133,0.135,0.123,0.123,0.119,0.153,0.15,0.147,0.131,0.148,0.144,0.152,0.139,0.143,0.121,0.123,0.12,0.152,0.147,0.149,0.133,0.142,0.144,0.151,0.144,0.143,0.121,0.126,0.122,0.165,0.153,0.149,0.106,0.148,0.148,0.147,0.147,0.141,0.121,0.128,0.124,0.148,0.147,0.142,0.103,0.144,0.145,0.145,0.142,0.146,0.12,0.127,0.124,0.15,0.154,0.152,0.107,0.151,0.105,0.145,0.148,0.15,0.117,0.153,0.154,0.15,0.084,0.09,0.15,0.155,0.112,0.111,0.14,0.14,0.135,0.139,0.138,0.141,0.083,0.084
68:30:03,23.7,0.085,0.086,0.087,0.087,0.088,0.085,0.086,0.086,0.092,0.09,0.087,0.085,0.144,0.144,0.143,0.143,0.133,0.135,0.123,0.123,0.119,0.153,0.15,0.147,0.131,0.148,0.144,0.153,0.139,0.143,0.121,0.123,0.12,0.152,0.147,0.149,0.133,0.142,0.144,0.151,0.144,0.143,0.121,0.127,0.122,0.165,0.153,0.149,0.106,0.148,0.148,0.147,0.147,0.141,0.121,0.128,0.124,0.148,0.147,0.142,0.103,0.144,0.145,0.145,0.142,0.146,0.12,0.128,0.124,0.15,0.155,0.152,0.107,0.151,0.105,0.145,0.148,0.15,0.117,0.153,0.155,0.15,0.084,0.09,0.151,0.155,0.112,0.111,0.14,0.14,0.135,0.139,0.139,0.141,0.083,0.084
68:40:03,23.7,0.085,0.086,0.087,0.087,0.088,0.085,0.086,0.086,0.092,0.09,0.087,0.085,0.144,0.144,0.143,0.143,0.133,0.135,0.123,0.123,0.119,0.153,0.15,0.147,0.131,0.148,0.144,0.152,0.139,0.143,0.121,0.123,0.119,0.152,0.147,0.149,0.133,0.142,0.144,0.151,0.144,0.143,0.121,0.127,0.122,0.165,0.153,0.149,0.106,0.148,0.149,0.147,0.147,0.141,0.122,0.128,0.124,0.148,0.147,0.142,0.103,0.144,0.145,0.145,0.142,0.146,0.12,0.128,0.124,0.15,0.155,0.152,0.107,0.152,0.105,0.145,0.148,0.15,0.117,0.153,0.155,0.15,0.084,0.09,0.151,0.155,0.112,0.111,0.14,0.14,0.135,0.139,0.139,0.141,0.082,0.084
68:50:03,23.7,0.085,0.086,0.087,0.087,0.088,0.085,0.086,0.086,0.092,0.09,0.087,0.085,0.144,0.144,0.143,0.143,0.133,0.135,0.123,0.123,0.119,0.153,0.15,0.147,0.13,0.148,0.144,0.152,0.139,0.143,0.121,0.123,0.12,0.152,0.147,0.149,0.133,0.142,0.144,0.151,0.144,0.143,0.121,0.126,0.122,0.165,0.153,0.149,0.106,0.148,0.149,0.147,0.147,0.141,0.121,0.128,0.124,0.148,0.147,0.142,0.103,0.144,0.145,0.145,0.142,0.147,0.12,0.127,0.124,0.15,0.155,0.152,0.107,0.151,0.105,0.145,0.148,0.15,0.117,0.153,0.155,0.15,0.084,0.09,0.151,0.155,0.112,0.111,0.14,0.14,0.135,0.139,0.139,0.141,0.082,0.084
69:00:03,23.7,0.085,0.086,0.087,0.087,0.088,0.085,0.086,0.086,0.092,0.09,0.087,0.085,0.144,0.144,0.143,0.143,0.134,0.135,0.123,0.123,0.119,0.153,0.15,0.147,0.131,0.148,0.144,0.152,0.14,0.143,0.121,0.123,0.119,0.152,0.147,0.149,0.133,0.142,0.144,0.151,0.144,0.143,0.121,0.126,0.122,0.165,0.153,0.149,0.106,0.148,0.149,0.147,0.148,0.141,0.121,0.128,0.124,0.148,0.147,0.142,0.103,0.144,0.145,0.145,0.142,0.147,0.12,0.128,0.124,0.15,0.155,0.152,0.107,0.151,0.105,0.145,0.148,0.15,0.117,0.153,0.155,0.15,0.084,0.09,0.151,0.155,0.112,0.111,0.14,0.14,0.135,0.139,0.138,0.141,0.083,0.084
69:10:03,23.7,0.085,0.086,0.087,0.087,0.088,0.085,0.086,0.086,0.092,0.09,0.087,0.085,0.144,0.144,0.143,0.143,0.133,0.135,0.123,0.123,0.119,0.153,0.15,0.147,0.131,0.148,0.144,0.152,0.139,0.143,0.121,0.123,0.12,0.152,0.147,0.149,0.133,0.142,0.144,0.151,0.144,0.143,0.121,0.126,0.122,0.165,0.153,0.149,0.106,0.148,0.149,0.147,0.148,0.141,0.121,0.128,0.124,0.148,0.147,0.142,0.103,0.144,0.145,0.145,0.142,0.147,0.12,0.127,0.124,0.15,0.155,0.152,0.107,0.151,0.105,0.145,0.148,0.15,0.117,0.153,0.155,0.15,0.084,0.09,0.151,0.155,0.112,0.111,0.14,0.14,0.135,0.139,0.138,0.141,0.082,0.084
69:20:03,23.7,0.085,0.086,0.087,0.087,0.088,0.085,0.086,0.086,0.092,0.09,0.087,0.085,0.144,0.144,0.143,0.143,0.133,0.135,0.123,0.123,0.119,0.153,0.15,0.147,0.131,0.148,0.144,0.152,0.14,0.143,0.121,0.124,0.12,0.152,0.147,0.149,0.133,0.142,0.144,0.151,0.144,0.143,0.121,0.126,0.122,0.165,0.153,0.149,0.106,0.148,0.149,0.147,0.147,0.141,0.122,0.128,0.124,0.148,0.147,0.142,0.103,0.144,0.145,0.145,0.142,0.147,0.12,0.127,0.124,0.15,0.155,0.152,0.107,0.151,0.105,0.145,0.148,0.15,0.117,0.153,0.155,0.15,0.084,0.09,0.151,0.155,0.112,0.111,0.14,0.14,0.135,0.139,0.139,0.141,0.083,0.084
69:30:03,23.7,0.085,0.086,0.087,0.087,0.088,0.085,0.086,0.086,0.092,0.09,0.087,0.085,0.144,0.144,0.143,0.143,0.133,0.135,0.123,0.123,0.119,0.153,0.15,0.147,0.131,0.148,0.144,0.152,0.14,0.143,0.121,0.123,0.119,0.152,0.147,0.149,0.133,0.142,0.144,0.151,0.144,0.143,0.121,0.126,0.122,0.165,0.153,0.149,0.106,0.148,0.149,0.147,0.147,0.141,0.121,0.128,0.124,0.148,0.147,0.142,0.103,0.144,0.145,0.145,0.142,0.147,0.12,0.127,0.124,0.15,0.154,0.152,0.107,0.151,0.105,0.145,0.148,0.15,0.116,0.153,0.155,0.149,0.084,0.09,0.151,0.155,0.112,0.111,0.14,0.14,0.135,0.139,0.139,0.14,0.082,0.084
69:40:03,23.7,0.085,0.086,0.087,0.087,0.088,0.085,0.086,0.086,0.092,0.09,0.087,0.085,0.144,0.145,0.143,0.143,0.134,0.135,0.123,0.123,0.119,0.153,0.15,0.147,0.131,0.148,0.144,0.152,0.14,0.143,0.121,0.123,0.12,0.152,0.147,0.149,0.133,0.142,0.144,0.151,0.144,0.143,0.121,0.127,0.122,0.165,0.153,0.149,0.106,0.148,0.149,0.147,0.147,0.141,0.121,0.128,0.124,0.148,0.147,0.142,0.103,0.144,0.145,0.145,0.142,0.147,0.12,0.127,0.124,0.15,0.155,0.152,0.107,0.152,0.105,0.145,0.148,0.15,0.117,0.153,0.155,0.149,0.084,0.09,0.151,0.155,0.112,0.111,0.14,0.14,0.135,0.139,0.138,0.141,0.083,0.084
69:50:03,23.8,0.085,0.086,0.087,0.087,0.088,0.085,0.086,0.086,0.092,0.09,0.087,0.085,0.144,0.145,0.143,0.143,0.134,0.135,0.123,0.123,0.119,0.153,0.151,0.147,0.131,0.148,0.144,0.153,0.14,0.143,0.121,0.123,0.12,0.152,0.147,0.149,0.133,0.142,0.144,0.151,0.144,0.143,0.121,0.126,0.122,0.165,0.153,0.149,0.106,0.148,0.149,0.147,0.148,0.141,0.121,0.128,0.124,0.148,0.147,0.142,0.103,0.143,0.145,0.145,0.142,0.147,0.12,0.127,0.124,0.15,0.155,0.152,0.107,0.151,0.105,0.145,0.148,0.15,0.117,0.153,0.155,0.149,0.084,0.09,0.151,0.155,0.112,0.111,0.14,0.14,0.135,0.139,0.139,0.141,0.083,0.084
70:00:03,23.7,0.085,0.086,0.087,0.087,0.088,0.085,0.086,0.086,0.092,0.09,0.087,0.085,0.144,0.145,0.143,0.143,0.134,0.135,0.123,0.123,0.119,0.154,0.151,0.147,0.131,0.148,0.144,0.152,0.14,0.143,0.121,0.123,0.119,0.152,0.147,0.149,0.133,0.142,0.144,0.151,0.144,0.144,0.121,0.126,0.122,0.165,0.153,0.149,0.106,0.148,0.149,0.147,0.148,0.141,0.121,0.128,0.124,0.148,0.147,0.142,0.103,0.143,0.145,0.145,0.142,0.147,0.12,0.127,0.124,0.15,0.155,0.152,0.107,0.151,0.105,0.145,0.148,0.15,0.116,0.153,0.155,0.149,0.084,0.09,0.151,0.155,0.112,0.111,0.14,0.14,0.135,0.139,0.139,0.141,0.083,0.084
70:10:03,23.8,0.085,0.086,0.087,0.087,0.088,0.085,0.086,0.086,0.092,0.09,0.087,0.085,0.144,0.144,0.143,0.143,0.134,0.135,0.123,0.123,0.119,0.154,0.151,0.147,0.131,0.148,0.144,0.153,0.14,0.143,0.121,0.123,0.12,0.152,0.147,0.149,0.133,0.142,0.144,0.151,0.144,0.144,0.121,0.126,0.122,0.165,0.153,0.149,0.106,0.147,0.149,0.147,0.148,0.141,0.121,0.128,0.124,0.148,0.148,0.142,0.103,0.144,0.145,0.145,0.142,0.147,0.12,0.127,0.124,0.15,0.155,0.152,0.107,0.151,0.105,0.145,0.148,0.15,0.116,0.153,0.155,0.149,0.084,0.09,0.151,0.155,0.112,0.111,0.14,0.14,0.135,0.139,0.139,0.141,0.082,0.084
70:20:03,23.8,0.085,0.086,0.087,0.087,0.088,0.085,0.086,0.086,0.092,0.09,0.087,0.085,0.144,0.144,0.143,0.143,0.134,0.135,0.123,0.123,0.119,0.154,0.151,0.147,0.131,0.148,0.144,0.153,0.14,0.143,0.121,0.123,0.119,0.152,0.147,0.149,0.132,0.142,0.144,0.151,0.145,0.144,0.121,0.126,0.122,0.165,0.153,0.149,0.106,0.148,0.149,0.147,0.148,0.141,0.121,0.128,0.124,0.148,0.148,0.142,0.103,0.144,0.145,0.145,0.142,0.147,0.12,0.127,0.124,0.15,0.155,0.152,0.107,0.151,0.105,0.145,0.148,0.15,0.116,0.153,0.155,0.149,0.084,0.09,0.151,0.155,0.112,0.111,0.14,0.14,0.135,0.139,0.138,0.141,0.082,0.084
70:30:03,23.8,0.085,0.086,0.087,0.087,0.088,0.085,0.086,0.086,0.092,0.09,0.087,0.085,0.144,0.144,0.143,0.143,0.134,0.135,0.123,0.123,0.119,0.154,0.151,0.147,0.131,0.148,0.144,0.153,0.14,0.143,0.121,0.123,0.119,0.152,0.147,0.149,0.132,0.142,0.144,0.151,0.144,0.144,0.121,0.126,0.122,0.165,0.153,0.149,0.106,0.147,0.149,0.147,0.148,0.141,0.121,0.128,0.124,0.148,0.147,0.142,0.103,0.143,0.145,0.145,0.142,0.147,0.12,0.127,0.124,0.15,0.155,0.152,0.107,0.151,0.104,0.145,0.148,0.15,0.116,0.153,0.155,0.149,0.084,0.09,0.151,0.155,0.112,0.111,0.14,0.14,0.135,0.139,0.139,0.141,0.082,0.084
70:40:03,23.8,0.085,0.086,0.087,0.087,0.088,0.085,0.086,0.086,0.092,0.09,0.087,0.085,0.144,0.144,0.143,0.143,0.134,0.136,0.123,0.123,0.118,0.153,0.151,0.147,0.131,0.148,0.144,0.153,0.14,0.143,0.121,0.123,0.119,0.152,0.147,0.149,0.132,0.142,0.144,0.151,0.145,0.144,0.121,0.126,0.122,0.165,0.153,0.149,0.106,0.147,0.149,0.147,0.148,0.141,0.121,0.128,0.124,0.148,0.147,0.142,0.103,0.143,0.145,0.145,0.142,0.147,0.12,0.127,0.124,0.15,0.155,0.152,0.107,0.151,0.104,0.145,0.148,0.15,0.116,0.153,0.155,0.149,0.084,0.09,0.151,0.155,0.112,0.111,0.14,0.14,0.135,0.139,0.138,0.14,0.082,0.084
70:50:03,23.8,0.085,0.086,0.087,0.087,0.088,0.085,0.086,0.086,0.092,0.09,0.087,0.085,0.144,0.145,0.143,0.143,0.134,0.136,0.123,0.123,0.119,0.153,0.151,0.147,0.131,0.148,0.144,0.153,0.14,0.143,0.121,0.123,0.12,0.152,0.147,0.149,0.133,0.142,0.144,0.151,0.144,0.144,0.121,0.126,0.122,0.165,0.153,0.149,0.106,0.148,0.149,0.147,0.148,0.141,0.121,0.128,0.124,0.148,0.148,0.142,0.103,0.144,0.145,0.145,0.142,0.147,0.12,0.127,0.124,0.15,0.155,0.152,0.107,0.152,0.104,0.145,0.148,0.15,0.116,0.153,0.155,0.149,0.084,0.09,0.151,0.155,0.112,0.111,0.14,0.14,0.135,0.139,0.139,0.14,0.083,0.084