mf_id,scan_time,mz,apex_scan,intensity,persistence,area,monoisotopic_mf_id,isotopologue_type
1,8.046285629272461,118.08635711669922,1055.0,582723200.0,582431836.0,393082390.2493844,1,
6,6.3057708740234375,138.05496215820312,827.0,164735776.0,164444412.0,103616173.4960928,6,
7,8.031476974487305,118.08734893798828,1053.0,141079008.0,140787644.0,66758678.95648193,7,
8,0.06735845655202866,214.08975219726562,9.0,98679312.0,98387948.0,11534500.177364767,8,
10,11.214130401611328,252.144287109375,1465.0,88140280.0,87848916.0,39252453.59749757,10,
11,10.088475227355957,132.1019287109375,1319.0,80131000.0,79839636.0,42655024.390915066,11,
12,8.046285629272461,118.0853271484375,1055.0,78840896.0,78549532.0,37569486.71383095,12,
19,3.9879703521728516,112.11244201660156,523.0,63040384.0,62749020.0,15994187.70003128,19,
25,2.120758533477783,195.12255859375,277.0,50862296.0,50570932.0,13244226.38980059,25,
33,11.702617645263672,148.06036376953125,1529.0,38491388.0,38200024.0,26800396.30685401,33,
38,0.08251877129077911,123.04058837890625,11.0,33612820.0,33321456.0,2827302.6722054603,38,
39,8.046285629272461,119.08973693847656,1055.0,33431474.0,33140110.0,10532405.684613705,12,13C1
41,11.612771034240723,258.1099548339844,1517.0,26964724.0,26673360.0,11399570.360568013,41,
43,1.5988291501998901,274.27587890625,209.0,25677538.0,25386174.0,17612474.097231507,43,
44,2.2716097831726074,202.1801300048828,297.0,24560570.0,24269206.0,9463886.311262673,44,
46,0.06735845655202866,214.0872344970703,9.0,22846838.0,22555474.0,2983190.595327191,46,
49,0.06735845655202866,93.02184295654297,9.0,20491720.0,20200356.0,1206181.0173422708,,
51,0.052262742072343826,214.0917510986328,7.0,20224222.0,19932858.0,4510382.76708631,51,
54,1.8619041442871094,112.11213684082031,243.0,53178100.0,18669668.0,22154520.230474472,,
55,3.9728517532348633,112.11152648925781,521.0,18182488.0,17891124.0,5853104.164364815,55,
57,10.366744041442871,135.0475616455078,1355.0,17859986.0,17568622.0,9063219.622114887,57,
59,2.120758533477783,240.18064880371094,277.0,17292918.0,17001554.0,3948518.472948339,59,
60,8.882061004638672,162.112548828125,1163.0,17021412.0,16730048.0,6342935.207007974,60,
62,11.459210395812988,245.113525390625,1497.0,16697031.0,16405667.0,7870666.504609826,62,
63,10.04293441772461,132.10311889648438,1313.0,16601701.0,16310337.0,12727011.756985277,63,
64,11.395838737487793,179.0738525390625,1489.0,16112618.0,15821254.0,7051829.050677799,64,
66,7.480831146240234,76.07638549804688,981.0,15761156.0,15469792.0,14282348.02700761,,
70,9.005614280700684,236.1490936279297,1179.0,15326577.0,15035213.0,8998444.452580646,70,
72,23.380830764770508,123.04058837890625,3039.0,14621787.0,14330423.0,3306880.5077209473,72,
79,11.289688110351562,147.0764923095703,1475.0,13321047.0,13029683.0,5274938.728088886,79,
80,6.092799186706543,112.11244201660156,799.0,61726240.0,12976660.0,11020303.855422974,,
83,8.602814674377441,212.0948944091797,1127.0,13207472.0,12916108.0,3817552.354326248,83,
85,6.3057708740234375,139.05821228027344,827.0,13073960.0,12782596.0,7840800.293917298,6,13C1
89,7.419344425201416,132.1019287109375,973.0,12832308.0,12540944.0,4887298.212644219,89,
91,8.527092933654785,138.05496215820312,1117.0,12773215.0,12481851.0,7878253.66021502,91,
95,10.550609588623047,236.1490936279297,1379.0,12327668.0,12036304.0,3445396.7704404593,95,
96,9.09712028503418,121.03185272216797,1191.0,12287936.0,11996572.0,5508119.594528725,,
100,0.08251877129077911,100.02470397949219,11.0,12040072.0,11748708.0,916108.4876062917,,
102,0.06735845655202866,88.07626342773438,9.0,11773341.0,11481977.0,1073785.0677192993,,
111,2.120758533477783,212.1495819091797,277.0,11234104.0,10942740.0,2889730.1333866,111,
114,14.602136611938477,133.02769470214844,1907.0,11139230.0,10847866.0,4287085.124817735,,
115,23.134666442871094,164.06671142578125,3007.0,11052712.0,10761348.0,2489258.0531158447,,
122,10.106143951416016,112.11213684082031,1321.0,33949340.0,10119802.0,6811188.660057068,122,
127,0.06735845655202866,215.09304809570312,9.0,10270685.0,9979321.0,1230951.7323510982,8,13C1
128,11.214130401611328,333.12921142578125,1465.0,10169999.0,9878635.0,2079903.2141229063,128,
132,8.542238235473633,250.98779296875,1119.0,10048660.0,9757296.0,2361458.1826877594,,
134,0.09758957475423813,74.09703826904297,13.0,9986189.0,9694825.0,1899605.8351389095,,
138,0.08251877129077911,141.05105590820312,11.0,9790682.0,9499318.0,733455.6236539548,,
142,11.214130401611328,253.14768981933594,1465.0,9405228.0,9112082.0,4261011.949967007,10,13C1
144,0.06735845655202866,231.1163787841797,9.0,9333215.0,9041851.0,666776.7006772999,144,
146,7.816268444061279,112.11213684082031,1025.0,36468200.0,9031786.0,8618878.863731384,146,
148,10.642560958862305,713.0653076171875,1391.0,9278910.0,8987546.0,1072708.1032622978,11876,13C1
153,2.2261619567871094,296.0459899902344,291.0,9170045.0,8878681.0,3076336.5508999825,,
161,0.06735845655202866,74.06066131591797,9.0,9052186.0,8572928.0,787248.3801262192,,
162,11.459210395812988,245.11146545410156,1497.0,8920846.0,8563990.0,4924923.841900435,162,
164,9.513493537902832,155.0816192626953,1245.0,8836773.0,8545409.0,4312965.48701141,164,
165,11.793557167053223,275.0711669921875,1541.0,8835696.0,8544332.0,3698528.7875151355,165,
173,9.005614280700684,148.0966339111328,1179.0,8622785.0,8331421.0,4763676.091240168,,
178,11.717559814453125,130.04994201660156,1531.0,8542046.0,8250682.0,5836728.960364103,,
193,0.06735845655202866,95.0495834350586,9.0,8352063.0,8060699.0,698715.4595490862,911,13C1
208,9.021232604980469,236.15103149414062,1181.0,8032808.0,7741444.0,3278780.9463971257,208,
241,10.642560958862305,711.0711669921875,1391.0,7654465.5,7363101.0,896046.6005215347,,
244,8.031476974487305,235.16554260253906,1053.0,7624373.5,7333009.0,2612477.5566418916,244,
250,0.13265179097652435,113.10763549804688,17.0,7553992.5,7262628.0,2551661.6459092996,,
255,10.642560958862305,715.0625,1391.0,7521663.5,7230299.0,866314.7740504593,,
266,0.08251877129077911,166.04611206054688,11.0,7304976.5,7013612.0,430479.6157558721,,
277,11.594841957092285,132.07705688476562,1515.0,7230003.0,6938639.0,3152063.44514351,,
282,0.08251877129077911,164.06671142578125,11.0,7196659.5,6905295.0,681409.2030886849,,
330,10.550609588623047,236.15103149414062,1379.0,6717954.0,6426590.0,3776178.546250537,330,
332,0.06735845655202866,95.01899719238281,9.0,6717962.5,6398733.0,403377.5415033271,,
353,10.811360359191895,250.98779296875,1413.0,6937436.0,6241281.0,2032651.8572404385,,
355,4.914280414581299,250.9876708984375,645.0,6986580.0,6223158.0,1766278.5955896378,,
375,9.145198822021484,73.07665252685547,1197.0,6349529.5,6058165.0,834689.7344107628,,
390,0.33636900782585144,72.08150482177734,43.0,6259711.0,5968347.0,2491645.0013048053,,
396,0.2759694755077362,112.11213684082031,35.0,36199112.0,5948934.0,7027331.129556298,,
403,9.191106796264648,160.0967559814453,1203.0,6210909.5,5919545.0,2358787.164748192,,
414,7.328415870666504,144.10218811035156,961.0,6145183.0,5853819.0,4058521.3334103115,,
415,0.06735845655202866,158.0269775390625,9.0,6144305.5,5852941.0,872326.2806914691,,
428,0.08251877129077911,97.99183654785156,11.0,6072571.0,5781207.0,612631.2478861089,,
438,9.005614280700684,236.1471405029297,1179.0,6046222.5,5754858.0,4260712.589804448,,
442,7.84588098526001,112.11307525634766,1029.0,18062118.0,5743473.0,3856905.8918800354,442,
452,14.84618091583252,112.11213684082031,1939.0,23163676.0,5678888.0,6249291.369796753,,
496,3.1524345874786377,250.98779296875,413.0,5755471.5,5464107.0,1418235.462176323,,
529,12.082223892211914,104.07090759277344,1579.0,5621227.5,5329863.0,3380776.62254858,,
541,0.09758957475423813,111.09197235107422,13.0,5574745.5,5283381.0,595239.3522184291,,
543,11.075701713562012,209.0474853515625,1447.0,5572808.0,5281444.0,1294962.0297176838,,
548,10.44347095489502,146.11752319335938,1365.0,5541053.5,5249689.0,2863017.3188667856,,
568,9.005614280700684,152.0565948486328,1179.0,5469561.0,5178197.0,2674373.797437895,,
609,23.952022552490234,141.05105590820312,3113.0,5294168.5,5002804.0,978182.0651702881,,
615,10.489164352416992,715.0686645507812,1371.0,5277514.0,4986150.0,420845.32594013214,,
617,11.304754257202148,90.05558776855469,1477.0,5274231.5,4982867.0,1237617.6266333759,,
638,0.08251877129077911,82.01435852050781,11.0,5209089.0,4917725.0,557144.8328567347,,
648,3.9879703521728516,113.1156997680664,523.0,5175425.0,4884061.0,1249947.0529026985,19,13C1
661,10.088475227355957,133.10516357421875,1319.0,5115219.0,4823855.0,2641861.262455986,11,13C1
668,11.747591018676758,84.04493713378906,1535.0,5088194.0,4796830.0,2966062.564048171,,
669,2.2411367893218994,284.17047119140625,293.0,5085380.0,4794016.0,1054622.8182232678,669,
672,1.6616284847259521,302.1963806152344,217.0,5076168.0,4784804.0,1846342.4584443104,672,
688,9.52926254272461,106.08660888671875,1247.0,5025296.5,4733932.0,1682359.4556743205,,
696,10.781009674072266,212.09475708007812,1409.0,7016898.5,4710217.0,3555552.3513970375,,
704,0.08251877129077911,123.03948974609375,11.0,7999712.5,4694972.0,948476.4140717927,704,
714,11.151663780212402,112.11307525634766,1457.0,15340917.0,4666216.0,3980468.0937690735,,
729,10.79621410369873,126.02224731445312,1411.0,4885249.0,4593885.0,2050378.5543106198,,
732,7.740981578826904,175.1078643798828,1015.0,4879188.0,4587824.0,2098657.1915171146,,
741,8.262259483337402,98.07180786132812,1083.0,4842057.5,4550693.0,642837.4850559235,,
756,0.06735845655202866,231.114501953125,9.0,4801765.5,4510401.0,362121.4851919105,756,
758,2.2261619567871094,296.04327392578125,291.0,5246573.0,4502332.0,2112855.843161583,,
787,9.575101852416992,116.0708999633789,1253.0,4719387.5,4428023.0,2370107.1461444497,,
800,7.601943016052246,164.05703735351562,997.0,4684178.0,4392814.0,1084858.8534813751,,
812,7.632617473602295,157.0972137451172,1001.0,4651008.5,4359644.0,1505299.4113010764,,
825,1.6167099475860596,274.2698974609375,211.0,4617430.5,4326066.0,2033977.2441411018,825,
847,0.08251877129077911,125.0382080078125,11.0,4551150.0,4259786.0,385469.6898943063,,
872,11.214130401611328,333.1259765625,1465.0,4492586.5,4201222.0,673000.0212888718,,
883,11.090804100036621,192.1230926513672,1449.0,4456880.0,4165516.0,2145423.636183561,,
901,5.239882469177246,136.06199645996094,687.0,4418879.5,4127515.0,4144359.2616466284,,
905,2.120758533477783,196.12632751464844,277.0,4413136.5,4121772.0,1146059.2489917343,25,13C1
908,9.145198822021484,101.07133483886719,1197.0,4408859.5,4117495.0,475512.097176671,,
911,0.08251877129077911,94.04550170898438,11.0,4473114.0,4111991.0,362006.2980448706,911,
924,0.06735845655202866,216.0852813720703,9.0,4377811.0,4086447.0,536237.4785517536,,
931,9.621463775634766,112.11307525634766,1259.0,15311734.0,4070172.0,3247950.9517211914,931,
939,4.503808498382568,296.0459899902344,591.0,4343064.0,4051700.0,927491.0480203629,,
970,6.68626594543457,98.07180786132812,877.0,4280475.5,3989111.0,306696.11216270924,,
974,3.9879703521728516,230.2478790283203,523.0,4269826.0,3978462.0,1877458.6068740487,974,
977,5.880919456481934,112.11152648925781,771.0,16874704.0,3974494.0,5484487.53818512,,
978,11.030240058898926,176.12844848632812,1441.0,4265198.5,3973834.0,2249135.2340798005,,
989,8.061120986938477,118.08149719238281,1057.0,4480386.5,3946561.0,572084.4379701614,989,
998,0.08251877129077911,181.03076171875,11.0,4210453.0,3919089.0,259810.39331739733,,
1021,8.542238235473633,250.98992919921875,1119.0,4715490.5,3872525.0,1313608.5165538788,,
1033,17.350900650024414,112.11213684082031,2259.0,17819190.0,3858460.0,3609400.4434509277,1033,
1041,0.08251877129077911,124.04116821289062,11.0,4131550.5,3840186.0,337697.50996089313,704,13C1
1044,8.217076301574707,104.07090759277344,1077.0,4126261.5,3834897.0,1376122.9209833145,,
1049,3.1675074100494385,130.08653259277344,415.0,4123940.0,3832576.0,3312371.646726493,,
1061,1.083790898323059,250.98779296875,141.0,4102462.75,3811098.0,749612.957764864,,
1063,2.2866158485412598,151.09645080566406,299.0,4100351.75,3808987.0,581294.5405083746,,
1066,10.79621410369873,193.05279541015625,1411.0,4093316.5,3801952.0,1470213.1869260538,,
1067,3.9879703521728516,95.0860366821289,523.0,4092855.5,3801491.0,1397682.9449112415,,
1069,23.273651123046875,139.01776123046875,3025.0,4091535.75,3800171.0,759786.0494308472,,
1082,1.6317245960235596,275.27960205078125,213.0,4070637.75,3779273.0,2539578.4737283587,43,13C1
1084,0.08251877129077911,139.01776123046875,11.0,4063219.0,3771855.0,410483.28738758864,,
1118,10.427698135375977,717.0626831054688,1363.0,4010819.5,3719455.0,435346.67362976074,,
1124,8.542238235473633,250.98565673828125,1119.0,4377514.0,3710688.0,1058766.4655475616,,
1156,23.396194458007812,123.03948974609375,3041.0,3942927.75,3651563.0,918490.1751346588,1156,
1184,14.707674026489258,112.11307525634766,1921.0,10811055.0,3591073.0,2610908.6286067963,,
1208,12.066996574401855,112.11213684082031,1577.0,25819382.0,3535022.0,9165717.145576477,,
1219,3.1524345874786377,148.0966339111328,413.0,3812532.5,3521168.0,1672854.4936353322,,
1236,4.503808498382568,296.04461669921875,591.0,3781093.25,3489729.0,855743.3445601463,,
1255,0.06735845655202866,231.11827087402344,9.0,3757422.25,3466058.0,314247.0750628286,,
1260,5.65242338180542,112.11152648925781,741.0,16001700.0,3455598.0,6144496.653835297,,
1309,10.642560958862305,709.0755004882812,1391.0,3688548.75,3397184.0,432783.63533551246,,
1319,20.647737503051758,214.09019470214844,2685.0,3674478.5,3383114.0,707791.4296703339,,
1333,0.06735845655202866,141.0004425048828,9.0,3652126.25,3360762.0,456843.3128091078,,
1353,4.947378158569336,296.0459899902344,649.0,3594877.5,3303513.0,902085.0892190933,,
1364,5.515267848968506,112.11152648925781,723.0,15562810.0,3285792.0,3712402.3741226196,,
1405,0.08251877129077911,82.5377426147461,11.0,3540330.75,3229163.0,340295.12503646617,,
1425,7.389007091522217,132.10311889648438,969.0,3496106.5,3204742.0,2245799.7776746154,1425,
1450,12.470012664794922,112.11182403564453,1629.0,16337121.0,3159052.0,4304302.849781036,,
1477,10.489164352416992,713.0560913085938,1371.0,3411184.25,3119820.0,225595.34652662277,,
1488,16.282163619995117,104.10736083984375,2121.0,3395231.75,3103867.0,665425.9119644165,,
1495,9.145198822021484,112.08724975585938,1197.0,3388035.5,3096671.0,455873.42740663886,,
1496,11.642683029174805,112.11213684082031,1521.0,26608284.0,3095308.0,6406755.326019287,,
1514,9.09712028503418,713.065185546875,1191.0,3365635.0,3074271.0,227877.7300195694,1514,
1515,2.4077045917510986,212.0948944091797,315.0,7292572.5,3072923.0,1367097.8936414719,,
1517,12.066996574401855,112.11182403564453,1577.0,16316974.0,3071856.0,3550467.282184601,,
1524,9.390661239624023,112.11307525634766,1229.0,14516105.0,3063139.0,4516939.593589783,1524,
1555,20.493473052978516,112.11213684082031,2665.0,13267664.0,3021171.0,2632524.5592689514,1555,
1583,13.284351348876953,112.11182403564453,1735.0,15729444.0,2982356.0,4589205.150398254,1583,
1598,5.606973648071289,112.11152648925781,735.0,15288989.0,2966353.0,3726538.8909111023,,
1602,7.983423709869385,118.09149169921875,1047.0,3971451.5,2960935.0,503423.2309355736,,
1626,6.243221282958984,112.11152648925781,819.0,16244079.0,2930885.0,4758990.799665451,,
1632,0.09758957475423813,115.12322998046875,13.0,3213943.25,2922579.0,383960.87858314277,,
1636,10.688875198364258,176.09202575683594,1397.0,3210084.25,2918720.0,1385307.8409089353,,
1637,12.066996574401855,112.11152648925781,1577.0,7539550.0,2917624.0,1807908.0099220276,,
1648,4.947378158569336,296.04461669921875,649.0,3191839.0,2900475.0,956405.600320816,,
1692,10.197893142700195,709.06982421875,1333.0,3128942.25,2837578.0,415426.024725914,,
1694,0.06735845655202866,75.05587768554688,9.0,3131732.0,2834913.0,285416.7202525092,,
1704,18.096803665161133,112.11307525634766,2355.0,8546211.0,2818455.0,2245384.9535217285,,
1707,13.284351348876953,112.11152648925781,1735.0,7418639.0,2817499.0,2024116.7859458923,1707,
1738,10.811360359191895,250.98992919921875,1413.0,3251633.25,2775417.0,1202800.5664083958,,
1770,3.274179697036743,296.04327392578125,429.0,3891638.5,2733273.0,843862.3311443329,,
1777,12.946331977844238,112.11275482177734,1691.0,19153004.0,2727830.0,4157592.935295105,,
1805,10.811360359191895,250.98565673828125,1413.0,3028677.5,2696768.0,704765.1205508709,,
1820,7.983423709869385,176.13912963867188,1047.0,2967923.0,2676559.0,695083.107445851,,
1837,14.84618091583252,244.0233612060547,1939.0,2943103.0,2651739.0,953693.1939668655,,
1842,2.2716097831726074,203.1837921142578,297.0,2936222.5,2644858.0,1094424.9785750099,44,13C1
1864,0.06735845655202866,101.07160186767578,9.0,2918244.5,2626880.0,218602.87818070874,,
1876,8.046285629272461,118.0901107788086,1055.0,3931197.75,2606683.0,401081.0479182005,,
1888,9.114778518676758,711.0709838867188,1193.0,2890229.25,2598865.0,305103.41217947006,,
1903,0.7958199977874756,212.0948944091797,103.0,6580226.0,2589362.0,2107058.5859467387,,
1908,2.2866158485412598,168.12294006347656,299.0,2872905.0,2581541.0,405904.4942477108,,
1911,12.80793285369873,112.11182403564453,1673.0,15430977.0,2580175.0,3379059.0437202454,,
1916,18.781166076660156,214.09007263183594,2443.0,2868495.25,2577131.0,559027.7318296432,,
1927,0.06735845655202866,84.05619049072266,9.0,2869954.25,2557927.0,228743.15663442342,,
1932,6.671124458312988,250.98779296875,875.0,6057570.5,2554512.0,1258295.4381132126,,
1941,8.182095527648926,171.1127166748047,1073.0,2838301.0,2546937.0,948393.4647984505,,
1958,0.08251877129077911,141.04971313476562,11.0,2859996.5,2523793.0,268739.06740393536,1958,
1967,10.504400253295898,715.0526733398438,1373.0,2807103.0,2515739.0,222799.59758758545,,
1975,11.18166446685791,174.08743286132812,1461.0,2796861.0,2505497.0,1496596.3405745625,,
1983,9.513493537902832,112.11307525634766,1245.0,15114023.0,2498742.0,3281649.3599586487,1983,
1985,0.03713575750589371,91.05469512939453,5.0,2788186.0,2496822.0,354740.65381323453,,
1987,12.113590240478516,112.11213684082031,1583.0,25590770.0,2495662.0,5181355.568496704,,
2019,11.717559814453125,112.11213684082031,1531.0,25932378.0,2461880.0,7182942.691436768,,
2037,14.602136611938477,593.004150390625,1907.0,2733919.25,2442555.0,273437.224992753,,
2045,11.642683029174805,112.11182403564453,1521.0,16651996.0,2437503.0,4370092.049152374,,
2062,0.08251877129077911,118.0350112915039,11.0,2709221.25,2417857.0,176199.56770172343,,
2076,0.6895332932472229,341.1009216308594,89.0,2694092.0,2402728.0,440133.8596279621,,
2085,7.114789962768555,137.0457305908203,933.0,2687203.5,2395839.0,861949.7094244957,2085,
2155,9.09712028503418,715.0625,1191.0,2624967.25,2333603.0,181145.23197889328,,
2158,10.933563232421875,206.10267639160156,1429.0,2620395.75,2329031.0,1101173.7957709623,,
2161,20.647737503051758,214.0884246826172,2685.0,2619615.75,2328251.0,549462.1381053925,,
2184,0.08251877129077911,60.04508972167969,11.0,2603110.0,2311746.0,458248.20571798563,,
2191,10.489164352416992,129.06607055664062,1371.0,2595300.0,2303936.0,1238797.2095804783,,
2212,0.08251877129077911,155.98171997070312,11.0,2578058.75,2286694.0,176834.3442454288,,
2219,2.3468382358551025,124.03968048095703,307.0,2569200.25,2277836.0,580821.5905141383,,
2230,6.68626594543457,112.08724975585938,877.0,2561910.25,2270546.0,172675.4058367908,,
2234,1.4631736278533936,338.1810607910156,191.0,2557005.5,2265641.0,544700.2847311024,,
2251,8.012935638427734,120.09074401855469,1051.0,2535755.5,2244391.0,932021.2447027564,,
2260,22.36139678955078,250.98779296875,2907.0,2529853.5,2238489.0,724816.4861946106,,
2341,12.470012664794922,112.11152648925781,1629.0,7500829.5,2172492.0,2218663.2401714325,,
2349,1.2813812494277954,243.18255615234375,167.0,2459596.75,2168232.0,493412.88787881285,,
2352,16.716493606567383,112.11307525634766,2177.0,9101770.0,2166876.0,2646706.296070099,2352,
2356,24.120943069458008,97.99183654785156,3135.0,2456105.25,2164741.0,470454.852850914,,
2411,10.412455558776855,713.080322265625,1361.0,2416502.0,2125138.0,216011.19864058495,,
2426,0.06735845655202866,136.97108459472656,9.0,2395524.75,2104160.0,169886.54781438602,,
2427,14.587244033813477,230.99510192871094,1905.0,2395329.5,2103965.0,645126.446126332,,
2432,10.305228233337402,713.080078125,1347.0,2394866.0,2103502.0,161203.74387943745,,
2433,12.83850383758545,112.11213684082031,1677.0,24731126.0,2103300.0,8922299.005367279,,
2453,18.066064834594727,164.06723022460938,2351.0,8643972.0,2084944.0,1665273.5395469666,,
2459,10.642560958862305,713.0806274414062,1391.0,2372746.25,2081382.0,276396.1208632542,,
2480,10.197893142700195,713.0802001953125,1333.0,2351229.75,2059865.0,154541.37165522575,,
2482,0.06735845655202866,90.09194946289062,9.0,2350372.0,2059008.0,211816.21931016492,,
2492,0.06735845655202866,138.96875,9.0,2346201.25,2054837.0,161610.6108469821,,
2514,8.046285629272461,119.08340454101562,1055.0,2335712.75,2038591.0,1415822.6503857623,6066,13C1
2516,14.587244033813477,478.0092468261719,1905.0,2329009.25,2037645.0,235150.79157103226,,
2527,9.145198822021484,97.07665252685547,1197.0,2323489.5,2032125.0,332994.06662750244,,
2539,10.550609588623047,713.0806274414062,1379.0,2315027.25,2023663.0,177007.26545643806,,
2552,19.659717559814453,123.04022216796875,2557.0,8721332.0,2016840.0,2671817.494319916,,
2563,7.586390972137451,141.03126525878906,995.0,2299516.5,2008152.0,542146.3221598938,,
2565,7.632617473602295,112.05097198486328,1001.0,2298861.5,2007497.0,983536.9084656835,,
2595,12.83850383758545,112.11244201660156,1677.0,27001278.0,1993686.0,6280960.445175171,,
2614,11.612771034240723,259.11334228515625,1517.0,2269510.25,1978146.0,986711.056112064,41,13C1
2621,12.654314041137695,112.11213684082031,1653.0,23663864.0,1971170.0,5825196.537132263,,
2627,6.68626594543457,101.07133483886719,877.0,2258243.25,1966879.0,147867.42658749223,,
2642,10.44347095489502,713.080078125,1365.0,2244687.75,1953323.0,185365.6472057104,,
2643,12.946331977844238,112.11307525634766,1691.0,10569003.0,1953195.0,2391677.3876075745,,
2659,22.06749153137207,112.11213684082031,2869.0,10966135.0,1942350.0,2186032.2926330566,,
2667,0.09758957475423813,85.07648468017578,13.0,2268030.5,1935641.0,296070.73168973206,,
2670,11.914080619812012,112.11213684082031,1557.0,24731438.0,1934394.0,6136121.220726013,,
2691,11.77855110168457,76.04005432128906,1539.0,2214514.75,1923150.0,705165.4734205455,,
2708,11.717559814453125,112.11182403564453,1531.0,16099388.0,1907942.0,4823011.32762146,,
2728,10.274748802185059,713.0804443359375,1343.0,2187677.25,1896313.0,181357.5778733492,,
2732,4.488710880279541,296.0472412109375,589.0,3079331.25,1893377.0,955108.0301241875,,
2745,0.06735845655202866,98.07168579101562,9.0,2178777.75,1887413.0,183694.74637596728,,
2746,21.048175811767578,112.11307525634766,2737.0,6014367.0,1886965.0,1222217.4832172394,,
2765,13.222784996032715,112.11213684082031,1727.0,23318038.0,1875312.0,4699466.669231415,2765,
2770,7.556270122528076,212.09312438964844,991.0,3161516.0,1869995.0,1137932.1036188602,,
2773,11.136581420898438,282.1180725097656,1455.0,2159414.75,1868050.0,803632.0980857145,,
2814,0.06735845655202866,102.09172821044922,9.0,2128090.0,1836726.0,128094.66935590516,,
2826,11.642683029174805,112.11152648925781,1521.0,7459379.0,1830165.0,2205726.023387909,,
2841,1.2658333778381348,568.294677734375,165.0,2115559.5,1824195.0,340955.17983291997,2841,
2852,11.717559814453125,149.06402587890625,1531.0,2110102.5,1818738.0,1420984.028120175,33,13C1
2856,15.276952743530273,74.09703826904297,1993.0,2143872.25,1816228.0,1170358.5971784592,,
2864,17.44605255126953,112.11307525634766,2271.0,8181887.0,1808447.0,2180335.373310089,2864,
2868,2.2261619567871094,267.1436767578125,291.0,2097083.5,1805719.0,406978.53555818414,,
2895,0.08251877129077911,123.04168701171875,11.0,3802530.75,1787669.0,604899.6779852724,2895,
2970,23.396194458007812,125.03782653808594,3041.0,2034917.625,1743553.0,455233.56996536255,,
2985,12.83850383758545,112.11152648925781,1677.0,6769228.5,1737299.0,4186378.650806427,,
3013,10.688875198364258,713.080322265625,1397.0,2018225.625,1726861.0,147823.3578680111,,
3016,8.012935638427734,118.0928726196289,1051.0,2364965.5,1725973.0,441551.9903732538,,
3073,13.053709030151367,112.11213684082031,1705.0,23868072.0,1689780.0,5775601.654457092,,
3096,7.022622108459473,212.0948944091797,921.0,7023290.0,1674723.0,1752363.4804410934,,
3099,19.120508193969727,112.11307525634766,2487.0,7210274.0,1672395.0,2195323.0344200134,,
3105,4.947378158569336,296.04327392578125,649.0,1961116.125,1669752.0,637625.5329978466,,
3110,14.84618091583252,250.98992919921875,1939.0,3159474.0,1667625.0,714801.0167064667,,
3119,12.654314041137695,112.11182403564453,1653.0,14578737.0,1664432.0,4537926.895191193,,
3144,2.196166515350342,341.1042785644531,287.0,1943299.75,1651935.0,489818.4338795543,,
3148,4.503808498382568,296.04327392578125,591.0,2305860.75,1648868.0,557231.3705770969,,
3152,11.444109916687012,164.06671142578125,1495.0,4426830.5,1647175.0,995098.381398201,,
3154,16.65497589111328,123.04022216796875,2169.0,7433560.0,1646739.0,1414358.568511963,,
3179,23.798078536987305,123.04168701171875,3093.0,1921622.625,1630258.0,811173.4389533997,3179,
3183,10.182160377502441,713.0809326171875,1331.0,1920811.125,1629447.0,154541.37165522575,,
3185,9.918116569519043,416.1774597167969,1297.0,1919723.125,1628359.0,294771.8512393236,,
3198,18.96613883972168,112.11275482177734,2467.0,12520328.0,1620707.0,2612423.941719055,,
3206,1.6317245960235596,266.15966796875,213.0,1907930.0,1616566.0,692263.7046188731,,
3207,14.25175666809082,139.01776123046875,1861.0,2239183.0,1616165.0,491881.60462522507,,
3221,16.779029846191406,112.11307525634766,2185.0,8833176.0,1611917.0,1916297.3121032715,3221,
3224,0.06735845655202866,212.07376098632812,9.0,1902412.0,1611048.0,189747.89273756812,,
3238,0.06735845655202866,86.06057739257812,9.0,1970488.25,1604125.0,222816.12635014474,,
3281,5.804882526397705,296.0461120605469,761.0,1880937.875,1589573.0,334299.0917775631,,
3312,6.047747611999512,154.05331420898438,793.0,1866726.75,1575362.0,1252956.6663768664,,
3335,10.305228233337402,715.077392578125,1347.0,1854103.25,1562739.0,120984.07986140251,,
3343,11.80855655670166,112.11213684082031,1543.0,23988964.0,1558616.0,5920150.5215911865,,
3344,10.04293441772461,713.0804443359375,1313.0,1849775.125,1558411.0,134222.21905899048,,
3360,20.647737503051758,250.98779296875,2685.0,3172440.5,1550340.0,582164.292755127,,
3369,11.459210395812988,246.1166229248047,1497.0,1838129.875,1546765.0,496814.79893150926,62,13C1
3389,23.196195602416992,124.04116821289062,3015.0,1830529.375,1539165.0,601594.3273301125,1156,13C1
3391,1.9675660133361816,398.2015075683594,257.0,1830275.875,1538911.0,243803.02804735396,,
3395,10.642560958862305,715.077880859375,1391.0,1828454.25,1537090.0,212373.79333019257,11876,2H2
3417,24.81350326538086,60.04508972167969,3225.0,1818086.875,1526722.0,621065.7592048645,,
3451,10.412455558776855,715.07763671875,1361.0,1802067.0,1510703.0,162095.85404717922,,
3453,5.3308234214782715,212.0948944091797,699.0,5807996.0,1510540.0,1109919.5903959274,,
3470,13.053709030151367,112.11182403564453,1705.0,14939445.0,1499880.0,5221979.265541077,,
3488,10.781009674072266,212.09722900390625,1409.0,2177401.25,1491524.0,1359667.5073211193,,
3493,12.237700462341309,112.11213684082031,1599.0,24853736.0,1490336.0,5185149.491111755,,
3501,11.838645935058594,112.11182403564453,1547.0,15115815.0,1485114.0,3862390.501876831,,
3520,14.602136611938477,707.997802734375,1907.0,1767597.5,1476233.0,170285.52589684073,,
3521,24.25850486755371,100.02470397949219,3153.0,1767254.375,1475890.0,387866.6829571724,,
3524,0.13265179097652435,96.08122253417969,17.0,1766508.625,1475144.0,619315.284242543,,
3534,8.742666244506836,143.0816192626953,1145.0,1762630.75,1471266.0,481180.04128426313,,
3542,0.06735845655202866,215.0955810546875,9.0,1758567.625,1467203.0,285915.0839419493,51,13C1
3551,21.511594772338867,164.06614685058594,2797.0,6265393.0,1464300.0,1542272.8879585266,,
3564,8.882061004638672,713.0709838867188,1163.0,1749979.5,1458615.0,141151.40826821327,,
3587,1.4325989484786987,432.23895263671875,187.0,1742113.0,1450749.0,139350.8750103414,,
3597,10.197893142700195,715.077392578125,1333.0,1736395.375,1445031.0,115946.96594071388,,
3615,12.362624168395996,184.07315063476562,1615.0,1728634.625,1437270.0,876845.4221442938,,
3619,12.992141723632812,112.11213684082031,1697.0,23713470.0,1435362.0,4824090.3377075195,,
3624,10.550609588623047,715.077880859375,1379.0,1725864.625,1434500.0,128354.69767212868,11876,2H2
3634,11.459210395812988,269.1055603027344,1497.0,1719897.125,1428533.0,765713.6951780273,,
3635,9.621463775634766,713.080078125,1259.0,1719110.25,1427746.0,105734.44610524178,,
3640,2.120758533477783,241.18368530273438,277.0,1717448.375,1426084.0,407853.3802831572,59,13C1
3662,11.717559814453125,112.11152648925781,1531.0,7036258.5,1419837.0,2402305.2635173798,,
3677,0.08251877129077911,102.02240753173828,11.0,1704241.25,1412877.0,130906.52962492389,,
3682,13.145874977111816,112.11275482177734,1717.0,18524078.0,1410126.0,5693603.351158142,,
3702,10.642560958862305,719.0564575195312,1391.0,1694694.625,1403330.0,198570.8484865306,,
3704,9.762177467346191,713.0804443359375,1277.0,1692444.875,1401080.0,110190.00295710564,,
3724,21.727737426757812,123.04132080078125,2825.0,4445262.0,1391871.0,1090915.2678833008,,
3732,10.106143951416016,713.0811767578125,1321.0,1680412.875,1389048.0,134992.57339286804,,
3752,12.237700462341309,112.11152648925781,1599.0,6892491.5,1383503.0,1723234.528591156,,
3773,7.877863883972168,179.005126953125,1033.0,1669834.25,1378470.0,387011.43054175377,,
3778,11.732522010803223,102.05535125732422,1533.0,1668177.125,1376813.0,721726.6484696344,,
3789,12.83850383758545,112.11182403564453,1677.0,15391258.0,1371609.0,8198045.347354889,,
3801,18.96613883972168,250.98992919921875,2467.0,1658448.5,1367084.0,403920.1383881569,,
3808,1.9675660133361816,370.1707763671875,257.0,1654933.75,1363569.0,251086.81308011903,,
3827,10.44347095489502,715.077392578125,1365.0,1649579.0,1358215.0,139592.7843850851,,
3871,23.134666442871094,166.06454467773438,3007.0,1631810.0,1340446.0,305959.77509593964,,
3873,16.217857360839844,164.06723022460938,2113.0,7745039.5,1339861.0,1527451.3464889526,,
3877,13.053709030151367,112.11152648925781,1705.0,6707884.0,1338692.0,2654112.5079479218,,
3887,18.004098892211914,112.11307525634766,2343.0,8142769.0,1334868.0,2920818.9891853333,,
3889,18.96613883972168,112.11244201660156,2467.0,16983398.0,1334375.0,3176191.226425171,,
3892,16.886634826660156,112.11307525634766,2199.0,8400941.0,1333285.0,3046040.593269348,3892,
3898,10.826567649841309,277.08917236328125,1415.0,1621801.25,1330437.0,457893.5204908401,,
3908,10.274748802185059,715.077880859375,1343.0,1619482.5,1328118.0,136105.96343827248,,
3935,2.2411367893218994,312.20184326171875,293.0,1608175.25,1316811.0,313680.0663464633,,
3938,18.390443801879883,112.11307525634766,2393.0,7673439.0,1316110.0,2384897.837463379,,
3940,9.191106796264648,160.098388671875,1203.0,1607335.25,1315971.0,624445.1177558899,,
3968,9.005614280700684,237.15243530273438,1179.0,1594284.875,1302920.0,919203.433739223,70,13C1
3976,15.732810974121094,214.0884246826172,2051.0,1592523.0,1301159.0,714680.6449377537,,
3979,18.96613883972168,112.11307525634766,2467.0,7073507.0,1299907.0,1516604.138595581,,
3990,13.13062858581543,112.11307525634766,1715.0,10224709.0,1296620.0,3267009.5130615234,,
4016,0.09758957475423813,103.08688354492188,13.0,1579788.0,1288424.0,166688.52563350694,,
4033,2.2716097831726074,196.154296875,297.0,1572616.625,1281252.0,187185.5149751273,,
4039,23.87467384338379,141.04971313476562,3103.0,1570719.5,1279355.0,588549.3689746857,4039,
4043,0.08251877129077911,197.0086669921875,11.0,1569708.25,1278344.0,110136.35058430443,,
4051,12.946331977844238,112.11244201660156,1691.0,26743468.0,1276222.0,5156815.081489563,,
4053,0.06735845655202866,214.08477783203125,9.0,1956243.125,1275896.0,229922.89321434498,,
4071,9.513493537902832,713.0804443359375,1245.0,1560626.375,1269262.0,95153.51391816139,,
4072,17.679332733154297,112.11307525634766,2301.0,7077441.5,1268705.0,1928023.469028473,,
4111,0.08251877129077911,101.02555847167969,11.0,1546984.5,1255620.0,115568.09817487479,9251,13C1
4133,12.082223892211914,104.07176208496094,1579.0,1539949.875,1248585.0,1258384.4041330814,,
4164,18.282529830932617,112.11307525634766,2379.0,7586695.5,1241009.0,2029601.2556114197,,
4180,12.43943977355957,112.11213684082031,1625.0,24948970.0,1236006.0,6049184.239681244,,
4192,10.612088203430176,715.0781860351562,1387.0,1524214.25,1232850.0,119905.51478028297,11876,2H2
4199,17.335542678833008,112.11307525634766,2257.0,8336692.5,1229436.0,2215236.484577179,4199,
4225,14.557390213012695,465.92706298828125,1901.0,1512768.5,1221404.0,155487.19536480773,,
4243,11.914080619812012,112.11182403564453,1557.0,14994144.0,1217096.0,4002217.226512909,,
4261,2.4077045917510986,104.07090759277344,315.0,2073312.0,1209334.0,875354.3061885238,,
4266,10.688875198364258,715.07763671875,1397.0,1498564.375,1207200.0,113289.24013137817,11876,2H2
4311,0.06735845655202866,215.0904998779297,9.0,1484814.125,1193450.0,241686.27029046323,46,13C1
4325,10.489164352416992,247.0583038330078,1371.0,1482161.5,1190797.0,430521.6000589933,,
4345,12.40841293334961,112.11182403564453,1621.0,16055223.0,1185080.0,3569354.013278961,,
4350,0.08251877129077911,132.96591186523438,11.0,1474842.5,1183478.0,92502.37993504846,,
4365,12.654314041137695,112.11152648925781,1653.0,6234084.0,1179961.0,2272437.5060043335,,
4392,11.030240058898926,303.1191711425781,1441.0,1463857.875,1172493.0,336153.4322798997,,
4396,11.18166446685791,286.1127014160156,1461.0,1462784.25,1171420.0,535022.088858515,,
4398,10.781009674072266,272.13421630859375,1409.0,1462621.25,1171257.0,586726.9817557931,,
4421,9.636795043945312,713.0806274414062,1261.0,1457029.125,1165665.0,105734.44610524178,,
4433,18.996822357177734,367.09381103515625,2471.0,1454188.625,1162824.0,219540.91682815552,,
4440,10.73473072052002,190.10720825195312,1403.0,1452773.875,1161409.0,569785.1860219985,,
4446,5.682744026184082,112.11152648925781,745.0,15629863.0,1160057.0,6144496.653835297,,
4452,6.458200931549072,296.0459899902344,847.0,1449327.5,1157963.0,314836.6443605423,,
4459,11.838645935058594,112.11152648925781,1547.0,6285610.5,1155422.0,1883102.87374115,,
4497,5.850238800048828,112.11152648925781,767.0,16465931.0,1149297.0,3894165.0237960815,,
4563,20.647737503051758,250.98565673828125,2685.0,1433921.875,1134907.0,306633.7766261101,,
4568,10.182160377502441,715.0781860351562,1331.0,1424048.375,1132684.0,115946.96594071388,,
4572,9.762177467346191,246.096923828125,1277.0,1423422.875,1132058.0,711980.0398017624,,
4573,18.49838638305664,112.11307525634766,2407.0,7587343.0,1131943.0,2312501.1014823914,,
4576,0.3689709007740021,341.1074523925781,47.0,1421576.125,1130212.0,293003.94145679474,,
4592,1.2507375478744507,568.301513671875,163.0,1417651.625,1126287.0,160929.84728009743,,
4611,1.6317245960235596,83.0608901977539,213.0,4965725.0,1122863.0,1333723.0217376947,,
4648,0.08251877129077911,143.0485382080078,11.0,1406122.375,1113320.0,100931.87909627543,,
4666,8.602814674377441,268.01422119140625,1127.0,1400181.5,1108817.0,479750.22428536415,,
4693,14.602136611938477,592.9963989257812,1907.0,1394233.875,1102869.0,132004.31723079458,,
4704,9.9511079788208,134.08103942871094,1301.0,1392992.0,1101628.0,647384.5173435304,,
4744,16.608722686767578,112.11307525634766,2163.0,8222013.0,1092156.0,1842734.6810836792,4744,
4746,6.168090343475342,296.0459899902344,809.0,1383218.25,1091854.0,307925.60275530815,,
4747,18.888442993164062,112.11275482177734,2457.0,12058037.0,1091810.0,2654480.323623657,,
4749,0.628687858581543,269.0344543457031,81.0,1381534.0,1090170.0,248813.91951926053,,
4756,24.705339431762695,164.06723022460938,3211.0,6416534.0,1088929.0,1225877.4501152039,,
4768,18.79648208618164,257.93304443359375,2445.0,1378086.125,1086722.0,389609.41630649567,,
4795,17.350900650024414,164.06558227539062,2259.0,3199881.5,1081900.0,694075.2891235352,,
4799,9.405925750732422,713.080078125,1231.0,1371612.625,1080248.0,138806.49834907055,,
4821,1.2813812494277954,243.18460083007812,167.0,1365484.875,1074120.0,343795.310805246,,
4824,21.048175811767578,250.98992919921875,2737.0,1414958.375,1073391.0,403458.4992542267,,
4827,2.4228460788726807,212.0973663330078,317.0,2071771.375,1073089.0,503554.42384147644,,
4840,4.595024585723877,166.0863494873047,603.0,1359212.25,1067848.0,718408.9583946168,,
4898,8.945018768310547,713.0756225585938,1171.0,1347252.875,1055888.0,90388.72825366259,,
4906,14.557390213012695,391.9588928222656,1901.0,1345503.125,1054139.0,101525.18111073226,,
4910,2.590296983718872,296.0419006347656,339.0,2060650.25,1053465.0,472813.8492743969,,
4911,12.329673767089844,112.11213684082031,1611.0,24854226.0,1053360.0,5171518.672515869,,
4919,23.859405517578125,94.04550170898438,3101.0,1343886.25,1052522.0,499910.5888776779,,
4930,7.740981578826904,158.0811004638672,1015.0,1341145.375,1049781.0,655397.9074979424,,
4936,7.556270122528076,130.04994201660156,991.0,1339400.5,1048036.0,458024.3269683048,,
4968,0.08251877129077911,199.04147338867188,11.0,1333284.75,1041920.0,80818.36729561025,,
4978,5.131697654724121,250.98565673828125,673.0,3184682.25,1039805.0,1142896.7600448132,,
5008,0.052262742072343826,73.0654296875,7.0,1405458.5,1033439.0,207603.6595454465,,
5010,9.390661239624023,713.0804443359375,1229.0,1324553.375,1033189.0,138806.49834907055,,
5024,0.08251877129077911,124.04376220703125,11.0,1397211.625,1031249.0,116779.89200517903,704,13C1
5044,11.012596130371094,156.0770263671875,1439.0,1318838.25,1027474.0,721796.0616378394,,
5049,10.550609588623047,237.15243530273438,1379.0,1316797.0,1025433.0,312278.22459477186,95,13C1
5066,8.247199058532715,104.07176208496094,1081.0,1312573.875,1021209.0,294220.66847991943,,
5076,2.4228460788726807,296.04864501953125,317.0,3492872.25,1019538.0,769323.3455877304,,
5097,10.73473072052002,713.0810546875,1403.0,1306209.25,1014845.0,68392.91464024317,,
5104,10.197893142700195,711.0553588867188,1333.0,1304101.75,1012737.0,116046.22027850151,,
5107,11.67267894744873,175.0711669921875,1525.0,1303867.0,1012503.0,695669.5047829933,,
5116,13.207509994506836,83.0608901977539,1725.0,3558249.0,1011812.0,973647.4803142548,,
5117,12.222482681274414,134.04483032226562,1597.0,1303136.125,1011772.0,780742.4891657475,,
5119,10.088475227355957,719.062255859375,1319.0,1303057.25,1011693.0,94125.34216785431,,
5144,7.022622108459473,296.0459899902344,921.0,1295741.625,1004377.0,230298.6948440075,,
5175,11.136581420898438,118.08665466308594,1455.0,1540857.125,997825.0,307910.0184943676,,
5195,0.06735845655202866,99.05572509765625,9.0,1286047.75,994683.0,96707.8278037312,,
5198,16.65497589111328,164.06558227539062,2169.0,3094099.25,994568.0,780825.3127307892,,
5211,6.655978679656982,296.04461669921875,873.0,1283123.375,991759.0,324874.8422949314,,
5247,11.18166446685791,334.133544921875,1461.0,1275077.75,983713.0,211250.24509897176,128,13C1
5288,0.052262742072343826,61.0291748046875,7.0,1425676.375,974268.0,202244.59202263015,,
5296,9.621463775634766,715.0775146484375,1259.0,1264725.875,973361.0,81217.05921977758,,
5317,10.350971221923828,714.0679931640625,1353.0,1258457.625,967093.0,82242.20451825857,11876,13C2
5343,13.023164749145508,112.11182403564453,1701.0,14701705.0,961542.0,3956184.5123062134,,
5357,9.145198822021484,124.08710479736328,1197.0,1251569.375,960205.0,204970.8147508502,,
5358,10.427698135375977,712.0691528320312,1363.0,1251235.875,959871.0,129349.21695387363,,
5363,2.3468382358551025,118.08665466308594,307.0,1968039.25,959098.0,502537.4685294628,,
5379,0.08251877129077911,142.05186462402344,11.0,1262917.75,956385.0,91903.95524389704,1958,13C1
5391,0.08251877129077911,225.0209197998047,11.0,1246421.875,955057.0,75284.70689716606,,
5399,8.882061004638672,163.11595153808594,1163.0,1244701.375,953337.0,471420.50453103334,60,13C1
5412,9.746846199035645,715.077880859375,1275.0,1242154.875,950790.0,84777.07446277142,,
5428,14.587244033813477,478.0148620605469,1905.0,1239221.5,947857.0,119515.16423170699,,
5439,11.166671752929688,83.06107330322266,1459.0,3958996.75,946157.0,973290.3550624847,,
5441,4.762248516082764,250.98980712890625,625.0,3376530.5,945967.0,791921.198319912,,
5445,14.737645149230957,202.9973907470703,1925.0,1236435.375,945071.0,323765.2253751755,,
5447,6.047747611999512,214.09007263183594,793.0,1236359.5,944995.0,263252.72265052795,,
5481,0.09758957475423813,119.08164978027344,13.0,1230552.25,939188.0,109315.51034521125,,
5484,10.550609588623047,236.1471405029297,1379.0,4592079.5,939003.0,1425213.293528989,,
5487,4.124538421630859,296.0459899902344,541.0,4631734.5,938281.0,1199658.2348713875,,
5499,2.2261619567871094,341.1009216308594,291.0,1228430.5,937066.0,195944.4545736313,,
5512,7.983423709869385,118.08012390136719,1047.0,1423503.375,934135.0,139927.73404037952,5512,
5513,7.556270122528076,206.138427734375,991.0,1225394.625,934030.0,603506.3647161499,,
5536,6.168090343475342,296.04461669921875,809.0,1221020.625,929656.0,255216.90283453465,,
5547,9.42127799987793,713.0807495117188,1233.0,1218838.125,927474.0,138806.49834907055,,
5548,12.915332794189453,112.11244201660156,1687.0,26448444.0,926860.0,6183688.391426086,,
5561,10.7041654586792,715.077880859375,1399.0,1216000.125,924636.0,90003.85748434067,11876,2H2
5562,18.888442993164062,112.11307525634766,2457.0,6482533.5,924633.0,1498696.9283332825,,
5565,14.587244033813477,593.0115356445312,1905.0,1215744.25,924380.0,102898.32788325427,,
5576,7.114789962768555,296.0458679199219,933.0,1214216.375,922852.0,213516.53613758087,,
5589,12.192057609558105,98.07180786132812,1593.0,1212899.0,921535.0,129429.24547749758,,
5617,10.350971221923828,553.0601806640625,1353.0,1208442.125,917078.0,87320.22845983505,,
5671,9.513493537902832,715.0777587890625,1245.0,1200303.125,908939.0,70829.94008868933,,
5674,17.571264266967773,112.11307525634766,2287.0,7359351.5,908498.0,2007181.059474945,,
5687,1.6167099475860596,275.2748107910156,211.0,2943879.25,904993.0,920604.1870259047,825,13C1
5698,9.606183052062988,713.0809326171875,1257.0,1195253.375,903889.0,105734.44610524178,,
5703,11.18166446685791,291.0690002441406,1461.0,1194199.125,902835.0,405601.66322053364,,
5739,9.452285766601562,212.0924072265625,1237.0,1188048.375,896684.0,322543.51454639435,,
5754,7.632617473602295,190.10720825195312,1001.0,1185489.5,894125.0,624089.3262773752,,
5768,12.992141723632812,112.11182403564453,1697.0,14657935.0,891790.0,3294727.0383224487,,
5777,0.06735845655202866,73.04036712646484,9.0,1324220.875,888803.0,126518.22102027561,,
5798,0.03713575750589371,87.04463958740234,5.0,1356915.125,884958.0,193403.0173922826,,
5807,0.08251877129077911,125.03707885742188,11.0,1386741.75,883893.0,150064.1588663576,,
5817,11.395838737487793,180.07681274414062,1489.0,1173886.5,882522.0,514266.25298036076,64,13C1
5824,8.960172653198242,713.0753784179688,1173.0,1172393.875,881029.0,90388.72825366259,,
5840,6.213390350341797,296.0461120605469,815.0,1169529.875,878165.0,277943.8840225935,,
5847,7.022622108459473,296.04461669921875,921.0,1169147.25,877783.0,215042.70069682598,,
5870,11.564814567565918,106.05026245117188,1511.0,1166394.0,875030.0,406402.41987427464,,
5894,1.4325989484786987,320.1698303222656,187.0,1162429.375,871065.0,163084.48331287503,,
5901,6.808967113494873,296.0458679199219,893.0,1161269.0,869905.0,188503.0886273384,,
5904,10.366744041442871,709.0609130859375,1355.0,1160807.875,869443.0,96649.30880475044,,
5905,14.84618091583252,212.09475708007812,1939.0,1506470.125,868884.0,283700.44738316536,,
5921,0.08251877129077911,100.0255126953125,11.0,2431367.75,865600.0,298352.7689525236,,
5926,19.906400680541992,175.11903381347656,2589.0,1156128.25,864764.0,1001286.2043663785,,
5929,2.3016698360443115,124.08710479736328,301.0,1155867.625,864503.0,270112.32642674446,,
5948,17.041318893432617,112.11307525634766,2219.0,8248097.5,862756.0,2266445.0880470276,5948,
5970,6.869712829589844,296.0461120605469,901.0,1151930.125,860566.0,197073.7173333168,,
5976,8.122349739074707,269.08782958984375,1065.0,1151391.125,860027.0,185579.923620224,,
5978,0.08251877129077911,116.0020980834961,11.0,1158278.125,859625.0,95661.04199374543,,
5997,23.396194458007812,181.0308837890625,3041.0,1148196.875,856832.0,198973.6339612007,,
6001,23.180849075317383,165.0674285888672,3013.0,1147556.625,856192.0,255416.06380558014,,
6005,10.933563232421875,171.1127166748047,1429.0,1147097.75,855088.0,288046.6931550503,,
6006,10.642560958862305,709.060302734375,1391.0,1146124.0,854760.0,134816.28972751927,,
6041,0.06735845655202866,118.06443786621094,9.0,1285794.25,849939.0,153971.74610469723,,
6049,2.3016698360443115,100.07599639892578,301.0,1139761.0,848397.0,272606.71019634604,,
6066,8.031476974487305,118.07840728759766,1053.0,1223962.375,846302.0,121261.7188154459,6066,
6092,9.52926254272461,713.081298828125,1247.0,1134389.375,843025.0,95153.51391816139,,
6152,1.4631736278533936,338.1844177246094,191.0,1125691.625,834327.0,264490.26091031637,,
6177,23.952022552490234,139.01905822753906,3113.0,1122591.25,831227.0,343041.67775774,,
6203,3.957697629928589,296.04461669921875,519.0,4569033.5,827999.0,1236094.9722287655,,
6210,9.283133506774902,713.0807495117188,1215.0,1118553.25,827189.0,82497.61262845993,,
6213,3.7298223972320557,296.0472412109375,489.0,4091304.5,827064.0,1157561.7513914108,,
6230,10.182160377502441,709.0607299804688,1331.0,1116156.125,824792.0,76801.37845820189,,
6232,2.3016698360443115,121.03972625732422,301.0,1115836.875,824472.0,135603.26148416847,,
6238,9.636795043945312,715.077880859375,1261.0,1115205.25,823841.0,81217.05921977758,,
6268,0.8109177947044373,309.04150390625,105.0,1111000.625,819636.0,419958.8064939827,,
6281,9.313693046569824,713.0807495117188,1219.0,1109667.25,818303.0,82497.61262845993,,
6307,7.968688011169434,118.09424591064453,1045.0,1104886.25,813522.0,94959.96962708235,,
6320,0.06735845655202866,100.07613372802734,9.0,1160983.375,812108.0,131049.027331097,,
6340,0.06735845655202866,87.09226989746094,9.0,1182933.375,808758.0,142382.12812039838,,
6350,23.380830764770508,166.04611206054688,3039.0,1098368.25,807004.0,240414.5845580101,,
6359,9.29843521118164,713.0804443359375,1217.0,1096892.0,805528.0,82497.61262845993,,
6363,9.918116569519043,145.06056213378906,1297.0,1096699.25,805335.0,543816.2983292621,,
6372,8.945018768310547,715.0728759765625,1171.0,1095782.0,804418.0,73261.71443074942,,
6392,8.09074592590332,113.1156997680664,1061.0,3355341.75,801607.0,600425.3548212051,442,13C1
6400,4.124538421630859,296.04461669921875,541.0,3938321.5,801073.0,940985.6887760162,,
6406,2.135739803314209,133.08615112304688,279.0,1091785.75,800421.0,288928.4233409618,,
6463,18.888442993164062,112.11244201660156,2457.0,17199084.0,793519.0,5971308.232971191,,
6469,6.395363807678223,138.04847717285156,839.0,1089837.125,793085.0,203512.9156960845,2085,13C1
6490,8.882061004638672,713.0760498046875,1163.0,1082469.625,791105.0,89228.29844242334,,
6493,9.405925750732422,715.077392578125,1231.0,1082107.75,790743.0,81847.89242661,,
6516,10.857486724853516,159.07632446289062,1419.0,1078307.375,786943.0,541566.2764737341,,
6518,3.7756011486053467,250.98565673828125,495.0,2794858.5,786829.0,591598.0946723223,,
6529,8.866961479187012,713.0755004882812,1161.0,1075819.375,784455.0,89228.29844242334,,
6536,6.3356122970581055,138.06109619140625,831.0,1177762.625,783172.0,255739.97795253992,,
6546,0.09758957475423813,132.1019287109375,13.0,1072659.625,781295.0,239939.50900472538,,
6551,6.213390350341797,296.04473876953125,815.0,1072109.5,780745.0,205337.18759524822,,
6567,0.3689709007740021,212.09722900390625,47.0,1751835.25,779477.0,412453.3081341386,,
6575,9.838668823242188,715.0777587890625,1287.0,1070059.625,778695.0,89770.01035618782,,
6583,11.395838737487793,117.05474853515625,1489.0,1069058.25,777694.0,250405.52560481988,,
6622,0.03713575750589371,101.0601806640625,5.0,1065465.25,774101.0,122168.76575570297,,
6626,3.9879703521728516,296.0459899902344,523.0,5213156.0,773888.0,1243798.8134040833,,
6661,10.274748802185059,329.1346740722656,1343.0,1060909.375,769545.0,360946.60039803386,,
6662,4.914280414581299,250.98553466796875,645.0,3085072.25,769306.0,913929.2230935097,,
6677,13.023164749145508,112.11275482177734,1701.0,18058696.0,767858.0,4045478.968032837,,
6689,10.182160377502441,713.0503540039062,1331.0,1057865.75,766501.0,68468.95949578285,,
6692,7.08342981338501,296.0461120605469,929.0,1057374.0,766010.0,211906.05277240276,,
6693,12.40841293334961,112.11152648925781,1621.0,7497856.0,765966.0,1863353.4027671814,,
6729,6.68626594543457,124.08710479736328,877.0,1053182.5,761818.0,105639.72545456886,,
6736,23.134666442871094,180.0444793701172,3007.0,1052650.25,761286.0,216827.37006664276,,
6755,13.115326881408691,112.11244201660156,1713.0,25964692.0,759156.0,6046296.608882904,,
6805,0.33636900782585144,70.0657958984375,43.0,1043295.0,751931.0,341292.7892784849,,
6823,14.389945030212402,125.0382080078125,1879.0,1069155.625,749509.0,400426.4061871767,,
6825,23.87467384338379,118.06529998779297,3103.0,1040581.0,749217.0,304745.25509929657,,
6840,20.893970489501953,367.09356689453125,2717.0,1039365.75,748001.0,107168.05837059021,,
6841,6.3356122970581055,138.05979919433594,831.0,1175349.125,747916.0,59515.71681505442,,
6853,7.0529866218566895,296.0461120605469,925.0,1037631.125,746267.0,286794.62489259243,,
6865,10.642560958862305,713.0499877929688,1391.0,1036749.125,745385.0,120132.19987933454,,
6872,16.10992431640625,164.06558227539062,2099.0,2909663.5,744714.0,911904.1418714523,,
6909,0.06735845655202866,232.1193084716797,9.0,1031928.375,740564.0,75865.0659565498,756,13C1
6930,8.788155555725098,713.0709838867188,1151.0,1029713.375,738349.0,164623.06060306437,,
6932,11.914080619812012,112.11152648925781,1557.0,5986259.5,738146.0,1947252.4179267883,,
6934,0.09758957475423813,259.1480712890625,13.0,1029479.375,738115.0,129583.70359074904,,
6943,1.417553186416626,432.2342224121094,185.0,1028617.4375,737253.0,122267.17300501466,,
6944,5.804882526397705,296.04339599609375,761.0,1028527.5625,737163.0,238453.85391938686,,
6950,8.882061004638672,711.0767211914062,1163.0,1027812.6875,736448.0,195121.39862547186,,
6956,0.08251877129077911,182.02398681640625,11.0,1026659.1875,735295.0,64752.87428298243,6956,
6969,7.1300272941589355,296.04461669921875,935.0,1025506.0625,734142.0,200677.092572093,,
6984,9.390661239624023,715.0777587890625,1229.0,1023707.125,732343.0,94076.5307431817,,
7010,2.2261619567871094,250.98565673828125,291.0,1848241.75,729842.0,727969.6525361538,,
7014,5.972025394439697,268.01409912109375,783.0,1021051.625,729687.0,222862.4156522751,,
7021,6.183069705963135,138.0502166748047,811.0,1062226.5,729052.0,95559.95089936256,7021,
7053,0.06735845655202866,110.07160949707031,9.0,1016405.6875,725041.0,86127.86329562624,,
7073,0.06735845655202866,102.12800598144531,9.0,1018761.375,722027.0,146125.11509129894,,
7078,2.2261619567871094,267.1460266113281,291.0,1012949.6875,721585.0,245808.1556110722,,
7082,14.737645149230957,250.98565673828125,1925.0,2669210.75,721371.0,683534.9005184174,,
7084,0.03713575750589371,97.0289535522461,5.0,1012625.8125,721261.0,126438.26446193829,,
7086,17.507408142089844,97.07640075683594,2279.0,1012438.5625,721074.0,108483.42779606581,,
7094,9.036426544189453,709.0761108398438,1183.0,1011578.0,720214.0,116759.3912255764,,
7108,19.351478576660156,83.06107330322266,2517.0,2687477.5,718762.0,586681.035777092,,
7121,14.602136611938477,478.00390625,1907.0,1007763.625,716399.0,95965.05415748886,,
7123,9.021232604980469,236.15298461914062,1181.0,1007101.125,715737.0,600357.5770598203,,
7161,4.154675483703613,88.07604217529297,545.0,1002222.0,710858.0,202784.28648996353,,
7182,14.497000694274902,250.98565673828125,1893.0,2629484.5,708382.0,711658.7591757774,,
7184,3.957697629928589,150.11236572265625,519.0,999499.0625,708135.0,204646.5883169789,,
7201,11.214130401611328,254.14920043945312,1465.0,1073610.625,706600.0,473430.1288681689,,
7223,6.808967113494873,296.04449462890625,893.0,995874.625,704510.0,158071.1353726387,,
7228,2.909475803375244,341.1009216308594,381.0,995607.25,704243.0,154024.8061708808,,
7236,3.41074538230896,296.04327392578125,447.0,3711429.75,703613.0,1441904.8277390003,,
7239,4.139596462249756,296.0472412109375,543.0,3355870.25,703269.0,1114715.1132321358,,
7242,8.262259483337402,110.07174682617188,1083.0,994449.8125,703085.0,132674.11407834291,,
7244,13.023164749145508,112.11152648925781,1701.0,6455479.0,702924.0,2003425.5544662476,,
7257,0.08251877129077911,183.0286865234375,11.0,993457.25,702093.0,66634.78593443235,6956,13C1
7258,4.367165565490723,296.04473876953125,573.0,3725030.75,702004.0,625921.2533392906,,
7266,9.652076721191406,715.0783081054688,1263.0,992591.25,701227.0,81217.05921977758,,
7267,10.73473072052002,715.0783081054688,1403.0,992538.875,701174.0,53557.13869595528,11876,2H2
7269,6.671124458312988,250.98565673828125,875.0,2577396.75,700903.0,534350.7782685757,,
7281,10.058137893676758,709.06103515625,1315.0,991360.25,699996.0,62593.85557812452,,
7283,12.531543731689453,250.98980712890625,1637.0,2528582.25,699889.0,519216.7842721939,,
7302,8.527092933654785,139.05821228027344,1117.0,988906.75,697542.0,486240.22550699115,91,13C1
7317,14.236564636230469,123.04168701171875,1859.0,1003724.1875,695909.0,377071.02266669273,,
7384,12.143964767456055,176.1027374267578,1587.0,982141.625,690777.0,541939.4168912806,,
7393,3.9879703521728516,296.04736328125,523.0,3688914.0,690029.0,1000340.7067451477,,
7413,9.85692310333252,152.07073974609375,1289.0,979054.625,687690.0,479863.7589981854,,
7415,11.41097354888916,62.06076431274414,1491.0,978873.0625,687509.0,277655.99578881264,,
7436,2.1058127880096436,114.09161376953125,275.0,977316.3125,685952.0,426805.74005404115,,
7437,22.887041091918945,112.11307525634766,2975.0,3726384.5,685901.0,970576.0394515991,,
7466,9.09712028503418,165.05821228027344,1191.0,974617.9375,683253.0,356435.22906799614,,
7482,3.957697629928589,296.0459899902344,519.0,5186105.0,682188.0,2010915.3388609886,,
7501,23.889949798583984,112.11213684082031,3105.0,3252981.0,679359.0,629794.2942314148,,
7505,11.214130401611328,333.1341247558594,1465.0,1642612.25,678918.0,471287.58513987064,,
7518,14.35950756072998,250.98779296875,1875.0,4312756.5,677193.0,771104.1885004044,,
7539,0.13265179097652435,157.13369750976562,17.0,966787.9375,675423.0,248362.14278950193,,
7553,0.06735845655202866,210.05828857421875,9.0,965437.1875,674073.0,56074.58378662861,,
7557,8.247199058532715,296.0458679199219,1081.0,965161.5,673797.0,146971.5524804592,,
7573,14.707674026489258,244.02630615234375,1921.0,963385.75,672021.0,248130.45285248756,,
7580,20.893970489501953,367.095458984375,2717.0,962711.125,671347.0,122453.38638544083,,
7586,10.305228233337402,711.0858764648438,1347.0,962338.6875,670974.0,62196.9355712533,,
7629,8.262259483337402,140.081787109375,1083.0,957962.875,666598.0,121072.30832183361,,
7637,18.01992416381836,164.06558227539062,2345.0,2947964.5,665666.0,925845.7155313492,,
7641,4.139596462249756,212.09722900390625,543.0,1708844.875,665174.0,835062.589632988,,
7647,16.436283111572266,164.06558227539062,2141.0,2962994.5,664530.0,966801.8836536407,,
7655,10.197893142700195,711.0859985351562,1333.0,955089.25,663725.0,58523.277819395065,,
7659,10.305228233337402,719.0504760742188,1347.0,954886.25,663522.0,71345.58344566822,,
7663,0.06735845655202866,170.0272979736328,9.0,954407.9375,663043.0,54356.01062556739,,
7679,2.7881996631622314,341.1009216308594,365.0,951916.6875,660552.0,172648.35152870417,,
7685,11.319865226745605,133.06105041503906,1479.0,951217.5,659853.0,419897.32327500125,,
7688,4.139596462249756,268.01409912109375,543.0,950588.375,659224.0,229257.50127398968,,
7692,9.902841567993164,709.0606079101562,1295.0,950443.0625,659079.0,84567.60542583466,,
7693,8.527092933654785,265.00384521484375,1117.0,950317.25,658953.0,216094.4833805561,,
7694,8.012935638427734,204.12295532226562,1051.0,950314.8125,658950.0,235967.1373925209,,
7705,8.587675094604492,213.09817504882812,1125.0,949376.875,658012.0,170933.03236603737,83,13C1
7721,21.09406852722168,139.01776123046875,2743.0,3198201.75,656935.0,681374.8277540207,,
7723,17.46142578125,164.06558227539062,2273.0,3025771.5,656647.0,814049.7353153229,,
7762,12.80793285369873,112.11152648925781,1673.0,6736097.5,653271.0,1725354.0842342377,,
7784,3.8515775203704834,296.04461669921875,505.0,4790228.0,651542.0,895689.1567521095,,
7787,7.022622108459473,250.98565673828125,921.0,2557434.5,651404.0,629900.3224797249,,
7795,9.09712028503418,713.0804443359375,1191.0,942158.1875,650794.0,75654.3335698843,,
7799,3.1524345874786377,296.0431213378906,413.0,4255257.0,650470.0,1149218.987596035,,
7807,0.06735845655202866,102.05535125732422,9.0,949028.75,649898.0,92109.90543773782,,
7831,4.443371295928955,296.04736328125,583.0,3022533.25,647813.0,760288.6375091076,,
7847,0.08251877129077911,124.04227447509766,11.0,1059388.625,646790.0,125725.45625287833,704,13C1
7849,4.65589714050293,296.04461669921875,611.0,3390452.75,646705.0,903744.6033632755,,
7858,8.848851203918457,711.0767211914062,1159.0,936227.375,644863.0,195121.39862547186,,
7883,10.67306137084961,709.0604248046875,1395.0,933219.9375,641855.0,134816.28972751927,,
7918,0.03713575750589371,107.04943084716797,5.0,930149.75,638785.0,102008.3638827966,,
7936,10.765252113342285,713.080322265625,1407.0,928882.9375,637518.0,32640.440349872224,,
7946,2.120758533477783,213.15240478515625,277.0,928088.75,636724.0,238394.4353628814,111,13C1
7947,0.08251877129077911,166.06454467773438,11.0,928081.75,636717.0,90852.80282339163,,
7949,10.07330322265625,709.0604248046875,1317.0,928000.0,636636.0,94673.42306399345,,
7999,10.489164352416992,247.05621337890625,1371.0,946767.1875,632038.0,403940.8683764124,,
8023,15.006607055664062,250.98565673828125,1959.0,2823470.25,630020.0,982342.3225374222,,
8038,9.145198822021484,122.07157897949219,1197.0,920353.0,628989.0,141202.6208704114,,
8065,1.5238149166107178,318.3007507324219,199.0,917984.4375,626620.0,152211.98411920667,,
8087,11.62772274017334,336.0877380371094,1519.0,915771.625,624407.0,265927.69704882987,,
8088,13.94482135772705,124.04116821289062,1821.0,915760.6875,624396.0,167637.6889666319,,
8109,10.197893142700195,709.0596923828125,1333.0,913916.0625,622552.0,76801.37845820189,,
8114,8.945018768310547,709.0756225585938,1171.0,913565.5625,622201.0,62771.36923009157,,
8125,1.6317245960235596,249.1337127685547,213.0,912621.625,621257.0,356211.5895703372,,
8131,1.5988291501998901,274.2673645019531,209.0,1003863.3125,621033.0,380500.1201104224,8131,
8142,1.7065657377243042,512.2704467773438,223.0,911155.875,619791.0,83295.63290777616,,
8153,10.412455558776855,711.086181640625,1361.0,910093.5,618729.0,87644.00011980534,,
8176,8.433249473571777,296.0459899902344,1105.0,908639.625,617275.0,158037.83180201054,,
8181,0.08251877129077911,140.9971466064453,11.0,1120321.375,617116.0,69858.26710136354,,
8182,2.2866158485412598,151.0979461669922,299.0,908466.5,617102.0,182660.7270604968,,
8183,8.848851203918457,713.0760498046875,1159.0,908406.1875,617042.0,89228.29844242334,,
8215,8.031476974487305,236.16851806640625,1053.0,905678.3125,614314.0,258453.81097127683,244,13C1
8222,0.08251877129077911,84.0118179321289,11.0,905333.6875,613969.0,91072.16753929478,,
8226,3.395674705505371,296.04864501953125,445.0,2915822.0,613874.0,599031.3625147343,,
8232,0.06735845655202866,160.09707641601562,9.0,904714.6875,613350.0,76970.51037379261,,
8255,9.42127799987793,715.0780639648438,1233.0,903271.375,611907.0,94076.5307431817,,
8282,0.06735845655202866,117.0661392211914,9.0,901756.8125,610392.0,58914.76129517413,,
8290,10.811360359191895,268.01409912109375,1413.0,901106.875,609742.0,173475.53877088428,,
8293,16.65497589111328,250.98565673828125,2169.0,1744694.375,609545.0,399538.3823451996,,
8295,7.0529866218566895,296.04473876953125,925.0,900860.9375,609496.0,178738.09369969368,,
8317,0.1980179399251938,284.1961975097656,25.0,898783.8125,607419.0,288294.55581929046,,
8323,11.519597053527832,216.0633544921875,1505.0,898409.9375,607045.0,278522.9294059216,,
8327,0.06735845655202866,103.05052185058594,9.0,912993.0625,606828.0,83510.47092508202,,
8334,2.468670606613159,296.04339599609375,323.0,4552419.5,606297.0,1111899.1575922966,,
8343,18.14337158203125,164.06558227539062,2361.0,2931216.5,605791.0,960547.0367946625,,
8345,12.884840965270996,112.11307525634766,1683.0,9806926.0,605659.0,2317278.8508758545,,
8346,0.052262742072343826,71.04988098144531,7.0,941453.125,605558.0,148530.36013741582,,
8356,12.83850383758545,112.11275482177734,1677.0,18399268.0,604692.0,4942680.129360199,,
8363,10.197893142700195,156.03244018554688,1333.0,895702.25,604338.0,291690.66255995724,,
8366,1.7065657377243042,73.07665252685547,223.0,895420.9375,604056.0,115844.30923604965,,
8380,3.0765914916992188,296.04864501953125,403.0,3140215.25,603302.0,822118.2353858948,,
8388,7.114789962768555,296.0472412109375,933.0,905674.9375,602395.0,179688.0462306738,,
8406,8.075931549072266,95.0860366821289,1059.0,2547476.0,600680.0,496208.55932331085,,
8410,0.08251877129077911,139.01905822753906,11.0,1012631.75,600373.0,145060.49646815725,,
8413,17.21160888671875,250.98992919921875,2241.0,1828525.25,600297.0,434957.80097579956,,
8429,0.08251877129077911,140.00439453125,11.0,890674.9375,599310.0,54854.411212353734,,
8462,5.315738201141357,296.0459899902344,697.0,2761254.5,596891.0,799501.9777202606,,
8479,10.07330322265625,713.0499877929688,1317.0,886687.5625,595323.0,112849.9100266099,,
8489,0.06735845655202866,61.04035568237305,9.0,1090760.625,594237.0,160685.8075298697,,
8503,10.366744041442871,136.05093383789062,1355.0,966541.4375,593101.0,483068.76413064636,57,13C1
8526,10.642560958862305,711.08642578125,1391.0,882890.25,591526.0,102549.78374674032,,
8527,6.824138164520264,192.1230926513672,895.0,882842.5625,591478.0,212407.93875265121,,
8548,14.35950756072998,250.98672485351562,1875.0,3300959.25,590067.0,658871.3785381317,,
8549,14.602136611938477,250.01742553710938,1907.0,881176.9375,589812.0,165957.5528780222,,
8563,10.274748802185059,707.0781860351562,1343.0,880078.25,588714.0,66141.40366578102,,
8565,14.84618091583252,268.01409912109375,1939.0,880002.5,588638.0,185014.3621621132,,
8571,2.196166515350342,296.04876708984375,287.0,3249302.0,587933.0,1092119.0177948475,,
8593,10.305228233337402,709.0596923828125,1347.0,877711.4375,586347.0,70841.13294625282,,
8647,10.44347095489502,711.0859985351562,1365.0,873284.5625,581920.0,87644.00011980534,,
8648,9.918116569519043,709.060302734375,1297.0,873262.9375,581898.0,84567.60542583466,,
8649,9.918116569519043,416.17291259765625,1297.0,873220.9375,581856.0,97816.07957440615,,
8663,1.7065657377243042,290.2684020996094,223.0,871970.875,580606.0,149975.60045158863,,
8685,10.550609588623047,711.08642578125,1379.0,869960.4375,578596.0,52839.79346984625,,
8693,7.419344425201416,133.10557556152344,973.0,869341.3125,577977.0,300858.8905370869,89,13C1
8732,4.595024585723877,250.98565673828125,603.0,2813245.5,575063.0,604514.4248993397,,
8748,9.823358535766602,709.0607299804688,1285.0,865515.6875,574151.0,72319.12778365612,,
8775,12.113590240478516,162.07595825195312,1583.0,863420.1875,572056.0,495197.24684600905,,
8799,24.920677185058594,139.01776123046875,3239.0,3208907.25,570483.0,564440.0150780678,,
8817,21.35702133178711,165.0668487548828,2777.0,929623.5625,568670.0,146845.2875893116,,
8822,8.975296020507812,709.0758056640625,1175.0,859697.6875,568333.0,76173.35280114412,,
8827,5.8658342361450195,250.98565673828125,769.0,3035507.0,567829.0,912118.5685956478,,
8871,9.762177467346191,709.0601806640625,1277.0,856378.625,565014.0,57255.157494187355,,
8876,10.7194185256958,715.07861328125,1401.0,855949.25,564585.0,70110.6898329258,11876,2H2
8889,3.957697629928589,296.04327392578125,519.0,2802101.75,563686.0,832383.2988336086,,
8934,21.372343063354492,367.0955810546875,2779.0,851478.1875,560114.0,162558.94091665745,,
8936,23.87467384338379,182.07745361328125,3103.0,851429.3125,560065.0,144887.9296746254,,
8952,10.688875198364258,709.06005859375,1397.0,850258.0,558894.0,72662.41170103382,,
8974,10.550609588623047,236.15298461914062,1379.0,848450.5625,557086.0,503817.96778543293,,
8983,2.120758533477783,177.11187744140625,277.0,847696.125,556332.0,215748.06685930933,,
8986,8.882061004638672,717.0634765625,1163.0,847602.9375,556238.0,144335.3473030124,,
8990,0.08251877129077911,269.01080322265625,11.0,847319.9375,555955.0,47959.36219466261,,
8997,1.4932421445846558,422.2380065917969,195.0,846875.25,555511.0,64383.02318271843,,
9005,0.06735845655202866,100.11241912841797,9.0,867024.8125,554809.0,87645.65901866031,,
9007,4.200314998626709,214.08934020996094,551.0,1264066.75,554764.0,277197.7842332125,,
9017,9.021232604980469,713.0804443359375,1181.0,845365.0,554001.0,60976.27498167753,,
9024,10.274748802185059,711.0863037109375,1343.0,844926.3125,553562.0,68506.67729562521,,
9027,23.396194458007812,214.08758544921875,3041.0,1872048.0,553255.0,400845.23196029663,,
9038,22.67095375061035,112.11307525634766,2947.0,4304665.0,552582.0,1660387.9187965393,,
9045,9.066755294799805,212.0924072265625,1187.0,1190784.375,552076.0,476574.1796979904,,
9052,9.267373085021973,715.0777587890625,1213.0,842851.4375,551487.0,110136.14603555202,,
9085,1.6317245960235596,294.1913757324219,213.0,840233.4375,548869.0,276142.53513573646,,
9098,18.63990020751953,250.98565673828125,2425.0,1489654.5,547844.0,305376.43135356903,,
9102,2.2411367893218994,312.1988830566406,293.0,838739.5,547375.0,174213.47292679548,,
9115,9.021232604980469,237.1544189453125,1181.0,837805.25,546441.0,534510.2922436297,208,13C1
9130,12.915332794189453,367.09368896484375,1687.0,836841.75,545477.0,89157.15743529797,,
9142,3.8515775203704834,222.0982666015625,505.0,836384.125,545020.0,201924.50216060877,,
9159,2.331746816635132,98.07180786132812,305.0,835114.9375,543750.0,155285.80425685644,,
9161,14.602136611938477,707.9877319335938,1907.0,835038.75,543674.0,75982.90369696112,,
9166,9.902841567993164,713.0502319335938,1295.0,834831.5625,543467.0,73811.87313574553,,
9180,18.066064834594727,112.11307525634766,2351.0,8380013.5,542715.0,2245384.9535217285,,
9228,1.6317245960235596,303.2000427246094,213.0,830644.0,539280.0,150548.98229328613,672,13C1
9251,0.08251877129077911,100.0239028930664,11.0,1484907.25,537614.0,207155.76173083682,9251,
9256,19.073551177978516,141.05059814453125,2481.0,2046778.125,537366.0,391719.53116607666,,
9273,14.389945030212402,97.99183654785156,1879.0,827300.5,535936.0,306167.85550135374,,
9292,14.587244033813477,708.0073852539062,1905.0,825352.5625,533988.0,79747.98453649394,,
9301,17.46142578125,139.01776123046875,2273.0,2764844.5,533577.0,624657.772274971,,
9318,7.114789962768555,212.09722900390625,933.0,2108667.0,532682.0,592720.4145188332,,
9326,9.667353630065918,709.0609130859375,1265.0,823674.375,532310.0,55019.11469221115,,
9334,9.52926254272461,715.07861328125,1247.0,823244.625,531880.0,70829.94008868933,,
9339,1.4781965017318726,316.2124938964844,193.0,823012.5,531648.0,218542.48904861894,,
9368,8.866961479187012,711.060791015625,1161.0,821179.1875,529815.0,151291.53744577616,,
9388,5.972025394439697,212.09722900390625,783.0,1609863.375,528662.0,504601.61701631546,,
9391,7.7107672691345215,296.0459899902344,1011.0,918467.5625,528327.0,259109.06758400053,,
9396,2.5751242637634277,341.1006774902344,337.0,819118.9375,527754.0,142516.6700285077,,
9436,0.08251877129077911,182.0313262939453,11.0,873931.375,524418.0,58220.21224785218,,
9443,0.08251877129077911,165.0673065185547,11.0,815122.3125,523758.0,72291.13978749863,,
9447,11.474305152893066,139.01776123046875,1499.0,1155492.0,523424.0,338644.6236231327,,
9450,7.725864887237549,152.07073974609375,1013.0,814609.8125,523245.0,476807.4560635388,,
9469,24.25850486755371,112.11213684082031,3153.0,2317237.5,522047.0,471546.98292922974,,
9471,17.507408142089844,83.06107330322266,2279.0,2831324.75,521918.0,1096326.4410877228,,
9488,23.889949798583984,112.11182403564453,3105.0,2015417.75,520888.0,648160.1831188202,,
9491,8.803298950195312,713.0756225585938,1153.0,812097.1875,520733.0,115021.66258609708,,
9516,10.688875198364258,717.047119140625,1397.0,809793.75,518429.0,69432.93774279393,,
9527,8.882061004638672,711.0614624023438,1163.0,808463.25,517099.0,154119.4303090442,,
9539,10.106143951416016,113.1156997680664,1321.0,2896696.5,516343.0,655472.0634589195,122,13C1
9559,7.601943016052246,205.09774780273438,997.0,806544.1875,515180.0,272836.4433007671,,
9623,14.572333335876465,94.04550170898438,1903.0,1254154.375,510353.0,301183.90495181084,,
9644,4.595024585723877,120.08085632324219,603.0,800725.375,509361.0,412745.92497448623,,
9660,9.145198822021484,85.07669830322266,1197.0,799754.5625,508390.0,113865.86385643482,,
9675,3.274179697036743,341.1007995605469,429.0,798865.375,507501.0,173148.43376410007,,
9676,8.866961479187012,709.0755004882812,1161.0,798758.625,507394.0,122219.57427887619,,
9683,4.367165565490723,296.04339599609375,573.0,2305220.75,506962.0,438282.2619924545,,
9687,2.3016698360443115,139.05030822753906,301.0,798147.25,506783.0,116442.52382405102,,
9700,4.7319817543029785,250.98980712890625,621.0,3079691.5,505946.0,791921.198319912,,
9704,0.06735845655202866,113.07132720947266,9.0,797098.8125,505734.0,90463.60511362122,,
9711,8.945018768310547,711.0816040039062,1171.0,796601.625,505237.0,52012.018627882004,,
9716,10.397207260131836,137.043212890625,1359.0,796289.25,504925.0,178367.12399879098,,
9718,9.52926254272461,709.0612182617188,1247.0,796224.8125,504860.0,78422.18943095207,,
9727,8.882061004638672,717.058349609375,1163.0,795832.0,504468.0,141509.74402981345,,
9729,10.427698135375977,716.0635986328125,1363.0,795759.125,504395.0,72060.8650906682,,
9735,4.947378158569336,171.1127166748047,649.0,1618359.5,504145.0,356555.45840001106,,
9746,22.29990005493164,367.09368896484375,2899.0,795125.125,503761.0,100083.0856717825,,
9752,0.08251877129077911,173.99252319335938,11.0,794827.1875,503463.0,51932.14583324909,,
9769,2.6210718154907227,296.04864501953125,343.0,3334782.0,502457.0,710312.3243370056,,
9786,5.098535537719727,269.10784912109375,669.0,792863.6875,501499.0,192558.4505366087,,
9795,3.274179697036743,296.0419006347656,429.0,1687364.625,500931.0,426139.1252743006,,
9819,13.68327522277832,250.98565673828125,1787.0,1917056.5,499677.0,502631.2056879997,,
9829,3.7298223972320557,296.04864501953125,489.0,2242477.5,498766.0,585357.7124760151,,
9838,0.06735845655202866,214.07720947265625,9.0,809459.4375,498324.0,73411.99650293612,,
9840,9.823358535766602,158.1541748046875,1285.0,789608.125,498244.0,249019.25454866886,,
9849,15.968937873840332,164.06558227539062,2081.0,2633871.5,497398.0,606598.1830887794,,
9871,8.833690643310547,715.0728759765625,1157.0,787563.0,496199.0,109087.89803546201,,
9874,9.823358535766602,713.0503540039062,1285.0,787375.125,496011.0,73568.80712336302,,
9912,24.058927536010742,143.0485382080078,3127.0,784989.1875,493625.0,228388.68227529526,,
9955,8.247199058532715,296.04449462890625,1081.0,782370.6875,491006.0,155505.40534687042,,
9978,0.7958199977874756,171.1127166748047,103.0,1292208.125,489524.0,322047.3029167205,,
9999,1.9675660133361816,341.1074523925781,257.0,779602.375,488238.0,217559.47115027905,,
10013,8.866961479187012,717.0626831054688,1161.0,778921.0,487557.0,144335.3473030124,,
10030,13.145874977111816,112.11244201660156,1717.0,25861594.0,486044.0,6046296.608882904,,
10039,2.3016698360443115,247.16661071777344,301.0,776857.5625,485493.0,190970.10996584594,,
10041,11.612771034240723,258.10662841796875,1517.0,3586555.25,485434.0,2558693.752000942,,
10044,11.793557167053223,276.074462890625,1541.0,776524.125,485160.0,259554.63550488837,165,13C1
10045,14.129100799560547,250.98565673828125,1845.0,1915035.75,485080.0,406985.1301174164,,
10054,7.526155948638916,86.09700775146484,987.0,775995.75,484631.0,438543.8423104882,,
10056,17.741310119628906,164.06558227539062,2309.0,3082352.0,484559.0,1003806.7809944153,,
10069,3.274179697036743,212.09312438964844,429.0,1986658.375,483827.0,440492.90841269493,,
10078,1.9675660133361816,370.1745910644531,257.0,774412.0,483048.0,158763.22388631705,,
10119,11.88387680053711,148.05897521972656,1553.0,2314651.75,481001.0,1096075.8286101818,10119,
10125,1.721580147743225,74.09703826904297,225.0,2105055.0,480862.0,608717.7183880806,,
10128,17.180805206298828,164.06558227539062,2237.0,2588134.0,480643.0,617023.3890914917,,
10132,9.918116569519043,713.0499877929688,1297.0,771755.0,480391.0,73811.87313574553,,
10140,8.433249473571777,296.04461669921875,1105.0,771289.0625,479925.0,144801.76299273968,,
10152,0.8109177947044373,265.00384521484375,105.0,770706.9375,479342.0,211145.7577496916,,
10166,7.7107672691345215,296.04461669921875,1011.0,779443.0625,478526.0,233486.4496638775,,
10167,0.08251877129077911,181.03273010253906,11.0,769868.0625,478504.0,74941.18562633579,,
10169,10.197893142700195,713.0494384765625,1333.0,769798.6875,478434.0,68468.95949578285,,
10182,17.01047134399414,214.09019470214844,2215.0,2315711.75,477519.0,593271.9930944443,,
10185,1.9976407289505005,239.1489715576172,261.0,768747.0,477383.0,244800.79876918904,,
10196,6.168090343475342,296.04736328125,809.0,965701.5,476900.0,251623.59866464138,,
10197,10.765252113342285,715.07763671875,1407.0,767987.4375,476623.0,26226.2230155468,11876,2H2
10210,16.374387741088867,112.11307525634766,2133.0,7979591.0,476229.0,1836139.711013794,10210,
10213,3.8515775203704834,296.04327392578125,505.0,2977906.5,475971.0,609753.3987700939,,
10215,13.437999725341797,250.98565673828125,1755.0,1897035.625,475870.0,409227.7302341461,,
10217,6.808967113494873,212.09722900390625,893.0,1752903.75,475599.0,404497.18289995193,,
10219,24.890066146850586,212.0948944091797,3235.0,929779.625,475576.0,234549.51367282867,,
10228,3.334604263305664,296.04327392578125,437.0,3584019.25,475118.0,783208.2244420052,,
10247,10.73473072052002,120.065673828125,1403.0,765236.25,473872.0,399137.3856875757,,
10264,16.10992431640625,250.98565673828125,2099.0,1784396.375,472840.0,534759.5572195053,,
10289,5.131697654724121,296.04461669921875,673.0,2664544.5,471536.0,496739.259991169,,
10298,10.933563232421875,212.0965576171875,1429.0,3057366.25,471054.0,884435.3635287285,,
10304,23.798078536987305,125.03895568847656,3093.0,762166.0,470802.0,294532.31263542175,,
10321,13.913859367370605,113.1156997680664,1817.0,2035677.375,469983.0,504222.96921491623,1707,13C1
10322,15.039422035217285,214.09091186523438,1963.0,1537158.625,469968.0,340785.6691260338,,
10324,8.727516174316406,182.0674591064453,1143.0,761218.0,469854.0,404517.2299126014,,
10346,23.242109298706055,214.08758544921875,3021.0,1620906.625,468767.0,635490.8426127434,,
10378,12.68533992767334,112.11244201660156,1657.0,27153836.0,466922.0,5215566.08000946,,
10384,10.197893142700195,717.046875,1333.0,757852.3125,466488.0,68614.98386752605,,
10390,4.139596462249756,296.04864501953125,543.0,1928054.75,466233.0,671294.3174860477,,
10406,12.02131175994873,112.11213684082031,1571.0,24756280.0,465114.0,5024287.547843933,,
10416,10.688875198364258,711.086181640625,1397.0,755838.25,464474.0,54628.04865070293,,
10435,6.900087356567383,250.98565673828125,905.0,2415506.25,463723.0,512719.1973800659,,
10440,9.933418273925781,709.0607299804688,1299.0,754647.4375,463283.0,84567.60542583466,,
10451,2.468670606613159,269.0345764160156,323.0,754135.9375,462771.0,152442.33955404162,,
10454,10.213127136230469,711.0865478515625,1335.0,754045.875,462681.0,58523.277819395065,,
10460,8.075931549072266,118.1541976928711,1059.0,753872.0,462508.0,92426.80620718002,,
10475,5.789722442626953,104.0711898803711,759.0,1504283.625,461737.0,285782.7867805958,,
10487,8.960172653198242,711.0811767578125,1173.0,752651.75,461287.0,52012.018627882004,,
10490,0.08251877129077911,167.0464630126953,11.0,769065.4375,461238.0,45022.53574987475,,
10503,7.968688011169434,118.07565307617188,1045.0,751447.8125,460083.0,47091.025584474206,,
10509,0.06735845655202866,140.08204650878906,9.0,751192.5625,459828.0,55478.64512547816,,
10512,10.305228233337402,713.0494384765625,1347.0,751032.125,459668.0,62526.23141288757,,
10514,11.549769401550293,123.03948974609375,1509.0,915863.0,459393.0,267604.9018859863,,
10526,1.5238149166107178,212.09312438964844,199.0,1802406.625,459040.0,384683.30226290226,,
10536,9.621463775634766,88.07604217529297,1259.0,750026.625,458662.0,132201.1415888667,,
10568,5.7745890617370605,104.07090759277344,757.0,1602735.0,457652.0,290179.47294068336,,
10576,3.4716761112213135,265.00384521484375,455.0,748694.1875,457330.0,152970.0467426777,,
10585,23.45850944519043,112.11307525634766,3049.0,2102630.5,456827.0,552802.608010292,,
10595,12.70058822631836,74.09703826904297,1659.0,1203873.5,456325.0,406233.90065836906,,
10599,8.833690643310547,711.0612182617188,1157.0,747639.75,456275.0,105902.7790753711,,
10601,20.986967086791992,83.0608901977539,2729.0,2179389.0,456111.0,801344.0897083282,,
10611,6.168090343475342,296.04327392578125,809.0,747046.25,455682.0,203933.5477694273,,
10624,4.65589714050293,296.04327392578125,611.0,2102226.5,454951.0,612471.2987716198,,
10628,0.08251877129077911,239.02093505859375,11.0,745991.6875,454627.0,42694.23849987532,,
10654,9.145198822021484,137.082275390625,1197.0,744957.75,453593.0,97657.83418259025,,
10656,6.884891510009766,296.0472412109375,903.0,912043.1875,453327.0,208442.3491410017,,
10683,4.947378158569336,296.04736328125,649.0,2500379.25,451747.0,728593.6570699215,,
10697,10.982227325439453,289.1395263671875,1435.0,742646.25,451282.0,221522.01348909736,,
10709,8.772963523864746,713.0755004882812,1149.0,742032.0,450668.0,102917.3428372186,,
10711,9.996829986572266,711.0859985351562,1307.0,741956.875,450592.0,50253.939252614975,,
10730,1.7994587421417236,352.1971740722656,235.0,740957.0,449593.0,161435.12756590545,,
10739,5.239882469177246,296.0472412109375,687.0,1974111.375,448955.0,388826.3167061806,,
10741,7.3435468673706055,150.11236572265625,963.0,740214.4375,448850.0,364264.5167442993,,
10749,6.716592788696289,296.0459899902344,881.0,1440622.25,448470.0,248031.75238215923,,
10754,22.825563430786133,214.08758544921875,2967.0,1206846.625,448267.0,248129.61694526672,,
10760,21.74310874938965,367.09381103515625,2827.0,739278.6875,447914.0,143026.03612971306,,
10776,11.612771034240723,112.11213684082031,1517.0,26405864.0,447060.0,6406755.326019287,,
10777,0.8411467671394348,297.0497741699219,109.0,738380.8125,447016.0,120346.28502498567,,
10783,0.09758957475423813,114.09161376953125,13.0,738051.4375,446687.0,138799.01079530112,,
10786,10.826567649841309,277.0916442871094,1415.0,887002.375,446568.0,292849.0495754555,,
10799,4.686607360839844,296.04736328125,615.0,2657809.0,445847.0,556448.0501899719,,
10805,8.182095527648926,296.04461669921875,1073.0,737103.8125,445739.0,180374.49417564273,,
10864,3.9879703521728516,118.08665466308594,523.0,1521060.0,443616.0,261450.14284574986,,
10877,21.990692138671875,367.095458984375,2859.0,734359.5,442995.0,89635.5005376339,,
10892,4.762248516082764,296.0472412109375,625.0,2647654.75,442328.0,632127.5198178291,,
10898,2.0753443241119385,341.1074523925781,271.0,733423.625,442059.0,164134.38397178054,,
10909,3.4716761112213135,341.1007995605469,455.0,732870.3125,441506.0,108434.83120805025,,
10910,12.470012664794922,250.98565673828125,1629.0,2126450.0,441454.0,555804.7383637428,,
10924,18.919160842895508,112.11152648925781,2461.0,4337861.5,440938.0,1072077.6604919434,,
10937,10.688875198364258,713.0497436523438,1397.0,731452.5625,440088.0,64165.990552888485,,
10967,6.183069705963135,212.09722900390625,811.0,1450587.5,438721.0,463999.8445034027,,
10972,14.84618091583252,260.0010681152344,1939.0,729915.5625,438551.0,175196.23294353485,,
10983,11.395838737487793,181.06932067871094,1489.0,729644.375,438280.0,310537.84239740483,,
10994,10.550609588623047,347.1449279785156,1379.0,729334.75,437970.0,205846.75737865386,,
11024,0.08251877129077911,182.07745361328125,11.0,727327.5625,435963.0,50608.90071091836,,
11039,15.984251022338867,250.98565673828125,2083.0,1787076.125,435384.0,382859.5721735954,,
11059,2.2716097831726074,223.08218383789062,297.0,725521.3125,434157.0,85759.55566212535,,
11067,7.022622108459473,296.04327392578125,921.0,725032.0,433668.0,145483.19208163023,,
11088,4.336555480957031,296.0472412109375,569.0,3056431.0,432740.0,573847.3416404724,,
11130,8.679108619689941,75.0560531616211,1137.0,722200.875,430836.0,99505.67340654135,,
11134,11.459210395812988,269.1080322265625,1497.0,721998.9375,430634.0,303346.95049515367,,
11148,10.73473072052002,709.0607299804688,1403.0,721407.375,430043.0,35345.57234806847,,
11168,10.305228233337402,707.0724487304688,1347.0,720200.0,428836.0,52953.02089703083,,
11177,8.247199058532715,296.0472412109375,1081.0,719942.4375,428578.0,123813.29458248615,,
11195,1.7065657377243042,246.2430877685547,223.0,719139.25,427775.0,187563.0890866965,,
11243,11.259127616882324,252.13992309570312,1471.0,3528361.75,425279.0,1343274.8570596129,,
11247,9.283133506774902,212.09228515625,1215.0,1045282.5625,425066.0,454239.6034002304,,
11261,10.027758598327637,711.08642578125,1311.0,715641.5,424277.0,50253.939252614975,,
11294,16.995119094848633,164.06558227539062,2213.0,2859323.25,422609.0,1301453.8402309418,,
11315,7.6175217628479,188.07089233398438,999.0,713203.0625,421839.0,241587.10718200682,,
11326,19.659717559814453,165.0668487548828,2557.0,861948.375,421297.0,158614.56291341782,,
11333,8.882061004638672,709.075927734375,1163.0,712275.0,420911.0,122219.57427887619,,
11338,8.152176856994629,74.09703826904297,1069.0,795475.6875,420696.0,317756.9969191551,,
11362,0.06735845655202866,80.05007934570312,9.0,751560.0,419627.0,71598.68767435425,,
11369,8.848851203918457,711.0614624023438,1159.0,710738.125,419374.0,120015.52348064072,,
11373,1.4631736278533936,366.2119445800781,191.0,710681.9375,419317.0,96735.0703580312,,
11384,12.362624168395996,250.98992919921875,1615.0,2319037.5,418757.0,491252.18365240097,,
11393,10.550609588623047,237.1544189453125,1379.0,709639.9375,418275.0,216860.21756302565,330,13C1
11398,16.56161880493164,164.06558227539062,2157.0,2784802.25,417979.0,651119.4916067123,,
11405,11.289688110351562,148.0797119140625,1475.0,709152.8125,417788.0,281423.52936739754,79,13C1
11406,8.882061004638672,713.0556030273438,1163.0,709148.3125,417784.0,60010.29978263378,,
11438,12.531543731689453,250.99085998535156,1637.0,1028820.75,416012.0,476301.20810961723,,
11456,2.0753443241119385,296.04864501953125,271.0,3461361.25,415346.0,858399.9319536686,,
11481,18.655250549316406,112.11307525634766,2427.0,6832465.5,414449.0,2557607.5946540833,,
11483,8.866961479187012,717.0574951171875,1161.0,705794.8125,414430.0,141509.74402981345,,
11568,22.57777214050293,112.11307525634766,2935.0,4249350.5,410462.0,1991971.8343315125,,
11592,18.081436157226562,74.09703826904297,2353.0,951350.8125,409544.0,281591.8561425209,,
11602,11.564814567565918,280.0918273925781,1511.0,700579.75,409215.0,280402.7770313211,,
11622,14.84618091583252,95.0860366821289,1939.0,1662927.0,408454.0,377143.6396303177,,
11624,5.131697654724121,296.04327392578125,673.0,1655709.375,408442.0,337483.7467918396,,
11633,17.350900650024414,141.05059814453125,2259.0,1726606.0,407955.0,348093.7447156906,,
11656,2.7881996631622314,296.0419006347656,365.0,1836494.25,407271.0,438346.8984320164,,
11665,3.5930399894714355,341.1009216308594,471.0,698237.375,406873.0,180959.27173423767,,
11672,8.848851203918457,717.0634765625,1159.0,698060.625,406696.0,120271.14094255306,,
11683,9.114778518676758,715.0777587890625,1193.0,697617.4375,406253.0,64843.85884040594,1514,2H2
11689,9.005614280700684,713.0809326171875,1179.0,697339.0,405975.0,60976.27498167753,,
11695,5.972025394439697,265.00384521484375,783.0,716093.3125,405881.0,169462.2452274561,,
11725,19.53607940673828,112.11307525634766,2541.0,6103376.0,404708.0,1696183.7147789001,11725,
11787,5.667552471160889,296.04461669921875,743.0,2149326.5,402657.0,751769.1893401146,,
11794,12.082223892211914,86.060791015625,1579.0,693691.6875,402327.0,395329.7573944926,,
11800,9.621463775634766,711.0859985351562,1259.0,693387.5,402023.0,40682.17202502489,,
11805,2.2716097831726074,342.1752624511719,297.0,693183.3125,401819.0,73940.4144454673,,
11810,1.2813812494277954,568.2874145507812,167.0,693051.0,401687.0,68036.58820268896,,
11813,0.06735845655202866,126.06652069091797,9.0,692928.375,401564.0,46812.95439674775,,
11816,3.1524345874786377,296.0417785644531,413.0,1796532.875,401452.0,407147.8694791198,,
11824,18.96613883972168,112.11213684082031,2467.0,13964496.0,401171.0,2945229.7640457153,,
11825,9.513493537902832,709.06005859375,1245.0,692471.6875,401107.0,78422.18943095207,,
11873,22.856285095214844,112.11307525634766,2971.0,3621980.25,399199.0,970576.0394515991,,
11876,10.335734367370605,712.0606079101562,1351.0,690462.5,399098.0,48851.7319175601,11876,
11897,10.489164352416992,711.0518798828125,1371.0,689441.0,398077.0,39684.95526599884,,
11930,1.9069267511367798,73.07665252685547,249.0,687656.4375,396292.0,160458.02381271124,,
11933,16.779029846191406,113.1156997680664,2185.0,1742480.0,396209.0,308611.48237609863,3221,13C1
11950,3.7756011486053467,296.0419006347656,495.0,1412752.25,395489.0,611124.6843870878,,
11965,5.987077236175537,250.98565673828125,785.0,2959046.5,394599.0,632866.1011080742,,
12010,10.412455558776855,713.08544921875,1361.0,684115.6875,392751.0,55013.584453999996,,
12026,14.129100799560547,181.03076171875,1845.0,683307.3125,391943.0,140252.68265509605,,
12039,12.51580810546875,112.11213684082031,1635.0,24834546.0,391624.0,4992318.396751404,,
12047,6.3057708740234375,139.05210876464844,827.0,731600.6875,391143.0,342337.017512884,2085,13C2
12057,1.417553186416626,288.28887939453125,185.0,681963.3125,390599.0,165499.2593716383,,
12070,21.141178131103516,367.0917663574219,2749.0,681420.8125,390056.0,77488.56385397911,,
12079,8.990428924560547,285.14495849609375,1177.0,681189.1875,389825.0,217050.33617329597,,
12081,23.952022552490234,142.05186462402344,3113.0,681119.875,389755.0,168887.40225219727,4039,13C1
12091,0.03713575750589371,75.04463958740234,5.0,757503.25,389236.0,124799.02907270542,,
12099,9.933418273925781,713.0503540039062,1299.0,680276.9375,388912.0,73811.87313574553,,
12105,2.7575478553771973,296.04864501953125,361.0,3040659.0,388587.0,947842.2843720913,,
12108,14.84618091583252,250.9845428466797,1939.0,951570.3125,388469.0,394249.3490381241,,
12109,17.772598266601562,112.11307525634766,2313.0,7491698.5,388418.0,1690276.1674423218,,
12112,12.946331977844238,250.99085998535156,1691.0,948740.6875,388314.0,307397.31299996376,,
12113,24.59705352783203,112.11213684082031,3197.0,2246776.5,388298.0,448795.91034317017,,
12115,4.762248516082764,296.0458679199219,625.0,3566230.25,388286.0,643635.8056032658,,
12160,10.182160377502441,711.0867309570312,1331.0,678306.0625,386942.0,58523.277819395065,,
12184,19.984073638916016,166.06396484375,2599.0,1158691.25,386074.0,268506.2821364403,,
12197,10.73473072052002,713.0503540039062,1403.0,676929.3125,385565.0,31488.324336455436,,
12223,12.992141723632812,112.11152648925781,1697.0,6305666.0,384601.0,1665344.4200782776,,
12230,6.79375696182251,250.98468017578125,891.0,962235.125,384187.0,255321.15454423428,,
12298,2.605923891067505,144.9822540283203,341.0,672910.625,381546.0,234424.16050045937,,
12304,2.3468382358551025,296.04876708984375,307.0,3437410.0,381273.0,988232.7393909693,,
12324,1.6317245960235596,276.2802734375,213.0,671573.75,380209.0,114181.8084039092,8131,2H2
12326,19.659717559814453,123.03912353515625,2557.0,735552.875,380174.0,223955.92257499695,12326,
12342,9.667353630065918,212.0924072265625,1265.0,945224.0,379590.0,298961.0082101822,,
12348,23.889949798583984,112.11152648925781,3105.0,876185.5,379492.0,323085.30726480484,,
12378,2.3016698360443115,336.1654968261719,301.0,670001.5,378637.0,85736.19204296917,,
12384,10.44347095489502,713.085205078125,1365.0,669754.4375,378390.0,47931.45010727644,,
12397,10.7194185256958,709.06103515625,1401.0,669221.5,377857.0,46409.5351325972,,
12429,9.498198509216309,156.0848388671875,1243.0,668093.3125,376729.0,312796.74035407696,164,13C1
12435,6.290852069854736,140.05914306640625,825.0,667851.9375,376487.0,182496.11313039064,,
12467,8.833690643310547,717.0629272460938,1157.0,666124.5625,374760.0,106751.87025783397,,
12499,7.3435468673706055,296.04473876953125,963.0,972462.125,373357.0,192384.56382477283,,
12541,0.052262742072343826,99.08097839355469,7.0,663243.625,371879.0,88624.8832066392,,
12560,6.716592788696289,296.04461669921875,881.0,1205674.375,370914.0,228375.15448606014,,
12561,8.818490982055664,715.0726318359375,1155.0,662206.625,370842.0,97900.04294543993,,
12564,8.357670783996582,296.04473876953125,1095.0,662085.9375,370721.0,150637.08158946037,,
12570,20.893970489501953,367.0916442871094,2717.0,702936.25,370504.0,69992.0870552063,,
12581,1.2965080738067627,243.68505859375,169.0,661159.6875,369795.0,138996.45472730254,,
12582,14.602136611938477,822.9920654296875,1907.0,661155.5,369791.0,60780.315363861155,,
12584,2.196166515350342,300.16522216796875,287.0,661114.75,369750.0,174047.49699246016,,
12590,24.581745147705078,112.11244201660156,3195.0,2632305.5,369635.0,491863.3052883148,,
12593,7.647773742675781,62.06076431274414,1003.0,660907.4375,369543.0,420084.60700426996,,
12616,5.667552471160889,296.0459899902344,743.0,2507433.75,368354.0,811937.6469345093,,
12619,8.848851203918457,709.0758056640625,1159.0,659608.25,368244.0,122219.57427887619,,
12623,10.504400253295898,338.04754638671875,1373.0,659449.4375,368085.0,115061.75921988487,,
12637,11.350030899047852,95.0860366821289,1483.0,2209739.25,367501.0,554313.5160155296,,
12647,7.08342981338501,296.0474853515625,929.0,773848.75,366986.0,156685.4807345271,,
12652,21.74310874938965,367.095703125,2827.0,658240.1875,366876.0,110992.17960941792,,
12655,8.866961479187012,711.0811767578125,1161.0,658158.3125,366794.0,104428.51540686935,,
12660,8.152176856994629,296.0461120605469,1069.0,658068.125,366704.0,82432.79019591212,,
12662,5.804882526397705,296.0474853515625,761.0,1309687.375,366575.0,242238.96776390076,,
12668,23.889949798583984,114.09161376953125,3105.0,657727.6875,366363.0,159091.5827088356,,
12690,9.52926254272461,212.0924072265625,1247.0,1099995.375,365764.0,436061.111533165,,
12723,22.36139678955078,250.98565673828125,2907.0,1076613.125,364694.0,231686.44645023346,,
12724,3.927018880844116,296.04864501953125,515.0,2047032.375,364629.0,696833.7019979954,,
12748,9.762177467346191,711.0863037109375,1277.0,655122.75,363758.0,41920.66081255674,,
12788,14.35950756072998,250.98565673828125,1875.0,1922981.375,362574.0,399727.02847385406,,
12794,4.200314998626709,250.98468017578125,551.0,999498.875,362337.0,337679.29263472557,,
12801,14.587244033813477,580.9210815429688,1905.0,653467.9375,362103.0,72516.88097776845,,
12823,8.031476974487305,141.0659637451172,1053.0,652742.9375,361378.0,135591.86490368843,,
12837,8.433249473571777,296.04736328125,1105.0,652339.3125,360975.0,130821.87219262123,,
12871,21.35702133178711,164.0677947998047,2777.0,4706738.5,359721.0,1037002.4634456635,,
12873,0.09758957475423813,139.12295532226562,13.0,713867.0,359667.0,70634.57568376564,,
12889,23.735794067382812,112.11213684082031,3085.0,3282458.75,359311.0,900039.6202335358,,
12895,4.124538421630859,250.98565673828125,541.0,2574876.5,359133.0,687758.7716906071,,
12896,2.4837915897369385,268.01409912109375,325.0,650485.125,359121.0,161152.60917907953,,
12948,7.7107672691345215,296.04736328125,1011.0,660377.1875,357129.0,265023.6386671942,,
12951,19.336240768432617,112.11307525634766,2515.0,6483366.5,357054.0,1455602.002243042,,
12955,4.367165565490723,296.0474853515625,573.0,2876636.75,356914.0,571586.7028329372,,
12960,2.4228460788726807,341.1074523925781,317.0,647998.6875,356634.0,129476.00659382343,,
12998,24.013113021850586,112.11213684082031,3121.0,2618131.5,355449.0,534151.9734601974,,
13005,8.927456855773926,711.0813598632812,1169.0,646583.375,355219.0,52012.018627882004,,
13029,7.3435468673706055,296.0461120605469,963.0,1116894.125,354154.0,202836.00758731365,,
13033,1.766567349433899,99.0921401977539,231.0,645459.5,354095.0,171743.17831001244,,
13039,11.214130401611328,214.0917510986328,1465.0,843824.0625,354008.0,178959.37646651268,,
13106,0.06735845655202866,77.0391845703125,9.0,643019.3125,351655.0,94421.93281532463,,
13114,9.145198822021484,102.06668090820312,1197.0,642790.5,351426.0,79900.8654910773,,
13166,8.818490982055664,717.0626831054688,1155.0,641267.0,349903.0,96327.35223702528,,
13179,8.848851203918457,717.0582275390625,1159.0,640880.625,349516.0,109180.20295631234,,
13204,19.75187110900879,367.09759521484375,2569.0,640188.1875,348824.0,73868.37977302074,,
13212,6.4732465744018555,250.98468017578125,849.0,911614.125,348586.0,295232.0264530182,,
13214,8.788155555725098,713.0760498046875,1151.0,639909.9375,348545.0,102917.3428372186,,
13265,9.344326972961426,709.0607299804688,1223.0,637848.8125,346484.0,42622.25950109959,,
13272,12.63905143737793,250.98565673828125,1651.0,2126209.25,346247.0,830265.6414513588,,
13283,21.727737426757812,139.01905822753906,2825.0,930768.9375,345904.0,407972.35949516296,,
13299,4.018618106842041,296.0420227050781,527.0,1186874.5,345215.0,267782.3527584076,,
13340,8.742666244506836,713.0758056640625,1145.0,635209.0625,343845.0,72002.75149769004,,
13375,4.124538421630859,296.04327392578125,541.0,2382591.5,342484.0,612468.9853754044,,
13381,4.7319817543029785,250.99085998535156,621.0,1192732.625,342238.0,442421.830121994,,
13403,8.927456855773926,717.0679931640625,1169.0,632594.8125,341230.0,48786.07106590271,,
13426,20.493473052978516,118.06529998779297,2665.0,838078.4375,340251.0,266375.324280262,,
13441,10.826567649841309,130.04714965820312,1415.0,631024.375,339660.0,290018.9815772725,,
13449,19.120508193969727,139.01905822753906,2487.0,893286.1875,339378.0,321378.67256355286,,
13469,11.793557167053223,212.09722900390625,1541.0,989603.0625,338820.0,364230.1513450146,,
13480,1.2507375478744507,569.2993774414062,163.0,629797.6875,338433.0,65752.01634911005,2841,13C1
13482,4.200314998626709,296.0420227050781,551.0,1068230.375,338363.0,371463.381483078,,
13493,11.18166446685791,212.09722900390625,1461.0,1282956.5,338021.0,295069.8725247383,,
13500,11.18166446685791,296.0459899902344,1461.0,629120.0625,337756.0,138675.25572633743,,
13503,10.642560958862305,713.0857543945312,1391.0,628966.9375,337602.0,59395.032232671976,,
13508,4.367165565490723,296.0420227050781,573.0,1001291.6875,337522.0,224015.25949680805,,
13540,14.572333335876465,595.0003662109375,1903.0,628088.875,336724.0,63157.75076258369,,
13545,9.036426544189453,713.0810546875,1183.0,627809.25,336445.0,60976.27498167753,,
13574,24.920677185058594,165.0668487548828,3239.0,632862.0,335755.0,143454.02273839712,,
13578,8.511429786682129,292.0137023925781,1115.0,626967.625,335603.0,145086.52754199505,,
13626,3.5930399894714355,296.04876708984375,471.0,2486609.0,334005.0,722247.862360239,,
13627,12.77735424041748,118.08635711669922,1669.0,1017829.0625,333961.0,167373.76187992096,,
13644,10.335734367370605,162.1108856201172,1351.0,1191085.75,333507.0,656881.1651575565,,
13650,21.048175811767578,139.01905822753906,2737.0,897696.5,333345.0,204936.06685495377,,
13654,2.2261619567871094,296.0419006347656,291.0,2336705.25,333089.0,977124.8735512495,,
13664,0.06735845655202866,112.05082702636719,9.0,624065.375,332701.0,57305.368112661,,
13666,5.789722442626953,104.07147216796875,759.0,980897.3125,332639.0,286026.8882162571,,
13676,4.762248516082764,296.04864501953125,625.0,1507411.25,332359.0,372659.55956470966,,
13689,16.624128341674805,250.98565673828125,2165.0,1549382.25,331790.0,343499.9356479645,,
13706,10.366744041442871,711.0513305664062,1355.0,622690.0,331326.0,63856.81684681773,,
13723,7.601943016052246,157.09877014160156,997.0,876784.375,330744.0,756859.6290834937,,
13743,5.131697654724121,296.0459899902344,673.0,2932713.25,329982.0,527295.4833498001,,
13759,6.716592788696289,296.04736328125,881.0,1047406.375,329522.0,239748.80938780308,,
13760,4.503808498382568,341.1041564941406,591.0,620877.3125,329513.0,105939.61003565788,,
13773,19.93808937072754,124.04116821289062,2593.0,1198631.25,329077.0,226094.80744457245,12326,13C1
13775,7.1300272941589355,296.04327392578125,935.0,620351.875,328987.0,197460.6387345791,,
13781,2.468670606613159,296.0420227050781,323.0,1885890.75,328763.0,577860.88534379,,
13787,3.744920015335083,250.98565673828125,491.0,2754911.5,328600.0,701420.5608628988,,
13790,4.018618106842041,250.98468017578125,527.0,987851.75,328384.0,264801.7372484207,,
13794,8.602814674377441,268.0166015625,1127.0,698904.875,328195.0,151677.7791390419,,
13806,10.550609588623047,236.1461639404297,1379.0,1349436.375,327707.0,629340.4377929419,,
13827,3.9879703521728516,231.2515411376953,523.0,618543.625,327179.0,301597.2058249712,974,13C1
13849,1.5688519477844238,244.19142150878906,205.0,618009.0,326645.0,189177.02242532038,,
13868,2.2411367893218994,233.14990234375,293.0,617359.875,325995.0,191291.75594113767,,
13880,23.380830764770508,124.04376220703125,3039.0,617164.0,325800.0,133834.78421497345,72,13C1
13888,1.0235705375671387,269.0368347167969,133.0,695945.1875,325579.0,148996.34040227532,,
13901,4.7319817543029785,296.0458679199219,621.0,3610143.0,325298.0,643635.8056032658,,
13931,4.65589714050293,250.98565673828125,611.0,2997220.75,324075.0,863786.6207740307,,
13955,8.803298950195312,715.0731811523438,1153.0,614660.375,323296.0,97900.04294543993,,
13961,7.939250946044922,118.07703399658203,1041.0,685939.9375,323073.0,69862.7743909806,,
13966,10.412455558776855,212.09722900390625,1361.0,1097262.875,322962.0,367367.7369952202,,
13968,4.7319817543029785,296.0472412109375,621.0,2635157.0,322931.0,632127.5198178291,,
13969,10.535341262817383,98.07180786132812,1377.0,614262.6875,322898.0,73050.11925315857,,
13971,10.550609588623047,713.0857543945312,1379.0,614220.375,322856.0,35702.339152395725,,
13977,2.4228460788726807,104.07176208496094,317.0,613867.375,322503.0,172782.4110354185,,
13984,5.515267848968506,118.08635711669922,723.0,1394680.5,322337.0,255197.32641148567,,
13989,5.667552471160889,212.0973663330078,743.0,1530915.875,322209.0,375903.21397280693,,
13996,8.152176856994629,296.04473876953125,1069.0,613404.25,322040.0,105254.93209120631,,
14020,22.422950744628906,214.0917510986328,2915.0,1098804.5,321370.0,287035.0527033806,,
14033,14.282712936401367,139.01905822753906,1865.0,612082.25,320718.0,150467.0913401842,,
14039,13.76013469696045,98.07180786132812,1797.0,611888.0625,320524.0,79144.37522953749,,
14041,14.420463562011719,85.07669830322266,1883.0,611876.125,320512.0,75637.9953263402,,
14092,20.27770233154297,113.1156997680664,2637.0,1215171.125,319159.0,262696.10998153687,1555,13C1
14142,8.945018768310547,713.0807495117188,1171.0,609221.8125,317857.0,41793.43466132879,,
14165,4.503808498382568,296.0419006347656,591.0,945707.75,317175.0,236731.5663472414,,
14168,17.849533081054688,125.03782653808594,2323.0,1188651.25,317161.0,230705.3826599121,,
14177,3.8515775203704834,296.0419006347656,505.0,1307960.125,316883.0,307605.65826547146,,
14178,8.866961479187012,713.0549926757812,1161.0,608228.625,316864.0,60010.29978263378,,
14265,23.952022552490234,112.11307525634766,3113.0,1468229.75,313876.0,423972.29632759094,,
14272,3.7298223972320557,296.0458679199219,489.0,5758513.5,313786.0,1189105.9228804111,,
14285,10.612088203430176,872.0755004882812,1387.0,604721.5,313357.0,40440.53163060546,,
14328,20.893970489501953,367.09735107421875,2717.0,603606.625,312242.0,82865.87740933895,,
14331,10.197893142700195,715.0465698242188,1333.0,603566.4375,312202.0,56372.60420131683,,
14359,11.747591018676758,171.07666015625,1535.0,602841.8125,311477.0,249804.64316558838,,
14365,12.02131175994873,112.11182403564453,1571.0,15102930.0,311389.0,3350662.6174087524,,
14418,10.84175968170166,266.15966796875,1417.0,601194.1875,309830.0,263322.0315109324,,
14468,12.669612884521484,212.09561157226562,1655.0,1446825.25,308434.0,267422.78295469284,,
14492,23.196195602416992,214.0917510986328,3015.0,1368079.5,307595.0,440520.20435380936,,
14504,0.09758957475423813,112.07612609863281,13.0,598607.6875,307243.0,92302.8242022969,,
14505,24.87478256225586,118.03535461425781,3233.0,598606.0625,307242.0,126431.8742210865,,
14507,0.06735845655202866,115.08696746826172,9.0,598526.4375,307162.0,38971.32294200943,,
14518,10.197893142700195,874.0751953125,1333.0,598262.375,306898.0,42822.33117932081,,
14538,10.274748802185059,713.0855712890625,1343.0,597861.0625,306497.0,56366.93066212535,,
14559,2.3468382358551025,296.04327392578125,307.0,4275720.0,306017.0,906371.4009103775,,
14560,16.716493606567383,139.01905822753906,2177.0,825551.4375,305992.0,280804.53768491745,,
14563,8.833690643310547,717.0579223632812,1157.0,597318.5,305954.0,96788.47348224465,,
14606,0.08251877129077911,184.05703735351562,11.0,650250.375,304641.0,37847.540479482675,,
14651,8.075931549072266,118.06564331054688,1059.0,601813.25,303364.0,127254.83117389679,,
14653,11.459210395812988,166.06466674804688,1497.0,657556.5,303265.0,142337.84016513824,,
14654,4.595024585723877,104.07090759277344,603.0,1414460.5,303224.0,363518.1437114477,,
14656,9.145198822021484,136.08709716796875,1197.0,594544.9375,303180.0,88368.07425820082,,
14657,9.114778518676758,173.09237670898438,1193.0,620929.5625,303166.0,315677.95830529183,,
14658,23.041549682617188,112.11307525634766,2995.0,3101230.0,303141.0,799544.9227809906,,
14659,2.030200958251953,284.1961975097656,265.0,594458.75,303094.0,173304.23909461498,,
14682,22.640247344970703,214.08758544921875,2943.0,1073501.625,302610.0,383190.55418252945,,
14687,6.579072952270508,212.09722900390625,863.0,1658374.0,302532.0,384170.7244668007,,
14691,0.06735845655202866,136.96978759765625,9.0,593807.6875,302443.0,62747.20289563169,,
14709,6.884891510009766,296.0458679199219,903.0,1277646.0,301685.0,250835.16502404213,,
14723,2.2411367893218994,285.1734313964844,293.0,592675.25,301311.0,110720.29706496838,669,13C1
14733,8.945018768310547,709.0806884765625,1171.0,592239.125,300875.0,41342.01005008817,,
14747,0.06735845655202866,118.0665054321289,9.0,591970.5625,300606.0,116400.16255399375,,
14763,7.968688011169434,118.09838104248047,1045.0,591514.0625,300150.0,64117.49109616876,,
14764,0.06735845655202866,138.97006225585938,9.0,591498.125,300134.0,60966.4655065838,,
14773,5.469905853271484,296.0458679199219,717.0,2475916.5,299796.0,413633.8202676773,,
14811,0.2759694755077362,250.98565673828125,35.0,1458855.125,298814.0,312689.4176362157,,
14816,9.051592826843262,715.077880859375,1185.0,590091.875,298727.0,39604.32771229744,1514,2H2
14843,11.459210395812988,246.11456298828125,1497.0,829847.5625,297849.0,441181.91171932966,162,13C1
14848,22.91771125793457,214.08758544921875,2979.0,1175572.875,297764.0,256958.958609581,,
14850,8.727516174316406,713.0753784179688,1143.0,589024.4375,297660.0,62902.90139681514,,
14888,23.041549682617188,214.0917510986328,2995.0,1158011.375,296347.0,262622.70074653625,,
14900,24.87478256225586,124.04116821289062,3233.0,1478812.0,295914.0,381033.0882387161,,
14903,24.381912231445312,112.11213684082031,3169.0,2173694.0,295746.0,804551.616733551,,
14922,23.150047302246094,112.11307525634766,3009.0,2690247.0,295274.0,1159683.3710432053,,
14927,4.139596462249756,214.09161376953125,543.0,586478.8125,295114.0,119468.31169593334,,
14928,8.122349739074707,164.06671142578125,1065.0,586461.75,295097.0,96612.26467502117,,
14952,4.503808498382568,341.10247802734375,591.0,585981.125,294617.0,87494.82127141953,,
14959,18.919160842895508,112.11182403564453,2461.0,9557095.0,294485.0,2110575.141769409,,
14974,9.145198822021484,154.09780883789062,1197.0,585436.375,294072.0,76849.48987585306,,
15025,5.285586357116699,296.04461669921875,693.0,2370795.75,292657.0,747788.7302732468,,
15037,6.380403518676758,239.13902282714844,837.0,583597.875,292233.0,94500.20369148254,,
15052,19.50537109375,112.11307525634766,2537.0,6136157.0,291976.0,1711259.4493217468,,
15060,17.476736068725586,212.0948944091797,2275.0,902321.0,291770.0,160199.4928278923,,
