Time,T° 600,A1,A2,A3,A4,A5,A6,A7,A8,A9,A10,A11,A12,B1,B2,B3,B4,B5,B6,B7,B8,B9,B10,B11,B12,C1,C2,C3,C4,C5,C6,C7,C8,C9,C10,C11,C12,D1,D2,D3,D4,D5,D6,D7,D8,D9,D10,D11,D12,E1,E2,E3,E4,E5,E6,E7,E8,E9,E10,E11,E12,F1,F2,F3,F4,F5,F6,F7,F8,F9,F10,F11,F12,G1,G2,G3,G4,G5,G6,G7,G8,G9,G10,G11,G12,H1,H2,H3,H4,H5,H6,H7,H8,H9,H10,H11,H12
0:14:10,30,0.086,0.084,0.092,0.088,0.085,0.086,0.084,0.084,0.087,0.084,0.09,0.092,0.084,0.085,0.085,0.085,0.085,0.085,0.084,0.091,0.084,0.083,0.083,0.083,0.084,0.087,0.085,0.085,0.088,0.086,0.087,0.084,0.085,0.084,0.086,0.086,0.083,0.086,0.087,0.086,0.086,0.086,0.086,0.086,0.086,0.085,0.086,0.085,0.085,0.086,0.086,0.086,0.084,0.085,0.084,0.085,0.085,0.085,0.084,0.085,0.084,0.086,0.085,0.084,0.085,0.088,0.085,0.085,0.085,0.084,0.085,0.084,0.083,0.085,0.083,0.085,0.085,0.085,0.085,0.084,0.084,0.083,0.083,0.084,0.084,0.082,0.082,0.085,0.084,0.084,0.084,0.084,0.083,0.084,0.084,0.083
0:29:10,30.1,0.086,0.084,0.092,0.089,0.085,0.084,0.084,0.084,0.087,0.084,0.089,0.092,0.084,0.085,0.085,0.085,0.085,0.085,0.084,0.091,0.084,0.083,0.083,0.083,0.084,0.087,0.085,0.085,0.087,0.085,0.087,0.084,0.085,0.084,0.085,0.086,0.083,0.085,0.087,0.086,0.086,0.085,0.086,0.086,0.086,0.085,0.086,0.085,0.085,0.086,0.086,0.086,0.084,0.085,0.084,0.085,0.085,0.085,0.084,0.085,0.084,0.086,0.085,0.084,0.085,0.088,0.085,0.085,0.085,0.084,0.085,0.084,0.083,0.085,0.083,0.085,0.085,0.085,0.086,0.084,0.084,0.083,0.083,0.085,0.084,0.082,0.082,0.086,0.084,0.084,0.084,0.084,0.083,0.085,0.084,0.083
0:44:10,30,0.086,0.085,0.092,0.089,0.085,0.084,0.084,0.084,0.086,0.084,0.089,0.092,0.084,0.085,0.085,0.085,0.085,0.085,0.085,0.091,0.084,0.083,0.083,0.083,0.084,0.087,0.086,0.085,0.087,0.085,0.086,0.084,0.085,0.084,0.085,0.086,0.083,0.085,0.087,0.086,0.086,0.085,0.086,0.086,0.086,0.085,0.086,0.085,0.085,0.086,0.086,0.086,0.084,0.085,0.085,0.085,0.085,0.085,0.084,0.085,0.084,0.086,0.085,0.084,0.085,0.088,0.085,0.085,0.085,0.084,0.085,0.084,0.083,0.085,0.083,0.085,0.085,0.085,0.086,0.084,0.084,0.083,0.083,0.086,0.084,0.082,0.082,0.09,0.084,0.084,0.084,0.084,0.083,0.085,0.084,0.083
0:59:10,30,0.086,0.084,0.092,0.09,0.085,0.086,0.084,0.084,0.086,0.084,0.089,0.092,0.084,0.085,0.085,0.086,0.085,0.085,0.085,0.091,0.084,0.083,0.083,0.083,0.084,0.087,0.085,0.085,0.088,0.086,0.086,0.084,0.086,0.084,0.085,0.086,0.083,0.085,0.087,0.086,0.086,0.086,0.086,0.086,0.086,0.085,0.086,0.085,0.085,0.086,0.086,0.086,0.085,0.085,0.084,0.085,0.085,0.085,0.084,0.085,0.084,0.086,0.085,0.085,0.085,0.088,0.085,0.085,0.085,0.084,0.085,0.084,0.083,0.085,0.084,0.085,0.085,0.085,0.086,0.084,0.084,0.083,0.083,0.086,0.084,0.082,0.082,0.086,0.084,0.085,0.084,0.084,0.083,0.085,0.084,0.083
1:14:10,30,0.086,0.085,0.092,0.089,0.085,0.083,0.084,0.084,0.086,0.084,0.089,0.092,0.086,0.085,0.085,0.085,0.085,0.085,0.084,0.091,0.084,0.083,0.083,0.083,0.084,0.087,0.085,0.085,0.087,0.086,0.086,0.084,0.085,0.084,0.085,0.086,0.083,0.085,0.087,0.086,0.086,0.086,0.086,0.086,0.086,0.085,0.087,0.085,0.085,0.086,0.086,0.086,0.085,0.085,0.085,0.085,0.085,0.085,0.084,0.085,0.084,0.086,0.085,0.085,0.085,0.088,0.085,0.085,0.085,0.084,0.085,0.084,0.083,0.085,0.084,0.085,0.085,0.085,0.086,0.084,0.084,0.083,0.083,0.086,0.084,0.082,0.081,0.09,0.084,0.085,0.084,0.084,0.083,0.085,0.084,0.083
1:29:10,30,0.086,0.084,0.092,0.089,0.085,0.085,0.084,0.084,0.086,0.084,0.089,0.092,0.086,0.085,0.085,0.086,0.085,0.085,0.085,0.091,0.084,0.083,0.083,0.083,0.084,0.087,0.086,0.085,0.087,0.085,0.087,0.084,0.085,0.084,0.085,0.086,0.083,0.085,0.087,0.086,0.086,0.086,0.086,0.086,0.086,0.085,0.086,0.085,0.085,0.086,0.086,0.086,0.085,0.085,0.085,0.085,0.085,0.085,0.084,0.085,0.084,0.086,0.085,0.085,0.085,0.088,0.086,0.085,0.085,0.084,0.085,0.084,0.083,0.085,0.084,0.086,0.085,0.085,0.086,0.084,0.084,0.083,0.083,0.086,0.084,0.082,0.081,0.087,0.084,0.085,0.085,0.084,0.083,0.085,0.084,0.083
1:44:10,30.1,0.086,0.084,0.092,0.089,0.085,0.083,0.084,0.084,0.089,0.084,0.089,0.092,0.085,0.085,0.085,0.086,0.085,0.085,0.085,0.091,0.084,0.083,0.083,0.083,0.084,0.087,0.085,0.085,0.088,0.086,0.087,0.084,0.085,0.084,0.086,0.086,0.083,0.086,0.087,0.086,0.086,0.086,0.086,0.086,0.086,0.085,0.087,0.085,0.085,0.086,0.086,0.086,0.085,0.086,0.085,0.085,0.085,0.085,0.084,0.085,0.084,0.086,0.085,0.085,0.086,0.088,0.086,0.085,0.085,0.084,0.085,0.084,0.083,0.086,0.084,0.086,0.085,0.086,0.086,0.084,0.084,0.083,0.083,0.086,0.084,0.082,0.081,0.089,0.084,0.085,0.084,0.084,0.083,0.085,0.084,0.083
1:59:10,30.1,0.086,0.084,0.092,0.089,0.085,0.085,0.084,0.084,0.089,0.084,0.088,0.092,0.085,0.085,0.085,0.086,0.085,0.085,0.085,0.091,0.084,0.083,0.083,0.083,0.084,0.087,0.086,0.085,0.088,0.086,0.087,0.084,0.085,0.084,0.085,0.086,0.083,0.086,0.087,0.086,0.086,0.086,0.086,0.086,0.086,0.085,0.086,0.085,0.085,0.086,0.086,0.086,0.085,0.086,0.085,0.085,0.085,0.085,0.084,0.085,0.084,0.086,0.085,0.085,0.086,0.089,0.086,0.085,0.085,0.084,0.085,0.084,0.083,0.086,0.084,0.086,0.085,0.086,0.086,0.084,0.084,0.083,0.083,0.086,0.084,0.082,0.081,0.088,0.084,0.085,0.084,0.084,0.083,0.086,0.084,0.083
2:14:10,30.1,0.086,0.084,0.092,0.089,0.085,0.084,0.084,0.084,0.089,0.084,0.089,0.092,0.085,0.085,0.086,0.086,0.085,0.085,0.085,0.091,0.084,0.083,0.083,0.082,0.084,0.087,0.086,0.085,0.088,0.086,0.087,0.084,0.085,0.084,0.085,0.086,0.083,0.086,0.088,0.087,0.086,0.086,0.086,0.086,0.086,0.085,0.087,0.085,0.085,0.086,0.086,0.086,0.085,0.086,0.085,0.085,0.085,0.085,0.084,0.085,0.084,0.086,0.086,0.085,0.086,0.089,0.086,0.085,0.085,0.084,0.085,0.084,0.083,0.086,0.084,0.086,0.085,0.086,0.086,0.084,0.084,0.083,0.083,0.087,0.084,0.082,0.082,0.089,0.084,0.085,0.084,0.084,0.083,0.085,0.084,0.083
2:29:10,30.1,0.086,0.084,0.092,0.089,0.085,0.084,0.084,0.085,0.089,0.084,0.088,0.092,0.086,0.086,0.086,0.086,0.085,0.085,0.085,0.091,0.084,0.083,0.083,0.083,0.084,0.088,0.086,0.086,0.088,0.086,0.087,0.084,0.085,0.085,0.085,0.086,0.083,0.086,0.088,0.087,0.086,0.087,0.086,0.086,0.086,0.085,0.086,0.085,0.085,0.086,0.086,0.086,0.085,0.086,0.085,0.085,0.085,0.085,0.084,0.085,0.084,0.086,0.086,0.085,0.086,0.089,0.086,0.085,0.085,0.084,0.085,0.084,0.083,0.086,0.084,0.086,0.086,0.086,0.087,0.084,0.084,0.083,0.083,0.087,0.084,0.082,0.082,0.088,0.084,0.085,0.084,0.084,0.083,0.086,0.084,0.083
2:44:10,30.1,0.086,0.084,0.092,0.089,0.085,0.084,0.084,0.084,0.089,0.084,0.088,0.093,0.086,0.087,0.087,0.087,0.085,0.085,0.085,0.091,0.084,0.083,0.083,0.082,0.084,0.088,0.086,0.086,0.088,0.086,0.087,0.084,0.084,0.084,0.085,0.086,0.083,0.086,0.088,0.087,0.086,0.087,0.086,0.086,0.086,0.085,0.087,0.085,0.085,0.086,0.086,0.087,0.086,0.086,0.085,0.085,0.085,0.085,0.084,0.085,0.084,0.086,0.086,0.085,0.086,0.089,0.086,0.085,0.085,0.084,0.085,0.084,0.083,0.086,0.084,0.086,0.086,0.086,0.087,0.084,0.084,0.083,0.083,0.086,0.084,0.082,0.081,0.09,0.084,0.085,0.084,0.084,0.083,0.085,0.084,0.083
2:59:10,30.1,0.086,0.084,0.092,0.089,0.085,0.084,0.084,0.085,0.089,0.084,0.088,0.093,0.085,0.087,0.087,0.087,0.085,0.086,0.085,0.091,0.084,0.083,0.083,0.083,0.084,0.089,0.086,0.087,0.088,0.086,0.087,0.084,0.085,0.084,0.085,0.086,0.083,0.087,0.089,0.088,0.086,0.088,0.086,0.086,0.086,0.085,0.086,0.085,0.085,0.087,0.087,0.087,0.086,0.086,0.085,0.085,0.085,0.085,0.084,0.085,0.084,0.087,0.086,0.085,0.086,0.09,0.087,0.085,0.085,0.084,0.085,0.084,0.083,0.086,0.084,0.086,0.086,0.087,0.088,0.084,0.084,0.083,0.083,0.087,0.084,0.082,0.082,0.089,0.084,0.085,0.085,0.084,0.083,0.086,0.084,0.083
3:14:10,30,0.086,0.084,0.092,0.089,0.085,0.085,0.084,0.085,0.089,0.084,0.088,0.093,0.085,0.088,0.088,0.087,0.085,0.086,0.086,0.091,0.084,0.083,0.083,0.083,0.084,0.089,0.087,0.087,0.088,0.087,0.087,0.084,0.085,0.085,0.085,0.086,0.084,0.088,0.089,0.088,0.087,0.088,0.087,0.086,0.086,0.085,0.086,0.085,0.085,0.087,0.087,0.087,0.086,0.087,0.086,0.085,0.085,0.085,0.085,0.085,0.084,0.09,0.086,0.086,0.087,0.09,0.087,0.085,0.085,0.084,0.085,0.084,0.084,0.086,0.085,0.086,0.086,0.087,0.088,0.084,0.084,0.083,0.083,0.086,0.084,0.082,0.082,0.088,0.084,0.085,0.085,0.084,0.083,0.086,0.084,0.083
3:29:10,30,0.086,0.084,0.092,0.09,0.085,0.083,0.084,0.084,0.088,0.084,0.088,0.093,0.085,0.089,0.089,0.088,0.085,0.087,0.086,0.091,0.084,0.083,0.083,0.083,0.084,0.09,0.087,0.087,0.089,0.087,0.087,0.084,0.086,0.084,0.085,0.086,0.083,0.088,0.089,0.089,0.087,0.088,0.087,0.086,0.086,0.085,0.087,0.085,0.085,0.087,0.087,0.087,0.086,0.087,0.086,0.085,0.085,0.085,0.085,0.085,0.084,0.087,0.086,0.086,0.087,0.09,0.087,0.085,0.085,0.084,0.085,0.084,0.083,0.086,0.085,0.087,0.086,0.087,0.089,0.084,0.084,0.083,0.083,0.086,0.084,0.082,0.082,0.087,0.084,0.085,0.084,0.084,0.083,0.086,0.084,0.083
3:44:10,30,0.086,0.084,0.092,0.089,0.085,0.085,0.084,0.085,0.089,0.084,0.088,0.093,0.086,0.091,0.089,0.087,0.086,0.087,0.087,0.091,0.084,0.083,0.083,0.083,0.084,0.091,0.088,0.088,0.089,0.087,0.088,0.084,0.085,0.084,0.085,0.086,0.083,0.089,0.09,0.089,0.088,0.089,0.087,0.086,0.086,0.085,0.087,0.085,0.085,0.087,0.087,0.087,0.086,0.087,0.086,0.085,0.085,0.085,0.084,0.085,0.084,0.099,0.086,0.086,0.087,0.09,0.087,0.085,0.085,0.084,0.085,0.084,0.083,0.086,0.085,0.087,0.086,0.087,0.089,0.084,0.084,0.083,0.083,0.087,0.084,0.082,0.082,0.089,0.084,0.085,0.084,0.084,0.083,0.086,0.084,0.083
3:59:10,30,0.086,0.084,0.092,0.089,0.085,0.083,0.084,0.084,0.089,0.084,0.088,0.093,0.085,0.093,0.089,0.088,0.086,0.088,0.087,0.091,0.084,0.083,0.083,0.083,0.084,0.093,0.088,0.088,0.089,0.088,0.088,0.084,0.085,0.084,0.085,0.086,0.083,0.091,0.09,0.089,0.088,0.09,0.087,0.086,0.086,0.085,0.087,0.085,0.085,0.087,0.087,0.087,0.087,0.087,0.086,0.085,0.085,0.085,0.084,0.085,0.084,0.101,0.086,0.086,0.087,0.091,0.088,0.085,0.085,0.084,0.085,0.084,0.083,0.086,0.085,0.087,0.087,0.088,0.09,0.084,0.084,0.083,0.083,0.085,0.084,0.082,0.081,0.089,0.084,0.085,0.084,0.084,0.083,0.085,0.084,0.083
4:14:10,30.1,0.086,0.084,0.092,0.089,0.085,0.084,0.084,0.084,0.089,0.084,0.088,0.093,0.085,0.095,0.089,0.088,0.087,0.088,0.089,0.091,0.084,0.083,0.083,0.083,0.084,0.095,0.088,0.09,0.089,0.089,0.089,0.084,0.085,0.085,0.085,0.086,0.083,0.092,0.09,0.089,0.089,0.091,0.088,0.086,0.086,0.085,0.087,0.085,0.085,0.087,0.087,0.087,0.086,0.087,0.087,0.085,0.085,0.085,0.084,0.085,0.084,0.103,0.086,0.086,0.087,0.091,0.088,0.085,0.085,0.084,0.085,0.084,0.083,0.087,0.086,0.087,0.087,0.088,0.091,0.084,0.084,0.083,0.083,0.085,0.084,0.082,0.081,0.089,0.084,0.085,0.084,0.084,0.083,0.085,0.084,0.083
4:29:10,30.1,0.086,0.084,0.092,0.09,0.085,0.084,0.084,0.084,0.089,0.084,0.088,0.093,0.085,0.098,0.089,0.089,0.087,0.089,0.089,0.091,0.084,0.083,0.083,0.083,0.084,0.096,0.088,0.088,0.09,0.09,0.09,0.084,0.085,0.085,0.085,0.086,0.084,0.095,0.09,0.09,0.089,0.092,0.089,0.086,0.086,0.085,0.087,0.085,0.085,0.087,0.087,0.087,0.087,0.087,0.087,0.085,0.085,0.085,0.085,0.085,0.084,0.103,0.087,0.086,0.087,0.091,0.088,0.088,0.085,0.084,0.085,0.084,0.083,0.087,0.086,0.087,0.087,0.088,0.093,0.084,0.084,0.083,0.083,0.085,0.084,0.082,0.081,0.089,0.084,0.085,0.084,0.084,0.083,0.085,0.084,0.083
4:44:10,30.1,0.086,0.084,0.092,0.09,0.085,0.084,0.084,0.085,0.088,0.084,0.088,0.093,0.085,0.101,0.089,0.088,0.088,0.089,0.091,0.091,0.084,0.083,0.083,0.083,0.084,0.099,0.088,0.089,0.09,0.092,0.091,0.084,0.086,0.085,0.085,0.086,0.083,0.096,0.091,0.091,0.09,0.093,0.09,0.086,0.086,0.085,0.087,0.085,0.085,0.087,0.087,0.087,0.087,0.087,0.087,0.085,0.085,0.085,0.085,0.085,0.084,0.102,0.087,0.086,0.087,0.092,0.088,0.085,0.085,0.084,0.085,0.084,0.084,0.087,0.086,0.087,0.087,0.089,0.095,0.084,0.084,0.083,0.083,0.085,0.084,0.082,0.081,0.088,0.084,0.085,0.084,0.084,0.083,0.086,0.084,0.083
4:59:10,30.1,0.086,0.084,0.092,0.089,0.085,0.085,0.084,0.084,0.088,0.084,0.088,0.093,0.085,0.107,0.09,0.088,0.09,0.089,0.092,0.091,0.084,0.083,0.083,0.083,0.084,0.103,0.089,0.09,0.091,0.092,0.091,0.084,0.085,0.085,0.085,0.086,0.083,0.1,0.093,0.092,0.091,0.093,0.09,0.086,0.086,0.085,0.087,0.085,0.085,0.087,0.087,0.087,0.087,0.087,0.087,0.085,0.085,0.085,0.084,0.085,0.084,0.104,0.087,0.086,0.088,0.094,0.088,0.085,0.085,0.084,0.085,0.084,0.083,0.087,0.087,0.088,0.087,0.089,0.096,0.084,0.084,0.083,0.083,0.085,0.084,0.082,0.081,0.088,0.084,0.085,0.084,0.084,0.083,0.085,0.084,0.083
5:14:10,30.1,0.086,0.084,0.092,0.089,0.085,0.084,0.084,0.085,0.089,0.084,0.088,0.093,0.086,0.112,0.09,0.089,0.092,0.09,0.094,0.091,0.084,0.083,0.083,0.083,0.084,0.108,0.09,0.089,0.092,0.093,0.093,0.084,0.085,0.085,0.085,0.086,0.084,0.105,0.092,0.096,0.092,0.093,0.09,0.086,0.086,0.085,0.086,0.085,0.085,0.088,0.088,0.088,0.087,0.089,0.088,0.085,0.085,0.085,0.084,0.085,0.084,0.103,0.087,0.086,0.088,0.093,0.089,0.085,0.085,0.084,0.085,0.084,0.084,0.088,0.086,0.088,0.088,0.091,0.099,0.084,0.084,0.083,0.083,0.086,0.084,0.082,0.082,0.09,0.084,0.085,0.085,0.084,0.083,0.086,0.084,0.083
5:29:10,30.1,0.086,0.084,0.092,0.09,0.085,0.084,0.084,0.084,0.088,0.084,0.088,0.094,0.086,0.117,0.09,0.089,0.093,0.09,0.094,0.091,0.084,0.083,0.083,0.083,0.084,0.115,0.091,0.09,0.093,0.093,0.094,0.084,0.085,0.085,0.085,0.086,0.083,0.11,0.092,0.097,0.093,0.093,0.091,0.086,0.086,0.086,0.086,0.085,0.085,0.088,0.088,0.088,0.087,0.089,0.088,0.085,0.085,0.085,0.085,0.085,0.084,0.104,0.087,0.087,0.088,0.095,0.089,0.085,0.085,0.084,0.085,0.084,0.083,0.088,0.086,0.088,0.088,0.093,0.102,0.084,0.084,0.083,0.083,0.087,0.084,0.082,0.082,0.089,0.084,0.085,0.085,0.084,0.083,0.086,0.084,0.083
5:44:10,30,0.086,0.084,0.093,0.089,0.085,0.086,0.084,0.084,0.088,0.084,0.088,0.094,0.085,0.122,0.091,0.089,0.096,0.091,0.095,0.091,0.084,0.083,0.083,0.083,0.084,0.12,0.092,0.091,0.095,0.094,0.095,0.084,0.085,0.084,0.086,0.086,0.083,0.117,0.096,0.098,0.094,0.093,0.092,0.086,0.086,0.085,0.086,0.085,0.085,0.088,0.088,0.088,0.088,0.09,0.088,0.085,0.085,0.085,0.084,0.085,0.084,0.107,0.087,0.086,0.088,0.097,0.089,0.085,0.085,0.084,0.085,0.084,0.083,0.088,0.086,0.088,0.089,0.096,0.105,0.084,0.084,0.083,0.083,0.086,0.084,0.082,0.082,0.087,0.084,0.085,0.084,0.084,0.083,0.085,0.084,0.083
5:59:10,30,0.086,0.084,0.093,0.089,0.085,0.085,0.084,0.084,0.088,0.084,0.088,0.094,0.085,0.131,0.091,0.09,0.097,0.092,0.096,0.091,0.084,0.083,0.083,0.083,0.084,0.129,0.094,0.091,0.097,0.095,0.097,0.084,0.086,0.085,0.085,0.086,0.083,0.122,0.096,0.099,0.097,0.094,0.093,0.086,0.086,0.085,0.086,0.085,0.085,0.088,0.088,0.088,0.088,0.089,0.089,0.085,0.085,0.085,0.085,0.085,0.084,0.109,0.088,0.086,0.088,0.098,0.089,0.087,0.085,0.084,0.085,0.084,0.084,0.089,0.087,0.089,0.088,0.099,0.109,0.084,0.084,0.083,0.083,0.086,0.084,0.082,0.082,0.088,0.084,0.085,0.084,0.084,0.083,0.085,0.084,0.083
6:14:10,30,0.086,0.084,0.092,0.089,0.085,0.084,0.084,0.084,0.088,0.084,0.088,0.093,0.085,0.139,0.092,0.091,0.1,0.092,0.098,0.091,0.084,0.083,0.083,0.083,0.084,0.136,0.094,0.093,0.1,0.096,0.098,0.084,0.086,0.085,0.085,0.086,0.083,0.129,0.096,0.099,0.101,0.095,0.093,0.086,0.086,0.085,0.086,0.085,0.085,0.088,0.088,0.088,0.088,0.089,0.089,0.085,0.085,0.085,0.084,0.085,0.084,0.11,0.088,0.086,0.089,0.1,0.09,0.085,0.085,0.084,0.085,0.084,0.083,0.089,0.088,0.09,0.089,0.1,0.112,0.084,0.084,0.083,0.083,0.085,0.084,0.082,0.082,0.088,0.084,0.085,0.084,0.084,0.083,0.086,0.084,0.083
6:29:10,30.1,0.086,0.084,0.092,0.089,0.085,0.084,0.084,0.084,0.088,0.084,0.088,0.093,0.085,0.146,0.092,0.092,0.102,0.093,0.099,0.091,0.084,0.083,0.083,0.083,0.084,0.144,0.095,0.095,0.103,0.096,0.101,0.084,0.085,0.084,0.085,0.086,0.083,0.136,0.097,0.099,0.104,0.096,0.095,0.086,0.086,0.085,0.087,0.085,0.085,0.089,0.088,0.088,0.088,0.09,0.09,0.085,0.085,0.085,0.084,0.085,0.084,0.111,0.089,0.087,0.088,0.108,0.09,0.086,0.085,0.084,0.085,0.084,0.083,0.09,0.09,0.091,0.089,0.102,0.115,0.084,0.084,0.083,0.083,0.085,0.084,0.082,0.082,0.088,0.084,0.085,0.084,0.084,0.083,0.085,0.084,0.083
6:44:10,30.1,0.086,0.084,0.092,0.09,0.085,0.086,0.084,0.085,0.088,0.084,0.088,0.093,0.085,0.152,0.093,0.091,0.104,0.094,0.1,0.091,0.084,0.083,0.083,0.083,0.084,0.147,0.095,0.095,0.103,0.097,0.104,0.084,0.085,0.084,0.085,0.086,0.083,0.141,0.098,0.099,0.107,0.097,0.097,0.086,0.086,0.085,0.086,0.085,0.085,0.089,0.089,0.089,0.089,0.09,0.093,0.085,0.085,0.085,0.085,0.085,0.084,0.114,0.088,0.087,0.088,0.105,0.091,0.086,0.085,0.084,0.085,0.084,0.083,0.091,0.091,0.088,0.089,0.106,0.119,0.084,0.084,0.083,0.083,0.086,0.084,0.082,0.082,0.088,0.084,0.085,0.085,0.084,0.083,0.086,0.084,0.083
6:59:10,30.1,0.086,0.084,0.092,0.09,0.085,0.086,0.084,0.084,0.088,0.084,0.088,0.093,0.086,0.157,0.093,0.09,0.108,0.094,0.101,0.091,0.084,0.083,0.083,0.083,0.084,0.155,0.096,0.095,0.109,0.097,0.104,0.084,0.085,0.085,0.085,0.086,0.083,0.148,0.098,0.1,0.11,0.097,0.099,0.086,0.086,0.085,0.086,0.085,0.085,0.09,0.088,0.088,0.089,0.092,0.095,0.085,0.085,0.085,0.084,0.085,0.084,0.114,0.088,0.087,0.088,0.11,0.091,0.086,0.085,0.084,0.085,0.084,0.083,0.093,0.093,0.088,0.089,0.111,0.123,0.084,0.084,0.083,0.083,0.087,0.084,0.082,0.082,0.088,0.084,0.085,0.084,0.084,0.083,0.085,0.084,0.083
7:14:10,30.1,0.086,0.084,0.092,0.09,0.085,0.085,0.084,0.084,0.088,0.084,0.088,0.093,0.085,0.164,0.094,0.092,0.112,0.095,0.102,0.091,0.084,0.083,0.083,0.082,0.084,0.159,0.096,0.096,0.119,0.099,0.106,0.084,0.085,0.084,0.085,0.086,0.084,0.157,0.099,0.1,0.113,0.098,0.1,0.086,0.086,0.085,0.086,0.085,0.085,0.09,0.089,0.088,0.089,0.093,0.096,0.085,0.085,0.085,0.084,0.085,0.084,0.114,0.089,0.086,0.089,0.114,0.092,0.088,0.085,0.084,0.085,0.084,0.083,0.093,0.094,0.09,0.089,0.116,0.129,0.084,0.084,0.083,0.083,0.087,0.084,0.082,0.082,0.086,0.084,0.085,0.084,0.084,0.083,0.086,0.084,0.083
7:29:10,30.1,0.086,0.084,0.092,0.09,0.085,0.085,0.084,0.085,0.088,0.084,0.088,0.093,0.085,0.173,0.094,0.091,0.115,0.096,0.104,0.091,0.084,0.083,0.083,0.083,0.084,0.17,0.096,0.094,0.124,0.099,0.107,0.084,0.085,0.085,0.085,0.086,0.084,0.168,0.099,0.1,0.117,0.099,0.101,0.086,0.086,0.085,0.086,0.085,0.085,0.091,0.089,0.088,0.091,0.094,0.097,0.085,0.085,0.085,0.085,0.085,0.084,0.112,0.09,0.087,0.089,0.122,0.092,0.088,0.085,0.084,0.085,0.084,0.084,0.095,0.095,0.092,0.09,0.118,0.136,0.084,0.084,0.083,0.083,0.087,0.084,0.082,0.082,0.087,0.084,0.085,0.085,0.084,0.083,0.085,0.084,0.083
7:44:10,30,0.086,0.084,0.093,0.09,0.085,0.084,0.084,0.084,0.088,0.084,0.089,0.093,0.085,0.183,0.094,0.094,0.117,0.098,0.106,0.091,0.084,0.083,0.083,0.083,0.084,0.18,0.097,0.096,0.127,0.1,0.108,0.084,0.085,0.085,0.085,0.086,0.083,0.179,0.099,0.1,0.12,0.101,0.104,0.086,0.086,0.085,0.086,0.085,0.085,0.091,0.089,0.089,0.09,0.095,0.098,0.085,0.085,0.085,0.085,0.085,0.084,0.11,0.092,0.087,0.09,0.122,0.093,0.086,0.085,0.084,0.085,0.084,0.084,0.096,0.097,0.092,0.09,0.121,0.142,0.084,0.084,0.083,0.083,0.086,0.084,0.082,0.082,0.088,0.084,0.085,0.088,0.084,0.083,0.085,0.084,0.083
7:59:10,30,0.086,0.084,0.093,0.089,0.085,0.084,0.084,0.085,0.088,0.084,0.088,0.093,0.086,0.188,0.095,0.091,0.12,0.1,0.108,0.091,0.084,0.083,0.083,0.083,0.084,0.191,0.097,0.097,0.128,0.102,0.11,0.084,0.085,0.085,0.085,0.086,0.084,0.188,0.099,0.1,0.121,0.102,0.106,0.086,0.086,0.085,0.086,0.085,0.085,0.092,0.089,0.089,0.09,0.096,0.1,0.085,0.085,0.085,0.084,0.085,0.084,0.108,0.092,0.087,0.09,0.126,0.093,0.085,0.085,0.084,0.085,0.084,0.084,0.096,0.099,0.094,0.091,0.124,0.146,0.084,0.084,0.083,0.083,0.086,0.084,0.082,0.082,0.087,0.084,0.085,0.085,0.084,0.083,0.085,0.084,0.083
8:14:10,30.1,0.086,0.084,0.092,0.089,0.085,0.084,0.084,0.085,0.089,0.084,0.089,0.093,0.085,0.2,0.095,0.095,0.12,0.101,0.109,0.091,0.084,0.083,0.083,0.082,0.084,0.204,0.097,0.097,0.129,0.103,0.111,0.084,0.085,0.085,0.085,0.086,0.083,0.195,0.099,0.1,0.122,0.102,0.107,0.086,0.086,0.085,0.086,0.085,0.085,0.093,0.09,0.089,0.09,0.097,0.103,0.085,0.085,0.085,0.085,0.085,0.084,0.106,0.093,0.087,0.09,0.134,0.095,0.085,0.085,0.084,0.085,0.084,0.083,0.098,0.099,0.094,0.091,0.127,0.151,0.084,0.084,0.083,0.083,0.087,0.084,0.082,0.082,0.086,0.084,0.085,0.086,0.084,0.083,0.086,0.084,0.083
8:29:10,30,0.086,0.084,0.093,0.089,0.085,0.084,0.084,0.086,0.088,0.084,0.088,0.093,0.085,0.213,0.095,0.095,0.121,0.102,0.11,0.091,0.084,0.083,0.083,0.083,0.084,0.215,0.098,0.097,0.129,0.104,0.112,0.084,0.086,0.084,0.085,0.086,0.083,0.202,0.1,0.101,0.122,0.103,0.108,0.086,0.086,0.085,0.086,0.085,0.085,0.093,0.09,0.089,0.09,0.098,0.105,0.085,0.085,0.085,0.085,0.085,0.084,0.104,0.093,0.087,0.091,0.13,0.096,0.085,0.085,0.084,0.085,0.084,0.083,0.099,0.1,0.094,0.091,0.128,0.152,0.084,0.084,0.083,0.083,0.086,0.084,0.082,0.082,0.086,0.084,0.085,0.087,0.084,0.083,0.085,0.084,0.083
8:44:10,30.1,0.086,0.084,0.092,0.089,0.085,0.084,0.084,0.085,0.088,0.084,0.088,0.093,0.085,0.225,0.096,0.091,0.121,0.104,0.112,0.091,0.084,0.083,0.083,0.083,0.084,0.225,0.098,0.097,0.131,0.105,0.113,0.084,0.086,0.085,0.086,0.086,0.083,0.207,0.1,0.101,0.125,0.103,0.11,0.086,0.086,0.085,0.086,0.085,0.085,0.095,0.09,0.089,0.091,0.098,0.107,0.085,0.085,0.085,0.084,0.085,0.084,0.121,0.094,0.087,0.091,0.122,0.098,0.085,0.085,0.084,0.085,0.084,0.083,0.101,0.101,0.094,0.092,0.131,0.158,0.084,0.084,0.083,0.083,0.087,0.084,0.082,0.082,0.087,0.084,0.085,0.086,0.084,0.083,0.086,0.084,0.083
8:59:10,30.1,0.086,0.084,0.093,0.089,0.085,0.084,0.084,0.084,0.088,0.084,0.088,0.093,0.085,0.239,0.096,0.095,0.123,0.104,0.114,0.091,0.084,0.083,0.083,0.083,0.084,0.235,0.098,0.098,0.132,0.105,0.115,0.084,0.086,0.085,0.085,0.086,0.083,0.208,0.1,0.102,0.124,0.104,0.113,0.086,0.086,0.085,0.086,0.085,0.085,0.096,0.09,0.089,0.092,0.1,0.11,0.085,0.085,0.085,0.085,0.085,0.084,0.101,0.093,0.087,0.092,0.11,0.099,0.085,0.085,0.084,0.085,0.084,0.083,0.102,0.102,0.094,0.091,0.134,0.162,0.084,0.084,0.083,0.083,0.086,0.084,0.082,0.082,0.089,0.084,0.085,0.086,0.084,0.083,0.086,0.084,0.083
9:14:10,30.1,0.086,0.084,0.092,0.089,0.085,0.085,0.084,0.086,0.088,0.084,0.088,0.093,0.085,0.254,0.096,0.095,0.122,0.105,0.116,0.091,0.084,0.083,0.083,0.082,0.084,0.245,0.098,0.098,0.132,0.107,0.118,0.084,0.085,0.085,0.085,0.086,0.083,0.21,0.101,0.102,0.124,0.106,0.117,0.086,0.086,0.085,0.086,0.085,0.085,0.098,0.09,0.089,0.092,0.101,0.112,0.085,0.085,0.085,0.084,0.085,0.084,0.103,0.094,0.087,0.092,0.105,0.1,0.085,0.085,0.084,0.085,0.084,0.083,0.103,0.103,0.094,0.092,0.137,0.167,0.084,0.084,0.083,0.083,0.087,0.084,0.082,0.082,0.087,0.084,0.085,0.085,0.084,0.083,0.085,0.084,0.083
9:29:10,30.1,0.086,0.084,0.092,0.089,0.085,0.086,0.084,0.085,0.089,0.084,0.088,0.093,0.085,0.266,0.096,0.096,0.122,0.107,0.121,0.091,0.084,0.083,0.083,0.083,0.084,0.253,0.098,0.098,0.132,0.109,0.127,0.084,0.086,0.085,0.085,0.086,0.084,0.21,0.101,0.102,0.124,0.112,0.126,0.086,0.086,0.085,0.086,0.085,0.085,0.099,0.091,0.09,0.092,0.102,0.115,0.085,0.085,0.085,0.085,0.085,0.084,0.127,0.093,0.091,0.091,0.108,0.101,0.085,0.085,0.084,0.085,0.084,0.084,0.105,0.104,0.097,0.092,0.14,0.172,0.084,0.084,0.083,0.083,0.086,0.084,0.082,0.082,0.088,0.084,0.085,0.086,0.084,0.083,0.086,0.084,0.083
9:44:10,30.1,0.086,0.084,0.092,0.09,0.085,0.087,0.084,0.084,0.088,0.084,0.088,0.093,0.085,0.277,0.096,0.097,0.122,0.114,0.132,0.091,0.084,0.083,0.083,0.083,0.084,0.263,0.099,0.099,0.133,0.116,0.135,0.084,0.085,0.085,0.085,0.086,0.083,0.214,0.101,0.102,0.124,0.118,0.132,0.086,0.086,0.085,0.086,0.085,0.085,0.1,0.091,0.092,0.093,0.103,0.117,0.085,0.085,0.085,0.085,0.085,0.084,0.104,0.094,0.096,0.092,0.114,0.102,0.085,0.085,0.084,0.085,0.084,0.083,0.107,0.105,0.097,0.093,0.145,0.18,0.084,0.084,0.083,0.083,0.087,0.084,0.082,0.082,0.089,0.084,0.085,0.088,0.084,0.083,0.086,0.084,0.083
9:59:10,30,0.086,0.084,0.093,0.089,0.085,0.084,0.084,0.086,0.089,0.084,0.088,0.093,0.085,0.283,0.096,0.093,0.123,0.119,0.135,0.091,0.084,0.083,0.083,0.083,0.084,0.27,0.098,0.099,0.133,0.12,0.138,0.084,0.086,0.085,0.085,0.086,0.084,0.214,0.101,0.103,0.123,0.12,0.135,0.086,0.086,0.085,0.086,0.085,0.085,0.1,0.091,0.094,0.094,0.104,0.119,0.085,0.085,0.085,0.085,0.085,0.084,0.124,0.098,0.098,0.092,0.12,0.105,0.085,0.085,0.084,0.085,0.084,0.084,0.108,0.107,0.102,0.094,0.148,0.182,0.084,0.084,0.083,0.083,0.087,0.084,0.082,0.082,0.088,0.084,0.085,0.085,0.084,0.083,0.085,0.084,0.083
10:14:10,30,0.086,0.084,0.093,0.089,0.085,0.087,0.084,0.087,0.088,0.084,0.088,0.093,0.085,0.293,0.096,0.096,0.122,0.121,0.135,0.091,0.084,0.083,0.083,0.083,0.084,0.278,0.099,0.099,0.132,0.121,0.137,0.084,0.085,0.085,0.085,0.085,0.083,0.212,0.102,0.103,0.123,0.121,0.134,0.086,0.086,0.085,0.086,0.085,0.085,0.1,0.091,0.095,0.095,0.105,0.122,0.085,0.085,0.085,0.084,0.085,0.084,0.107,0.099,0.097,0.093,0.126,0.107,0.085,0.085,0.084,0.085,0.084,0.083,0.109,0.11,0.104,0.095,0.152,0.187,0.084,0.084,0.083,0.083,0.087,0.084,0.082,0.082,0.087,0.084,0.085,0.084,0.084,0.083,0.085,0.084,0.083
10:29:10,30,0.086,0.084,0.092,0.089,0.085,0.086,0.084,0.087,0.088,0.084,0.088,0.092,0.085,0.3,0.097,0.096,0.122,0.12,0.134,0.09,0.084,0.083,0.083,0.083,0.084,0.288,0.099,0.099,0.132,0.121,0.137,0.084,0.085,0.085,0.085,0.085,0.083,0.214,0.102,0.103,0.123,0.12,0.134,0.086,0.086,0.085,0.086,0.085,0.085,0.1,0.092,0.094,0.095,0.106,0.125,0.085,0.085,0.085,0.084,0.085,0.084,0.121,0.099,0.096,0.093,0.132,0.11,0.085,0.085,0.084,0.085,0.084,0.083,0.111,0.113,0.104,0.095,0.156,0.189,0.084,0.084,0.083,0.083,0.086,0.084,0.082,0.082,0.09,0.084,0.085,0.084,0.084,0.083,0.085,0.084,0.083
10:44:10,30,0.086,0.084,0.093,0.089,0.085,0.084,0.085,0.085,0.088,0.084,0.088,0.093,0.085,0.309,0.096,0.097,0.122,0.12,0.133,0.091,0.084,0.083,0.083,0.083,0.084,0.298,0.099,0.1,0.132,0.12,0.136,0.084,0.085,0.085,0.085,0.086,0.084,0.21,0.102,0.104,0.123,0.12,0.133,0.086,0.086,0.085,0.086,0.085,0.085,0.102,0.092,0.094,0.1,0.108,0.13,0.085,0.085,0.085,0.084,0.085,0.084,0.119,0.099,0.096,0.096,0.144,0.11,0.085,0.085,0.084,0.085,0.084,0.084,0.116,0.115,0.104,0.096,0.164,0.194,0.084,0.084,0.083,0.083,0.086,0.084,0.082,0.082,0.088,0.084,0.085,0.087,0.084,0.083,0.086,0.084,0.083
10:59:10,30.1,0.086,0.084,0.092,0.089,0.085,0.084,0.084,0.086,0.088,0.083,0.088,0.092,0.085,0.32,0.097,0.095,0.122,0.119,0.133,0.091,0.084,0.083,0.083,0.082,0.084,0.306,0.1,0.1,0.132,0.12,0.136,0.084,0.085,0.085,0.085,0.085,0.083,0.21,0.103,0.104,0.122,0.12,0.133,0.086,0.086,0.085,0.086,0.085,0.085,0.103,0.094,0.094,0.101,0.109,0.134,0.085,0.085,0.085,0.085,0.085,0.084,0.117,0.099,0.096,0.099,0.154,0.113,0.085,0.085,0.084,0.085,0.084,0.083,0.12,0.115,0.104,0.097,0.168,0.196,0.084,0.084,0.083,0.083,0.086,0.084,0.082,0.082,0.087,0.084,0.085,0.085,0.084,0.083,0.085,0.084,0.083
11:14:10,30.1,0.086,0.084,0.092,0.089,0.085,0.084,0.084,0.087,0.088,0.084,0.088,0.092,0.085,0.328,0.097,0.097,0.122,0.118,0.132,0.091,0.084,0.083,0.083,0.083,0.084,0.311,0.1,0.1,0.131,0.12,0.136,0.084,0.085,0.085,0.085,0.086,0.083,0.205,0.103,0.104,0.123,0.12,0.133,0.086,0.086,0.085,0.086,0.085,0.085,0.105,0.097,0.094,0.105,0.11,0.138,0.085,0.085,0.085,0.085,0.085,0.084,0.118,0.099,0.096,0.094,0.166,0.117,0.085,0.085,0.084,0.085,0.084,0.083,0.121,0.116,0.105,0.099,0.175,0.2,0.084,0.084,0.083,0.083,0.086,0.084,0.082,0.082,0.089,0.084,0.085,0.084,0.084,0.083,0.085,0.084,0.083
11:29:10,30.1,0.086,0.084,0.093,0.089,0.085,0.083,0.085,0.087,0.088,0.084,0.088,0.092,0.085,0.34,0.097,0.093,0.121,0.118,0.132,0.091,0.084,0.083,0.083,0.082,0.084,0.324,0.1,0.1,0.131,0.12,0.135,0.084,0.086,0.085,0.085,0.086,0.083,0.208,0.103,0.105,0.122,0.12,0.133,0.086,0.086,0.085,0.086,0.085,0.085,0.108,0.098,0.095,0.107,0.111,0.142,0.085,0.085,0.085,0.085,0.085,0.084,0.124,0.1,0.096,0.097,0.174,0.121,0.085,0.085,0.084,0.085,0.084,0.084,0.122,0.117,0.105,0.102,0.182,0.204,0.084,0.084,0.083,0.083,0.086,0.084,0.082,0.082,0.089,0.084,0.085,0.085,0.084,0.083,0.085,0.084,0.083
11:44:10,30.1,0.086,0.084,0.093,0.089,0.085,0.083,0.084,0.085,0.088,0.084,0.088,0.092,0.085,0.347,0.097,0.097,0.121,0.117,0.131,0.091,0.084,0.083,0.083,0.082,0.084,0.33,0.1,0.1,0.131,0.119,0.135,0.084,0.085,0.085,0.085,0.085,0.083,0.208,0.103,0.105,0.121,0.12,0.133,0.086,0.086,0.086,0.086,0.085,0.085,0.11,0.098,0.095,0.11,0.112,0.145,0.085,0.085,0.085,0.085,0.085,0.084,0.119,0.1,0.097,0.1,0.184,0.124,0.085,0.085,0.084,0.085,0.084,0.083,0.123,0.117,0.106,0.102,0.192,0.206,0.084,0.084,0.083,0.083,0.086,0.084,0.082,0.082,0.089,0.084,0.085,0.085,0.084,0.083,0.085,0.084,0.083
11:59:10,30.1,0.086,0.084,0.092,0.089,0.085,0.083,0.084,0.086,0.088,0.084,0.088,0.092,0.085,0.355,0.097,0.097,0.121,0.116,0.13,0.09,0.084,0.083,0.083,0.082,0.084,0.334,0.1,0.1,0.13,0.118,0.133,0.084,0.086,0.085,0.085,0.085,0.083,0.202,0.103,0.105,0.121,0.119,0.131,0.086,0.086,0.085,0.086,0.085,0.085,0.112,0.098,0.095,0.11,0.115,0.148,0.085,0.085,0.085,0.084,0.085,0.084,0.119,0.101,0.097,0.101,0.19,0.127,0.085,0.085,0.084,0.085,0.084,0.083,0.124,0.119,0.109,0.1,0.2,0.213,0.084,0.084,0.083,0.083,0.086,0.084,0.082,0.082,0.087,0.084,0.085,0.084,0.084,0.083,0.085,0.084,0.083
12:14:10,30,0.086,0.084,0.093,0.089,0.085,0.083,0.084,0.087,0.088,0.084,0.088,0.092,0.085,0.364,0.097,0.095,0.121,0.116,0.129,0.091,0.084,0.083,0.083,0.083,0.084,0.34,0.1,0.099,0.13,0.117,0.133,0.084,0.086,0.085,0.085,0.085,0.083,0.203,0.104,0.106,0.121,0.118,0.131,0.086,0.086,0.085,0.086,0.085,0.085,0.113,0.098,0.096,0.114,0.117,0.151,0.085,0.085,0.085,0.084,0.085,0.084,0.139,0.101,0.098,0.103,0.197,0.131,0.085,0.085,0.084,0.085,0.084,0.083,0.125,0.12,0.111,0.104,0.208,0.221,0.084,0.084,0.083,0.083,0.087,0.084,0.082,0.082,0.088,0.084,0.085,0.084,0.084,0.083,0.085,0.084,0.083
12:29:10,30,0.086,0.084,0.093,0.089,0.085,0.083,0.085,0.085,0.088,0.084,0.088,0.092,0.085,0.372,0.098,0.096,0.121,0.116,0.13,0.091,0.084,0.083,0.083,0.082,0.084,0.343,0.1,0.1,0.129,0.118,0.134,0.084,0.085,0.085,0.085,0.085,0.083,0.2,0.104,0.106,0.12,0.119,0.132,0.086,0.086,0.085,0.086,0.085,0.085,0.114,0.098,0.096,0.114,0.117,0.154,0.085,0.085,0.085,0.084,0.085,0.084,0.141,0.102,0.099,0.104,0.208,0.135,0.085,0.085,0.084,0.085,0.084,0.083,0.127,0.122,0.114,0.103,0.215,0.218,0.084,0.084,0.083,0.083,0.086,0.084,0.082,0.082,0.089,0.084,0.085,0.085,0.084,0.083,0.085,0.084,0.083
12:44:10,30.1,0.086,0.084,0.093,0.089,0.085,0.083,0.085,0.086,0.088,0.084,0.088,0.092,0.085,0.38,0.098,0.094,0.12,0.116,0.13,0.091,0.084,0.083,0.083,0.083,0.084,0.342,0.101,0.101,0.129,0.118,0.135,0.084,0.085,0.085,0.085,0.086,0.083,0.198,0.104,0.106,0.12,0.12,0.132,0.086,0.086,0.085,0.086,0.085,0.085,0.116,0.098,0.097,0.114,0.118,0.157,0.085,0.085,0.085,0.084,0.085,0.084,0.129,0.104,0.101,0.107,0.21,0.138,0.085,0.085,0.084,0.085,0.084,0.083,0.129,0.123,0.118,0.106,0.223,0.22,0.084,0.084,0.083,0.083,0.086,0.084,0.082,0.082,0.088,0.084,0.085,0.084,0.084,0.083,0.085,0.084,0.083
12:59:10,30,0.086,0.084,0.093,0.089,0.085,0.083,0.084,0.088,0.088,0.084,0.088,0.092,0.086,0.39,0.098,0.098,0.12,0.116,0.13,0.091,0.084,0.084,0.083,0.082,0.084,0.351,0.101,0.098,0.128,0.119,0.136,0.084,0.086,0.085,0.085,0.085,0.083,0.2,0.105,0.107,0.12,0.121,0.133,0.086,0.086,0.085,0.086,0.085,0.085,0.116,0.099,0.098,0.115,0.119,0.159,0.085,0.085,0.085,0.084,0.085,0.084,0.132,0.104,0.103,0.107,0.217,0.139,0.085,0.085,0.084,0.085,0.084,0.083,0.131,0.125,0.123,0.107,0.231,0.223,0.084,0.084,0.083,0.083,0.087,0.084,0.082,0.082,0.088,0.084,0.085,0.084,0.084,0.083,0.085,0.084,0.083
13:14:10,30,0.086,0.084,0.093,0.089,0.085,0.083,0.084,0.086,0.088,0.084,0.088,0.092,0.086,0.396,0.098,0.097,0.12,0.116,0.131,0.091,0.084,0.083,0.083,0.083,0.084,0.352,0.101,0.099,0.128,0.119,0.137,0.084,0.085,0.085,0.085,0.086,0.083,0.2,0.105,0.107,0.12,0.122,0.135,0.086,0.086,0.085,0.086,0.085,0.085,0.118,0.099,0.098,0.115,0.119,0.162,0.085,0.085,0.085,0.084,0.085,0.084,0.134,0.105,0.107,0.108,0.225,0.142,0.085,0.085,0.084,0.085,0.084,0.083,0.132,0.127,0.127,0.114,0.241,0.229,0.084,0.084,0.083,0.083,0.087,0.084,0.082,0.082,0.089,0.084,0.085,0.084,0.084,0.083,0.085,0.084,0.083
13:29:10,30,0.086,0.084,0.093,0.089,0.085,0.083,0.084,0.085,0.088,0.084,0.088,0.092,0.086,0.401,0.098,0.097,0.119,0.117,0.132,0.091,0.084,0.083,0.083,0.083,0.084,0.352,0.102,0.099,0.127,0.121,0.139,0.084,0.085,0.085,0.085,0.085,0.084,0.2,0.105,0.107,0.121,0.123,0.136,0.086,0.086,0.085,0.086,0.085,0.085,0.119,0.1,0.099,0.115,0.122,0.165,0.085,0.085,0.085,0.085,0.085,0.084,0.134,0.106,0.11,0.108,0.231,0.145,0.085,0.085,0.084,0.085,0.084,0.084,0.135,0.128,0.133,0.119,0.253,0.235,0.084,0.084,0.083,0.083,0.086,0.085,0.082,0.082,0.088,0.084,0.085,0.085,0.084,0.083,0.085,0.084,0.083
13:44:10,30,0.086,0.084,0.093,0.089,0.085,0.083,0.084,0.089,0.088,0.084,0.088,0.091,0.085,0.407,0.098,0.098,0.119,0.117,0.133,0.091,0.084,0.084,0.083,0.082,0.084,0.351,0.102,0.101,0.127,0.121,0.14,0.084,0.086,0.085,0.085,0.085,0.083,0.198,0.105,0.107,0.121,0.124,0.137,0.086,0.086,0.085,0.086,0.085,0.085,0.12,0.1,0.099,0.116,0.127,0.168,0.085,0.085,0.085,0.084,0.085,0.084,0.146,0.108,0.113,0.108,0.234,0.148,0.085,0.085,0.084,0.085,0.084,0.084,0.137,0.13,0.136,0.118,0.266,0.241,0.084,0.084,0.083,0.083,0.087,0.084,0.082,0.082,0.09,0.084,0.085,0.084,0.084,0.083,0.085,0.084,0.083
13:59:10,30,0.086,0.084,0.093,0.089,0.085,0.083,0.084,0.085,0.088,0.084,0.088,0.092,0.086,0.414,0.099,0.098,0.119,0.118,0.135,0.091,0.084,0.083,0.083,0.083,0.084,0.352,0.102,0.099,0.127,0.122,0.142,0.084,0.085,0.085,0.085,0.085,0.084,0.2,0.106,0.108,0.121,0.125,0.139,0.086,0.086,0.085,0.086,0.085,0.085,0.121,0.101,0.1,0.117,0.128,0.171,0.085,0.085,0.085,0.085,0.085,0.084,0.147,0.11,0.117,0.109,0.239,0.15,0.085,0.085,0.084,0.085,0.084,0.084,0.14,0.132,0.139,0.123,0.279,0.244,0.084,0.084,0.083,0.083,0.087,0.084,0.082,0.082,0.089,0.084,0.085,0.084,0.084,0.083,0.085,0.084,0.083
14:14:10,30,0.086,0.084,0.093,0.089,0.085,0.083,0.084,0.088,0.088,0.084,0.088,0.092,0.086,0.418,0.099,0.097,0.118,0.119,0.135,0.091,0.084,0.083,0.083,0.083,0.084,0.346,0.102,0.102,0.127,0.123,0.142,0.084,0.085,0.085,0.085,0.085,0.083,0.199,0.106,0.109,0.122,0.126,0.139,0.086,0.086,0.085,0.086,0.085,0.085,0.123,0.101,0.102,0.117,0.13,0.173,0.085,0.085,0.085,0.084,0.085,0.084,0.151,0.112,0.12,0.109,0.242,0.154,0.085,0.085,0.084,0.085,0.084,0.083,0.143,0.133,0.145,0.124,0.282,0.253,0.084,0.084,0.083,0.083,0.085,0.084,0.082,0.082,0.088,0.084,0.085,0.084,0.084,0.083,0.085,0.084,0.083
14:29:10,30,0.086,0.085,0.093,0.089,0.085,0.083,0.085,0.085,0.088,0.084,0.088,0.092,0.086,0.423,0.099,0.099,0.118,0.119,0.137,0.091,0.084,0.083,0.083,0.082,0.084,0.349,0.102,0.101,0.127,0.124,0.144,0.084,0.085,0.085,0.085,0.085,0.084,0.202,0.106,0.108,0.122,0.126,0.14,0.086,0.086,0.086,0.086,0.085,0.085,0.124,0.103,0.102,0.118,0.136,0.175,0.085,0.085,0.085,0.084,0.085,0.084,0.157,0.113,0.124,0.111,0.248,0.16,0.085,0.085,0.084,0.085,0.084,0.083,0.145,0.134,0.148,0.124,0.29,0.259,0.084,0.084,0.083,0.083,0.086,0.084,0.082,0.082,0.088,0.084,0.085,0.086,0.084,0.083,0.085,0.084,0.083
14:44:10,30,0.086,0.085,0.093,0.089,0.085,0.084,0.085,0.086,0.088,0.084,0.088,0.091,0.085,0.426,0.099,0.094,0.118,0.12,0.137,0.091,0.084,0.083,0.083,0.082,0.084,0.347,0.102,0.101,0.127,0.124,0.144,0.084,0.085,0.085,0.085,0.085,0.084,0.202,0.106,0.109,0.123,0.127,0.14,0.086,0.086,0.086,0.086,0.085,0.085,0.126,0.103,0.104,0.118,0.134,0.178,0.085,0.085,0.085,0.085,0.085,0.084,0.159,0.115,0.128,0.111,0.251,0.166,0.085,0.085,0.084,0.085,0.084,0.083,0.148,0.136,0.152,0.125,0.301,0.267,0.084,0.084,0.083,0.083,0.086,0.084,0.082,0.082,0.088,0.084,0.085,0.086,0.084,0.083,0.085,0.084,0.083
14:59:10,30,0.086,0.085,0.093,0.089,0.085,0.085,0.085,0.086,0.089,0.084,0.088,0.091,0.085,0.432,0.1,0.095,0.119,0.121,0.138,0.091,0.084,0.084,0.083,0.083,0.084,0.347,0.102,0.103,0.127,0.125,0.144,0.084,0.085,0.085,0.086,0.085,0.084,0.203,0.107,0.109,0.123,0.127,0.14,0.086,0.086,0.085,0.087,0.085,0.085,0.128,0.104,0.106,0.119,0.137,0.181,0.085,0.085,0.085,0.085,0.085,0.084,0.162,0.117,0.131,0.112,0.256,0.174,0.085,0.085,0.084,0.085,0.084,0.084,0.151,0.137,0.154,0.126,0.307,0.277,0.084,0.084,0.083,0.083,0.087,0.084,0.082,0.082,0.089,0.084,0.085,0.086,0.084,0.083,0.085,0.084,0.083
15:14:10,30,0.086,0.084,0.093,0.089,0.085,0.087,0.085,0.084,0.089,0.084,0.088,0.091,0.085,0.435,0.099,0.1,0.118,0.121,0.138,0.091,0.084,0.083,0.083,0.082,0.084,0.342,0.102,0.104,0.127,0.125,0.144,0.084,0.084,0.085,0.085,0.085,0.083,0.204,0.107,0.11,0.124,0.128,0.14,0.086,0.086,0.085,0.086,0.085,0.085,0.13,0.106,0.109,0.119,0.142,0.184,0.085,0.085,0.085,0.085,0.085,0.084,0.165,0.119,0.136,0.113,0.259,0.183,0.085,0.085,0.084,0.085,0.084,0.083,0.156,0.139,0.158,0.127,0.314,0.276,0.084,0.084,0.083,0.083,0.085,0.084,0.082,0.082,0.089,0.084,0.085,0.087,0.084,0.083,0.085,0.084,0.083
15:29:10,30.1,0.086,0.084,0.092,0.089,0.085,0.085,0.085,0.088,0.089,0.084,0.088,0.091,0.085,0.441,0.099,0.1,0.118,0.121,0.138,0.091,0.084,0.083,0.083,0.082,0.084,0.341,0.102,0.104,0.127,0.125,0.144,0.084,0.086,0.085,0.085,0.085,0.083,0.206,0.107,0.111,0.124,0.128,0.14,0.086,0.086,0.085,0.086,0.085,0.085,0.132,0.108,0.11,0.12,0.142,0.188,0.085,0.085,0.085,0.084,0.085,0.084,0.168,0.121,0.139,0.113,0.258,0.19,0.085,0.085,0.084,0.085,0.084,0.083,0.16,0.141,0.162,0.128,0.322,0.275,0.084,0.084,0.083,0.083,0.085,0.084,0.082,0.082,0.088,0.084,0.085,0.085,0.084,0.083,0.085,0.084,0.083
15:44:10,30.1,0.086,0.085,0.092,0.089,0.085,0.084,0.085,0.086,0.089,0.084,0.088,0.091,0.085,0.442,0.1,0.101,0.119,0.121,0.138,0.091,0.084,0.083,0.083,0.082,0.084,0.342,0.103,0.105,0.127,0.126,0.145,0.084,0.085,0.085,0.085,0.085,0.083,0.209,0.108,0.111,0.124,0.128,0.141,0.086,0.086,0.085,0.086,0.085,0.085,0.134,0.11,0.112,0.12,0.142,0.191,0.085,0.085,0.085,0.085,0.085,0.084,0.171,0.123,0.142,0.115,0.263,0.197,0.085,0.085,0.084,0.085,0.084,0.083,0.163,0.142,0.164,0.128,0.329,0.276,0.084,0.084,0.083,0.083,0.086,0.084,0.082,0.082,0.089,0.084,0.085,0.085,0.084,0.083,0.085,0.084,0.083
15:59:10,30.1,0.086,0.085,0.092,0.089,0.085,0.084,0.085,0.085,0.089,0.084,0.088,0.091,0.085,0.444,0.1,0.101,0.119,0.122,0.138,0.091,0.084,0.083,0.083,0.082,0.084,0.339,0.103,0.105,0.127,0.126,0.145,0.084,0.084,0.085,0.085,0.085,0.083,0.211,0.108,0.112,0.124,0.129,0.141,0.086,0.086,0.085,0.087,0.085,0.085,0.136,0.111,0.113,0.121,0.143,0.191,0.085,0.085,0.085,0.085,0.085,0.084,0.173,0.125,0.145,0.116,0.268,0.204,0.085,0.085,0.084,0.085,0.084,0.083,0.167,0.143,0.166,0.129,0.337,0.28,0.084,0.084,0.083,0.083,0.086,0.084,0.082,0.082,0.087,0.084,0.085,0.086,0.084,0.083,0.085,0.084,0.083
16:14:10,30.1,0.087,0.085,0.092,0.09,0.085,0.084,0.085,0.086,0.089,0.084,0.088,0.091,0.085,0.444,0.1,0.102,0.119,0.122,0.139,0.091,0.084,0.084,0.083,0.082,0.084,0.337,0.103,0.106,0.127,0.126,0.145,0.084,0.084,0.085,0.085,0.085,0.083,0.212,0.108,0.112,0.125,0.129,0.141,0.086,0.086,0.085,0.086,0.085,0.085,0.138,0.112,0.115,0.121,0.144,0.195,0.085,0.085,0.085,0.085,0.085,0.084,0.176,0.127,0.147,0.116,0.269,0.206,0.085,0.085,0.084,0.085,0.084,0.084,0.17,0.144,0.168,0.13,0.342,0.29,0.084,0.084,0.083,0.083,0.087,0.084,0.082,0.082,0.089,0.084,0.085,0.086,0.084,0.083,0.085,0.084,0.083
16:29:10,30.1,0.087,0.086,0.093,0.09,0.085,0.084,0.085,0.084,0.089,0.084,0.088,0.091,0.086,0.445,0.101,0.102,0.119,0.122,0.139,0.091,0.084,0.084,0.083,0.082,0.084,0.339,0.103,0.106,0.127,0.126,0.146,0.084,0.085,0.085,0.085,0.085,0.084,0.215,0.109,0.113,0.126,0.129,0.142,0.086,0.086,0.085,0.086,0.085,0.085,0.141,0.114,0.117,0.122,0.144,0.197,0.085,0.085,0.085,0.085,0.085,0.084,0.18,0.128,0.149,0.117,0.274,0.209,0.085,0.085,0.084,0.085,0.084,0.084,0.173,0.145,0.172,0.131,0.347,0.294,0.084,0.084,0.083,0.083,0.085,0.084,0.082,0.082,0.088,0.084,0.085,0.087,0.084,0.083,0.085,0.084,0.083
16:44:10,30,0.087,0.086,0.093,0.09,0.085,0.084,0.085,0.085,0.089,0.084,0.088,0.091,0.086,0.443,0.101,0.102,0.119,0.122,0.139,0.091,0.084,0.084,0.083,0.082,0.084,0.339,0.103,0.107,0.127,0.126,0.146,0.084,0.086,0.085,0.085,0.085,0.083,0.218,0.109,0.113,0.126,0.129,0.142,0.086,0.086,0.085,0.086,0.085,0.085,0.144,0.114,0.118,0.122,0.146,0.197,0.085,0.085,0.085,0.084,0.085,0.084,0.183,0.131,0.152,0.119,0.281,0.218,0.085,0.085,0.084,0.085,0.084,0.083,0.177,0.147,0.175,0.133,0.356,0.298,0.084,0.084,0.083,0.083,0.087,0.084,0.082,0.082,0.089,0.084,0.085,0.087,0.084,0.083,0.085,0.084,0.083
16:59:10,30,0.087,0.086,0.093,0.09,0.085,0.083,0.085,0.085,0.089,0.084,0.088,0.091,0.086,0.443,0.101,0.102,0.119,0.122,0.139,0.091,0.084,0.084,0.083,0.082,0.084,0.336,0.104,0.107,0.127,0.126,0.146,0.084,0.085,0.085,0.085,0.085,0.084,0.219,0.109,0.113,0.127,0.13,0.142,0.086,0.086,0.085,0.086,0.085,0.085,0.146,0.115,0.119,0.123,0.147,0.2,0.085,0.085,0.085,0.085,0.085,0.084,0.186,0.133,0.155,0.121,0.285,0.222,0.085,0.085,0.084,0.085,0.084,0.083,0.182,0.15,0.178,0.134,0.359,0.309,0.084,0.084,0.083,0.083,0.085,0.084,0.082,0.082,0.088,0.084,0.085,0.087,0.084,0.083,0.085,0.084,0.083
17:14:10,30,0.087,0.086,0.093,0.089,0.085,0.083,0.085,0.084,0.089,0.084,0.088,0.091,0.085,0.442,0.101,0.102,0.119,0.122,0.14,0.091,0.084,0.083,0.083,0.082,0.084,0.336,0.103,0.107,0.127,0.127,0.146,0.084,0.085,0.085,0.085,0.085,0.083,0.221,0.11,0.114,0.127,0.13,0.143,0.086,0.086,0.085,0.086,0.085,0.085,0.148,0.116,0.121,0.123,0.148,0.204,0.085,0.085,0.085,0.084,0.085,0.084,0.189,0.135,0.158,0.12,0.287,0.231,0.085,0.085,0.084,0.085,0.084,0.083,0.186,0.152,0.18,0.135,0.367,0.315,0.084,0.084,0.083,0.083,0.085,0.084,0.082,0.082,0.087,0.084,0.085,0.088,0.084,0.083,0.085,0.084,0.083
17:29:10,30.1,0.087,0.086,0.092,0.089,0.085,0.083,0.085,0.085,0.089,0.084,0.088,0.091,0.086,0.443,0.101,0.103,0.119,0.123,0.139,0.091,0.084,0.084,0.083,0.082,0.084,0.336,0.104,0.107,0.127,0.127,0.146,0.084,0.086,0.085,0.085,0.085,0.083,0.222,0.11,0.114,0.127,0.13,0.143,0.086,0.086,0.085,0.086,0.085,0.085,0.151,0.117,0.122,0.124,0.149,0.205,0.085,0.085,0.085,0.085,0.085,0.084,0.19,0.137,0.161,0.117,0.289,0.242,0.085,0.085,0.084,0.085,0.084,0.084,0.189,0.154,0.183,0.136,0.372,0.325,0.084,0.084,0.083,0.083,0.087,0.084,0.082,0.082,0.089,0.084,0.085,0.087,0.084,0.083,0.085,0.084,0.083
17:44:10,30.1,0.087,0.086,0.092,0.09,0.085,0.083,0.085,0.084,0.089,0.084,0.088,0.091,0.085,0.446,0.102,0.103,0.12,0.123,0.14,0.091,0.084,0.083,0.083,0.082,0.084,0.338,0.104,0.108,0.127,0.127,0.147,0.084,0.085,0.085,0.085,0.085,0.083,0.223,0.11,0.115,0.127,0.13,0.143,0.086,0.086,0.085,0.086,0.085,0.085,0.154,0.118,0.123,0.125,0.15,0.208,0.085,0.085,0.085,0.085,0.085,0.084,0.193,0.139,0.163,0.116,0.293,0.247,0.085,0.085,0.084,0.085,0.084,0.084,0.194,0.155,0.185,0.137,0.377,0.333,0.084,0.084,0.083,0.083,0.085,0.084,0.082,0.082,0.089,0.084,0.085,0.087,0.084,0.083,0.085,0.084,0.083
17:59:10,30.1,0.087,0.086,0.092,0.089,0.085,0.083,0.085,0.085,0.089,0.084,0.088,0.091,0.085,0.447,0.102,0.104,0.12,0.123,0.14,0.091,0.084,0.083,0.083,0.082,0.084,0.338,0.104,0.108,0.128,0.127,0.147,0.084,0.085,0.085,0.085,0.085,0.083,0.224,0.111,0.115,0.127,0.131,0.143,0.086,0.086,0.085,0.086,0.085,0.085,0.156,0.119,0.124,0.126,0.151,0.211,0.085,0.085,0.085,0.085,0.085,0.084,0.196,0.14,0.166,0.116,0.295,0.251,0.085,0.085,0.084,0.085,0.084,0.083,0.199,0.156,0.188,0.139,0.388,0.344,0.084,0.084,0.083,0.083,0.085,0.084,0.082,0.082,0.088,0.084,0.085,0.087,0.084,0.083,0.085,0.084,0.083
18:14:10,30.1,0.087,0.086,0.092,0.09,0.085,0.083,0.085,0.085,0.089,0.084,0.088,0.091,0.085,0.451,0.102,0.097,0.121,0.123,0.14,0.091,0.084,0.084,0.083,0.082,0.084,0.348,0.104,0.108,0.128,0.127,0.147,0.084,0.085,0.085,0.085,0.085,0.084,0.227,0.111,0.115,0.128,0.13,0.144,0.086,0.086,0.085,0.086,0.085,0.085,0.161,0.12,0.126,0.127,0.151,0.211,0.085,0.085,0.085,0.085,0.085,0.084,0.199,0.142,0.169,0.117,0.298,0.252,0.085,0.085,0.084,0.085,0.084,0.084,0.206,0.158,0.19,0.14,0.395,0.342,0.084,0.084,0.083,0.083,0.086,0.086,0.082,0.082,0.089,0.084,0.085,0.086,0.084,0.083,0.085,0.084,0.083
18:29:10,30.1,0.087,0.086,0.092,0.09,0.085,0.083,0.084,0.085,0.089,0.084,0.088,0.091,0.086,0.45,0.102,0.104,0.122,0.123,0.14,0.091,0.084,0.084,0.083,0.082,0.084,0.342,0.104,0.108,0.128,0.127,0.147,0.084,0.085,0.085,0.085,0.085,0.083,0.228,0.111,0.116,0.128,0.131,0.144,0.086,0.086,0.085,0.086,0.085,0.085,0.166,0.12,0.126,0.127,0.152,0.211,0.085,0.085,0.085,0.085,0.085,0.084,0.202,0.144,0.171,0.121,0.302,0.258,0.085,0.085,0.084,0.085,0.084,0.084,0.214,0.159,0.193,0.141,0.401,0.363,0.084,0.084,0.083,0.083,0.086,0.086,0.082,0.082,0.087,0.084,0.085,0.086,0.084,0.083,0.085,0.084,0.083
18:44:10,30,0.087,0.086,0.092,0.09,0.085,0.083,0.084,0.085,0.089,0.084,0.088,0.091,0.086,0.448,0.102,0.104,0.122,0.123,0.14,0.091,0.084,0.084,0.083,0.082,0.084,0.343,0.105,0.109,0.128,0.127,0.148,0.084,0.085,0.085,0.085,0.085,0.084,0.229,0.111,0.116,0.128,0.131,0.144,0.086,0.086,0.085,0.086,0.085,0.085,0.169,0.121,0.128,0.128,0.152,0.211,0.085,0.085,0.085,0.085,0.085,0.084,0.207,0.146,0.174,0.125,0.305,0.259,0.085,0.085,0.084,0.085,0.084,0.084,0.223,0.16,0.196,0.143,0.408,0.364,0.084,0.084,0.083,0.083,0.086,0.086,0.082,0.082,0.088,0.084,0.085,0.086,0.084,0.083,0.085,0.084,0.083
18:59:10,30,0.087,0.086,0.092,0.09,0.085,0.083,0.084,0.085,0.089,0.084,0.088,0.091,0.086,0.452,0.102,0.104,0.123,0.123,0.141,0.091,0.084,0.083,0.083,0.082,0.084,0.346,0.104,0.11,0.129,0.128,0.148,0.084,0.085,0.085,0.085,0.085,0.083,0.234,0.112,0.117,0.129,0.132,0.145,0.086,0.086,0.085,0.086,0.085,0.085,0.173,0.123,0.129,0.13,0.154,0.212,0.085,0.085,0.085,0.084,0.085,0.084,0.213,0.148,0.176,0.13,0.309,0.263,0.085,0.085,0.084,0.085,0.084,0.084,0.231,0.163,0.2,0.145,0.412,0.368,0.084,0.084,0.083,0.083,0.086,0.086,0.082,0.082,0.087,0.084,0.085,0.086,0.084,0.083,0.085,0.084,0.083
19:14:10,30,0.087,0.086,0.092,0.09,0.085,0.083,0.085,0.085,0.089,0.084,0.088,0.091,0.086,0.453,0.103,0.105,0.123,0.123,0.141,0.091,0.084,0.084,0.083,0.083,0.084,0.345,0.105,0.11,0.129,0.127,0.149,0.084,0.085,0.085,0.085,0.085,0.084,0.236,0.112,0.117,0.129,0.131,0.145,0.086,0.086,0.085,0.086,0.085,0.085,0.178,0.124,0.13,0.132,0.154,0.213,0.085,0.085,0.085,0.084,0.085,0.084,0.217,0.15,0.179,0.135,0.314,0.263,0.085,0.085,0.084,0.085,0.084,0.084,0.238,0.165,0.203,0.147,0.418,0.376,0.084,0.084,0.083,0.083,0.085,0.086,0.082,0.082,0.088,0.084,0.085,0.087,0.084,0.083,0.085,0.084,0.083
19:29:10,30,0.087,0.086,0.092,0.09,0.085,0.083,0.084,0.085,0.089,0.084,0.088,0.091,0.086,0.456,0.103,0.105,0.123,0.124,0.141,0.091,0.084,0.084,0.083,0.082,0.084,0.347,0.105,0.111,0.129,0.128,0.149,0.084,0.085,0.085,0.085,0.085,0.083,0.237,0.112,0.117,0.129,0.132,0.145,0.086,0.086,0.085,0.086,0.085,0.085,0.182,0.126,0.132,0.132,0.156,0.214,0.085,0.085,0.085,0.084,0.085,0.084,0.222,0.151,0.181,0.138,0.317,0.27,0.085,0.085,0.084,0.085,0.084,0.084,0.245,0.167,0.205,0.149,0.428,0.382,0.084,0.084,0.083,0.083,0.086,0.086,0.082,0.082,0.089,0.084,0.085,0.087,0.084,0.083,0.085,0.084,0.083
19:44:10,30.1,0.087,0.086,0.092,0.09,0.085,0.083,0.085,0.085,0.089,0.084,0.088,0.09,0.086,0.46,0.103,0.106,0.124,0.124,0.141,0.091,0.084,0.083,0.083,0.082,0.084,0.348,0.106,0.111,0.13,0.128,0.15,0.084,0.085,0.085,0.085,0.085,0.083,0.24,0.112,0.118,0.13,0.132,0.146,0.086,0.086,0.085,0.086,0.085,0.085,0.188,0.127,0.133,0.134,0.157,0.216,0.085,0.085,0.085,0.085,0.085,0.084,0.226,0.154,0.184,0.142,0.321,0.274,0.085,0.085,0.084,0.085,0.084,0.084,0.252,0.168,0.209,0.151,0.433,0.395,0.084,0.084,0.083,0.083,0.085,0.086,0.082,0.082,0.089,0.084,0.085,0.087,0.084,0.083,0.085,0.084,0.083
19:59:10,30.1,0.087,0.086,0.092,0.09,0.085,0.083,0.084,0.085,0.089,0.084,0.088,0.09,0.086,0.456,0.103,0.106,0.125,0.124,0.142,0.091,0.084,0.083,0.083,0.082,0.084,0.348,0.105,0.112,0.13,0.128,0.151,0.084,0.085,0.085,0.085,0.085,0.083,0.242,0.113,0.119,0.13,0.133,0.146,0.086,0.086,0.085,0.086,0.085,0.085,0.193,0.128,0.134,0.135,0.159,0.217,0.085,0.085,0.085,0.085,0.085,0.084,0.231,0.155,0.186,0.146,0.323,0.275,0.085,0.085,0.084,0.085,0.084,0.083,0.258,0.17,0.212,0.151,0.44,0.393,0.084,0.084,0.083,0.083,0.086,0.086,0.082,0.082,0.088,0.084,0.085,0.088,0.084,0.083,0.085,0.084,0.083
20:14:10,30.1,0.087,0.086,0.092,0.09,0.085,0.083,0.084,0.085,0.089,0.084,0.088,0.091,0.086,0.461,0.104,0.107,0.125,0.125,0.142,0.091,0.084,0.083,0.083,0.082,0.084,0.349,0.106,0.112,0.13,0.128,0.151,0.084,0.084,0.085,0.085,0.085,0.083,0.244,0.113,0.119,0.13,0.133,0.146,0.086,0.086,0.085,0.086,0.085,0.085,0.198,0.129,0.135,0.136,0.16,0.22,0.085,0.085,0.085,0.085,0.085,0.084,0.235,0.158,0.189,0.151,0.327,0.276,0.085,0.085,0.084,0.085,0.084,0.084,0.264,0.171,0.215,0.152,0.445,0.396,0.084,0.084,0.083,0.083,0.087,0.086,0.082,0.082,0.088,0.084,0.085,0.088,0.084,0.083,0.085,0.084,0.083
20:29:10,30.1,0.087,0.086,0.092,0.09,0.085,0.083,0.084,0.085,0.089,0.084,0.088,0.091,0.085,0.457,0.103,0.108,0.125,0.124,0.142,0.091,0.084,0.084,0.083,0.082,0.084,0.346,0.106,0.112,0.13,0.128,0.152,0.084,0.086,0.085,0.085,0.085,0.084,0.245,0.113,0.12,0.131,0.133,0.147,0.086,0.086,0.085,0.087,0.085,0.085,0.203,0.13,0.136,0.138,0.16,0.22,0.085,0.085,0.085,0.085,0.085,0.084,0.238,0.158,0.191,0.155,0.328,0.277,0.085,0.085,0.084,0.085,0.084,0.084,0.271,0.172,0.216,0.154,0.45,0.403,0.084,0.084,0.083,0.083,0.085,0.086,0.082,0.082,0.087,0.084,0.085,0.087,0.084,0.083,0.085,0.084,0.083
20:44:10,30.1,0.087,0.086,0.092,0.09,0.085,0.083,0.084,0.085,0.089,0.084,0.088,0.09,0.085,0.45,0.104,0.107,0.126,0.125,0.142,0.091,0.084,0.083,0.083,0.082,0.084,0.342,0.106,0.113,0.13,0.128,0.152,0.084,0.085,0.085,0.085,0.085,0.083,0.246,0.113,0.12,0.131,0.134,0.147,0.086,0.086,0.085,0.086,0.085,0.085,0.207,0.131,0.137,0.139,0.16,0.221,0.085,0.085,0.085,0.085,0.085,0.084,0.242,0.161,0.193,0.161,0.333,0.281,0.085,0.085,0.084,0.085,0.084,0.084,0.276,0.173,0.219,0.159,0.456,0.407,0.084,0.084,0.083,0.083,0.085,0.086,0.082,0.082,0.086,0.084,0.085,0.089,0.084,0.083,0.086,0.084,0.083
20:59:10,30.1,0.087,0.086,0.092,0.09,0.085,0.083,0.085,0.085,0.089,0.084,0.088,0.091,0.085,0.442,0.103,0.107,0.127,0.124,0.142,0.091,0.084,0.084,0.083,0.083,0.084,0.339,0.107,0.113,0.13,0.128,0.152,0.084,0.084,0.085,0.085,0.085,0.083,0.247,0.114,0.12,0.132,0.134,0.147,0.086,0.086,0.085,0.086,0.085,0.085,0.211,0.133,0.138,0.14,0.162,0.221,0.085,0.085,0.085,0.084,0.085,0.084,0.246,0.163,0.195,0.167,0.339,0.283,0.085,0.085,0.084,0.085,0.084,0.083,0.284,0.176,0.223,0.16,0.462,0.41,0.084,0.084,0.083,0.083,0.085,0.086,0.082,0.082,0.087,0.084,0.085,0.087,0.084,0.083,0.086,0.084,0.083
21:14:10,30,0.087,0.086,0.092,0.09,0.085,0.083,0.085,0.085,0.089,0.084,0.088,0.091,0.085,0.445,0.104,0.107,0.127,0.125,0.143,0.091,0.084,0.083,0.083,0.082,0.084,0.344,0.106,0.113,0.131,0.128,0.154,0.084,0.085,0.085,0.085,0.085,0.083,0.254,0.114,0.121,0.132,0.134,0.148,0.086,0.086,0.085,0.086,0.085,0.085,0.215,0.134,0.139,0.143,0.163,0.223,0.085,0.085,0.085,0.084,0.085,0.084,0.249,0.165,0.198,0.173,0.343,0.282,0.085,0.085,0.084,0.085,0.084,0.084,0.29,0.178,0.227,0.164,0.467,0.421,0.084,0.084,0.083,0.083,0.086,0.086,0.082,0.082,0.088,0.084,0.085,0.087,0.084,0.083,0.085,0.084,0.083
21:29:10,30,0.087,0.086,0.092,0.09,0.085,0.083,0.085,0.085,0.089,0.084,0.088,0.091,0.086,0.446,0.104,0.108,0.127,0.126,0.142,0.091,0.084,0.084,0.083,0.082,0.084,0.344,0.106,0.113,0.131,0.129,0.153,0.084,0.085,0.084,0.085,0.085,0.083,0.258,0.114,0.121,0.132,0.135,0.148,0.086,0.086,0.085,0.086,0.085,0.085,0.22,0.136,0.14,0.144,0.165,0.225,0.085,0.085,0.085,0.084,0.085,0.084,0.252,0.168,0.201,0.179,0.346,0.282,0.085,0.085,0.084,0.085,0.084,0.083,0.295,0.181,0.23,0.166,0.472,0.427,0.084,0.084,0.083,0.083,0.086,0.086,0.082,0.082,0.087,0.084,0.085,0.089,0.084,0.083,0.085,0.084,0.083
21:44:10,30.1,0.087,0.086,0.092,0.09,0.085,0.083,0.085,0.085,0.089,0.084,0.088,0.091,0.086,0.445,0.104,0.107,0.127,0.126,0.143,0.091,0.084,0.083,0.083,0.082,0.084,0.344,0.106,0.114,0.132,0.129,0.155,0.084,0.085,0.085,0.085,0.085,0.083,0.264,0.114,0.121,0.133,0.135,0.149,0.086,0.086,0.085,0.086,0.085,0.085,0.223,0.137,0.141,0.145,0.167,0.225,0.085,0.085,0.085,0.085,0.085,0.084,0.255,0.169,0.202,0.186,0.35,0.284,0.085,0.085,0.084,0.085,0.084,0.084,0.3,0.182,0.234,0.17,0.476,0.427,0.084,0.084,0.083,0.083,0.086,0.086,0.082,0.082,0.087,0.084,0.085,0.088,0.084,0.083,0.085,0.084,0.083
21:59:10,30.1,0.087,0.086,0.092,0.09,0.085,0.083,0.085,0.086,0.089,0.084,0.088,0.091,0.086,0.444,0.104,0.108,0.128,0.126,0.143,0.091,0.084,0.083,0.083,0.082,0.084,0.345,0.107,0.114,0.133,0.129,0.155,0.084,0.085,0.085,0.085,0.085,0.083,0.268,0.115,0.122,0.133,0.136,0.149,0.086,0.086,0.085,0.086,0.085,0.085,0.227,0.139,0.142,0.148,0.169,0.228,0.085,0.085,0.085,0.085,0.085,0.084,0.257,0.171,0.205,0.193,0.354,0.286,0.085,0.085,0.084,0.085,0.084,0.083,0.304,0.185,0.237,0.172,0.48,0.434,0.084,0.084,0.083,0.083,0.085,0.086,0.082,0.082,0.089,0.084,0.085,0.088,0.084,0.083,0.085,0.084,0.083
22:14:10,30.1,0.087,0.086,0.092,0.09,0.085,0.083,0.085,0.086,0.089,0.084,0.088,0.09,0.086,0.444,0.104,0.108,0.127,0.126,0.143,0.091,0.084,0.083,0.083,0.082,0.084,0.345,0.107,0.115,0.132,0.129,0.155,0.084,0.085,0.085,0.085,0.085,0.083,0.271,0.115,0.122,0.133,0.136,0.149,0.086,0.086,0.085,0.086,0.085,0.085,0.23,0.139,0.143,0.15,0.169,0.229,0.085,0.085,0.085,0.085,0.085,0.084,0.26,0.172,0.207,0.2,0.356,0.289,0.085,0.085,0.084,0.085,0.084,0.083,0.309,0.187,0.239,0.176,0.484,0.442,0.084,0.084,0.083,0.083,0.085,0.086,0.082,0.082,0.089,0.084,0.085,0.089,0.084,0.083,0.085,0.084,0.083
22:29:10,30.1,0.087,0.086,0.092,0.09,0.085,0.083,0.085,0.086,0.089,0.084,0.088,0.091,0.086,0.444,0.104,0.108,0.128,0.127,0.143,0.091,0.084,0.083,0.083,0.082,0.084,0.345,0.107,0.115,0.133,0.129,0.156,0.084,0.085,0.085,0.085,0.085,0.084,0.276,0.115,0.122,0.133,0.137,0.149,0.086,0.086,0.086,0.086,0.085,0.085,0.233,0.141,0.145,0.152,0.171,0.23,0.085,0.085,0.085,0.085,0.085,0.084,0.263,0.174,0.209,0.208,0.361,0.294,0.085,0.085,0.084,0.085,0.084,0.084,0.313,0.19,0.243,0.18,0.489,0.446,0.084,0.084,0.083,0.083,0.086,0.086,0.082,0.082,0.088,0.084,0.085,0.089,0.084,0.083,0.085,0.084,0.083
22:44:10,30.1,0.087,0.086,0.092,0.09,0.085,0.083,0.084,0.086,0.089,0.084,0.088,0.091,0.086,0.442,0.105,0.11,0.128,0.126,0.143,0.091,0.084,0.083,0.083,0.082,0.084,0.345,0.107,0.115,0.133,0.129,0.155,0.084,0.085,0.085,0.085,0.085,0.083,0.279,0.115,0.123,0.133,0.136,0.149,0.086,0.086,0.085,0.086,0.085,0.085,0.236,0.142,0.146,0.154,0.173,0.232,0.085,0.085,0.085,0.085,0.085,0.084,0.266,0.176,0.211,0.216,0.364,0.298,0.085,0.085,0.084,0.085,0.084,0.083,0.318,0.191,0.246,0.184,0.493,0.447,0.084,0.084,0.083,0.083,0.085,0.086,0.082,0.082,0.089,0.084,0.085,0.089,0.084,0.083,0.085,0.084,0.083
22:59:10,30.1,0.087,0.086,0.091,0.09,0.085,0.083,0.084,0.086,0.089,0.084,0.088,0.091,0.086,0.438,0.106,0.11,0.128,0.127,0.143,0.091,0.084,0.084,0.083,0.082,0.084,0.342,0.107,0.116,0.133,0.13,0.156,0.084,0.086,0.085,0.085,0.085,0.084,0.28,0.116,0.124,0.133,0.137,0.15,0.086,0.086,0.085,0.086,0.085,0.085,0.239,0.143,0.146,0.155,0.173,0.231,0.085,0.085,0.085,0.085,0.085,0.084,0.268,0.177,0.213,0.22,0.367,0.299,0.085,0.085,0.084,0.085,0.084,0.084,0.322,0.192,0.247,0.187,0.496,0.454,0.084,0.084,0.083,0.083,0.085,0.086,0.082,0.082,0.089,0.084,0.085,0.089,0.084,0.083,0.085,0.084,0.083
23:14:10,30.1,0.087,0.086,0.092,0.09,0.085,0.083,0.084,0.086,0.089,0.084,0.089,0.091,0.085,0.438,0.104,0.11,0.129,0.127,0.144,0.091,0.084,0.084,0.083,0.083,0.084,0.341,0.107,0.116,0.134,0.13,0.157,0.084,0.085,0.085,0.085,0.085,0.083,0.285,0.116,0.124,0.134,0.138,0.151,0.086,0.086,0.085,0.086,0.085,0.085,0.241,0.143,0.147,0.156,0.174,0.231,0.085,0.085,0.085,0.085,0.085,0.084,0.27,0.18,0.214,0.226,0.37,0.302,0.085,0.085,0.084,0.085,0.084,0.084,0.326,0.193,0.249,0.191,0.498,0.462,0.084,0.084,0.083,0.083,0.086,0.086,0.082,0.082,0.087,0.084,0.085,0.088,0.084,0.084,0.085,0.084,0.083
23:29:10,30,0.087,0.086,0.091,0.09,0.085,0.084,0.084,0.086,0.089,0.084,0.088,0.091,0.085,0.439,0.105,0.11,0.129,0.127,0.144,0.091,0.084,0.083,0.083,0.082,0.084,0.344,0.108,0.116,0.134,0.13,0.158,0.084,0.085,0.085,0.085,0.085,0.084,0.292,0.116,0.125,0.134,0.138,0.151,0.086,0.086,0.085,0.086,0.085,0.085,0.244,0.145,0.148,0.159,0.175,0.232,0.085,0.085,0.085,0.084,0.085,0.084,0.274,0.182,0.217,0.234,0.375,0.305,0.085,0.085,0.084,0.085,0.084,0.084,0.332,0.196,0.253,0.195,0.506,0.464,0.084,0.084,0.083,0.083,0.086,0.086,0.082,0.082,0.087,0.084,0.085,0.088,0.084,0.083,0.085,0.084,0.083
23:44:10,30,0.087,0.086,0.092,0.09,0.085,0.084,0.085,0.086,0.089,0.084,0.088,0.091,0.085,0.432,0.105,0.111,0.129,0.127,0.144,0.091,0.084,0.084,0.083,0.083,0.084,0.342,0.108,0.117,0.134,0.13,0.158,0.084,0.085,0.085,0.085,0.085,0.084,0.291,0.116,0.125,0.134,0.139,0.151,0.086,0.086,0.085,0.086,0.085,0.085,0.247,0.146,0.149,0.161,0.179,0.233,0.085,0.085,0.085,0.084,0.085,0.084,0.276,0.184,0.22,0.241,0.379,0.307,0.085,0.085,0.084,0.085,0.084,0.084,0.337,0.198,0.257,0.199,0.512,0.468,0.084,0.084,0.083,0.083,0.086,0.086,0.082,0.082,0.088,0.084,0.085,0.091,0.084,0.083,0.085,0.084,0.083
23:59:10,30,0.087,0.086,0.092,0.09,0.085,0.085,0.085,0.086,0.089,0.084,0.088,0.091,0.085,0.429,0.105,0.11,0.13,0.127,0.145,0.091,0.084,0.083,0.083,0.083,0.084,0.345,0.107,0.117,0.135,0.13,0.159,0.084,0.085,0.085,0.085,0.085,0.083,0.298,0.117,0.125,0.135,0.139,0.152,0.086,0.086,0.085,0.086,0.085,0.085,0.251,0.148,0.15,0.164,0.181,0.235,0.085,0.085,0.085,0.084,0.085,0.084,0.278,0.186,0.221,0.247,0.381,0.308,0.085,0.085,0.084,0.085,0.084,0.084,0.341,0.199,0.26,0.202,0.508,0.47,0.084,0.084,0.083,0.083,0.087,0.086,0.082,0.082,0.09,0.084,0.085,0.091,0.084,0.083,0.085,0.084,0.083
24:14:10,30,0.087,0.086,0.092,0.09,0.085,0.086,0.084,0.086,0.089,0.084,0.089,0.091,0.085,0.429,0.105,0.111,0.13,0.127,0.144,0.091,0.084,0.084,0.083,0.082,0.084,0.344,0.108,0.117,0.134,0.13,0.158,0.084,0.085,0.085,0.085,0.085,0.084,0.301,0.117,0.125,0.134,0.139,0.152,0.086,0.086,0.085,0.086,0.085,0.085,0.254,0.149,0.151,0.167,0.182,0.237,0.085,0.085,0.085,0.084,0.085,0.084,0.28,0.188,0.224,0.254,0.385,0.31,0.085,0.085,0.084,0.085,0.084,0.084,0.346,0.2,0.262,0.208,0.506,0.472,0.084,0.084,0.083,0.083,0.087,0.086,0.082,0.082,0.088,0.084,0.085,0.09,0.084,0.083,0.085,0.084,0.083
24:29:10,30.1,0.087,0.086,0.092,0.09,0.085,0.084,0.084,0.086,0.089,0.084,0.088,0.091,0.085,0.429,0.106,0.111,0.13,0.127,0.144,0.091,0.084,0.083,0.083,0.082,0.084,0.345,0.108,0.118,0.135,0.13,0.159,0.084,0.085,0.085,0.085,0.085,0.083,0.306,0.117,0.126,0.135,0.139,0.153,0.086,0.086,0.085,0.086,0.085,0.085,0.258,0.151,0.152,0.168,0.182,0.239,0.085,0.085,0.085,0.085,0.085,0.084,0.283,0.189,0.226,0.26,0.389,0.313,0.085,0.085,0.084,0.085,0.084,0.084,0.348,0.202,0.264,0.21,0.51,0.476,0.084,0.084,0.083,0.083,0.085,0.086,0.082,0.082,0.088,0.084,0.085,0.09,0.084,0.083,0.085,0.084,0.083
24:44:10,30.1,0.087,0.086,0.092,0.09,0.085,0.087,0.084,0.085,0.089,0.084,0.088,0.09,0.085,0.431,0.106,0.112,0.131,0.128,0.145,0.091,0.084,0.084,0.083,0.082,0.084,0.348,0.108,0.118,0.135,0.13,0.159,0.084,0.085,0.085,0.085,0.085,0.083,0.315,0.117,0.126,0.134,0.139,0.153,0.086,0.086,0.085,0.086,0.085,0.085,0.261,0.151,0.153,0.17,0.184,0.239,0.085,0.085,0.085,0.085,0.085,0.084,0.286,0.19,0.227,0.268,0.392,0.313,0.085,0.085,0.084,0.085,0.084,0.084,0.351,0.204,0.268,0.207,0.516,0.476,0.084,0.084,0.083,0.083,0.085,0.086,0.082,0.082,0.088,0.084,0.085,0.09,0.084,0.083,0.085,0.084,0.083
24:59:10,30.2,0.087,0.086,0.092,0.09,0.085,0.084,0.085,0.086,0.089,0.084,0.088,0.09,0.085,0.439,0.106,0.111,0.131,0.128,0.145,0.091,0.084,0.084,0.083,0.083,0.084,0.352,0.108,0.119,0.135,0.13,0.16,0.084,0.085,0.085,0.085,0.085,0.084,0.323,0.117,0.127,0.135,0.14,0.154,0.086,0.086,0.085,0.086,0.085,0.085,0.264,0.153,0.154,0.172,0.187,0.24,0.085,0.085,0.085,0.085,0.085,0.084,0.288,0.192,0.229,0.273,0.395,0.315,0.085,0.085,0.084,0.085,0.084,0.084,0.355,0.205,0.27,0.217,0.52,0.478,0.084,0.084,0.083,0.083,0.086,0.086,0.082,0.082,0.085,0.084,0.085,0.091,0.084,0.083,0.085,0.084,0.083
25:14:10,30.1,0.087,0.086,0.092,0.09,0.085,0.085,0.084,0.086,0.089,0.084,0.088,0.091,0.085,0.434,0.107,0.111,0.132,0.127,0.145,0.091,0.084,0.083,0.083,0.083,0.084,0.348,0.108,0.118,0.135,0.13,0.161,0.084,0.085,0.085,0.085,0.085,0.084,0.322,0.117,0.127,0.134,0.14,0.154,0.086,0.086,0.085,0.086,0.085,0.085,0.267,0.153,0.155,0.173,0.187,0.239,0.085,0.085,0.085,0.085,0.085,0.084,0.29,0.193,0.231,0.278,0.398,0.315,0.085,0.085,0.084,0.085,0.084,0.084,0.36,0.205,0.271,0.211,0.521,0.482,0.084,0.084,0.083,0.083,0.086,0.086,0.082,0.082,0.09,0.084,0.085,0.091,0.084,0.083,0.085,0.084,0.083
25:29:10,30,0.087,0.086,0.092,0.09,0.085,0.085,0.085,0.085,0.089,0.084,0.088,0.091,0.086,0.433,0.107,0.107,0.132,0.128,0.145,0.091,0.084,0.084,0.083,0.083,0.084,0.348,0.108,0.118,0.136,0.131,0.16,0.084,0.086,0.085,0.085,0.085,0.084,0.328,0.118,0.127,0.135,0.14,0.154,0.086,0.086,0.085,0.086,0.085,0.085,0.27,0.154,0.155,0.175,0.188,0.239,0.085,0.085,0.085,0.085,0.085,0.084,0.293,0.195,0.233,0.282,0.4,0.315,0.085,0.085,0.084,0.085,0.084,0.084,0.365,0.206,0.273,0.215,0.526,0.488,0.084,0.084,0.083,0.084,0.086,0.086,0.082,0.082,0.087,0.084,0.085,0.091,0.084,0.083,0.085,0.084,0.083
25:44:10,30,0.087,0.086,0.092,0.09,0.085,0.084,0.085,0.086,0.089,0.084,0.089,0.091,0.086,0.433,0.107,0.111,0.133,0.128,0.146,0.091,0.084,0.084,0.083,0.083,0.084,0.35,0.108,0.118,0.137,0.13,0.162,0.084,0.085,0.085,0.085,0.085,0.083,0.334,0.117,0.127,0.135,0.141,0.155,0.086,0.086,0.085,0.086,0.085,0.085,0.274,0.155,0.157,0.177,0.19,0.239,0.085,0.085,0.085,0.085,0.085,0.084,0.295,0.196,0.234,0.289,0.405,0.316,0.085,0.085,0.084,0.085,0.084,0.084,0.37,0.208,0.276,0.222,0.531,0.49,0.084,0.084,0.083,0.083,0.087,0.086,0.082,0.082,0.088,0.084,0.085,0.09,0.084,0.083,0.085,0.084,0.083
25:59:10,30,0.087,0.086,0.092,0.09,0.085,0.084,0.085,0.086,0.089,0.084,0.089,0.091,0.086,0.434,0.106,0.11,0.132,0.128,0.145,0.091,0.084,0.084,0.083,0.083,0.084,0.348,0.109,0.119,0.136,0.131,0.159,0.084,0.085,0.085,0.085,0.085,0.083,0.333,0.118,0.128,0.135,0.141,0.153,0.086,0.086,0.085,0.086,0.085,0.085,0.277,0.156,0.159,0.181,0.191,0.24,0.085,0.085,0.085,0.085,0.085,0.084,0.298,0.199,0.236,0.299,0.41,0.319,0.085,0.085,0.084,0.085,0.084,0.084,0.374,0.21,0.28,0.227,0.532,0.493,0.084,0.084,0.083,0.083,0.087,0.086,0.082,0.082,0.086,0.084,0.085,0.091,0.084,0.083,0.085,0.084,0.083
26:14:10,30,0.087,0.086,0.092,0.09,0.085,0.085,0.085,0.086,0.089,0.084,0.089,0.091,0.086,0.431,0.107,0.111,0.133,0.128,0.146,0.091,0.084,0.084,0.083,0.083,0.084,0.352,0.109,0.119,0.137,0.13,0.162,0.084,0.085,0.085,0.085,0.085,0.084,0.34,0.118,0.128,0.135,0.141,0.156,0.086,0.086,0.085,0.086,0.085,0.085,0.281,0.158,0.16,0.185,0.194,0.241,0.085,0.085,0.085,0.085,0.085,0.084,0.3,0.201,0.238,0.309,0.415,0.32,0.085,0.085,0.084,0.085,0.084,0.084,0.378,0.213,0.282,0.232,0.54,0.494,0.084,0.084,0.083,0.083,0.085,0.086,0.082,0.082,0.089,0.084,0.085,0.09,0.084,0.083,0.085,0.084,0.083
26:29:10,30.1,0.087,0.086,0.092,0.09,0.085,0.085,0.084,0.086,0.089,0.084,0.089,0.091,0.085,0.429,0.107,0.112,0.133,0.128,0.146,0.091,0.084,0.084,0.083,0.083,0.084,0.351,0.11,0.12,0.136,0.131,0.162,0.084,0.085,0.085,0.085,0.085,0.084,0.342,0.118,0.128,0.135,0.141,0.156,0.086,0.086,0.085,0.086,0.085,0.085,0.284,0.158,0.161,0.185,0.195,0.243,0.085,0.085,0.085,0.085,0.085,0.084,0.302,0.202,0.24,0.318,0.418,0.321,0.085,0.085,0.084,0.085,0.084,0.084,0.382,0.213,0.284,0.237,0.544,0.495,0.084,0.084,0.083,0.083,0.086,0.086,0.082,0.082,0.088,0.084,0.085,0.09,0.084,0.083,0.085,0.084,0.083
26:44:10,30.1,0.087,0.086,0.092,0.09,0.085,0.084,0.084,0.086,0.089,0.084,0.088,0.09,0.085,0.428,0.107,0.113,0.133,0.128,0.147,0.091,0.084,0.083,0.083,0.083,0.084,0.354,0.109,0.12,0.137,0.13,0.164,0.084,0.085,0.085,0.085,0.085,0.084,0.348,0.118,0.129,0.135,0.141,0.157,0.086,0.086,0.085,0.086,0.085,0.085,0.286,0.159,0.162,0.188,0.198,0.243,0.085,0.085,0.085,0.084,0.085,0.084,0.304,0.203,0.242,0.33,0.422,0.323,0.085,0.085,0.084,0.085,0.084,0.084,0.385,0.216,0.286,0.241,0.545,0.497,0.084,0.084,0.083,0.083,0.086,0.086,0.082,0.082,0.089,0.084,0.085,0.091,0.084,0.083,0.085,0.084,0.083
26:59:10,30.1,0.087,0.086,0.092,0.09,0.085,0.084,0.084,0.086,0.089,0.084,0.088,0.091,0.086,0.437,0.108,0.113,0.133,0.129,0.147,0.091,0.084,0.084,0.083,0.083,0.084,0.357,0.11,0.121,0.137,0.131,0.163,0.084,0.085,0.085,0.085,0.085,0.084,0.357,0.118,0.129,0.135,0.142,0.156,0.086,0.086,0.085,0.086,0.085,0.085,0.289,0.16,0.162,0.189,0.199,0.244,0.085,0.085,0.085,0.085,0.085,0.084,0.306,0.204,0.244,0.334,0.427,0.324,0.085,0.085,0.084,0.085,0.084,0.084,0.388,0.218,0.288,0.246,0.551,0.499,0.084,0.084,0.083,0.083,0.086,0.086,0.082,0.082,0.086,0.084,0.085,0.09,0.084,0.083,0.085,0.084,0.083
27:14:10,30.1,0.087,0.086,0.092,0.09,0.085,0.086,0.084,0.087,0.089,0.084,0.088,0.091,0.085,0.433,0.108,0.113,0.133,0.129,0.147,0.091,0.084,0.084,0.083,0.083,0.084,0.359,0.11,0.121,0.137,0.131,0.163,0.084,0.084,0.085,0.085,0.085,0.083,0.356,0.119,0.13,0.135,0.142,0.156,0.086,0.086,0.085,0.086,0.085,0.085,0.291,0.161,0.164,0.188,0.201,0.245,0.085,0.085,0.085,0.084,0.085,0.084,0.309,0.205,0.245,0.343,0.429,0.325,0.085,0.085,0.084,0.085,0.084,0.084,0.392,0.218,0.288,0.251,0.555,0.5,0.084,0.084,0.083,0.083,0.085,0.086,0.082,0.082,0.086,0.084,0.085,0.09,0.084,0.083,0.085,0.084,0.083
27:29:10,30.1,0.087,0.086,0.092,0.09,0.085,0.086,0.084,0.087,0.089,0.084,0.088,0.09,0.085,0.433,0.107,0.114,0.133,0.129,0.147,0.091,0.084,0.084,0.083,0.082,0.084,0.358,0.109,0.122,0.137,0.132,0.164,0.084,0.084,0.085,0.085,0.085,0.084,0.357,0.119,0.13,0.136,0.143,0.157,0.086,0.086,0.085,0.086,0.085,0.085,0.293,0.162,0.164,0.188,0.203,0.246,0.085,0.085,0.085,0.085,0.085,0.084,0.311,0.207,0.246,0.351,0.433,0.326,0.085,0.085,0.084,0.085,0.084,0.084,0.394,0.22,0.29,0.256,0.56,0.5,0.084,0.084,0.083,0.083,0.086,0.086,0.082,0.082,0.088,0.084,0.085,0.091,0.084,0.083,0.085,0.084,0.083
27:44:10,30.1,0.087,0.086,0.092,0.09,0.085,0.085,0.084,0.088,0.089,0.084,0.089,0.091,0.086,0.432,0.108,0.114,0.133,0.13,0.147,0.091,0.084,0.084,0.083,0.082,0.084,0.358,0.11,0.122,0.136,0.132,0.164,0.084,0.084,0.085,0.085,0.085,0.083,0.36,0.119,0.13,0.136,0.143,0.157,0.086,0.087,0.085,0.086,0.085,0.085,0.296,0.162,0.164,0.188,0.202,0.243,0.085,0.085,0.085,0.085,0.085,0.084,0.312,0.208,0.246,0.353,0.436,0.324,0.085,0.085,0.084,0.085,0.084,0.084,0.397,0.219,0.289,0.261,0.564,0.506,0.084,0.084,0.083,0.083,0.086,0.086,0.082,0.082,0.089,0.084,0.085,0.091,0.084,0.083,0.085,0.084,0.083
27:59:10,30.1,0.087,0.086,0.092,0.09,0.085,0.087,0.084,0.087,0.089,0.084,0.089,0.091,0.086,0.431,0.108,0.115,0.133,0.13,0.148,0.091,0.084,0.084,0.083,0.083,0.084,0.357,0.11,0.123,0.138,0.132,0.166,0.084,0.085,0.085,0.085,0.085,0.084,0.363,0.119,0.131,0.137,0.144,0.159,0.086,0.086,0.085,0.086,0.085,0.085,0.299,0.162,0.165,0.186,0.203,0.243,0.085,0.085,0.085,0.085,0.085,0.084,0.315,0.209,0.248,0.356,0.439,0.324,0.085,0.085,0.084,0.085,0.084,0.084,0.403,0.22,0.291,0.265,0.568,0.51,0.084,0.084,0.083,0.083,0.086,0.086,0.083,0.082,0.086,0.084,0.085,0.091,0.084,0.083,0.085,0.084,0.083
28:14:10,30.1,0.087,0.086,0.092,0.09,0.085,0.084,0.084,0.087,0.089,0.084,0.089,0.09,0.086,0.431,0.108,0.115,0.133,0.13,0.147,0.091,0.084,0.084,0.083,0.083,0.084,0.358,0.11,0.123,0.137,0.132,0.165,0.084,0.086,0.085,0.085,0.085,0.084,0.366,0.12,0.131,0.137,0.144,0.158,0.086,0.086,0.085,0.086,0.085,0.085,0.302,0.164,0.166,0.188,0.205,0.244,0.085,0.085,0.085,0.085,0.085,0.084,0.317,0.211,0.25,0.363,0.444,0.326,0.085,0.085,0.084,0.085,0.084,0.084,0.406,0.222,0.294,0.272,0.571,0.51,0.084,0.084,0.083,0.083,0.086,0.086,0.082,0.082,0.088,0.084,0.085,0.09,0.084,0.083,0.085,0.084,0.083
28:29:10,30,0.087,0.086,0.092,0.09,0.085,0.087,0.084,0.086,0.089,0.084,0.088,0.09,0.085,0.433,0.109,0.115,0.134,0.131,0.148,0.091,0.084,0.083,0.083,0.082,0.084,0.362,0.11,0.124,0.137,0.132,0.166,0.084,0.086,0.085,0.085,0.085,0.083,0.371,0.12,0.132,0.137,0.145,0.159,0.086,0.086,0.085,0.086,0.085,0.085,0.304,0.165,0.167,0.189,0.208,0.245,0.085,0.085,0.085,0.084,0.085,0.084,0.319,0.212,0.252,0.368,0.448,0.326,0.085,0.085,0.084,0.085,0.084,0.083,0.408,0.223,0.297,0.278,0.573,0.51,0.084,0.084,0.083,0.083,0.086,0.086,0.082,0.082,0.088,0.084,0.085,0.09,0.084,0.083,0.085,0.084,0.083
28:44:10,30,0.087,0.086,0.092,0.09,0.085,0.085,0.084,0.086,0.089,0.084,0.088,0.09,0.085,0.432,0.11,0.116,0.134,0.131,0.148,0.091,0.084,0.084,0.083,0.082,0.084,0.364,0.111,0.124,0.138,0.132,0.167,0.084,0.085,0.085,0.085,0.085,0.084,0.374,0.12,0.132,0.137,0.145,0.159,0.086,0.086,0.085,0.086,0.085,0.085,0.306,0.166,0.168,0.19,0.21,0.247,0.085,0.085,0.085,0.084,0.085,0.084,0.321,0.214,0.253,0.371,0.45,0.327,0.085,0.085,0.084,0.085,0.084,0.084,0.412,0.225,0.298,0.288,0.577,0.512,0.084,0.084,0.083,0.083,0.087,0.086,0.082,0.082,0.09,0.084,0.085,0.09,0.084,0.083,0.085,0.084,0.083
28:59:10,30.1,0.087,0.086,0.092,0.09,0.085,0.084,0.084,0.087,0.089,0.084,0.088,0.09,0.086,0.438,0.109,0.116,0.134,0.131,0.147,0.091,0.084,0.084,0.083,0.082,0.084,0.367,0.111,0.125,0.138,0.133,0.167,0.084,0.085,0.084,0.085,0.085,0.084,0.383,0.12,0.132,0.138,0.146,0.159,0.086,0.086,0.085,0.086,0.085,0.085,0.309,0.167,0.169,0.19,0.215,0.248,0.085,0.085,0.085,0.085,0.085,0.084,0.323,0.215,0.256,0.376,0.455,0.328,0.085,0.085,0.084,0.085,0.084,0.083,0.414,0.226,0.301,0.299,0.581,0.512,0.084,0.084,0.083,0.083,0.086,0.086,0.082,0.082,0.086,0.084,0.085,0.09,0.084,0.083,0.085,0.084,0.083
29:14:10,30.1,0.087,0.086,0.092,0.09,0.085,0.088,0.084,0.087,0.089,0.084,0.088,0.09,0.086,0.441,0.109,0.117,0.134,0.131,0.148,0.091,0.084,0.084,0.083,0.082,0.084,0.371,0.112,0.125,0.138,0.133,0.167,0.084,0.085,0.085,0.085,0.085,0.084,0.389,0.121,0.133,0.138,0.146,0.16,0.086,0.086,0.085,0.086,0.085,0.085,0.311,0.168,0.17,0.191,0.218,0.249,0.085,0.085,0.085,0.085,0.085,0.084,0.325,0.216,0.257,0.377,0.456,0.329,0.085,0.085,0.084,0.085,0.084,0.084,0.417,0.228,0.303,0.309,0.585,0.512,0.084,0.084,0.083,0.083,0.084,0.086,0.082,0.082,0.085,0.084,0.085,0.09,0.084,0.083,0.085,0.084,0.083
29:29:10,30.1,0.087,0.086,0.092,0.09,0.085,0.087,0.084,0.087,0.089,0.084,0.088,0.09,0.085,0.436,0.109,0.117,0.133,0.132,0.147,0.091,0.084,0.084,0.083,0.082,0.084,0.369,0.112,0.125,0.136,0.133,0.166,0.084,0.085,0.085,0.085,0.085,0.084,0.388,0.121,0.133,0.137,0.146,0.159,0.086,0.086,0.086,0.086,0.085,0.085,0.313,0.169,0.171,0.191,0.219,0.25,0.085,0.085,0.085,0.085,0.085,0.084,0.326,0.217,0.258,0.379,0.46,0.329,0.085,0.085,0.084,0.085,0.084,0.084,0.419,0.231,0.303,0.31,0.588,0.513,0.084,0.084,0.083,0.083,0.086,0.086,0.082,0.082,0.088,0.084,0.085,0.091,0.084,0.083,0.085,0.084,0.083
29:44:10,30.2,0.087,0.086,0.092,0.09,0.085,0.085,0.084,0.088,0.089,0.084,0.088,0.09,0.087,0.436,0.11,0.117,0.134,0.131,0.148,0.091,0.084,0.084,0.083,0.082,0.084,0.373,0.111,0.126,0.138,0.133,0.169,0.084,0.085,0.085,0.085,0.085,0.084,0.394,0.121,0.134,0.137,0.146,0.161,0.086,0.086,0.085,0.086,0.085,0.085,0.315,0.169,0.171,0.192,0.22,0.251,0.085,0.085,0.085,0.085,0.085,0.084,0.327,0.218,0.259,0.376,0.461,0.329,0.085,0.085,0.084,0.085,0.084,0.084,0.422,0.23,0.303,0.313,0.59,0.515,0.084,0.084,0.083,0.083,0.085,0.086,0.082,0.082,0.088,0.084,0.085,0.09,0.084,0.083,0.085,0.084,0.083
29:59:10,30.1,0.087,0.086,0.092,0.09,0.085,0.084,0.084,0.088,0.089,0.084,0.089,0.09,0.085,0.436,0.11,0.118,0.134,0.131,0.148,0.091,0.084,0.084,0.083,0.083,0.084,0.371,0.111,0.126,0.138,0.133,0.168,0.084,0.085,0.085,0.085,0.085,0.084,0.398,0.121,0.134,0.137,0.147,0.16,0.086,0.086,0.086,0.086,0.085,0.085,0.317,0.17,0.172,0.193,0.22,0.249,0.085,0.085,0.085,0.085,0.085,0.084,0.329,0.219,0.259,0.373,0.465,0.329,0.085,0.085,0.084,0.085,0.084,0.084,0.425,0.231,0.304,0.316,0.594,0.517,0.084,0.084,0.083,0.083,0.086,0.086,0.082,0.082,0.087,0.084,0.085,0.091,0.084,0.083,0.085,0.084,0.083
30:14:10,30,0.087,0.086,0.092,0.09,0.085,0.084,0.084,0.086,0.089,0.084,0.089,0.09,0.085,0.432,0.11,0.117,0.134,0.131,0.148,0.091,0.084,0.084,0.083,0.083,0.084,0.37,0.111,0.126,0.139,0.133,0.169,0.084,0.085,0.085,0.085,0.085,0.084,0.399,0.121,0.134,0.138,0.147,0.161,0.086,0.086,0.086,0.086,0.085,0.085,0.319,0.17,0.172,0.194,0.221,0.246,0.085,0.085,0.085,0.085,0.085,0.084,0.33,0.221,0.26,0.371,0.47,0.328,0.085,0.085,0.084,0.085,0.084,0.084,0.428,0.232,0.306,0.318,0.597,0.522,0.084,0.084,0.083,0.083,0.087,0.086,0.083,0.082,0.086,0.084,0.085,0.091,0.084,0.083,0.085,0.084,0.083
30:29:10,30,0.087,0.086,0.092,0.09,0.085,0.086,0.084,0.086,0.089,0.084,0.088,0.09,0.086,0.435,0.11,0.117,0.134,0.131,0.149,0.091,0.084,0.083,0.083,0.083,0.084,0.375,0.112,0.126,0.139,0.133,0.169,0.084,0.085,0.084,0.085,0.085,0.084,0.405,0.122,0.135,0.138,0.147,0.161,0.086,0.086,0.085,0.086,0.085,0.085,0.321,0.172,0.174,0.196,0.225,0.249,0.085,0.085,0.085,0.085,0.085,0.084,0.332,0.223,0.262,0.372,0.472,0.33,0.085,0.085,0.084,0.085,0.084,0.084,0.432,0.234,0.307,0.319,0.601,0.52,0.084,0.084,0.083,0.083,0.085,0.086,0.082,0.082,0.088,0.084,0.085,0.09,0.084,0.083,0.085,0.084,0.083
30:44:10,30,0.087,0.086,0.092,0.09,0.085,0.088,0.085,0.088,0.089,0.084,0.088,0.09,0.086,0.439,0.11,0.118,0.134,0.132,0.149,0.091,0.084,0.084,0.083,0.083,0.084,0.376,0.112,0.127,0.139,0.134,0.168,0.084,0.085,0.085,0.085,0.085,0.084,0.411,0.122,0.135,0.139,0.148,0.161,0.086,0.086,0.085,0.086,0.085,0.085,0.324,0.173,0.175,0.2,0.227,0.25,0.085,0.085,0.085,0.085,0.085,0.084,0.335,0.224,0.264,0.372,0.476,0.331,0.085,0.085,0.084,0.085,0.084,0.084,0.434,0.237,0.31,0.321,0.605,0.521,0.084,0.084,0.083,0.083,0.086,0.086,0.082,0.082,0.085,0.084,0.085,0.09,0.084,0.083,0.085,0.084,0.083
30:59:10,30.1,0.087,0.086,0.092,0.089,0.085,0.087,0.084,0.087,0.089,0.084,0.088,0.09,0.085,0.431,0.109,0.118,0.134,0.131,0.149,0.091,0.084,0.083,0.083,0.083,0.084,0.371,0.112,0.127,0.139,0.133,0.17,0.084,0.084,0.085,0.085,0.085,0.083,0.41,0.122,0.136,0.138,0.148,0.161,0.086,0.086,0.085,0.086,0.085,0.085,0.326,0.174,0.176,0.202,0.229,0.253,0.085,0.085,0.085,0.084,0.085,0.084,0.336,0.225,0.266,0.372,0.479,0.331,0.085,0.085,0.084,0.085,0.084,0.084,0.438,0.237,0.311,0.322,0.61,0.522,0.084,0.084,0.083,0.083,0.086,0.086,0.082,0.082,0.086,0.084,0.085,0.091,0.084,0.083,0.085,0.084,0.083
31:14:10,30.1,0.087,0.086,0.092,0.089,0.085,0.087,0.084,0.087,0.089,0.084,0.088,0.09,0.085,0.439,0.111,0.118,0.134,0.132,0.149,0.091,0.084,0.084,0.083,0.083,0.084,0.38,0.112,0.128,0.139,0.134,0.17,0.084,0.086,0.085,0.085,0.085,0.084,0.419,0.123,0.136,0.139,0.148,0.162,0.086,0.086,0.085,0.086,0.085,0.085,0.329,0.175,0.176,0.203,0.231,0.251,0.085,0.085,0.085,0.085,0.085,0.084,0.338,0.226,0.266,0.369,0.482,0.332,0.085,0.085,0.084,0.085,0.084,0.084,0.44,0.239,0.312,0.323,0.612,0.521,0.084,0.084,0.083,0.083,0.086,0.086,0.082,0.082,0.087,0.084,0.085,0.09,0.084,0.083,0.085,0.084,0.083
31:29:10,30.1,0.087,0.086,0.092,0.089,0.085,0.086,0.084,0.088,0.089,0.084,0.088,0.09,0.086,0.445,0.111,0.119,0.134,0.132,0.149,0.091,0.084,0.084,0.083,0.083,0.084,0.387,0.112,0.128,0.139,0.134,0.169,0.084,0.084,0.085,0.085,0.085,0.084,0.425,0.123,0.137,0.138,0.149,0.161,0.086,0.086,0.085,0.087,0.085,0.085,0.331,0.176,0.177,0.206,0.233,0.254,0.085,0.085,0.085,0.085,0.085,0.084,0.34,0.227,0.267,0.367,0.484,0.333,0.085,0.085,0.084,0.085,0.084,0.084,0.441,0.24,0.312,0.322,0.614,0.522,0.084,0.084,0.083,0.083,0.086,0.086,0.082,0.082,0.089,0.084,0.085,0.089,0.084,0.083,0.085,0.084,0.083
31:44:10,30.1,0.087,0.086,0.092,0.089,0.085,0.086,0.085,0.088,0.089,0.084,0.088,0.09,0.086,0.433,0.111,0.119,0.133,0.132,0.149,0.091,0.084,0.084,0.083,0.082,0.084,0.381,0.113,0.128,0.139,0.133,0.17,0.084,0.086,0.085,0.085,0.085,0.084,0.42,0.123,0.137,0.138,0.148,0.161,0.086,0.086,0.085,0.086,0.085,0.085,0.332,0.177,0.178,0.207,0.234,0.255,0.085,0.085,0.085,0.085,0.085,0.084,0.341,0.229,0.268,0.368,0.488,0.333,0.085,0.085,0.084,0.085,0.084,0.084,0.443,0.24,0.314,0.323,0.618,0.522,0.084,0.084,0.083,0.083,0.087,0.086,0.082,0.082,0.087,0.084,0.085,0.088,0.084,0.083,0.085,0.084,0.083
31:59:10,30.1,0.087,0.086,0.092,0.089,0.085,0.084,0.084,0.087,0.089,0.084,0.088,0.09,0.085,0.436,0.111,0.119,0.134,0.132,0.149,0.091,0.084,0.083,0.083,0.082,0.084,0.387,0.113,0.129,0.141,0.133,0.172,0.084,0.084,0.085,0.085,0.085,0.084,0.43,0.123,0.137,0.138,0.149,0.163,0.086,0.086,0.085,0.086,0.085,0.085,0.334,0.177,0.177,0.207,0.234,0.253,0.085,0.085,0.085,0.085,0.085,0.084,0.342,0.229,0.268,0.367,0.491,0.332,0.085,0.085,0.084,0.085,0.084,0.084,0.445,0.24,0.313,0.322,0.622,0.523,0.084,0.084,0.083,0.083,0.086,0.086,0.082,0.082,0.088,0.084,0.085,0.09,0.084,0.083,0.085,0.084,0.083
32:14:10,30.1,0.087,0.086,0.092,0.089,0.085,0.084,0.084,0.087,0.089,0.084,0.088,0.09,0.086,0.438,0.111,0.12,0.134,0.133,0.149,0.091,0.084,0.084,0.083,0.083,0.084,0.389,0.112,0.129,0.14,0.134,0.171,0.084,0.085,0.085,0.085,0.085,0.084,0.433,0.123,0.138,0.139,0.15,0.162,0.086,0.087,0.086,0.086,0.085,0.085,0.336,0.177,0.178,0.207,0.232,0.251,0.085,0.085,0.085,0.085,0.085,0.084,0.343,0.231,0.269,0.367,0.492,0.332,0.085,0.085,0.084,0.085,0.084,0.084,0.449,0.24,0.315,0.325,0.625,0.527,0.084,0.084,0.083,0.083,0.086,0.086,0.082,0.082,0.085,0.084,0.085,0.09,0.084,0.083,0.085,0.084,0.083
32:29:10,30,0.087,0.086,0.092,0.09,0.085,0.084,0.084,0.087,0.089,0.084,0.089,0.09,0.086,0.426,0.111,0.12,0.134,0.132,0.149,0.091,0.084,0.084,0.083,0.083,0.084,0.384,0.112,0.129,0.141,0.133,0.173,0.084,0.086,0.085,0.085,0.085,0.084,0.432,0.123,0.138,0.139,0.15,0.164,0.086,0.087,0.085,0.086,0.085,0.085,0.339,0.178,0.178,0.211,0.234,0.252,0.085,0.085,0.085,0.084,0.085,0.084,0.345,0.232,0.27,0.37,0.493,0.333,0.085,0.085,0.084,0.085,0.084,0.084,0.452,0.243,0.317,0.326,0.629,0.528,0.084,0.084,0.083,0.083,0.085,0.086,0.082,0.082,0.088,0.084,0.085,0.09,0.084,0.083,0.085,0.084,0.083
32:44:10,30,0.087,0.086,0.092,0.09,0.085,0.084,0.084,0.088,0.085,0.084,0.089,0.09,0.085,0.436,0.112,0.12,0.134,0.133,0.149,0.091,0.084,0.084,0.083,0.083,0.084,0.393,0.113,0.13,0.14,0.134,0.171,0.084,0.085,0.085,0.085,0.085,0.084,0.44,0.124,0.138,0.139,0.15,0.162,0.086,0.086,0.085,0.086,0.085,0.085,0.34,0.18,0.18,0.214,0.234,0.252,0.085,0.085,0.085,0.085,0.085,0.084,0.347,0.234,0.272,0.372,0.495,0.334,0.085,0.085,0.084,0.085,0.084,0.084,0.455,0.244,0.319,0.324,0.632,0.527,0.084,0.084,0.083,0.083,0.086,0.086,0.082,0.082,0.088,0.084,0.085,0.089,0.084,0.083,0.085,0.084,0.083
32:59:10,30,0.087,0.086,0.092,0.089,0.085,0.084,0.084,0.087,0.084,0.084,0.088,0.09,0.085,0.429,0.112,0.121,0.134,0.133,0.149,0.091,0.084,0.084,0.083,0.083,0.084,0.39,0.113,0.13,0.14,0.134,0.172,0.084,0.086,0.085,0.085,0.085,0.083,0.442,0.124,0.138,0.139,0.15,0.162,0.086,0.086,0.085,0.086,0.085,0.085,0.342,0.181,0.181,0.218,0.234,0.254,0.085,0.085,0.085,0.084,0.085,0.084,0.348,0.235,0.272,0.375,0.495,0.334,0.085,0.085,0.084,0.085,0.084,0.084,0.458,0.246,0.319,0.324,0.636,0.529,0.084,0.084,0.083,0.083,0.085,0.086,0.082,0.082,0.086,0.084,0.085,0.089,0.084,0.083,0.085,0.084,0.083
33:14:10,30.1,0.087,0.086,0.092,0.09,0.085,0.084,0.084,0.086,0.085,0.084,0.088,0.09,0.086,0.43,0.112,0.121,0.133,0.133,0.149,0.091,0.084,0.083,0.083,0.083,0.084,0.391,0.113,0.131,0.14,0.134,0.172,0.084,0.085,0.085,0.085,0.085,0.084,0.446,0.125,0.139,0.139,0.151,0.163,0.086,0.086,0.085,0.086,0.085,0.085,0.344,0.182,0.182,0.223,0.234,0.256,0.085,0.085,0.085,0.085,0.085,0.084,0.351,0.236,0.274,0.378,0.494,0.335,0.085,0.085,0.084,0.085,0.084,0.084,0.461,0.247,0.321,0.321,0.637,0.525,0.084,0.084,0.083,0.083,0.085,0.086,0.082,0.082,0.089,0.084,0.085,0.09,0.084,0.083,0.085,0.084,0.083
33:29:10,30,0.087,0.086,0.092,0.09,0.085,0.084,0.084,0.087,0.084,0.084,0.088,0.09,0.086,0.429,0.112,0.122,0.133,0.133,0.149,0.091,0.084,0.084,0.083,0.082,0.084,0.395,0.113,0.131,0.14,0.134,0.172,0.084,0.085,0.085,0.085,0.085,0.083,0.45,0.125,0.139,0.139,0.151,0.163,0.086,0.086,0.085,0.086,0.085,0.085,0.345,0.183,0.183,0.229,0.235,0.257,0.085,0.085,0.085,0.085,0.085,0.084,0.352,0.237,0.275,0.381,0.489,0.336,0.085,0.085,0.084,0.085,0.084,0.084,0.462,0.249,0.321,0.314,0.639,0.528,0.084,0.084,0.083,0.083,0.086,0.086,0.082,0.082,0.086,0.084,0.085,0.089,0.084,0.083,0.085,0.084,0.083
33:44:10,30.1,0.087,0.086,0.092,0.09,0.085,0.085,0.085,0.086,0.084,0.084,0.088,0.09,0.086,0.433,0.112,0.122,0.134,0.133,0.149,0.091,0.084,0.084,0.083,0.083,0.084,0.401,0.114,0.132,0.141,0.134,0.175,0.084,0.085,0.085,0.085,0.085,0.083,0.456,0.125,0.14,0.14,0.152,0.164,0.086,0.086,0.085,0.086,0.085,0.085,0.347,0.183,0.184,0.235,0.234,0.257,0.085,0.085,0.085,0.085,0.085,0.084,0.353,0.239,0.276,0.384,0.483,0.336,0.085,0.085,0.084,0.085,0.084,0.084,0.466,0.249,0.322,0.313,0.64,0.527,0.084,0.084,0.083,0.083,0.087,0.086,0.082,0.082,0.089,0.084,0.085,0.09,0.084,0.083,0.085,0.084,0.083
33:59:10,30.1,0.087,0.086,0.091,0.09,0.085,0.087,0.084,0.086,0.085,0.084,0.088,0.09,0.086,0.436,0.113,0.121,0.134,0.132,0.15,0.091,0.084,0.083,0.083,0.082,0.084,0.409,0.114,0.131,0.142,0.133,0.177,0.084,0.085,0.085,0.085,0.085,0.084,0.463,0.126,0.139,0.14,0.152,0.165,0.086,0.086,0.085,0.087,0.085,0.085,0.348,0.184,0.184,0.24,0.235,0.257,0.085,0.085,0.085,0.085,0.085,0.084,0.354,0.24,0.277,0.386,0.479,0.337,0.085,0.085,0.084,0.085,0.084,0.084,0.468,0.25,0.322,0.306,0.641,0.528,0.084,0.084,0.083,0.083,0.086,0.086,0.082,0.082,0.087,0.084,0.085,0.089,0.084,0.083,0.085,0.084,0.083
34:14:10,30.1,0.088,0.086,0.092,0.09,0.085,0.086,0.084,0.087,0.085,0.084,0.088,0.09,0.085,0.434,0.112,0.121,0.134,0.133,0.15,0.091,0.084,0.084,0.083,0.083,0.084,0.41,0.114,0.132,0.143,0.134,0.175,0.084,0.084,0.085,0.085,0.085,0.084,0.465,0.126,0.137,0.141,0.152,0.165,0.086,0.086,0.085,0.086,0.085,0.085,0.349,0.184,0.184,0.245,0.232,0.255,0.085,0.085,0.085,0.085,0.085,0.084,0.355,0.24,0.277,0.388,0.472,0.335,0.085,0.085,0.084,0.085,0.084,0.084,0.471,0.247,0.323,0.299,0.641,0.531,0.084,0.084,0.083,0.083,0.085,0.086,0.082,0.082,0.088,0.084,0.085,0.089,0.084,0.083,0.085,0.084,0.083
34:29:10,30.1,0.087,0.086,0.092,0.089,0.085,0.084,0.084,0.086,0.085,0.084,0.088,0.09,0.086,0.429,0.113,0.121,0.134,0.133,0.15,0.091,0.084,0.084,0.083,0.083,0.084,0.408,0.114,0.132,0.142,0.134,0.176,0.084,0.085,0.085,0.085,0.085,0.084,0.466,0.126,0.137,0.141,0.153,0.165,0.086,0.086,0.085,0.086,0.085,0.085,0.352,0.185,0.185,0.249,0.231,0.254,0.085,0.085,0.085,0.085,0.085,0.084,0.356,0.241,0.277,0.392,0.47,0.334,0.085,0.085,0.084,0.085,0.084,0.084,0.474,0.249,0.323,0.296,0.643,0.533,0.084,0.084,0.083,0.083,0.087,0.086,0.082,0.082,0.088,0.084,0.085,0.089,0.084,0.083,0.085,0.084,0.083
34:44:10,30,0.087,0.086,0.092,0.089,0.085,0.084,0.084,0.087,0.085,0.084,0.088,0.09,0.086,0.43,0.113,0.122,0.134,0.133,0.15,0.091,0.084,0.084,0.083,0.083,0.084,0.412,0.114,0.132,0.142,0.134,0.176,0.084,0.085,0.085,0.085,0.085,0.084,0.469,0.126,0.14,0.14,0.153,0.165,0.086,0.086,0.085,0.086,0.085,0.085,0.354,0.186,0.186,0.257,0.233,0.255,0.085,0.085,0.085,0.085,0.085,0.084,0.358,0.243,0.279,0.398,0.467,0.335,0.085,0.085,0.084,0.085,0.084,0.084,0.479,0.252,0.326,0.294,0.641,0.531,0.084,0.084,0.083,0.083,0.085,0.086,0.082,0.082,0.087,0.084,0.085,0.089,0.084,0.083,0.085,0.084,0.083
34:59:10,30,0.087,0.086,0.092,0.089,0.085,0.084,0.085,0.088,0.085,0.084,0.089,0.09,0.087,0.435,0.113,0.122,0.134,0.133,0.15,0.091,0.085,0.084,0.083,0.083,0.084,0.419,0.116,0.133,0.142,0.134,0.176,0.084,0.084,0.085,0.085,0.085,0.084,0.476,0.127,0.14,0.141,0.153,0.165,0.086,0.086,0.086,0.086,0.085,0.085,0.355,0.187,0.187,0.264,0.235,0.257,0.085,0.085,0.085,0.085,0.085,0.084,0.359,0.244,0.281,0.402,0.464,0.336,0.085,0.085,0.084,0.085,0.084,0.084,0.48,0.255,0.327,0.292,0.638,0.534,0.084,0.084,0.083,0.083,0.086,0.086,0.082,0.082,0.088,0.084,0.085,0.088,0.084,0.083,0.085,0.084,0.083
35:14:10,30,0.087,0.086,0.091,0.089,0.085,0.086,0.084,0.087,0.085,0.084,0.088,0.09,0.086,0.435,0.114,0.123,0.134,0.134,0.15,0.091,0.084,0.084,0.083,0.083,0.084,0.419,0.115,0.133,0.142,0.135,0.176,0.084,0.085,0.085,0.085,0.085,0.084,0.481,0.127,0.141,0.141,0.154,0.164,0.086,0.086,0.086,0.086,0.085,0.085,0.357,0.189,0.189,0.268,0.237,0.258,0.085,0.085,0.085,0.085,0.085,0.084,0.361,0.246,0.282,0.403,0.46,0.337,0.085,0.085,0.084,0.085,0.084,0.084,0.484,0.255,0.33,0.29,0.636,0.533,0.084,0.084,0.083,0.083,0.085,0.086,0.082,0.082,0.088,0.084,0.085,0.088,0.084,0.083,0.085,0.084,0.083
35:29:10,30,0.087,0.086,0.092,0.089,0.085,0.087,0.085,0.087,0.084,0.084,0.088,0.09,0.086,0.44,0.112,0.119,0.134,0.133,0.151,0.091,0.084,0.084,0.083,0.083,0.084,0.427,0.115,0.133,0.143,0.134,0.179,0.084,0.085,0.085,0.085,0.085,0.084,0.485,0.127,0.14,0.142,0.154,0.166,0.086,0.086,0.085,0.086,0.085,0.085,0.359,0.189,0.189,0.272,0.235,0.257,0.085,0.085,0.085,0.085,0.085,0.084,0.362,0.248,0.284,0.405,0.455,0.337,0.085,0.085,0.084,0.085,0.084,0.084,0.485,0.257,0.33,0.293,0.636,0.535,0.084,0.084,0.083,0.083,0.086,0.086,0.082,0.082,0.089,0.084,0.085,0.088,0.084,0.083,0.085,0.084,0.083
35:44:10,30,0.087,0.086,0.092,0.089,0.085,0.084,0.084,0.087,0.084,0.084,0.088,0.09,0.086,0.44,0.113,0.121,0.134,0.134,0.151,0.091,0.084,0.084,0.083,0.083,0.084,0.432,0.115,0.133,0.143,0.135,0.177,0.084,0.085,0.084,0.085,0.085,0.084,0.489,0.128,0.14,0.141,0.155,0.166,0.086,0.086,0.085,0.086,0.085,0.085,0.361,0.19,0.19,0.277,0.236,0.258,0.085,0.085,0.085,0.085,0.085,0.084,0.363,0.248,0.285,0.408,0.451,0.338,0.085,0.085,0.084,0.085,0.084,0.084,0.488,0.257,0.332,0.291,0.637,0.538,0.084,0.084,0.083,0.083,0.087,0.086,0.082,0.082,0.088,0.084,0.085,0.087,0.084,0.083,0.085,0.084,0.083
35:59:10,30,0.087,0.086,0.092,0.089,0.085,0.084,0.084,0.086,0.084,0.084,0.088,0.09,0.085,0.431,0.113,0.123,0.134,0.134,0.15,0.091,0.084,0.084,0.083,0.083,0.084,0.425,0.115,0.134,0.142,0.135,0.177,0.084,0.085,0.085,0.086,0.085,0.083,0.49,0.128,0.141,0.141,0.155,0.165,0.086,0.086,0.085,0.087,0.085,0.085,0.362,0.192,0.191,0.283,0.238,0.258,0.085,0.085,0.085,0.085,0.085,0.084,0.364,0.25,0.286,0.412,0.447,0.338,0.085,0.085,0.084,0.085,0.084,0.084,0.491,0.259,0.333,0.29,0.635,0.538,0.084,0.084,0.083,0.083,0.086,0.086,0.082,0.082,0.087,0.084,0.085,0.088,0.084,0.083,0.085,0.084,0.083
36:14:10,30.1,0.087,0.086,0.092,0.089,0.085,0.086,0.085,0.086,0.084,0.084,0.088,0.09,0.085,0.424,0.113,0.123,0.134,0.133,0.15,0.091,0.084,0.084,0.083,0.083,0.084,0.421,0.116,0.135,0.141,0.135,0.177,0.084,0.085,0.085,0.085,0.085,0.083,0.49,0.128,0.141,0.141,0.155,0.165,0.086,0.086,0.085,0.086,0.085,0.087,0.363,0.192,0.192,0.289,0.241,0.258,0.085,0.085,0.085,0.085,0.085,0.084,0.365,0.251,0.287,0.417,0.442,0.338,0.085,0.085,0.084,0.085,0.084,0.084,0.493,0.259,0.333,0.29,0.634,0.537,0.084,0.084,0.083,0.083,0.086,0.086,0.082,0.082,0.089,0.084,0.085,0.087,0.084,0.083,0.085,0.084,0.083
36:29:10,30,0.087,0.086,0.092,0.089,0.085,0.087,0.085,0.086,0.084,0.084,0.088,0.09,0.086,0.426,0.114,0.124,0.134,0.133,0.15,0.091,0.084,0.084,0.083,0.083,0.084,0.425,0.116,0.136,0.142,0.135,0.177,0.084,0.085,0.085,0.085,0.085,0.084,0.493,0.128,0.14,0.141,0.155,0.166,0.086,0.086,0.085,0.086,0.085,0.087,0.365,0.193,0.192,0.296,0.242,0.26,0.085,0.085,0.085,0.085,0.085,0.084,0.367,0.252,0.288,0.42,0.436,0.338,0.085,0.085,0.084,0.085,0.084,0.084,0.495,0.262,0.335,0.287,0.632,0.538,0.084,0.084,0.083,0.083,0.086,0.086,0.082,0.082,0.087,0.084,0.085,0.087,0.084,0.083,0.085,0.084,0.083
36:44:10,30,0.087,0.085,0.092,0.089,0.085,0.084,0.085,0.086,0.084,0.084,0.088,0.09,0.085,0.422,0.113,0.125,0.133,0.134,0.15,0.091,0.084,0.084,0.083,0.083,0.084,0.422,0.115,0.137,0.141,0.135,0.177,0.084,0.085,0.085,0.085,0.085,0.084,0.5,0.128,0.142,0.141,0.156,0.165,0.086,0.086,0.085,0.086,0.085,0.087,0.366,0.193,0.193,0.302,0.242,0.258,0.085,0.085,0.085,0.085,0.085,0.084,0.368,0.253,0.29,0.423,0.43,0.339,0.085,0.085,0.084,0.085,0.084,0.084,0.498,0.262,0.336,0.288,0.627,0.54,0.084,0.084,0.083,0.083,0.086,0.086,0.082,0.082,0.089,0.084,0.085,0.088,0.084,0.083,0.085,0.084,0.083
36:59:10,30,0.087,0.085,0.092,0.089,0.085,0.083,0.084,0.087,0.084,0.084,0.088,0.09,0.086,0.418,0.115,0.125,0.133,0.132,0.15,0.091,0.084,0.083,0.083,0.083,0.084,0.423,0.115,0.137,0.142,0.134,0.179,0.084,0.084,0.085,0.085,0.085,0.084,0.5,0.128,0.142,0.14,0.155,0.165,0.086,0.086,0.085,0.086,0.085,0.087,0.367,0.194,0.194,0.307,0.243,0.259,0.085,0.085,0.085,0.085,0.085,0.084,0.369,0.255,0.291,0.425,0.425,0.339,0.085,0.085,0.084,0.085,0.084,0.084,0.501,0.264,0.337,0.289,0.621,0.537,0.084,0.084,0.083,0.083,0.086,0.086,0.082,0.082,0.088,0.084,0.085,0.087,0.084,0.083,0.085,0.084,0.083
37:14:10,30,0.087,0.086,0.092,0.089,0.085,0.087,0.084,0.086,0.085,0.084,0.088,0.09,0.086,0.417,0.115,0.117,0.132,0.132,0.149,0.091,0.084,0.084,0.083,0.083,0.084,0.428,0.116,0.131,0.143,0.133,0.178,0.084,0.084,0.085,0.086,0.085,0.084,0.5,0.128,0.142,0.14,0.154,0.165,0.086,0.086,0.085,0.086,0.085,0.086,0.37,0.195,0.195,0.312,0.244,0.259,0.085,0.085,0.085,0.085,0.085,0.084,0.371,0.255,0.292,0.427,0.421,0.339,0.085,0.085,0.084,0.085,0.084,0.084,0.502,0.264,0.338,0.289,0.614,0.54,0.084,0.084,0.083,0.083,0.086,0.086,0.082,0.082,0.088,0.084,0.085,0.087,0.084,0.083,0.085,0.084,0.083
37:29:10,30,0.087,0.086,0.091,0.089,0.085,0.085,0.084,0.086,0.084,0.084,0.088,0.09,0.085,0.418,0.115,0.122,0.132,0.132,0.149,0.091,0.084,0.084,0.083,0.083,0.084,0.432,0.116,0.135,0.142,0.133,0.176,0.084,0.084,0.085,0.085,0.085,0.083,0.505,0.129,0.142,0.14,0.155,0.164,0.086,0.086,0.085,0.086,0.085,0.087,0.37,0.195,0.196,0.316,0.248,0.26,0.085,0.085,0.085,0.085,0.085,0.084,0.371,0.257,0.293,0.43,0.418,0.34,0.085,0.085,0.084,0.085,0.084,0.084,0.505,0.266,0.34,0.293,0.606,0.539,0.084,0.084,0.083,0.083,0.086,0.086,0.082,0.082,0.088,0.084,0.085,0.086,0.084,0.083,0.084,0.084,0.083
37:44:10,30,0.087,0.085,0.092,0.089,0.085,0.084,0.084,0.086,0.084,0.084,0.088,0.09,0.086,0.417,0.114,0.124,0.132,0.132,0.149,0.091,0.084,0.084,0.083,0.083,0.084,0.433,0.115,0.136,0.141,0.134,0.176,0.084,0.085,0.085,0.085,0.085,0.084,0.507,0.128,0.143,0.14,0.155,0.165,0.086,0.086,0.085,0.086,0.085,0.087,0.372,0.196,0.197,0.322,0.253,0.259,0.085,0.085,0.085,0.085,0.085,0.084,0.373,0.259,0.294,0.43,0.417,0.34,0.085,0.085,0.084,0.085,0.084,0.084,0.506,0.268,0.341,0.293,0.601,0.539,0.084,0.084,0.083,0.083,0.086,0.086,0.082,0.082,0.087,0.084,0.085,0.086,0.084,0.083,0.084,0.084,0.083
37:59:10,30,0.087,0.085,0.092,0.089,0.085,0.088,0.085,0.087,0.084,0.084,0.088,0.09,0.085,0.418,0.115,0.124,0.132,0.132,0.149,0.091,0.085,0.084,0.083,0.083,0.084,0.441,0.116,0.135,0.141,0.133,0.178,0.084,0.085,0.085,0.085,0.085,0.084,0.51,0.128,0.144,0.141,0.155,0.166,0.086,0.086,0.085,0.086,0.085,0.086,0.375,0.198,0.198,0.326,0.26,0.261,0.085,0.085,0.085,0.085,0.085,0.084,0.374,0.26,0.296,0.432,0.415,0.34,0.085,0.085,0.084,0.085,0.084,0.084,0.508,0.268,0.342,0.292,0.596,0.541,0.084,0.084,0.083,0.083,0.086,0.086,0.082,0.082,0.086,0.084,0.085,0.086,0.084,0.083,0.085,0.084,0.083
38:14:10,30,0.087,0.085,0.092,0.089,0.085,0.084,0.084,0.086,0.084,0.084,0.088,0.09,0.086,0.42,0.115,0.123,0.131,0.132,0.149,0.091,0.084,0.084,0.083,0.083,0.084,0.447,0.117,0.137,0.141,0.133,0.178,0.084,0.084,0.085,0.085,0.085,0.084,0.515,0.129,0.144,0.14,0.155,0.166,0.086,0.086,0.085,0.086,0.085,0.088,0.376,0.198,0.2,0.331,0.266,0.26,0.085,0.085,0.085,0.084,0.085,0.084,0.375,0.261,0.296,0.432,0.414,0.34,0.085,0.085,0.084,0.085,0.084,0.084,0.511,0.269,0.342,0.29,0.591,0.542,0.084,0.084,0.083,0.083,0.086,0.086,0.082,0.082,0.088,0.084,0.085,0.086,0.084,0.083,0.085,0.084,0.083
38:29:10,30,0.087,0.085,0.091,0.089,0.085,0.085,0.085,0.086,0.084,0.084,0.088,0.09,0.085,0.424,0.116,0.123,0.132,0.133,0.149,0.091,0.084,0.084,0.083,0.083,0.084,0.451,0.117,0.136,0.14,0.134,0.176,0.084,0.085,0.085,0.085,0.085,0.084,0.518,0.129,0.144,0.141,0.156,0.165,0.086,0.086,0.085,0.086,0.085,0.087,0.377,0.199,0.201,0.335,0.271,0.261,0.085,0.085,0.085,0.084,0.085,0.084,0.377,0.262,0.298,0.436,0.412,0.34,0.085,0.085,0.084,0.085,0.084,0.084,0.512,0.27,0.343,0.292,0.588,0.543,0.084,0.084,0.083,0.083,0.086,0.086,0.082,0.082,0.088,0.084,0.085,0.085,0.084,0.083,0.085,0.084,0.083
38:44:10,30,0.087,0.085,0.092,0.089,0.085,0.086,0.085,0.086,0.084,0.084,0.088,0.09,0.086,0.411,0.115,0.123,0.131,0.132,0.149,0.091,0.084,0.084,0.083,0.083,0.084,0.442,0.117,0.137,0.14,0.133,0.178,0.084,0.085,0.085,0.086,0.085,0.084,0.516,0.129,0.144,0.14,0.155,0.165,0.086,0.086,0.085,0.086,0.085,0.085,0.379,0.2,0.202,0.34,0.277,0.262,0.085,0.085,0.085,0.085,0.085,0.084,0.378,0.263,0.3,0.438,0.411,0.341,0.085,0.085,0.084,0.085,0.084,0.084,0.516,0.271,0.345,0.293,0.585,0.544,0.084,0.084,0.083,0.083,0.086,0.086,0.082,0.082,0.09,0.084,0.085,0.087,0.084,0.083,0.085,0.084,0.083
38:59:10,30,0.087,0.085,0.092,0.09,0.085,0.084,0.084,0.086,0.084,0.084,0.088,0.09,0.086,0.417,0.115,0.121,0.131,0.132,0.149,0.091,0.084,0.083,0.083,0.083,0.084,0.448,0.116,0.138,0.139,0.133,0.177,0.084,0.084,0.085,0.085,0.085,0.084,0.522,0.129,0.145,0.14,0.155,0.165,0.086,0.086,0.085,0.086,0.085,0.088,0.38,0.2,0.203,0.344,0.281,0.26,0.085,0.085,0.085,0.084,0.085,0.084,0.378,0.265,0.3,0.438,0.412,0.341,0.085,0.085,0.084,0.085,0.084,0.084,0.518,0.271,0.345,0.294,0.574,0.543,0.084,0.084,0.083,0.083,0.086,0.086,0.082,0.082,0.089,0.084,0.085,0.085,0.084,0.083,0.085,0.084,0.083
39:14:10,30,0.087,0.085,0.092,0.09,0.085,0.087,0.084,0.086,0.084,0.084,0.088,0.09,0.085,0.421,0.116,0.124,0.131,0.132,0.149,0.091,0.084,0.084,0.083,0.083,0.084,0.453,0.117,0.138,0.139,0.134,0.177,0.084,0.084,0.085,0.085,0.085,0.084,0.525,0.129,0.145,0.141,0.155,0.165,0.086,0.086,0.085,0.086,0.085,0.086,0.381,0.201,0.204,0.349,0.285,0.261,0.085,0.085,0.085,0.084,0.085,0.084,0.38,0.266,0.302,0.441,0.412,0.341,0.085,0.085,0.084,0.085,0.084,0.084,0.519,0.272,0.346,0.297,0.57,0.542,0.084,0.084,0.083,0.083,0.086,0.086,0.082,0.082,0.087,0.084,0.085,0.086,0.084,0.083,0.084,0.084,0.083
39:29:10,30.1,0.088,0.085,0.092,0.09,0.085,0.084,0.084,0.086,0.084,0.084,0.088,0.09,0.086,0.417,0.116,0.125,0.13,0.132,0.149,0.091,0.084,0.083,0.083,0.083,0.084,0.457,0.117,0.138,0.139,0.134,0.178,0.084,0.084,0.085,0.085,0.085,0.084,0.528,0.129,0.145,0.14,0.155,0.165,0.086,0.086,0.085,0.086,0.085,0.087,0.382,0.202,0.205,0.355,0.292,0.263,0.085,0.085,0.085,0.085,0.085,0.084,0.381,0.266,0.304,0.442,0.411,0.341,0.085,0.085,0.084,0.085,0.084,0.084,0.52,0.273,0.346,0.296,0.568,0.541,0.084,0.084,0.083,0.083,0.086,0.086,0.082,0.082,0.089,0.084,0.085,0.086,0.084,0.083,0.085,0.084,0.083
39:44:10,30.1,0.088,0.086,0.092,0.089,0.085,0.086,0.084,0.087,0.085,0.084,0.088,0.09,0.086,0.431,0.115,0.126,0.131,0.133,0.149,0.091,0.084,0.084,0.083,0.083,0.084,0.469,0.117,0.138,0.137,0.135,0.177,0.084,0.085,0.085,0.085,0.085,0.084,0.53,0.13,0.145,0.14,0.155,0.165,0.086,0.086,0.086,0.086,0.085,0.088,0.383,0.203,0.206,0.361,0.297,0.266,0.085,0.085,0.085,0.085,0.085,0.084,0.383,0.268,0.305,0.443,0.411,0.342,0.085,0.085,0.084,0.085,0.084,0.084,0.522,0.274,0.347,0.297,0.564,0.542,0.084,0.084,0.083,0.083,0.086,0.086,0.082,0.082,0.089,0.084,0.085,0.085,0.084,0.083,0.085,0.084,0.083
39:59:10,30.1,0.088,0.085,0.091,0.089,0.085,0.084,0.084,0.086,0.084,0.084,0.088,0.09,0.086,0.426,0.115,0.127,0.13,0.133,0.15,0.091,0.084,0.084,0.083,0.083,0.084,0.469,0.117,0.136,0.137,0.134,0.177,0.084,0.084,0.085,0.085,0.085,0.084,0.533,0.13,0.146,0.14,0.155,0.165,0.086,0.086,0.085,0.086,0.085,0.086,0.385,0.203,0.206,0.366,0.301,0.263,0.085,0.085,0.085,0.085,0.085,0.084,0.383,0.268,0.305,0.444,0.413,0.34,0.085,0.085,0.084,0.085,0.084,0.084,0.524,0.272,0.346,0.3,0.556,0.545,0.084,0.084,0.083,0.083,0.085,0.086,0.082,0.082,0.088,0.084,0.085,0.086,0.084,0.083,0.085,0.084,0.083
40:14:10,30.1,0.088,0.085,0.092,0.089,0.085,0.086,0.084,0.086,0.085,0.084,0.088,0.09,0.086,0.426,0.116,0.128,0.13,0.133,0.15,0.091,0.084,0.084,0.083,0.083,0.084,0.47,0.118,0.139,0.138,0.135,0.178,0.084,0.084,0.085,0.085,0.085,0.084,0.538,0.13,0.146,0.14,0.156,0.165,0.086,0.086,0.085,0.086,0.085,0.086,0.386,0.204,0.207,0.368,0.305,0.262,0.085,0.085,0.085,0.085,0.085,0.084,0.384,0.269,0.307,0.445,0.416,0.34,0.085,0.085,0.084,0.085,0.084,0.084,0.527,0.274,0.347,0.302,0.554,0.547,0.084,0.084,0.083,0.083,0.086,0.086,0.082,0.082,0.089,0.084,0.085,0.086,0.084,0.083,0.085,0.084,0.083
40:29:10,30.1,0.088,0.086,0.092,0.089,0.085,0.084,0.084,0.086,0.085,0.084,0.089,0.09,0.086,0.425,0.116,0.128,0.131,0.133,0.15,0.091,0.085,0.084,0.083,0.083,0.084,0.475,0.118,0.137,0.139,0.135,0.178,0.084,0.084,0.085,0.086,0.085,0.084,0.539,0.13,0.147,0.14,0.156,0.166,0.086,0.086,0.085,0.086,0.085,0.087,0.388,0.204,0.207,0.371,0.306,0.26,0.085,0.085,0.085,0.085,0.085,0.084,0.385,0.271,0.308,0.444,0.419,0.34,0.085,0.085,0.084,0.085,0.084,0.084,0.531,0.275,0.348,0.305,0.549,0.549,0.084,0.084,0.083,0.083,0.086,0.086,0.083,0.082,0.09,0.084,0.085,0.085,0.084,0.083,0.085,0.084,0.083
40:44:10,30,0.088,0.085,0.092,0.089,0.085,0.087,0.084,0.086,0.085,0.084,0.088,0.09,0.085,0.42,0.116,0.129,0.13,0.133,0.15,0.091,0.084,0.084,0.083,0.083,0.084,0.473,0.118,0.14,0.139,0.134,0.179,0.084,0.085,0.085,0.085,0.085,0.083,0.539,0.131,0.147,0.14,0.155,0.167,0.086,0.086,0.085,0.086,0.085,0.086,0.39,0.207,0.209,0.377,0.312,0.262,0.085,0.085,0.085,0.084,0.085,0.084,0.387,0.273,0.31,0.445,0.418,0.341,0.085,0.085,0.084,0.085,0.084,0.084,0.532,0.278,0.351,0.31,0.55,0.547,0.084,0.084,0.083,0.083,0.084,0.086,0.082,0.082,0.087,0.084,0.085,0.086,0.084,0.083,0.084,0.084,0.083
40:59:10,30.1,0.088,0.086,0.092,0.089,0.085,0.084,0.084,0.086,0.085,0.084,0.088,0.09,0.086,0.423,0.116,0.13,0.13,0.133,0.15,0.091,0.084,0.084,0.083,0.083,0.084,0.476,0.118,0.141,0.138,0.135,0.177,0.084,0.084,0.085,0.085,0.085,0.084,0.541,0.131,0.148,0.14,0.156,0.165,0.086,0.086,0.085,0.086,0.085,0.086,0.392,0.208,0.211,0.381,0.317,0.262,0.085,0.085,0.085,0.085,0.085,0.084,0.388,0.274,0.311,0.446,0.421,0.342,0.085,0.085,0.084,0.085,0.084,0.084,0.536,0.278,0.354,0.312,0.545,0.547,0.084,0.084,0.083,0.083,0.085,0.086,0.082,0.082,0.088,0.084,0.085,0.086,0.084,0.083,0.085,0.084,0.083
41:14:10,30,0.088,0.086,0.092,0.089,0.085,0.087,0.084,0.086,0.085,0.084,0.088,0.09,0.086,0.424,0.117,0.13,0.13,0.133,0.15,0.091,0.084,0.084,0.083,0.083,0.084,0.482,0.119,0.141,0.138,0.134,0.179,0.084,0.085,0.085,0.085,0.085,0.084,0.546,0.131,0.148,0.14,0.156,0.166,0.086,0.086,0.085,0.086,0.085,0.086,0.394,0.21,0.213,0.385,0.322,0.264,0.085,0.085,0.085,0.085,0.085,0.084,0.389,0.276,0.313,0.446,0.419,0.343,0.085,0.085,0.084,0.085,0.084,0.084,0.538,0.28,0.354,0.316,0.54,0.545,0.084,0.084,0.083,0.083,0.085,0.086,0.082,0.082,0.09,0.084,0.085,0.085,0.084,0.083,0.085,0.084,0.083
41:29:10,30.1,0.088,0.085,0.091,0.09,0.085,0.083,0.084,0.086,0.084,0.084,0.088,0.09,0.086,0.427,0.116,0.13,0.13,0.133,0.15,0.091,0.084,0.083,0.083,0.083,0.084,0.486,0.119,0.141,0.137,0.134,0.176,0.084,0.085,0.085,0.085,0.085,0.083,0.551,0.131,0.148,0.139,0.156,0.165,0.086,0.086,0.085,0.086,0.085,0.086,0.395,0.21,0.212,0.389,0.326,0.266,0.085,0.085,0.085,0.084,0.085,0.084,0.39,0.277,0.314,0.445,0.422,0.343,0.085,0.085,0.084,0.085,0.084,0.084,0.541,0.281,0.356,0.322,0.543,0.547,0.084,0.084,0.083,0.083,0.085,0.086,0.082,0.082,0.088,0.084,0.085,0.085,0.084,0.083,0.084,0.084,0.083
41:44:10,30.1,0.088,0.085,0.091,0.09,0.085,0.084,0.084,0.085,0.084,0.084,0.088,0.09,0.086,0.436,0.117,0.131,0.13,0.133,0.151,0.091,0.084,0.084,0.083,0.083,0.084,0.495,0.118,0.14,0.138,0.134,0.179,0.084,0.084,0.085,0.085,0.085,0.084,0.555,0.132,0.148,0.14,0.156,0.167,0.086,0.086,0.085,0.086,0.085,0.086,0.397,0.212,0.213,0.392,0.329,0.267,0.085,0.085,0.085,0.085,0.085,0.084,0.392,0.278,0.316,0.446,0.422,0.343,0.085,0.085,0.084,0.085,0.084,0.084,0.543,0.283,0.358,0.326,0.543,0.547,0.084,0.084,0.083,0.083,0.086,0.086,0.082,0.082,0.088,0.084,0.085,0.085,0.084,0.083,0.085,0.084,0.083
41:59:10,30.1,0.088,0.085,0.091,0.089,0.085,0.086,0.084,0.086,0.084,0.084,0.088,0.09,0.086,0.439,0.117,0.131,0.13,0.134,0.15,0.091,0.084,0.083,0.083,0.083,0.084,0.5,0.119,0.142,0.137,0.135,0.177,0.084,0.084,0.085,0.085,0.085,0.084,0.564,0.132,0.148,0.14,0.157,0.165,0.086,0.086,0.085,0.086,0.085,0.088,0.398,0.213,0.214,0.395,0.334,0.268,0.085,0.085,0.085,0.085,0.085,0.084,0.393,0.279,0.317,0.447,0.423,0.344,0.085,0.085,0.084,0.085,0.084,0.084,0.544,0.283,0.359,0.332,0.543,0.546,0.084,0.084,0.083,0.083,0.086,0.086,0.082,0.082,0.089,0.084,0.085,0.085,0.084,0.083,0.085,0.084,0.083
42:14:10,30.1,0.088,0.085,0.091,0.089,0.085,0.084,0.084,0.086,0.085,0.084,0.088,0.09,0.087,0.44,0.118,0.132,0.13,0.133,0.151,0.091,0.085,0.084,0.083,0.083,0.084,0.502,0.119,0.142,0.137,0.134,0.178,0.084,0.085,0.085,0.085,0.085,0.084,0.566,0.132,0.149,0.14,0.157,0.166,0.086,0.086,0.085,0.086,0.085,0.086,0.399,0.212,0.213,0.398,0.336,0.266,0.085,0.085,0.085,0.085,0.085,0.084,0.394,0.28,0.318,0.447,0.425,0.343,0.085,0.085,0.084,0.085,0.084,0.084,0.548,0.282,0.359,0.329,0.548,0.547,0.084,0.084,0.083,0.083,0.087,0.086,0.082,0.082,0.088,0.084,0.085,0.085,0.084,0.083,0.085,0.084,0.083
42:29:10,30,0.088,0.086,0.091,0.089,0.085,0.087,0.084,0.086,0.085,0.084,0.088,0.09,0.086,0.442,0.117,0.132,0.13,0.133,0.151,0.091,0.084,0.084,0.083,0.083,0.084,0.506,0.118,0.143,0.137,0.135,0.179,0.084,0.085,0.085,0.085,0.085,0.084,0.57,0.133,0.149,0.141,0.158,0.167,0.086,0.086,0.085,0.086,0.085,0.088,0.4,0.211,0.213,0.399,0.339,0.264,0.085,0.085,0.085,0.085,0.085,0.084,0.394,0.281,0.319,0.446,0.429,0.342,0.085,0.085,0.084,0.085,0.084,0.084,0.55,0.284,0.36,0.338,0.545,0.552,0.084,0.084,0.083,0.083,0.086,0.086,0.082,0.082,0.09,0.084,0.085,0.085,0.084,0.083,0.085,0.084,0.083
42:44:10,30,0.088,0.085,0.092,0.089,0.085,0.084,0.084,0.086,0.085,0.084,0.088,0.09,0.086,0.437,0.117,0.133,0.13,0.133,0.151,0.091,0.085,0.084,0.083,0.083,0.084,0.507,0.12,0.143,0.137,0.135,0.179,0.084,0.085,0.085,0.085,0.085,0.084,0.574,0.133,0.15,0.141,0.158,0.167,0.086,0.086,0.085,0.086,0.085,0.088,0.402,0.213,0.215,0.4,0.344,0.263,0.085,0.085,0.085,0.085,0.085,0.084,0.395,0.283,0.321,0.446,0.431,0.342,0.085,0.085,0.084,0.085,0.084,0.084,0.552,0.287,0.364,0.343,0.544,0.551,0.084,0.084,0.083,0.083,0.086,0.086,0.082,0.082,0.089,0.084,0.085,0.085,0.084,0.083,0.085,0.084,0.083
42:59:10,30,0.088,0.085,0.092,0.089,0.085,0.084,0.084,0.085,0.084,0.084,0.088,0.09,0.086,0.431,0.118,0.133,0.129,0.132,0.15,0.091,0.085,0.084,0.083,0.083,0.084,0.503,0.119,0.143,0.137,0.133,0.179,0.084,0.085,0.085,0.085,0.085,0.084,0.572,0.133,0.15,0.139,0.156,0.166,0.086,0.086,0.085,0.086,0.085,0.086,0.404,0.215,0.216,0.406,0.345,0.265,0.085,0.085,0.085,0.085,0.085,0.084,0.397,0.285,0.322,0.448,0.431,0.343,0.085,0.085,0.084,0.085,0.084,0.084,0.555,0.288,0.366,0.343,0.542,0.552,0.084,0.084,0.083,0.083,0.087,0.086,0.082,0.082,0.088,0.084,0.085,0.085,0.084,0.083,0.085,0.084,0.083
43:14:10,30,0.088,0.086,0.092,0.09,0.085,0.087,0.084,0.086,0.084,0.084,0.088,0.09,0.086,0.444,0.118,0.133,0.13,0.133,0.15,0.091,0.085,0.084,0.083,0.083,0.084,0.514,0.12,0.143,0.136,0.135,0.177,0.084,0.084,0.085,0.085,0.085,0.084,0.573,0.133,0.15,0.14,0.158,0.166,0.086,0.086,0.085,0.086,0.085,0.088,0.405,0.215,0.217,0.409,0.346,0.265,0.085,0.085,0.085,0.084,0.085,0.084,0.399,0.286,0.324,0.446,0.435,0.344,0.085,0.085,0.084,0.085,0.084,0.084,0.556,0.29,0.367,0.345,0.549,0.551,0.084,0.084,0.083,0.083,0.086,0.086,0.082,0.082,0.09,0.084,0.085,0.085,0.084,0.083,0.085,0.084,0.083
43:29:10,30.1,0.088,0.085,0.092,0.09,0.085,0.084,0.084,0.086,0.084,0.084,0.088,0.09,0.085,0.443,0.118,0.134,0.13,0.133,0.151,0.091,0.085,0.084,0.083,0.083,0.084,0.517,0.119,0.144,0.137,0.135,0.178,0.084,0.085,0.085,0.085,0.085,0.084,0.578,0.134,0.15,0.14,0.158,0.167,0.086,0.086,0.085,0.086,0.085,0.086,0.406,0.217,0.217,0.411,0.348,0.267,0.085,0.085,0.085,0.085,0.085,0.084,0.4,0.287,0.326,0.445,0.435,0.343,0.085,0.085,0.084,0.085,0.084,0.084,0.558,0.293,0.368,0.351,0.552,0.55,0.084,0.084,0.083,0.083,0.086,0.086,0.082,0.082,0.088,0.084,0.085,0.085,0.084,0.083,0.084,0.084,0.083
43:44:10,30.1,0.088,0.086,0.092,0.09,0.085,0.084,0.084,0.085,0.084,0.084,0.088,0.09,0.086,0.445,0.118,0.134,0.13,0.133,0.151,0.091,0.085,0.084,0.083,0.083,0.084,0.523,0.12,0.144,0.136,0.135,0.179,0.084,0.085,0.085,0.086,0.085,0.084,0.584,0.134,0.15,0.14,0.158,0.167,0.086,0.086,0.086,0.086,0.085,0.088,0.407,0.218,0.218,0.415,0.351,0.268,0.085,0.085,0.085,0.084,0.085,0.084,0.401,0.289,0.328,0.447,0.438,0.344,0.085,0.085,0.084,0.085,0.084,0.084,0.56,0.294,0.37,0.355,0.551,0.551,0.084,0.084,0.083,0.083,0.087,0.086,0.082,0.082,0.087,0.084,0.085,0.085,0.084,0.083,0.084,0.084,0.083
43:59:10,30.1,0.088,0.085,0.092,0.09,0.085,0.087,0.084,0.085,0.084,0.084,0.088,0.09,0.086,0.446,0.119,0.134,0.13,0.133,0.151,0.091,0.084,0.084,0.083,0.083,0.084,0.525,0.119,0.145,0.137,0.134,0.18,0.084,0.085,0.085,0.086,0.085,0.084,0.586,0.134,0.151,0.14,0.158,0.167,0.086,0.086,0.086,0.086,0.085,0.086,0.408,0.219,0.218,0.418,0.354,0.27,0.085,0.085,0.085,0.085,0.085,0.084,0.402,0.291,0.329,0.447,0.44,0.344,0.085,0.085,0.084,0.085,0.084,0.084,0.561,0.294,0.372,0.357,0.55,0.549,0.084,0.084,0.083,0.083,0.087,0.086,0.082,0.082,0.089,0.084,0.085,0.085,0.084,0.083,0.084,0.084,0.083
44:14:10,30.2,0.088,0.085,0.092,0.09,0.085,0.084,0.085,0.086,0.085,0.084,0.088,0.09,0.086,0.453,0.118,0.134,0.13,0.134,0.151,0.091,0.084,0.084,0.083,0.083,0.084,0.533,0.12,0.144,0.136,0.135,0.178,0.084,0.085,0.085,0.086,0.085,0.084,0.59,0.135,0.151,0.139,0.159,0.166,0.086,0.086,0.087,0.086,0.085,0.087,0.409,0.22,0.218,0.422,0.357,0.268,0.085,0.085,0.085,0.085,0.085,0.084,0.403,0.292,0.33,0.447,0.442,0.344,0.085,0.085,0.084,0.085,0.084,0.084,0.563,0.295,0.372,0.36,0.55,0.551,0.084,0.084,0.083,0.083,0.087,0.086,0.082,0.082,0.088,0.084,0.085,0.085,0.085,0.083,0.085,0.084,0.083
44:29:10,30.1,0.088,0.086,0.092,0.09,0.085,0.084,0.085,0.085,0.085,0.084,0.088,0.09,0.086,0.445,0.119,0.134,0.13,0.133,0.151,0.091,0.085,0.083,0.083,0.083,0.084,0.53,0.12,0.145,0.137,0.134,0.18,0.084,0.085,0.085,0.085,0.086,0.084,0.589,0.135,0.151,0.139,0.158,0.168,0.086,0.086,0.087,0.086,0.085,0.088,0.411,0.219,0.217,0.423,0.36,0.265,0.085,0.085,0.085,0.085,0.085,0.084,0.404,0.293,0.33,0.446,0.444,0.344,0.085,0.085,0.084,0.085,0.084,0.084,0.566,0.296,0.374,0.364,0.545,0.553,0.084,0.084,0.083,0.083,0.087,0.086,0.082,0.082,0.088,0.084,0.085,0.086,0.084,0.083,0.085,0.084,0.083
44:44:10,30,0.088,0.086,0.092,0.09,0.085,0.086,0.084,0.085,0.085,0.084,0.088,0.09,0.087,0.443,0.118,0.134,0.129,0.133,0.151,0.091,0.084,0.084,0.083,0.083,0.084,0.529,0.12,0.145,0.137,0.133,0.18,0.084,0.086,0.085,0.085,0.085,0.084,0.589,0.135,0.151,0.139,0.158,0.168,0.086,0.086,0.085,0.086,0.085,0.088,0.413,0.221,0.217,0.424,0.361,0.265,0.085,0.085,0.085,0.085,0.085,0.084,0.405,0.294,0.331,0.446,0.447,0.343,0.085,0.085,0.084,0.085,0.084,0.084,0.57,0.297,0.374,0.369,0.539,0.556,0.084,0.084,0.083,0.083,0.086,0.086,0.082,0.082,0.089,0.084,0.085,0.086,0.084,0.083,0.086,0.084,0.083
44:59:10,30,0.088,0.086,0.092,0.09,0.085,0.085,0.084,0.085,0.084,0.084,0.088,0.09,0.086,0.448,0.118,0.134,0.13,0.133,0.151,0.091,0.085,0.084,0.083,0.083,0.084,0.537,0.121,0.145,0.137,0.134,0.181,0.084,0.085,0.085,0.085,0.085,0.084,0.592,0.136,0.151,0.14,0.159,0.168,0.086,0.086,0.085,0.086,0.085,0.087,0.414,0.223,0.219,0.427,0.366,0.266,0.085,0.085,0.085,0.085,0.085,0.084,0.406,0.297,0.333,0.445,0.448,0.344,0.085,0.085,0.084,0.085,0.084,0.084,0.571,0.299,0.379,0.377,0.542,0.556,0.084,0.084,0.083,0.083,0.086,0.086,0.082,0.082,0.088,0.084,0.085,0.085,0.084,0.083,0.085,0.084,0.083
45:14:10,30,0.088,0.085,0.092,0.09,0.085,0.084,0.084,0.085,0.084,0.084,0.088,0.09,0.086,0.445,0.118,0.135,0.13,0.133,0.151,0.091,0.085,0.084,0.083,0.083,0.084,0.539,0.121,0.145,0.137,0.134,0.18,0.084,0.085,0.085,0.086,0.085,0.084,0.597,0.135,0.151,0.139,0.159,0.168,0.086,0.086,0.085,0.086,0.085,0.088,0.416,0.224,0.219,0.432,0.37,0.266,0.085,0.085,0.085,0.085,0.085,0.084,0.408,0.298,0.334,0.446,0.449,0.346,0.085,0.085,0.084,0.085,0.084,0.084,0.574,0.301,0.381,0.378,0.542,0.555,0.084,0.084,0.083,0.083,0.086,0.086,0.082,0.082,0.088,0.084,0.085,0.085,0.084,0.083,0.085,0.084,0.083
45:29:10,30,0.088,0.085,0.092,0.09,0.085,0.084,0.085,0.085,0.084,0.084,0.088,0.09,0.085,0.443,0.118,0.135,0.13,0.133,0.151,0.091,0.085,0.084,0.083,0.083,0.084,0.538,0.121,0.145,0.136,0.135,0.179,0.084,0.085,0.085,0.085,0.085,0.084,0.597,0.136,0.152,0.14,0.159,0.167,0.086,0.086,0.085,0.086,0.085,0.087,0.417,0.226,0.22,0.431,0.375,0.267,0.085,0.085,0.085,0.085,0.085,0.084,0.409,0.3,0.336,0.447,0.449,0.347,0.085,0.085,0.084,0.085,0.084,0.084,0.575,0.304,0.382,0.382,0.544,0.557,0.084,0.084,0.083,0.083,0.086,0.086,0.082,0.082,0.09,0.084,0.085,0.085,0.084,0.083,0.085,0.084,0.083
45:44:10,30.1,0.088,0.085,0.092,0.09,0.085,0.087,0.084,0.086,0.085,0.084,0.088,0.09,0.086,0.45,0.118,0.135,0.13,0.133,0.151,0.091,0.085,0.084,0.083,0.083,0.084,0.547,0.12,0.146,0.136,0.135,0.181,0.084,0.085,0.085,0.085,0.085,0.084,0.602,0.136,0.153,0.141,0.16,0.168,0.086,0.086,0.085,0.086,0.085,0.088,0.418,0.226,0.22,0.432,0.381,0.268,0.085,0.085,0.085,0.085,0.085,0.084,0.41,0.302,0.337,0.448,0.451,0.348,0.085,0.085,0.084,0.085,0.084,0.084,0.577,0.305,0.382,0.387,0.544,0.557,0.084,0.084,0.083,0.083,0.087,0.086,0.082,0.082,0.087,0.084,0.085,0.085,0.084,0.083,0.085,0.084,0.083
45:59:10,30.1,0.088,0.085,0.092,0.09,0.085,0.084,0.084,0.086,0.084,0.084,0.088,0.09,0.086,0.456,0.118,0.136,0.13,0.133,0.151,0.091,0.084,0.083,0.083,0.083,0.084,0.553,0.122,0.146,0.136,0.135,0.179,0.084,0.085,0.085,0.085,0.085,0.084,0.605,0.137,0.152,0.14,0.16,0.168,0.086,0.086,0.086,0.086,0.085,0.088,0.42,0.228,0.22,0.437,0.386,0.269,0.085,0.085,0.085,0.084,0.085,0.084,0.411,0.304,0.337,0.447,0.452,0.349,0.085,0.085,0.084,0.085,0.084,0.084,0.58,0.307,0.382,0.39,0.538,0.56,0.084,0.084,0.083,0.083,0.086,0.086,0.082,0.082,0.088,0.084,0.085,0.085,0.084,0.083,0.085,0.084,0.083
46:14:10,30.1,0.088,0.086,0.092,0.09,0.085,0.084,0.084,0.086,0.084,0.084,0.088,0.09,0.086,0.453,0.119,0.136,0.13,0.133,0.15,0.091,0.084,0.083,0.083,0.083,0.084,0.555,0.122,0.146,0.135,0.135,0.178,0.084,0.085,0.085,0.085,0.085,0.084,0.61,0.137,0.152,0.14,0.16,0.167,0.086,0.086,0.086,0.086,0.085,0.088,0.42,0.229,0.221,0.439,0.392,0.265,0.085,0.085,0.085,0.085,0.085,0.084,0.413,0.305,0.338,0.449,0.455,0.35,0.085,0.085,0.084,0.085,0.084,0.084,0.581,0.307,0.385,0.391,0.535,0.56,0.084,0.084,0.083,0.083,0.086,0.086,0.082,0.082,0.089,0.084,0.085,0.085,0.084,0.083,0.086,0.084,0.083
46:29:10,30.1,0.089,0.085,0.091,0.09,0.085,0.086,0.084,0.086,0.085,0.084,0.088,0.09,0.086,0.457,0.119,0.136,0.13,0.134,0.151,0.091,0.084,0.084,0.083,0.083,0.084,0.562,0.122,0.146,0.136,0.135,0.18,0.084,0.086,0.084,0.086,0.085,0.084,0.611,0.138,0.152,0.14,0.16,0.167,0.086,0.086,0.085,0.086,0.085,0.088,0.422,0.231,0.221,0.442,0.395,0.26,0.085,0.085,0.085,0.085,0.085,0.084,0.414,0.307,0.34,0.447,0.452,0.351,0.085,0.085,0.084,0.085,0.084,0.084,0.583,0.308,0.386,0.398,0.527,0.56,0.084,0.084,0.083,0.083,0.087,0.086,0.082,0.082,0.088,0.084,0.085,0.085,0.084,0.083,0.085,0.084,0.083
46:44:10,30.1,0.089,0.085,0.091,0.09,0.085,0.086,0.085,0.086,0.084,0.084,0.088,0.09,0.086,0.452,0.119,0.136,0.129,0.133,0.15,0.091,0.084,0.084,0.083,0.083,0.084,0.56,0.122,0.147,0.136,0.134,0.18,0.084,0.085,0.085,0.086,0.085,0.084,0.613,0.138,0.152,0.14,0.16,0.167,0.086,0.088,0.085,0.086,0.085,0.086,0.423,0.231,0.221,0.442,0.399,0.259,0.085,0.085,0.085,0.085,0.085,0.084,0.414,0.308,0.34,0.447,0.453,0.349,0.085,0.085,0.084,0.085,0.084,0.084,0.585,0.307,0.386,0.402,0.508,0.564,0.084,0.084,0.083,0.083,0.087,0.086,0.082,0.082,0.087,0.084,0.085,0.086,0.084,0.083,0.085,0.084,0.083
46:59:10,30,0.088,0.085,0.092,0.09,0.085,0.084,0.084,0.085,0.085,0.084,0.088,0.09,0.086,0.45,0.119,0.136,0.13,0.133,0.15,0.091,0.085,0.084,0.083,0.083,0.084,0.56,0.123,0.148,0.136,0.135,0.18,0.084,0.085,0.085,0.085,0.085,0.084,0.611,0.138,0.152,0.141,0.161,0.166,0.086,0.086,0.085,0.086,0.085,0.088,0.424,0.23,0.221,0.442,0.405,0.256,0.085,0.085,0.085,0.085,0.085,0.084,0.415,0.309,0.34,0.446,0.452,0.348,0.085,0.085,0.084,0.085,0.084,0.084,0.587,0.307,0.387,0.408,0.494,0.566,0.084,0.084,0.083,0.083,0.087,0.086,0.082,0.082,0.087,0.084,0.085,0.086,0.084,0.083,0.084,0.084,0.083
47:14:10,30,0.088,0.085,0.092,0.09,0.085,0.084,0.085,0.086,0.085,0.084,0.088,0.09,0.086,0.448,0.12,0.135,0.129,0.133,0.151,0.091,0.085,0.084,0.083,0.083,0.084,0.563,0.122,0.147,0.137,0.134,0.182,0.084,0.085,0.085,0.085,0.085,0.084,0.616,0.138,0.152,0.14,0.16,0.167,0.086,0.086,0.085,0.086,0.085,0.086,0.425,0.233,0.222,0.448,0.414,0.259,0.085,0.085,0.085,0.085,0.085,0.084,0.417,0.313,0.341,0.447,0.456,0.352,0.085,0.085,0.084,0.085,0.084,0.084,0.591,0.311,0.39,0.408,0.487,0.568,0.084,0.084,0.083,0.083,0.086,0.086,0.082,0.082,0.09,0.084,0.085,0.085,0.084,0.083,0.086,0.084,0.083
47:29:10,30,0.088,0.085,0.092,0.09,0.085,0.087,0.084,0.085,0.085,0.084,0.088,0.09,0.087,0.453,0.12,0.136,0.129,0.133,0.151,0.091,0.084,0.084,0.083,0.083,0.084,0.571,0.122,0.147,0.136,0.135,0.181,0.084,0.085,0.085,0.086,0.085,0.084,0.616,0.138,0.152,0.14,0.16,0.167,0.086,0.086,0.085,0.086,0.085,0.088,0.427,0.234,0.223,0.45,0.42,0.259,0.085,0.085,0.085,0.085,0.085,0.084,0.417,0.314,0.344,0.447,0.459,0.354,0.085,0.085,0.084,0.085,0.084,0.084,0.592,0.314,0.39,0.41,0.479,0.567,0.084,0.084,0.083,0.083,0.086,0.086,0.082,0.082,0.087,0.084,0.085,0.085,0.084,0.083,0.084,0.084,0.083
47:44:10,30.1,0.088,0.085,0.092,0.09,0.085,0.084,0.084,0.086,0.084,0.084,0.088,0.09,0.086,0.449,0.12,0.136,0.129,0.133,0.15,0.091,0.084,0.084,0.083,0.083,0.084,0.568,0.123,0.148,0.136,0.134,0.179,0.084,0.085,0.085,0.086,0.085,0.084,0.621,0.139,0.152,0.139,0.16,0.165,0.086,0.086,0.085,0.086,0.085,0.087,0.427,0.236,0.223,0.457,0.427,0.261,0.085,0.085,0.085,0.085,0.085,0.084,0.419,0.316,0.345,0.447,0.457,0.356,0.085,0.085,0.084,0.085,0.084,0.084,0.594,0.316,0.392,0.409,0.48,0.565,0.084,0.084,0.083,0.083,0.086,0.086,0.082,0.082,0.087,0.084,0.085,0.086,0.084,0.083,0.085,0.084,0.083
47:59:10,30.1,0.088,0.085,0.092,0.09,0.085,0.084,0.084,0.086,0.084,0.084,0.088,0.09,0.086,0.454,0.12,0.137,0.129,0.133,0.15,0.091,0.085,0.084,0.083,0.083,0.084,0.575,0.122,0.148,0.136,0.134,0.18,0.084,0.085,0.085,0.085,0.085,0.084,0.621,0.139,0.152,0.139,0.16,0.166,0.086,0.086,0.085,0.086,0.085,0.087,0.429,0.238,0.223,0.457,0.433,0.262,0.085,0.085,0.085,0.085,0.085,0.084,0.42,0.317,0.346,0.447,0.456,0.359,0.085,0.085,0.084,0.085,0.084,0.084,0.597,0.318,0.394,0.412,0.482,0.561,0.084,0.084,0.083,0.083,0.087,0.086,0.082,0.082,0.089,0.084,0.085,0.085,0.084,0.083,0.085,0.084,0.083
48:14:10,30,0.088,0.086,0.092,0.09,0.085,0.087,0.085,0.085,0.084,0.084,0.088,0.09,0.086,0.452,0.12,0.138,0.129,0.132,0.15,0.091,0.085,0.084,0.083,0.083,0.084,0.577,0.124,0.148,0.136,0.134,0.18,0.084,0.085,0.085,0.086,0.085,0.084,0.624,0.139,0.152,0.139,0.16,0.166,0.087,0.086,0.085,0.086,0.085,0.088,0.43,0.239,0.225,0.463,0.438,0.266,0.085,0.085,0.085,0.085,0.085,0.084,0.422,0.32,0.347,0.446,0.453,0.36,0.085,0.085,0.084,0.085,0.084,0.084,0.598,0.32,0.392,0.416,0.489,0.562,0.084,0.084,0.083,0.083,0.086,0.086,0.082,0.082,0.089,0.084,0.085,0.085,0.084,0.083,0.085,0.084,0.083