Time,Temp,A1,A2,A3,A4,A5,A6,A7,A8,A9,A10,A11,A12,B1,B2,B3,B4,B5,B6,B7,B8,B9,B10,B11,B12,C1,C2,C3,C4,C5,C6,C7,C8,C9,C10,C11,C12,D1,D2,D3,D4,D5,D6,D7,D8,D9,D10,D11,D12,E1,E2,E3,E4,E5,E6,E7,E8,E9,E10,E11,E12,F1,F2,F3,F4,F5,F6,F7,F8,F9,F10,F11,F12,G1,G2,G3,G4,G5,G6,G7,G8,G9,G10,G11,G12,H1,H2,H3,H4,H5,H6,H7,H8,H9,H10,H11,H12
0:14:10,30.1,0.091,0.085,0.087,0.085,0.085,0.085,0.086,0.085,0.085,0.084,0.085,0.083,0.084,0.084,0.084,0.084,0.084,0.085,0.084,0.083,0.083,0.083,0.085,0.084,0.085,0.088,0.085,0.086,0.086,0.084,0.084,0.085,0.086,0.084,0.085,0.085,0.084,0.087,0.085,0.087,0.085,0.085,0.085,0.084,0.086,0.085,0.085,0.086,0.085,0.086,0.085,0.086,0.085,0.085,0.085,0.085,0.086,0.085,0.085,0.088,0.085,0.086,0.084,0.086,0.085,0.084,0.085,0.085,0.086,0.085,0.086,0.086,0.082,0.085,0.084,0.087,0.085,0.086,0.086,0.084,0.085,0.085,0.084,0.085,0.088,0.089,0.082,0.084,0.084,0.084,0.083,0.084,0.085,0.083,0.083,0.084
0:29:10,30,0.091,0.085,0.087,0.085,0.085,0.085,0.086,0.085,0.085,0.084,0.085,0.083,0.084,0.084,0.084,0.084,0.084,0.085,0.084,0.083,0.083,0.083,0.084,0.084,0.085,0.088,0.085,0.086,0.086,0.084,0.084,0.085,0.086,0.084,0.085,0.085,0.084,0.087,0.085,0.087,0.085,0.085,0.085,0.084,0.086,0.085,0.085,0.086,0.085,0.086,0.085,0.086,0.085,0.085,0.085,0.085,0.086,0.085,0.085,0.088,0.088,0.086,0.084,0.086,0.085,0.084,0.085,0.085,0.086,0.085,0.086,0.087,0.082,0.084,0.084,0.087,0.085,0.086,0.086,0.084,0.086,0.085,0.084,0.085,0.087,0.085,0.082,0.084,0.084,0.084,0.083,0.083,0.085,0.083,0.083,0.084
0:44:10,30.1,0.091,0.085,0.087,0.085,0.085,0.085,0.085,0.085,0.085,0.084,0.085,0.083,0.084,0.084,0.084,0.084,0.084,0.085,0.084,0.083,0.083,0.083,0.084,0.084,0.085,0.088,0.085,0.086,0.086,0.084,0.084,0.085,0.086,0.084,0.085,0.085,0.084,0.087,0.085,0.087,0.085,0.085,0.085,0.084,0.086,0.085,0.085,0.086,0.085,0.086,0.085,0.086,0.085,0.086,0.085,0.085,0.086,0.085,0.085,0.088,0.087,0.086,0.084,0.086,0.085,0.084,0.086,0.085,0.086,0.086,0.086,0.087,0.082,0.085,0.084,0.087,0.085,0.086,0.086,0.084,0.086,0.085,0.084,0.085,0.087,0.089,0.082,0.084,0.084,0.084,0.084,0.083,0.085,0.083,0.083,0.084
0:59:10,30,0.091,0.085,0.087,0.085,0.084,0.085,0.086,0.085,0.085,0.084,0.085,0.083,0.084,0.084,0.084,0.084,0.084,0.085,0.084,0.083,0.083,0.082,0.084,0.084,0.085,0.088,0.085,0.086,0.086,0.084,0.084,0.085,0.086,0.084,0.085,0.085,0.084,0.087,0.085,0.087,0.085,0.085,0.085,0.084,0.086,0.085,0.085,0.086,0.085,0.086,0.085,0.086,0.085,0.086,0.085,0.085,0.086,0.085,0.085,0.088,0.086,0.086,0.084,0.086,0.085,0.084,0.086,0.085,0.086,0.086,0.087,0.087,0.082,0.084,0.084,0.087,0.085,0.086,0.086,0.084,0.086,0.085,0.084,0.085,0.088,0.089,0.082,0.084,0.084,0.084,0.084,0.083,0.085,0.083,0.083,0.084
1:14:10,30,0.091,0.085,0.087,0.085,0.084,0.085,0.086,0.085,0.084,0.084,0.085,0.083,0.083,0.084,0.084,0.084,0.083,0.085,0.084,0.083,0.083,0.082,0.084,0.084,0.085,0.088,0.085,0.086,0.086,0.084,0.084,0.085,0.086,0.084,0.085,0.085,0.084,0.087,0.085,0.087,0.085,0.085,0.085,0.084,0.086,0.085,0.085,0.086,0.085,0.086,0.085,0.086,0.085,0.086,0.085,0.085,0.086,0.085,0.085,0.089,0.086,0.086,0.084,0.086,0.085,0.084,0.086,0.085,0.086,0.086,0.087,0.087,0.082,0.084,0.084,0.087,0.085,0.086,0.086,0.084,0.086,0.085,0.084,0.085,0.085,0.086,0.082,0.084,0.084,0.084,0.084,0.083,0.085,0.083,0.083,0.084
1:29:10,30,0.091,0.085,0.087,0.085,0.084,0.085,0.086,0.085,0.085,0.084,0.085,0.083,0.083,0.085,0.084,0.084,0.084,0.085,0.084,0.083,0.083,0.082,0.084,0.084,0.085,0.088,0.085,0.086,0.086,0.085,0.084,0.085,0.086,0.084,0.086,0.085,0.084,0.087,0.085,0.087,0.085,0.085,0.085,0.084,0.086,0.085,0.085,0.086,0.085,0.086,0.085,0.086,0.086,0.086,0.085,0.085,0.086,0.085,0.085,0.089,0.087,0.086,0.084,0.086,0.085,0.085,0.086,0.085,0.086,0.086,0.087,0.087,0.082,0.084,0.084,0.087,0.085,0.086,0.086,0.084,0.086,0.085,0.084,0.085,0.086,0.086,0.082,0.084,0.084,0.084,0.084,0.083,0.085,0.083,0.083,0.084
1:44:10,30,0.091,0.085,0.087,0.085,0.084,0.085,0.086,0.085,0.085,0.084,0.085,0.083,0.083,0.085,0.084,0.084,0.084,0.085,0.084,0.083,0.083,0.082,0.084,0.084,0.085,0.088,0.085,0.086,0.086,0.085,0.085,0.085,0.086,0.084,0.086,0.085,0.084,0.087,0.085,0.087,0.085,0.085,0.085,0.085,0.086,0.085,0.085,0.086,0.085,0.086,0.085,0.086,0.086,0.086,0.085,0.085,0.086,0.086,0.085,0.089,0.088,0.086,0.084,0.086,0.085,0.085,0.086,0.085,0.086,0.086,0.087,0.087,0.082,0.084,0.084,0.087,0.086,0.086,0.086,0.084,0.086,0.085,0.084,0.085,0.089,0.086,0.082,0.084,0.084,0.084,0.084,0.083,0.085,0.083,0.083,0.084
1:59:10,30.1,0.091,0.085,0.087,0.085,0.084,0.085,0.086,0.085,0.085,0.084,0.085,0.083,0.083,0.085,0.084,0.084,0.084,0.085,0.084,0.083,0.083,0.082,0.084,0.084,0.085,0.089,0.085,0.086,0.086,0.085,0.084,0.085,0.086,0.084,0.086,0.085,0.084,0.087,0.086,0.087,0.085,0.085,0.085,0.085,0.086,0.085,0.085,0.086,0.085,0.086,0.085,0.086,0.086,0.086,0.085,0.085,0.086,0.086,0.085,0.089,0.084,0.086,0.084,0.087,0.086,0.085,0.086,0.085,0.086,0.086,0.087,0.087,0.082,0.084,0.084,0.087,0.086,0.086,0.086,0.084,0.086,0.085,0.084,0.085,0.087,0.089,0.082,0.084,0.084,0.084,0.083,0.083,0.085,0.083,0.083,0.084
2:14:10,30,0.091,0.085,0.087,0.085,0.084,0.085,0.086,0.085,0.085,0.084,0.085,0.083,0.083,0.085,0.084,0.084,0.084,0.085,0.084,0.083,0.083,0.082,0.084,0.084,0.085,0.089,0.085,0.086,0.086,0.085,0.085,0.085,0.086,0.084,0.086,0.085,0.084,0.087,0.086,0.088,0.086,0.085,0.085,0.085,0.086,0.085,0.086,0.086,0.085,0.087,0.085,0.086,0.086,0.086,0.085,0.085,0.086,0.086,0.085,0.089,0.088,0.086,0.084,0.087,0.086,0.085,0.086,0.086,0.086,0.086,0.087,0.087,0.082,0.085,0.084,0.087,0.086,0.087,0.086,0.084,0.086,0.085,0.085,0.085,0.086,0.087,0.082,0.084,0.084,0.084,0.083,0.084,0.085,0.083,0.083,0.084
2:29:10,30.1,0.091,0.085,0.087,0.085,0.084,0.085,0.086,0.085,0.085,0.084,0.085,0.083,0.083,0.085,0.084,0.084,0.084,0.086,0.084,0.083,0.083,0.082,0.084,0.084,0.085,0.089,0.085,0.086,0.087,0.085,0.085,0.086,0.086,0.084,0.086,0.085,0.084,0.087,0.086,0.088,0.086,0.085,0.085,0.085,0.086,0.085,0.086,0.086,0.085,0.087,0.085,0.086,0.086,0.086,0.085,0.086,0.086,0.086,0.086,0.089,0.087,0.086,0.084,0.087,0.086,0.085,0.086,0.086,0.086,0.086,0.087,0.087,0.082,0.085,0.084,0.087,0.086,0.087,0.086,0.084,0.086,0.085,0.085,0.085,0.084,0.09,0.082,0.084,0.084,0.084,0.083,0.083,0.085,0.083,0.083,0.084
2:44:10,30.2,0.091,0.085,0.087,0.085,0.084,0.085,0.086,0.085,0.085,0.084,0.085,0.083,0.083,0.085,0.085,0.084,0.084,0.086,0.084,0.083,0.083,0.082,0.084,0.084,0.085,0.089,0.085,0.086,0.087,0.085,0.085,0.086,0.086,0.084,0.086,0.085,0.084,0.087,0.086,0.088,0.086,0.085,0.085,0.085,0.086,0.085,0.086,0.086,0.085,0.087,0.086,0.087,0.086,0.086,0.085,0.086,0.086,0.086,0.086,0.089,0.088,0.087,0.084,0.087,0.086,0.085,0.086,0.086,0.086,0.086,0.087,0.087,0.082,0.085,0.085,0.088,0.086,0.087,0.086,0.084,0.086,0.085,0.085,0.085,0.087,0.087,0.082,0.084,0.084,0.084,0.084,0.083,0.085,0.083,0.083,0.084
2:59:10,30.1,0.091,0.085,0.087,0.085,0.084,0.085,0.086,0.085,0.085,0.084,0.085,0.083,0.083,0.085,0.085,0.084,0.084,0.086,0.084,0.083,0.083,0.082,0.084,0.084,0.085,0.089,0.086,0.087,0.087,0.085,0.085,0.086,0.086,0.084,0.086,0.086,0.084,0.087,0.086,0.088,0.086,0.085,0.085,0.085,0.087,0.085,0.086,0.086,0.085,0.087,0.086,0.087,0.086,0.086,0.085,0.086,0.086,0.086,0.086,0.089,0.088,0.087,0.084,0.087,0.086,0.085,0.086,0.086,0.087,0.086,0.087,0.087,0.082,0.085,0.085,0.088,0.086,0.087,0.086,0.084,0.086,0.085,0.085,0.085,0.087,0.087,0.082,0.084,0.084,0.084,0.083,0.084,0.085,0.083,0.083,0.084
3:14:10,30.1,0.091,0.085,0.087,0.085,0.084,0.085,0.086,0.085,0.085,0.084,0.085,0.083,0.083,0.086,0.085,0.085,0.085,0.086,0.084,0.083,0.083,0.082,0.084,0.084,0.085,0.089,0.086,0.087,0.087,0.085,0.085,0.086,0.086,0.084,0.086,0.086,0.084,0.087,0.086,0.088,0.086,0.085,0.085,0.085,0.087,0.085,0.086,0.086,0.085,0.087,0.086,0.087,0.086,0.086,0.086,0.086,0.087,0.086,0.086,0.089,0.087,0.087,0.085,0.087,0.086,0.085,0.086,0.086,0.087,0.086,0.088,0.087,0.082,0.085,0.086,0.088,0.086,0.087,0.086,0.084,0.086,0.085,0.085,0.085,0.085,0.088,0.082,0.084,0.084,0.084,0.084,0.084,0.085,0.083,0.083,0.084
3:29:10,30,0.091,0.085,0.087,0.085,0.084,0.085,0.086,0.085,0.085,0.084,0.085,0.083,0.083,0.086,0.085,0.085,0.085,0.086,0.084,0.083,0.083,0.082,0.084,0.084,0.085,0.09,0.086,0.087,0.087,0.085,0.085,0.086,0.086,0.084,0.087,0.086,0.084,0.087,0.086,0.088,0.086,0.085,0.085,0.085,0.087,0.085,0.086,0.086,0.085,0.087,0.086,0.087,0.086,0.086,0.086,0.086,0.087,0.086,0.086,0.089,0.086,0.087,0.085,0.087,0.086,0.085,0.086,0.086,0.087,0.086,0.088,0.087,0.082,0.086,0.086,0.088,0.086,0.087,0.086,0.085,0.087,0.085,0.086,0.085,0.086,0.088,0.082,0.084,0.084,0.084,0.083,0.084,0.085,0.083,0.083,0.084
3:44:10,30.1,0.091,0.085,0.087,0.085,0.084,0.085,0.086,0.085,0.085,0.084,0.085,0.083,0.083,0.086,0.086,0.085,0.085,0.086,0.084,0.083,0.083,0.082,0.084,0.084,0.085,0.09,0.086,0.087,0.087,0.085,0.085,0.086,0.086,0.084,0.087,0.085,0.084,0.087,0.086,0.088,0.086,0.085,0.085,0.085,0.087,0.085,0.087,0.086,0.085,0.088,0.086,0.087,0.086,0.086,0.086,0.086,0.087,0.086,0.086,0.089,0.087,0.088,0.085,0.087,0.086,0.085,0.086,0.086,0.087,0.086,0.088,0.087,0.082,0.086,0.086,0.088,0.086,0.087,0.086,0.085,0.086,0.085,0.086,0.085,0.088,0.087,0.082,0.084,0.084,0.084,0.084,0.084,0.085,0.083,0.083,0.084
3:59:10,30.1,0.091,0.085,0.086,0.085,0.084,0.085,0.086,0.085,0.085,0.084,0.085,0.083,0.083,0.086,0.086,0.085,0.086,0.087,0.084,0.083,0.083,0.082,0.084,0.084,0.085,0.09,0.086,0.087,0.087,0.085,0.085,0.086,0.086,0.084,0.087,0.085,0.084,0.087,0.087,0.088,0.086,0.085,0.085,0.085,0.087,0.085,0.087,0.086,0.085,0.088,0.086,0.087,0.086,0.086,0.086,0.086,0.087,0.086,0.087,0.089,0.087,0.088,0.085,0.087,0.086,0.085,0.086,0.086,0.087,0.086,0.088,0.087,0.082,0.086,0.086,0.088,0.086,0.087,0.086,0.085,0.086,0.085,0.086,0.085,0.084,0.09,0.082,0.084,0.084,0.084,0.083,0.083,0.085,0.083,0.083,0.084
4:14:10,30.1,0.091,0.085,0.087,0.085,0.084,0.085,0.086,0.085,0.085,0.084,0.085,0.083,0.083,0.087,0.086,0.086,0.086,0.087,0.084,0.083,0.083,0.082,0.084,0.084,0.085,0.09,0.086,0.087,0.087,0.085,0.085,0.086,0.087,0.084,0.087,0.085,0.084,0.088,0.087,0.088,0.086,0.085,0.085,0.085,0.087,0.085,0.087,0.086,0.085,0.088,0.086,0.087,0.086,0.086,0.086,0.086,0.087,0.086,0.087,0.089,0.088,0.088,0.085,0.087,0.086,0.085,0.086,0.086,0.087,0.086,0.089,0.087,0.082,0.086,0.087,0.088,0.087,0.087,0.086,0.085,0.087,0.085,0.086,0.085,0.086,0.087,0.082,0.083,0.084,0.084,0.083,0.083,0.085,0.083,0.083,0.084
4:29:10,30.1,0.091,0.085,0.087,0.085,0.085,0.085,0.086,0.085,0.085,0.084,0.085,0.083,0.083,0.087,0.087,0.086,0.086,0.087,0.084,0.083,0.083,0.082,0.084,0.084,0.085,0.09,0.087,0.088,0.088,0.085,0.085,0.086,0.086,0.085,0.088,0.085,0.084,0.088,0.087,0.089,0.086,0.086,0.085,0.085,0.087,0.085,0.088,0.086,0.085,0.089,0.087,0.087,0.087,0.086,0.086,0.086,0.087,0.086,0.087,0.089,0.086,0.088,0.086,0.088,0.087,0.085,0.086,0.086,0.087,0.086,0.089,0.087,0.082,0.087,0.087,0.089,0.087,0.087,0.086,0.085,0.086,0.085,0.087,0.085,0.086,0.088,0.082,0.084,0.084,0.084,0.083,0.084,0.085,0.083,0.083,0.084
4:44:10,30.1,0.091,0.085,0.087,0.085,0.084,0.085,0.086,0.085,0.084,0.084,0.085,0.083,0.083,0.088,0.087,0.086,0.087,0.088,0.084,0.083,0.083,0.082,0.084,0.084,0.085,0.091,0.087,0.088,0.088,0.085,0.084,0.086,0.086,0.085,0.088,0.085,0.084,0.088,0.087,0.089,0.086,0.086,0.085,0.085,0.086,0.085,0.088,0.086,0.085,0.089,0.087,0.087,0.087,0.086,0.085,0.086,0.086,0.086,0.087,0.089,0.086,0.088,0.086,0.088,0.087,0.085,0.086,0.086,0.087,0.086,0.09,0.087,0.082,0.087,0.087,0.089,0.087,0.087,0.086,0.085,0.086,0.085,0.087,0.085,0.085,0.09,0.082,0.084,0.084,0.084,0.083,0.083,0.085,0.083,0.083,0.084
4:59:10,30.1,0.091,0.085,0.087,0.085,0.084,0.085,0.086,0.085,0.085,0.084,0.085,0.083,0.083,0.088,0.087,0.086,0.087,0.088,0.084,0.083,0.083,0.082,0.084,0.083,0.085,0.091,0.087,0.088,0.088,0.085,0.084,0.086,0.086,0.085,0.089,0.085,0.084,0.088,0.088,0.089,0.087,0.086,0.085,0.085,0.086,0.086,0.088,0.086,0.085,0.089,0.087,0.088,0.087,0.086,0.085,0.086,0.086,0.086,0.088,0.089,0.087,0.089,0.086,0.088,0.087,0.085,0.086,0.086,0.087,0.086,0.09,0.087,0.082,0.087,0.087,0.089,0.087,0.087,0.086,0.085,0.086,0.085,0.088,0.085,0.084,0.091,0.082,0.084,0.084,0.084,0.083,0.084,0.085,0.083,0.083,0.084
5:14:10,30.1,0.091,0.085,0.087,0.085,0.084,0.085,0.086,0.085,0.085,0.084,0.085,0.083,0.083,0.089,0.088,0.087,0.087,0.088,0.084,0.083,0.083,0.082,0.084,0.084,0.085,0.091,0.087,0.088,0.088,0.085,0.084,0.086,0.086,0.084,0.089,0.085,0.084,0.088,0.088,0.089,0.087,0.086,0.085,0.085,0.086,0.085,0.089,0.086,0.085,0.089,0.088,0.088,0.087,0.086,0.085,0.086,0.086,0.086,0.088,0.089,0.086,0.089,0.087,0.088,0.087,0.085,0.086,0.086,0.086,0.086,0.091,0.087,0.082,0.087,0.088,0.089,0.087,0.087,0.086,0.085,0.086,0.085,0.088,0.085,0.086,0.09,0.082,0.084,0.084,0.084,0.084,0.084,0.085,0.083,0.083,0.084
5:29:10,30,0.091,0.085,0.087,0.085,0.085,0.085,0.086,0.085,0.085,0.084,0.085,0.083,0.083,0.089,0.089,0.087,0.088,0.089,0.084,0.083,0.083,0.082,0.084,0.084,0.085,0.092,0.088,0.088,0.089,0.085,0.084,0.086,0.086,0.085,0.09,0.085,0.084,0.088,0.088,0.089,0.087,0.085,0.085,0.085,0.086,0.085,0.089,0.086,0.085,0.09,0.088,0.088,0.087,0.086,0.085,0.086,0.086,0.086,0.089,0.089,0.086,0.089,0.087,0.088,0.087,0.085,0.086,0.086,0.086,0.086,0.091,0.087,0.082,0.088,0.088,0.089,0.088,0.087,0.086,0.085,0.086,0.085,0.089,0.085,0.085,0.091,0.082,0.084,0.084,0.084,0.083,0.084,0.085,0.083,0.083,0.084
5:44:10,30,0.091,0.085,0.087,0.085,0.084,0.085,0.086,0.085,0.085,0.084,0.085,0.083,0.083,0.089,0.089,0.087,0.088,0.089,0.084,0.083,0.083,0.082,0.084,0.084,0.085,0.092,0.088,0.088,0.089,0.085,0.084,0.086,0.086,0.084,0.09,0.085,0.084,0.088,0.088,0.09,0.087,0.085,0.085,0.085,0.086,0.085,0.09,0.086,0.085,0.09,0.088,0.088,0.087,0.086,0.085,0.086,0.086,0.086,0.089,0.089,0.087,0.089,0.087,0.089,0.088,0.085,0.086,0.086,0.086,0.086,0.092,0.087,0.082,0.088,0.088,0.09,0.088,0.087,0.086,0.085,0.086,0.085,0.089,0.085,0.089,0.091,0.082,0.084,0.084,0.084,0.083,0.084,0.085,0.083,0.083,0.084
5:59:10,30,0.091,0.085,0.087,0.085,0.084,0.085,0.086,0.085,0.085,0.084,0.085,0.083,0.083,0.09,0.09,0.088,0.089,0.09,0.084,0.083,0.083,0.082,0.084,0.084,0.085,0.092,0.089,0.089,0.089,0.085,0.084,0.086,0.085,0.084,0.091,0.085,0.084,0.089,0.089,0.09,0.087,0.085,0.085,0.085,0.086,0.085,0.091,0.086,0.085,0.09,0.089,0.089,0.088,0.086,0.085,0.086,0.086,0.086,0.09,0.089,0.087,0.09,0.087,0.089,0.088,0.085,0.085,0.086,0.086,0.086,0.093,0.087,0.082,0.088,0.088,0.09,0.088,0.087,0.086,0.085,0.086,0.085,0.089,0.085,0.088,0.088,0.082,0.084,0.084,0.084,0.083,0.084,0.085,0.083,0.083,0.084
6:14:10,30,0.091,0.085,0.087,0.085,0.084,0.085,0.086,0.085,0.085,0.084,0.085,0.083,0.083,0.091,0.091,0.088,0.089,0.09,0.084,0.083,0.083,0.082,0.084,0.083,0.085,0.093,0.089,0.089,0.089,0.085,0.084,0.086,0.085,0.084,0.092,0.085,0.084,0.089,0.089,0.09,0.088,0.085,0.085,0.085,0.086,0.085,0.092,0.086,0.085,0.091,0.089,0.089,0.088,0.086,0.085,0.086,0.086,0.085,0.091,0.089,0.087,0.09,0.088,0.089,0.088,0.085,0.085,0.086,0.086,0.086,0.095,0.087,0.082,0.089,0.089,0.09,0.088,0.087,0.086,0.085,0.085,0.085,0.09,0.085,0.087,0.091,0.082,0.084,0.084,0.084,0.084,0.084,0.085,0.083,0.083,0.084
6:29:10,30,0.091,0.085,0.087,0.085,0.084,0.085,0.086,0.085,0.085,0.084,0.085,0.083,0.083,0.092,0.092,0.088,0.09,0.091,0.084,0.083,0.083,0.082,0.084,0.083,0.085,0.093,0.089,0.089,0.09,0.085,0.084,0.086,0.085,0.084,0.094,0.085,0.084,0.089,0.09,0.091,0.088,0.085,0.085,0.085,0.085,0.085,0.093,0.086,0.085,0.091,0.09,0.089,0.088,0.086,0.085,0.086,0.086,0.085,0.091,0.089,0.086,0.09,0.088,0.089,0.088,0.085,0.086,0.086,0.086,0.086,0.095,0.087,0.082,0.089,0.089,0.09,0.088,0.087,0.086,0.085,0.085,0.085,0.091,0.085,0.086,0.091,0.082,0.084,0.084,0.084,0.083,0.084,0.085,0.083,0.083,0.084
6:44:10,30.1,0.091,0.085,0.087,0.085,0.084,0.085,0.086,0.085,0.084,0.084,0.085,0.083,0.083,0.093,0.095,0.089,0.09,0.093,0.084,0.083,0.083,0.082,0.084,0.083,0.085,0.093,0.089,0.089,0.09,0.085,0.083,0.086,0.085,0.084,0.095,0.085,0.084,0.089,0.09,0.091,0.088,0.085,0.084,0.085,0.085,0.085,0.095,0.086,0.085,0.091,0.09,0.089,0.089,0.086,0.085,0.086,0.085,0.085,0.092,0.089,0.087,0.09,0.088,0.09,0.089,0.085,0.085,0.086,0.086,0.085,0.097,0.087,0.082,0.09,0.089,0.09,0.089,0.087,0.086,0.085,0.085,0.084,0.091,0.085,0.085,0.091,0.082,0.083,0.084,0.084,0.084,0.084,0.085,0.083,0.083,0.084
6:59:10,30.1,0.091,0.085,0.087,0.085,0.084,0.085,0.086,0.085,0.084,0.084,0.085,0.083,0.083,0.094,0.096,0.091,0.091,0.095,0.084,0.083,0.083,0.082,0.084,0.083,0.085,0.094,0.089,0.089,0.09,0.085,0.083,0.086,0.085,0.084,0.095,0.085,0.084,0.09,0.09,0.091,0.088,0.085,0.084,0.085,0.085,0.084,0.097,0.086,0.085,0.092,0.09,0.09,0.089,0.086,0.085,0.086,0.085,0.085,0.093,0.089,0.086,0.091,0.088,0.09,0.089,0.085,0.086,0.086,0.086,0.085,0.098,0.087,0.082,0.09,0.089,0.091,0.089,0.086,0.086,0.084,0.085,0.084,0.093,0.085,0.088,0.088,0.082,0.084,0.084,0.084,0.083,0.083,0.085,0.083,0.083,0.084
7:14:10,30.1,0.091,0.085,0.087,0.085,0.084,0.085,0.086,0.085,0.085,0.084,0.085,0.083,0.083,0.096,0.099,0.09,0.092,0.097,0.084,0.083,0.083,0.082,0.084,0.083,0.085,0.095,0.09,0.089,0.09,0.084,0.083,0.086,0.085,0.084,0.097,0.085,0.084,0.09,0.09,0.091,0.089,0.085,0.084,0.085,0.085,0.084,0.097,0.086,0.085,0.092,0.09,0.09,0.089,0.086,0.085,0.086,0.085,0.085,0.094,0.088,0.086,0.091,0.089,0.09,0.09,0.085,0.086,0.086,0.086,0.085,0.1,0.087,0.082,0.091,0.089,0.091,0.089,0.087,0.086,0.085,0.085,0.084,0.094,0.085,0.086,0.09,0.082,0.084,0.084,0.084,0.084,0.084,0.085,0.083,0.083,0.084
7:29:10,30,0.091,0.085,0.087,0.085,0.085,0.085,0.086,0.085,0.085,0.084,0.085,0.083,0.083,0.1,0.102,0.091,0.093,0.099,0.084,0.083,0.083,0.082,0.084,0.083,0.085,0.095,0.09,0.089,0.09,0.084,0.083,0.086,0.085,0.084,0.098,0.085,0.084,0.09,0.09,0.092,0.089,0.085,0.084,0.085,0.085,0.084,0.1,0.086,0.085,0.093,0.09,0.091,0.09,0.086,0.085,0.086,0.085,0.085,0.095,0.089,0.087,0.091,0.089,0.09,0.09,0.085,0.086,0.086,0.086,0.085,0.1,0.087,0.082,0.091,0.089,0.091,0.09,0.086,0.085,0.084,0.085,0.084,0.095,0.085,0.087,0.091,0.082,0.084,0.084,0.084,0.084,0.084,0.085,0.083,0.083,0.084
7:44:10,30,0.091,0.085,0.087,0.085,0.085,0.085,0.086,0.084,0.085,0.084,0.085,0.083,0.083,0.101,0.106,0.093,0.095,0.1,0.084,0.083,0.083,0.082,0.084,0.083,0.085,0.095,0.09,0.089,0.09,0.084,0.083,0.086,0.085,0.084,0.099,0.085,0.084,0.091,0.09,0.092,0.089,0.085,0.084,0.085,0.085,0.084,0.102,0.086,0.085,0.093,0.091,0.091,0.09,0.086,0.084,0.086,0.085,0.085,0.097,0.089,0.087,0.091,0.089,0.09,0.09,0.084,0.085,0.086,0.086,0.085,0.103,0.087,0.082,0.092,0.089,0.091,0.09,0.086,0.086,0.084,0.085,0.084,0.096,0.085,0.086,0.091,0.082,0.084,0.084,0.084,0.084,0.084,0.085,0.083,0.083,0.084
7:59:10,30,0.091,0.085,0.087,0.085,0.085,0.085,0.086,0.084,0.085,0.084,0.085,0.083,0.083,0.102,0.108,0.096,0.094,0.102,0.084,0.083,0.083,0.083,0.084,0.083,0.085,0.096,0.091,0.09,0.091,0.084,0.083,0.086,0.085,0.083,0.103,0.085,0.084,0.091,0.091,0.092,0.09,0.085,0.084,0.085,0.085,0.084,0.105,0.086,0.085,0.094,0.091,0.092,0.09,0.086,0.084,0.086,0.085,0.085,0.1,0.089,0.086,0.092,0.089,0.091,0.091,0.084,0.086,0.086,0.086,0.085,0.106,0.087,0.082,0.092,0.089,0.091,0.09,0.086,0.086,0.084,0.085,0.084,0.097,0.085,0.086,0.091,0.082,0.084,0.084,0.084,0.084,0.084,0.085,0.083,0.083,0.084
8:14:10,30,0.091,0.085,0.087,0.085,0.085,0.085,0.086,0.084,0.084,0.084,0.085,0.083,0.083,0.106,0.113,0.095,0.096,0.103,0.084,0.083,0.083,0.082,0.084,0.083,0.085,0.096,0.091,0.09,0.091,0.084,0.083,0.086,0.085,0.083,0.106,0.085,0.084,0.092,0.091,0.092,0.09,0.085,0.084,0.085,0.085,0.084,0.108,0.085,0.085,0.094,0.091,0.092,0.091,0.085,0.085,0.086,0.085,0.085,0.103,0.089,0.086,0.093,0.09,0.091,0.091,0.084,0.085,0.086,0.086,0.085,0.109,0.087,0.082,0.093,0.09,0.091,0.09,0.086,0.085,0.084,0.085,0.084,0.099,0.084,0.088,0.091,0.082,0.084,0.084,0.084,0.084,0.084,0.085,0.083,0.083,0.084
8:29:10,30,0.091,0.085,0.087,0.085,0.084,0.085,0.086,0.084,0.085,0.084,0.085,0.083,0.083,0.107,0.118,0.098,0.097,0.107,0.084,0.083,0.083,0.082,0.084,0.083,0.085,0.097,0.091,0.09,0.091,0.084,0.083,0.086,0.085,0.083,0.107,0.085,0.084,0.092,0.091,0.093,0.091,0.085,0.084,0.085,0.085,0.084,0.11,0.086,0.085,0.095,0.092,0.092,0.091,0.085,0.084,0.086,0.085,0.085,0.106,0.089,0.086,0.093,0.09,0.091,0.092,0.084,0.085,0.086,0.085,0.085,0.11,0.087,0.082,0.094,0.09,0.092,0.091,0.086,0.085,0.084,0.085,0.084,0.099,0.084,0.086,0.091,0.082,0.084,0.084,0.084,0.083,0.084,0.085,0.083,0.083,0.084
8:44:10,30,0.091,0.085,0.087,0.085,0.084,0.085,0.086,0.085,0.085,0.084,0.085,0.083,0.083,0.112,0.123,0.099,0.098,0.108,0.084,0.083,0.083,0.082,0.084,0.083,0.085,0.097,0.092,0.091,0.091,0.084,0.083,0.086,0.085,0.083,0.11,0.085,0.084,0.093,0.092,0.093,0.091,0.085,0.084,0.085,0.085,0.084,0.111,0.085,0.085,0.095,0.092,0.092,0.092,0.085,0.084,0.086,0.085,0.085,0.107,0.089,0.087,0.095,0.09,0.091,0.092,0.084,0.086,0.086,0.086,0.085,0.111,0.087,0.082,0.095,0.091,0.092,0.091,0.086,0.085,0.084,0.085,0.084,0.1,0.084,0.088,0.087,0.082,0.084,0.084,0.084,0.083,0.084,0.085,0.083,0.083,0.084
8:59:10,30,0.091,0.085,0.087,0.085,0.085,0.085,0.086,0.085,0.085,0.084,0.085,0.083,0.083,0.113,0.127,0.102,0.098,0.112,0.084,0.083,0.083,0.082,0.084,0.083,0.085,0.099,0.092,0.091,0.092,0.084,0.083,0.086,0.085,0.083,0.112,0.085,0.084,0.094,0.093,0.093,0.092,0.085,0.084,0.085,0.085,0.084,0.113,0.086,0.085,0.096,0.093,0.093,0.092,0.085,0.085,0.086,0.085,0.085,0.109,0.089,0.087,0.096,0.091,0.092,0.092,0.084,0.085,0.086,0.085,0.085,0.114,0.087,0.082,0.097,0.091,0.093,0.092,0.086,0.086,0.084,0.085,0.084,0.102,0.085,0.088,0.09,0.082,0.084,0.084,0.084,0.084,0.084,0.085,0.083,0.083,0.084
9:14:10,30,0.091,0.085,0.087,0.085,0.085,0.085,0.086,0.085,0.085,0.084,0.085,0.083,0.083,0.115,0.132,0.102,0.1,0.115,0.084,0.083,0.083,0.082,0.084,0.083,0.085,0.1,0.093,0.091,0.091,0.084,0.083,0.086,0.085,0.083,0.116,0.085,0.084,0.095,0.093,0.093,0.093,0.085,0.084,0.085,0.085,0.084,0.115,0.086,0.085,0.098,0.094,0.093,0.093,0.086,0.085,0.086,0.085,0.085,0.113,0.089,0.087,0.097,0.091,0.092,0.093,0.084,0.085,0.086,0.085,0.085,0.116,0.087,0.082,0.098,0.091,0.093,0.092,0.086,0.086,0.084,0.085,0.084,0.105,0.084,0.086,0.088,0.082,0.084,0.084,0.084,0.084,0.084,0.085,0.083,0.083,0.084
9:29:10,30.1,0.091,0.085,0.087,0.085,0.085,0.085,0.086,0.084,0.085,0.084,0.085,0.083,0.083,0.119,0.136,0.104,0.101,0.118,0.084,0.083,0.083,0.082,0.084,0.083,0.085,0.101,0.093,0.091,0.092,0.084,0.083,0.086,0.085,0.083,0.119,0.085,0.084,0.095,0.093,0.094,0.094,0.085,0.084,0.085,0.085,0.084,0.118,0.085,0.085,0.099,0.094,0.094,0.093,0.085,0.084,0.086,0.085,0.085,0.115,0.089,0.087,0.097,0.092,0.092,0.094,0.084,0.085,0.086,0.086,0.085,0.117,0.087,0.082,0.099,0.092,0.093,0.093,0.086,0.085,0.084,0.085,0.084,0.107,0.084,0.088,0.089,0.082,0.084,0.084,0.084,0.084,0.084,0.085,0.083,0.083,0.084
9:44:10,30.1,0.091,0.085,0.087,0.085,0.084,0.085,0.086,0.085,0.085,0.084,0.085,0.083,0.083,0.122,0.141,0.107,0.103,0.121,0.084,0.083,0.083,0.082,0.084,0.083,0.085,0.103,0.093,0.092,0.092,0.084,0.083,0.086,0.085,0.083,0.121,0.085,0.084,0.096,0.095,0.094,0.095,0.085,0.084,0.085,0.085,0.084,0.12,0.085,0.085,0.101,0.095,0.095,0.094,0.085,0.084,0.086,0.085,0.085,0.118,0.089,0.086,0.098,0.092,0.093,0.095,0.084,0.085,0.086,0.086,0.085,0.12,0.087,0.082,0.101,0.093,0.093,0.092,0.086,0.085,0.084,0.085,0.084,0.109,0.084,0.087,0.087,0.082,0.084,0.084,0.084,0.083,0.084,0.085,0.083,0.083,0.084
9:59:10,30.1,0.091,0.085,0.087,0.085,0.084,0.085,0.086,0.084,0.084,0.084,0.085,0.083,0.083,0.124,0.145,0.108,0.104,0.123,0.084,0.083,0.083,0.082,0.084,0.083,0.085,0.105,0.093,0.092,0.093,0.084,0.083,0.086,0.085,0.083,0.124,0.085,0.084,0.096,0.095,0.095,0.095,0.085,0.084,0.085,0.085,0.084,0.124,0.085,0.085,0.102,0.096,0.096,0.095,0.085,0.084,0.086,0.085,0.085,0.121,0.089,0.086,0.1,0.092,0.093,0.096,0.084,0.085,0.086,0.085,0.085,0.121,0.086,0.082,0.103,0.093,0.094,0.093,0.086,0.085,0.084,0.085,0.084,0.11,0.084,0.087,0.087,0.082,0.084,0.084,0.084,0.083,0.084,0.085,0.083,0.083,0.084
10:14:10,30,0.091,0.085,0.087,0.085,0.084,0.085,0.086,0.085,0.085,0.084,0.085,0.083,0.083,0.126,0.148,0.11,0.105,0.126,0.084,0.083,0.083,0.082,0.084,0.083,0.085,0.108,0.094,0.093,0.093,0.084,0.083,0.086,0.085,0.083,0.127,0.085,0.084,0.098,0.097,0.096,0.096,0.085,0.084,0.085,0.085,0.084,0.128,0.085,0.085,0.103,0.098,0.097,0.096,0.085,0.085,0.086,0.085,0.085,0.125,0.089,0.087,0.102,0.093,0.094,0.097,0.084,0.085,0.086,0.086,0.085,0.123,0.087,0.082,0.106,0.094,0.094,0.094,0.086,0.086,0.084,0.085,0.084,0.113,0.084,0.086,0.089,0.082,0.084,0.084,0.084,0.084,0.084,0.085,0.083,0.083,0.084
10:29:10,30,0.091,0.085,0.087,0.085,0.084,0.085,0.086,0.085,0.085,0.084,0.085,0.083,0.083,0.13,0.154,0.112,0.106,0.129,0.084,0.083,0.083,0.082,0.084,0.083,0.085,0.11,0.095,0.093,0.094,0.084,0.083,0.086,0.085,0.084,0.129,0.085,0.084,0.098,0.097,0.096,0.098,0.084,0.084,0.085,0.085,0.084,0.131,0.085,0.085,0.105,0.098,0.098,0.096,0.085,0.084,0.086,0.085,0.085,0.128,0.089,0.087,0.103,0.094,0.094,0.098,0.084,0.085,0.086,0.086,0.085,0.127,0.087,0.082,0.107,0.094,0.094,0.095,0.086,0.086,0.084,0.085,0.084,0.116,0.084,0.085,0.087,0.082,0.084,0.084,0.084,0.084,0.084,0.085,0.083,0.083,0.084
10:44:10,30,0.091,0.085,0.087,0.085,0.084,0.085,0.086,0.085,0.084,0.084,0.085,0.083,0.083,0.132,0.158,0.115,0.107,0.13,0.084,0.083,0.083,0.082,0.084,0.083,0.085,0.111,0.095,0.094,0.094,0.084,0.083,0.086,0.085,0.084,0.132,0.085,0.084,0.099,0.099,0.097,0.099,0.085,0.084,0.085,0.085,0.084,0.134,0.085,0.085,0.106,0.099,0.101,0.098,0.085,0.084,0.086,0.085,0.085,0.131,0.089,0.086,0.104,0.097,0.095,0.099,0.084,0.085,0.086,0.086,0.085,0.131,0.087,0.082,0.109,0.096,0.095,0.096,0.086,0.085,0.084,0.085,0.084,0.116,0.084,0.087,0.086,0.082,0.084,0.084,0.084,0.084,0.084,0.085,0.083,0.083,0.084
10:59:10,30,0.091,0.085,0.087,0.085,0.084,0.085,0.086,0.085,0.085,0.084,0.085,0.083,0.083,0.139,0.162,0.116,0.108,0.135,0.084,0.083,0.083,0.082,0.084,0.083,0.085,0.112,0.096,0.094,0.095,0.084,0.083,0.086,0.085,0.083,0.136,0.085,0.084,0.1,0.1,0.098,0.1,0.084,0.084,0.085,0.085,0.084,0.137,0.085,0.085,0.107,0.1,0.101,0.1,0.085,0.085,0.086,0.085,0.085,0.135,0.089,0.087,0.106,0.099,0.096,0.099,0.084,0.085,0.086,0.086,0.085,0.133,0.086,0.082,0.111,0.098,0.096,0.097,0.086,0.085,0.084,0.085,0.084,0.118,0.084,0.087,0.086,0.082,0.084,0.084,0.084,0.083,0.084,0.085,0.083,0.083,0.084
11:14:10,30,0.091,0.085,0.087,0.085,0.084,0.085,0.086,0.085,0.085,0.084,0.085,0.083,0.083,0.143,0.169,0.116,0.11,0.141,0.084,0.083,0.083,0.082,0.084,0.083,0.085,0.115,0.097,0.094,0.096,0.084,0.083,0.086,0.085,0.083,0.139,0.085,0.084,0.101,0.101,0.098,0.103,0.085,0.084,0.085,0.085,0.084,0.14,0.085,0.085,0.11,0.102,0.104,0.101,0.085,0.084,0.086,0.085,0.085,0.137,0.089,0.087,0.107,0.101,0.096,0.101,0.084,0.085,0.086,0.086,0.085,0.136,0.087,0.082,0.115,0.099,0.097,0.098,0.086,0.086,0.084,0.085,0.084,0.12,0.084,0.085,0.089,0.082,0.084,0.084,0.084,0.083,0.084,0.085,0.083,0.083,0.084
11:29:10,30,0.091,0.085,0.087,0.085,0.084,0.085,0.086,0.084,0.084,0.084,0.085,0.083,0.083,0.148,0.177,0.118,0.114,0.146,0.084,0.083,0.083,0.082,0.084,0.083,0.085,0.115,0.098,0.095,0.097,0.084,0.083,0.086,0.085,0.083,0.142,0.085,0.084,0.101,0.102,0.101,0.105,0.085,0.084,0.085,0.085,0.084,0.142,0.085,0.085,0.112,0.105,0.106,0.102,0.085,0.084,0.086,0.086,0.085,0.141,0.088,0.087,0.109,0.103,0.098,0.103,0.084,0.085,0.086,0.085,0.085,0.138,0.086,0.082,0.116,0.101,0.098,0.099,0.086,0.085,0.084,0.085,0.084,0.122,0.084,0.086,0.087,0.082,0.084,0.084,0.084,0.084,0.084,0.085,0.083,0.083,0.084
11:44:10,30,0.091,0.085,0.087,0.085,0.084,0.085,0.086,0.084,0.084,0.084,0.085,0.083,0.083,0.154,0.182,0.121,0.118,0.151,0.084,0.083,0.083,0.082,0.084,0.083,0.085,0.119,0.098,0.095,0.097,0.084,0.083,0.085,0.085,0.083,0.145,0.085,0.084,0.102,0.104,0.102,0.106,0.085,0.084,0.085,0.085,0.084,0.144,0.085,0.085,0.112,0.108,0.109,0.103,0.085,0.084,0.086,0.086,0.085,0.145,0.088,0.086,0.11,0.107,0.098,0.105,0.084,0.085,0.085,0.085,0.085,0.141,0.086,0.082,0.117,0.102,0.098,0.101,0.086,0.085,0.084,0.085,0.084,0.124,0.084,0.088,0.088,0.082,0.084,0.084,0.084,0.083,0.084,0.085,0.083,0.083,0.084
11:59:10,30.1,0.091,0.085,0.087,0.085,0.084,0.085,0.086,0.085,0.084,0.084,0.085,0.083,0.083,0.158,0.186,0.123,0.124,0.156,0.084,0.083,0.083,0.082,0.084,0.083,0.085,0.125,0.099,0.096,0.098,0.084,0.083,0.085,0.085,0.083,0.15,0.085,0.084,0.104,0.105,0.104,0.11,0.085,0.084,0.085,0.085,0.084,0.145,0.085,0.085,0.114,0.113,0.113,0.105,0.085,0.084,0.086,0.086,0.085,0.146,0.088,0.087,0.111,0.111,0.098,0.107,0.084,0.085,0.085,0.085,0.085,0.145,0.086,0.082,0.117,0.105,0.1,0.102,0.086,0.085,0.084,0.085,0.084,0.126,0.084,0.086,0.088,0.082,0.084,0.084,0.084,0.083,0.084,0.085,0.083,0.083,0.084
12:14:10,30.1,0.091,0.085,0.087,0.085,0.084,0.085,0.086,0.085,0.084,0.084,0.085,0.083,0.083,0.163,0.19,0.125,0.135,0.158,0.084,0.083,0.083,0.082,0.084,0.083,0.085,0.127,0.101,0.097,0.098,0.084,0.083,0.086,0.085,0.083,0.153,0.085,0.084,0.106,0.107,0.108,0.113,0.085,0.084,0.085,0.085,0.084,0.146,0.085,0.085,0.114,0.116,0.116,0.107,0.085,0.085,0.086,0.086,0.085,0.148,0.088,0.087,0.112,0.112,0.099,0.109,0.084,0.085,0.086,0.085,0.085,0.147,0.086,0.082,0.118,0.108,0.101,0.104,0.086,0.085,0.084,0.085,0.084,0.128,0.084,0.084,0.087,0.082,0.084,0.084,0.084,0.083,0.084,0.085,0.083,0.083,0.084
12:29:10,30.1,0.091,0.085,0.087,0.085,0.084,0.085,0.086,0.085,0.085,0.084,0.085,0.083,0.083,0.168,0.193,0.128,0.137,0.161,0.084,0.083,0.083,0.082,0.084,0.083,0.085,0.131,0.102,0.098,0.099,0.084,0.083,0.086,0.085,0.083,0.155,0.085,0.084,0.108,0.108,0.109,0.116,0.085,0.084,0.085,0.085,0.084,0.148,0.085,0.085,0.117,0.119,0.119,0.11,0.085,0.084,0.086,0.086,0.085,0.155,0.088,0.087,0.114,0.117,0.101,0.113,0.084,0.085,0.086,0.085,0.085,0.15,0.086,0.082,0.119,0.108,0.103,0.106,0.086,0.085,0.084,0.085,0.084,0.131,0.084,0.086,0.089,0.082,0.084,0.084,0.084,0.084,0.084,0.085,0.083,0.083,0.084
12:44:10,30.1,0.091,0.085,0.087,0.085,0.084,0.085,0.086,0.085,0.084,0.084,0.085,0.083,0.083,0.172,0.196,0.13,0.14,0.162,0.084,0.083,0.083,0.082,0.084,0.083,0.085,0.134,0.103,0.099,0.101,0.084,0.083,0.086,0.085,0.083,0.158,0.085,0.084,0.109,0.11,0.112,0.12,0.085,0.084,0.085,0.085,0.084,0.151,0.085,0.085,0.119,0.122,0.124,0.112,0.085,0.085,0.086,0.086,0.085,0.158,0.088,0.088,0.117,0.118,0.101,0.115,0.084,0.085,0.086,0.085,0.085,0.153,0.086,0.082,0.122,0.11,0.103,0.107,0.086,0.085,0.084,0.085,0.084,0.134,0.084,0.086,0.087,0.082,0.084,0.084,0.084,0.084,0.084,0.085,0.083,0.083,0.084
12:59:10,30,0.091,0.085,0.087,0.085,0.085,0.085,0.086,0.085,0.085,0.084,0.085,0.083,0.083,0.175,0.199,0.131,0.14,0.164,0.084,0.083,0.083,0.083,0.084,0.083,0.085,0.138,0.104,0.101,0.102,0.084,0.083,0.086,0.085,0.083,0.161,0.085,0.084,0.11,0.111,0.117,0.124,0.085,0.084,0.085,0.085,0.084,0.152,0.085,0.085,0.118,0.124,0.127,0.115,0.085,0.085,0.086,0.086,0.085,0.162,0.089,0.087,0.119,0.12,0.102,0.116,0.084,0.085,0.086,0.085,0.085,0.157,0.086,0.082,0.123,0.111,0.105,0.109,0.086,0.085,0.084,0.085,0.084,0.134,0.084,0.086,0.087,0.082,0.084,0.084,0.084,0.084,0.084,0.085,0.083,0.083,0.084
13:14:10,30,0.091,0.085,0.087,0.085,0.084,0.085,0.086,0.085,0.085,0.084,0.085,0.083,0.083,0.181,0.201,0.134,0.143,0.165,0.084,0.083,0.083,0.082,0.084,0.083,0.085,0.139,0.105,0.101,0.103,0.084,0.083,0.085,0.085,0.083,0.162,0.085,0.084,0.113,0.112,0.121,0.128,0.084,0.084,0.085,0.085,0.084,0.157,0.085,0.085,0.118,0.126,0.131,0.117,0.085,0.085,0.086,0.086,0.085,0.163,0.088,0.087,0.121,0.119,0.103,0.117,0.084,0.085,0.085,0.085,0.085,0.16,0.086,0.082,0.126,0.115,0.106,0.114,0.086,0.085,0.084,0.085,0.084,0.135,0.084,0.085,0.088,0.082,0.084,0.084,0.084,0.084,0.084,0.085,0.083,0.083,0.084
13:29:10,30,0.091,0.085,0.087,0.085,0.084,0.085,0.086,0.084,0.085,0.084,0.085,0.083,0.083,0.184,0.205,0.135,0.145,0.168,0.084,0.083,0.083,0.082,0.084,0.083,0.085,0.139,0.105,0.101,0.103,0.084,0.083,0.085,0.085,0.083,0.166,0.085,0.084,0.114,0.113,0.125,0.131,0.085,0.084,0.085,0.085,0.084,0.156,0.085,0.085,0.119,0.126,0.135,0.119,0.085,0.085,0.086,0.085,0.085,0.165,0.089,0.087,0.123,0.121,0.103,0.12,0.084,0.085,0.085,0.085,0.085,0.171,0.086,0.082,0.129,0.114,0.107,0.111,0.086,0.085,0.084,0.085,0.084,0.139,0.084,0.086,0.088,0.082,0.084,0.084,0.084,0.084,0.084,0.085,0.083,0.083,0.084
13:44:10,30,0.091,0.085,0.087,0.085,0.085,0.085,0.086,0.085,0.085,0.084,0.085,0.083,0.083,0.187,0.207,0.137,0.148,0.17,0.084,0.083,0.083,0.082,0.084,0.083,0.085,0.14,0.105,0.105,0.106,0.084,0.083,0.085,0.085,0.083,0.167,0.085,0.084,0.117,0.114,0.128,0.135,0.085,0.084,0.085,0.085,0.084,0.159,0.085,0.085,0.12,0.127,0.138,0.122,0.085,0.085,0.086,0.086,0.085,0.167,0.088,0.087,0.127,0.122,0.104,0.123,0.084,0.085,0.086,0.085,0.085,0.176,0.086,0.082,0.13,0.118,0.108,0.114,0.086,0.085,0.084,0.085,0.085,0.142,0.084,0.086,0.087,0.082,0.084,0.084,0.084,0.084,0.084,0.085,0.083,0.083,0.084
13:59:10,30.1,0.091,0.085,0.087,0.085,0.084,0.085,0.086,0.085,0.085,0.084,0.085,0.083,0.083,0.191,0.211,0.141,0.151,0.167,0.084,0.083,0.083,0.082,0.084,0.083,0.085,0.144,0.107,0.11,0.105,0.084,0.083,0.085,0.085,0.083,0.168,0.085,0.084,0.119,0.117,0.132,0.138,0.085,0.084,0.085,0.085,0.084,0.16,0.085,0.085,0.124,0.126,0.143,0.126,0.085,0.085,0.086,0.085,0.085,0.169,0.088,0.087,0.124,0.121,0.104,0.125,0.084,0.085,0.086,0.085,0.086,0.175,0.086,0.082,0.127,0.118,0.108,0.117,0.086,0.085,0.084,0.085,0.084,0.143,0.084,0.089,0.088,0.082,0.084,0.084,0.084,0.084,0.084,0.085,0.083,0.083,0.084
14:14:10,30.2,0.091,0.085,0.087,0.085,0.084,0.085,0.086,0.085,0.085,0.084,0.085,0.083,0.083,0.194,0.213,0.142,0.155,0.175,0.084,0.083,0.083,0.082,0.084,0.083,0.085,0.146,0.108,0.115,0.109,0.084,0.083,0.086,0.086,0.083,0.17,0.085,0.084,0.12,0.12,0.132,0.141,0.085,0.084,0.085,0.085,0.084,0.162,0.085,0.085,0.127,0.13,0.148,0.128,0.085,0.085,0.086,0.086,0.085,0.163,0.088,0.087,0.126,0.122,0.105,0.131,0.084,0.085,0.085,0.085,0.086,0.174,0.086,0.082,0.132,0.121,0.11,0.121,0.086,0.085,0.084,0.085,0.085,0.144,0.084,0.089,0.089,0.082,0.084,0.084,0.084,0.084,0.084,0.085,0.083,0.083,0.084
14:29:10,30.1,0.092,0.085,0.087,0.085,0.084,0.085,0.086,0.085,0.085,0.084,0.085,0.083,0.083,0.197,0.213,0.145,0.157,0.168,0.084,0.083,0.083,0.082,0.084,0.083,0.085,0.148,0.11,0.116,0.11,0.084,0.083,0.085,0.085,0.083,0.171,0.085,0.084,0.122,0.12,0.132,0.144,0.085,0.084,0.085,0.086,0.084,0.162,0.085,0.085,0.129,0.132,0.151,0.132,0.085,0.085,0.086,0.085,0.085,0.165,0.088,0.088,0.127,0.12,0.104,0.135,0.084,0.085,0.086,0.085,0.086,0.176,0.086,0.082,0.134,0.122,0.11,0.121,0.086,0.085,0.084,0.085,0.085,0.146,0.084,0.089,0.09,0.082,0.084,0.084,0.084,0.083,0.084,0.085,0.083,0.083,0.084
14:44:10,30.1,0.091,0.085,0.087,0.085,0.084,0.085,0.086,0.085,0.085,0.084,0.085,0.083,0.083,0.201,0.219,0.145,0.16,0.177,0.084,0.083,0.083,0.082,0.084,0.083,0.085,0.153,0.115,0.118,0.113,0.084,0.083,0.085,0.085,0.083,0.172,0.085,0.084,0.122,0.122,0.138,0.148,0.085,0.084,0.085,0.085,0.084,0.164,0.085,0.085,0.128,0.139,0.157,0.135,0.085,0.085,0.086,0.086,0.085,0.171,0.088,0.087,0.129,0.123,0.106,0.137,0.084,0.085,0.085,0.085,0.086,0.177,0.086,0.082,0.14,0.121,0.108,0.121,0.086,0.085,0.084,0.085,0.085,0.148,0.084,0.084,0.089,0.082,0.084,0.084,0.084,0.083,0.084,0.085,0.083,0.083,0.084
14:59:10,30.1,0.091,0.085,0.087,0.085,0.085,0.085,0.086,0.085,0.085,0.084,0.085,0.083,0.083,0.204,0.22,0.146,0.162,0.173,0.084,0.083,0.083,0.082,0.084,0.083,0.085,0.157,0.117,0.12,0.112,0.084,0.083,0.085,0.085,0.083,0.174,0.085,0.084,0.124,0.125,0.128,0.153,0.085,0.084,0.085,0.085,0.084,0.164,0.085,0.085,0.129,0.141,0.159,0.137,0.085,0.085,0.086,0.086,0.085,0.178,0.088,0.087,0.132,0.128,0.104,0.14,0.084,0.085,0.086,0.085,0.085,0.179,0.086,0.082,0.143,0.124,0.109,0.123,0.086,0.085,0.084,0.085,0.085,0.151,0.084,0.089,0.09,0.082,0.084,0.084,0.084,0.083,0.084,0.085,0.083,0.083,0.084
15:14:10,30,0.091,0.085,0.087,0.085,0.085,0.085,0.086,0.085,0.085,0.084,0.085,0.083,0.083,0.207,0.217,0.148,0.165,0.173,0.084,0.083,0.083,0.083,0.084,0.083,0.085,0.16,0.118,0.121,0.115,0.084,0.083,0.085,0.086,0.083,0.176,0.085,0.084,0.128,0.126,0.127,0.156,0.085,0.084,0.085,0.086,0.084,0.166,0.085,0.085,0.126,0.145,0.162,0.14,0.085,0.085,0.086,0.086,0.085,0.179,0.088,0.088,0.139,0.13,0.107,0.142,0.085,0.085,0.086,0.085,0.085,0.18,0.086,0.082,0.144,0.127,0.111,0.127,0.086,0.085,0.084,0.085,0.085,0.156,0.084,0.089,0.089,0.082,0.084,0.084,0.084,0.083,0.084,0.085,0.083,0.083,0.084
15:29:10,30.1,0.091,0.085,0.087,0.085,0.085,0.085,0.086,0.085,0.085,0.084,0.085,0.083,0.083,0.21,0.221,0.149,0.167,0.175,0.084,0.083,0.083,0.083,0.084,0.083,0.085,0.161,0.12,0.123,0.114,0.084,0.083,0.085,0.086,0.083,0.178,0.085,0.084,0.127,0.125,0.131,0.16,0.085,0.084,0.085,0.086,0.085,0.167,0.085,0.085,0.13,0.148,0.164,0.142,0.085,0.085,0.086,0.086,0.085,0.181,0.088,0.087,0.141,0.132,0.108,0.143,0.084,0.085,0.086,0.085,0.085,0.183,0.086,0.082,0.148,0.129,0.111,0.128,0.086,0.085,0.084,0.085,0.085,0.159,0.084,0.088,0.089,0.082,0.084,0.084,0.084,0.083,0.084,0.085,0.083,0.083,0.084
15:44:10,30,0.091,0.085,0.087,0.085,0.084,0.085,0.086,0.085,0.085,0.084,0.085,0.083,0.083,0.213,0.224,0.151,0.17,0.177,0.084,0.083,0.083,0.082,0.084,0.083,0.085,0.162,0.12,0.126,0.116,0.084,0.083,0.085,0.086,0.084,0.18,0.085,0.084,0.128,0.127,0.138,0.164,0.085,0.084,0.085,0.086,0.085,0.17,0.085,0.085,0.134,0.151,0.168,0.145,0.085,0.085,0.086,0.086,0.085,0.184,0.088,0.088,0.143,0.133,0.108,0.147,0.084,0.085,0.086,0.085,0.086,0.184,0.086,0.082,0.15,0.13,0.113,0.131,0.086,0.085,0.084,0.085,0.085,0.162,0.084,0.086,0.089,0.082,0.084,0.084,0.084,0.083,0.084,0.085,0.083,0.083,0.084
15:59:10,30,0.091,0.085,0.087,0.085,0.085,0.085,0.086,0.085,0.085,0.084,0.085,0.083,0.083,0.217,0.227,0.154,0.172,0.18,0.084,0.083,0.083,0.083,0.084,0.083,0.085,0.165,0.121,0.123,0.116,0.084,0.083,0.085,0.086,0.084,0.182,0.085,0.084,0.129,0.128,0.142,0.167,0.085,0.084,0.085,0.086,0.085,0.172,0.085,0.085,0.136,0.15,0.171,0.147,0.085,0.085,0.086,0.086,0.085,0.185,0.088,0.087,0.146,0.133,0.108,0.151,0.084,0.085,0.086,0.085,0.086,0.186,0.086,0.082,0.153,0.132,0.114,0.13,0.086,0.085,0.084,0.085,0.084,0.168,0.084,0.088,0.089,0.082,0.084,0.084,0.084,0.083,0.084,0.085,0.083,0.083,0.084
16:14:10,30.1,0.091,0.085,0.087,0.085,0.084,0.085,0.086,0.085,0.085,0.084,0.085,0.083,0.083,0.22,0.229,0.155,0.175,0.182,0.084,0.083,0.083,0.082,0.084,0.083,0.085,0.167,0.124,0.117,0.118,0.084,0.083,0.085,0.086,0.084,0.184,0.085,0.084,0.13,0.129,0.145,0.169,0.085,0.084,0.085,0.086,0.085,0.173,0.085,0.085,0.138,0.147,0.174,0.15,0.085,0.085,0.086,0.086,0.085,0.188,0.088,0.087,0.15,0.135,0.108,0.153,0.084,0.085,0.085,0.085,0.086,0.19,0.086,0.082,0.156,0.134,0.114,0.132,0.086,0.085,0.084,0.085,0.085,0.169,0.084,0.085,0.09,0.082,0.084,0.084,0.084,0.084,0.084,0.085,0.083,0.083,0.084
16:29:10,30.1,0.091,0.085,0.087,0.085,0.084,0.085,0.086,0.085,0.084,0.084,0.085,0.083,0.083,0.216,0.232,0.156,0.179,0.184,0.084,0.083,0.083,0.082,0.084,0.083,0.085,0.168,0.124,0.114,0.121,0.084,0.083,0.085,0.086,0.084,0.187,0.085,0.084,0.131,0.131,0.15,0.173,0.085,0.084,0.085,0.086,0.085,0.177,0.085,0.085,0.14,0.149,0.177,0.151,0.085,0.085,0.086,0.086,0.085,0.187,0.088,0.087,0.152,0.136,0.107,0.151,0.084,0.085,0.086,0.086,0.086,0.194,0.086,0.082,0.159,0.137,0.115,0.134,0.086,0.085,0.084,0.085,0.085,0.171,0.084,0.088,0.091,0.082,0.084,0.084,0.084,0.083,0.084,0.085,0.083,0.083,0.084
16:44:10,30.1,0.091,0.085,0.087,0.085,0.084,0.085,0.086,0.085,0.085,0.084,0.085,0.083,0.083,0.219,0.236,0.159,0.182,0.188,0.084,0.083,0.083,0.082,0.084,0.083,0.085,0.169,0.126,0.116,0.124,0.084,0.083,0.085,0.086,0.084,0.189,0.085,0.084,0.132,0.132,0.153,0.176,0.085,0.084,0.085,0.086,0.085,0.18,0.085,0.085,0.143,0.151,0.18,0.155,0.085,0.085,0.086,0.086,0.085,0.191,0.088,0.086,0.155,0.138,0.11,0.153,0.084,0.085,0.086,0.086,0.086,0.196,0.086,0.082,0.162,0.139,0.115,0.135,0.086,0.085,0.084,0.085,0.085,0.173,0.084,0.087,0.091,0.082,0.084,0.084,0.084,0.083,0.084,0.085,0.083,0.083,0.084
16:59:10,30.1,0.091,0.085,0.087,0.085,0.085,0.085,0.086,0.085,0.085,0.084,0.085,0.083,0.083,0.222,0.239,0.159,0.184,0.189,0.084,0.083,0.083,0.082,0.084,0.083,0.085,0.17,0.13,0.115,0.126,0.084,0.083,0.086,0.086,0.084,0.19,0.085,0.084,0.132,0.134,0.155,0.181,0.085,0.084,0.085,0.086,0.085,0.18,0.085,0.085,0.145,0.153,0.182,0.156,0.085,0.085,0.086,0.086,0.086,0.186,0.088,0.086,0.158,0.141,0.111,0.157,0.084,0.085,0.086,0.086,0.086,0.197,0.086,0.082,0.165,0.141,0.118,0.141,0.086,0.085,0.084,0.085,0.085,0.176,0.084,0.088,0.09,0.082,0.084,0.084,0.084,0.084,0.084,0.085,0.083,0.083,0.084
17:14:10,30.1,0.091,0.085,0.087,0.085,0.085,0.085,0.086,0.085,0.085,0.084,0.085,0.083,0.083,0.225,0.241,0.16,0.187,0.19,0.084,0.083,0.083,0.083,0.084,0.083,0.085,0.174,0.131,0.121,0.13,0.084,0.083,0.085,0.085,0.084,0.192,0.085,0.084,0.132,0.135,0.158,0.188,0.085,0.084,0.085,0.086,0.085,0.182,0.085,0.085,0.147,0.155,0.185,0.157,0.085,0.085,0.086,0.086,0.085,0.189,0.088,0.086,0.162,0.142,0.111,0.159,0.084,0.085,0.086,0.086,0.086,0.2,0.086,0.082,0.168,0.144,0.116,0.145,0.086,0.085,0.084,0.085,0.084,0.176,0.084,0.085,0.09,0.082,0.084,0.084,0.084,0.084,0.084,0.085,0.083,0.083,0.084
17:29:10,30.1,0.091,0.085,0.087,0.085,0.085,0.085,0.086,0.085,0.085,0.084,0.085,0.083,0.083,0.228,0.244,0.162,0.188,0.192,0.084,0.083,0.083,0.083,0.084,0.083,0.085,0.176,0.133,0.116,0.134,0.084,0.083,0.085,0.086,0.084,0.193,0.085,0.084,0.131,0.137,0.16,0.193,0.085,0.084,0.085,0.086,0.085,0.183,0.085,0.085,0.15,0.158,0.188,0.159,0.085,0.085,0.086,0.085,0.085,0.192,0.088,0.086,0.166,0.144,0.11,0.165,0.084,0.085,0.086,0.086,0.086,0.202,0.086,0.082,0.171,0.146,0.113,0.148,0.086,0.085,0.084,0.085,0.085,0.177,0.084,0.086,0.091,0.082,0.084,0.084,0.084,0.084,0.084,0.085,0.083,0.083,0.084
17:44:10,30,0.091,0.085,0.087,0.085,0.085,0.085,0.086,0.085,0.085,0.084,0.085,0.083,0.083,0.23,0.247,0.163,0.19,0.194,0.084,0.083,0.083,0.082,0.084,0.083,0.085,0.179,0.135,0.126,0.135,0.084,0.083,0.085,0.086,0.084,0.196,0.085,0.084,0.134,0.139,0.162,0.195,0.085,0.084,0.085,0.086,0.085,0.186,0.085,0.085,0.152,0.16,0.192,0.16,0.085,0.085,0.086,0.085,0.085,0.195,0.088,0.086,0.17,0.147,0.108,0.167,0.084,0.085,0.086,0.086,0.086,0.205,0.086,0.082,0.175,0.148,0.112,0.151,0.086,0.085,0.084,0.085,0.085,0.179,0.084,0.084,0.091,0.082,0.084,0.084,0.084,0.083,0.084,0.085,0.083,0.083,0.084
17:59:10,30,0.091,0.085,0.087,0.085,0.084,0.085,0.086,0.085,0.085,0.084,0.085,0.083,0.083,0.234,0.251,0.164,0.19,0.196,0.084,0.083,0.083,0.082,0.084,0.083,0.085,0.183,0.137,0.129,0.138,0.084,0.083,0.085,0.086,0.084,0.199,0.085,0.084,0.132,0.142,0.165,0.198,0.084,0.084,0.085,0.086,0.085,0.188,0.085,0.085,0.155,0.164,0.194,0.164,0.085,0.085,0.086,0.086,0.086,0.196,0.088,0.085,0.174,0.149,0.11,0.167,0.084,0.085,0.086,0.086,0.085,0.209,0.086,0.082,0.178,0.15,0.113,0.155,0.086,0.085,0.084,0.085,0.085,0.182,0.084,0.084,0.091,0.082,0.084,0.084,0.084,0.083,0.084,0.085,0.083,0.083,0.084
18:14:10,30,0.091,0.085,0.087,0.085,0.084,0.085,0.086,0.085,0.084,0.084,0.085,0.083,0.083,0.238,0.255,0.166,0.193,0.199,0.084,0.083,0.083,0.082,0.084,0.083,0.085,0.185,0.139,0.132,0.138,0.084,0.083,0.085,0.086,0.084,0.201,0.085,0.084,0.136,0.146,0.166,0.203,0.085,0.084,0.085,0.086,0.085,0.191,0.085,0.085,0.158,0.166,0.196,0.163,0.085,0.085,0.086,0.086,0.085,0.197,0.088,0.085,0.179,0.153,0.115,0.172,0.084,0.085,0.086,0.086,0.086,0.212,0.086,0.082,0.18,0.152,0.114,0.156,0.086,0.085,0.084,0.085,0.084,0.184,0.084,0.084,0.091,0.082,0.084,0.084,0.084,0.083,0.084,0.085,0.083,0.083,0.084
18:29:10,30.1,0.091,0.085,0.087,0.085,0.085,0.085,0.086,0.085,0.085,0.084,0.085,0.083,0.083,0.241,0.259,0.169,0.196,0.202,0.084,0.083,0.083,0.082,0.084,0.083,0.085,0.188,0.143,0.134,0.136,0.085,0.083,0.086,0.086,0.084,0.205,0.085,0.084,0.138,0.148,0.169,0.205,0.084,0.084,0.085,0.086,0.085,0.193,0.086,0.085,0.161,0.17,0.2,0.165,0.086,0.085,0.086,0.086,0.085,0.2,0.088,0.086,0.182,0.155,0.112,0.175,0.084,0.085,0.085,0.086,0.086,0.213,0.086,0.082,0.184,0.154,0.115,0.158,0.086,0.085,0.084,0.085,0.084,0.186,0.084,0.084,0.091,0.082,0.084,0.084,0.084,0.083,0.084,0.085,0.083,0.083,0.084
18:44:10,30.1,0.092,0.085,0.087,0.085,0.084,0.085,0.086,0.085,0.085,0.084,0.085,0.083,0.083,0.245,0.262,0.171,0.199,0.205,0.084,0.083,0.083,0.082,0.084,0.083,0.085,0.192,0.146,0.133,0.137,0.084,0.083,0.085,0.086,0.084,0.207,0.085,0.084,0.14,0.151,0.171,0.208,0.085,0.084,0.085,0.086,0.085,0.196,0.085,0.085,0.164,0.173,0.203,0.164,0.085,0.085,0.086,0.086,0.085,0.203,0.088,0.085,0.186,0.159,0.116,0.177,0.084,0.085,0.085,0.086,0.086,0.217,0.086,0.082,0.187,0.157,0.118,0.16,0.086,0.085,0.084,0.085,0.084,0.188,0.084,0.084,0.092,0.082,0.084,0.084,0.084,0.083,0.084,0.085,0.083,0.083,0.084
18:59:10,30.1,0.091,0.085,0.087,0.085,0.084,0.085,0.086,0.085,0.084,0.084,0.085,0.083,0.083,0.247,0.265,0.172,0.201,0.207,0.084,0.083,0.083,0.082,0.084,0.083,0.085,0.194,0.148,0.137,0.138,0.085,0.083,0.085,0.086,0.085,0.209,0.085,0.084,0.141,0.154,0.174,0.212,0.085,0.084,0.085,0.086,0.085,0.197,0.085,0.085,0.166,0.178,0.205,0.165,0.085,0.085,0.086,0.086,0.085,0.205,0.088,0.085,0.191,0.161,0.118,0.183,0.084,0.085,0.086,0.086,0.086,0.22,0.086,0.082,0.191,0.16,0.122,0.163,0.086,0.085,0.084,0.085,0.085,0.192,0.084,0.084,0.091,0.082,0.084,0.084,0.084,0.084,0.084,0.085,0.083,0.083,0.084
19:14:10,30,0.091,0.085,0.087,0.085,0.085,0.085,0.086,0.085,0.085,0.084,0.085,0.083,0.083,0.25,0.267,0.171,0.204,0.207,0.084,0.083,0.083,0.082,0.084,0.083,0.085,0.196,0.151,0.139,0.141,0.084,0.083,0.085,0.086,0.085,0.21,0.085,0.084,0.141,0.156,0.177,0.215,0.084,0.084,0.085,0.086,0.085,0.198,0.085,0.085,0.169,0.181,0.206,0.166,0.085,0.085,0.086,0.086,0.085,0.206,0.088,0.085,0.194,0.162,0.117,0.188,0.084,0.085,0.086,0.086,0.085,0.221,0.086,0.082,0.194,0.163,0.125,0.166,0.086,0.085,0.084,0.085,0.084,0.191,0.084,0.084,0.092,0.082,0.084,0.084,0.084,0.083,0.084,0.085,0.083,0.083,0.084
19:29:10,30.1,0.091,0.085,0.087,0.085,0.085,0.085,0.086,0.085,0.085,0.084,0.085,0.083,0.083,0.254,0.271,0.174,0.206,0.208,0.084,0.083,0.083,0.083,0.084,0.083,0.085,0.199,0.154,0.142,0.141,0.084,0.083,0.086,0.086,0.086,0.211,0.085,0.084,0.143,0.16,0.18,0.218,0.085,0.084,0.085,0.086,0.085,0.201,0.085,0.085,0.171,0.185,0.207,0.167,0.086,0.085,0.086,0.086,0.085,0.206,0.088,0.085,0.198,0.166,0.118,0.192,0.084,0.085,0.086,0.086,0.086,0.222,0.086,0.082,0.198,0.167,0.12,0.167,0.086,0.085,0.084,0.085,0.085,0.195,0.084,0.084,0.093,0.082,0.084,0.084,0.084,0.083,0.084,0.085,0.083,0.083,0.084
19:44:10,30,0.091,0.085,0.087,0.085,0.084,0.085,0.086,0.085,0.085,0.084,0.085,0.083,0.083,0.257,0.275,0.176,0.209,0.212,0.084,0.083,0.083,0.082,0.084,0.083,0.085,0.202,0.157,0.144,0.141,0.085,0.083,0.085,0.086,0.084,0.213,0.085,0.084,0.144,0.162,0.183,0.221,0.085,0.084,0.085,0.086,0.086,0.204,0.085,0.085,0.174,0.189,0.21,0.169,0.085,0.085,0.086,0.085,0.086,0.211,0.088,0.085,0.201,0.169,0.118,0.196,0.084,0.085,0.086,0.086,0.086,0.226,0.086,0.082,0.201,0.17,0.125,0.168,0.086,0.085,0.084,0.085,0.085,0.195,0.084,0.084,0.092,0.082,0.084,0.084,0.084,0.083,0.084,0.085,0.083,0.083,0.084
19:59:10,30,0.091,0.085,0.087,0.085,0.084,0.085,0.086,0.085,0.085,0.084,0.085,0.083,0.083,0.262,0.278,0.177,0.211,0.215,0.084,0.083,0.083,0.082,0.084,0.083,0.085,0.205,0.161,0.145,0.141,0.084,0.083,0.085,0.086,0.086,0.215,0.085,0.084,0.146,0.166,0.185,0.223,0.085,0.084,0.085,0.086,0.085,0.206,0.085,0.085,0.177,0.193,0.214,0.169,0.085,0.085,0.086,0.086,0.086,0.213,0.088,0.085,0.206,0.173,0.115,0.197,0.084,0.085,0.086,0.086,0.086,0.23,0.086,0.082,0.204,0.174,0.126,0.17,0.086,0.085,0.084,0.085,0.085,0.197,0.084,0.084,0.093,0.082,0.084,0.084,0.084,0.083,0.084,0.085,0.083,0.083,0.084
20:14:10,30.1,0.091,0.085,0.087,0.085,0.085,0.085,0.086,0.085,0.085,0.084,0.085,0.083,0.083,0.266,0.282,0.18,0.215,0.217,0.084,0.083,0.083,0.082,0.084,0.083,0.085,0.208,0.164,0.146,0.144,0.085,0.083,0.086,0.086,0.085,0.218,0.085,0.084,0.147,0.169,0.187,0.226,0.085,0.085,0.085,0.086,0.085,0.21,0.085,0.085,0.181,0.198,0.216,0.178,0.085,0.085,0.086,0.086,0.087,0.217,0.088,0.085,0.21,0.177,0.119,0.199,0.084,0.085,0.086,0.086,0.086,0.233,0.086,0.082,0.207,0.177,0.125,0.172,0.086,0.085,0.084,0.085,0.085,0.202,0.084,0.084,0.093,0.082,0.084,0.084,0.084,0.083,0.084,0.085,0.083,0.083,0.084
20:29:10,30.1,0.091,0.085,0.087,0.085,0.085,0.085,0.086,0.085,0.085,0.084,0.085,0.083,0.083,0.268,0.285,0.182,0.218,0.221,0.084,0.083,0.083,0.082,0.084,0.083,0.085,0.212,0.167,0.147,0.145,0.084,0.084,0.086,0.086,0.084,0.222,0.085,0.084,0.149,0.173,0.189,0.228,0.084,0.084,0.085,0.086,0.086,0.212,0.085,0.085,0.184,0.2,0.218,0.182,0.085,0.085,0.086,0.086,0.086,0.219,0.088,0.085,0.213,0.179,0.12,0.202,0.084,0.085,0.086,0.086,0.086,0.237,0.086,0.082,0.211,0.179,0.126,0.173,0.086,0.086,0.084,0.085,0.086,0.204,0.084,0.084,0.094,0.082,0.084,0.084,0.084,0.083,0.084,0.085,0.083,0.083,0.084
20:44:10,30.1,0.091,0.085,0.087,0.085,0.084,0.085,0.086,0.085,0.084,0.084,0.085,0.083,0.083,0.271,0.288,0.185,0.221,0.223,0.084,0.083,0.083,0.082,0.084,0.083,0.085,0.215,0.17,0.15,0.147,0.084,0.083,0.085,0.086,0.085,0.225,0.085,0.084,0.151,0.177,0.192,0.231,0.085,0.084,0.085,0.086,0.085,0.215,0.085,0.085,0.185,0.203,0.22,0.185,0.085,0.085,0.086,0.086,0.086,0.222,0.088,0.084,0.217,0.183,0.12,0.203,0.084,0.085,0.086,0.086,0.086,0.239,0.086,0.082,0.214,0.183,0.125,0.176,0.086,0.086,0.084,0.085,0.085,0.206,0.084,0.084,0.092,0.082,0.084,0.084,0.084,0.083,0.084,0.085,0.083,0.083,0.084
20:59:10,30.1,0.091,0.085,0.087,0.085,0.084,0.085,0.086,0.085,0.084,0.084,0.085,0.083,0.083,0.275,0.291,0.187,0.224,0.226,0.084,0.083,0.083,0.082,0.084,0.083,0.085,0.218,0.174,0.15,0.148,0.084,0.083,0.086,0.086,0.085,0.229,0.085,0.084,0.153,0.179,0.194,0.233,0.085,0.084,0.085,0.085,0.085,0.219,0.085,0.085,0.19,0.207,0.223,0.188,0.085,0.085,0.086,0.086,0.086,0.225,0.088,0.084,0.222,0.186,0.121,0.206,0.084,0.085,0.086,0.086,0.086,0.243,0.086,0.082,0.218,0.188,0.126,0.177,0.086,0.086,0.084,0.085,0.085,0.209,0.084,0.086,0.093,0.082,0.084,0.084,0.084,0.083,0.084,0.085,0.083,0.083,0.084
21:14:10,30.1,0.091,0.085,0.087,0.085,0.085,0.085,0.086,0.085,0.085,0.084,0.085,0.083,0.083,0.278,0.294,0.187,0.227,0.227,0.084,0.083,0.083,0.082,0.084,0.083,0.085,0.221,0.178,0.152,0.152,0.084,0.083,0.086,0.086,0.085,0.231,0.085,0.084,0.153,0.183,0.197,0.236,0.085,0.084,0.085,0.086,0.086,0.22,0.085,0.085,0.191,0.212,0.224,0.19,0.086,0.085,0.086,0.086,0.086,0.226,0.088,0.085,0.227,0.191,0.122,0.208,0.084,0.085,0.086,0.086,0.086,0.246,0.086,0.082,0.223,0.193,0.126,0.18,0.086,0.085,0.084,0.085,0.086,0.212,0.084,0.084,0.094,0.082,0.084,0.084,0.084,0.084,0.084,0.085,0.083,0.083,0.084
21:29:10,30.1,0.091,0.085,0.087,0.085,0.085,0.085,0.086,0.085,0.085,0.084,0.085,0.083,0.083,0.28,0.298,0.188,0.228,0.227,0.084,0.083,0.083,0.083,0.084,0.083,0.085,0.223,0.182,0.155,0.153,0.084,0.084,0.086,0.085,0.085,0.23,0.085,0.084,0.154,0.186,0.199,0.239,0.085,0.084,0.085,0.086,0.086,0.221,0.085,0.085,0.195,0.215,0.225,0.193,0.085,0.085,0.086,0.086,0.086,0.228,0.088,0.084,0.232,0.194,0.123,0.211,0.084,0.085,0.086,0.086,0.086,0.247,0.086,0.082,0.228,0.197,0.128,0.182,0.086,0.086,0.084,0.085,0.085,0.212,0.084,0.089,0.094,0.082,0.084,0.084,0.084,0.083,0.084,0.085,0.083,0.083,0.084
21:44:10,30,0.091,0.085,0.087,0.085,0.085,0.085,0.086,0.085,0.085,0.084,0.085,0.083,0.083,0.283,0.3,0.19,0.23,0.228,0.084,0.083,0.083,0.083,0.084,0.083,0.085,0.227,0.185,0.153,0.153,0.084,0.083,0.086,0.086,0.085,0.234,0.085,0.084,0.155,0.189,0.202,0.242,0.085,0.084,0.085,0.085,0.086,0.223,0.085,0.085,0.199,0.22,0.226,0.194,0.086,0.085,0.086,0.086,0.085,0.229,0.088,0.084,0.235,0.199,0.125,0.213,0.084,0.085,0.086,0.086,0.086,0.248,0.086,0.082,0.233,0.202,0.128,0.184,0.086,0.086,0.084,0.085,0.085,0.214,0.084,0.085,0.093,0.082,0.084,0.084,0.084,0.084,0.084,0.085,0.083,0.083,0.084
21:59:10,30,0.091,0.085,0.087,0.085,0.085,0.085,0.086,0.085,0.085,0.084,0.085,0.083,0.083,0.287,0.303,0.193,0.234,0.231,0.084,0.083,0.083,0.083,0.084,0.083,0.085,0.232,0.189,0.158,0.155,0.084,0.084,0.086,0.086,0.086,0.236,0.085,0.084,0.158,0.193,0.204,0.244,0.084,0.085,0.085,0.086,0.086,0.225,0.085,0.085,0.203,0.226,0.228,0.198,0.086,0.085,0.086,0.086,0.086,0.233,0.088,0.084,0.241,0.204,0.126,0.216,0.084,0.085,0.086,0.086,0.086,0.253,0.086,0.082,0.238,0.204,0.13,0.185,0.086,0.085,0.084,0.085,0.085,0.216,0.084,0.084,0.093,0.082,0.084,0.084,0.084,0.083,0.084,0.085,0.083,0.083,0.084
22:14:10,30,0.091,0.085,0.087,0.085,0.084,0.085,0.086,0.085,0.084,0.084,0.085,0.083,0.083,0.29,0.307,0.195,0.238,0.234,0.084,0.083,0.083,0.082,0.084,0.083,0.085,0.236,0.194,0.159,0.158,0.084,0.083,0.086,0.085,0.085,0.24,0.085,0.084,0.161,0.198,0.208,0.246,0.084,0.084,0.085,0.085,0.085,0.23,0.085,0.085,0.209,0.232,0.23,0.2,0.085,0.085,0.086,0.085,0.085,0.237,0.088,0.084,0.247,0.209,0.128,0.219,0.084,0.085,0.086,0.086,0.086,0.256,0.086,0.082,0.243,0.208,0.13,0.187,0.086,0.085,0.084,0.085,0.085,0.218,0.084,0.084,0.094,0.082,0.084,0.084,0.084,0.083,0.084,0.085,0.083,0.083,0.084
22:29:10,30.1,0.092,0.085,0.087,0.085,0.085,0.085,0.086,0.085,0.085,0.084,0.085,0.083,0.083,0.295,0.311,0.197,0.241,0.237,0.084,0.083,0.083,0.082,0.084,0.083,0.085,0.241,0.197,0.158,0.159,0.084,0.083,0.086,0.086,0.086,0.241,0.085,0.084,0.165,0.202,0.21,0.249,0.084,0.084,0.085,0.086,0.086,0.231,0.085,0.085,0.216,0.237,0.232,0.203,0.086,0.085,0.086,0.086,0.086,0.241,0.088,0.084,0.253,0.213,0.13,0.223,0.084,0.085,0.086,0.086,0.086,0.259,0.086,0.082,0.248,0.211,0.132,0.188,0.086,0.086,0.084,0.085,0.085,0.221,0.084,0.084,0.095,0.082,0.084,0.084,0.084,0.083,0.084,0.085,0.083,0.083,0.084
22:44:10,30.1,0.091,0.085,0.087,0.085,0.084,0.085,0.086,0.085,0.085,0.084,0.085,0.083,0.083,0.297,0.314,0.199,0.243,0.239,0.084,0.083,0.083,0.082,0.084,0.083,0.085,0.245,0.201,0.16,0.161,0.084,0.083,0.086,0.085,0.084,0.244,0.085,0.084,0.168,0.206,0.213,0.251,0.084,0.084,0.085,0.085,0.086,0.234,0.085,0.085,0.221,0.243,0.234,0.206,0.085,0.085,0.086,0.086,0.086,0.242,0.088,0.084,0.259,0.219,0.132,0.226,0.084,0.085,0.086,0.086,0.086,0.261,0.086,0.082,0.254,0.214,0.133,0.19,0.086,0.086,0.084,0.085,0.085,0.225,0.084,0.088,0.093,0.082,0.084,0.084,0.084,0.083,0.084,0.085,0.083,0.083,0.084
22:59:10,30.1,0.091,0.085,0.087,0.085,0.084,0.085,0.086,0.085,0.084,0.084,0.085,0.083,0.083,0.3,0.316,0.201,0.245,0.242,0.084,0.083,0.083,0.082,0.084,0.083,0.085,0.25,0.205,0.165,0.163,0.084,0.083,0.086,0.085,0.085,0.248,0.084,0.084,0.171,0.211,0.216,0.253,0.085,0.084,0.085,0.085,0.086,0.237,0.085,0.085,0.226,0.25,0.237,0.209,0.085,0.085,0.086,0.085,0.086,0.245,0.088,0.084,0.264,0.225,0.133,0.229,0.084,0.085,0.086,0.086,0.086,0.265,0.086,0.082,0.259,0.218,0.134,0.192,0.086,0.085,0.084,0.085,0.085,0.227,0.084,0.086,0.095,0.082,0.084,0.084,0.084,0.083,0.084,0.085,0.083,0.083,0.084
23:14:10,30.1,0.091,0.085,0.087,0.085,0.084,0.085,0.086,0.085,0.084,0.084,0.085,0.083,0.083,0.304,0.319,0.203,0.248,0.244,0.084,0.083,0.083,0.082,0.084,0.083,0.085,0.253,0.208,0.159,0.165,0.084,0.083,0.086,0.085,0.085,0.251,0.085,0.084,0.174,0.215,0.219,0.256,0.085,0.084,0.085,0.085,0.086,0.242,0.085,0.085,0.231,0.255,0.24,0.212,0.085,0.085,0.086,0.086,0.087,0.248,0.088,0.084,0.27,0.228,0.135,0.231,0.084,0.085,0.086,0.086,0.086,0.265,0.086,0.082,0.264,0.222,0.136,0.193,0.086,0.085,0.084,0.085,0.085,0.23,0.084,0.086,0.095,0.082,0.084,0.084,0.084,0.083,0.084,0.085,0.083,0.083,0.084
23:29:10,30.1,0.091,0.085,0.087,0.085,0.084,0.085,0.086,0.085,0.085,0.084,0.085,0.083,0.083,0.307,0.321,0.202,0.249,0.244,0.084,0.083,0.083,0.082,0.084,0.083,0.085,0.256,0.211,0.163,0.167,0.084,0.083,0.086,0.086,0.085,0.25,0.085,0.084,0.177,0.218,0.222,0.259,0.085,0.084,0.085,0.086,0.087,0.241,0.085,0.085,0.235,0.261,0.241,0.213,0.085,0.085,0.086,0.085,0.086,0.249,0.088,0.084,0.275,0.233,0.137,0.234,0.084,0.085,0.086,0.086,0.086,0.27,0.086,0.082,0.268,0.226,0.137,0.197,0.086,0.085,0.084,0.085,0.085,0.233,0.084,0.084,0.096,0.082,0.084,0.084,0.084,0.083,0.084,0.085,0.083,0.083,0.084
23:44:10,30.1,0.091,0.085,0.087,0.085,0.085,0.085,0.086,0.085,0.085,0.084,0.085,0.083,0.083,0.307,0.323,0.202,0.251,0.245,0.084,0.083,0.083,0.083,0.084,0.083,0.085,0.26,0.215,0.168,0.169,0.084,0.084,0.086,0.085,0.086,0.251,0.085,0.084,0.179,0.219,0.224,0.262,0.085,0.085,0.085,0.085,0.086,0.241,0.085,0.085,0.241,0.267,0.241,0.215,0.086,0.085,0.086,0.085,0.086,0.251,0.088,0.084,0.28,0.235,0.139,0.236,0.084,0.085,0.086,0.086,0.086,0.272,0.086,0.082,0.274,0.231,0.138,0.2,0.086,0.085,0.085,0.085,0.085,0.234,0.084,0.086,0.096,0.082,0.084,0.084,0.084,0.083,0.084,0.085,0.083,0.083,0.084
23:59:10,30,0.091,0.085,0.087,0.085,0.085,0.085,0.086,0.085,0.085,0.084,0.085,0.083,0.083,0.31,0.325,0.203,0.253,0.247,0.084,0.083,0.083,0.083,0.084,0.083,0.085,0.262,0.216,0.168,0.17,0.084,0.084,0.086,0.086,0.086,0.249,0.085,0.084,0.182,0.223,0.226,0.264,0.085,0.085,0.085,0.085,0.086,0.242,0.085,0.085,0.246,0.272,0.245,0.217,0.086,0.085,0.086,0.085,0.086,0.254,0.088,0.084,0.283,0.24,0.14,0.239,0.084,0.085,0.086,0.086,0.086,0.273,0.086,0.082,0.278,0.233,0.14,0.202,0.086,0.085,0.084,0.085,0.085,0.235,0.084,0.085,0.096,0.082,0.084,0.084,0.084,0.084,0.084,0.085,0.083,0.083,0.084
24:14:10,30.1,0.091,0.085,0.087,0.085,0.085,0.085,0.086,0.085,0.085,0.084,0.085,0.083,0.083,0.311,0.328,0.205,0.255,0.248,0.084,0.083,0.083,0.082,0.084,0.083,0.085,0.266,0.22,0.168,0.172,0.084,0.084,0.086,0.085,0.086,0.255,0.085,0.084,0.185,0.226,0.229,0.266,0.085,0.084,0.085,0.085,0.086,0.246,0.085,0.085,0.252,0.277,0.246,0.219,0.086,0.085,0.086,0.086,0.086,0.257,0.088,0.084,0.287,0.243,0.142,0.243,0.084,0.085,0.086,0.086,0.086,0.277,0.086,0.082,0.281,0.235,0.141,0.202,0.086,0.085,0.085,0.085,0.085,0.239,0.084,0.084,0.095,0.082,0.084,0.084,0.084,0.083,0.084,0.085,0.083,0.083,0.084
24:29:10,30,0.091,0.085,0.087,0.085,0.085,0.085,0.086,0.085,0.085,0.084,0.085,0.083,0.083,0.314,0.33,0.207,0.258,0.251,0.084,0.083,0.083,0.082,0.084,0.083,0.085,0.269,0.224,0.173,0.174,0.084,0.084,0.086,0.086,0.085,0.257,0.085,0.084,0.188,0.231,0.231,0.268,0.085,0.085,0.085,0.086,0.086,0.249,0.085,0.085,0.256,0.281,0.249,0.222,0.086,0.085,0.086,0.085,0.086,0.258,0.088,0.084,0.29,0.247,0.144,0.246,0.084,0.085,0.086,0.086,0.086,0.278,0.086,0.082,0.285,0.235,0.144,0.198,0.086,0.085,0.084,0.085,0.085,0.241,0.084,0.086,0.096,0.082,0.084,0.084,0.084,0.083,0.084,0.085,0.083,0.083,0.084
24:44:10,30.1,0.091,0.085,0.087,0.085,0.085,0.085,0.086,0.085,0.085,0.084,0.085,0.083,0.083,0.316,0.332,0.207,0.259,0.253,0.084,0.083,0.083,0.082,0.084,0.083,0.085,0.272,0.227,0.179,0.176,0.084,0.084,0.086,0.086,0.086,0.26,0.085,0.084,0.191,0.235,0.234,0.27,0.085,0.084,0.085,0.085,0.086,0.252,0.085,0.085,0.26,0.285,0.251,0.225,0.085,0.085,0.086,0.086,0.087,0.262,0.088,0.084,0.293,0.248,0.146,0.249,0.084,0.085,0.086,0.086,0.086,0.281,0.086,0.082,0.288,0.236,0.148,0.201,0.086,0.085,0.085,0.085,0.085,0.243,0.084,0.084,0.095,0.082,0.084,0.084,0.084,0.083,0.084,0.085,0.083,0.083,0.084
24:59:10,30.1,0.091,0.085,0.087,0.085,0.085,0.085,0.086,0.085,0.085,0.084,0.085,0.083,0.083,0.318,0.334,0.21,0.261,0.255,0.084,0.083,0.083,0.082,0.084,0.083,0.085,0.275,0.229,0.184,0.177,0.084,0.084,0.086,0.086,0.086,0.263,0.085,0.084,0.193,0.238,0.237,0.273,0.085,0.084,0.085,0.086,0.087,0.255,0.085,0.085,0.266,0.29,0.253,0.228,0.085,0.085,0.086,0.085,0.087,0.265,0.088,0.084,0.294,0.252,0.149,0.252,0.084,0.085,0.086,0.086,0.086,0.283,0.086,0.082,0.29,0.239,0.151,0.206,0.086,0.085,0.085,0.085,0.085,0.244,0.084,0.086,0.095,0.082,0.084,0.084,0.084,0.083,0.084,0.085,0.083,0.083,0.084
25:14:10,30.1,0.091,0.085,0.087,0.085,0.085,0.085,0.086,0.085,0.085,0.084,0.085,0.083,0.083,0.32,0.336,0.211,0.263,0.256,0.084,0.083,0.083,0.082,0.084,0.083,0.085,0.277,0.232,0.188,0.18,0.084,0.084,0.086,0.085,0.086,0.263,0.085,0.084,0.195,0.241,0.24,0.276,0.085,0.084,0.085,0.086,0.087,0.257,0.085,0.085,0.269,0.295,0.256,0.232,0.085,0.085,0.086,0.086,0.087,0.266,0.088,0.084,0.297,0.256,0.151,0.256,0.084,0.085,0.086,0.086,0.086,0.285,0.086,0.082,0.293,0.242,0.154,0.21,0.086,0.085,0.084,0.085,0.086,0.248,0.084,0.085,0.094,0.082,0.084,0.084,0.084,0.084,0.084,0.085,0.083,0.083,0.084
25:29:10,30.1,0.091,0.085,0.087,0.085,0.085,0.085,0.086,0.085,0.085,0.084,0.085,0.083,0.083,0.321,0.337,0.211,0.264,0.258,0.084,0.083,0.083,0.082,0.084,0.083,0.085,0.28,0.234,0.193,0.184,0.084,0.084,0.086,0.085,0.086,0.265,0.085,0.084,0.196,0.242,0.244,0.278,0.085,0.084,0.085,0.086,0.087,0.256,0.085,0.085,0.273,0.3,0.258,0.234,0.085,0.085,0.086,0.086,0.087,0.269,0.088,0.084,0.3,0.259,0.153,0.259,0.084,0.085,0.086,0.086,0.086,0.287,0.087,0.082,0.296,0.244,0.157,0.211,0.086,0.085,0.084,0.085,0.085,0.251,0.084,0.084,0.093,0.082,0.084,0.084,0.084,0.084,0.084,0.085,0.083,0.083,0.084
25:44:10,30.1,0.091,0.085,0.087,0.085,0.085,0.085,0.086,0.085,0.085,0.084,0.085,0.083,0.083,0.321,0.338,0.21,0.264,0.257,0.084,0.083,0.083,0.083,0.084,0.083,0.085,0.281,0.235,0.196,0.186,0.084,0.084,0.086,0.085,0.086,0.265,0.085,0.084,0.197,0.244,0.246,0.281,0.085,0.085,0.085,0.086,0.087,0.256,0.085,0.085,0.273,0.302,0.258,0.235,0.085,0.085,0.086,0.086,0.087,0.268,0.088,0.084,0.301,0.261,0.154,0.261,0.084,0.085,0.086,0.086,0.087,0.288,0.086,0.082,0.296,0.246,0.158,0.212,0.086,0.085,0.085,0.085,0.085,0.25,0.084,0.086,0.095,0.082,0.084,0.084,0.084,0.084,0.084,0.085,0.083,0.083,0.084
25:59:10,30.1,0.091,0.085,0.087,0.085,0.085,0.085,0.086,0.085,0.085,0.084,0.085,0.083,0.083,0.321,0.34,0.21,0.264,0.257,0.084,0.083,0.083,0.083,0.084,0.083,0.085,0.282,0.236,0.198,0.188,0.084,0.084,0.086,0.085,0.086,0.266,0.085,0.084,0.198,0.244,0.249,0.283,0.085,0.084,0.085,0.086,0.086,0.257,0.085,0.085,0.272,0.302,0.26,0.237,0.086,0.085,0.086,0.085,0.087,0.268,0.088,0.084,0.301,0.262,0.156,0.263,0.084,0.085,0.086,0.086,0.087,0.286,0.086,0.082,0.299,0.247,0.16,0.215,0.086,0.085,0.085,0.085,0.086,0.251,0.084,0.087,0.093,0.082,0.084,0.084,0.084,0.083,0.084,0.085,0.083,0.083,0.084
26:14:10,30.1,0.091,0.085,0.087,0.085,0.085,0.085,0.086,0.085,0.085,0.084,0.085,0.083,0.083,0.323,0.341,0.21,0.265,0.259,0.084,0.083,0.083,0.083,0.084,0.083,0.085,0.285,0.237,0.202,0.191,0.084,0.084,0.086,0.085,0.086,0.267,0.085,0.084,0.201,0.247,0.252,0.286,0.085,0.084,0.085,0.086,0.086,0.259,0.085,0.085,0.276,0.306,0.263,0.239,0.085,0.085,0.086,0.085,0.087,0.272,0.088,0.084,0.303,0.265,0.158,0.263,0.084,0.085,0.086,0.086,0.087,0.29,0.086,0.082,0.301,0.249,0.162,0.218,0.086,0.085,0.085,0.085,0.085,0.25,0.084,0.086,0.095,0.082,0.084,0.084,0.084,0.083,0.084,0.085,0.083,0.083,0.084
26:29:10,30,0.091,0.085,0.087,0.085,0.085,0.085,0.086,0.085,0.085,0.084,0.085,0.083,0.083,0.324,0.342,0.211,0.266,0.261,0.084,0.083,0.083,0.082,0.084,0.083,0.085,0.287,0.238,0.205,0.194,0.084,0.084,0.086,0.086,0.086,0.27,0.085,0.084,0.203,0.249,0.255,0.288,0.085,0.085,0.085,0.086,0.086,0.26,0.085,0.085,0.278,0.309,0.265,0.242,0.086,0.085,0.086,0.086,0.087,0.274,0.088,0.084,0.306,0.268,0.16,0.263,0.084,0.085,0.086,0.086,0.087,0.292,0.086,0.082,0.303,0.25,0.165,0.221,0.086,0.085,0.085,0.085,0.085,0.253,0.084,0.087,0.095,0.082,0.084,0.084,0.084,0.083,0.084,0.085,0.083,0.083,0.084
26:44:10,30.1,0.091,0.085,0.087,0.085,0.085,0.085,0.086,0.085,0.085,0.084,0.085,0.083,0.083,0.325,0.344,0.212,0.267,0.261,0.084,0.083,0.083,0.082,0.084,0.083,0.085,0.29,0.24,0.208,0.196,0.084,0.084,0.086,0.085,0.085,0.272,0.085,0.084,0.206,0.25,0.258,0.29,0.084,0.084,0.085,0.086,0.086,0.261,0.085,0.085,0.281,0.31,0.267,0.245,0.086,0.085,0.086,0.086,0.087,0.275,0.088,0.084,0.308,0.272,0.163,0.264,0.084,0.085,0.086,0.086,0.087,0.294,0.086,0.082,0.304,0.249,0.167,0.225,0.086,0.085,0.085,0.085,0.085,0.255,0.084,0.086,0.093,0.082,0.084,0.084,0.084,0.083,0.084,0.085,0.083,0.083,0.084
26:59:10,30.1,0.091,0.085,0.087,0.085,0.085,0.085,0.086,0.085,0.085,0.084,0.085,0.083,0.083,0.327,0.346,0.214,0.269,0.264,0.084,0.083,0.083,0.082,0.084,0.083,0.085,0.291,0.242,0.211,0.199,0.084,0.084,0.086,0.085,0.086,0.274,0.085,0.084,0.208,0.252,0.261,0.293,0.085,0.084,0.085,0.086,0.086,0.265,0.085,0.085,0.282,0.314,0.271,0.248,0.086,0.085,0.086,0.086,0.087,0.277,0.088,0.084,0.31,0.274,0.165,0.268,0.084,0.085,0.086,0.086,0.087,0.296,0.086,0.082,0.306,0.251,0.17,0.227,0.086,0.085,0.085,0.085,0.085,0.256,0.084,0.085,0.093,0.082,0.084,0.084,0.084,0.083,0.084,0.085,0.083,0.083,0.084
27:14:10,30.1,0.091,0.085,0.087,0.085,0.085,0.085,0.086,0.085,0.085,0.084,0.085,0.083,0.083,0.328,0.347,0.214,0.269,0.265,0.084,0.083,0.083,0.082,0.084,0.083,0.085,0.293,0.242,0.214,0.202,0.084,0.085,0.086,0.085,0.085,0.274,0.085,0.084,0.209,0.254,0.264,0.295,0.085,0.084,0.085,0.086,0.086,0.266,0.085,0.085,0.282,0.315,0.273,0.251,0.086,0.085,0.086,0.085,0.087,0.279,0.088,0.085,0.313,0.276,0.167,0.27,0.084,0.085,0.086,0.086,0.087,0.298,0.086,0.082,0.308,0.252,0.173,0.23,0.086,0.085,0.084,0.086,0.085,0.256,0.084,0.085,0.092,0.082,0.084,0.084,0.084,0.083,0.084,0.085,0.083,0.083,0.084
27:29:10,30.1,0.091,0.085,0.087,0.085,0.084,0.085,0.086,0.085,0.084,0.084,0.085,0.083,0.083,0.329,0.348,0.213,0.27,0.266,0.084,0.083,0.083,0.082,0.084,0.083,0.085,0.296,0.245,0.217,0.203,0.084,0.084,0.086,0.086,0.085,0.276,0.085,0.084,0.212,0.256,0.266,0.297,0.085,0.084,0.085,0.086,0.087,0.267,0.085,0.085,0.285,0.317,0.277,0.253,0.086,0.085,0.086,0.086,0.087,0.28,0.088,0.085,0.315,0.279,0.169,0.273,0.084,0.085,0.086,0.086,0.087,0.299,0.086,0.082,0.31,0.253,0.175,0.233,0.086,0.085,0.085,0.085,0.086,0.259,0.084,0.088,0.093,0.082,0.084,0.084,0.084,0.083,0.084,0.085,0.083,0.083,0.084
27:44:10,30,0.091,0.085,0.087,0.085,0.085,0.085,0.086,0.085,0.085,0.084,0.085,0.083,0.083,0.33,0.349,0.212,0.269,0.265,0.084,0.083,0.083,0.082,0.084,0.083,0.085,0.297,0.244,0.218,0.206,0.084,0.084,0.086,0.085,0.086,0.273,0.085,0.084,0.213,0.257,0.27,0.3,0.085,0.084,0.085,0.086,0.087,0.266,0.085,0.085,0.287,0.317,0.277,0.255,0.085,0.085,0.086,0.085,0.087,0.28,0.088,0.086,0.318,0.28,0.17,0.276,0.084,0.085,0.086,0.086,0.087,0.299,0.086,0.082,0.313,0.259,0.177,0.237,0.086,0.085,0.085,0.085,0.086,0.259,0.084,0.085,0.094,0.082,0.084,0.084,0.084,0.083,0.084,0.085,0.083,0.083,0.084
27:59:10,30.1,0.091,0.085,0.087,0.085,0.085,0.085,0.086,0.085,0.085,0.084,0.085,0.083,0.083,0.33,0.349,0.212,0.269,0.264,0.084,0.083,0.083,0.083,0.084,0.083,0.085,0.297,0.245,0.22,0.209,0.084,0.085,0.086,0.085,0.087,0.273,0.085,0.084,0.214,0.257,0.273,0.303,0.085,0.084,0.085,0.086,0.087,0.266,0.085,0.085,0.282,0.318,0.279,0.256,0.086,0.085,0.086,0.086,0.087,0.281,0.088,0.085,0.322,0.281,0.172,0.279,0.084,0.085,0.086,0.086,0.087,0.298,0.086,0.082,0.315,0.258,0.179,0.24,0.086,0.085,0.085,0.086,0.086,0.259,0.084,0.084,0.093,0.083,0.084,0.084,0.084,0.084,0.084,0.085,0.083,0.083,0.084
28:14:10,30,0.091,0.085,0.087,0.085,0.085,0.085,0.086,0.085,0.085,0.084,0.085,0.083,0.083,0.329,0.351,0.213,0.27,0.265,0.084,0.083,0.083,0.083,0.084,0.083,0.085,0.298,0.245,0.223,0.211,0.084,0.084,0.086,0.086,0.087,0.274,0.085,0.084,0.217,0.259,0.274,0.306,0.085,0.085,0.085,0.086,0.087,0.265,0.085,0.085,0.283,0.319,0.281,0.258,0.085,0.085,0.086,0.085,0.087,0.281,0.088,0.086,0.324,0.284,0.175,0.283,0.084,0.085,0.086,0.086,0.087,0.297,0.086,0.082,0.317,0.26,0.183,0.242,0.086,0.085,0.085,0.085,0.086,0.258,0.084,0.084,0.093,0.082,0.084,0.084,0.084,0.083,0.084,0.085,0.083,0.083,0.084
28:29:10,30,0.091,0.085,0.087,0.085,0.085,0.085,0.086,0.085,0.085,0.084,0.085,0.083,0.083,0.331,0.352,0.213,0.271,0.266,0.084,0.083,0.083,0.082,0.084,0.083,0.085,0.301,0.247,0.228,0.214,0.084,0.084,0.086,0.085,0.087,0.275,0.085,0.084,0.22,0.26,0.277,0.308,0.085,0.084,0.085,0.086,0.087,0.265,0.085,0.085,0.285,0.322,0.283,0.262,0.085,0.085,0.086,0.086,0.087,0.283,0.088,0.086,0.328,0.288,0.177,0.284,0.084,0.085,0.086,0.086,0.087,0.3,0.086,0.083,0.32,0.261,0.185,0.244,0.086,0.085,0.085,0.086,0.086,0.258,0.084,0.086,0.093,0.082,0.084,0.084,0.084,0.083,0.084,0.085,0.083,0.083,0.084
28:44:10,30.1,0.091,0.085,0.087,0.085,0.085,0.085,0.086,0.085,0.085,0.084,0.085,0.083,0.083,0.332,0.354,0.215,0.271,0.268,0.084,0.083,0.083,0.082,0.084,0.083,0.085,0.302,0.248,0.23,0.217,0.084,0.084,0.086,0.085,0.087,0.277,0.085,0.084,0.223,0.264,0.28,0.311,0.085,0.085,0.085,0.086,0.087,0.268,0.085,0.085,0.285,0.323,0.285,0.264,0.085,0.085,0.086,0.085,0.087,0.285,0.088,0.087,0.33,0.29,0.18,0.288,0.084,0.085,0.086,0.086,0.087,0.302,0.086,0.082,0.323,0.262,0.187,0.246,0.086,0.085,0.085,0.085,0.086,0.261,0.084,0.087,0.094,0.082,0.084,0.084,0.084,0.083,0.084,0.085,0.083,0.083,0.084
28:59:10,30.1,0.091,0.085,0.087,0.085,0.084,0.085,0.086,0.085,0.085,0.084,0.085,0.083,0.083,0.334,0.355,0.216,0.273,0.269,0.084,0.083,0.083,0.082,0.084,0.083,0.085,0.304,0.25,0.233,0.219,0.084,0.084,0.086,0.085,0.087,0.278,0.085,0.084,0.225,0.264,0.283,0.314,0.085,0.084,0.085,0.086,0.087,0.27,0.085,0.085,0.285,0.325,0.287,0.268,0.086,0.085,0.086,0.086,0.087,0.285,0.088,0.087,0.333,0.292,0.182,0.291,0.084,0.085,0.086,0.086,0.087,0.303,0.086,0.082,0.327,0.259,0.191,0.249,0.086,0.085,0.085,0.085,0.086,0.262,0.084,0.084,0.093,0.082,0.084,0.084,0.084,0.083,0.084,0.085,0.083,0.083,0.084
29:14:10,30.1,0.091,0.085,0.087,0.085,0.085,0.085,0.086,0.085,0.085,0.084,0.085,0.083,0.083,0.335,0.356,0.216,0.273,0.27,0.084,0.083,0.083,0.083,0.084,0.083,0.085,0.307,0.252,0.236,0.221,0.084,0.084,0.086,0.085,0.087,0.279,0.085,0.084,0.227,0.266,0.286,0.316,0.085,0.084,0.085,0.086,0.087,0.272,0.085,0.085,0.287,0.327,0.292,0.271,0.085,0.085,0.086,0.086,0.087,0.289,0.088,0.088,0.337,0.295,0.183,0.295,0.084,0.085,0.086,0.086,0.087,0.306,0.086,0.083,0.33,0.261,0.193,0.251,0.086,0.085,0.085,0.085,0.086,0.26,0.084,0.089,0.094,0.082,0.084,0.084,0.084,0.084,0.084,0.085,0.083,0.083,0.084
29:29:10,30.1,0.091,0.085,0.087,0.085,0.084,0.085,0.086,0.085,0.084,0.084,0.085,0.083,0.083,0.337,0.357,0.217,0.274,0.271,0.084,0.083,0.083,0.082,0.084,0.083,0.085,0.31,0.253,0.238,0.224,0.084,0.084,0.086,0.085,0.087,0.281,0.085,0.084,0.23,0.269,0.289,0.319,0.085,0.084,0.085,0.086,0.087,0.274,0.085,0.085,0.29,0.328,0.293,0.273,0.086,0.085,0.086,0.086,0.087,0.29,0.088,0.088,0.341,0.298,0.186,0.298,0.084,0.085,0.086,0.086,0.087,0.305,0.086,0.082,0.333,0.262,0.196,0.253,0.086,0.085,0.084,0.086,0.086,0.261,0.084,0.088,0.092,0.082,0.084,0.084,0.084,0.083,0.084,0.085,0.083,0.083,0.084
29:44:10,30.1,0.091,0.085,0.087,0.085,0.085,0.085,0.086,0.085,0.085,0.084,0.085,0.083,0.083,0.336,0.358,0.215,0.274,0.271,0.084,0.083,0.083,0.083,0.084,0.083,0.085,0.31,0.254,0.241,0.227,0.084,0.084,0.086,0.085,0.087,0.281,0.085,0.084,0.23,0.271,0.292,0.322,0.085,0.085,0.085,0.086,0.087,0.271,0.085,0.085,0.291,0.331,0.295,0.275,0.086,0.085,0.086,0.086,0.088,0.29,0.088,0.089,0.346,0.299,0.187,0.3,0.084,0.085,0.086,0.086,0.088,0.306,0.086,0.082,0.338,0.264,0.197,0.257,0.086,0.085,0.085,0.086,0.086,0.263,0.084,0.084,0.095,0.082,0.084,0.084,0.084,0.084,0.084,0.085,0.083,0.083,0.084
29:59:10,30,0.091,0.085,0.087,0.085,0.085,0.085,0.086,0.085,0.085,0.084,0.085,0.083,0.083,0.336,0.358,0.215,0.274,0.269,0.084,0.083,0.083,0.083,0.084,0.083,0.085,0.312,0.254,0.242,0.229,0.084,0.085,0.086,0.085,0.087,0.279,0.085,0.084,0.231,0.272,0.295,0.325,0.085,0.084,0.085,0.086,0.088,0.272,0.085,0.085,0.293,0.331,0.295,0.276,0.086,0.085,0.086,0.086,0.088,0.288,0.088,0.088,0.35,0.301,0.189,0.302,0.084,0.085,0.086,0.086,0.088,0.305,0.086,0.083,0.342,0.269,0.198,0.261,0.086,0.085,0.085,0.086,0.086,0.263,0.084,0.085,0.094,0.082,0.084,0.084,0.084,0.084,0.084,0.085,0.083,0.083,0.084
30:14:10,30,0.091,0.085,0.087,0.085,0.085,0.085,0.086,0.085,0.085,0.084,0.085,0.083,0.083,0.336,0.359,0.215,0.274,0.27,0.084,0.083,0.083,0.083,0.084,0.083,0.085,0.316,0.257,0.243,0.231,0.084,0.084,0.086,0.085,0.087,0.278,0.085,0.084,0.233,0.272,0.296,0.327,0.085,0.085,0.085,0.086,0.088,0.273,0.085,0.085,0.295,0.334,0.296,0.279,0.085,0.085,0.086,0.086,0.088,0.29,0.088,0.088,0.356,0.301,0.191,0.304,0.084,0.085,0.086,0.086,0.088,0.305,0.086,0.082,0.347,0.272,0.2,0.262,0.086,0.085,0.085,0.085,0.086,0.261,0.084,0.086,0.093,0.082,0.084,0.084,0.084,0.083,0.084,0.085,0.083,0.083,0.084
30:29:10,30,0.091,0.085,0.087,0.085,0.084,0.085,0.086,0.085,0.085,0.084,0.085,0.083,0.083,0.337,0.36,0.216,0.274,0.27,0.084,0.083,0.083,0.083,0.084,0.083,0.085,0.319,0.258,0.247,0.232,0.085,0.084,0.086,0.086,0.087,0.28,0.085,0.084,0.235,0.275,0.298,0.329,0.085,0.085,0.085,0.086,0.088,0.274,0.085,0.085,0.295,0.336,0.3,0.282,0.086,0.085,0.086,0.086,0.088,0.292,0.088,0.088,0.361,0.305,0.194,0.308,0.084,0.085,0.086,0.086,0.088,0.306,0.086,0.082,0.35,0.273,0.202,0.264,0.086,0.085,0.085,0.085,0.087,0.261,0.084,0.084,0.095,0.082,0.084,0.084,0.084,0.083,0.084,0.085,0.083,0.083,0.084
30:44:10,30,0.091,0.085,0.087,0.085,0.085,0.085,0.086,0.085,0.084,0.084,0.085,0.083,0.083,0.338,0.361,0.216,0.274,0.272,0.084,0.083,0.083,0.082,0.084,0.083,0.085,0.321,0.26,0.248,0.235,0.084,0.084,0.086,0.085,0.087,0.281,0.085,0.084,0.237,0.278,0.301,0.332,0.085,0.085,0.085,0.086,0.088,0.274,0.085,0.085,0.296,0.339,0.301,0.285,0.085,0.085,0.086,0.086,0.088,0.293,0.088,0.087,0.365,0.308,0.196,0.31,0.084,0.085,0.086,0.086,0.088,0.308,0.086,0.082,0.353,0.275,0.205,0.266,0.086,0.085,0.085,0.086,0.087,0.262,0.084,0.084,0.093,0.082,0.084,0.084,0.084,0.083,0.084,0.085,0.083,0.083,0.084
30:59:10,30.1,0.091,0.085,0.087,0.085,0.084,0.085,0.086,0.085,0.085,0.084,0.085,0.083,0.083,0.341,0.362,0.215,0.276,0.273,0.084,0.083,0.083,0.082,0.084,0.083,0.085,0.329,0.262,0.251,0.236,0.084,0.084,0.086,0.085,0.087,0.279,0.085,0.084,0.239,0.28,0.304,0.335,0.085,0.084,0.085,0.086,0.088,0.276,0.085,0.085,0.3,0.341,0.302,0.288,0.086,0.085,0.086,0.086,0.088,0.294,0.088,0.088,0.372,0.313,0.199,0.313,0.084,0.085,0.086,0.086,0.088,0.309,0.086,0.083,0.357,0.276,0.207,0.268,0.086,0.085,0.085,0.085,0.087,0.264,0.084,0.084,0.095,0.082,0.084,0.084,0.084,0.083,0.084,0.085,0.083,0.083,0.084
31:14:10,30.1,0.091,0.085,0.087,0.085,0.085,0.085,0.086,0.085,0.085,0.084,0.085,0.083,0.083,0.342,0.363,0.218,0.276,0.274,0.084,0.083,0.083,0.082,0.084,0.083,0.085,0.331,0.264,0.254,0.239,0.084,0.084,0.086,0.085,0.087,0.282,0.085,0.084,0.241,0.283,0.306,0.337,0.084,0.084,0.085,0.086,0.088,0.278,0.085,0.085,0.304,0.344,0.303,0.292,0.085,0.085,0.086,0.086,0.088,0.295,0.088,0.087,0.378,0.318,0.202,0.317,0.084,0.085,0.086,0.086,0.088,0.309,0.086,0.082,0.363,0.278,0.211,0.269,0.086,0.085,0.085,0.085,0.086,0.265,0.084,0.085,0.095,0.082,0.084,0.084,0.084,0.083,0.084,0.085,0.083,0.083,0.084
31:29:10,30.1,0.091,0.085,0.087,0.085,0.085,0.085,0.086,0.085,0.084,0.084,0.085,0.083,0.083,0.343,0.364,0.219,0.277,0.276,0.084,0.083,0.083,0.082,0.084,0.083,0.085,0.334,0.267,0.255,0.241,0.084,0.084,0.086,0.085,0.087,0.283,0.085,0.084,0.243,0.283,0.309,0.34,0.085,0.084,0.085,0.086,0.088,0.278,0.085,0.085,0.308,0.348,0.302,0.293,0.086,0.085,0.086,0.086,0.088,0.296,0.088,0.088,0.383,0.321,0.204,0.318,0.084,0.085,0.086,0.086,0.088,0.314,0.086,0.082,0.368,0.281,0.213,0.272,0.086,0.085,0.085,0.085,0.086,0.265,0.084,0.087,0.095,0.082,0.084,0.084,0.084,0.083,0.084,0.085,0.083,0.083,0.084
31:44:10,30.1,0.091,0.085,0.087,0.085,0.085,0.085,0.086,0.085,0.084,0.084,0.085,0.083,0.083,0.342,0.365,0.219,0.277,0.276,0.084,0.083,0.083,0.082,0.084,0.083,0.085,0.336,0.269,0.258,0.243,0.084,0.084,0.086,0.086,0.087,0.283,0.085,0.084,0.244,0.288,0.311,0.341,0.085,0.085,0.085,0.086,0.088,0.28,0.085,0.085,0.312,0.351,0.305,0.295,0.086,0.085,0.086,0.086,0.088,0.297,0.088,0.087,0.387,0.325,0.206,0.321,0.084,0.085,0.086,0.086,0.088,0.313,0.086,0.082,0.374,0.283,0.217,0.273,0.086,0.085,0.085,0.085,0.087,0.264,0.084,0.085,0.095,0.082,0.084,0.084,0.084,0.084,0.084,0.085,0.083,0.083,0.084
31:59:10,30.1,0.091,0.085,0.087,0.085,0.085,0.085,0.086,0.085,0.085,0.084,0.085,0.083,0.083,0.342,0.365,0.219,0.276,0.276,0.084,0.083,0.083,0.082,0.084,0.083,0.085,0.34,0.27,0.261,0.244,0.084,0.084,0.086,0.086,0.087,0.281,0.085,0.084,0.247,0.29,0.313,0.344,0.085,0.085,0.085,0.086,0.088,0.28,0.085,0.085,0.316,0.354,0.306,0.296,0.086,0.085,0.086,0.086,0.088,0.296,0.088,0.088,0.39,0.329,0.208,0.325,0.084,0.085,0.086,0.086,0.088,0.313,0.086,0.082,0.379,0.283,0.219,0.275,0.086,0.085,0.085,0.085,0.086,0.265,0.084,0.084,0.095,0.082,0.084,0.084,0.084,0.083,0.084,0.085,0.083,0.083,0.084
32:14:10,30.1,0.091,0.085,0.087,0.085,0.085,0.085,0.086,0.085,0.084,0.084,0.085,0.083,0.083,0.343,0.366,0.219,0.276,0.276,0.084,0.083,0.083,0.082,0.084,0.085,0.085,0.341,0.274,0.261,0.246,0.084,0.084,0.086,0.085,0.087,0.285,0.085,0.084,0.249,0.291,0.315,0.346,0.085,0.084,0.085,0.086,0.088,0.282,0.085,0.085,0.325,0.357,0.306,0.299,0.085,0.085,0.086,0.086,0.088,0.299,0.088,0.088,0.395,0.332,0.21,0.326,0.084,0.085,0.086,0.086,0.088,0.315,0.086,0.082,0.385,0.289,0.222,0.277,0.086,0.085,0.085,0.085,0.086,0.262,0.084,0.087,0.095,0.082,0.084,0.084,0.084,0.083,0.084,0.085,0.083,0.083,0.084
32:29:10,30.1,0.091,0.085,0.087,0.085,0.084,0.085,0.086,0.085,0.085,0.084,0.085,0.083,0.083,0.343,0.367,0.218,0.277,0.275,0.084,0.083,0.083,0.082,0.084,0.085,0.085,0.344,0.276,0.263,0.248,0.084,0.084,0.086,0.085,0.087,0.284,0.084,0.084,0.251,0.295,0.316,0.349,0.085,0.084,0.085,0.086,0.088,0.283,0.085,0.085,0.332,0.36,0.306,0.301,0.085,0.085,0.086,0.086,0.088,0.299,0.088,0.089,0.398,0.338,0.212,0.328,0.084,0.085,0.086,0.086,0.088,0.315,0.086,0.082,0.389,0.293,0.223,0.28,0.086,0.085,0.085,0.085,0.086,0.256,0.084,0.087,0.095,0.082,0.084,0.084,0.084,0.083,0.084,0.085,0.083,0.083,0.084
32:44:10,30.1,0.091,0.085,0.087,0.085,0.085,0.085,0.086,0.085,0.085,0.084,0.085,0.083,0.083,0.343,0.367,0.218,0.277,0.276,0.084,0.083,0.083,0.082,0.084,0.084,0.085,0.346,0.278,0.265,0.249,0.084,0.084,0.086,0.086,0.087,0.282,0.085,0.084,0.252,0.299,0.318,0.351,0.085,0.084,0.085,0.086,0.088,0.284,0.085,0.085,0.337,0.365,0.308,0.301,0.086,0.085,0.086,0.086,0.088,0.3,0.088,0.088,0.402,0.342,0.214,0.33,0.084,0.085,0.086,0.086,0.088,0.314,0.086,0.082,0.393,0.295,0.225,0.282,0.086,0.085,0.085,0.085,0.086,0.256,0.084,0.086,0.094,0.082,0.084,0.084,0.084,0.083,0.084,0.085,0.083,0.083,0.084
32:59:10,30.1,0.091,0.085,0.087,0.085,0.084,0.085,0.086,0.085,0.085,0.084,0.085,0.083,0.083,0.343,0.368,0.217,0.276,0.276,0.084,0.083,0.083,0.082,0.084,0.083,0.085,0.349,0.281,0.265,0.251,0.084,0.084,0.086,0.086,0.087,0.284,0.085,0.084,0.253,0.302,0.319,0.354,0.085,0.085,0.085,0.086,0.088,0.284,0.085,0.085,0.343,0.368,0.309,0.304,0.085,0.085,0.086,0.086,0.088,0.301,0.088,0.088,0.405,0.345,0.216,0.332,0.084,0.085,0.086,0.086,0.088,0.317,0.086,0.082,0.399,0.299,0.228,0.283,0.086,0.085,0.085,0.086,0.086,0.257,0.084,0.084,0.094,0.082,0.084,0.084,0.084,0.083,0.084,0.085,0.083,0.083,0.084
33:14:10,30.1,0.091,0.085,0.087,0.085,0.084,0.085,0.086,0.085,0.085,0.084,0.085,0.083,0.083,0.343,0.369,0.218,0.276,0.277,0.084,0.083,0.083,0.082,0.084,0.084,0.085,0.35,0.283,0.266,0.253,0.084,0.084,0.086,0.086,0.087,0.284,0.085,0.084,0.255,0.307,0.321,0.357,0.085,0.085,0.085,0.086,0.088,0.284,0.085,0.085,0.348,0.372,0.311,0.306,0.086,0.085,0.086,0.086,0.088,0.3,0.088,0.089,0.408,0.349,0.218,0.334,0.084,0.085,0.086,0.086,0.088,0.313,0.086,0.082,0.404,0.302,0.23,0.285,0.086,0.085,0.085,0.085,0.086,0.256,0.084,0.088,0.095,0.082,0.084,0.084,0.084,0.084,0.084,0.085,0.083,0.083,0.084
33:29:10,30.1,0.091,0.085,0.087,0.085,0.084,0.085,0.086,0.085,0.085,0.084,0.085,0.083,0.083,0.344,0.369,0.218,0.276,0.276,0.084,0.083,0.083,0.082,0.084,0.085,0.085,0.353,0.285,0.267,0.254,0.084,0.084,0.086,0.086,0.087,0.284,0.084,0.084,0.256,0.31,0.323,0.359,0.085,0.085,0.085,0.086,0.088,0.286,0.085,0.085,0.351,0.375,0.311,0.307,0.086,0.085,0.086,0.086,0.088,0.303,0.088,0.089,0.411,0.353,0.22,0.336,0.084,0.085,0.086,0.086,0.088,0.316,0.086,0.082,0.41,0.307,0.233,0.287,0.086,0.085,0.085,0.085,0.086,0.257,0.084,0.088,0.095,0.082,0.084,0.084,0.084,0.084,0.084,0.085,0.083,0.083,0.084
33:44:10,30,0.091,0.085,0.087,0.085,0.084,0.085,0.086,0.085,0.085,0.084,0.085,0.083,0.083,0.344,0.369,0.217,0.276,0.276,0.084,0.083,0.083,0.082,0.084,0.083,0.085,0.356,0.286,0.268,0.256,0.084,0.084,0.086,0.085,0.087,0.281,0.084,0.084,0.258,0.317,0.324,0.361,0.085,0.085,0.085,0.086,0.088,0.283,0.085,0.085,0.354,0.377,0.313,0.308,0.086,0.085,0.086,0.086,0.088,0.302,0.088,0.089,0.415,0.357,0.222,0.338,0.084,0.085,0.086,0.086,0.088,0.317,0.086,0.082,0.414,0.307,0.234,0.289,0.086,0.085,0.085,0.085,0.086,0.259,0.084,0.084,0.095,0.082,0.084,0.084,0.084,0.083,0.084,0.085,0.083,0.083,0.084
33:59:10,30,0.091,0.085,0.087,0.085,0.084,0.085,0.086,0.085,0.085,0.084,0.085,0.083,0.083,0.344,0.371,0.217,0.276,0.277,0.084,0.083,0.083,0.082,0.084,0.085,0.085,0.359,0.289,0.27,0.256,0.084,0.084,0.086,0.086,0.087,0.283,0.085,0.084,0.259,0.32,0.325,0.362,0.085,0.085,0.085,0.086,0.088,0.286,0.085,0.085,0.359,0.38,0.316,0.311,0.085,0.085,0.086,0.086,0.088,0.302,0.088,0.089,0.418,0.359,0.224,0.339,0.084,0.085,0.086,0.086,0.088,0.317,0.086,0.082,0.417,0.311,0.237,0.292,0.086,0.085,0.085,0.085,0.086,0.258,0.084,0.084,0.094,0.082,0.084,0.084,0.084,0.084,0.084,0.085,0.083,0.083,0.084
34:14:10,30,0.091,0.085,0.087,0.085,0.085,0.085,0.086,0.085,0.085,0.084,0.085,0.083,0.083,0.345,0.371,0.217,0.276,0.277,0.084,0.083,0.083,0.082,0.084,0.085,0.085,0.362,0.292,0.271,0.258,0.085,0.084,0.086,0.086,0.087,0.283,0.085,0.084,0.259,0.322,0.327,0.365,0.085,0.085,0.085,0.086,0.088,0.286,0.085,0.085,0.363,0.382,0.316,0.311,0.086,0.085,0.086,0.086,0.089,0.304,0.088,0.088,0.421,0.363,0.225,0.341,0.084,0.085,0.086,0.086,0.088,0.319,0.086,0.082,0.422,0.312,0.24,0.292,0.086,0.085,0.085,0.085,0.086,0.258,0.084,0.088,0.094,0.082,0.084,0.084,0.084,0.084,0.084,0.085,0.083,0.083,0.084
34:29:10,30,0.091,0.085,0.087,0.085,0.084,0.085,0.086,0.085,0.084,0.084,0.085,0.083,0.083,0.344,0.372,0.216,0.276,0.277,0.084,0.083,0.083,0.082,0.084,0.084,0.085,0.363,0.293,0.271,0.259,0.084,0.084,0.086,0.085,0.087,0.282,0.084,0.084,0.261,0.326,0.328,0.366,0.085,0.084,0.085,0.086,0.088,0.287,0.085,0.085,0.369,0.384,0.318,0.313,0.085,0.085,0.086,0.086,0.089,0.303,0.088,0.089,0.423,0.366,0.225,0.343,0.084,0.085,0.086,0.086,0.088,0.318,0.086,0.082,0.425,0.317,0.242,0.294,0.086,0.085,0.085,0.085,0.086,0.258,0.084,0.084,0.095,0.082,0.084,0.084,0.084,0.083,0.084,0.085,0.083,0.083,0.084
34:44:10,30,0.091,0.085,0.087,0.085,0.084,0.085,0.086,0.085,0.085,0.084,0.085,0.083,0.083,0.344,0.372,0.216,0.275,0.277,0.084,0.083,0.083,0.082,0.084,0.084,0.085,0.365,0.295,0.271,0.26,0.084,0.085,0.086,0.086,0.088,0.283,0.085,0.084,0.261,0.327,0.329,0.367,0.085,0.084,0.085,0.086,0.088,0.288,0.085,0.085,0.371,0.386,0.319,0.315,0.086,0.085,0.086,0.086,0.089,0.304,0.088,0.088,0.424,0.368,0.227,0.344,0.084,0.085,0.086,0.086,0.088,0.319,0.086,0.082,0.428,0.32,0.245,0.296,0.086,0.085,0.084,0.085,0.086,0.257,0.084,0.084,0.095,0.082,0.084,0.084,0.084,0.083,0.084,0.085,0.083,0.083,0.084
34:59:10,30,0.091,0.085,0.087,0.085,0.085,0.085,0.086,0.085,0.085,0.084,0.085,0.083,0.083,0.346,0.373,0.216,0.276,0.277,0.084,0.083,0.083,0.082,0.084,0.085,0.085,0.367,0.298,0.275,0.262,0.084,0.085,0.086,0.085,0.088,0.283,0.084,0.084,0.262,0.331,0.331,0.37,0.085,0.085,0.085,0.086,0.088,0.287,0.085,0.085,0.375,0.388,0.32,0.316,0.085,0.085,0.086,0.086,0.089,0.303,0.088,0.089,0.427,0.372,0.229,0.346,0.084,0.085,0.086,0.086,0.088,0.318,0.086,0.082,0.432,0.323,0.246,0.298,0.086,0.085,0.085,0.086,0.086,0.257,0.084,0.084,0.095,0.082,0.084,0.084,0.084,0.083,0.084,0.085,0.083,0.083,0.084
35:14:10,30,0.091,0.085,0.087,0.085,0.085,0.085,0.086,0.085,0.085,0.084,0.085,0.083,0.083,0.345,0.373,0.216,0.275,0.278,0.084,0.083,0.083,0.082,0.084,0.084,0.085,0.369,0.301,0.275,0.263,0.085,0.084,0.086,0.085,0.088,0.283,0.084,0.084,0.263,0.333,0.332,0.371,0.085,0.085,0.085,0.086,0.088,0.289,0.085,0.085,0.379,0.391,0.322,0.319,0.086,0.085,0.086,0.086,0.089,0.305,0.088,0.088,0.429,0.374,0.23,0.348,0.084,0.085,0.086,0.086,0.088,0.319,0.086,0.082,0.435,0.327,0.247,0.299,0.086,0.085,0.085,0.085,0.087,0.256,0.084,0.087,0.095,0.082,0.084,0.084,0.084,0.083,0.084,0.085,0.083,0.083,0.084
35:29:10,30,0.091,0.085,0.087,0.085,0.085,0.085,0.086,0.085,0.085,0.084,0.085,0.083,0.083,0.347,0.374,0.217,0.275,0.277,0.084,0.083,0.083,0.082,0.084,0.084,0.085,0.37,0.303,0.274,0.264,0.084,0.084,0.086,0.086,0.088,0.283,0.084,0.084,0.264,0.339,0.333,0.374,0.085,0.084,0.085,0.086,0.088,0.288,0.085,0.085,0.381,0.394,0.325,0.32,0.085,0.085,0.086,0.086,0.089,0.306,0.088,0.089,0.432,0.379,0.232,0.35,0.084,0.085,0.086,0.086,0.089,0.32,0.086,0.082,0.438,0.329,0.248,0.3,0.086,0.085,0.085,0.085,0.087,0.257,0.084,0.084,0.095,0.082,0.084,0.084,0.084,0.083,0.084,0.085,0.083,0.083,0.084
35:44:10,30,0.091,0.085,0.087,0.085,0.085,0.085,0.086,0.085,0.085,0.084,0.085,0.083,0.083,0.346,0.374,0.216,0.275,0.277,0.084,0.083,0.083,0.082,0.084,0.083,0.085,0.371,0.307,0.277,0.265,0.084,0.084,0.086,0.086,0.088,0.285,0.085,0.084,0.265,0.342,0.333,0.375,0.085,0.084,0.085,0.086,0.088,0.289,0.085,0.085,0.386,0.397,0.327,0.324,0.085,0.085,0.086,0.086,0.089,0.305,0.088,0.089,0.432,0.382,0.235,0.352,0.085,0.085,0.086,0.086,0.089,0.319,0.086,0.082,0.441,0.331,0.252,0.3,0.086,0.085,0.085,0.085,0.087,0.257,0.084,0.084,0.095,0.082,0.084,0.084,0.084,0.083,0.084,0.085,0.083,0.083,0.084
35:59:10,30.1,0.091,0.085,0.087,0.085,0.085,0.085,0.086,0.085,0.085,0.084,0.085,0.083,0.083,0.346,0.375,0.218,0.276,0.278,0.084,0.083,0.083,0.082,0.084,0.084,0.085,0.373,0.313,0.277,0.267,0.084,0.085,0.086,0.086,0.088,0.286,0.084,0.084,0.266,0.345,0.335,0.376,0.085,0.084,0.085,0.086,0.088,0.291,0.085,0.085,0.389,0.4,0.327,0.325,0.086,0.085,0.086,0.086,0.089,0.307,0.088,0.086,0.434,0.384,0.236,0.355,0.084,0.085,0.086,0.086,0.089,0.322,0.086,0.082,0.443,0.333,0.254,0.301,0.086,0.085,0.085,0.085,0.087,0.258,0.084,0.084,0.094,0.082,0.084,0.084,0.084,0.083,0.084,0.085,0.083,0.083,0.084
36:14:10,30.1,0.091,0.085,0.087,0.085,0.085,0.085,0.086,0.085,0.084,0.084,0.085,0.083,0.083,0.347,0.376,0.219,0.276,0.28,0.084,0.083,0.083,0.082,0.084,0.084,0.085,0.376,0.318,0.278,0.267,0.085,0.084,0.086,0.086,0.088,0.286,0.085,0.084,0.267,0.349,0.336,0.378,0.085,0.084,0.085,0.086,0.088,0.293,0.085,0.085,0.39,0.404,0.33,0.326,0.086,0.085,0.086,0.086,0.089,0.309,0.088,0.086,0.436,0.387,0.239,0.356,0.084,0.085,0.086,0.087,0.089,0.324,0.086,0.082,0.445,0.336,0.258,0.301,0.086,0.085,0.085,0.086,0.087,0.259,0.084,0.084,0.094,0.082,0.084,0.084,0.084,0.083,0.084,0.085,0.083,0.083,0.084
36:29:10,30.1,0.091,0.085,0.087,0.085,0.084,0.085,0.086,0.085,0.084,0.084,0.085,0.083,0.083,0.349,0.376,0.218,0.276,0.28,0.084,0.083,0.083,0.082,0.084,0.084,0.085,0.379,0.32,0.28,0.269,0.085,0.084,0.086,0.086,0.088,0.286,0.084,0.084,0.268,0.351,0.337,0.379,0.085,0.084,0.085,0.086,0.088,0.293,0.085,0.085,0.392,0.405,0.334,0.33,0.086,0.085,0.086,0.086,0.089,0.311,0.088,0.085,0.437,0.389,0.241,0.358,0.084,0.085,0.086,0.086,0.089,0.326,0.086,0.082,0.447,0.338,0.259,0.304,0.086,0.085,0.085,0.086,0.087,0.259,0.084,0.084,0.094,0.082,0.084,0.084,0.084,0.083,0.083,0.085,0.083,0.083,0.084
36:44:10,30.1,0.091,0.085,0.087,0.085,0.085,0.085,0.086,0.085,0.085,0.084,0.085,0.083,0.083,0.348,0.376,0.217,0.276,0.278,0.084,0.083,0.083,0.082,0.084,0.084,0.085,0.379,0.32,0.281,0.271,0.084,0.085,0.086,0.085,0.088,0.285,0.085,0.084,0.268,0.352,0.338,0.382,0.085,0.085,0.085,0.086,0.088,0.288,0.085,0.085,0.393,0.407,0.334,0.331,0.085,0.085,0.086,0.086,0.089,0.311,0.088,0.087,0.44,0.389,0.241,0.36,0.084,0.085,0.086,0.086,0.089,0.322,0.086,0.082,0.45,0.342,0.26,0.307,0.086,0.085,0.085,0.085,0.087,0.261,0.084,0.084,0.095,0.082,0.084,0.084,0.084,0.083,0.084,0.085,0.083,0.083,0.084
36:59:10,30.1,0.091,0.085,0.087,0.085,0.085,0.085,0.086,0.085,0.085,0.084,0.085,0.083,0.083,0.347,0.376,0.216,0.275,0.277,0.084,0.083,0.083,0.082,0.084,0.084,0.085,0.379,0.323,0.28,0.272,0.085,0.085,0.086,0.085,0.088,0.281,0.084,0.084,0.268,0.354,0.339,0.384,0.085,0.084,0.085,0.086,0.088,0.289,0.085,0.085,0.394,0.408,0.333,0.33,0.086,0.085,0.086,0.086,0.089,0.309,0.088,0.085,0.442,0.39,0.244,0.361,0.084,0.085,0.086,0.086,0.089,0.322,0.086,0.082,0.452,0.346,0.259,0.31,0.086,0.085,0.085,0.085,0.087,0.259,0.084,0.084,0.095,0.082,0.084,0.084,0.084,0.083,0.084,0.085,0.083,0.083,0.084
37:14:10,30.1,0.091,0.085,0.087,0.085,0.085,0.085,0.086,0.085,0.085,0.084,0.085,0.083,0.083,0.345,0.377,0.216,0.274,0.276,0.084,0.083,0.083,0.083,0.084,0.084,0.085,0.381,0.327,0.281,0.273,0.085,0.085,0.086,0.086,0.088,0.28,0.084,0.084,0.269,0.357,0.339,0.386,0.085,0.085,0.085,0.086,0.088,0.287,0.085,0.085,0.398,0.412,0.333,0.331,0.085,0.085,0.086,0.086,0.089,0.308,0.088,0.087,0.445,0.394,0.245,0.36,0.084,0.085,0.086,0.086,0.089,0.323,0.086,0.082,0.454,0.347,0.262,0.311,0.086,0.085,0.085,0.085,0.087,0.259,0.084,0.084,0.095,0.082,0.084,0.084,0.084,0.083,0.084,0.085,0.083,0.083,0.084
37:29:10,30,0.091,0.085,0.087,0.085,0.085,0.085,0.086,0.085,0.085,0.084,0.085,0.083,0.083,0.346,0.377,0.215,0.274,0.277,0.084,0.083,0.083,0.082,0.084,0.084,0.085,0.383,0.331,0.282,0.274,0.085,0.084,0.086,0.086,0.088,0.282,0.084,0.084,0.27,0.362,0.341,0.387,0.085,0.084,0.085,0.086,0.089,0.29,0.085,0.085,0.401,0.415,0.334,0.334,0.086,0.085,0.086,0.086,0.089,0.308,0.088,0.087,0.445,0.396,0.246,0.362,0.086,0.085,0.086,0.086,0.089,0.322,0.086,0.082,0.456,0.348,0.265,0.311,0.086,0.085,0.085,0.085,0.087,0.258,0.084,0.084,0.095,0.082,0.084,0.084,0.084,0.083,0.084,0.085,0.083,0.083,0.084
37:44:10,30,0.091,0.085,0.087,0.085,0.085,0.085,0.086,0.085,0.085,0.084,0.085,0.083,0.083,0.347,0.378,0.217,0.275,0.279,0.084,0.083,0.083,0.082,0.084,0.084,0.085,0.385,0.334,0.282,0.275,0.085,0.085,0.086,0.086,0.088,0.283,0.084,0.084,0.27,0.365,0.342,0.388,0.085,0.085,0.085,0.086,0.089,0.293,0.085,0.085,0.402,0.418,0.338,0.336,0.086,0.085,0.086,0.086,0.089,0.311,0.088,0.085,0.447,0.4,0.247,0.365,0.085,0.085,0.086,0.086,0.089,0.325,0.086,0.083,0.458,0.35,0.267,0.311,0.086,0.085,0.085,0.085,0.087,0.259,0.084,0.084,0.094,0.082,0.084,0.084,0.084,0.083,0.084,0.085,0.083,0.083,0.084
37:59:10,30.1,0.091,0.085,0.087,0.085,0.085,0.085,0.086,0.085,0.085,0.084,0.085,0.083,0.083,0.349,0.379,0.216,0.275,0.279,0.084,0.083,0.083,0.082,0.084,0.084,0.085,0.387,0.336,0.283,0.277,0.085,0.084,0.086,0.086,0.088,0.284,0.084,0.084,0.271,0.368,0.343,0.39,0.085,0.085,0.085,0.086,0.089,0.293,0.085,0.085,0.405,0.421,0.339,0.339,0.086,0.085,0.086,0.086,0.089,0.311,0.088,0.085,0.449,0.401,0.249,0.366,0.084,0.085,0.086,0.086,0.089,0.323,0.086,0.083,0.461,0.351,0.27,0.311,0.086,0.085,0.085,0.085,0.087,0.261,0.084,0.084,0.093,0.082,0.084,0.084,0.084,0.083,0.084,0.085,0.083,0.083,0.084
38:14:10,30.1,0.091,0.085,0.087,0.085,0.085,0.085,0.086,0.085,0.085,0.084,0.085,0.083,0.083,0.349,0.379,0.218,0.276,0.28,0.084,0.083,0.083,0.082,0.084,0.084,0.085,0.389,0.34,0.285,0.277,0.085,0.085,0.086,0.086,0.088,0.286,0.085,0.084,0.272,0.372,0.344,0.391,0.085,0.084,0.085,0.086,0.089,0.296,0.085,0.085,0.405,0.424,0.341,0.34,0.086,0.085,0.086,0.086,0.089,0.312,0.088,0.085,0.448,0.404,0.251,0.367,0.084,0.085,0.086,0.086,0.089,0.326,0.086,0.082,0.462,0.353,0.272,0.313,0.086,0.085,0.084,0.086,0.087,0.26,0.084,0.084,0.094,0.082,0.084,0.084,0.084,0.083,0.084,0.085,0.083,0.083,0.084
38:29:10,30.1,0.091,0.085,0.087,0.085,0.085,0.085,0.086,0.085,0.084,0.084,0.085,0.083,0.083,0.349,0.38,0.218,0.275,0.28,0.084,0.083,0.083,0.083,0.084,0.084,0.085,0.39,0.343,0.286,0.279,0.085,0.085,0.086,0.086,0.088,0.286,0.085,0.084,0.272,0.374,0.345,0.392,0.085,0.084,0.085,0.086,0.089,0.297,0.085,0.085,0.407,0.428,0.344,0.343,0.086,0.085,0.086,0.086,0.089,0.315,0.088,0.084,0.451,0.407,0.254,0.369,0.084,0.085,0.086,0.087,0.089,0.327,0.086,0.082,0.463,0.355,0.272,0.314,0.086,0.086,0.085,0.086,0.088,0.261,0.084,0.084,0.094,0.082,0.084,0.084,0.084,0.083,0.084,0.085,0.083,0.083,0.084
38:44:10,30.2,0.091,0.085,0.087,0.085,0.085,0.085,0.086,0.085,0.084,0.084,0.085,0.083,0.083,0.349,0.381,0.218,0.275,0.281,0.084,0.083,0.083,0.082,0.084,0.083,0.085,0.391,0.345,0.287,0.28,0.085,0.084,0.086,0.086,0.088,0.286,0.084,0.084,0.273,0.377,0.346,0.393,0.085,0.084,0.085,0.086,0.089,0.296,0.085,0.085,0.408,0.432,0.346,0.343,0.085,0.085,0.086,0.086,0.089,0.314,0.088,0.084,0.451,0.408,0.254,0.371,0.084,0.085,0.086,0.087,0.089,0.327,0.086,0.082,0.467,0.36,0.274,0.315,0.086,0.085,0.085,0.086,0.088,0.263,0.084,0.085,0.094,0.082,0.084,0.084,0.084,0.083,0.084,0.085,0.083,0.083,0.084
38:59:10,30.1,0.091,0.085,0.087,0.085,0.085,0.085,0.086,0.085,0.085,0.084,0.085,0.083,0.083,0.348,0.381,0.216,0.275,0.279,0.084,0.083,0.083,0.082,0.084,0.084,0.085,0.391,0.346,0.285,0.282,0.085,0.085,0.086,0.086,0.088,0.282,0.084,0.084,0.272,0.379,0.346,0.396,0.085,0.084,0.085,0.086,0.089,0.293,0.085,0.085,0.409,0.433,0.346,0.344,0.086,0.085,0.086,0.086,0.089,0.313,0.088,0.085,0.451,0.41,0.254,0.371,0.084,0.085,0.086,0.087,0.089,0.323,0.086,0.082,0.468,0.365,0.274,0.318,0.086,0.085,0.085,0.086,0.088,0.26,0.084,0.084,0.093,0.082,0.084,0.084,0.084,0.083,0.084,0.085,0.083,0.083,0.084
39:14:10,30.1,0.091,0.085,0.087,0.085,0.085,0.085,0.086,0.085,0.085,0.084,0.085,0.083,0.083,0.348,0.38,0.213,0.274,0.277,0.084,0.083,0.083,0.083,0.084,0.084,0.085,0.391,0.347,0.285,0.283,0.085,0.084,0.086,0.086,0.089,0.279,0.085,0.084,0.273,0.38,0.347,0.397,0.085,0.085,0.085,0.086,0.089,0.289,0.085,0.085,0.409,0.435,0.347,0.342,0.086,0.085,0.086,0.086,0.089,0.313,0.088,0.084,0.457,0.411,0.253,0.371,0.085,0.085,0.086,0.087,0.089,0.324,0.086,0.082,0.47,0.369,0.273,0.32,0.086,0.085,0.085,0.086,0.088,0.259,0.084,0.084,0.094,0.082,0.084,0.084,0.084,0.083,0.084,0.085,0.083,0.083,0.084
39:29:10,30,0.091,0.085,0.087,0.085,0.085,0.085,0.086,0.085,0.085,0.084,0.085,0.083,0.083,0.347,0.381,0.215,0.273,0.277,0.084,0.083,0.083,0.083,0.084,0.084,0.085,0.393,0.351,0.287,0.283,0.085,0.084,0.086,0.086,0.089,0.282,0.085,0.084,0.275,0.383,0.349,0.397,0.085,0.085,0.085,0.086,0.089,0.291,0.085,0.085,0.411,0.439,0.346,0.343,0.085,0.085,0.086,0.086,0.089,0.313,0.088,0.085,0.461,0.412,0.254,0.372,0.085,0.085,0.086,0.087,0.089,0.326,0.086,0.082,0.473,0.371,0.277,0.32,0.086,0.085,0.085,0.085,0.088,0.259,0.084,0.085,0.094,0.082,0.084,0.084,0.084,0.083,0.084,0.085,0.083,0.083,0.084
39:44:10,30,0.091,0.085,0.087,0.085,0.085,0.085,0.086,0.085,0.085,0.084,0.085,0.083,0.083,0.348,0.382,0.216,0.275,0.278,0.084,0.083,0.083,0.082,0.084,0.084,0.085,0.394,0.353,0.287,0.284,0.085,0.084,0.086,0.086,0.088,0.286,0.085,0.084,0.275,0.388,0.35,0.398,0.085,0.085,0.085,0.086,0.089,0.292,0.085,0.085,0.411,0.441,0.349,0.345,0.086,0.085,0.086,0.086,0.089,0.312,0.088,0.084,0.466,0.416,0.257,0.373,0.084,0.085,0.086,0.087,0.089,0.326,0.086,0.082,0.473,0.372,0.278,0.32,0.086,0.085,0.085,0.085,0.088,0.259,0.084,0.086,0.092,0.082,0.084,0.084,0.084,0.083,0.084,0.085,0.083,0.083,0.084
39:59:10,30.1,0.091,0.085,0.087,0.085,0.085,0.085,0.086,0.085,0.085,0.084,0.085,0.083,0.083,0.35,0.383,0.216,0.274,0.28,0.084,0.083,0.083,0.083,0.084,0.083,0.085,0.396,0.355,0.288,0.285,0.085,0.084,0.086,0.085,0.089,0.284,0.085,0.084,0.276,0.391,0.35,0.399,0.085,0.085,0.085,0.086,0.089,0.293,0.085,0.085,0.414,0.445,0.351,0.348,0.086,0.085,0.086,0.086,0.09,0.314,0.088,0.085,0.465,0.416,0.257,0.375,0.084,0.085,0.086,0.086,0.089,0.328,0.086,0.082,0.473,0.373,0.279,0.32,0.086,0.085,0.085,0.085,0.088,0.26,0.084,0.085,0.093,0.082,0.084,0.084,0.084,0.083,0.084,0.085,0.083,0.083,0.084
40:14:10,30.1,0.091,0.085,0.087,0.085,0.085,0.085,0.086,0.085,0.085,0.084,0.085,0.083,0.083,0.35,0.383,0.217,0.276,0.28,0.084,0.083,0.083,0.082,0.084,0.083,0.085,0.397,0.357,0.289,0.287,0.085,0.084,0.086,0.085,0.089,0.284,0.085,0.084,0.277,0.394,0.351,0.4,0.085,0.085,0.085,0.086,0.089,0.295,0.085,0.085,0.416,0.449,0.354,0.35,0.086,0.085,0.086,0.086,0.09,0.317,0.088,0.085,0.465,0.419,0.26,0.377,0.085,0.085,0.086,0.086,0.089,0.329,0.086,0.082,0.476,0.376,0.281,0.32,0.086,0.085,0.085,0.085,0.088,0.259,0.084,0.084,0.093,0.082,0.084,0.084,0.084,0.083,0.084,0.085,0.083,0.083,0.084
40:29:10,30.1,0.091,0.085,0.087,0.085,0.085,0.085,0.086,0.085,0.084,0.084,0.085,0.083,0.083,0.351,0.384,0.218,0.276,0.281,0.084,0.083,0.083,0.082,0.084,0.083,0.085,0.397,0.36,0.289,0.287,0.085,0.084,0.086,0.086,0.089,0.284,0.085,0.084,0.277,0.397,0.352,0.401,0.085,0.085,0.085,0.086,0.089,0.296,0.085,0.085,0.419,0.452,0.357,0.353,0.086,0.085,0.086,0.086,0.09,0.317,0.088,0.085,0.463,0.422,0.263,0.378,0.084,0.085,0.086,0.086,0.089,0.328,0.087,0.082,0.477,0.378,0.283,0.321,0.086,0.085,0.085,0.085,0.088,0.261,0.084,0.084,0.093,0.082,0.084,0.084,0.084,0.083,0.084,0.085,0.083,0.083,0.084
40:44:10,30.1,0.091,0.085,0.087,0.085,0.085,0.085,0.086,0.085,0.084,0.084,0.085,0.083,0.083,0.352,0.384,0.218,0.277,0.282,0.084,0.083,0.083,0.082,0.084,0.083,0.085,0.398,0.36,0.289,0.289,0.085,0.084,0.086,0.086,0.089,0.286,0.084,0.084,0.278,0.4,0.353,0.402,0.085,0.085,0.085,0.086,0.089,0.294,0.085,0.085,0.42,0.454,0.358,0.354,0.085,0.085,0.086,0.086,0.09,0.317,0.088,0.085,0.462,0.422,0.264,0.38,0.084,0.085,0.086,0.087,0.089,0.33,0.086,0.082,0.478,0.38,0.285,0.323,0.086,0.085,0.084,0.085,0.088,0.263,0.084,0.084,0.093,0.082,0.084,0.084,0.084,0.083,0.084,0.085,0.083,0.083,0.084
40:59:10,30.1,0.091,0.085,0.087,0.085,0.085,0.085,0.086,0.085,0.085,0.084,0.085,0.083,0.083,0.35,0.384,0.217,0.275,0.279,0.084,0.083,0.083,0.082,0.084,0.084,0.085,0.397,0.36,0.288,0.289,0.085,0.085,0.086,0.086,0.089,0.282,0.084,0.084,0.278,0.403,0.354,0.404,0.085,0.085,0.085,0.086,0.089,0.293,0.085,0.085,0.421,0.457,0.357,0.353,0.085,0.085,0.086,0.086,0.09,0.316,0.088,0.085,0.467,0.425,0.265,0.38,0.085,0.085,0.086,0.087,0.09,0.33,0.086,0.082,0.481,0.385,0.284,0.325,0.086,0.085,0.085,0.085,0.088,0.263,0.084,0.084,0.093,0.082,0.084,0.084,0.084,0.083,0.084,0.085,0.083,0.083,0.084
41:14:10,30,0.091,0.085,0.087,0.085,0.085,0.085,0.086,0.085,0.085,0.084,0.085,0.084,0.083,0.351,0.384,0.213,0.275,0.278,0.084,0.083,0.083,0.083,0.084,0.083,0.085,0.399,0.362,0.286,0.29,0.085,0.084,0.086,0.086,0.089,0.282,0.085,0.084,0.278,0.404,0.354,0.406,0.085,0.085,0.085,0.086,0.089,0.292,0.085,0.085,0.42,0.458,0.357,0.352,0.086,0.085,0.086,0.086,0.09,0.316,0.088,0.085,0.462,0.425,0.264,0.379,0.085,0.085,0.086,0.086,0.089,0.328,0.086,0.082,0.481,0.389,0.284,0.326,0.086,0.086,0.085,0.085,0.088,0.261,0.084,0.084,0.092,0.082,0.084,0.084,0.085,0.083,0.084,0.085,0.083,0.083,0.084
41:29:10,30.1,0.091,0.085,0.087,0.085,0.085,0.085,0.086,0.085,0.085,0.084,0.085,0.084,0.083,0.35,0.385,0.215,0.275,0.279,0.084,0.083,0.083,0.083,0.084,0.083,0.085,0.4,0.364,0.287,0.29,0.085,0.084,0.086,0.086,0.089,0.281,0.085,0.084,0.279,0.405,0.355,0.406,0.085,0.085,0.085,0.086,0.089,0.289,0.085,0.085,0.423,0.46,0.356,0.353,0.086,0.085,0.086,0.086,0.09,0.318,0.088,0.085,0.464,0.427,0.266,0.38,0.085,0.085,0.086,0.087,0.09,0.331,0.086,0.082,0.483,0.389,0.285,0.326,0.086,0.085,0.085,0.085,0.088,0.26,0.084,0.084,0.093,0.082,0.084,0.084,0.084,0.083,0.084,0.085,0.083,0.083,0.084
41:44:10,30.1,0.091,0.085,0.087,0.085,0.085,0.085,0.086,0.085,0.085,0.084,0.085,0.083,0.083,0.35,0.385,0.215,0.275,0.278,0.084,0.083,0.083,0.083,0.084,0.083,0.085,0.401,0.367,0.287,0.291,0.085,0.084,0.086,0.086,0.089,0.282,0.084,0.084,0.281,0.408,0.356,0.407,0.085,0.085,0.085,0.086,0.09,0.291,0.085,0.085,0.423,0.463,0.359,0.356,0.086,0.085,0.086,0.086,0.09,0.318,0.088,0.085,0.466,0.43,0.268,0.382,0.084,0.085,0.086,0.086,0.09,0.331,0.086,0.082,0.483,0.39,0.287,0.327,0.086,0.085,0.085,0.085,0.088,0.262,0.084,0.084,0.093,0.082,0.084,0.084,0.084,0.083,0.084,0.085,0.083,0.083,0.084
41:59:10,30.1,0.091,0.085,0.087,0.085,0.085,0.085,0.086,0.085,0.085,0.084,0.085,0.083,0.083,0.351,0.386,0.215,0.276,0.281,0.084,0.083,0.083,0.082,0.084,0.083,0.085,0.401,0.37,0.286,0.292,0.085,0.084,0.086,0.086,0.089,0.283,0.085,0.084,0.281,0.411,0.357,0.408,0.085,0.084,0.085,0.086,0.09,0.292,0.085,0.085,0.423,0.464,0.361,0.358,0.085,0.085,0.086,0.086,0.09,0.318,0.088,0.086,0.472,0.431,0.269,0.384,0.085,0.085,0.086,0.087,0.09,0.332,0.086,0.082,0.484,0.388,0.289,0.327,0.086,0.085,0.085,0.086,0.088,0.262,0.084,0.085,0.093,0.082,0.084,0.084,0.084,0.083,0.084,0.085,0.083,0.083,0.084
42:14:10,30.1,0.091,0.085,0.087,0.085,0.085,0.085,0.086,0.085,0.085,0.084,0.085,0.083,0.083,0.352,0.387,0.217,0.276,0.281,0.084,0.083,0.083,0.082,0.084,0.083,0.085,0.402,0.371,0.287,0.293,0.085,0.085,0.086,0.086,0.089,0.284,0.085,0.084,0.282,0.413,0.358,0.408,0.085,0.084,0.085,0.086,0.09,0.294,0.085,0.085,0.422,0.467,0.363,0.36,0.086,0.085,0.086,0.086,0.09,0.316,0.088,0.085,0.471,0.433,0.27,0.385,0.084,0.085,0.086,0.087,0.09,0.333,0.086,0.083,0.484,0.389,0.291,0.327,0.086,0.085,0.085,0.086,0.088,0.261,0.084,0.085,0.093,0.082,0.084,0.084,0.084,0.083,0.084,0.085,0.083,0.083,0.084
42:29:10,30.1,0.091,0.085,0.087,0.085,0.085,0.085,0.086,0.085,0.085,0.084,0.085,0.083,0.083,0.353,0.387,0.217,0.277,0.282,0.084,0.083,0.083,0.082,0.084,0.083,0.085,0.403,0.373,0.29,0.295,0.085,0.085,0.086,0.086,0.089,0.285,0.085,0.084,0.283,0.415,0.359,0.408,0.085,0.084,0.085,0.086,0.09,0.293,0.085,0.085,0.42,0.469,0.366,0.362,0.086,0.085,0.086,0.086,0.09,0.318,0.088,0.085,0.472,0.435,0.271,0.387,0.086,0.085,0.086,0.087,0.09,0.337,0.086,0.082,0.486,0.391,0.292,0.328,0.086,0.085,0.085,0.086,0.089,0.263,0.084,0.084,0.092,0.082,0.084,0.084,0.084,0.083,0.084,0.085,0.083,0.083,0.084
42:44:10,30.2,0.092,0.085,0.087,0.085,0.085,0.085,0.086,0.085,0.085,0.084,0.085,0.083,0.083,0.354,0.388,0.217,0.278,0.285,0.084,0.083,0.083,0.082,0.084,0.083,0.085,0.403,0.375,0.291,0.296,0.085,0.084,0.086,0.086,0.089,0.285,0.085,0.084,0.283,0.417,0.359,0.411,0.085,0.085,0.085,0.086,0.09,0.294,0.085,0.085,0.419,0.469,0.368,0.363,0.086,0.085,0.086,0.086,0.09,0.32,0.088,0.086,0.472,0.436,0.272,0.388,0.084,0.085,0.086,0.087,0.09,0.337,0.086,0.082,0.485,0.396,0.293,0.329,0.086,0.085,0.085,0.086,0.088,0.263,0.084,0.086,0.092,0.082,0.084,0.084,0.084,0.083,0.084,0.085,0.083,0.083,0.084
42:59:10,30.1,0.091,0.085,0.087,0.085,0.085,0.085,0.086,0.085,0.085,0.084,0.085,0.083,0.083,0.354,0.388,0.214,0.278,0.282,0.084,0.083,0.083,0.082,0.084,0.083,0.085,0.403,0.376,0.292,0.297,0.085,0.085,0.086,0.086,0.089,0.285,0.085,0.084,0.282,0.417,0.361,0.412,0.085,0.084,0.085,0.086,0.09,0.293,0.085,0.085,0.414,0.47,0.369,0.364,0.086,0.085,0.086,0.086,0.09,0.318,0.088,0.086,0.474,0.436,0.271,0.388,0.085,0.085,0.086,0.087,0.09,0.336,0.086,0.082,0.488,0.4,0.292,0.331,0.086,0.085,0.085,0.086,0.089,0.263,0.084,0.085,0.092,0.082,0.084,0.084,0.084,0.083,0.084,0.085,0.083,0.083,0.084
43:14:10,30.1,0.091,0.085,0.087,0.085,0.085,0.085,0.086,0.085,0.085,0.084,0.085,0.083,0.083,0.352,0.388,0.213,0.277,0.281,0.084,0.083,0.083,0.083,0.084,0.083,0.085,0.403,0.376,0.291,0.298,0.085,0.085,0.086,0.086,0.089,0.282,0.085,0.084,0.282,0.416,0.362,0.413,0.085,0.085,0.085,0.086,0.09,0.292,0.085,0.085,0.412,0.47,0.369,0.362,0.086,0.085,0.086,0.086,0.09,0.317,0.088,0.085,0.477,0.436,0.273,0.389,0.086,0.085,0.086,0.087,0.09,0.336,0.086,0.082,0.491,0.405,0.292,0.334,0.086,0.085,0.085,0.086,0.089,0.264,0.084,0.085,0.092,0.082,0.084,0.084,0.084,0.084,0.084,0.085,0.083,0.083,0.084
43:29:10,30,0.091,0.085,0.087,0.085,0.085,0.085,0.086,0.085,0.085,0.084,0.085,0.083,0.083,0.352,0.389,0.213,0.277,0.281,0.084,0.083,0.083,0.083,0.084,0.083,0.085,0.404,0.379,0.293,0.299,0.085,0.084,0.086,0.086,0.089,0.281,0.085,0.084,0.282,0.418,0.362,0.414,0.085,0.084,0.085,0.086,0.09,0.29,0.085,0.085,0.416,0.472,0.37,0.363,0.086,0.085,0.086,0.086,0.09,0.317,0.088,0.086,0.477,0.439,0.272,0.388,0.084,0.085,0.086,0.087,0.09,0.333,0.086,0.082,0.488,0.405,0.293,0.335,0.086,0.085,0.085,0.085,0.089,0.263,0.084,0.087,0.092,0.082,0.084,0.084,0.084,0.083,0.084,0.085,0.083,0.083,0.084
43:44:10,30,0.091,0.085,0.087,0.085,0.085,0.085,0.086,0.085,0.085,0.084,0.085,0.083,0.083,0.352,0.39,0.215,0.278,0.281,0.084,0.083,0.083,0.083,0.084,0.083,0.085,0.405,0.381,0.294,0.299,0.085,0.085,0.086,0.086,0.089,0.283,0.085,0.084,0.283,0.42,0.364,0.414,0.085,0.084,0.085,0.086,0.09,0.294,0.085,0.085,0.409,0.474,0.371,0.366,0.086,0.085,0.086,0.086,0.09,0.319,0.088,0.086,0.478,0.44,0.274,0.389,0.085,0.085,0.086,0.087,0.09,0.337,0.086,0.082,0.49,0.404,0.293,0.335,0.086,0.085,0.085,0.085,0.089,0.265,0.084,0.084,0.092,0.082,0.084,0.084,0.084,0.083,0.084,0.085,0.083,0.083,0.084
43:59:10,30,0.091,0.085,0.087,0.085,0.085,0.085,0.086,0.085,0.085,0.084,0.085,0.083,0.083,0.354,0.39,0.214,0.278,0.283,0.084,0.083,0.083,0.082,0.084,0.083,0.085,0.406,0.382,0.295,0.3,0.085,0.084,0.086,0.086,0.089,0.283,0.085,0.084,0.283,0.423,0.366,0.416,0.085,0.084,0.085,0.086,0.09,0.291,0.085,0.085,0.406,0.476,0.373,0.368,0.085,0.085,0.086,0.086,0.09,0.321,0.088,0.086,0.478,0.44,0.274,0.391,0.084,0.085,0.086,0.087,0.09,0.337,0.086,0.082,0.487,0.407,0.295,0.334,0.086,0.085,0.085,0.085,0.089,0.263,0.084,0.084,0.092,0.082,0.084,0.084,0.084,0.083,0.084,0.085,0.083,0.083,0.084
44:14:10,30.1,0.091,0.085,0.087,0.085,0.085,0.085,0.086,0.085,0.085,0.084,0.085,0.083,0.083,0.356,0.392,0.216,0.279,0.284,0.084,0.083,0.083,0.082,0.084,0.083,0.085,0.405,0.384,0.295,0.301,0.085,0.084,0.086,0.086,0.089,0.284,0.084,0.084,0.285,0.425,0.367,0.416,0.085,0.084,0.085,0.086,0.09,0.294,0.085,0.085,0.404,0.477,0.374,0.368,0.086,0.085,0.086,0.086,0.09,0.322,0.088,0.086,0.476,0.442,0.276,0.393,0.084,0.085,0.086,0.087,0.09,0.339,0.086,0.082,0.486,0.405,0.298,0.336,0.086,0.085,0.085,0.085,0.089,0.263,0.084,0.086,0.092,0.082,0.084,0.084,0.084,0.083,0.084,0.085,0.083,0.083,0.084
44:29:10,30.1,0.092,0.085,0.087,0.085,0.085,0.085,0.086,0.085,0.085,0.084,0.085,0.083,0.083,0.356,0.393,0.216,0.28,0.285,0.084,0.083,0.083,0.082,0.084,0.083,0.085,0.407,0.388,0.296,0.303,0.084,0.084,0.086,0.086,0.089,0.289,0.085,0.084,0.284,0.427,0.369,0.417,0.085,0.084,0.085,0.086,0.09,0.297,0.085,0.085,0.405,0.479,0.376,0.372,0.086,0.085,0.086,0.086,0.09,0.323,0.088,0.087,0.478,0.443,0.278,0.395,0.084,0.085,0.086,0.087,0.09,0.335,0.086,0.082,0.485,0.404,0.298,0.337,0.086,0.085,0.085,0.086,0.089,0.266,0.084,0.086,0.092,0.082,0.084,0.084,0.084,0.083,0.084,0.085,0.083,0.083,0.084
44:44:10,30.1,0.091,0.085,0.087,0.085,0.085,0.085,0.086,0.085,0.084,0.084,0.085,0.083,0.083,0.356,0.393,0.218,0.281,0.287,0.084,0.083,0.083,0.082,0.084,0.083,0.085,0.407,0.389,0.298,0.304,0.085,0.085,0.086,0.086,0.089,0.287,0.084,0.084,0.285,0.429,0.371,0.417,0.085,0.084,0.085,0.086,0.09,0.296,0.085,0.085,0.403,0.48,0.377,0.372,0.085,0.085,0.086,0.086,0.09,0.321,0.088,0.086,0.476,0.442,0.279,0.396,0.084,0.085,0.086,0.087,0.09,0.336,0.086,0.082,0.48,0.406,0.299,0.337,0.086,0.085,0.085,0.086,0.089,0.265,0.084,0.085,0.092,0.082,0.084,0.084,0.084,0.083,0.084,0.085,0.083,0.083,0.084
44:59:10,30.1,0.091,0.085,0.087,0.085,0.085,0.085,0.086,0.085,0.085,0.084,0.085,0.083,0.083,0.356,0.394,0.217,0.28,0.284,0.084,0.083,0.083,0.083,0.084,0.083,0.085,0.406,0.388,0.299,0.306,0.085,0.085,0.086,0.086,0.09,0.287,0.085,0.084,0.284,0.429,0.372,0.419,0.085,0.085,0.085,0.086,0.09,0.294,0.085,0.085,0.403,0.481,0.379,0.372,0.086,0.085,0.086,0.086,0.09,0.322,0.088,0.086,0.477,0.444,0.278,0.396,0.085,0.085,0.086,0.087,0.09,0.336,0.086,0.082,0.476,0.41,0.299,0.34,0.086,0.085,0.085,0.086,0.089,0.267,0.084,0.085,0.092,0.082,0.084,0.084,0.084,0.083,0.084,0.085,0.083,0.083,0.084
45:14:10,30,0.091,0.085,0.087,0.085,0.085,0.085,0.086,0.085,0.085,0.084,0.085,0.083,0.083,0.355,0.394,0.216,0.28,0.282,0.084,0.083,0.083,0.083,0.084,0.083,0.085,0.406,0.389,0.298,0.307,0.085,0.085,0.086,0.086,0.09,0.286,0.085,0.084,0.283,0.429,0.372,0.421,0.085,0.085,0.085,0.086,0.09,0.294,0.085,0.085,0.405,0.482,0.377,0.371,0.086,0.085,0.086,0.086,0.091,0.321,0.088,0.087,0.481,0.443,0.278,0.396,0.086,0.085,0.086,0.087,0.09,0.336,0.086,0.083,0.471,0.411,0.299,0.342,0.086,0.085,0.085,0.086,0.089,0.267,0.084,0.085,0.092,0.082,0.084,0.084,0.085,0.084,0.084,0.085,0.083,0.083,0.084
45:29:10,30,0.091,0.085,0.087,0.085,0.085,0.085,0.086,0.085,0.085,0.084,0.085,0.083,0.083,0.356,0.394,0.214,0.279,0.283,0.084,0.083,0.083,0.083,0.084,0.083,0.085,0.408,0.39,0.298,0.307,0.085,0.084,0.086,0.086,0.09,0.285,0.085,0.084,0.283,0.43,0.373,0.423,0.085,0.085,0.085,0.086,0.09,0.292,0.085,0.085,0.405,0.483,0.377,0.373,0.086,0.085,0.086,0.086,0.091,0.321,0.088,0.087,0.481,0.445,0.278,0.396,0.085,0.085,0.086,0.087,0.09,0.333,0.086,0.083,0.472,0.412,0.3,0.343,0.086,0.085,0.085,0.086,0.089,0.264,0.084,0.084,0.092,0.082,0.084,0.084,0.084,0.083,0.084,0.085,0.083,0.083,0.084
45:44:10,30,0.092,0.085,0.087,0.085,0.085,0.085,0.086,0.085,0.085,0.084,0.085,0.083,0.083,0.355,0.395,0.216,0.28,0.284,0.084,0.084,0.083,0.083,0.084,0.083,0.085,0.409,0.392,0.299,0.308,0.085,0.085,0.086,0.086,0.09,0.288,0.085,0.084,0.284,0.433,0.375,0.423,0.085,0.084,0.085,0.086,0.09,0.295,0.085,0.085,0.406,0.486,0.377,0.374,0.086,0.085,0.086,0.086,0.091,0.323,0.088,0.087,0.481,0.446,0.28,0.398,0.085,0.085,0.086,0.087,0.09,0.337,0.086,0.082,0.472,0.41,0.301,0.343,0.086,0.085,0.085,0.086,0.089,0.268,0.084,0.084,0.092,0.082,0.084,0.084,0.084,0.083,0.084,0.085,0.083,0.083,0.084
45:59:10,30.1,0.091,0.085,0.087,0.085,0.085,0.085,0.086,0.085,0.085,0.084,0.085,0.083,0.083,0.355,0.396,0.216,0.28,0.284,0.084,0.083,0.083,0.082,0.084,0.083,0.085,0.41,0.395,0.299,0.309,0.085,0.084,0.086,0.086,0.09,0.289,0.085,0.084,0.284,0.433,0.376,0.424,0.085,0.084,0.085,0.086,0.09,0.293,0.085,0.085,0.407,0.486,0.379,0.376,0.085,0.085,0.086,0.086,0.091,0.325,0.088,0.087,0.483,0.447,0.28,0.398,0.084,0.085,0.086,0.087,0.09,0.336,0.086,0.082,0.474,0.41,0.3,0.341,0.086,0.086,0.085,0.086,0.089,0.269,0.084,0.084,0.092,0.082,0.084,0.084,0.084,0.083,0.084,0.085,0.083,0.083,0.084
46:14:10,30.1,0.091,0.085,0.087,0.085,0.085,0.085,0.086,0.085,0.085,0.084,0.085,0.083,0.083,0.356,0.396,0.217,0.281,0.285,0.084,0.083,0.083,0.082,0.084,0.083,0.085,0.412,0.396,0.301,0.31,0.085,0.085,0.086,0.086,0.09,0.289,0.085,0.084,0.284,0.434,0.377,0.424,0.085,0.084,0.085,0.086,0.091,0.296,0.085,0.085,0.406,0.488,0.38,0.378,0.086,0.085,0.086,0.086,0.091,0.328,0.088,0.087,0.481,0.449,0.282,0.401,0.084,0.085,0.086,0.087,0.09,0.34,0.086,0.082,0.473,0.41,0.302,0.343,0.086,0.086,0.085,0.086,0.089,0.27,0.084,0.084,0.091,0.082,0.084,0.084,0.084,0.083,0.084,0.085,0.083,0.083,0.084
46:29:10,30.1,0.091,0.085,0.087,0.085,0.085,0.085,0.086,0.085,0.085,0.084,0.085,0.083,0.083,0.357,0.398,0.217,0.281,0.286,0.084,0.083,0.083,0.082,0.084,0.083,0.085,0.413,0.399,0.3,0.311,0.085,0.084,0.086,0.086,0.09,0.29,0.084,0.084,0.284,0.435,0.378,0.425,0.085,0.084,0.085,0.086,0.091,0.299,0.085,0.085,0.407,0.489,0.381,0.381,0.086,0.085,0.086,0.086,0.091,0.327,0.088,0.087,0.48,0.45,0.282,0.401,0.084,0.085,0.086,0.087,0.09,0.338,0.086,0.082,0.474,0.411,0.304,0.344,0.086,0.085,0.085,0.086,0.089,0.27,0.084,0.084,0.092,0.082,0.084,0.084,0.084,0.083,0.084,0.085,0.083,0.083,0.084
46:44:10,30.2,0.091,0.085,0.087,0.085,0.085,0.085,0.086,0.085,0.085,0.084,0.085,0.083,0.083,0.357,0.398,0.218,0.282,0.288,0.084,0.083,0.083,0.082,0.084,0.083,0.085,0.415,0.401,0.301,0.312,0.085,0.085,0.086,0.086,0.09,0.292,0.085,0.084,0.284,0.438,0.379,0.426,0.085,0.085,0.085,0.086,0.091,0.301,0.085,0.085,0.406,0.49,0.385,0.382,0.086,0.085,0.086,0.086,0.091,0.33,0.088,0.087,0.482,0.451,0.284,0.403,0.084,0.085,0.086,0.087,0.091,0.339,0.086,0.082,0.474,0.412,0.307,0.344,0.086,0.085,0.085,0.086,0.089,0.272,0.084,0.084,0.092,0.082,0.084,0.084,0.084,0.083,0.084,0.085,0.083,0.083,0.084
46:59:10,30.1,0.091,0.085,0.087,0.085,0.085,0.085,0.086,0.085,0.084,0.084,0.085,0.083,0.083,0.359,0.399,0.219,0.282,0.287,0.084,0.083,0.083,0.082,0.084,0.083,0.085,0.415,0.403,0.302,0.314,0.085,0.085,0.086,0.086,0.09,0.293,0.084,0.084,0.284,0.438,0.38,0.427,0.085,0.084,0.085,0.086,0.091,0.3,0.085,0.085,0.404,0.491,0.387,0.384,0.086,0.085,0.086,0.086,0.091,0.329,0.088,0.087,0.48,0.451,0.286,0.405,0.086,0.085,0.086,0.087,0.091,0.34,0.086,0.082,0.472,0.415,0.308,0.345,0.086,0.085,0.085,0.085,0.089,0.273,0.084,0.084,0.091,0.082,0.084,0.084,0.084,0.083,0.084,0.085,0.083,0.083,0.084
47:14:10,30.1,0.091,0.085,0.087,0.085,0.085,0.085,0.086,0.085,0.085,0.084,0.085,0.083,0.083,0.358,0.399,0.216,0.281,0.285,0.084,0.083,0.083,0.082,0.084,0.083,0.085,0.415,0.403,0.3,0.315,0.085,0.085,0.086,0.086,0.09,0.289,0.085,0.084,0.284,0.437,0.381,0.43,0.085,0.085,0.085,0.086,0.091,0.297,0.085,0.085,0.401,0.492,0.388,0.382,0.086,0.085,0.086,0.086,0.091,0.329,0.088,0.087,0.481,0.451,0.286,0.406,0.085,0.085,0.086,0.087,0.091,0.338,0.086,0.082,0.473,0.418,0.306,0.346,0.086,0.085,0.085,0.085,0.089,0.274,0.084,0.085,0.092,0.082,0.084,0.084,0.084,0.084,0.084,0.085,0.083,0.083,0.084
47:29:10,30,0.091,0.085,0.087,0.085,0.085,0.085,0.086,0.085,0.085,0.084,0.085,0.083,0.083,0.356,0.4,0.215,0.28,0.284,0.084,0.083,0.083,0.083,0.084,0.083,0.085,0.415,0.404,0.298,0.316,0.085,0.085,0.086,0.086,0.09,0.288,0.084,0.084,0.285,0.438,0.381,0.431,0.085,0.085,0.085,0.086,0.091,0.296,0.085,0.085,0.399,0.492,0.387,0.382,0.086,0.085,0.086,0.086,0.091,0.328,0.088,0.087,0.485,0.454,0.285,0.405,0.085,0.085,0.086,0.087,0.091,0.339,0.086,0.082,0.472,0.418,0.305,0.346,0.087,0.086,0.085,0.085,0.089,0.276,0.084,0.084,0.092,0.082,0.084,0.084,0.084,0.083,0.084,0.085,0.083,0.083,0.084
47:44:10,30,0.091,0.085,0.087,0.085,0.085,0.085,0.086,0.085,0.085,0.084,0.085,0.083,0.083,0.357,0.401,0.217,0.281,0.285,0.084,0.083,0.083,0.083,0.084,0.083,0.085,0.416,0.406,0.301,0.318,0.085,0.085,0.086,0.086,0.09,0.287,0.084,0.084,0.285,0.438,0.382,0.431,0.085,0.085,0.085,0.086,0.091,0.297,0.085,0.085,0.397,0.494,0.389,0.383,0.086,0.085,0.086,0.086,0.091,0.33,0.088,0.087,0.484,0.455,0.287,0.406,0.086,0.085,0.086,0.087,0.091,0.339,0.086,0.082,0.47,0.419,0.307,0.344,0.087,0.086,0.085,0.085,0.089,0.277,0.084,0.089,0.092,0.082,0.084,0.084,0.084,0.083,0.084,0.085,0.083,0.083,0.084
47:59:10,30,0.092,0.085,0.087,0.085,0.085,0.085,0.086,0.085,0.085,0.084,0.085,0.083,0.083,0.358,0.401,0.216,0.281,0.285,0.084,0.083,0.083,0.082,0.084,0.083,0.085,0.417,0.409,0.302,0.319,0.085,0.085,0.086,0.086,0.09,0.288,0.085,0.084,0.286,0.44,0.383,0.431,0.085,0.085,0.085,0.086,0.091,0.297,0.085,0.085,0.395,0.495,0.39,0.387,0.086,0.085,0.086,0.086,0.091,0.33,0.088,0.088,0.483,0.456,0.288,0.407,0.085,0.085,0.086,0.088,0.091,0.338,0.086,0.083,0.47,0.419,0.309,0.344,0.086,0.085,0.085,0.085,0.089,0.277,0.084,0.086,0.092,0.082,0.084,0.084,0.085,0.084,0.084,0.085,0.083,0.083,0.084
48:14:10,30.1,0.091,0.085,0.087,0.085,0.085,0.085,0.086,0.085,0.084,0.084,0.085,0.083,0.083,0.358,0.402,0.218,0.282,0.287,0.084,0.083,0.083,0.082,0.084,0.083,0.085,0.418,0.411,0.304,0.319,0.085,0.085,0.086,0.086,0.09,0.293,0.084,0.084,0.287,0.442,0.384,0.433,0.085,0.084,0.085,0.086,0.091,0.298,0.085,0.085,0.395,0.497,0.392,0.387,0.086,0.085,0.086,0.086,0.091,0.332,0.088,0.088,0.485,0.458,0.289,0.41,0.084,0.085,0.086,0.088,0.091,0.338,0.086,0.082,0.469,0.417,0.31,0.344,0.086,0.087,0.085,0.085,0.089,0.28,0.084,0.086,0.092,0.082,0.084,0.084,0.084,0.083,0.084,0.085,0.083,0.083,0.084
,,,,,,,,,,,,,,,,,,,,,,,,,,,,,,,,,,,,,,,,,,,,,,,,,,,,,,,,,,,,,,,,,,,,,,,,,,,,,,,,,,,,,,,,,,,,,,,,,
,,,,,,,,,,,,,,,,,,,,,,,,,,,,,,,,,,,,,,,,,,,,,,,,,,,,,,,,,,,,,,,,,,,,,,,,,,,,,,,,,,,,,,,,,,,,,,,,,
,,,,,,,,,,,,,,,,,,,,,,,,,,,,,,,,,,,,,,,,,,,,,,,,,,,,,,,,,,,,,,,,,,,,,,,,,,,,,,,,,,,,,,,,,,,,,,,,,
,,,,,,,,,,,,,,,,,,,,,,,,,,,,,,,,,,,,,,,,,,,,,,,,,,,,,,,,,,,,,,,,,,,,,,,,,,,,,,,,,,,,,,,,,,,,,,,,,
,,,,,,,,,,,,,,,,,,,,,,,,,,,,,,,,,,,,,,,,,,,,,,,,,,,,,,,,,,,,,,,,,,,,,,,,,,,,,,,,,,,,,,,,,,,,,,,,,
,,,,,,,,,,,,,,,,,,,,,,,,,,,,,,,,,,,,,,,,,,,,,,,,,,,,,,,,,,,,,,,,,,,,,,,,,,,,,,,,,,,,,,,,,,,,,,,,,
,,,,,,,,,,,,,,,,,,,,,,,,,,,,,,,,,,,,,,,,,,,,,,,,,,,,,,,,,,,,,,,,,,,,,,,,,,,,,,,,,,,,,,,,,,,,,,,,,
,,,,,,,,,,,,,,,,,,,,,,,,,,,,,,,,,,,,,,,,,,,,,,,,,,,,,,,,,,,,,,,,,,,,,,,,,,,,,,,,,,,,,,,,,,,,,,,,,
,,,,,,,,,,,,,,,,,,,,,,,,,,,,,,,,,,,,,,,,,,,,,,,,,,,,,,,,,,,,,,,,,,,,,,,,,,,,,,,,,,,,,,,,,,,,,,,,,
,,,,,,,,,,,,,,,,,,,,,,,,,,,,,,,,,,,,,,,,,,,,,,,,,,,,,,,,,,,,,,,,,,,,,,,,,,,,,,,,,,,,,,,,,,,,,,,,,
,,,,,,,,,,,,,,,,,,,,,,,,,,,,,,,,,,,,,,,,,,,,,,,,,,,,,,,,,,,,,,,,,,,,,,,,,,,,,,,,,,,,,,,,,,,,,,,,,
,,,,,,,,,,,,,,,,,,,,,,,,,,,,,,,,,,,,,,,,,,,,,,,,,,,,,,,,,,,,,,,,,,,,,,,,,,,,,,,,,,,,,,,,,,,,,,,,,
,,,,,,,,,,,,,,,,,,,,,,,,,,,,,,,,,,,,,,,,,,,,,,,,,,,,,,,,,,,,,,,,,,,,,,,,,,,,,,,,,,,,,,,,,,,,,,,,,
,,,,,,,,,,,,,,,,,,,,,,,,,,,,,,,,,,,,,,,,,,,,,,,,,,,,,,,,,,,,,,,,,,,,,,,,,,,,,,,,,,,,,,,,,,,,,,,,,
,,,,,,,,,,,,,,,,,,,,,,,,,,,,,,,,,,,,,,,,,,,,,,,,,,,,,,,,,,,,,,,,,,,,,,,,,,,,,,,,,,,,,,,,,,,,,,,,,
,,,,,,,,,,,,,,,,,,,,,,,,,,,,,,,,,,,,,,,,,,,,,,,,,,,,,,,,,,,,,,,,,,,,,,,,,,,,,,,,,,,,,,,,,,,,,,,,,
,,,,,,,,,,,,,,,,,,,,,,,,,,,,,,,,,,,,,,,,,,,,,,,,,,,,,,,,,,,,,,,,,,,,,,,,,,,,,,,,,,,,,,,,,,,,,,,,,
,,,,,,,,,,,,,,,,,,,,,,,,,,,,,,,,,,,,,,,,,,,,,,,,,,,,,,,,,,,,,,,,,,,,,,,,,,,,,,,,,,,,,,,,,,,,,,,,,
,,,,,,,,,,,,,,,,,,,,,,,,,,,,,,,,,,,,,,,,,,,,,,,,,,,,,,,,,,,,,,,,,,,,,,,,,,,,,,,,,,,,,,,,,,,,,,,,,
,,,,,,,,,,,,,,,,,,,,,,,,,,,,,,,,,,,,,,,,,,,,,,,,,,,,,,,,,,,,,,,,,,,,,,,,,,,,,,,,,,,,,,,,,,,,,,,,,
,,,,,,,,,,,,,,,,,,,,,,,,,,,,,,,,,,,,,,,,,,,,,,,,,,,,,,,,,,,,,,,,,,,,,,,,,,,,,,,,,,,,,,,,,,,,,,,,,
,,,,,,,,,,,,,,,,,,,,,,,,,,,,,,,,,,,,,,,,,,,,,,,,,,,,,,,,,,,,,,,,,,,,,,,,,,,,,,,,,,,,,,,,,,,,,,,,,
,,,,,,,,,,,,,,,,,,,,,,,,,,,,,,,,,,,,,,,,,,,,,,,,,,,,,,,,,,,,,,,,,,,,,,,,,,,,,,,,,,,,,,,,,,,,,,,,,
,,,,,,,,,,,,,,,,,,,,,,,,,,,,,,,,,,,,,,,,,,,,,,,,,,,,,,,,,,,,,,,,,,,,,,,,,,,,,,,,,,,,,,,,,,,,,,,,,
,,,,,,,,,,,,,,,,,,,,,,,,,,,,,,,,,,,,,,,,,,,,,,,,,,,,,,,,,,,,,,,,,,,,,,,,,,,,,,,,,,,,,,,,,,,,,,,,,
,,,,,,,,,,,,,,,,,,,,,,,,,,,,,,,,,,,,,,,,,,,,,,,,,,,,,,,,,,,,,,,,,,,,,,,,,,,,,,,,,,,,,,,,,,,,,,,,,
,,,,,,,,,,,,,,,,,,,,,,,,,,,,,,,,,,,,,,,,,,,,,,,,,,,,,,,,,,,,,,,,,,,,,,,,,,,,,,,,,,,,,,,,,,,,,,,,,
,,,,,,,,,,,,,,,,,,,,,,,,,,,,,,,,,,,,,,,,,,,,,,,,,,,,,,,,,,,,,,,,,,,,,,,,,,,,,,,,,,,,,,,,,,,,,,,,,
,,,,,,,,,,,,,,,,,,,,,,,,,,,,,,,,,,,,,,,,,,,,,,,,,,,,,,,,,,,,,,,,,,,,,,,,,,,,,,,,,,,,,,,,,,,,,,,,,
,,,,,,,,,,,,,,,,,,,,,,,,,,,,,,,,,,,,,,,,,,,,,,,,,,,,,,,,,,,,,,,,,,,,,,,,,,,,,,,,,,,,,,,,,,,,,,,,,
,,,,,,,,,,,,,,,,,,,,,,,,,,,,,,,,,,,,,,,,,,,,,,,,,,,,,,,,,,,,,,,,,,,,,,,,,,,,,,,,,,,,,,,,,,,,,,,,,
,,,,,,,,,,,,,,,,,,,,,,,,,,,,,,,,,,,,,,,,,,,,,,,,,,,,,,,,,,,,,,,,,,,,,,,,,,,,,,,,,,,,,,,,,,,,,,,,,
,,,,,,,,,,,,,,,,,,,,,,,,,,,,,,,,,,,,,,,,,,,,,,,,,,,,,,,,,,,,,,,,,,,,,,,,,,,,,,,,,,,,,,,,,,,,,,,,,
,,,,,,,,,,,,,,,,,,,,,,,,,,,,,,,,,,,,,,,,,,,,,,,,,,,,,,,,,,,,,,,,,,,,,,,,,,,,,,,,,,,,,,,,,,,,,,,,,
,,,,,,,,,,,,,,,,,,,,,,,,,,,,,,,,,,,,,,,,,,,,,,,,,,,,,,,,,,,,,,,,,,,,,,,,,,,,,,,,,,,,,,,,,,,,,,,,,
,,,,,,,,,,,,,,,,,,,,,,,,,,,,,,,,,,,,,,,,,,,,,,,,,,,,,,,,,,,,,,,,,,,,,,,,,,,,,,,,,,,,,,,,,,,,,,,,,
,,,,,,,,,,,,,,,,,,,,,,,,,,,,,,,,,,,,,,,,,,,,,,,,,,,,,,,,,,,,,,,,,,,,,,,,,,,,,,,,,,,,,,,,,,,,,,,,,
,,,,,,,,,,,,,,,,,,,,,,,,,,,,,,,,,,,,,,,,,,,,,,,,,,,,,,,,,,,,,,,,,,,,,,,,,,,,,,,,,,,,,,,,,,,,,,,,,
,,,,,,,,,,,,,,,,,,,,,,,,,,,,,,,,,,,,,,,,,,,,,,,,,,,,,,,,,,,,,,,,,,,,,,,,,,,,,,,,,,,,,,,,,,,,,,,,,
,,,,,,,,,,,,,,,,,,,,,,,,,,,,,,,,,,,,,,,,,,,,,,,,,,,,,,,,,,,,,,,,,,,,,,,,,,,,,,,,,,,,,,,,,,,,,,,,,
,,,,,,,,,,,,,,,,,,,,,,,,,,,,,,,,,,,,,,,,,,,,,,,,,,,,,,,,,,,,,,,,,,,,,,,,,,,,,,,,,,,,,,,,,,,,,,,,,
,,,,,,,,,,,,,,,,,,,,,,,,,,,,,,,,,,,,,,,,,,,,,,,,,,,,,,,,,,,,,,,,,,,,,,,,,,,,,,,,,,,,,,,,,,,,,,,,,
,,,,,,,,,,,,,,,,,,,,,,,,,,,,,,,,,,,,,,,,,,,,,,,,,,,,,,,,,,,,,,,,,,,,,,,,,,,,,,,,,,,,,,,,,,,,,,,,,
,,,,,,,,,,,,,,,,,,,,,,,,,,,,,,,,,,,,,,,,,,,,,,,,,,,,,,,,,,,,,,,,,,,,,,,,,,,,,,,,,,,,,,,,,,,,,,,,,
,,,,,,,,,,,,,,,,,,,,,,,,,,,,,,,,,,,,,,,,,,,,,,,,,,,,,,,,,,,,,,,,,,,,,,,,,,,,,,,,,,,,,,,,,,,,,,,,,
,,,,,,,,,,,,,,,,,,,,,,,,,,,,,,,,,,,,,,,,,,,,,,,,,,,,,,,,,,,,,,,,,,,,,,,,,,,,,,,,,,,,,,,,,,,,,,,,,
,,,,,,,,,,,,,,,,,,,,,,,,,,,,,,,,,,,,,,,,,,,,,,,,,,,,,,,,,,,,,,,,,,,,,,,,,,,,,,,,,,,,,,,,,,,,,,,,,
,,,,,,,,,,,,,,,,,,,,,,,,,,,,,,,,,,,,,,,,,,,,,,,,,,,,,,,,,,,,,,,,,,,,,,,,,,,,,,,,,,,,,,,,,,,,,,,,,
,,,,,,,,,,,,,,,,,,,,,,,,,,,,,,,,,,,,,,,,,,,,,,,,,,,,,,,,,,,,,,,,,,,,,,,,,,,,,,,,,,,,,,,,,,,,,,,,,
,,,,,,,,,,,,,,,,,,,,,,,,,,,,,,,,,,,,,,,,,,,,,,,,,,,,,,,,,,,,,,,,,,,,,,,,,,,,,,,,,,,,,,,,,,,,,,,,,
,,,,,,,,,,,,,,,,,,,,,,,,,,,,,,,,,,,,,,,,,,,,,,,,,,,,,,,,,,,,,,,,,,,,,,,,,,,,,,,,,,,,,,,,,,,,,,,,,
,,,,,,,,,,,,,,,,,,,,,,,,,,,,,,,,,,,,,,,,,,,,,,,,,,,,,,,,,,,,,,,,,,,,,,,,,,,,,,,,,,,,,,,,,,,,,,,,,
,,,,,,,,,,,,,,,,,,,,,,,,,,,,,,,,,,,,,,,,,,,,,,,,,,,,,,,,,,,,,,,,,,,,,,,,,,,,,,,,,,,,,,,,,,,,,,,,,
,,,,,,,,,,,,,,,,,,,,,,,,,,,,,,,,,,,,,,,,,,,,,,,,,,,,,,,,,,,,,,,,,,,,,,,,,,,,,,,,,,,,,,,,,,,,,,,,,
,,,,,,,,,,,,,,,,,,,,,,,,,,,,,,,,,,,,,,,,,,,,,,,,,,,,,,,,,,,,,,,,,,,,,,,,,,,,,,,,,,,,,,,,,,,,,,,,,
,,,,,,,,,,,,,,,,,,,,,,,,,,,,,,,,,,,,,,,,,,,,,,,,,,,,,,,,,,,,,,,,,,,,,,,,,,,,,,,,,,,,,,,,,,,,,,,,,
,,,,,,,,,,,,,,,,,,,,,,,,,,,,,,,,,,,,,,,,,,,,,,,,,,,,,,,,,,,,,,,,,,,,,,,,,,,,,,,,,,,,,,,,,,,,,,,,,
,,,,,,,,,,,,,,,,,,,,,,,,,,,,,,,,,,,,,,,,,,,,,,,,,,,,,,,,,,,,,,,,,,,,,,,,,,,,,,,,,,,,,,,,,,,,,,,,,
,,,,,,,,,,,,,,,,,,,,,,,,,,,,,,,,,,,,,,,,,,,,,,,,,,,,,,,,,,,,,,,,,,,,,,,,,,,,,,,,,,,,,,,,,,,,,,,,,
,,,,,,,,,,,,,,,,,,,,,,,,,,,,,,,,,,,,,,,,,,,,,,,,,,,,,,,,,,,,,,,,,,,,,,,,,,,,,,,,,,,,,,,,,,,,,,,,,
,,,,,,,,,,,,,,,,,,,,,,,,,,,,,,,,,,,,,,,,,,,,,,,,,,,,,,,,,,,,,,,,,,,,,,,,,,,,,,,,,,,,,,,,,,,,,,,,,
,,,,,,,,,,,,,,,,,,,,,,,,,,,,,,,,,,,,,,,,,,,,,,,,,,,,,,,,,,,,,,,,,,,,,,,,,,,,,,,,,,,,,,,,,,,,,,,,,
,,,,,,,,,,,,,,,,,,,,,,,,,,,,,,,,,,,,,,,,,,,,,,,,,,,,,,,,,,,,,,,,,,,,,,,,,,,,,,,,,,,,,,,,,,,,,,,,,
,,,,,,,,,,,,,,,,,,,,,,,,,,,,,,,,,,,,,,,,,,,,,,,,,,,,,,,,,,,,,,,,,,,,,,,,,,,,,,,,,,,,,,,,,,,,,,,,,
,,,,,,,,,,,,,,,,,,,,,,,,,,,,,,,,,,,,,,,,,,,,,,,,,,,,,,,,,,,,,,,,,,,,,,,,,,,,,,,,,,,,,,,,,,,,,,,,,
,,,,,,,,,,,,,,,,,,,,,,,,,,,,,,,,,,,,,,,,,,,,,,,,,,,,,,,,,,,,,,,,,,,,,,,,,,,,,,,,,,,,,,,,,,,,,,,,,
,,,,,,,,,,,,,,,,,,,,,,,,,,,,,,,,,,,,,,,,,,,,,,,,,,,,,,,,,,,,,,,,,,,,,,,,,,,,,,,,,,,,,,,,,,,,,,,,,
,,,,,,,,,,,,,,,,,,,,,,,,,,,,,,,,,,,,,,,,,,,,,,,,,,,,,,,,,,,,,,,,,,,,,,,,,,,,,,,,,,,,,,,,,,,,,,,,,
,,,,,,,,,,,,,,,,,,,,,,,,,,,,,,,,,,,,,,,,,,,,,,,,,,,,,,,,,,,,,,,,,,,,,,,,,,,,,,,,,,,,,,,,,,,,,,,,,
,,,,,,,,,,,,,,,,,,,,,,,,,,,,,,,,,,,,,,,,,,,,,,,,,,,,,,,,,,,,,,,,,,,,,,,,,,,,,,,,,,,,,,,,,,,,,,,,,
,,,,,,,,,,,,,,,,,,,,,,,,,,,,,,,,,,,,,,,,,,,,,,,,,,,,,,,,,,,,,,,,,,,,,,,,,,,,,,,,,,,,,,,,,,,,,,,,,
,,,,,,,,,,,,,,,,,,,,,,,,,,,,,,,,,,,,,,,,,,,,,,,,,,,,,,,,,,,,,,,,,,,,,,,,,,,,,,,,,,,,,,,,,,,,,,,,,
,,,,,,,,,,,,,,,,,,,,,,,,,,,,,,,,,,,,,,,,,,,,,,,,,,,,,,,,,,,,,,,,,,,,,,,,,,,,,,,,,,,,,,,,,,,,,,,,,
,,,,,,,,,,,,,,,,,,,,,,,,,,,,,,,,,,,,,,,,,,,,,,,,,,,,,,,,,,,,,,,,,,,,,,,,,,,,,,,,,,,,,,,,,,,,,,,,,
,,,,,,,,,,,,,,,,,,,,,,,,,,,,,,,,,,,,,,,,,,,,,,,,,,,,,,,,,,,,,,,,,,,,,,,,,,,,,,,,,,,,,,,,,,,,,,,,,
,,,,,,,,,,,,,,,,,,,,,,,,,,,,,,,,,,,,,,,,,,,,,,,,,,,,,,,,,,,,,,,,,,,,,,,,,,,,,,,,,,,,,,,,,,,,,,,,,
,,,,,,,,,,,,,,,,,,,,,,,,,,,,,,,,,,,,,,,,,,,,,,,,,,,,,,,,,,,,,,,,,,,,,,,,,,,,,,,,,,,,,,,,,,,,,,,,,
,,,,,,,,,,,,,,,,,,,,,,,,,,,,,,,,,,,,,,,,,,,,,,,,,,,,,,,,,,,,,,,,,,,,,,,,,,,,,,,,,,,,,,,,,,,,,,,,,
,,,,,,,,,,,,,,,,,,,,,,,,,,,,,,,,,,,,,,,,,,,,,,,,,,,,,,,,,,,,,,,,,,,,,,,,,,,,,,,,,,,,,,,,,,,,,,,,,
,,,,,,,,,,,,,,,,,,,,,,,,,,,,,,,,,,,,,,,,,,,,,,,,,,,,,,,,,,,,,,,,,,,,,,,,,,,,,,,,,,,,,,,,,,,,,,,,,
,,,,,,,,,,,,,,,,,,,,,,,,,,,,,,,,,,,,,,,,,,,,,,,,,,,,,,,,,,,,,,,,,,,,,,,,,,,,,,,,,,,,,,,,,,,,,,,,,
,,,,,,,,,,,,,,,,,,,,,,,,,,,,,,,,,,,,,,,,,,,,,,,,,,,,,,,,,,,,,,,,,,,,,,,,,,,,,,,,,,,,,,,,,,,,,,,,,
,,,,,,,,,,,,,,,,,,,,,,,,,,,,,,,,,,,,,,,,,,,,,,,,,,,,,,,,,,,,,,,,,,,,,,,,,,,,,,,,,,,,,,,,,,,,,,,,,
,,,,,,,,,,,,,,,,,,,,,,,,,,,,,,,,,,,,,,,,,,,,,,,,,,,,,,,,,,,,,,,,,,,,,,,,,,,,,,,,,,,,,,,,,,,,,,,,,
,,,,,,,,,,,,,,,,,,,,,,,,,,,,,,,,,,,,,,,,,,,,,,,,,,,,,,,,,,,,,,,,,,,,,,,,,,,,,,,,,,,,,,,,,,,,,,,,,
,,,,,,,,,,,,,,,,,,,,,,,,,,,,,,,,,,,,,,,,,,,,,,,,,,,,,,,,,,,,,,,,,,,,,,,,,,,,,,,,,,,,,,,,,,,,,,,,,
,,,,,,,,,,,,,,,,,,,,,,,,,,,,,,,,,,,,,,,,,,,,,,,,,,,,,,,,,,,,,,,,,,,,,,,,,,,,,,,,,,,,,,,,,,,,,,,,,
,,,,,,,,,,,,,,,,,,,,,,,,,,,,,,,,,,,,,,,,,,,,,,,,,,,,,,,,,,,,,,,,,,,,,,,,,,,,,,,,,,,,,,,,,,,,,,,,,
,,,,,,,,,,,,,,,,,,,,,,,,,,,,,,,,,,,,,,,,,,,,,,,,,,,,,,,,,,,,,,,,,,,,,,,,,,,,,,,,,,,,,,,,,,,,,,,,,
,,,,,,,,,,,,,,,,,,,,,,,,,,,,,,,,,,,,,,,,,,,,,,,,,,,,,,,,,,,,,,,,,,,,,,,,,,,,,,,,,,,,,,,,,,,,,,,,,
,,,,,,,,,,,,,,,,,,,,,,,,,,,,,,,,,,,,,,,,,,,,,,,,,,,,,,,,,,,,,,,,,,,,,,,,,,,,,,,,,,,,,,,,,,,,,,,,,
,,,,,,,,,,,,,,,,,,,,,,,,,,,,,,,,,,,,,,,,,,,,,,,,,,,,,,,,,,,,,,,,,,,,,,,,,,,,,,,,,,,,,,,,,,,,,,,,,
,,,,,,,,,,,,,,,,,,,,,,,,,,,,,,,,,,,,,,,,,,,,,,,,,,,,,,,,,,,,,,,,,,,,,,,,,,,,,,,,,,,,,,,,,,,,,,,,,
,,,,,,,,,,,,,,,,,,,,,,,,,,,,,,,,,,,,,,,,,,,,,,,,,,,,,,,,,,,,,,,,,,,,,,,,,,,,,,,,,,,,,,,,,,,,,,,,,
,,,,,,,,,,,,,,,,,,,,,,,,,,,,,,,,,,,,,,,,,,,,,,,,,,,,,,,,,,,,,,,,,,,,,,,,,,,,,,,,,,,,,,,,,,,,,,,,,
,,,,,,,,,,,,,,,,,,,,,,,,,,,,,,,,,,,,,,,,,,,,,,,,,,,,,,,,,,,,,,,,,,,,,,,,,,,,,,,,,,,,,,,,,,,,,,,,,