Time,Temp,A1,A2,A3,A4,A5,A6,A7,A8,A9,A10,A11,A12,B1,B2,B3,B4,B5,B6,B7,B8,B9,B10,B11,B12,C1,C2,C3,C4,C5,C6,C7,C8,C9,C10,C11,C12,D1,D2,D3,D4,D5,D6,D7,D8,D9,D10,D11,D12,E1,E2,E3,E4,E5,E6,E7,E8,E9,E10,E11,E12,F1,F2,F3,F4,F5,F6,F7,F8,F9,F10,F11,F12,G1,G2,G3,G4,G5,G6,G7,G8,G9,G10,G11,G12,H1,H2,H3,H4,H5,H6,H7,H8,H9,H10,H11,H12,TimeS,TimeH,BlankMean
0:00:03,29,0.086,0.086,0.086,0.087,0.087,0.085,0.086,0.086,0.091,0.089,0.087,0.087,0.03975,0.04975,0.04875,0.02975,0.03475,0.02675,0.06875,0.08475,0.08075,0.08875,0.09675,0.03275,0.03075,0.05175,0.07575,0.05075,0.06875,0.07275,0.08775,0.09275,0.08375,0.08875,0.09275,0.03675,0.03275,0.04775,0.07875,0.06275,0.08175,0.07575,0.08875,0.09475,0.08675,0.10175,0.09975,0.03875,0.03475,0.05275,0.08475,0.06175,0.08475,0.07275,0.09075,0.10275,0.09275,0.09375,0.09375,0.03875,0.02975,0.04975,0.07475,0.04875,0.07175,0.07875,0.09375,0.10275,0.09775,0.09975,0.09775,0.05175,0.03175,0.02775,0.02675,0.02975,0.07575,0.08375,0.08475,0.09275,0.09875,0.09275,0.146,0.089,0.02475,0.03075,0.03075,0.02975,0.03675,0.03375,0.03175,0.03575,0.03575,0.03375,0.082,0.084,2.90975,0,0.09025
0:10:03,27.7,0.085,0.086,0.086,0.086,0.088,0.084,0.086,0.085,0.091,0.09,0.088,0.085,0.042875,0.051875,0.051875,0.032875,0.037875,0.028875,0.032875,0.039875,0.029875,0.031875,0.040875,0.039875,0.034875,0.054875,0.048875,0.034875,0.037875,0.031875,0.032875,0.038875,0.028875,0.032875,0.037875,0.039875,0.035875,0.050875,0.048875,0.035875,0.043875,0.032875,0.031875,0.041875,0.031875,0.048875,0.042875,0.041875,0.036875,0.055875,0.052875,0.035875,0.044875,0.032875,0.034875,0.040875,0.031875,0.035875,0.037875,0.041875,0.032875,0.053875,0.049875,0.032875,0.040875,0.037875,0.033875,0.042875,0.033875,0.035875,0.045875,0.053875,0.035875,0.031875,0.030875,0.033875,0.035875,0.035875,0.031875,0.035875,0.037875,0.032875,0.084,0.089,0.027875,0.033875,0.033875,0.032875,0.042875,0.036875,0.034875,0.038875,0.038875,0.036875,0.082,0.083,602.913875,0.081375,0.086125
0:20:03,27,0.085,0.086,0.086,0.086,0.088,0.084,0.086,0.085,0.091,0.09,0.088,0.085,0.041875,0.050875,0.050875,0.032875,0.037875,0.029875,0.032875,0.039875,0.029875,0.031875,0.039875,0.038875,0.034875,0.054875,0.048875,0.034875,0.037875,0.030875,0.032875,0.038875,0.029875,0.032875,0.037875,0.047875,0.035875,0.050875,0.048875,0.035875,0.043875,0.033875,0.032875,0.041875,0.031875,0.048875,0.042875,0.042875,0.036875,0.055875,0.052875,0.035875,0.044875,0.032875,0.035875,0.041875,0.031875,0.035875,0.037875,0.041875,0.032875,0.053875,0.049875,0.032875,0.040875,0.036875,0.033875,0.042875,0.032875,0.036875,0.044875,0.053875,0.035875,0.030875,0.029875,0.033875,0.035875,0.035875,0.031875,0.035875,0.036875,0.032875,0.084,0.089,0.027875,0.032875,0.033875,0.032875,0.040875,0.035875,0.034875,0.038875,0.038875,0.036875,0.082,0.083,1202.913875,0.248041666666667,0.086125
0:30:03,26.5,0.085,0.086,0.086,0.086,0.088,0.084,0.086,0.085,0.091,0.09,0.087,0.085,0.0419375,0.0519375,0.0519375,0.0329375,0.0379375,0.0299375,0.0329375,0.0399375,0.0299375,0.0319375,0.0399375,0.0389375,0.0349375,0.0539375,0.0489375,0.0359375,0.0389375,0.0319375,0.0339375,0.0389375,0.0289375,0.0329375,0.0379375,0.0479375,0.0359375,0.0509375,0.0489375,0.0359375,0.0439375,0.0339375,0.0329375,0.0419375,0.0319375,0.0489375,0.0429375,0.0429375,0.0369375,0.0549375,0.0539375,0.0369375,0.0439375,0.0319375,0.0349375,0.0419375,0.0329375,0.0359375,0.0379375,0.0419375,0.0339375,0.0539375,0.0509375,0.0339375,0.0409375,0.0359375,0.0339375,0.0439375,0.0329375,0.0369375,0.0459375,0.0549375,0.0359375,0.0309375,0.0299375,0.0339375,0.0359375,0.0359375,0.0329375,0.0359375,0.0379375,0.0329375,0.084,0.089,0.0269375,0.0329375,0.0339375,0.0319375,0.0409375,0.0359375,0.0349375,0.0389375,0.0389375,0.0369375,0.082,0.083,1802.9139375,0.414770833333333,0.0860625
0:40:03,26.1,0.085,0.086,0.086,0.086,0.088,0.084,0.086,0.085,0.091,0.09,0.088,0.085,0.041875,0.050875,0.052875,0.033875,0.038875,0.028875,0.033875,0.039875,0.029875,0.031875,0.040875,0.036875,0.034875,0.054875,0.048875,0.034875,0.038875,0.032875,0.033875,0.039875,0.029875,0.033875,0.037875,0.040875,0.035875,0.049875,0.049875,0.035875,0.044875,0.033875,0.033875,0.041875,0.031875,0.049875,0.042875,0.042875,0.036875,0.054875,0.053875,0.036875,0.043875,0.032875,0.035875,0.042875,0.032875,0.035875,0.038875,0.041875,0.032875,0.053875,0.049875,0.033875,0.039875,0.036875,0.033875,0.043875,0.033875,0.036875,0.044875,0.054875,0.035875,0.030875,0.029875,0.033875,0.035875,0.034875,0.032875,0.035875,0.037875,0.032875,0.084,0.089,0.027875,0.033875,0.033875,0.032875,0.040875,0.036875,0.034875,0.038875,0.038875,0.036875,0.082,0.083,2402.913875,0.581375,0.086125
0:50:03,25.8,0.085,0.086,0.086,0.086,0.088,0.084,0.086,0.085,0.091,0.09,0.088,0.085,0.042875,0.051875,0.053875,0.033875,0.039875,0.029875,0.033875,0.039875,0.029875,0.032875,0.038875,0.037875,0.034875,0.054875,0.049875,0.034875,0.038875,0.032875,0.034875,0.039875,0.029875,0.033875,0.037875,0.039875,0.035875,0.050875,0.048875,0.035875,0.044875,0.033875,0.033875,0.042875,0.032875,0.050875,0.042875,0.041875,0.036875,0.056875,0.053875,0.035875,0.044875,0.032875,0.035875,0.042875,0.032875,0.035875,0.038875,0.041875,0.032875,0.053875,0.050875,0.032875,0.039875,0.035875,0.034875,0.044875,0.033875,0.036875,0.044875,0.053875,0.036875,0.030875,0.030875,0.032875,0.035875,0.035875,0.032875,0.034875,0.037875,0.032875,0.084,0.089,0.026875,0.032875,0.033875,0.031875,0.039875,0.035875,0.033875,0.038875,0.037875,0.036875,0.082,0.083,3002.913875,0.748041666666667,0.086125
1:00:03,25.5,0.085,0.086,0.086,0.086,0.088,0.084,0.086,0.085,0.091,0.09,0.088,0.085,0.042875,0.052875,0.053875,0.034875,0.038875,0.029875,0.034875,0.039875,0.030875,0.032875,0.040875,0.037875,0.034875,0.055875,0.049875,0.035875,0.038875,0.032875,0.035875,0.040875,0.029875,0.033875,0.037875,0.046875,0.036875,0.051875,0.047875,0.036875,0.044875,0.033875,0.034875,0.042875,0.032875,0.050875,0.042875,0.042875,0.037875,0.056875,0.053875,0.035875,0.044875,0.032875,0.036875,0.042875,0.032875,0.036875,0.039875,0.042875,0.032875,0.053875,0.049875,0.032875,0.038875,0.036875,0.035875,0.044875,0.033875,0.036875,0.044875,0.055875,0.035875,0.030875,0.030875,0.033875,0.035875,0.035875,0.032875,0.036875,0.037875,0.033875,0.084,0.089,0.027875,0.032875,0.033875,0.030875,0.041875,0.035875,0.032875,0.038875,0.037875,0.036875,0.082,0.083,3602.913875,0.914708333333333,0.086125
1:10:03,25.3,0.085,0.086,0.086,0.086,0.088,0.084,0.086,0.085,0.091,0.09,0.088,0.085,0.043875,0.053875,0.053875,0.034875,0.039875,0.028875,0.033875,0.039875,0.030875,0.032875,0.040875,0.035875,0.034875,0.055875,0.048875,0.035875,0.039875,0.032875,0.035875,0.040875,0.030875,0.033875,0.037875,0.037875,0.036875,0.051875,0.047875,0.036875,0.044875,0.033875,0.035875,0.043875,0.032875,0.050875,0.042875,0.042875,0.036875,0.056875,0.053875,0.036875,0.045875,0.032875,0.037875,0.043875,0.033875,0.036875,0.039875,0.041875,0.032875,0.054875,0.050875,0.032875,0.038875,0.037875,0.036875,0.045875,0.034875,0.037875,0.044875,0.054875,0.036875,0.031875,0.030875,0.033875,0.036875,0.034875,0.033875,0.036875,0.038875,0.033875,0.084,0.089,0.026875,0.033875,0.033875,0.032875,0.039875,0.035875,0.033875,0.037875,0.036875,0.036875,0.082,0.083,4202.913875,1.081375,0.086125
1:20:03,25.1,0.085,0.086,0.086,0.086,0.088,0.084,0.086,0.085,0.091,0.09,0.088,0.085,0.043875,0.054875,0.054875,0.035875,0.037875,0.029875,0.034875,0.039875,0.028875,0.031875,0.039875,0.034875,0.034875,0.055875,0.048875,0.036875,0.039875,0.033875,0.036875,0.041875,0.030875,0.034875,0.038875,0.044875,0.036875,0.051875,0.048875,0.037875,0.044875,0.034875,0.036875,0.044875,0.033875,0.051875,0.043875,0.042875,0.036875,0.057875,0.053875,0.036875,0.045875,0.033875,0.037875,0.043875,0.033875,0.036875,0.039875,0.041875,0.031875,0.055875,0.050875,0.033875,0.039875,0.037875,0.037875,0.045875,0.034875,0.037875,0.044875,0.052875,0.036875,0.031875,0.030875,0.033875,0.036875,0.034875,0.034875,0.037875,0.038875,0.033875,0.084,0.089,0.027875,0.033875,0.033875,0.032875,0.041875,0.036875,0.033875,0.038875,0.036875,0.036875,0.082,0.083,4802.913875,1.24804166666667,0.086125
1:30:03,24.9,0.085,0.086,0.086,0.086,0.088,0.084,0.086,0.085,0.091,0.09,0.088,0.085,0.042875,0.054875,0.053875,0.034875,0.036875,0.028875,0.035875,0.039875,0.030875,0.030875,0.038875,0.035875,0.034875,0.055875,0.049875,0.036875,0.040875,0.033875,0.035875,0.040875,0.030875,0.034875,0.037875,0.044875,0.037875,0.051875,0.048875,0.037875,0.045875,0.034875,0.037875,0.044875,0.034875,0.050875,0.043875,0.041875,0.037875,0.057875,0.053875,0.037875,0.045875,0.033875,0.039875,0.044875,0.033875,0.036875,0.039875,0.041875,0.032875,0.056875,0.050875,0.034875,0.041875,0.038875,0.037875,0.045875,0.034875,0.037875,0.045875,0.054875,0.036875,0.031875,0.030875,0.034875,0.037875,0.035875,0.034875,0.035875,0.037875,0.033875,0.084,0.089,0.027875,0.033875,0.032875,0.033875,0.040875,0.036875,0.031875,0.038875,0.036875,0.035875,0.082,0.083,5402.913875,1.41470833333333,0.086125
1:40:03,24.8,0.085,0.086,0.086,0.087,0.088,0.084,0.086,0.085,0.091,0.09,0.088,0.085,0.0438125,0.0538125,0.0498125,0.0328125,0.0368125,0.0298125,0.0348125,0.0398125,0.0308125,0.0318125,0.0398125,0.0368125,0.0348125,0.0548125,0.0498125,0.0378125,0.0408125,0.0348125,0.0348125,0.0388125,0.0308125,0.0348125,0.0378125,0.0448125,0.0378125,0.0528125,0.0488125,0.0378125,0.0458125,0.0358125,0.0378125,0.0458125,0.0348125,0.0518125,0.0438125,0.0428125,0.0388125,0.0588125,0.0548125,0.0388125,0.0468125,0.0338125,0.0398125,0.0448125,0.0348125,0.0368125,0.0388125,0.0418125,0.0308125,0.0568125,0.0518125,0.0358125,0.0418125,0.0398125,0.0378125,0.0468125,0.0358125,0.0378125,0.0458125,0.0548125,0.0378125,0.0328125,0.0318125,0.0358125,0.0388125,0.0368125,0.0348125,0.0368125,0.0388125,0.0338125,0.084,0.089,0.0288125,0.0338125,0.0328125,0.0318125,0.0418125,0.0378125,0.0318125,0.0378125,0.0368125,0.0348125,0.082,0.083,6002.9138125,1.5813125,0.0861875
1:50:03,24.7,0.085,0.086,0.086,0.086,0.088,0.084,0.086,0.085,0.091,0.09,0.088,0.085,0.042875,0.054875,0.049875,0.033875,0.035875,0.029875,0.034875,0.040875,0.030875,0.031875,0.039875,0.035875,0.035875,0.055875,0.049875,0.037875,0.040875,0.034875,0.036875,0.038875,0.030875,0.034875,0.037875,0.046875,0.037875,0.052875,0.049875,0.037875,0.045875,0.035875,0.037875,0.045875,0.033875,0.051875,0.043875,0.041875,0.038875,0.058875,0.054875,0.038875,0.046875,0.033875,0.039875,0.044875,0.033875,0.036875,0.038875,0.040875,0.032875,0.056875,0.051875,0.035875,0.042875,0.039875,0.038875,0.045875,0.034875,0.037875,0.045875,0.055875,0.036875,0.033875,0.031875,0.036875,0.038875,0.035875,0.034875,0.036875,0.037875,0.034875,0.084,0.089,0.029875,0.032875,0.033875,0.031875,0.041875,0.037875,0.032875,0.038875,0.036875,0.035875,0.082,0.083,6602.913875,1.74804166666667,0.086125
2:00:03,24.6,0.085,0.086,0.086,0.086,0.088,0.084,0.086,0.085,0.091,0.09,0.088,0.085,0.043875,0.055875,0.048875,0.033875,0.037875,0.029875,0.033875,0.039875,0.030875,0.031875,0.039875,0.035875,0.036875,0.055875,0.049875,0.037875,0.041875,0.034875,0.036875,0.039875,0.031875,0.033875,0.038875,0.046875,0.036875,0.053875,0.049875,0.037875,0.045875,0.035875,0.038875,0.045875,0.033875,0.051875,0.043875,0.041875,0.039875,0.058875,0.054875,0.038875,0.046875,0.034875,0.040875,0.044875,0.033875,0.036875,0.039875,0.040875,0.033875,0.056875,0.051875,0.035875,0.043875,0.038875,0.039875,0.046875,0.034875,0.038875,0.045875,0.054875,0.037875,0.033875,0.032875,0.036875,0.038875,0.033875,0.036875,0.037875,0.038875,0.034875,0.084,0.089,0.028875,0.033875,0.033875,0.031875,0.042875,0.037875,0.033875,0.038875,0.037875,0.035875,0.082,0.083,7202.913875,1.91470833333333,0.086125
2:10:03,24.5,0.085,0.086,0.086,0.086,0.088,0.084,0.086,0.085,0.091,0.09,0.088,0.085,0.043875,0.056875,0.049875,0.032875,0.037875,0.029875,0.034875,0.039875,0.030875,0.031875,0.039875,0.036875,0.037875,0.056875,0.050875,0.037875,0.041875,0.034875,0.036875,0.039875,0.031875,0.034875,0.038875,0.046875,0.037875,0.053875,0.049875,0.037875,0.046875,0.035875,0.038875,0.044875,0.033875,0.051875,0.044875,0.042875,0.039875,0.058875,0.054875,0.039875,0.046875,0.034875,0.040875,0.045875,0.033875,0.036875,0.039875,0.040875,0.034875,0.056875,0.051875,0.036875,0.043875,0.038875,0.039875,0.046875,0.034875,0.038875,0.045875,0.054875,0.038875,0.034875,0.033875,0.036875,0.038875,0.033875,0.037875,0.037875,0.038875,0.034875,0.084,0.089,0.028875,0.034875,0.034875,0.031875,0.042875,0.038875,0.033875,0.038875,0.036875,0.035875,0.082,0.083,7802.913875,2.081375,0.086125
2:20:03,24.4,0.085,0.086,0.086,0.086,0.088,0.084,0.086,0.085,0.091,0.09,0.088,0.085,0.043875,0.055875,0.050875,0.033875,0.037875,0.029875,0.035875,0.039875,0.029875,0.032875,0.039875,0.037875,0.036875,0.056875,0.050875,0.037875,0.041875,0.035875,0.037875,0.040875,0.031875,0.034875,0.038875,0.045875,0.036875,0.053875,0.050875,0.038875,0.046875,0.036875,0.038875,0.043875,0.034875,0.051875,0.044875,0.043875,0.039875,0.058875,0.054875,0.039875,0.047875,0.034875,0.040875,0.045875,0.033875,0.036875,0.039875,0.040875,0.034875,0.056875,0.051875,0.036875,0.043875,0.039875,0.039875,0.046875,0.034875,0.039875,0.045875,0.054875,0.038875,0.034875,0.033875,0.037875,0.037875,0.034875,0.038875,0.037875,0.038875,0.035875,0.084,0.089,0.028875,0.035875,0.034875,0.032875,0.042875,0.038875,0.033875,0.039875,0.037875,0.035875,0.082,0.083,8402.913875,2.24804166666667,0.086125
2:30:03,24.3,0.085,0.086,0.086,0.086,0.088,0.084,0.086,0.085,0.091,0.09,0.088,0.085,0.044875,0.053875,0.050875,0.033875,0.037875,0.029875,0.035875,0.040875,0.030875,0.033875,0.039875,0.037875,0.035875,0.056875,0.050875,0.037875,0.041875,0.035875,0.037875,0.040875,0.032875,0.035875,0.038875,0.046875,0.035875,0.053875,0.050875,0.038875,0.046875,0.035875,0.039875,0.044875,0.034875,0.050875,0.044875,0.043875,0.039875,0.058875,0.054875,0.038875,0.047875,0.034875,0.040875,0.044875,0.033875,0.036875,0.039875,0.041875,0.035875,0.056875,0.051875,0.036875,0.043875,0.039875,0.040875,0.046875,0.034875,0.039875,0.046875,0.055875,0.038875,0.034875,0.033875,0.037875,0.036875,0.034875,0.038875,0.037875,0.038875,0.035875,0.084,0.089,0.029875,0.035875,0.035875,0.033875,0.042875,0.038875,0.032875,0.039875,0.036875,0.035875,0.082,0.083,9002.913875,2.41470833333333,0.086125
2:40:03,24.3,0.085,0.086,0.086,0.086,0.088,0.084,0.086,0.085,0.091,0.09,0.088,0.085,0.044875,0.054875,0.051875,0.033875,0.037875,0.029875,0.035875,0.040875,0.030875,0.034875,0.040875,0.037875,0.035875,0.056875,0.050875,0.037875,0.040875,0.034875,0.038875,0.040875,0.032875,0.035875,0.039875,0.046875,0.036875,0.052875,0.050875,0.038875,0.046875,0.035875,0.039875,0.044875,0.034875,0.051875,0.044875,0.043875,0.039875,0.058875,0.054875,0.038875,0.047875,0.034875,0.040875,0.044875,0.034875,0.036875,0.039875,0.040875,0.035875,0.056875,0.051875,0.036875,0.043875,0.038875,0.040875,0.046875,0.035875,0.039875,0.046875,0.055875,0.038875,0.034875,0.034875,0.036875,0.035875,0.034875,0.037875,0.037875,0.038875,0.035875,0.084,0.089,0.029875,0.035875,0.035875,0.034875,0.041875,0.038875,0.032875,0.039875,0.037875,0.036875,0.082,0.083,9602.913875,2.581375,0.086125
2:50:03,24.2,0.085,0.086,0.086,0.087,0.088,0.084,0.086,0.085,0.091,0.09,0.088,0.085,0.0458125,0.0538125,0.0518125,0.0348125,0.0378125,0.0308125,0.0358125,0.0418125,0.0318125,0.0348125,0.0398125,0.0378125,0.0368125,0.0568125,0.0508125,0.0378125,0.0408125,0.0338125,0.0388125,0.0418125,0.0328125,0.0358125,0.0388125,0.0468125,0.0378125,0.0528125,0.0508125,0.0388125,0.0468125,0.0358125,0.0398125,0.0448125,0.0348125,0.0518125,0.0448125,0.0438125,0.0398125,0.0588125,0.0548125,0.0388125,0.0478125,0.0348125,0.0408125,0.0448125,0.0348125,0.0368125,0.0398125,0.0408125,0.0348125,0.0568125,0.0518125,0.0368125,0.0438125,0.0388125,0.0408125,0.0468125,0.0358125,0.0408125,0.0468125,0.0568125,0.0398125,0.0348125,0.0348125,0.0368125,0.0368125,0.0358125,0.0378125,0.0378125,0.0398125,0.0368125,0.084,0.089,0.0298125,0.0358125,0.0358125,0.0348125,0.0428125,0.0388125,0.0328125,0.0398125,0.0368125,0.0368125,0.082,0.083,10202.9138125,2.74797916666667,0.0861875
3:00:03,24.2,0.085,0.086,0.086,0.087,0.088,0.085,0.086,0.085,0.091,0.09,0.088,0.085,0.04675,0.05475,0.05075,0.03575,0.03675,0.02975,0.03575,0.04175,0.03175,0.03575,0.03975,0.03875,0.03775,0.05675,0.05075,0.03775,0.04075,0.03475,0.03975,0.04175,0.03275,0.03675,0.03875,0.04575,0.03875,0.05275,0.05075,0.03875,0.04675,0.03575,0.03975,0.04475,0.03475,0.05175,0.04475,0.04375,0.03975,0.05875,0.05475,0.03875,0.04775,0.03475,0.04075,0.04475,0.03475,0.03775,0.03975,0.04075,0.03475,0.05575,0.05175,0.03675,0.04275,0.03875,0.04075,0.04675,0.03675,0.04075,0.04675,0.05675,0.03975,0.03575,0.03475,0.03675,0.03675,0.03675,0.03775,0.03875,0.03975,0.03675,0.084,0.089,0.02975,0.03575,0.03675,0.03475,0.04375,0.03875,0.03375,0.04075,0.03675,0.03675,0.082,0.083,10802.91375,2.91458333333333,0.08625
3:10:03,24.1,0.085,0.086,0.086,0.086,0.088,0.084,0.086,0.085,0.091,0.09,0.088,0.085,0.046875,0.053875,0.052875,0.034875,0.035875,0.029875,0.036875,0.041875,0.031875,0.035875,0.039875,0.035875,0.037875,0.056875,0.050875,0.037875,0.040875,0.034875,0.039875,0.041875,0.032875,0.036875,0.038875,0.044875,0.038875,0.052875,0.049875,0.038875,0.045875,0.035875,0.039875,0.044875,0.034875,0.051875,0.044875,0.043875,0.039875,0.058875,0.054875,0.038875,0.047875,0.034875,0.039875,0.044875,0.034875,0.037875,0.039875,0.040875,0.034875,0.055875,0.051875,0.036875,0.042875,0.038875,0.040875,0.046875,0.036875,0.040875,0.046875,0.055875,0.039875,0.035875,0.034875,0.036875,0.037875,0.037875,0.037875,0.038875,0.039875,0.036875,0.084,0.089,0.029875,0.035875,0.036875,0.034875,0.043875,0.038875,0.034875,0.040875,0.036875,0.035875,0.082,0.083,11402.913875,3.081375,0.086125
3:20:03,24.1,0.085,0.086,0.086,0.086,0.088,0.084,0.086,0.085,0.091,0.09,0.088,0.085,0.045875,0.053875,0.052875,0.035875,0.035875,0.029875,0.035875,0.041875,0.031875,0.035875,0.040875,0.037875,0.037875,0.056875,0.050875,0.036875,0.039875,0.034875,0.039875,0.041875,0.032875,0.036875,0.039875,0.044875,0.037875,0.052875,0.049875,0.038875,0.045875,0.035875,0.039875,0.044875,0.034875,0.052875,0.044875,0.043875,0.039875,0.058875,0.054875,0.038875,0.046875,0.033875,0.039875,0.044875,0.034875,0.037875,0.040875,0.040875,0.034875,0.055875,0.051875,0.035875,0.042875,0.038875,0.040875,0.046875,0.036875,0.040875,0.046875,0.056875,0.039875,0.035875,0.034875,0.036875,0.037875,0.038875,0.037875,0.038875,0.040875,0.037875,0.084,0.089,0.029875,0.036875,0.037875,0.033875,0.043875,0.039875,0.034875,0.041875,0.037875,0.036875,0.082,0.083,12002.913875,3.24804166666667,0.086125
3:30:03,24,0.085,0.086,0.086,0.086,0.088,0.084,0.086,0.085,0.091,0.09,0.088,0.085,0.045875,0.053875,0.052875,0.035875,0.036875,0.029875,0.035875,0.041875,0.031875,0.035875,0.040875,0.037875,0.036875,0.057875,0.050875,0.036875,0.039875,0.033875,0.039875,0.041875,0.032875,0.036875,0.039875,0.043875,0.036875,0.052875,0.050875,0.038875,0.045875,0.035875,0.039875,0.044875,0.034875,0.052875,0.045875,0.043875,0.039875,0.058875,0.055875,0.038875,0.046875,0.033875,0.039875,0.044875,0.034875,0.038875,0.040875,0.041875,0.034875,0.055875,0.051875,0.035875,0.041875,0.037875,0.040875,0.046875,0.036875,0.040875,0.046875,0.056875,0.039875,0.035875,0.035875,0.035875,0.037875,0.038875,0.037875,0.038875,0.040875,0.037875,0.084,0.089,0.030875,0.036875,0.037875,0.034875,0.043875,0.039875,0.034875,0.041875,0.037875,0.036875,0.082,0.083,12602.913875,3.41470833333333,0.086125
3:40:03,24,0.085,0.086,0.086,0.087,0.088,0.084,0.086,0.085,0.091,0.09,0.088,0.085,0.0458125,0.0538125,0.0508125,0.0358125,0.0378125,0.0298125,0.0358125,0.0418125,0.0328125,0.0358125,0.0408125,0.0388125,0.0368125,0.0568125,0.0508125,0.0378125,0.0398125,0.0338125,0.0398125,0.0418125,0.0328125,0.0368125,0.0398125,0.0438125,0.0358125,0.0528125,0.0508125,0.0378125,0.0458125,0.0358125,0.0398125,0.0448125,0.0348125,0.0528125,0.0458125,0.0428125,0.0408125,0.0588125,0.0558125,0.0388125,0.0468125,0.0338125,0.0398125,0.0448125,0.0358125,0.0388125,0.0408125,0.0418125,0.0348125,0.0558125,0.0518125,0.0358125,0.0418125,0.0378125,0.0398125,0.0468125,0.0368125,0.0408125,0.0478125,0.0568125,0.0388125,0.0358125,0.0358125,0.0358125,0.0378125,0.0398125,0.0368125,0.0388125,0.0408125,0.0378125,0.084,0.089,0.0298125,0.0368125,0.0378125,0.0358125,0.0438125,0.0398125,0.0358125,0.0418125,0.0378125,0.0378125,0.082,0.083,13202.9138125,3.5813125,0.0861875
3:50:03,24,0.085,0.086,0.086,0.087,0.088,0.084,0.086,0.085,0.091,0.09,0.088,0.086,0.04575,0.05375,0.05075,0.03575,0.03775,0.02975,0.03575,0.04175,0.03275,0.03575,0.04175,0.03775,0.03875,0.05775,0.05075,0.03775,0.03875,0.03375,0.03975,0.04175,0.03275,0.03775,0.03975,0.04275,0.03575,0.05275,0.05075,0.03775,0.04475,0.03575,0.03975,0.04475,0.03475,0.05275,0.04575,0.04275,0.04075,0.05875,0.05575,0.03875,0.04675,0.03375,0.03975,0.04475,0.03575,0.03875,0.04075,0.04175,0.03575,0.05575,0.05175,0.03575,0.04175,0.03775,0.04075,0.04675,0.03575,0.04175,0.04775,0.05675,0.03875,0.03575,0.03575,0.03575,0.03775,0.03875,0.03775,0.03875,0.04075,0.03775,0.084,0.089,0.02975,0.03675,0.03775,0.03575,0.04475,0.03975,0.03575,0.04175,0.03775,0.03775,0.082,0.083,13802.91375,3.74791666666667,0.08625
4:00:03,24,0.085,0.086,0.086,0.086,0.088,0.084,0.086,0.085,0.091,0.09,0.088,0.085,0.044875,0.053875,0.049875,0.035875,0.037875,0.029875,0.035875,0.041875,0.031875,0.035875,0.042875,0.039875,0.038875,0.056875,0.050875,0.036875,0.038875,0.033875,0.039875,0.041875,0.032875,0.037875,0.039875,0.043875,0.035875,0.052875,0.050875,0.037875,0.044875,0.035875,0.039875,0.044875,0.034875,0.053875,0.045875,0.042875,0.040875,0.058875,0.055875,0.038875,0.045875,0.033875,0.039875,0.044875,0.035875,0.038875,0.040875,0.041875,0.035875,0.055875,0.051875,0.035875,0.040875,0.037875,0.039875,0.046875,0.035875,0.041875,0.047875,0.055875,0.038875,0.035875,0.035875,0.034875,0.036875,0.038875,0.037875,0.038875,0.040875,0.037875,0.084,0.089,0.029875,0.036875,0.037875,0.036875,0.043875,0.039875,0.035875,0.041875,0.037875,0.037875,0.082,0.083,14402.913875,3.91470833333333,0.086125
4:10:03,23.9,0.085,0.086,0.086,0.086,0.088,0.084,0.086,0.085,0.091,0.09,0.088,0.086,0.0448125,0.0538125,0.0518125,0.0358125,0.0388125,0.0288125,0.0348125,0.0408125,0.0328125,0.0358125,0.0428125,0.0398125,0.0378125,0.0578125,0.0508125,0.0368125,0.0378125,0.0328125,0.0398125,0.0418125,0.0328125,0.0378125,0.0398125,0.0438125,0.0358125,0.0528125,0.0508125,0.0378125,0.0438125,0.0348125,0.0398125,0.0448125,0.0348125,0.0528125,0.0468125,0.0438125,0.0418125,0.0588125,0.0558125,0.0378125,0.0458125,0.0338125,0.0398125,0.0448125,0.0358125,0.0388125,0.0408125,0.0428125,0.0368125,0.0558125,0.0518125,0.0358125,0.0408125,0.0378125,0.0408125,0.0468125,0.0368125,0.0418125,0.0488125,0.0568125,0.0378125,0.0358125,0.0358125,0.0348125,0.0358125,0.0378125,0.0378125,0.0388125,0.0418125,0.0378125,0.084,0.089,0.0308125,0.0378125,0.0388125,0.0368125,0.0448125,0.0398125,0.0358125,0.0418125,0.0378125,0.0378125,0.082,0.083,15002.9138125,4.0813125,0.0861875
4:20:03,23.9,0.085,0.086,0.086,0.087,0.088,0.084,0.086,0.085,0.091,0.09,0.088,0.085,0.0458125,0.0528125,0.0528125,0.0368125,0.0388125,0.0288125,0.0358125,0.0418125,0.0328125,0.0358125,0.0428125,0.0398125,0.0388125,0.0578125,0.0508125,0.0368125,0.0378125,0.0328125,0.0408125,0.0418125,0.0328125,0.0378125,0.0408125,0.0448125,0.0358125,0.0528125,0.0508125,0.0368125,0.0438125,0.0348125,0.0398125,0.0448125,0.0358125,0.0538125,0.0468125,0.0448125,0.0418125,0.0588125,0.0558125,0.0378125,0.0458125,0.0338125,0.0398125,0.0448125,0.0358125,0.0388125,0.0418125,0.0428125,0.0378125,0.0558125,0.0518125,0.0348125,0.0408125,0.0378125,0.0398125,0.0468125,0.0358125,0.0418125,0.0488125,0.0568125,0.0378125,0.0358125,0.0358125,0.0348125,0.0348125,0.0378125,0.0378125,0.0388125,0.0408125,0.0388125,0.084,0.089,0.0308125,0.0378125,0.0388125,0.0358125,0.0448125,0.0398125,0.0358125,0.0418125,0.0378125,0.0378125,0.082,0.083,15602.9138125,4.24797916666667,0.0861875
4:30:03,23.9,0.085,0.086,0.086,0.087,0.088,0.084,0.086,0.085,0.091,0.09,0.088,0.085,0.0458125,0.0528125,0.0528125,0.0358125,0.0388125,0.0288125,0.0358125,0.0418125,0.0328125,0.0348125,0.0428125,0.0398125,0.0378125,0.0568125,0.0508125,0.0358125,0.0378125,0.0328125,0.0408125,0.0418125,0.0328125,0.0388125,0.0408125,0.0438125,0.0368125,0.0528125,0.0508125,0.0368125,0.0438125,0.0348125,0.0398125,0.0448125,0.0348125,0.0538125,0.0468125,0.0458125,0.0418125,0.0598125,0.0558125,0.0378125,0.0448125,0.0328125,0.0408125,0.0448125,0.0358125,0.0398125,0.0418125,0.0428125,0.0378125,0.0558125,0.0518125,0.0358125,0.0408125,0.0378125,0.0398125,0.0468125,0.0368125,0.0418125,0.0488125,0.0568125,0.0388125,0.0358125,0.0358125,0.0348125,0.0338125,0.0368125,0.0378125,0.0388125,0.0408125,0.0378125,0.084,0.089,0.0318125,0.0388125,0.0388125,0.0368125,0.0448125,0.0398125,0.0358125,0.0418125,0.0388125,0.0378125,0.082,0.083,16202.9138125,4.41464583333333,0.0861875
4:40:03,23.9,0.085,0.086,0.086,0.086,0.088,0.084,0.086,0.085,0.091,0.09,0.088,0.085,0.045875,0.052875,0.051875,0.035875,0.037875,0.028875,0.036875,0.041875,0.032875,0.034875,0.042875,0.039875,0.038875,0.056875,0.050875,0.035875,0.037875,0.032875,0.040875,0.041875,0.031875,0.038875,0.040875,0.043875,0.037875,0.052875,0.050875,0.036875,0.042875,0.034875,0.040875,0.044875,0.034875,0.053875,0.047875,0.045875,0.042875,0.059875,0.056875,0.037875,0.044875,0.032875,0.039875,0.044875,0.035875,0.039875,0.041875,0.042875,0.039875,0.055875,0.051875,0.034875,0.039875,0.036875,0.039875,0.046875,0.035875,0.041875,0.048875,0.055875,0.039875,0.035875,0.035875,0.034875,0.034875,0.036875,0.036875,0.038875,0.040875,0.037875,0.084,0.089,0.031875,0.038875,0.038875,0.035875,0.044875,0.039875,0.035875,0.041875,0.038875,0.037875,0.082,0.083,16802.913875,4.581375,0.086125
4:50:03,23.9,0.085,0.086,0.086,0.086,0.088,0.084,0.086,0.085,0.091,0.09,0.088,0.085,0.046875,0.052875,0.052875,0.034875,0.036875,0.028875,0.037875,0.041875,0.031875,0.034875,0.042875,0.039875,0.038875,0.056875,0.050875,0.034875,0.036875,0.032875,0.040875,0.041875,0.032875,0.038875,0.040875,0.044875,0.037875,0.052875,0.050875,0.035875,0.042875,0.034875,0.040875,0.044875,0.034875,0.053875,0.047875,0.045875,0.043875,0.059875,0.056875,0.037875,0.044875,0.032875,0.039875,0.044875,0.034875,0.039875,0.041875,0.042875,0.040875,0.055875,0.051875,0.035875,0.039875,0.036875,0.039875,0.046875,0.035875,0.041875,0.048875,0.056875,0.040875,0.036875,0.035875,0.034875,0.034875,0.036875,0.037875,0.038875,0.041875,0.037875,0.084,0.089,0.031875,0.038875,0.038875,0.036875,0.044875,0.039875,0.035875,0.041875,0.038875,0.037875,0.082,0.083,17402.913875,4.74804166666667,0.086125
5:00:03,23.9,0.085,0.086,0.086,0.086,0.088,0.084,0.086,0.085,0.091,0.09,0.088,0.085,0.046875,0.052875,0.052875,0.034875,0.035875,0.028875,0.037875,0.040875,0.031875,0.034875,0.042875,0.039875,0.038875,0.057875,0.050875,0.034875,0.035875,0.032875,0.041875,0.041875,0.031875,0.038875,0.040875,0.044875,0.038875,0.052875,0.050875,0.035875,0.042875,0.033875,0.040875,0.044875,0.034875,0.054875,0.047875,0.045875,0.043875,0.058875,0.056875,0.036875,0.043875,0.032875,0.039875,0.044875,0.034875,0.039875,0.041875,0.042875,0.041875,0.055875,0.052875,0.035875,0.039875,0.036875,0.039875,0.046875,0.035875,0.041875,0.049875,0.055875,0.040875,0.036875,0.035875,0.034875,0.035875,0.036875,0.037875,0.038875,0.041875,0.038875,0.084,0.089,0.031875,0.039875,0.038875,0.035875,0.043875,0.039875,0.035875,0.040875,0.038875,0.037875,0.082,0.083,18002.913875,4.91470833333333,0.086125
5:10:03,23.9,0.085,0.086,0.086,0.086,0.088,0.084,0.086,0.085,0.091,0.09,0.088,0.085,0.046875,0.052875,0.052875,0.034875,0.035875,0.028875,0.037875,0.040875,0.031875,0.035875,0.042875,0.039875,0.039875,0.057875,0.050875,0.035875,0.036875,0.031875,0.041875,0.041875,0.031875,0.038875,0.040875,0.044875,0.039875,0.053875,0.050875,0.035875,0.041875,0.033875,0.041875,0.044875,0.034875,0.054875,0.047875,0.046875,0.043875,0.059875,0.056875,0.036875,0.043875,0.031875,0.040875,0.044875,0.035875,0.039875,0.041875,0.042875,0.041875,0.055875,0.052875,0.034875,0.038875,0.036875,0.039875,0.046875,0.035875,0.041875,0.049875,0.056875,0.041875,0.036875,0.035875,0.034875,0.036875,0.036875,0.037875,0.038875,0.041875,0.038875,0.084,0.089,0.032875,0.039875,0.038875,0.035875,0.045875,0.039875,0.035875,0.041875,0.038875,0.038875,0.082,0.083,18602.913875,5.081375,0.086125
5:20:03,23.9,0.085,0.086,0.086,0.086,0.088,0.084,0.086,0.085,0.091,0.09,0.088,0.085,0.045875,0.052875,0.051875,0.033875,0.035875,0.027875,0.038875,0.040875,0.031875,0.035875,0.041875,0.038875,0.039875,0.057875,0.050875,0.035875,0.036875,0.031875,0.042875,0.041875,0.031875,0.038875,0.040875,0.045875,0.039875,0.053875,0.050875,0.035875,0.041875,0.032875,0.041875,0.044875,0.034875,0.055875,0.047875,0.046875,0.043875,0.059875,0.056875,0.036875,0.043875,0.031875,0.040875,0.044875,0.034875,0.040875,0.042875,0.042875,0.041875,0.055875,0.052875,0.034875,0.038875,0.036875,0.040875,0.046875,0.035875,0.041875,0.049875,0.055875,0.041875,0.037875,0.035875,0.034875,0.037875,0.036875,0.038875,0.039875,0.041875,0.038875,0.084,0.089,0.032875,0.040875,0.038875,0.035875,0.044875,0.039875,0.036875,0.041875,0.039875,0.038875,0.082,0.083,19202.913875,5.24804166666667,0.086125
5:30:03,23.8,0.085,0.086,0.086,0.086,0.088,0.084,0.086,0.085,0.091,0.09,0.088,0.085,0.046875,0.052875,0.051875,0.033875,0.034875,0.027875,0.038875,0.040875,0.031875,0.035875,0.041875,0.038875,0.039875,0.057875,0.050875,0.035875,0.035875,0.031875,0.042875,0.041875,0.031875,0.039875,0.041875,0.045875,0.039875,0.053875,0.050875,0.035875,0.041875,0.033875,0.042875,0.044875,0.034875,0.054875,0.047875,0.046875,0.042875,0.060875,0.057875,0.036875,0.042875,0.031875,0.040875,0.044875,0.034875,0.040875,0.041875,0.042875,0.042875,0.055875,0.052875,0.035875,0.037875,0.036875,0.040875,0.046875,0.035875,0.041875,0.049875,0.056875,0.042875,0.037875,0.034875,0.034875,0.037875,0.036875,0.038875,0.039875,0.041875,0.039875,0.084,0.089,0.032875,0.040875,0.038875,0.035875,0.044875,0.040875,0.036875,0.041875,0.039875,0.038875,0.082,0.083,19802.913875,5.41470833333333,0.086125
5:40:03,23.8,0.085,0.086,0.086,0.086,0.088,0.084,0.086,0.085,0.091,0.09,0.088,0.085,0.046875,0.052875,0.051875,0.033875,0.034875,0.027875,0.038875,0.040875,0.031875,0.035875,0.041875,0.039875,0.040875,0.057875,0.050875,0.035875,0.035875,0.031875,0.042875,0.041875,0.031875,0.038875,0.041875,0.045875,0.039875,0.054875,0.050875,0.034875,0.040875,0.032875,0.042875,0.044875,0.034875,0.055875,0.047875,0.047875,0.043875,0.060875,0.056875,0.036875,0.042875,0.031875,0.040875,0.044875,0.035875,0.040875,0.042875,0.043875,0.041875,0.056875,0.052875,0.034875,0.037875,0.036875,0.040875,0.046875,0.035875,0.041875,0.049875,0.056875,0.043875,0.037875,0.034875,0.035875,0.037875,0.036875,0.038875,0.039875,0.042875,0.039875,0.084,0.089,0.033875,0.040875,0.038875,0.036875,0.045875,0.039875,0.036875,0.041875,0.039875,0.038875,0.082,0.083,20402.913875,5.581375,0.086125
5:50:03,23.8,0.085,0.086,0.086,0.086,0.088,0.084,0.086,0.085,0.091,0.09,0.088,0.085,0.047875,0.052875,0.050875,0.033875,0.033875,0.026875,0.037875,0.040875,0.031875,0.036875,0.040875,0.039875,0.040875,0.058875,0.050875,0.036875,0.034875,0.031875,0.041875,0.041875,0.031875,0.039875,0.041875,0.046875,0.040875,0.054875,0.050875,0.035875,0.040875,0.032875,0.042875,0.044875,0.034875,0.054875,0.047875,0.047875,0.043875,0.060875,0.057875,0.035875,0.042875,0.031875,0.041875,0.044875,0.035875,0.041875,0.042875,0.043875,0.041875,0.056875,0.052875,0.034875,0.037875,0.036875,0.040875,0.046875,0.035875,0.042875,0.049875,0.056875,0.042875,0.038875,0.034875,0.035875,0.036875,0.037875,0.038875,0.040875,0.042875,0.038875,0.084,0.089,0.034875,0.041875,0.038875,0.035875,0.045875,0.040875,0.036875,0.041875,0.039875,0.039875,0.082,0.083,21002.913875,5.74804166666667,0.086125
6:00:03,23.8,0.085,0.086,0.086,0.086,0.088,0.084,0.086,0.085,0.091,0.09,0.088,0.085,0.047875,0.052875,0.050875,0.032875,0.033875,0.026875,0.037875,0.040875,0.031875,0.036875,0.040875,0.038875,0.040875,0.058875,0.050875,0.036875,0.034875,0.031875,0.042875,0.041875,0.031875,0.039875,0.041875,0.046875,0.040875,0.054875,0.050875,0.035875,0.040875,0.032875,0.042875,0.044875,0.034875,0.055875,0.047875,0.047875,0.043875,0.061875,0.057875,0.036875,0.041875,0.031875,0.041875,0.044875,0.034875,0.041875,0.042875,0.043875,0.040875,0.056875,0.053875,0.035875,0.036875,0.035875,0.040875,0.046875,0.035875,0.042875,0.049875,0.056875,0.040875,0.038875,0.034875,0.036875,0.036875,0.037875,0.038875,0.040875,0.043875,0.039875,0.084,0.089,0.034875,0.041875,0.038875,0.035875,0.045875,0.040875,0.036875,0.040875,0.039875,0.039875,0.082,0.083,21602.913875,5.91470833333333,0.086125
6:10:03,23.8,0.085,0.086,0.086,0.086,0.088,0.084,0.086,0.085,0.091,0.09,0.088,0.085,0.047875,0.052875,0.050875,0.033875,0.033875,0.025875,0.036875,0.040875,0.030875,0.036875,0.040875,0.035875,0.041875,0.058875,0.050875,0.036875,0.034875,0.031875,0.043875,0.041875,0.031875,0.039875,0.041875,0.046875,0.040875,0.055875,0.050875,0.035875,0.039875,0.033875,0.042875,0.044875,0.034875,0.055875,0.047875,0.047875,0.043875,0.061875,0.057875,0.036875,0.041875,0.031875,0.042875,0.044875,0.034875,0.042875,0.042875,0.043875,0.040875,0.057875,0.053875,0.036875,0.036875,0.036875,0.040875,0.045875,0.035875,0.042875,0.049875,0.057875,0.039875,0.039875,0.034875,0.035875,0.037875,0.037875,0.038875,0.041875,0.043875,0.039875,0.084,0.089,0.034875,0.042875,0.038875,0.035875,0.044875,0.040875,0.036875,0.040875,0.039875,0.039875,0.082,0.083,22202.913875,6.081375,0.086125
6:20:03,23.8,0.085,0.086,0.086,0.086,0.088,0.084,0.086,0.085,0.091,0.09,0.088,0.085,0.047875,0.052875,0.050875,0.032875,0.032875,0.025875,0.036875,0.040875,0.030875,0.036875,0.040875,0.036875,0.041875,0.059875,0.050875,0.037875,0.034875,0.031875,0.043875,0.041875,0.031875,0.040875,0.041875,0.045875,0.041875,0.055875,0.051875,0.036875,0.039875,0.032875,0.043875,0.044875,0.034875,0.054875,0.047875,0.047875,0.042875,0.061875,0.057875,0.036875,0.041875,0.031875,0.042875,0.044875,0.034875,0.042875,0.042875,0.042875,0.040875,0.057875,0.053875,0.036875,0.036875,0.036875,0.040875,0.046875,0.035875,0.042875,0.049875,0.056875,0.039875,0.039875,0.033875,0.036875,0.037875,0.037875,0.038875,0.041875,0.043875,0.040875,0.084,0.089,0.034875,0.042875,0.038875,0.035875,0.044875,0.040875,0.037875,0.040875,0.039875,0.040875,0.082,0.083,22802.913875,6.24804166666667,0.086125
6:30:03,23.8,0.085,0.086,0.086,0.086,0.088,0.084,0.086,0.085,0.091,0.09,0.088,0.085,0.047875,0.052875,0.050875,0.033875,0.032875,0.025875,0.037875,0.040875,0.030875,0.036875,0.040875,0.036875,0.041875,0.059875,0.051875,0.037875,0.034875,0.032875,0.043875,0.041875,0.031875,0.040875,0.041875,0.045875,0.040875,0.056875,0.051875,0.036875,0.039875,0.033875,0.043875,0.044875,0.034875,0.054875,0.047875,0.047875,0.042875,0.062875,0.057875,0.036875,0.041875,0.030875,0.042875,0.044875,0.035875,0.043875,0.042875,0.042875,0.039875,0.058875,0.054875,0.035875,0.036875,0.036875,0.041875,0.045875,0.035875,0.043875,0.049875,0.056875,0.038875,0.039875,0.033875,0.035875,0.037875,0.037875,0.038875,0.041875,0.043875,0.040875,0.084,0.089,0.034875,0.043875,0.038875,0.035875,0.045875,0.040875,0.036875,0.040875,0.039875,0.040875,0.082,0.083,23402.913875,6.41470833333333,0.086125
6:40:03,23.8,0.085,0.086,0.086,0.086,0.088,0.085,0.086,0.085,0.091,0.09,0.088,0.085,0.0478125,0.0528125,0.0508125,0.0338125,0.0328125,0.0258125,0.0388125,0.0408125,0.0308125,0.0368125,0.0408125,0.0388125,0.0428125,0.0608125,0.0518125,0.0378125,0.0348125,0.0328125,0.0428125,0.0418125,0.0318125,0.0398125,0.0418125,0.0468125,0.0418125,0.0568125,0.0518125,0.0368125,0.0398125,0.0338125,0.0438125,0.0438125,0.0348125,0.0548125,0.0478125,0.0478125,0.0418125,0.0628125,0.0578125,0.0378125,0.0418125,0.0318125,0.0428125,0.0448125,0.0358125,0.0438125,0.0418125,0.0438125,0.0388125,0.0588125,0.0548125,0.0368125,0.0358125,0.0368125,0.0418125,0.0458125,0.0358125,0.0438125,0.0498125,0.0568125,0.0388125,0.0408125,0.0328125,0.0368125,0.0378125,0.0378125,0.0388125,0.0428125,0.0448125,0.0408125,0.084,0.089,0.0358125,0.0438125,0.0398125,0.0368125,0.0448125,0.0408125,0.0368125,0.0398125,0.0398125,0.0408125,0.082,0.083,24002.9138125,6.5813125,0.0861875
6:50:03,23.7,0.085,0.086,0.086,0.086,0.088,0.084,0.086,0.085,0.091,0.09,0.088,0.085,0.048875,0.052875,0.050875,0.032875,0.032875,0.025875,0.038875,0.040875,0.030875,0.036875,0.040875,0.039875,0.042875,0.060875,0.051875,0.037875,0.034875,0.032875,0.042875,0.041875,0.031875,0.039875,0.041875,0.047875,0.041875,0.056875,0.052875,0.037875,0.039875,0.034875,0.043875,0.044875,0.034875,0.054875,0.046875,0.047875,0.040875,0.063875,0.058875,0.036875,0.041875,0.031875,0.042875,0.044875,0.035875,0.043875,0.041875,0.045875,0.037875,0.058875,0.055875,0.037875,0.036875,0.036875,0.041875,0.045875,0.035875,0.043875,0.048875,0.058875,0.037875,0.040875,0.032875,0.036875,0.037875,0.037875,0.038875,0.042875,0.044875,0.041875,0.084,0.089,0.035875,0.043875,0.039875,0.036875,0.044875,0.039875,0.037875,0.039875,0.039875,0.040875,0.082,0.083,24602.913875,6.74804166666667,0.086125
7:00:03,23.6,0.085,0.086,0.086,0.086,0.088,0.084,0.086,0.085,0.091,0.09,0.088,0.085,0.048875,0.052875,0.050875,0.033875,0.032875,0.025875,0.038875,0.039875,0.030875,0.035875,0.040875,0.040875,0.041875,0.061875,0.052875,0.037875,0.034875,0.033875,0.042875,0.041875,0.032875,0.039875,0.040875,0.048875,0.041875,0.057875,0.052875,0.037875,0.039875,0.034875,0.043875,0.044875,0.034875,0.054875,0.047875,0.048875,0.040875,0.063875,0.058875,0.038875,0.041875,0.031875,0.042875,0.045875,0.035875,0.043875,0.041875,0.045875,0.037875,0.059875,0.056875,0.037875,0.035875,0.037875,0.041875,0.045875,0.035875,0.044875,0.048875,0.059875,0.036875,0.041875,0.032875,0.036875,0.037875,0.037875,0.038875,0.042875,0.044875,0.040875,0.084,0.089,0.035875,0.044875,0.039875,0.036875,0.045875,0.039875,0.036875,0.039875,0.039875,0.040875,0.082,0.083,25202.913875,6.91470833333333,0.086125
7:10:03,23.3,0.085,0.086,0.086,0.087,0.088,0.084,0.086,0.085,0.091,0.09,0.088,0.085,0.0488125,0.0538125,0.0518125,0.0338125,0.0318125,0.0258125,0.0398125,0.0398125,0.0308125,0.0358125,0.0408125,0.0438125,0.0438125,0.0628125,0.0538125,0.0378125,0.0348125,0.0348125,0.0428125,0.0418125,0.0328125,0.0398125,0.0408125,0.0488125,0.0428125,0.0588125,0.0538125,0.0378125,0.0408125,0.0358125,0.0438125,0.0448125,0.0358125,0.0548125,0.0468125,0.0488125,0.0398125,0.0648125,0.0598125,0.0388125,0.0418125,0.0328125,0.0438125,0.0458125,0.0368125,0.0438125,0.0418125,0.0458125,0.0368125,0.0608125,0.0568125,0.0368125,0.0358125,0.0378125,0.0418125,0.0458125,0.0358125,0.0448125,0.0488125,0.0618125,0.0368125,0.0418125,0.0328125,0.0368125,0.0368125,0.0378125,0.0388125,0.0438125,0.0458125,0.0418125,0.084,0.089,0.0358125,0.0448125,0.0398125,0.0368125,0.0448125,0.0398125,0.0368125,0.0398125,0.0398125,0.0418125,0.082,0.083,25802.9138125,7.0813125,0.0861875
7:20:03,23.1,0.085,0.086,0.086,0.087,0.088,0.085,0.086,0.085,0.091,0.09,0.088,0.086,0.0486875,0.0546875,0.0516875,0.0336875,0.0326875,0.0256875,0.0396875,0.0396875,0.0296875,0.0356875,0.0416875,0.0426875,0.0436875,0.0636875,0.0536875,0.0376875,0.0356875,0.0346875,0.0426875,0.0416875,0.0326875,0.0396875,0.0416875,0.0476875,0.0426875,0.0596875,0.0546875,0.0386875,0.0406875,0.0356875,0.0436875,0.0456875,0.0356875,0.0546875,0.0466875,0.0486875,0.0396875,0.0656875,0.0606875,0.0386875,0.0426875,0.0336875,0.0436875,0.0456875,0.0366875,0.0436875,0.0426875,0.0466875,0.0366875,0.0616875,0.0576875,0.0366875,0.0366875,0.0386875,0.0416875,0.0456875,0.0356875,0.0446875,0.0486875,0.0616875,0.0366875,0.0416875,0.0316875,0.0366875,0.0366875,0.0376875,0.0386875,0.0436875,0.0456875,0.0416875,0.084,0.089,0.0356875,0.0446875,0.0386875,0.0366875,0.0436875,0.0396875,0.0366875,0.0386875,0.0406875,0.0436875,0.082,0.083,26402.9136875,7.24785416666667,0.0863125
7:30:03,23.1,0.085,0.086,0.086,0.087,0.088,0.085,0.086,0.085,0.091,0.09,0.088,0.086,0.048625,0.054625,0.051625,0.033625,0.032625,0.025625,0.039625,0.038625,0.030625,0.035625,0.041625,0.042625,0.044625,0.063625,0.054625,0.037625,0.035625,0.034625,0.042625,0.040625,0.033625,0.039625,0.040625,0.046625,0.042625,0.060625,0.055625,0.038625,0.040625,0.035625,0.043625,0.045625,0.036625,0.053625,0.047625,0.048625,0.038625,0.066625,0.060625,0.039625,0.042625,0.033625,0.043625,0.045625,0.037625,0.043625,0.042625,0.046625,0.036625,0.063625,0.057625,0.036625,0.037625,0.039625,0.041625,0.045625,0.035625,0.044625,0.049625,0.062625,0.036625,0.041625,0.031625,0.036625,0.036625,0.038625,0.038625,0.043625,0.045625,0.041625,0.084,0.089,0.035625,0.044625,0.037625,0.035625,0.043625,0.038625,0.036625,0.038625,0.040625,0.044625,0.082,0.084,27002.913625,7.41445833333333,0.086375
7:40:03,23,0.085,0.086,0.086,0.087,0.088,0.085,0.086,0.085,0.091,0.09,0.088,0.086,0.049625,0.054625,0.052625,0.033625,0.031625,0.025625,0.038625,0.039625,0.031625,0.035625,0.042625,0.039625,0.045625,0.064625,0.054625,0.038625,0.035625,0.034625,0.041625,0.040625,0.033625,0.039625,0.041625,0.046625,0.043625,0.060625,0.055625,0.038625,0.041625,0.036625,0.042625,0.044625,0.036625,0.053625,0.046625,0.047625,0.038625,0.066625,0.061625,0.039625,0.042625,0.033625,0.043625,0.045625,0.037625,0.043625,0.042625,0.046625,0.036625,0.063625,0.057625,0.037625,0.036625,0.039625,0.041625,0.045625,0.035625,0.043625,0.049625,0.062625,0.037625,0.041625,0.031625,0.036625,0.036625,0.038625,0.038625,0.043625,0.045625,0.041625,0.084,0.089,0.036625,0.044625,0.037625,0.036625,0.043625,0.038625,0.036625,0.037625,0.040625,0.043625,0.082,0.084,27602.913625,7.581125,0.086375
7:50:03,23.1,0.085,0.086,0.086,0.087,0.088,0.085,0.086,0.085,0.091,0.09,0.088,0.086,0.049625,0.055625,0.054625,0.033625,0.031625,0.025625,0.038625,0.039625,0.029625,0.035625,0.042625,0.039625,0.044625,0.064625,0.054625,0.037625,0.035625,0.034625,0.042625,0.040625,0.032625,0.039625,0.041625,0.045625,0.044625,0.061625,0.055625,0.038625,0.041625,0.036625,0.043625,0.044625,0.036625,0.053625,0.049625,0.047625,0.038625,0.066625,0.061625,0.039625,0.043625,0.033625,0.043625,0.045625,0.037625,0.043625,0.043625,0.046625,0.035625,0.063625,0.058625,0.037625,0.037625,0.039625,0.041625,0.044625,0.035625,0.043625,0.050625,0.062625,0.037625,0.043625,0.031625,0.036625,0.036625,0.037625,0.037625,0.044625,0.046625,0.041625,0.084,0.089,0.036625,0.045625,0.037625,0.035625,0.042625,0.037625,0.036625,0.037625,0.040625,0.044625,0.082,0.084,28202.913625,7.74779166666667,0.086375
8:00:03,23,0.085,0.086,0.086,0.087,0.088,0.085,0.086,0.085,0.091,0.09,0.088,0.086,0.0506875,0.0556875,0.0546875,0.0336875,0.0316875,0.0266875,0.0386875,0.0396875,0.0306875,0.0366875,0.0436875,0.0386875,0.0456875,0.0656875,0.0546875,0.0376875,0.0366875,0.0356875,0.0416875,0.0416875,0.0326875,0.0396875,0.0426875,0.0456875,0.0446875,0.0616875,0.0556875,0.0396875,0.0416875,0.0366875,0.0426875,0.0446875,0.0366875,0.0536875,0.0496875,0.0476875,0.0376875,0.0666875,0.0616875,0.0396875,0.0426875,0.0336875,0.0436875,0.0456875,0.0376875,0.0436875,0.0446875,0.0466875,0.0346875,0.0646875,0.0586875,0.0376875,0.0366875,0.0396875,0.0416875,0.0436875,0.0366875,0.0436875,0.0516875,0.0626875,0.0386875,0.0436875,0.0316875,0.0366875,0.0366875,0.0366875,0.0376875,0.0446875,0.0466875,0.0406875,0.084,0.089,0.0366875,0.0456875,0.0376875,0.0366875,0.0426875,0.0376875,0.0376875,0.0376875,0.0406875,0.0446875,0.082,0.083,28802.9136875,7.91452083333333,0.0863125
8:10:03,23,0.085,0.086,0.086,0.087,0.088,0.084,0.086,0.085,0.091,0.09,0.088,0.086,0.05075,0.05575,0.05575,0.03375,0.03275,0.02675,0.03975,0.03975,0.02975,0.03675,0.04375,0.03775,0.04575,0.06575,0.05575,0.03875,0.03675,0.03575,0.04175,0.04175,0.03275,0.04075,0.04275,0.04575,0.04475,0.06175,0.05575,0.03975,0.04175,0.03675,0.04275,0.04575,0.03675,0.05475,0.04975,0.04675,0.03775,0.06775,0.06175,0.03975,0.04275,0.03375,0.04375,0.04675,0.03675,0.04375,0.04475,0.04775,0.03375,0.06475,0.05875,0.03775,0.03775,0.03975,0.04175,0.04475,0.03675,0.04375,0.05175,0.06275,0.03775,0.04375,0.03175,0.03675,0.03675,0.03675,0.03775,0.04575,0.04775,0.04175,0.084,0.089,0.03675,0.04575,0.03775,0.03575,0.04275,0.03775,0.03675,0.03775,0.03975,0.04575,0.082,0.083,29402.91375,8.08125,0.08625
8:20:03,23,0.085,0.086,0.086,0.087,0.088,0.084,0.086,0.085,0.091,0.09,0.088,0.086,0.05075,0.05575,0.05575,0.03375,0.03275,0.02775,0.03975,0.03875,0.02975,0.03775,0.04375,0.03775,0.04575,0.06575,0.05675,0.03775,0.03675,0.03475,0.04175,0.04175,0.03275,0.04175,0.04275,0.04975,0.04575,0.06175,0.05675,0.03875,0.04175,0.03675,0.04275,0.04575,0.03675,0.05475,0.04975,0.04675,0.03675,0.06775,0.06175,0.03975,0.04275,0.03375,0.04275,0.04675,0.03575,0.04375,0.04575,0.04775,0.03375,0.06475,0.05975,0.03775,0.03775,0.03975,0.04075,0.04475,0.03675,0.04375,0.05175,0.06275,0.03675,0.04475,0.03275,0.03575,0.03675,0.03675,0.03775,0.04575,0.04775,0.04075,0.084,0.089,0.03675,0.04575,0.03775,0.03675,0.04075,0.03775,0.03675,0.03575,0.03975,0.04575,0.082,0.083,30002.91375,8.24791666666667,0.08625
8:30:03,23,0.085,0.086,0.086,0.087,0.088,0.085,0.086,0.085,0.091,0.09,0.088,0.086,0.0506875,0.0556875,0.0556875,0.0336875,0.0326875,0.0276875,0.0406875,0.0376875,0.0286875,0.0386875,0.0436875,0.0376875,0.0466875,0.0666875,0.0576875,0.0376875,0.0366875,0.0346875,0.0426875,0.0416875,0.0316875,0.0426875,0.0436875,0.0496875,0.0456875,0.0616875,0.0576875,0.0396875,0.0416875,0.0366875,0.0426875,0.0456875,0.0356875,0.0566875,0.0496875,0.0466875,0.0366875,0.0676875,0.0626875,0.0396875,0.0426875,0.0336875,0.0426875,0.0466875,0.0356875,0.0436875,0.0456875,0.0476875,0.0336875,0.0646875,0.0596875,0.0376875,0.0366875,0.0406875,0.0406875,0.0456875,0.0366875,0.0436875,0.0516875,0.0626875,0.0376875,0.0446875,0.0326875,0.0356875,0.0366875,0.0366875,0.0376875,0.0466875,0.0486875,0.0416875,0.084,0.089,0.0376875,0.0456875,0.0376875,0.0356875,0.0416875,0.0366875,0.0356875,0.0346875,0.0396875,0.0476875,0.082,0.083,30602.9136875,8.41452083333333,0.0863125
8:40:03,23,0.085,0.086,0.086,0.087,0.088,0.085,0.086,0.085,0.091,0.09,0.088,0.086,0.0506875,0.0566875,0.0566875,0.0336875,0.0326875,0.0276875,0.0406875,0.0376875,0.0286875,0.0396875,0.0436875,0.0386875,0.0466875,0.0666875,0.0586875,0.0386875,0.0376875,0.0356875,0.0426875,0.0416875,0.0316875,0.0436875,0.0436875,0.0506875,0.0456875,0.0626875,0.0586875,0.0396875,0.0426875,0.0376875,0.0426875,0.0456875,0.0346875,0.0576875,0.0496875,0.0476875,0.0356875,0.0676875,0.0636875,0.0396875,0.0436875,0.0346875,0.0426875,0.0466875,0.0356875,0.0436875,0.0456875,0.0486875,0.0336875,0.0656875,0.0606875,0.0376875,0.0376875,0.0416875,0.0406875,0.0456875,0.0346875,0.0436875,0.0526875,0.0636875,0.0376875,0.0456875,0.0326875,0.0356875,0.0366875,0.0366875,0.0376875,0.0466875,0.0496875,0.0416875,0.084,0.089,0.0386875,0.0466875,0.0376875,0.0356875,0.0416875,0.0366875,0.0366875,0.0346875,0.0396875,0.0476875,0.082,0.083,31202.9136875,8.5811875,0.0863125
8:50:03,23,0.085,0.086,0.086,0.087,0.088,0.084,0.086,0.085,0.091,0.09,0.088,0.086,0.05175,0.05775,0.05675,0.03375,0.03375,0.02775,0.04175,0.03675,0.02775,0.04075,0.04375,0.03875,0.04775,0.06675,0.05875,0.03875,0.03775,0.03675,0.04275,0.04175,0.03075,0.04475,0.04275,0.05075,0.04675,0.06275,0.05975,0.03975,0.04275,0.03775,0.04275,0.04575,0.03475,0.05875,0.04875,0.04875,0.03575,0.06775,0.06475,0.03975,0.04375,0.03575,0.04275,0.04575,0.03475,0.04375,0.04575,0.04975,0.03375,0.06575,0.06175,0.03775,0.03775,0.04275,0.04075,0.04575,0.03475,0.04375,0.05175,0.06475,0.03775,0.04575,0.03275,0.03575,0.03575,0.03775,0.03775,0.04775,0.05075,0.04175,0.084,0.089,0.03875,0.04675,0.03775,0.03675,0.04075,0.03675,0.03675,0.03475,0.03875,0.04875,0.082,0.083,31802.91375,8.74791666666667,0.08625
9:00:03,23,0.085,0.086,0.086,0.087,0.088,0.084,0.086,0.085,0.091,0.09,0.088,0.086,0.05175,0.05775,0.05675,0.03375,0.03375,0.02775,0.04175,0.03575,0.02675,0.04275,0.04375,0.03975,0.04775,0.06675,0.05875,0.03875,0.03775,0.03675,0.04275,0.04175,0.03075,0.04575,0.04275,0.05175,0.04675,0.06275,0.05975,0.03975,0.04275,0.03775,0.04275,0.04575,0.03375,0.05975,0.04875,0.04975,0.03475,0.06775,0.06575,0.04075,0.04375,0.03675,0.04275,0.04575,0.03375,0.04375,0.04475,0.05175,0.03275,0.06475,0.06275,0.03775,0.03775,0.04275,0.04075,0.04475,0.03375,0.04475,0.05175,0.06575,0.03575,0.04675,0.03275,0.03575,0.03675,0.03675,0.03775,0.04775,0.05175,0.04175,0.084,0.089,0.03975,0.04775,0.03775,0.03575,0.03975,0.03675,0.03575,0.03475,0.04075,0.05075,0.082,0.083,32402.91375,8.91458333333333,0.08625
9:10:03,23,0.085,0.086,0.086,0.087,0.088,0.085,0.086,0.085,0.091,0.09,0.088,0.085,0.05175,0.05975,0.05675,0.03375,0.03375,0.02775,0.04175,0.03575,0.02675,0.04375,0.04375,0.04075,0.04875,0.06775,0.05975,0.03875,0.03875,0.03775,0.04375,0.04175,0.02975,0.04675,0.04275,0.05275,0.04675,0.06275,0.05975,0.03975,0.04275,0.03875,0.04275,0.04475,0.03275,0.06075,0.04875,0.05175,0.03475,0.06775,0.06675,0.04075,0.04375,0.03775,0.04275,0.04475,0.03375,0.04375,0.04475,0.05375,0.03375,0.06475,0.06275,0.03875,0.03875,0.04275,0.04075,0.04475,0.03375,0.04475,0.05175,0.06875,0.03775,0.04775,0.03275,0.03475,0.03775,0.03775,0.03775,0.04775,0.05175,0.04275,0.084,0.089,0.04075,0.04775,0.03775,0.03675,0.03975,0.03575,0.03575,0.03475,0.04075,0.05375,0.082,0.083,33002.91375,9.08125,0.08625
9:20:03,23.1,0.085,0.086,0.086,0.087,0.088,0.085,0.086,0.085,0.091,0.09,0.088,0.085,0.0526875,0.0596875,0.0566875,0.0336875,0.0336875,0.0276875,0.0426875,0.0346875,0.0266875,0.0446875,0.0436875,0.0426875,0.0486875,0.0676875,0.0596875,0.0396875,0.0386875,0.0376875,0.0436875,0.0406875,0.0286875,0.0486875,0.0426875,0.0536875,0.0466875,0.0636875,0.0606875,0.0396875,0.0436875,0.0386875,0.0436875,0.0446875,0.0326875,0.0626875,0.0486875,0.0536875,0.0346875,0.0686875,0.0666875,0.0406875,0.0436875,0.0366875,0.0426875,0.0446875,0.0326875,0.0436875,0.0446875,0.0556875,0.0316875,0.0646875,0.0626875,0.0376875,0.0386875,0.0426875,0.0406875,0.0446875,0.0336875,0.0446875,0.0516875,0.0706875,0.0376875,0.0476875,0.0326875,0.0346875,0.0366875,0.0366875,0.0376875,0.0476875,0.0526875,0.0426875,0.084,0.089,0.0416875,0.0486875,0.0376875,0.0356875,0.0386875,0.0366875,0.0356875,0.0356875,0.0416875,0.0526875,0.082,0.084,33602.9136875,9.24785416666667,0.0863125
9:30:03,23.1,0.085,0.086,0.086,0.087,0.088,0.085,0.086,0.085,0.091,0.09,0.088,0.085,0.05175,0.06075,0.05675,0.03375,0.03375,0.02775,0.04275,0.03475,0.02575,0.04575,0.04375,0.04475,0.04975,0.06875,0.06075,0.03975,0.03875,0.03775,0.04375,0.04075,0.02875,0.04975,0.04275,0.05575,0.04675,0.06375,0.06175,0.04075,0.04375,0.03875,0.04375,0.04375,0.03175,0.06375,0.04875,0.05675,0.03475,0.06875,0.06675,0.04075,0.04475,0.03775,0.04275,0.04375,0.03275,0.04375,0.04475,0.05775,0.03175,0.06475,0.06275,0.03775,0.03975,0.04275,0.04075,0.04375,0.03275,0.04475,0.05175,0.07275,0.03575,0.04875,0.03275,0.03575,0.03675,0.03675,0.03775,0.04875,0.05375,0.04275,0.084,0.089,0.04275,0.04975,0.03775,0.03675,0.03875,0.03675,0.03575,0.03775,0.04175,0.05375,0.082,0.083,34202.91375,9.41458333333333,0.08625
9:40:03,23,0.085,0.086,0.086,0.087,0.088,0.085,0.086,0.085,0.091,0.09,0.088,0.086,0.052625,0.061625,0.056625,0.033625,0.034625,0.027625,0.043625,0.033625,0.025625,0.046625,0.044625,0.045625,0.049625,0.068625,0.060625,0.039625,0.039625,0.037625,0.044625,0.039625,0.028625,0.050625,0.043625,0.057625,0.047625,0.064625,0.061625,0.040625,0.043625,0.038625,0.043625,0.043625,0.031625,0.063625,0.048625,0.058625,0.033625,0.069625,0.066625,0.040625,0.045625,0.037625,0.042625,0.042625,0.031625,0.044625,0.044625,0.059625,0.031625,0.065625,0.062625,0.038625,0.040625,0.043625,0.040625,0.043625,0.032625,0.045625,0.052625,0.073625,0.036625,0.049625,0.031625,0.035625,0.036625,0.036625,0.038625,0.049625,0.055625,0.043625,0.084,0.089,0.044625,0.050625,0.038625,0.036625,0.038625,0.036625,0.034625,0.039625,0.042625,0.053625,0.082,0.084,34802.913625,9.581125,0.086375
9:50:03,23.1,0.085,0.086,0.086,0.087,0.088,0.085,0.086,0.085,0.091,0.09,0.088,0.085,0.05275,0.06175,0.05675,0.03375,0.03475,0.02675,0.04375,0.03375,0.02675,0.04775,0.04575,0.04875,0.05075,0.06975,0.06075,0.03975,0.03975,0.03775,0.04475,0.03875,0.02775,0.05075,0.04475,0.05975,0.04775,0.06575,0.06175,0.04075,0.04475,0.03875,0.04375,0.04275,0.03175,0.06475,0.04975,0.06075,0.03375,0.07075,0.06775,0.04075,0.04675,0.03775,0.04275,0.04175,0.03175,0.04475,0.04575,0.06175,0.03175,0.06575,0.06375,0.03775,0.04175,0.04275,0.04075,0.04275,0.03275,0.04575,0.05275,0.07575,0.03475,0.04975,0.03175,0.03675,0.03675,0.03775,0.03875,0.05175,0.05675,0.04475,0.084,0.089,0.04575,0.05175,0.03875,0.03575,0.03675,0.03675,0.03475,0.04175,0.04275,0.05275,0.082,0.083,35402.91375,9.74791666666667,0.08625
10:00:03,23.1,0.085,0.086,0.086,0.086,0.088,0.084,0.086,0.085,0.091,0.09,0.088,0.085,0.052875,0.061875,0.056875,0.033875,0.034875,0.026875,0.044875,0.033875,0.026875,0.048875,0.046875,0.049875,0.050875,0.069875,0.060875,0.040875,0.039875,0.036875,0.045875,0.038875,0.028875,0.051875,0.044875,0.061875,0.047875,0.065875,0.061875,0.040875,0.044875,0.038875,0.044875,0.041875,0.030875,0.065875,0.050875,0.062875,0.033875,0.071875,0.067875,0.040875,0.046875,0.037875,0.042875,0.041875,0.032875,0.045875,0.046875,0.062875,0.030875,0.066875,0.062875,0.038875,0.042875,0.042875,0.040875,0.042875,0.033875,0.046875,0.053875,0.077875,0.035875,0.050875,0.031875,0.036875,0.036875,0.037875,0.038875,0.052875,0.057875,0.044875,0.084,0.089,0.047875,0.052875,0.038875,0.035875,0.036875,0.037875,0.034875,0.042875,0.043875,0.050875,0.082,0.083,36002.913875,9.91470833333333,0.086125
10:10:03,23.1,0.085,0.086,0.086,0.086,0.088,0.084,0.086,0.085,0.091,0.09,0.088,0.085,0.052875,0.062875,0.056875,0.033875,0.034875,0.026875,0.044875,0.033875,0.027875,0.048875,0.047875,0.051875,0.050875,0.070875,0.060875,0.040875,0.040875,0.036875,0.045875,0.037875,0.028875,0.052875,0.045875,0.062875,0.048875,0.066875,0.062875,0.040875,0.044875,0.037875,0.044875,0.041875,0.031875,0.065875,0.051875,0.063875,0.033875,0.071875,0.067875,0.041875,0.046875,0.037875,0.042875,0.040875,0.032875,0.045875,0.047875,0.064875,0.030875,0.067875,0.062875,0.038875,0.042875,0.041875,0.040875,0.042875,0.033875,0.046875,0.054875,0.078875,0.034875,0.051875,0.031875,0.036875,0.036875,0.037875,0.038875,0.053875,0.058875,0.045875,0.084,0.089,0.048875,0.052875,0.038875,0.035875,0.037875,0.038875,0.034875,0.042875,0.044875,0.048875,0.082,0.083,36602.913875,10.081375,0.086125
10:20:03,23.1,0.085,0.086,0.086,0.087,0.088,0.085,0.086,0.085,0.091,0.09,0.088,0.085,0.05375,0.06275,0.05675,0.03375,0.03475,0.02675,0.04575,0.03475,0.02875,0.04975,0.04975,0.05275,0.05175,0.07075,0.06075,0.04075,0.04075,0.03675,0.04575,0.03775,0.02975,0.05375,0.04775,0.06375,0.04875,0.06675,0.06275,0.04175,0.04475,0.03775,0.04475,0.04075,0.03275,0.06675,0.05375,0.06575,0.03375,0.07275,0.06775,0.04175,0.04675,0.03675,0.04275,0.04075,0.03375,0.04675,0.04975,0.06575,0.03075,0.06775,0.06275,0.03875,0.04275,0.04175,0.04075,0.04275,0.03475,0.04775,0.05675,0.07975,0.03475,0.05275,0.03175,0.03775,0.03675,0.03875,0.03875,0.05475,0.05875,0.04675,0.084,0.089,0.04975,0.05375,0.03775,0.03575,0.03775,0.03975,0.03775,0.04375,0.04475,0.04775,0.082,0.083,37202.91375,10.2479166666667,0.08625
10:30:03,23.1,0.085,0.086,0.086,0.087,0.088,0.084,0.086,0.085,0.091,0.09,0.088,0.085,0.0538125,0.0628125,0.0568125,0.0338125,0.0348125,0.0268125,0.0458125,0.0358125,0.0298125,0.0508125,0.0508125,0.0548125,0.0518125,0.0708125,0.0608125,0.0408125,0.0408125,0.0358125,0.0468125,0.0368125,0.0308125,0.0538125,0.0488125,0.0648125,0.0488125,0.0668125,0.0628125,0.0418125,0.0448125,0.0368125,0.0458125,0.0408125,0.0328125,0.0668125,0.0548125,0.0668125,0.0338125,0.0728125,0.0678125,0.0418125,0.0468125,0.0368125,0.0428125,0.0408125,0.0348125,0.0468125,0.0508125,0.0678125,0.0308125,0.0688125,0.0628125,0.0388125,0.0428125,0.0418125,0.0408125,0.0428125,0.0358125,0.0488125,0.0588125,0.0818125,0.0348125,0.0548125,0.0318125,0.0378125,0.0378125,0.0398125,0.0388125,0.0548125,0.0598125,0.0478125,0.084,0.089,0.0508125,0.0548125,0.0378125,0.0358125,0.0398125,0.0408125,0.0388125,0.0438125,0.0458125,0.0478125,0.082,0.083,37802.9138125,10.4146458333333,0.0861875
10:40:03,23.1,0.085,0.086,0.086,0.087,0.088,0.085,0.086,0.085,0.091,0.09,0.088,0.085,0.05375,0.06175,0.05775,0.03375,0.03475,0.02675,0.04575,0.03675,0.03075,0.05075,0.05175,0.05575,0.05275,0.07175,0.06075,0.04075,0.04075,0.03575,0.04675,0.03675,0.03075,0.05475,0.04975,0.06575,0.04975,0.06675,0.06175,0.04175,0.04475,0.03675,0.04575,0.03975,0.03375,0.06775,0.05575,0.06775,0.03375,0.07275,0.06675,0.04175,0.04675,0.03575,0.04275,0.04075,0.03575,0.04775,0.05275,0.06775,0.03075,0.06975,0.06175,0.03875,0.04175,0.04175,0.04075,0.04275,0.03675,0.04975,0.05975,0.08175,0.03475,0.05575,0.03175,0.03775,0.03875,0.04175,0.03875,0.05475,0.05975,0.04875,0.084,0.089,0.05075,0.05475,0.03775,0.03575,0.04075,0.04075,0.03875,0.04375,0.04575,0.04775,0.082,0.083,38402.91375,10.58125,0.08625
10:50:03,23.1,0.085,0.086,0.086,0.086,0.088,0.085,0.086,0.085,0.091,0.09,0.088,0.085,0.05475,0.06175,0.05875,0.03375,0.03475,0.02675,0.04475,0.03775,0.03075,0.05175,0.05275,0.05675,0.05275,0.07175,0.06075,0.04075,0.04075,0.03575,0.04675,0.03775,0.03175,0.05475,0.05175,0.06675,0.04975,0.06675,0.06175,0.04175,0.04475,0.03675,0.04575,0.04075,0.03475,0.06875,0.05675,0.06875,0.03275,0.07375,0.06675,0.04175,0.04675,0.03575,0.04275,0.04075,0.03675,0.04875,0.05375,0.06875,0.03075,0.06975,0.06175,0.03975,0.04175,0.04175,0.04075,0.04275,0.03775,0.04975,0.06075,0.08275,0.03475,0.05575,0.03275,0.03775,0.04075,0.04275,0.03875,0.05575,0.05975,0.04875,0.084,0.089,0.05175,0.05575,0.03775,0.03575,0.04175,0.04175,0.03975,0.04375,0.04575,0.04775,0.082,0.084,39002.91375,10.7479166666667,0.08625
11:00:03,23.1,0.085,0.086,0.086,0.086,0.088,0.085,0.086,0.085,0.091,0.09,0.088,0.085,0.0548125,0.0618125,0.0588125,0.0338125,0.0348125,0.0268125,0.0448125,0.0388125,0.0318125,0.0528125,0.0538125,0.0578125,0.0538125,0.0718125,0.0608125,0.0408125,0.0398125,0.0358125,0.0468125,0.0378125,0.0328125,0.0548125,0.0528125,0.0688125,0.0508125,0.0678125,0.0618125,0.0428125,0.0448125,0.0358125,0.0468125,0.0408125,0.0348125,0.0688125,0.0578125,0.0698125,0.0328125,0.0738125,0.0668125,0.0418125,0.0468125,0.0358125,0.0428125,0.0418125,0.0368125,0.0488125,0.0548125,0.0698125,0.0308125,0.0698125,0.0618125,0.0398125,0.0418125,0.0418125,0.0408125,0.0438125,0.0388125,0.0508125,0.0628125,0.0838125,0.0348125,0.0568125,0.0318125,0.0378125,0.0418125,0.0438125,0.0398125,0.0568125,0.0598125,0.0498125,0.084,0.089,0.0528125,0.0568125,0.0388125,0.0368125,0.0428125,0.0428125,0.0398125,0.0438125,0.0458125,0.0488125,0.082,0.083,39602.9138125,10.9146458333333,0.0861875
11:10:03,23.1,0.085,0.086,0.086,0.086,0.088,0.084,0.086,0.085,0.091,0.09,0.088,0.085,0.055875,0.061875,0.059875,0.033875,0.034875,0.026875,0.044875,0.039875,0.032875,0.052875,0.054875,0.057875,0.053875,0.071875,0.060875,0.040875,0.039875,0.034875,0.046875,0.037875,0.032875,0.055875,0.053875,0.068875,0.051875,0.067875,0.061875,0.041875,0.043875,0.035875,0.046875,0.040875,0.035875,0.068875,0.058875,0.069875,0.032875,0.072875,0.066875,0.040875,0.045875,0.034875,0.042875,0.042875,0.037875,0.049875,0.055875,0.070875,0.029875,0.068875,0.061875,0.039875,0.040875,0.041875,0.040875,0.044875,0.038875,0.051875,0.062875,0.083875,0.032875,0.058875,0.031875,0.040875,0.043875,0.046875,0.039875,0.056875,0.059875,0.050875,0.084,0.089,0.052875,0.057875,0.038875,0.036875,0.042875,0.043875,0.039875,0.043875,0.044875,0.047875,0.082,0.083,40202.913875,11.081375,0.086125
11:20:03,23.1,0.085,0.086,0.086,0.087,0.088,0.085,0.086,0.085,0.091,0.09,0.088,0.085,0.0556875,0.0616875,0.0616875,0.0346875,0.0346875,0.0276875,0.0446875,0.0406875,0.0336875,0.0536875,0.0556875,0.0596875,0.0546875,0.0716875,0.0606875,0.0406875,0.0396875,0.0346875,0.0466875,0.0386875,0.0336875,0.0556875,0.0546875,0.0686875,0.0516875,0.0676875,0.0626875,0.0426875,0.0436875,0.0356875,0.0466875,0.0416875,0.0366875,0.0696875,0.0596875,0.0706875,0.0326875,0.0726875,0.0676875,0.0416875,0.0456875,0.0346875,0.0426875,0.0436875,0.0386875,0.0506875,0.0566875,0.0716875,0.0296875,0.0686875,0.0626875,0.0396875,0.0406875,0.0416875,0.0406875,0.0456875,0.0396875,0.0516875,0.0636875,0.0846875,0.0336875,0.0596875,0.0316875,0.0386875,0.0456875,0.0486875,0.0396875,0.0566875,0.0576875,0.0506875,0.084,0.089,0.0536875,0.0586875,0.0386875,0.0376875,0.0436875,0.0446875,0.0406875,0.0436875,0.0436875,0.0466875,0.082,0.084,40802.9136875,11.2478541666667,0.0863125
11:30:03,23.1,0.085,0.086,0.086,0.087,0.088,0.085,0.086,0.085,0.091,0.09,0.088,0.085,0.05675,0.06175,0.06275,0.03475,0.03475,0.02875,0.04475,0.04175,0.03375,0.05375,0.05675,0.05975,0.05475,0.07175,0.06175,0.04075,0.03975,0.03475,0.04675,0.03975,0.03375,0.05675,0.05475,0.06975,0.05275,0.06775,0.06275,0.04275,0.04375,0.03575,0.04675,0.04275,0.03675,0.06975,0.06075,0.07175,0.03275,0.07275,0.06775,0.04175,0.04575,0.03575,0.04275,0.04375,0.03875,0.05075,0.05775,0.07175,0.02975,0.06875,0.06375,0.03975,0.04075,0.04275,0.04075,0.04675,0.03975,0.05275,0.06475,0.08475,0.03375,0.06075,0.03275,0.03875,0.04775,0.05075,0.03975,0.05675,0.05775,0.05175,0.084,0.089,0.05575,0.05975,0.03875,0.03775,0.04375,0.04475,0.04075,0.04375,0.04475,0.04675,0.082,0.083,41402.91375,11.4145833333333,0.08625
11:40:03,23.2,0.085,0.086,0.086,0.086,0.088,0.085,0.086,0.085,0.091,0.09,0.088,0.085,0.0568125,0.0618125,0.0638125,0.0348125,0.0358125,0.0288125,0.0448125,0.0418125,0.0348125,0.0548125,0.0578125,0.0608125,0.0548125,0.0718125,0.0628125,0.0418125,0.0398125,0.0358125,0.0468125,0.0408125,0.0348125,0.0568125,0.0558125,0.0708125,0.0528125,0.0668125,0.0638125,0.0428125,0.0438125,0.0358125,0.0468125,0.0428125,0.0378125,0.0708125,0.0618125,0.0728125,0.0328125,0.0728125,0.0688125,0.0418125,0.0458125,0.0358125,0.0428125,0.0448125,0.0398125,0.0518125,0.0588125,0.0718125,0.0298125,0.0688125,0.0648125,0.0398125,0.0408125,0.0428125,0.0418125,0.0478125,0.0398125,0.0538125,0.0658125,0.0848125,0.0338125,0.0618125,0.0318125,0.0388125,0.0498125,0.0518125,0.0398125,0.0558125,0.0578125,0.0528125,0.084,0.089,0.0578125,0.0618125,0.0388125,0.0378125,0.0448125,0.0448125,0.0418125,0.0438125,0.0448125,0.0478125,0.082,0.083,42002.9138125,11.5813125,0.0861875
11:50:03,23.2,0.085,0.086,0.086,0.087,0.088,0.085,0.086,0.085,0.091,0.09,0.088,0.085,0.05775,0.06175,0.06575,0.03475,0.03575,0.02975,0.04475,0.04275,0.03575,0.05575,0.05775,0.06175,0.05575,0.07175,0.06375,0.04175,0.03975,0.03575,0.04675,0.04175,0.03475,0.05775,0.05675,0.07075,0.05375,0.06775,0.06375,0.04275,0.04375,0.03575,0.04675,0.04375,0.03775,0.07075,0.06175,0.07275,0.03175,0.07275,0.07075,0.04275,0.04575,0.03575,0.04275,0.04575,0.03975,0.05275,0.05875,0.07275,0.02975,0.06875,0.06575,0.03975,0.04075,0.04375,0.04175,0.04775,0.04075,0.05475,0.06675,0.08475,0.03375,0.06275,0.03175,0.03875,0.05175,0.05375,0.03975,0.05675,0.05875,0.05375,0.084,0.089,0.05975,0.06375,0.03875,0.03775,0.04475,0.04575,0.04275,0.04475,0.04575,0.04975,0.082,0.083,42602.91375,11.7479166666667,0.08625
12:00:03,23.2,0.085,0.086,0.086,0.087,0.088,0.085,0.086,0.085,0.091,0.09,0.088,0.085,0.05775,0.06175,0.06675,0.03475,0.03675,0.02975,0.04475,0.04275,0.03575,0.05575,0.05875,0.06175,0.05575,0.07175,0.06475,0.04175,0.03875,0.03575,0.04575,0.04175,0.03575,0.05775,0.05675,0.07075,0.05375,0.06675,0.06475,0.04275,0.04275,0.03675,0.04675,0.04475,0.03775,0.07175,0.06275,0.07375,0.03175,0.07275,0.07175,0.04275,0.04475,0.03575,0.04275,0.04575,0.03975,0.05375,0.05975,0.07275,0.02975,0.06875,0.06775,0.04075,0.04075,0.04375,0.04175,0.04875,0.04075,0.05475,0.06675,0.08475,0.03275,0.06375,0.03175,0.03875,0.05375,0.05475,0.03975,0.05775,0.05975,0.05375,0.084,0.089,0.06375,0.06675,0.03875,0.03775,0.04475,0.04575,0.04275,0.04675,0.04675,0.05075,0.082,0.083,43202.91375,11.9145833333333,0.08625
12:10:03,23.2,0.085,0.086,0.086,0.087,0.088,0.085,0.086,0.085,0.091,0.09,0.088,0.085,0.05875,0.06275,0.06775,0.03475,0.03675,0.03075,0.04475,0.04275,0.03575,0.05675,0.05875,0.06175,0.05575,0.07075,0.06575,0.04175,0.03975,0.03575,0.04575,0.04275,0.03575,0.05875,0.05775,0.07075,0.05375,0.06675,0.06575,0.04275,0.04275,0.03675,0.04575,0.04475,0.03875,0.07175,0.06275,0.07375,0.03175,0.07275,0.07275,0.04275,0.04475,0.03575,0.04275,0.04675,0.04075,0.05375,0.05975,0.07275,0.02875,0.06775,0.06875,0.04075,0.04075,0.04475,0.04175,0.04875,0.04075,0.05575,0.06775,0.08475,0.03275,0.06475,0.03175,0.03875,0.05475,0.05475,0.03975,0.05775,0.06175,0.05475,0.084,0.089,0.06875,0.07075,0.03875,0.03775,0.04475,0.04575,0.04275,0.04775,0.04875,0.05175,0.082,0.083,43802.91375,12.08125,0.08625
12:20:03,23.3,0.085,0.086,0.086,0.086,0.088,0.085,0.086,0.085,0.091,0.09,0.088,0.085,0.0588125,0.0628125,0.0688125,0.0348125,0.0368125,0.0308125,0.0448125,0.0428125,0.0358125,0.0568125,0.0598125,0.0628125,0.0568125,0.0708125,0.0668125,0.0418125,0.0398125,0.0368125,0.0458125,0.0428125,0.0358125,0.0588125,0.0578125,0.0708125,0.0538125,0.0668125,0.0678125,0.0428125,0.0428125,0.0368125,0.0458125,0.0448125,0.0388125,0.0728125,0.0638125,0.0748125,0.0318125,0.0718125,0.0738125,0.0438125,0.0448125,0.0368125,0.0428125,0.0468125,0.0408125,0.0548125,0.0608125,0.0728125,0.0288125,0.0678125,0.0708125,0.0408125,0.0418125,0.0448125,0.0418125,0.0488125,0.0408125,0.0558125,0.0678125,0.0848125,0.0338125,0.0658125,0.0318125,0.0398125,0.0558125,0.0558125,0.0398125,0.0588125,0.0628125,0.0548125,0.084,0.089,0.0738125,0.0738125,0.0388125,0.0378125,0.0448125,0.0458125,0.0428125,0.0488125,0.0498125,0.0538125,0.082,0.083,44402.9138125,12.2479791666667,0.0861875
12:30:03,23.3,0.085,0.086,0.086,0.086,0.088,0.085,0.086,0.085,0.091,0.09,0.088,0.085,0.0598125,0.0628125,0.0688125,0.0348125,0.0378125,0.0318125,0.0448125,0.0428125,0.0358125,0.0578125,0.0598125,0.0628125,0.0568125,0.0708125,0.0678125,0.0418125,0.0398125,0.0368125,0.0458125,0.0438125,0.0358125,0.0588125,0.0578125,0.0718125,0.0538125,0.0668125,0.0688125,0.0428125,0.0428125,0.0378125,0.0458125,0.0458125,0.0388125,0.0728125,0.0638125,0.0748125,0.0318125,0.0718125,0.0748125,0.0428125,0.0448125,0.0368125,0.0428125,0.0468125,0.0408125,0.0548125,0.0608125,0.0728125,0.0298125,0.0668125,0.0718125,0.0408125,0.0418125,0.0448125,0.0418125,0.0488125,0.0408125,0.0568125,0.0678125,0.0848125,0.0328125,0.0658125,0.0318125,0.0398125,0.0568125,0.0558125,0.0398125,0.0598125,0.0648125,0.0558125,0.084,0.089,0.0778125,0.0788125,0.0388125,0.0368125,0.0448125,0.0458125,0.0428125,0.0498125,0.0518125,0.0548125,0.082,0.083,45002.9138125,12.4146458333333,0.0861875
12:40:03,23.3,0.085,0.086,0.086,0.086,0.088,0.085,0.086,0.085,0.091,0.09,0.088,0.085,0.0608125,0.0638125,0.0698125,0.0348125,0.0378125,0.0318125,0.0448125,0.0438125,0.0358125,0.0578125,0.0598125,0.0638125,0.0568125,0.0708125,0.0688125,0.0418125,0.0398125,0.0368125,0.0448125,0.0438125,0.0358125,0.0598125,0.0578125,0.0718125,0.0538125,0.0668125,0.0698125,0.0428125,0.0428125,0.0378125,0.0448125,0.0458125,0.0388125,0.0728125,0.0638125,0.0758125,0.0318125,0.0718125,0.0758125,0.0428125,0.0458125,0.0368125,0.0428125,0.0478125,0.0408125,0.0558125,0.0618125,0.0728125,0.0288125,0.0668125,0.0728125,0.0408125,0.0418125,0.0448125,0.0418125,0.0498125,0.0408125,0.0568125,0.0688125,0.0848125,0.0328125,0.0668125,0.0318125,0.0398125,0.0578125,0.0568125,0.0398125,0.0618125,0.0668125,0.0558125,0.084,0.089,0.0818125,0.0828125,0.0388125,0.0368125,0.0448125,0.0458125,0.0428125,0.0508125,0.0538125,0.0558125,0.082,0.083,45602.9138125,12.5813125,0.0861875
12:50:03,23.4,0.085,0.086,0.086,0.086,0.088,0.085,0.086,0.085,0.091,0.09,0.088,0.085,0.0608125,0.0638125,0.0708125,0.0348125,0.0378125,0.0318125,0.0448125,0.0438125,0.0358125,0.0588125,0.0598125,0.0638125,0.0578125,0.0708125,0.0698125,0.0418125,0.0398125,0.0378125,0.0448125,0.0438125,0.0358125,0.0598125,0.0588125,0.0718125,0.0548125,0.0658125,0.0698125,0.0428125,0.0438125,0.0378125,0.0448125,0.0468125,0.0388125,0.0738125,0.0648125,0.0758125,0.0318125,0.0718125,0.0768125,0.0438125,0.0458125,0.0378125,0.0428125,0.0478125,0.0408125,0.0558125,0.0618125,0.0728125,0.0288125,0.0668125,0.0728125,0.0408125,0.0428125,0.0458125,0.0418125,0.0498125,0.0408125,0.0568125,0.0688125,0.0838125,0.0328125,0.0678125,0.0308125,0.0388125,0.0578125,0.0568125,0.0388125,0.0638125,0.0678125,0.0558125,0.084,0.089,0.0848125,0.0868125,0.0388125,0.0358125,0.0458125,0.0458125,0.0428125,0.0518125,0.0548125,0.0568125,0.082,0.083,46202.9138125,12.7479791666667,0.0861875
13:00:03,23.4,0.085,0.086,0.086,0.087,0.088,0.085,0.086,0.085,0.091,0.09,0.088,0.085,0.06175,0.06475,0.07075,0.03575,0.03875,0.03275,0.04475,0.04275,0.03675,0.05875,0.06075,0.06375,0.05775,0.07075,0.07075,0.04175,0.04075,0.03775,0.04475,0.04375,0.03575,0.06075,0.05875,0.07175,0.05475,0.06575,0.07175,0.04275,0.04375,0.03775,0.04375,0.04675,0.03875,0.07375,0.06475,0.07575,0.03175,0.07175,0.07775,0.04275,0.04575,0.03775,0.04275,0.04775,0.04075,0.05575,0.06175,0.07275,0.02875,0.06675,0.07375,0.04075,0.04275,0.04575,0.04175,0.04975,0.04075,0.05775,0.06875,0.08375,0.03275,0.06875,0.03075,0.03975,0.05775,0.05775,0.03875,0.06475,0.06975,0.05675,0.084,0.089,0.08775,0.08975,0.03875,0.03575,0.04575,0.04675,0.04275,0.05275,0.05575,0.05875,0.082,0.083,46802.91375,12.9145833333333,0.08625
13:10:03,23.4,0.085,0.086,0.086,0.086,0.088,0.085,0.086,0.085,0.091,0.09,0.088,0.085,0.0628125,0.0658125,0.0718125,0.0358125,0.0388125,0.0328125,0.0438125,0.0438125,0.0368125,0.0598125,0.0608125,0.0648125,0.0588125,0.0708125,0.0718125,0.0428125,0.0408125,0.0378125,0.0438125,0.0438125,0.0368125,0.0608125,0.0588125,0.0718125,0.0548125,0.0668125,0.0728125,0.0428125,0.0448125,0.0388125,0.0438125,0.0468125,0.0388125,0.0738125,0.0648125,0.0758125,0.0318125,0.0718125,0.0788125,0.0438125,0.0458125,0.0378125,0.0428125,0.0478125,0.0408125,0.0568125,0.0628125,0.0728125,0.0288125,0.0668125,0.0748125,0.0408125,0.0428125,0.0458125,0.0408125,0.0498125,0.0408125,0.0578125,0.0698125,0.0838125,0.0318125,0.0708125,0.0308125,0.0398125,0.0588125,0.0578125,0.0388125,0.0668125,0.0718125,0.0568125,0.084,0.089,0.0898125,0.0938125,0.0388125,0.0358125,0.0468125,0.0478125,0.0438125,0.0538125,0.0568125,0.0598125,0.082,0.083,47402.9138125,13.0813125,0.0861875
13:20:03,23.5,0.085,0.086,0.086,0.086,0.088,0.085,0.086,0.085,0.091,0.09,0.088,0.085,0.0638125,0.0668125,0.0728125,0.0358125,0.0388125,0.0328125,0.0448125,0.0438125,0.0368125,0.0598125,0.0608125,0.0648125,0.0588125,0.0708125,0.0728125,0.0418125,0.0408125,0.0388125,0.0438125,0.0438125,0.0368125,0.0608125,0.0598125,0.0718125,0.0558125,0.0668125,0.0738125,0.0428125,0.0448125,0.0388125,0.0438125,0.0468125,0.0388125,0.0748125,0.0648125,0.0758125,0.0308125,0.0718125,0.0798125,0.0438125,0.0468125,0.0388125,0.0418125,0.0478125,0.0408125,0.0568125,0.0628125,0.0728125,0.0288125,0.0678125,0.0758125,0.0408125,0.0438125,0.0458125,0.0408125,0.0498125,0.0408125,0.0588125,0.0698125,0.0838125,0.0318125,0.0728125,0.0308125,0.0398125,0.0588125,0.0578125,0.0388125,0.0688125,0.0728125,0.0568125,0.084,0.089,0.0918125,0.0958125,0.0398125,0.0368125,0.0488125,0.0488125,0.0448125,0.0548125,0.0588125,0.0608125,0.082,0.083,48002.9138125,13.2479791666667,0.0861875
13:30:03,23.5,0.085,0.086,0.086,0.086,0.088,0.085,0.086,0.085,0.091,0.09,0.088,0.085,0.0648125,0.0678125,0.0728125,0.0358125,0.0398125,0.0328125,0.0448125,0.0438125,0.0368125,0.0608125,0.0608125,0.0648125,0.0598125,0.0718125,0.0738125,0.0418125,0.0418125,0.0388125,0.0438125,0.0438125,0.0368125,0.0608125,0.0598125,0.0718125,0.0558125,0.0668125,0.0738125,0.0428125,0.0448125,0.0388125,0.0438125,0.0468125,0.0388125,0.0748125,0.0658125,0.0768125,0.0308125,0.0718125,0.0808125,0.0428125,0.0468125,0.0388125,0.0418125,0.0488125,0.0418125,0.0578125,0.0628125,0.0728125,0.0288125,0.0688125,0.0768125,0.0408125,0.0438125,0.0458125,0.0408125,0.0498125,0.0408125,0.0588125,0.0698125,0.0838125,0.0318125,0.0758125,0.0298125,0.0398125,0.0598125,0.0588125,0.0388125,0.0698125,0.0748125,0.0578125,0.084,0.089,0.0928125,0.0978125,0.0398125,0.0368125,0.0498125,0.0508125,0.0458125,0.0558125,0.0598125,0.0618125,0.082,0.083,48602.9138125,13.4146458333333,0.0861875
13:40:03,23.5,0.085,0.086,0.086,0.086,0.088,0.085,0.086,0.085,0.091,0.09,0.088,0.085,0.0658125,0.0688125,0.0738125,0.0358125,0.0398125,0.0338125,0.0438125,0.0438125,0.0368125,0.0608125,0.0618125,0.0658125,0.0598125,0.0718125,0.0738125,0.0418125,0.0418125,0.0388125,0.0438125,0.0438125,0.0358125,0.0608125,0.0598125,0.0718125,0.0568125,0.0668125,0.0748125,0.0428125,0.0458125,0.0388125,0.0428125,0.0478125,0.0388125,0.0748125,0.0648125,0.0768125,0.0308125,0.0728125,0.0818125,0.0438125,0.0478125,0.0388125,0.0418125,0.0488125,0.0408125,0.0578125,0.0628125,0.0728125,0.0278125,0.0688125,0.0778125,0.0408125,0.0448125,0.0458125,0.0408125,0.0498125,0.0408125,0.0588125,0.0698125,0.0838125,0.0318125,0.0788125,0.0298125,0.0398125,0.0598125,0.0598125,0.0388125,0.0718125,0.0758125,0.0578125,0.084,0.089,0.0938125,0.0988125,0.0388125,0.0368125,0.0508125,0.0518125,0.0468125,0.0558125,0.0608125,0.0628125,0.082,0.083,49202.9138125,13.5813125,0.0861875
13:50:03,23.5,0.085,0.086,0.086,0.086,0.088,0.085,0.086,0.085,0.091,0.09,0.088,0.085,0.06675,0.06975,0.07375,0.03575,0.03975,0.03375,0.04475,0.04375,0.03675,0.06075,0.06175,0.06575,0.06075,0.07275,0.07475,0.04275,0.04275,0.03875,0.04375,0.04375,0.03575,0.06175,0.05975,0.07175,0.05675,0.06775,0.07575,0.04275,0.04575,0.03875,0.04275,0.04775,0.03975,0.07575,0.06575,0.07675,0.03075,0.07375,0.08175,0.04375,0.04775,0.03875,0.04175,0.04875,0.04175,0.05775,0.06375,0.07375,0.02775,0.06975,0.07775,0.04075,0.04475,0.04575,0.04075,0.04975,0.04075,0.05975,0.06975,0.08375,0.03175,0.08175,0.02975,0.03975,0.06075,0.06075,0.03875,0.07375,0.07675,0.05775,0.084,0.089,0.09475,0.09975,0.03875,0.03775,0.05175,0.05175,0.04775,0.05675,0.06175,0.06375,0.082,0.084,49802.91375,13.7479166666667,0.08625
14:00:03,23.5,0.085,0.086,0.086,0.086,0.088,0.084,0.086,0.085,0.091,0.09,0.088,0.085,0.067875,0.070875,0.074875,0.035875,0.039875,0.033875,0.044875,0.043875,0.035875,0.061875,0.061875,0.065875,0.061875,0.072875,0.074875,0.042875,0.042875,0.038875,0.042875,0.043875,0.035875,0.061875,0.059875,0.071875,0.057875,0.067875,0.076875,0.042875,0.045875,0.038875,0.042875,0.047875,0.038875,0.075875,0.065875,0.076875,0.030875,0.073875,0.082875,0.043875,0.047875,0.038875,0.041875,0.048875,0.041875,0.057875,0.063875,0.073875,0.027875,0.070875,0.078875,0.040875,0.044875,0.045875,0.040875,0.049875,0.039875,0.059875,0.069875,0.083875,0.030875,0.083875,0.028875,0.039875,0.061875,0.062875,0.038875,0.074875,0.077875,0.058875,0.084,0.089,0.094875,0.099875,0.037875,0.036875,0.052875,0.052875,0.048875,0.057875,0.062875,0.064875,0.082,0.083,50402.913875,13.9147083333333,0.086125
14:10:03,23.6,0.085,0.086,0.086,0.086,0.088,0.085,0.086,0.085,0.091,0.09,0.088,0.085,0.06775,0.07175,0.07475,0.03575,0.03975,0.03375,0.04375,0.04375,0.03675,0.06175,0.06175,0.06575,0.06275,0.07375,0.07575,0.04275,0.04275,0.03875,0.04275,0.04375,0.03575,0.06175,0.05975,0.07175,0.05875,0.06875,0.07775,0.04275,0.04575,0.03975,0.04275,0.04775,0.03875,0.07575,0.06575,0.07675,0.03075,0.07475,0.08375,0.04375,0.04775,0.03875,0.04175,0.04875,0.04175,0.05875,0.06375,0.07275,0.02775,0.07175,0.07875,0.04075,0.04475,0.04575,0.04075,0.04975,0.04075,0.05975,0.06975,0.08375,0.03175,0.08675,0.02875,0.03975,0.06375,0.06475,0.03875,0.07575,0.07875,0.05875,0.084,0.089,0.09475,0.09975,0.03875,0.03675,0.05475,0.05375,0.04875,0.05875,0.06375,0.06475,0.082,0.084,51002.91375,14.08125,0.08625
14:20:03,23.6,0.085,0.086,0.086,0.086,0.088,0.084,0.086,0.085,0.091,0.09,0.088,0.085,0.068875,0.071875,0.075875,0.036875,0.039875,0.033875,0.043875,0.043875,0.035875,0.061875,0.061875,0.066875,0.063875,0.073875,0.076875,0.042875,0.042875,0.038875,0.042875,0.043875,0.035875,0.061875,0.059875,0.072875,0.059875,0.069875,0.077875,0.042875,0.045875,0.038875,0.041875,0.047875,0.038875,0.075875,0.065875,0.076875,0.030875,0.075875,0.083875,0.043875,0.047875,0.038875,0.041875,0.048875,0.041875,0.058875,0.063875,0.072875,0.027875,0.072875,0.079875,0.040875,0.044875,0.044875,0.040875,0.049875,0.039875,0.059875,0.069875,0.083875,0.030875,0.089875,0.028875,0.039875,0.065875,0.066875,0.038875,0.076875,0.079875,0.058875,0.084,0.089,0.094875,0.099875,0.037875,0.036875,0.055875,0.054875,0.049875,0.059875,0.063875,0.065875,0.082,0.083,51602.913875,14.2480416666667,0.086125
14:30:03,23.6,0.085,0.086,0.086,0.086,0.088,0.085,0.086,0.085,0.091,0.09,0.088,0.085,0.0698125,0.0728125,0.0758125,0.0368125,0.0398125,0.0338125,0.0438125,0.0438125,0.0368125,0.0628125,0.0618125,0.0668125,0.0648125,0.0748125,0.0768125,0.0428125,0.0428125,0.0388125,0.0428125,0.0438125,0.0358125,0.0628125,0.0598125,0.0728125,0.0608125,0.0708125,0.0788125,0.0428125,0.0468125,0.0388125,0.0418125,0.0478125,0.0388125,0.0758125,0.0658125,0.0768125,0.0308125,0.0758125,0.0848125,0.0438125,0.0488125,0.0388125,0.0418125,0.0488125,0.0418125,0.0588125,0.0638125,0.0728125,0.0268125,0.0738125,0.0808125,0.0408125,0.0448125,0.0448125,0.0408125,0.0498125,0.0398125,0.0608125,0.0708125,0.0838125,0.0308125,0.0928125,0.0288125,0.0398125,0.0678125,0.0688125,0.0388125,0.0778125,0.0808125,0.0598125,0.084,0.089,0.0948125,0.0998125,0.0378125,0.0368125,0.0568125,0.0558125,0.0508125,0.0608125,0.0648125,0.0668125,0.082,0.083,52202.9138125,14.4146458333333,0.0861875
14:40:03,23.6,0.085,0.086,0.086,0.086,0.088,0.084,0.086,0.085,0.091,0.09,0.088,0.085,0.069875,0.073875,0.076875,0.036875,0.039875,0.033875,0.043875,0.043875,0.035875,0.062875,0.061875,0.066875,0.065875,0.075875,0.077875,0.042875,0.042875,0.038875,0.042875,0.043875,0.035875,0.062875,0.060875,0.072875,0.061875,0.070875,0.078875,0.042875,0.045875,0.038875,0.041875,0.047875,0.038875,0.076875,0.066875,0.076875,0.029875,0.077875,0.085875,0.043875,0.048875,0.038875,0.040875,0.048875,0.041875,0.058875,0.063875,0.072875,0.026875,0.074875,0.080875,0.040875,0.044875,0.044875,0.039875,0.049875,0.039875,0.060875,0.070875,0.083875,0.030875,0.094875,0.028875,0.039875,0.069875,0.069875,0.037875,0.078875,0.081875,0.059875,0.084,0.089,0.094875,0.099875,0.037875,0.036875,0.056875,0.055875,0.051875,0.061875,0.064875,0.066875,0.082,0.083,52802.913875,14.581375,0.086125
14:50:03,23.6,0.085,0.086,0.086,0.086,0.088,0.085,0.086,0.085,0.091,0.09,0.088,0.085,0.0698125,0.0738125,0.0768125,0.0368125,0.0398125,0.0338125,0.0438125,0.0438125,0.0358125,0.0628125,0.0628125,0.0668125,0.0668125,0.0768125,0.0788125,0.0428125,0.0428125,0.0388125,0.0428125,0.0438125,0.0358125,0.0628125,0.0598125,0.0728125,0.0628125,0.0718125,0.0798125,0.0428125,0.0458125,0.0388125,0.0418125,0.0478125,0.0388125,0.0768125,0.0668125,0.0768125,0.0298125,0.0778125,0.0858125,0.0438125,0.0488125,0.0388125,0.0408125,0.0488125,0.0418125,0.0598125,0.0638125,0.0728125,0.0268125,0.0758125,0.0818125,0.0408125,0.0448125,0.0448125,0.0398125,0.0498125,0.0398125,0.0608125,0.0708125,0.0838125,0.0308125,0.0958125,0.0288125,0.0408125,0.0718125,0.0718125,0.0388125,0.0798125,0.0828125,0.0598125,0.084,0.089,0.0948125,0.0998125,0.0378125,0.0368125,0.0588125,0.0568125,0.0518125,0.0628125,0.0658125,0.0678125,0.082,0.083,53402.9138125,14.7479791666667,0.0861875
15:00:03,23.6,0.085,0.086,0.086,0.086,0.088,0.085,0.086,0.085,0.091,0.09,0.088,0.085,0.0708125,0.0748125,0.0778125,0.0368125,0.0398125,0.0338125,0.0438125,0.0438125,0.0358125,0.0638125,0.0628125,0.0678125,0.0668125,0.0778125,0.0788125,0.0428125,0.0428125,0.0388125,0.0428125,0.0438125,0.0358125,0.0628125,0.0608125,0.0728125,0.0638125,0.0728125,0.0798125,0.0428125,0.0458125,0.0388125,0.0418125,0.0478125,0.0388125,0.0768125,0.0668125,0.0768125,0.0298125,0.0788125,0.0868125,0.0438125,0.0488125,0.0388125,0.0408125,0.0488125,0.0418125,0.0598125,0.0638125,0.0728125,0.0268125,0.0768125,0.0828125,0.0408125,0.0448125,0.0448125,0.0398125,0.0498125,0.0398125,0.0608125,0.0708125,0.0838125,0.0308125,0.0968125,0.0288125,0.0408125,0.0738125,0.0738125,0.0388125,0.0808125,0.0838125,0.0598125,0.084,0.089,0.0938125,0.0998125,0.0368125,0.0358125,0.0588125,0.0578125,0.0528125,0.0628125,0.0658125,0.0678125,0.082,0.083,54002.9138125,14.9146458333333,0.0861875
15:10:03,23.7,0.085,0.086,0.086,0.086,0.088,0.085,0.086,0.085,0.091,0.09,0.088,0.085,0.0708125,0.0758125,0.0778125,0.0368125,0.0398125,0.0338125,0.0438125,0.0438125,0.0358125,0.0638125,0.0628125,0.0678125,0.0678125,0.0788125,0.0798125,0.0428125,0.0428125,0.0388125,0.0428125,0.0438125,0.0358125,0.0638125,0.0608125,0.0728125,0.0648125,0.0738125,0.0808125,0.0438125,0.0458125,0.0388125,0.0418125,0.0478125,0.0388125,0.0768125,0.0668125,0.0768125,0.0298125,0.0798125,0.0868125,0.0438125,0.0488125,0.0388125,0.0408125,0.0488125,0.0418125,0.0598125,0.0638125,0.0728125,0.0268125,0.0768125,0.0828125,0.0408125,0.0448125,0.0438125,0.0398125,0.0498125,0.0398125,0.0618125,0.0708125,0.0838125,0.0308125,0.0978125,0.0288125,0.0408125,0.0758125,0.0748125,0.0378125,0.0818125,0.0838125,0.0608125,0.084,0.089,0.0938125,0.0988125,0.0368125,0.0358125,0.0608125,0.0588125,0.0538125,0.0638125,0.0658125,0.0678125,0.082,0.083,54602.9138125,15.0813125,0.0861875
15:20:03,23.7,0.085,0.086,0.086,0.086,0.088,0.084,0.086,0.085,0.091,0.09,0.088,0.085,0.070875,0.075875,0.077875,0.036875,0.039875,0.033875,0.043875,0.043875,0.035875,0.063875,0.062875,0.067875,0.067875,0.078875,0.079875,0.042875,0.042875,0.038875,0.042875,0.043875,0.035875,0.063875,0.060875,0.072875,0.064875,0.073875,0.080875,0.043875,0.045875,0.038875,0.041875,0.047875,0.038875,0.077875,0.066875,0.076875,0.029875,0.079875,0.087875,0.043875,0.048875,0.038875,0.040875,0.048875,0.041875,0.059875,0.063875,0.072875,0.026875,0.077875,0.083875,0.040875,0.044875,0.043875,0.039875,0.049875,0.039875,0.061875,0.070875,0.083875,0.030875,0.097875,0.028875,0.040875,0.077875,0.075875,0.037875,0.082875,0.084875,0.060875,0.084,0.089,0.093875,0.098875,0.035875,0.035875,0.061875,0.058875,0.054875,0.064875,0.066875,0.068875,0.082,0.083,55202.913875,15.2480416666667,0.086125
15:30:03,23.7,0.085,0.086,0.086,0.086,0.088,0.084,0.086,0.085,0.091,0.09,0.088,0.085,0.071875,0.076875,0.078875,0.037875,0.039875,0.033875,0.043875,0.043875,0.035875,0.063875,0.062875,0.067875,0.067875,0.079875,0.080875,0.043875,0.042875,0.038875,0.042875,0.043875,0.035875,0.063875,0.060875,0.072875,0.065875,0.074875,0.081875,0.043875,0.045875,0.038875,0.041875,0.047875,0.038875,0.077875,0.066875,0.076875,0.029875,0.080875,0.087875,0.043875,0.048875,0.038875,0.040875,0.048875,0.041875,0.060875,0.064875,0.072875,0.026875,0.078875,0.083875,0.040875,0.044875,0.043875,0.039875,0.048875,0.039875,0.061875,0.070875,0.083875,0.030875,0.097875,0.028875,0.040875,0.079875,0.077875,0.037875,0.083875,0.085875,0.060875,0.084,0.089,0.093875,0.099875,0.035875,0.035875,0.061875,0.059875,0.054875,0.064875,0.066875,0.068875,0.082,0.083,55802.913875,15.4147083333333,0.086125
15:40:03,23.7,0.085,0.086,0.086,0.087,0.088,0.085,0.086,0.085,0.091,0.09,0.088,0.085,0.07275,0.07775,0.07975,0.03775,0.03975,0.03375,0.04375,0.04375,0.03675,0.06475,0.06275,0.06875,0.06875,0.07975,0.08075,0.04375,0.04275,0.03875,0.04175,0.04375,0.03575,0.06375,0.06075,0.07275,0.06575,0.07575,0.08175,0.04375,0.04575,0.03775,0.04175,0.04775,0.03875,0.07775,0.06675,0.07675,0.02975,0.08175,0.08875,0.04375,0.04875,0.03875,0.04075,0.04875,0.04175,0.06075,0.06475,0.07375,0.02675,0.07875,0.08475,0.04075,0.04475,0.04375,0.03975,0.04975,0.03975,0.06175,0.07075,0.08375,0.03075,0.09875,0.02775,0.04075,0.08075,0.07875,0.03775,0.08475,0.08575,0.06075,0.084,0.089,0.09475,0.09975,0.03575,0.03575,0.06375,0.06075,0.05575,0.06575,0.06675,0.06875,0.082,0.083,56402.91375,15.58125,0.08625
15:50:03,23.7,0.085,0.086,0.086,0.086,0.088,0.085,0.086,0.085,0.091,0.09,0.088,0.085,0.07375,0.07775,0.07975,0.03775,0.03975,0.03375,0.04375,0.04375,0.03675,0.06475,0.06275,0.06875,0.06875,0.08075,0.08175,0.04375,0.04175,0.03775,0.04175,0.04375,0.03575,0.06475,0.06075,0.07275,0.06575,0.07575,0.08175,0.04375,0.04575,0.03775,0.04175,0.04775,0.03875,0.07775,0.06675,0.07675,0.02875,0.08175,0.08875,0.04375,0.04875,0.03875,0.04075,0.04775,0.04175,0.06075,0.06475,0.07375,0.02575,0.07975,0.08475,0.04075,0.04375,0.04375,0.03975,0.04875,0.03975,0.06175,0.07075,0.08375,0.02875,0.09875,0.02775,0.04075,0.08275,0.07975,0.03775,0.08475,0.08675,0.06175,0.084,0.089,0.09475,0.09975,0.03475,0.03575,0.06475,0.06175,0.05675,0.06675,0.06775,0.06975,0.082,0.084,57002.91375,15.7479166666667,0.08625
16:00:03,23.7,0.085,0.086,0.086,0.086,0.088,0.085,0.086,0.085,0.091,0.09,0.088,0.085,0.0748125,0.0788125,0.0798125,0.0378125,0.0398125,0.0338125,0.0438125,0.0438125,0.0368125,0.0648125,0.0628125,0.0688125,0.0688125,0.0808125,0.0818125,0.0438125,0.0418125,0.0378125,0.0418125,0.0438125,0.0358125,0.0648125,0.0608125,0.0728125,0.0658125,0.0768125,0.0828125,0.0438125,0.0458125,0.0378125,0.0418125,0.0478125,0.0388125,0.0788125,0.0668125,0.0768125,0.0298125,0.0828125,0.0888125,0.0438125,0.0478125,0.0378125,0.0408125,0.0478125,0.0418125,0.0608125,0.0648125,0.0748125,0.0268125,0.0798125,0.0848125,0.0408125,0.0438125,0.0428125,0.0398125,0.0488125,0.0398125,0.0628125,0.0708125,0.0838125,0.0288125,0.0988125,0.0278125,0.0408125,0.0838125,0.0818125,0.0378125,0.0858125,0.0868125,0.0618125,0.084,0.089,0.0948125,0.0998125,0.0348125,0.0348125,0.0658125,0.0628125,0.0568125,0.0678125,0.0678125,0.0708125,0.082,0.083,57602.9138125,15.9146458333333,0.0861875
16:10:03,23.7,0.085,0.086,0.086,0.086,0.088,0.085,0.086,0.085,0.091,0.09,0.088,0.085,0.0758125,0.0788125,0.0808125,0.0378125,0.0388125,0.0338125,0.0438125,0.0438125,0.0368125,0.0648125,0.0628125,0.0688125,0.0698125,0.0818125,0.0828125,0.0438125,0.0418125,0.0378125,0.0418125,0.0438125,0.0358125,0.0648125,0.0618125,0.0728125,0.0668125,0.0768125,0.0828125,0.0448125,0.0448125,0.0378125,0.0418125,0.0468125,0.0388125,0.0788125,0.0668125,0.0768125,0.0288125,0.0828125,0.0898125,0.0438125,0.0478125,0.0378125,0.0408125,0.0478125,0.0418125,0.0608125,0.0648125,0.0748125,0.0258125,0.0808125,0.0858125,0.0408125,0.0438125,0.0428125,0.0398125,0.0488125,0.0398125,0.0628125,0.0708125,0.0838125,0.0298125,0.0988125,0.0278125,0.0408125,0.0848125,0.0828125,0.0378125,0.0868125,0.0878125,0.0618125,0.084,0.089,0.0958125,0.0998125,0.0348125,0.0348125,0.0668125,0.0638125,0.0578125,0.0688125,0.0688125,0.0708125,0.082,0.083,58202.9138125,16.0813125,0.0861875
16:20:03,23.7,0.085,0.086,0.086,0.086,0.088,0.084,0.086,0.085,0.091,0.09,0.088,0.085,0.076875,0.079875,0.080875,0.038875,0.038875,0.033875,0.043875,0.043875,0.036875,0.065875,0.063875,0.068875,0.069875,0.081875,0.082875,0.044875,0.041875,0.037875,0.041875,0.043875,0.035875,0.065875,0.061875,0.072875,0.066875,0.077875,0.083875,0.044875,0.044875,0.037875,0.040875,0.046875,0.038875,0.078875,0.067875,0.076875,0.028875,0.082875,0.089875,0.043875,0.047875,0.037875,0.040875,0.047875,0.041875,0.061875,0.064875,0.074875,0.023875,0.080875,0.085875,0.040875,0.043875,0.042875,0.039875,0.048875,0.039875,0.062875,0.070875,0.083875,0.029875,0.098875,0.027875,0.040875,0.086875,0.083875,0.037875,0.087875,0.089875,0.061875,0.084,0.089,0.095875,0.100875,0.034875,0.034875,0.067875,0.064875,0.058875,0.068875,0.069875,0.071875,0.082,0.083,58802.913875,16.2480416666667,0.086125
16:30:03,23.7,0.085,0.086,0.086,0.087,0.088,0.085,0.086,0.085,0.091,0.09,0.088,0.085,0.07775,0.07975,0.08175,0.03875,0.03875,0.03375,0.04375,0.04375,0.03675,0.06575,0.06375,0.06875,0.07075,0.08275,0.08375,0.04475,0.04175,0.03775,0.04175,0.04375,0.03575,0.06575,0.06175,0.07275,0.06775,0.07775,0.08375,0.04475,0.04475,0.03775,0.04175,0.04675,0.03875,0.07875,0.06775,0.07675,0.02775,0.08375,0.09075,0.04375,0.04775,0.03775,0.04075,0.04775,0.04175,0.06175,0.06475,0.07475,0.02475,0.08075,0.08575,0.04075,0.04375,0.04275,0.03975,0.04875,0.03975,0.06275,0.07175,0.08375,0.02975,0.09875,0.02775,0.04075,0.08875,0.08575,0.03775,0.08975,0.09075,0.06175,0.084,0.089,0.09575,0.10075,0.03475,0.03475,0.06875,0.06575,0.05975,0.07075,0.07075,0.07275,0.082,0.083,59402.91375,16.4145833333333,0.08625
16:40:03,23.7,0.085,0.086,0.086,0.086,0.088,0.084,0.086,0.085,0.091,0.09,0.088,0.085,0.077875,0.080875,0.081875,0.038875,0.038875,0.032875,0.043875,0.043875,0.036875,0.065875,0.063875,0.068875,0.070875,0.082875,0.083875,0.044875,0.041875,0.037875,0.041875,0.043875,0.035875,0.065875,0.061875,0.072875,0.067875,0.077875,0.083875,0.044875,0.044875,0.037875,0.040875,0.046875,0.038875,0.079875,0.067875,0.076875,0.027875,0.083875,0.089875,0.043875,0.047875,0.037875,0.040875,0.047875,0.041875,0.061875,0.064875,0.074875,0.023875,0.080875,0.085875,0.040875,0.042875,0.042875,0.039875,0.048875,0.039875,0.063875,0.070875,0.083875,0.030875,0.098875,0.027875,0.040875,0.090875,0.086875,0.037875,0.090875,0.092875,0.062875,0.084,0.089,0.096875,0.100875,0.034875,0.034875,0.069875,0.066875,0.060875,0.071875,0.072875,0.073875,0.082,0.083,60002.913875,16.581375,0.086125
16:50:03,23.7,0.085,0.086,0.086,0.087,0.088,0.085,0.086,0.085,0.091,0.09,0.088,0.085,0.07875,0.08075,0.08275,0.03875,0.03875,0.03275,0.04375,0.04375,0.03675,0.06575,0.06375,0.06975,0.07075,0.08275,0.08375,0.04475,0.04075,0.03775,0.04175,0.04375,0.03575,0.06575,0.06175,0.07375,0.06875,0.07875,0.08475,0.04575,0.04475,0.03775,0.04075,0.04675,0.03875,0.07975,0.06775,0.07675,0.02775,0.08375,0.09075,0.04375,0.04775,0.03775,0.04075,0.04775,0.04175,0.06175,0.06475,0.07475,0.02475,0.08175,0.08675,0.04075,0.04275,0.04275,0.03975,0.04875,0.03975,0.06375,0.07075,0.08375,0.02975,0.09875,0.02775,0.04075,0.09175,0.08875,0.03775,0.09275,0.09475,0.06275,0.084,0.089,0.09675,0.10075,0.03475,0.03475,0.07175,0.06875,0.06175,0.07375,0.07375,0.07575,0.082,0.083,60602.91375,16.7479166666667,0.08625
17:00:03,23.7,0.085,0.086,0.086,0.087,0.088,0.085,0.086,0.085,0.091,0.09,0.088,0.085,0.07975,0.08075,0.08275,0.03875,0.03875,0.03275,0.04375,0.04375,0.03675,0.06575,0.06375,0.06975,0.07175,0.08375,0.08375,0.04475,0.04075,0.03775,0.04175,0.04375,0.03575,0.06675,0.06175,0.07375,0.06875,0.07875,0.08475,0.04575,0.04475,0.03775,0.04075,0.04675,0.03875,0.07975,0.06775,0.07675,0.02775,0.08475,0.09075,0.04375,0.04775,0.03675,0.04075,0.04775,0.04175,0.06275,0.06475,0.07475,0.02575,0.08175,0.08675,0.04075,0.04275,0.04275,0.03975,0.04875,0.03975,0.06375,0.07175,0.08275,0.02975,0.09875,0.02775,0.04175,0.09375,0.09075,0.03775,0.09475,0.09675,0.06275,0.084,0.089,0.09675,0.10075,0.03475,0.03475,0.07475,0.07075,0.06375,0.07475,0.07575,0.07775,0.082,0.083,61202.91375,16.9145833333333,0.08625
17:10:03,23.7,0.085,0.086,0.086,0.087,0.088,0.085,0.086,0.085,0.091,0.09,0.088,0.085,0.07975,0.08175,0.08275,0.03875,0.03775,0.03275,0.04375,0.04375,0.03675,0.06675,0.06475,0.06975,0.07275,0.08375,0.08375,0.04575,0.04075,0.03775,0.04175,0.04375,0.03575,0.06675,0.06175,0.07375,0.06975,0.07875,0.08475,0.04575,0.04475,0.03775,0.04075,0.04675,0.03875,0.08075,0.06775,0.07675,0.02875,0.08475,0.09075,0.04375,0.04675,0.03675,0.04075,0.04775,0.04175,0.06275,0.06475,0.07475,0.02575,0.08175,0.08675,0.04075,0.04275,0.04175,0.03975,0.04875,0.03975,0.06475,0.07175,0.08375,0.02975,0.09875,0.02775,0.04175,0.09575,0.09275,0.03775,0.09575,0.09775,0.06275,0.084,0.089,0.09775,0.10075,0.03475,0.03475,0.07675,0.07375,0.06475,0.07675,0.07675,0.07875,0.082,0.083,61802.91375,17.08125,0.08625
17:20:03,23.7,0.085,0.086,0.086,0.087,0.088,0.085,0.086,0.085,0.091,0.09,0.088,0.085,0.0806875,0.0816875,0.0826875,0.0386875,0.0376875,0.0326875,0.0436875,0.0436875,0.0366875,0.0666875,0.0646875,0.0696875,0.0726875,0.0836875,0.0836875,0.0456875,0.0406875,0.0376875,0.0416875,0.0436875,0.0356875,0.0666875,0.0616875,0.0736875,0.0706875,0.0786875,0.0846875,0.0456875,0.0436875,0.0376875,0.0406875,0.0466875,0.0386875,0.0806875,0.0676875,0.0766875,0.0286875,0.0846875,0.0906875,0.0436875,0.0466875,0.0366875,0.0406875,0.0476875,0.0416875,0.0626875,0.0656875,0.0746875,0.0256875,0.0816875,0.0866875,0.0406875,0.0426875,0.0416875,0.0396875,0.0486875,0.0396875,0.0646875,0.0716875,0.0836875,0.0296875,0.0996875,0.0276875,0.0416875,0.0966875,0.0936875,0.0376875,0.0966875,0.0986875,0.0626875,0.084,0.089,0.0976875,0.1006875,0.0346875,0.0336875,0.0776875,0.0746875,0.0666875,0.0766875,0.0766875,0.0786875,0.082,0.084,62402.9136875,17.2478541666667,0.0863125
17:30:03,23.7,0.085,0.086,0.086,0.086,0.088,0.085,0.086,0.085,0.091,0.09,0.088,0.085,0.08075,0.08175,0.08375,0.03875,0.03775,0.03275,0.04375,0.04375,0.03675,0.06675,0.06475,0.06975,0.07375,0.08375,0.08475,0.04575,0.04075,0.03775,0.04175,0.04375,0.03575,0.06675,0.06275,0.07375,0.07075,0.07975,0.08475,0.04575,0.04375,0.03775,0.04075,0.04675,0.03875,0.08075,0.06775,0.07675,0.02875,0.08575,0.09075,0.04375,0.04675,0.03675,0.04075,0.04775,0.04175,0.06275,0.06575,0.07475,0.02575,0.08275,0.08775,0.04075,0.04175,0.04175,0.03975,0.04875,0.04075,0.06475,0.07175,0.08375,0.02975,0.09975,0.02675,0.04175,0.09775,0.09475,0.03775,0.09775,0.09975,0.06375,0.084,0.089,0.09775,0.10075,0.03475,0.03375,0.07975,0.07775,0.06875,0.07575,0.07675,0.07875,0.082,0.084,63002.91375,17.4145833333333,0.08625
17:40:03,23.7,0.085,0.086,0.086,0.086,0.088,0.084,0.086,0.085,0.091,0.09,0.088,0.085,0.081875,0.081875,0.083875,0.038875,0.037875,0.032875,0.043875,0.043875,0.036875,0.066875,0.064875,0.070875,0.074875,0.084875,0.084875,0.045875,0.040875,0.037875,0.041875,0.043875,0.035875,0.066875,0.062875,0.073875,0.071875,0.079875,0.084875,0.045875,0.043875,0.037875,0.040875,0.046875,0.038875,0.080875,0.068875,0.076875,0.028875,0.085875,0.091875,0.044875,0.046875,0.036875,0.040875,0.047875,0.041875,0.063875,0.065875,0.074875,0.025875,0.082875,0.087875,0.040875,0.041875,0.041875,0.039875,0.048875,0.040875,0.064875,0.071875,0.083875,0.029875,0.099875,0.026875,0.041875,0.098875,0.095875,0.037875,0.098875,0.100875,0.063875,0.084,0.089,0.097875,0.100875,0.034875,0.033875,0.080875,0.077875,0.068875,0.074875,0.075875,0.077875,0.082,0.083,63602.913875,17.581375,0.086125
17:50:03,23.7,0.085,0.086,0.086,0.087,0.088,0.085,0.086,0.085,0.091,0.09,0.088,0.085,0.08175,0.08175,0.08375,0.03875,0.03775,0.03275,0.04375,0.04375,0.03675,0.06775,0.06475,0.07075,0.07475,0.08475,0.08475,0.04575,0.04075,0.03675,0.04175,0.04275,0.03575,0.06775,0.06275,0.07375,0.07275,0.07975,0.08575,0.04575,0.04375,0.03775,0.04075,0.04675,0.03875,0.08075,0.06875,0.07675,0.02775,0.08575,0.09175,0.04475,0.04675,0.03675,0.04075,0.04775,0.04175,0.06375,0.06575,0.07475,0.02575,0.08275,0.08775,0.04075,0.04175,0.04175,0.03975,0.04875,0.04075,0.06475,0.07175,0.08275,0.02975,0.10075,0.02675,0.04175,0.09975,0.09675,0.03775,0.09975,0.10175,0.06375,0.084,0.089,0.09775,0.09975,0.03375,0.03375,0.08075,0.07875,0.06975,0.07475,0.07475,0.07775,0.082,0.083,64202.91375,17.7479166666667,0.08625
18:00:03,23.7,0.085,0.086,0.086,0.086,0.088,0.085,0.086,0.085,0.091,0.09,0.088,0.085,0.08175,0.08175,0.08375,0.03975,0.03675,0.03275,0.04375,0.04375,0.03675,0.06775,0.06475,0.07075,0.07475,0.08475,0.08475,0.04575,0.03975,0.03775,0.04175,0.04275,0.03575,0.06775,0.06275,0.07375,0.07275,0.07975,0.08575,0.04675,0.04375,0.03675,0.04075,0.04675,0.03875,0.08175,0.06875,0.07675,0.02775,0.08575,0.09175,0.04475,0.04675,0.03675,0.04075,0.04775,0.04175,0.06375,0.06575,0.07475,0.02575,0.08275,0.08775,0.04175,0.04175,0.04175,0.03975,0.04875,0.04075,0.06475,0.07175,0.08275,0.02975,0.10075,0.02675,0.04275,0.10075,0.09775,0.03775,0.10075,0.10275,0.06375,0.084,0.089,0.09675,0.09975,0.03375,0.03375,0.08075,0.07875,0.06875,0.07475,0.07475,0.07675,0.082,0.084,64802.91375,17.9145833333333,0.08625
18:10:03,23.7,0.085,0.086,0.086,0.087,0.088,0.085,0.086,0.085,0.091,0.09,0.088,0.085,0.0816875,0.0816875,0.0846875,0.0396875,0.0366875,0.0316875,0.0436875,0.0436875,0.0366875,0.0676875,0.0646875,0.0706875,0.0756875,0.0846875,0.0846875,0.0456875,0.0396875,0.0366875,0.0416875,0.0426875,0.0356875,0.0676875,0.0626875,0.0736875,0.0736875,0.0796875,0.0856875,0.0466875,0.0436875,0.0366875,0.0406875,0.0466875,0.0386875,0.0816875,0.0686875,0.0766875,0.0276875,0.0856875,0.0916875,0.0446875,0.0456875,0.0366875,0.0406875,0.0476875,0.0416875,0.0636875,0.0656875,0.0746875,0.0256875,0.0826875,0.0876875,0.0416875,0.0416875,0.0416875,0.0396875,0.0486875,0.0406875,0.0656875,0.0716875,0.0826875,0.0296875,0.1006875,0.0266875,0.0426875,0.1016875,0.0986875,0.0376875,0.1006875,0.1026875,0.0636875,0.084,0.089,0.0966875,0.0996875,0.0336875,0.0336875,0.0806875,0.0786875,0.0686875,0.0736875,0.0746875,0.0766875,0.082,0.084,65402.9136875,18.0811875,0.0863125
18:20:03,23.7,0.085,0.086,0.086,0.087,0.088,0.085,0.086,0.085,0.091,0.09,0.088,0.085,0.0816875,0.0816875,0.0836875,0.0396875,0.0366875,0.0316875,0.0436875,0.0436875,0.0366875,0.0676875,0.0646875,0.0706875,0.0756875,0.0846875,0.0846875,0.0466875,0.0396875,0.0366875,0.0416875,0.0426875,0.0356875,0.0676875,0.0626875,0.0736875,0.0736875,0.0796875,0.0856875,0.0466875,0.0436875,0.0366875,0.0406875,0.0466875,0.0386875,0.0816875,0.0686875,0.0766875,0.0276875,0.0866875,0.0916875,0.0446875,0.0456875,0.0366875,0.0406875,0.0476875,0.0416875,0.0636875,0.0656875,0.0746875,0.0256875,0.0826875,0.0876875,0.0416875,0.0416875,0.0416875,0.0396875,0.0486875,0.0406875,0.0656875,0.0716875,0.0826875,0.0286875,0.1006875,0.0266875,0.0426875,0.1016875,0.0996875,0.0376875,0.1006875,0.1026875,0.0636875,0.084,0.089,0.0966875,0.0996875,0.0336875,0.0336875,0.0806875,0.0776875,0.0686875,0.0736875,0.0746875,0.0756875,0.082,0.084,66002.9136875,18.2478541666667,0.0863125
18:30:03,23.7,0.085,0.086,0.086,0.087,0.088,0.085,0.086,0.085,0.091,0.09,0.088,0.085,0.0816875,0.0826875,0.0836875,0.0396875,0.0366875,0.0316875,0.0436875,0.0436875,0.0366875,0.0676875,0.0656875,0.0706875,0.0756875,0.0846875,0.0846875,0.0466875,0.0396875,0.0366875,0.0416875,0.0436875,0.0366875,0.0686875,0.0636875,0.0736875,0.0746875,0.0796875,0.0856875,0.0466875,0.0436875,0.0376875,0.0406875,0.0466875,0.0386875,0.0816875,0.0686875,0.0766875,0.0276875,0.0856875,0.0916875,0.0446875,0.0456875,0.0366875,0.0406875,0.0476875,0.0416875,0.0646875,0.0656875,0.0736875,0.0256875,0.0826875,0.0876875,0.0416875,0.0406875,0.0416875,0.0396875,0.0486875,0.0406875,0.0656875,0.0726875,0.0826875,0.0286875,0.1016875,0.0266875,0.0426875,0.1026875,0.1006875,0.0376875,0.1006875,0.1026875,0.0646875,0.084,0.089,0.0956875,0.0986875,0.0336875,0.0336875,0.0806875,0.0776875,0.0686875,0.0736875,0.0746875,0.0756875,0.082,0.084,66602.9136875,18.4145208333333,0.0863125
18:40:03,23.7,0.085,0.086,0.086,0.087,0.088,0.085,0.086,0.085,0.091,0.09,0.088,0.085,0.08175,0.08275,0.08375,0.03975,0.03675,0.03175,0.04375,0.04375,0.03675,0.06775,0.06575,0.07075,0.07575,0.08475,0.08475,0.04675,0.03975,0.03675,0.04175,0.04275,0.03675,0.06875,0.06375,0.07375,0.07475,0.07975,0.08475,0.04675,0.04275,0.03775,0.04075,0.04675,0.03875,0.08175,0.06875,0.07675,0.02775,0.08575,0.09175,0.04475,0.04575,0.03675,0.04075,0.04775,0.04175,0.06475,0.06575,0.07375,0.02475,0.08275,0.08775,0.04175,0.04075,0.04075,0.03975,0.04875,0.04075,0.06575,0.07275,0.08275,0.02875,0.10175,0.02675,0.04275,0.10275,0.10075,0.03775,0.10075,0.10275,0.06475,0.084,0.089,0.09575,0.09875,0.03375,0.03375,0.08075,0.07875,0.06875,0.07375,0.07375,0.07575,0.082,0.083,67202.91375,18.58125,0.08625
18:50:03,23.8,0.085,0.086,0.086,0.086,0.088,0.085,0.086,0.085,0.091,0.09,0.088,0.085,0.08175,0.08275,0.08375,0.03975,0.03675,0.03175,0.04375,0.04375,0.03775,0.06775,0.06575,0.07075,0.07575,0.08475,0.08475,0.04675,0.03975,0.03675,0.04175,0.04275,0.03575,0.06875,0.06375,0.07375,0.07575,0.08075,0.08475,0.04675,0.04275,0.03675,0.04075,0.04675,0.03975,0.08275,0.06875,0.07675,0.02775,0.08575,0.09175,0.04475,0.04575,0.03675,0.04075,0.04775,0.04175,0.06475,0.06675,0.07375,0.02475,0.08275,0.08775,0.04175,0.04075,0.04075,0.03975,0.04875,0.04075,0.06575,0.07275,0.08275,0.02875,0.10175,0.02675,0.04275,0.10275,0.10075,0.03775,0.10075,0.10275,0.06475,0.084,0.089,0.09475,0.09875,0.03375,0.03375,0.08175,0.07875,0.06875,0.07375,0.07375,0.07575,0.082,0.084,67802.91375,18.7479166666667,0.08625
19:00:03,23.8,0.085,0.086,0.086,0.086,0.088,0.085,0.086,0.085,0.091,0.09,0.088,0.085,0.08175,0.08275,0.08375,0.03975,0.03675,0.03175,0.04275,0.04375,0.03775,0.06775,0.06575,0.07075,0.07575,0.08475,0.08475,0.04675,0.03975,0.03675,0.04175,0.04275,0.03675,0.06875,0.06375,0.07375,0.07575,0.07975,0.08475,0.04675,0.04275,0.03675,0.04075,0.04675,0.03975,0.08275,0.06975,0.07675,0.02775,0.08575,0.09075,0.04575,0.04575,0.03675,0.04075,0.04775,0.04175,0.06475,0.06675,0.07375,0.02475,0.08375,0.08775,0.04275,0.04075,0.04075,0.03975,0.04875,0.04075,0.06575,0.07275,0.08175,0.02875,0.10175,0.02675,0.04375,0.10275,0.10075,0.03675,0.10075,0.10275,0.06475,0.084,0.089,0.09475,0.09775,0.03375,0.03375,0.08175,0.07875,0.06875,0.07275,0.07375,0.07475,0.082,0.084,68402.91375,18.9145833333333,0.08625
19:10:03,23.8,0.085,0.086,0.086,0.086,0.088,0.085,0.086,0.085,0.091,0.09,0.088,0.085,0.0808125,0.0828125,0.0838125,0.0398125,0.0358125,0.0318125,0.0428125,0.0438125,0.0378125,0.0688125,0.0658125,0.0708125,0.0748125,0.0848125,0.0848125,0.0468125,0.0398125,0.0368125,0.0418125,0.0428125,0.0368125,0.0688125,0.0638125,0.0738125,0.0758125,0.0808125,0.0848125,0.0468125,0.0428125,0.0368125,0.0408125,0.0468125,0.0398125,0.0828125,0.0698125,0.0758125,0.0278125,0.0858125,0.0908125,0.0458125,0.0458125,0.0368125,0.0408125,0.0478125,0.0418125,0.0648125,0.0668125,0.0728125,0.0248125,0.0838125,0.0878125,0.0428125,0.0408125,0.0408125,0.0398125,0.0488125,0.0408125,0.0668125,0.0728125,0.0818125,0.0288125,0.1018125,0.0268125,0.0438125,0.1028125,0.1008125,0.0368125,0.0998125,0.1018125,0.0658125,0.084,0.089,0.0938125,0.0968125,0.0338125,0.0338125,0.0818125,0.0798125,0.0688125,0.0728125,0.0738125,0.0758125,0.082,0.083,69002.9138125,19.0813125,0.0861875
19:20:03,23.8,0.085,0.086,0.087,0.086,0.088,0.085,0.086,0.085,0.091,0.09,0.088,0.085,0.0806875,0.0836875,0.0836875,0.0396875,0.0356875,0.0316875,0.0426875,0.0436875,0.0376875,0.0686875,0.0656875,0.0696875,0.0746875,0.0846875,0.0846875,0.0466875,0.0386875,0.0366875,0.0416875,0.0436875,0.0366875,0.0686875,0.0636875,0.0736875,0.0756875,0.0806875,0.0846875,0.0466875,0.0426875,0.0366875,0.0406875,0.0466875,0.0396875,0.0826875,0.0696875,0.0756875,0.0276875,0.0856875,0.0906875,0.0456875,0.0456875,0.0366875,0.0406875,0.0476875,0.0426875,0.0646875,0.0666875,0.0726875,0.0246875,0.0836875,0.0876875,0.0426875,0.0406875,0.0406875,0.0396875,0.0486875,0.0406875,0.0666875,0.0726875,0.0816875,0.0286875,0.1016875,0.0266875,0.0436875,0.1026875,0.1006875,0.0366875,0.0996875,0.1026875,0.0656875,0.084,0.089,0.0926875,0.0956875,0.0336875,0.0336875,0.0826875,0.0796875,0.0696875,0.0726875,0.0736875,0.0746875,0.082,0.084,69602.9136875,19.2478541666667,0.0863125
19:30:03,23.8,0.085,0.086,0.086,0.086,0.088,0.085,0.086,0.085,0.091,0.09,0.088,0.085,0.0808125,0.0838125,0.0838125,0.0398125,0.0358125,0.0318125,0.0428125,0.0438125,0.0378125,0.0688125,0.0668125,0.0698125,0.0748125,0.0848125,0.0848125,0.0468125,0.0388125,0.0368125,0.0418125,0.0438125,0.0368125,0.0688125,0.0648125,0.0738125,0.0758125,0.0808125,0.0848125,0.0468125,0.0428125,0.0368125,0.0408125,0.0468125,0.0398125,0.0828125,0.0698125,0.0758125,0.0278125,0.0858125,0.0918125,0.0458125,0.0458125,0.0368125,0.0408125,0.0478125,0.0428125,0.0658125,0.0668125,0.0728125,0.0248125,0.0838125,0.0868125,0.0428125,0.0408125,0.0408125,0.0398125,0.0488125,0.0408125,0.0668125,0.0728125,0.0808125,0.0288125,0.1018125,0.0268125,0.0438125,0.1028125,0.1008125,0.0368125,0.0998125,0.1018125,0.0658125,0.084,0.089,0.0918125,0.0958125,0.0338125,0.0338125,0.0828125,0.0808125,0.0698125,0.0728125,0.0738125,0.0748125,0.082,0.083,70202.9138125,19.4146458333333,0.0861875
19:40:03,23.8,0.085,0.086,0.086,0.087,0.088,0.085,0.086,0.085,0.091,0.09,0.088,0.085,0.0806875,0.0836875,0.0826875,0.0406875,0.0356875,0.0316875,0.0426875,0.0436875,0.0376875,0.0686875,0.0666875,0.0696875,0.0746875,0.0856875,0.0846875,0.0466875,0.0386875,0.0366875,0.0416875,0.0436875,0.0366875,0.0686875,0.0646875,0.0736875,0.0756875,0.0806875,0.0846875,0.0476875,0.0426875,0.0366875,0.0406875,0.0466875,0.0396875,0.0826875,0.0696875,0.0756875,0.0276875,0.0856875,0.0906875,0.0456875,0.0456875,0.0366875,0.0406875,0.0476875,0.0426875,0.0656875,0.0666875,0.0726875,0.0246875,0.0836875,0.0866875,0.0426875,0.0406875,0.0406875,0.0396875,0.0486875,0.0406875,0.0666875,0.0726875,0.0806875,0.0286875,0.1016875,0.0266875,0.0436875,0.1026875,0.1006875,0.0366875,0.0996875,0.1016875,0.0656875,0.084,0.089,0.0906875,0.0946875,0.0336875,0.0336875,0.0836875,0.0806875,0.0696875,0.0726875,0.0726875,0.0746875,0.082,0.084,70802.9136875,19.5811875,0.0863125
19:50:03,23.7,0.085,0.086,0.086,0.087,0.088,0.085,0.086,0.085,0.091,0.09,0.088,0.085,0.0796875,0.0836875,0.0826875,0.0406875,0.0356875,0.0316875,0.0426875,0.0436875,0.0376875,0.0686875,0.0666875,0.0696875,0.0736875,0.0856875,0.0836875,0.0466875,0.0386875,0.0366875,0.0416875,0.0436875,0.0366875,0.0686875,0.0646875,0.0726875,0.0756875,0.0806875,0.0836875,0.0476875,0.0426875,0.0366875,0.0406875,0.0466875,0.0396875,0.0826875,0.0696875,0.0756875,0.0276875,0.0856875,0.0906875,0.0456875,0.0456875,0.0366875,0.0406875,0.0476875,0.0426875,0.0656875,0.0666875,0.0726875,0.0236875,0.0846875,0.0866875,0.0426875,0.0406875,0.0406875,0.0396875,0.0486875,0.0406875,0.0666875,0.0726875,0.0806875,0.0276875,0.1016875,0.0266875,0.0436875,0.1016875,0.1006875,0.0366875,0.0996875,0.1016875,0.0656875,0.084,0.089,0.0906875,0.0946875,0.0336875,0.0336875,0.0836875,0.0806875,0.0706875,0.0726875,0.0726875,0.0746875,0.082,0.084,71402.9136875,19.7478541666667,0.0863125
20:00:03,23.7,0.085,0.086,0.086,0.087,0.088,0.085,0.086,0.085,0.091,0.09,0.088,0.085,0.0796875,0.0836875,0.0826875,0.0406875,0.0356875,0.0316875,0.0426875,0.0436875,0.0376875,0.0686875,0.0666875,0.0696875,0.0736875,0.0856875,0.0836875,0.0466875,0.0386875,0.0366875,0.0416875,0.0426875,0.0366875,0.0696875,0.0646875,0.0726875,0.0756875,0.0806875,0.0836875,0.0476875,0.0426875,0.0366875,0.0406875,0.0466875,0.0396875,0.0836875,0.0706875,0.0756875,0.0276875,0.0866875,0.0896875,0.0456875,0.0456875,0.0366875,0.0406875,0.0476875,0.0426875,0.0656875,0.0666875,0.0716875,0.0236875,0.0846875,0.0866875,0.0426875,0.0406875,0.0406875,0.0396875,0.0486875,0.0416875,0.0676875,0.0726875,0.0796875,0.0276875,0.1016875,0.0266875,0.0436875,0.1016875,0.1016875,0.0366875,0.0996875,0.1016875,0.0656875,0.084,0.089,0.0896875,0.0936875,0.0336875,0.0336875,0.0846875,0.0816875,0.0706875,0.0726875,0.0726875,0.0746875,0.082,0.084,72002.9136875,19.9145208333333,0.0863125
20:10:03,23.7,0.085,0.086,0.086,0.087,0.088,0.084,0.086,0.085,0.091,0.09,0.088,0.085,0.0798125,0.0828125,0.0818125,0.0408125,0.0358125,0.0318125,0.0428125,0.0438125,0.0378125,0.0688125,0.0668125,0.0698125,0.0738125,0.0868125,0.0838125,0.0478125,0.0388125,0.0368125,0.0418125,0.0438125,0.0368125,0.0698125,0.0648125,0.0728125,0.0758125,0.0818125,0.0838125,0.0478125,0.0428125,0.0368125,0.0408125,0.0468125,0.0398125,0.0838125,0.0708125,0.0758125,0.0278125,0.0868125,0.0898125,0.0468125,0.0448125,0.0358125,0.0408125,0.0478125,0.0428125,0.0658125,0.0678125,0.0718125,0.0238125,0.0848125,0.0858125,0.0438125,0.0398125,0.0408125,0.0398125,0.0488125,0.0408125,0.0678125,0.0728125,0.0798125,0.0278125,0.1008125,0.0268125,0.0438125,0.1018125,0.1008125,0.0368125,0.0998125,0.1018125,0.0658125,0.084,0.089,0.0898125,0.0928125,0.0338125,0.0338125,0.0848125,0.0828125,0.0718125,0.0728125,0.0728125,0.0748125,0.082,0.083,72602.9138125,20.0813125,0.0861875
20:20:03,23.7,0.085,0.086,0.086,0.086,0.088,0.085,0.086,0.085,0.091,0.09,0.088,0.085,0.0788125,0.0828125,0.0818125,0.0408125,0.0358125,0.0318125,0.0428125,0.0448125,0.0378125,0.0688125,0.0668125,0.0698125,0.0738125,0.0868125,0.0828125,0.0468125,0.0388125,0.0368125,0.0418125,0.0438125,0.0368125,0.0698125,0.0648125,0.0728125,0.0758125,0.0818125,0.0838125,0.0478125,0.0428125,0.0368125,0.0408125,0.0468125,0.0398125,0.0838125,0.0708125,0.0748125,0.0278125,0.0868125,0.0898125,0.0468125,0.0448125,0.0358125,0.0408125,0.0478125,0.0428125,0.0658125,0.0678125,0.0718125,0.0238125,0.0848125,0.0858125,0.0438125,0.0398125,0.0408125,0.0398125,0.0488125,0.0418125,0.0678125,0.0738125,0.0798125,0.0278125,0.1008125,0.0268125,0.0448125,0.1028125,0.1018125,0.0368125,0.0998125,0.1028125,0.0668125,0.084,0.089,0.0888125,0.0928125,0.0338125,0.0338125,0.0848125,0.0828125,0.0718125,0.0728125,0.0728125,0.0748125,0.082,0.083,73202.9138125,20.2479791666667,0.0861875
20:30:03,23.7,0.085,0.086,0.086,0.087,0.088,0.085,0.086,0.085,0.091,0.09,0.088,0.085,0.0786875,0.0826875,0.0806875,0.0406875,0.0356875,0.0316875,0.0426875,0.0446875,0.0376875,0.0686875,0.0666875,0.0696875,0.0726875,0.0866875,0.0826875,0.0476875,0.0386875,0.0366875,0.0416875,0.0436875,0.0366875,0.0696875,0.0646875,0.0726875,0.0756875,0.0816875,0.0826875,0.0476875,0.0426875,0.0366875,0.0406875,0.0466875,0.0396875,0.0836875,0.0706875,0.0746875,0.0276875,0.0866875,0.0896875,0.0466875,0.0446875,0.0366875,0.0406875,0.0476875,0.0426875,0.0666875,0.0676875,0.0716875,0.0236875,0.0846875,0.0856875,0.0436875,0.0396875,0.0406875,0.0396875,0.0486875,0.0416875,0.0676875,0.0736875,0.0796875,0.0276875,0.1006875,0.0266875,0.0446875,0.1026875,0.1016875,0.0366875,0.1006875,0.1026875,0.0666875,0.084,0.089,0.0876875,0.0916875,0.0336875,0.0336875,0.0856875,0.0826875,0.0726875,0.0726875,0.0726875,0.0736875,0.082,0.084,73802.9136875,20.4145208333333,0.0863125
20:40:03,23.7,0.085,0.086,0.086,0.087,0.088,0.085,0.086,0.085,0.091,0.09,0.088,0.085,0.0786875,0.0826875,0.0806875,0.0406875,0.0346875,0.0316875,0.0426875,0.0446875,0.0386875,0.0686875,0.0666875,0.0686875,0.0726875,0.0866875,0.0826875,0.0476875,0.0386875,0.0366875,0.0416875,0.0436875,0.0366875,0.0696875,0.0646875,0.0726875,0.0746875,0.0816875,0.0826875,0.0476875,0.0426875,0.0366875,0.0406875,0.0466875,0.0396875,0.0836875,0.0706875,0.0746875,0.0276875,0.0866875,0.0896875,0.0466875,0.0446875,0.0356875,0.0406875,0.0476875,0.0426875,0.0666875,0.0676875,0.0706875,0.0236875,0.0846875,0.0846875,0.0436875,0.0396875,0.0406875,0.0396875,0.0486875,0.0416875,0.0676875,0.0736875,0.0786875,0.0276875,0.0996875,0.0266875,0.0446875,0.1026875,0.1016875,0.0366875,0.1006875,0.1026875,0.0666875,0.084,0.089,0.0876875,0.0916875,0.0336875,0.0336875,0.0856875,0.0836875,0.0726875,0.0726875,0.0726875,0.0736875,0.082,0.084,74402.9136875,20.5811875,0.0863125
20:50:03,23.7,0.085,0.086,0.086,0.087,0.088,0.085,0.086,0.085,0.091,0.09,0.088,0.085,0.0776875,0.0816875,0.0796875,0.0406875,0.0346875,0.0316875,0.0426875,0.0446875,0.0386875,0.0686875,0.0666875,0.0686875,0.0716875,0.0866875,0.0816875,0.0476875,0.0386875,0.0366875,0.0416875,0.0436875,0.0366875,0.0696875,0.0646875,0.0726875,0.0746875,0.0816875,0.0826875,0.0476875,0.0426875,0.0376875,0.0406875,0.0466875,0.0406875,0.0836875,0.0706875,0.0746875,0.0276875,0.0866875,0.0886875,0.0466875,0.0446875,0.0356875,0.0406875,0.0476875,0.0426875,0.0666875,0.0676875,0.0706875,0.0236875,0.0846875,0.0846875,0.0436875,0.0396875,0.0406875,0.0396875,0.0486875,0.0416875,0.0676875,0.0736875,0.0786875,0.0276875,0.0996875,0.0266875,0.0446875,0.1026875,0.1026875,0.0366875,0.1006875,0.1026875,0.0666875,0.084,0.089,0.0866875,0.0906875,0.0336875,0.0336875,0.0856875,0.0836875,0.0736875,0.0726875,0.0726875,0.0736875,0.082,0.084,75002.9136875,20.7478541666667,0.0863125
21:00:03,23.7,0.085,0.086,0.086,0.087,0.088,0.085,0.086,0.085,0.091,0.09,0.088,0.085,0.07775,0.08175,0.07975,0.04075,0.03475,0.03175,0.04175,0.04475,0.03875,0.06875,0.06675,0.06875,0.07175,0.08675,0.08175,0.04775,0.03875,0.03675,0.04175,0.04375,0.03675,0.06975,0.06575,0.07175,0.07375,0.08175,0.08175,0.04775,0.04175,0.03775,0.04075,0.04675,0.04075,0.08375,0.07075,0.07475,0.02775,0.08675,0.08875,0.04675,0.04475,0.03575,0.03975,0.04775,0.04275,0.06675,0.06775,0.07075,0.02375,0.08475,0.08375,0.04375,0.03975,0.04075,0.03975,0.04875,0.04175,0.06775,0.07375,0.07875,0.02775,0.09875,0.02675,0.04475,0.10275,0.10275,0.03675,0.10075,0.10275,0.06675,0.084,0.089,0.08675,0.09075,0.03375,0.03375,0.08675,0.08475,0.07375,0.07275,0.07175,0.07375,0.082,0.083,75602.91375,20.9145833333333,0.08625
21:10:03,23.7,0.085,0.086,0.086,0.086,0.088,0.085,0.086,0.085,0.091,0.09,0.088,0.085,0.07775,0.08175,0.07875,0.04075,0.03475,0.03175,0.04175,0.04475,0.03875,0.06875,0.06675,0.06875,0.07175,0.08675,0.08175,0.04775,0.03875,0.03675,0.04175,0.04375,0.03775,0.07075,0.06475,0.07175,0.07375,0.08175,0.08175,0.04775,0.04275,0.03675,0.04075,0.04675,0.03975,0.08375,0.07075,0.07475,0.02775,0.08675,0.08775,0.04675,0.04475,0.03575,0.03975,0.04775,0.04275,0.06675,0.06775,0.07075,0.02375,0.08375,0.08375,0.04375,0.03975,0.04075,0.03975,0.04875,0.04175,0.06875,0.07375,0.07875,0.02775,0.09875,0.02675,0.04475,0.10275,0.10275,0.03675,0.10075,0.10275,0.06675,0.084,0.089,0.08575,0.08975,0.03375,0.03375,0.08675,0.08475,0.07475,0.07275,0.07175,0.07375,0.082,0.084,76202.91375,21.08125,0.08625
21:20:03,23.7,0.085,0.086,0.087,0.087,0.088,0.085,0.086,0.085,0.091,0.09,0.088,0.085,0.076625,0.080625,0.078625,0.041625,0.034625,0.031625,0.042625,0.044625,0.038625,0.068625,0.066625,0.068625,0.070625,0.086625,0.080625,0.047625,0.037625,0.036625,0.041625,0.043625,0.037625,0.070625,0.065625,0.071625,0.073625,0.081625,0.080625,0.047625,0.042625,0.037625,0.040625,0.046625,0.040625,0.084625,0.070625,0.074625,0.027625,0.086625,0.087625,0.046625,0.044625,0.036625,0.040625,0.048625,0.043625,0.066625,0.067625,0.069625,0.023625,0.083625,0.083625,0.043625,0.039625,0.040625,0.039625,0.049625,0.041625,0.068625,0.073625,0.078625,0.027625,0.097625,0.026625,0.044625,0.102625,0.102625,0.036625,0.101625,0.103625,0.066625,0.084,0.089,0.085625,0.089625,0.033625,0.033625,0.087625,0.084625,0.074625,0.072625,0.071625,0.073625,0.082,0.084,76802.913625,21.2477916666667,0.086375
21:30:03,23.7,0.085,0.086,0.086,0.086,0.088,0.085,0.086,0.085,0.091,0.09,0.088,0.085,0.07675,0.08075,0.07775,0.04075,0.03475,0.03175,0.04175,0.04475,0.03875,0.06975,0.06675,0.06875,0.07075,0.08575,0.08075,0.04775,0.03775,0.03675,0.04075,0.04375,0.03775,0.07075,0.06575,0.07175,0.07275,0.08075,0.08075,0.04775,0.04175,0.03675,0.04075,0.04675,0.04075,0.08475,0.07075,0.07375,0.02775,0.08675,0.08775,0.04675,0.04475,0.03675,0.03975,0.04775,0.04375,0.06675,0.06775,0.06975,0.02375,0.08375,0.08275,0.04375,0.03975,0.04075,0.03975,0.04975,0.04175,0.06875,0.07375,0.07875,0.02775,0.09775,0.02575,0.04475,0.10275,0.10275,0.03575,0.10175,0.10375,0.06775,0.084,0.089,0.08575,0.08875,0.03375,0.03375,0.08775,0.08575,0.07475,0.07275,0.07275,0.07375,0.082,0.084,77402.91375,21.4145833333333,0.08625
21:40:03,23.7,0.085,0.086,0.086,0.087,0.088,0.085,0.086,0.085,0.091,0.09,0.088,0.085,0.0766875,0.0806875,0.0776875,0.0406875,0.0346875,0.0316875,0.0416875,0.0446875,0.0386875,0.0696875,0.0666875,0.0686875,0.0696875,0.0856875,0.0796875,0.0476875,0.0376875,0.0366875,0.0416875,0.0436875,0.0376875,0.0706875,0.0656875,0.0716875,0.0726875,0.0806875,0.0806875,0.0476875,0.0426875,0.0376875,0.0406875,0.0466875,0.0406875,0.0846875,0.0706875,0.0736875,0.0276875,0.0866875,0.0866875,0.0476875,0.0446875,0.0366875,0.0396875,0.0486875,0.0436875,0.0666875,0.0676875,0.0696875,0.0236875,0.0836875,0.0816875,0.0436875,0.0396875,0.0406875,0.0396875,0.0496875,0.0416875,0.0686875,0.0736875,0.0776875,0.0276875,0.0966875,0.0256875,0.0446875,0.1026875,0.1026875,0.0356875,0.1016875,0.1036875,0.0676875,0.084,0.089,0.0846875,0.0886875,0.0336875,0.0336875,0.0876875,0.0856875,0.0756875,0.0736875,0.0726875,0.0736875,0.082,0.084,78002.9136875,21.5811875,0.0863125
21:50:03,23.7,0.085,0.086,0.087,0.087,0.088,0.085,0.086,0.085,0.091,0.09,0.088,0.085,0.075625,0.080625,0.076625,0.041625,0.034625,0.031625,0.041625,0.044625,0.038625,0.069625,0.066625,0.068625,0.069625,0.085625,0.079625,0.047625,0.037625,0.036625,0.041625,0.043625,0.037625,0.070625,0.065625,0.071625,0.071625,0.080625,0.079625,0.048625,0.042625,0.037625,0.040625,0.046625,0.040625,0.084625,0.070625,0.073625,0.027625,0.086625,0.086625,0.047625,0.044625,0.036625,0.039625,0.048625,0.043625,0.066625,0.067625,0.069625,0.023625,0.083625,0.081625,0.044625,0.039625,0.040625,0.039625,0.049625,0.042625,0.068625,0.073625,0.077625,0.027625,0.096625,0.026625,0.044625,0.102625,0.103625,0.035625,0.102625,0.103625,0.067625,0.084,0.089,0.084625,0.088625,0.033625,0.033625,0.088625,0.085625,0.075625,0.073625,0.072625,0.074625,0.082,0.084,78602.913625,21.7477916666667,0.086375
22:00:03,23.7,0.085,0.086,0.086,0.087,0.088,0.085,0.086,0.085,0.091,0.09,0.088,0.085,0.0756875,0.0796875,0.0766875,0.0416875,0.0346875,0.0316875,0.0416875,0.0456875,0.0386875,0.0696875,0.0676875,0.0686875,0.0686875,0.0856875,0.0786875,0.0476875,0.0376875,0.0366875,0.0406875,0.0436875,0.0376875,0.0706875,0.0656875,0.0716875,0.0716875,0.0806875,0.0796875,0.0486875,0.0416875,0.0376875,0.0406875,0.0466875,0.0406875,0.0846875,0.0706875,0.0736875,0.0266875,0.0856875,0.0856875,0.0476875,0.0446875,0.0366875,0.0396875,0.0486875,0.0436875,0.0666875,0.0676875,0.0686875,0.0236875,0.0836875,0.0816875,0.0436875,0.0396875,0.0406875,0.0396875,0.0496875,0.0426875,0.0686875,0.0736875,0.0776875,0.0276875,0.0956875,0.0256875,0.0446875,0.1026875,0.1036875,0.0356875,0.1026875,0.1036875,0.0676875,0.084,0.089,0.0836875,0.0876875,0.0336875,0.0336875,0.0886875,0.0866875,0.0766875,0.0736875,0.0726875,0.0746875,0.082,0.084,79202.9136875,21.9145208333333,0.0863125
22:10:03,23.8,0.085,0.086,0.086,0.087,0.088,0.085,0.086,0.085,0.091,0.09,0.088,0.085,0.0756875,0.0796875,0.0756875,0.0416875,0.0346875,0.0316875,0.0416875,0.0456875,0.0386875,0.0696875,0.0676875,0.0686875,0.0676875,0.0856875,0.0786875,0.0476875,0.0376875,0.0366875,0.0406875,0.0436875,0.0376875,0.0706875,0.0656875,0.0716875,0.0706875,0.0796875,0.0786875,0.0486875,0.0416875,0.0376875,0.0406875,0.0466875,0.0406875,0.0846875,0.0706875,0.0736875,0.0266875,0.0856875,0.0856875,0.0476875,0.0446875,0.0366875,0.0396875,0.0486875,0.0436875,0.0676875,0.0676875,0.0686875,0.0236875,0.0826875,0.0806875,0.0446875,0.0396875,0.0406875,0.0396875,0.0496875,0.0426875,0.0686875,0.0736875,0.0776875,0.0276875,0.0956875,0.0256875,0.0446875,0.1026875,0.1036875,0.0356875,0.1026875,0.1046875,0.0676875,0.084,0.089,0.0836875,0.0876875,0.0336875,0.0336875,0.0886875,0.0866875,0.0766875,0.0736875,0.0736875,0.0746875,0.082,0.084,79802.9136875,22.0811875,0.0863125
22:20:03,23.8,0.085,0.086,0.086,0.087,0.088,0.085,0.086,0.085,0.091,0.09,0.088,0.085,0.0746875,0.0796875,0.0756875,0.0416875,0.0346875,0.0316875,0.0416875,0.0446875,0.0386875,0.0696875,0.0676875,0.0686875,0.0676875,0.0856875,0.0776875,0.0476875,0.0376875,0.0366875,0.0406875,0.0436875,0.0376875,0.0706875,0.0656875,0.0716875,0.0706875,0.0796875,0.0786875,0.0486875,0.0416875,0.0376875,0.0406875,0.0476875,0.0406875,0.0846875,0.0706875,0.0736875,0.0266875,0.0856875,0.0846875,0.0476875,0.0446875,0.0366875,0.0396875,0.0486875,0.0436875,0.0676875,0.0676875,0.0686875,0.0236875,0.0826875,0.0806875,0.0446875,0.0396875,0.0406875,0.0396875,0.0496875,0.0426875,0.0696875,0.0736875,0.0766875,0.0276875,0.0946875,0.0256875,0.0446875,0.1026875,0.1036875,0.0356875,0.1026875,0.1046875,0.0676875,0.084,0.089,0.0826875,0.0866875,0.0336875,0.0336875,0.0886875,0.0866875,0.0776875,0.0746875,0.0736875,0.0746875,0.082,0.084,80402.9136875,22.2478541666667,0.0863125
22:30:03,23.8,0.085,0.086,0.087,0.087,0.088,0.085,0.086,0.085,0.091,0.09,0.088,0.085,0.074625,0.079625,0.075625,0.041625,0.034625,0.031625,0.041625,0.045625,0.039625,0.069625,0.067625,0.068625,0.067625,0.084625,0.077625,0.047625,0.037625,0.036625,0.040625,0.043625,0.037625,0.071625,0.065625,0.071625,0.070625,0.079625,0.077625,0.048625,0.041625,0.037625,0.040625,0.047625,0.040625,0.085625,0.070625,0.073625,0.026625,0.085625,0.084625,0.047625,0.044625,0.036625,0.039625,0.048625,0.043625,0.067625,0.067625,0.068625,0.023625,0.082625,0.080625,0.044625,0.039625,0.040625,0.039625,0.049625,0.042625,0.069625,0.073625,0.076625,0.027625,0.094625,0.026625,0.045625,0.102625,0.103625,0.035625,0.102625,0.104625,0.067625,0.084,0.089,0.082625,0.086625,0.033625,0.033625,0.089625,0.086625,0.077625,0.074625,0.073625,0.075625,0.082,0.084,81002.913625,22.4144583333333,0.086375
22:40:03,23.8,0.085,0.086,0.086,0.086,0.088,0.085,0.086,0.085,0.091,0.09,0.088,0.085,0.07475,0.07975,0.07475,0.04175,0.03475,0.03175,0.04175,0.04575,0.03975,0.06975,0.06675,0.06875,0.06675,0.08475,0.07775,0.04775,0.03775,0.03675,0.04075,0.04375,0.03775,0.07075,0.06575,0.07175,0.06975,0.07975,0.07775,0.04875,0.04175,0.03775,0.03975,0.04775,0.04075,0.08475,0.07175,0.07375,0.02675,0.08575,0.08475,0.04775,0.04475,0.03675,0.03975,0.04875,0.04375,0.06775,0.06775,0.06875,0.02275,0.08275,0.07975,0.04475,0.03975,0.04075,0.03975,0.04975,0.04275,0.06975,0.07375,0.07675,0.02775,0.09375,0.02575,0.04475,0.10275,0.10275,0.03575,0.10275,0.10475,0.06775,0.084,0.089,0.08175,0.08575,0.03375,0.03375,0.08975,0.08775,0.07775,0.07475,0.07375,0.07575,0.082,0.084,81602.91375,22.58125,0.08625
22:50:03,23.8,0.085,0.086,0.086,0.087,0.088,0.085,0.086,0.085,0.091,0.09,0.088,0.085,0.0736875,0.0796875,0.0746875,0.0416875,0.0346875,0.0326875,0.0416875,0.0456875,0.0396875,0.0706875,0.0666875,0.0686875,0.0666875,0.0846875,0.0766875,0.0476875,0.0376875,0.0366875,0.0406875,0.0446875,0.0376875,0.0716875,0.0656875,0.0716875,0.0696875,0.0796875,0.0776875,0.0486875,0.0416875,0.0376875,0.0396875,0.0476875,0.0406875,0.0856875,0.0706875,0.0736875,0.0266875,0.0856875,0.0836875,0.0476875,0.0446875,0.0366875,0.0396875,0.0486875,0.0446875,0.0676875,0.0676875,0.0686875,0.0226875,0.0826875,0.0796875,0.0446875,0.0396875,0.0406875,0.0396875,0.0506875,0.0426875,0.0696875,0.0736875,0.0766875,0.0276875,0.0936875,0.0256875,0.0456875,0.1026875,0.1026875,0.0356875,0.1026875,0.1046875,0.0686875,0.084,0.089,0.0816875,0.0856875,0.0336875,0.0336875,0.0896875,0.0876875,0.0776875,0.0746875,0.0736875,0.0756875,0.082,0.084,82202.9136875,22.7478541666667,0.0863125
23:00:03,23.8,0.085,0.086,0.087,0.087,0.088,0.085,0.086,0.085,0.092,0.09,0.088,0.085,0.0735625,0.0795625,0.0745625,0.0415625,0.0345625,0.0325625,0.0415625,0.0455625,0.0395625,0.0705625,0.0665625,0.0685625,0.0655625,0.0845625,0.0765625,0.0475625,0.0375625,0.0365625,0.0405625,0.0445625,0.0385625,0.0715625,0.0655625,0.0715625,0.0685625,0.0785625,0.0765625,0.0485625,0.0425625,0.0375625,0.0395625,0.0475625,0.0415625,0.0855625,0.0715625,0.0735625,0.0265625,0.0855625,0.0835625,0.0475625,0.0445625,0.0365625,0.0395625,0.0495625,0.0445625,0.0675625,0.0675625,0.0685625,0.0225625,0.0825625,0.0795625,0.0445625,0.0395625,0.0405625,0.0395625,0.0495625,0.0425625,0.0695625,0.0735625,0.0765625,0.0275625,0.0935625,0.0255625,0.0455625,0.1025625,0.1025625,0.0355625,0.1025625,0.1035625,0.0685625,0.084,0.089,0.0815625,0.0845625,0.0335625,0.0335625,0.0885625,0.0875625,0.0775625,0.0735625,0.0725625,0.0745625,0.082,0.084,82802.9135625,22.9143958333333,0.0864375
23:10:03,23.8,0.085,0.086,0.087,0.087,0.088,0.085,0.086,0.085,0.091,0.09,0.088,0.085,0.073625,0.078625,0.073625,0.041625,0.034625,0.032625,0.041625,0.045625,0.039625,0.070625,0.066625,0.068625,0.065625,0.084625,0.075625,0.048625,0.037625,0.037625,0.040625,0.044625,0.038625,0.071625,0.065625,0.071625,0.068625,0.078625,0.076625,0.048625,0.042625,0.037625,0.039625,0.047625,0.041625,0.085625,0.071625,0.073625,0.026625,0.085625,0.082625,0.047625,0.044625,0.036625,0.039625,0.048625,0.044625,0.067625,0.067625,0.068625,0.022625,0.082625,0.078625,0.044625,0.039625,0.040625,0.039625,0.050625,0.043625,0.070625,0.073625,0.076625,0.027625,0.092625,0.025625,0.045625,0.102625,0.102625,0.035625,0.102625,0.104625,0.068625,0.084,0.089,0.080625,0.084625,0.033625,0.033625,0.088625,0.086625,0.077625,0.073625,0.072625,0.074625,0.082,0.084,83402.913625,23.081125,0.086375
23:20:03,23.8,0.085,0.086,0.086,0.086,0.088,0.085,0.086,0.085,0.091,0.09,0.088,0.085,0.07375,0.07875,0.07375,0.04175,0.03475,0.03275,0.04175,0.04575,0.03975,0.07075,0.06675,0.06775,0.06575,0.08375,0.07575,0.04875,0.03775,0.03675,0.04075,0.04475,0.03875,0.07175,0.06575,0.07175,0.06775,0.07875,0.07675,0.04875,0.04175,0.03775,0.03975,0.04775,0.04175,0.08575,0.07075,0.07375,0.02675,0.08475,0.08275,0.04775,0.04475,0.03675,0.03975,0.04975,0.04475,0.06775,0.06775,0.06875,0.02275,0.08175,0.07875,0.04475,0.03975,0.04075,0.03975,0.04975,0.04375,0.07075,0.07375,0.07675,0.02775,0.09275,0.02575,0.04575,0.10275,0.10275,0.03575,0.10275,0.10375,0.06875,0.084,0.089,0.08075,0.08375,0.03375,0.03375,0.08775,0.08675,0.07775,0.07275,0.07175,0.07375,0.082,0.084,84002.91375,23.2479166666667,0.08625
23:30:03,23.8,0.085,0.086,0.086,0.086,0.088,0.084,0.086,0.085,0.091,0.09,0.088,0.085,0.072875,0.078875,0.073875,0.041875,0.034875,0.032875,0.041875,0.045875,0.039875,0.070875,0.066875,0.068875,0.064875,0.083875,0.075875,0.047875,0.037875,0.036875,0.040875,0.044875,0.038875,0.070875,0.065875,0.071875,0.067875,0.078875,0.075875,0.048875,0.041875,0.037875,0.039875,0.047875,0.041875,0.085875,0.070875,0.072875,0.026875,0.084875,0.082875,0.047875,0.044875,0.036875,0.039875,0.048875,0.044875,0.067875,0.067875,0.067875,0.022875,0.081875,0.077875,0.044875,0.039875,0.040875,0.039875,0.049875,0.043875,0.070875,0.073875,0.076875,0.026875,0.091875,0.025875,0.045875,0.101875,0.101875,0.035875,0.102875,0.103875,0.068875,0.084,0.089,0.079875,0.083875,0.033875,0.033875,0.087875,0.085875,0.076875,0.072875,0.071875,0.073875,0.082,0.083,84602.913875,23.4147083333333,0.086125
23:40:03,23.8,0.085,0.086,0.086,0.086,0.088,0.084,0.086,0.085,0.091,0.09,0.088,0.085,0.0728125,0.0788125,0.0728125,0.0418125,0.0348125,0.0328125,0.0418125,0.0448125,0.0398125,0.0708125,0.0668125,0.0678125,0.0648125,0.0838125,0.0748125,0.0488125,0.0378125,0.0378125,0.0408125,0.0448125,0.0388125,0.0708125,0.0658125,0.0718125,0.0668125,0.0788125,0.0758125,0.0488125,0.0428125,0.0378125,0.0398125,0.0478125,0.0418125,0.0858125,0.0708125,0.0738125,0.0268125,0.0848125,0.0828125,0.0478125,0.0448125,0.0368125,0.0398125,0.0488125,0.0448125,0.0678125,0.0678125,0.0688125,0.0228125,0.0818125,0.0778125,0.0448125,0.0398125,0.0408125,0.0398125,0.0498125,0.0438125,0.0708125,0.0738125,0.0758125,0.0268125,0.0918125,0.0258125,0.0458125,0.1018125,0.1018125,0.0358125,0.1018125,0.1038125,0.0688125,0.084,0.089,0.0798125,0.0828125,0.0338125,0.0328125,0.0868125,0.0858125,0.0758125,0.0728125,0.0708125,0.0738125,0.082,0.084,85202.9138125,23.5813125,0.0861875
23:50:03,23.8,0.085,0.086,0.086,0.087,0.088,0.085,0.086,0.085,0.091,0.09,0.088,0.085,0.0726875,0.0786875,0.0726875,0.0416875,0.0346875,0.0326875,0.0416875,0.0446875,0.0396875,0.0706875,0.0666875,0.0686875,0.0646875,0.0836875,0.0746875,0.0486875,0.0376875,0.0376875,0.0406875,0.0446875,0.0386875,0.0706875,0.0656875,0.0716875,0.0666875,0.0786875,0.0756875,0.0486875,0.0426875,0.0376875,0.0396875,0.0476875,0.0416875,0.0856875,0.0706875,0.0736875,0.0266875,0.0846875,0.0816875,0.0476875,0.0446875,0.0366875,0.0396875,0.0486875,0.0446875,0.0686875,0.0676875,0.0676875,0.0226875,0.0816875,0.0776875,0.0446875,0.0396875,0.0416875,0.0396875,0.0496875,0.0436875,0.0706875,0.0736875,0.0766875,0.0276875,0.0906875,0.0256875,0.0456875,0.1016875,0.1016875,0.0346875,0.1016875,0.1036875,0.0686875,0.084,0.089,0.0796875,0.0826875,0.0336875,0.0326875,0.0856875,0.0846875,0.0756875,0.0716875,0.0706875,0.0736875,0.082,0.084,85802.9136875,23.7478541666667,0.0863125
24:00:03,23.8,0.085,0.086,0.086,0.087,0.088,0.085,0.086,0.085,0.091,0.09,0.088,0.085,0.0716875,0.0786875,0.0726875,0.0416875,0.0346875,0.0326875,0.0416875,0.0446875,0.0396875,0.0706875,0.0666875,0.0686875,0.0636875,0.0836875,0.0746875,0.0486875,0.0376875,0.0376875,0.0406875,0.0446875,0.0386875,0.0706875,0.0656875,0.0716875,0.0666875,0.0786875,0.0746875,0.0486875,0.0426875,0.0376875,0.0396875,0.0476875,0.0416875,0.0856875,0.0706875,0.0736875,0.0266875,0.0846875,0.0816875,0.0476875,0.0446875,0.0366875,0.0396875,0.0486875,0.0446875,0.0686875,0.0676875,0.0676875,0.0226875,0.0816875,0.0766875,0.0456875,0.0396875,0.0416875,0.0396875,0.0496875,0.0436875,0.0706875,0.0726875,0.0766875,0.0276875,0.0906875,0.0256875,0.0456875,0.1016875,0.1006875,0.0346875,0.1016875,0.1026875,0.0686875,0.084,0.089,0.0786875,0.0816875,0.0336875,0.0336875,0.0856875,0.0836875,0.0746875,0.0706875,0.0706875,0.0726875,0.082,0.084,86402.9136875,23.9145208333333,0.0863125
24:10:03,23.8,0.085,0.086,0.087,0.087,0.088,0.085,0.086,0.085,0.092,0.09,0.088,0.085,0.0715625,0.0775625,0.0715625,0.0415625,0.0345625,0.0325625,0.0415625,0.0445625,0.0405625,0.0705625,0.0665625,0.0675625,0.0635625,0.0835625,0.0745625,0.0485625,0.0375625,0.0375625,0.0405625,0.0445625,0.0395625,0.0705625,0.0655625,0.0715625,0.0655625,0.0785625,0.0745625,0.0485625,0.0425625,0.0375625,0.0395625,0.0475625,0.0415625,0.0855625,0.0705625,0.0735625,0.0265625,0.0845625,0.0815625,0.0475625,0.0445625,0.0365625,0.0395625,0.0485625,0.0445625,0.0685625,0.0675625,0.0675625,0.0225625,0.0815625,0.0765625,0.0455625,0.0395625,0.0415625,0.0385625,0.0495625,0.0435625,0.0705625,0.0735625,0.0755625,0.0265625,0.0895625,0.0255625,0.0455625,0.1005625,0.1005625,0.0345625,0.1005625,0.1025625,0.0685625,0.084,0.089,0.0775625,0.0815625,0.0335625,0.0335625,0.0845625,0.0835625,0.0745625,0.0705625,0.0695625,0.0725625,0.082,0.084,87002.9135625,24.0810625,0.0864375
24:20:03,23.8,0.085,0.086,0.086,0.087,0.088,0.085,0.086,0.085,0.091,0.09,0.088,0.085,0.0716875,0.0776875,0.0716875,0.0416875,0.0346875,0.0326875,0.0416875,0.0446875,0.0396875,0.0706875,0.0666875,0.0686875,0.0626875,0.0836875,0.0736875,0.0486875,0.0376875,0.0376875,0.0406875,0.0446875,0.0386875,0.0706875,0.0656875,0.0716875,0.0656875,0.0786875,0.0746875,0.0486875,0.0426875,0.0376875,0.0396875,0.0476875,0.0416875,0.0856875,0.0706875,0.0736875,0.0266875,0.0846875,0.0806875,0.0476875,0.0446875,0.0366875,0.0396875,0.0486875,0.0446875,0.0686875,0.0676875,0.0676875,0.0226875,0.0816875,0.0766875,0.0456875,0.0396875,0.0416875,0.0386875,0.0496875,0.0426875,0.0706875,0.0726875,0.0756875,0.0266875,0.0896875,0.0256875,0.0456875,0.1006875,0.1006875,0.0346875,0.1006875,0.1026875,0.0686875,0.084,0.089,0.0776875,0.0806875,0.0336875,0.0336875,0.0846875,0.0826875,0.0736875,0.0706875,0.0696875,0.0716875,0.082,0.084,87602.9136875,24.2478541666667,0.0863125
24:30:03,23.8,0.085,0.086,0.087,0.087,0.088,0.085,0.086,0.085,0.091,0.09,0.088,0.085,0.070625,0.077625,0.071625,0.041625,0.034625,0.032625,0.041625,0.044625,0.039625,0.070625,0.066625,0.068625,0.062625,0.083625,0.073625,0.048625,0.037625,0.037625,0.040625,0.044625,0.039625,0.071625,0.065625,0.071625,0.064625,0.077625,0.074625,0.048625,0.042625,0.037625,0.039625,0.047625,0.041625,0.085625,0.070625,0.072625,0.026625,0.084625,0.080625,0.047625,0.044625,0.036625,0.039625,0.048625,0.044625,0.068625,0.067625,0.066625,0.022625,0.081625,0.076625,0.045625,0.039625,0.041625,0.039625,0.049625,0.042625,0.070625,0.072625,0.075625,0.026625,0.089625,0.025625,0.045625,0.099625,0.099625,0.034625,0.099625,0.101625,0.068625,0.084,0.089,0.077625,0.080625,0.033625,0.032625,0.083625,0.082625,0.073625,0.069625,0.068625,0.071625,0.082,0.084,88202.913625,24.4144583333333,0.086375
24:40:03,23.8,0.085,0.086,0.087,0.087,0.088,0.085,0.086,0.085,0.091,0.09,0.088,0.085,0.070625,0.077625,0.071625,0.041625,0.034625,0.032625,0.040625,0.044625,0.039625,0.070625,0.066625,0.068625,0.062625,0.083625,0.073625,0.048625,0.037625,0.037625,0.040625,0.044625,0.038625,0.071625,0.065625,0.071625,0.064625,0.077625,0.073625,0.048625,0.042625,0.037625,0.039625,0.047625,0.041625,0.085625,0.070625,0.072625,0.026625,0.084625,0.080625,0.047625,0.044625,0.036625,0.039625,0.048625,0.044625,0.068625,0.066625,0.066625,0.022625,0.081625,0.075625,0.044625,0.039625,0.041625,0.038625,0.048625,0.042625,0.070625,0.072625,0.075625,0.026625,0.088625,0.025625,0.045625,0.098625,0.098625,0.034625,0.099625,0.100625,0.068625,0.084,0.089,0.076625,0.079625,0.033625,0.032625,0.082625,0.081625,0.072625,0.069625,0.068625,0.071625,0.082,0.084,88802.913625,24.581125,0.086375
24:50:03,23.8,0.085,0.086,0.086,0.087,0.088,0.085,0.086,0.085,0.091,0.09,0.088,0.085,0.0706875,0.0766875,0.0716875,0.0416875,0.0346875,0.0326875,0.0406875,0.0436875,0.0396875,0.0706875,0.0666875,0.0676875,0.0616875,0.0836875,0.0726875,0.0486875,0.0376875,0.0376875,0.0406875,0.0436875,0.0386875,0.0706875,0.0646875,0.0706875,0.0646875,0.0776875,0.0736875,0.0486875,0.0426875,0.0376875,0.0396875,0.0476875,0.0416875,0.0856875,0.0706875,0.0726875,0.0266875,0.0846875,0.0796875,0.0476875,0.0446875,0.0366875,0.0396875,0.0476875,0.0446875,0.0686875,0.0666875,0.0666875,0.0226875,0.0816875,0.0756875,0.0456875,0.0396875,0.0416875,0.0386875,0.0486875,0.0426875,0.0706875,0.0726875,0.0756875,0.0266875,0.0886875,0.0256875,0.0456875,0.0986875,0.0986875,0.0346875,0.0986875,0.1006875,0.0686875,0.084,0.089,0.0766875,0.0796875,0.0336875,0.0326875,0.0826875,0.0806875,0.0716875,0.0686875,0.0686875,0.0706875,0.082,0.084,89402.9136875,24.7478541666667,0.0863125
25:00:03,23.8,0.085,0.086,0.086,0.087,0.088,0.085,0.086,0.085,0.091,0.09,0.088,0.085,0.0696875,0.0766875,0.0706875,0.0416875,0.0346875,0.0326875,0.0406875,0.0436875,0.0396875,0.0706875,0.0666875,0.0676875,0.0616875,0.0836875,0.0726875,0.0486875,0.0376875,0.0376875,0.0406875,0.0436875,0.0386875,0.0706875,0.0646875,0.0716875,0.0636875,0.0776875,0.0736875,0.0486875,0.0426875,0.0386875,0.0396875,0.0476875,0.0416875,0.0856875,0.0706875,0.0716875,0.0266875,0.0846875,0.0796875,0.0486875,0.0446875,0.0376875,0.0396875,0.0476875,0.0446875,0.0686875,0.0666875,0.0666875,0.0226875,0.0816875,0.0756875,0.0456875,0.0396875,0.0416875,0.0386875,0.0486875,0.0426875,0.0716875,0.0726875,0.0746875,0.0266875,0.0876875,0.0256875,0.0456875,0.0976875,0.0976875,0.0346875,0.0986875,0.1006875,0.0696875,0.084,0.089,0.0756875,0.0786875,0.0336875,0.0336875,0.0816875,0.0806875,0.0716875,0.0686875,0.0676875,0.0706875,0.082,0.084,90002.9136875,24.9145208333333,0.0863125
25:10:03,23.8,0.085,0.086,0.087,0.087,0.088,0.085,0.086,0.085,0.091,0.09,0.088,0.085,0.069625,0.076625,0.070625,0.042625,0.034625,0.032625,0.040625,0.043625,0.039625,0.070625,0.066625,0.067625,0.061625,0.083625,0.072625,0.048625,0.037625,0.037625,0.040625,0.043625,0.038625,0.070625,0.064625,0.070625,0.063625,0.077625,0.073625,0.048625,0.042625,0.038625,0.039625,0.047625,0.041625,0.085625,0.070625,0.071625,0.026625,0.083625,0.079625,0.048625,0.044625,0.037625,0.039625,0.047625,0.044625,0.068625,0.066625,0.066625,0.022625,0.080625,0.075625,0.045625,0.039625,0.041625,0.038625,0.048625,0.042625,0.071625,0.072625,0.074625,0.026625,0.087625,0.025625,0.045625,0.097625,0.096625,0.034625,0.097625,0.099625,0.069625,0.084,0.089,0.075625,0.078625,0.033625,0.033625,0.081625,0.079625,0.071625,0.067625,0.067625,0.070625,0.082,0.084,90602.913625,25.081125,0.086375
25:20:03,23.8,0.085,0.086,0.087,0.087,0.088,0.085,0.086,0.085,0.091,0.09,0.088,0.085,0.069625,0.076625,0.070625,0.041625,0.034625,0.032625,0.041625,0.043625,0.039625,0.070625,0.066625,0.067625,0.060625,0.082625,0.072625,0.048625,0.037625,0.037625,0.040625,0.043625,0.038625,0.070625,0.065625,0.070625,0.063625,0.077625,0.072625,0.048625,0.042625,0.037625,0.039625,0.046625,0.041625,0.085625,0.070625,0.071625,0.026625,0.083625,0.079625,0.048625,0.044625,0.037625,0.039625,0.047625,0.043625,0.068625,0.066625,0.065625,0.022625,0.080625,0.075625,0.045625,0.039625,0.041625,0.038625,0.048625,0.042625,0.071625,0.072625,0.074625,0.026625,0.086625,0.025625,0.045625,0.096625,0.096625,0.034625,0.097625,0.099625,0.069625,0.084,0.089,0.074625,0.078625,0.033625,0.033625,0.080625,0.079625,0.070625,0.067625,0.066625,0.069625,0.082,0.084,91202.913625,25.2477916666667,0.086375
25:30:03,23.8,0.085,0.086,0.086,0.087,0.088,0.084,0.086,0.085,0.091,0.09,0.088,0.085,0.06875,0.07675,0.07075,0.04175,0.03475,0.03275,0.04075,0.04375,0.03975,0.07075,0.06675,0.06675,0.06075,0.08275,0.07275,0.04875,0.03875,0.03775,0.04075,0.04375,0.03875,0.07075,0.06475,0.07075,0.06275,0.07775,0.07275,0.04875,0.04275,0.03875,0.03975,0.04675,0.04075,0.08575,0.07075,0.07075,0.02675,0.08375,0.07975,0.04875,0.04475,0.03775,0.03975,0.04775,0.04375,0.06875,0.06675,0.06575,0.02275,0.08075,0.07475,0.04575,0.03975,0.04175,0.03875,0.04775,0.04175,0.07175,0.07275,0.07375,0.02675,0.08675,0.02575,0.04575,0.09675,0.09575,0.03475,0.09675,0.09875,0.06975,0.084,0.089,0.07475,0.07775,0.03375,0.03375,0.07975,0.07875,0.06975,0.06675,0.06675,0.06975,0.082,0.084,91802.91375,25.4145833333333,0.08625
25:40:03,23.8,0.085,0.086,0.086,0.087,0.088,0.085,0.086,0.085,0.091,0.09,0.088,0.085,0.0686875,0.0756875,0.0706875,0.0416875,0.0346875,0.0326875,0.0406875,0.0436875,0.0396875,0.0706875,0.0666875,0.0666875,0.0606875,0.0826875,0.0716875,0.0486875,0.0376875,0.0376875,0.0406875,0.0436875,0.0386875,0.0706875,0.0646875,0.0696875,0.0626875,0.0776875,0.0726875,0.0486875,0.0426875,0.0386875,0.0396875,0.0466875,0.0406875,0.0856875,0.0706875,0.0706875,0.0266875,0.0836875,0.0786875,0.0486875,0.0446875,0.0376875,0.0396875,0.0476875,0.0436875,0.0686875,0.0666875,0.0646875,0.0226875,0.0806875,0.0746875,0.0456875,0.0396875,0.0416875,0.0386875,0.0476875,0.0416875,0.0716875,0.0726875,0.0736875,0.0266875,0.0856875,0.0256875,0.0456875,0.0956875,0.0956875,0.0346875,0.0966875,0.0976875,0.0696875,0.084,0.089,0.0736875,0.0766875,0.0336875,0.0336875,0.0796875,0.0786875,0.0696875,0.0666875,0.0666875,0.0686875,0.082,0.084,92402.9136875,25.5811875,0.0863125
25:50:03,23.8,0.085,0.086,0.087,0.087,0.088,0.085,0.086,0.085,0.092,0.09,0.088,0.085,0.0685625,0.0755625,0.0705625,0.0425625,0.0345625,0.0325625,0.0405625,0.0435625,0.0385625,0.0705625,0.0665625,0.0665625,0.0605625,0.0825625,0.0715625,0.0485625,0.0385625,0.0385625,0.0405625,0.0425625,0.0375625,0.0705625,0.0645625,0.0695625,0.0615625,0.0765625,0.0725625,0.0485625,0.0425625,0.0385625,0.0395625,0.0465625,0.0405625,0.0845625,0.0705625,0.0705625,0.0265625,0.0835625,0.0785625,0.0485625,0.0445625,0.0375625,0.0395625,0.0465625,0.0435625,0.0695625,0.0665625,0.0645625,0.0225625,0.0805625,0.0745625,0.0455625,0.0405625,0.0415625,0.0385625,0.0475625,0.0415625,0.0715625,0.0725625,0.0735625,0.0265625,0.0855625,0.0255625,0.0455625,0.0945625,0.0945625,0.0345625,0.0955625,0.0975625,0.0695625,0.084,0.089,0.0735625,0.0765625,0.0335625,0.0325625,0.0785625,0.0775625,0.0685625,0.0655625,0.0655625,0.0685625,0.082,0.084,93002.9135625,25.7477291666667,0.0864375
26:00:03,23.8,0.085,0.086,0.087,0.086,0.088,0.085,0.086,0.085,0.091,0.09,0.088,0.085,0.0676875,0.0756875,0.0696875,0.0426875,0.0346875,0.0326875,0.0406875,0.0436875,0.0386875,0.0706875,0.0666875,0.0666875,0.0596875,0.0826875,0.0716875,0.0486875,0.0386875,0.0386875,0.0406875,0.0426875,0.0376875,0.0706875,0.0646875,0.0696875,0.0616875,0.0766875,0.0726875,0.0486875,0.0426875,0.0386875,0.0396875,0.0466875,0.0406875,0.0846875,0.0706875,0.0706875,0.0266875,0.0836875,0.0786875,0.0486875,0.0446875,0.0376875,0.0396875,0.0466875,0.0436875,0.0696875,0.0666875,0.0646875,0.0226875,0.0796875,0.0746875,0.0456875,0.0396875,0.0416875,0.0386875,0.0476875,0.0416875,0.0716875,0.0726875,0.0726875,0.0266875,0.0846875,0.0256875,0.0456875,0.0946875,0.0936875,0.0346875,0.0956875,0.0976875,0.0696875,0.084,0.089,0.0726875,0.0766875,0.0336875,0.0326875,0.0786875,0.0766875,0.0686875,0.0656875,0.0656875,0.0676875,0.082,0.084,93602.9136875,25.9145208333333,0.0863125
26:10:03,23.8,0.085,0.086,0.087,0.087,0.088,0.085,0.086,0.085,0.091,0.09,0.088,0.085,0.067625,0.075625,0.069625,0.042625,0.034625,0.032625,0.040625,0.042625,0.038625,0.069625,0.066625,0.065625,0.059625,0.082625,0.071625,0.048625,0.038625,0.038625,0.040625,0.042625,0.037625,0.070625,0.064625,0.069625,0.061625,0.076625,0.072625,0.049625,0.042625,0.038625,0.039625,0.045625,0.040625,0.084625,0.070625,0.069625,0.026625,0.083625,0.078625,0.048625,0.044625,0.037625,0.039625,0.046625,0.042625,0.069625,0.066625,0.063625,0.022625,0.079625,0.074625,0.045625,0.039625,0.041625,0.038625,0.047625,0.041625,0.071625,0.072625,0.072625,0.026625,0.084625,0.025625,0.045625,0.093625,0.093625,0.034625,0.095625,0.096625,0.069625,0.084,0.089,0.071625,0.075625,0.033625,0.032625,0.077625,0.075625,0.067625,0.064625,0.064625,0.067625,0.082,0.084,94202.913625,26.081125,0.086375
26:20:03,23.8,0.085,0.086,0.086,0.086,0.088,0.085,0.086,0.085,0.091,0.09,0.088,0.085,0.06775,0.07475,0.06975,0.04275,0.03475,0.03275,0.04075,0.04275,0.03875,0.06975,0.06675,0.06575,0.05875,0.08175,0.07175,0.04875,0.03875,0.03875,0.04075,0.04275,0.03775,0.06975,0.06475,0.06875,0.06075,0.07675,0.07275,0.04875,0.04275,0.03875,0.03975,0.04575,0.03975,0.08475,0.07075,0.06975,0.02675,0.08275,0.07875,0.04875,0.04475,0.03775,0.03975,0.04675,0.04275,0.06975,0.06675,0.06375,0.02275,0.07975,0.07475,0.04575,0.04075,0.04175,0.03875,0.04775,0.04175,0.07175,0.07275,0.07275,0.02675,0.08375,0.02575,0.04675,0.09375,0.09275,0.03475,0.09475,0.09675,0.06975,0.084,0.089,0.07175,0.07575,0.03375,0.03375,0.07675,0.07575,0.06775,0.06475,0.06475,0.06775,0.082,0.084,94802.91375,26.2479166666667,0.08625
26:30:03,23.8,0.085,0.086,0.087,0.087,0.088,0.085,0.086,0.085,0.091,0.09,0.088,0.085,0.066625,0.074625,0.069625,0.042625,0.034625,0.032625,0.040625,0.042625,0.038625,0.069625,0.066625,0.065625,0.058625,0.081625,0.071625,0.048625,0.038625,0.038625,0.040625,0.042625,0.037625,0.069625,0.064625,0.068625,0.060625,0.076625,0.072625,0.049625,0.042625,0.038625,0.039625,0.045625,0.039625,0.084625,0.070625,0.069625,0.026625,0.082625,0.078625,0.048625,0.044625,0.037625,0.039625,0.046625,0.042625,0.069625,0.066625,0.063625,0.022625,0.079625,0.073625,0.045625,0.040625,0.041625,0.038625,0.047625,0.040625,0.071625,0.072625,0.071625,0.026625,0.083625,0.025625,0.046625,0.092625,0.092625,0.034625,0.093625,0.095625,0.069625,0.084,0.089,0.071625,0.074625,0.033625,0.033625,0.076625,0.075625,0.066625,0.063625,0.063625,0.066625,0.082,0.084,95402.913625,26.4144583333333,0.086375
26:40:03,23.8,0.085,0.086,0.087,0.087,0.088,0.085,0.086,0.085,0.091,0.09,0.088,0.085,0.066625,0.074625,0.068625,0.042625,0.034625,0.033625,0.040625,0.042625,0.038625,0.069625,0.066625,0.065625,0.058625,0.081625,0.071625,0.049625,0.038625,0.038625,0.040625,0.042625,0.037625,0.069625,0.064625,0.068625,0.060625,0.076625,0.071625,0.049625,0.042625,0.038625,0.039625,0.045625,0.039625,0.084625,0.070625,0.069625,0.026625,0.082625,0.078625,0.048625,0.044625,0.037625,0.039625,0.046625,0.042625,0.069625,0.066625,0.063625,0.022625,0.078625,0.073625,0.045625,0.040625,0.042625,0.038625,0.047625,0.040625,0.071625,0.072625,0.071625,0.026625,0.083625,0.025625,0.046625,0.092625,0.091625,0.034625,0.093625,0.095625,0.069625,0.084,0.089,0.070625,0.074625,0.033625,0.033625,0.075625,0.074625,0.066625,0.063625,0.063625,0.066625,0.082,0.084,96002.913625,26.581125,0.086375
26:50:03,23.8,0.085,0.086,0.087,0.087,0.088,0.085,0.086,0.085,0.091,0.09,0.088,0.085,0.066625,0.074625,0.068625,0.042625,0.034625,0.033625,0.040625,0.042625,0.037625,0.069625,0.067625,0.064625,0.058625,0.081625,0.070625,0.049625,0.038625,0.038625,0.040625,0.042625,0.037625,0.069625,0.065625,0.068625,0.060625,0.075625,0.071625,0.049625,0.042625,0.038625,0.039625,0.045625,0.039625,0.084625,0.070625,0.068625,0.026625,0.082625,0.078625,0.048625,0.044625,0.037625,0.039625,0.046625,0.042625,0.069625,0.066625,0.062625,0.022625,0.078625,0.073625,0.045625,0.040625,0.042625,0.038625,0.047625,0.040625,0.071625,0.073625,0.071625,0.026625,0.082625,0.025625,0.046625,0.091625,0.091625,0.034625,0.093625,0.094625,0.069625,0.084,0.089,0.070625,0.074625,0.033625,0.033625,0.075625,0.074625,0.066625,0.063625,0.063625,0.066625,0.082,0.084,96602.913625,26.7477916666667,0.086375
27:00:03,23.8,0.085,0.086,0.086,0.087,0.088,0.085,0.086,0.085,0.091,0.09,0.088,0.085,0.0666875,0.0746875,0.0686875,0.0426875,0.0346875,0.0336875,0.0406875,0.0426875,0.0376875,0.0696875,0.0676875,0.0646875,0.0576875,0.0816875,0.0706875,0.0496875,0.0386875,0.0386875,0.0406875,0.0416875,0.0366875,0.0696875,0.0656875,0.0686875,0.0596875,0.0756875,0.0716875,0.0496875,0.0426875,0.0386875,0.0386875,0.0456875,0.0396875,0.0836875,0.0706875,0.0686875,0.0256875,0.0816875,0.0776875,0.0486875,0.0446875,0.0376875,0.0396875,0.0456875,0.0426875,0.0696875,0.0666875,0.0626875,0.0226875,0.0786875,0.0736875,0.0456875,0.0406875,0.0426875,0.0386875,0.0476875,0.0406875,0.0716875,0.0726875,0.0716875,0.0266875,0.0826875,0.0256875,0.0466875,0.0916875,0.0906875,0.0336875,0.0926875,0.0946875,0.0696875,0.084,0.089,0.0696875,0.0736875,0.0336875,0.0326875,0.0756875,0.0736875,0.0656875,0.0626875,0.0626875,0.0656875,0.082,0.084,97202.9136875,26.9145208333333,0.0863125
27:10:03,23.8,0.085,0.086,0.087,0.087,0.088,0.085,0.086,0.085,0.091,0.09,0.088,0.085,0.065625,0.073625,0.068625,0.042625,0.034625,0.033625,0.040625,0.042625,0.037625,0.069625,0.067625,0.064625,0.057625,0.081625,0.070625,0.049625,0.038625,0.038625,0.040625,0.041625,0.036625,0.069625,0.065625,0.067625,0.059625,0.075625,0.071625,0.049625,0.042625,0.039625,0.039625,0.045625,0.039625,0.083625,0.070625,0.068625,0.025625,0.081625,0.077625,0.048625,0.044625,0.037625,0.039625,0.045625,0.042625,0.069625,0.066625,0.062625,0.022625,0.078625,0.073625,0.045625,0.040625,0.042625,0.038625,0.047625,0.040625,0.071625,0.072625,0.071625,0.026625,0.081625,0.025625,0.046625,0.090625,0.090625,0.033625,0.092625,0.093625,0.068625,0.084,0.089,0.069625,0.073625,0.033625,0.032625,0.074625,0.072625,0.064625,0.062625,0.062625,0.065625,0.082,0.084,97802.913625,27.081125,0.086375
27:20:03,23.8,0.085,0.086,0.087,0.087,0.088,0.085,0.086,0.085,0.091,0.09,0.088,0.085,0.065625,0.073625,0.067625,0.042625,0.034625,0.033625,0.040625,0.042625,0.037625,0.069625,0.067625,0.064625,0.057625,0.080625,0.070625,0.049625,0.038625,0.038625,0.040625,0.041625,0.036625,0.069625,0.065625,0.067625,0.059625,0.075625,0.071625,0.049625,0.042625,0.039625,0.039625,0.045625,0.039625,0.083625,0.070625,0.068625,0.025625,0.081625,0.077625,0.048625,0.044625,0.037625,0.039625,0.045625,0.041625,0.069625,0.066625,0.061625,0.022625,0.078625,0.073625,0.045625,0.040625,0.042625,0.038625,0.047625,0.040625,0.071625,0.073625,0.070625,0.026625,0.081625,0.025625,0.046625,0.090625,0.089625,0.033625,0.091625,0.093625,0.068625,0.084,0.089,0.069625,0.073625,0.033625,0.032625,0.073625,0.072625,0.064625,0.062625,0.061625,0.065625,0.082,0.084,98402.913625,27.2477916666667,0.086375
27:30:03,23.8,0.085,0.086,0.087,0.087,0.088,0.085,0.086,0.085,0.091,0.09,0.088,0.085,0.065625,0.073625,0.067625,0.042625,0.034625,0.033625,0.040625,0.042625,0.037625,0.069625,0.067625,0.064625,0.057625,0.080625,0.070625,0.049625,0.038625,0.038625,0.039625,0.041625,0.036625,0.069625,0.065625,0.067625,0.058625,0.075625,0.071625,0.049625,0.042625,0.039625,0.038625,0.045625,0.039625,0.083625,0.071625,0.067625,0.025625,0.081625,0.077625,0.048625,0.044625,0.038625,0.039625,0.045625,0.041625,0.069625,0.067625,0.061625,0.022625,0.077625,0.072625,0.045625,0.040625,0.042625,0.038625,0.047625,0.040625,0.071625,0.073625,0.070625,0.026625,0.081625,0.025625,0.046625,0.089625,0.089625,0.034625,0.091625,0.092625,0.068625,0.084,0.089,0.068625,0.073625,0.033625,0.032625,0.073625,0.071625,0.063625,0.061625,0.061625,0.064625,0.082,0.084,99002.913625,27.4144583333333,0.086375
27:40:03,23.8,0.085,0.086,0.087,0.087,0.088,0.085,0.086,0.085,0.091,0.09,0.088,0.085,0.065625,0.073625,0.067625,0.042625,0.034625,0.033625,0.040625,0.042625,0.037625,0.069625,0.067625,0.063625,0.056625,0.080625,0.069625,0.049625,0.038625,0.039625,0.040625,0.041625,0.036625,0.069625,0.065625,0.067625,0.058625,0.075625,0.070625,0.049625,0.042625,0.039625,0.038625,0.045625,0.038625,0.083625,0.071625,0.067625,0.025625,0.081625,0.077625,0.048625,0.045625,0.038625,0.039625,0.045625,0.041625,0.069625,0.067625,0.061625,0.022625,0.077625,0.072625,0.045625,0.040625,0.042625,0.038625,0.047625,0.040625,0.071625,0.073625,0.070625,0.026625,0.080625,0.025625,0.046625,0.089625,0.088625,0.033625,0.090625,0.092625,0.068625,0.084,0.089,0.068625,0.072625,0.033625,0.033625,0.072625,0.071625,0.063625,0.061625,0.061625,0.064625,0.082,0.084,99602.913625,27.581125,0.086375
27:50:03,23.8,0.085,0.086,0.086,0.087,0.088,0.085,0.086,0.085,0.091,0.09,0.088,0.085,0.0646875,0.0736875,0.0676875,0.0426875,0.0346875,0.0336875,0.0406875,0.0426875,0.0376875,0.0686875,0.0676875,0.0636875,0.0566875,0.0806875,0.0696875,0.0496875,0.0386875,0.0396875,0.0406875,0.0416875,0.0366875,0.0696875,0.0656875,0.0666875,0.0586875,0.0746875,0.0706875,0.0496875,0.0426875,0.0396875,0.0386875,0.0456875,0.0386875,0.0836875,0.0716875,0.0676875,0.0256875,0.0806875,0.0766875,0.0486875,0.0456875,0.0386875,0.0396875,0.0456875,0.0416875,0.0696875,0.0676875,0.0616875,0.0216875,0.0776875,0.0726875,0.0456875,0.0406875,0.0426875,0.0386875,0.0476875,0.0406875,0.0716875,0.0736875,0.0706875,0.0266875,0.0806875,0.0256875,0.0466875,0.0886875,0.0886875,0.0336875,0.0906875,0.0926875,0.0686875,0.084,0.089,0.0676875,0.0726875,0.0336875,0.0326875,0.0726875,0.0706875,0.0636875,0.0616875,0.0606875,0.0636875,0.082,0.084,100202.9136875,27.7478541666667,0.0863125
28:00:03,23.7,0.085,0.086,0.087,0.087,0.088,0.085,0.086,0.085,0.091,0.09,0.088,0.085,0.064625,0.072625,0.067625,0.042625,0.034625,0.033625,0.040625,0.042625,0.037625,0.068625,0.067625,0.063625,0.056625,0.079625,0.069625,0.049625,0.038625,0.039625,0.039625,0.041625,0.036625,0.069625,0.065625,0.066625,0.058625,0.074625,0.070625,0.049625,0.043625,0.039625,0.038625,0.044625,0.038625,0.083625,0.071625,0.067625,0.025625,0.080625,0.076625,0.048625,0.045625,0.038625,0.039625,0.045625,0.041625,0.069625,0.067625,0.060625,0.022625,0.077625,0.072625,0.045625,0.040625,0.042625,0.038625,0.047625,0.040625,0.071625,0.073625,0.070625,0.026625,0.079625,0.025625,0.046625,0.088625,0.087625,0.033625,0.089625,0.091625,0.068625,0.084,0.089,0.067625,0.072625,0.033625,0.033625,0.071625,0.070625,0.062625,0.060625,0.060625,0.063625,0.082,0.084,100802.913625,27.9144583333333,0.086375
28:10:03,23.7,0.085,0.086,0.087,0.087,0.088,0.085,0.086,0.085,0.091,0.09,0.088,0.085,0.064625,0.072625,0.066625,0.042625,0.034625,0.033625,0.040625,0.042625,0.037625,0.068625,0.067625,0.063625,0.055625,0.079625,0.069625,0.049625,0.038625,0.039625,0.039625,0.041625,0.036625,0.068625,0.065625,0.066625,0.057625,0.074625,0.070625,0.049625,0.043625,0.039625,0.038625,0.044625,0.038625,0.083625,0.071625,0.066625,0.025625,0.080625,0.076625,0.048625,0.045625,0.038625,0.039625,0.045625,0.041625,0.069625,0.066625,0.060625,0.022625,0.076625,0.072625,0.045625,0.040625,0.042625,0.038625,0.046625,0.040625,0.071625,0.073625,0.069625,0.026625,0.079625,0.025625,0.046625,0.087625,0.087625,0.033625,0.089625,0.091625,0.068625,0.084,0.089,0.067625,0.072625,0.033625,0.033625,0.071625,0.069625,0.062625,0.060625,0.060625,0.063625,0.082,0.084,101402.913625,28.081125,0.086375
28:20:03,23.7,0.085,0.086,0.087,0.087,0.088,0.085,0.086,0.085,0.091,0.09,0.088,0.085,0.064625,0.072625,0.066625,0.042625,0.034625,0.033625,0.040625,0.042625,0.037625,0.068625,0.067625,0.063625,0.055625,0.079625,0.068625,0.049625,0.038625,0.039625,0.039625,0.041625,0.036625,0.068625,0.065625,0.066625,0.057625,0.074625,0.070625,0.049625,0.043625,0.039625,0.038625,0.044625,0.038625,0.082625,0.070625,0.066625,0.025625,0.080625,0.076625,0.048625,0.045625,0.038625,0.039625,0.045625,0.041625,0.068625,0.067625,0.060625,0.021625,0.076625,0.071625,0.045625,0.040625,0.042625,0.038625,0.046625,0.040625,0.071625,0.072625,0.069625,0.026625,0.078625,0.025625,0.046625,0.087625,0.086625,0.033625,0.088625,0.090625,0.068625,0.084,0.089,0.067625,0.071625,0.033625,0.032625,0.070625,0.069625,0.062625,0.059625,0.059625,0.062625,0.082,0.084,102002.913625,28.2477916666667,0.086375
28:30:03,23.7,0.085,0.086,0.087,0.087,0.088,0.085,0.086,0.085,0.092,0.09,0.088,0.085,0.0645625,0.0725625,0.0665625,0.0425625,0.0345625,0.0335625,0.0405625,0.0425625,0.0375625,0.0685625,0.0675625,0.0625625,0.0555625,0.0795625,0.0685625,0.0495625,0.0385625,0.0395625,0.0395625,0.0415625,0.0365625,0.0685625,0.0655625,0.0665625,0.0575625,0.0745625,0.0695625,0.0495625,0.0435625,0.0395625,0.0385625,0.0445625,0.0385625,0.0825625,0.0715625,0.0665625,0.0255625,0.0805625,0.0765625,0.0485625,0.0455625,0.0385625,0.0395625,0.0455625,0.0415625,0.0685625,0.0665625,0.0605625,0.0215625,0.0765625,0.0715625,0.0455625,0.0405625,0.0425625,0.0385625,0.0465625,0.0405625,0.0705625,0.0735625,0.0695625,0.0265625,0.0785625,0.0255625,0.0465625,0.0865625,0.0865625,0.0335625,0.0885625,0.0905625,0.0685625,0.084,0.089,0.0675625,0.0715625,0.0335625,0.0325625,0.0705625,0.0685625,0.0615625,0.0595625,0.0595625,0.0625625,0.082,0.084,102602.9135625,28.4143958333333,0.0864375
28:40:03,23.7,0.085,0.086,0.087,0.087,0.088,0.085,0.086,0.085,0.091,0.09,0.088,0.085,0.063625,0.071625,0.066625,0.042625,0.034625,0.033625,0.040625,0.042625,0.037625,0.068625,0.067625,0.062625,0.055625,0.079625,0.068625,0.049625,0.038625,0.039625,0.039625,0.041625,0.036625,0.068625,0.065625,0.065625,0.056625,0.073625,0.069625,0.049625,0.043625,0.039625,0.038625,0.044625,0.038625,0.082625,0.070625,0.066625,0.025625,0.079625,0.075625,0.048625,0.045625,0.038625,0.039625,0.045625,0.041625,0.068625,0.066625,0.059625,0.021625,0.076625,0.071625,0.045625,0.040625,0.043625,0.038625,0.046625,0.040625,0.070625,0.072625,0.068625,0.026625,0.078625,0.025625,0.046625,0.086625,0.085625,0.033625,0.087625,0.089625,0.068625,0.084,0.089,0.066625,0.071625,0.033625,0.032625,0.069625,0.068625,0.061625,0.059625,0.059625,0.062625,0.082,0.084,103202.913625,28.581125,0.086375
28:50:03,23.7,0.085,0.086,0.086,0.087,0.088,0.085,0.086,0.085,0.091,0.09,0.088,0.085,0.0636875,0.0716875,0.0666875,0.0436875,0.0346875,0.0336875,0.0406875,0.0426875,0.0376875,0.0686875,0.0676875,0.0626875,0.0546875,0.0786875,0.0676875,0.0496875,0.0386875,0.0396875,0.0396875,0.0416875,0.0366875,0.0686875,0.0656875,0.0656875,0.0566875,0.0736875,0.0696875,0.0496875,0.0436875,0.0396875,0.0386875,0.0446875,0.0386875,0.0826875,0.0706875,0.0656875,0.0256875,0.0796875,0.0756875,0.0486875,0.0456875,0.0386875,0.0396875,0.0456875,0.0416875,0.0686875,0.0666875,0.0596875,0.0216875,0.0766875,0.0706875,0.0456875,0.0406875,0.0426875,0.0386875,0.0466875,0.0406875,0.0706875,0.0726875,0.0686875,0.0266875,0.0776875,0.0256875,0.0466875,0.0856875,0.0856875,0.0336875,0.0876875,0.0896875,0.0676875,0.084,0.089,0.0666875,0.0716875,0.0336875,0.0326875,0.0696875,0.0676875,0.0606875,0.0596875,0.0586875,0.0616875,0.082,0.084,103802.9136875,28.7478541666667,0.0863125
29:00:03,23.7,0.085,0.086,0.087,0.087,0.088,0.085,0.086,0.085,0.091,0.09,0.088,0.085,0.063625,0.071625,0.065625,0.043625,0.034625,0.033625,0.040625,0.042625,0.037625,0.068625,0.067625,0.062625,0.054625,0.078625,0.067625,0.050625,0.038625,0.039625,0.039625,0.041625,0.036625,0.068625,0.065625,0.065625,0.056625,0.073625,0.069625,0.049625,0.043625,0.039625,0.038625,0.044625,0.038625,0.082625,0.070625,0.065625,0.025625,0.079625,0.075625,0.048625,0.045625,0.038625,0.039625,0.045625,0.041625,0.068625,0.066625,0.059625,0.021625,0.075625,0.070625,0.045625,0.040625,0.043625,0.038625,0.046625,0.040625,0.070625,0.073625,0.068625,0.026625,0.077625,0.025625,0.046625,0.085625,0.084625,0.033625,0.086625,0.088625,0.068625,0.084,0.089,0.066625,0.071625,0.033625,0.032625,0.068625,0.067625,0.060625,0.058625,0.058625,0.061625,0.082,0.084,104402.913625,28.9144583333333,0.086375
29:10:03,23.7,0.085,0.086,0.087,0.087,0.088,0.085,0.086,0.085,0.092,0.09,0.088,0.085,0.0625625,0.0705625,0.0655625,0.0435625,0.0345625,0.0335625,0.0405625,0.0425625,0.0375625,0.0675625,0.0675625,0.0615625,0.0545625,0.0785625,0.0675625,0.0505625,0.0385625,0.0395625,0.0395625,0.0415625,0.0365625,0.0685625,0.0655625,0.0655625,0.0555625,0.0735625,0.0685625,0.0495625,0.0435625,0.0395625,0.0385625,0.0445625,0.0385625,0.0825625,0.0705625,0.0655625,0.0255625,0.0795625,0.0755625,0.0485625,0.0455625,0.0385625,0.0395625,0.0455625,0.0415625,0.0685625,0.0665625,0.0595625,0.0215625,0.0755625,0.0705625,0.0455625,0.0405625,0.0435625,0.0385625,0.0465625,0.0405625,0.0705625,0.0725625,0.0685625,0.0265625,0.0775625,0.0255625,0.0465625,0.0845625,0.0845625,0.0335625,0.0865625,0.0885625,0.0675625,0.084,0.089,0.0665625,0.0715625,0.0335625,0.0325625,0.0685625,0.0675625,0.0605625,0.0585625,0.0585625,0.0615625,0.082,0.084,105002.9135625,29.0810625,0.0864375
29:20:03,23.7,0.085,0.086,0.087,0.087,0.088,0.085,0.086,0.085,0.091,0.09,0.088,0.085,0.062625,0.070625,0.065625,0.043625,0.034625,0.033625,0.040625,0.042625,0.037625,0.067625,0.067625,0.061625,0.054625,0.078625,0.067625,0.050625,0.038625,0.039625,0.039625,0.041625,0.036625,0.068625,0.065625,0.064625,0.055625,0.072625,0.068625,0.049625,0.043625,0.040625,0.038625,0.044625,0.038625,0.082625,0.070625,0.065625,0.025625,0.078625,0.074625,0.048625,0.045625,0.038625,0.039625,0.045625,0.041625,0.068625,0.066625,0.058625,0.021625,0.075625,0.070625,0.045625,0.041625,0.043625,0.038625,0.046625,0.040625,0.070625,0.072625,0.068625,0.026625,0.076625,0.025625,0.046625,0.084625,0.083625,0.033625,0.085625,0.087625,0.067625,0.084,0.089,0.066625,0.071625,0.033625,0.032625,0.067625,0.067625,0.060625,0.058625,0.058625,0.060625,0.082,0.084,105602.913625,29.2477916666667,0.086375
29:30:03,23.7,0.085,0.086,0.087,0.087,0.088,0.085,0.086,0.085,0.091,0.09,0.088,0.085,0.062625,0.070625,0.065625,0.043625,0.034625,0.033625,0.040625,0.042625,0.037625,0.067625,0.067625,0.061625,0.054625,0.078625,0.067625,0.050625,0.039625,0.039625,0.039625,0.041625,0.035625,0.067625,0.064625,0.064625,0.055625,0.072625,0.068625,0.050625,0.043625,0.040625,0.038625,0.044625,0.038625,0.082625,0.070625,0.064625,0.025625,0.078625,0.074625,0.048625,0.045625,0.038625,0.039625,0.045625,0.041625,0.068625,0.066625,0.058625,0.021625,0.075625,0.069625,0.045625,0.040625,0.043625,0.038625,0.046625,0.040625,0.070625,0.072625,0.068625,0.026625,0.076625,0.025625,0.046625,0.083625,0.083625,0.033625,0.085625,0.087625,0.067625,0.084,0.089,0.066625,0.070625,0.033625,0.032625,0.067625,0.066625,0.059625,0.058625,0.057625,0.060625,0.082,0.084,106202.913625,29.4144583333333,0.086375
29:40:03,23.7,0.085,0.086,0.087,0.087,0.088,0.085,0.086,0.085,0.091,0.09,0.088,0.085,0.061625,0.070625,0.064625,0.043625,0.035625,0.033625,0.040625,0.042625,0.037625,0.067625,0.067625,0.061625,0.053625,0.077625,0.066625,0.050625,0.039625,0.039625,0.039625,0.041625,0.036625,0.067625,0.065625,0.064625,0.055625,0.072625,0.068625,0.050625,0.043625,0.040625,0.038625,0.044625,0.038625,0.081625,0.070625,0.064625,0.025625,0.078625,0.074625,0.048625,0.045625,0.039625,0.039625,0.045625,0.041625,0.068625,0.066625,0.058625,0.021625,0.074625,0.069625,0.045625,0.041625,0.043625,0.038625,0.046625,0.039625,0.070625,0.072625,0.067625,0.026625,0.075625,0.025625,0.047625,0.083625,0.082625,0.033625,0.085625,0.086625,0.067625,0.084,0.089,0.066625,0.070625,0.033625,0.032625,0.067625,0.066625,0.059625,0.057625,0.057625,0.060625,0.082,0.084,106802.913625,29.581125,0.086375
29:50:03,23.7,0.085,0.086,0.086,0.087,0.088,0.085,0.086,0.085,0.091,0.09,0.088,0.085,0.0616875,0.0706875,0.0646875,0.0436875,0.0356875,0.0346875,0.0406875,0.0426875,0.0376875,0.0676875,0.0676875,0.0616875,0.0536875,0.0776875,0.0666875,0.0506875,0.0396875,0.0396875,0.0396875,0.0416875,0.0366875,0.0676875,0.0656875,0.0646875,0.0546875,0.0726875,0.0676875,0.0506875,0.0436875,0.0406875,0.0386875,0.0446875,0.0386875,0.0816875,0.0706875,0.0646875,0.0256875,0.0786875,0.0746875,0.0486875,0.0456875,0.0396875,0.0396875,0.0456875,0.0406875,0.0686875,0.0666875,0.0586875,0.0216875,0.0746875,0.0696875,0.0456875,0.0416875,0.0436875,0.0386875,0.0466875,0.0396875,0.0706875,0.0726875,0.0676875,0.0266875,0.0756875,0.0256875,0.0476875,0.0826875,0.0826875,0.0336875,0.0846875,0.0866875,0.0676875,0.084,0.089,0.0666875,0.0706875,0.0336875,0.0326875,0.0666875,0.0666875,0.0596875,0.0576875,0.0576875,0.0596875,0.082,0.084,107402.9136875,29.7478541666667,0.0863125
30:00:03,23.7,0.085,0.086,0.087,0.087,0.088,0.085,0.086,0.085,0.091,0.09,0.088,0.085,0.061625,0.069625,0.064625,0.043625,0.034625,0.033625,0.040625,0.042625,0.037625,0.067625,0.067625,0.060625,0.053625,0.077625,0.066625,0.050625,0.039625,0.040625,0.039625,0.041625,0.036625,0.067625,0.064625,0.064625,0.054625,0.071625,0.067625,0.050625,0.043625,0.040625,0.038625,0.044625,0.038625,0.081625,0.070625,0.064625,0.025625,0.078625,0.073625,0.048625,0.045625,0.039625,0.039625,0.045625,0.040625,0.067625,0.066625,0.058625,0.021625,0.074625,0.069625,0.046625,0.041625,0.043625,0.038625,0.046625,0.039625,0.069625,0.072625,0.067625,0.026625,0.075625,0.025625,0.047625,0.082625,0.081625,0.033625,0.083625,0.085625,0.067625,0.084,0.089,0.065625,0.070625,0.033625,0.032625,0.066625,0.065625,0.059625,0.057625,0.057625,0.059625,0.082,0.084,108002.913625,29.9144583333333,0.086375
30:10:03,23.7,0.085,0.086,0.087,0.087,0.088,0.085,0.086,0.085,0.091,0.09,0.088,0.085,0.061625,0.069625,0.064625,0.043625,0.034625,0.034625,0.040625,0.042625,0.036625,0.067625,0.066625,0.060625,0.053625,0.077625,0.066625,0.050625,0.039625,0.040625,0.039625,0.041625,0.035625,0.067625,0.064625,0.063625,0.054625,0.071625,0.067625,0.050625,0.043625,0.040625,0.038625,0.044625,0.038625,0.081625,0.070625,0.063625,0.025625,0.077625,0.073625,0.048625,0.045625,0.039625,0.039625,0.045625,0.040625,0.067625,0.066625,0.057625,0.021625,0.074625,0.068625,0.046625,0.041625,0.043625,0.038625,0.046625,0.039625,0.069625,0.072625,0.067625,0.025625,0.074625,0.025625,0.047625,0.081625,0.081625,0.033625,0.083625,0.085625,0.067625,0.084,0.089,0.065625,0.070625,0.033625,0.032625,0.066625,0.065625,0.059625,0.057625,0.057625,0.059625,0.082,0.084,108602.913625,30.081125,0.086375
30:20:03,23.7,0.085,0.086,0.087,0.087,0.088,0.085,0.086,0.085,0.091,0.09,0.088,0.085,0.061625,0.069625,0.064625,0.043625,0.035625,0.034625,0.040625,0.042625,0.036625,0.067625,0.066625,0.060625,0.053625,0.077625,0.065625,0.050625,0.039625,0.040625,0.039625,0.041625,0.035625,0.067625,0.064625,0.063625,0.054625,0.071625,0.067625,0.050625,0.043625,0.040625,0.038625,0.044625,0.038625,0.081625,0.070625,0.063625,0.025625,0.077625,0.073625,0.048625,0.045625,0.039625,0.038625,0.044625,0.040625,0.067625,0.066625,0.057625,0.021625,0.074625,0.068625,0.046625,0.041625,0.043625,0.038625,0.046625,0.039625,0.069625,0.072625,0.067625,0.026625,0.074625,0.025625,0.047625,0.081625,0.080625,0.033625,0.083625,0.085625,0.067625,0.084,0.089,0.065625,0.070625,0.033625,0.032625,0.066625,0.065625,0.058625,0.057625,0.056625,0.059625,0.082,0.084,109202.913625,30.2477916666667,0.086375
30:30:03,23.7,0.085,0.086,0.087,0.087,0.088,0.085,0.086,0.085,0.091,0.09,0.088,0.085,0.060625,0.069625,0.063625,0.043625,0.035625,0.034625,0.040625,0.042625,0.036625,0.067625,0.066625,0.060625,0.052625,0.076625,0.065625,0.050625,0.039625,0.040625,0.039625,0.041625,0.036625,0.067625,0.064625,0.063625,0.054625,0.071625,0.066625,0.050625,0.043625,0.040625,0.038625,0.044625,0.038625,0.081625,0.070625,0.063625,0.025625,0.077625,0.073625,0.048625,0.045625,0.039625,0.039625,0.044625,0.040625,0.067625,0.066625,0.057625,0.021625,0.073625,0.068625,0.046625,0.041625,0.043625,0.038625,0.046625,0.039625,0.069625,0.072625,0.067625,0.025625,0.074625,0.025625,0.047625,0.080625,0.080625,0.033625,0.082625,0.084625,0.067625,0.084,0.089,0.065625,0.070625,0.033625,0.032625,0.065625,0.065625,0.058625,0.057625,0.056625,0.059625,0.082,0.084,109802.913625,30.4144583333333,0.086375
30:40:03,23.7,0.085,0.086,0.087,0.087,0.088,0.085,0.086,0.085,0.092,0.09,0.088,0.085,0.0605625,0.0685625,0.0635625,0.0435625,0.0355625,0.0345625,0.0395625,0.0425625,0.0365625,0.0675625,0.0665625,0.0605625,0.0525625,0.0765625,0.0655625,0.0505625,0.0395625,0.0405625,0.0395625,0.0405625,0.0355625,0.0665625,0.0645625,0.0635625,0.0535625,0.0715625,0.0665625,0.0505625,0.0435625,0.0405625,0.0385625,0.0445625,0.0385625,0.0815625,0.0705625,0.0635625,0.0255625,0.0775625,0.0725625,0.0485625,0.0465625,0.0395625,0.0395625,0.0445625,0.0405625,0.0675625,0.0655625,0.0575625,0.0215625,0.0735625,0.0685625,0.0465625,0.0415625,0.0435625,0.0385625,0.0465625,0.0395625,0.0695625,0.0715625,0.0675625,0.0255625,0.0745625,0.0255625,0.0475625,0.0805625,0.0795625,0.0335625,0.0825625,0.0845625,0.0675625,0.084,0.089,0.0655625,0.0705625,0.0335625,0.0325625,0.0655625,0.0655625,0.0585625,0.0575625,0.0565625,0.0595625,0.082,0.084,110402.9135625,30.5810625,0.0864375
30:50:03,23.6,0.085,0.086,0.087,0.087,0.088,0.085,0.086,0.085,0.091,0.09,0.088,0.085,0.060625,0.068625,0.063625,0.043625,0.035625,0.034625,0.040625,0.042625,0.036625,0.066625,0.066625,0.060625,0.052625,0.076625,0.065625,0.050625,0.039625,0.040625,0.039625,0.041625,0.035625,0.066625,0.064625,0.063625,0.053625,0.071625,0.066625,0.050625,0.044625,0.040625,0.038625,0.044625,0.038625,0.080625,0.070625,0.063625,0.025625,0.077625,0.072625,0.048625,0.046625,0.039625,0.038625,0.044625,0.040625,0.067625,0.065625,0.057625,0.021625,0.073625,0.067625,0.046625,0.041625,0.044625,0.037625,0.046625,0.039625,0.069625,0.072625,0.067625,0.025625,0.073625,0.025625,0.047625,0.080625,0.079625,0.033625,0.081625,0.083625,0.066625,0.084,0.089,0.065625,0.070625,0.033625,0.032625,0.065625,0.065625,0.058625,0.057625,0.056625,0.058625,0.082,0.084,111002.913625,30.7477916666667,0.086375
31:00:03,23.4,0.085,0.086,0.087,0.087,0.088,0.085,0.086,0.085,0.091,0.09,0.088,0.085,0.060625,0.068625,0.063625,0.043625,0.035625,0.034625,0.040625,0.042625,0.037625,0.066625,0.066625,0.059625,0.052625,0.076625,0.064625,0.051625,0.039625,0.040625,0.039625,0.041625,0.035625,0.066625,0.064625,0.062625,0.054625,0.071625,0.066625,0.050625,0.044625,0.041625,0.038625,0.044625,0.038625,0.081625,0.070625,0.062625,0.025625,0.077625,0.072625,0.048625,0.046625,0.039625,0.038625,0.045625,0.040625,0.067625,0.065625,0.057625,0.021625,0.073625,0.067625,0.046625,0.041625,0.044625,0.037625,0.046625,0.039625,0.069625,0.071625,0.066625,0.025625,0.073625,0.025625,0.047625,0.079625,0.079625,0.033625,0.081625,0.083625,0.067625,0.084,0.089,0.065625,0.070625,0.033625,0.032625,0.065625,0.064625,0.058625,0.056625,0.056625,0.058625,0.082,0.084,111602.913625,30.9144583333333,0.086375
31:10:03,23.2,0.085,0.086,0.087,0.087,0.088,0.085,0.086,0.085,0.092,0.09,0.088,0.086,0.0614375,0.0684375,0.0634375,0.0434375,0.0354375,0.0344375,0.0404375,0.0424375,0.0374375,0.0664375,0.0664375,0.0584375,0.0534375,0.0764375,0.0654375,0.0514375,0.0394375,0.0404375,0.0394375,0.0414375,0.0364375,0.0664375,0.0644375,0.0614375,0.0544375,0.0714375,0.0664375,0.0504375,0.0444375,0.0414375,0.0384375,0.0444375,0.0384375,0.0814375,0.0704375,0.0624375,0.0254375,0.0774375,0.0724375,0.0484375,0.0464375,0.0394375,0.0384375,0.0454375,0.0404375,0.0674375,0.0654375,0.0574375,0.0214375,0.0734375,0.0674375,0.0464375,0.0414375,0.0444375,0.0384375,0.0464375,0.0394375,0.0694375,0.0714375,0.0664375,0.0254375,0.0734375,0.0254375,0.0474375,0.0794375,0.0784375,0.0334375,0.0814375,0.0834375,0.0674375,0.084,0.09,0.0654375,0.0704375,0.0334375,0.0324375,0.0654375,0.0644375,0.0584375,0.0564375,0.0564375,0.0584375,0.082,0.084,112202.9134375,31.0809375,0.0865625
31:20:03,23.1,0.085,0.086,0.087,0.087,0.088,0.085,0.086,0.085,0.091,0.09,0.088,0.086,0.0615625,0.0685625,0.0625625,0.0435625,0.0355625,0.0345625,0.0395625,0.0435625,0.0375625,0.0665625,0.0655625,0.0585625,0.0535625,0.0765625,0.0645625,0.0515625,0.0395625,0.0405625,0.0395625,0.0415625,0.0355625,0.0665625,0.0645625,0.0615625,0.0545625,0.0715625,0.0665625,0.0505625,0.0445625,0.0415625,0.0385625,0.0445625,0.0385625,0.0815625,0.0695625,0.0625625,0.0255625,0.0775625,0.0725625,0.0485625,0.0465625,0.0405625,0.0395625,0.0455625,0.0405625,0.0675625,0.0655625,0.0575625,0.0215625,0.0735625,0.0675625,0.0465625,0.0415625,0.0445625,0.0385625,0.0465625,0.0405625,0.0695625,0.0715625,0.0665625,0.0255625,0.0735625,0.0255625,0.0475625,0.0795625,0.0785625,0.0335625,0.0805625,0.0825625,0.0665625,0.084,0.089,0.0655625,0.0705625,0.0335625,0.0325625,0.0645625,0.0645625,0.0575625,0.0565625,0.0565625,0.0585625,0.082,0.084,112802.9135625,31.2477291666667,0.0864375
31:30:03,23.1,0.085,0.086,0.087,0.087,0.088,0.085,0.086,0.085,0.092,0.09,0.088,0.086,0.0614375,0.0674375,0.0624375,0.0444375,0.0354375,0.0344375,0.0394375,0.0434375,0.0374375,0.0664375,0.0654375,0.0584375,0.0534375,0.0764375,0.0644375,0.0514375,0.0394375,0.0404375,0.0394375,0.0414375,0.0354375,0.0664375,0.0634375,0.0614375,0.0544375,0.0714375,0.0654375,0.0504375,0.0444375,0.0414375,0.0384375,0.0444375,0.0384375,0.0814375,0.0694375,0.0624375,0.0254375,0.0774375,0.0724375,0.0484375,0.0464375,0.0404375,0.0384375,0.0454375,0.0404375,0.0674375,0.0644375,0.0564375,0.0214375,0.0734375,0.0674375,0.0464375,0.0414375,0.0444375,0.0384375,0.0464375,0.0404375,0.0694375,0.0704375,0.0664375,0.0254375,0.0734375,0.0254375,0.0474375,0.0784375,0.0774375,0.0334375,0.0804375,0.0824375,0.0664375,0.084,0.09,0.0654375,0.0704375,0.0334375,0.0324375,0.0644375,0.0644375,0.0574375,0.0564375,0.0564375,0.0584375,0.082,0.084,113402.9134375,31.4142708333333,0.0865625
31:40:03,23,0.085,0.086,0.087,0.087,0.088,0.085,0.086,0.085,0.092,0.09,0.088,0.086,0.0615,0.0675,0.0615,0.0445,0.0355,0.0345,0.0395,0.0435,0.0375,0.0655,0.0655,0.0585,0.0535,0.0765,0.0645,0.0515,0.0395,0.0415,0.0395,0.0415,0.0355,0.0665,0.0635,0.0615,0.0545,0.0705,0.0655,0.0515,0.0445,0.0415,0.0385,0.0445,0.0385,0.0805,0.0685,0.0625,0.0255,0.0765,0.0715,0.0485,0.0465,0.0405,0.0385,0.0445,0.0405,0.0665,0.0645,0.0575,0.0215,0.0735,0.0675,0.0465,0.0425,0.0445,0.0385,0.0465,0.0395,0.0685,0.0705,0.0665,0.0255,0.0735,0.0255,0.0475,0.0785,0.0775,0.0335,0.0795,0.0815,0.0665,0.084,0.089,0.0655,0.0705,0.0335,0.0325,0.0645,0.0645,0.0575,0.0565,0.0565,0.0585,0.082,0.084,114002.9135,31.581,0.0865
31:50:03,23,0.085,0.086,0.087,0.087,0.088,0.085,0.086,0.085,0.092,0.09,0.088,0.086,0.0614375,0.0674375,0.0614375,0.0444375,0.0354375,0.0344375,0.0394375,0.0424375,0.0374375,0.0654375,0.0644375,0.0574375,0.0534375,0.0754375,0.0644375,0.0514375,0.0394375,0.0414375,0.0394375,0.0414375,0.0354375,0.0654375,0.0634375,0.0614375,0.0544375,0.0704375,0.0654375,0.0514375,0.0444375,0.0414375,0.0384375,0.0444375,0.0374375,0.0804375,0.0684375,0.0614375,0.0254375,0.0764375,0.0714375,0.0484375,0.0464375,0.0404375,0.0384375,0.0444375,0.0404375,0.0664375,0.0644375,0.0564375,0.0214375,0.0724375,0.0664375,0.0464375,0.0424375,0.0444375,0.0374375,0.0464375,0.0394375,0.0684375,0.0704375,0.0664375,0.0254375,0.0734375,0.0254375,0.0474375,0.0774375,0.0764375,0.0334375,0.0794375,0.0804375,0.0664375,0.084,0.09,0.0654375,0.0694375,0.0334375,0.0324375,0.0644375,0.0644375,0.0574375,0.0564375,0.0554375,0.0584375,0.082,0.084,114602.9134375,31.7476041666667,0.0865625
32:00:03,23,0.085,0.086,0.087,0.087,0.088,0.085,0.086,0.085,0.092,0.09,0.088,0.086,0.0605,0.0665,0.0615,0.0445,0.0345,0.0345,0.0395,0.0425,0.0375,0.0655,0.0645,0.0585,0.0535,0.0755,0.0635,0.0515,0.0395,0.0415,0.0395,0.0405,0.0345,0.0655,0.0625,0.0615,0.0535,0.0705,0.0645,0.0515,0.0445,0.0415,0.0385,0.0435,0.0375,0.0795,0.0685,0.0625,0.0255,0.0765,0.0715,0.0485,0.0465,0.0405,0.0385,0.0445,0.0405,0.0665,0.0645,0.0565,0.0215,0.0725,0.0665,0.0465,0.0415,0.0445,0.0375,0.0455,0.0395,0.0685,0.0695,0.0665,0.0255,0.0725,0.0255,0.0475,0.0775,0.0765,0.0335,0.0785,0.0805,0.0665,0.084,0.089,0.0645,0.0695,0.0335,0.0325,0.0645,0.0645,0.0575,0.0565,0.0555,0.0585,0.082,0.084,115202.9135,31.9143333333333,0.0865
32:10:03,23,0.085,0.086,0.087,0.087,0.088,0.085,0.086,0.085,0.091,0.09,0.088,0.086,0.0605625,0.0665625,0.0605625,0.0445625,0.0355625,0.0345625,0.0395625,0.0425625,0.0375625,0.0655625,0.0645625,0.0575625,0.0535625,0.0755625,0.0635625,0.0515625,0.0395625,0.0415625,0.0395625,0.0405625,0.0345625,0.0655625,0.0625625,0.0615625,0.0535625,0.0705625,0.0645625,0.0515625,0.0445625,0.0415625,0.0385625,0.0435625,0.0375625,0.0795625,0.0685625,0.0625625,0.0255625,0.0765625,0.0715625,0.0485625,0.0465625,0.0405625,0.0385625,0.0445625,0.0405625,0.0665625,0.0635625,0.0565625,0.0215625,0.0725625,0.0665625,0.0465625,0.0415625,0.0445625,0.0375625,0.0455625,0.0395625,0.0685625,0.0695625,0.0665625,0.0255625,0.0725625,0.0255625,0.0475625,0.0765625,0.0755625,0.0335625,0.0785625,0.0795625,0.0665625,0.084,0.089,0.0645625,0.0695625,0.0335625,0.0325625,0.0645625,0.0645625,0.0575625,0.0565625,0.0555625,0.0585625,0.082,0.084,115802.9135625,32.0810625,0.0864375
32:20:03,23,0.085,0.086,0.087,0.087,0.088,0.085,0.086,0.085,0.092,0.09,0.088,0.086,0.0604375,0.0664375,0.0604375,0.0444375,0.0344375,0.0344375,0.0394375,0.0424375,0.0374375,0.0644375,0.0644375,0.0574375,0.0524375,0.0754375,0.0624375,0.0514375,0.0394375,0.0414375,0.0394375,0.0404375,0.0344375,0.0654375,0.0624375,0.0614375,0.0524375,0.0694375,0.0644375,0.0514375,0.0444375,0.0414375,0.0384375,0.0434375,0.0374375,0.0794375,0.0684375,0.0624375,0.0254375,0.0754375,0.0704375,0.0484375,0.0464375,0.0404375,0.0384375,0.0444375,0.0404375,0.0664375,0.0634375,0.0564375,0.0214375,0.0724375,0.0654375,0.0464375,0.0414375,0.0444375,0.0374375,0.0454375,0.0394375,0.0684375,0.0704375,0.0664375,0.0254375,0.0724375,0.0254375,0.0484375,0.0764375,0.0754375,0.0334375,0.0774375,0.0794375,0.0654375,0.084,0.09,0.0644375,0.0694375,0.0334375,0.0324375,0.0644375,0.0634375,0.0574375,0.0564375,0.0554375,0.0574375,0.082,0.084,116402.9134375,32.2476041666667,0.0865625
32:30:03,23,0.085,0.086,0.087,0.087,0.088,0.085,0.086,0.085,0.091,0.09,0.088,0.086,0.0595625,0.0655625,0.0605625,0.0445625,0.0355625,0.0345625,0.0395625,0.0425625,0.0375625,0.0645625,0.0645625,0.0575625,0.0525625,0.0745625,0.0625625,0.0515625,0.0395625,0.0415625,0.0395625,0.0405625,0.0345625,0.0655625,0.0625625,0.0615625,0.0525625,0.0695625,0.0645625,0.0515625,0.0445625,0.0415625,0.0385625,0.0435625,0.0375625,0.0785625,0.0685625,0.0625625,0.0255625,0.0755625,0.0705625,0.0485625,0.0465625,0.0405625,0.0385625,0.0445625,0.0395625,0.0655625,0.0635625,0.0565625,0.0215625,0.0715625,0.0655625,0.0465625,0.0425625,0.0445625,0.0375625,0.0455625,0.0395625,0.0685625,0.0695625,0.0655625,0.0255625,0.0725625,0.0255625,0.0485625,0.0765625,0.0745625,0.0335625,0.0775625,0.0785625,0.0655625,0.084,0.089,0.0645625,0.0695625,0.0335625,0.0325625,0.0635625,0.0635625,0.0575625,0.0565625,0.0555625,0.0575625,0.082,0.084,117002.9135625,32.4143958333333,0.0864375
32:40:03,23,0.085,0.086,0.087,0.087,0.088,0.085,0.086,0.085,0.091,0.09,0.088,0.086,0.0595625,0.0655625,0.0595625,0.0445625,0.0355625,0.0345625,0.0395625,0.0415625,0.0375625,0.0645625,0.0645625,0.0575625,0.0525625,0.0745625,0.0625625,0.0515625,0.0395625,0.0415625,0.0385625,0.0405625,0.0345625,0.0645625,0.0625625,0.0605625,0.0525625,0.0695625,0.0635625,0.0515625,0.0445625,0.0415625,0.0375625,0.0435625,0.0375625,0.0785625,0.0685625,0.0625625,0.0255625,0.0755625,0.0705625,0.0485625,0.0465625,0.0405625,0.0385625,0.0445625,0.0395625,0.0655625,0.0635625,0.0565625,0.0215625,0.0715625,0.0655625,0.0465625,0.0425625,0.0445625,0.0375625,0.0455625,0.0395625,0.0685625,0.0695625,0.0665625,0.0255625,0.0725625,0.0255625,0.0475625,0.0755625,0.0745625,0.0335625,0.0765625,0.0785625,0.0655625,0.084,0.089,0.0645625,0.0695625,0.0335625,0.0325625,0.0635625,0.0635625,0.0575625,0.0565625,0.0555625,0.0575625,0.082,0.084,117602.9135625,32.5810625,0.0864375
32:50:03,23,0.085,0.086,0.087,0.087,0.088,0.085,0.086,0.085,0.091,0.09,0.088,0.086,0.0595625,0.0655625,0.0595625,0.0445625,0.0355625,0.0345625,0.0395625,0.0415625,0.0365625,0.0645625,0.0645625,0.0575625,0.0515625,0.0745625,0.0625625,0.0515625,0.0395625,0.0415625,0.0385625,0.0405625,0.0345625,0.0645625,0.0625625,0.0605625,0.0515625,0.0695625,0.0635625,0.0515625,0.0445625,0.0415625,0.0385625,0.0435625,0.0375625,0.0785625,0.0685625,0.0615625,0.0245625,0.0755625,0.0705625,0.0485625,0.0465625,0.0405625,0.0385625,0.0445625,0.0395625,0.0655625,0.0635625,0.0565625,0.0215625,0.0715625,0.0655625,0.0465625,0.0425625,0.0445625,0.0375625,0.0455625,0.0395625,0.0675625,0.0695625,0.0655625,0.0255625,0.0715625,0.0255625,0.0485625,0.0755625,0.0745625,0.0335625,0.0765625,0.0785625,0.0655625,0.084,0.089,0.0645625,0.0685625,0.0335625,0.0325625,0.0635625,0.0635625,0.0575625,0.0555625,0.0555625,0.0575625,0.082,0.084,118202.9135625,32.7477291666667,0.0864375
33:00:03,23,0.085,0.086,0.087,0.087,0.088,0.085,0.086,0.085,0.092,0.09,0.086,0.086,0.059625,0.064625,0.059625,0.044625,0.035625,0.034625,0.039625,0.041625,0.036625,0.064625,0.063625,0.057625,0.051625,0.074625,0.062625,0.051625,0.039625,0.041625,0.038625,0.040625,0.034625,0.064625,0.062625,0.060625,0.051625,0.068625,0.063625,0.051625,0.044625,0.041625,0.037625,0.043625,0.037625,0.078625,0.068625,0.061625,0.024625,0.074625,0.069625,0.049625,0.046625,0.040625,0.038625,0.044625,0.039625,0.065625,0.063625,0.055625,0.021625,0.071625,0.064625,0.046625,0.042625,0.044625,0.037625,0.045625,0.039625,0.067625,0.069625,0.065625,0.025625,0.071625,0.025625,0.048625,0.075625,0.073625,0.033625,0.076625,0.077625,0.065625,0.084,0.089,0.064625,0.068625,0.033625,0.032625,0.063625,0.062625,0.056625,0.056625,0.055625,0.057625,0.082,0.084,118802.913625,32.9144583333333,0.086375
33:10:03,23,0.085,0.086,0.087,0.087,0.088,0.085,0.086,0.085,0.091,0.09,0.086,0.086,0.0586875,0.0646875,0.0596875,0.0446875,0.0356875,0.0356875,0.0396875,0.0416875,0.0366875,0.0646875,0.0636875,0.0576875,0.0516875,0.0736875,0.0616875,0.0516875,0.0406875,0.0416875,0.0386875,0.0406875,0.0346875,0.0646875,0.0626875,0.0606875,0.0516875,0.0686875,0.0636875,0.0516875,0.0446875,0.0416875,0.0376875,0.0436875,0.0376875,0.0786875,0.0676875,0.0616875,0.0246875,0.0746875,0.0696875,0.0486875,0.0466875,0.0406875,0.0386875,0.0436875,0.0396875,0.0656875,0.0636875,0.0556875,0.0216875,0.0706875,0.0646875,0.0466875,0.0426875,0.0446875,0.0376875,0.0456875,0.0396875,0.0676875,0.0696875,0.0656875,0.0256875,0.0716875,0.0256875,0.0486875,0.0746875,0.0736875,0.0336875,0.0756875,0.0776875,0.0656875,0.084,0.089,0.0646875,0.0686875,0.0336875,0.0326875,0.0636875,0.0626875,0.0566875,0.0556875,0.0546875,0.0576875,0.082,0.084,119402.9136875,33.0811875,0.0863125
33:20:03,23,0.085,0.086,0.087,0.087,0.088,0.085,0.086,0.085,0.091,0.09,0.086,0.086,0.0586875,0.0646875,0.0596875,0.0446875,0.0356875,0.0356875,0.0396875,0.0416875,0.0366875,0.0646875,0.0636875,0.0576875,0.0506875,0.0736875,0.0616875,0.0516875,0.0396875,0.0416875,0.0386875,0.0406875,0.0346875,0.0646875,0.0616875,0.0606875,0.0516875,0.0686875,0.0636875,0.0516875,0.0446875,0.0416875,0.0376875,0.0436875,0.0376875,0.0786875,0.0676875,0.0616875,0.0246875,0.0746875,0.0696875,0.0486875,0.0466875,0.0406875,0.0386875,0.0446875,0.0396875,0.0656875,0.0636875,0.0556875,0.0216875,0.0706875,0.0646875,0.0466875,0.0426875,0.0446875,0.0376875,0.0456875,0.0396875,0.0676875,0.0696875,0.0656875,0.0256875,0.0716875,0.0256875,0.0486875,0.0746875,0.0736875,0.0336875,0.0756875,0.0776875,0.0656875,0.084,0.089,0.0646875,0.0686875,0.0326875,0.0326875,0.0636875,0.0626875,0.0566875,0.0556875,0.0546875,0.0576875,0.082,0.084,120002.9136875,33.2478541666667,0.0863125
33:30:03,23.1,0.085,0.086,0.087,0.087,0.088,0.085,0.086,0.085,0.092,0.09,0.086,0.086,0.058625,0.064625,0.059625,0.044625,0.035625,0.035625,0.039625,0.041625,0.036625,0.064625,0.063625,0.057625,0.050625,0.073625,0.061625,0.051625,0.039625,0.041625,0.038625,0.040625,0.034625,0.064625,0.061625,0.060625,0.051625,0.068625,0.062625,0.051625,0.044625,0.041625,0.037625,0.043625,0.037625,0.078625,0.067625,0.061625,0.024625,0.074625,0.069625,0.049625,0.046625,0.040625,0.038625,0.044625,0.039625,0.065625,0.062625,0.055625,0.021625,0.070625,0.064625,0.046625,0.042625,0.044625,0.037625,0.045625,0.038625,0.067625,0.069625,0.065625,0.025625,0.071625,0.025625,0.048625,0.074625,0.072625,0.033625,0.075625,0.076625,0.065625,0.084,0.089,0.064625,0.068625,0.032625,0.032625,0.063625,0.062625,0.056625,0.055625,0.054625,0.057625,0.082,0.084,120602.913625,33.4144583333333,0.086375
33:40:03,23.1,0.085,0.086,0.087,0.087,0.088,0.085,0.086,0.085,0.091,0.09,0.086,0.085,0.05875,0.06475,0.05975,0.04475,0.03575,0.03575,0.03975,0.04175,0.03675,0.06475,0.06375,0.05775,0.05075,0.07375,0.06175,0.05275,0.03975,0.04175,0.03875,0.04075,0.03475,0.06475,0.06175,0.06075,0.05175,0.06875,0.06275,0.05175,0.04475,0.04175,0.03775,0.04375,0.03775,0.07875,0.06775,0.06175,0.02475,0.07475,0.06975,0.04975,0.04675,0.04075,0.03875,0.04375,0.03975,0.06575,0.06375,0.05575,0.02175,0.07075,0.06375,0.04675,0.04275,0.04575,0.03775,0.04575,0.03975,0.06775,0.06975,0.06575,0.02575,0.07075,0.02575,0.04875,0.07375,0.07275,0.03375,0.07475,0.07675,0.06475,0.084,0.089,0.06375,0.06875,0.03375,0.03275,0.06275,0.06275,0.05675,0.05575,0.05475,0.05775,0.082,0.084,121202.91375,33.58125,0.08625
33:50:03,23.1,0.085,0.086,0.087,0.087,0.088,0.085,0.086,0.085,0.091,0.09,0.086,0.086,0.0586875,0.0636875,0.0586875,0.0446875,0.0356875,0.0356875,0.0396875,0.0416875,0.0366875,0.0646875,0.0636875,0.0576875,0.0506875,0.0736875,0.0616875,0.0526875,0.0406875,0.0416875,0.0386875,0.0406875,0.0346875,0.0646875,0.0616875,0.0596875,0.0506875,0.0686875,0.0626875,0.0516875,0.0446875,0.0426875,0.0376875,0.0436875,0.0376875,0.0786875,0.0676875,0.0606875,0.0246875,0.0736875,0.0686875,0.0496875,0.0466875,0.0406875,0.0386875,0.0436875,0.0396875,0.0656875,0.0626875,0.0556875,0.0216875,0.0706875,0.0636875,0.0466875,0.0426875,0.0456875,0.0376875,0.0456875,0.0386875,0.0676875,0.0696875,0.0656875,0.0256875,0.0706875,0.0256875,0.0486875,0.0736875,0.0726875,0.0336875,0.0746875,0.0766875,0.0646875,0.084,0.089,0.0646875,0.0686875,0.0336875,0.0326875,0.0636875,0.0626875,0.0566875,0.0556875,0.0546875,0.0576875,0.082,0.084,121802.9136875,33.7478541666667,0.0863125
34:00:03,23.1,0.085,0.086,0.087,0.087,0.088,0.085,0.086,0.085,0.091,0.09,0.086,0.086,0.0586875,0.0636875,0.0586875,0.0446875,0.0356875,0.0356875,0.0396875,0.0416875,0.0366875,0.0646875,0.0636875,0.0566875,0.0496875,0.0736875,0.0606875,0.0526875,0.0396875,0.0416875,0.0386875,0.0406875,0.0346875,0.0646875,0.0616875,0.0606875,0.0516875,0.0676875,0.0626875,0.0516875,0.0446875,0.0426875,0.0376875,0.0436875,0.0376875,0.0786875,0.0676875,0.0606875,0.0246875,0.0736875,0.0686875,0.0496875,0.0466875,0.0406875,0.0386875,0.0436875,0.0396875,0.0656875,0.0626875,0.0556875,0.0216875,0.0696875,0.0636875,0.0466875,0.0426875,0.0456875,0.0376875,0.0456875,0.0386875,0.0676875,0.0696875,0.0656875,0.0256875,0.0706875,0.0256875,0.0486875,0.0736875,0.0716875,0.0336875,0.0746875,0.0766875,0.0646875,0.084,0.089,0.0636875,0.0686875,0.0326875,0.0326875,0.0626875,0.0626875,0.0566875,0.0556875,0.0546875,0.0576875,0.082,0.084,122402.9136875,33.9145208333333,0.0863125
34:10:03,23.1,0.085,0.086,0.087,0.087,0.088,0.085,0.086,0.085,0.091,0.09,0.086,0.085,0.05875,0.06375,0.05875,0.04475,0.03575,0.03575,0.03975,0.04175,0.03675,0.06475,0.06375,0.05675,0.04975,0.07275,0.06075,0.05275,0.04075,0.04175,0.03875,0.04075,0.03475,0.06475,0.06175,0.05975,0.05075,0.06775,0.06275,0.05175,0.04475,0.04275,0.03775,0.04375,0.03775,0.07875,0.06775,0.06075,0.02475,0.07375,0.06875,0.04975,0.04675,0.04075,0.03875,0.04375,0.03975,0.06575,0.06275,0.05575,0.02175,0.06975,0.06375,0.04675,0.04275,0.04575,0.03775,0.04575,0.03875,0.06775,0.06975,0.06575,0.02575,0.07075,0.02575,0.04875,0.07275,0.07175,0.03275,0.07375,0.07575,0.06475,0.084,0.089,0.06375,0.06875,0.03275,0.03275,0.06275,0.06275,0.05675,0.05575,0.05475,0.05675,0.082,0.084,123002.91375,34.08125,0.08625
34:20:03,23.1,0.085,0.086,0.087,0.087,0.088,0.085,0.086,0.085,0.092,0.09,0.086,0.085,0.0586875,0.0636875,0.0586875,0.0446875,0.0356875,0.0356875,0.0396875,0.0416875,0.0366875,0.0646875,0.0636875,0.0576875,0.0496875,0.0726875,0.0606875,0.0526875,0.0406875,0.0416875,0.0386875,0.0406875,0.0346875,0.0646875,0.0616875,0.0596875,0.0506875,0.0676875,0.0626875,0.0516875,0.0456875,0.0426875,0.0376875,0.0436875,0.0376875,0.0786875,0.0676875,0.0606875,0.0246875,0.0736875,0.0686875,0.0496875,0.0476875,0.0406875,0.0386875,0.0436875,0.0396875,0.0646875,0.0626875,0.0556875,0.0216875,0.0696875,0.0636875,0.0476875,0.0426875,0.0456875,0.0376875,0.0456875,0.0386875,0.0676875,0.0696875,0.0656875,0.0256875,0.0696875,0.0256875,0.0486875,0.0726875,0.0716875,0.0326875,0.0736875,0.0756875,0.0646875,0.084,0.089,0.0636875,0.0686875,0.0326875,0.0326875,0.0626875,0.0626875,0.0566875,0.0556875,0.0546875,0.0566875,0.082,0.084,123602.9136875,34.2478541666667,0.0863125
34:30:03,23.1,0.085,0.086,0.087,0.087,0.088,0.085,0.086,0.085,0.091,0.09,0.086,0.085,0.05875,0.06375,0.05875,0.04575,0.03575,0.03575,0.03875,0.04175,0.03675,0.06475,0.06375,0.05675,0.04975,0.07275,0.06075,0.05275,0.04075,0.04175,0.03875,0.03975,0.03475,0.06475,0.06175,0.05975,0.05075,0.06775,0.06175,0.05175,0.04575,0.04275,0.03775,0.04375,0.03775,0.07775,0.06775,0.06075,0.02475,0.07375,0.06875,0.04975,0.04675,0.04075,0.03875,0.04475,0.03975,0.06475,0.06275,0.05575,0.02175,0.06975,0.06375,0.04775,0.04275,0.04575,0.03775,0.04575,0.03875,0.06675,0.06975,0.06575,0.02575,0.06975,0.02575,0.04875,0.07275,0.07175,0.03275,0.07375,0.07575,0.06475,0.084,0.089,0.06375,0.06875,0.03275,0.03275,0.06275,0.06275,0.05675,0.05575,0.05475,0.05675,0.082,0.084,124202.91375,34.4145833333333,0.08625
34:40:03,23.1,0.085,0.086,0.087,0.087,0.088,0.085,0.086,0.085,0.092,0.09,0.087,0.085,0.057625,0.063625,0.058625,0.045625,0.035625,0.035625,0.038625,0.041625,0.036625,0.064625,0.063625,0.056625,0.049625,0.072625,0.060625,0.052625,0.040625,0.041625,0.038625,0.040625,0.034625,0.064625,0.061625,0.059625,0.050625,0.067625,0.061625,0.052625,0.045625,0.042625,0.037625,0.043625,0.037625,0.077625,0.066625,0.060625,0.024625,0.073625,0.067625,0.049625,0.047625,0.040625,0.038625,0.043625,0.039625,0.064625,0.062625,0.055625,0.021625,0.069625,0.063625,0.047625,0.042625,0.045625,0.037625,0.045625,0.038625,0.066625,0.068625,0.065625,0.025625,0.069625,0.025625,0.048625,0.072625,0.071625,0.032625,0.073625,0.075625,0.064625,0.084,0.089,0.063625,0.068625,0.032625,0.032625,0.062625,0.062625,0.056625,0.055625,0.054625,0.056625,0.082,0.084,124802.913625,34.581125,0.086375
34:50:03,23.1,0.085,0.086,0.087,0.087,0.088,0.085,0.086,0.085,0.092,0.09,0.087,0.085,0.058625,0.063625,0.058625,0.045625,0.035625,0.035625,0.038625,0.041625,0.036625,0.064625,0.063625,0.057625,0.049625,0.072625,0.060625,0.052625,0.040625,0.042625,0.038625,0.040625,0.034625,0.063625,0.061625,0.060625,0.050625,0.067625,0.061625,0.052625,0.045625,0.042625,0.037625,0.043625,0.037625,0.077625,0.066625,0.060625,0.024625,0.073625,0.067625,0.049625,0.047625,0.040625,0.037625,0.043625,0.039625,0.064625,0.062625,0.055625,0.021625,0.069625,0.062625,0.047625,0.042625,0.045625,0.037625,0.045625,0.038625,0.066625,0.068625,0.065625,0.025625,0.069625,0.025625,0.048625,0.071625,0.070625,0.032625,0.073625,0.074625,0.064625,0.084,0.089,0.063625,0.068625,0.032625,0.032625,0.062625,0.062625,0.056625,0.055625,0.054625,0.056625,0.082,0.084,125402.913625,34.7477916666667,0.086375
35:00:03,23.1,0.085,0.086,0.087,0.087,0.088,0.085,0.086,0.085,0.091,0.09,0.086,0.085,0.05775,0.06375,0.05875,0.04575,0.03575,0.03575,0.03875,0.04175,0.03675,0.06475,0.06375,0.05675,0.04875,0.07275,0.06075,0.05275,0.04075,0.04275,0.03875,0.04075,0.03475,0.06375,0.06175,0.06075,0.05075,0.06775,0.06175,0.05275,0.04575,0.04275,0.03775,0.04375,0.03775,0.07775,0.06675,0.06075,0.02475,0.07275,0.06775,0.04975,0.04775,0.04175,0.03875,0.04375,0.03975,0.06475,0.06275,0.05575,0.02175,0.06875,0.06275,0.04775,0.04275,0.04575,0.03775,0.04575,0.03875,0.06675,0.06875,0.06575,0.02575,0.06975,0.02575,0.04875,0.07175,0.07075,0.03275,0.07275,0.07475,0.06475,0.084,0.089,0.06375,0.06875,0.03275,0.03275,0.06275,0.06275,0.05675,0.05575,0.05475,0.05675,0.082,0.084,126002.91375,34.9145833333333,0.08625
35:10:03,23.2,0.085,0.086,0.087,0.087,0.088,0.085,0.086,0.085,0.091,0.09,0.087,0.085,0.0576875,0.0626875,0.0586875,0.0456875,0.0366875,0.0356875,0.0386875,0.0416875,0.0366875,0.0646875,0.0636875,0.0566875,0.0486875,0.0726875,0.0606875,0.0526875,0.0406875,0.0426875,0.0386875,0.0406875,0.0346875,0.0636875,0.0606875,0.0596875,0.0506875,0.0666875,0.0616875,0.0526875,0.0456875,0.0426875,0.0376875,0.0436875,0.0376875,0.0776875,0.0666875,0.0606875,0.0246875,0.0726875,0.0676875,0.0496875,0.0476875,0.0416875,0.0376875,0.0446875,0.0396875,0.0646875,0.0626875,0.0556875,0.0216875,0.0686875,0.0626875,0.0476875,0.0426875,0.0466875,0.0366875,0.0456875,0.0386875,0.0666875,0.0686875,0.0656875,0.0256875,0.0696875,0.0256875,0.0486875,0.0716875,0.0706875,0.0326875,0.0726875,0.0746875,0.0646875,0.084,0.089,0.0636875,0.0686875,0.0326875,0.0326875,0.0626875,0.0616875,0.0566875,0.0556875,0.0546875,0.0566875,0.082,0.084,126602.9136875,35.0811875,0.0863125
35:20:03,23.1,0.085,0.086,0.087,0.087,0.088,0.085,0.086,0.085,0.092,0.09,0.086,0.085,0.0576875,0.0626875,0.0586875,0.0456875,0.0366875,0.0356875,0.0386875,0.0416875,0.0366875,0.0636875,0.0636875,0.0566875,0.0486875,0.0716875,0.0596875,0.0526875,0.0406875,0.0426875,0.0386875,0.0406875,0.0346875,0.0636875,0.0606875,0.0606875,0.0506875,0.0666875,0.0616875,0.0526875,0.0456875,0.0426875,0.0376875,0.0436875,0.0376875,0.0776875,0.0666875,0.0606875,0.0246875,0.0726875,0.0676875,0.0496875,0.0476875,0.0416875,0.0376875,0.0436875,0.0396875,0.0646875,0.0626875,0.0556875,0.0216875,0.0686875,0.0626875,0.0476875,0.0436875,0.0466875,0.0366875,0.0446875,0.0386875,0.0666875,0.0686875,0.0656875,0.0256875,0.0696875,0.0246875,0.0486875,0.0706875,0.0706875,0.0326875,0.0726875,0.0746875,0.0646875,0.084,0.089,0.0636875,0.0686875,0.0326875,0.0326875,0.0626875,0.0616875,0.0566875,0.0556875,0.0546875,0.0566875,0.082,0.084,127202.9136875,35.2478541666667,0.0863125
35:30:03,23.1,0.085,0.086,0.087,0.087,0.088,0.085,0.086,0.085,0.091,0.09,0.086,0.085,0.05775,0.06275,0.05875,0.04575,0.03675,0.03575,0.03875,0.04175,0.03675,0.06475,0.06375,0.05775,0.04875,0.07175,0.05975,0.05275,0.04075,0.04275,0.03875,0.04075,0.03475,0.06375,0.06075,0.06075,0.04975,0.06675,0.06175,0.05275,0.04575,0.04275,0.03775,0.04375,0.03775,0.07775,0.06675,0.06075,0.02475,0.07275,0.06775,0.04975,0.04775,0.04175,0.03775,0.04375,0.03975,0.06475,0.06175,0.05575,0.02175,0.06875,0.06275,0.04775,0.04375,0.04675,0.03675,0.04475,0.03875,0.06675,0.06875,0.06575,0.02575,0.06875,0.02475,0.04875,0.07075,0.06975,0.03275,0.07275,0.07375,0.06475,0.084,0.089,0.06375,0.06875,0.03275,0.03275,0.06275,0.06175,0.05675,0.05575,0.05475,0.05675,0.082,0.084,127802.91375,35.4145833333333,0.08625
35:40:03,23.2,0.085,0.086,0.087,0.087,0.088,0.085,0.086,0.085,0.091,0.09,0.086,0.085,0.0576875,0.0626875,0.0586875,0.0456875,0.0366875,0.0366875,0.0386875,0.0416875,0.0366875,0.0646875,0.0636875,0.0576875,0.0486875,0.0716875,0.0596875,0.0526875,0.0406875,0.0426875,0.0386875,0.0406875,0.0346875,0.0636875,0.0616875,0.0606875,0.0496875,0.0666875,0.0616875,0.0526875,0.0456875,0.0436875,0.0376875,0.0436875,0.0376875,0.0776875,0.0666875,0.0606875,0.0246875,0.0726875,0.0676875,0.0496875,0.0476875,0.0416875,0.0376875,0.0446875,0.0396875,0.0646875,0.0616875,0.0556875,0.0206875,0.0686875,0.0626875,0.0476875,0.0436875,0.0466875,0.0366875,0.0446875,0.0386875,0.0666875,0.0686875,0.0656875,0.0256875,0.0686875,0.0246875,0.0486875,0.0706875,0.0696875,0.0326875,0.0716875,0.0736875,0.0646875,0.084,0.09,0.0636875,0.0686875,0.0326875,0.0326875,0.0626875,0.0616875,0.0566875,0.0556875,0.0546875,0.0566875,0.082,0.084,128402.9136875,35.5811875,0.0863125
35:50:03,23.2,0.085,0.086,0.086,0.087,0.088,0.085,0.086,0.085,0.091,0.09,0.086,0.085,0.0578125,0.0628125,0.0588125,0.0458125,0.0368125,0.0358125,0.0388125,0.0418125,0.0368125,0.0648125,0.0638125,0.0568125,0.0488125,0.0718125,0.0598125,0.0538125,0.0408125,0.0428125,0.0388125,0.0408125,0.0348125,0.0638125,0.0608125,0.0598125,0.0498125,0.0668125,0.0608125,0.0528125,0.0458125,0.0438125,0.0378125,0.0438125,0.0378125,0.0778125,0.0668125,0.0608125,0.0248125,0.0728125,0.0678125,0.0498125,0.0488125,0.0418125,0.0388125,0.0438125,0.0398125,0.0648125,0.0618125,0.0558125,0.0208125,0.0678125,0.0628125,0.0478125,0.0438125,0.0468125,0.0368125,0.0448125,0.0388125,0.0668125,0.0688125,0.0658125,0.0258125,0.0688125,0.0248125,0.0488125,0.0708125,0.0698125,0.0328125,0.0718125,0.0738125,0.0648125,0.084,0.089,0.0638125,0.0688125,0.0328125,0.0328125,0.0618125,0.0618125,0.0568125,0.0558125,0.0548125,0.0568125,0.082,0.084,129002.9138125,35.7479791666667,0.0861875
36:00:03,23.2,0.085,0.086,0.087,0.087,0.088,0.085,0.086,0.085,0.092,0.09,0.087,0.085,0.057625,0.062625,0.058625,0.045625,0.036625,0.036625,0.039625,0.041625,0.036625,0.064625,0.063625,0.057625,0.047625,0.071625,0.059625,0.053625,0.040625,0.042625,0.038625,0.040625,0.034625,0.063625,0.060625,0.060625,0.049625,0.066625,0.060625,0.052625,0.045625,0.043625,0.037625,0.043625,0.037625,0.077625,0.066625,0.060625,0.024625,0.072625,0.066625,0.049625,0.048625,0.041625,0.037625,0.044625,0.039625,0.064625,0.061625,0.055625,0.020625,0.067625,0.061625,0.047625,0.043625,0.046625,0.036625,0.044625,0.038625,0.066625,0.068625,0.065625,0.025625,0.068625,0.024625,0.048625,0.070625,0.069625,0.032625,0.071625,0.073625,0.064625,0.084,0.089,0.063625,0.068625,0.032625,0.032625,0.062625,0.061625,0.056625,0.055625,0.054625,0.056625,0.082,0.084,129602.913625,35.9144583333333,0.086375
36:10:03,23.2,0.085,0.086,0.087,0.087,0.088,0.085,0.086,0.085,0.091,0.09,0.087,0.085,0.0576875,0.0626875,0.0576875,0.0456875,0.0366875,0.0366875,0.0396875,0.0416875,0.0366875,0.0646875,0.0636875,0.0576875,0.0476875,0.0716875,0.0596875,0.0536875,0.0406875,0.0426875,0.0386875,0.0406875,0.0346875,0.0636875,0.0606875,0.0606875,0.0496875,0.0656875,0.0606875,0.0526875,0.0456875,0.0436875,0.0376875,0.0436875,0.0376875,0.0776875,0.0666875,0.0606875,0.0246875,0.0716875,0.0666875,0.0496875,0.0486875,0.0416875,0.0386875,0.0446875,0.0396875,0.0646875,0.0616875,0.0556875,0.0206875,0.0676875,0.0616875,0.0476875,0.0436875,0.0466875,0.0366875,0.0446875,0.0386875,0.0666875,0.0686875,0.0656875,0.0256875,0.0686875,0.0246875,0.0486875,0.0706875,0.0696875,0.0326875,0.0716875,0.0736875,0.0646875,0.084,0.089,0.0626875,0.0686875,0.0326875,0.0326875,0.0616875,0.0616875,0.0566875,0.0556875,0.0546875,0.0566875,0.082,0.084,130202.9136875,36.0811875,0.0863125
36:20:03,23.3,0.085,0.086,0.087,0.087,0.088,0.085,0.086,0.085,0.091,0.09,0.086,0.085,0.05775,0.06275,0.05775,0.04575,0.03675,0.03675,0.03875,0.04175,0.03675,0.06475,0.06375,0.05775,0.04775,0.07175,0.05975,0.05375,0.04075,0.04275,0.03875,0.04075,0.03475,0.06375,0.06075,0.06075,0.04975,0.06575,0.06075,0.05275,0.04575,0.04375,0.03775,0.04375,0.03775,0.07775,0.06675,0.06075,0.02475,0.07175,0.06675,0.05075,0.04875,0.04175,0.03775,0.04475,0.03975,0.06475,0.06175,0.05575,0.02075,0.06775,0.06175,0.04775,0.04375,0.04675,0.03675,0.04475,0.03875,0.06575,0.06875,0.06575,0.02575,0.06775,0.02475,0.04875,0.06975,0.06875,0.03175,0.07175,0.07275,0.06475,0.084,0.089,0.06375,0.06775,0.03275,0.03175,0.06175,0.06175,0.05575,0.05575,0.05475,0.05675,0.082,0.084,130802.91375,36.2479166666667,0.08625
36:30:03,23.3,0.085,0.086,0.087,0.087,0.088,0.085,0.086,0.085,0.092,0.09,0.087,0.085,0.057625,0.062625,0.057625,0.045625,0.036625,0.036625,0.039625,0.041625,0.036625,0.064625,0.063625,0.057625,0.047625,0.070625,0.059625,0.053625,0.040625,0.042625,0.038625,0.040625,0.034625,0.063625,0.060625,0.060625,0.049625,0.065625,0.060625,0.052625,0.046625,0.043625,0.037625,0.043625,0.037625,0.077625,0.065625,0.060625,0.024625,0.071625,0.066625,0.050625,0.048625,0.042625,0.038625,0.044625,0.039625,0.064625,0.061625,0.055625,0.020625,0.067625,0.061625,0.047625,0.043625,0.046625,0.036625,0.044625,0.038625,0.066625,0.068625,0.065625,0.025625,0.067625,0.024625,0.048625,0.069625,0.068625,0.031625,0.071625,0.072625,0.064625,0.084,0.089,0.063625,0.067625,0.032625,0.031625,0.061625,0.061625,0.056625,0.055625,0.054625,0.056625,0.082,0.084,131402.913625,36.4144583333333,0.086375
36:40:03,23.3,0.085,0.086,0.087,0.086,0.088,0.085,0.086,0.085,0.091,0.09,0.086,0.085,0.0568125,0.0618125,0.0578125,0.0458125,0.0368125,0.0368125,0.0398125,0.0418125,0.0368125,0.0648125,0.0638125,0.0578125,0.0478125,0.0708125,0.0598125,0.0538125,0.0408125,0.0428125,0.0388125,0.0408125,0.0348125,0.0638125,0.0608125,0.0598125,0.0488125,0.0658125,0.0608125,0.0528125,0.0468125,0.0438125,0.0378125,0.0438125,0.0378125,0.0778125,0.0658125,0.0608125,0.0248125,0.0718125,0.0668125,0.0498125,0.0488125,0.0428125,0.0378125,0.0448125,0.0398125,0.0648125,0.0618125,0.0558125,0.0208125,0.0678125,0.0618125,0.0478125,0.0438125,0.0468125,0.0368125,0.0448125,0.0388125,0.0668125,0.0688125,0.0658125,0.0258125,0.0678125,0.0248125,0.0488125,0.0698125,0.0688125,0.0318125,0.0708125,0.0728125,0.0648125,0.084,0.089,0.0638125,0.0678125,0.0328125,0.0318125,0.0618125,0.0618125,0.0568125,0.0558125,0.0548125,0.0568125,0.082,0.084,132002.9138125,36.5813125,0.0861875
36:50:03,23.4,0.085,0.086,0.087,0.087,0.088,0.085,0.086,0.085,0.092,0.09,0.087,0.085,0.056625,0.061625,0.057625,0.045625,0.036625,0.036625,0.039625,0.041625,0.036625,0.064625,0.063625,0.057625,0.047625,0.070625,0.059625,0.053625,0.041625,0.043625,0.038625,0.040625,0.035625,0.063625,0.060625,0.059625,0.048625,0.065625,0.060625,0.052625,0.046625,0.043625,0.037625,0.043625,0.037625,0.077625,0.065625,0.060625,0.024625,0.070625,0.066625,0.050625,0.048625,0.042625,0.037625,0.044625,0.039625,0.064625,0.061625,0.055625,0.020625,0.066625,0.061625,0.047625,0.043625,0.047625,0.036625,0.044625,0.038625,0.066625,0.068625,0.065625,0.025625,0.066625,0.024625,0.048625,0.069625,0.068625,0.031625,0.070625,0.072625,0.064625,0.084,0.089,0.062625,0.068625,0.032625,0.031625,0.061625,0.061625,0.056625,0.055625,0.054625,0.056625,0.082,0.084,132602.913625,36.7477916666667,0.086375
37:00:03,23.4,0.085,0.086,0.087,0.087,0.088,0.085,0.086,0.085,0.091,0.09,0.087,0.085,0.0566875,0.0616875,0.0576875,0.0456875,0.0366875,0.0366875,0.0396875,0.0416875,0.0366875,0.0646875,0.0636875,0.0576875,0.0476875,0.0706875,0.0586875,0.0536875,0.0416875,0.0436875,0.0386875,0.0406875,0.0346875,0.0636875,0.0606875,0.0596875,0.0486875,0.0646875,0.0596875,0.0526875,0.0466875,0.0436875,0.0376875,0.0436875,0.0376875,0.0766875,0.0656875,0.0606875,0.0246875,0.0706875,0.0656875,0.0506875,0.0486875,0.0426875,0.0376875,0.0446875,0.0396875,0.0636875,0.0616875,0.0546875,0.0206875,0.0666875,0.0606875,0.0476875,0.0436875,0.0476875,0.0366875,0.0446875,0.0386875,0.0656875,0.0676875,0.0656875,0.0246875,0.0666875,0.0246875,0.0486875,0.0686875,0.0686875,0.0316875,0.0706875,0.0726875,0.0646875,0.084,0.089,0.0636875,0.0676875,0.0326875,0.0316875,0.0616875,0.0616875,0.0556875,0.0556875,0.0546875,0.0566875,0.082,0.084,133202.9136875,36.9145208333333,0.0863125
37:10:03,23.4,0.085,0.086,0.086,0.087,0.088,0.085,0.086,0.085,0.091,0.09,0.086,0.085,0.0568125,0.0618125,0.0578125,0.0458125,0.0368125,0.0368125,0.0398125,0.0418125,0.0368125,0.0648125,0.0638125,0.0578125,0.0478125,0.0708125,0.0588125,0.0538125,0.0418125,0.0438125,0.0388125,0.0408125,0.0348125,0.0638125,0.0608125,0.0598125,0.0488125,0.0648125,0.0598125,0.0528125,0.0468125,0.0438125,0.0378125,0.0438125,0.0378125,0.0778125,0.0658125,0.0608125,0.0248125,0.0708125,0.0658125,0.0508125,0.0488125,0.0428125,0.0378125,0.0448125,0.0398125,0.0638125,0.0608125,0.0558125,0.0208125,0.0668125,0.0608125,0.0478125,0.0438125,0.0478125,0.0368125,0.0448125,0.0388125,0.0658125,0.0678125,0.0658125,0.0248125,0.0668125,0.0248125,0.0488125,0.0688125,0.0678125,0.0318125,0.0708125,0.0728125,0.0648125,0.084,0.089,0.0628125,0.0678125,0.0328125,0.0318125,0.0618125,0.0618125,0.0558125,0.0558125,0.0548125,0.0568125,0.082,0.084,133802.9138125,37.0813125,0.0861875
37:20:03,23.5,0.085,0.086,0.087,0.087,0.088,0.085,0.086,0.085,0.091,0.09,0.087,0.085,0.0566875,0.0616875,0.0576875,0.0456875,0.0366875,0.0366875,0.0386875,0.0416875,0.0366875,0.0646875,0.0636875,0.0576875,0.0476875,0.0706875,0.0586875,0.0536875,0.0416875,0.0436875,0.0386875,0.0396875,0.0346875,0.0636875,0.0596875,0.0596875,0.0486875,0.0646875,0.0596875,0.0536875,0.0466875,0.0436875,0.0376875,0.0436875,0.0376875,0.0776875,0.0656875,0.0606875,0.0246875,0.0706875,0.0656875,0.0506875,0.0486875,0.0426875,0.0376875,0.0446875,0.0396875,0.0636875,0.0606875,0.0556875,0.0206875,0.0666875,0.0606875,0.0476875,0.0446875,0.0476875,0.0366875,0.0446875,0.0386875,0.0656875,0.0676875,0.0656875,0.0246875,0.0666875,0.0246875,0.0496875,0.0686875,0.0676875,0.0316875,0.0706875,0.0716875,0.0646875,0.084,0.089,0.0636875,0.0676875,0.0326875,0.0316875,0.0616875,0.0616875,0.0566875,0.0556875,0.0546875,0.0566875,0.082,0.084,134402.9136875,37.2478541666667,0.0863125
37:30:03,23.5,0.085,0.086,0.087,0.087,0.088,0.085,0.086,0.085,0.091,0.09,0.087,0.085,0.0566875,0.0616875,0.0576875,0.0456875,0.0366875,0.0366875,0.0386875,0.0416875,0.0366875,0.0646875,0.0636875,0.0576875,0.0476875,0.0706875,0.0586875,0.0536875,0.0416875,0.0436875,0.0386875,0.0406875,0.0356875,0.0636875,0.0596875,0.0596875,0.0486875,0.0646875,0.0596875,0.0536875,0.0466875,0.0436875,0.0376875,0.0436875,0.0376875,0.0766875,0.0656875,0.0606875,0.0246875,0.0706875,0.0656875,0.0506875,0.0486875,0.0426875,0.0376875,0.0446875,0.0396875,0.0636875,0.0606875,0.0546875,0.0206875,0.0666875,0.0606875,0.0486875,0.0446875,0.0476875,0.0366875,0.0446875,0.0386875,0.0656875,0.0676875,0.0656875,0.0246875,0.0666875,0.0246875,0.0496875,0.0686875,0.0676875,0.0316875,0.0696875,0.0716875,0.0646875,0.084,0.089,0.0636875,0.0676875,0.0326875,0.0316875,0.0616875,0.0616875,0.0566875,0.0556875,0.0546875,0.0566875,0.082,0.084,135002.9136875,37.4145208333333,0.0863125
37:40:03,23.5,0.085,0.086,0.086,0.087,0.088,0.085,0.086,0.085,0.091,0.09,0.086,0.085,0.0568125,0.0618125,0.0578125,0.0458125,0.0368125,0.0368125,0.0388125,0.0408125,0.0368125,0.0648125,0.0638125,0.0578125,0.0468125,0.0708125,0.0588125,0.0538125,0.0418125,0.0438125,0.0388125,0.0408125,0.0358125,0.0638125,0.0598125,0.0598125,0.0488125,0.0648125,0.0598125,0.0538125,0.0468125,0.0448125,0.0378125,0.0438125,0.0378125,0.0778125,0.0658125,0.0608125,0.0248125,0.0708125,0.0658125,0.0508125,0.0488125,0.0428125,0.0378125,0.0448125,0.0398125,0.0638125,0.0608125,0.0548125,0.0208125,0.0668125,0.0608125,0.0488125,0.0448125,0.0478125,0.0368125,0.0448125,0.0388125,0.0658125,0.0678125,0.0658125,0.0248125,0.0668125,0.0248125,0.0498125,0.0678125,0.0678125,0.0318125,0.0698125,0.0718125,0.0648125,0.084,0.089,0.0628125,0.0678125,0.0328125,0.0318125,0.0618125,0.0608125,0.0568125,0.0558125,0.0548125,0.0558125,0.082,0.084,135602.9138125,37.5813125,0.0861875
37:50:03,23.5,0.085,0.086,0.087,0.087,0.088,0.085,0.086,0.085,0.092,0.09,0.087,0.085,0.056625,0.061625,0.057625,0.046625,0.036625,0.036625,0.039625,0.040625,0.036625,0.064625,0.063625,0.057625,0.047625,0.069625,0.058625,0.053625,0.041625,0.043625,0.038625,0.040625,0.035625,0.063625,0.059625,0.060625,0.048625,0.064625,0.059625,0.053625,0.046625,0.044625,0.037625,0.043625,0.037625,0.077625,0.065625,0.060625,0.024625,0.070625,0.065625,0.050625,0.048625,0.042625,0.037625,0.043625,0.039625,0.063625,0.060625,0.054625,0.020625,0.066625,0.060625,0.048625,0.044625,0.047625,0.036625,0.044625,0.038625,0.065625,0.067625,0.065625,0.024625,0.066625,0.024625,0.049625,0.067625,0.067625,0.031625,0.069625,0.071625,0.064625,0.084,0.089,0.062625,0.067625,0.032625,0.031625,0.061625,0.060625,0.056625,0.055625,0.054625,0.055625,0.082,0.084,136202.913625,37.7477916666667,0.086375
38:00:03,23.5,0.085,0.086,0.087,0.087,0.088,0.085,0.086,0.085,0.092,0.09,0.087,0.085,0.0565625,0.0615625,0.0575625,0.0465625,0.0365625,0.0365625,0.0385625,0.0405625,0.0355625,0.0645625,0.0635625,0.0575625,0.0475625,0.0695625,0.0585625,0.0535625,0.0415625,0.0435625,0.0385625,0.0405625,0.0345625,0.0635625,0.0595625,0.0595625,0.0485625,0.0645625,0.0595625,0.0535625,0.0465625,0.0445625,0.0375625,0.0435625,0.0375625,0.0775625,0.0645625,0.0605625,0.0245625,0.0705625,0.0655625,0.0505625,0.0485625,0.0425625,0.0375625,0.0435625,0.0395625,0.0635625,0.0605625,0.0545625,0.0205625,0.0655625,0.0605625,0.0485625,0.0445625,0.0485625,0.0365625,0.0445625,0.0385625,0.0655625,0.0675625,0.0655625,0.0245625,0.0655625,0.0245625,0.0495625,0.0675625,0.0675625,0.0315625,0.0695625,0.0715625,0.0645625,0.084,0.09,0.0625625,0.0675625,0.0325625,0.0315625,0.0615625,0.0605625,0.0555625,0.0555625,0.0545625,0.0555625,0.082,0.084,136802.9135625,37.9143958333333,0.0864375
38:10:03,23.6,0.085,0.086,0.087,0.087,0.088,0.085,0.086,0.085,0.091,0.09,0.086,0.085,0.0566875,0.0616875,0.0576875,0.0466875,0.0376875,0.0376875,0.0386875,0.0406875,0.0356875,0.0646875,0.0636875,0.0576875,0.0466875,0.0696875,0.0586875,0.0536875,0.0416875,0.0436875,0.0376875,0.0406875,0.0346875,0.0636875,0.0596875,0.0596875,0.0486875,0.0646875,0.0596875,0.0536875,0.0466875,0.0446875,0.0376875,0.0436875,0.0376875,0.0776875,0.0646875,0.0606875,0.0246875,0.0696875,0.0656875,0.0506875,0.0486875,0.0436875,0.0376875,0.0436875,0.0396875,0.0636875,0.0606875,0.0546875,0.0206875,0.0656875,0.0596875,0.0486875,0.0446875,0.0486875,0.0366875,0.0446875,0.0386875,0.0656875,0.0676875,0.0656875,0.0246875,0.0656875,0.0246875,0.0496875,0.0676875,0.0666875,0.0316875,0.0696875,0.0716875,0.0646875,0.084,0.09,0.0626875,0.0676875,0.0326875,0.0316875,0.0616875,0.0606875,0.0556875,0.0556875,0.0546875,0.0556875,0.082,0.084,137402.9136875,38.0811875,0.0863125
38:20:03,23.6,0.085,0.086,0.087,0.087,0.088,0.085,0.086,0.085,0.092,0.09,0.087,0.085,0.0565625,0.0615625,0.0575625,0.0465625,0.0375625,0.0375625,0.0395625,0.0405625,0.0355625,0.0645625,0.0635625,0.0575625,0.0465625,0.0695625,0.0585625,0.0545625,0.0415625,0.0445625,0.0385625,0.0405625,0.0345625,0.0635625,0.0595625,0.0595625,0.0485625,0.0645625,0.0595625,0.0535625,0.0465625,0.0445625,0.0375625,0.0435625,0.0365625,0.0765625,0.0645625,0.0605625,0.0245625,0.0705625,0.0645625,0.0505625,0.0485625,0.0435625,0.0375625,0.0435625,0.0395625,0.0635625,0.0605625,0.0545625,0.0205625,0.0655625,0.0595625,0.0485625,0.0445625,0.0485625,0.0365625,0.0445625,0.0385625,0.0655625,0.0675625,0.0655625,0.0245625,0.0655625,0.0245625,0.0495625,0.0675625,0.0665625,0.0315625,0.0695625,0.0705625,0.0645625,0.084,0.09,0.0625625,0.0675625,0.0325625,0.0315625,0.0605625,0.0605625,0.0555625,0.0555625,0.0545625,0.0555625,0.082,0.084,138002.9135625,38.2477291666667,0.0864375
38:30:03,23.6,0.085,0.086,0.087,0.087,0.088,0.085,0.086,0.085,0.092,0.09,0.087,0.085,0.0565625,0.0615625,0.0575625,0.0465625,0.0375625,0.0365625,0.0395625,0.0405625,0.0355625,0.0645625,0.0635625,0.0565625,0.0465625,0.0695625,0.0585625,0.0545625,0.0415625,0.0445625,0.0375625,0.0405625,0.0345625,0.0635625,0.0595625,0.0595625,0.0475625,0.0635625,0.0585625,0.0535625,0.0465625,0.0445625,0.0375625,0.0435625,0.0375625,0.0765625,0.0645625,0.0605625,0.0235625,0.0695625,0.0655625,0.0505625,0.0485625,0.0435625,0.0375625,0.0435625,0.0395625,0.0625625,0.0605625,0.0545625,0.0205625,0.0655625,0.0595625,0.0485625,0.0445625,0.0485625,0.0365625,0.0445625,0.0385625,0.0655625,0.0675625,0.0655625,0.0245625,0.0655625,0.0245625,0.0495625,0.0675625,0.0665625,0.0315625,0.0685625,0.0705625,0.0635625,0.084,0.09,0.0625625,0.0675625,0.0325625,0.0315625,0.0615625,0.0605625,0.0555625,0.0555625,0.0545625,0.0555625,0.082,0.084,138602.9135625,38.4143958333333,0.0864375
38:40:03,23.6,0.085,0.086,0.087,0.087,0.088,0.085,0.086,0.085,0.091,0.09,0.087,0.085,0.056625,0.061625,0.057625,0.046625,0.037625,0.037625,0.039625,0.040625,0.035625,0.064625,0.062625,0.057625,0.046625,0.069625,0.057625,0.054625,0.041625,0.044625,0.037625,0.040625,0.034625,0.063625,0.059625,0.059625,0.047625,0.063625,0.058625,0.053625,0.046625,0.044625,0.037625,0.042625,0.036625,0.076625,0.064625,0.060625,0.023625,0.069625,0.064625,0.050625,0.049625,0.043625,0.037625,0.043625,0.039625,0.062625,0.060625,0.054625,0.020625,0.065625,0.059625,0.048625,0.044625,0.048625,0.036625,0.044625,0.038625,0.065625,0.066625,0.064625,0.024625,0.065625,0.024625,0.049625,0.066625,0.066625,0.031625,0.068625,0.070625,0.064625,0.084,0.09,0.062625,0.067625,0.032625,0.031625,0.060625,0.060625,0.055625,0.055625,0.054625,0.055625,0.082,0.084,139202.913625,38.581125,0.086375
38:50:03,23.6,0.085,0.086,0.087,0.087,0.088,0.085,0.086,0.085,0.092,0.09,0.087,0.085,0.0565625,0.0605625,0.0575625,0.0465625,0.0375625,0.0375625,0.0395625,0.0405625,0.0355625,0.0645625,0.0635625,0.0575625,0.0465625,0.0685625,0.0575625,0.0545625,0.0415625,0.0445625,0.0375625,0.0405625,0.0345625,0.0635625,0.0595625,0.0595625,0.0475625,0.0635625,0.0585625,0.0535625,0.0465625,0.0445625,0.0375625,0.0435625,0.0365625,0.0765625,0.0645625,0.0605625,0.0235625,0.0695625,0.0645625,0.0505625,0.0495625,0.0435625,0.0375625,0.0435625,0.0395625,0.0625625,0.0595625,0.0555625,0.0205625,0.0655625,0.0595625,0.0485625,0.0445625,0.0485625,0.0365625,0.0445625,0.0385625,0.0655625,0.0675625,0.0655625,0.0245625,0.0655625,0.0245625,0.0495625,0.0665625,0.0665625,0.0325625,0.0685625,0.0705625,0.0635625,0.084,0.09,0.0625625,0.0675625,0.0325625,0.0315625,0.0605625,0.0605625,0.0555625,0.0555625,0.0545625,0.0555625,0.082,0.084,139802.9135625,38.7477291666667,0.0864375
39:00:03,23.7,0.085,0.086,0.087,0.087,0.088,0.085,0.086,0.085,0.092,0.09,0.087,0.085,0.0565625,0.0605625,0.0575625,0.0465625,0.0375625,0.0375625,0.0395625,0.0405625,0.0355625,0.0645625,0.0625625,0.0575625,0.0465625,0.0685625,0.0575625,0.0545625,0.0425625,0.0445625,0.0375625,0.0395625,0.0345625,0.0635625,0.0585625,0.0595625,0.0475625,0.0635625,0.0585625,0.0535625,0.0475625,0.0445625,0.0375625,0.0435625,0.0365625,0.0765625,0.0645625,0.0605625,0.0235625,0.0695625,0.0645625,0.0505625,0.0495625,0.0435625,0.0375625,0.0435625,0.0395625,0.0625625,0.0595625,0.0545625,0.0205625,0.0655625,0.0595625,0.0485625,0.0445625,0.0485625,0.0365625,0.0445625,0.0385625,0.0645625,0.0665625,0.0645625,0.0245625,0.0655625,0.0245625,0.0495625,0.0665625,0.0665625,0.0315625,0.0685625,0.0705625,0.0635625,0.084,0.09,0.0625625,0.0675625,0.0325625,0.0315625,0.0605625,0.0605625,0.0555625,0.0555625,0.0535625,0.0555625,0.082,0.084,140402.9135625,38.9143958333333,0.0864375
39:10:03,23.7,0.085,0.086,0.087,0.087,0.088,0.085,0.086,0.085,0.092,0.09,0.086,0.085,0.056625,0.061625,0.057625,0.046625,0.037625,0.037625,0.039625,0.040625,0.035625,0.064625,0.062625,0.057625,0.046625,0.068625,0.057625,0.054625,0.042625,0.044625,0.037625,0.039625,0.034625,0.062625,0.058625,0.059625,0.047625,0.063625,0.058625,0.053625,0.047625,0.045625,0.037625,0.042625,0.036625,0.076625,0.064625,0.060625,0.023625,0.069625,0.064625,0.050625,0.049625,0.043625,0.037625,0.043625,0.039625,0.062625,0.059625,0.054625,0.020625,0.064625,0.059625,0.048625,0.044625,0.048625,0.036625,0.044625,0.038625,0.064625,0.066625,0.064625,0.024625,0.064625,0.024625,0.049625,0.066625,0.065625,0.031625,0.068625,0.070625,0.063625,0.084,0.09,0.062625,0.067625,0.032625,0.031625,0.060625,0.060625,0.055625,0.054625,0.053625,0.055625,0.082,0.084,141002.913625,39.081125,0.086375
39:20:03,23.7,0.085,0.086,0.087,0.087,0.088,0.085,0.086,0.085,0.091,0.09,0.086,0.085,0.0566875,0.0606875,0.0576875,0.0466875,0.0376875,0.0376875,0.0396875,0.0406875,0.0356875,0.0646875,0.0626875,0.0566875,0.0466875,0.0686875,0.0576875,0.0546875,0.0426875,0.0446875,0.0376875,0.0396875,0.0346875,0.0636875,0.0586875,0.0596875,0.0476875,0.0636875,0.0586875,0.0536875,0.0476875,0.0456875,0.0376875,0.0426875,0.0366875,0.0766875,0.0646875,0.0606875,0.0236875,0.0696875,0.0646875,0.0506875,0.0496875,0.0436875,0.0376875,0.0436875,0.0396875,0.0626875,0.0596875,0.0546875,0.0206875,0.0646875,0.0596875,0.0486875,0.0446875,0.0486875,0.0366875,0.0446875,0.0386875,0.0646875,0.0666875,0.0646875,0.0246875,0.0656875,0.0246875,0.0496875,0.0666875,0.0656875,0.0316875,0.0676875,0.0696875,0.0636875,0.084,0.09,0.0626875,0.0676875,0.0316875,0.0316875,0.0606875,0.0606875,0.0556875,0.0546875,0.0536875,0.0556875,0.082,0.084,141602.9136875,39.2478541666667,0.0863125
39:30:03,23.7,0.085,0.086,0.087,0.087,0.088,0.085,0.086,0.085,0.092,0.09,0.087,0.085,0.0565625,0.0605625,0.0575625,0.0465625,0.0375625,0.0375625,0.0395625,0.0405625,0.0355625,0.0645625,0.0625625,0.0575625,0.0465625,0.0685625,0.0575625,0.0545625,0.0425625,0.0445625,0.0375625,0.0395625,0.0345625,0.0625625,0.0585625,0.0595625,0.0475625,0.0635625,0.0585625,0.0535625,0.0475625,0.0455625,0.0375625,0.0425625,0.0365625,0.0765625,0.0645625,0.0605625,0.0235625,0.0695625,0.0645625,0.0505625,0.0495625,0.0435625,0.0375625,0.0435625,0.0395625,0.0625625,0.0595625,0.0545625,0.0205625,0.0645625,0.0595625,0.0485625,0.0455625,0.0495625,0.0365625,0.0445625,0.0385625,0.0645625,0.0665625,0.0655625,0.0245625,0.0645625,0.0245625,0.0495625,0.0665625,0.0655625,0.0315625,0.0675625,0.0695625,0.0635625,0.084,0.09,0.0625625,0.0675625,0.0315625,0.0315625,0.0605625,0.0605625,0.0555625,0.0545625,0.0535625,0.0555625,0.082,0.084,142202.9135625,39.4143958333333,0.0864375
39:40:03,23.7,0.085,0.086,0.087,0.087,0.088,0.085,0.086,0.085,0.092,0.09,0.086,0.085,0.0556875,0.0606875,0.0576875,0.0466875,0.0376875,0.0376875,0.0386875,0.0406875,0.0356875,0.0646875,0.0626875,0.0566875,0.0466875,0.0686875,0.0576875,0.0546875,0.0426875,0.0446875,0.0376875,0.0396875,0.0346875,0.0626875,0.0586875,0.0596875,0.0476875,0.0626875,0.0586875,0.0536875,0.0476875,0.0456875,0.0376875,0.0426875,0.0366875,0.0766875,0.0646875,0.0596875,0.0236875,0.0686875,0.0646875,0.0506875,0.0496875,0.0436875,0.0376875,0.0436875,0.0396875,0.0626875,0.0596875,0.0546875,0.0206875,0.0646875,0.0596875,0.0486875,0.0456875,0.0496875,0.0366875,0.0446875,0.0386875,0.0646875,0.0666875,0.0646875,0.0246875,0.0646875,0.0246875,0.0496875,0.0666875,0.0656875,0.0316875,0.0676875,0.0696875,0.0636875,0.084,0.089,0.0626875,0.0676875,0.0316875,0.0316875,0.0606875,0.0596875,0.0556875,0.0546875,0.0536875,0.0556875,0.082,0.084,142802.9136875,39.5811875,0.0863125
39:50:03,23.7,0.085,0.086,0.087,0.087,0.088,0.085,0.086,0.085,0.092,0.09,0.087,0.085,0.0565625,0.0605625,0.0575625,0.0465625,0.0375625,0.0375625,0.0385625,0.0405625,0.0355625,0.0645625,0.0625625,0.0575625,0.0465625,0.0685625,0.0575625,0.0545625,0.0425625,0.0445625,0.0375625,0.0395625,0.0345625,0.0635625,0.0585625,0.0595625,0.0475625,0.0625625,0.0585625,0.0545625,0.0475625,0.0455625,0.0375625,0.0425625,0.0365625,0.0765625,0.0645625,0.0605625,0.0235625,0.0685625,0.0645625,0.0515625,0.0495625,0.0435625,0.0375625,0.0435625,0.0395625,0.0625625,0.0595625,0.0545625,0.0205625,0.0645625,0.0595625,0.0485625,0.0455625,0.0495625,0.0365625,0.0445625,0.0385625,0.0645625,0.0665625,0.0645625,0.0245625,0.0645625,0.0245625,0.0495625,0.0655625,0.0655625,0.0315625,0.0675625,0.0695625,0.0635625,0.084,0.09,0.0625625,0.0675625,0.0315625,0.0315625,0.0605625,0.0595625,0.0555625,0.0545625,0.0535625,0.0555625,0.082,0.084,143402.9135625,39.7477291666667,0.0864375
40:00:03,23.7,0.085,0.086,0.087,0.087,0.088,0.085,0.086,0.085,0.092,0.09,0.087,0.085,0.0555625,0.0605625,0.0575625,0.0465625,0.0375625,0.0375625,0.0385625,0.0405625,0.0355625,0.0645625,0.0625625,0.0575625,0.0465625,0.0675625,0.0575625,0.0545625,0.0425625,0.0445625,0.0375625,0.0395625,0.0345625,0.0625625,0.0585625,0.0595625,0.0475625,0.0625625,0.0585625,0.0545625,0.0475625,0.0455625,0.0375625,0.0425625,0.0365625,0.0765625,0.0645625,0.0605625,0.0235625,0.0685625,0.0645625,0.0515625,0.0495625,0.0435625,0.0375625,0.0435625,0.0395625,0.0625625,0.0595625,0.0545625,0.0205625,0.0645625,0.0595625,0.0485625,0.0455625,0.0495625,0.0365625,0.0445625,0.0385625,0.0645625,0.0665625,0.0645625,0.0245625,0.0645625,0.0245625,0.0495625,0.0655625,0.0655625,0.0315625,0.0675625,0.0695625,0.0635625,0.084,0.09,0.0625625,0.0675625,0.0315625,0.0315625,0.0595625,0.0595625,0.0545625,0.0545625,0.0535625,0.0555625,0.082,0.084,144002.9135625,39.9143958333333,0.0864375
40:10:03,23.7,0.085,0.086,0.087,0.087,0.088,0.085,0.086,0.085,0.092,0.09,0.087,0.085,0.0565625,0.0605625,0.0575625,0.0465625,0.0375625,0.0375625,0.0385625,0.0405625,0.0355625,0.0645625,0.0625625,0.0565625,0.0465625,0.0675625,0.0575625,0.0545625,0.0425625,0.0445625,0.0375625,0.0395625,0.0345625,0.0625625,0.0585625,0.0595625,0.0475625,0.0625625,0.0585625,0.0545625,0.0475625,0.0455625,0.0375625,0.0425625,0.0365625,0.0765625,0.0635625,0.0605625,0.0235625,0.0685625,0.0645625,0.0515625,0.0495625,0.0435625,0.0375625,0.0435625,0.0395625,0.0625625,0.0595625,0.0545625,0.0205625,0.0645625,0.0595625,0.0485625,0.0455625,0.0495625,0.0365625,0.0445625,0.0385625,0.0645625,0.0665625,0.0645625,0.0245625,0.0645625,0.0245625,0.0495625,0.0655625,0.0645625,0.0315625,0.0675625,0.0685625,0.0635625,0.084,0.09,0.0625625,0.0675625,0.0315625,0.0315625,0.0595625,0.0595625,0.0555625,0.0545625,0.0535625,0.0555625,0.082,0.084,144602.9135625,40.0810625,0.0864375
40:20:03,23.7,0.085,0.086,0.087,0.087,0.088,0.085,0.086,0.085,0.092,0.09,0.087,0.085,0.0565625,0.0605625,0.0575625,0.0465625,0.0375625,0.0375625,0.0385625,0.0405625,0.0355625,0.0645625,0.0615625,0.0565625,0.0465625,0.0675625,0.0575625,0.0545625,0.0425625,0.0455625,0.0375625,0.0395625,0.0345625,0.0625625,0.0585625,0.0595625,0.0475625,0.0625625,0.0585625,0.0545625,0.0475625,0.0455625,0.0375625,0.0425625,0.0365625,0.0765625,0.0635625,0.0605625,0.0235625,0.0685625,0.0645625,0.0515625,0.0495625,0.0435625,0.0375625,0.0435625,0.0395625,0.0625625,0.0595625,0.0545625,0.0205625,0.0645625,0.0595625,0.0485625,0.0455625,0.0495625,0.0365625,0.0445625,0.0385625,0.0645625,0.0665625,0.0645625,0.0245625,0.0645625,0.0245625,0.0495625,0.0655625,0.0645625,0.0315625,0.0675625,0.0685625,0.0635625,0.084,0.09,0.0625625,0.0675625,0.0315625,0.0315625,0.0595625,0.0595625,0.0555625,0.0545625,0.0535625,0.0555625,0.082,0.084,145202.9135625,40.2477291666667,0.0864375
40:30:03,23.7,0.085,0.086,0.087,0.087,0.088,0.085,0.086,0.085,0.092,0.09,0.087,0.085,0.055625,0.060625,0.057625,0.046625,0.037625,0.037625,0.038625,0.040625,0.035625,0.064625,0.061625,0.056625,0.046625,0.067625,0.057625,0.055625,0.042625,0.045625,0.037625,0.039625,0.034625,0.062625,0.058625,0.059625,0.047625,0.062625,0.058625,0.054625,0.047625,0.045625,0.037625,0.042625,0.036625,0.076625,0.063625,0.059625,0.023625,0.068625,0.064625,0.051625,0.049625,0.044625,0.037625,0.043625,0.039625,0.062625,0.059625,0.054625,0.020625,0.063625,0.059625,0.048625,0.045625,0.049625,0.036625,0.044625,0.038625,0.064625,0.066625,0.065625,0.024625,0.064625,0.024625,0.049625,0.065625,0.064625,0.031625,0.067625,0.068625,0.063625,0.084,0.089,0.062625,0.067625,0.031625,0.031625,0.059625,0.059625,0.054625,0.055625,0.053625,0.055625,0.082,0.084,145802.913625,40.4144583333333,0.086375
40:40:03,23.7,0.085,0.086,0.087,0.087,0.088,0.085,0.086,0.085,0.092,0.09,0.087,0.085,0.0555625,0.0605625,0.0575625,0.0475625,0.0375625,0.0385625,0.0385625,0.0405625,0.0355625,0.0645625,0.0615625,0.0565625,0.0465625,0.0675625,0.0575625,0.0555625,0.0425625,0.0455625,0.0375625,0.0395625,0.0345625,0.0625625,0.0585625,0.0595625,0.0475625,0.0625625,0.0585625,0.0545625,0.0475625,0.0455625,0.0375625,0.0425625,0.0365625,0.0765625,0.0635625,0.0605625,0.0235625,0.0685625,0.0645625,0.0515625,0.0505625,0.0445625,0.0375625,0.0435625,0.0395625,0.0625625,0.0595625,0.0545625,0.0205625,0.0645625,0.0595625,0.0485625,0.0455625,0.0495625,0.0365625,0.0445625,0.0385625,0.0645625,0.0665625,0.0655625,0.0245625,0.0645625,0.0235625,0.0495625,0.0655625,0.0645625,0.0315625,0.0665625,0.0685625,0.0635625,0.084,0.09,0.0625625,0.0675625,0.0315625,0.0305625,0.0595625,0.0595625,0.0545625,0.0545625,0.0535625,0.0555625,0.082,0.084,146402.9135625,40.5810625,0.0864375
40:50:03,23.7,0.085,0.086,0.087,0.087,0.088,0.085,0.086,0.085,0.092,0.09,0.086,0.085,0.0556875,0.0606875,0.0576875,0.0476875,0.0376875,0.0386875,0.0386875,0.0406875,0.0356875,0.0646875,0.0616875,0.0566875,0.0466875,0.0676875,0.0576875,0.0556875,0.0436875,0.0456875,0.0376875,0.0396875,0.0346875,0.0626875,0.0586875,0.0596875,0.0476875,0.0626875,0.0586875,0.0546875,0.0476875,0.0456875,0.0376875,0.0426875,0.0366875,0.0766875,0.0636875,0.0596875,0.0236875,0.0686875,0.0636875,0.0516875,0.0506875,0.0446875,0.0376875,0.0436875,0.0396875,0.0626875,0.0586875,0.0546875,0.0206875,0.0636875,0.0586875,0.0496875,0.0456875,0.0496875,0.0366875,0.0446875,0.0386875,0.0646875,0.0666875,0.0646875,0.0246875,0.0646875,0.0236875,0.0496875,0.0646875,0.0646875,0.0316875,0.0666875,0.0686875,0.0636875,0.084,0.089,0.0626875,0.0676875,0.0316875,0.0316875,0.0596875,0.0596875,0.0546875,0.0546875,0.0536875,0.0556875,0.082,0.084,147002.9136875,40.7478541666667,0.0863125
41:00:03,23.7,0.085,0.086,0.087,0.087,0.088,0.085,0.086,0.085,0.092,0.09,0.087,0.085,0.0555625,0.0605625,0.0575625,0.0475625,0.0375625,0.0385625,0.0385625,0.0405625,0.0355625,0.0645625,0.0615625,0.0565625,0.0465625,0.0675625,0.0575625,0.0555625,0.0425625,0.0455625,0.0375625,0.0395625,0.0345625,0.0625625,0.0585625,0.0595625,0.0475625,0.0625625,0.0575625,0.0545625,0.0475625,0.0465625,0.0375625,0.0425625,0.0365625,0.0765625,0.0635625,0.0595625,0.0235625,0.0685625,0.0635625,0.0515625,0.0505625,0.0445625,0.0375625,0.0435625,0.0395625,0.0625625,0.0595625,0.0545625,0.0205625,0.0635625,0.0585625,0.0495625,0.0455625,0.0495625,0.0365625,0.0445625,0.0385625,0.0645625,0.0665625,0.0655625,0.0245625,0.0645625,0.0235625,0.0495625,0.0645625,0.0645625,0.0315625,0.0665625,0.0685625,0.0635625,0.084,0.09,0.0625625,0.0675625,0.0315625,0.0305625,0.0595625,0.0595625,0.0545625,0.0545625,0.0535625,0.0555625,0.082,0.084,147602.9135625,40.9143958333333,0.0864375
41:10:03,23.7,0.085,0.086,0.087,0.087,0.088,0.085,0.086,0.085,0.092,0.09,0.087,0.085,0.0555625,0.0605625,0.0575625,0.0475625,0.0375625,0.0385625,0.0385625,0.0395625,0.0355625,0.0645625,0.0615625,0.0565625,0.0465625,0.0675625,0.0575625,0.0555625,0.0425625,0.0455625,0.0375625,0.0395625,0.0345625,0.0625625,0.0585625,0.0595625,0.0475625,0.0625625,0.0575625,0.0545625,0.0475625,0.0465625,0.0375625,0.0425625,0.0365625,0.0765625,0.0635625,0.0595625,0.0235625,0.0685625,0.0635625,0.0515625,0.0505625,0.0445625,0.0375625,0.0435625,0.0395625,0.0615625,0.0585625,0.0545625,0.0205625,0.0635625,0.0585625,0.0485625,0.0455625,0.0495625,0.0365625,0.0445625,0.0385625,0.0645625,0.0655625,0.0645625,0.0245625,0.0645625,0.0235625,0.0495625,0.0645625,0.0635625,0.0315625,0.0665625,0.0685625,0.0635625,0.084,0.09,0.0625625,0.0675625,0.0315625,0.0305625,0.0595625,0.0595625,0.0545625,0.0545625,0.0535625,0.0555625,0.082,0.084,148202.9135625,41.0810625,0.0864375
41:20:03,23.7,0.085,0.086,0.087,0.087,0.088,0.085,0.086,0.085,0.092,0.09,0.086,0.085,0.055625,0.060625,0.057625,0.047625,0.037625,0.038625,0.038625,0.039625,0.035625,0.064625,0.061625,0.056625,0.046625,0.067625,0.056625,0.055625,0.043625,0.045625,0.037625,0.039625,0.034625,0.062625,0.058625,0.059625,0.047625,0.062625,0.057625,0.054625,0.048625,0.046625,0.037625,0.042625,0.036625,0.076625,0.063625,0.059625,0.023625,0.067625,0.063625,0.051625,0.050625,0.044625,0.037625,0.043625,0.039625,0.061625,0.058625,0.054625,0.020625,0.063625,0.058625,0.049625,0.046625,0.049625,0.036625,0.044625,0.038625,0.064625,0.065625,0.065625,0.024625,0.064625,0.023625,0.049625,0.064625,0.063625,0.031625,0.066625,0.067625,0.063625,0.084,0.09,0.062625,0.066625,0.031625,0.030625,0.059625,0.059625,0.054625,0.054625,0.053625,0.055625,0.082,0.084,148802.913625,41.2477916666667,0.086375
41:30:03,23.7,0.085,0.086,0.087,0.087,0.088,0.085,0.086,0.085,0.092,0.09,0.087,0.085,0.0555625,0.0605625,0.0575625,0.0475625,0.0375625,0.0385625,0.0385625,0.0405625,0.0355625,0.0645625,0.0615625,0.0565625,0.0465625,0.0675625,0.0565625,0.0555625,0.0435625,0.0455625,0.0375625,0.0395625,0.0345625,0.0625625,0.0585625,0.0595625,0.0475625,0.0615625,0.0575625,0.0545625,0.0485625,0.0465625,0.0375625,0.0425625,0.0365625,0.0765625,0.0635625,0.0605625,0.0235625,0.0675625,0.0635625,0.0515625,0.0505625,0.0445625,0.0375625,0.0435625,0.0395625,0.0615625,0.0585625,0.0545625,0.0205625,0.0635625,0.0585625,0.0495625,0.0465625,0.0505625,0.0365625,0.0445625,0.0385625,0.0645625,0.0665625,0.0645625,0.0245625,0.0645625,0.0235625,0.0505625,0.0645625,0.0635625,0.0315625,0.0665625,0.0685625,0.0635625,0.084,0.09,0.0625625,0.0675625,0.0315625,0.0305625,0.0595625,0.0595625,0.0545625,0.0545625,0.0535625,0.0555625,0.082,0.084,149402.9135625,41.4143958333333,0.0864375
41:40:03,23.7,0.085,0.086,0.087,0.087,0.088,0.085,0.086,0.085,0.092,0.09,0.086,0.085,0.055625,0.060625,0.056625,0.047625,0.038625,0.038625,0.038625,0.039625,0.035625,0.064625,0.061625,0.056625,0.046625,0.067625,0.056625,0.055625,0.043625,0.045625,0.037625,0.039625,0.034625,0.062625,0.057625,0.059625,0.047625,0.061625,0.057625,0.054625,0.048625,0.046625,0.037625,0.042625,0.036625,0.076625,0.063625,0.059625,0.023625,0.067625,0.063625,0.051625,0.050625,0.044625,0.037625,0.043625,0.039625,0.061625,0.058625,0.054625,0.020625,0.063625,0.058625,0.049625,0.046625,0.050625,0.036625,0.044625,0.038625,0.064625,0.065625,0.064625,0.024625,0.064625,0.023625,0.050625,0.063625,0.063625,0.031625,0.066625,0.067625,0.063625,0.084,0.09,0.062625,0.067625,0.031625,0.030625,0.059625,0.058625,0.054625,0.054625,0.053625,0.055625,0.082,0.084,150002.913625,41.581125,0.086375
41:50:03,23.7,0.085,0.086,0.087,0.087,0.088,0.085,0.086,0.085,0.092,0.09,0.086,0.085,0.055625,0.060625,0.057625,0.047625,0.037625,0.038625,0.038625,0.039625,0.034625,0.064625,0.061625,0.056625,0.046625,0.067625,0.056625,0.055625,0.043625,0.045625,0.037625,0.039625,0.034625,0.062625,0.057625,0.059625,0.047625,0.061625,0.057625,0.054625,0.048625,0.046625,0.037625,0.042625,0.036625,0.076625,0.063625,0.059625,0.023625,0.067625,0.063625,0.051625,0.050625,0.044625,0.037625,0.043625,0.039625,0.061625,0.058625,0.054625,0.020625,0.063625,0.058625,0.049625,0.046625,0.050625,0.036625,0.044625,0.038625,0.064625,0.065625,0.064625,0.024625,0.064625,0.023625,0.049625,0.063625,0.063625,0.031625,0.066625,0.067625,0.063625,0.084,0.09,0.061625,0.067625,0.031625,0.030625,0.059625,0.059625,0.054625,0.054625,0.052625,0.055625,0.082,0.084,150602.913625,41.7477916666667,0.086375
42:00:03,23.7,0.085,0.086,0.087,0.087,0.088,0.085,0.086,0.085,0.092,0.09,0.087,0.085,0.0555625,0.0595625,0.0575625,0.0475625,0.0385625,0.0395625,0.0385625,0.0395625,0.0355625,0.0645625,0.0615625,0.0565625,0.0465625,0.0665625,0.0565625,0.0555625,0.0435625,0.0465625,0.0375625,0.0395625,0.0345625,0.0625625,0.0575625,0.0595625,0.0475625,0.0615625,0.0575625,0.0545625,0.0485625,0.0465625,0.0375625,0.0425625,0.0365625,0.0765625,0.0635625,0.0595625,0.0235625,0.0675625,0.0635625,0.0515625,0.0505625,0.0455625,0.0375625,0.0435625,0.0395625,0.0615625,0.0585625,0.0545625,0.0205625,0.0635625,0.0585625,0.0495625,0.0465625,0.0505625,0.0365625,0.0445625,0.0385625,0.0645625,0.0655625,0.0645625,0.0245625,0.0645625,0.0235625,0.0505625,0.0635625,0.0635625,0.0315625,0.0655625,0.0675625,0.0635625,0.084,0.09,0.0625625,0.0675625,0.0315625,0.0305625,0.0585625,0.0595625,0.0545625,0.0545625,0.0535625,0.0555625,0.082,0.084,151202.9135625,41.9143958333333,0.0864375
42:10:03,23.7,0.085,0.086,0.087,0.087,0.088,0.085,0.086,0.085,0.092,0.09,0.086,0.085,0.055625,0.059625,0.057625,0.047625,0.038625,0.038625,0.038625,0.039625,0.034625,0.064625,0.061625,0.056625,0.046625,0.066625,0.056625,0.055625,0.043625,0.046625,0.037625,0.039625,0.034625,0.062625,0.057625,0.059625,0.047625,0.061625,0.057625,0.054625,0.048625,0.046625,0.037625,0.042625,0.036625,0.076625,0.063625,0.059625,0.023625,0.067625,0.063625,0.051625,0.050625,0.045625,0.037625,0.043625,0.039625,0.061625,0.058625,0.054625,0.019625,0.062625,0.058625,0.049625,0.046625,0.050625,0.036625,0.044625,0.038625,0.063625,0.065625,0.064625,0.024625,0.064625,0.023625,0.050625,0.063625,0.063625,0.031625,0.065625,0.067625,0.063625,0.084,0.09,0.062625,0.067625,0.031625,0.030625,0.058625,0.058625,0.054625,0.054625,0.053625,0.055625,0.082,0.084,151802.913625,42.081125,0.086375
42:20:03,23.7,0.085,0.086,0.087,0.087,0.088,0.085,0.086,0.085,0.092,0.09,0.086,0.085,0.0556875,0.0596875,0.0566875,0.0476875,0.0386875,0.0396875,0.0386875,0.0396875,0.0346875,0.0646875,0.0606875,0.0566875,0.0466875,0.0666875,0.0566875,0.0556875,0.0436875,0.0466875,0.0376875,0.0396875,0.0346875,0.0626875,0.0576875,0.0596875,0.0466875,0.0616875,0.0576875,0.0546875,0.0486875,0.0466875,0.0366875,0.0426875,0.0366875,0.0766875,0.0636875,0.0596875,0.0236875,0.0676875,0.0636875,0.0516875,0.0506875,0.0456875,0.0376875,0.0436875,0.0396875,0.0616875,0.0586875,0.0546875,0.0196875,0.0626875,0.0586875,0.0496875,0.0466875,0.0506875,0.0356875,0.0446875,0.0386875,0.0636875,0.0656875,0.0646875,0.0236875,0.0646875,0.0236875,0.0506875,0.0636875,0.0636875,0.0316875,0.0656875,0.0676875,0.0636875,0.084,0.089,0.0616875,0.0676875,0.0316875,0.0306875,0.0596875,0.0596875,0.0546875,0.0546875,0.0536875,0.0546875,0.082,0.084,152402.9136875,42.2478541666667,0.0863125
42:30:03,23.7,0.085,0.086,0.087,0.087,0.088,0.085,0.086,0.085,0.092,0.09,0.087,0.085,0.0555625,0.0595625,0.0575625,0.0475625,0.0385625,0.0395625,0.0385625,0.0395625,0.0345625,0.0645625,0.0615625,0.0565625,0.0465625,0.0665625,0.0565625,0.0555625,0.0435625,0.0465625,0.0375625,0.0395625,0.0345625,0.0625625,0.0575625,0.0595625,0.0475625,0.0615625,0.0575625,0.0555625,0.0485625,0.0465625,0.0365625,0.0425625,0.0365625,0.0765625,0.0635625,0.0595625,0.0235625,0.0675625,0.0635625,0.0515625,0.0505625,0.0455625,0.0375625,0.0435625,0.0395625,0.0615625,0.0585625,0.0545625,0.0195625,0.0625625,0.0585625,0.0495625,0.0465625,0.0505625,0.0355625,0.0445625,0.0385625,0.0635625,0.0655625,0.0645625,0.0245625,0.0645625,0.0235625,0.0505625,0.0635625,0.0635625,0.0315625,0.0655625,0.0675625,0.0625625,0.084,0.09,0.0615625,0.0675625,0.0315625,0.0305625,0.0585625,0.0585625,0.0545625,0.0545625,0.0535625,0.0545625,0.082,0.084,153002.9135625,42.4143958333333,0.0864375
42:40:03,23.7,0.085,0.086,0.087,0.087,0.088,0.085,0.086,0.085,0.092,0.09,0.087,0.085,0.0555625,0.0595625,0.0565625,0.0475625,0.0385625,0.0395625,0.0385625,0.0395625,0.0345625,0.0645625,0.0615625,0.0565625,0.0465625,0.0665625,0.0565625,0.0555625,0.0435625,0.0465625,0.0375625,0.0395625,0.0345625,0.0625625,0.0575625,0.0595625,0.0465625,0.0615625,0.0575625,0.0555625,0.0485625,0.0465625,0.0365625,0.0425625,0.0365625,0.0765625,0.0635625,0.0595625,0.0235625,0.0675625,0.0635625,0.0515625,0.0515625,0.0455625,0.0375625,0.0435625,0.0395625,0.0615625,0.0585625,0.0545625,0.0195625,0.0625625,0.0585625,0.0495625,0.0465625,0.0505625,0.0355625,0.0445625,0.0385625,0.0635625,0.0655625,0.0645625,0.0235625,0.0635625,0.0235625,0.0505625,0.0635625,0.0625625,0.0315625,0.0655625,0.0675625,0.0625625,0.084,0.09,0.0625625,0.0675625,0.0315625,0.0305625,0.0585625,0.0585625,0.0545625,0.0545625,0.0525625,0.0555625,0.082,0.084,153602.9135625,42.5810625,0.0864375
42:50:03,23.7,0.085,0.086,0.087,0.087,0.088,0.085,0.086,0.085,0.092,0.09,0.087,0.085,0.0555625,0.0595625,0.0565625,0.0475625,0.0385625,0.0395625,0.0385625,0.0395625,0.0345625,0.0645625,0.0615625,0.0565625,0.0455625,0.0665625,0.0565625,0.0565625,0.0435625,0.0465625,0.0375625,0.0395625,0.0345625,0.0625625,0.0575625,0.0595625,0.0465625,0.0615625,0.0575625,0.0555625,0.0485625,0.0475625,0.0365625,0.0425625,0.0365625,0.0765625,0.0635625,0.0595625,0.0235625,0.0665625,0.0635625,0.0515625,0.0515625,0.0455625,0.0375625,0.0435625,0.0395625,0.0615625,0.0585625,0.0545625,0.0195625,0.0625625,0.0585625,0.0495625,0.0465625,0.0505625,0.0355625,0.0445625,0.0385625,0.0635625,0.0655625,0.0645625,0.0235625,0.0635625,0.0235625,0.0505625,0.0635625,0.0625625,0.0315625,0.0655625,0.0675625,0.0625625,0.084,0.09,0.0615625,0.0665625,0.0315625,0.0305625,0.0585625,0.0595625,0.0545625,0.0545625,0.0525625,0.0555625,0.082,0.084,154202.9135625,42.7477291666667,0.0864375
43:00:03,23.7,0.085,0.086,0.087,0.087,0.088,0.085,0.086,0.085,0.092,0.09,0.087,0.085,0.0555625,0.0595625,0.0565625,0.0475625,0.0385625,0.0395625,0.0385625,0.0395625,0.0345625,0.0645625,0.0605625,0.0565625,0.0465625,0.0665625,0.0565625,0.0565625,0.0435625,0.0465625,0.0375625,0.0395625,0.0345625,0.0625625,0.0575625,0.0595625,0.0465625,0.0615625,0.0575625,0.0555625,0.0485625,0.0475625,0.0365625,0.0425625,0.0365625,0.0765625,0.0635625,0.0595625,0.0235625,0.0665625,0.0635625,0.0515625,0.0515625,0.0455625,0.0375625,0.0435625,0.0395625,0.0615625,0.0585625,0.0545625,0.0195625,0.0625625,0.0585625,0.0495625,0.0465625,0.0505625,0.0355625,0.0435625,0.0385625,0.0635625,0.0655625,0.0645625,0.0235625,0.0635625,0.0235625,0.0505625,0.0635625,0.0625625,0.0315625,0.0655625,0.0665625,0.0625625,0.084,0.09,0.0615625,0.0675625,0.0315625,0.0305625,0.0585625,0.0585625,0.0545625,0.0545625,0.0535625,0.0555625,0.082,0.084,154802.9135625,42.9143958333333,0.0864375
43:10:03,23.7,0.085,0.086,0.087,0.087,0.088,0.085,0.086,0.085,0.092,0.09,0.087,0.085,0.0555625,0.0595625,0.0565625,0.0485625,0.0385625,0.0395625,0.0385625,0.0395625,0.0345625,0.0645625,0.0605625,0.0565625,0.0455625,0.0665625,0.0565625,0.0565625,0.0435625,0.0465625,0.0375625,0.0395625,0.0345625,0.0625625,0.0575625,0.0595625,0.0465625,0.0615625,0.0575625,0.0555625,0.0485625,0.0475625,0.0365625,0.0425625,0.0365625,0.0765625,0.0635625,0.0595625,0.0235625,0.0675625,0.0635625,0.0515625,0.0515625,0.0455625,0.0375625,0.0435625,0.0395625,0.0615625,0.0585625,0.0545625,0.0195625,0.0625625,0.0585625,0.0495625,0.0465625,0.0515625,0.0355625,0.0445625,0.0385625,0.0635625,0.0655625,0.0645625,0.0235625,0.0635625,0.0235625,0.0505625,0.0625625,0.0625625,0.0315625,0.0655625,0.0665625,0.0625625,0.084,0.09,0.0615625,0.0675625,0.0315625,0.0305625,0.0585625,0.0585625,0.0545625,0.0545625,0.0525625,0.0545625,0.082,0.084,155402.9135625,43.0810625,0.0864375
43:20:03,23.7,0.085,0.086,0.087,0.087,0.088,0.085,0.086,0.085,0.092,0.09,0.087,0.085,0.0555625,0.0595625,0.0565625,0.0485625,0.0385625,0.0395625,0.0385625,0.0395625,0.0345625,0.0645625,0.0605625,0.0565625,0.0455625,0.0665625,0.0565625,0.0565625,0.0445625,0.0465625,0.0375625,0.0395625,0.0345625,0.0625625,0.0575625,0.0595625,0.0465625,0.0615625,0.0575625,0.0555625,0.0485625,0.0475625,0.0365625,0.0425625,0.0365625,0.0765625,0.0635625,0.0595625,0.0235625,0.0665625,0.0635625,0.0525625,0.0515625,0.0455625,0.0375625,0.0435625,0.0395625,0.0615625,0.0585625,0.0545625,0.0195625,0.0625625,0.0585625,0.0495625,0.0465625,0.0515625,0.0355625,0.0435625,0.0385625,0.0635625,0.0655625,0.0645625,0.0235625,0.0635625,0.0235625,0.0505625,0.0625625,0.0625625,0.0315625,0.0655625,0.0665625,0.0625625,0.084,0.09,0.0615625,0.0675625,0.0305625,0.0305625,0.0585625,0.0585625,0.0545625,0.0545625,0.0525625,0.0545625,0.082,0.084,156002.9135625,43.2477291666667,0.0864375
43:30:03,23.7,0.085,0.086,0.087,0.087,0.088,0.085,0.086,0.085,0.092,0.09,0.086,0.085,0.055625,0.059625,0.056625,0.048625,0.038625,0.039625,0.038625,0.039625,0.034625,0.064625,0.060625,0.056625,0.045625,0.066625,0.056625,0.056625,0.044625,0.046625,0.037625,0.039625,0.034625,0.062625,0.057625,0.059625,0.046625,0.061625,0.057625,0.055625,0.048625,0.047625,0.036625,0.042625,0.036625,0.076625,0.062625,0.059625,0.023625,0.066625,0.063625,0.052625,0.051625,0.045625,0.036625,0.043625,0.039625,0.061625,0.058625,0.054625,0.019625,0.062625,0.058625,0.049625,0.046625,0.051625,0.035625,0.043625,0.038625,0.063625,0.065625,0.064625,0.023625,0.063625,0.023625,0.050625,0.062625,0.062625,0.031625,0.064625,0.066625,0.062625,0.084,0.09,0.062625,0.067625,0.030625,0.030625,0.058625,0.058625,0.054625,0.054625,0.052625,0.054625,0.082,0.084,156602.913625,43.4144583333333,0.086375
43:40:03,23.7,0.085,0.086,0.087,0.087,0.088,0.085,0.086,0.085,0.092,0.09,0.087,0.085,0.0555625,0.0595625,0.0565625,0.0485625,0.0385625,0.0395625,0.0385625,0.0395625,0.0345625,0.0635625,0.0605625,0.0565625,0.0455625,0.0665625,0.0565625,0.0565625,0.0445625,0.0475625,0.0375625,0.0395625,0.0345625,0.0625625,0.0575625,0.0595625,0.0465625,0.0605625,0.0575625,0.0555625,0.0495625,0.0475625,0.0365625,0.0425625,0.0365625,0.0765625,0.0625625,0.0595625,0.0235625,0.0665625,0.0635625,0.0525625,0.0515625,0.0455625,0.0375625,0.0435625,0.0395625,0.0615625,0.0585625,0.0545625,0.0195625,0.0625625,0.0585625,0.0495625,0.0475625,0.0515625,0.0355625,0.0435625,0.0385625,0.0635625,0.0655625,0.0645625,0.0235625,0.0635625,0.0235625,0.0505625,0.0625625,0.0625625,0.0315625,0.0645625,0.0665625,0.0635625,0.084,0.09,0.0615625,0.0675625,0.0305625,0.0305625,0.0585625,0.0585625,0.0535625,0.0545625,0.0525625,0.0545625,0.082,0.084,157202.9135625,43.5810625,0.0864375
43:50:03,23.7,0.085,0.086,0.087,0.087,0.088,0.085,0.086,0.085,0.092,0.09,0.086,0.085,0.055625,0.059625,0.056625,0.048625,0.038625,0.039625,0.038625,0.039625,0.034625,0.063625,0.060625,0.056625,0.045625,0.066625,0.056625,0.056625,0.044625,0.047625,0.037625,0.039625,0.034625,0.062625,0.057625,0.059625,0.046625,0.060625,0.057625,0.055625,0.049625,0.047625,0.036625,0.042625,0.036625,0.076625,0.062625,0.059625,0.023625,0.066625,0.063625,0.052625,0.051625,0.045625,0.036625,0.043625,0.039625,0.061625,0.058625,0.054625,0.019625,0.062625,0.058625,0.049625,0.047625,0.051625,0.035625,0.043625,0.038625,0.063625,0.065625,0.064625,0.023625,0.063625,0.023625,0.050625,0.062625,0.062625,0.031625,0.064625,0.066625,0.062625,0.084,0.09,0.061625,0.067625,0.030625,0.030625,0.058625,0.058625,0.053625,0.054625,0.052625,0.055625,0.082,0.084,157802.913625,43.7477916666667,0.086375
44:00:03,23.7,0.085,0.086,0.087,0.087,0.088,0.085,0.086,0.085,0.092,0.09,0.087,0.085,0.0555625,0.0595625,0.0565625,0.0485625,0.0385625,0.0395625,0.0385625,0.0395625,0.0345625,0.0645625,0.0605625,0.0565625,0.0455625,0.0665625,0.0565625,0.0565625,0.0445625,0.0475625,0.0375625,0.0395625,0.0345625,0.0625625,0.0575625,0.0595625,0.0465625,0.0615625,0.0575625,0.0555625,0.0495625,0.0475625,0.0365625,0.0425625,0.0365625,0.0765625,0.0625625,0.0595625,0.0235625,0.0665625,0.0635625,0.0525625,0.0515625,0.0465625,0.0375625,0.0435625,0.0395625,0.0615625,0.0585625,0.0545625,0.0195625,0.0625625,0.0585625,0.0505625,0.0475625,0.0515625,0.0355625,0.0435625,0.0385625,0.0635625,0.0655625,0.0645625,0.0235625,0.0635625,0.0235625,0.0505625,0.0625625,0.0625625,0.0315625,0.0645625,0.0665625,0.0625625,0.084,0.09,0.0615625,0.0675625,0.0305625,0.0305625,0.0585625,0.0585625,0.0535625,0.0545625,0.0525625,0.0545625,0.082,0.084,158402.9135625,43.9143958333333,0.0864375
44:10:03,23.7,0.085,0.086,0.087,0.087,0.088,0.085,0.086,0.085,0.092,0.09,0.086,0.085,0.055625,0.059625,0.056625,0.048625,0.038625,0.039625,0.038625,0.039625,0.034625,0.064625,0.060625,0.056625,0.045625,0.065625,0.055625,0.056625,0.044625,0.047625,0.037625,0.039625,0.034625,0.062625,0.057625,0.059625,0.046625,0.060625,0.056625,0.055625,0.049625,0.047625,0.036625,0.042625,0.036625,0.076625,0.062625,0.059625,0.023625,0.066625,0.063625,0.052625,0.051625,0.046625,0.036625,0.043625,0.039625,0.061625,0.058625,0.054625,0.019625,0.062625,0.058625,0.050625,0.047625,0.051625,0.035625,0.043625,0.038625,0.063625,0.065625,0.064625,0.023625,0.063625,0.023625,0.050625,0.062625,0.062625,0.031625,0.064625,0.066625,0.062625,0.084,0.09,0.062625,0.067625,0.030625,0.030625,0.058625,0.058625,0.053625,0.054625,0.052625,0.054625,0.082,0.084,159002.913625,44.081125,0.086375
44:20:03,23.7,0.085,0.086,0.087,0.087,0.088,0.085,0.086,0.085,0.092,0.09,0.087,0.085,0.0555625,0.0595625,0.0565625,0.0485625,0.0385625,0.0395625,0.0385625,0.0395625,0.0345625,0.0635625,0.0605625,0.0565625,0.0455625,0.0665625,0.0555625,0.0565625,0.0445625,0.0475625,0.0375625,0.0395625,0.0345625,0.0625625,0.0575625,0.0595625,0.0465625,0.0605625,0.0565625,0.0555625,0.0495625,0.0475625,0.0365625,0.0425625,0.0365625,0.0765625,0.0625625,0.0595625,0.0225625,0.0665625,0.0635625,0.0525625,0.0515625,0.0465625,0.0365625,0.0435625,0.0395625,0.0615625,0.0575625,0.0545625,0.0195625,0.0625625,0.0585625,0.0505625,0.0475625,0.0515625,0.0355625,0.0435625,0.0385625,0.0635625,0.0655625,0.0655625,0.0235625,0.0645625,0.0235625,0.0505625,0.0625625,0.0625625,0.0315625,0.0645625,0.0665625,0.0625625,0.084,0.09,0.0615625,0.0675625,0.0305625,0.0305625,0.0585625,0.0585625,0.0535625,0.0545625,0.0525625,0.0545625,0.082,0.084,159602.9135625,44.2477291666667,0.0864375
44:30:03,23.7,0.085,0.086,0.087,0.087,0.088,0.085,0.086,0.085,0.092,0.09,0.087,0.085,0.0555625,0.0595625,0.0565625,0.0485625,0.0395625,0.0405625,0.0385625,0.0395625,0.0345625,0.0645625,0.0605625,0.0565625,0.0455625,0.0655625,0.0555625,0.0565625,0.0445625,0.0475625,0.0375625,0.0395625,0.0345625,0.0625625,0.0575625,0.0595625,0.0465625,0.0605625,0.0575625,0.0555625,0.0495625,0.0485625,0.0365625,0.0425625,0.0365625,0.0765625,0.0635625,0.0595625,0.0235625,0.0665625,0.0635625,0.0525625,0.0515625,0.0465625,0.0365625,0.0435625,0.0395625,0.0615625,0.0585625,0.0545625,0.0195625,0.0615625,0.0585625,0.0505625,0.0475625,0.0525625,0.0355625,0.0435625,0.0385625,0.0635625,0.0655625,0.0645625,0.0235625,0.0635625,0.0235625,0.0505625,0.0625625,0.0625625,0.0315625,0.0645625,0.0665625,0.0625625,0.084,0.09,0.0615625,0.0675625,0.0305625,0.0305625,0.0585625,0.0585625,0.0535625,0.0545625,0.0525625,0.0545625,0.082,0.084,160202.9135625,44.4143958333333,0.0864375
44:40:03,23.7,0.085,0.086,0.087,0.087,0.088,0.085,0.086,0.085,0.092,0.09,0.087,0.085,0.0555625,0.0595625,0.0565625,0.0485625,0.0395625,0.0405625,0.0385625,0.0395625,0.0345625,0.0645625,0.0605625,0.0565625,0.0455625,0.0655625,0.0555625,0.0565625,0.0445625,0.0475625,0.0375625,0.0395625,0.0345625,0.0625625,0.0575625,0.0595625,0.0465625,0.0605625,0.0575625,0.0555625,0.0495625,0.0485625,0.0365625,0.0425625,0.0365625,0.0765625,0.0625625,0.0595625,0.0225625,0.0665625,0.0625625,0.0525625,0.0515625,0.0465625,0.0365625,0.0435625,0.0395625,0.0615625,0.0575625,0.0545625,0.0195625,0.0615625,0.0585625,0.0505625,0.0475625,0.0525625,0.0355625,0.0435625,0.0385625,0.0635625,0.0645625,0.0645625,0.0235625,0.0635625,0.0235625,0.0505625,0.0625625,0.0625625,0.0315625,0.0645625,0.0665625,0.0625625,0.084,0.09,0.0615625,0.0665625,0.0305625,0.0305625,0.0575625,0.0585625,0.0535625,0.0545625,0.0525625,0.0545625,0.082,0.084,160802.9135625,44.5810625,0.0864375
44:50:03,23.7,0.085,0.086,0.087,0.087,0.088,0.085,0.086,0.085,0.092,0.09,0.087,0.085,0.0555625,0.0595625,0.0565625,0.0485625,0.0395625,0.0405625,0.0385625,0.0395625,0.0345625,0.0645625,0.0605625,0.0565625,0.0455625,0.0655625,0.0555625,0.0565625,0.0445625,0.0475625,0.0375625,0.0395625,0.0345625,0.0625625,0.0575625,0.0595625,0.0465625,0.0605625,0.0575625,0.0565625,0.0495625,0.0485625,0.0365625,0.0425625,0.0365625,0.0765625,0.0625625,0.0595625,0.0225625,0.0665625,0.0625625,0.0525625,0.0525625,0.0465625,0.0365625,0.0435625,0.0395625,0.0615625,0.0575625,0.0545625,0.0195625,0.0615625,0.0585625,0.0505625,0.0475625,0.0525625,0.0355625,0.0435625,0.0385625,0.0635625,0.0645625,0.0645625,0.0235625,0.0635625,0.0235625,0.0515625,0.0625625,0.0625625,0.0315625,0.0645625,0.0665625,0.0625625,0.084,0.09,0.0615625,0.0675625,0.0305625,0.0305625,0.0575625,0.0575625,0.0535625,0.0545625,0.0525625,0.0545625,0.082,0.084,161402.9135625,44.7477291666667,0.0864375
45:00:03,23.7,0.085,0.086,0.087,0.087,0.088,0.085,0.086,0.085,0.092,0.09,0.087,0.085,0.0555625,0.0595625,0.0565625,0.0485625,0.0395625,0.0405625,0.0385625,0.0395625,0.0345625,0.0635625,0.0605625,0.0565625,0.0455625,0.0655625,0.0555625,0.0565625,0.0445625,0.0475625,0.0365625,0.0395625,0.0345625,0.0625625,0.0575625,0.0595625,0.0465625,0.0605625,0.0565625,0.0565625,0.0495625,0.0485625,0.0365625,0.0425625,0.0365625,0.0765625,0.0625625,0.0595625,0.0225625,0.0665625,0.0625625,0.0525625,0.0525625,0.0465625,0.0365625,0.0435625,0.0395625,0.0615625,0.0575625,0.0545625,0.0195625,0.0615625,0.0585625,0.0505625,0.0475625,0.0525625,0.0355625,0.0435625,0.0385625,0.0635625,0.0645625,0.0645625,0.0235625,0.0635625,0.0235625,0.0515625,0.0625625,0.0625625,0.0315625,0.0645625,0.0655625,0.0625625,0.084,0.09,0.0615625,0.0675625,0.0305625,0.0305625,0.0575625,0.0585625,0.0535625,0.0545625,0.0525625,0.0545625,0.082,0.084,162002.9135625,44.9143958333333,0.0864375
45:10:03,23.7,0.085,0.086,0.087,0.087,0.088,0.085,0.086,0.085,0.092,0.09,0.087,0.085,0.0555625,0.0595625,0.0565625,0.0485625,0.0395625,0.0405625,0.0385625,0.0395625,0.0345625,0.0635625,0.0605625,0.0565625,0.0455625,0.0655625,0.0555625,0.0575625,0.0445625,0.0475625,0.0365625,0.0395625,0.0345625,0.0625625,0.0575625,0.0595625,0.0465625,0.0605625,0.0565625,0.0565625,0.0495625,0.0485625,0.0365625,0.0425625,0.0365625,0.0765625,0.0625625,0.0595625,0.0225625,0.0665625,0.0625625,0.0525625,0.0525625,0.0465625,0.0365625,0.0435625,0.0395625,0.0615625,0.0575625,0.0545625,0.0195625,0.0615625,0.0585625,0.0505625,0.0475625,0.0525625,0.0355625,0.0435625,0.0385625,0.0635625,0.0645625,0.0645625,0.0235625,0.0635625,0.0225625,0.0515625,0.0625625,0.0625625,0.0315625,0.0645625,0.0655625,0.0635625,0.084,0.09,0.0615625,0.0675625,0.0305625,0.0305625,0.0575625,0.0575625,0.0535625,0.0545625,0.0525625,0.0545625,0.082,0.084,162602.9135625,45.0810625,0.0864375
45:20:03,23.7,0.085,0.086,0.087,0.087,0.088,0.085,0.086,0.085,0.092,0.09,0.087,0.085,0.0555625,0.0595625,0.0565625,0.0485625,0.0395625,0.0405625,0.0385625,0.0395625,0.0345625,0.0635625,0.0605625,0.0565625,0.0455625,0.0655625,0.0555625,0.0565625,0.0445625,0.0475625,0.0365625,0.0395625,0.0345625,0.0625625,0.0575625,0.0595625,0.0465625,0.0605625,0.0565625,0.0565625,0.0495625,0.0485625,0.0365625,0.0425625,0.0365625,0.0765625,0.0625625,0.0595625,0.0225625,0.0665625,0.0625625,0.0525625,0.0525625,0.0465625,0.0365625,0.0435625,0.0395625,0.0615625,0.0575625,0.0545625,0.0195625,0.0615625,0.0585625,0.0505625,0.0475625,0.0525625,0.0355625,0.0435625,0.0385625,0.0635625,0.0645625,0.0645625,0.0235625,0.0635625,0.0225625,0.0505625,0.0625625,0.0625625,0.0315625,0.0645625,0.0655625,0.0625625,0.084,0.09,0.0615625,0.0665625,0.0305625,0.0295625,0.0575625,0.0585625,0.0535625,0.0545625,0.0525625,0.0545625,0.082,0.084,163202.9135625,45.2477291666667,0.0864375
45:30:03,23.7,0.085,0.086,0.087,0.087,0.088,0.085,0.086,0.085,0.092,0.09,0.087,0.085,0.0555625,0.0595625,0.0565625,0.0485625,0.0395625,0.0405625,0.0385625,0.0395625,0.0345625,0.0645625,0.0605625,0.0565625,0.0455625,0.0655625,0.0555625,0.0575625,0.0445625,0.0485625,0.0365625,0.0395625,0.0345625,0.0625625,0.0575625,0.0595625,0.0465625,0.0605625,0.0565625,0.0565625,0.0495625,0.0485625,0.0365625,0.0425625,0.0365625,0.0765625,0.0625625,0.0595625,0.0225625,0.0655625,0.0625625,0.0525625,0.0525625,0.0465625,0.0365625,0.0435625,0.0395625,0.0615625,0.0575625,0.0545625,0.0195625,0.0615625,0.0585625,0.0505625,0.0475625,0.0525625,0.0355625,0.0435625,0.0385625,0.0635625,0.0645625,0.0645625,0.0235625,0.0635625,0.0225625,0.0515625,0.0625625,0.0625625,0.0315625,0.0645625,0.0655625,0.0625625,0.084,0.09,0.0615625,0.0665625,0.0305625,0.0295625,0.0575625,0.0575625,0.0535625,0.0545625,0.0525625,0.0545625,0.082,0.084,163802.9135625,45.4143958333333,0.0864375
45:40:03,23.7,0.085,0.086,0.087,0.087,0.088,0.085,0.086,0.085,0.092,0.09,0.087,0.085,0.0555625,0.0595625,0.0565625,0.0485625,0.0395625,0.0405625,0.0385625,0.0395625,0.0345625,0.0645625,0.0605625,0.0565625,0.0455625,0.0655625,0.0555625,0.0575625,0.0445625,0.0485625,0.0365625,0.0395625,0.0345625,0.0625625,0.0575625,0.0595625,0.0465625,0.0605625,0.0565625,0.0565625,0.0495625,0.0485625,0.0365625,0.0425625,0.0365625,0.0765625,0.0625625,0.0595625,0.0225625,0.0655625,0.0625625,0.0525625,0.0525625,0.0465625,0.0365625,0.0435625,0.0395625,0.0615625,0.0575625,0.0545625,0.0195625,0.0615625,0.0585625,0.0505625,0.0475625,0.0525625,0.0355625,0.0435625,0.0385625,0.0635625,0.0645625,0.0645625,0.0235625,0.0635625,0.0225625,0.0515625,0.0615625,0.0625625,0.0315625,0.0645625,0.0655625,0.0625625,0.084,0.09,0.0615625,0.0675625,0.0305625,0.0295625,0.0575625,0.0575625,0.0525625,0.0545625,0.0525625,0.0545625,0.082,0.084,164402.9135625,45.5810625,0.0864375
45:50:03,23.7,0.085,0.086,0.087,0.087,0.088,0.085,0.086,0.085,0.092,0.09,0.087,0.085,0.0555625,0.0585625,0.0565625,0.0485625,0.0395625,0.0405625,0.0385625,0.0395625,0.0345625,0.0645625,0.0605625,0.0565625,0.0455625,0.0655625,0.0555625,0.0575625,0.0455625,0.0485625,0.0365625,0.0395625,0.0345625,0.0625625,0.0575625,0.0595625,0.0465625,0.0605625,0.0565625,0.0565625,0.0505625,0.0485625,0.0365625,0.0425625,0.0365625,0.0765625,0.0625625,0.0595625,0.0225625,0.0655625,0.0625625,0.0525625,0.0525625,0.0465625,0.0365625,0.0435625,0.0395625,0.0615625,0.0575625,0.0545625,0.0195625,0.0615625,0.0585625,0.0505625,0.0485625,0.0535625,0.0355625,0.0435625,0.0385625,0.0635625,0.0645625,0.0645625,0.0235625,0.0635625,0.0225625,0.0515625,0.0615625,0.0625625,0.0315625,0.0645625,0.0655625,0.0625625,0.084,0.09,0.0615625,0.0675625,0.0305625,0.0295625,0.0575625,0.0575625,0.0535625,0.0545625,0.0525625,0.0545625,0.082,0.084,165002.9135625,45.7477291666667,0.0864375
46:00:03,23.7,0.085,0.086,0.087,0.087,0.088,0.085,0.086,0.085,0.092,0.09,0.087,0.085,0.0555625,0.0585625,0.0565625,0.0495625,0.0395625,0.0405625,0.0385625,0.0395625,0.0345625,0.0645625,0.0605625,0.0565625,0.0455625,0.0655625,0.0555625,0.0575625,0.0445625,0.0485625,0.0365625,0.0395625,0.0345625,0.0625625,0.0575625,0.0595625,0.0465625,0.0605625,0.0565625,0.0565625,0.0505625,0.0485625,0.0365625,0.0425625,0.0365625,0.0765625,0.0625625,0.0595625,0.0225625,0.0655625,0.0625625,0.0535625,0.0525625,0.0475625,0.0365625,0.0435625,0.0395625,0.0615625,0.0575625,0.0555625,0.0195625,0.0615625,0.0585625,0.0505625,0.0485625,0.0535625,0.0355625,0.0435625,0.0385625,0.0635625,0.0645625,0.0645625,0.0235625,0.0635625,0.0225625,0.0515625,0.0615625,0.0625625,0.0315625,0.0645625,0.0655625,0.0635625,0.084,0.09,0.0615625,0.0675625,0.0305625,0.0295625,0.0575625,0.0575625,0.0535625,0.0545625,0.0525625,0.0545625,0.082,0.084,165602.9135625,45.9143958333333,0.0864375
46:10:03,23.7,0.085,0.086,0.087,0.087,0.088,0.085,0.086,0.085,0.092,0.09,0.087,0.085,0.0555625,0.0585625,0.0565625,0.0495625,0.0395625,0.0405625,0.0385625,0.0395625,0.0345625,0.0645625,0.0605625,0.0565625,0.0455625,0.0655625,0.0555625,0.0575625,0.0455625,0.0485625,0.0365625,0.0395625,0.0345625,0.0625625,0.0575625,0.0595625,0.0465625,0.0605625,0.0565625,0.0565625,0.0505625,0.0485625,0.0365625,0.0425625,0.0365625,0.0765625,0.0625625,0.0595625,0.0225625,0.0655625,0.0625625,0.0525625,0.0525625,0.0475625,0.0365625,0.0425625,0.0395625,0.0615625,0.0575625,0.0545625,0.0195625,0.0615625,0.0585625,0.0505625,0.0485625,0.0535625,0.0355625,0.0435625,0.0385625,0.0635625,0.0645625,0.0655625,0.0235625,0.0635625,0.0225625,0.0515625,0.0615625,0.0615625,0.0315625,0.0645625,0.0655625,0.0625625,0.084,0.09,0.0615625,0.0675625,0.0305625,0.0295625,0.0575625,0.0575625,0.0535625,0.0545625,0.0525625,0.0545625,0.082,0.084,166202.9135625,46.0810625,0.0864375
46:20:03,23.7,0.085,0.086,0.087,0.087,0.088,0.085,0.086,0.085,0.092,0.09,0.086,0.085,0.055625,0.058625,0.056625,0.049625,0.039625,0.041625,0.038625,0.039625,0.034625,0.064625,0.060625,0.056625,0.045625,0.065625,0.055625,0.057625,0.045625,0.048625,0.036625,0.039625,0.034625,0.062625,0.057625,0.059625,0.046625,0.059625,0.056625,0.056625,0.050625,0.049625,0.036625,0.042625,0.036625,0.076625,0.062625,0.059625,0.022625,0.065625,0.062625,0.053625,0.052625,0.047625,0.036625,0.043625,0.039625,0.061625,0.057625,0.054625,0.019625,0.061625,0.058625,0.050625,0.048625,0.053625,0.035625,0.043625,0.038625,0.063625,0.064625,0.064625,0.023625,0.063625,0.022625,0.051625,0.061625,0.062625,0.031625,0.064625,0.065625,0.063625,0.084,0.09,0.061625,0.067625,0.030625,0.029625,0.057625,0.057625,0.053625,0.054625,0.052625,0.054625,0.082,0.084,166802.913625,46.2477916666667,0.086375
46:30:03,23.7,0.085,0.086,0.087,0.087,0.088,0.085,0.086,0.085,0.092,0.09,0.087,0.085,0.0555625,0.0585625,0.0565625,0.0495625,0.0395625,0.0405625,0.0385625,0.0385625,0.0345625,0.0645625,0.0605625,0.0565625,0.0455625,0.0655625,0.0555625,0.0575625,0.0455625,0.0485625,0.0365625,0.0395625,0.0345625,0.0625625,0.0575625,0.0595625,0.0465625,0.0595625,0.0565625,0.0565625,0.0505625,0.0495625,0.0365625,0.0425625,0.0365625,0.0765625,0.0625625,0.0595625,0.0225625,0.0655625,0.0625625,0.0535625,0.0525625,0.0475625,0.0365625,0.0425625,0.0395625,0.0615625,0.0575625,0.0545625,0.0195625,0.0605625,0.0585625,0.0505625,0.0485625,0.0535625,0.0355625,0.0435625,0.0385625,0.0635625,0.0645625,0.0645625,0.0235625,0.0635625,0.0225625,0.0515625,0.0615625,0.0625625,0.0315625,0.0645625,0.0655625,0.0635625,0.084,0.09,0.0615625,0.0675625,0.0305625,0.0295625,0.0575625,0.0575625,0.0525625,0.0545625,0.0525625,0.0545625,0.082,0.084,167402.9135625,46.4143958333333,0.0864375
46:40:03,23.7,0.085,0.086,0.087,0.087,0.088,0.085,0.086,0.085,0.092,0.09,0.087,0.085,0.0555625,0.0585625,0.0565625,0.0495625,0.0395625,0.0405625,0.0385625,0.0395625,0.0345625,0.0645625,0.0605625,0.0565625,0.0455625,0.0655625,0.0555625,0.0575625,0.0455625,0.0485625,0.0365625,0.0395625,0.0345625,0.0625625,0.0575625,0.0595625,0.0465625,0.0595625,0.0565625,0.0565625,0.0505625,0.0495625,0.0365625,0.0415625,0.0365625,0.0765625,0.0625625,0.0595625,0.0225625,0.0655625,0.0625625,0.0535625,0.0525625,0.0475625,0.0365625,0.0435625,0.0395625,0.0615625,0.0575625,0.0545625,0.0195625,0.0605625,0.0585625,0.0505625,0.0485625,0.0535625,0.0355625,0.0435625,0.0375625,0.0635625,0.0645625,0.0655625,0.0235625,0.0635625,0.0225625,0.0515625,0.0615625,0.0625625,0.0315625,0.0645625,0.0655625,0.0635625,0.084,0.09,0.0625625,0.0675625,0.0305625,0.0295625,0.0575625,0.0575625,0.0525625,0.0545625,0.0525625,0.0545625,0.082,0.084,168002.9135625,46.5810625,0.0864375
46:50:03,23.7,0.085,0.086,0.087,0.087,0.088,0.085,0.086,0.085,0.092,0.09,0.087,0.085,0.0555625,0.0585625,0.0565625,0.0495625,0.0395625,0.0405625,0.0385625,0.0395625,0.0345625,0.0645625,0.0605625,0.0565625,0.0455625,0.0645625,0.0555625,0.0575625,0.0455625,0.0485625,0.0365625,0.0395625,0.0345625,0.0625625,0.0575625,0.0595625,0.0465625,0.0595625,0.0565625,0.0575625,0.0505625,0.0495625,0.0365625,0.0425625,0.0365625,0.0765625,0.0625625,0.0595625,0.0225625,0.0655625,0.0625625,0.0535625,0.0535625,0.0475625,0.0365625,0.0435625,0.0395625,0.0615625,0.0575625,0.0545625,0.0195625,0.0605625,0.0585625,0.0505625,0.0485625,0.0535625,0.0355625,0.0435625,0.0385625,0.0635625,0.0645625,0.0645625,0.0235625,0.0635625,0.0225625,0.0515625,0.0615625,0.0615625,0.0315625,0.0645625,0.0655625,0.0635625,0.084,0.09,0.0615625,0.0675625,0.0305625,0.0295625,0.0575625,0.0575625,0.0525625,0.0545625,0.0525625,0.0545625,0.082,0.084,168602.9135625,46.7477291666667,0.0864375
47:00:03,23.7,0.085,0.086,0.087,0.087,0.088,0.085,0.086,0.085,0.092,0.09,0.087,0.085,0.0555625,0.0585625,0.0565625,0.0495625,0.0395625,0.0415625,0.0385625,0.0385625,0.0345625,0.0645625,0.0605625,0.0565625,0.0455625,0.0645625,0.0555625,0.0585625,0.0455625,0.0485625,0.0365625,0.0395625,0.0345625,0.0625625,0.0575625,0.0595625,0.0465625,0.0595625,0.0565625,0.0575625,0.0505625,0.0495625,0.0365625,0.0415625,0.0365625,0.0765625,0.0625625,0.0595625,0.0225625,0.0655625,0.0625625,0.0535625,0.0535625,0.0475625,0.0365625,0.0425625,0.0395625,0.0615625,0.0575625,0.0545625,0.0195625,0.0605625,0.0585625,0.0515625,0.0485625,0.0535625,0.0355625,0.0435625,0.0385625,0.0635625,0.0645625,0.0645625,0.0235625,0.0635625,0.0225625,0.0515625,0.0615625,0.0615625,0.0315625,0.0645625,0.0655625,0.0635625,0.084,0.09,0.0615625,0.0675625,0.0305625,0.0295625,0.0575625,0.0575625,0.0525625,0.0545625,0.0525625,0.0545625,0.082,0.084,169202.9135625,46.9143958333333,0.0864375
47:10:03,23.7,0.085,0.086,0.087,0.087,0.088,0.085,0.086,0.085,0.092,0.09,0.087,0.085,0.0555625,0.0585625,0.0565625,0.0495625,0.0395625,0.0415625,0.0385625,0.0385625,0.0345625,0.0645625,0.0605625,0.0575625,0.0445625,0.0655625,0.0555625,0.0585625,0.0455625,0.0485625,0.0365625,0.0385625,0.0345625,0.0625625,0.0575625,0.0595625,0.0465625,0.0595625,0.0565625,0.0575625,0.0505625,0.0495625,0.0365625,0.0415625,0.0365625,0.0765625,0.0625625,0.0595625,0.0225625,0.0655625,0.0625625,0.0535625,0.0535625,0.0475625,0.0365625,0.0435625,0.0395625,0.0615625,0.0575625,0.0545625,0.0195625,0.0605625,0.0585625,0.0505625,0.0485625,0.0535625,0.0355625,0.0435625,0.0385625,0.0635625,0.0645625,0.0645625,0.0235625,0.0635625,0.0225625,0.0515625,0.0615625,0.0615625,0.0315625,0.0645625,0.0655625,0.0625625,0.084,0.09,0.0615625,0.0675625,0.0305625,0.0295625,0.0575625,0.0575625,0.0525625,0.0545625,0.0525625,0.0545625,0.082,0.084,169802.9135625,47.0810625,0.0864375
47:20:03,23.7,0.085,0.086,0.087,0.087,0.088,0.085,0.086,0.085,0.092,0.09,0.087,0.085,0.0555625,0.0585625,0.0565625,0.0495625,0.0395625,0.0415625,0.0385625,0.0385625,0.0345625,0.0645625,0.0605625,0.0565625,0.0455625,0.0645625,0.0565625,0.0585625,0.0455625,0.0495625,0.0365625,0.0385625,0.0345625,0.0625625,0.0575625,0.0595625,0.0465625,0.0595625,0.0565625,0.0575625,0.0505625,0.0495625,0.0365625,0.0415625,0.0365625,0.0765625,0.0625625,0.0595625,0.0225625,0.0655625,0.0625625,0.0535625,0.0535625,0.0475625,0.0365625,0.0425625,0.0395625,0.0615625,0.0575625,0.0545625,0.0195625,0.0605625,0.0585625,0.0515625,0.0485625,0.0535625,0.0355625,0.0435625,0.0375625,0.0635625,0.0645625,0.0655625,0.0235625,0.0635625,0.0225625,0.0515625,0.0615625,0.0625625,0.0315625,0.0645625,0.0655625,0.0635625,0.084,0.09,0.0615625,0.0675625,0.0305625,0.0295625,0.0575625,0.0575625,0.0525625,0.0545625,0.0525625,0.0545625,0.082,0.084,170402.9135625,47.2477291666667,0.0864375
47:30:03,23.7,0.085,0.086,0.087,0.087,0.088,0.085,0.086,0.085,0.092,0.09,0.087,0.085,0.0555625,0.0585625,0.0565625,0.0495625,0.0395625,0.0415625,0.0375625,0.0385625,0.0345625,0.0645625,0.0605625,0.0565625,0.0445625,0.0645625,0.0565625,0.0585625,0.0455625,0.0495625,0.0365625,0.0395625,0.0345625,0.0625625,0.0575625,0.0595625,0.0465625,0.0595625,0.0565625,0.0575625,0.0505625,0.0495625,0.0365625,0.0415625,0.0365625,0.0765625,0.0625625,0.0605625,0.0225625,0.0655625,0.0625625,0.0535625,0.0535625,0.0475625,0.0365625,0.0425625,0.0395625,0.0615625,0.0575625,0.0545625,0.0195625,0.0605625,0.0585625,0.0515625,0.0485625,0.0535625,0.0355625,0.0435625,0.0385625,0.0635625,0.0645625,0.0645625,0.0235625,0.0635625,0.0225625,0.0515625,0.0615625,0.0625625,0.0315625,0.0645625,0.0655625,0.0635625,0.084,0.09,0.0615625,0.0675625,0.0305625,0.0295625,0.0575625,0.0575625,0.0525625,0.0545625,0.0525625,0.0545625,0.082,0.084,171002.9135625,47.4143958333333,0.0864375
47:40:03,23.7,0.085,0.086,0.087,0.087,0.088,0.085,0.086,0.085,0.092,0.09,0.087,0.085,0.0555625,0.0585625,0.0565625,0.0495625,0.0405625,0.0415625,0.0375625,0.0385625,0.0345625,0.0645625,0.0605625,0.0575625,0.0445625,0.0645625,0.0565625,0.0585625,0.0455625,0.0495625,0.0365625,0.0395625,0.0345625,0.0625625,0.0575625,0.0595625,0.0465625,0.0595625,0.0565625,0.0575625,0.0505625,0.0495625,0.0365625,0.0415625,0.0365625,0.0765625,0.0625625,0.0595625,0.0225625,0.0655625,0.0625625,0.0535625,0.0535625,0.0485625,0.0365625,0.0425625,0.0395625,0.0615625,0.0575625,0.0555625,0.0195625,0.0605625,0.0585625,0.0515625,0.0485625,0.0535625,0.0355625,0.0435625,0.0385625,0.0635625,0.0645625,0.0645625,0.0235625,0.0635625,0.0225625,0.0515625,0.0615625,0.0625625,0.0315625,0.0645625,0.0655625,0.0635625,0.084,0.09,0.0615625,0.0675625,0.0305625,0.0295625,0.0575625,0.0575625,0.0525625,0.0545625,0.0525625,0.0545625,0.082,0.084,171602.9135625,47.5810625,0.0864375
47:50:03,23.7,0.085,0.086,0.087,0.087,0.088,0.085,0.086,0.085,0.092,0.09,0.087,0.085,0.0555625,0.0585625,0.0565625,0.0495625,0.0405625,0.0415625,0.0375625,0.0385625,0.0345625,0.0645625,0.0605625,0.0565625,0.0445625,0.0645625,0.0565625,0.0585625,0.0455625,0.0495625,0.0365625,0.0395625,0.0345625,0.0625625,0.0575625,0.0595625,0.0465625,0.0595625,0.0565625,0.0575625,0.0505625,0.0495625,0.0365625,0.0415625,0.0365625,0.0765625,0.0625625,0.0605625,0.0225625,0.0655625,0.0625625,0.0535625,0.0535625,0.0485625,0.0365625,0.0435625,0.0395625,0.0615625,0.0575625,0.0555625,0.0195625,0.0605625,0.0585625,0.0515625,0.0485625,0.0535625,0.0355625,0.0435625,0.0375625,0.0635625,0.0645625,0.0645625,0.0235625,0.0635625,0.0225625,0.0515625,0.0615625,0.0615625,0.0315625,0.0645625,0.0655625,0.0635625,0.084,0.09,0.0615625,0.0675625,0.0305625,0.0295625,0.0575625,0.0575625,0.0525625,0.0545625,0.0525625,0.0545625,0.082,0.084,172202.9135625,47.7477291666667,0.0864375
48:00:03,23.7,0.085,0.086,0.087,0.087,0.088,0.085,0.086,0.085,0.092,0.09,0.087,0.085,0.0555625,0.0585625,0.0565625,0.0495625,0.0405625,0.0415625,0.0375625,0.0385625,0.0345625,0.0645625,0.0605625,0.0575625,0.0445625,0.0645625,0.0565625,0.0585625,0.0465625,0.0495625,0.0365625,0.0395625,0.0345625,0.0625625,0.0575625,0.0595625,0.0465625,0.0595625,0.0565625,0.0575625,0.0505625,0.0495625,0.0365625,0.0415625,0.0365625,0.0765625,0.0625625,0.0605625,0.0225625,0.0655625,0.0625625,0.0535625,0.0535625,0.0485625,0.0365625,0.0425625,0.0395625,0.0615625,0.0575625,0.0545625,0.0195625,0.0605625,0.0575625,0.0515625,0.0485625,0.0535625,0.0355625,0.0435625,0.0385625,0.0635625,0.0645625,0.0645625,0.0235625,0.0635625,0.0225625,0.0525625,0.0615625,0.0625625,0.0315625,0.0645625,0.0655625,0.0635625,0.084,0.09,0.0615625,0.0675625,0.0295625,0.0295625,0.0565625,0.0575625,0.0525625,0.0545625,0.0525625,0.0545625,0.082,0.084,172802.9135625,47.9143958333333,0.0864375
48:10:03,23.7,0.085,0.086,0.087,0.087,0.088,0.085,0.086,0.085,0.092,0.09,0.087,0.085,0.0555625,0.0585625,0.0565625,0.0495625,0.0405625,0.0415625,0.0375625,0.0385625,0.0345625,0.0645625,0.0605625,0.0565625,0.0445625,0.0645625,0.0565625,0.0585625,0.0465625,0.0495625,0.0365625,0.0385625,0.0345625,0.0625625,0.0575625,0.0595625,0.0465625,0.0595625,0.0565625,0.0575625,0.0515625,0.0505625,0.0365625,0.0415625,0.0365625,0.0765625,0.0625625,0.0595625,0.0225625,0.0645625,0.0625625,0.0535625,0.0535625,0.0485625,0.0365625,0.0425625,0.0395625,0.0615625,0.0575625,0.0555625,0.0195625,0.0605625,0.0585625,0.0515625,0.0495625,0.0535625,0.0355625,0.0435625,0.0385625,0.0635625,0.0645625,0.0655625,0.0235625,0.0635625,0.0225625,0.0515625,0.0615625,0.0615625,0.0315625,0.0645625,0.0655625,0.0635625,0.084,0.09,0.0615625,0.0675625,0.0295625,0.0295625,0.0565625,0.0575625,0.0525625,0.0545625,0.0525625,0.0545625,0.082,0.084,173402.9135625,48.0810625,0.0864375
48:20:03,23.7,0.085,0.086,0.087,0.087,0.088,0.085,0.086,0.085,0.092,0.09,0.086,0.085,0.055625,0.058625,0.056625,0.049625,0.040625,0.041625,0.037625,0.038625,0.034625,0.064625,0.060625,0.057625,0.044625,0.064625,0.056625,0.058625,0.046625,0.049625,0.036625,0.038625,0.034625,0.062625,0.057625,0.059625,0.046625,0.059625,0.056625,0.057625,0.050625,0.050625,0.036625,0.041625,0.036625,0.076625,0.062625,0.059625,0.022625,0.064625,0.062625,0.053625,0.053625,0.048625,0.036625,0.042625,0.039625,0.061625,0.057625,0.055625,0.019625,0.060625,0.058625,0.051625,0.049625,0.053625,0.035625,0.043625,0.038625,0.063625,0.064625,0.064625,0.023625,0.063625,0.022625,0.051625,0.061625,0.061625,0.031625,0.064625,0.065625,0.063625,0.084,0.09,0.061625,0.067625,0.029625,0.029625,0.056625,0.057625,0.052625,0.054625,0.052625,0.054625,0.082,0.084,174002.913625,48.2477916666667,0.086375
48:30:03,23.7,0.085,0.086,0.087,0.087,0.088,0.085,0.086,0.085,0.092,0.09,0.087,0.085,0.0555625,0.0585625,0.0565625,0.0495625,0.0405625,0.0415625,0.0375625,0.0385625,0.0335625,0.0645625,0.0605625,0.0575625,0.0445625,0.0645625,0.0565625,0.0585625,0.0465625,0.0495625,0.0365625,0.0385625,0.0345625,0.0625625,0.0575625,0.0595625,0.0465625,0.0595625,0.0565625,0.0575625,0.0515625,0.0505625,0.0365625,0.0415625,0.0365625,0.0765625,0.0625625,0.0605625,0.0225625,0.0645625,0.0625625,0.0535625,0.0535625,0.0485625,0.0365625,0.0425625,0.0395625,0.0615625,0.0575625,0.0555625,0.0195625,0.0605625,0.0575625,0.0515625,0.0495625,0.0535625,0.0355625,0.0435625,0.0385625,0.0635625,0.0645625,0.0645625,0.0225625,0.0635625,0.0225625,0.0515625,0.0615625,0.0625625,0.0315625,0.0645625,0.0655625,0.0635625,0.084,0.09,0.0615625,0.0675625,0.0295625,0.0295625,0.0565625,0.0575625,0.0525625,0.0535625,0.0525625,0.0545625,0.082,0.084,174602.9135625,48.4143958333333,0.0864375
48:40:03,23.7,0.085,0.086,0.087,0.087,0.088,0.085,0.086,0.085,0.092,0.09,0.087,0.085,0.0555625,0.0585625,0.0565625,0.0505625,0.0405625,0.0415625,0.0375625,0.0385625,0.0335625,0.0645625,0.0605625,0.0575625,0.0445625,0.0645625,0.0565625,0.0585625,0.0465625,0.0495625,0.0365625,0.0385625,0.0345625,0.0625625,0.0575625,0.0595625,0.0465625,0.0595625,0.0565625,0.0575625,0.0515625,0.0505625,0.0365625,0.0415625,0.0365625,0.0765625,0.0625625,0.0605625,0.0225625,0.0645625,0.0625625,0.0535625,0.0535625,0.0485625,0.0365625,0.0425625,0.0395625,0.0615625,0.0575625,0.0555625,0.0195625,0.0605625,0.0575625,0.0515625,0.0495625,0.0535625,0.0355625,0.0435625,0.0385625,0.0635625,0.0645625,0.0655625,0.0235625,0.0635625,0.0225625,0.0525625,0.0615625,0.0615625,0.0315625,0.0645625,0.0655625,0.0635625,0.084,0.09,0.0615625,0.0675625,0.0295625,0.0295625,0.0565625,0.0575625,0.0525625,0.0545625,0.0525625,0.0545625,0.082,0.084,175202.9135625,48.5810625,0.0864375
48:50:03,23.7,0.085,0.086,0.087,0.087,0.088,0.085,0.086,0.085,0.092,0.09,0.087,0.085,0.0555625,0.0585625,0.0565625,0.0505625,0.0405625,0.0415625,0.0375625,0.0385625,0.0335625,0.0645625,0.0605625,0.0575625,0.0445625,0.0645625,0.0565625,0.0585625,0.0465625,0.0495625,0.0365625,0.0385625,0.0345625,0.0625625,0.0575625,0.0595625,0.0465625,0.0595625,0.0565625,0.0575625,0.0515625,0.0505625,0.0365625,0.0415625,0.0365625,0.0765625,0.0625625,0.0595625,0.0225625,0.0645625,0.0625625,0.0535625,0.0535625,0.0495625,0.0365625,0.0425625,0.0395625,0.0615625,0.0575625,0.0555625,0.0195625,0.0605625,0.0575625,0.0515625,0.0495625,0.0535625,0.0355625,0.0435625,0.0385625,0.0635625,0.0645625,0.0645625,0.0225625,0.0635625,0.0225625,0.0525625,0.0615625,0.0625625,0.0315625,0.0645625,0.0655625,0.0635625,0.084,0.09,0.0615625,0.0675625,0.0295625,0.0295625,0.0575625,0.0565625,0.0525625,0.0535625,0.0525625,0.0545625,0.082,0.084,175802.9135625,48.7477291666667,0.0864375
49:00:03,23.7,0.085,0.086,0.087,0.087,0.088,0.085,0.086,0.085,0.092,0.09,0.087,0.085,0.0555625,0.0585625,0.0565625,0.0505625,0.0405625,0.0425625,0.0375625,0.0385625,0.0335625,0.0645625,0.0605625,0.0575625,0.0445625,0.0645625,0.0565625,0.0585625,0.0465625,0.0495625,0.0365625,0.0385625,0.0345625,0.0625625,0.0575625,0.0595625,0.0465625,0.0595625,0.0565625,0.0575625,0.0515625,0.0505625,0.0365625,0.0415625,0.0365625,0.0765625,0.0625625,0.0605625,0.0225625,0.0645625,0.0625625,0.0535625,0.0545625,0.0495625,0.0365625,0.0425625,0.0395625,0.0615625,0.0575625,0.0545625,0.0195625,0.0605625,0.0585625,0.0515625,0.0495625,0.0535625,0.0355625,0.0435625,0.0385625,0.0635625,0.0645625,0.0655625,0.0235625,0.0635625,0.0225625,0.0525625,0.0615625,0.0625625,0.0315625,0.0645625,0.0655625,0.0635625,0.084,0.09,0.0615625,0.0675625,0.0295625,0.0295625,0.0565625,0.0575625,0.0525625,0.0545625,0.0525625,0.0545625,0.082,0.084,176402.9135625,48.9143958333333,0.0864375
49:10:03,23.7,0.085,0.086,0.087,0.087,0.088,0.085,0.086,0.085,0.092,0.09,0.087,0.085,0.0555625,0.0585625,0.0565625,0.0505625,0.0405625,0.0425625,0.0375625,0.0385625,0.0335625,0.0645625,0.0605625,0.0575625,0.0445625,0.0645625,0.0565625,0.0585625,0.0465625,0.0505625,0.0365625,0.0385625,0.0345625,0.0625625,0.0575625,0.0595625,0.0465625,0.0595625,0.0565625,0.0585625,0.0515625,0.0505625,0.0365625,0.0415625,0.0365625,0.0765625,0.0625625,0.0605625,0.0225625,0.0645625,0.0625625,0.0545625,0.0545625,0.0495625,0.0365625,0.0425625,0.0395625,0.0615625,0.0575625,0.0555625,0.0185625,0.0605625,0.0575625,0.0515625,0.0495625,0.0535625,0.0355625,0.0435625,0.0385625,0.0635625,0.0645625,0.0645625,0.0225625,0.0635625,0.0225625,0.0525625,0.0615625,0.0625625,0.0315625,0.0645625,0.0655625,0.0635625,0.084,0.09,0.0615625,0.0675625,0.0295625,0.0295625,0.0565625,0.0565625,0.0525625,0.0545625,0.0525625,0.0545625,0.082,0.084,177002.9135625,49.0810625,0.0864375
49:20:03,23.7,0.085,0.086,0.087,0.087,0.088,0.085,0.086,0.085,0.092,0.09,0.086,0.085,0.055625,0.058625,0.056625,0.050625,0.040625,0.042625,0.037625,0.038625,0.033625,0.064625,0.060625,0.057625,0.044625,0.064625,0.056625,0.059625,0.046625,0.050625,0.036625,0.038625,0.034625,0.062625,0.056625,0.059625,0.046625,0.058625,0.056625,0.058625,0.051625,0.050625,0.036625,0.041625,0.036625,0.076625,0.062625,0.060625,0.021625,0.064625,0.062625,0.054625,0.054625,0.049625,0.036625,0.042625,0.039625,0.061625,0.057625,0.054625,0.018625,0.060625,0.057625,0.051625,0.049625,0.053625,0.035625,0.042625,0.037625,0.063625,0.064625,0.064625,0.022625,0.063625,0.021625,0.052625,0.061625,0.062625,0.031625,0.064625,0.065625,0.063625,0.084,0.09,0.061625,0.067625,0.029625,0.028625,0.056625,0.056625,0.052625,0.054625,0.052625,0.054625,0.082,0.084,177602.913625,49.2477916666667,0.086375
49:30:03,23.8,0.085,0.086,0.087,0.087,0.088,0.085,0.086,0.085,0.092,0.09,0.087,0.085,0.0555625,0.0585625,0.0565625,0.0505625,0.0405625,0.0425625,0.0375625,0.0385625,0.0345625,0.0645625,0.0615625,0.0575625,0.0445625,0.0645625,0.0565625,0.0595625,0.0465625,0.0505625,0.0365625,0.0385625,0.0345625,0.0625625,0.0575625,0.0595625,0.0465625,0.0585625,0.0565625,0.0585625,0.0515625,0.0515625,0.0365625,0.0415625,0.0365625,0.0765625,0.0625625,0.0605625,0.0215625,0.0645625,0.0625625,0.0545625,0.0545625,0.0495625,0.0365625,0.0425625,0.0395625,0.0615625,0.0575625,0.0555625,0.0185625,0.0605625,0.0585625,0.0515625,0.0495625,0.0535625,0.0355625,0.0435625,0.0375625,0.0635625,0.0645625,0.0645625,0.0225625,0.0635625,0.0215625,0.0525625,0.0615625,0.0625625,0.0315625,0.0645625,0.0655625,0.0635625,0.084,0.09,0.0615625,0.0675625,0.0295625,0.0285625,0.0565625,0.0565625,0.0525625,0.0535625,0.0525625,0.0545625,0.082,0.084,178202.9135625,49.4143958333333,0.0864375
49:40:03,23.8,0.085,0.086,0.087,0.087,0.088,0.085,0.086,0.085,0.092,0.09,0.087,0.085,0.0555625,0.0585625,0.0565625,0.0505625,0.0405625,0.0425625,0.0375625,0.0385625,0.0335625,0.0645625,0.0615625,0.0575625,0.0445625,0.0645625,0.0565625,0.0595625,0.0465625,0.0505625,0.0365625,0.0385625,0.0345625,0.0625625,0.0575625,0.0595625,0.0465625,0.0585625,0.0565625,0.0585625,0.0515625,0.0515625,0.0365625,0.0415625,0.0365625,0.0765625,0.0625625,0.0605625,0.0225625,0.0645625,0.0625625,0.0545625,0.0545625,0.0495625,0.0365625,0.0425625,0.0395625,0.0615625,0.0585625,0.0555625,0.0185625,0.0605625,0.0585625,0.0515625,0.0495625,0.0535625,0.0355625,0.0435625,0.0385625,0.0635625,0.0655625,0.0645625,0.0225625,0.0635625,0.0215625,0.0525625,0.0615625,0.0625625,0.0315625,0.0645625,0.0655625,0.0635625,0.084,0.09,0.0615625,0.0675625,0.0295625,0.0285625,0.0565625,0.0565625,0.0525625,0.0545625,0.0525625,0.0545625,0.082,0.084,178802.9135625,49.5810625,0.0864375
49:50:03,23.8,0.085,0.086,0.087,0.087,0.088,0.085,0.086,0.085,0.092,0.09,0.087,0.085,0.0555625,0.0585625,0.0565625,0.0505625,0.0405625,0.0425625,0.0375625,0.0385625,0.0335625,0.0645625,0.0615625,0.0575625,0.0445625,0.0645625,0.0565625,0.0595625,0.0465625,0.0505625,0.0365625,0.0385625,0.0345625,0.0625625,0.0575625,0.0595625,0.0465625,0.0585625,0.0565625,0.0585625,0.0515625,0.0515625,0.0365625,0.0415625,0.0365625,0.0765625,0.0625625,0.0605625,0.0215625,0.0645625,0.0625625,0.0545625,0.0545625,0.0495625,0.0365625,0.0425625,0.0385625,0.0615625,0.0575625,0.0555625,0.0185625,0.0595625,0.0585625,0.0515625,0.0495625,0.0535625,0.0355625,0.0425625,0.0375625,0.0635625,0.0655625,0.0645625,0.0225625,0.0635625,0.0215625,0.0525625,0.0615625,0.0625625,0.0315625,0.0645625,0.0655625,0.0635625,0.084,0.09,0.0625625,0.0675625,0.0295625,0.0285625,0.0565625,0.0565625,0.0515625,0.0545625,0.0525625,0.0545625,0.082,0.084,179402.9135625,49.7477291666667,0.0864375
50:00:03,23.8,0.085,0.086,0.087,0.087,0.088,0.085,0.086,0.085,0.092,0.09,0.087,0.085,0.0555625,0.0585625,0.0565625,0.0505625,0.0405625,0.0425625,0.0375625,0.0385625,0.0335625,0.0645625,0.0605625,0.0575625,0.0445625,0.0645625,0.0565625,0.0595625,0.0465625,0.0505625,0.0365625,0.0385625,0.0345625,0.0625625,0.0575625,0.0595625,0.0465625,0.0585625,0.0565625,0.0585625,0.0515625,0.0515625,0.0365625,0.0415625,0.0365625,0.0765625,0.0625625,0.0605625,0.0215625,0.0645625,0.0625625,0.0545625,0.0545625,0.0495625,0.0365625,0.0425625,0.0385625,0.0615625,0.0575625,0.0555625,0.0185625,0.0595625,0.0575625,0.0515625,0.0495625,0.0535625,0.0345625,0.0425625,0.0385625,0.0635625,0.0645625,0.0655625,0.0225625,0.0635625,0.0215625,0.0525625,0.0615625,0.0625625,0.0305625,0.0645625,0.0655625,0.0635625,0.084,0.09,0.0615625,0.0675625,0.0295625,0.0285625,0.0565625,0.0565625,0.0515625,0.0545625,0.0525625,0.0545625,0.082,0.084,180002.9135625,49.9143958333333,0.0864375
50:10:03,23.8,0.085,0.086,0.087,0.087,0.088,0.085,0.086,0.085,0.092,0.09,0.087,0.085,0.0555625,0.0585625,0.0565625,0.0505625,0.0405625,0.0425625,0.0375625,0.0385625,0.0335625,0.0645625,0.0605625,0.0575625,0.0445625,0.0645625,0.0565625,0.0595625,0.0465625,0.0515625,0.0365625,0.0385625,0.0345625,0.0625625,0.0575625,0.0605625,0.0465625,0.0585625,0.0565625,0.0585625,0.0515625,0.0515625,0.0365625,0.0415625,0.0365625,0.0765625,0.0625625,0.0605625,0.0215625,0.0645625,0.0625625,0.0545625,0.0545625,0.0495625,0.0365625,0.0425625,0.0395625,0.0615625,0.0575625,0.0555625,0.0185625,0.0595625,0.0575625,0.0515625,0.0505625,0.0535625,0.0355625,0.0425625,0.0385625,0.0635625,0.0655625,0.0645625,0.0225625,0.0635625,0.0215625,0.0525625,0.0615625,0.0625625,0.0315625,0.0645625,0.0655625,0.0635625,0.084,0.09,0.0615625,0.0675625,0.0295625,0.0285625,0.0565625,0.0565625,0.0515625,0.0545625,0.0525625,0.0545625,0.082,0.084,180602.9135625,50.0810625,0.0864375
50:20:03,23.8,0.085,0.086,0.087,0.087,0.088,0.085,0.086,0.085,0.092,0.09,0.087,0.085,0.0555625,0.0585625,0.0565625,0.0505625,0.0405625,0.0425625,0.0375625,0.0385625,0.0335625,0.0645625,0.0615625,0.0575625,0.0445625,0.0645625,0.0565625,0.0595625,0.0465625,0.0515625,0.0365625,0.0385625,0.0345625,0.0625625,0.0575625,0.0595625,0.0465625,0.0585625,0.0565625,0.0585625,0.0515625,0.0515625,0.0365625,0.0415625,0.0365625,0.0765625,0.0625625,0.0605625,0.0215625,0.0645625,0.0625625,0.0545625,0.0545625,0.0495625,0.0365625,0.0425625,0.0395625,0.0615625,0.0575625,0.0555625,0.0185625,0.0595625,0.0575625,0.0515625,0.0505625,0.0535625,0.0355625,0.0435625,0.0385625,0.0635625,0.0655625,0.0645625,0.0225625,0.0635625,0.0215625,0.0525625,0.0615625,0.0625625,0.0315625,0.0645625,0.0655625,0.0635625,0.084,0.09,0.0625625,0.0675625,0.0295625,0.0285625,0.0565625,0.0565625,0.0515625,0.0535625,0.0525625,0.0545625,0.082,0.084,181202.9135625,50.2477291666667,0.0864375
50:30:03,23.8,0.085,0.086,0.087,0.087,0.088,0.085,0.086,0.085,0.092,0.09,0.087,0.085,0.0555625,0.0585625,0.0565625,0.0505625,0.0405625,0.0425625,0.0375625,0.0385625,0.0335625,0.0645625,0.0615625,0.0575625,0.0445625,0.0645625,0.0565625,0.0605625,0.0475625,0.0515625,0.0365625,0.0385625,0.0345625,0.0625625,0.0575625,0.0605625,0.0465625,0.0585625,0.0565625,0.0595625,0.0515625,0.0515625,0.0365625,0.0415625,0.0365625,0.0765625,0.0625625,0.0605625,0.0215625,0.0645625,0.0625625,0.0545625,0.0545625,0.0495625,0.0365625,0.0425625,0.0385625,0.0615625,0.0575625,0.0555625,0.0185625,0.0595625,0.0575625,0.0525625,0.0505625,0.0535625,0.0355625,0.0425625,0.0385625,0.0635625,0.0655625,0.0645625,0.0225625,0.0635625,0.0215625,0.0525625,0.0615625,0.0625625,0.0315625,0.0645625,0.0655625,0.0635625,0.084,0.09,0.0625625,0.0675625,0.0295625,0.0285625,0.0555625,0.0565625,0.0515625,0.0545625,0.0525625,0.0545625,0.082,0.084,181802.9135625,50.4143958333333,0.0864375
50:40:03,23.8,0.085,0.086,0.087,0.087,0.088,0.085,0.086,0.085,0.092,0.09,0.087,0.085,0.0555625,0.0585625,0.0565625,0.0505625,0.0405625,0.0425625,0.0375625,0.0385625,0.0335625,0.0645625,0.0615625,0.0575625,0.0445625,0.0645625,0.0565625,0.0605625,0.0475625,0.0515625,0.0365625,0.0385625,0.0345625,0.0625625,0.0575625,0.0605625,0.0465625,0.0585625,0.0565625,0.0595625,0.0515625,0.0515625,0.0365625,0.0415625,0.0365625,0.0765625,0.0625625,0.0605625,0.0215625,0.0645625,0.0625625,0.0545625,0.0545625,0.0495625,0.0365625,0.0425625,0.0395625,0.0615625,0.0575625,0.0555625,0.0185625,0.0595625,0.0575625,0.0525625,0.0505625,0.0545625,0.0355625,0.0425625,0.0375625,0.0635625,0.0655625,0.0655625,0.0225625,0.0635625,0.0215625,0.0525625,0.0605625,0.0625625,0.0315625,0.0645625,0.0655625,0.0635625,0.084,0.09,0.0625625,0.0675625,0.0295625,0.0285625,0.0565625,0.0565625,0.0515625,0.0535625,0.0525625,0.0545625,0.082,0.084,182402.9135625,50.5810625,0.0864375
50:50:03,23.8,0.085,0.086,0.087,0.087,0.088,0.085,0.086,0.085,0.092,0.09,0.087,0.085,0.0555625,0.0585625,0.0565625,0.0505625,0.0415625,0.0425625,0.0375625,0.0385625,0.0335625,0.0645625,0.0615625,0.0575625,0.0445625,0.0645625,0.0565625,0.0605625,0.0475625,0.0515625,0.0365625,0.0385625,0.0345625,0.0625625,0.0575625,0.0605625,0.0465625,0.0585625,0.0565625,0.0595625,0.0525625,0.0515625,0.0365625,0.0415625,0.0365625,0.0765625,0.0625625,0.0605625,0.0215625,0.0645625,0.0625625,0.0545625,0.0545625,0.0495625,0.0365625,0.0425625,0.0395625,0.0615625,0.0575625,0.0555625,0.0185625,0.0595625,0.0575625,0.0525625,0.0505625,0.0545625,0.0355625,0.0425625,0.0385625,0.0635625,0.0645625,0.0655625,0.0225625,0.0635625,0.0215625,0.0525625,0.0615625,0.0625625,0.0315625,0.0645625,0.0655625,0.0635625,0.084,0.09,0.0625625,0.0675625,0.0295625,0.0285625,0.0555625,0.0565625,0.0515625,0.0545625,0.0525625,0.0545625,0.082,0.084,183002.9135625,50.7477291666667,0.0864375
51:00:03,23.8,0.085,0.086,0.087,0.087,0.088,0.085,0.086,0.085,0.092,0.09,0.087,0.085,0.0555625,0.0585625,0.0565625,0.0505625,0.0415625,0.0435625,0.0375625,0.0385625,0.0335625,0.0645625,0.0615625,0.0575625,0.0445625,0.0645625,0.0565625,0.0605625,0.0475625,0.0515625,0.0365625,0.0385625,0.0345625,0.0625625,0.0575625,0.0605625,0.0455625,0.0585625,0.0565625,0.0595625,0.0525625,0.0515625,0.0365625,0.0415625,0.0365625,0.0775625,0.0625625,0.0605625,0.0215625,0.0645625,0.0625625,0.0545625,0.0555625,0.0495625,0.0365625,0.0425625,0.0385625,0.0615625,0.0575625,0.0555625,0.0185625,0.0595625,0.0575625,0.0525625,0.0505625,0.0545625,0.0355625,0.0425625,0.0375625,0.0635625,0.0655625,0.0655625,0.0225625,0.0635625,0.0215625,0.0525625,0.0605625,0.0615625,0.0315625,0.0645625,0.0655625,0.0635625,0.084,0.09,0.0625625,0.0675625,0.0295625,0.0285625,0.0565625,0.0565625,0.0515625,0.0545625,0.0525625,0.0545625,0.082,0.084,183602.9135625,50.9143958333333,0.0864375
51:10:03,23.8,0.085,0.086,0.087,0.087,0.088,0.085,0.086,0.085,0.092,0.09,0.087,0.085,0.0555625,0.0585625,0.0565625,0.0505625,0.0415625,0.0425625,0.0375625,0.0385625,0.0335625,0.0645625,0.0615625,0.0575625,0.0445625,0.0645625,0.0575625,0.0605625,0.0475625,0.0515625,0.0365625,0.0385625,0.0345625,0.0625625,0.0575625,0.0605625,0.0455625,0.0585625,0.0565625,0.0595625,0.0525625,0.0525625,0.0365625,0.0415625,0.0365625,0.0765625,0.0625625,0.0605625,0.0215625,0.0645625,0.0625625,0.0545625,0.0555625,0.0495625,0.0365625,0.0425625,0.0395625,0.0615625,0.0575625,0.0555625,0.0185625,0.0595625,0.0585625,0.0525625,0.0505625,0.0545625,0.0345625,0.0425625,0.0385625,0.0635625,0.0655625,0.0645625,0.0225625,0.0635625,0.0215625,0.0525625,0.0605625,0.0615625,0.0315625,0.0645625,0.0655625,0.0635625,0.084,0.09,0.0625625,0.0675625,0.0295625,0.0285625,0.0555625,0.0565625,0.0515625,0.0535625,0.0525625,0.0545625,0.082,0.084,184202.9135625,51.0810625,0.0864375
51:20:03,23.8,0.085,0.086,0.087,0.087,0.088,0.085,0.086,0.085,0.092,0.09,0.087,0.085,0.0555625,0.0585625,0.0565625,0.0505625,0.0415625,0.0435625,0.0375625,0.0385625,0.0335625,0.0645625,0.0615625,0.0575625,0.0445625,0.0645625,0.0565625,0.0605625,0.0475625,0.0515625,0.0365625,0.0385625,0.0345625,0.0625625,0.0575625,0.0605625,0.0465625,0.0585625,0.0565625,0.0595625,0.0525625,0.0515625,0.0365625,0.0415625,0.0365625,0.0765625,0.0635625,0.0605625,0.0215625,0.0645625,0.0625625,0.0545625,0.0555625,0.0495625,0.0365625,0.0425625,0.0385625,0.0615625,0.0575625,0.0555625,0.0185625,0.0595625,0.0575625,0.0525625,0.0505625,0.0545625,0.0345625,0.0425625,0.0375625,0.0635625,0.0655625,0.0645625,0.0225625,0.0635625,0.0215625,0.0525625,0.0605625,0.0615625,0.0315625,0.0645625,0.0655625,0.0635625,0.084,0.09,0.0625625,0.0675625,0.0295625,0.0285625,0.0555625,0.0565625,0.0515625,0.0535625,0.0525625,0.0545625,0.082,0.084,184802.9135625,51.2477291666667,0.0864375
51:30:03,23.8,0.085,0.086,0.087,0.087,0.088,0.085,0.086,0.085,0.092,0.09,0.086,0.085,0.055625,0.058625,0.056625,0.050625,0.041625,0.043625,0.037625,0.037625,0.033625,0.064625,0.061625,0.057625,0.044625,0.064625,0.056625,0.060625,0.047625,0.051625,0.036625,0.038625,0.033625,0.062625,0.057625,0.060625,0.046625,0.058625,0.056625,0.059625,0.052625,0.051625,0.036625,0.041625,0.036625,0.077625,0.062625,0.060625,0.021625,0.064625,0.062625,0.054625,0.055625,0.049625,0.036625,0.042625,0.038625,0.061625,0.057625,0.055625,0.018625,0.059625,0.057625,0.052625,0.050625,0.054625,0.034625,0.042625,0.037625,0.063625,0.065625,0.064625,0.022625,0.063625,0.021625,0.052625,0.060625,0.061625,0.031625,0.064625,0.065625,0.063625,0.084,0.09,0.062625,0.067625,0.029625,0.028625,0.056625,0.056625,0.051625,0.053625,0.052625,0.054625,0.082,0.084,185402.913625,51.4144583333333,0.086375
51:40:03,23.8,0.085,0.086,0.087,0.087,0.088,0.085,0.086,0.085,0.092,0.09,0.086,0.085,0.055625,0.058625,0.056625,0.051625,0.041625,0.043625,0.037625,0.038625,0.033625,0.064625,0.061625,0.057625,0.044625,0.064625,0.056625,0.060625,0.047625,0.051625,0.036625,0.038625,0.033625,0.062625,0.057625,0.060625,0.046625,0.058625,0.056625,0.060625,0.052625,0.051625,0.036625,0.041625,0.036625,0.076625,0.062625,0.060625,0.021625,0.063625,0.062625,0.054625,0.055625,0.049625,0.036625,0.042625,0.038625,0.061625,0.057625,0.055625,0.018625,0.059625,0.057625,0.052625,0.050625,0.054625,0.034625,0.042625,0.038625,0.063625,0.064625,0.064625,0.022625,0.063625,0.021625,0.052625,0.060625,0.061625,0.031625,0.064625,0.065625,0.063625,0.084,0.09,0.062625,0.067625,0.028625,0.028625,0.055625,0.055625,0.051625,0.053625,0.052625,0.054625,0.082,0.084,186002.913625,51.581125,0.086375
51:50:03,23.8,0.085,0.086,0.087,0.087,0.088,0.085,0.086,0.085,0.092,0.09,0.086,0.085,0.055625,0.058625,0.056625,0.051625,0.041625,0.043625,0.037625,0.038625,0.033625,0.064625,0.061625,0.057625,0.044625,0.063625,0.056625,0.061625,0.047625,0.051625,0.036625,0.038625,0.034625,0.062625,0.057625,0.060625,0.046625,0.058625,0.056625,0.060625,0.052625,0.051625,0.036625,0.041625,0.036625,0.076625,0.062625,0.060625,0.021625,0.063625,0.062625,0.054625,0.055625,0.049625,0.036625,0.042625,0.038625,0.061625,0.057625,0.055625,0.018625,0.059625,0.058625,0.052625,0.050625,0.054625,0.034625,0.042625,0.038625,0.063625,0.065625,0.065625,0.022625,0.063625,0.021625,0.052625,0.060625,0.061625,0.031625,0.064625,0.065625,0.063625,0.084,0.09,0.062625,0.067625,0.028625,0.028625,0.055625,0.055625,0.051625,0.053625,0.052625,0.054625,0.082,0.084,186602.913625,51.7477916666667,0.086375
52:00:03,23.8,0.085,0.086,0.087,0.087,0.088,0.085,0.086,0.085,0.092,0.09,0.087,0.085,0.0555625,0.0575625,0.0565625,0.0515625,0.0415625,0.0435625,0.0375625,0.0385625,0.0335625,0.0645625,0.0615625,0.0575625,0.0445625,0.0645625,0.0565625,0.0615625,0.0475625,0.0515625,0.0365625,0.0385625,0.0345625,0.0625625,0.0575625,0.0605625,0.0465625,0.0585625,0.0565625,0.0605625,0.0525625,0.0525625,0.0355625,0.0415625,0.0365625,0.0765625,0.0635625,0.0605625,0.0215625,0.0645625,0.0625625,0.0545625,0.0555625,0.0495625,0.0365625,0.0425625,0.0385625,0.0615625,0.0575625,0.0555625,0.0185625,0.0595625,0.0575625,0.0525625,0.0505625,0.0545625,0.0345625,0.0425625,0.0385625,0.0635625,0.0655625,0.0645625,0.0225625,0.0635625,0.0215625,0.0535625,0.0605625,0.0615625,0.0315625,0.0645625,0.0655625,0.0635625,0.084,0.09,0.0625625,0.0675625,0.0285625,0.0285625,0.0555625,0.0565625,0.0515625,0.0545625,0.0525625,0.0545625,0.082,0.084,187202.9135625,51.9143958333333,0.0864375
52:10:03,23.7,0.085,0.086,0.087,0.087,0.088,0.085,0.086,0.085,0.092,0.09,0.087,0.085,0.0555625,0.0575625,0.0565625,0.0515625,0.0415625,0.0435625,0.0375625,0.0375625,0.0335625,0.0645625,0.0615625,0.0575625,0.0445625,0.0645625,0.0565625,0.0615625,0.0475625,0.0515625,0.0365625,0.0385625,0.0345625,0.0635625,0.0575625,0.0605625,0.0465625,0.0585625,0.0565625,0.0605625,0.0525625,0.0525625,0.0355625,0.0415625,0.0365625,0.0765625,0.0625625,0.0605625,0.0215625,0.0635625,0.0625625,0.0545625,0.0555625,0.0495625,0.0365625,0.0425625,0.0395625,0.0615625,0.0575625,0.0555625,0.0185625,0.0595625,0.0585625,0.0525625,0.0515625,0.0545625,0.0345625,0.0425625,0.0385625,0.0635625,0.0655625,0.0655625,0.0225625,0.0635625,0.0215625,0.0535625,0.0605625,0.0625625,0.0315625,0.0645625,0.0655625,0.0635625,0.084,0.09,0.0625625,0.0675625,0.0285625,0.0285625,0.0555625,0.0555625,0.0515625,0.0535625,0.0525625,0.0545625,0.082,0.084,187802.9135625,52.0810625,0.0864375
52:20:03,23.7,0.085,0.086,0.087,0.087,0.088,0.085,0.086,0.085,0.092,0.09,0.087,0.085,0.0555625,0.0585625,0.0565625,0.0515625,0.0415625,0.0435625,0.0375625,0.0385625,0.0335625,0.0645625,0.0615625,0.0575625,0.0445625,0.0645625,0.0565625,0.0615625,0.0475625,0.0515625,0.0355625,0.0385625,0.0345625,0.0635625,0.0575625,0.0605625,0.0465625,0.0585625,0.0565625,0.0605625,0.0525625,0.0525625,0.0355625,0.0415625,0.0365625,0.0775625,0.0635625,0.0605625,0.0215625,0.0635625,0.0625625,0.0545625,0.0555625,0.0495625,0.0365625,0.0425625,0.0395625,0.0615625,0.0575625,0.0555625,0.0185625,0.0595625,0.0585625,0.0525625,0.0515625,0.0545625,0.0345625,0.0425625,0.0385625,0.0635625,0.0655625,0.0655625,0.0225625,0.0645625,0.0215625,0.0535625,0.0605625,0.0625625,0.0315625,0.0645625,0.0655625,0.0635625,0.084,0.09,0.0625625,0.0675625,0.0285625,0.0285625,0.0555625,0.0565625,0.0515625,0.0535625,0.0525625,0.0545625,0.082,0.084,188402.9135625,52.2477291666667,0.0864375
52:30:03,23.7,0.085,0.086,0.087,0.087,0.088,0.085,0.086,0.085,0.092,0.09,0.087,0.085,0.0555625,0.0575625,0.0565625,0.0515625,0.0415625,0.0435625,0.0375625,0.0375625,0.0335625,0.0645625,0.0615625,0.0575625,0.0445625,0.0645625,0.0565625,0.0615625,0.0485625,0.0515625,0.0365625,0.0385625,0.0345625,0.0635625,0.0575625,0.0605625,0.0455625,0.0585625,0.0565625,0.0605625,0.0525625,0.0525625,0.0365625,0.0415625,0.0365625,0.0775625,0.0635625,0.0605625,0.0215625,0.0635625,0.0625625,0.0545625,0.0555625,0.0495625,0.0365625,0.0425625,0.0395625,0.0615625,0.0575625,0.0555625,0.0185625,0.0595625,0.0585625,0.0525625,0.0515625,0.0545625,0.0345625,0.0425625,0.0375625,0.0635625,0.0655625,0.0655625,0.0225625,0.0645625,0.0215625,0.0535625,0.0605625,0.0625625,0.0315625,0.0645625,0.0655625,0.0635625,0.084,0.09,0.0625625,0.0675625,0.0285625,0.0285625,0.0555625,0.0555625,0.0515625,0.0535625,0.0525625,0.0545625,0.082,0.084,189002.9135625,52.4143958333333,0.0864375
52:40:03,23.7,0.085,0.086,0.087,0.087,0.088,0.085,0.086,0.085,0.092,0.09,0.086,0.085,0.055625,0.057625,0.056625,0.051625,0.041625,0.043625,0.037625,0.037625,0.033625,0.064625,0.061625,0.057625,0.044625,0.064625,0.057625,0.061625,0.048625,0.051625,0.036625,0.038625,0.034625,0.063625,0.057625,0.060625,0.045625,0.058625,0.056625,0.060625,0.052625,0.052625,0.035625,0.041625,0.036625,0.077625,0.063625,0.060625,0.021625,0.063625,0.062625,0.054625,0.055625,0.049625,0.036625,0.042625,0.038625,0.061625,0.057625,0.055625,0.018625,0.059625,0.057625,0.052625,0.050625,0.054625,0.034625,0.042625,0.037625,0.063625,0.065625,0.065625,0.022625,0.063625,0.021625,0.053625,0.060625,0.062625,0.031625,0.064625,0.065625,0.063625,0.084,0.09,0.062625,0.067625,0.028625,0.028625,0.055625,0.055625,0.051625,0.053625,0.052625,0.054625,0.082,0.084,189602.913625,52.581125,0.086375
52:50:03,23.7,0.085,0.086,0.087,0.087,0.088,0.085,0.086,0.085,0.092,0.09,0.087,0.085,0.0555625,0.0575625,0.0565625,0.0515625,0.0415625,0.0445625,0.0375625,0.0375625,0.0335625,0.0645625,0.0615625,0.0575625,0.0445625,0.0645625,0.0575625,0.0615625,0.0485625,0.0515625,0.0355625,0.0385625,0.0345625,0.0635625,0.0575625,0.0605625,0.0455625,0.0585625,0.0565625,0.0605625,0.0525625,0.0525625,0.0355625,0.0415625,0.0365625,0.0775625,0.0635625,0.0605625,0.0215625,0.0635625,0.0625625,0.0555625,0.0565625,0.0495625,0.0365625,0.0425625,0.0395625,0.0615625,0.0575625,0.0555625,0.0185625,0.0595625,0.0585625,0.0525625,0.0505625,0.0555625,0.0345625,0.0425625,0.0375625,0.0635625,0.0655625,0.0655625,0.0225625,0.0635625,0.0215625,0.0535625,0.0605625,0.0625625,0.0315625,0.0645625,0.0655625,0.0635625,0.084,0.09,0.0625625,0.0675625,0.0285625,0.0285625,0.0555625,0.0555625,0.0515625,0.0535625,0.0525625,0.0545625,0.082,0.084,190202.9135625,52.7477291666667,0.0864375
53:00:03,23.7,0.085,0.086,0.087,0.087,0.088,0.085,0.086,0.085,0.092,0.09,0.087,0.085,0.0555625,0.0575625,0.0565625,0.0515625,0.0415625,0.0445625,0.0375625,0.0375625,0.0335625,0.0645625,0.0615625,0.0585625,0.0445625,0.0635625,0.0565625,0.0615625,0.0485625,0.0515625,0.0355625,0.0385625,0.0345625,0.0635625,0.0575625,0.0605625,0.0455625,0.0585625,0.0565625,0.0605625,0.0525625,0.0525625,0.0355625,0.0415625,0.0365625,0.0775625,0.0625625,0.0605625,0.0215625,0.0635625,0.0625625,0.0555625,0.0565625,0.0505625,0.0365625,0.0425625,0.0395625,0.0615625,0.0585625,0.0555625,0.0185625,0.0595625,0.0585625,0.0525625,0.0505625,0.0555625,0.0345625,0.0425625,0.0375625,0.0635625,0.0655625,0.0655625,0.0225625,0.0635625,0.0215625,0.0535625,0.0605625,0.0625625,0.0315625,0.0645625,0.0655625,0.0635625,0.084,0.09,0.0625625,0.0675625,0.0285625,0.0285625,0.0555625,0.0555625,0.0505625,0.0535625,0.0525625,0.0545625,0.082,0.084,190802.9135625,52.9143958333333,0.0864375
53:10:03,23.7,0.085,0.086,0.087,0.086,0.088,0.085,0.086,0.085,0.092,0.09,0.086,0.085,0.0556875,0.0576875,0.0566875,0.0516875,0.0416875,0.0446875,0.0376875,0.0376875,0.0336875,0.0646875,0.0616875,0.0576875,0.0446875,0.0636875,0.0566875,0.0616875,0.0486875,0.0516875,0.0356875,0.0386875,0.0336875,0.0636875,0.0576875,0.0606875,0.0466875,0.0576875,0.0566875,0.0606875,0.0526875,0.0526875,0.0356875,0.0416875,0.0366875,0.0776875,0.0636875,0.0606875,0.0216875,0.0636875,0.0626875,0.0556875,0.0566875,0.0496875,0.0366875,0.0426875,0.0386875,0.0616875,0.0586875,0.0556875,0.0186875,0.0596875,0.0576875,0.0526875,0.0516875,0.0556875,0.0346875,0.0426875,0.0376875,0.0636875,0.0656875,0.0656875,0.0226875,0.0646875,0.0216875,0.0536875,0.0606875,0.0626875,0.0316875,0.0646875,0.0656875,0.0636875,0.084,0.09,0.0626875,0.0676875,0.0286875,0.0276875,0.0556875,0.0556875,0.0506875,0.0536875,0.0526875,0.0536875,0.082,0.084,191402.9136875,53.0811875,0.0863125
53:20:03,23.7,0.085,0.086,0.087,0.087,0.088,0.085,0.086,0.085,0.092,0.09,0.087,0.085,0.0565625,0.0575625,0.0565625,0.0515625,0.0415625,0.0445625,0.0375625,0.0375625,0.0335625,0.0645625,0.0615625,0.0575625,0.0445625,0.0635625,0.0575625,0.0615625,0.0485625,0.0515625,0.0355625,0.0385625,0.0335625,0.0635625,0.0575625,0.0605625,0.0455625,0.0575625,0.0565625,0.0605625,0.0535625,0.0525625,0.0355625,0.0415625,0.0365625,0.0775625,0.0635625,0.0605625,0.0215625,0.0635625,0.0625625,0.0555625,0.0565625,0.0505625,0.0365625,0.0425625,0.0385625,0.0615625,0.0575625,0.0555625,0.0185625,0.0595625,0.0585625,0.0525625,0.0515625,0.0555625,0.0345625,0.0425625,0.0385625,0.0635625,0.0655625,0.0645625,0.0225625,0.0645625,0.0215625,0.0535625,0.0605625,0.0625625,0.0315625,0.0645625,0.0655625,0.0635625,0.084,0.09,0.0625625,0.0685625,0.0285625,0.0275625,0.0555625,0.0555625,0.0515625,0.0545625,0.0525625,0.0545625,0.082,0.084,192002.9135625,53.2477291666667,0.0864375
53:30:03,23.8,0.085,0.086,0.087,0.087,0.088,0.085,0.086,0.085,0.092,0.09,0.087,0.085,0.0555625,0.0585625,0.0565625,0.0515625,0.0415625,0.0445625,0.0375625,0.0375625,0.0335625,0.0645625,0.0615625,0.0585625,0.0445625,0.0635625,0.0575625,0.0625625,0.0485625,0.0525625,0.0355625,0.0385625,0.0335625,0.0635625,0.0575625,0.0605625,0.0455625,0.0575625,0.0565625,0.0605625,0.0535625,0.0525625,0.0355625,0.0415625,0.0365625,0.0775625,0.0635625,0.0605625,0.0215625,0.0635625,0.0625625,0.0555625,0.0565625,0.0505625,0.0365625,0.0425625,0.0385625,0.0615625,0.0585625,0.0555625,0.0185625,0.0595625,0.0585625,0.0525625,0.0515625,0.0555625,0.0345625,0.0425625,0.0385625,0.0635625,0.0655625,0.0655625,0.0225625,0.0635625,0.0215625,0.0535625,0.0605625,0.0625625,0.0315625,0.0645625,0.0655625,0.0635625,0.084,0.09,0.0625625,0.0675625,0.0285625,0.0275625,0.0555625,0.0555625,0.0505625,0.0535625,0.0525625,0.0545625,0.082,0.084,192602.9135625,53.4143958333333,0.0864375
53:40:03,23.8,0.085,0.086,0.087,0.087,0.088,0.085,0.086,0.085,0.092,0.09,0.087,0.085,0.0555625,0.0575625,0.0565625,0.0525625,0.0425625,0.0445625,0.0375625,0.0375625,0.0335625,0.0645625,0.0615625,0.0575625,0.0445625,0.0635625,0.0575625,0.0625625,0.0485625,0.0525625,0.0355625,0.0385625,0.0335625,0.0635625,0.0575625,0.0605625,0.0455625,0.0585625,0.0565625,0.0605625,0.0535625,0.0525625,0.0355625,0.0415625,0.0365625,0.0775625,0.0635625,0.0605625,0.0215625,0.0635625,0.0625625,0.0555625,0.0565625,0.0505625,0.0365625,0.0425625,0.0385625,0.0615625,0.0575625,0.0555625,0.0185625,0.0595625,0.0585625,0.0525625,0.0515625,0.0555625,0.0345625,0.0425625,0.0385625,0.0635625,0.0655625,0.0655625,0.0225625,0.0635625,0.0205625,0.0535625,0.0605625,0.0625625,0.0315625,0.0645625,0.0655625,0.0635625,0.084,0.09,0.0625625,0.0685625,0.0285625,0.0275625,0.0555625,0.0555625,0.0505625,0.0535625,0.0525625,0.0545625,0.082,0.084,193202.9135625,53.5810625,0.0864375
53:50:03,23.8,0.085,0.086,0.087,0.087,0.088,0.085,0.086,0.085,0.092,0.09,0.087,0.085,0.0555625,0.0575625,0.0565625,0.0525625,0.0425625,0.0445625,0.0375625,0.0375625,0.0335625,0.0645625,0.0615625,0.0585625,0.0445625,0.0635625,0.0575625,0.0625625,0.0495625,0.0525625,0.0355625,0.0385625,0.0345625,0.0635625,0.0575625,0.0605625,0.0455625,0.0575625,0.0565625,0.0605625,0.0535625,0.0525625,0.0355625,0.0415625,0.0365625,0.0775625,0.0635625,0.0605625,0.0215625,0.0635625,0.0625625,0.0555625,0.0565625,0.0495625,0.0365625,0.0425625,0.0385625,0.0615625,0.0585625,0.0555625,0.0185625,0.0595625,0.0585625,0.0535625,0.0515625,0.0555625,0.0345625,0.0425625,0.0375625,0.0635625,0.0655625,0.0655625,0.0225625,0.0635625,0.0215625,0.0535625,0.0605625,0.0625625,0.0315625,0.0645625,0.0655625,0.0635625,0.084,0.09,0.0625625,0.0685625,0.0285625,0.0275625,0.0555625,0.0555625,0.0505625,0.0535625,0.0525625,0.0545625,0.082,0.084,193802.9135625,53.7477291666667,0.0864375
54:00:03,23.8,0.085,0.086,0.087,0.087,0.088,0.085,0.086,0.085,0.092,0.09,0.087,0.085,0.0555625,0.0575625,0.0565625,0.0525625,0.0425625,0.0455625,0.0375625,0.0375625,0.0335625,0.0645625,0.0615625,0.0585625,0.0445625,0.0635625,0.0575625,0.0625625,0.0495625,0.0525625,0.0355625,0.0385625,0.0345625,0.0635625,0.0575625,0.0605625,0.0455625,0.0585625,0.0565625,0.0605625,0.0535625,0.0525625,0.0355625,0.0415625,0.0365625,0.0775625,0.0635625,0.0605625,0.0215625,0.0635625,0.0625625,0.0555625,0.0565625,0.0505625,0.0355625,0.0425625,0.0385625,0.0615625,0.0585625,0.0555625,0.0185625,0.0585625,0.0575625,0.0535625,0.0515625,0.0555625,0.0345625,0.0425625,0.0385625,0.0635625,0.0655625,0.0655625,0.0225625,0.0645625,0.0205625,0.0535625,0.0605625,0.0625625,0.0315625,0.0645625,0.0655625,0.0635625,0.084,0.09,0.0625625,0.0675625,0.0285625,0.0275625,0.0555625,0.0555625,0.0505625,0.0535625,0.0525625,0.0545625,0.082,0.084,194402.9135625,53.9143958333333,0.0864375
54:10:03,23.8,0.085,0.086,0.087,0.087,0.088,0.085,0.086,0.085,0.092,0.09,0.087,0.085,0.0555625,0.0575625,0.0565625,0.0525625,0.0425625,0.0455625,0.0375625,0.0375625,0.0335625,0.0645625,0.0615625,0.0585625,0.0445625,0.0635625,0.0575625,0.0625625,0.0495625,0.0525625,0.0355625,0.0385625,0.0335625,0.0635625,0.0575625,0.0605625,0.0455625,0.0585625,0.0565625,0.0605625,0.0535625,0.0525625,0.0355625,0.0415625,0.0365625,0.0775625,0.0635625,0.0605625,0.0215625,0.0635625,0.0625625,0.0555625,0.0565625,0.0505625,0.0365625,0.0425625,0.0385625,0.0615625,0.0575625,0.0555625,0.0185625,0.0595625,0.0585625,0.0535625,0.0515625,0.0555625,0.0345625,0.0425625,0.0385625,0.0635625,0.0655625,0.0655625,0.0225625,0.0645625,0.0205625,0.0535625,0.0605625,0.0615625,0.0315625,0.0645625,0.0655625,0.0635625,0.084,0.09,0.0625625,0.0675625,0.0285625,0.0275625,0.0555625,0.0555625,0.0505625,0.0535625,0.0525625,0.0545625,0.082,0.084,195002.9135625,54.0810625,0.0864375
54:20:03,23.8,0.085,0.086,0.087,0.087,0.088,0.085,0.086,0.085,0.092,0.09,0.087,0.085,0.0565625,0.0575625,0.0565625,0.0525625,0.0425625,0.0455625,0.0375625,0.0375625,0.0335625,0.0645625,0.0615625,0.0585625,0.0445625,0.0635625,0.0575625,0.0625625,0.0495625,0.0525625,0.0355625,0.0385625,0.0335625,0.0635625,0.0575625,0.0605625,0.0455625,0.0575625,0.0565625,0.0605625,0.0535625,0.0525625,0.0355625,0.0415625,0.0365625,0.0775625,0.0635625,0.0605625,0.0215625,0.0635625,0.0625625,0.0555625,0.0565625,0.0505625,0.0355625,0.0425625,0.0385625,0.0615625,0.0585625,0.0555625,0.0185625,0.0585625,0.0585625,0.0525625,0.0515625,0.0555625,0.0345625,0.0425625,0.0375625,0.0635625,0.0655625,0.0655625,0.0215625,0.0635625,0.0205625,0.0535625,0.0605625,0.0615625,0.0305625,0.0645625,0.0655625,0.0635625,0.084,0.09,0.0625625,0.0685625,0.0285625,0.0275625,0.0555625,0.0555625,0.0505625,0.0535625,0.0525625,0.0545625,0.082,0.084,195602.9135625,54.2477291666667,0.0864375
54:30:03,23.7,0.085,0.086,0.087,0.087,0.088,0.085,0.086,0.085,0.092,0.09,0.087,0.085,0.0565,0.0585,0.0565,0.0525,0.0425,0.0455,0.0375,0.0375,0.0335,0.0645,0.0615,0.0575,0.0445,0.0635,0.0575,0.0625,0.0495,0.0525,0.0355,0.0385,0.0335,0.0635,0.0575,0.0605,0.0455,0.0575,0.0565,0.0615,0.0545,0.0525,0.0355,0.0415,0.0365,0.0775,0.0635,0.0605,0.0215,0.0635,0.0625,0.0555,0.0565,0.0505,0.0355,0.0425,0.0385,0.0615,0.0585,0.0555,0.0185,0.0585,0.0575,0.0535,0.0515,0.0555,0.0345,0.0425,0.0385,0.0635,0.0655,0.0655,0.0215,0.0645,0.0205,0.0535,0.0605,0.0615,0.0315,0.0645,0.0655,0.0635,0.084,0.09,0.0625,0.0675,0.0285,0.0275,0.0555,0.0555,0.0505,0.0535,0.0525,0.0545,0.083,0.084,196202.9135,54.4143333333333,0.0865
54:40:03,23.7,0.085,0.086,0.087,0.087,0.088,0.085,0.086,0.085,0.092,0.09,0.087,0.085,0.0565625,0.0575625,0.0565625,0.0525625,0.0425625,0.0455625,0.0375625,0.0375625,0.0335625,0.0645625,0.0615625,0.0585625,0.0445625,0.0635625,0.0575625,0.0625625,0.0495625,0.0525625,0.0355625,0.0385625,0.0335625,0.0635625,0.0575625,0.0605625,0.0455625,0.0575625,0.0565625,0.0615625,0.0535625,0.0525625,0.0355625,0.0415625,0.0365625,0.0775625,0.0635625,0.0605625,0.0215625,0.0635625,0.0625625,0.0565625,0.0565625,0.0505625,0.0355625,0.0425625,0.0385625,0.0615625,0.0585625,0.0555625,0.0185625,0.0585625,0.0585625,0.0535625,0.0515625,0.0555625,0.0345625,0.0425625,0.0385625,0.0635625,0.0655625,0.0655625,0.0215625,0.0645625,0.0205625,0.0535625,0.0605625,0.0615625,0.0315625,0.0645625,0.0655625,0.0635625,0.084,0.09,0.0625625,0.0675625,0.0285625,0.0275625,0.0555625,0.0555625,0.0505625,0.0535625,0.0525625,0.0545625,0.082,0.084,196802.9135625,54.5810625,0.0864375
54:50:03,23.6,0.085,0.086,0.087,0.087,0.088,0.085,0.086,0.085,0.092,0.09,0.087,0.085,0.0565625,0.0575625,0.0565625,0.0535625,0.0425625,0.0455625,0.0375625,0.0375625,0.0335625,0.0655625,0.0615625,0.0585625,0.0445625,0.0635625,0.0575625,0.0625625,0.0495625,0.0525625,0.0355625,0.0385625,0.0335625,0.0635625,0.0575625,0.0605625,0.0455625,0.0575625,0.0565625,0.0615625,0.0535625,0.0525625,0.0355625,0.0415625,0.0365625,0.0775625,0.0635625,0.0605625,0.0215625,0.0635625,0.0625625,0.0565625,0.0565625,0.0505625,0.0365625,0.0425625,0.0385625,0.0615625,0.0585625,0.0555625,0.0185625,0.0585625,0.0585625,0.0535625,0.0515625,0.0555625,0.0345625,0.0425625,0.0385625,0.0635625,0.0655625,0.0655625,0.0215625,0.0645625,0.0205625,0.0535625,0.0605625,0.0615625,0.0315625,0.0645625,0.0655625,0.0635625,0.084,0.09,0.0625625,0.0685625,0.0285625,0.0275625,0.0555625,0.0555625,0.0505625,0.0535625,0.0525625,0.0535625,0.082,0.084,197402.9135625,54.7477291666667,0.0864375
55:00:03,23.5,0.085,0.086,0.087,0.087,0.088,0.085,0.086,0.085,0.092,0.09,0.087,0.085,0.0565625,0.0575625,0.0565625,0.0535625,0.0425625,0.0455625,0.0375625,0.0375625,0.0335625,0.0655625,0.0615625,0.0575625,0.0445625,0.0635625,0.0575625,0.0625625,0.0495625,0.0525625,0.0355625,0.0375625,0.0335625,0.0635625,0.0575625,0.0605625,0.0455625,0.0575625,0.0565625,0.0615625,0.0535625,0.0525625,0.0355625,0.0415625,0.0365625,0.0775625,0.0635625,0.0615625,0.0215625,0.0635625,0.0625625,0.0565625,0.0565625,0.0505625,0.0355625,0.0425625,0.0385625,0.0625625,0.0585625,0.0555625,0.0185625,0.0585625,0.0585625,0.0535625,0.0515625,0.0555625,0.0345625,0.0425625,0.0385625,0.0635625,0.0655625,0.0655625,0.0215625,0.0645625,0.0205625,0.0535625,0.0605625,0.0615625,0.0315625,0.0645625,0.0655625,0.0635625,0.084,0.09,0.0625625,0.0685625,0.0285625,0.0275625,0.0555625,0.0555625,0.0505625,0.0535625,0.0525625,0.0545625,0.082,0.084,198002.9135625,54.9143958333333,0.0864375
55:10:03,23.2,0.085,0.086,0.087,0.087,0.088,0.085,0.086,0.085,0.092,0.09,0.087,0.086,0.0555,0.0575,0.0565,0.0535,0.0425,0.0455,0.0375,0.0375,0.0335,0.0655,0.0615,0.0575,0.0445,0.0635,0.0575,0.0625,0.0495,0.0525,0.0355,0.0385,0.0335,0.0635,0.0575,0.0605,0.0465,0.0575,0.0565,0.0615,0.0545,0.0525,0.0355,0.0415,0.0365,0.0775,0.0635,0.0615,0.0215,0.0635,0.0625,0.0565,0.0565,0.0505,0.0355,0.0425,0.0385,0.0625,0.0575,0.0555,0.0185,0.0585,0.0585,0.0535,0.0515,0.0565,0.0345,0.0425,0.0385,0.0635,0.0655,0.0655,0.0215,0.0645,0.0205,0.0535,0.0605,0.0625,0.0315,0.0645,0.0655,0.0635,0.084,0.09,0.0625,0.0685,0.0285,0.0275,0.0555,0.0555,0.0505,0.0535,0.0525,0.0535,0.082,0.084,198602.9135,55.081,0.0865
55:20:03,23.1,0.085,0.086,0.087,0.087,0.088,0.085,0.086,0.085,0.092,0.09,0.087,0.086,0.0555,0.0575,0.0565,0.0535,0.0425,0.0455,0.0365,0.0375,0.0335,0.0645,0.0605,0.0575,0.0445,0.0635,0.0575,0.0625,0.0495,0.0525,0.0355,0.0385,0.0335,0.0635,0.0575,0.0605,0.0465,0.0575,0.0565,0.0615,0.0545,0.0525,0.0355,0.0415,0.0365,0.0775,0.0625,0.0605,0.0215,0.0635,0.0625,0.0565,0.0565,0.0505,0.0355,0.0425,0.0385,0.0625,0.0575,0.0555,0.0185,0.0595,0.0585,0.0535,0.0515,0.0565,0.0345,0.0425,0.0375,0.0635,0.0645,0.0655,0.0215,0.0645,0.0205,0.0535,0.0605,0.0625,0.0315,0.0645,0.0655,0.0635,0.084,0.09,0.0635,0.0685,0.0285,0.0275,0.0555,0.0555,0.0505,0.0535,0.0525,0.0535,0.082,0.084,199202.9135,55.2476666666667,0.0865
55:30:03,23.1,0.085,0.086,0.087,0.087,0.088,0.085,0.086,0.085,0.092,0.09,0.087,0.086,0.0555,0.0575,0.0565,0.0535,0.0425,0.0455,0.0365,0.0375,0.0335,0.0635,0.0615,0.0575,0.0445,0.0635,0.0575,0.0625,0.0495,0.0525,0.0355,0.0385,0.0335,0.0635,0.0565,0.0605,0.0475,0.0585,0.0565,0.0615,0.0545,0.0525,0.0355,0.0415,0.0365,0.0775,0.0625,0.0605,0.0215,0.0635,0.0625,0.0565,0.0565,0.0505,0.0355,0.0425,0.0385,0.0615,0.0565,0.0555,0.0185,0.0595,0.0585,0.0535,0.0515,0.0565,0.0345,0.0425,0.0385,0.0635,0.0645,0.0655,0.0215,0.0645,0.0205,0.0545,0.0605,0.0635,0.0315,0.0645,0.0655,0.0635,0.084,0.09,0.0635,0.0685,0.0285,0.0275,0.0555,0.0555,0.0505,0.0525,0.0525,0.0535,0.082,0.084,199802.9135,55.4143333333333,0.0865
55:40:03,23,0.085,0.086,0.087,0.087,0.088,0.085,0.086,0.085,0.092,0.09,0.087,0.086,0.0565,0.0575,0.0565,0.0535,0.0425,0.0455,0.0365,0.0375,0.0335,0.0635,0.0615,0.0575,0.0445,0.0635,0.0575,0.0625,0.0495,0.0525,0.0355,0.0385,0.0335,0.0635,0.0565,0.0605,0.0475,0.0585,0.0565,0.0615,0.0545,0.0525,0.0355,0.0415,0.0365,0.0765,0.0625,0.0615,0.0215,0.0635,0.0635,0.0565,0.0565,0.0505,0.0355,0.0425,0.0385,0.0615,0.0565,0.0555,0.0185,0.0595,0.0585,0.0535,0.0515,0.0565,0.0345,0.0425,0.0385,0.0645,0.0645,0.0655,0.0215,0.0645,0.0205,0.0545,0.0605,0.0635,0.0315,0.0645,0.0655,0.0635,0.084,0.09,0.0635,0.0685,0.0285,0.0275,0.0555,0.0555,0.0505,0.0535,0.0525,0.0535,0.082,0.084,200402.9135,55.581,0.0865
55:50:03,23,0.085,0.086,0.087,0.087,0.088,0.085,0.086,0.085,0.092,0.09,0.087,0.086,0.0564375,0.0574375,0.0564375,0.0534375,0.0424375,0.0454375,0.0364375,0.0374375,0.0334375,0.0644375,0.0614375,0.0584375,0.0444375,0.0634375,0.0574375,0.0624375,0.0494375,0.0524375,0.0354375,0.0384375,0.0334375,0.0624375,0.0564375,0.0604375,0.0464375,0.0584375,0.0564375,0.0614375,0.0544375,0.0524375,0.0354375,0.0414375,0.0364375,0.0764375,0.0614375,0.0614375,0.0214375,0.0634375,0.0634375,0.0564375,0.0564375,0.0514375,0.0354375,0.0424375,0.0384375,0.0614375,0.0574375,0.0554375,0.0184375,0.0594375,0.0584375,0.0534375,0.0514375,0.0564375,0.0344375,0.0424375,0.0374375,0.0644375,0.0644375,0.0654375,0.0214375,0.0644375,0.0204375,0.0544375,0.0604375,0.0634375,0.0314375,0.0644375,0.0654375,0.0634375,0.084,0.09,0.0634375,0.0684375,0.0284375,0.0274375,0.0544375,0.0554375,0.0504375,0.0534375,0.0514375,0.0534375,0.083,0.084,201002.9134375,55.7476041666667,0.0865625
56:00:03,23,0.085,0.086,0.087,0.087,0.088,0.085,0.086,0.085,0.092,0.09,0.087,0.086,0.0564375,0.0574375,0.0564375,0.0534375,0.0424375,0.0454375,0.0364375,0.0374375,0.0334375,0.0644375,0.0614375,0.0584375,0.0444375,0.0634375,0.0574375,0.0634375,0.0494375,0.0524375,0.0354375,0.0384375,0.0334375,0.0624375,0.0564375,0.0604375,0.0464375,0.0584375,0.0564375,0.0614375,0.0544375,0.0534375,0.0354375,0.0414375,0.0364375,0.0754375,0.0624375,0.0614375,0.0214375,0.0634375,0.0624375,0.0564375,0.0564375,0.0514375,0.0364375,0.0424375,0.0384375,0.0614375,0.0574375,0.0554375,0.0184375,0.0594375,0.0584375,0.0534375,0.0514375,0.0564375,0.0344375,0.0424375,0.0374375,0.0644375,0.0644375,0.0654375,0.0214375,0.0644375,0.0204375,0.0544375,0.0604375,0.0634375,0.0314375,0.0644375,0.0654375,0.0634375,0.084,0.09,0.0624375,0.0684375,0.0284375,0.0274375,0.0554375,0.0554375,0.0504375,0.0534375,0.0514375,0.0534375,0.083,0.084,201602.9134375,55.9142708333333,0.0865625
56:10:03,23,0.085,0.086,0.087,0.087,0.088,0.085,0.086,0.085,0.092,0.09,0.087,0.086,0.0565,0.0575,0.0565,0.0535,0.0425,0.0455,0.0365,0.0375,0.0335,0.0645,0.0615,0.0585,0.0445,0.0635,0.0575,0.0625,0.0495,0.0525,0.0355,0.0385,0.0335,0.0625,0.0565,0.0615,0.0465,0.0585,0.0565,0.0615,0.0535,0.0525,0.0355,0.0415,0.0355,0.0765,0.0625,0.0615,0.0215,0.0635,0.0635,0.0575,0.0565,0.0515,0.0365,0.0425,0.0385,0.0615,0.0575,0.0555,0.0185,0.0595,0.0585,0.0535,0.0515,0.0565,0.0345,0.0425,0.0375,0.0645,0.0645,0.0655,0.0215,0.0645,0.0205,0.0545,0.0605,0.0635,0.0315,0.0645,0.0655,0.0635,0.084,0.09,0.0625,0.0675,0.0285,0.0275,0.0555,0.0555,0.0505,0.0535,0.0525,0.0535,0.082,0.084,202202.9135,56.081,0.0865
56:20:03,23.1,0.085,0.086,0.087,0.087,0.088,0.085,0.086,0.085,0.092,0.09,0.087,0.086,0.0565,0.0575,0.0565,0.0535,0.0425,0.0455,0.0365,0.0375,0.0335,0.0645,0.0615,0.0585,0.0445,0.0635,0.0575,0.0635,0.0495,0.0525,0.0355,0.0385,0.0335,0.0625,0.0565,0.0615,0.0465,0.0585,0.0565,0.0615,0.0545,0.0535,0.0355,0.0415,0.0355,0.0765,0.0625,0.0615,0.0215,0.0635,0.0635,0.0575,0.0565,0.0515,0.0355,0.0425,0.0385,0.0615,0.0575,0.0555,0.0185,0.0595,0.0585,0.0545,0.0515,0.0565,0.0345,0.0425,0.0375,0.0645,0.0645,0.0655,0.0215,0.0655,0.0205,0.0545,0.0605,0.0635,0.0315,0.0645,0.0655,0.0635,0.084,0.09,0.0625,0.0675,0.0285,0.0275,0.0545,0.0545,0.0505,0.0535,0.0525,0.0535,0.082,0.084,202802.9135,56.2476666666667,0.0865
56:30:03,23,0.085,0.086,0.087,0.087,0.088,0.085,0.086,0.085,0.092,0.09,0.087,0.086,0.0565,0.0575,0.0565,0.0535,0.0435,0.0455,0.0365,0.0375,0.0335,0.0645,0.0615,0.0585,0.0445,0.0635,0.0565,0.0625,0.0495,0.0525,0.0355,0.0385,0.0335,0.0625,0.0565,0.0615,0.0465,0.0575,0.0565,0.0615,0.0535,0.0535,0.0355,0.0415,0.0355,0.0765,0.0625,0.0615,0.0215,0.0635,0.0635,0.0575,0.0565,0.0515,0.0365,0.0425,0.0385,0.0615,0.0575,0.0555,0.0175,0.0595,0.0585,0.0545,0.0515,0.0565,0.0345,0.0425,0.0375,0.0645,0.0645,0.0655,0.0215,0.0645,0.0205,0.0545,0.0605,0.0635,0.0315,0.0645,0.0655,0.0635,0.084,0.09,0.0625,0.0685,0.0275,0.0275,0.0545,0.0555,0.0495,0.0535,0.0515,0.0535,0.082,0.084,203402.9135,56.4143333333333,0.0865
56:40:03,23,0.085,0.086,0.087,0.087,0.088,0.085,0.086,0.085,0.092,0.09,0.087,0.086,0.0555,0.0575,0.0565,0.0535,0.0435,0.0455,0.0365,0.0375,0.0335,0.0645,0.0615,0.0585,0.0445,0.0635,0.0565,0.0635,0.0495,0.0525,0.0355,0.0385,0.0335,0.0625,0.0565,0.0615,0.0465,0.0575,0.0565,0.0615,0.0535,0.0525,0.0355,0.0415,0.0355,0.0765,0.0615,0.0615,0.0205,0.0635,0.0635,0.0575,0.0565,0.0515,0.0355,0.0425,0.0385,0.0615,0.0575,0.0555,0.0175,0.0595,0.0585,0.0545,0.0515,0.0565,0.0345,0.0425,0.0375,0.0635,0.0645,0.0655,0.0215,0.0645,0.0205,0.0545,0.0605,0.0635,0.0315,0.0645,0.0655,0.0635,0.084,0.09,0.0625,0.0675,0.0285,0.0275,0.0545,0.0555,0.0505,0.0535,0.0515,0.0535,0.082,0.084,204002.9135,56.581,0.0865
56:50:03,23,0.085,0.086,0.087,0.087,0.088,0.085,0.086,0.085,0.092,0.09,0.087,0.086,0.0565,0.0575,0.0565,0.0545,0.0435,0.0455,0.0365,0.0375,0.0335,0.0645,0.0605,0.0585,0.0445,0.0635,0.0575,0.0635,0.0495,0.0535,0.0355,0.0385,0.0335,0.0625,0.0565,0.0615,0.0475,0.0575,0.0565,0.0615,0.0545,0.0535,0.0355,0.0415,0.0355,0.0765,0.0615,0.0615,0.0205,0.0635,0.0635,0.0575,0.0565,0.0515,0.0365,0.0425,0.0385,0.0615,0.0575,0.0555,0.0185,0.0595,0.0585,0.0545,0.0515,0.0565,0.0345,0.0425,0.0375,0.0635,0.0645,0.0655,0.0215,0.0645,0.0205,0.0545,0.0605,0.0635,0.0315,0.0645,0.0655,0.0635,0.084,0.09,0.0625,0.0685,0.0285,0.0275,0.0555,0.0555,0.0505,0.0535,0.0525,0.0535,0.082,0.084,204602.9135,56.7476666666667,0.0865
57:00:03,23,0.085,0.086,0.087,0.087,0.088,0.085,0.086,0.085,0.092,0.09,0.087,0.086,0.0565,0.0575,0.0565,0.0545,0.0435,0.0455,0.0365,0.0375,0.0335,0.0645,0.0605,0.0585,0.0445,0.0635,0.0575,0.0635,0.0495,0.0535,0.0355,0.0385,0.0335,0.0635,0.0565,0.0615,0.0475,0.0575,0.0565,0.0615,0.0545,0.0535,0.0355,0.0415,0.0355,0.0755,0.0615,0.0615,0.0205,0.0635,0.0635,0.0575,0.0565,0.0515,0.0365,0.0425,0.0385,0.0615,0.0575,0.0555,0.0175,0.0595,0.0585,0.0545,0.0515,0.0565,0.0345,0.0425,0.0375,0.0635,0.0645,0.0655,0.0215,0.0645,0.0205,0.0545,0.0605,0.0635,0.0315,0.0645,0.0655,0.0635,0.084,0.09,0.0625,0.0685,0.0275,0.0275,0.0545,0.0555,0.0505,0.0535,0.0515,0.0535,0.082,0.084,205202.9135,56.9143333333333,0.0865
57:10:03,23.1,0.085,0.086,0.087,0.087,0.088,0.085,0.086,0.085,0.092,0.09,0.086,0.086,0.0565625,0.0575625,0.0565625,0.0545625,0.0435625,0.0455625,0.0365625,0.0375625,0.0335625,0.0645625,0.0615625,0.0585625,0.0445625,0.0635625,0.0575625,0.0635625,0.0495625,0.0535625,0.0355625,0.0385625,0.0335625,0.0625625,0.0575625,0.0605625,0.0465625,0.0575625,0.0565625,0.0625625,0.0545625,0.0535625,0.0355625,0.0415625,0.0355625,0.0755625,0.0625625,0.0615625,0.0205625,0.0635625,0.0625625,0.0575625,0.0565625,0.0515625,0.0355625,0.0425625,0.0385625,0.0615625,0.0575625,0.0555625,0.0175625,0.0595625,0.0585625,0.0545625,0.0515625,0.0565625,0.0345625,0.0425625,0.0375625,0.0635625,0.0645625,0.0655625,0.0215625,0.0655625,0.0205625,0.0545625,0.0605625,0.0635625,0.0315625,0.0645625,0.0655625,0.0635625,0.084,0.09,0.0625625,0.0685625,0.0275625,0.0275625,0.0545625,0.0545625,0.0505625,0.0535625,0.0515625,0.0535625,0.082,0.084,205802.9135625,57.0810625,0.0864375
57:20:03,23.1,0.085,0.086,0.087,0.087,0.088,0.085,0.086,0.085,0.092,0.09,0.087,0.086,0.0565,0.0575,0.0565,0.0545,0.0435,0.0455,0.0365,0.0375,0.0335,0.0645,0.0605,0.0585,0.0445,0.0635,0.0575,0.0635,0.0495,0.0535,0.0355,0.0385,0.0335,0.0635,0.0575,0.0615,0.0465,0.0575,0.0565,0.0625,0.0545,0.0535,0.0355,0.0415,0.0355,0.0755,0.0625,0.0615,0.0205,0.0635,0.0625,0.0575,0.0565,0.0515,0.0355,0.0425,0.0385,0.0615,0.0575,0.0555,0.0175,0.0595,0.0585,0.0545,0.0515,0.0565,0.0345,0.0425,0.0375,0.0635,0.0645,0.0655,0.0215,0.0655,0.0205,0.0545,0.0605,0.0635,0.0315,0.0645,0.0665,0.0635,0.084,0.09,0.0625,0.0685,0.0275,0.0275,0.0545,0.0545,0.0505,0.0535,0.0515,0.0535,0.082,0.084,206402.9135,57.2476666666667,0.0865
57:30:03,23.1,0.085,0.086,0.087,0.087,0.088,0.085,0.086,0.085,0.092,0.09,0.087,0.086,0.0565,0.0575,0.0565,0.0545,0.0435,0.0465,0.0375,0.0375,0.0335,0.0645,0.0605,0.0585,0.0445,0.0635,0.0575,0.0635,0.0495,0.0535,0.0355,0.0385,0.0335,0.0635,0.0575,0.0605,0.0465,0.0575,0.0565,0.0625,0.0545,0.0535,0.0355,0.0415,0.0355,0.0765,0.0625,0.0615,0.0205,0.0635,0.0625,0.0575,0.0565,0.0515,0.0355,0.0425,0.0385,0.0615,0.0575,0.0555,0.0175,0.0585,0.0575,0.0545,0.0515,0.0565,0.0345,0.0425,0.0375,0.0635,0.0655,0.0655,0.0215,0.0655,0.0205,0.0545,0.0605,0.0635,0.0315,0.0645,0.0665,0.0635,0.084,0.09,0.0625,0.0685,0.0275,0.0275,0.0545,0.0545,0.0495,0.0535,0.0515,0.0535,0.082,0.084,207002.9135,57.4143333333333,0.0865
57:40:03,23,0.085,0.086,0.087,0.087,0.088,0.085,0.086,0.085,0.092,0.09,0.087,0.086,0.0564375,0.0574375,0.0564375,0.0544375,0.0434375,0.0464375,0.0364375,0.0374375,0.0334375,0.0644375,0.0604375,0.0584375,0.0444375,0.0634375,0.0574375,0.0634375,0.0494375,0.0534375,0.0354375,0.0384375,0.0334375,0.0634375,0.0574375,0.0604375,0.0464375,0.0574375,0.0564375,0.0624375,0.0544375,0.0534375,0.0354375,0.0414375,0.0354375,0.0754375,0.0624375,0.0614375,0.0204375,0.0634375,0.0624375,0.0574375,0.0564375,0.0514375,0.0354375,0.0424375,0.0384375,0.0614375,0.0574375,0.0554375,0.0174375,0.0584375,0.0574375,0.0544375,0.0514375,0.0564375,0.0344375,0.0424375,0.0374375,0.0634375,0.0654375,0.0654375,0.0214375,0.0644375,0.0204375,0.0544375,0.0604375,0.0634375,0.0314375,0.0644375,0.0654375,0.0634375,0.084,0.09,0.0634375,0.0684375,0.0274375,0.0274375,0.0544375,0.0544375,0.0504375,0.0534375,0.0514375,0.0534375,0.083,0.084,207602.9134375,57.5809375,0.0865625
57:50:03,23.1,0.085,0.086,0.087,0.087,0.088,0.085,0.086,0.085,0.092,0.09,0.087,0.086,0.0565,0.0575,0.0565,0.0545,0.0435,0.0465,0.0365,0.0375,0.0335,0.0645,0.0605,0.0585,0.0445,0.0635,0.0575,0.0635,0.0495,0.0535,0.0355,0.0385,0.0335,0.0635,0.0575,0.0605,0.0465,0.0575,0.0565,0.0625,0.0545,0.0535,0.0355,0.0415,0.0355,0.0765,0.0625,0.0615,0.0205,0.0625,0.0625,0.0575,0.0565,0.0515,0.0355,0.0425,0.0385,0.0615,0.0575,0.0555,0.0175,0.0585,0.0575,0.0545,0.0515,0.0565,0.0345,0.0425,0.0375,0.0635,0.0655,0.0655,0.0215,0.0655,0.0205,0.0545,0.0605,0.0635,0.0315,0.0645,0.0655,0.0635,0.084,0.09,0.0635,0.0685,0.0275,0.0275,0.0545,0.0545,0.0505,0.0535,0.0515,0.0535,0.082,0.084,208202.9135,57.7476666666667,0.0865
58:00:03,23.1,0.085,0.086,0.087,0.087,0.088,0.085,0.086,0.085,0.092,0.09,0.087,0.086,0.0565,0.0575,0.0565,0.0545,0.0445,0.0465,0.0365,0.0375,0.0335,0.0645,0.0615,0.0585,0.0445,0.0635,0.0575,0.0635,0.0495,0.0535,0.0355,0.0385,0.0335,0.0635,0.0575,0.0605,0.0465,0.0575,0.0565,0.0625,0.0545,0.0535,0.0355,0.0405,0.0355,0.0765,0.0625,0.0615,0.0205,0.0635,0.0625,0.0575,0.0565,0.0515,0.0355,0.0425,0.0375,0.0615,0.0575,0.0555,0.0175,0.0585,0.0575,0.0545,0.0525,0.0565,0.0345,0.0425,0.0375,0.0635,0.0645,0.0655,0.0215,0.0655,0.0205,0.0545,0.0605,0.0635,0.0305,0.0645,0.0665,0.0635,0.084,0.09,0.0635,0.0685,0.0275,0.0275,0.0545,0.0545,0.0495,0.0535,0.0515,0.0535,0.082,0.084,208802.9135,57.9143333333333,0.0865
58:10:03,23.1,0.085,0.086,0.087,0.087,0.088,0.085,0.086,0.085,0.092,0.09,0.086,0.085,0.056625,0.057625,0.056625,0.054625,0.043625,0.046625,0.036625,0.036625,0.033625,0.064625,0.061625,0.058625,0.044625,0.063625,0.057625,0.063625,0.049625,0.053625,0.035625,0.038625,0.033625,0.063625,0.057625,0.060625,0.046625,0.057625,0.056625,0.062625,0.054625,0.053625,0.035625,0.040625,0.035625,0.076625,0.062625,0.061625,0.020625,0.062625,0.062625,0.057625,0.056625,0.051625,0.035625,0.042625,0.037625,0.061625,0.057625,0.055625,0.017625,0.058625,0.057625,0.054625,0.052625,0.056625,0.034625,0.041625,0.037625,0.064625,0.065625,0.065625,0.021625,0.064625,0.020625,0.054625,0.060625,0.063625,0.031625,0.064625,0.066625,0.063625,0.084,0.09,0.062625,0.068625,0.027625,0.026625,0.054625,0.054625,0.049625,0.053625,0.051625,0.053625,0.082,0.084,209402.913625,58.081125,0.086375
58:20:03,23.1,0.085,0.086,0.087,0.087,0.088,0.085,0.086,0.085,0.092,0.09,0.087,0.085,0.0565625,0.0575625,0.0565625,0.0545625,0.0445625,0.0465625,0.0365625,0.0375625,0.0335625,0.0645625,0.0615625,0.0585625,0.0445625,0.0635625,0.0575625,0.0635625,0.0495625,0.0535625,0.0355625,0.0385625,0.0335625,0.0635625,0.0575625,0.0605625,0.0465625,0.0575625,0.0565625,0.0625625,0.0545625,0.0545625,0.0355625,0.0415625,0.0355625,0.0765625,0.0625625,0.0615625,0.0205625,0.0625625,0.0625625,0.0575625,0.0565625,0.0515625,0.0355625,0.0425625,0.0375625,0.0615625,0.0575625,0.0555625,0.0175625,0.0585625,0.0575625,0.0545625,0.0525625,0.0565625,0.0345625,0.0415625,0.0375625,0.0645625,0.0655625,0.0655625,0.0215625,0.0655625,0.0205625,0.0545625,0.0605625,0.0635625,0.0305625,0.0645625,0.0665625,0.0635625,0.084,0.09,0.0635625,0.0685625,0.0275625,0.0265625,0.0545625,0.0545625,0.0495625,0.0535625,0.0515625,0.0535625,0.082,0.084,210002.9135625,58.2477291666667,0.0864375
58:30:03,23.1,0.085,0.086,0.087,0.087,0.088,0.085,0.086,0.085,0.092,0.09,0.087,0.085,0.0565,0.0575,0.0565,0.0545,0.0445,0.0465,0.0365,0.0375,0.0335,0.0645,0.0615,0.0585,0.0445,0.0625,0.0575,0.0635,0.0495,0.0535,0.0355,0.0385,0.0335,0.0635,0.0575,0.0605,0.0465,0.0575,0.0565,0.0625,0.0545,0.0535,0.0355,0.0415,0.0355,0.0765,0.0625,0.0615,0.0205,0.0625,0.0625,0.0575,0.0565,0.0515,0.0355,0.0425,0.0385,0.0615,0.0575,0.0555,0.0175,0.0595,0.0575,0.0555,0.0525,0.0575,0.0345,0.0425,0.0375,0.0645,0.0655,0.0655,0.0215,0.0645,0.0205,0.0545,0.0605,0.0635,0.0305,0.0645,0.0665,0.0635,0.084,0.09,0.0635,0.0685,0.0275,0.0265,0.0545,0.0545,0.0495,0.0535,0.0515,0.0535,0.083,0.084,210602.9135,58.4143333333333,0.0865
58:40:03,23.1,0.085,0.086,0.087,0.087,0.088,0.085,0.086,0.085,0.092,0.09,0.087,0.085,0.0565625,0.0575625,0.0565625,0.0545625,0.0445625,0.0465625,0.0365625,0.0375625,0.0335625,0.0645625,0.0615625,0.0585625,0.0445625,0.0635625,0.0575625,0.0635625,0.0495625,0.0535625,0.0355625,0.0385625,0.0335625,0.0635625,0.0585625,0.0605625,0.0465625,0.0575625,0.0565625,0.0625625,0.0545625,0.0545625,0.0355625,0.0405625,0.0355625,0.0765625,0.0635625,0.0615625,0.0205625,0.0625625,0.0625625,0.0575625,0.0565625,0.0515625,0.0355625,0.0425625,0.0385625,0.0615625,0.0575625,0.0555625,0.0175625,0.0585625,0.0575625,0.0555625,0.0525625,0.0575625,0.0345625,0.0415625,0.0375625,0.0645625,0.0655625,0.0655625,0.0215625,0.0645625,0.0205625,0.0545625,0.0605625,0.0635625,0.0315625,0.0645625,0.0665625,0.0635625,0.084,0.09,0.0635625,0.0685625,0.0275625,0.0265625,0.0545625,0.0545625,0.0495625,0.0535625,0.0515625,0.0535625,0.082,0.084,211202.9135625,58.5810625,0.0864375
58:50:03,23.1,0.085,0.086,0.087,0.087,0.088,0.085,0.086,0.085,0.092,0.09,0.087,0.086,0.0564375,0.0574375,0.0564375,0.0544375,0.0444375,0.0464375,0.0364375,0.0374375,0.0334375,0.0644375,0.0614375,0.0584375,0.0444375,0.0634375,0.0574375,0.0634375,0.0494375,0.0534375,0.0354375,0.0384375,0.0334375,0.0634375,0.0584375,0.0614375,0.0464375,0.0574375,0.0564375,0.0624375,0.0544375,0.0544375,0.0354375,0.0404375,0.0354375,0.0764375,0.0634375,0.0604375,0.0204375,0.0624375,0.0624375,0.0574375,0.0574375,0.0524375,0.0354375,0.0424375,0.0384375,0.0614375,0.0574375,0.0554375,0.0174375,0.0584375,0.0574375,0.0554375,0.0524375,0.0574375,0.0344375,0.0414375,0.0374375,0.0644375,0.0654375,0.0654375,0.0214375,0.0644375,0.0204375,0.0544375,0.0604375,0.0634375,0.0314375,0.0644375,0.0664375,0.0634375,0.084,0.09,0.0634375,0.0684375,0.0274375,0.0264375,0.0544375,0.0544375,0.0494375,0.0534375,0.0514375,0.0534375,0.083,0.084,211802.9134375,58.7476041666667,0.0865625
59:00:03,23.1,0.085,0.086,0.087,0.087,0.088,0.085,0.086,0.085,0.092,0.09,0.087,0.086,0.0565,0.0575,0.0565,0.0545,0.0445,0.0465,0.0365,0.0375,0.0335,0.0645,0.0615,0.0585,0.0455,0.0635,0.0575,0.0635,0.0495,0.0545,0.0355,0.0385,0.0335,0.0635,0.0585,0.0615,0.0465,0.0575,0.0565,0.0625,0.0545,0.0545,0.0355,0.0405,0.0355,0.0765,0.0635,0.0605,0.0205,0.0625,0.0625,0.0575,0.0575,0.0515,0.0355,0.0425,0.0375,0.0615,0.0575,0.0555,0.0175,0.0585,0.0575,0.0555,0.0525,0.0575,0.0345,0.0415,0.0375,0.0645,0.0655,0.0655,0.0215,0.0645,0.0205,0.0555,0.0605,0.0645,0.0305,0.0645,0.0665,0.0635,0.084,0.09,0.0635,0.0685,0.0275,0.0265,0.0545,0.0545,0.0495,0.0535,0.0515,0.0535,0.082,0.084,212402.9135,58.9143333333333,0.0865
59:10:03,23.1,0.085,0.086,0.087,0.087,0.088,0.085,0.086,0.085,0.092,0.09,0.087,0.086,0.0565,0.0575,0.0565,0.0545,0.0445,0.0465,0.0365,0.0375,0.0335,0.0645,0.0615,0.0585,0.0455,0.0635,0.0575,0.0635,0.0495,0.0535,0.0345,0.0385,0.0335,0.0635,0.0585,0.0605,0.0475,0.0575,0.0565,0.0625,0.0545,0.0545,0.0355,0.0405,0.0355,0.0765,0.0635,0.0615,0.0205,0.0625,0.0625,0.0585,0.0575,0.0525,0.0355,0.0425,0.0375,0.0615,0.0575,0.0555,0.0175,0.0585,0.0575,0.0555,0.0525,0.0575,0.0345,0.0415,0.0375,0.0635,0.0655,0.0655,0.0215,0.0655,0.0205,0.0555,0.0605,0.0635,0.0305,0.0655,0.0665,0.0635,0.084,0.09,0.0635,0.0685,0.0275,0.0265,0.0545,0.0545,0.0495,0.0535,0.0525,0.0535,0.082,0.084,213002.9135,59.081,0.0865
59:20:03,23.1,0.085,0.086,0.087,0.087,0.088,0.085,0.086,0.085,0.092,0.09,0.087,0.085,0.0565625,0.0575625,0.0565625,0.0545625,0.0445625,0.0465625,0.0365625,0.0375625,0.0335625,0.0645625,0.0615625,0.0585625,0.0455625,0.0635625,0.0575625,0.0635625,0.0495625,0.0535625,0.0345625,0.0385625,0.0335625,0.0635625,0.0585625,0.0615625,0.0475625,0.0575625,0.0565625,0.0625625,0.0545625,0.0545625,0.0355625,0.0405625,0.0355625,0.0765625,0.0635625,0.0615625,0.0205625,0.0625625,0.0625625,0.0585625,0.0575625,0.0525625,0.0355625,0.0415625,0.0375625,0.0615625,0.0575625,0.0555625,0.0175625,0.0585625,0.0575625,0.0555625,0.0525625,0.0575625,0.0345625,0.0415625,0.0375625,0.0635625,0.0655625,0.0655625,0.0215625,0.0645625,0.0195625,0.0555625,0.0605625,0.0635625,0.0305625,0.0655625,0.0665625,0.0635625,0.084,0.09,0.0635625,0.0685625,0.0275625,0.0265625,0.0545625,0.0545625,0.0495625,0.0535625,0.0515625,0.0535625,0.082,0.084,213602.9135625,59.2477291666667,0.0864375
59:30:03,23.1,0.085,0.086,0.087,0.087,0.088,0.085,0.086,0.085,0.092,0.09,0.087,0.086,0.0564375,0.0574375,0.0564375,0.0544375,0.0444375,0.0464375,0.0364375,0.0374375,0.0334375,0.0644375,0.0614375,0.0584375,0.0454375,0.0624375,0.0574375,0.0644375,0.0504375,0.0544375,0.0354375,0.0384375,0.0334375,0.0634375,0.0584375,0.0614375,0.0474375,0.0574375,0.0564375,0.0624375,0.0544375,0.0544375,0.0354375,0.0404375,0.0354375,0.0764375,0.0634375,0.0604375,0.0204375,0.0624375,0.0624375,0.0584375,0.0574375,0.0524375,0.0354375,0.0424375,0.0374375,0.0614375,0.0574375,0.0554375,0.0174375,0.0584375,0.0574375,0.0554375,0.0524375,0.0574375,0.0344375,0.0414375,0.0374375,0.0634375,0.0654375,0.0654375,0.0214375,0.0654375,0.0194375,0.0554375,0.0604375,0.0644375,0.0304375,0.0654375,0.0664375,0.0634375,0.084,0.09,0.0634375,0.0684375,0.0274375,0.0264375,0.0544375,0.0544375,0.0494375,0.0534375,0.0514375,0.0534375,0.083,0.084,214202.9134375,59.4142708333333,0.0865625
59:40:03,23.1,0.085,0.086,0.087,0.087,0.088,0.085,0.086,0.085,0.092,0.09,0.087,0.085,0.0565625,0.0575625,0.0565625,0.0545625,0.0445625,0.0465625,0.0365625,0.0375625,0.0325625,0.0645625,0.0615625,0.0585625,0.0455625,0.0625625,0.0575625,0.0645625,0.0505625,0.0545625,0.0355625,0.0375625,0.0335625,0.0635625,0.0585625,0.0615625,0.0465625,0.0565625,0.0565625,0.0625625,0.0545625,0.0545625,0.0355625,0.0405625,0.0355625,0.0765625,0.0635625,0.0615625,0.0205625,0.0625625,0.0625625,0.0585625,0.0575625,0.0525625,0.0355625,0.0425625,0.0375625,0.0615625,0.0585625,0.0555625,0.0175625,0.0585625,0.0575625,0.0555625,0.0525625,0.0575625,0.0345625,0.0415625,0.0375625,0.0645625,0.0665625,0.0655625,0.0215625,0.0655625,0.0195625,0.0555625,0.0605625,0.0635625,0.0305625,0.0655625,0.0665625,0.0635625,0.084,0.09,0.0625625,0.0685625,0.0275625,0.0265625,0.0545625,0.0545625,0.0495625,0.0535625,0.0515625,0.0535625,0.082,0.084,214802.9135625,59.5810625,0.0864375
59:50:03,23.2,0.085,0.086,0.087,0.087,0.088,0.085,0.087,0.085,0.092,0.09,0.087,0.086,0.0564375,0.0574375,0.0564375,0.0544375,0.0444375,0.0464375,0.0364375,0.0374375,0.0334375,0.0654375,0.0614375,0.0584375,0.0454375,0.0624375,0.0574375,0.0644375,0.0504375,0.0544375,0.0354375,0.0384375,0.0334375,0.0644375,0.0584375,0.0614375,0.0474375,0.0574375,0.0564375,0.0624375,0.0544375,0.0544375,0.0354375,0.0414375,0.0354375,0.0764375,0.0634375,0.0614375,0.0204375,0.0624375,0.0624375,0.0584375,0.0574375,0.0524375,0.0354375,0.0424375,0.0384375,0.0614375,0.0584375,0.0554375,0.0174375,0.0584375,0.0584375,0.0554375,0.0534375,0.0574375,0.0344375,0.0414375,0.0374375,0.0644375,0.0664375,0.0654375,0.0214375,0.0654375,0.0194375,0.0554375,0.0604375,0.0644375,0.0304375,0.0654375,0.0664375,0.0634375,0.084,0.09,0.0634375,0.0684375,0.0274375,0.0264375,0.0544375,0.0544375,0.0494375,0.0534375,0.0514375,0.0534375,0.082,0.084,215402.9134375,59.7476041666667,0.0865625
60:00:03,23.2,0.085,0.086,0.087,0.087,0.088,0.085,0.086,0.085,0.092,0.09,0.087,0.085,0.0565625,0.0575625,0.0565625,0.0545625,0.0445625,0.0465625,0.0365625,0.0375625,0.0325625,0.0655625,0.0625625,0.0585625,0.0455625,0.0635625,0.0575625,0.0645625,0.0505625,0.0545625,0.0355625,0.0375625,0.0335625,0.0645625,0.0585625,0.0615625,0.0475625,0.0565625,0.0565625,0.0625625,0.0545625,0.0545625,0.0345625,0.0405625,0.0355625,0.0765625,0.0635625,0.0615625,0.0205625,0.0625625,0.0625625,0.0585625,0.0575625,0.0525625,0.0355625,0.0415625,0.0375625,0.0615625,0.0585625,0.0555625,0.0175625,0.0585625,0.0585625,0.0555625,0.0525625,0.0575625,0.0345625,0.0415625,0.0375625,0.0645625,0.0665625,0.0655625,0.0215625,0.0655625,0.0195625,0.0555625,0.0605625,0.0645625,0.0305625,0.0645625,0.0665625,0.0635625,0.084,0.09,0.0635625,0.0685625,0.0275625,0.0265625,0.0545625,0.0545625,0.0495625,0.0525625,0.0515625,0.0535625,0.082,0.084,216002.9135625,59.9143958333333,0.0864375
60:10:03,23.2,0.085,0.086,0.087,0.087,0.088,0.085,0.086,0.085,0.092,0.09,0.087,0.085,0.0565,0.0575,0.0565,0.0545,0.0445,0.0465,0.0365,0.0375,0.0325,0.0655,0.0625,0.0585,0.0455,0.0635,0.0575,0.0645,0.0505,0.0545,0.0345,0.0385,0.0335,0.0645,0.0585,0.0615,0.0475,0.0565,0.0565,0.0625,0.0545,0.0545,0.0355,0.0405,0.0355,0.0775,0.0645,0.0615,0.0205,0.0625,0.0625,0.0585,0.0575,0.0525,0.0355,0.0415,0.0385,0.0615,0.0585,0.0555,0.0175,0.0585,0.0585,0.0555,0.0535,0.0575,0.0345,0.0415,0.0375,0.0645,0.0665,0.0655,0.0215,0.0655,0.0195,0.0555,0.0605,0.0635,0.0305,0.0655,0.0665,0.0635,0.084,0.09,0.0635,0.0685,0.0275,0.0265,0.0545,0.0545,0.0495,0.0535,0.0515,0.0535,0.083,0.084,216602.9135,60.081,0.0865
60:20:03,23.2,0.085,0.086,0.087,0.087,0.088,0.085,0.086,0.085,0.092,0.09,0.087,0.085,0.0565625,0.0575625,0.0565625,0.0545625,0.0445625,0.0465625,0.0365625,0.0375625,0.0325625,0.0655625,0.0625625,0.0595625,0.0445625,0.0625625,0.0575625,0.0645625,0.0505625,0.0545625,0.0345625,0.0375625,0.0335625,0.0645625,0.0585625,0.0615625,0.0475625,0.0565625,0.0565625,0.0625625,0.0545625,0.0545625,0.0345625,0.0405625,0.0355625,0.0775625,0.0645625,0.0615625,0.0205625,0.0625625,0.0625625,0.0585625,0.0575625,0.0525625,0.0355625,0.0415625,0.0385625,0.0615625,0.0585625,0.0555625,0.0175625,0.0585625,0.0585625,0.0565625,0.0535625,0.0575625,0.0345625,0.0415625,0.0375625,0.0645625,0.0665625,0.0655625,0.0215625,0.0655625,0.0195625,0.0555625,0.0605625,0.0635625,0.0305625,0.0655625,0.0665625,0.0635625,0.084,0.09,0.0635625,0.0685625,0.0275625,0.0265625,0.0545625,0.0545625,0.0495625,0.0525625,0.0525625,0.0535625,0.082,0.084,217202.9135625,60.2477291666667,0.0864375
60:30:03,23.3,0.085,0.086,0.087,0.087,0.088,0.085,0.086,0.085,0.092,0.09,0.087,0.085,0.0565625,0.0575625,0.0565625,0.0545625,0.0445625,0.0465625,0.0365625,0.0375625,0.0325625,0.0655625,0.0625625,0.0585625,0.0445625,0.0625625,0.0585625,0.0645625,0.0505625,0.0545625,0.0345625,0.0375625,0.0335625,0.0645625,0.0585625,0.0615625,0.0465625,0.0565625,0.0565625,0.0625625,0.0545625,0.0545625,0.0345625,0.0405625,0.0355625,0.0775625,0.0645625,0.0615625,0.0205625,0.0625625,0.0625625,0.0585625,0.0575625,0.0525625,0.0355625,0.0415625,0.0385625,0.0615625,0.0585625,0.0555625,0.0175625,0.0585625,0.0585625,0.0565625,0.0535625,0.0575625,0.0345625,0.0415625,0.0375625,0.0645625,0.0665625,0.0655625,0.0215625,0.0655625,0.0195625,0.0555625,0.0605625,0.0635625,0.0305625,0.0655625,0.0665625,0.0635625,0.084,0.09,0.0635625,0.0685625,0.0275625,0.0265625,0.0545625,0.0545625,0.0495625,0.0535625,0.0515625,0.0535625,0.082,0.084,217802.9135625,60.4143958333333,0.0864375
60:40:03,23.3,0.085,0.086,0.087,0.087,0.088,0.085,0.086,0.085,0.092,0.09,0.087,0.085,0.0565625,0.0575625,0.0565625,0.0545625,0.0445625,0.0465625,0.0365625,0.0375625,0.0325625,0.0655625,0.0625625,0.0595625,0.0445625,0.0625625,0.0575625,0.0645625,0.0505625,0.0545625,0.0355625,0.0375625,0.0335625,0.0645625,0.0585625,0.0615625,0.0475625,0.0565625,0.0565625,0.0625625,0.0545625,0.0545625,0.0355625,0.0405625,0.0355625,0.0775625,0.0645625,0.0615625,0.0205625,0.0625625,0.0625625,0.0585625,0.0585625,0.0525625,0.0355625,0.0415625,0.0385625,0.0615625,0.0585625,0.0555625,0.0175625,0.0585625,0.0575625,0.0565625,0.0535625,0.0575625,0.0345625,0.0415625,0.0375625,0.0645625,0.0665625,0.0655625,0.0215625,0.0655625,0.0195625,0.0555625,0.0605625,0.0635625,0.0305625,0.0655625,0.0665625,0.0635625,0.084,0.09,0.0635625,0.0685625,0.0275625,0.0265625,0.0545625,0.0545625,0.0495625,0.0535625,0.0525625,0.0535625,0.082,0.084,218402.9135625,60.5810625,0.0864375
60:50:03,23.3,0.085,0.086,0.087,0.087,0.088,0.085,0.086,0.085,0.092,0.09,0.087,0.085,0.0565625,0.0575625,0.0565625,0.0545625,0.0445625,0.0475625,0.0365625,0.0365625,0.0325625,0.0655625,0.0625625,0.0595625,0.0445625,0.0625625,0.0575625,0.0645625,0.0505625,0.0545625,0.0345625,0.0375625,0.0335625,0.0645625,0.0585625,0.0615625,0.0475625,0.0565625,0.0565625,0.0635625,0.0555625,0.0545625,0.0345625,0.0405625,0.0355625,0.0775625,0.0645625,0.0625625,0.0205625,0.0615625,0.0625625,0.0585625,0.0585625,0.0525625,0.0355625,0.0415625,0.0385625,0.0625625,0.0595625,0.0555625,0.0175625,0.0575625,0.0575625,0.0565625,0.0535625,0.0585625,0.0345625,0.0415625,0.0375625,0.0645625,0.0665625,0.0655625,0.0215625,0.0645625,0.0195625,0.0555625,0.0605625,0.0635625,0.0305625,0.0655625,0.0665625,0.0635625,0.084,0.09,0.0635625,0.0685625,0.0275625,0.0265625,0.0545625,0.0545625,0.0495625,0.0535625,0.0515625,0.0535625,0.082,0.084,219002.9135625,60.7477291666667,0.0864375
61:00:03,23.4,0.085,0.086,0.087,0.087,0.088,0.085,0.086,0.085,0.092,0.09,0.087,0.085,0.0565625,0.0575625,0.0565625,0.0545625,0.0445625,0.0475625,0.0365625,0.0375625,0.0325625,0.0655625,0.0625625,0.0595625,0.0445625,0.0625625,0.0575625,0.0645625,0.0505625,0.0545625,0.0345625,0.0375625,0.0335625,0.0645625,0.0585625,0.0615625,0.0465625,0.0565625,0.0565625,0.0635625,0.0545625,0.0545625,0.0355625,0.0405625,0.0355625,0.0775625,0.0645625,0.0615625,0.0205625,0.0615625,0.0625625,0.0585625,0.0585625,0.0525625,0.0355625,0.0415625,0.0385625,0.0615625,0.0595625,0.0555625,0.0175625,0.0575625,0.0575625,0.0565625,0.0535625,0.0585625,0.0345625,0.0415625,0.0375625,0.0645625,0.0665625,0.0655625,0.0215625,0.0645625,0.0195625,0.0555625,0.0605625,0.0625625,0.0305625,0.0655625,0.0665625,0.0635625,0.084,0.09,0.0635625,0.0685625,0.0275625,0.0265625,0.0545625,0.0545625,0.0495625,0.0525625,0.0515625,0.0545625,0.082,0.084,219602.9135625,60.9143958333333,0.0864375
61:10:03,23.4,0.085,0.086,0.087,0.087,0.088,0.085,0.086,0.085,0.092,0.09,0.087,0.085,0.0565625,0.0575625,0.0565625,0.0555625,0.0445625,0.0475625,0.0365625,0.0375625,0.0325625,0.0655625,0.0625625,0.0595625,0.0445625,0.0625625,0.0575625,0.0645625,0.0505625,0.0545625,0.0345625,0.0375625,0.0335625,0.0645625,0.0585625,0.0615625,0.0465625,0.0565625,0.0565625,0.0635625,0.0555625,0.0545625,0.0355625,0.0405625,0.0355625,0.0775625,0.0645625,0.0615625,0.0205625,0.0615625,0.0625625,0.0585625,0.0585625,0.0525625,0.0355625,0.0415625,0.0385625,0.0625625,0.0595625,0.0555625,0.0175625,0.0575625,0.0575625,0.0565625,0.0535625,0.0585625,0.0345625,0.0415625,0.0375625,0.0645625,0.0675625,0.0655625,0.0215625,0.0645625,0.0195625,0.0565625,0.0605625,0.0625625,0.0305625,0.0655625,0.0665625,0.0635625,0.084,0.09,0.0635625,0.0685625,0.0275625,0.0265625,0.0545625,0.0545625,0.0495625,0.0535625,0.0515625,0.0535625,0.082,0.084,220202.9135625,61.0810625,0.0864375
61:20:03,23.4,0.085,0.086,0.087,0.087,0.088,0.085,0.086,0.085,0.092,0.09,0.087,0.085,0.0565625,0.0575625,0.0565625,0.0555625,0.0445625,0.0475625,0.0365625,0.0365625,0.0325625,0.0655625,0.0625625,0.0595625,0.0445625,0.0625625,0.0575625,0.0645625,0.0505625,0.0545625,0.0345625,0.0375625,0.0335625,0.0645625,0.0595625,0.0615625,0.0465625,0.0565625,0.0565625,0.0635625,0.0555625,0.0545625,0.0355625,0.0405625,0.0355625,0.0775625,0.0645625,0.0625625,0.0205625,0.0615625,0.0615625,0.0585625,0.0585625,0.0525625,0.0355625,0.0415625,0.0385625,0.0615625,0.0595625,0.0555625,0.0175625,0.0575625,0.0575625,0.0565625,0.0535625,0.0585625,0.0345625,0.0415625,0.0375625,0.0645625,0.0665625,0.0655625,0.0215625,0.0655625,0.0195625,0.0565625,0.0605625,0.0625625,0.0305625,0.0655625,0.0665625,0.0635625,0.084,0.09,0.0635625,0.0685625,0.0275625,0.0265625,0.0545625,0.0545625,0.0495625,0.0535625,0.0525625,0.0535625,0.082,0.084,220802.9135625,61.2477291666667,0.0864375
61:30:03,23.5,0.085,0.086,0.087,0.087,0.088,0.085,0.086,0.085,0.092,0.09,0.087,0.085,0.0575625,0.0575625,0.0565625,0.0555625,0.0445625,0.0475625,0.0365625,0.0365625,0.0325625,0.0655625,0.0635625,0.0595625,0.0445625,0.0625625,0.0575625,0.0645625,0.0505625,0.0545625,0.0345625,0.0375625,0.0335625,0.0645625,0.0595625,0.0625625,0.0465625,0.0565625,0.0565625,0.0635625,0.0555625,0.0555625,0.0355625,0.0405625,0.0355625,0.0775625,0.0645625,0.0625625,0.0205625,0.0615625,0.0625625,0.0585625,0.0585625,0.0525625,0.0355625,0.0415625,0.0385625,0.0615625,0.0595625,0.0555625,0.0175625,0.0575625,0.0575625,0.0565625,0.0535625,0.0585625,0.0345625,0.0415625,0.0375625,0.0645625,0.0665625,0.0655625,0.0215625,0.0645625,0.0195625,0.0565625,0.0605625,0.0625625,0.0305625,0.0655625,0.0675625,0.0635625,0.084,0.09,0.0635625,0.0685625,0.0275625,0.0265625,0.0545625,0.0545625,0.0495625,0.0525625,0.0525625,0.0535625,0.082,0.084,221402.9135625,61.4143958333333,0.0864375
61:40:03,23.5,0.085,0.086,0.087,0.087,0.088,0.085,0.086,0.085,0.092,0.09,0.087,0.085,0.0565625,0.0575625,0.0565625,0.0555625,0.0455625,0.0475625,0.0365625,0.0375625,0.0325625,0.0655625,0.0635625,0.0595625,0.0445625,0.0625625,0.0575625,0.0645625,0.0505625,0.0545625,0.0355625,0.0375625,0.0335625,0.0645625,0.0595625,0.0625625,0.0465625,0.0565625,0.0565625,0.0635625,0.0555625,0.0555625,0.0355625,0.0405625,0.0355625,0.0775625,0.0645625,0.0625625,0.0205625,0.0615625,0.0615625,0.0585625,0.0585625,0.0535625,0.0355625,0.0415625,0.0385625,0.0625625,0.0595625,0.0555625,0.0175625,0.0575625,0.0575625,0.0565625,0.0535625,0.0585625,0.0345625,0.0415625,0.0375625,0.0645625,0.0675625,0.0655625,0.0215625,0.0655625,0.0195625,0.0565625,0.0605625,0.0625625,0.0305625,0.0655625,0.0675625,0.0635625,0.084,0.09,0.0635625,0.0685625,0.0275625,0.0265625,0.0545625,0.0545625,0.0495625,0.0535625,0.0515625,0.0545625,0.082,0.084,222002.9135625,61.5810625,0.0864375
61:50:03,23.5,0.085,0.086,0.087,0.087,0.088,0.085,0.086,0.085,0.092,0.09,0.087,0.085,0.0575625,0.0575625,0.0565625,0.0555625,0.0455625,0.0475625,0.0365625,0.0365625,0.0325625,0.0655625,0.0635625,0.0595625,0.0445625,0.0625625,0.0575625,0.0645625,0.0515625,0.0555625,0.0345625,0.0375625,0.0335625,0.0645625,0.0595625,0.0625625,0.0465625,0.0565625,0.0565625,0.0635625,0.0555625,0.0555625,0.0355625,0.0405625,0.0355625,0.0775625,0.0645625,0.0625625,0.0205625,0.0615625,0.0615625,0.0585625,0.0585625,0.0535625,0.0355625,0.0415625,0.0385625,0.0625625,0.0595625,0.0555625,0.0175625,0.0575625,0.0575625,0.0565625,0.0535625,0.0585625,0.0335625,0.0415625,0.0375625,0.0645625,0.0675625,0.0655625,0.0215625,0.0655625,0.0195625,0.0565625,0.0605625,0.0625625,0.0305625,0.0655625,0.0675625,0.0635625,0.084,0.09,0.0635625,0.0685625,0.0265625,0.0265625,0.0535625,0.0545625,0.0495625,0.0525625,0.0525625,0.0535625,0.082,0.084,222602.9135625,61.7477291666667,0.0864375
62:00:03,23.5,0.085,0.086,0.087,0.087,0.088,0.085,0.086,0.085,0.092,0.09,0.087,0.085,0.0575625,0.0575625,0.0565625,0.0555625,0.0455625,0.0475625,0.0365625,0.0365625,0.0325625,0.0665625,0.0635625,0.0595625,0.0445625,0.0625625,0.0575625,0.0645625,0.0505625,0.0545625,0.0345625,0.0375625,0.0335625,0.0645625,0.0595625,0.0625625,0.0465625,0.0565625,0.0565625,0.0635625,0.0555625,0.0555625,0.0355625,0.0405625,0.0355625,0.0775625,0.0645625,0.0625625,0.0205625,0.0615625,0.0625625,0.0585625,0.0585625,0.0535625,0.0355625,0.0415625,0.0385625,0.0615625,0.0595625,0.0555625,0.0175625,0.0575625,0.0575625,0.0565625,0.0535625,0.0585625,0.0335625,0.0415625,0.0375625,0.0645625,0.0675625,0.0655625,0.0215625,0.0645625,0.0195625,0.0565625,0.0605625,0.0625625,0.0305625,0.0655625,0.0675625,0.0635625,0.084,0.09,0.0635625,0.0685625,0.0265625,0.0265625,0.0545625,0.0545625,0.0495625,0.0525625,0.0525625,0.0545625,0.082,0.084,223202.9135625,61.9143958333333,0.0864375
62:10:03,23.5,0.085,0.086,0.087,0.087,0.088,0.085,0.086,0.085,0.092,0.09,0.087,0.085,0.0565625,0.0575625,0.0565625,0.0555625,0.0455625,0.0475625,0.0365625,0.0365625,0.0325625,0.0655625,0.0635625,0.0595625,0.0445625,0.0625625,0.0575625,0.0645625,0.0515625,0.0545625,0.0345625,0.0375625,0.0335625,0.0655625,0.0595625,0.0625625,0.0465625,0.0565625,0.0565625,0.0635625,0.0555625,0.0555625,0.0355625,0.0405625,0.0355625,0.0775625,0.0645625,0.0625625,0.0205625,0.0615625,0.0615625,0.0585625,0.0585625,0.0535625,0.0355625,0.0415625,0.0385625,0.0625625,0.0595625,0.0555625,0.0175625,0.0575625,0.0575625,0.0565625,0.0535625,0.0585625,0.0345625,0.0415625,0.0375625,0.0645625,0.0675625,0.0655625,0.0215625,0.0655625,0.0195625,0.0565625,0.0605625,0.0625625,0.0305625,0.0655625,0.0675625,0.0635625,0.084,0.09,0.0635625,0.0685625,0.0265625,0.0265625,0.0545625,0.0545625,0.0495625,0.0525625,0.0525625,0.0535625,0.082,0.084,223802.9135625,62.0810625,0.0864375
62:20:03,23.6,0.085,0.086,0.087,0.087,0.088,0.085,0.086,0.085,0.092,0.09,0.087,0.085,0.0575625,0.0575625,0.0565625,0.0555625,0.0455625,0.0475625,0.0365625,0.0365625,0.0325625,0.0665625,0.0625625,0.0595625,0.0445625,0.0625625,0.0575625,0.0645625,0.0515625,0.0555625,0.0345625,0.0375625,0.0335625,0.0645625,0.0595625,0.0625625,0.0465625,0.0565625,0.0565625,0.0635625,0.0555625,0.0555625,0.0345625,0.0405625,0.0355625,0.0775625,0.0645625,0.0625625,0.0205625,0.0615625,0.0625625,0.0585625,0.0585625,0.0535625,0.0355625,0.0415625,0.0385625,0.0625625,0.0595625,0.0555625,0.0175625,0.0575625,0.0575625,0.0565625,0.0535625,0.0585625,0.0345625,0.0415625,0.0375625,0.0645625,0.0675625,0.0655625,0.0215625,0.0655625,0.0195625,0.0565625,0.0605625,0.0625625,0.0305625,0.0655625,0.0675625,0.0635625,0.084,0.09,0.0635625,0.0685625,0.0265625,0.0265625,0.0535625,0.0545625,0.0495625,0.0525625,0.0515625,0.0535625,0.082,0.084,224402.9135625,62.2477291666667,0.0864375
62:30:03,23.6,0.085,0.086,0.087,0.087,0.088,0.085,0.086,0.085,0.092,0.09,0.087,0.085,0.0565625,0.0575625,0.0565625,0.0555625,0.0455625,0.0475625,0.0365625,0.0365625,0.0325625,0.0665625,0.0635625,0.0595625,0.0445625,0.0625625,0.0575625,0.0645625,0.0515625,0.0555625,0.0345625,0.0375625,0.0335625,0.0645625,0.0595625,0.0625625,0.0465625,0.0565625,0.0565625,0.0635625,0.0555625,0.0555625,0.0345625,0.0405625,0.0355625,0.0775625,0.0645625,0.0625625,0.0205625,0.0615625,0.0625625,0.0595625,0.0585625,0.0535625,0.0355625,0.0415625,0.0385625,0.0625625,0.0595625,0.0555625,0.0175625,0.0575625,0.0575625,0.0565625,0.0535625,0.0585625,0.0345625,0.0415625,0.0375625,0.0645625,0.0675625,0.0655625,0.0215625,0.0655625,0.0195625,0.0565625,0.0605625,0.0625625,0.0305625,0.0655625,0.0675625,0.0635625,0.084,0.09,0.0635625,0.0685625,0.0265625,0.0265625,0.0535625,0.0545625,0.0495625,0.0525625,0.0525625,0.0545625,0.082,0.084,225002.9135625,62.4143958333333,0.0864375
62:40:03,23.6,0.085,0.086,0.087,0.087,0.088,0.085,0.086,0.086,0.092,0.09,0.087,0.085,0.0575,0.0575,0.0565,0.0555,0.0455,0.0475,0.0365,0.0365,0.0325,0.0665,0.0625,0.0595,0.0445,0.0625,0.0575,0.0645,0.0515,0.0555,0.0345,0.0375,0.0335,0.0645,0.0595,0.0625,0.0465,0.0565,0.0565,0.0635,0.0555,0.0555,0.0355,0.0405,0.0355,0.0775,0.0655,0.0625,0.0205,0.0615,0.0625,0.0595,0.0585,0.0535,0.0355,0.0415,0.0385,0.0625,0.0595,0.0555,0.0175,0.0575,0.0575,0.0565,0.0535,0.0585,0.0345,0.0415,0.0375,0.0645,0.0675,0.0655,0.0215,0.0655,0.0195,0.0565,0.0615,0.0625,0.0305,0.0655,0.0675,0.0635,0.084,0.09,0.0635,0.0685,0.0265,0.0265,0.0545,0.0545,0.0495,0.0525,0.0515,0.0545,0.082,0.084,225602.9135,62.581,0.0865
62:50:03,23.6,0.085,0.086,0.087,0.087,0.088,0.085,0.086,0.085,0.092,0.09,0.087,0.085,0.0565625,0.0575625,0.0565625,0.0555625,0.0455625,0.0475625,0.0365625,0.0365625,0.0325625,0.0665625,0.0625625,0.0595625,0.0445625,0.0625625,0.0575625,0.0645625,0.0515625,0.0555625,0.0345625,0.0375625,0.0335625,0.0645625,0.0595625,0.0625625,0.0465625,0.0565625,0.0565625,0.0635625,0.0555625,0.0555625,0.0345625,0.0405625,0.0355625,0.0775625,0.0645625,0.0625625,0.0205625,0.0615625,0.0625625,0.0595625,0.0585625,0.0535625,0.0355625,0.0415625,0.0385625,0.0625625,0.0595625,0.0555625,0.0175625,0.0575625,0.0575625,0.0565625,0.0535625,0.0585625,0.0335625,0.0415625,0.0375625,0.0645625,0.0675625,0.0655625,0.0205625,0.0645625,0.0195625,0.0565625,0.0605625,0.0625625,0.0305625,0.0655625,0.0675625,0.0635625,0.084,0.09,0.0635625,0.0685625,0.0265625,0.0265625,0.0535625,0.0545625,0.0495625,0.0535625,0.0525625,0.0545625,0.082,0.084,226202.9135625,62.7477291666667,0.0864375
63:00:03,23.6,0.085,0.086,0.087,0.087,0.088,0.085,0.086,0.085,0.092,0.09,0.087,0.085,0.0565625,0.0575625,0.0565625,0.0555625,0.0455625,0.0475625,0.0365625,0.0365625,0.0325625,0.0665625,0.0635625,0.0595625,0.0445625,0.0625625,0.0575625,0.0645625,0.0515625,0.0555625,0.0345625,0.0375625,0.0335625,0.0645625,0.0595625,0.0625625,0.0465625,0.0565625,0.0565625,0.0635625,0.0555625,0.0555625,0.0345625,0.0405625,0.0355625,0.0775625,0.0645625,0.0625625,0.0205625,0.0615625,0.0625625,0.0595625,0.0595625,0.0535625,0.0355625,0.0415625,0.0385625,0.0625625,0.0595625,0.0555625,0.0175625,0.0575625,0.0575625,0.0565625,0.0545625,0.0585625,0.0345625,0.0415625,0.0375625,0.0645625,0.0675625,0.0655625,0.0205625,0.0645625,0.0195625,0.0565625,0.0615625,0.0625625,0.0305625,0.0655625,0.0675625,0.0635625,0.084,0.09,0.0635625,0.0685625,0.0265625,0.0265625,0.0545625,0.0535625,0.0495625,0.0525625,0.0525625,0.0545625,0.082,0.084,226802.9135625,62.9143958333333,0.0864375
63:10:03,23.7,0.085,0.086,0.087,0.087,0.088,0.085,0.086,0.085,0.092,0.09,0.087,0.085,0.0575625,0.0575625,0.0565625,0.0555625,0.0455625,0.0475625,0.0365625,0.0365625,0.0325625,0.0665625,0.0635625,0.0595625,0.0445625,0.0625625,0.0575625,0.0645625,0.0515625,0.0555625,0.0345625,0.0375625,0.0335625,0.0655625,0.0595625,0.0625625,0.0465625,0.0565625,0.0565625,0.0635625,0.0555625,0.0555625,0.0345625,0.0405625,0.0355625,0.0775625,0.0655625,0.0625625,0.0205625,0.0615625,0.0625625,0.0595625,0.0595625,0.0535625,0.0355625,0.0415625,0.0385625,0.0625625,0.0595625,0.0555625,0.0175625,0.0575625,0.0575625,0.0565625,0.0545625,0.0585625,0.0335625,0.0415625,0.0375625,0.0635625,0.0675625,0.0655625,0.0205625,0.0645625,0.0195625,0.0565625,0.0605625,0.0625625,0.0305625,0.0655625,0.0675625,0.0635625,0.084,0.09,0.0635625,0.0685625,0.0265625,0.0265625,0.0535625,0.0545625,0.0495625,0.0525625,0.0525625,0.0545625,0.082,0.084,227402.9135625,63.0810625,0.0864375
63:20:03,23.7,0.085,0.086,0.087,0.087,0.088,0.085,0.086,0.086,0.092,0.09,0.087,0.085,0.0575,0.0575,0.0565,0.0555,0.0455,0.0475,0.0365,0.0365,0.0325,0.0665,0.0635,0.0595,0.0445,0.0625,0.0575,0.0645,0.0515,0.0555,0.0345,0.0375,0.0335,0.0645,0.0595,0.0625,0.0465,0.0565,0.0565,0.0635,0.0555,0.0555,0.0345,0.0405,0.0355,0.0775,0.0655,0.0625,0.0205,0.0615,0.0625,0.0595,0.0595,0.0535,0.0355,0.0415,0.0385,0.0625,0.0595,0.0555,0.0175,0.0575,0.0575,0.0565,0.0545,0.0585,0.0345,0.0415,0.0375,0.0635,0.0675,0.0655,0.0205,0.0645,0.0195,0.0575,0.0615,0.0635,0.0305,0.0655,0.0675,0.0635,0.084,0.09,0.0635,0.0685,0.0265,0.0255,0.0535,0.0535,0.0495,0.0525,0.0525,0.0545,0.082,0.084,228002.9135,63.2476666666667,0.0865
63:30:03,23.7,0.085,0.086,0.087,0.087,0.088,0.085,0.086,0.085,0.092,0.09,0.087,0.085,0.0565625,0.0575625,0.0565625,0.0555625,0.0455625,0.0475625,0.0365625,0.0365625,0.0325625,0.0665625,0.0635625,0.0595625,0.0445625,0.0625625,0.0575625,0.0645625,0.0515625,0.0555625,0.0345625,0.0375625,0.0335625,0.0655625,0.0595625,0.0625625,0.0465625,0.0565625,0.0565625,0.0635625,0.0555625,0.0555625,0.0345625,0.0405625,0.0355625,0.0775625,0.0655625,0.0625625,0.0205625,0.0615625,0.0625625,0.0595625,0.0595625,0.0535625,0.0355625,0.0415625,0.0385625,0.0625625,0.0595625,0.0555625,0.0175625,0.0575625,0.0575625,0.0575625,0.0535625,0.0585625,0.0335625,0.0415625,0.0375625,0.0645625,0.0675625,0.0655625,0.0205625,0.0645625,0.0195625,0.0565625,0.0615625,0.0625625,0.0305625,0.0655625,0.0675625,0.0635625,0.084,0.09,0.0635625,0.0685625,0.0265625,0.0255625,0.0535625,0.0545625,0.0495625,0.0525625,0.0515625,0.0545625,0.082,0.084,228602.9135625,63.4143958333333,0.0864375
63:40:03,23.7,0.085,0.086,0.087,0.087,0.088,0.085,0.086,0.085,0.092,0.09,0.087,0.085,0.0565625,0.0575625,0.0565625,0.0555625,0.0455625,0.0485625,0.0365625,0.0365625,0.0325625,0.0665625,0.0635625,0.0595625,0.0445625,0.0625625,0.0575625,0.0655625,0.0515625,0.0555625,0.0345625,0.0375625,0.0335625,0.0645625,0.0595625,0.0625625,0.0465625,0.0565625,0.0565625,0.0635625,0.0565625,0.0555625,0.0355625,0.0405625,0.0355625,0.0775625,0.0655625,0.0625625,0.0195625,0.0615625,0.0625625,0.0595625,0.0595625,0.0535625,0.0355625,0.0415625,0.0385625,0.0625625,0.0595625,0.0555625,0.0175625,0.0575625,0.0575625,0.0565625,0.0545625,0.0595625,0.0335625,0.0415625,0.0375625,0.0635625,0.0675625,0.0655625,0.0205625,0.0645625,0.0195625,0.0575625,0.0615625,0.0625625,0.0305625,0.0655625,0.0675625,0.0635625,0.084,0.09,0.0635625,0.0685625,0.0265625,0.0255625,0.0545625,0.0545625,0.0495625,0.0525625,0.0525625,0.0545625,0.082,0.084,229202.9135625,63.5810625,0.0864375
63:50:03,23.7,0.085,0.086,0.087,0.087,0.088,0.085,0.086,0.086,0.092,0.09,0.087,0.085,0.0565,0.0575,0.0565,0.0555,0.0455,0.0475,0.0365,0.0365,0.0325,0.0665,0.0635,0.0595,0.0445,0.0625,0.0575,0.0655,0.0515,0.0555,0.0345,0.0375,0.0335,0.0645,0.0595,0.0625,0.0465,0.0565,0.0575,0.0635,0.0565,0.0555,0.0345,0.0405,0.0355,0.0775,0.0655,0.0625,0.0195,0.0615,0.0615,0.0595,0.0595,0.0535,0.0355,0.0415,0.0385,0.0625,0.0595,0.0555,0.0175,0.0575,0.0575,0.0575,0.0545,0.0585,0.0335,0.0415,0.0375,0.0635,0.0675,0.0655,0.0205,0.0645,0.0195,0.0575,0.0615,0.0635,0.0305,0.0655,0.0675,0.0635,0.084,0.09,0.0635,0.0685,0.0265,0.0255,0.0535,0.0545,0.0495,0.0525,0.0525,0.0545,0.082,0.084,229802.9135,63.7476666666667,0.0865
64:00:03,23.7,0.085,0.086,0.087,0.087,0.088,0.085,0.086,0.086,0.092,0.09,0.087,0.085,0.0575,0.0575,0.0565,0.0555,0.0455,0.0475,0.0365,0.0365,0.0325,0.0665,0.0625,0.0595,0.0445,0.0625,0.0575,0.0645,0.0515,0.0555,0.0345,0.0375,0.0335,0.0645,0.0595,0.0625,0.0465,0.0565,0.0575,0.0635,0.0565,0.0555,0.0345,0.0405,0.0355,0.0785,0.0655,0.0625,0.0195,0.0615,0.0625,0.0595,0.0595,0.0535,0.0355,0.0415,0.0385,0.0625,0.0595,0.0555,0.0175,0.0575,0.0575,0.0565,0.0545,0.0595,0.0335,0.0415,0.0375,0.0635,0.0675,0.0655,0.0205,0.0645,0.0195,0.0575,0.0615,0.0635,0.0305,0.0655,0.0675,0.0635,0.084,0.09,0.0635,0.0685,0.0265,0.0255,0.0535,0.0535,0.0495,0.0525,0.0525,0.0545,0.082,0.084,230402.9135,63.9143333333333,0.0865
64:10:03,23.7,0.085,0.086,0.087,0.087,0.088,0.085,0.086,0.086,0.092,0.09,0.087,0.085,0.0575,0.0575,0.0565,0.0555,0.0455,0.0485,0.0365,0.0365,0.0325,0.0665,0.0635,0.0595,0.0445,0.0625,0.0575,0.0655,0.0515,0.0555,0.0345,0.0375,0.0335,0.0655,0.0595,0.0625,0.0465,0.0565,0.0575,0.0635,0.0565,0.0555,0.0345,0.0405,0.0355,0.0785,0.0655,0.0625,0.0195,0.0615,0.0625,0.0595,0.0595,0.0535,0.0355,0.0415,0.0385,0.0625,0.0595,0.0555,0.0175,0.0575,0.0575,0.0575,0.0545,0.0595,0.0335,0.0415,0.0375,0.0635,0.0675,0.0655,0.0205,0.0645,0.0195,0.0575,0.0615,0.0635,0.0305,0.0655,0.0675,0.0635,0.084,0.09,0.0635,0.0685,0.0265,0.0255,0.0535,0.0545,0.0495,0.0525,0.0525,0.0545,0.082,0.084,231002.9135,64.081,0.0865
64:20:03,23.7,0.085,0.086,0.087,0.087,0.088,0.085,0.086,0.086,0.092,0.09,0.087,0.085,0.0574375,0.0574375,0.0564375,0.0554375,0.0454375,0.0474375,0.0364375,0.0364375,0.0324375,0.0664375,0.0624375,0.0594375,0.0444375,0.0624375,0.0574375,0.0654375,0.0514375,0.0554375,0.0344375,0.0374375,0.0334375,0.0654375,0.0594375,0.0624375,0.0464375,0.0564375,0.0564375,0.0634375,0.0564375,0.0554375,0.0344375,0.0404375,0.0354375,0.0784375,0.0654375,0.0624375,0.0194375,0.0614375,0.0614375,0.0594375,0.0594375,0.0534375,0.0354375,0.0414375,0.0384375,0.0624375,0.0604375,0.0554375,0.0174375,0.0574375,0.0584375,0.0574375,0.0544375,0.0594375,0.0334375,0.0414375,0.0374375,0.0634375,0.0674375,0.0654375,0.0204375,0.0654375,0.0194375,0.0574375,0.0614375,0.0634375,0.0304375,0.0664375,0.0674375,0.0634375,0.084,0.09,0.0634375,0.0684375,0.0264375,0.0254375,0.0534375,0.0544375,0.0494375,0.0524375,0.0524375,0.0544375,0.083,0.084,231602.9134375,64.2476041666667,0.0865625
64:30:03,23.7,0.085,0.086,0.087,0.087,0.088,0.085,0.086,0.086,0.092,0.09,0.087,0.085,0.0575,0.0575,0.0565,0.0555,0.0455,0.0475,0.0365,0.0365,0.0325,0.0665,0.0635,0.0595,0.0445,0.0625,0.0575,0.0655,0.0515,0.0555,0.0345,0.0375,0.0335,0.0655,0.0595,0.0625,0.0465,0.0565,0.0565,0.0635,0.0565,0.0555,0.0345,0.0405,0.0355,0.0785,0.0655,0.0615,0.0195,0.0615,0.0625,0.0595,0.0595,0.0535,0.0355,0.0415,0.0385,0.0625,0.0605,0.0555,0.0175,0.0575,0.0585,0.0575,0.0545,0.0595,0.0335,0.0415,0.0375,0.0635,0.0675,0.0655,0.0205,0.0655,0.0195,0.0575,0.0605,0.0635,0.0305,0.0665,0.0675,0.0635,0.084,0.09,0.0635,0.0685,0.0265,0.0255,0.0535,0.0535,0.0495,0.0525,0.0525,0.0545,0.082,0.084,232202.9135,64.4143333333333,0.0865
64:40:03,23.7,0.085,0.086,0.087,0.087,0.088,0.085,0.086,0.085,0.092,0.09,0.087,0.085,0.0575625,0.0575625,0.0565625,0.0555625,0.0455625,0.0485625,0.0365625,0.0365625,0.0325625,0.0665625,0.0635625,0.0595625,0.0445625,0.0625625,0.0575625,0.0655625,0.0515625,0.0555625,0.0345625,0.0375625,0.0335625,0.0655625,0.0595625,0.0625625,0.0465625,0.0565625,0.0565625,0.0635625,0.0565625,0.0565625,0.0345625,0.0405625,0.0355625,0.0785625,0.0655625,0.0625625,0.0195625,0.0615625,0.0615625,0.0595625,0.0595625,0.0535625,0.0355625,0.0415625,0.0375625,0.0625625,0.0595625,0.0555625,0.0175625,0.0575625,0.0585625,0.0575625,0.0545625,0.0595625,0.0335625,0.0415625,0.0375625,0.0635625,0.0675625,0.0655625,0.0205625,0.0655625,0.0195625,0.0575625,0.0605625,0.0635625,0.0305625,0.0655625,0.0675625,0.0635625,0.084,0.09,0.0635625,0.0685625,0.0265625,0.0255625,0.0535625,0.0535625,0.0495625,0.0525625,0.0515625,0.0545625,0.082,0.084,232802.9135625,64.5810625,0.0864375
64:50:03,23.7,0.085,0.086,0.087,0.087,0.088,0.085,0.086,0.086,0.092,0.09,0.087,0.085,0.0574375,0.0574375,0.0564375,0.0554375,0.0464375,0.0484375,0.0364375,0.0364375,0.0324375,0.0664375,0.0634375,0.0604375,0.0444375,0.0624375,0.0574375,0.0654375,0.0514375,0.0554375,0.0344375,0.0374375,0.0334375,0.0654375,0.0594375,0.0624375,0.0464375,0.0564375,0.0574375,0.0634375,0.0564375,0.0564375,0.0344375,0.0404375,0.0354375,0.0784375,0.0654375,0.0624375,0.0194375,0.0614375,0.0614375,0.0594375,0.0594375,0.0534375,0.0354375,0.0414375,0.0384375,0.0614375,0.0604375,0.0554375,0.0174375,0.0574375,0.0584375,0.0574375,0.0544375,0.0594375,0.0334375,0.0414375,0.0374375,0.0634375,0.0674375,0.0654375,0.0204375,0.0644375,0.0184375,0.0574375,0.0614375,0.0634375,0.0304375,0.0664375,0.0674375,0.0634375,0.084,0.09,0.0634375,0.0684375,0.0264375,0.0254375,0.0534375,0.0534375,0.0494375,0.0524375,0.0514375,0.0544375,0.083,0.084,233402.9134375,64.7476041666667,0.0865625
65:00:03,23.7,0.085,0.086,0.087,0.087,0.088,0.085,0.086,0.086,0.092,0.09,0.087,0.085,0.0575,0.0575,0.0565,0.0555,0.0465,0.0485,0.0365,0.0365,0.0325,0.0665,0.0635,0.0595,0.0445,0.0625,0.0575,0.0655,0.0525,0.0555,0.0345,0.0375,0.0335,0.0655,0.0595,0.0625,0.0465,0.0565,0.0575,0.0635,0.0565,0.0565,0.0345,0.0405,0.0355,0.0785,0.0655,0.0625,0.0195,0.0615,0.0625,0.0595,0.0595,0.0545,0.0355,0.0415,0.0385,0.0625,0.0605,0.0555,0.0175,0.0575,0.0585,0.0575,0.0545,0.0595,0.0335,0.0415,0.0375,0.0635,0.0675,0.0655,0.0205,0.0655,0.0185,0.0575,0.0615,0.0635,0.0305,0.0665,0.0675,0.0635,0.084,0.09,0.0635,0.0685,0.0265,0.0255,0.0535,0.0545,0.0495,0.0525,0.0515,0.0535,0.082,0.084,234002.9135,64.9143333333333,0.0865
65:10:03,23.7,0.085,0.086,0.087,0.087,0.088,0.085,0.086,0.086,0.092,0.09,0.087,0.085,0.0575,0.0575,0.0565,0.0555,0.0465,0.0485,0.0365,0.0365,0.0325,0.0665,0.0635,0.0595,0.0445,0.0625,0.0575,0.0655,0.0525,0.0555,0.0345,0.0375,0.0335,0.0655,0.0595,0.0625,0.0465,0.0565,0.0575,0.0635,0.0565,0.0565,0.0345,0.0395,0.0355,0.0785,0.0655,0.0615,0.0195,0.0615,0.0615,0.0595,0.0595,0.0545,0.0355,0.0415,0.0385,0.0615,0.0605,0.0555,0.0165,0.0575,0.0585,0.0575,0.0545,0.0595,0.0335,0.0415,0.0375,0.0635,0.0675,0.0655,0.0205,0.0655,0.0185,0.0575,0.0615,0.0635,0.0305,0.0665,0.0675,0.0635,0.084,0.09,0.0635,0.0685,0.0265,0.0255,0.0535,0.0535,0.0485,0.0525,0.0515,0.0535,0.082,0.084,234602.9135,65.081,0.0865
65:20:03,23.7,0.085,0.086,0.087,0.087,0.088,0.085,0.086,0.086,0.092,0.09,0.087,0.085,0.0565,0.0575,0.0565,0.0555,0.0465,0.0485,0.0365,0.0365,0.0325,0.0665,0.0635,0.0595,0.0445,0.0625,0.0575,0.0655,0.0525,0.0555,0.0345,0.0375,0.0335,0.0655,0.0595,0.0625,0.0465,0.0565,0.0575,0.0635,0.0565,0.0565,0.0345,0.0405,0.0355,0.0775,0.0655,0.0625,0.0195,0.0615,0.0615,0.0595,0.0595,0.0545,0.0355,0.0415,0.0385,0.0615,0.0605,0.0555,0.0175,0.0575,0.0585,0.0575,0.0545,0.0595,0.0335,0.0415,0.0375,0.0635,0.0675,0.0655,0.0205,0.0655,0.0185,0.0575,0.0615,0.0635,0.0305,0.0665,0.0675,0.0635,0.084,0.09,0.0635,0.0685,0.0265,0.0255,0.0535,0.0535,0.0495,0.0525,0.0525,0.0545,0.082,0.084,235202.9135,65.2476666666667,0.0865
65:30:03,23.7,0.085,0.086,0.087,0.087,0.088,0.085,0.086,0.086,0.092,0.09,0.087,0.085,0.0574375,0.0574375,0.0564375,0.0554375,0.0464375,0.0484375,0.0364375,0.0364375,0.0324375,0.0664375,0.0634375,0.0594375,0.0444375,0.0624375,0.0574375,0.0654375,0.0524375,0.0554375,0.0344375,0.0374375,0.0334375,0.0654375,0.0594375,0.0624375,0.0464375,0.0564375,0.0574375,0.0644375,0.0564375,0.0564375,0.0344375,0.0404375,0.0354375,0.0784375,0.0654375,0.0624375,0.0194375,0.0614375,0.0614375,0.0594375,0.0594375,0.0544375,0.0354375,0.0414375,0.0384375,0.0614375,0.0604375,0.0554375,0.0174375,0.0574375,0.0584375,0.0574375,0.0544375,0.0594375,0.0334375,0.0414375,0.0374375,0.0634375,0.0674375,0.0654375,0.0204375,0.0654375,0.0184375,0.0574375,0.0614375,0.0634375,0.0304375,0.0664375,0.0674375,0.0634375,0.084,0.09,0.0634375,0.0684375,0.0264375,0.0254375,0.0534375,0.0534375,0.0484375,0.0524375,0.0524375,0.0544375,0.083,0.084,235802.9134375,65.4142708333333,0.0865625
65:40:03,23.7,0.085,0.086,0.087,0.087,0.088,0.085,0.086,0.086,0.092,0.09,0.087,0.085,0.0575,0.0575,0.0565,0.0555,0.0465,0.0485,0.0365,0.0365,0.0325,0.0665,0.0635,0.0595,0.0445,0.0625,0.0575,0.0655,0.0525,0.0555,0.0345,0.0375,0.0335,0.0655,0.0605,0.0625,0.0465,0.0565,0.0575,0.0645,0.0565,0.0565,0.0345,0.0405,0.0355,0.0785,0.0655,0.0625,0.0195,0.0615,0.0615,0.0595,0.0595,0.0545,0.0355,0.0415,0.0385,0.0615,0.0605,0.0555,0.0175,0.0575,0.0585,0.0575,0.0545,0.0595,0.0335,0.0415,0.0375,0.0635,0.0675,0.0655,0.0205,0.0655,0.0185,0.0575,0.0615,0.0625,0.0305,0.0665,0.0675,0.0635,0.084,0.09,0.0635,0.0685,0.0265,0.0255,0.0535,0.0535,0.0495,0.0525,0.0525,0.0545,0.082,0.084,236402.9135,65.581,0.0865
65:50:03,23.7,0.085,0.086,0.087,0.087,0.088,0.085,0.086,0.086,0.092,0.09,0.087,0.085,0.0575,0.0575,0.0565,0.0555,0.0465,0.0485,0.0365,0.0365,0.0325,0.0665,0.0635,0.0605,0.0445,0.0625,0.0575,0.0655,0.0525,0.0565,0.0345,0.0375,0.0335,0.0655,0.0605,0.0625,0.0465,0.0565,0.0575,0.0645,0.0565,0.0565,0.0345,0.0405,0.0355,0.0785,0.0655,0.0625,0.0195,0.0615,0.0625,0.0595,0.0605,0.0545,0.0355,0.0415,0.0385,0.0615,0.0605,0.0555,0.0165,0.0575,0.0585,0.0575,0.0545,0.0595,0.0335,0.0415,0.0375,0.0635,0.0675,0.0655,0.0205,0.0655,0.0185,0.0575,0.0615,0.0635,0.0305,0.0665,0.0675,0.0635,0.084,0.09,0.0635,0.0685,0.0265,0.0255,0.0535,0.0545,0.0495,0.0525,0.0515,0.0545,0.082,0.084,237002.9135,65.7476666666667,0.0865
66:00:03,23.7,0.085,0.086,0.087,0.087,0.088,0.085,0.086,0.086,0.092,0.09,0.087,0.085,0.0574375,0.0574375,0.0564375,0.0554375,0.0464375,0.0484375,0.0364375,0.0364375,0.0324375,0.0664375,0.0634375,0.0604375,0.0444375,0.0624375,0.0574375,0.0654375,0.0524375,0.0564375,0.0344375,0.0374375,0.0334375,0.0654375,0.0604375,0.0624375,0.0464375,0.0564375,0.0564375,0.0634375,0.0564375,0.0564375,0.0344375,0.0404375,0.0354375,0.0784375,0.0654375,0.0624375,0.0194375,0.0614375,0.0624375,0.0594375,0.0604375,0.0544375,0.0354375,0.0414375,0.0374375,0.0614375,0.0604375,0.0554375,0.0164375,0.0574375,0.0584375,0.0574375,0.0544375,0.0594375,0.0334375,0.0414375,0.0374375,0.0634375,0.0674375,0.0654375,0.0204375,0.0654375,0.0184375,0.0574375,0.0614375,0.0634375,0.0304375,0.0664375,0.0674375,0.0634375,0.084,0.09,0.0634375,0.0684375,0.0264375,0.0254375,0.0534375,0.0534375,0.0494375,0.0524375,0.0514375,0.0544375,0.083,0.084,237602.9134375,65.9142708333333,0.0865625
66:10:03,23.8,0.085,0.086,0.087,0.087,0.088,0.085,0.086,0.086,0.092,0.09,0.087,0.085,0.0575,0.0575,0.0565,0.0565,0.0465,0.0485,0.0365,0.0365,0.0325,0.0665,0.0635,0.0605,0.0445,0.0615,0.0575,0.0655,0.0525,0.0555,0.0345,0.0375,0.0335,0.0655,0.0605,0.0625,0.0465,0.0565,0.0565,0.0645,0.0565,0.0565,0.0345,0.0405,0.0355,0.0775,0.0655,0.0625,0.0195,0.0615,0.0615,0.0595,0.0595,0.0545,0.0355,0.0415,0.0375,0.0615,0.0605,0.0555,0.0165,0.0575,0.0585,0.0575,0.0545,0.0595,0.0335,0.0415,0.0375,0.0635,0.0675,0.0655,0.0205,0.0655,0.0185,0.0575,0.0615,0.0635,0.0305,0.0665,0.0675,0.0635,0.084,0.09,0.0635,0.0685,0.0265,0.0255,0.0535,0.0535,0.0485,0.0525,0.0525,0.0545,0.082,0.084,238202.9135,66.081,0.0865
66:20:03,23.8,0.085,0.086,0.087,0.087,0.088,0.085,0.086,0.086,0.092,0.09,0.087,0.085,0.0575,0.0575,0.0565,0.0555,0.0465,0.0485,0.0365,0.0365,0.0325,0.0665,0.0635,0.0605,0.0445,0.0615,0.0575,0.0655,0.0525,0.0565,0.0345,0.0375,0.0335,0.0655,0.0605,0.0625,0.0465,0.0565,0.0575,0.0645,0.0565,0.0565,0.0345,0.0405,0.0355,0.0775,0.0655,0.0625,0.0195,0.0615,0.0615,0.0605,0.0605,0.0545,0.0355,0.0415,0.0375,0.0615,0.0605,0.0555,0.0165,0.0575,0.0585,0.0575,0.0545,0.0595,0.0335,0.0415,0.0375,0.0635,0.0675,0.0655,0.0205,0.0655,0.0185,0.0575,0.0615,0.0635,0.0305,0.0665,0.0675,0.0635,0.084,0.09,0.0635,0.0685,0.0265,0.0255,0.0535,0.0535,0.0485,0.0525,0.0515,0.0545,0.082,0.084,238802.9135,66.2476666666667,0.0865
66:30:03,23.7,0.085,0.086,0.087,0.087,0.088,0.085,0.086,0.086,0.092,0.09,0.086,0.085,0.0575625,0.0575625,0.0565625,0.0555625,0.0465625,0.0485625,0.0365625,0.0365625,0.0325625,0.0665625,0.0635625,0.0595625,0.0445625,0.0615625,0.0575625,0.0655625,0.0525625,0.0565625,0.0345625,0.0375625,0.0335625,0.0655625,0.0595625,0.0625625,0.0465625,0.0565625,0.0575625,0.0645625,0.0575625,0.0565625,0.0345625,0.0405625,0.0355625,0.0775625,0.0655625,0.0625625,0.0195625,0.0615625,0.0615625,0.0605625,0.0605625,0.0545625,0.0355625,0.0415625,0.0385625,0.0615625,0.0605625,0.0555625,0.0165625,0.0575625,0.0585625,0.0575625,0.0545625,0.0595625,0.0335625,0.0405625,0.0375625,0.0635625,0.0675625,0.0655625,0.0205625,0.0655625,0.0185625,0.0575625,0.0615625,0.0635625,0.0305625,0.0665625,0.0675625,0.0635625,0.084,0.09,0.0635625,0.0685625,0.0255625,0.0255625,0.0535625,0.0535625,0.0495625,0.0525625,0.0515625,0.0545625,0.082,0.084,239402.9135625,66.4143958333333,0.0864375
66:40:03,23.8,0.085,0.086,0.087,0.087,0.088,0.085,0.086,0.086,0.092,0.09,0.087,0.085,0.0575,0.0575,0.0565,0.0555,0.0465,0.0485,0.0365,0.0365,0.0325,0.0665,0.0635,0.0595,0.0445,0.0615,0.0575,0.0655,0.0525,0.0565,0.0345,0.0375,0.0335,0.0655,0.0605,0.0625,0.0465,0.0565,0.0575,0.0645,0.0575,0.0565,0.0345,0.0405,0.0355,0.0775,0.0655,0.0625,0.0195,0.0615,0.0615,0.0605,0.0605,0.0545,0.0345,0.0415,0.0375,0.0615,0.0605,0.0555,0.0165,0.0575,0.0585,0.0575,0.0545,0.0595,0.0335,0.0415,0.0375,0.0635,0.0675,0.0655,0.0205,0.0655,0.0185,0.0575,0.0615,0.0635,0.0305,0.0665,0.0675,0.0635,0.084,0.09,0.0635,0.0685,0.0265,0.0255,0.0535,0.0535,0.0485,0.0525,0.0515,0.0545,0.082,0.084,240002.9135,66.581,0.0865
66:50:03,23.8,0.085,0.086,0.087,0.087,0.088,0.085,0.087,0.086,0.092,0.09,0.087,0.085,0.0574375,0.0574375,0.0564375,0.0564375,0.0464375,0.0484375,0.0364375,0.0364375,0.0324375,0.0664375,0.0634375,0.0594375,0.0444375,0.0614375,0.0574375,0.0654375,0.0524375,0.0564375,0.0344375,0.0374375,0.0334375,0.0654375,0.0604375,0.0624375,0.0464375,0.0564375,0.0574375,0.0644375,0.0574375,0.0564375,0.0344375,0.0404375,0.0354375,0.0774375,0.0664375,0.0624375,0.0194375,0.0614375,0.0614375,0.0604375,0.0604375,0.0544375,0.0354375,0.0414375,0.0374375,0.0614375,0.0604375,0.0554375,0.0164375,0.0574375,0.0584375,0.0574375,0.0554375,0.0594375,0.0334375,0.0414375,0.0374375,0.0634375,0.0674375,0.0654375,0.0204375,0.0654375,0.0184375,0.0584375,0.0614375,0.0634375,0.0304375,0.0664375,0.0674375,0.0634375,0.084,0.09,0.0644375,0.0684375,0.0254375,0.0254375,0.0534375,0.0544375,0.0494375,0.0524375,0.0524375,0.0544375,0.082,0.084,240602.9134375,66.7476041666667,0.0865625
67:00:03,23.8,0.085,0.086,0.087,0.087,0.088,0.085,0.086,0.086,0.092,0.09,0.087,0.085,0.0574375,0.0574375,0.0564375,0.0554375,0.0464375,0.0484375,0.0364375,0.0364375,0.0324375,0.0664375,0.0634375,0.0604375,0.0444375,0.0614375,0.0574375,0.0654375,0.0524375,0.0564375,0.0344375,0.0374375,0.0334375,0.0654375,0.0604375,0.0624375,0.0464375,0.0564375,0.0574375,0.0644375,0.0574375,0.0564375,0.0344375,0.0404375,0.0354375,0.0784375,0.0664375,0.0624375,0.0194375,0.0614375,0.0614375,0.0604375,0.0604375,0.0544375,0.0354375,0.0414375,0.0374375,0.0614375,0.0604375,0.0554375,0.0164375,0.0574375,0.0584375,0.0574375,0.0544375,0.0594375,0.0334375,0.0414375,0.0374375,0.0634375,0.0674375,0.0654375,0.0204375,0.0654375,0.0184375,0.0584375,0.0614375,0.0634375,0.0304375,0.0664375,0.0674375,0.0634375,0.084,0.09,0.0644375,0.0684375,0.0254375,0.0254375,0.0534375,0.0534375,0.0484375,0.0524375,0.0514375,0.0544375,0.083,0.084,241202.9134375,66.9142708333333,0.0865625
67:10:03,23.8,0.085,0.086,0.087,0.087,0.088,0.085,0.086,0.086,0.092,0.09,0.087,0.085,0.0575,0.0575,0.0565,0.0565,0.0465,0.0485,0.0365,0.0365,0.0325,0.0665,0.0635,0.0605,0.0445,0.0615,0.0575,0.0655,0.0525,0.0565,0.0345,0.0375,0.0335,0.0655,0.0605,0.0625,0.0465,0.0565,0.0575,0.0645,0.0575,0.0565,0.0345,0.0395,0.0355,0.0775,0.0665,0.0625,0.0195,0.0615,0.0615,0.0605,0.0605,0.0545,0.0345,0.0415,0.0375,0.0615,0.0605,0.0555,0.0165,0.0575,0.0585,0.0585,0.0545,0.0595,0.0335,0.0405,0.0375,0.0635,0.0675,0.0655,0.0205,0.0655,0.0185,0.0585,0.0615,0.0635,0.0305,0.0665,0.0675,0.0635,0.084,0.09,0.0635,0.0685,0.0255,0.0255,0.0535,0.0535,0.0485,0.0525,0.0515,0.0545,0.082,0.084,241802.9135,67.081,0.0865
67:20:03,23.8,0.085,0.086,0.087,0.087,0.088,0.085,0.086,0.086,0.092,0.09,0.087,0.085,0.0575,0.0575,0.0565,0.0565,0.0465,0.0485,0.0365,0.0365,0.0325,0.0665,0.0635,0.0595,0.0445,0.0615,0.0575,0.0655,0.0525,0.0565,0.0345,0.0375,0.0335,0.0655,0.0605,0.0625,0.0455,0.0565,0.0575,0.0645,0.0575,0.0565,0.0345,0.0395,0.0355,0.0785,0.0665,0.0625,0.0195,0.0615,0.0615,0.0605,0.0605,0.0545,0.0355,0.0415,0.0375,0.0615,0.0605,0.0555,0.0165,0.0575,0.0585,0.0575,0.0545,0.0595,0.0335,0.0405,0.0375,0.0635,0.0675,0.0655,0.0205,0.0655,0.0185,0.0585,0.0615,0.0635,0.0305,0.0665,0.0685,0.0635,0.084,0.09,0.0645,0.0685,0.0255,0.0255,0.0535,0.0535,0.0485,0.0525,0.0525,0.0545,0.082,0.084,242402.9135,67.2476666666667,0.0865
67:30:03,23.8,0.085,0.086,0.087,0.087,0.088,0.085,0.086,0.086,0.092,0.09,0.087,0.085,0.0575,0.0575,0.0565,0.0565,0.0465,0.0485,0.0365,0.0365,0.0325,0.0665,0.0635,0.0605,0.0445,0.0615,0.0575,0.0655,0.0525,0.0565,0.0345,0.0375,0.0335,0.0655,0.0605,0.0625,0.0465,0.0565,0.0575,0.0645,0.0575,0.0565,0.0345,0.0405,0.0355,0.0785,0.0665,0.0625,0.0195,0.0615,0.0615,0.0605,0.0605,0.0545,0.0345,0.0415,0.0375,0.0615,0.0605,0.0555,0.0165,0.0575,0.0585,0.0585,0.0555,0.0595,0.0335,0.0415,0.0375,0.0635,0.0675,0.0655,0.0205,0.0655,0.0185,0.0585,0.0615,0.0635,0.0305,0.0665,0.0675,0.0635,0.084,0.09,0.0635,0.0685,0.0255,0.0255,0.0535,0.0535,0.0485,0.0525,0.0515,0.0545,0.082,0.084,243002.9135,67.4143333333333,0.0865
67:40:03,23.8,0.085,0.086,0.087,0.087,0.088,0.085,0.087,0.086,0.092,0.09,0.087,0.085,0.057375,0.057375,0.056375,0.056375,0.046375,0.048375,0.036375,0.036375,0.032375,0.066375,0.063375,0.059375,0.044375,0.061375,0.057375,0.065375,0.052375,0.056375,0.034375,0.037375,0.033375,0.065375,0.060375,0.062375,0.046375,0.056375,0.057375,0.064375,0.057375,0.056375,0.034375,0.040375,0.035375,0.078375,0.066375,0.062375,0.019375,0.061375,0.062375,0.060375,0.060375,0.054375,0.035375,0.041375,0.038375,0.061375,0.060375,0.055375,0.016375,0.057375,0.058375,0.058375,0.055375,0.059375,0.033375,0.041375,0.037375,0.063375,0.067375,0.065375,0.020375,0.065375,0.018375,0.058375,0.061375,0.063375,0.030375,0.066375,0.067375,0.063375,0.084,0.09,0.064375,0.068375,0.025375,0.025375,0.053375,0.053375,0.048375,0.052375,0.051375,0.054375,0.083,0.084,243602.913375,67.580875,0.086625
67:50:03,23.8,0.085,0.086,0.087,0.087,0.088,0.085,0.086,0.086,0.092,0.09,0.087,0.085,0.0575,0.0575,0.0565,0.0565,0.0465,0.0485,0.0365,0.0365,0.0325,0.0665,0.0635,0.0605,0.0445,0.0615,0.0575,0.0655,0.0525,0.0565,0.0345,0.0375,0.0335,0.0655,0.0605,0.0625,0.0465,0.0565,0.0575,0.0645,0.0575,0.0565,0.0345,0.0395,0.0355,0.0785,0.0665,0.0625,0.0195,0.0615,0.0615,0.0605,0.0605,0.0545,0.0345,0.0415,0.0375,0.0615,0.0605,0.0555,0.0165,0.0575,0.0585,0.0585,0.0555,0.0595,0.0335,0.0415,0.0375,0.0635,0.0685,0.0655,0.0205,0.0655,0.0185,0.0585,0.0615,0.0635,0.0305,0.0665,0.0685,0.0635,0.084,0.09,0.0635,0.0685,0.0255,0.0255,0.0535,0.0535,0.0485,0.0525,0.0515,0.0545,0.082,0.084,244202.9135,67.7476666666667,0.0865
68:00:03,23.7,0.085,0.086,0.087,0.087,0.088,0.085,0.086,0.086,0.092,0.09,0.087,0.085,0.0574375,0.0574375,0.0564375,0.0564375,0.0464375,0.0484375,0.0364375,0.0364375,0.0324375,0.0664375,0.0634375,0.0604375,0.0444375,0.0614375,0.0574375,0.0654375,0.0524375,0.0564375,0.0344375,0.0364375,0.0334375,0.0654375,0.0604375,0.0624375,0.0464375,0.0554375,0.0574375,0.0644375,0.0574375,0.0564375,0.0344375,0.0394375,0.0354375,0.0784375,0.0664375,0.0624375,0.0194375,0.0614375,0.0614375,0.0604375,0.0604375,0.0544375,0.0344375,0.0414375,0.0374375,0.0614375,0.0604375,0.0554375,0.0164375,0.0574375,0.0584375,0.0584375,0.0554375,0.0594375,0.0334375,0.0414375,0.0374375,0.0634375,0.0674375,0.0654375,0.0204375,0.0654375,0.0184375,0.0584375,0.0614375,0.0634375,0.0304375,0.0664375,0.0674375,0.0634375,0.084,0.09,0.0634375,0.0684375,0.0254375,0.0254375,0.0534375,0.0534375,0.0484375,0.0524375,0.0524375,0.0544375,0.083,0.084,244802.9134375,67.9142708333333,0.0865625
68:10:03,23.7,0.085,0.086,0.087,0.087,0.088,0.085,0.086,0.086,0.092,0.09,0.087,0.085,0.0574375,0.0574375,0.0564375,0.0564375,0.0464375,0.0484375,0.0364375,0.0364375,0.0324375,0.0664375,0.0634375,0.0604375,0.0434375,0.0614375,0.0574375,0.0654375,0.0524375,0.0564375,0.0344375,0.0364375,0.0334375,0.0654375,0.0604375,0.0624375,0.0464375,0.0554375,0.0574375,0.0644375,0.0574375,0.0564375,0.0344375,0.0394375,0.0354375,0.0784375,0.0664375,0.0624375,0.0194375,0.0614375,0.0624375,0.0604375,0.0604375,0.0544375,0.0344375,0.0414375,0.0374375,0.0614375,0.0604375,0.0554375,0.0164375,0.0574375,0.0584375,0.0584375,0.0554375,0.0594375,0.0334375,0.0414375,0.0374375,0.0634375,0.0674375,0.0654375,0.0204375,0.0654375,0.0184375,0.0584375,0.0614375,0.0634375,0.0304375,0.0664375,0.0684375,0.0634375,0.084,0.09,0.0644375,0.0684375,0.0254375,0.0254375,0.0534375,0.0534375,0.0484375,0.0524375,0.0524375,0.0544375,0.083,0.084,245402.9134375,68.0809375,0.0865625
68:20:03,23.7,0.085,0.086,0.087,0.087,0.088,0.085,0.086,0.086,0.092,0.09,0.087,0.085,0.0574375,0.0574375,0.0564375,0.0564375,0.0464375,0.0484375,0.0364375,0.0364375,0.0324375,0.0664375,0.0634375,0.0604375,0.0444375,0.0614375,0.0574375,0.0654375,0.0524375,0.0564375,0.0344375,0.0364375,0.0334375,0.0654375,0.0604375,0.0624375,0.0464375,0.0554375,0.0574375,0.0644375,0.0574375,0.0564375,0.0344375,0.0394375,0.0354375,0.0784375,0.0664375,0.0624375,0.0194375,0.0614375,0.0614375,0.0604375,0.0604375,0.0544375,0.0344375,0.0414375,0.0374375,0.0614375,0.0604375,0.0554375,0.0164375,0.0574375,0.0584375,0.0584375,0.0554375,0.0594375,0.0334375,0.0404375,0.0374375,0.0634375,0.0674375,0.0654375,0.0204375,0.0644375,0.0184375,0.0584375,0.0614375,0.0634375,0.0304375,0.0664375,0.0674375,0.0634375,0.084,0.09,0.0634375,0.0684375,0.0254375,0.0244375,0.0534375,0.0534375,0.0484375,0.0524375,0.0514375,0.0544375,0.083,0.084,246002.9134375,68.2476041666667,0.0865625
68:30:03,23.7,0.085,0.086,0.087,0.087,0.088,0.085,0.086,0.086,0.092,0.09,0.087,0.085,0.0574375,0.0574375,0.0564375,0.0564375,0.0464375,0.0484375,0.0364375,0.0364375,0.0324375,0.0664375,0.0634375,0.0604375,0.0444375,0.0614375,0.0574375,0.0664375,0.0524375,0.0564375,0.0344375,0.0364375,0.0334375,0.0654375,0.0604375,0.0624375,0.0464375,0.0554375,0.0574375,0.0644375,0.0574375,0.0564375,0.0344375,0.0404375,0.0354375,0.0784375,0.0664375,0.0624375,0.0194375,0.0614375,0.0614375,0.0604375,0.0604375,0.0544375,0.0344375,0.0414375,0.0374375,0.0614375,0.0604375,0.0554375,0.0164375,0.0574375,0.0584375,0.0584375,0.0554375,0.0594375,0.0334375,0.0414375,0.0374375,0.0634375,0.0684375,0.0654375,0.0204375,0.0644375,0.0184375,0.0584375,0.0614375,0.0634375,0.0304375,0.0664375,0.0684375,0.0634375,0.084,0.09,0.0644375,0.0684375,0.0254375,0.0244375,0.0534375,0.0534375,0.0484375,0.0524375,0.0524375,0.0544375,0.083,0.084,246602.9134375,68.4142708333333,0.0865625
68:40:03,23.7,0.085,0.086,0.087,0.087,0.088,0.085,0.086,0.086,0.092,0.09,0.087,0.085,0.0575,0.0575,0.0565,0.0565,0.0465,0.0485,0.0365,0.0365,0.0325,0.0665,0.0635,0.0605,0.0445,0.0615,0.0575,0.0655,0.0525,0.0565,0.0345,0.0365,0.0325,0.0655,0.0605,0.0625,0.0465,0.0555,0.0575,0.0645,0.0575,0.0565,0.0345,0.0405,0.0355,0.0785,0.0665,0.0625,0.0195,0.0615,0.0625,0.0605,0.0605,0.0545,0.0355,0.0415,0.0375,0.0615,0.0605,0.0555,0.0165,0.0575,0.0585,0.0585,0.0555,0.0595,0.0335,0.0415,0.0375,0.0635,0.0685,0.0655,0.0205,0.0655,0.0185,0.0585,0.0615,0.0635,0.0305,0.0665,0.0685,0.0635,0.084,0.09,0.0645,0.0685,0.0255,0.0245,0.0535,0.0535,0.0485,0.0525,0.0525,0.0545,0.082,0.084,247202.9135,68.581,0.0865
68:50:03,23.7,0.085,0.086,0.087,0.087,0.088,0.085,0.086,0.086,0.092,0.09,0.087,0.085,0.0575,0.0575,0.0565,0.0565,0.0465,0.0485,0.0365,0.0365,0.0325,0.0665,0.0635,0.0605,0.0435,0.0615,0.0575,0.0655,0.0525,0.0565,0.0345,0.0365,0.0335,0.0655,0.0605,0.0625,0.0465,0.0555,0.0575,0.0645,0.0575,0.0565,0.0345,0.0395,0.0355,0.0785,0.0665,0.0625,0.0195,0.0615,0.0625,0.0605,0.0605,0.0545,0.0345,0.0415,0.0375,0.0615,0.0605,0.0555,0.0165,0.0575,0.0585,0.0585,0.0555,0.0605,0.0335,0.0405,0.0375,0.0635,0.0685,0.0655,0.0205,0.0645,0.0185,0.0585,0.0615,0.0635,0.0305,0.0665,0.0685,0.0635,0.084,0.09,0.0645,0.0685,0.0255,0.0245,0.0535,0.0535,0.0485,0.0525,0.0525,0.0545,0.082,0.084,247802.9135,68.7476666666667,0.0865
69:00:03,23.7,0.085,0.086,0.087,0.087,0.088,0.085,0.086,0.086,0.092,0.09,0.087,0.085,0.0574375,0.0574375,0.0564375,0.0564375,0.0474375,0.0484375,0.0364375,0.0364375,0.0324375,0.0664375,0.0634375,0.0604375,0.0444375,0.0614375,0.0574375,0.0654375,0.0534375,0.0564375,0.0344375,0.0364375,0.0324375,0.0654375,0.0604375,0.0624375,0.0464375,0.0554375,0.0574375,0.0644375,0.0574375,0.0564375,0.0344375,0.0394375,0.0354375,0.0784375,0.0664375,0.0624375,0.0194375,0.0614375,0.0624375,0.0604375,0.0614375,0.0544375,0.0344375,0.0414375,0.0374375,0.0614375,0.0604375,0.0554375,0.0164375,0.0574375,0.0584375,0.0584375,0.0554375,0.0604375,0.0334375,0.0414375,0.0374375,0.0634375,0.0684375,0.0654375,0.0204375,0.0644375,0.0184375,0.0584375,0.0614375,0.0634375,0.0304375,0.0664375,0.0684375,0.0634375,0.084,0.09,0.0644375,0.0684375,0.0254375,0.0244375,0.0534375,0.0534375,0.0484375,0.0524375,0.0514375,0.0544375,0.083,0.084,248402.9134375,68.9142708333333,0.0865625
69:10:03,23.7,0.085,0.086,0.087,0.087,0.088,0.085,0.086,0.086,0.092,0.09,0.087,0.085,0.0575,0.0575,0.0565,0.0565,0.0465,0.0485,0.0365,0.0365,0.0325,0.0665,0.0635,0.0605,0.0445,0.0615,0.0575,0.0655,0.0525,0.0565,0.0345,0.0365,0.0335,0.0655,0.0605,0.0625,0.0465,0.0555,0.0575,0.0645,0.0575,0.0565,0.0345,0.0395,0.0355,0.0785,0.0665,0.0625,0.0195,0.0615,0.0625,0.0605,0.0615,0.0545,0.0345,0.0415,0.0375,0.0615,0.0605,0.0555,0.0165,0.0575,0.0585,0.0585,0.0555,0.0605,0.0335,0.0405,0.0375,0.0635,0.0685,0.0655,0.0205,0.0645,0.0185,0.0585,0.0615,0.0635,0.0305,0.0665,0.0685,0.0635,0.084,0.09,0.0645,0.0685,0.0255,0.0245,0.0535,0.0535,0.0485,0.0525,0.0515,0.0545,0.082,0.084,249002.9135,69.081,0.0865
69:20:03,23.7,0.085,0.086,0.087,0.087,0.088,0.085,0.086,0.086,0.092,0.09,0.087,0.085,0.0574375,0.0574375,0.0564375,0.0564375,0.0464375,0.0484375,0.0364375,0.0364375,0.0324375,0.0664375,0.0634375,0.0604375,0.0444375,0.0614375,0.0574375,0.0654375,0.0534375,0.0564375,0.0344375,0.0374375,0.0334375,0.0654375,0.0604375,0.0624375,0.0464375,0.0554375,0.0574375,0.0644375,0.0574375,0.0564375,0.0344375,0.0394375,0.0354375,0.0784375,0.0664375,0.0624375,0.0194375,0.0614375,0.0624375,0.0604375,0.0604375,0.0544375,0.0354375,0.0414375,0.0374375,0.0614375,0.0604375,0.0554375,0.0164375,0.0574375,0.0584375,0.0584375,0.0554375,0.0604375,0.0334375,0.0404375,0.0374375,0.0634375,0.0684375,0.0654375,0.0204375,0.0644375,0.0184375,0.0584375,0.0614375,0.0634375,0.0304375,0.0664375,0.0684375,0.0634375,0.084,0.09,0.0644375,0.0684375,0.0254375,0.0244375,0.0534375,0.0534375,0.0484375,0.0524375,0.0524375,0.0544375,0.083,0.084,249602.9134375,69.2476041666667,0.0865625
69:30:03,23.7,0.085,0.086,0.087,0.087,0.088,0.085,0.086,0.086,0.092,0.09,0.087,0.085,0.0575,0.0575,0.0565,0.0565,0.0465,0.0485,0.0365,0.0365,0.0325,0.0665,0.0635,0.0605,0.0445,0.0615,0.0575,0.0655,0.0535,0.0565,0.0345,0.0365,0.0325,0.0655,0.0605,0.0625,0.0465,0.0555,0.0575,0.0645,0.0575,0.0565,0.0345,0.0395,0.0355,0.0785,0.0665,0.0625,0.0195,0.0615,0.0625,0.0605,0.0605,0.0545,0.0345,0.0415,0.0375,0.0615,0.0605,0.0555,0.0165,0.0575,0.0585,0.0585,0.0555,0.0605,0.0335,0.0405,0.0375,0.0635,0.0675,0.0655,0.0205,0.0645,0.0185,0.0585,0.0615,0.0635,0.0295,0.0665,0.0685,0.0625,0.084,0.09,0.0645,0.0685,0.0255,0.0245,0.0535,0.0535,0.0485,0.0525,0.0525,0.0535,0.082,0.084,250202.9135,69.4143333333333,0.0865
69:40:03,23.7,0.085,0.086,0.087,0.087,0.088,0.085,0.086,0.086,0.092,0.09,0.087,0.085,0.0574375,0.0584375,0.0564375,0.0564375,0.0474375,0.0484375,0.0364375,0.0364375,0.0324375,0.0664375,0.0634375,0.0604375,0.0444375,0.0614375,0.0574375,0.0654375,0.0534375,0.0564375,0.0344375,0.0364375,0.0334375,0.0654375,0.0604375,0.0624375,0.0464375,0.0554375,0.0574375,0.0644375,0.0574375,0.0564375,0.0344375,0.0404375,0.0354375,0.0784375,0.0664375,0.0624375,0.0194375,0.0614375,0.0624375,0.0604375,0.0604375,0.0544375,0.0344375,0.0414375,0.0374375,0.0614375,0.0604375,0.0554375,0.0164375,0.0574375,0.0584375,0.0584375,0.0554375,0.0604375,0.0334375,0.0404375,0.0374375,0.0634375,0.0684375,0.0654375,0.0204375,0.0654375,0.0184375,0.0584375,0.0614375,0.0634375,0.0304375,0.0664375,0.0684375,0.0624375,0.084,0.09,0.0644375,0.0684375,0.0254375,0.0244375,0.0534375,0.0534375,0.0484375,0.0524375,0.0514375,0.0544375,0.083,0.084,250802.9134375,69.5809375,0.0865625
69:50:03,23.8,0.085,0.086,0.087,0.087,0.088,0.085,0.086,0.086,0.092,0.09,0.087,0.085,0.0574375,0.0584375,0.0564375,0.0564375,0.0474375,0.0484375,0.0364375,0.0364375,0.0324375,0.0664375,0.0644375,0.0604375,0.0444375,0.0614375,0.0574375,0.0664375,0.0534375,0.0564375,0.0344375,0.0364375,0.0334375,0.0654375,0.0604375,0.0624375,0.0464375,0.0554375,0.0574375,0.0644375,0.0574375,0.0564375,0.0344375,0.0394375,0.0354375,0.0784375,0.0664375,0.0624375,0.0194375,0.0614375,0.0624375,0.0604375,0.0614375,0.0544375,0.0344375,0.0414375,0.0374375,0.0614375,0.0604375,0.0554375,0.0164375,0.0564375,0.0584375,0.0584375,0.0554375,0.0604375,0.0334375,0.0404375,0.0374375,0.0634375,0.0684375,0.0654375,0.0204375,0.0644375,0.0184375,0.0584375,0.0614375,0.0634375,0.0304375,0.0664375,0.0684375,0.0624375,0.084,0.09,0.0644375,0.0684375,0.0254375,0.0244375,0.0534375,0.0534375,0.0484375,0.0524375,0.0524375,0.0544375,0.083,0.084,251402.9134375,69.7476041666667,0.0865625
70:00:03,23.7,0.085,0.086,0.087,0.087,0.088,0.085,0.086,0.086,0.092,0.09,0.087,0.085,0.0574375,0.0584375,0.0564375,0.0564375,0.0474375,0.0484375,0.0364375,0.0364375,0.0324375,0.0674375,0.0644375,0.0604375,0.0444375,0.0614375,0.0574375,0.0654375,0.0534375,0.0564375,0.0344375,0.0364375,0.0324375,0.0654375,0.0604375,0.0624375,0.0464375,0.0554375,0.0574375,0.0644375,0.0574375,0.0574375,0.0344375,0.0394375,0.0354375,0.0784375,0.0664375,0.0624375,0.0194375,0.0614375,0.0624375,0.0604375,0.0614375,0.0544375,0.0344375,0.0414375,0.0374375,0.0614375,0.0604375,0.0554375,0.0164375,0.0564375,0.0584375,0.0584375,0.0554375,0.0604375,0.0334375,0.0404375,0.0374375,0.0634375,0.0684375,0.0654375,0.0204375,0.0644375,0.0184375,0.0584375,0.0614375,0.0634375,0.0294375,0.0664375,0.0684375,0.0624375,0.084,0.09,0.0644375,0.0684375,0.0254375,0.0244375,0.0534375,0.0534375,0.0484375,0.0524375,0.0524375,0.0544375,0.083,0.084,252002.9134375,69.9142708333333,0.0865625
70:10:03,23.8,0.085,0.086,0.087,0.087,0.088,0.085,0.086,0.086,0.092,0.09,0.087,0.085,0.0575,0.0575,0.0565,0.0565,0.0475,0.0485,0.0365,0.0365,0.0325,0.0675,0.0645,0.0605,0.0445,0.0615,0.0575,0.0665,0.0535,0.0565,0.0345,0.0365,0.0335,0.0655,0.0605,0.0625,0.0465,0.0555,0.0575,0.0645,0.0575,0.0575,0.0345,0.0395,0.0355,0.0785,0.0665,0.0625,0.0195,0.0605,0.0625,0.0605,0.0615,0.0545,0.0345,0.0415,0.0375,0.0615,0.0615,0.0555,0.0165,0.0575,0.0585,0.0585,0.0555,0.0605,0.0335,0.0405,0.0375,0.0635,0.0685,0.0655,0.0205,0.0645,0.0185,0.0585,0.0615,0.0635,0.0295,0.0665,0.0685,0.0625,0.084,0.09,0.0645,0.0685,0.0255,0.0245,0.0535,0.0535,0.0485,0.0525,0.0525,0.0545,0.082,0.084,252602.9135,70.081,0.0865
70:20:03,23.8,0.085,0.086,0.087,0.087,0.088,0.085,0.086,0.086,0.092,0.09,0.087,0.085,0.0575,0.0575,0.0565,0.0565,0.0475,0.0485,0.0365,0.0365,0.0325,0.0675,0.0645,0.0605,0.0445,0.0615,0.0575,0.0665,0.0535,0.0565,0.0345,0.0365,0.0325,0.0655,0.0605,0.0625,0.0455,0.0555,0.0575,0.0645,0.0585,0.0575,0.0345,0.0395,0.0355,0.0785,0.0665,0.0625,0.0195,0.0615,0.0625,0.0605,0.0615,0.0545,0.0345,0.0415,0.0375,0.0615,0.0615,0.0555,0.0165,0.0575,0.0585,0.0585,0.0555,0.0605,0.0335,0.0405,0.0375,0.0635,0.0685,0.0655,0.0205,0.0645,0.0185,0.0585,0.0615,0.0635,0.0295,0.0665,0.0685,0.0625,0.084,0.09,0.0645,0.0685,0.0255,0.0245,0.0535,0.0535,0.0485,0.0525,0.0515,0.0545,0.082,0.084,253202.9135,70.2476666666667,0.0865
70:30:03,23.8,0.085,0.086,0.087,0.087,0.088,0.085,0.086,0.086,0.092,0.09,0.087,0.085,0.0575,0.0575,0.0565,0.0565,0.0475,0.0485,0.0365,0.0365,0.0325,0.0675,0.0645,0.0605,0.0445,0.0615,0.0575,0.0665,0.0535,0.0565,0.0345,0.0365,0.0325,0.0655,0.0605,0.0625,0.0455,0.0555,0.0575,0.0645,0.0575,0.0575,0.0345,0.0395,0.0355,0.0785,0.0665,0.0625,0.0195,0.0605,0.0625,0.0605,0.0615,0.0545,0.0345,0.0415,0.0375,0.0615,0.0605,0.0555,0.0165,0.0565,0.0585,0.0585,0.0555,0.0605,0.0335,0.0405,0.0375,0.0635,0.0685,0.0655,0.0205,0.0645,0.0175,0.0585,0.0615,0.0635,0.0295,0.0665,0.0685,0.0625,0.084,0.09,0.0645,0.0685,0.0255,0.0245,0.0535,0.0535,0.0485,0.0525,0.0525,0.0545,0.082,0.084,253802.9135,70.4143333333333,0.0865
70:40:03,23.8,0.085,0.086,0.087,0.087,0.088,0.085,0.086,0.086,0.092,0.09,0.087,0.085,0.0575,0.0575,0.0565,0.0565,0.0475,0.0495,0.0365,0.0365,0.0315,0.0665,0.0645,0.0605,0.0445,0.0615,0.0575,0.0665,0.0535,0.0565,0.0345,0.0365,0.0325,0.0655,0.0605,0.0625,0.0455,0.0555,0.0575,0.0645,0.0585,0.0575,0.0345,0.0395,0.0355,0.0785,0.0665,0.0625,0.0195,0.0605,0.0625,0.0605,0.0615,0.0545,0.0345,0.0415,0.0375,0.0615,0.0605,0.0555,0.0165,0.0565,0.0585,0.0585,0.0555,0.0605,0.0335,0.0405,0.0375,0.0635,0.0685,0.0655,0.0205,0.0645,0.0175,0.0585,0.0615,0.0635,0.0295,0.0665,0.0685,0.0625,0.084,0.09,0.0645,0.0685,0.0255,0.0245,0.0535,0.0535,0.0485,0.0525,0.0515,0.0535,0.082,0.084,254402.9135,70.581,0.0865
70:50:03,23.8,0.085,0.086,0.087,0.087,0.088,0.085,0.086,0.086,0.092,0.09,0.087,0.085,0.0574375,0.0584375,0.0564375,0.0564375,0.0474375,0.0494375,0.0364375,0.0364375,0.0324375,0.0664375,0.0644375,0.0604375,0.0444375,0.0614375,0.0574375,0.0664375,0.0534375,0.0564375,0.0344375,0.0364375,0.0334375,0.0654375,0.0604375,0.0624375,0.0464375,0.0554375,0.0574375,0.0644375,0.0574375,0.0574375,0.0344375,0.0394375,0.0354375,0.0784375,0.0664375,0.0624375,0.0194375,0.0614375,0.0624375,0.0604375,0.0614375,0.0544375,0.0344375,0.0414375,0.0374375,0.0614375,0.0614375,0.0554375,0.0164375,0.0574375,0.0584375,0.0584375,0.0554375,0.0604375,0.0334375,0.0404375,0.0374375,0.0634375,0.0684375,0.0654375,0.0204375,0.0654375,0.0174375,0.0584375,0.0614375,0.0634375,0.0294375,0.0664375,0.0684375,0.0624375,0.084,0.09,0.0644375,0.0684375,0.0254375,0.0244375,0.0534375,0.0534375,0.0484375,0.0524375,0.0524375,0.0534375,0.083,0.084,255002.9134375,70.7476041666667,0.0865625
