mass_feature,fc_hNH4,fc_h,mean_overall,ave_control,ave_hNH4,ave_h,n_control,n_hNH4,n_h,RT,mz,MS2,add_annotation,high_homarine_compound,low_homarine_compound,high_homarine_NH4_compound,low_homarine_NH4_compound,high_both_compound,low_both_compounds
(3-Carboxypropyl)trimethylammonium,0.9797901450459214,1.762861312209075,2492405.0149036217,1997839,1957462.9635883986,3521913.0811224664,3,3,3,9.829,146.11729,NA,[M+H],TRUE,FALSE,FALSE,FALSE,FALSE,FALSE
2-Hydroxy-4-(methylthio)butyric acid,1.1168091695021773,2.5045765100528796,220254.72800029628,142979.66666666666,159681.00278569813,358103.51454852405,3,3,3,2.271923076923077,149.027242,NA,NA,TRUE,FALSE,FALSE,FALSE,FALSE,FALSE
2-Ketoglutaric acid,1.0500475408395569,0.9559661513004565,42166982.651066065,42082625.333333336,44188757.24333911,40229565.37652576,3,3,3,12.243,145.01341,51.39236:7264 55.81876:6524 57.03335:10928 60.22976:7534 73.02835:7702 74.52777:7748 91.09241:7111 101.02342:45129 118.03992:12632 127.33211:6702,NA,FALSE,FALSE,FALSE,FALSE,FALSE,FALSE
3-Phosphoglycerate,0.8400028055134097,0.20957057796546047,1691423.4609212447,2475769.066707363,2079652.9618375008,518848.3542188707,3,3,3,13.75,184.98508,NA,NA,FALSE,TRUE,FALSE,FALSE,FALSE,FALSE
5-Hydroxyectoine,0.907038431243212,0.4772555673515903,5793986594.297896,7290191475.186302,6612483839.115622,3479284468.591766,3,3,3,11.052926829268293,159.076968,NA,NA,FALSE,TRUE,FALSE,FALSE,FALSE,FALSE
5-Oxoproline,1.1023524455102507,0.5964579616757769,55149464.50770341,61304192.79641749,67578826.84916271,36565373.87753002,3,3,3,6.695,128.03423,NA,[M-H]-,FALSE,TRUE,FALSE,FALSE,FALSE,FALSE
Adenine,0.9520853921623803,1.4295415037225714,798521804.6810985,708406186.6666666,674463182.0427897,1012696045.3338392,3,3,3,4.814390243902439,136.06232,NA,NA,FALSE,FALSE,FALSE,FALSE,FALSE,FALSE
Adenosine,0.8255111027507787,0.7587325898670803,775940966.1638082,900775304.2567445,743600014.7476534,683447579.4870269,3,3,3,4.621,268.10376,51.81222:8245 56.43267:10287 59.60114:9616 60.67353:9035 61.00478:8875 64.32533:8750 65.2409:8866 85.02905:17743 97.9492:8016 115.03948:30817 133.04958:58527 136.06194:11347904 157.30318:10439 166.08968:11402 174.23972:8274 177.41515:7959 217.24284:100563 254.19917:10763 262.58795:12713,[M+H],FALSE,FALSE,FALSE,FALSE,FALSE,FALSE
Adenosine diphosphate,1.774851911865424,2.8773175630663714,3656090.752407699,1940542,3444174.6787551534,5583555.578467943,3,3,2,12.52939393939394,426.021596,NA,NA,FALSE,FALSE,FALSE,FALSE,FALSE,FALSE
Adenosine monophosphate,3.0203529386721844,3.6691837747030296,8575612.281573057,3345694,10105176.704797896,12275966.139921278,3,3,2,10.98764705882353,346.055262,NA,NA,FALSE,FALSE,FALSE,FALSE,FALSE,FALSE
Adenosine triphosphate,0.7760357903950956,2.5297793288754216,219377.3624940791,152847.2703198034,118614.95223236148,386669.86493007245,2,3,2,13.638571428571428,505.987929,NA,NA,FALSE,FALSE,FALSE,FALSE,FALSE,FALSE
Citric acid,0.9398928334013913,2.461672503418703,86923593.79256578,59245009.76874988,55683960.09644343,145841811.512504,3,3,3,14.306,191.01903,57.03337:46398 65.12698:6885 66.37735:6442 67.01779:18541 74.54557:6246 81.32649:6452 85.02843:182865 87.00767:331105 111.00774:354475 123.96208:7386 129.01819:10509 149.80365:6710 166.71857:7062,NA,TRUE,FALSE,FALSE,FALSE,FALSE,FALSE
Citrulline,0.7780435334602146,0.07819554996180064,41521692.7513348,67106160.71307264,52211514.398148075,5247403.142783695,3,3,3,11.743,176.10323,57.13033:6618 58.29836:6296 59.79189:6712 68.77006:7502 70.0659:119167 102.05065:7763 113.07135:186230 114.05534:34242 115.08701:99879 115.82136:6749 116.07107:36697 122.7114:6541 124.32609:7212 130.09801:7343 131.63469:8245 133.09744:14096 139.6339:6938 141.06602:9642 159.07663:909973 176.1032:78250,[M+H],FALSE,TRUE,FALSE,TRUE,FALSE,TRUE
Creatine,NA,NA,957762.9728849514,957762.9728849514,NA,NA,2,0,0,11.293243243243245,132.077302,NA,NA,FALSE,FALSE,FALSE,FALSE,FALSE,FALSE
"Cys-Gly, oxidized",2.9076873844297078,5.024187851331502,13599576.96820359,4567767.666666667,13281640.41937259,22949322.818571508,3,3,3,11.111,355.07431,NA,[M+H],TRUE,FALSE,FALSE,FALSE,FALSE,FALSE
Cytidine,0.817921219104851,0.3624931612896186,64665494.77871695,88972300.89862734,72772332.81756891,32251850.6199546,3,3,3,8.241,244.09279,50.41173:5766 50.62591:6655 51.72615:6394 52.70021:6265 63.75482:6909 82.98863:7466 88.26562:6929 91.76866:6777 93.55441:6577 97.35606:7298 112.05087:810783 119.90562:8826 122.48324:6472 142.90726:7205 198.11234:12944,[M+H],FALSE,TRUE,FALSE,FALSE,FALSE,FALSE
Cytosine,1.0767955479203484,1.0256283101440373,105737532.45059556,102246698.66666667,110098789.91382009,104867108.77129993,3,3,3,6.985,112.05096,59.97786:6867 60.82067:6624 62.71338:7489 64.1662:7051 67.69991:6318 69.04357:7935 69.04539:39145 70.06585:17065 72.65062:6295 73.40738:6632 81.13174:7327 94.04038:12097 95.02447:135526 95.0608:20047 98.6118:6001 104.28425:6790 108.54111:7925 112.05088:1247958 112.06237:25338 112.07596:69405 112.09532:15547 112.22386:7831,NA,FALSE,FALSE,FALSE,FALSE,FALSE,FALSE
D-Fructose 6-phosphate,0.8896797680508745,1.3783963097960392,13715815.630260143,12590724.912955316,11201713.220150452,17355008.757674664,3,3,3,12.743,259.02228,NA,NA,FALSE,FALSE,FALSE,FALSE,FALSE,FALSE
D-Gluconic acid,3.667736878663313,0.03512830870237488,407685250.7338415,260066088.1131104,953853982.2621576,9135681.826256368,3,3,3,10.577,195.05051,56.39953:7018 57.03347:12887 59.01268:36651 59.08528:6461 71.0127:32219 74.72832:7125 75.00765:457783 75.40747:6393 78.98044:7247 79.8719:6670 79.87492:6720 84.22321:6972 85.02858:39089 87.00766:104356 89.02333:42045 99.00768:175416 100.63615:6934 108.55801:8587 126.1656:7053 129.01843:343946 140.89452:7436 150.81255:7256 153.55524:7376 159.02925:20152 177.03995:21046 194.90529:11180 195.05066:281050,[M-H]-,FALSE,TRUE,TRUE,FALSE,FALSE,FALSE
D-Glucose 6-phosphate,0.9005431700869476,0.4705154368591081,16888245.584627613,21367981.628737327,19242789.91430277,10053965.21084274,3,3,3,13.406842105263156,259.021897,NA,NA,FALSE,TRUE,FALSE,FALSE,FALSE,FALSE
D-Ribose 5-phosphate,0.8974447406777963,0.8200817945676816,3628731.9032516405,4005920.6666666665,3595092.4338724916,3285182.6092157634,3,3,3,12.575,229.01167,NA,NA,FALSE,FALSE,FALSE,FALSE,FALSE,FALSE
Deoxyadenosine,1.0067937651155763,0.8553056584316178,37337802.967783086,39136798.666666664,39402684.8841836,33473925.352498993,3,3,3,3.654,252.10919,NA,NA,FALSE,FALSE,FALSE,FALSE,FALSE,FALSE
Dihydroxyacetone phosphate,0.7636235251735621,0.13064127322218805,1889823.5893389783,2992966.3333333335,2285499.502185791,391004.93249781034,3,3,3,12.261,168.99022,NA,NA,FALSE,TRUE,FALSE,TRUE,FALSE,TRUE
Dimethylsulfoniopropionate,NA,NA,819221,819221,NA,NA,1,0,0,9.780625,135.047977,NA,NA,FALSE,FALSE,FALSE,FALSE,FALSE,FALSE
Ectoine,2.1313749855657886,0.9770588079360832,25213949613.219738,18411358839.297493,39241509680.35425,17988980320.007477,3,3,3,9.47658536585366,143.082053,NA,NA,FALSE,FALSE,TRUE,FALSE,FALSE,FALSE
Fumaric acid,4.529476690296535,4.660291163534089,18757638.591099814,5522492.423823457,25014000.706047565,25736422.643428415,3,3,3,12.688,115.00262,NA,[M-H]-,TRUE,FALSE,TRUE,FALSE,TRUE,FALSE
Glucosamine,3.9028184640974697,8.815720618848086,6041364.704229357,1321138.789130933,5156164.859855578,11646790.46370156,3,3,3,10.47974358974359,180.087199,NA,NA,TRUE,FALSE,TRUE,FALSE,TRUE,FALSE
Glutamylphenylalanine,0.6764875898834997,NA,364481.79294968536,434815.97495751636,294147.61094185436,NA,3,3,0,8.658846153846154,295.129398,NA,NA,FALSE,FALSE,FALSE,FALSE,FALSE,FALSE
Glutathione,2.345788950490003,3.6015769611701423,6734840.683944158,2908227.7094289963,6822088.42628739,10474205.916116089,3,2,1,11.47222222222222,308.091634,NA,NA,FALSE,FALSE,TRUE,FALSE,FALSE,FALSE
Glutathione disulfide,5.5290615762987585,3.4055563455728213,1040157.7828978884,314100.99243210757,1736683.7283336732,1069688.6279278847,3,3,3,14.114,613.16034,NA,NA,FALSE,FALSE,TRUE,FALSE,FALSE,FALSE
Glycerophosphocholine,NA,NA,NA,NA,NA,NA,0,0,0,10.929354838709678,258.110652,NA,NA,FALSE,FALSE,FALSE,FALSE,FALSE,FALSE
Glycerophosphoric acid,0.8091835450533104,0.655359619386146,16563907.899676124,20162651,16315285.413852673,13213787.285175696,3,3,3,11.953888888888889,171.005853,NA,NA,FALSE,FALSE,FALSE,FALSE,FALSE,FALSE
Glycine,0.7086854719021202,1.0602829554878375,4834661.929417586,5238046.647546748,3712127.5602619853,5553811.580444025,3,3,3,11.424615384615384,76.039854,NA,NA,FALSE,FALSE,FALSE,TRUE,FALSE,FALSE
Gonyol,0.1994986683695309,0.8071120182663925,197351.72172784377,295052.3333333333,58862.54759932295,238140.28425087503,3,1,3,10.69441176470588,179.074191,NA,NA,FALSE,FALSE,FALSE,FALSE,FALSE,FALSE
Guanine,1.034383148260571,0.8879606090764813,49427972.91097252,50741436,52486086.316942275,45056396.415975295,3,3,3,8.437,152.05685,50.33822:5836 50.3927:6928 50.80593:7000 51.18322:6336 52.7933:6311 56.84669:7307 61.6211:6772 65.94895:6372 67.10377:6666 88.67827:7343 92.15593:6974 109.05116:22894 110.03532:105221 112.20486:7642 116.13816:7959 120.37099:7002 123.26909:7287 123.30002:6988 128.04572:75724 134.04594:13951 135.03026:78680 145.38148:7220 152.05673:1135290,[M+H],FALSE,FALSE,FALSE,FALSE,FALSE,FALSE
Guanosine,0.9020790683139147,0.8512462250705242,45429882.920976095,49500016.97598125,44652929.19521613,42136702.5917309,3,3,3,9.191,284.09869,50.37682:6460 59.04293:8232 69.97108:7160 72.63605:6482 73.17964:7433 92.14252:7325 93.41595:7435 100.51979:7383 110.0351:7928 114.33366:7082 131.31171:7262 135.0304:17377 137.37094:7966 143.50398:6908 152.05673:958870 153.04065:64773 213.39429:7570 216.93044:48665 216.94403:50685 251.28726:8188 277.19287:8701,[M+H],FALSE,FALSE,FALSE,FALSE,FALSE,FALSE
Guanosine monophosphate,4.172449382839831,1.987229612495697,1480046.4553560955,620159,2587582.036812567,1232398.329255719,3,3,2,13.346,362.050178,NA,NA,FALSE,FALSE,FALSE,FALSE,FALSE,FALSE
HILICNeg_1,0.9728761048382228,1.2011061125226181,42505923.46623816,40175956.154141665,39086227.73139257,48255586.51318025,3,3,3,3.666,87.0076,NA,NA,FALSE,FALSE,FALSE,FALSE,FALSE,FALSE
HILICNeg_10,4.508567676834516,4.710891859152165,27594629.80302325,8100613.258221295,36522163.09855366,38161113.05229479,3,3,3,12.227,101.02333,NA,[M-H]-,TRUE,FALSE,TRUE,FALSE,TRUE,FALSE
HILICNeg_102,1.0472716007568406,1.08821264631417,67918667.79096831,64983902.745881155,68055795.85210581,70716304.77491799,3,3,3,5.201,160.06087,NA,NA,FALSE,FALSE,FALSE,FALSE,FALSE,FALSE
HILICNeg_108,0.7291392179911687,2.3198531534059854,5907398.440132979,4376939.666666667,3191398.36574786,10153857.28798441,3,3,3,9.537,167.02034,NA,NA,FALSE,FALSE,FALSE,FALSE,FALSE,FALSE
HILICNeg_117,1.546044746427239,1.5347367076214706,68645838.82417013,50465215.741507396,78021481.67447472,77450819.05652827,3,3,3,9.768,175.06065,50.15618:6169 51.08667:6073 59.01265:11991 59.8452:7559 68.60125:7190 68.97561:6796 72.13523:6901 79.78297:7363 85.06478:196844 92.55552:6553 113.05981:172176 115.03906:479231 119.69511:6452 130.25392:7665 130.52605:7292 131.07033:27148 157.04999:27987 175.06061:91979,NA,FALSE,FALSE,TRUE,FALSE,FALSE,FALSE
HILICNeg_121,0.3610998864702387,0.10815328290996526,96149565.13177335,196323344,70892337.22985762,21233014.16546243,3,3,3,9.46,179.03979,NA,NA,FALSE,TRUE,FALSE,TRUE,FALSE,TRUE
HILICNeg_122,0.9854060872978483,0.2236853840250219,30518471.948132172,41444827.900028236,40839985.69969952,9270602.244668758,3,3,3,10.941,179.05553,NA,[M-H]-,FALSE,TRUE,FALSE,FALSE,FALSE,FALSE
HILICNeg_123,259.1417671828801,415.04374999922504,3450892.953706704,15333.087866468377,3973443.486086991,6363902.287166652,2,3,3,5.525,180.0294,NA,[M-H]-,TRUE,FALSE,TRUE,FALSE,TRUE,FALSE
HILICNeg_126,4.275151709668012,1.6421784261435999,3120654.6494304994,1353407.1331688808,5786020.819243823,2222535.995878794,3,3,3,10.186,181.07124,NA,NA,FALSE,FALSE,TRUE,FALSE,FALSE,FALSE
HILICNeg_129,1,2.060841346293733,2536518.8204898005,1873886.6684399098,1873886.6684399098,3861783.124589582,3,3,3,7.52,185.02158,NA,NA,FALSE,FALSE,FALSE,FALSE,FALSE,FALSE
HILICNeg_13,0.615953231709863,1.9435776865740484,501468787.2902306,422641745.8949851,260327549.2395148,821437066.7361919,3,3,3,4.882,103.03886,50.17123:6369 57.03335:12644 58.36202:7883 59.01266:1285061 59.08838:6191 69.78205:7076 72.62004:7468 103.03899:161291,NA,FALSE,FALSE,FALSE,FALSE,FALSE,FALSE
HILICNeg_131,1.3919394706124282,1.1085199665934558,1290451.761384761,1105956.3333333333,1539424.273140462,1225974.6776804875,3,3,3,11.375,186.02539,NA,NA,FALSE,FALSE,FALSE,FALSE,FALSE,FALSE
HILICNeg_132,33.57971891450465,80.58873189636955,4778914.524092504,124484.99108337262,4180171.009654271,10032087.57153987,3,3,3,5.643,188.03772,NA,NA,TRUE,FALSE,TRUE,FALSE,TRUE,FALSE
HILICNeg_134,830.7535742332027,11224.296864759595,362960351.5898452,90318.22322572368,75032186.76316221,1013758549.7831476,3,3,3,4.265,188.905,56.24233:6592 56.84712:8580 57.18656:6464 92.7298:7002 105.75894:6714 105.90719:6771 111.05541:18101 117.66795:6410 124.04542:6400 143.04543:27162 155.04552:44647 159.74245:7147 178.97694:6346,NA,TRUE,FALSE,TRUE,FALSE,TRUE,FALSE
HILICNeg_135,1.0959455440072117,1.255837691413821,1029132.1072163376,921120.5214651034,1009497.9309932792,1156777.8691906303,3,3,3,11.58,188.9623,NA,NA,FALSE,FALSE,FALSE,FALSE,FALSE,FALSE
HILICNeg_139,0.5693421739549792,0.30337593328223805,1758182.4597187992,2816519.6666666665,1603563.4300069534,854464.282482778,3,3,3,10.775,193.03497,NA,NA,FALSE,FALSE,FALSE,FALSE,FALSE,FALSE
HILICNeg_14,4.415863090037367,3.1833532223126846,5230769.466943818,1824853.3157951175,8058302.401951963,5809152.683084374,3,3,3,12.073,103.03888,NA,NA,TRUE,FALSE,TRUE,FALSE,TRUE,FALSE
HILICNeg_147,0.8587887546392338,0.10693762337371839,424209.4311402871,647408.6666666666,555987.2825893135,69232.34416488119,3,3,1,12.272,197.02113,NA,NA,FALSE,TRUE,FALSE,FALSE,FALSE,FALSE
HILICNeg_148,0.7774255260608042,0.329702169697982,3961292.5298328986,5639846.89367355,4384560.938216552,1859469.7576085934,3,3,3,4.912,197.0424,NA,NA,FALSE,TRUE,FALSE,FALSE,FALSE,FALSE
HILICNeg_149,0.5275332845922065,3.438613774754333,15567843.846458146,9404379.488012953,4961123.200863047,32338028.850498438,3,3,3,9.289,197.05075,NA,NA,TRUE,FALSE,FALSE,TRUE,FALSE,FALSE
HILICNeg_154,0.3049400046761367,0.005302023480050096,2469924.8170664627,5655271.539126746,1724518.5295861326,29984.382486509057,3,3,3,9.474,199.02492,NA,NA,FALSE,TRUE,FALSE,TRUE,FALSE,TRUE
HILICNeg_159,0.7529231644446953,1.3845415909291965,10372305.187100995,9917853.42225933,7467381.583186146,13731680.55585751,3,3,3,9.676,201.08748,NA,NA,TRUE,FALSE,FALSE,TRUE,FALSE,FALSE
HILICNeg_160,6.253578443612432,8.890631783501929,2969676.7085602144,551840.567011314,3450978.274172815,4906211.284496514,2,3,3,6.159,201.08786,NA,NA,TRUE,FALSE,TRUE,FALSE,TRUE,FALSE
HILICNeg_163,1.0712052095415285,0.08711507751753889,703987.4816844738,978521.3333333334,1048197.1499141892,85243.96180589884,3,3,3,10.265,204.05086,NA,NA,FALSE,TRUE,FALSE,FALSE,FALSE,FALSE
HILICNeg_164,0.8683508723776623,1.4794581503959865,2482555.9660026217,2224639.412626201,1931767.5746796918,3291260.910701973,3,3,3,9.159,204.08733,NA,NA,TRUE,FALSE,FALSE,FALSE,FALSE,FALSE
HILICNeg_165,0.5272709577536924,0.5787358674516816,2977361.767116655,4241242.333333333,2236283.9071621713,2454559.0608544606,3,3,3,13.725,205.0349,NA,NA,FALSE,TRUE,FALSE,TRUE,FALSE,TRUE
HILICNeg_166,0.7597115196157711,0.06736022260561426,2400659.214739823,3941814.3676521312,2994641.7832922805,265521.4932750562,3,3,3,9.477,207.0506,NA,NA,FALSE,TRUE,FALSE,TRUE,FALSE,TRUE
HILICNeg_169,0.8156933227826461,1.1023521176434221,2737694.3319887035,2814583.653216485,2295837.0923418733,3102662.2504077516,3,3,3,11.901,211.00085,NA,NA,FALSE,FALSE,FALSE,FALSE,FALSE,FALSE
HILICNeg_171,87.80903229456105,40.187448667633326,748242.5514680232,17401.46426988146,1528005.7380466715,699320.4520875167,2,3,3,4.404,211.8824,NA,NA,TRUE,FALSE,TRUE,FALSE,TRUE,FALSE
HILICNeg_172,0.7980582588645293,1.5658913277145408,710050.8917976451,633229.6666666666,505354.16524136625,991568.8434849026,3,3,3,14.335,212.98878,NA,NA,FALSE,FALSE,FALSE,FALSE,FALSE,FALSE
HILICNeg_173,0.872123796740468,0.131753042615619,1456887.2619833597,2181103,1902191.829442025,287366.9565080544,3,3,3,10.898,213.01643,NA,NA,FALSE,TRUE,FALSE,FALSE,FALSE,FALSE
HILICNeg_176,42.16094537561824,164.4256746846911,38931985.87431859,562637.2142338629,23721316.85560391,92512003.553118,3,3,3,4.286,215.83759,NA,NA,TRUE,FALSE,TRUE,FALSE,TRUE,FALSE
HILICNeg_177,1.0685460584336015,0.669116426357082,1285139.0751269674,1408288,1504820.5915393399,942308.6338415623,3,3,3,9.129,216.08716,NA,NA,FALSE,TRUE,FALSE,FALSE,FALSE,FALSE
HILICNeg_179,0.8299720334485777,0.07441887545714776,378941.5935315977,596949.2793094772,495451.20721414976,44424.29407116609,3,3,2,9.682,217.11914,NA,NA,FALSE,TRUE,FALSE,FALSE,FALSE,FALSE
HILICNeg_18,0.9773063465001903,0.8147580507498375,10782913.613278046,11585958,11323030.283684652,9439752.556149486,3,3,3,11.655,110.98424,NA,[M-H]-,FALSE,FALSE,FALSE,FALSE,FALSE,FALSE
HILICNeg_180,42.544135573658174,167.96792698195964,16384798.4195609,232395.23393970678,9887054.339402894,39034945.6853401,3,3,3,4.316,217.8358,NA,NA,TRUE,FALSE,TRUE,FALSE,TRUE,FALSE
HILICNeg_182,0.9651381881180611,2.547528267409532,19762121.149960563,13137767.666666666,12679761.281722713,33468834.501492303,3,3,3,4.689,218.10284,NA,NA,TRUE,FALSE,FALSE,FALSE,FALSE,FALSE
HILICNeg_183,4.077557171874035,10.54486764103113,7870213.0790219195,1511329.9964523942,6162534.46610282,15936774.774510546,3,3,3,10.638,223.73857,NA,NA,TRUE,FALSE,TRUE,FALSE,TRUE,FALSE
HILICNeg_187,NA,NA,9887258.53561137,NA,3691965.7984347604,16082551.27278798,0,3,3,4.352,226.82991,NA,NA,TRUE,FALSE,TRUE,FALSE,TRUE,FALSE
HILICNeg_188,0.6107374680840707,0.9999999999999998,2235765.6579194413,2569119.6666666665,1569057.6404249917,2569119.666666666,3,3,3,7.412,228.97151,NA,NA,FALSE,FALSE,FALSE,FALSE,FALSE,FALSE
HILICNeg_189,13.783451891530976,21.525718342277678,2419146.2319103703,199878.94653052336,2755021.843633361,4302537.905567226,3,3,3,10.57,229.00204,NA,NA,TRUE,FALSE,TRUE,FALSE,TRUE,FALSE
HILICNeg_19,0.8523444463451945,0.7911568456291678,8560614.663293786,9715086.604213558,8280600.11286402,7686157.272803782,3,3,3,14.322,111.00758,NA,NA,FALSE,FALSE,FALSE,FALSE,FALSE,FALSE
HILICNeg_193,0.6641256143265092,1.0279998374845845,2234698.040792465,2490260.6666666665,1653845.8950831422,2559987.560627586,3,3,3,7.481,230.9697,NA,NA,FALSE,FALSE,FALSE,FALSE,FALSE,FALSE
HILICNeg_195,3.8633518825072928,6.456560432980238,23979936.769280866,6355156.144576926,24552204.454779055,41032449.70848662,3,3,3,10.673,237.06134,NA,NA,TRUE,FALSE,TRUE,FALSE,TRUE,FALSE
HILICNeg_196,1.2888246187064318,0.11323548264100623,602417.7634722722,752376.3828403112,969681.2047378884,85195.70283861712,3,3,3,10.519,239.01678,NA,NA,FALSE,TRUE,FALSE,FALSE,FALSE,FALSE
HILICNeg_199,0.5289871311280006,1.1031147745628518,2736729.7111766674,3119252,1650044.166745278,3440892.9667847245,3,3,3,11.25,241.01187,NA,NA,FALSE,FALSE,FALSE,TRUE,FALSE,FALSE
HILICNeg_20,0.5938858795890277,0.4627464524244346,125166383.55458824,182579620.48867896,108431458.50894997,84488071.6661358,3,3,3,5.919,111.0188,52.96132:6876 56.07968:7351 68.01312:7935 79.71623:6868 81.03244:8230 94.92538:6787 99.71152:6442 111.01896:556838 111.05523:9868,NA,FALSE,FALSE,FALSE,FALSE,FALSE,FALSE
HILICNeg_200,0.5905160850939395,1.019736464976367,5733012.526831617,6589032,3890929.3811986903,6719076.199296161,3,3,3,10.689,241.0119,NA,NA,FALSE,FALSE,FALSE,TRUE,FALSE,FALSE
HILICNeg_202,1.2455707343002518,0.2144930303377785,5752791.934588709,7015418.076492622,8738199.444960175,1504758.2823133315,3,3,3,10.495,242.05162,NA,NA,FALSE,TRUE,TRUE,FALSE,FALSE,FALSE
HILICNeg_203,4.302074529051406,1.6432466643732662,6439243.686812967,2781402.1155317524,11965799.19627885,4570529.748628298,3,3,3,10.878,242.05186,NA,NA,TRUE,FALSE,TRUE,FALSE,TRUE,FALSE
HILICNeg_205,1.7788994198164916,1.959386099053081,1287066.8132045672,814894,1449614.46381194,1596691.9758017613,3,3,3,10.826,243.02727,NA,NA,FALSE,FALSE,TRUE,FALSE,FALSE,FALSE
HILICNeg_211,1.1302518251490448,0.2542968788144204,1004688.5113005581,1263998.3108299952,1428636.3978009117,321430.82527076744,3,3,3,11.403,245.97084,NA,NA,FALSE,TRUE,FALSE,FALSE,FALSE,FALSE
HILICNeg_216,2.010612089827491,3.384653025017906,2811871.58686525,1319040.6666666667,2652079.1113741137,4464494.982554969,3,3,3,9.336,249.06168,NA,NA,TRUE,FALSE,FALSE,FALSE,FALSE,FALSE
HILICNeg_217,0.7816289425561859,0.006099420534425986,1167095.4967758574,1958511.4621522105,1530829.2431462018,11945.785029159855,3,3,1,8.871,249.09799,NA,NA,FALSE,TRUE,FALSE,FALSE,FALSE,FALSE
HILICNeg_218,0.9696182613644604,0.9821533421122839,1738184.264145604,1766584.1036938126,1712912.2071776881,1735056.4815653116,3,3,3,8.887,251.07687,NA,NA,FALSE,FALSE,FALSE,FALSE,FALSE,FALSE
HILICNeg_219,0.5497374034716798,0.6397207123553782,5153128.528511907,7060827.276751082,3881600.8534831516,4516957.455301488,3,3,3,9.423,251.07709,NA,NA,FALSE,TRUE,FALSE,TRUE,FALSE,TRUE
HILICNeg_22,0.6322779274778223,0.8108387764012183,6291287.740348079,7725322,4884550.583258825,6263990.637785412,3,3,3,16.452,112.93617,NA,NA,FALSE,FALSE,FALSE,TRUE,FALSE,FALSE
HILICNeg_223,1.0225296723072588,0.22620695564854915,12335263.344618838,16456257.960051225,16827012.059294898,3722520.0145103913,3,3,3,8.612,256.05939,NA,[M-H]-,FALSE,TRUE,FALSE,FALSE,FALSE,FALSE
HILICNeg_227,1.0289638578712208,0.10822769006863729,3759175.030898449,5276796.5995216,5429632.986245485,571095.5069282629,3,3,3,8.594,258.05679,NA,NA,FALSE,TRUE,FALSE,FALSE,FALSE,FALSE
HILICNeg_23,0.9838038246985723,0.525709608601957,26061810.96432099,31155614.41332193,30651012.62066008,16378805.858980965,3,3,3,11.027,113.02335,NA,NA,FALSE,TRUE,FALSE,FALSE,FALSE,FALSE
HILICNeg_230,1.391889875328512,2.523751877935178,10178530.994166933,6211924,8646314.121910192,15677354.860590605,3,3,3,4.428,261.09628,NA,NA,TRUE,FALSE,TRUE,FALSE,TRUE,FALSE
HILICNeg_231,0.6351006882909387,1.0617164791509226,622881.4639932313,692907.3333333334,440065.92432183895,735671.1343245214,3,3,3,2.232,261.13446,NA,NA,FALSE,FALSE,FALSE,FALSE,FALSE,FALSE
HILICNeg_232,151.02213379532506,1606.5750355969035,9201566.589316605,15697,2370594.4341852176,25218408.333764594,1,3,3,4.729,261.95978,NA,NA,TRUE,FALSE,TRUE,FALSE,TRUE,FALSE
HILICNeg_233,0.7943346640598402,0.507431777345524,1039429.125652455,1354736.6582742715,1076114.288339844,687436.4303432495,3,3,3,14.237,264.94266,NA,NA,FALSE,TRUE,FALSE,FALSE,FALSE,FALSE
HILICNeg_235,1.0760222531727663,1.4950114216384545,1710314.5114169784,1436823.0606288465,1546053.5871084416,2148066.886513647,3,3,3,10.706,265.94662,NA,NA,TRUE,FALSE,FALSE,FALSE,FALSE,FALSE
HILICNeg_237,0.9522898641253241,0.3284843552163592,2837153.18449914,3731829.0786161837,3553783.0062143393,1225847.468666897,3,3,3,7.654,266.08948,NA,NA,FALSE,TRUE,FALSE,FALSE,FALSE,FALSE
HILICNeg_239,0.8945064790390602,1.3210835790725606,1865379.579099147,1740314.727986134,1556722.7997506964,2299101.2095606113,3,3,3,10.706,266.99033,NA,NA,FALSE,FALSE,FALSE,FALSE,FALSE,FALSE
HILICNeg_24,5.2290087050804575,2.795004154290457,20594520.060421348,6846572.710399608,35800788.302645855,19136199.16821858,3,3,3,10.588,113.02341,NA,NA,TRUE,FALSE,TRUE,FALSE,TRUE,FALSE
HILICNeg_243,1.0055662361544269,1.2847732183251104,1915484.0269422473,1746461.7740286344,1756182.9926975572,2243807.3141005505,3,3,3,10.712,267.15234,NA,NA,TRUE,FALSE,FALSE,FALSE,FALSE,FALSE
HILICNeg_245,1.0388842601666095,1.5655912341788873,1675780.2705913135,1394749.6160427658,1448983.4229802515,2183607.772750923,3,3,3,10.71,268.20441,NA,NA,TRUE,FALSE,FALSE,FALSE,FALSE,FALSE
HILICNeg_246,0.8267870604944273,0.25549465932954707,1337141.2615044373,1926455.8423210944,1592768.7630449736,492199.1791472436,3,3,3,8.686,269.0549,NA,NA,FALSE,TRUE,FALSE,FALSE,FALSE,FALSE
HILICNeg_248,NA,NA,111923692.05332747,NA,5368563.905932512,218478820.20072243,0,3,3,4.449,270.81268,NA,NA,TRUE,FALSE,TRUE,FALSE,TRUE,FALSE
HILICNeg_25,1.6452547196217338,1.816688411275432,1068624.3852814545,718492.6077710355,1182103.3539486234,1305277.1941247047,3,3,3,9.825,113.05978,NA,NA,FALSE,FALSE,TRUE,FALSE,FALSE,FALSE
HILICNeg_250,1.1170477693821685,0.17492586643444902,30483915.556697827,39900872,44571180.06400343,6979694.6060900465,3,3,3,3.61,274.09366,NA,NA,FALSE,TRUE,FALSE,FALSE,FALSE,FALSE
HILICNeg_251,0.6336414407052465,0.015737852033346714,3642512.135253072,6625241.661434571,4198027.671371823,104267.07295282143,3,3,3,12.013,274.10461,NA,NA,FALSE,TRUE,FALSE,FALSE,FALSE,FALSE
HILICNeg_254,0.8226528688033152,0.15251800874598584,3908819.684185122,5936933.956369894,4884035.751103509,905489.3450819637,3,3,3,12.264,276.98825,NA,NA,FALSE,TRUE,FALSE,FALSE,FALSE,FALSE
HILICNeg_256,1.029561713288804,0.8542941450050368,559220.8607957821,581742.8695551698,598940.1854727658,496979.5273594104,3,3,3,11.138,278.00061,NA,NA,FALSE,FALSE,FALSE,FALSE,FALSE,FALSE
HILICNeg_257,0.4601796634638545,0.15596463949064288,1629328.0898916433,3024472.6666666665,1391800.8139022933,471710.78910596995,3,3,3,8.336,278.05521,NA,NA,FALSE,TRUE,FALSE,TRUE,FALSE,TRUE
HILICNeg_259,0.3996105410085069,0.20623105451753251,510171.2358006801,953091.3333333334,380865.34334385255,196557.03072485444,3,3,1,8.36,280.05246,NA,NA,FALSE,TRUE,FALSE,FALSE,FALSE,FALSE
HILICNeg_260,0.19643030343192017,0.14678714452278815,1617276.9395421867,3612096.3333333335,709525.178781993,530209.3065112332,3,3,3,6.053,281.03583,NA,NA,FALSE,TRUE,FALSE,TRUE,FALSE,TRUE
HILICNeg_261,0.6004202248604404,0.6207868113239897,864629.4907062675,1167783.2952368823,701160.708714395,724944.4681675254,3,3,3,13.128,282.0202,NA,[M-H]-,FALSE,FALSE,FALSE,FALSE,FALSE,FALSE
HILICNeg_263,0.6478707084806378,0.2034417610294783,465557.0330697124,754422.1314399273,488768.0007894585,153480.96697975136,3,3,3,13.8,282.9527,NA,NA,FALSE,TRUE,FALSE,TRUE,FALSE,TRUE
HILICNeg_264,0.5488923905260135,0.04657887819772302,520590.2203127471,978877.3333333334,537298.3195250627,45595.008079845255,3,3,2,11.14,284.09912,NA,NA,FALSE,TRUE,FALSE,TRUE,FALSE,TRUE
HILICNeg_273,0.7434105311084476,0.3498306885436395,429471.1322056644,615511.1912191074,457577.5015673898,215324.7038304961,3,3,3,14.529,290.96756,NA,NA,FALSE,TRUE,FALSE,FALSE,FALSE,FALSE
HILICNeg_274,4.165232054668489,1.3745075596450484,1871944.6237176175,858724.383897712,3576786.329936199,1180323.1573189418,3,3,3,10.007,292.01648,NA,NA,TRUE,FALSE,TRUE,FALSE,TRUE,FALSE
HILICNeg_276,0.8171217603356725,1.6401542913543736,2479054.774393905,2151163,1757762.0973289663,3528239.2258527484,3,3,3,14.22,294.99377,NA,NA,TRUE,FALSE,FALSE,FALSE,FALSE,FALSE
HILICNeg_279,1.330206821816148,0.33714576120929785,1183988.610695422,1331644.6632103832,1771362.8152375186,448958.3536383637,3,3,3,10.461,298.98987,NA,[M-H]-,FALSE,TRUE,TRUE,FALSE,FALSE,FALSE
HILICNeg_281,17.14420320505064,5882.946130107486,32981193.87288377,16767,287456.8551390841,98639357.76351222,1,3,3,4.252,299.87515,50.3279:5750 51.58427:7368 53.90731:6183 61.34919:7053 61.93173:6706 76.46703:7504 97.70358:8057 126.35505:7435 126.90411:102630 130.20837:7165 137.58174:6872 227.2164:13292,NA,TRUE,FALSE,TRUE,FALSE,TRUE,FALSE
HILICNeg_282,1.0654247654711109,0.2977692064150634,4043893.848612109,5133595.333333333,5469459.604040256,1528626.6084627393,3,3,3,8.309,300.00879,NA,NA,FALSE,TRUE,FALSE,FALSE,FALSE,FALSE
HILICNeg_283,0.7489024742276434,1.447953026804866,3249561.013639737,3049460.020251342,2283748.15422451,4415474.866443358,3,3,3,11.842,300.04883,NA,NA,FALSE,FALSE,FALSE,FALSE,FALSE,FALSE
HILICNeg_284,0.7743323094115195,0.090275461810684507,1727408.2090284852,2779257.228821178,2152068.6684417627,250898.7298225151,3,3,3,11.662,301.06558,NA,NA,FALSE,TRUE,FALSE,FALSE,FALSE,FALSE
HILICNeg_285,0.9585791050578694,0.3659220599635037,1236836.59311482,1596260.6666666667,1530142.1212924113,584106.9913853824,3,3,3,4.725,302.06638,NA,NA,FALSE,TRUE,FALSE,FALSE,FALSE,FALSE
HILICNeg_29,0.9326645774499084,0.23244431784111655,23668275.20279844,32795036.666666668,30586769.01517092,7623019.926557738,3,3,3,8.318,116.0705,NA,NA,FALSE,TRUE,FALSE,FALSE,FALSE,FALSE
HILICNeg_290,1.0669420099442595,3.9368301796202836,1089777.2579134742,544546.2736615842,580999.2957281475,2143786.204350691,3,3,3,10.697,305.02814,NA,NA,TRUE,FALSE,FALSE,FALSE,FALSE,FALSE
HILICNeg_291,0.8037316257688093,0.26552271265942745,3202618.2990954397,4643148.364538044,3731845.1837159498,1232861.3490323254,3,3,3,11.669,305.99588,NA,NA,FALSE,TRUE,FALSE,TRUE,FALSE,TRUE
HILICNeg_293,2.6999036028435306,3.0593644896084493,5159220.90887484,2289843,6182355.365646038,7005464.36097848,3,2,2,11.231,306.07666,NA,NA,FALSE,FALSE,FALSE,FALSE,FALSE,FALSE
HILICNeg_294,NA,NA,1465198.5044504576,NA,1831027.2475943775,1099369.7613065375,0,3,3,4.163,306.96878,NA,NA,TRUE,FALSE,TRUE,FALSE,TRUE,FALSE
HILICNeg_296,NA,NA,55676865.5622562,NA,10767785.547270428,100585945.57724199,0,3,3,4.321,312.87039,NA,NA,TRUE,FALSE,TRUE,FALSE,TRUE,FALSE
HILICNeg_297,0.6773877565360698,0.02586488659108954,586434.4033401859,1032907.9582641891,699679.2045568314,26716.047199537097,3,3,2,12.06,313.04431,NA,NA,FALSE,TRUE,FALSE,FALSE,FALSE,FALSE
HILICNeg_298,0.5810258590960925,NA,351049.4007278373,444078,258020.80145567458,NA,3,3,0,10.849,313.11386,NA,NA,FALSE,TRUE,FALSE,FALSE,FALSE,FALSE
HILICNeg_301,498.33103426732777,2114.9146623608003,85257709.7870055,97838.21378798266,48755818.26783333,206919472.87939516,3,3,3,4.316,316.73898,62.93098:7298 64.97737:9158 65.81864:6960 67.22753:6656 76.33903:6684 90.42822:7137 102.05642:6845 123.95325:8305 144.84041:6802 162.28973:6805 164.00603:8185 191.55229:7112 216.39873:27645 216.41397:72321 216.42561:10186 287.78705:7771 293.05716:6892,NA,TRUE,FALSE,TRUE,FALSE,TRUE,FALSE
HILICNeg_305,1361.4367120477518,5692.780913296617,37382895.34738833,15895.850701939326,21641194.714850225,90491595.47661282,2,3,3,4.343,318.7373,NA,NA,TRUE,FALSE,TRUE,FALSE,TRUE,FALSE
HILICNeg_306,0.9790489906045585,0.009305023747008027,2034385.5407394057,3069451.7063695784,3005143.5948305754,28561.321018063238,3,3,2,10.886,319.02765,NA,NA,FALSE,TRUE,FALSE,FALSE,FALSE,FALSE
HILICNeg_308,1.1753774716229042,2.065161860858223,21509350.159514148,15216944.218458002,17885653.421317935,31425452.838766508,3,3,3,11.341,320.0112,NA,NA,TRUE,FALSE,TRUE,FALSE,TRUE,FALSE
HILICNeg_310,0.9841208856442661,0.7639477434045434,9223731.133376092,10069324,9909432.052719064,7692437.347409211,3,3,3,9.089,320.05786,NA,NA,FALSE,FALSE,FALSE,FALSE,FALSE,FALSE
HILICNeg_311,2.716048524844001,2.4521868378710745,1376450.6308631708,669454.3333333334,1818270.4545004242,1641627.104755755,3,3,2,10.424,321.04984,NA,NA,FALSE,FALSE,FALSE,FALSE,FALSE,FALSE
HILICNeg_312,NA,12.012104472584582,1144175.5219654439,175863.25476807015,NA,2112487.7891628174,3,0,3,9.714,321.13022,NA,NA,TRUE,FALSE,FALSE,TRUE,FALSE,FALSE
HILICNeg_315,NA,NA,5852841.946577102,NA,2434205.5975304367,9271478.295623768,0,3,3,5.648,322.15616,NA,NA,TRUE,FALSE,TRUE,FALSE,TRUE,FALSE
HILICNeg_318,0.7220912790896645,0.2600905295985766,779782.8352955657,1180188.6666666667,852203.9438804591,306955.89533957135,3,3,3,8.23,324.00241,NA,NA,FALSE,TRUE,FALSE,FALSE,FALSE,FALSE
HILICNeg_319,0.6676008125630739,1.7049650651212005,2956933.8843271313,2630282.6911930945,1755978.8619110987,4484540.099877201,3,3,3,9.153,325.043,NA,NA,FALSE,FALSE,FALSE,FALSE,FALSE,FALSE
HILICNeg_320,0.7763507757737296,0.003165616872017769,4778104.330756518,8055173.333333333,6253640.066325192,25499.592611027612,3,3,1,10.811,325.12546,NA,NA,FALSE,TRUE,FALSE,FALSE,FALSE,FALSE
HILICNeg_321,0.7645557831054501,0.9143425295344249,1547415.846073459,1732894.2708712793,1324894.336304939,1584458.9310441583,3,3,3,11.302,326.10983,NA,NA,FALSE,FALSE,FALSE,FALSE,FALSE,FALSE
HILICNeg_322,75.26512428274307,4646.079445262319,18859470.09590646,11981,901751.4540315447,55664677.833687834,1,3,3,4.277,327.90649,60.01038:6747 65.38969:7014 67.99055:7169 78.35836:6815 88.17626:6063 99.56041:7742 126.90417:86394 127.93592:6596 137.72385:7220 143.47171:6313 155.05804:6543 216.67882:91625 222.40335:8032 251.1566:8116 274.18466:8481,NA,TRUE,FALSE,TRUE,FALSE,TRUE,FALSE
HILICNeg_323,0.4086418908947866,0.10701317659326338,12282648.728532253,24311564.666666668,9934723.75599755,2601657.7629325427,3,3,3,4.705,329.0853,NA,NA,FALSE,TRUE,FALSE,TRUE,FALSE,TRUE
HILICNeg_324,0.9556404441888168,3.2738612634582513,2566541.7280403622,1472343.946816572,1407031.4233345045,4820249.813970011,3,3,3,10.728,330.06815,NA,NA,TRUE,FALSE,FALSE,FALSE,FALSE,FALSE
HILICNeg_325,0.9748558257149644,0.9619893031514373,9403171.878678646,9605380.739611754,9363861.372220833,9240273.524203349,3,3,3,11.071,331.02728,NA,NA,FALSE,FALSE,FALSE,FALSE,FALSE,FALSE
HILICNeg_327,NA,NA,5169297.321494564,NA,383123.57718905667,9955471.06580007,0,3,3,10.02,334.02692,NA,NA,TRUE,FALSE,TRUE,FALSE,TRUE,FALSE
HILICNeg_328,0.28370412022076696,0.16986348646301117,3785802.780454369,7813471,2216713.9159254762,1327223.4254376304,3,3,2,4.691,334.07059,NA,NA,FALSE,TRUE,FALSE,TRUE,FALSE,TRUE
HILICNeg_330,0.7664941130027808,0.17843590997282313,14100463.633066842,21749569.598644182,16670917.057705019,3880904.242851324,3,3,3,11.03,337.12582,NA,NA,FALSE,TRUE,FALSE,TRUE,FALSE,TRUE
HILICNeg_331,1.334046556646556,1.1451259943471426,945513.3396512821,815291.5606740149,1087636.8991801662,933611.559099665,3,2,3,2.261,339.07864,NA,NA,FALSE,FALSE,FALSE,FALSE,FALSE,FALSE
HILICNeg_332,NA,NA,663069.8609139945,NA,21227.142896443533,1304912.5789315456,0,1,3,9.806,340.12573,NA,NA,TRUE,FALSE,FALSE,FALSE,FALSE,FALSE
HILICNeg_334,1.3583171296170513,0.08191179934879499,1518352.6888184547,1866651.940883993,2535505.306335643,152900.81923572836,3,3,3,14.239,344.02982,NA,NA,FALSE,TRUE,TRUE,FALSE,FALSE,FALSE
HILICNeg_337,5.772918552111111,16.81582209496032,2090929.8184222751,265923.0329044971,1535152.010088025,4471714.412274303,3,3,3,10.739,345.04962,NA,NA,TRUE,FALSE,TRUE,FALSE,TRUE,FALSE
HILICNeg_339,0.9150899540217659,0.8832716070546929,1871464.9251370386,2006315,1835958.7011031792,1772121.0743079362,3,3,3,4.654,350.07138,NA,NA,FALSE,FALSE,FALSE,FALSE,FALSE,FALSE
HILICNeg_34,3.8640575965447916,44.554359259415435,199273189.1398328,12097100.746103665,46743894.034149535,538978572.6392452,3,3,3,5.231,122.02378,NA,NA,TRUE,FALSE,TRUE,FALSE,TRUE,FALSE
HILICNeg_340,1.2842596172324312,2.4543687360769018,904234.5183159589,572465.9865029078,735194.9487048105,1405042.6197401586,3,3,3,11.05,353.00934,NA,NA,TRUE,FALSE,FALSE,FALSE,FALSE,FALSE
HILICNeg_343,0.9786597256578146,0.048847110104141764,764654.3866789833,1131420.6786261497,1107275.850947846,55266.63046295432,3,3,1,10.96,361.00757,NA,NA,FALSE,TRUE,FALSE,FALSE,FALSE,FALSE
HILICNeg_344,1.34513823194638,0.5056347337433332,1731334.2882956425,1821963,2450792.0884917225,921247.7763952046,3,3,3,11.339,361.10187,NA,[M-H]-,FALSE,TRUE,FALSE,FALSE,FALSE,FALSE
HILICNeg_346,9.10027093685903,237.81836266352977,1293385.1388609088,15650.92288640559,142427.63867817863,3722076.8550181426,1,3,3,4.277,364.90298,NA,NA,TRUE,FALSE,TRUE,FALSE,TRUE,FALSE
HILICNeg_348,5.172673440854234,12.298520718094323,4113250.7882523774,668053.8496087983,3455624.404931859,8216074.110216475,3,3,3,10.701,366.99722,NA,NA,TRUE,FALSE,TRUE,FALSE,TRUE,FALSE
HILICNeg_349,1.1882075510726315,0.8891655239517166,1285246.3617442015,1252931.9621742964,1488743.2184357478,1114063.9046225606,3,3,3,12.503,368.05185,NA,NA,FALSE,FALSE,FALSE,FALSE,FALSE,FALSE
HILICNeg_350,NA,NA,967781.4794907832,NA,97798.02100007748,1837764.9379814889,0,2,3,4.341,368.93387,NA,NA,TRUE,FALSE,FALSE,FALSE,FALSE,FALSE
HILICNeg_351,1.1628132756799607,NA,659708.6631191806,610046.8038895098,709370.5223488514,NA,3,3,0,10.52,369.01663,NA,NA,FALSE,TRUE,FALSE,FALSE,FALSE,FALSE
HILICNeg_352,NA,23.26668198958045,182712.80029546085,15058.737768427796,NA,350366.86282249395,2,0,3,9.75,371.15002,NA,NA,TRUE,FALSE,FALSE,FALSE,FALSE,FALSE
HILICNeg_353,0.9983412446622403,0.7516203367895337,679901.8915325231,741721.5165314263,740491.1820067486,557492.9760593943,3,3,3,14.176,371.53891,NA,NA,FALSE,FALSE,FALSE,FALSE,FALSE,FALSE
HILICNeg_354,0.8043788849895723,1.3888701048833334,952795.6019057411,895134.3333333334,720027.1569625508,1243225.3154213394,3,3,3,14.302,372.97131,NA,NA,FALSE,FALSE,FALSE,FALSE,FALSE,FALSE
HILICNeg_355,1.221247782582301,NA,633278.542180757,570200.7197454956,696356.3646160185,NA,3,3,0,10.525,377.00305,NA,NA,FALSE,TRUE,FALSE,FALSE,FALSE,FALSE
HILICNeg_356,90.31117823957098,84.7614439667102,2298079.31203934,39155.64980932099,3536192.869015811,3318889.417292888,1,3,3,4.245,378.84778,NA,NA,TRUE,FALSE,TRUE,FALSE,TRUE,FALSE
HILICNeg_357,197.03420758170515,3797.995128887195,20204955.63903507,15168.774253961725,2988767.415115119,57610930.72773612,1,3,3,4.388,380.71396,NA,NA,TRUE,FALSE,TRUE,FALSE,TRUE,FALSE
HILICNeg_358,0.15661828453402077,0.07305669388044543,2340041.651262162,5708927.218181005,894122.3874410882,417075.3481643926,3,3,3,6.107,381.00671,NA,NA,FALSE,TRUE,FALSE,TRUE,FALSE,TRUE
HILICNeg_360,0.871428427041881,NA,2830134.321982009,3024571.2644811426,2635697.379482875,NA,3,3,0,10.622,383.10001,NA,NA,FALSE,TRUE,FALSE,FALSE,FALSE,FALSE
HILICNeg_361,3.4018029878094564,1.7677358638570453,1175673.138466833,571682.8275500345,1944752.3508390656,1010584.2370113985,3,3,3,11.717,383.9733,NA,NA,TRUE,FALSE,TRUE,FALSE,TRUE,FALSE
HILICNeg_362,1.5743785253606752,2.8359576087808973,2038247.7541040021,1130196.5553905827,1779357.1862435401,3205189.5206778836,3,3,3,11.281,388.01367,NA,NA,TRUE,FALSE,TRUE,FALSE,TRUE,FALSE
HILICNeg_365,55.978701080050655,48.50381366319352,10750898.51633342,305763.43034205056,17116239.66832854,14830692.450329673,3,3,3,4.486,394.00165,NA,NA,TRUE,FALSE,TRUE,FALSE,TRUE,FALSE
HILICNeg_366,1.1162408823569172,1.9891842606712784,4339846.118593087,3171300.8768139277,3539935.688954044,6308301.7900112895,3,3,3,11.43,397.98929,NA,NA,TRUE,FALSE,FALSE,FALSE,FALSE,FALSE
HILICNeg_367,0.7371532004936265,NA,3808019.321312747,4384206.666666667,3231831.9759588274,NA,3,3,0,10.627,398.09885,NA,NA,FALSE,TRUE,FALSE,FALSE,FALSE,FALSE
HILICNeg_368,68.74108612392202,183.63743534841592,4159010.8534505484,49242.66069534942,3384993.979830084,9042795.919826211,2,3,3,4.483,398.98691,NA,NA,TRUE,FALSE,TRUE,FALSE,TRUE,FALSE
HILICNeg_369,0.8392955430391156,NA,12004159.852325987,13052997.271434914,10955322.43321706,NA,3,3,0,10.641,399.09509,NA,NA,FALSE,TRUE,FALSE,FALSE,FALSE,FALSE
HILICNeg_37,39.25345265620787,395.75700163673054,3545252.0906469002,24393.351506188774,957523.268474418,9653839.651960094,2,3,3,4.33,126.53474,NA,NA,TRUE,FALSE,TRUE,FALSE,TRUE,FALSE
HILICNeg_370,1.4778106101373218,1.2748159649433146,1990143.794234781,1591000.6666666667,2351197.6659355527,2028233.0501021235,3,3,2,13.633,402.99536,NA,NA,FALSE,FALSE,FALSE,FALSE,FALSE,FALSE
HILICNeg_371,0.9771302879359685,0.7706776168314179,2539258.2158041936,2772309.7506910544,2708907.824940443,2136557.071781084,3,3,3,4.731,404.03397,NA,NA,FALSE,FALSE,FALSE,FALSE,FALSE,FALSE
HILICNeg_372,1.0575749178273604,1.0071932364119547,879679.3817219258,861089,910666.1284170438,867283.0167487337,3,3,3,11.042,409.0043,NA,NA,FALSE,FALSE,FALSE,FALSE,FALSE,FALSE
HILICNeg_373,9.34214805317909,236.43852186866602,702867.7415806134,8544.442420914209,79823.44612804451,2020235.3361928817,1,3,3,9.806,412.00433,NA,NA,TRUE,FALSE,TRUE,FALSE,TRUE,FALSE
HILICNeg_374,1.1037307999502999,0.7910959990295162,1365952.0951860808,1415579.0899139089,1562418.2413035962,1119858.954340737,3,3,3,9.157,412.09085,NA,NA,FALSE,FALSE,FALSE,FALSE,FALSE,FALSE
HILICNeg_375,1.039602635983045,0.41685238790559426,901008.439897323,1100376.4748002598,1143954.283776081,458694.5611156283,3,3,3,9.143,414.08777,NA,NA,FALSE,FALSE,FALSE,FALSE,FALSE,FALSE
HILICNeg_376,NA,NA,2863022.870970855,NA,NA,2863022.870970855,0,0,3,9.834,416.43884,NA,NA,TRUE,FALSE,FALSE,FALSE,FALSE,FALSE
HILICNeg_377,0.9640231396194081,2.1997270698354434,413797.9372243278,298143.2000541444,287416.9437723736,655833.6678464655,3,2,3,9.154,417.07666,NA,NA,FALSE,FALSE,FALSE,FALSE,FALSE,FALSE
HILICNeg_378,2.0595513574485844,1.0233791782685575,287786.04633590096,211455.50517088562,435503.47271467367,216399.16112214362,3,3,3,9.866,419.00909,NA,NA,FALSE,FALSE,FALSE,FALSE,FALSE,FALSE
HILICNeg_38,NA,NA,9532561.115966316,NA,2110950.9146325323,16954171.3173001,0,3,3,4.285,126.87865,NA,NA,TRUE,FALSE,TRUE,FALSE,TRUE,FALSE
HILICNeg_382,0.9194978931965742,1.3146285085118297,1032050.7003862399,957338,880270.2740770219,1258543.827081698,3,3,3,12.008,429.12439,NA,NA,TRUE,FALSE,FALSE,FALSE,FALSE,FALSE
HILICNeg_384,0.5281410521023404,2.887956764916828,584233.0581554384,396888.6666666667,209613.1979808284,1146197.30981882,3,3,3,10.801,433.09946,NA,NA,TRUE,FALSE,FALSE,FALSE,FALSE,FALSE
HILICNeg_385,NA,NA,422556.7464750857,NA,650492.7037854164,194620.78916475494,0,3,3,4.361,433.91968,NA,NA,TRUE,FALSE,TRUE,FALSE,TRUE,FALSE
HILICNeg_387,NA,NA,11114753.898275211,NA,3608537.9390134774,18620969.857536945,0,3,3,4.353,438.80707,NA,[M-H]-,TRUE,FALSE,TRUE,FALSE,TRUE,FALSE
HILICNeg_388,1.3670604883741073,5.3780223362294945,7911435.270517268,3064435.3777800356,4189268.524138868,16480601.9096329,3,3,3,10.847,441.03702,NA,NA,TRUE,FALSE,TRUE,FALSE,TRUE,FALSE
HILICNeg_389,1.761905578139526,7.427029194004875,2793532.4325411827,822519.4767695756,1449201.6542487196,6108876.166605253,3,3,3,10.581,441.03802,NA,NA,TRUE,FALSE,TRUE,FALSE,TRUE,FALSE
HILICNeg_390,NA,NA,31069677.187016424,NA,18385352.96530217,43754001.40873068,0,3,3,4.41,443.64377,NA,NA,TRUE,FALSE,TRUE,FALSE,TRUE,FALSE
HILICNeg_392,4.810475801925784,0.7701317981399883,8263798.912371615,3767341.595761926,18122705.584001213,2901349.557351705,3,3,3,10.79,447.13629,NA,NA,FALSE,TRUE,TRUE,FALSE,FALSE,FALSE
HILICNeg_393,24.7531134429677,36.42659224502683,692744.1010699471,33423,827323.3106043094,1217485.9926055318,1,3,3,10.799,454.12033,NA,NA,TRUE,FALSE,TRUE,FALSE,TRUE,FALSE
HILICNeg_394,0.8151848730382177,0.008592339766235964,44562182.95504347,73302017.33333333,59754695.69331857,629835.838478518,3,3,3,10.695,463.13104,57.19331:6424 59.55214:6629 88.414:6554 92.15784:6985 95.06512:6535 107.7326:6577 118.68797:6963 160.73744:6875 167.66228:6637 184.99451:7205 195.0506:75723 207.41388:8178 227.24274:8978 244.63208:7215 267.07272:8804 280.8797:6787,NA,FALSE,TRUE,FALSE,FALSE,FALSE,FALSE
HILICNeg_395,0.8654761464208643,0.8049807696499245,735639.3714756386,826419.6666666666,715246.5084330819,665251.9393271673,3,3,3,11.576,465.14188,NA,NA,FALSE,FALSE,FALSE,FALSE,FALSE,FALSE
HILICNeg_396,1.1792403401670646,NA,1259227.4193407656,1155657.2225018842,1362797.616179647,NA,3,3,0,10.673,470.12061,NA,NA,FALSE,TRUE,FALSE,FALSE,FALSE,FALSE
HILICNeg_397,0.9799942261038683,0.020634144394547256,4376112.70044079,6562107.333333333,6430827.297740519,135403.47024851743,3,3,1,10.682,471.1167,NA,NA,FALSE,TRUE,FALSE,FALSE,FALSE,FALSE
HILICNeg_398,1.0861823566436157,0.0060629016641977895,1981057.6936182426,2840571.8962706625,3085379.0765068927,17222.10807717287,3,3,3,8.964,474.17352,NA,NA,FALSE,TRUE,FALSE,FALSE,FALSE,FALSE
HILICNeg_40,82.44680141789837,1110.772776720723,6808222923.368305,17102942.493992575,1410082903.4639413,18997482924.14698,3,3,3,4.281,126.90396,51.23857:7792 52.38636:7333 55.1305:8351 55.91564:7460 59.56837:8770 61.01197:6845 61.63656:7985 68.07795:7170 79.1843:8276 79.75154:9485 82.51614:7363 124.04727:8864 126.9041:11499153,[M-H]-,TRUE,FALSE,TRUE,FALSE,TRUE,FALSE
HILICNeg_400,0.8768051745563149,NA,694031.9217899761,739588.6703627064,648475.1732172456,NA,3,3,0,10.557,485.11252,NA,NA,FALSE,TRUE,FALSE,FALSE,FALSE,FALSE
HILICNeg_401,NA,NA,6935706.597763745,NA,NA,6935706.597763745,0,0,3,4.278,485.84021,NA,NA,TRUE,FALSE,FALSE,FALSE,FALSE,FALSE
HILICNeg_403,4.0541229981540905,2.513108566752111,2950781.40706722,1169825.998487386,4742618.484306283,2939899.7384079914,3,3,3,11.407,487.36627,NA,NA,TRUE,FALSE,TRUE,FALSE,TRUE,FALSE
HILICNeg_408,0.5245060533330899,2.1903633092172545,1245559.942845054,1005871.1259687055,527585.494443557,2203223.2081228998,3,3,3,10.712,509.09085,NA,NA,TRUE,FALSE,FALSE,TRUE,FALSE,FALSE
HILICNeg_409,1.0280081227297773,8.633693164920789,1133189.7946968423,318858.0595508001,327788.6752160776,2752922.6493236492,3,3,3,10.889,519.01392,NA,NA,TRUE,FALSE,FALSE,FALSE,FALSE,FALSE
HILICNeg_410,2.2719526040878604,8.469743832305538,297782.302752896,76083.29112390937,172857.63139654067,644405.985738238,3,3,3,10.548,519.01489,NA,NA,TRUE,FALSE,TRUE,FALSE,TRUE,FALSE
HILICNeg_411,0.4960902894627422,NA,996131.6025769529,1331646.3713358792,660616.8338180266,NA,3,3,0,9.503,520.07574,NA,NA,FALSE,TRUE,FALSE,TRUE,FALSE,TRUE
HILICNeg_412,5.780508793092617,32.827753120454396,938211.4877786506,71061.80194120754,410773.37097415613,2332799.290420588,3,3,3,11.533,522.1842,NA,NA,TRUE,FALSE,TRUE,FALSE,TRUE,FALSE
HILICNeg_415,0.5456934799867724,1.4000849708400256,2193781.109825883,2234161,1219167.0909407274,3128015.2385369223,3,3,2,4.674,538.17145,NA,NA,FALSE,FALSE,FALSE,FALSE,FALSE,FALSE
HILICNeg_416,0.9074699672261849,1.1834139098554401,1704928.4482159712,1654796.992722105,1501678.5727515179,1958309.7791742906,3,3,2,11.14,540.0542,NA,NA,FALSE,FALSE,FALSE,FALSE,FALSE,FALSE
HILICNeg_417,1.072654960239021,5.092988116289587,893206.1674974957,373953.6666666667,401123.2554495695,1904541.580376251,3,3,3,10.736,543.13696,NA,NA,TRUE,FALSE,FALSE,FALSE,FALSE,FALSE
HILICNeg_419,4.5694721670671665,11.505082224868689,3162255.118012794,555608.37116305,2538836.9878190802,6392319.995056251,3,3,3,10.719,558.1358,NA,NA,TRUE,FALSE,TRUE,FALSE,TRUE,FALSE
HILICNeg_421,3.174420501153744,6.1363774697004905,1160023.1995762696,337517,1071420.8842879082,2071131.7144409004,3,3,3,11.482,568.20459,NA,NA,TRUE,FALSE,TRUE,FALSE,TRUE,FALSE
HILICNeg_422,0.8569482249872595,0.7165444528083358,2637984.961406405,3075180.649434821,2635270.599048338,2203503.6357360566,3,3,3,15.438,579.02698,NA,NA,FALSE,FALSE,FALSE,FALSE,FALSE,FALSE
HILICNeg_424,1.2089860589340011,4.769791869794918,969451.5080309889,416742.6666666667,503836.0741629795,1987775.7832633206,3,3,3,10.708,613.12891,NA,NA,TRUE,FALSE,FALSE,FALSE,FALSE,FALSE
HILICNeg_425,308.31413285046125,4082.6950786988837,11525703.69166592,7872.731911416048,2427274.512432393,32141963.830653954,1,3,3,4.331,648.25659,NA,NA,TRUE,FALSE,TRUE,FALSE,TRUE,FALSE
HILICNeg_43,0.7699971079017753,1.6060766134191122,890070.3393312072,790922.0113087171,609007.6612835674,1270281.3454013371,3,3,3,14.448,126.99091,NA,[M-H]-,FALSE,FALSE,FALSE,FALSE,FALSE,FALSE
HILICNeg_45,59.06161899073067,606.0927307305286,3483992.447926908,15690.023412973542,926678.184772687,9509609.135595063,1,3,3,4.28,127.27446,NA,NA,TRUE,FALSE,TRUE,FALSE,TRUE,FALSE
HILICNeg_53,0.8454861635230883,0.1020783908172365,4802053.062146721,7397012.414471565,6254071.64784422,755075.1241243787,3,3,3,11.538,131.08153,NA,[M-H]-,FALSE,TRUE,FALSE,TRUE,FALSE,TRUE
HILICNeg_55,0.6891936450406027,0.15572296334383398,5071334.241885531,8246444.666666667,5683397.258445637,1284160.8005442887,3,3,3,13.238,132.02913,NA,NA,FALSE,TRUE,FALSE,TRUE,FALSE,TRUE
HILICNeg_57,0.35358518866376404,0.3363410012552907,8830416.009343281,15675979.333333334,5542794.110065933,5272474.584630578,3,3,3,2.915,133.9908,NA,NA,FALSE,TRUE,FALSE,TRUE,FALSE,TRUE
HILICNeg_58,0.8668223252760973,0.8800276432290212,580736519.8338385,634257269.0454059,549788360.777206,558163929.6789037,3,3,3,4.732,134.04611,51.68493:7455 51.79963:6324 52.99458:7223 54.95824:7338 58.37181:6793 59.33075:7561 60.12006:7222 65.01335:58191 65.97483:7278 68.02433:43737 72.72107:7101 75.48124:7622 80.02428:28946 80.96421:9590 92.02432:590201 107.03527:2179792 109.04078:7677 113.75312:9163 120.96758:6853 121.04894:8467 134.0463:3691300,NA,FALSE,FALSE,FALSE,FALSE,FALSE,FALSE
HILICNeg_7,89.80820394089895,89.77292488343966,996976.672873132,16562.80497354096,1487475.766897102,1486891.4467487533,1,3,3,11.827,98.06001,NA,NA,TRUE,FALSE,TRUE,FALSE,TRUE,FALSE
HILICNeg_70,0.35124074661129673,0.025313140880123992,740787.8860405497,1614440,567057.1109591419,40866.54716250738,3,3,3,9.438,140.6333,NA,NA,FALSE,TRUE,FALSE,TRUE,FALSE,TRUE
HILICNeg_73,0.3258700460674831,0.007331081656873176,791218.4234781356,1780417.9887591333,580184.8920163143,13052.389658959115,3,3,2,9.446,141.50032,NA,NA,FALSE,TRUE,FALSE,TRUE,FALSE,TRUE
HILICNeg_74,0.38579533458492826,0.1367761271507818,93111462.39028996,183462250.66666666,70778880.37965064,25093256.1245526,3,3,3,9.57,142.04988,50.49536:7611 57.51929:6453 68.5017:7087 73.32371:7237 108.33372:7280 116.80191:8801 142.05011:107615 142.06889:7065,NA,FALSE,TRUE,FALSE,TRUE,FALSE,TRUE
HILICNeg_75,45.977464761305804,53.53126129047978,14875307.322679073,444000.47360111197,20414016.128998213,23767905.365437895,3,3,3,10.781,142.05016,52.79665:7076 56.8235:7914 58.62872:8939 69.71294:7010 72.55456:6759 78.9669:6809 98.06005:32580 102.50553:7180 109.26369:7054 112.2522:7821 142.05:20524,NA,TRUE,FALSE,TRUE,FALSE,TRUE,FALSE
HILICNeg_77,1.0175178909987892,74.66784827608335,66120525.51739812,2586694,2632007.4235392218,193142875.12865514,3,3,3,9.857,142.06952,55.82109:6494 76.62087:6505 93.14487:6500 95.5034:6037 142.06334:34731 142.06938:457794,NA,TRUE,FALSE,FALSE,FALSE,FALSE,FALSE
HILICNeg_8,197.78398213455634,220.37181979805536,3288556.7033626274,23537,4655241.587501053,5186891.522586829,2,3,3,10.897,98.06005,NA,NA,TRUE,FALSE,TRUE,FALSE,TRUE,FALSE
HILICNeg_83,1.155201807473687,0.16604326011108106,1472781.2388855717,1903436.9866228546,2198853.8473589895,316052.88267487095,3,3,3,11.405,145.5891,NA,NA,FALSE,TRUE,FALSE,FALSE,FALSE,FALSE
HILICNeg_86,0.7886350879425158,0.054703096481749335,4359485.42096217,7094984.725752502,5595353.903144631,388117.63398937695,3,3,3,7.11,146.045,NA,NA,FALSE,TRUE,FALSE,FALSE,FALSE,FALSE
HILICNeg_87,3.9294133246533782,3.400634908065687,3983497.7099007387,1434624.721950905,5637233.4983110335,4878634.909440277,3,3,3,11.406,146.07651,NA,NA,TRUE,FALSE,TRUE,FALSE,TRUE,FALSE
HILICNeg_88,1.1092088587912055,0.17556506335880642,1446752.929887588,1899644.751537826,2107102.786961975,333511.25116296246,3,3,3,11.417,146.50258,NA,NA,FALSE,TRUE,FALSE,FALSE,FALSE,FALSE
HILICNeg_90,1.3595942398665828,0.30628897255742743,596512.5785085747,671273.8679570849,912660.0842474137,205603.78332122572,3,3,3,11.034,148.99005,NA,[M-H]-,FALSE,TRUE,TRUE,FALSE,FALSE,FALSE
HILICNeg_92,0.5903154845554142,1.1081202569601092,32377217.82336961,35995540.666666664,21248725.03047745,39887387.77296472,3,3,3,8.522,151.02528,50.31604:6960 57.49166:6986 59.83306:7391 94.78014:6485 108.01932:336758 126.03011:14157 126.70913:7296 136.01576:7798 146.77295:8211,NA,FALSE,FALSE,FALSE,FALSE,FALSE,FALSE
HILICNeg_93,0.48003516990883804,0.5753151315082796,740405.0770531658,1080699.1049788543,518773.5784788535,621742.5477017896,3,3,3,12.855,152.98541,NA,NA,FALSE,TRUE,FALSE,TRUE,FALSE,TRUE
HILICPos_0,1.027139975636033,1.0448110306694944,5025688.745219828,4907977.439976125,5041179.828119277,5127908.967564082,3,3,3,11.384,80.05003,NA,NA,FALSE,FALSE,FALSE,FALSE,FALSE,FALSE
HILICPos_105,0.4663737376275621,0.36981121937224476,5238918.658824379,8559462.333333334,3991908.440479001,3165385.2026607995,3,3,3,9.491,143.16971,NA,NA,FALSE,FALSE,FALSE,FALSE,FALSE,FALSE
HILICPos_106,0.4539918155772971,0.1990916481938195,8704936.231192278,15797634.70260728,7171996.860463593,3145177.1305059628,3,3,3,9.433,143.2063,NA,NA,FALSE,TRUE,FALSE,TRUE,FALSE,TRUE
HILICPos_107,0.5342849679770718,0.11697220799740206,12942186.224037008,23513332.28828992,12562819.988683227,2750406.395137878,3,3,3,9.485,143.52701,NA,NA,FALSE,TRUE,FALSE,TRUE,FALSE,TRUE
HILICPos_109,0.7764060764155299,1.537913132945658,5163266.9736028025,4673599.5968819065,3628611.1257522833,7187590.198174217,3,3,3,10.694,145.04965,NA,[M+H],TRUE,FALSE,FALSE,FALSE,FALSE,FALSE
HILICPos_110,0.7857227781202842,1.0640188781611177,8660275.511631774,9116905.90535755,7163360.63581876,9700559.993719012,3,3,3,10.33,146.0811,NA,NA,FALSE,FALSE,FALSE,TRUE,FALSE,FALSE
HILICPos_111,0.9105827041832709,1.3103057910094682,5364852.523057316,4996931,4550118.942597216,6547507.626574733,3,3,3,11.358,146.09261,NA,NA,FALSE,FALSE,FALSE,FALSE,FALSE,FALSE
HILICPos_115,1.0746947241220823,0.25910545339083996,1618999.4413684409,2081154.321138717,2236605.569011653,539238.433954953,3,3,3,11.501,147.5939,NA,NA,FALSE,TRUE,FALSE,FALSE,FALSE,FALSE
HILICPos_116,1.0322502036071253,0.27930817889098936,792210.664619027,1028151.4029027644,1061309.49498533,287171.095968987,3,3,3,11.458,147.92912,NA,NA,FALSE,TRUE,FALSE,FALSE,FALSE,FALSE
HILICPos_12,0.8555191186909655,1.9508074149125996,11785396.691555575,9288795.840958485,7946742.43155711,18120651.80215113,3,3,3,11.365,90.05545,NA,NA,TRUE,FALSE,FALSE,FALSE,FALSE,FALSE
HILICPos_120,1.5369308678206905,0.8201950958551942,3680704.6286880965,3289156.857842095,5055206.703921627,2697750.3243005667,3,3,3,6.499,148.09671,NA,NA,FALSE,FALSE,FALSE,FALSE,FALSE,FALSE
HILICPos_121,1.033182872627441,0.2561059391974761,1554460.3235210222,2037043.5335529514,2104638.4896633914,521698.947346724,3,3,3,11.417,148.52934,NA,NA,FALSE,TRUE,FALSE,FALSE,FALSE,FALSE
HILICPos_123,0.8443243158996807,0.46884626929792433,437762.6273535412,567743.6374405714,479359.7582884068,266184.4863316453,3,3,3,10.854,151.04782,NA,[M+H],FALSE,TRUE,FALSE,FALSE,FALSE,FALSE
HILICPos_125,0.8896656702749808,0.32357453721268165,9770989.3181819655,13244368.078700423,11783059.604105571,4285540.271739903,3,3,3,7.648,152.05673,NA,NA,FALSE,TRUE,FALSE,FALSE,FALSE,FALSE
HILICPos_127,0.8093855984216811,0.5476455750933973,6022594.296102552,7665483.210967838,6204331.715900553,4197967.961439263,3,3,3,3.637,154.09763,NA,NA,FALSE,TRUE,FALSE,FALSE,FALSE,FALSE
HILICPos_13,83.96360382973953,184.65936942487954,102854697.32912214,1144428.0443268209,96090302.92550077,211329361.01753885,3,3,3,5.669,93.05784,NA,NA,TRUE,FALSE,TRUE,FALSE,TRUE,FALSE
HILICPos_130,0.6561884322911171,1.9569456951093038,16382575.891909836,13602519.569648618,8925815.991616968,26619392.11446392,3,3,3,9.159,157.04184,65.26609:8600 71.24049:7707 74.93156:15292 94.71522:7247 113.02641:17376 113.10773:41646 115.96471:8539 119.35658:7608 131.03683:10847 138.97018:8144 139.01846:42038 157.02924:121045 157.04198:1688099,NA,FALSE,FALSE,FALSE,FALSE,FALSE,FALSE
HILICPos_131,0.7792657687920793,0.9884856759486199,16919662.52285206,18339431.333333332,14291291.057179548,18128265.1780433,3,3,3,8.251,157.09724,50.69287:6997 54.94466:6414 55.32527:6173 56.4342:6670 57.01014:7866 57.85853:6948 60.59503:6005 60.92301:6818 64.11874:6493 70.0658:8571 75.18207:7234 77.43037:7377 80.8493:6182 96.08117:10769 99.2421:7512 101.07141:58777 104.53833:8142 104.68991:9904 111.09207:203469 113.10767:154945 115.96449:20251 125.05606:7219 157.09731:1507054,[M+H],FALSE,FALSE,FALSE,TRUE,FALSE,FALSE
HILICPos_132,3.501210604471155,7.143085721207965,4519181.527593405,1164307.7609491798,4076486.6795033347,8316750.142327702,3,3,3,16.856,158.08141,NA,NA,TRUE,FALSE,TRUE,FALSE,TRUE,FALSE
HILICPos_133,0.8412844336830337,0.2704603138942652,4282327.288014358,6083586.512423807,5118026.633866205,1645368.717753061,3,3,3,10.947,158.55629,NA,NA,FALSE,TRUE,FALSE,FALSE,FALSE,FALSE
HILICPos_134,0.8531638031519765,0.31499528791418185,2343393.720028696,3242465.5501774577,2766354.2403786657,1021361.3695299643,3,3,3,11.189,158.92982,NA,NA,FALSE,TRUE,FALSE,FALSE,FALSE,FALSE
HILICPos_135,0.7881009219439824,0.331714887523417,1485778.9008557003,2102700,1657139.8085716118,697496.8939954889,3,3,3,11.069,158.97083,NA,NA,FALSE,FALSE,FALSE,FALSE,FALSE,FALSE
HILICPos_142,0.8267783579632895,0.26380446479254344,1327670.1498392317,1905215.3333333333,1575190.8048598145,502604.3113245472,3,3,3,11.037,159.17976,NA,NA,FALSE,TRUE,FALSE,FALSE,FALSE,FALSE
HILICPos_143,0.897544794050509,0.3997548915879231,2022486.1111269977,2641126.1757931304,2370529.049513654,1055803.1080742087,3,3,3,11.125,159.22408,NA,NA,FALSE,TRUE,FALSE,FALSE,FALSE,FALSE
HILICPos_144,0.8460846777054558,0.2708952736207274,4081960.29390515,5784599.3647904,4894260.889213869,1567020.6277111813,3,3,3,11.095,159.59868,NA,NA,FALSE,TRUE,FALSE,FALSE,FALSE,FALSE
HILICPos_146,0.7786209753578721,0.41171388131707415,37680272.33133353,51608920.27514142,40183787.84179727,21248108.877061915,3,3,3,10.826,161.09207,51.00978:6666 51.80576:8693 53.4291:6198 56.05024:35205 59.91939:6699 74.65627:7365 81.37035:7258 84.04494:25960 89.18747:7128 98.06049:175659 101.06754:12686 101.07138:266721 102.05542:18162 115.08669:36180 125.07123:24640 130.04997:8716 143.08148:67307 144.06558:891732,NA,FALSE,TRUE,FALSE,TRUE,FALSE,TRUE
HILICPos_148,1.0024638793223553,12.813606297745233,1163570291.4226437,235603019.73129666,236183517.13989705,3018924337.396737,3,3,3,9.295,161.09213,56.05025:2097216 58.02952:115371 60.04514:91725 68.05024:15555 69.03416:26565 72.04507:46879 73.07672:109788 74.02431:33286 74.06077:59334 84.04497:6898463 84.24619:9007 85.02619:10208 85.02901:196335 87.04461:19573 95.01318:23830 97.07651:161160 98.06049:503142 101.07137:435268 102.04969:11045 102.05538:505872 115.08688:1152421 116.0709:521184 116.0756:18824 119.08176:48886 122.60285:11162 125.61523:10211 126.05505:38599 130.05:914620 143.08148:58731 144.06555:3829216 150.44739:11469 157.41405:10932,[M+H],TRUE,FALSE,FALSE,FALSE,FALSE,FALSE
HILICPos_149,0.5681120951850754,0.3519874238091955,10037451.895759577,15682705.708426658,8909534.79818521,5520115.180666864,3,3,3,5.934,161.09233,NA,NA,FALSE,TRUE,FALSE,TRUE,FALSE,TRUE
HILICPos_150,3.6326305844721554,6.432623889631704,3959314.8107740623,1073445.211777124,3899429.9070567708,6905069.313488292,3,3,3,17.038,161.12862,NA,NA,TRUE,FALSE,TRUE,FALSE,TRUE,FALSE
HILICPos_151,7.771082164909625,1934.6068308212316,436359.0918532084,673.6092176472938,5234.672577377611,1303168.9937646003,3,3,3,9.86,161.54308,NA,NA,TRUE,FALSE,TRUE,FALSE,TRUE,FALSE
HILICPos_152,12.33324065657758,4508.699712253887,348368.28483334504,231.113940429688,2850.383846409277,1042023.3567131961,1,3,3,9.84,161.92474,NA,NA,TRUE,FALSE,TRUE,FALSE,TRUE,FALSE
HILICPos_153,5.609101791192245,250.60619811479228,644651305.6877826,7518813.68553983,42173791.31120222,1884261312.066606,3,3,3,9.853,162.07591,52.65947:7318 54.24166:7841 56.25982:6371 59.03201:6282 60.64181:7084 68.05021:12687 70.06583:154785 72.47549:7261 74.23991:7246 85.02896:98206 98.06051:3361624 116.07092:981399 131.03403:21880 138.99281:41025 144.06558:338156 161.98769:7374 162.07613:101648,[M+H],TRUE,FALSE,TRUE,FALSE,TRUE,FALSE
HILICPos_154,0.6564433378511261,2.295753246858726,4357601.357664993,3307731.230670731,2171338.129775908,7593734.71254834,3,3,3,11.607,162.07639,NA,NA,TRUE,FALSE,FALSE,TRUE,FALSE,FALSE
HILICPos_155,4.588909532654385,2846.495633145567,365235.83903800586,384.177783203125,1762.95709157485,1093560.3822392395,1,2,3,9.796,162.22943,NA,NA,TRUE,FALSE,TRUE,FALSE,TRUE,FALSE
HILICPos_156,15.367487228892786,10742.55699073612,685652.3004982756,191.186108398438,2938.050079154708,2053827.6653072736,1,2,3,9.769,162.61125,NA,NA,TRUE,FALSE,TRUE,FALSE,TRUE,FALSE
HILICPos_157,1.3192051066037587,1.6887091088332697,1282933.4412570153,960300.0755222919,1266832.7635009827,1621667.4847477712,3,3,3,12.099,162.99792,NA,NA,TRUE,FALSE,TRUE,FALSE,TRUE,FALSE
HILICPos_163,0.9058491991695174,1.0864349693678947,20120381.232369952,20172263.159957018,18273028.428883824,21915852.108269013,3,3,3,8.532,166.07231,NA,NA,FALSE,FALSE,FALSE,FALSE,FALSE,FALSE
HILICPos_164,0.7720720909132166,0.1792051718186801,101248849.38002968,155665498.66666666,120184987.03862186,27896062.434800517,3,3,3,4.58,166.08621,60.58156:7315 64.53271:7221 86.689:6808 93.0705:20134 94.01263:6404 103.05464:82665 107.04951:23743 109.96803:6787 120.08109:1194235 131.04947:21213 140.44695:6783,[M+H],FALSE,TRUE,FALSE,TRUE,FALSE,TRUE
HILICPos_165,1.617683466717958,0.6167685097847967,266363.1584609528,247055.60051223033,399657.7603087117,152376.11456191636,3,3,3,11.264,166.08629,NA,NA,FALSE,FALSE,FALSE,FALSE,FALSE,FALSE
HILICPos_166,1.8778949243243088,1.7909548635281645,7919487.68910253,5088718.666666667,9556078.955447698,9113665.445193224,3,3,3,2.928,167.09283,NA,NA,TRUE,FALSE,FALSE,FALSE,FALSE,FALSE
HILICPos_168,1.1027276675547115,1.3486079293397217,4350946.840457152,3781967.9236978893,4170480.667266109,5100391.930407457,3,3,3,11.425,170.04239,NA,[M+H],TRUE,FALSE,FALSE,FALSE,FALSE,FALSE
HILICPos_17,3.8651573159422363,13.596644443379025,16552370.007002618,2689721.7654249943,10396197.759481484,36571190.49610137,3,3,3,10.698,97.02894,NA,NA,TRUE,FALSE,TRUE,FALSE,TRUE,FALSE
HILICPos_170,1.012594863532049,0.35800288995603374,37365997.15849749,47286804.06051689,47882374.90452583,16928812.510449756,3,3,3,11.387,171.0764,53.20921:6460 66.06043:8050 72.04514:18236 72.6198:7269 84.04498:431779 89.07152:39887 89.22683:6608 95.08259:6298 102.16595:8508 106.6652:6786 124.04416:7928 125.10743:78681 125.74647:6856 130.05002:636126 153.07393:12262 160.2683:7362 168.53079:7499 171.11285:301874,NA,FALSE,TRUE,FALSE,FALSE,FALSE,FALSE
HILICPos_172,2.2691636828264654,26.293528838053636,11383729.002220593,1155212.3333333333,2621365.8727532206,30374608.800575227,3,3,3,10.743,173.09206,NA,NA,TRUE,FALSE,TRUE,FALSE,TRUE,FALSE
HILICPos_173,1.3113266996610058,3.109451880409539,2635742.379718329,1458688.4563457088,1912817.1192934255,4535721.563515852,3,3,3,9.967,173.09221,NA,NA,TRUE,FALSE,TRUE,FALSE,TRUE,FALSE
HILICPos_174,1.458271940342356,1.1858878121163656,1854397.4996340824,1526605,2226205.2354863426,1810382.2634159045,3,3,3,8.336,174.03868,NA,NA,FALSE,FALSE,FALSE,FALSE,FALSE,FALSE
HILICPos_175,0.8520712433982703,0.9516774246099846,5307760.092442049,5679282.333333333,4839153.159373163,5404844.784619651,3,3,3,10.559,174.08766,NA,NA,FALSE,FALSE,FALSE,FALSE,FALSE,FALSE
HILICPos_176,0.627075640974768,29.851253253206167,16885063.015498806,1609208.3292217113,1009095.3445086401,48036885.37276607,3,3,3,7.676,175.10779,55.98551:7853 55.98695:8306 56.05023:10446 58.02951:36430 58.10687:7033 61.60739:7591 64.9507:7725 68.05022:9366 68.86811:6765 69.03434:13884 70.06581:105422 74.35268:9353 80.05009:7426 83.26295:8236 85.0291:55718 87.04457:10000 88.97835:7066 95.01346:9867 98.06052:3124182 99.16063:8762 105.95736:7156 107.01143:7892 111.09229:8603 115.60281:7729 116.06656:15926 116.07092:224823 124.06165:8878 126.05526:15887 129.10242:128531 142.54263:7748 144.0656:1993023 157.09727:26870,NA,TRUE,FALSE,FALSE,TRUE,FALSE,FALSE
HILICPos_177,0.8672823745096581,1.64062475308503,9798663.093929969,8379922.333333333,7267758.939459847,13748308.008996727,3,3,3,11.398,175.10808,NA,NA,TRUE,FALSE,FALSE,FALSE,FALSE,FALSE
HILICPos_180,3.834313163102203,3.527657390505944,4055965.413878756,1455146.9852265725,5579489.239702734,5133260.016706962,3,3,3,11.733,178.00879,NA,[M+H],TRUE,FALSE,TRUE,FALSE,TRUE,FALSE
HILICPos_181,0.8590519757631239,1.2698177634885954,1246717.3135779093,1195368.3765781182,1026883.5656641903,1517899.9984914192,3,3,3,12.193,180.0867,NA,NA,TRUE,FALSE,FALSE,TRUE,FALSE,FALSE
HILICPos_186,0.5727831490169834,0.8489391385955256,14082684.818735981,17445458,9992464.369283525,14810132.08692442,3,3,3,6.43,182.10379,NA,NA,FALSE,FALSE,FALSE,FALSE,FALSE,FALSE
HILICPos_189,0.9160568366937284,0.9885684229330824,454548.08408670576,469473.3848163669,430064.3038067785,464106.5636369719,3,3,3,10.913,185.03253,NA,[M+H],FALSE,FALSE,FALSE,FALSE,FALSE,FALSE
HILICPos_190,1.0009165269616958,2.680515194964701,4129534.2530441848,2646327.7678724057,2648753.198621145,7093521.792639004,3,3,3,9.836,185.09238,NA,NA,TRUE,FALSE,FALSE,FALSE,FALSE,FALSE
HILICPos_192,51.73940982681591,57.80029012352333,1819852.3504612166,49390.01149665139,2555410.0461763954,2854756.993710603,3,3,3,11.847,188.05562,NA,[M+H],TRUE,FALSE,TRUE,FALSE,TRUE,FALSE
HILICPos_193,1.0921524286701851,2.901483028804901,7899149.512352299,4745530.333333333,5182842.478878032,13769075.72484553,3,3,3,7.467,188.07089,NA,[M+H],TRUE,FALSE,TRUE,FALSE,TRUE,FALSE
HILICPos_195,1.071014829847286,1.8165391944378146,1425292.8155090513,1099889.1384701629,1177997.5784894994,1997991.7295674917,3,3,3,12.161,190.993,NA,NA,FALSE,FALSE,FALSE,FALSE,FALSE,FALSE
HILICPos_197,0.6550700798350428,1.8777583569346863,17269673.23371932,14665025.666666666,9606619.534246285,27537374.500245,3,3,3,4.01,191.04855,NA,[M+H],FALSE,FALSE,FALSE,FALSE,FALSE,FALSE
HILICPos_198,1.0694238193289374,0.028626132381776283,15346525.450542048,21943984.84844761,23467420.087923177,628171.4152553543,3,3,3,13.621,191.10287,NA,[M+H],FALSE,TRUE,FALSE,FALSE,FALSE,FALSE
HILICPos_2,4.183544972276113,3.80123996206773,3056920.6562692784,1020699.1080836119,4270140.621829908,3879922.238894315,3,3,3,11.365,82.06564,NA,NA,TRUE,FALSE,TRUE,FALSE,TRUE,FALSE
HILICPos_20,0.8453908792642197,0.6376636962275924,3022685.0135708186,3651975.7278860332,3087346.9716491625,2328732.3411772605,3,3,3,11.992,98.98462,NA,NA,FALSE,FALSE,FALSE,FALSE,FALSE,FALSE
HILICPos_201,7603.154333946031,15825.91814799642,1853510014.257231,237324.49172136327,1804414737.7828221,3755877980.4971495,3,3,3,5.726,196.10835,51.75809:6642 59.06119:25476 59.25867:6581 66.60036:6495 66.62492:7300 71.80388:6038 73.35178:6079 97.35278:6635 98.68143:6891 115.34962:7046 135.4922:8134 138.05508:452908 180.142:8817,NA,TRUE,FALSE,TRUE,FALSE,TRUE,FALSE
HILICPos_204,1460.8956157367536,3027.8214078091264,185305604.3646157,123820.0114123888,180888111.8128336,374904881.26960117,3,3,3,5.763,197.11166,NA,NA,TRUE,FALSE,TRUE,FALSE,TRUE,FALSE
HILICPos_205,0.9992715126972055,0.8092930366072018,1339336.823958159,1430627.78203535,1429585.5878611123,1157797.1019780145,3,3,3,8.414,197.11467,NA,NA,FALSE,FALSE,FALSE,FALSE,FALSE,FALSE
HILICPos_208,0.6392764700219542,0.17616787844204523,1165640.9302215287,1926207.64917594,1231379.2264944818,339335.9149941647,3,3,3,13.204,199.03293,NA,NA,FALSE,TRUE,FALSE,TRUE,FALSE,TRUE
HILICPos_21,1.049034700864321,0.9091003026813458,2394306.7911398564,2428192.2105684862,2547257.8892547865,2207470.273596297,3,3,3,9.835,98.98464,NA,NA,FALSE,FALSE,FALSE,FALSE,FALSE,FALSE
HILICPos_210,0.8104353297920323,0.11034074239539315,1672271.1860373423,2611868,2116750.103953256,288195.45415877074,3,3,3,11.616,202.07143,NA,[M+H],FALSE,TRUE,FALSE,FALSE,FALSE,FALSE
HILICPos_211,1.4029011545047572,0.36351971721026666,4157827.958314203,4508888.724227184,6325525.1967517985,1639069.9539636262,3,3,3,10.453,203.05293,NA,NA,FALSE,TRUE,TRUE,FALSE,FALSE,FALSE
HILICPos_212,0.9477387585629908,0.9795390962924276,8771801.109651875,8989718.309557386,8519904.470530905,8805780.548867332,3,3,3,9.816,203.1028,NA,NA,FALSE,FALSE,FALSE,FALSE,FALSE,FALSE
HILICPos_213,0.8982230478917915,0.5900666978096989,1359661.3006463677,1639272.0779344647,1472431.9621662053,967279.861838433,3,3,3,9.959,204.08675,NA,NA,FALSE,TRUE,FALSE,TRUE,FALSE,TRUE
HILICPos_214,0.77908017874981506,1.3515763909079916,1538012.1901026831,1473823.93042632,1148227.0111622924,1991985.6287194367,3,3,3,11.726,204.08679,NA,NA,FALSE,FALSE,FALSE,FALSE,FALSE,FALSE
HILICPos_215,3.5811325610929385,15.99741194640771,3155845.324250898,460068.2992571162,1647565.566796309,7359902.106699268,3,3,3,10.695,204.08694,NA,NA,TRUE,FALSE,TRUE,FALSE,TRUE,FALSE
HILICPos_216,0.8577320279509554,1.1359860629655174,30491849.384010904,30555832.37098625,26208716.065295484,34710999.71575098,3,3,3,15.787,204.13463,NA,[M+H],FALSE,FALSE,FALSE,TRUE,FALSE,FALSE
HILICPos_217,1.1406987250199685,0.8995523200631441,1780397.4701266882,1756826.1078367792,2004009.3012912076,1580357.0012520782,3,3,3,11.892,205.08243,NA,NA,FALSE,FALSE,FALSE,FALSE,FALSE,FALSE
HILICPos_219,2.6985871659599683,0.24048262023766614,429781.2618003402,327321.8946053805,883306.6639197811,78715.2268758591,3,3,3,10.702,205.1295,NA,NA,FALSE,TRUE,TRUE,FALSE,FALSE,FALSE
HILICPos_221,1.2652696350697572,3.042575542408692,2954025.242208416,1669618.3536452122,2112517.4050224465,5079939.967957589,3,3,3,9.107,206.10271,NA,NA,TRUE,FALSE,TRUE,FALSE,TRUE,FALSE
HILICPos_223,3.1570897836832557,2.952904924944863,837389.8218502444,353329.30170850427,1115492.3286998575,1043347.8351423717,3,3,3,11.747,212.02252,NA,NA,TRUE,FALSE,TRUE,FALSE,TRUE,FALSE
HILICPos_226,1.3890459559485115,1.568261843097684,52035611.10917179,39447736,54794718.162124515,61864379.165390864,3,3,3,11.27,216.06335,51.45436:6985 53.59893:6032 62.06085:154214 62.98753:8127 63.89124:7075 68.48779:6294 72.22716:6674 85.27873:6367 96.01912:6285 99.47187:7084 120.86324:6839 136.23228:7290 142.99648:28534 160.0231:48185 171.96649:6981 173.02112:29357 173.62935:6840 195.88644:7543 198.05299:86614 209.03888:8132 216.06343:98963 216.08612:20121,[M+H],TRUE,FALSE,FALSE,FALSE,FALSE,FALSE
HILICPos_227,0.7651850096158266,0.22922485178010973,19022156.071640313,28613210.012398712,21894399.378476974,6558858.8240452465,3,3,3,11.063,217.12962,NA,NA,FALSE,TRUE,FALSE,TRUE,FALSE,TRUE
HILICPos_228,1.0204116797850078,0.8311511343515803,1514915.8658145266,1593774.32435051,1626305.9355087199,1324667.3375843498,3,3,3,12.932,219.00569,NA,[M+H],FALSE,TRUE,FALSE,FALSE,FALSE,FALSE
HILICPos_229,1.0597858338459625,0.10715669754427189,987383.7944514694,1366972.7463672033,1448698.351853472,146480.2851337331,3,3,3,10.515,219.04788,NA,NA,FALSE,TRUE,FALSE,FALSE,FALSE,FALSE
HILICPos_23,0.6282626653190052,0.6907014019192936,14209392.01030213,18382421.975892514,11548989.425592884,12696764.629420992,3,3,3,9.476,101.07127,NA,[M+H],FALSE,TRUE,FALSE,TRUE,FALSE,TRUE
HILICPos_230,1.033239891411201,1.4623137287864598,15484018.892507333,13288898.333333334,13730619.870907826,19432538.47328084,3,3,3,11.438,219.09801,NA,[M+H],TRUE,FALSE,FALSE,FALSE,FALSE,FALSE
HILICPos_231,0.9660376806723441,0.47574917203750355,1508772.073562002,1853690.1432091782,1790734.52663098,881891.5508458479,3,3,3,9.606,219.13409,NA,NA,FALSE,TRUE,FALSE,FALSE,FALSE,FALSE
HILICPos_233,0.279788303771697,2.592377825578082,2384364.84508895,1847310.8581392425,516855.9715378167,4788927.70558979,3,3,3,9.443,220.12927,NA,NA,TRUE,FALSE,FALSE,FALSE,FALSE,FALSE
HILICPos_234,0.6688977657555587,0.2611074097543591,4104190.1024799407,6379553,4267268.748219172,1665748.559220651,3,3,3,9.489,221.0587,NA,NA,FALSE,TRUE,FALSE,TRUE,FALSE,TRUE
HILICPos_235,1.0592080035214038,0.4801043061760339,1781581.7185156606,2104800.238685022,2229421.2586289365,1010523.658233023,3,3,3,13.415,225.01591,NA,NA,FALSE,TRUE,FALSE,FALSE,FALSE,FALSE
HILICPos_236,4.461646776622468,0.3012636749618076,1145385.4494705717,596253.6425439485,2660273.142305613,179629.56356215393,3,3,3,10.785,225.0538,NA,NA,FALSE,TRUE,TRUE,FALSE,FALSE,FALSE
HILICPos_237,1.0247347656751684,1.3119447994493068,9315636.536817983,8375664.808380059,8582834.914789094,10988409.887284793,3,3,3,11.442,226.0378,NA,NA,TRUE,FALSE,FALSE,FALSE,FALSE,FALSE
HILICPos_240,1.0474502360561857,0.9152659859452607,12165499.754540587,12318594.333333334,12903114.542330392,11274790.387958035,3,3,3,6.896,228.09781,NA,[M+H],FALSE,FALSE,FALSE,FALSE,FALSE,FALSE
HILICPos_243,0.9012996679326326,1.4645525005849611,14682431.123750024,13086520.490485359,11794876.572468046,19165896.308296666,3,3,3,15.472,232.16599,NA,[M+H],TRUE,FALSE,FALSE,FALSE,FALSE,FALSE
HILICPos_245,0.584562745326296,0.630814115939165,2937061.8324154834,3977285.1523841186,2324972.7276231763,2508927.617239155,3,3,3,12.135,233.11366,NA,[M+H],FALSE,FALSE,FALSE,TRUE,FALSE,FALSE
HILICPos_246,0.8122568697161424,0.1956570193022133,909894.1960786883,1359461.9785067441,1104232.3311600017,265988.2785693191,3,3,3,12.184,235.09264,NA,NA,FALSE,TRUE,FALSE,TRUE,FALSE,TRUE
HILICPos_247,1.1937362290923443,0.11339993578413729,832873.7121086057,1082996.8227989643,1292812.5433670254,122811.77015982727,3,3,3,11.16,235.12895,NA,NA,FALSE,TRUE,FALSE,FALSE,FALSE,FALSE
HILICPos_249,0.9877443372428514,0.6306957181348456,2815404.813626569,3225666.527493364,3186133.846365383,2034414.0670209609,3,3,3,11.148,237.05357,NA,NA,FALSE,TRUE,FALSE,FALSE,FALSE,FALSE
HILICPos_251,3.4086886516153334,128.79190120897516,1574809.317571791,35468.5212554991,120901.14589319703,4568058.285566676,3,3,3,9.048,239.06963,NA,NA,TRUE,FALSE,FALSE,FALSE,FALSE,FALSE
HILICPos_252,7.771745045528861,274.4332161512451,1536649.4177653599,16277.780706295734,126506.76155635915,4467163.711033424,3,3,3,9.922,240.05342,NA,NA,TRUE,FALSE,TRUE,FALSE,TRUE,FALSE
HILICPos_254,1.0104086934902032,1.2744322479116907,2296902.117311907,2097729.075732637,2119563.694707426,2673413.581495658,3,3,3,11.567,241.07964,NA,NA,TRUE,FALSE,FALSE,FALSE,FALSE,FALSE
HILICPos_259,0.773881216160004,1.204922193736887,128522689.29170674,129437231.94155547,100169042.47131547,155961793.46224928,3,3,3,16.897,246.18144,59.8577:7740 60.04855:6578 66.24175:7838 66.79006:7001 68.58829:6980 72.08154:109702 79.15811:6832 82.22945:6251 84.14558:6694 94.48946:7356 102.57862:6554 158.08133:78856 164.02925:7912 175.10805:168390 217.69942:60388 217.71303:22546 229.15498:320268 240.95132:7847 246.18152:1294612,[M+H],FALSE,FALSE,FALSE,FALSE,FALSE,FALSE
HILICPos_260,2.5672866764573588,6.028171136558999,18830418.561947428,5887291.339993303,15114364.617587596,35489599.72826138,3,3,3,13.214,246.18175,NA,NA,TRUE,FALSE,TRUE,FALSE,TRUE,FALSE
HILICPos_261,1.230105486167172,1.2599163338420087,15331475.581673274,13178836.442030849,16211359.008642001,16604231.29434697,3,3,3,9.782,247.05792,NA,[M+H],FALSE,FALSE,FALSE,FALSE,FALSE,FALSE
HILICPos_263,0.582067384840661,1.5126649849443956,3667626.0135315494,3555356.885790692,2069457.284687425,5378063.870116531,3,3,3,11.899,247.12938,NA,[M+H],FALSE,FALSE,FALSE,TRUE,FALSE,FALSE
HILICPos_264,1.212083648240664,0.13604728025572435,3300456.961685923,4216703.065786052,5110996.83552555,573670.983746167,3,3,3,14.215,248.0768,NA,[M+H],FALSE,TRUE,FALSE,FALSE,FALSE,FALSE
HILICPos_265,0.9768756851143415,1.435322841556968,1866129.4196833102,1640698.2815596333,1602758.2578644897,2354931.7196258074,3,3,3,12.968,248.12457,NA,[M+H],FALSE,FALSE,FALSE,FALSE,FALSE,FALSE
HILICPos_267,1.3734779370757202,8.313209375626696,3185249.084820353,894173,1228126.887428808,7433447.36703225,3,3,3,9.655,256.08145,NA,NA,FALSE,FALSE,FALSE,FALSE,FALSE,FALSE
HILICPos_268,0.5754527956160504,1.4102079343500349,6049289.94461944,6078342.944901333,3497799.4403565694,8571727.448600417,3,3,3,4.959,257.11319,NA,[M+H],FALSE,FALSE,FALSE,FALSE,FALSE,FALSE
HILICPos_269,0.7507267285697665,1.5129631427716563,13848893.266423387,12729971.730492238,9556730.032018047,19259978.036759876,3,3,3,7.254,258.18146,NA,NA,FALSE,FALSE,FALSE,FALSE,FALSE,FALSE
HILICPos_270,0.5036519482377797,0.014615408743820255,2886846.710881908,5704226,2872944.5380885974,83369.59455712684,3,3,3,7.348,259.10388,NA,[M+H],FALSE,TRUE,FALSE,TRUE,FALSE,TRUE
HILICPos_271,5.7209144517690875,15.199637603735573,2411650.8620659593,330053.39317542623,1888207.2268727205,5016691.966149731,3,3,3,11.261,260.02756,NA,NA,TRUE,FALSE,TRUE,FALSE,TRUE,FALSE
HILICPos_273,0.8979538640447122,0.9541405823107786,1217307.3534476853,1280435.1780880236,1149771.71582292,1221715.1664321122,3,3,3,10.498,260.16098,NA,NA,FALSE,FALSE,FALSE,FALSE,FALSE,FALSE
HILICPos_274,1.0618718203732858,0.5405023165579296,1173992.1911201207,1353370.5716556057,1437106.0725635723,731499.9291411843,3,3,3,13.448,261.03748,NA,[M+H],FALSE,TRUE,FALSE,FALSE,FALSE,FALSE
HILICPos_275,2.205726289212388,12.634531005641078,3914351.3608445413,741342.382509719,1635198.3824090334,9366513.317614872,3,3,3,10.422,261.10818,NA,NA,TRUE,FALSE,TRUE,FALSE,TRUE,FALSE
HILICPos_276,0.9163025451589417,0.008282892445003251,616785.3921389678,961431.0387386829,880961.7077910602,7963.429887160264,3,3,3,11.499,265.13995,NA,NA,FALSE,TRUE,FALSE,FALSE,FALSE,FALSE
HILICPos_282,0.8579925137197023,1.6643841375184885,4616819.605476524,3932134.5181983416,3373741.9795530057,6544582.3186782235,3,3,3,10.685,269.08688,NA,[M+H],TRUE,FALSE,FALSE,FALSE,FALSE,FALSE
HILICPos_283,0.7588095761247109,0.08590262731987731,4319475.647367693,7024633.391542653,5330359.0862679705,603434.4642924543,3,3,3,7.754,269.08801,NA,[M+H],FALSE,TRUE,FALSE,FALSE,FALSE,FALSE
HILICPos_284,0.8389934999840502,0.7687944843411312,87521974.24109128,100685302.7552461,84474314.55557765,77406305.4124501,3,3,3,4.478,269.10754,NA,NA,FALSE,FALSE,FALSE,FALSE,FALSE,FALSE
HILICPos_285,1.1374145540402927,1.7915895215141526,11252313.188909115,8591729.333333334,9772357.988108234,15392852.245285777,3,3,3,16.213,269.12549,NA,NA,TRUE,FALSE,FALSE,FALSE,FALSE,FALSE
HILICPos_286,0.8757499110150997,1.9087653927375583,11444324.689043688,9071960.690207038,7944768.767181296,17316244.609742727,3,3,3,11.812,270.10068,NA,[M+H],TRUE,FALSE,FALSE,FALSE,FALSE,FALSE
HILICPos_287,0.6454031614354485,1.0382842254308131,7321425.203944472,8184364.438020879,5282214.682638533,8497696.491174001,3,3,3,4.647,272.09201,NA,NA,FALSE,FALSE,FALSE,FALSE,FALSE,FALSE
HILICPos_288,1.0667293997549276,1.0014085857436734,1716222.6404272495,1678108.3333333333,1790087.4951404086,1680472.0928080063,3,3,3,12.964,273.03745,NA,[M+H],FALSE,FALSE,FALSE,FALSE,FALSE,FALSE
HILICPos_289,0.6556522535775974,1.0416918270882136,256541801.9518934,285327115.42893195,187075366.2377745,297222924.1889737,3,3,3,4.624,273.08887,55.01862:38328 56.27164:8560 57.03431:97135 61.02923:14027 61.31273:8377 69.03426:38134 71.01336:14115 71.5878:7482 73.02908:60856 73.34836:7902 73.42339:10216 78.24009:9897 79.94724:7705 85.02909:94182 87.04464:20581 94.74747:7822 97.02883:27424 103.03954:18462 108.03392:10737 115.03943:85399 123.97101:11489 133.04977:94267 140.05:27693 140.07693:10056 141.04701:14269753 151.04568:8494 217.12291:12388 217.13747:83429,[M+H],FALSE,FALSE,FALSE,FALSE,FALSE,FALSE
HILICPos_29,3.7243715890062914,14.892624419720088,4417789.850214185,675606.4763813459,2516209.5659833346,10061553.508277874,3,3,3,10.68,109.02882,NA,[M+H],TRUE,FALSE,TRUE,FALSE,TRUE,FALSE
HILICPos_292,0.6048682243948464,0.24396703120869875,1896773.4995199498,3077786.6666666665,1861655.3561327995,750878.4757603835,3,3,3,12.034,275.13553,NA,NA,FALSE,TRUE,FALSE,TRUE,FALSE,TRUE
HILICPos_295,0.6280084365701639,0.06629073972927409,7348300.585435067,13011221.43283693,8171156.829904128,862523.4935641455,3,3,3,11.09,276.11957,NA,NA,FALSE,TRUE,FALSE,FALSE,FALSE,FALSE
HILICPos_296,0.9460274890662607,0.23974819087606933,32608339.917741567,44755287.86000846,42339732.5966415,10729999.296574738,3,3,3,13.47,277.10297,51.34307:6216 56.10023:6904 60.11179:7189 63.31311:8086 63.98062:6689 66.47106:7299 67.98285:7580 70.13431:6872 82.92945:7986 83.65202:6803 84.04503:31483 86.73365:6741 89.70277:7467 101.77747:7162 102.05548:70279 104.25164:7870 106.64887:7118 130.05017:207404 148.06059:988380 162.10979:6944 184.37848:7053 214.07143:61777 217.04164:80080 217.0556:9826 258.13559:7467 259.09241:20531 260.07693:113604 271.66235:7099 277.10327:540167,[M+H],FALSE,TRUE,FALSE,FALSE,FALSE,FALSE
HILICPos_298,0.883242761338997,2.2824386217561994,1549234.858048358,1115712.9282633045,985445.3676208993,2546546.2782608704,3,3,3,12.743,278.06366,NA,NA,TRUE,FALSE,FALSE,FALSE,FALSE,FALSE
HILICPos_299,298.91106330550974,493.7397067273859,74405817.89161068,281254,84069932.19892783,138866267.4759042,3,3,3,5.625,278.1218,62.61651:8078 68.37255:6098 69.91776:7060 72.00241:7123 73.56844:7046 77.85472:6952 94.06564:135744 95.07175:8132 96.0449:51536 97.08445:149491 101.78806:8455 108.28168:7203 118.70706:6750 123.9807:6894 124.02675:9075 124.0397:20947 125.26546:7852 138.05502:719764 139.05843:10615 139.56197:6748 141.07382:772987 146.02617:7792 217.0305:44735 217.04633:42504,NA,TRUE,FALSE,TRUE,FALSE,TRUE,FALSE
HILICPos_30,0.9632122883002064,0.5880215475428826,2675381.5806609318,3145985.534223071,3030251.9253783515,1849907.2823813725,3,3,3,12.751,109.02893,NA,NA,FALSE,TRUE,FALSE,FALSE,FALSE,FALSE
HILICPos_300,0.8219794807303632,0.15966882471204144,3343191.92156206,5061228.946196418,4160226.3410520153,808120.4774377461,3,3,3,10.325,279.10095,NA,[M+H],FALSE,TRUE,FALSE,FALSE,FALSE,FALSE
HILICPos_302,3.9105159042444364,7.987188780988943,4992876.663523765,1161340.7467547597,4541441.460431598,9275847.783384938,3,3,3,12.748,283.01901,NA,NA,TRUE,FALSE,TRUE,FALSE,TRUE,FALSE
HILICPos_305,0.025587230246039774,6.045258335424081e-5,26057699.284807406,76218275.69362871,1950214.5691290149,4607.591664485596,3,3,3,9.598,285.15558,50.23877:7121 54.09203:5592 56.26893:6462 66.5152:5992 66.59449:6971 75.97484:7495 83.76398:6533 88.30085:7048 88.97884:8384 108.53132:7014 122.7859:6637 141.66174:7288 143.08165:30125 152.05659:9160 153.06017:11340 173.42421:8210 175.87663:7537 194.70381:6770 213.47113:6897 216.90717:34554,[M+H],FALSE,TRUE,FALSE,TRUE,FALSE,TRUE
HILICPos_307,0.6365147499629691,1.5378317451386159,1475193.4517326113,1394170.5362118029,887410.1102625942,2143999.7087234366,3,3,3,3.152,287.10486,NA,NA,FALSE,FALSE,FALSE,FALSE,FALSE,FALSE
HILICPos_308,0.6757364955515633,2.1907313167742544,863064.1412803984,669653.169124329,452509.0857390724,1467030.1689777938,3,3,3,9.189,288.08701,NA,NA,FALSE,FALSE,FALSE,FALSE,FALSE,FALSE
HILICPos_309,0.6407953394782693,1.9077250538999102,17669554.502241865,14938244.008867461,9572357.140871447,28498062.356986687,3,3,3,9.164,289.08395,55.05492:6942 58.53535:6099 62.04889:7050 69.03737:6938 71.02474:6771 78.89108:6833 85.87514:7100 87.71677:8659 90.54795:7087 98.21936:7344 105.31388:7087 107.44073:7724 131.03659:11773 134.40396:6807 139.01843:18088 157.02925:62649 157.04193:936354 163.33839:7573 167.08177:7258 171.94774:7055 193.22472:7400 205.44501:9075 216.84195:58566 216.85605:37702 218.36169:6972,[M+H],FALSE,FALSE,FALSE,FALSE,FALSE,FALSE
HILICPos_313,0.7576855735071036,0.0803088828241962,2160690.3030932443,3526708.6290445994,2672136.2501901085,283226.03004502435,3,3,3,13.077,291.11945,NA,[M+H],FALSE,TRUE,FALSE,TRUE,FALSE,TRUE
HILICPos_316,6.437714917575213,16.515411950259914,2582746.3826231607,323475.0598793019,2082440.218448517,5342323.869541663,3,3,3,11.216,294.04053,NA,NA,TRUE,FALSE,TRUE,FALSE,TRUE,FALSE
HILICPos_320,0.4701842978411346,1.5150647368073689,11759693.197185,11817801.189142305,5556544.554143,17904733.848269697,3,3,3,11.464,298.05267,NA,[M+H],FALSE,FALSE,FALSE,TRUE,FALSE,FALSE
HILICPos_321,1.114947425445779,0.6716328168397174,5829277.551599668,6275732.666666667,6997111.979485974,4214988.008646365,3,3,3,2.495,298.09744,NA,NA,FALSE,TRUE,FALSE,FALSE,FALSE,FALSE
HILICPos_322,0.671831040973621,0.03484517503163069,1416006.952415878,2489060.7939629024,1672228.3042547242,86731.75903000699,3,3,3,11.966,298.10159,NA,NA,FALSE,TRUE,FALSE,FALSE,FALSE,FALSE
HILICPos_324,0.92961494878354,0.4577339096920733,956355.9706934794,1201779.916619482,1117192.5756373068,550095.4198236493,3,3,3,12.265,300.98505,NA,NA,FALSE,TRUE,FALSE,FALSE,FALSE,FALSE
HILICPos_325,1.0152477124123271,0.46613580300901153,805703.041390963,974097.3570393306,988950.1134010743,454061.6537324842,3,3,3,11.44,304.01569,NA,[M+H],FALSE,TRUE,FALSE,FALSE,FALSE,FALSE
HILICPos_326,1.742929731472581,0.5375224223518439,1368038.7130816304,1251082.4565632578,2180548.8100678558,672484.8726137779,3,3,3,14.8,306.07581,NA,[M+H],FALSE,FALSE,FALSE,FALSE,FALSE,FALSE
HILICPos_327,4.898997203024766,15.660756187901072,27632376.500335623,3844994.32799157,18836616.458476793,60215518.7145385,3,3,3,10.638,307.04291,NA,NA,TRUE,FALSE,TRUE,FALSE,TRUE,FALSE
HILICPos_33,0.840577280007023,0.4043236003258656,123198346.26611148,164637575.77730045,138390605.63383335,66566857.38720064,3,3,3,8.264,112.05077,51.59501:6878 64.65118:7717 69.04552:51794 83.94164:6967 85.57964:7956 90.06509:6778 94.0406:21068 95.02456:188233 111.24319:6602 112.05096:2741754 112.07608:25018 112.09538:24570,NA,FALSE,TRUE,FALSE,FALSE,FALSE,FALSE
HILICPos_331,1.0021968790276992,4.216009705610432,2177443.9383405196,1050517.0142078367,1052824.873004591,4428989.927809131,3,3,3,10.854,313.05054,NA,[M+H],TRUE,FALSE,FALSE,FALSE,FALSE,FALSE
HILICPos_333,1.0447680674537057,4.393556520152547,28215945.888428878,13147494.587059708,13736082.511580426,57764260.5666465,3,3,3,10.658,314.14474,50.15146:7659 57.07542:6356 57.51115:7705 62.7075:6787 68.72012:9072 71.50298:7182 76.13398:6709 84.10434:7438 124.71284:6942 137.73947:6869 147.73892:8770 164.89183:6248 216.41714:10676 216.42868:61373 216.44409:37453 219.47479:13352 230.81294:6715 269.36945:6607,[M+H],TRUE,FALSE,FALSE,FALSE,FALSE,FALSE
HILICPos_335,1.1639649114786708,1.357441810668857,3559064.7772487816,3032082.1121267313,3529237.1872376516,4115875.0323819625,3,3,3,11.435,317.08325,NA,NA,FALSE,FALSE,TRUE,FALSE,FALSE,FALSE
HILICPos_337,1.022982407719606,1.3806684733268377,2823024.63563901,2488232.254981814,2545417.8231668803,3435423.8287683357,3,3,3,12.129,318.06,NA,[M+H],TRUE,FALSE,FALSE,FALSE,FALSE,FALSE
HILICPos_340,1.1051732617905734,0.1908897766372251,36981342.37725226,48319242.666666664,53401135.025170244,9223649.439919876,3,3,3,3.685,321.16599,NA,NA,FALSE,TRUE,FALSE,FALSE,FALSE,FALSE
HILICPos_341,0.9985972817460668,1.1232323253175456,2294874.567377146,2205316.9354771744,2202223.4971560724,2477083.2694981904,3,3,3,9.221,322.16559,NA,[M+H],FALSE,FALSE,FALSE,FALSE,FALSE,FALSE
HILICPos_343,2.0340295288463555,0.4833786471113497,1991959.4877153684,1698943.7006465755,3455701.654962638,821233.1075368916,3,3,3,12.635,324.05966,NA,[M+H],FALSE,FALSE,FALSE,FALSE,FALSE,FALSE
HILICPos_344,1.4619059088350228,0.5872957609369318,4390533.334123,4319688.045872703,6314977.478585318,2536934.4779109773,3,3,3,12.182,325.0437,NA,[M+H],FALSE,FALSE,FALSE,FALSE,FALSE,FALSE
HILICPos_348,0.6549946442626526,0.970612084792979,2655115.9849670865,3033717.0707077696,1987068.4335217723,2944562.4506717175,3,3,3,11.88,335.06396,NA,NA,FALSE,FALSE,FALSE,FALSE,FALSE,FALSE
HILICPos_351,0.7650380317889061,1.010657594661892,2030823.0265406277,2194934.135271938,1679208.090754728,2218326.853595217,3,3,3,9.894,344.09109,NA,NA,FALSE,FALSE,FALSE,TRUE,FALSE,FALSE
HILICPos_352,1.1280958062129118,0.5147691378494071,1496921.3471818415,1699203,1916863.7782043985,874697.2633411261,3,3,3,6.94,344.13916,NA,NA,FALSE,TRUE,FALSE,FALSE,FALSE,FALSE
HILICPos_353,0.8751099899914571,1.2562044670083403,50549730.09959375,48429882.20482995,42381473.731556185,60837834.36239512,3,3,3,10.394,346.19714,68.25227:7265 91.07076:7842 104.00304:6885 120.93548:9213 135.26123:6853 148.87355:7295 158.08145:63037 192.77345:6817 227.16032:10822 246.18144:32703 252.60605:8910 328.18677:33696,[M+H],TRUE,FALSE,FALSE,TRUE,FALSE,FALSE
HILICPos_355,2.8391121358368294,2.520096444959809,7929440.614877762,3740767.6666666665,10620458.879779352,9427095.298187267,3,3,3,11.036,348.07071,NA,[M+H],FALSE,FALSE,FALSE,FALSE,FALSE,FALSE
HILICPos_357,1.0822230654019525,1.1838924268040067,11985439.986896563,11008894.218986886,11914079.248357821,13033346.493344985,3,3,3,10.663,358.13437,NA,NA,TRUE,FALSE,FALSE,FALSE,FALSE,FALSE
HILICPos_358,1.0257886347150262,0.5716779647626118,911473.0748212377,1052725.4614221477,1079873.8138019708,601819.9492395947,3,3,3,11.38,359.14868,NA,NA,FALSE,TRUE,FALSE,FALSE,FALSE,FALSE
HILICPos_359,3.775849051383464,9.145059125711436,1680062.6858393268,362058.85373275966,1367079.579411825,3311049.624373396,3,3,3,12.785,360.9964,NA,NA,TRUE,FALSE,TRUE,FALSE,TRUE,FALSE
HILICPos_360,1.2858378130217563,4.64531461518374,8020336.912332984,3471430.0379667804,4463696.008077237,16125884.690954933,3,3,3,10.688,361.15363,NA,NA,TRUE,FALSE,FALSE,FALSE,FALSE,FALSE
HILICPos_361,5.095252501970549,24.991424780507376,5018309.7832705835,484288.7907578818,2467573.6727853892,12103066.88626848,3,3,3,10.615,364.09091,NA,NA,TRUE,FALSE,TRUE,FALSE,TRUE,FALSE
HILICPos_363,4.859440518522207,18.223910695058525,4677600.58083676,582676.4563644741,2831481.581246462,10618643.704899343,3,3,3,10.678,369.04654,NA,NA,TRUE,FALSE,TRUE,FALSE,TRUE,FALSE
HILICPos_364,1.024581793912593,4.983785218685112,2360093.6377437986,1010261.1493525414,1035095.180723825,5034924.5831550285,3,3,3,10.64,372.15039,NA,NA,TRUE,FALSE,FALSE,FALSE,FALSE,FALSE
HILICPos_365,1.1001505957146973,24.67244331124621,592591.2601810729,66402.74703008868,73053.02170224441,1638318.0118108855,3,3,3,10.022,373.1644,NA,NA,TRUE,FALSE,FALSE,FALSE,FALSE,FALSE
HILICPos_367,6.200242820559225,1.8233356471660755,1261720.073370627,419474.4062624702,2600843.1758372243,764842.6380121864,3,3,3,10.586,383.11606,NA,NA,TRUE,FALSE,TRUE,FALSE,TRUE,FALSE
HILICPos_368,0.9512693228938638,1.301098458369535,4544703.059695904,4192056.4019950633,3987774.655058731,5454278.122033917,3,3,3,4.881,386.04272,NA,NA,FALSE,FALSE,FALSE,FALSE,FALSE,FALSE
HILICPos_369,0.52345941886153,46.14021852917903,386587.2205092596,24332.18986566806,12736.913966711014,1122692.5576953997,3,3,3,9.756,389.091,NA,NA,TRUE,FALSE,FALSE,FALSE,FALSE,FALSE
HILICPos_370,1.0257350277851771,0.23455186518458376,2412686.736728247,3202275,3284685.636100778,751099.574083963,3,3,3,12.833,391.18283,NA,[M+H],FALSE,TRUE,FALSE,FALSE,FALSE,FALSE
HILICPos_371,1.0353751437521064,0.8943865677839158,1946460.913054112,1993125.4873628789,2063632.5879943278,1782624.6638051297,3,3,3,11.342,398.04135,NA,NA,FALSE,FALSE,FALSE,FALSE,FALSE,FALSE
HILICPos_372,1.1196527465756267,1.1285140749321063,2399926.4506218536,2216566.989168238,2481785.317391085,2501427.0453062383,3,3,3,8.339,398.13959,NA,NA,FALSE,FALSE,FALSE,FALSE,FALSE,FALSE
HILICPos_373,1.863869173374887,6.143613665169166,899350.9305870654,299534.6025213524,558293.3119986485,1840224.8772411952,3,3,3,10.638,399.16061,NA,NA,TRUE,FALSE,TRUE,FALSE,TRUE,FALSE
HILICPos_374,1553.6672661915304,1801.9056590577593,4639856.359144484,4146.958635316901,6442993.8859421685,7472428.232855966,3,3,3,5.256,405.15179,NA,NA,TRUE,FALSE,TRUE,FALSE,TRUE,FALSE
HILICPos_375,6858.443160773856,18815.872250448938,1635070.7601355931,191.047790527344,1310290.4123232188,3594730.8202930335,1,3,3,5.335,410.13675,NA,NA,TRUE,FALSE,TRUE,FALSE,TRUE,FALSE
HILICPos_376,14.75283442723011,3572.922869689885,367026.59740807547,306.82064444023473,4526.474166282824,1096246.4974135032,3,3,3,9.843,412.05704,NA,NA,TRUE,FALSE,TRUE,FALSE,TRUE,FALSE
HILICPos_378,4.3634001951602,0.09156972082912769,643411.3498906107,353848.7066654628,1543983.515721265,32401.827285104322,3,3,3,10.743,415.15567,NA,NA,FALSE,TRUE,TRUE,FALSE,FALSE,FALSE
HILICPos_379,0.5350307514267834,0.5820979415682831,1275435.647570724,1807309.5676102522,966966.1960193281,1052031.1790825916,3,3,3,13.092,427.0961,NA,[M+H],FALSE,FALSE,FALSE,FALSE,FALSE,FALSE
HILICPos_380,1.6877827185079501,1.838576191137826,2465648.015210253,1634193,2758162.7041066624,3004588.341524097,3,3,3,12.734,428.03729,NA,[M+H],FALSE,FALSE,FALSE,FALSE,FALSE,FALSE
HILICPos_381,0.9276748250126372,1.244318730444843,4269953.516353767,4038425.780223189,3746345.9289950696,5025088.839843043,3,3,3,4.803,431.10077,NA,NA,FALSE,FALSE,FALSE,FALSE,FALSE,FALSE
HILICPos_383,1.828682150114998,2.6046192901054295,2503963.531532625,1382564.6666666667,2528271.3273130255,3601054.600618183,3,3,3,12.602,433.02252,NA,[M+H],FALSE,FALSE,FALSE,FALSE,FALSE,FALSE
HILICPos_384,3.7806852141651395,0.03750659315356737,551624.9662733191,343463.8895666722,1298528.848884366,12882.160368918969,3,3,3,10.82,437.13922,NA,[M+H],FALSE,TRUE,TRUE,FALSE,FALSE,FALSE
HILICPos_386,19.31261740509759,20588.28499255467,6296336.2223623395,916.559633245413,17701.16552582523,18870390.941927947,3,3,3,4.272,452.85101,NA,NA,TRUE,FALSE,TRUE,FALSE,TRUE,FALSE
HILICPos_388,2.9336786606803797,39.673077139884036,488463.49769756675,33604.666666666664,98585.29349927726,1333200.5329267562,3,3,3,9.902,457.11517,NA,NA,TRUE,FALSE,TRUE,FALSE,TRUE,FALSE
HILICPos_389,0.6221247161337085,0.3498769931916467,3497286.6298929336,5320411.153836265,3309959.278795003,1861489.4570475323,3,3,3,4.729,479.19196,NA,NA,FALSE,TRUE,FALSE,FALSE,FALSE,FALSE
HILICPos_390,0.8590238185810154,0.6323883470283841,9843804.212713452,11853282.666666666,10182252.13904016,7495877.83243353,3,3,3,12.804,484.11707,NA,[M+H],FALSE,FALSE,FALSE,FALSE,FALSE,FALSE
HILICPos_391,0.4748676210700319,0.6554049930577756,1063787.8444991608,1498101,711399.6579926359,981862.8755048466,3,3,3,4.704,484.17746,NA,NA,FALSE,FALSE,FALSE,FALSE,FALSE,FALSE
HILICPos_393,0.5074778174229305,0.4883806936427067,446351.57979415124,670916.6666666666,340475.32567266776,327662.7470431193,3,3,3,11.666,488.2023,NA,[M+H],FALSE,FALSE,FALSE,TRUE,FALSE,FALSE
HILICPos_394,1.305869982222304,0.7259238508741899,802779.8425330227,794361.2462392712,1037332.5065045645,576645.7748552323,3,3,3,11.529,501.21399,NA,[M+H],FALSE,TRUE,TRUE,FALSE,FALSE,FALSE
HILICPos_395,1.2388211521007708,3.0045259775417517,1818433.860383433,1040423.5016807341,1288898.6410248452,3125979.43844472,3,3,3,10.581,502.15753,NA,NA,TRUE,FALSE,FALSE,FALSE,FALSE,FALSE
HILICPos_396,1.1904926999557086,0.6719310729835684,6711405.3878696915,7033974.61757882,8373895.433901333,4726346.112128922,3,3,3,11.509,502.21771,NA,[M+H],FALSE,TRUE,FALSE,FALSE,FALSE,FALSE
HILICPos_398,0.8557635356412082,1.0479922920733407,3314953.288643367,3424826.485413333,2930841.6221149666,3589191.7584018023,3,3,3,4.641,518.08496,NA,NA,FALSE,FALSE,FALSE,FALSE,FALSE,FALSE
HILICPos_400,0.017729709158921084,5.093566222337564e-4,832013.5493157874,2451330.6666666665,43461.379772344124,1248.6015083513555,3,3,1,9.508,535.13733,NA,NA,FALSE,TRUE,FALSE,TRUE,FALSE,TRUE
HILICPos_401,1.3726629460109696,2.5914103506021413,592391.953659781,358007.57861328823,491423.73755357,927744.544812485,3,3,3,11.524,546.18164,NA,NA,TRUE,FALSE,TRUE,FALSE,TRUE,FALSE
HILICPos_403,5.046328920166073,15.781136668728081,34623845.28155447,4758753.847149042,24014237.162819773,75098544.83469458,3,3,3,10.664,559.14832,50.36499:6817 57.5578:6423 79.51517:6651 79.77022:7279 81.98986:6383 83.58903:7812 87.497:6287 100.76665:7479 119.85477:7333 141.96634:6638 149.67766:9570 151.66759:6081 154.86897:7408 184.09758:7269 213.65947:8020 220.927:7040 227.1662:8108 227.17993:11614 291.06873:408519 317.38837:7791 388.48486:6838 397.0831:95415 398.29211:7841,NA,TRUE,FALSE,TRUE,FALSE,TRUE,FALSE
HILICPos_404,0.8869624223536375,0.8970684348463094,4857728.803006027,5234563.536294687,4642861.154115958,4695761.718607437,3,3,3,4.597,563.14227,NA,NA,FALSE,FALSE,FALSE,FALSE,FALSE,FALSE
HILICPos_405,1.3496081233680333,3.107660668549104,892754.4458556203,490769.9143450084,662347.0631046572,1525146.3601171954,3,3,3,10.623,581.13049,NA,NA,TRUE,FALSE,FALSE,FALSE,FALSE,FALSE
HILICPos_406,0.7661316637833911,1.003554136310515,2515573.4636667436,2724756.862581438,2087522.50853473,2734441.0198840634,3,3,3,13.129,584.08923,NA,NA,FALSE,FALSE,FALSE,FALSE,FALSE,FALSE
HILICPos_407,0.7775038117852167,0.6976259390679231,818996.3731413987,992670.8361762889,771805.358975083,692512.9242728241,3,3,3,13.127,589.04565,NA,NA,FALSE,FALSE,FALSE,FALSE,FALSE,FALSE
HILICPos_409,0.8411038806206852,0.5304762955082412,1703113.6137996335,2154403.5883023595,1812077.2185442436,1142860.0345522976,3,3,3,15.449,598.06842,NA,NA,FALSE,TRUE,FALSE,FALSE,FALSE,FALSE
HILICPos_41,0.7956388521577173,0.5418360018205334,1625703.0218275604,2086486.2170312188,1660089.4987616169,1130533.3496898452,3,3,3,11.741,116.07092,NA,NA,FALSE,TRUE,FALSE,TRUE,FALSE,TRUE
HILICPos_410,1.0589554554454017,0.5904319263838758,1934726.9106358604,2190763.3333333335,2319920.7834230866,1293496.615151161,3,3,3,12.054,608.0899,NA,[M+H],FALSE,TRUE,FALSE,FALSE,FALSE,FALSE
HILICPos_414,6.0843042059700005,21.801660163600623,1594328.5805764832,165581.65344716675,1007449.1505000637,3609954.937782219,3,3,3,10.673,637.12537,NA,NA,TRUE,FALSE,TRUE,FALSE,TRUE,FALSE
HILICPos_416,0.8101089355470958,0.007205536178143835,753242.5214789793,1243443.3333333333,1007324.5551797993,8959.675923805096,3,3,3,10.566,648.27258,NA,NA,FALSE,TRUE,FALSE,FALSE,FALSE,FALSE
HILICPos_417,1.032402022885068,9.45258011998508,3115205.6980690043,813725,840091.336072152,7691800.758134861,3,3,3,2.306,654.26733,NA,NA,TRUE,FALSE,FALSE,FALSE,FALSE,FALSE
HILICPos_418,0.9767597552935365,0.5522866903456923,13676502.371523269,16223311.036978364,15846277.318529917,8959918.759061523,3,3,3,11.096,664.11786,NA,[M+H],FALSE,FALSE,FALSE,FALSE,FALSE,FALSE
HILICPos_43,0.9308293117730716,1.3013999689379208,5122476.828231909,4754437,4425569.320578427,6187424.164117301,3,3,3,4.72,119.03542,NA,[M+H],FALSE,FALSE,FALSE,FALSE,FALSE,FALSE
HILICPos_44,62.32900497388927,139.05145026963942,244300996.4246168,3621411.9016183293,225719000.42847064,503562576.94376147,3,3,3,5.651,119.06073,NA,NA,TRUE,FALSE,TRUE,FALSE,TRUE,FALSE
HILICPos_48,1.4722831954046216,1.9859511813459092,5126765.44520053,3449862.6666666665,5079174.830587109,6851258.838347815,3,3,3,2.687,123.05561,NA,NA,TRUE,FALSE,FALSE,FALSE,FALSE,FALSE
HILICPos_5,3.55368491088147,0.5390550946638034,11885037.101825604,7001164.651376949,24879933.18019499,3774013.4739048756,3,3,3,10.524,85.02907,NA,NA,FALSE,TRUE,TRUE,FALSE,FALSE,FALSE
HILICPos_52,4.203322523703063,3.418324645596149,2844340.22098288,989720.467027906,4160114.3312283116,3383185.864692422,3,3,3,13.456,127.03914,NA,NA,TRUE,FALSE,TRUE,FALSE,TRUE,FALSE
HILICPos_55,1.7380748123108631,0.9496202060514699,75899055.72028697,61745118.84173622,107317635.84196262,58634412.47716205,3,3,3,8.709,127.05047,NA,[M+H],FALSE,FALSE,TRUE,FALSE,FALSE,FALSE
HILICPos_56,4.532339612410167,1.214235852342371,2615548.5760581074,1163056.0970034497,5271365.2199038975,1412224.411266975,3,3,3,13.614,128.07086,NA,NA,TRUE,FALSE,TRUE,FALSE,TRUE,FALSE
HILICPos_6,4.041893693672532,3.199459174482615,22498529.668953538,8189867.620844842,33102574.288705632,26203147.097310137,3,3,3,11.493,86.04909,NA,NA,TRUE,FALSE,TRUE,FALSE,TRUE,FALSE
HILICPos_61,31.383702454377456,644.6922817194463,35653898.502943404,157975.91113698433,4957868.99008229,101845850.60761093,3,3,3,9.224,130.05002,NA,NA,TRUE,FALSE,TRUE,FALSE,TRUE,FALSE
HILICPos_63,0.8702936741136367,0.8642957560694053,47982427.711587615,52639449.83694595,45811780.201916166,45496053.09590074,3,3,3,8.696,130.08624,NA,[M+H],FALSE,TRUE,FALSE,FALSE,FALSE,FALSE
HILICPos_65,3.289788274204237,1.5962010941273754,35194114.92800932,17937909.530060083,59011924.435728095,28632510.81823978,3,3,3,10.847,131.04723,NA,NA,TRUE,FALSE,TRUE,FALSE,TRUE,FALSE
HILICPos_66,1.5671036853200258,2.1561111510835933,36661961.141655445,23286233.47328247,36491942.2932035,50207707.65848037,3,3,3,10.68,131.08157,50.48769:7830 51.71355:7290 56.05029:17515 58.91386:6163 64.98503:7135 69.20801:7955 70.84749:7070 71.10851:7757 85.04838:32644 87.09184:7308 88.03979:54538 90.09663:6481 101.32805:6270 102.05543:9218 104.28409:7134 120.79328:6991 122.97143:6889 124.03101:7116 125.2604:8156,NA,TRUE,FALSE,TRUE,FALSE,TRUE,FALSE
HILICPos_70,0.8322932470300457,0.6349542242163573,5245311.92545523,6377931.666666667,5308309.456185752,4049694.653513272,3,3,3,6.93,133.03185,NA,[M+H],FALSE,TRUE,FALSE,TRUE,FALSE,TRUE
HILICPos_73,3.828475380596428,7.488370025076761,4856611.260339646,1182919.2704089647,4528777.30399381,8858137.206616163,3,3,3,10.655,134.08121,NA,NA,TRUE,FALSE,TRUE,FALSE,TRUE,FALSE
HILICPos_74,0.9892668630300301,1.3614720839996353,1874603.6470590024,1678379.3157513377,1660365.0406678142,2285066.5847578556,3,3,3,9.184,135.03014,NA,[M+H],FALSE,FALSE,FALSE,FALSE,FALSE,FALSE
HILICPos_78,0.7659714777473745,0.09938195606818985,15288040.578222347,24587362.857478637,18833218.66185382,2443540.215334585,3,3,3,7.718,137.04605,68.95043:7337 94.04054:11805 110.03529:14182 116.51958:8000 119.03529:16016 137.04593:2009157 137.10706:7671,NA,FALSE,TRUE,FALSE,FALSE,FALSE,FALSE
HILICPos_8,3.7551976445821618,4.563110070239784,9947264.010533571,3202490.510603505,12025984.822215008,14613316.698782202,3,3,3,7.066,86.09693,NA,NA,TRUE,FALSE,TRUE,FALSE,TRUE,FALSE
HILICPos_89,4940.887162711572,10603.239585136655,6458842647.239027,1246469.6014395123,6158665652.462696,13216615819.652946,3,3,3,5.766,139.05225,51.5406:14041 52.5068:13416 55.02442:14003 64.78721:13524 73.98441:15938 78.03455:14686 79.03786:37187 85.52947:12081 89.99308:13050 94.06123:32480 94.06184:23130 94.0656:166049 95.06273:37546 95.06901:911615 96.0414:16630 96.04489:450461 97.04195:63849 97.04826:1093771 107.0324:24757 111.06358:36435 114.68067:17770 124.03951:120309 125.03739:29495 125.04285:782365 138.63229:28337 138.93639:16749 139.05289:2420966 139.0583:41641180 139.1225:75931 139.17802:18300,NA,TRUE,FALSE,TRUE,FALSE,TRUE,FALSE
HILICPos_9,1.3020044279927383,1.5486159827869477,3159368.339420245,2461448.807503095,3204817.246646475,3811838.9641111656,3,3,3,10.714,88.03983,NA,NA,TRUE,FALSE,TRUE,FALSE,TRUE,FALSE
HILICPos_90,3.8446578283674473,4.627717138488045,2816633.387431288,892057.1864881469,3429654.645383094,4128188.330422623,3,3,3,12.034,140.01076,NA,NA,TRUE,FALSE,TRUE,FALSE,TRUE,FALSE
HILICPos_91,1.0957036502459176,0.7009142464830035,1502082.7058887042,1611320.6323026358,1765529.8985305582,1129397.5868329187,3,3,3,9.867,140.0108,NA,NA,FALSE,FALSE,FALSE,FALSE,FALSE,FALSE
HILICPos_92,1.086852316908123,1.840756885221119,75539591.896639,57698911.482095025,62710195.62739168,106209668.5804303,3,3,3,4.746,141.04686,53.77457:6850 59.34272:9482 60.73433:7942 84.12716:7883 85.07664:9699 112.08717:19833 123.0239:11434 141.04706:2708402 141.11362:26766,[M+H],FALSE,FALSE,FALSE,FALSE,FALSE,FALSE
HILICPos_93,2.1590859860003326,0.5472164763524484,9202609.588307422,7448887.144358063,16082787.84468153,4076153.775882671,3,3,3,8.016,141.06578,53.48712:6576 55.68821:6196 57.41047:6865 59.60603:6457 63.21587:6434 76.0934:7147 78.33517:6424 81.04565:9029 94.67507:6658 95.06089:9464 111.05565:51412 123.05558:54688 124.33475:7917 141.04697:14542 141.06598:103314 141.07396:26167,[M+H],FALSE,TRUE,TRUE,FALSE,FALSE,FALSE
HILICPos_95,0.721608832113016,0.02098107631918988,67226054.83206265,115734725.3764577,83515200.01382628,2428239.1059039407,3,3,3,10.263,142.0975,NA,NA,FALSE,TRUE,FALSE,FALSE,FALSE,FALSE
HILICPos_96,0.5244227339154479,0.11728118130263582,14508731.14809602,26512815.76465391,13903923.327096391,3109454.3525377563,3,3,3,9.536,142.63747,NA,NA,FALSE,TRUE,FALSE,TRUE,FALSE,TRUE
HILICPos_97,1.9648855305734743,0.7445375653834473,3507732.4839109387,2836882.496149483,5574149.3686212795,2112165.586962053,3,3,3,9.612,142.9214,NA,NA,FALSE,FALSE,TRUE,FALSE,FALSE,FALSE
HILICPos_98,0.468909342792516,0.14170309596485198,7521013.663643353,14008982.203277946,6568942.638131115,1985116.1495209984,3,3,3,9.556,142.95486,NA,NA,FALSE,TRUE,FALSE,TRUE,FALSE,TRUE
Homarine,7922.0784414024865,16989.09088785566,81748430810.34373,9844397.29795038,77988087602.69359,167247360431.03967,3,3,3,5.474,138.05492,58.51296:7626 59.28382:8368 60.35322:8589 64.58856:9820 67.05493:36585 68.64355:9701 78.03449:84849 82.68173:9827 85.01418:8704 92.04998:22559 93.05785:38234 94.06568:1676143 96.04493:2466386 106.02911:21543 110.06056:43380 114.75317:9923 119.06052:15070 124.03958:800661 124.70473:8769 125.08816:9725 129.09007:8500 135.14133:10284 136.17903:9246 138.05504:12725008,[M+H],TRUE,FALSE,TRUE,FALSE,TRUE,FALSE
Hydroxyproline,0.7551980420572545,1.7950304834424484,618231.7174391473,522415.7090159117,394527.32058876887,937752.1227127614,3,3,3,10.611515151515151,132.066069,NA,NA,TRUE,FALSE,FALSE,TRUE,FALSE,FALSE
Hypoxanthine,0.5778250795990455,0.831614308225877,145727529.40160254,181445771.33333334,104843917.26359355,150892899.60788068,3,3,3,6.5,137.04578,54.02885:6558 64.66826:7173 66.43812:6702 66.65882:8369 68.56494:9059 68.66737:7976 82.74854:9186 94.04059:36141 100.44202:6770 100.46313:7300 105.00483:7799 110.03547:50413 119.03539:36571 137.04591:5445454,[M+H],FALSE,FALSE,FALSE,FALSE,FALSE,FALSE
Inosine,0.770823202607393,0.04534157727950977,5196832.615905553,8584296.986910801,6616975.295583578,389225.565222279,3,3,2,7.668888888888889,267.072946,NA,NA,FALSE,FALSE,FALSE,FALSE,FALSE,FALSE
L-Alanine,0.8935347202652554,0.2776366586294596,99887372.31092785,138018638.16265553,123324445.24205992,38319033.528068095,3,3,3,10.64,90.055504,NA,NA,FALSE,TRUE,FALSE,FALSE,FALSE,FALSE
L-Arginine,0.9434509930687857,0.4777983982166141,60251445.25266256,74653332.45247748,70431760.63818409,35669242.667326115,3,3,3,18.943,175.11891,NA,[M+H],FALSE,TRUE,FALSE,FALSE,FALSE,FALSE
L-Arginosuccinic acid,0.7019427695046285,0.14130287927340074,709671.0321094252,1155034.9231746155,810768.4128477555,163209.7603059044,3,3,3,13.131388888888887,291.13046,NA,NA,FALSE,TRUE,FALSE,TRUE,FALSE,TRUE
L-Aspartic acid,0.7038476910090904,0.33887929840204317,32548850.888059467,47802057.333333336,33645367.67955083,16199127.651294244,3,3,3,11.692564102564102,134.045334,NA,NA,FALSE,TRUE,FALSE,TRUE,FALSE,TRUE
L-Cystathionine,0.6406950128727024,NA,128490.41562787707,156629.2511646055,100351.58009114864,NA,3,3,0,12.431612903225806,223.075255,NA,NA,FALSE,FALSE,FALSE,TRUE,FALSE,FALSE
L-Cysteic acid,0.334593322936323,0.7193886082378391,186719.0532151038,272717.6666666667,91249.51031344049,196189.98266520427,3,3,3,12.147941176470589,167.996671,NA,NA,FALSE,FALSE,FALSE,TRUE,FALSE,FALSE
L-Cystine,0.386225081136222,0.8205298531880205,2382164.489763837,3238462.6666666665,1250775.5061899591,2657255.2964348854,3,3,3,11.824,241.03157,NA,NA,FALSE,FALSE,FALSE,FALSE,FALSE,FALSE
L-Glutamic acid,4.0487662884759885,1.9484358194675047,2650535172.0272818,1136397862.09046,4601009354.32804,2214198299.663346,3,3,3,11.406,148.06021,50.46403:6206 56.05021:6984 68.34272:8490 71.61841:6553 83.66648:6774 84.04497:687480 85.02908:11960 87.74522:7243 88.05194:8050 95.3434:7688 102.05537:270969 112.01446:7803 119.00541:6493 130.04999:278650 148.06039:90720,[M+H],TRUE,FALSE,TRUE,FALSE,TRUE,FALSE
L-Glutamine,3.415454047761919,0.34711709018478026,1093633382.3242018,688892627.9402745,2352881114.571956,239126404.46037453,3,3,3,10.754102564102563,147.076968,NA,NA,FALSE,TRUE,TRUE,FALSE,FALSE,FALSE
L-Histidine,0.7529604503592332,0.22927259733405303,13232946.580979433,20027332.199478574,15079789.07241336,4591718.471046366,3,3,3,10.529,156.07709,NA,NA,FALSE,TRUE,FALSE,TRUE,FALSE,TRUE
L-Homoserine,4.177091282692796,2.8409723782264016,43959748.322108805,16447767.259459207,68703825.23924704,46727652.467620164,3,3,3,10.798,120.0659,NA,NA,TRUE,FALSE,TRUE,FALSE,TRUE,FALSE
L-Isoleucine,0.9148087413213798,0.8455896054024477,48229428.65853351,52415726.93568792,47950365.18348181,44322193.8564308,3,3,3,6.646,132.1019,NA,[M+H],FALSE,FALSE,FALSE,FALSE,FALSE,FALSE
L-Lysine,0.9255758272765456,0.8929667475088829,19575126.19911857,20835370.422540586,19284715.215456273,18605292.95935885,3,3,3,18.146,147.1127,NA,[M+H],FALSE,FALSE,FALSE,FALSE,FALSE,FALSE
L-Methionine,0.8284157897839199,0.6384803902053608,23076278.806176618,28063133.333333332,23247942.764144782,17917760.321051735,3,3,3,6.917368421052632,150.058876,NA,NA,FALSE,TRUE,FALSE,TRUE,FALSE,TRUE
L-Methionine S-oxide,NA,NA,NA,NA,NA,NA,0,0,0,9.1659375,166.053791,NA,NA,FALSE,FALSE,FALSE,FALSE,FALSE,FALSE
L-Ornithine,1.0090825960662002,0.39693454250062127,4211291.368426727,5250949.339789711,5298641.591607101,2084283.1738833683,3,3,3,16.058,133.09723,NA,NA,FALSE,TRUE,FALSE,FALSE,FALSE,FALSE
L-Proline,1.0977788715426646,0.4868200011170383,56073211.028569475,65085392.888297826,71449369.15882656,31684871.038584027,3,3,3,9.046,116.07073,58.96291:6606 63.37515:7710 70.06582:957041 76.86774:7114 83.69028:6332 93.15038:7850 98.09678:11419 107.40535:7137 116.07088:417364 116.10722:19239 116.1436:9630,[M+H],FALSE,TRUE,FALSE,FALSE,FALSE,FALSE
L-Serine,0.831951992385768,0.5824418358272517,9239710.60246232,11480783.078336019,9551460.356170462,6686888.372880477,3,3,3,11.126153846153846,106.050419,NA,NA,FALSE,TRUE,FALSE,FALSE,FALSE,FALSE
L-Threonine,0.8017210648724657,0.38238835943337246,34679361.72607602,47634099.29028342,38189260.80724679,18214725.08069785,3,3,3,10.007,120.06568,NA,[M+H],FALSE,TRUE,FALSE,TRUE,FALSE,TRUE
L-Tyrosine,1.1894975300551909,1.4637812833555046,10865393.158635257,8922445.052988997,10613226.352583569,13060508.070333207,3,3,3,9.097,182.0815,NA,[M+H],TRUE,FALSE,TRUE,FALSE,TRUE,FALSE
Malic acid,1.1160836754318217,0.9133026899498985,86761060.0190776,85919440,95893284.38624388,78470455.6709889,3,3,3,12.687560975609756,133.0137,NA,NA,FALSE,FALSE,FALSE,FALSE,FALSE,FALSE
N-Acetyl-D-glucosamine,1.0320925059885602,0.48187628773785257,1893631.630731792,2259731.6666666665,2332252.118711706,1088911.1068170038,3,3,3,8.307567567567567,222.097764,NA,NA,FALSE,TRUE,FALSE,FALSE,FALSE,FALSE
N-Acetyl-L-glutamic acid,0.931481435506202,0.06572725665841145,85837647.1411774,128936421.33333333,120101882.83260581,8474637.257593077,3,3,3,11.25,188.055899,NA,NA,FALSE,TRUE,FALSE,TRUE,FALSE,TRUE
N-Acetylmuramic acid,0.9964618814254882,0.2099623662870928,1533906.627326286,2085600.6666666667,2078221.5642089192,437897.65110327164,3,3,3,7.090588235294118,294.118894,NA,NA,FALSE,TRUE,FALSE,FALSE,FALSE,FALSE
N6-Methyladenine,0.9714208145397522,0.6676833602440899,267282.446023571,303833.1513140776,295149.84733370104,202864.33942293437,3,3,3,3.42325,150.07797,NA,NA,FALSE,FALSE,FALSE,FALSE,FALSE,FALSE
NAD,0.9444841408387067,0.8422186694805709,6854025.151277059,7378639.508199061,6969007.996459927,6214427.949172188,3,3,3,11.105555555555556,662.101304,NA,NA,FALSE,FALSE,FALSE,FALSE,FALSE,FALSE
NADH,0.9590380288306681,1.2819934568731195,1180862.259409375,1093043,1048269.80414716,1401273.9740809652,1,1,1,10.895,664.116954,NA,NA,FALSE,FALSE,FALSE,FALSE,FALSE,FALSE
NADP,1.160891418736286,1.2976233967137285,99321.24419066957,86153.66666666667,100015.05232599974,111795.01357934233,3,3,1,13.618275862068966,742.067637,NA,NA,FALSE,FALSE,FALSE,FALSE,FALSE,FALSE
NADPH,0.694636701757801,0.18783536207313917,295422.7327461309,470800.1862374443,327035.08855493675,88432.9234460117,3,3,1,14.064761904761903,744.083287,NA,NA,FALSE,FALSE,FALSE,FALSE,FALSE,FALSE
Ophthalmic acid,0.5524384047821447,6.405785331730058,14562007.62980355,5489418.78688078,3032565.757805554,35164038.34472431,3,3,3,10.672,290.13483,NA,[M+H],TRUE,FALSE,FALSE,TRUE,FALSE,FALSE
Orotic acid,0.7910844519551178,0.012783095851251754,6858995.899319809,11407150,9024019.006119821,145818.69183960644,3,3,3,6.555,155.00897,NA,NA,FALSE,TRUE,FALSE,FALSE,FALSE,FALSE
Phosphoenolpyruvic acid,0.7889229253228865,0.6398057618450219,1365480.6522676218,1686661.0002369774,1330645.530334982,1079135.426230906,3,3,3,14.251470588235296,166.974553,NA,NA,FALSE,TRUE,FALSE,FALSE,FALSE,FALSE
Pipecolic acid,0.8474627617646057,0.8425436723270605,45894946.47413517,51183832.75127649,43376392.26109445,43124614.41003457,3,3,3,9.00972972972973,130.086804,NA,NA,FALSE,TRUE,FALSE,FALSE,FALSE,FALSE
Propionylglycine,1.005842771868098,1.0494920717782315,4196796.1791723715,4120788.450961192,4144865.2777968515,4324734.808759071,3,3,3,5.007352941176471,130.050419,NA,NA,FALSE,FALSE,FALSE,FALSE,FALSE,FALSE
Succinic acid,1.1783654021533017,0.6796526961458387,128231917.4374428,134602280,158610669.8029513,91482802.50937709,3,3,3,12.111,117.01829,52.7692:7974 55.01768:8044 64.49689:6255 67.72324:7118 68.26531:7355 69.11419:7175 71.33129:6685 73.02837:645871 73.06421:6824 82.13746:7437 90.59139:7983 99.00766:44135 99.92476:72225 109.0501:7265 116.92744:298459 116.93332:82375 117.01833:105769,NA,FALSE,FALSE,FALSE,FALSE,FALSE,FALSE
Taurine,NA,NA,NA,NA,NA,NA,0,0,0,9.835652173913044,124.006841,NA,NA,FALSE,FALSE,FALSE,FALSE,FALSE,FALSE
Thiamine diphosphate,0.9503680350996487,1.2385095218647229,1916605.4753153268,1803084.7291043296,1713594.0911170642,2233137.6057245866,3,3,3,12.327352941176471,425.044974,NA,NA,FALSE,FALSE,FALSE,FALSE,FALSE,FALSE
Thymidine,0.8283995986854225,0.7620924999885764,7913105.694867889,9164018.333333334,7591469.109679188,6983829.6415911475,3,3,3,2.86,241.08298,NA,[M-H]-,FALSE,FALSE,FALSE,FALSE,FALSE,FALSE
Thymine,0.8745666344534878,0.7953068959925355,46805546.92919695,52592993.333333336,45996077.175368056,41827570.27888945,3,3,3,2.855,125.03464,62.53186:7966 65.50072:6264 67.8708:7794 71.44009:7160 84.67958:6943 96.95904:51890 107.39845:6621 125.03465:40597,NA,FALSE,FALSE,FALSE,FALSE,FALSE,FALSE
UDP-N-acetylglucosamine,1.070921013835874,0.5779799282275545,4376114.925928476,4956147.876016373,5307642.908103967,2864553.99366509,3,3,3,12.20888888888889,606.073753,NA,NA,FALSE,TRUE,FALSE,FALSE,FALSE,FALSE
UDP-glucose,0.6749492070446855,0.4764797151916198,4507542.962752335,6285417.449069566,4242337.523194334,2994873.915993104,3,3,3,13.110833333333334,565.047204,NA,NA,FALSE,TRUE,FALSE,FALSE,FALSE,FALSE
Uracil,0.702430118103696,1.2377743360513922,30237145.585634414,30852084.666666668,21671433.4761519,38187918.614084676,3,3,3,3.847,111.0189,51.02866:6327 51.27475:6419 65.68471:6201 65.70245:8088 72.22041:7082 77.01003:7452 83.72373:7088 111.01899:137502 111.05524:12877,NA,FALSE,FALSE,FALSE,FALSE,FALSE,FALSE
Uridine,0.6595464056354217,0.48839752999202685,121243652.74021438,169339130.4063025,111687014.79290476,82704813.02143587,3,3,3,5.944,243.06201,56.14906:7439 66.03379:52195 82.0287:91417 83.0126:8883 94.0288:7616 108.0445:11542 110.0237:526079 111.01892:25443 119.33343:7719 120.04469:8803 122.02376:31951 122.91525:7284 124.03954:14322 135.48599:6405 140.03453:31736 152.03458:43625 153.55736:7518 199.31995:7094 200.05621:16913 216.9599:16393,[M-H]-,FALSE,FALSE,FALSE,FALSE,FALSE,FALSE
cis-Aconitic acid,0.7833010271929811,0.7960035586051202,1565889.5096426483,1821292.6673312485,1426620.4171396114,1449755.444457085,3,3,3,14.534615384615384,173.008615,NA,NA,FALSE,FALSE,FALSE,TRUE,FALSE,FALSE
