assembly,core.catab.path
GCA_000153445.1,Yes
GCA_000156135.1,Yes
GCA_000158135.1,No
GCA_000161775.1,Yes
GCA_000169115.1,Yes
GCA_000169395.1,Yes
GCA_000176055.1,No
GCA_000299115.1,Yes
GCA_000337695.1,No
GCA_000416005.1,No
GCA_000416315.1,Yes
GCA_000496475.1,No
GCA_000511875.1,No
GCA_000695035.1,No
GCA_000698165.1,No
GCA_000699205.1,Yes
GCA_000824745.1,No
GCA_000824765.1,No
GCA_000824785.1,No
GCA_000953695.1,No
GCA_001298755.1,No
GCA_001314705.1,Yes
GCA_001314805.1,No
GCA_001438345.1,No
GCA_001438965.1,No
GCA_001650895.1,Yes
GCA_001729985.1,Yes
GCA_001730015.1,No
GCA_001730095.1,No
GCA_001828855.1,Yes
GCA_001874225.1,No
GCA_001874245.1,No
GCA_002163135.1,Yes
GCA_002169295.1,No
GCA_002169365.1,No
GCA_002170205.2,No
GCA_002171435.2,No
GCA_002256245.1,No
GCA_002400595.1,Yes
GCA_002456955.1,Yes
GCA_002457565.1,No
GCA_002457765.1,Yes
GCA_002683535.1,Yes
GCA_002683855.1,No
GCA_002684255.1,No
GCA_002684335.1,No
GCA_002684675.1,No
GCA_002685195.1,No
GCA_002685475.1,Yes
GCA_002685535.1,No
GCA_002685715.1,No
GCA_002685835.1,Yes
GCA_002686055.1,No
GCA_002686255.1,No
GCA_002686685.1,Yes
GCA_002687455.1,No
GCA_002688995.1,No
GCA_002689445.1,Yes
GCA_002689605.1,No
GCA_002689645.1,Yes
GCA_002689705.1,No
GCA_002689915.1,No
GCA_002689925.1,Yes
GCA_002690525.1,No
GCA_002690585.1,Yes
GCA_002690705.1,No
GCA_002691975.1,No
GCA_002692535.1,No
GCA_002693445.1,Yes
GCA_002694075.1,No
GCA_002695585.1,No
GCA_002695745.2,Yes
GCA_002696645.1,Yes
GCA_002698005.1,Yes
GCA_002699375.1,Yes
GCA_002702465.1,No
GCA_002704305.1,Yes
GCA_002704385.2,No
GCA_002705045.2,No
GCA_002705265.1,No
GCA_002708965.1,Yes
GCA_002709525.1,No
GCA_002714245.1,Yes
GCA_002715745.1,No
GCA_002715915.1,No
GCA_002717105.1,No
GCA_002717485.1,No
GCA_002721825.1,No
GCA_002722465.1,No
GCA_002722475.1,No
GCA_002722835.1,Yes
GCA_002725175.2,No
GCA_002726575.1,Yes
GCA_002727475.1,No
GCA_002727955.1,No
GCA_002728725.1,No
GCA_002729455.1,No
GCA_002730235.1,No
GCA_002731315.1,Yes
GCA_002731355.1,No
GCA_002731695.1,No
GCA_002731775.1,No
GCA_002732835.1,No
GCA_002746645.1,No
GCA_002850435.1,No
GCA_002937855.1,Yes
GCA_002937895.1,No
GCA_002938035.1,No
GCA_002938195.1,No
GCA_002938205.1,No
GCA_003021655.1,No
GCA_003021685.1,No
GCA_003241485.1,No
GCA_003243455.1,Yes
GCA_003331335.1,Yes
GCA_003331585.1,No
GCA_003331685.1,Yes
GCA_003417655.1,No
GCA_003447515.1,No
GCA_003456425.1,Yes
GCA_003485125.1,No
GCA_003487885.1,No
GCA_003497765.1,No
GCA_003505015.1,No
GCA_003507175.1,No
GCA_003520945.1,No
GCA_003521465.1,No
GCA_003521845.1,No
GCA_003523185.1,No
GCA_003539745.1,No
GCA_003540235.1,No
GCA_003541985.1,No
GCA_003693805.1,No
GCA_003696705.1,No
GCA_003973175.1,No
GCA_003973465.1,No
GCA_004021015.1,Yes
GCA_004211905.1,Yes
GCA_004212735.1,No
GCA_004213215.1,No
GCA_004213755.1,Yes
GCA_004321805.1,Yes
GCA_004322185.1,Yes
GCA_006226775.1,Yes
GCA_006227885.1,No
GCA_007694245.1,No
GCA_007694945.1,No
GCA_009363655.1,No
GCA_009694475.1,No
GCA_009711885.1,No
GCA_009836365.1,No
GCA_009836525.1,No
GCA_009838075.1,No
GCA_009838215.1,No
GCA_009838275.1,No
GCA_009841975.1,No
GCA_009843725.1,No
GCA_009845605.1,No
GCA_009856435.1,Yes
GCA_009919335.1,No
GCA_009919885.1,Yes
GCA_009919995.1,No
GCA_009920225.1,Yes
GCA_009922885.1,No
GCA_009924775.1,No
GCA_009937575.1,No
GCA_009937615.1,Yes
GCA_009937625.1,No
GCA_009938265.1,No
GCA_010024495.1,No
GCA_010025945.1,No
GCA_010025955.1,No
GCA_011043535.1,No
GCA_011771835.1,No
GCA_011772865.1,Yes
GCA_011776105.1,Yes
GCA_012103325.1,No
GCA_012103395.1,No
GCA_012103405.1,No
GCA_012103415.1,Yes
GCA_012959965.1,No
GCA_012960115.1,No
GCA_012960235.1,Yes
GCA_012960465.1,No
GCA_013001295.1,No
GCA_013001425.1,No
GCA_013001565.1,Yes
GCA_013001845.1,Yes
GCA_013002025.1,No
GCA_013002205.1,No
GCA_013002305.1,Yes
GCA_013002465.1,No
GCA_013003245.1,No
GCA_013003505.1,Yes
GCA_013003675.1,No
GCA_013042105.1,No
GCA_013042765.1,No
GCA_013042895.1,Yes
GCA_013151535.1,No
GCA_013204245.1,No
GCA_013214635.1,No
GCA_013214665.1,Yes
GCA_013214905.1,Yes
GCA_013214965.1,Yes
GCA_013215215.1,No
GCA_013215915.1,No
GCA_013215985.1,No
GCA_013372865.1,No
GCA_013373325.1,Yes
GCA_013373575.1,No
GCA_013388965.1,Yes
GCA_013911345.1,Yes
GCA_014381985.1,No
GCA_014382065.1,No
GCA_014382875.1,Yes
GCA_014653355.1,No
GCA_014653585.1,No
GCA_014653605.1,No
GCA_014653715.1,No
GCA_014653735.1,No
GCA_014653775.1,No
GCA_014653915.1,No
GCA_014653975.1,No
GCA_014653985.1,No
GCA_014654165.1,No
GCA_014654185.1,No
GCA_014654265.1,No
GCA_014654375.1,No
GCA_014654455.1,No
GCA_014872825.1,No
GCA_014872875.1,No
GCA_014977145.1,No
GCA_015659195.1,No
GCA_015680735.1,No
GCA_015689535.1,Yes
GCA_015689545.1,Yes
GCA_015689575.1,No
GCA_015689635.1,No
GCA_015689655.1,No
GCA_015689705.1,No
GCA_015689735.1,No
GCA_015689785.1,No
GCA_015689805.1,Yes
GCA_015708085.1,No
GCA_016125495.1,No
GCA_016185245.1,No
GCA_016704435.1,Yes
GCA_016711185.1,Yes
GCA_016763475.1,No
GCA_016776945.1,Yes
GCA_016777095.1,Yes
GCA_016777625.1,No
GCA_016777745.1,Yes
GCA_016778705.1,No
GCA_016778825.1,No
GCA_016779005.1,No
GCA_016779465.1,Yes
GCA_016780525.1,Yes
GCA_016780675.1,No
GCA_016780765.1,Yes
GCA_016780775.1,No
GCA_016794165.1,No
GCA_016861145.1,No
GCA_016869835.1,No
GCA_017305935.1,No
GCA_017307375.1,No
GCA_017515565.1,No
GCA_017643115.1,Yes
GCA_017643845.1,Yes
GCA_017997975.1,No
GCA_018057165.1,No
GCA_018222805.1,No
GCA_018223065.1,No
GCA_018223085.1,No
GCA_018223125.1,No
GCA_018223135.1,Yes
GCA_018223235.1,Yes
GCA_018223265.1,Yes
GCA_018263475.1,No
GCA_018326365.1,No
GCA_018334495.1,Yes
GCA_018334525.1,No
GCA_018500125.2,No
GCA_018645085.1,No
GCA_018645905.1,Yes
GCA_018647445.1,No
GCA_018647625.1,No
GCA_018647765.1,No
GCA_018647825.1,No
GCA_018651245.1,No
GCA_018651805.1,No
GCA_018652285.1,No
GCA_018653715.1,No
GCA_018653905.1,No
GCA_018654175.1,No
GCA_018654915.1,Yes
GCA_018660145.1,No
GCA_018660785.1,No
GCA_018661085.1,No
GCA_018661165.1,Yes
GCA_018663035.1,Yes
GCA_018663595.1,No
GCA_018664075.1,Yes
GCA_018664775.1,No
GCA_018665065.1,No
GCA_018665695.1,No
GCA_018666025.1,No
GCA_018668735.1,No
GCA_018670075.1,No
GCA_018673735.1,No
GCA_018674675.1,No
GCA_018677115.1,Yes
GCA_018679195.1,No
GCA_018679255.1,No
GCA_018692145.1,Yes
GCA_018699035.1,No
GCA_018699695.1,Yes
GCA_018701595.1,No
GCA_018702675.1,No
GCA_018825825.1,No
GCA_019218315.1,No
GCA_019233695.1,No
GCA_019237835.1,No
GCA_019240785.1,No
GCA_019241415.1,No
GCA_019245375.1,No
GCA_019245565.1,No
GCA_019246425.1,No
GCA_019247605.1,No
GCA_019633985.1,No
GCA_019634085.1,No
GCA_019635125.1,Yes
GCA_019649495.1,Yes
GCA_019651175.1,Yes
GCA_019652335.1,No
GCA_019652475.1,No
GCA_019652635.1,Yes
GCA_019801415.1,No
GCA_019891535.1,No
GCA_019912045.1,No
GCA_020425085.1,Yes
GCA_020425125.1,Yes
GCA_020441345.1,No
GCA_020441785.1,No
GCA_020441795.1,No
GCA_020441855.1,No
GCA_020441965.1,Yes
GCA_020445645.1,Yes
GCA_020446815.1,Yes
GCA_020447005.1,Yes
GCA_020637985.1,Yes
GCA_020682725.1,No
GCA_020832555.1,No
GCA_020832705.1,No
GCA_021296235.1,No
GCA_021296375.1,No
GCA_021401065.1,Yes
GCA_021741465.1,Yes
GCA_021741625.1,No
GCA_022340305.1,No
GCA_022360075.1,No
GCA_022361435.1,No
GCA_022424665.1,Yes
GCA_022425025.1,Yes
GCA_022425065.1,No
GCA_022425105.1,No
GCA_022425265.1,No
GCA_022425545.1,Yes
GCA_022425565.1,No
GCA_022425845.1,Yes
GCA_022426505.1,Yes
GCA_022446925.1,No
GCA_022447275.1,No
GCA_022448455.1,No
GCA_022448735.1,No
GCA_022448925.1,Yes
GCA_022449655.1,No
GCA_022450785.1,No
GCA_022565595.1,Yes
GCA_022599575.1,No
GCA_022599655.1,No
GCA_022600135.1,No
GCA_022763485.1,Yes
GCA_022818765.1,Yes
GCA_022969035.1,Yes
GCA_022969255.1,No
GCA_023540835.1,No
GCA_023708045.1,Yes
GCA_023954915.1,No
GCA_023954975.1,Yes
GCA_023955115.1,No
GCA_024223095.1,Yes
GCA_024223685.1,No
GCA_024224295.1,Yes
GCA_024224435.1,No
GCA_024226455.1,No
GCA_024227655.1,Yes
GCA_024228275.1,No
GCA_024229995.1,No
GCA_024230155.1,No
GCA_024230335.1,No
GCA_024244705.1,Yes
GCA_024742455.1,No
GCA_024742485.1,Yes
GCA_024742575.1,No
GCA_024742695.1,No
GCA_024742835.1,Yes
GCA_024743195.1,Yes
GCA_024743275.1,No
GCA_024802545.1,Yes
GCA_024960125.1,Yes
GCA_024960365.1,No
GCA_025153755.1,Yes
GCA_025153775.1,No
GCA_025210265.1,Yes
GCA_025210455.1,No
GCA_025211115.1,No
GCA_025465145.1,No
GCA_025751475.1,Yes
GCA_025800125.1,Yes
GCA_025800205.1,No
GCA_025800245.1,Yes
GCA_026421135.1,No
GCA_026706295.1,No
GCA_026706705.1,No
GCA_026706815.1,No
GCA_026707005.1,No
GCA_026708405.1,Yes
GCA_026708445.1,Yes
GCA_026708465.1,No
GCA_026708485.1,No
GCA_026708505.1,Yes
GCA_026708545.1,No
GCA_026708845.1,No
GCA_026709175.1,No
GCA_026710165.1,No
GCA_026710645.1,No
GCA_027293245.1,Yes
GCA_027293565.1,Yes
GCA_027295525.1,Yes
GCA_027296395.1,No
GCA_027296555.1,Yes
GCA_027296705.1,No
GCA_027297805.1,Yes
GCA_027493545.1,Yes
GCA_027858915.1,Yes
GCA_028030715.1,No
GCA_028031215.1,No
GCA_028035995.1,No
GCA_028036195.1,No
GCA_028036315.1,Yes
GCA_028036875.1,No
GCA_028037245.1,Yes
GCA_028037555.1,No
GCA_028037745.1,No
GCA_028037795.1,No
GCA_028038135.1,Yes
GCA_028038655.1,No
GCA_028038945.1,Yes
GCA_028039475.1,Yes
GCA_028041295.1,No
GCA_028041405.1,Yes
GCA_028041455.1,No
GCA_028043005.1,No
GCA_028043025.1,No
GCA_028043935.1,No
GCA_028044255.1,No
GCA_028045495.1,No
GCA_028066975.1,No
GCA_028067255.1,No
GCA_028067315.1,No
GCA_028067395.1,No
GCA_028094875.1,No
GCA_028095405.1,Yes
GCA_028095465.1,No
GCA_028096495.1,Yes
GCA_028096595.1,No
GCA_028097645.1,No
GCA_028097865.1,No
GCA_028098415.1,Yes
GCA_028098685.1,Yes
GCA_028098905.1,No
GCA_028099095.1,No
GCA_028099385.1,Yes
GCA_028099855.1,No
GCA_028099945.1,No
GCA_028100005.1,No
GCA_028100085.1,Yes
GCA_028100585.1,No
GCA_028101785.1,Yes
GCA_028101795.1,No
GCA_028101855.1,Yes
GCA_028101945.1,Yes
GCA_028102605.1,Yes
GCA_028105745.1,No
GCA_028107345.1,Yes
GCA_028108775.1,No
GCA_028109335.1,No
GCA_028110005.1,No
GCA_028110695.1,No
GCA_028113115.1,Yes
GCA_028113295.1,Yes
GCA_028113645.1,No
GCA_028113945.1,No
GCA_028114965.1,No
GCA_028115385.1,No
GCA_028117145.1,No
GCA_028117525.1,No
GCA_028117885.1,No
GCA_028118105.1,No
GCA_028119645.1,No
GCA_028120695.1,No
GCA_028120785.1,Yes
GCA_028121345.1,No
GCA_028121535.1,No
GCA_028121685.1,No
GCA_028122915.1,No
GCA_028127675.1,Yes
GCA_028128245.1,No
GCA_028131445.1,No
GCA_028132345.1,No
GCA_028133015.1,No
GCA_028133395.1,No
GCA_028133505.1,No
GCA_028134725.1,No
GCA_028134895.1,No
GCA_028135285.1,No
GCA_028135525.1,No
GCA_028135585.1,No
GCA_028136245.1,No
GCA_028136265.1,No
GCA_028136815.1,No
GCA_028137145.1,Yes
GCA_028137865.1,No
GCA_028138325.1,Yes
GCA_028139105.1,No
GCA_028139475.1,No
GCA_028139565.1,No
GCA_028139755.1,No
GCA_028139975.1,No
GCA_028140045.1,No
GCA_028140195.1,No
GCA_028140265.1,No
GCA_028140375.1,No
GCA_028140505.1,No
GCA_028140615.1,Yes
GCA_028140945.1,No
GCA_028140965.1,No
GCA_028141025.1,No
GCA_028141085.1,No
GCA_028141245.1,No
GCA_028141465.1,No
GCA_028143085.1,Yes
GCA_028143925.1,No
GCA_028144045.1,No
GCA_028147315.1,No
GCA_028148355.1,No
GCA_028149785.1,Yes
GCA_028150105.1,No
GCA_028150285.1,No
GCA_028218175.1,No
GCA_028222465.1,No
GCA_028222555.1,Yes
GCA_028222935.1,No
GCA_028223455.1,Yes
GCA_028223925.1,No
GCA_028225095.1,No
GCA_028225435.1,Yes
GCA_028226035.1,Yes
GCA_028226335.1,Yes
GCA_028226535.1,No
GCA_028226795.1,Yes
GCA_028226895.1,Yes
GCA_028227395.1,No
GCA_028227455.1,No
GCA_028227515.1,No
GCA_028227575.1,No
GCA_028228595.1,No
GCA_028228975.1,Yes
GCA_028229335.1,No
GCA_028229795.1,No
GCA_028230015.1,No
GCA_028240655.1,No
GCA_028240735.1,Yes
GCA_028241435.1,No
GCA_028241675.1,Yes
GCA_028241715.1,No
GCA_028242335.1,No
GCA_028243335.1,No
GCA_028243395.1,No
GCA_028244155.1,Yes
GCA_028245505.1,No
GCA_028246715.1,No
GCA_028247475.1,No
GCA_028247935.1,Yes
GCA_028252925.1,No
GCA_028265065.1,No
GCA_028273785.1,Yes
GCA_028273905.1,No
GCA_028283575.1,No
GCA_028291665.1,Yes
GCA_028336195.1,No
GCA_028336945.1,No
GCA_028337995.1,No
GCA_028338355.1,Yes
GCA_028339935.1,No
GCA_028340475.1,Yes
GCA_028340795.1,No
GCA_028340955.1,No
GCA_028341115.1,Yes
GCA_028341355.1,No
GCA_028341915.1,Yes
GCA_028341975.1,No
GCA_028343035.1,Yes
GCA_028343935.1,No
GCA_028344055.1,No
GCA_028344095.1,No
GCA_028344255.1,No
GCA_028344395.1,Yes
GCA_028344685.1,No
GCA_028344995.1,No
GCA_028345235.1,Yes
GCA_028345435.1,No
GCA_028345475.1,Yes
GCA_028345955.1,No
GCA_028346005.1,No
GCA_028351555.1,No
GCA_028351625.1,No
GCA_028351695.1,No
GCA_028351725.1,No
GCA_028352045.1,No
GCA_028352085.1,No
GCA_028352235.1,No
GCA_028353155.1,No
GCA_028353445.1,No
GCA_028353475.1,No
GCA_028353815.1,No
GCA_028354155.1,No
GCA_028354175.1,No
GCA_028354915.1,No
GCA_028355095.1,No
GCA_028355355.1,No
GCA_028355535.1,No
GCA_028356855.1,No
GCA_028371065.1,No
GCA_028371315.1,No
GCA_028371785.1,No
GCA_028371855.1,No
GCA_028372275.1,No
GCA_028372335.1,No
GCA_028372425.1,No
GCA_028372665.1,Yes
GCA_028373855.1,No
GCA_028374925.1,No
GCA_028375345.1,Yes
GCA_028375405.1,No
GCA_028375935.1,No
GCA_028376145.1,No
GCA_028376405.1,Yes
GCA_028376905.1,No
GCA_028377385.1,No
GCA_028377445.1,Yes
GCA_028377705.1,No
GCA_028377735.1,No
GCA_028377925.1,Yes
GCA_028378165.1,No
GCA_028378305.1,No
GCA_028378445.1,No
GCA_028379025.1,Yes
GCA_028379455.1,No
GCA_028379815.1,No
GCA_028380775.1,No
GCA_028382965.1,Yes
GCA_028383305.1,Yes
GCA_028385005.1,No
GCA_028385475.1,No
GCA_028386045.1,No
GCA_028404365.1,No
GCA_028404485.1,No
GCA_028404725.1,No
GCA_028404945.1,Yes
GCA_028405185.1,No
GCA_028405605.1,No
GCA_028405725.1,No
GCA_028406005.1,No
GCA_028406245.1,No
GCA_028406425.1,No
GCA_028406495.1,No
GCA_028406585.1,No
GCA_028407105.1,No
GCA_028407145.1,No
GCA_028407325.1,No
GCA_028407355.1,No
GCA_028408085.1,No
GCA_028408125.1,No
GCA_028408185.1,Yes
GCA_028408575.1,No
GCA_028408655.1,No
GCA_028408695.1,No
GCA_028409035.1,No
GCA_028409195.1,Yes
GCA_028409235.1,Yes
GCA_028409325.1,Yes
GCA_028409675.1,No
GCA_028410095.1,No
GCA_028410115.1,Yes
GCA_028410975.1,No
GCA_028411055.1,No
GCA_028412955.1,Yes
GCA_028413295.1,Yes
GCA_028414415.1,No
GCA_028415955.1,No
GCA_028415995.1,No
GCA_028416415.1,No
GCA_028449015.1,No
GCA_028449365.1,No
GCA_028449765.1,No
GCA_028449845.1,No
GCA_028450425.1,No
GCA_028450525.1,No
GCA_028450605.1,No
GCA_028507225.1,No
GCA_028508515.1,No
GCA_028598985.1,No
GCA_028819475.1,No
GCA_028820425.1,No
GCA_028822065.1,Yes
GCA_028822125.1,No
GCA_028822155.1,Yes
GCA_028822185.1,Yes
GCA_028822255.1,Yes
GCA_028822315.1,Yes
GCA_028822945.1,Yes
GCA_028823045.1,Yes
GCA_028824715.1,No
GCA_028824725.1,No
GCA_028825355.1,Yes
GCA_028843145.1,No
GCA_028870015.1,Yes
GCA_028872635.1,No
GCA_028872735.1,No
GCA_028872745.1,No
GCA_028874915.1,No
GCA_028988225.1,No
GCA_028989545.1,No
GCA_028990475.1,No
GCA_028991055.1,No
GCA_028991315.1,No
GCA_028991335.1,No
GCA_028991395.1,No
GCA_028991435.1,No
GCA_028991455.1,No
GCA_029202525.1,Yes
GCA_029212365.1,Yes
GCA_029212415.1,Yes
GCA_029212835.1,Yes
GCA_029233925.1,Yes
GCA_029238275.1,No
GCA_029238465.1,No
GCA_029238535.1,Yes
GCA_029238595.1,No
GCA_029240815.1,Yes
GCA_029242085.1,Yes
GCA_029242145.1,Yes
GCA_029242355.1,No
GCA_029242795.1,Yes
GCA_029245185.1,No
GCA_029245555.1,Yes
GCA_029245725.1,No
GCA_029245885.1,No
GCA_029246685.1,No
GCA_029247345.1,No
GCA_029247365.1,No
GCA_029247505.1,No
GCA_029247645.1,Yes
GCA_029247765.1,No
GCA_029247925.1,Yes
GCA_029249245.1,No
GCA_029249385.1,Yes
GCA_029249645.1,No
GCA_029250265.1,No
GCA_029250725.1,No
GCA_029250825.1,No
GCA_029251065.1,No
GCA_029251265.1,No
GCA_029251465.1,No
GCA_029251895.1,No
GCA_029252045.1,No
GCA_029252195.1,Yes
GCA_029252555.1,Yes
GCA_029253525.1,Yes
GCA_029253705.1,No
GCA_029253845.1,No
GCA_029253985.1,No
GCA_029254005.1,Yes
GCA_029254045.1,Yes
GCA_029254055.1,No
GCA_029254215.1,Yes
GCA_029254505.1,No
GCA_029254555.1,No
GCA_029268475.1,No
GCA_029688825.1,No
GCA_029771945.1,Yes
GCA_029859705.1,No
GCA_029861525.1,Yes
GCA_029862005.1,Yes
GCA_029862125.1,No
GCA_029862255.1,Yes
GCA_029862845.1,No
GCA_029863345.1,No
GCA_029863385.1,No
GCA_029863465.1,Yes
GCA_029863485.1,No
GCA_029864485.1,No
GCA_029873155.1,No
GCA_029881635.1,No
GCA_029882955.1,Yes
GCA_029884615.1,No
GCA_030012805.1,No
GCA_030065095.1,No
GCA_030065115.1,No
GCA_030066085.1,Yes
GCA_030066855.1,No
GCA_030386295.1,Yes
GCA_030452945.1,No
GCA_030452985.1,No
GCA_030453085.1,No
GCA_030456885.1,No
GCA_030457665.1,No
GCA_030537655.1,No
GCA_030537795.1,No
GCA_030575555.1,Yes
GCA_030576555.1,No
GCA_030699825.1,Yes
GCA_030726245.1,No
GCA_030727845.1,Yes
GCA_030728345.1,No
GCA_030728825.1,No
GCA_030729365.1,Yes
GCA_030739975.1,Yes
GCA_030740995.1,No
GCA_030741335.1,Yes
GCA_030743615.1,No
GCA_030746495.1,No
GCA_030748435.1,No
GCA_030749945.1,No
GCA_030752765.1,No
GCA_030754105.1,No
GCA_030950105.1,No
GCA_031580725.1,No
GCA_031580995.1,No
GCA_031581235.1,Yes
GCA_031844845.1,Yes
GCA_031987585.1,No
GCA_032178675.1,No
GCA_032219585.1,No
GCA_032251095.1,Yes
GCA_032796185.1,No
GCA_032796485.1,No
GCA_033470255.1,No
GCA_033631045.1,No
GCA_033714125.1,No
GCA_033719655.1,No
GCA_033719715.1,No
GCA_033719775.1,No
GCA_033720375.1,No
GCA_033720895.1,No
GCA_033720995.1,Yes
GCA_033721635.1,No
GCA_033721835.1,Yes
GCA_033722315.1,Yes
GCA_033723035.1,No
GCA_033723595.1,Yes
GCA_033764875.1,No
GCA_033791085.1,Yes
GCA_033837765.1,No
GCA_033856435.1,No
GCA_033856675.1,No
GCA_033880325.1,No
GCA_034399935.1,Yes
GCA_034520925.1,Yes
GCA_034869655.1,No
GCA_034931205.1,No
GCA_035267085.1,Yes
GCA_035268705.1,No
GCA_035269125.1,No
GCA_035269835.1,No
GCA_035308145.1,No
GCA_035458445.1,No
GCA_035458585.1,Yes
GCA_035458805.1,No
GCA_035459525.1,No
GCA_035459605.1,No
GCA_035529335.1,Yes
GCA_035532755.1,No
GCA_035536655.1,No
GCA_035539075.1,No
GCA_035539215.1,No
GCA_035539255.1,No
GCA_035542015.1,No
GCA_035545355.1,No
GCA_035548715.1,No
GCA_035563795.1,No
GCA_035563855.1,No
GCA_035606915.1,No
GCA_035652635.1,No
GCA_035699005.1,Yes
GCA_035883605.1,No
GCA_035939375.1,No
GCA_035949255.1,No
GCA_035984995.1,No
GCA_035998495.1,No
GCA_035999185.1,No
GCA_036007785.1,No
GCA_036125675.1,No
GCA_036142715.1,No
GCA_036159375.1,No
GCA_036165935.1,No
GCA_036229925.1,No
GCA_036231725.1,Yes
GCA_036268195.1,No
GCA_036341555.1,No
GCA_036344315.1,No
GCA_036355295.1,No
GCA_036402635.1,No
GCA_036406695.1,Yes
GCA_036448995.1,No
GCA_036499865.1,No
GCA_036525715.1,Yes
GCA_039529815.1,No
GCA_039770395.1,No
GCA_039890755.1,No
GCA_039890875.1,No
GCA_039963395.1,Yes
GCA_039963915.1,Yes
GCA_040119045.1,Yes
GCA_040220475.1,No
GCA_040287045.1,No
GCA_040436395.1,Yes
GCA_900104855.1,No
GCA_902498245.1,No
GCA_928500655.1,Yes
GCA_928503255.1,No
GCA_928505225.1,No
GCA_928505955.1,No
GCA_928506355.1,Yes
GCA_928508715.1,Yes
GCA_928509615.1,No
GCA_949498145.1,No
GCA_949523485.1,Yes
GCA_949538035.1,No
GCF_000007565.2,No
GCF_000011965.2,No
GCF_000012325.1,No
GCF_000012345.1,No
GCF_000013565.1,No
GCF_000013905.1,Yes
GCF_000014065.1,Yes
GCF_000015285.1,Yes
GCF_000017705.1,No
GCF_000018145.1,Yes
GCF_000024465.1,Yes
GCF_000152485.1,No
GCF_000153025.1,Yes
GCF_000153325.1,No
GCF_000153345.1,Yes
GCF_000153425.1,Yes
GCF_000153505.1,Yes
GCF_000154745.2,Yes
GCF_000154765.2,Yes
GCF_000165125.1,Yes
GCF_000169375.1,Yes
GCF_000169455.1,Yes
GCF_000170855.1,No
GCF_000170875.1,Yes
GCF_000171815.1,No
GCF_000176135.1,No
GCF_000181535.1,Yes
GCF_000183645.1,No
GCF_000189275.1,No
GCF_000192475.1,Yes
GCF_000195225.1,No
GCF_000196495.1,No
GCF_000203975.2,No
GCF_000219565.1,No
GCF_000222565.1,Yes
GCF_000222585.1,Yes
GCF_000222605.1,Yes
GCF_000222625.1,No
GCF_000222645.1,No
GCF_000222665.1,No
GCF_000222685.1,Yes
GCF_000226035.2,No
GCF_000226475.1,No
GCF_000236625.2,No
GCF_000247005.2,No
GCF_000256095.2,Yes
GCF_000256115.2,No
GCF_000256135.2,Yes
GCF_000256165.2,No
GCF_000256185.2,No
GCF_000256205.2,No
GCF_000256245.1,No
GCF_000256285.2,No
GCF_000256305.2,No
GCF_000256325.2,No
GCF_000256345.2,No
GCF_000256365.2,No
GCF_000256385.2,No
GCF_000256405.2,Yes
GCF_000256425.1,No
GCF_000256445.2,No
GCF_000256485.1,No
GCF_000256605.2,No
GCF_000259295.1,No
GCF_000259875.1,No
GCF_000259935.1,No
GCF_000264435.2,Yes
GCF_000271965.2,Yes
GCF_000272045.2,No
GCF_000272085.2,No
GCF_000272105.2,No
GCF_000272125.2,No
GCF_000272145.2,Yes
GCF_000272245.2,No
GCF_000272265.2,No
GCF_000272285.1,No
GCF_000272305.2,No
GCF_000272325.2,No
GCF_000272345.2,No
GCF_000272365.2,No
GCF_000272385.2,No
GCF_000272405.2,No
GCF_000272425.1,No
GCF_000272445.2,No
GCF_000275705.1,No
GCF_000276805.1,No
GCF_000281215.1,Yes
GCF_000282295.1,No
GCF_000282355.1,No
GCF_000282475.1,Yes
GCF_000283275.1,No
GCF_000286835.2,Yes
GCF_000286855.2,Yes
GCF_000286875.2,Yes
GCF_000286895.2,Yes
GCF_000286915.2,Yes
GCF_000286935.2,Yes
GCF_000287915.1,No
GCF_000291685.1,No
GCF_000294445.2,Yes
GCF_000299295.2,No
GCF_000305715.2,No
GCF_000305755.2,No
GCF_000316985.1,No
GCF_000319575.2,Yes
GCF_000330705.1,Yes
GCF_000333895.2,Yes
GCF_000334195.1,No
GCF_000334215.1,No
GCF_000337695.1,No
GCF_000341445.1,No
GCF_000347555.1,Yes
GCF_000354175.2,Yes
GCF_000367825.1,Yes
GCF_000372345.1,No
GCF_000374525.1,Yes
GCF_000381785.1,Yes
GCF_000381865.1,No
GCF_000382145.1,No
GCF_000384455.1,No
GCF_000390005.2,Yes
GCF_000390125.1,No
GCF_000400205.1,No
GCF_000400225.1,No
GCF_000400245.1,No
GCF_000400285.1,No
GCF_000400305.1,No
GCF_000400325.1,No
GCF_000400345.1,No
GCF_000400365.1,Yes
GCF_000400385.1,No
GCF_000400405.1,No
GCF_000400425.1,Yes
GCF_000408945.1,No
GCF_000417905.1,Yes
GCF_000419525.1,No
GCF_000419665.1,No
GCF_000419785.1,No
GCF_000422425.1,No
GCF_000422865.1,No
GCF_000423545.1,No
GCF_000423645.1,No
GCF_000425545.1,No
GCF_000427485.1,No
GCF_000427685.1,No
GCF_000427725.1,Yes
GCF_000428525.1,No
GCF_000429725.1,No
GCF_000438785.2,Yes
GCF_000442275.2,No
GCF_000442925.1,No
GCF_000464435.1,No
GCF_000467125.1,Yes
GCF_000467145.1,Yes
GCF_000472585.1,No
GCF_000473105.1,No
GCF_000473145.1,No
GCF_000473165.1,No
GCF_000473225.1,No
GCF_000473325.1,No
GCF_000482725.1,No
GCF_000485905.1,Yes
GCF_000489055.1,No
GCF_000489135.1,No
GCF_000489155.1,No
GCF_000489295.1,Yes
GCF_000489335.1,Yes
GCF_000489435.1,Yes
GCF_000489535.1,No
GCF_000490255.1,No
GCF_000490275.1,No
GCF_000490295.1,No
GCF_000491755.1,Yes
GCF_000491815.1,No
GCF_000491855.1,No
GCF_000493315.1,No
GCF_000498395.2,No
GCF_000498575.2,No
GCF_000507325.1,No
GCF_000508345.1,Yes
GCF_000511355.1,Yes
GCF_000511385.1,Yes
GCF_000511655.1,Yes
GCF_000514015.1,No
GCF_000521215.1,No
GCF_000521865.1,Yes
GCF_000586475.1,No
GCF_000613045.3,Yes
GCF_000614975.1,Yes
GCF_000619885.1,Yes
GCF_000620085.1,No
GCF_000620365.1,No
GCF_000621165.1,No
GCF_000622145.1,No
GCF_000633915.1,Yes
GCF_000685055.1,No
GCF_000685075.1,No
GCF_000685805.1,No
GCF_000695685.1,No
GCF_000707145.1,No
GCF_000730475.1,No
GCF_000731955.1,Yes
GCF_000737195.2,No
GCF_000740665.1,No
GCF_000742455.1,No
GCF_000743705.1,Yes
GCF_000764205.1,Yes
GCF_000764225.1,Yes
GCF_000768555.3,No
GCF_000770115.1,No
GCF_000772065.1,No
GCF_000772105.1,No
GCF_000772655.1,No
GCF_000785435.2,No
GCF_000787655.1,Yes
GCF_000799625.1,No
GCF_000801275.2,Yes
GCF_000813725.1,Yes
GCF_000813745.1,Yes
GCF_000813785.1,Yes
GCF_000813885.1,Yes
GCF_000813905.1,Yes
GCF_000813925.1,Yes
GCF_000813945.1,No
GCF_000813965.1,Yes
GCF_000813985.1,No
GCF_000814005.1,Yes
GCF_000817815.1,No
GCF_000817825.1,No
GCF_000818235.1,No
GCF_000818255.1,No
GCF_000818275.1,No
GCF_000818295.1,No
GCF_000818315.1,No
GCF_000818335.1,Yes
GCF_000818355.1,No
GCF_000818375.1,No
GCF_000818415.1,No
GCF_000818435.1,No
GCF_000818455.1,No
GCF_000819625.1,Yes
GCF_000826835.2,Yes
GCF_000826845.1,Yes
GCF_000827875.1,Yes
GCF_000827885.1,Yes
GCF_000829615.1,No
GCF_000829635.1,No
GCF_000829735.1,No
GCF_000834085.1,Yes
GCF_000834155.1,Yes
GCF_000875995.1,Yes
GCF_000935045.1,No
GCF_000949955.1,Yes
GCF_000949965.1,Yes
GCF_000950005.1,No
GCF_000950075.1,No
GCF_000950095.1,Yes
GCF_000950135.1,Yes
GCF_000950335.1,Yes
GCF_000958585.1,Yes
GCF_000958655.1,No
GCF_000960565.1,Yes
GCF_000961515.1,No
GCF_000961715.1,Yes
GCF_000962815.1,Yes
GCF_000967465.2,No
GCF_000967475.1,Yes
GCF_000967485.1,No
GCF_000967495.1,No
GCF_000967645.1,Yes
GCF_000967665.1,Yes
GCF_000972265.1,No
GCF_000972275.1,Yes
GCF_000973155.1,Yes
GCF_001005285.1,No
GCF_001006135.1,Yes
GCF_001010935.1,No
GCF_001013315.1,Yes
GCF_001014615.2,No
GCF_001023155.1,No
GCF_001026905.1,Yes
GCF_001039575.1,No
GCF_001043175.1,Yes
GCF_001048475.1,No
GCF_001048495.1,No
GCF_001048515.1,No
GCF_001048535.1,No
GCF_001048555.1,No
GCF_001048575.1,No
GCF_001048595.1,No
GCF_001048635.1,No
GCF_001048655.1,No
GCF_001050595.1,Yes
GCF_001050615.1,Yes
GCF_001050635.1,Yes
GCF_001050655.1,Yes
GCF_001050675.1,Yes
GCF_001050695.1,Yes
GCF_001050715.1,Yes
GCF_001050875.1,Yes
GCF_001066335.1,No
GCF_001077495.1,No
GCF_001077885.1,No
GCF_001179845.1,No
GCF_001179985.1,No
GCF_001180025.1,No
GCF_001180165.1,No
GCF_001180185.1,No
GCF_001180225.1,No
GCF_001183585.1,No
GCF_001185265.1,No
GCF_001185275.1,Yes
GCF_001185405.1,No
GCF_001185455.1,No
GCF_001185465.1,No
GCF_001185495.1,No
GCF_001185515.1,Yes
GCF_001185575.1,Yes
GCF_001185585.1,No
GCF_001185645.1,No
GCF_001188205.1,No
GCF_001202015.1,Yes
GCF_001238295.1,No
GCF_001243385.1,No
GCF_001243545.1,No
GCF_001243675.1,No
GCF_001243735.1,No
GCF_001243825.1,No
GCF_001244075.1,No
GCF_001244175.1,No
GCF_001251095.1,Yes
GCF_001258055.1,Yes
GCF_001262155.1,No
GCF_001262735.1,No
GCF_001262745.1,No
GCF_001263135.1,No
GCF_001266795.1,Yes
GCF_001267595.1,No
GCF_001267615.1,No
GCF_001269465.1,Yes
GCF_001269475.1,No
GCF_001269495.1,No
GCF_001270205.1,Yes
GCF_001273555.1,No
GCF_001273575.1,No
GCF_001273715.1,No
GCF_001273835.1,No
GCF_001273855.1,No
GCF_001274805.1,No
GCF_001281315.1,No
GCF_001282125.1,No
GCF_001292625.1,Yes
GCF_001293025.1,Yes
GCF_001294455.1,No
GCF_001294535.1,Yes
GCF_001297935.1,No
GCF_001298125.1,No
GCF_001298415.1,No
GCF_001303895.1,No
GCF_001305295.1,Yes
GCF_001306195.1,No
GCF_001306215.1,No
GCF_001306785.1,No
GCF_001306825.1,No
GCF_001306845.1,Yes
GCF_001306875.1,Yes
GCF_001307765.1,Yes
GCF_001310575.2,No
GCF_001314605.1,Yes
GCF_001319995.1,No
GCF_001320085.1,Yes
GCF_001320165.1,No
GCF_001320205.1,No
GCF_001320295.1,Yes
GCF_001320655.1,No
GCF_001320745.1,Yes
GCF_001320785.1,No
GCF_001368855.1,No
GCF_001368875.1,No
GCF_001368895.1,No
GCF_001399455.2,No
GCF_001403735.1,Yes
GCF_001404195.1,Yes
GCF_001426365.1,No
GCF_001426465.1,No
GCF_001426685.1,No
GCF_001427045.1,No
GCF_001427765.1,No
GCF_001429005.1,No
GCF_001429045.1,No
GCF_001429125.1,No
GCF_001431305.1,No
GCF_001441615.1,No
GCF_001441635.1,No
GCF_001447385.1,No
GCF_001455895.1,No
GCF_001456255.1,Yes
GCF_001458095.1,Yes
GCF_001458195.1,Yes
GCF_001458295.1,Yes
GCF_001458315.1,No
GCF_001458395.1,Yes
GCF_001458435.1,No
GCF_001462175.1,Yes
GCF_001465295.1,No
GCF_001469735.1,Yes
GCF_001471275.2,Yes
GCF_001471575.2,No
GCF_001497485.1,No
GCF_001507545.1,Yes
GCF_001507595.1,Yes
GCF_001525585.2,No
GCF_001525595.2,Yes
GCF_001529285.1,No
GCF_001541335.1,No
GCF_001542955.1,Yes
GCF_001557765.1,No
GCF_001557775.1,No
GCF_001557875.1,No
GCF_001557965.1,No
GCF_001558015.1,No
GCF_001558055.1,No
GCF_001558095.1,No
GCF_001558435.2,No
GCF_001559595.1,No
GCF_001559785.1,Yes
GCF_001563765.1,No
GCF_001574435.1,No
GCF_001584265.1,No
GCF_001591085.1,Yes
GCF_001591105.1,No
GCF_001591145.1,No
GCF_001591185.1,No
GCF_001593695.1,Yes
GCF_001617475.1,No
GCF_001623065.1,Yes
GCF_001623075.1,Yes
GCF_001623085.1,Yes
GCF_001623095.1,Yes
GCF_001623145.1,Yes
GCF_001623165.1,Yes
GCF_001623225.1,Yes
GCF_001623245.1,Yes
GCF_001623285.1,Yes
GCF_001624595.1,Yes
GCF_001624695.1,Yes
GCF_001624705.1,Yes
GCF_001625175.1,No
GCF_001633825.1,No
GCF_001633835.1,No
GCF_001633845.1,No
GCF_001633855.1,No
GCF_001633905.1,No
GCF_001633915.1,No
GCF_001633935.1,No
GCF_001633955.1,No
GCF_001633985.1,No
GCF_001633995.1,No
GCF_001634015.1,No
GCF_001634035.1,No
GCF_001634105.1,No
GCF_001634125.1,No
GCF_001634135.1,No
GCF_001634165.1,No
GCF_001634185.1,No
GCF_001634205.1,No
GCF_001634215.1,No
GCF_001634245.1,No
GCF_001635455.1,No
GCF_001636035.1,No
GCF_001639065.2,No
GCF_001639745.1,No
GCF_001646955.1,No
GCF_001650765.1,No
GCF_001650915.1,No
GCF_001650975.1,No
GCF_001653135.1,No
GCF_001653615.1,No
GCF_001655295.1,No
GCF_001661075.1,Yes
GCF_001675855.1,No
GCF_001675875.1,No
GCF_001675885.1,No
GCF_001675965.1,No
GCF_001676015.1,No
GCF_001676065.1,Yes
GCF_001676075.1,Yes
GCF_001676135.1,Yes
GCF_001676195.1,Yes
GCF_001676215.1,Yes
GCF_001676235.1,No
GCF_001676275.1,Yes
GCF_001678945.1,No
GCF_001679745.1,Yes
GCF_001679925.1,Yes
GCF_001680045.1,No
GCF_001682945.1,No
GCF_001685465.1,No
GCF_001687805.1,No
GCF_001690985.1,No
GCF_001691025.1,No
GCF_001691055.1,Yes
GCF_001691065.1,No
GCF_001691175.1,No
GCF_001691185.1,No
GCF_001691195.1,No
GCF_001691235.1,No
GCF_001691275.1,No
GCF_001692185.1,No
GCF_001693615.1,No
GCF_001695575.1,No
GCF_001696065.1,No
GCF_001696155.1,No
GCF_001696225.1,No
GCF_001707825.1,No
GCF_001708505.1,No
GCF_001713395.1,No
GCF_001718025.1,No
GCF_001723385.1,No
GCF_001726165.1,No
GCF_001726265.1,No
GCF_001726355.1,No
GCF_001726755.1,No
GCF_001726915.1,No
GCF_001726965.1,No
GCF_001726975.1,No
GCF_001726985.1,No
GCF_001727025.1,No
GCF_001727055.1,No
GCF_001727185.1,No
GCF_001727195.1,No
GCF_001727205.1,No
GCF_001727395.1,No
GCF_001727405.1,No
GCF_001727775.1,No
GCF_001727915.1,Yes
GCF_001727975.1,Yes
GCF_001728255.1,No
GCF_001753835.1,No
GCF_001753855.1,No
GCF_001753955.1,No
GCF_001753975.1,No
GCF_001758225.1,No
GCF_001767335.1,Yes
GCF_001808425.1,No
GCF_001854795.1,No
GCF_001854815.1,Yes
GCF_001856105.1,Yes
GCF_001856115.1,No
GCF_001858245.1,No
GCF_001870485.1,No
GCF_001879695.1,Yes
GCF_001879715.1,No
GCF_001886615.1,No
GCF_001888185.1,Yes
GCF_001890925.1,Yes
GCF_001906625.1,No
GCF_001906925.1,No
GCF_001908435.2,No
GCF_001908835.1,Yes
GCF_001909305.1,No
GCF_001921745.1,Yes
GCF_001939685.1,No
GCF_001939735.1,Yes
GCF_001941685.1,No
GCF_001957165.1,No
GCF_001968815.1,Yes
GCF_001968825.1,No
GCF_001969325.1,No
GCF_001969345.1,Yes
GCF_001974565.1,No
GCF_001974605.1,No
GCF_001974615.1,No
GCF_001981245.1,No
GCF_001991055.1,No
GCF_001995865.1,No
GCF_001995995.1,No
GCF_002002385.1,No
GCF_002003485.1,No
GCF_002009235.1,No
GCF_002021755.1,No
GCF_002026255.1,No
GCF_002027615.1,No
GCF_002029345.1,No
GCF_002072155.1,No
GCF_002073635.2,Yes
GCF_002094775.1,Yes
GCF_002094785.1,No
GCF_002094795.1,Yes
GCF_002094875.1,No
GCF_002101315.1,No
GCF_002105235.1,Yes
GCF_002105475.1,No
GCF_002114195.1,Yes
GCF_002114585.1,No
GCF_002114595.1,No
GCF_002115725.1,Yes
GCF_002115805.1,Yes
GCF_002118275.1,Yes
GCF_002118285.1,Yes
GCF_002118315.1,Yes
GCF_002119405.1,No
GCF_002119505.2,No
GCF_002119545.1,No
GCF_002119565.1,No
GCF_002119585.1,No
GCF_002140055.1,No
GCF_002142655.1,No
GCF_002149085.1,No
GCF_002149105.1,No
GCF_002150805.1,No
GCF_002155145.1,Yes
GCF_002156455.1,No
GCF_002156475.1,No
GCF_002156525.1,No
GCF_002157205.1,Yes
GCF_002157515.1,No
GCF_002157895.1,No
GCF_002163755.1,No
GCF_002165665.1,No
GCF_002165695.1,No
GCF_002188465.1,No
GCF_002196965.1,No
GCF_002197465.1,No
GCF_002211785.1,Yes
GCF_002214395.1,No
GCF_002220365.1,Yes
GCF_002221425.1,No
GCF_002224105.1,No
GCF_002236105.1,Yes
GCF_002238235.1,No
GCF_002265265.1,No
GCF_002276045.1,No
GCF_002286405.1,No
GCF_002286655.1,No
GCF_002287625.1,No
GCF_002290005.1,No
GCF_002295105.1,No
GCF_002302355.1,No
GCF_002302375.1,No
GCF_002303925.1,No
GCF_002303975.1,Yes
GCF_002332245.1,No
GCF_002342735.1,No
GCF_002354655.1,Yes
GCF_002356095.1,Yes
GCF_002358135.1,No
GCF_002377945.1,Yes
GCF_002381285.1,Yes
GCF_002381305.1,Yes
GCF_002381325.1,Yes
GCF_002381365.1,Yes
GCF_002381385.1,Yes
GCF_002388965.1,Yes
GCF_002388985.1,Yes
GCF_002393525.1,Yes
GCF_002407245.1,Yes
GCF_002412025.1,Yes
GCF_002412045.1,Yes
GCF_002438125.1,Yes
GCF_002453835.1,Yes
GCF_002454035.1,Yes
GCF_002563795.1,No
GCF_002697735.1,Yes
GCF_002706495.1,Yes
GCF_002714685.1,Yes
GCF_002721215.1,Yes
GCF_002723455.1,No
GCF_002723615.1,Yes
GCF_002733065.1,No
GCF_002737025.1,No
GCF_002741075.1,No
GCF_002741985.1,No
GCF_002742585.1,No
GCF_002742995.1,No
GCF_002743035.1,No
GCF_002743055.1,No
GCF_002743115.1,No
GCF_002743165.1,No
GCF_002743245.1,No
GCF_002795845.1,Yes
GCF_002796795.1,Yes
GCF_002797755.1,No
GCF_002802985.1,No
GCF_002806975.1,No
GCF_002807095.1,No
GCF_002810225.1,Yes
GCF_002834145.1,No
GCF_002835505.1,No
GCF_002835515.1,No
GCF_002835905.1,Yes
GCF_002835995.1,Yes
GCF_002836245.1,No
GCF_002836355.1,No
GCF_002836415.1,Yes
GCF_002836735.1,No
GCF_002850295.1,No
GCF_002860325.1,Yes
GCF_002862505.1,Yes
GCF_002864745.1,No
GCF_002864765.1,No
GCF_002864815.1,No
GCF_002864915.1,No
GCF_002864945.1,No
GCF_002865005.1,No
GCF_002865045.1,No
GCF_002865155.1,No
GCF_002865185.1,No
GCF_002865225.1,No
GCF_002872535.2,No
GCF_002872545.1,No
GCF_002872555.1,No
GCF_002872565.1,No
GCF_002872615.1,No
GCF_002872625.1,Yes
GCF_002872635.1,No
GCF_002872645.1,No
GCF_002872695.1,No
GCF_002872705.1,No
GCF_002872735.1,No
GCF_002872755.1,Yes
GCF_002872775.1,No
GCF_002872815.1,No
GCF_002872835.1,No
GCF_002872855.1,No
GCF_002872865.1,No
GCF_002872895.1,No
GCF_002872905.1,No
GCF_002872925.1,No
GCF_002872955.1,No
GCF_002872975.1,Yes
GCF_002873015.1,Yes
GCF_002873035.1,Yes
GCF_002873045.1,No
GCF_002873075.1,No
GCF_002873095.1,No
GCF_002873115.1,No
GCF_002873185.1,No
GCF_002873195.1,No
GCF_002873225.1,Yes
GCF_002873235.1,No
GCF_002873265.1,No
GCF_002873285.1,No
GCF_002873335.1,No
GCF_002873345.1,No
GCF_002873375.1,Yes
GCF_002873405.1,No
GCF_002873455.1,No
GCF_002873475.1,No
GCF_002873485.1,No
GCF_002873515.1,No
GCF_002873555.1,No
GCF_002873565.1,No
GCF_002873645.1,No
GCF_002873695.1,No
GCF_002873735.1,No
GCF_002873745.1,No
GCF_002873825.1,Yes
GCF_002873855.2,No
GCF_002873935.1,No
GCF_002873965.1,Yes
GCF_002873995.1,No
GCF_002874015.1,No
GCF_002874035.1,No
GCF_002874055.1,No
GCF_002874075.1,No
GCF_002874085.1,Yes
GCF_002874115.1,No
GCF_002874135.1,No
GCF_002874155.1,Yes
GCF_002874165.1,Yes
GCF_002874195.1,No
GCF_002874205.1,No
GCF_002874235.1,No
GCF_002874245.1,No
GCF_002874275.1,No
GCF_002874305.1,No
GCF_002874335.1,No
GCF_002874375.1,Yes
GCF_002874415.1,No
GCF_002874435.1,No
GCF_002874445.1,No
GCF_002874485.1,No
GCF_002874515.1,No
GCF_002874555.1,No
GCF_002874595.1,No
GCF_002874615.1,No
GCF_002874655.2,No
GCF_002874745.1,No
GCF_002874765.1,No
GCF_002874795.1,No
GCF_002874845.1,No
GCF_002874905.1,Yes
GCF_002874925.1,No
GCF_002874945.1,No
GCF_002874975.1,No
GCF_002875005.1,No
GCF_002875015.1,No
GCF_002875045.1,No
GCF_002875065.1,No
GCF_002875085.1,No
GCF_002875095.1,No
GCF_002875125.1,No
GCF_002875145.1,No
GCF_002875225.1,No
GCF_002875305.1,No
GCF_002875345.1,No
GCF_002875385.1,No
GCF_002875395.1,No
GCF_002875465.1,No
GCF_002875485.1,No
GCF_002875495.1,No
GCF_002875525.1,No
GCF_002875545.1,No
GCF_002875625.1,No
GCF_002875635.1,Yes
GCF_002875665.1,No
GCF_002875715.1,No
GCF_002875745.1,No
GCF_002875755.1,No
GCF_002875785.1,No
GCF_002875805.1,No
GCF_002875825.1,No
GCF_002875845.1,No
GCF_002875865.2,No
GCF_002875945.1,No
GCF_002875965.1,No
GCF_002875995.1,No
GCF_002876025.1,No
GCF_002876045.1,No
GCF_002876065.1,No
GCF_002876085.1,No
GCF_002876105.1,No
GCF_002876225.1,No
GCF_002876245.1,No
GCF_002876255.1,No
GCF_002876285.1,No
GCF_002876325.1,No
GCF_002876335.1,No
GCF_002876365.1,No
GCF_002876405.1,No
GCF_002876415.1,No
GCF_002876425.1,No
GCF_002876465.1,No
GCF_002876485.1,No
GCF_002876525.1,No
GCF_002876565.1,No
GCF_002876645.1,No
GCF_002876665.1,No
GCF_002876675.1,No
GCF_002876705.1,No
GCF_002876745.1,No
GCF_002876785.1,No
GCF_002876795.1,No
GCF_002876825.1,No
GCF_002876845.1,No
GCF_002876865.1,No
GCF_002876905.1,No
GCF_002876945.2,No
GCF_002877005.2,No
GCF_002877015.1,No
GCF_002877115.1,No
GCF_002877155.1,No
GCF_002877195.1,No
GCF_002877225.1,No
GCF_002877235.1,No
GCF_002877245.1,No
GCF_002877315.1,No
GCF_002877345.1,No
GCF_002877375.1,Yes
GCF_002877405.1,No
GCF_002877415.1,No
GCF_002877445.1,No
GCF_002877465.1,Yes
GCF_002877485.1,No
GCF_002877505.1,No
GCF_002877525.1,No
GCF_002877535.1,No
GCF_002877585.1,No
GCF_002877605.2,No
GCF_002877625.1,No
GCF_002877645.1,No
GCF_002877705.1,No
GCF_002877725.1,No
GCF_002877735.1,No
GCF_002877745.1,No
GCF_002878515.1,No
GCF_002878555.1,No
GCF_002878595.1,No
GCF_002878635.1,No
GCF_002883535.1,Yes
GCF_002883915.1,Yes
GCF_002887615.1,No
GCF_002888685.1,Yes
GCF_002888715.1,Yes
GCF_002891665.1,Yes
GCF_002891885.1,Yes
GCF_002891905.1,Yes
GCF_002891925.1,Yes
GCF_002891945.1,Yes
GCF_002891965.1,Yes
GCF_002891985.1,Yes
GCF_002892005.1,Yes
GCF_002892025.1,Yes
GCF_002892045.1,Yes
GCF_002892065.1,Yes
GCF_002892085.1,Yes
GCF_002892125.1,Yes
GCF_002892145.1,Yes
GCF_002892165.1,Yes
GCF_002892185.1,Yes
GCF_002892205.1,Yes
GCF_002892225.1,Yes
GCF_002892245.1,Yes
GCF_002892265.1,Yes
GCF_002893865.1,Yes
GCF_002897295.1,No
GCF_002899905.1,No
GCF_002901725.1,Yes
GCF_002901745.1,No
GCF_002906455.1,No
GCF_002906475.1,No
GCF_002906655.1,No
GCF_002906715.1,Yes
GCF_002906815.1,Yes
GCF_002910975.1,Yes
GCF_002917925.1,No
GCF_002929905.1,No
GCF_002929925.1,No
GCF_002929935.1,No
GCF_002929945.1,No
GCF_002929985.1,No
GCF_002930005.1,No
GCF_002930045.1,No
GCF_002933275.1,No
GCF_002933855.1,No
GCF_002934665.1,No
GCF_002934685.1,Yes
GCF_002936955.1,No
GCF_002953115.1,Yes
GCF_002953395.1,Yes
GCF_002953975.1,Yes
GCF_002954505.1,No
GCF_002954525.1,No
GCF_002954555.1,No
GCF_002954715.1,Yes
GCF_002954725.1,Yes
GCF_002995655.1,No
GCF_003002115.1,Yes
GCF_003002975.1,Yes
GCF_003002995.1,No
GCF_003003215.1,Yes
GCF_003003355.1,No
GCF_003012795.1,No
GCF_003014475.1,Yes
GCF_003014615.1,No
GCF_003025535.1,Yes
GCF_003025555.1,No
GCF_003025615.1,Yes
GCF_003025625.1,Yes
GCF_003025655.1,Yes
GCF_003025695.1,Yes
GCF_003025715.1,Yes
GCF_003025735.1,Yes
GCF_003025755.1,Yes
GCF_003025775.1,Yes
GCF_003025795.1,Yes
GCF_003025815.1,Yes
GCF_003025835.1,Yes
GCF_003025855.1,Yes
GCF_003025875.1,Yes
GCF_003025895.1,Yes
GCF_003025915.1,No
GCF_003025935.1,Yes
GCF_003025945.1,Yes
GCF_003025975.1,Yes
GCF_003025995.1,No
GCF_003026215.1,No
GCF_003026275.1,Yes
GCF_003026285.1,Yes
GCF_003026355.1,Yes
GCF_003026365.1,No
GCF_003026435.1,No
GCF_003026455.1,No
GCF_003026495.1,No
GCF_003026515.1,Yes
GCF_003026535.1,Yes
GCF_003026545.1,Yes
GCF_003026575.1,Yes
GCF_003026595.1,Yes
GCF_003026615.1,Yes
GCF_003026635.1,Yes
GCF_003026655.1,Yes
GCF_003026675.1,Yes
GCF_003026855.1,No
GCF_003026975.1,Yes
GCF_003027035.1,Yes
GCF_003027055.1,Yes
GCF_003027115.1,Yes
GCF_003028875.1,Yes
GCF_003030845.1,No
GCF_003031585.1,Yes
GCF_003045765.1,No
GCF_003045775.1,No
GCF_003049845.1,No
GCF_003049855.1,No
GCF_003049865.1,No
GCF_003049905.1,No
GCF_003049925.1,No
GCF_003049945.1,No
GCF_003049965.1,No
GCF_003049975.1,No
GCF_003050005.1,No
GCF_003050025.1,No
GCF_003050045.1,No
GCF_003050065.1,No
GCF_003050085.1,No
GCF_003050105.1,No
GCF_003050125.1,No
GCF_003050145.1,No
GCF_003050165.1,No
GCF_003050175.1,No
GCF_003050205.1,No
GCF_003050225.1,No
GCF_003050245.1,No
GCF_003050255.1,No
GCF_003050285.1,No
GCF_003050305.1,No
GCF_003050315.1,No
GCF_003050345.1,No
GCF_003050355.1,No
GCF_003050385.1,No
GCF_003050405.1,No
GCF_003050425.1,No
GCF_003050445.1,No
GCF_003050465.1,No
GCF_003050485.1,No
GCF_003050505.1,No
GCF_003050545.1,No
GCF_003050585.1,No
GCF_003050605.1,No
GCF_003053335.1,No
GCF_003053385.1,No
GCF_003054195.1,Yes
GCF_003056305.1,No
GCF_003056325.1,Yes
GCF_003057655.1,No
GCF_003072125.1,Yes
GCF_003075035.1,Yes
GCF_003085735.1,No
GCF_003097275.1,No
GCF_003097295.1,No
GCF_003097365.1,Yes
GCF_003121405.1,No
GCF_003122205.1,No
GCF_003123985.1,No
GCF_003129565.1,No
GCF_003148585.1,No
GCF_003149265.1,No
GCF_003149565.1,No
GCF_003172875.1,Yes
GCF_003176655.1,Yes
GCF_003203495.1,No
GCF_003204195.1,No
GCF_003208435.1,Yes
GCF_003209315.1,Yes
GCF_003217155.1,No
GCF_003225665.1,No
GCF_003225695.1,No
GCF_003225705.1,No
GCF_003225735.1,No
GCF_003225755.1,No
GCF_003243335.1,No
GCF_003254185.1,Yes
GCF_003258595.1,No
GCF_003258835.1,Yes
GCF_003269045.1,No
GCF_003269115.1,No
GCF_003289945.1,No
GCF_003298505.1,Yes
GCF_003312585.1,No
GCF_003315345.1,No
GCF_003316635.1,Yes
GCF_003318155.1,No
GCF_003318255.1,Yes
GCF_003326605.2,No
GCF_003333265.1,Yes
GCF_003334845.1,No
GCF_003337565.1,Yes
GCF_003340555.1,No
GCF_003345295.1,No
GCF_003345655.1,Yes
GCF_003350225.1,No
GCF_003352065.1,Yes
GCF_003385185.1,No
GCF_003385555.1,No
GCF_003385715.1,No
GCF_003391375.1,No
GCF_003399705.1,Yes
GCF_003408655.1,No
GCF_003408935.1,No
GCF_003443535.1,Yes
GCF_003443555.1,Yes
GCF_003443575.1,Yes
GCF_003443595.1,Yes
GCF_003507055.1,Yes
GCF_003524605.1,Yes
GCF_003570715.1,Yes
GCF_003574735.1,Yes
GCF_003586135.1,Yes
GCF_003596405.1,No
GCF_003605645.1,Yes
GCF_003610515.1,Yes
GCF_003612915.1,No
GCF_003613035.1,No
GCF_003613065.1,No
GCF_003634925.1,Yes
GCF_003651245.1,No
GCF_003663885.1,Yes
GCF_003664205.1,Yes
GCF_003666515.1,No
GCF_003671955.1,Yes
GCF_003691485.1,No
GCF_003691505.1,No
GCF_003691545.1,No
GCF_003725815.1,No
GCF_003726935.1,No
GCF_003731745.1,Yes
GCF_003731905.1,No
GCF_003731925.1,No
GCF_003731955.1,No
GCF_003751095.1,No
GCF_003751145.1,No
GCF_003751155.1,No
GCF_003751205.1,No
GCF_003751235.1,No
GCF_003751525.1,No
GCF_003751575.1,No
GCF_003751765.1,No
GCF_003751865.1,No
GCF_003751925.1,No
GCF_003751935.1,No
GCF_003752445.1,No
GCF_003755045.1,No
GCF_003755055.1,No
GCF_003755075.1,No
GCF_003790425.1,No
GCF_003798525.1,No
GCF_003814595.1,No
GCF_003814615.1,No
GCF_003814645.1,No
GCF_003814675.1,No
GCF_003814775.1,No
GCF_003814845.1,No
GCF_003814975.1,No
GCF_003841465.1,No
GCF_003856855.1,No
GCF_003858655.1,Yes
GCF_003937805.1,Yes
GCF_003942025.1,No
GCF_003946885.1,No
GCF_003952545.1,No
GCF_003966155.1,No
GCF_003970385.1,No
GCF_003970425.1,Yes
GCF_003989795.1,No
GCF_003990645.1,No
GCF_003991405.1,Yes
GCF_003994535.1,No
GCF_003997225.1,No
GCF_003998015.1,Yes
GCF_003998265.1,Yes
GCF_004000255.1,No
GCF_004001945.1,No
GCF_004002165.1,No
GCF_004002175.1,No
GCF_004002185.1,No
GCF_004002265.1,No
GCF_004002295.1,No
GCF_004002305.1,No
GCF_004002375.1,No
GCF_004002395.1,No
GCF_004002565.1,No
GCF_004002595.1,No
GCF_004002725.1,No
GCF_004002805.1,No
GCF_004003005.1,No
GCF_004003085.1,No
GCF_004003175.1,No
GCF_004003245.1,No
GCF_004003255.1,No
GCF_004003395.1,No
GCF_004003615.1,No
GCF_004004015.1,No
GCF_004004025.1,No
GCF_004004045.1,No
GCF_004004125.1,No
GCF_004004135.1,No
GCF_004004355.1,No
GCF_004004445.1,No
GCF_004004485.1,No
GCF_004004695.1,No
GCF_004006175.1,Yes
GCF_004011175.1,No
GCF_004016625.1,Yes
GCF_004016745.1,Yes
GCF_004016805.1,Yes
GCF_004016895.1,Yes
GCF_004017175.1,Yes
GCF_004017525.1,Yes
GCF_004017535.1,Yes
GCF_004017565.1,No
GCF_004017585.1,No
GCF_004017935.1,No
GCF_004018155.1,Yes
GCF_004018165.1,No
GCF_004018245.1,Yes
GCF_004019575.1,Yes
GCF_004020305.1,Yes
GCF_004020595.1,Yes
GCF_004020855.1,Yes
GCF_004020875.1,Yes
GCF_004020985.1,Yes
GCF_004020995.1,Yes
GCF_004022075.1,No
GCF_004022615.1,No
GCF_004104355.1,Yes
GCF_004116385.1,Yes
GCF_004120195.1,No
GCF_004123195.1,Yes
GCF_004145845.1,Yes
GCF_004153435.1,No
GCF_004153505.1,No
GCF_004168035.1,No
GCF_004283075.1,No
GCF_004328665.1,Yes
GCF_004340345.1,No
GCF_004341035.1,No
GCF_004341645.1,No
GCF_004341705.1,No
GCF_004341745.1,No
GCF_004341905.1,No
GCF_004342205.1,No
GCF_004342305.1,No
GCF_004342375.1,No
GCF_004342545.1,No
GCF_004342565.1,No
GCF_004342805.1,No
GCF_004342865.1,No
GCF_004342955.1,No
GCF_004343405.1,No
GCF_004343425.1,No
GCF_004343545.1,No
GCF_004345225.1,No
GCF_004345475.1,No
GCF_004345525.1,No
GCF_004345545.1,No
GCF_004345555.1,No
GCF_004345845.1,No
GCF_004346295.1,No
GCF_004346325.1,No
GCF_004346345.1,No
GCF_004346495.1,No
GCF_004346625.1,No
GCF_004346865.1,No
GCF_004347715.1,No
GCF_004348895.1,No
GCF_004349325.1,No
GCF_004349375.1,No
GCF_004358695.1,Yes
GCF_004363555.1,No
GCF_004363665.1,No
GCF_004364805.1,No
GCF_004365255.1,No
GCF_004519745.1,No
GCF_004522045.1,Yes
GCF_004524855.1,Yes
GCF_004535885.1,Yes
GCF_004551525.1,No
GCF_004614155.1,No
GCF_004614175.1,Yes
GCF_004681185.1,No
GCF_004761875.1,Yes
GCF_004764445.1,No
GCF_004764665.1,No
GCF_004785685.1,No
GCF_004792665.1,No
GCF_004798905.1,Yes
GCF_004804335.1,No
GCF_004959845.1,No
GCF_004959855.1,No
GCF_004962315.1,Yes
GCF_004962575.1,Yes
GCF_004963255.1,Yes
GCF_004964505.1,No
GCF_005144905.1,Yes
GCF_005145745.1,No
GCF_005145765.1,No
GCF_005145775.1,No
GCF_005145785.1,No
GCF_005145845.1,No
GCF_005145855.1,No
GCF_005145865.1,No
GCF_005145885.1,No
GCF_005145915.1,Yes
GCF_005145945.1,Yes
GCF_005146325.1,No
GCF_005146345.1,Yes
GCF_005146365.1,Yes
GCF_005146375.1,No
GCF_005146405.1,No
GCF_005146415.1,No
GCF_005146425.1,No
GCF_005146445.1,No
GCF_005146485.1,No
GCF_005146495.1,No
GCF_005146515.1,No
GCF_005146525.1,No
GCF_005146545.1,No
GCF_005146585.1,No
GCF_005146605.1,No
GCF_005146615.1,No
GCF_005146635.1,No
GCF_005146675.1,No
GCF_005146695.1,No
GCF_005146725.1,No
GCF_005146755.1,No
GCF_005146775.1,Yes
GCF_005146815.1,No
GCF_005146825.1,No
GCF_005146845.1,No
GCF_005146875.1,No
GCF_005146895.1,No
GCF_005146915.1,No
GCF_005166255.1,Yes
GCF_005281815.1,No
GCF_005281825.1,Yes
GCF_005281835.1,Yes
GCF_005298175.1,No
GCF_005434965.1,Yes
GCF_005502555.1,No
GCF_005518135.1,Yes
GCF_005576615.1,No
GCF_005771405.1,Yes
GCF_005780185.1,No
GCF_005871125.1,Yes
GCF_005871205.1,No
GCF_005887595.1,Yes
GCF_005930545.1,Yes
GCF_005930605.1,Yes
GCF_005937845.2,No
GCF_005938215.1,Yes
GCF_006094435.1,Yes
GCF_006124875.1,No
GCF_006125005.1,No
GCF_006125015.1,Yes
GCF_006148955.1,Yes
GCF_006151825.1,No
GCF_006368365.1,No
GCF_006368625.1,No
GCF_006368785.1,No
GCF_006368815.1,No
GCF_006369055.1,No
GCF_006369095.1,No
GCF_006369105.1,No
GCF_006369195.1,No
GCF_006369355.1,No
GCF_006369365.1,No
GCF_006369375.1,No
GCF_006369425.1,No
GCF_006369475.1,No
GCF_006369565.1,No
GCF_006369655.1,No
GCF_006370775.1,No
GCF_006371265.1,No
GCF_006371395.1,No
GCF_006371795.1,No
GCF_006371845.1,No
GCF_006371915.1,No
GCF_006372535.1,No
GCF_006373015.1,No
GCF_006373115.1,No
GCF_006373195.1,No
GCF_006373315.1,No
GCF_006373325.1,No
GCF_006373495.1,No
GCF_006373635.1,No
GCF_006373705.1,No
GCF_006373735.1,No
GCF_006373775.1,No
GCF_006373935.1,No
GCF_006373955.1,No
GCF_006373975.1,No
GCF_006374035.1,No
GCF_006374045.1,No
GCF_006374075.1,No
GCF_006374135.1,No
GCF_006374375.1,No
GCF_006374585.1,No
GCF_006374665.1,No
GCF_006374675.1,No
GCF_006374775.1,No
GCF_006374875.1,No
GCF_006374895.1,No
GCF_006374915.1,No
GCF_006375335.1,No
GCF_006376745.1,No
GCF_006376775.1,Yes
GCF_006377105.1,No
GCF_006377195.1,No
GCF_006377225.1,No
GCF_006377285.1,No
GCF_006377345.1,No
GCF_006377545.1,No
GCF_006378635.1,No
GCF_006378795.1,No
GCF_006378865.1,No
GCF_006378955.1,No
GCF_006439355.1,No
GCF_006439375.1,No
GCF_006439495.1,No
GCF_006439555.1,No
GCF_006439595.1,No
GCF_006439635.1,No
GCF_006440575.1,No
GCF_006440735.1,No
GCF_006440775.1,No
GCF_006440815.1,No
GCF_006442775.1,No
GCF_006442815.1,No
GCF_006442965.1,No
GCF_006443065.1,No
GCF_006443075.1,No
GCF_006538425.1,Yes
GCF_006538985.1,No
GCF_006540005.1,Yes
GCF_006715545.1,No
GCF_006716015.1,No
GCF_006740765.1,Yes
GCF_007004645.1,Yes
GCF_007004665.1,Yes
GCF_007049805.1,No
GCF_007182835.1,No
GCF_007197555.1,Yes
GCF_007197645.1,Yes
GCF_007279645.1,Yes
GCF_007474605.1,No
GCF_007671675.1,No
GCF_007786215.1,No
GCF_007827675.1,No
GCF_007827695.1,No
GCF_007827705.1,No
GCF_007827735.1,No
GCF_007827875.1,No
GCF_007828565.1,No
GCF_007828595.1,No
GCF_007828805.1,No
GCF_007829635.1,No
GCF_007830625.1,Yes
GCF_007833635.1,No
GCF_007858795.1,No
GCF_007858805.1,No
GCF_007858815.1,No
GCF_007858825.1,No
GCF_007858835.1,No
GCF_007858895.1,No
GCF_007858905.1,No
GCF_007858925.1,No
GCF_007923355.1,Yes
GCF_007923445.1,No
GCF_007954275.1,No
GCF_007990935.1,Yes
GCF_007991155.1,No
GCF_007993865.1,Yes
GCF_007997305.1,Yes
GCF_008039225.1,No
GCF_008122525.1,No
GCF_008124495.1,No
GCF_008271565.1,Yes
GCF_008271735.1,No
GCF_008369105.1,No
GCF_008369115.1,Yes
GCF_008369225.1,Yes
GCF_008369245.1,Yes
GCF_008369335.1,No
GCF_008630635.1,Yes
GCF_008638035.1,No
GCF_008692745.1,No
GCF_008711325.1,Yes
GCF_008711465.1,Yes
GCF_008756925.1,No
GCF_008756975.1,No
GCF_008795935.1,No
GCF_008801285.1,No
GCF_008801295.1,No
GCF_008801375.1,No
GCF_008807375.1,Yes
GCF_008807675.1,Yes
GCF_008824165.1,Yes
GCF_008921745.1,Yes
GCF_008931805.1,No
GCF_008933155.1,No
GCF_008933605.1,Yes
GCF_009184395.1,No
GCF_009184745.1,No
GCF_009193265.1,No
GCF_009208055.1,No
GCF_009208075.1,No
GCF_009208095.1,No
GCF_009361695.1,No
GCF_009362845.1,No
GCF_009363355.1,No
GCF_009363415.1,No
GCF_009363455.1,No
GCF_009363615.1,Yes
GCF_009377275.1,Yes
GCF_009391885.1,No
GCF_009455635.1,No
GCF_009496005.1,Yes
GCF_009599705.1,No
GCF_009599775.1,No
GCF_009599825.1,No
GCF_009599855.1,No
GCF_009599905.1,No
GCF_009599925.1,No
GCF_009599935.1,No
GCF_009599955.1,No
GCF_009601185.1,No
GCF_009601285.1,No
GCF_009601295.1,No
GCF_009601305.1,No
GCF_009601495.1,No
GCF_009601525.1,No
GCF_009601615.1,No
GCF_009601655.1,No
GCF_009601765.2,Yes
GCF_009617595.1,No
GCF_009649225.1,Yes
GCF_009651005.1,No
GCF_009662095.1,No
GCF_009664835.1,No
GCF_009665315.1,No
GCF_009665435.1,No
GCF_009669325.1,Yes
GCF_009674635.1,Yes
GCF_009676865.1,No
GCF_009708195.1,No
GCF_009711185.1,Yes
GCF_009711355.1,Yes
GCF_009711415.1,No
GCF_009711445.1,Yes
GCF_009711895.1,Yes
GCF_009725675.1,Yes
GCF_009746605.1,Yes
GCF_009753675.1,Yes
GCF_009761815.1,No
GCF_009763025.1,No
GCF_009763085.1,Yes
GCF_009763745.1,Yes
GCF_009763845.1,Yes
GCF_009764265.1,No
GCF_009765655.1,Yes
GCF_009765995.1,Yes
GCF_009766085.1,No
GCF_009793355.1,No
GCF_009805925.1,Yes
GCF_009811795.1,No
GCF_009856225.1,No
GCF_009856295.1,No
GCF_009857245.1,No
GCF_009861525.1,No
GCF_009883655.1,No
GCF_009883895.1,No
GCF_009897645.1,No
GCF_009904715.1,Yes
GCF_009904725.1,No
GCF_009904765.1,No
GCF_009904805.1,No
GCF_009904845.1,No
GCF_009904855.1,No
GCF_009905395.1,No
GCF_009905435.1,No
GCF_009906085.1,No
GCF_009906175.1,No
GCF_009906185.1,No
GCF_009906235.1,No
GCF_009908205.1,Yes
GCF_009908285.1,Yes
GCF_009908315.1,Yes
GCF_009910445.1,No
GCF_009910675.1,Yes
GCF_009925085.1,Yes
GCF_009991855.1,No
GCF_009991885.1,No
GCF_010092875.1,Yes
GCF_010095445.2,No
GCF_010179695.1,No
GCF_010500245.1,No
GCF_010548145.1,No
GCF_010994755.1,No
GCF_011045095.1,Yes
GCF_011049865.1,No
GCF_011050585.1,Yes
GCF_011059185.1,Yes
GCF_011212705.1,No
GCF_011326755.1,Yes
GCF_011355085.1,No
GCF_011378715.1,No
GCF_011493005.1,No
GCF_011601345.1,No
GCF_011750655.1,No
GCF_011750675.1,No
GCF_011801435.1,Yes
GCF_011801455.1,No
GCF_011806535.1,No
GCF_011813015.1,Yes
GCF_012274965.1,Yes
GCF_012275085.1,No
GCF_012275705.1,No
GCF_012647205.1,No
GCF_012927345.1,Yes
GCF_012952265.1,No
GCF_012955645.1,Yes
GCF_012956055.1,No
GCF_012986065.1,No
GCF_012986115.1,No
GCF_013002825.1,No
GCF_013030165.1,Yes
GCF_013030225.1,No
GCF_013030235.1,Yes
GCF_013030285.1,Yes
GCF_013030305.1,Yes
GCF_013030325.1,Yes
GCF_013030985.1,Yes
GCF_013031015.1,Yes
GCF_013031165.1,Yes
GCF_013031175.1,Yes
GCF_013031185.1,Yes
GCF_013031225.1,Yes
GCF_013031245.1,Yes
GCF_013031295.1,Yes
GCF_013031325.1,Yes
GCF_013031345.1,Yes
GCF_013031355.1,Yes
GCF_013031405.1,Yes
GCF_013031565.1,No
GCF_013031985.1,Yes
GCF_013032005.1,Yes
GCF_013032025.1,Yes
GCF_013032035.1,Yes
GCF_013032145.1,Yes
GCF_013032185.1,Yes
GCF_013032225.1,Yes
GCF_013032265.1,Yes
GCF_013032455.1,Yes
GCF_013032505.1,Yes
GCF_013032525.1,Yes
GCF_013032575.1,Yes
GCF_013032735.1,No
GCF_013032765.1,No
GCF_013032825.1,Yes
GCF_013032845.1,Yes
GCF_013032855.1,No
GCF_013032875.1,Yes
GCF_013032925.1,Yes
GCF_013032945.1,Yes
GCF_013033125.1,Yes
GCF_013033185.1,Yes
GCF_013033235.1,Yes
GCF_013033245.1,Yes
GCF_013033425.1,Yes
GCF_013033465.1,Yes
GCF_013033475.1,Yes
GCF_013033505.1,No
GCF_013033515.1,Yes
GCF_013033705.1,Yes
GCF_013033965.1,Yes
GCF_013034145.1,Yes
GCF_013034165.1,Yes
GCF_013034175.1,Yes
GCF_013034245.1,Yes
GCF_013034425.1,Yes
GCF_013034445.1,Yes
GCF_013034465.1,Yes
GCF_013034475.1,No
GCF_013034485.1,Yes
GCF_013034525.1,Yes
GCF_013034545.1,Yes
GCF_013034565.1,Yes
GCF_013034585.1,Yes
GCF_013034595.1,Yes
GCF_013034605.1,Yes
GCF_013034685.1,No
GCF_013034745.1,No
GCF_013035025.1,Yes
GCF_013035045.1,Yes
GCF_013035055.1,Yes
GCF_013035065.1,Yes
GCF_013035085.1,Yes
GCF_013035125.1,Yes
GCF_013035145.1,Yes
GCF_013035165.1,Yes
GCF_013035175.1,Yes
GCF_013035185.1,Yes
GCF_013035225.1,Yes
GCF_013035235.1,Yes
GCF_013035265.1,Yes
GCF_013035305.1,Yes
GCF_013035315.1,Yes
GCF_013035375.1,Yes
GCF_013035425.1,Yes
GCF_013035475.1,No
GCF_013035585.1,No
GCF_013035625.1,Yes
GCF_013035825.1,No
GCF_013048495.1,No
GCF_013048515.1,No
GCF_013048535.1,Yes
GCF_013048545.1,Yes
GCF_013048605.1,Yes
GCF_013048625.1,No
GCF_013048645.1,Yes
GCF_013074385.2,Yes
GCF_013106695.1,Yes
GCF_013106705.1,Yes
GCF_013106735.1,Yes
GCF_013106745.1,Yes
GCF_013106795.1,Yes
GCF_013106815.1,Yes
GCF_013106825.1,Yes
GCF_013106855.1,Yes
GCF_013106865.1,Yes
GCF_013106895.1,Yes
GCF_013106915.1,Yes
GCF_013106925.1,Yes
GCF_013106955.1,Yes
GCF_013106965.1,Yes
GCF_013106975.1,Yes
GCF_013107015.1,Yes
GCF_013107025.1,Yes
GCF_013107035.1,Yes
GCF_013107045.1,Yes
GCF_013107095.1,Yes
GCF_013107115.1,Yes
GCF_013107125.1,Yes
GCF_013107135.1,Yes
GCF_013107175.1,Yes
GCF_013107185.1,Yes
GCF_013107215.1,Yes
GCF_013107235.1,Yes
GCF_013107245.1,Yes
GCF_013107255.1,Yes
GCF_013107265.1,Yes
GCF_013107315.1,Yes
GCF_013107335.1,Yes
GCF_013107345.1,Yes
GCF_013107375.1,Yes
GCF_013107385.1,Yes
GCF_013107415.1,Yes
GCF_013107425.1,Yes
GCF_013107445.1,Yes
GCF_013107475.1,Yes
GCF_013107485.1,Yes
GCF_013107495.1,Yes
GCF_013107515.1,Yes
GCF_013107555.1,Yes
GCF_013107575.1,Yes
GCF_013107595.1,Yes
GCF_013107605.1,Yes
GCF_013107615.1,Yes
GCF_013107635.1,Yes
GCF_013107675.1,Yes
GCF_013107685.1,Yes
GCF_013107715.1,Yes
GCF_013107735.1,Yes
GCF_013107745.1,Yes
GCF_013107775.1,Yes
GCF_013107795.1,Yes
GCF_013107805.1,Yes
GCF_013107835.1,Yes
GCF_013107845.1,Yes
GCF_013107855.1,Yes
GCF_013107895.1,Yes
GCF_013107905.1,Yes
GCF_013107925.1,Yes
GCF_013107935.1,Yes
GCF_013107955.1,Yes
GCF_013107995.1,Yes
GCF_013108005.1,Yes
GCF_013108015.1,Yes
GCF_013108055.1,Yes
GCF_013108065.1,Yes
GCF_013108095.1,Yes
GCF_013108115.1,Yes
GCF_013108135.1,Yes
GCF_013108145.1,Yes
GCF_013108165.1,Yes
GCF_013108195.1,Yes
GCF_013108215.1,Yes
GCF_013108225.1,Yes
GCF_013108255.1,Yes
GCF_013108265.1,Yes
GCF_013108275.1,Yes
GCF_013108315.1,Yes
GCF_013108325.1,Yes
GCF_013108345.1,Yes
GCF_013108375.1,Yes
GCF_013108395.1,Yes
GCF_013108405.1,Yes
GCF_013108435.1,Yes
GCF_013108445.1,Yes
GCF_013108455.1,Yes
GCF_013108495.1,Yes
GCF_013108505.1,Yes
GCF_013108525.1,Yes
GCF_013108535.1,Yes
GCF_013108555.1,Yes
GCF_013108595.1,Yes
GCF_013108615.1,Yes
GCF_013108625.1,Yes
GCF_013108635.1,Yes
GCF_013108645.1,Yes
GCF_013108695.1,Yes
GCF_013108715.1,Yes
GCF_013108735.1,Yes
GCF_013108745.1,Yes
GCF_013108765.1,Yes
GCF_013108795.1,Yes
GCF_013108805.1,Yes
GCF_013108825.1,Yes
GCF_013108835.1,Yes
GCF_013108845.1,Yes
GCF_013108895.1,Yes
GCF_013108905.1,Yes
GCF_013108925.1,Yes
GCF_013108935.1,Yes
GCF_013108955.1,Yes
GCF_013108995.1,Yes
GCF_013109015.1,Yes
GCF_013109025.1,Yes
GCF_013109055.1,Yes
GCF_013109065.1,Yes
GCF_013109085.1,Yes
GCF_013109115.1,Yes
GCF_013109125.1,Yes
GCF_013109145.1,Yes
GCF_013109175.1,Yes
GCF_013109195.1,Yes
GCF_013109215.1,Yes
GCF_013109235.1,Yes
GCF_013109265.1,Yes
GCF_013109295.1,Yes
GCF_013109315.1,Yes
GCF_013109335.1,Yes
GCF_013109345.1,Yes
GCF_013109375.1,Yes
GCF_013109385.1,Yes
GCF_013109415.1,Yes
GCF_013109425.1,Yes
GCF_013109435.1,Yes
GCF_013109475.1,Yes
GCF_013109485.1,Yes
GCF_013109515.1,Yes
GCF_013109525.1,Yes
GCF_013109545.1,Yes
GCF_013109575.1,Yes
GCF_013109585.1,Yes
GCF_013109615.1,Yes
GCF_013109635.1,Yes
GCF_013109645.1,Yes
GCF_013109675.1,Yes
GCF_013109685.1,Yes
GCF_013109715.1,Yes
GCF_013109735.1,Yes
GCF_013109755.1,Yes
GCF_013109775.1,Yes
GCF_013109795.1,Yes
GCF_013109805.1,Yes
GCF_013109825.1,Yes
GCF_013109855.1,Yes
GCF_013109865.1,Yes
GCF_013109895.1,Yes
GCF_013109905.1,Yes
GCF_013109915.1,Yes
GCF_013109955.1,Yes
GCF_013109965.1,Yes
GCF_013109995.1,Yes
GCF_013110005.1,Yes
GCF_013110035.1,Yes
GCF_013110045.1,Yes
GCF_013110065.1,Yes
GCF_013110095.1,Yes
GCF_013110105.1,Yes
GCF_013110125.1,Yes
GCF_013110155.1,Yes
GCF_013110175.1,Yes
GCF_013110185.1,Yes
GCF_013110205.1,Yes
GCF_013110225.1,Yes
GCF_013110245.1,Yes
GCF_013110275.1,Yes
GCF_013110295.1,Yes
GCF_013110305.1,Yes
GCF_013110315.1,Yes
GCF_013110325.1,Yes
GCF_013110375.1,Yes
GCF_013110395.1,Yes
GCF_013110405.1,Yes
GCF_013110415.1,Yes
GCF_013110435.1,Yes
GCF_013110475.1,Yes
GCF_013110485.1,Yes
GCF_013110495.1,Yes
GCF_013110515.1,Yes
GCF_013110545.1,Yes
GCF_013110575.1,Yes
GCF_013110585.1,Yes
GCF_013110595.1,Yes
GCF_013110635.1,Yes
GCF_013110645.1,Yes
GCF_013110675.1,Yes
GCF_013110685.1,Yes
GCF_013110705.1,Yes
GCF_013110715.1,Yes
GCF_013110755.1,Yes
GCF_013110775.1,Yes
GCF_013110795.1,Yes
GCF_013110805.1,Yes
GCF_013110825.1,Yes
GCF_013110855.1,Yes
GCF_013110875.1,Yes
GCF_013110885.1,Yes
GCF_013110915.1,Yes
GCF_013111185.1,Yes
GCF_013113805.1,No
GCF_013113815.1,No
GCF_013113915.1,No
GCF_013113955.1,Yes
GCF_013113965.1,No
GCF_013114005.1,Yes
GCF_013114015.1,No
GCF_013114045.1,No
GCF_013114055.1,No
GCF_013114115.1,No
GCF_013114135.1,No
GCF_013114145.1,No
GCF_013114225.1,No
GCF_013114235.1,No
GCF_013114245.1,No
GCF_013114285.1,No
GCF_013114295.1,No
GCF_013114325.1,No
GCF_013114335.1,No
GCF_013114395.1,No
GCF_013114425.1,No
GCF_013114435.1,No
GCF_013114445.1,No
GCF_013114485.1,No
GCF_013114515.1,No
GCF_013114525.1,No
GCF_013114585.1,No
GCF_013114595.1,No
GCF_013114615.1,Yes
GCF_013114625.1,No
GCF_013114665.1,No
GCF_013114685.1,No
GCF_013141885.1,No
GCF_013155465.1,No
GCF_013179035.1,Yes
GCF_013179055.1,Yes
GCF_013179075.1,Yes
GCF_013179085.1,Yes
GCF_013179095.1,Yes
GCF_013179105.1,Yes
GCF_013179155.1,Yes
GCF_013179175.1,Yes
GCF_013179195.1,Yes
GCF_013179205.1,Yes
GCF_013179235.1,Yes
GCF_013179255.1,Yes
GCF_013179275.1,Yes
GCF_013179285.1,Yes
GCF_013179295.1,Yes
GCF_013179335.1,Yes
GCF_013179355.1,Yes
GCF_013179375.1,Yes
GCF_013179385.1,Yes
GCF_013179415.1,Yes
GCF_013179425.1,Yes
GCF_013179455.1,Yes
GCF_013214045.1,No
GCF_013214215.1,No
GCF_013248905.1,Yes
GCF_013266555.1,No
GCF_013266565.1,No
GCF_013266595.1,No
GCF_013266605.1,No
GCF_013266615.1,No
GCF_013266655.1,No
GCF_013266665.1,No
GCF_013282155.1,No
GCF_013305625.2,Yes
GCF_013317235.1,Yes
GCF_013332575.1,Yes
GCF_013336785.1,No
GCF_013337265.1,No
GCF_013337275.1,No
GCF_013337325.1,No
GCF_013337345.1,No
GCF_013337355.1,No
GCF_013337385.1,No
GCF_013337395.1,No
GCF_013337415.1,No
GCF_013337445.1,No
GCF_013349955.1,Yes
GCF_013350055.1,Yes
GCF_013364385.1,No
GCF_013364395.1,No
GCF_013368925.1,No
GCF_013369295.1,No
GCF_013373705.1,No
GCF_013373735.1,No
GCF_013373935.1,No
GCF_013376655.1,No
GCF_013376675.1,No
GCF_013377785.1,Yes
GCF_013387005.1,Yes
GCF_013393265.1,No
GCF_013393285.1,Yes
GCF_013393345.1,No
GCF_013393465.1,No
GCF_013394185.1,No
GCF_013408335.1,No
GCF_013414195.1,No
GCF_013415115.1,No
GCF_013415485.1,Yes
GCF_013416725.1,No
GCF_013416885.1,Yes
GCF_013425485.1,Yes
GCF_013523055.1,No
GCF_013608135.1,Yes
GCF_014050145.1,No
GCF_014119005.1,No
GCF_014138625.1,No
GCF_014138635.1,No
GCF_014163575.1,Yes
GCF_014163665.1,No
GCF_014164465.1,No
GCF_014164585.1,Yes
GCF_014170415.1,No
GCF_014192055.1,Yes
GCF_014192215.1,No
GCF_014192285.1,No
GCF_014193375.1,No
GCF_014197785.1,Yes
GCF_014199445.1,No
GCF_014200165.1,No
GCF_014202315.1,No
GCF_014212355.1,No
GCF_014217705.1,Yes
GCF_014250155.1,Yes
GCF_014263395.1,No
GCF_014269105.1,No
GCF_014269115.1,Yes
GCF_014269165.1,Yes
GCF_014274185.1,Yes
GCF_014349205.1,Yes
GCF_014384845.1,Yes
GCF_014525075.1,No
GCF_014525195.1,No
GCF_014525215.1,No
GCF_014596605.1,Yes
GCF_014643735.1,No
GCF_014643915.1,No
GCF_014645335.1,Yes
GCF_014645375.1,Yes
GCF_014646875.1,No
GCF_014646975.1,Yes
GCF_014647575.1,Yes
GCF_014652055.1,No
GCF_014652355.1,Yes
GCF_014652655.1,No
GCF_014694355.1,No
GCF_014694385.1,No
GCF_014694455.1,Yes
GCF_014700075.1,No
GCF_014769105.1,No
GCF_014769135.1,Yes
GCF_014779595.1,No
GCF_014843375.1,No
GCF_014852085.1,No
GCF_014859505.1,No
GCF_014861365.1,Yes
GCF_014861375.1,Yes
GCF_014863865.1,No
GCF_014878155.1,No
GCF_014879975.1,No
GCF_014897785.1,Yes
GCF_014901205.1,No
GCF_014926255.1,No
GCF_014926485.1,No
GCF_015082335.1,Yes
GCF_015097735.1,No
GCF_015163535.1,No
GCF_015163555.1,No
GCF_015163595.1,Yes
GCF_015163615.1,No
GCF_015209595.1,Yes
GCF_015234205.1,No
GCF_015234355.1,Yes
GCF_015277735.1,Yes
GCF_015351605.1,Yes
GCF_015351755.1,Yes
GCF_015594925.2,Yes
GCF_015595025.1,No
GCF_015645095.1,No
GCF_015654285.1,No
GCF_015680235.1,No
GCF_015680245.1,No
GCF_015680285.1,No
GCF_015680295.1,No
GCF_015680325.1,No
GCF_015864565.1,Yes
GCF_015864605.1,Yes
GCF_015864635.1,Yes
GCF_015864805.1,No
GCF_016008995.1,No
GCF_016009055.1,Yes
GCF_016009195.1,Yes
GCF_016009385.1,No
GCF_016019955.1,Yes
GCF_016019975.1,Yes
GCF_016082375.1,Yes
GCF_016106655.1,Yes
GCF_016107575.1,Yes
GCF_016123485.1,Yes
GCF_016125575.1,Yes
GCF_016337225.1,No
GCF_016406055.1,No
GCF_016411865.1,No
GCF_016464085.1,Yes
GCF_016464115.1,No
GCF_016464165.1,No
GCF_016464175.1,No
GCF_016464195.1,No
GCF_016464265.1,No
GCF_016583645.1,No
GCF_016595245.1,No
GCF_016597775.1,No
GCF_016597815.1,No
GCF_016613355.1,No
GCF_016648105.1,No
GCF_016653375.1,Yes
GCF_016744155.1,Yes
GCF_016744175.1,Yes
GCF_016746085.1,Yes
GCF_016758285.1,No
GCF_016758325.1,No
GCF_016793705.1,Yes
GCF_016812015.1,No
GCF_016817295.1,Yes
GCF_016817315.1,Yes
GCF_016817335.1,Yes
GCF_016819485.1,Yes
GCF_016819515.1,Yes
GCF_016819535.1,Yes
GCF_016819555.1,Yes
GCF_016819575.1,Yes
GCF_016819585.1,Yes
GCF_016819615.1,Yes
GCF_016819635.1,Yes
GCF_016819655.1,Yes
GCF_016819665.1,Yes
GCF_016819695.1,Yes
GCF_016819715.1,Yes
GCF_016819735.1,Yes
GCF_016819755.1,Yes
GCF_016819765.1,Yes
GCF_016819795.1,Yes
GCF_016819815.1,Yes
GCF_016819835.1,Yes
GCF_016819855.1,Yes
GCF_016819875.1,Yes
GCF_016819885.1,Yes
GCF_016819915.1,Yes
GCF_016819935.1,Yes
GCF_016819955.1,Yes
GCF_016819975.1,Yes
GCF_016819995.1,Yes
GCF_016823165.1,Yes
GCF_016825335.1,No
GCF_016865175.1,No
GCF_016901225.1,No
GCF_016909095.1,No
GCF_016920955.1,No
GCF_016924145.1,Yes
GCF_016924235.1,Yes
GCF_016937625.1,Yes
GCF_017051655.1,No
GCF_017051665.1,Yes
GCF_017051735.1,No
GCF_017051775.1,No
GCF_017051795.1,No
GCF_017161465.1,No
GCF_017313425.1,No
GCF_017313445.1,Yes
GCF_017313505.1,Yes
GCF_017313525.1,No
GCF_017313585.1,No
GCF_017313625.1,Yes
GCF_017313645.1,No
GCF_017313705.1,Yes
GCF_017313725.1,No
GCF_017315735.1,No
GCF_017350855.1,Yes
GCF_017350975.1,Yes
GCF_017351905.1,Yes
GCF_017356265.1,No
GCF_017488845.2,No
GCF_017498065.1,No
GCF_017498085.1,No
GCF_017571595.2,No
GCF_017643905.1,Yes
GCF_017653565.1,No
GCF_017653575.1,No
GCF_017743755.1,Yes
GCF_017743795.1,Yes
GCF_017743815.1,Yes
GCF_017743935.1,No
GCF_017743945.1,No
GCF_017743975.1,Yes
GCF_017743995.1,Yes
GCF_017744045.1,Yes
GCF_017744095.1,Yes
GCF_017744435.1,Yes
GCF_017776525.1,Yes
GCF_017794985.1,No
GCF_017798205.1,Yes
GCF_017813245.1,No
GCF_017854435.1,No
GCF_017854635.1,No
GCF_017872495.1,Yes
GCF_017872515.1,Yes
GCF_017872535.1,Yes
GCF_017872545.1,Yes
GCF_017872555.1,Yes
GCF_017872595.1,Yes
GCF_017872615.1,Yes
GCF_017875105.1,Yes
GCF_017875115.1,Yes
GCF_017875835.1,Yes
GCF_017875935.1,Yes
GCF_017897275.1,No
GCF_017916495.1,No
GCF_017916555.1,No
GCF_017916575.1,No
GCF_017916595.1,No
GCF_017916615.1,No
GCF_017916625.1,No
GCF_017916635.1,No
GCF_017916675.1,No
GCF_017916695.1,No
GCF_017916715.1,No
GCF_017916725.1,No
GCF_017916745.1,No
GCF_017916835.1,No
GCF_017916855.1,No
GCF_017916895.1,No
GCF_017916915.1,No
GCF_017916955.1,No
GCF_017916965.1,No
GCF_017916995.1,No
GCF_017917015.1,No
GCF_017917035.1,No
GCF_017917075.1,No
GCF_017917095.1,No
GCF_017917145.1,No
GCF_017917155.1,No
GCF_017917195.1,No
GCF_017917215.1,No
GCF_017917255.1,No
GCF_017917285.1,No
GCF_017917325.1,No
GCF_017917355.1,No
GCF_017917365.1,No
GCF_017917395.1,No
GCF_017917415.1,No
GCF_017917435.1,No
GCF_017917465.1,No
GCF_017917495.1,No
GCF_017917505.1,No
GCF_017917535.1,No
GCF_017917555.1,No
GCF_017917575.1,No
GCF_017917595.1,No
GCF_017917615.1,No
GCF_017917635.1,No
GCF_017917655.1,No
GCF_017917675.1,No
GCF_017917695.1,No
GCF_017917735.1,No
GCF_017917755.1,No
GCF_017917765.1,No
GCF_017917795.1,No
GCF_017917815.1,No
GCF_017917835.1,No
GCF_017917855.1,No
GCF_017917875.1,No
GCF_017917885.1,No
GCF_017917915.1,No
GCF_017917925.1,No
GCF_017917955.1,No
GCF_017917965.1,No
GCF_017917995.1,No
GCF_017918015.1,No
GCF_017918035.1,No
GCF_017918055.1,No
GCF_017918065.1,No
GCF_017918095.1,No
GCF_017918195.1,No
GCF_017918265.1,No
GCF_017923375.1,No
GCF_017942195.1,No
GCF_017948435.1,No
GCF_017960245.1,No
GCF_017960285.1,No
GCF_017960295.1,No
GCF_017960325.1,No
GCF_017960345.1,No
GCF_017960365.1,No
GCF_017960375.1,No
GCF_017963645.1,Yes
GCF_018066915.1,Yes
GCF_018066995.1,Yes
GCF_018069425.1,No
GCF_018069475.1,Yes
GCF_018069545.1,Yes
GCF_018101115.1,Yes
GCF_018101175.1,Yes
GCF_018101215.1,Yes
GCF_018141045.1,Yes
GCF_018145875.1,Yes
GCF_018219155.1,No
GCF_018219415.1,No
GCF_018219435.1,No
GCF_018219455.1,No
GCF_018219815.1,No
GCF_018224015.1,No
GCF_018282095.1,No
GCF_018326105.1,Yes
GCF_018333155.1,Yes
GCF_018340035.1,No
GCF_018416035.1,No
GCF_018440415.1,No
GCF_018440435.1,No
GCF_018440485.1,No
GCF_018440505.1,No
GCF_018440525.1,No
GCF_018440535.1,No
GCF_018440545.1,No
GCF_018440585.1,No
GCF_018448495.1,Yes
GCF_018448785.1,No
GCF_018457175.1,No
GCF_018457365.1,Yes
GCF_018457385.1,Yes
GCF_018457405.1,Yes
GCF_018457415.1,No
GCF_018457425.1,Yes
GCF_018457465.1,No
GCF_018457485.1,No
GCF_018457505.1,Yes
GCF_018457525.1,Yes
GCF_018457545.1,No
GCF_018457565.1,No
GCF_018457585.1,Yes
GCF_018457595.1,No
GCF_018457625.1,Yes
GCF_018457635.1,No
GCF_018457665.1,Yes
GCF_018457685.1,No
GCF_018457705.1,No
GCF_018457725.1,Yes
GCF_018457745.1,Yes
GCF_018457755.1,Yes
GCF_018457785.1,Yes
GCF_018457805.1,Yes
GCF_018457825.1,Yes
GCF_018457845.1,Yes
GCF_018457855.1,No
GCF_018457885.1,Yes
GCF_018457905.1,Yes
GCF_018457925.1,Yes
GCF_018457935.1,No
GCF_018457965.1,Yes
GCF_018457985.1,No
GCF_018458005.1,Yes
GCF_018458025.1,No
GCF_018458035.1,No
GCF_018458065.1,Yes
GCF_018458085.1,Yes
GCF_018458105.1,No
GCF_018458125.1,No
GCF_018458145.1,No
GCF_018458165.1,No
GCF_018458185.1,Yes
GCF_018458205.1,No
GCF_018458215.1,Yes
GCF_018458225.1,No
GCF_018458265.1,No
GCF_018458285.1,Yes
GCF_018458305.1,No
GCF_018458325.1,No
GCF_018458345.1,Yes
GCF_018458355.1,No
GCF_018458385.1,Yes
GCF_018458405.1,Yes
GCF_018458425.1,Yes
GCF_018458445.1,No
GCF_018458465.1,Yes
GCF_018458485.1,Yes
GCF_018458505.1,Yes
GCF_018458525.1,Yes
GCF_018458545.1,Yes
GCF_018458565.1,No
GCF_018458585.1,No
GCF_018458595.1,No
GCF_018458625.1,No
GCF_018458635.1,No
GCF_018458665.1,No
GCF_018458675.1,No
GCF_018458705.1,No
GCF_018555685.1,Yes
GCF_018599245.1,Yes
GCF_018607375.1,No
GCF_018619345.1,No
GCF_018668795.1,Yes
GCF_018678055.1,No
GCF_018704125.1,No
GCF_018729395.1,No
GCF_018779775.1,Yes
GCF_018779785.1,Yes
GCF_018779825.1,Yes
GCF_018779845.1,Yes
GCF_018779865.1,Yes
GCF_018779875.1,Yes
GCF_018779895.1,Yes
GCF_018779915.1,Yes
GCF_018831165.1,Yes
GCF_018860305.1,Yes
GCF_018860315.1,Yes
GCF_018860405.1,No
GCF_018860525.1,Yes
GCF_018860885.1,Yes
GCF_018860975.1,Yes
GCF_018862045.1,Yes
GCF_018919485.1,Yes
GCF_018972145.1,No
GCF_019038355.1,No
GCF_019091085.1,Yes
GCF_019104745.1,No
GCF_019137595.1,No
GCF_019137605.1,No
GCF_019137625.1,No
GCF_019137645.1,No
GCF_019137655.1,No
GCF_019137695.1,No
GCF_019137705.1,No
GCF_019137735.1,No
GCF_019139795.1,Yes
GCF_019192725.1,No
GCF_019209835.1,Yes
GCF_019219145.1,No
GCF_019219205.1,Yes
GCF_019297855.1,No
GCF_019350925.1,Yes
GCF_019355435.1,No
GCF_019392245.1,No
GCF_019392295.1,No
GCF_019457885.1,No
GCF_019599045.1,Yes
GCF_019599505.1,No
GCF_019685535.1,No
GCF_019691255.1,Yes
GCF_019748455.1,No
GCF_019779965.1,No
GCF_019793245.1,No
GCF_019795155.1,Yes
GCF_019800625.1,Yes
GCF_019800715.1,No
GCF_019801065.1,Yes
GCF_019801145.1,Yes
GCF_019801155.1,Yes
GCF_019801245.1,Yes
GCF_019801275.1,Yes
GCF_019801465.1,Yes
GCF_019801785.1,Yes
GCF_019801945.1,Yes
GCF_019802175.1,No
GCF_019846195.1,Yes
GCF_019846235.1,Yes
GCF_019846405.1,No
GCF_019846825.1,Yes
GCF_019904195.1,Yes
GCF_019955775.1,No
GCF_019955795.1,No
GCF_019956305.1,No
GCF_019956575.1,No
GCF_019966515.1,Yes
GCF_019977755.1,Yes
GCF_019977775.1,Yes
GCF_019977795.1,Yes
GCF_019977815.1,Yes
GCF_019977835.1,Yes
GCF_020055675.1,No
GCF_020141465.1,Yes
GCF_020151015.1,No
GCF_020164735.1,No
GCF_020164965.1,No
GCF_020165015.1,No
GCF_020165035.1,No
GCF_020165055.1,No
GCF_020165095.1,No
GCF_020165105.1,No
GCF_020165135.1,No
GCF_020165155.1,No
GCF_020165175.1,No
GCF_020165255.1,No
GCF_020165275.1,No
GCF_020165285.1,No
GCF_020165615.1,No
GCF_020171225.1,Yes
GCF_020171305.1,Yes
GCF_020171505.1,Yes
GCF_020177575.1,No
GCF_020223605.1,Yes
GCF_020223655.1,No
GCF_020223695.1,No
GCF_020223715.1,Yes
GCF_020223735.1,Yes
GCF_020223755.1,Yes
GCF_020223855.1,No
GCF_020223915.1,Yes
GCF_020223935.1,No
GCF_020223945.1,No
GCF_020223975.1,Yes
GCF_020295325.1,Yes
GCF_020422905.1,Yes
GCF_020514995.1,Yes
GCF_020520285.1,No
GCF_020524465.1,Yes
GCF_020524825.1,Yes
GCF_020532775.1,No
GCF_020535545.1,Yes
GCF_020539555.1,No
GCF_020539585.1,No
GCF_020622265.1,Yes
GCF_020627745.1,No
GCF_020686745.1,No
GCF_020740875.1,No
GCF_020740925.1,No
GCF_020740955.1,No
GCF_020782055.1,No
GCF_020806125.1,No
GCF_020806135.1,Yes
GCF_020806165.1,No
GCF_020806175.1,No
GCF_020806205.1,No
GCF_020806225.1,No
GCF_020806245.1,No
GCF_020806255.1,No
GCF_020806295.1,No
GCF_020806305.1,No
GCF_020806315.1,No
GCF_020806365.1,No
GCF_020806385.1,Yes
GCF_020859525.1,No
GCF_020892135.1,No
GCF_020911845.1,Yes
GCF_020966405.1,No
GCF_021021495.1,No
GCF_021236585.1,Yes
GCF_021236625.1,Yes
GCF_021236645.1,Yes
GCF_021236655.1,Yes
GCF_021236685.1,Yes
GCF_021236705.1,Yes
GCF_021236725.1,Yes
GCF_021236745.1,Yes
GCF_021237025.1,Yes
GCF_021237045.1,No
GCF_021246005.1,No
GCF_021282365.1,No
GCF_021282425.1,No
GCF_021282505.1,No
GCF_021282585.1,No
GCF_021282605.1,No
GCF_021282685.1,No
GCF_021282705.1,Yes
GCF_021282805.1,Yes
GCF_021282925.1,No
GCF_021282945.1,Yes
GCF_021282955.1,No
GCF_021283035.1,No
GCF_021283195.1,Yes
GCF_021283425.1,No
GCF_021283435.1,No
GCF_021283485.1,No
GCF_021283515.1,No
GCF_021284645.1,No
GCF_021284705.1,No
GCF_021284725.1,No
GCF_021322875.1,No
GCF_021397475.1,No
GCF_021397735.1,No
GCF_021398215.1,No
GCF_021404545.1,Yes
GCF_021440175.1,No
GCF_021440305.1,Yes
GCF_021441435.1,Yes
GCF_021460775.1,Yes
GCF_021504545.1,Yes
GCF_021504615.1,Yes
GCF_021504635.1,Yes
GCF_021513135.1,No
GCF_021556615.1,No
GCF_021568915.1,Yes
GCF_021601765.1,No
GCF_021602445.1,No
GCF_021602585.1,No
GCF_021602605.1,No
GCF_021654205.1,Yes
GCF_021654215.1,No
GCF_021725735.1,No
GCF_021727995.1,Yes
GCF_021728015.1,No
GCF_021728075.1,No
GCF_021728155.1,Yes
GCF_021728175.1,No
GCF_021728355.1,No
GCF_021728395.1,No
GCF_021735945.1,Yes
GCF_021736025.1,Yes
GCF_021890375.1,No
GCF_022097175.1,Yes
GCF_022129225.1,No
GCF_022129265.1,No
GCF_022129275.1,No
GCF_022129285.1,No
GCF_022129405.1,No
GCF_022132145.1,Yes
GCF_022179845.1,Yes
GCF_022179885.1,Yes
GCF_022288885.1,No
GCF_022288955.1,No
GCF_022288995.1,No
GCF_022289055.1,No
GCF_022289565.1,Yes
GCF_022289615.1,Yes
GCF_022289695.1,No
GCF_022289715.1,No
GCF_022289755.1,Yes
GCF_022289815.1,Yes
GCF_022289855.1,No
GCF_022290765.1,No
GCF_022321465.1,No
GCF_022343085.1,No
GCF_022343105.1,Yes
GCF_022343125.1,Yes
GCF_022343145.1,Yes
GCF_022343165.1,No
GCF_022347625.1,No
GCF_022347645.1,No
GCF_022347725.1,Yes
GCF_022347985.1,Yes
GCF_022348185.1,No
GCF_022348205.1,Yes
GCF_022371215.1,No
GCF_022395435.1,No
GCF_022395475.1,Yes
GCF_022397515.1,No
GCF_022397535.1,No
GCF_022397555.1,Yes
GCF_022397595.1,No
GCF_022397655.1,No
GCF_022397675.1,No
GCF_022397715.1,No
GCF_022397755.1,No
GCF_022397775.1,No
GCF_022397795.1,No
GCF_022397815.1,No
GCF_022397835.1,No
GCF_022397855.1,No
GCF_022397875.1,Yes
GCF_022397895.1,No
GCF_022397915.1,No
GCF_022397925.1,No
GCF_022397955.1,No
GCF_022397975.1,No
GCF_022398015.1,No
GCF_022398055.1,No
GCF_022398095.1,No
GCF_022398115.1,No
GCF_022398135.1,No
GCF_022398155.1,No
GCF_022398175.1,No
GCF_022398185.1,No
GCF_022398215.1,No
GCF_022398225.1,No
GCF_022398255.1,No
GCF_022398275.1,Yes
GCF_022398375.1,Yes
GCF_022426925.1,No
GCF_022432925.1,No
GCF_022453845.1,No
GCF_022496645.1,Yes
GCF_022496665.1,Yes
GCF_022565775.1,Yes
GCF_022603315.1,No
GCF_022603375.1,No
GCF_022603415.1,No
GCF_022627985.1,No
GCF_022627995.1,No
GCF_022678625.1,Yes
GCF_022760795.1,No
GCF_022763195.1,Yes
GCF_022763405.1,No
GCF_022808245.1,No
GCF_022814865.1,Yes
GCF_022825805.1,Yes
GCF_022968875.1,Yes
GCF_022969075.1,No
GCF_022976575.1,No
GCF_023015645.1,No
GCF_023015695.1,Yes
GCF_023015725.1,No
GCF_023016045.1,No
GCF_023016155.1,Yes
GCF_023016805.1,Yes
GCF_023094145.1,No
GCF_023156385.1,Yes
GCF_023161645.1,No
GCF_023161685.1,No
GCF_023161695.1,No
GCF_023161725.1,No
GCF_023161755.1,No
GCF_023161825.1,Yes
GCF_023169605.1,Yes
GCF_023195695.1,Yes
GCF_023206015.1,No
GCF_023206775.1,Yes
GCF_023218105.1,Yes
GCF_023273765.1,No
GCF_023277445.1,No
GCF_023311875.1,Yes
GCF_023311915.1,Yes
GCF_023314135.1,Yes
GCF_023502395.1,Yes
GCF_023554995.1,No
GCF_023555005.1,No
GCF_023555055.1,Yes
GCF_023558335.1,Yes
GCF_023558355.1,Yes
GCF_023572415.1,No
GCF_023614155.1,No
GCF_023631325.1,No
GCF_023631425.1,No
GCF_023634655.1,Yes
GCF_023650915.1,No
GCF_023702215.1,No
GCF_023716525.1,Yes
GCF_023716545.1,No
GCF_023716605.1,No
GCF_023716625.1,No
GCF_023716645.1,No
GCF_023716705.1,No
GCF_023716845.1,No
GCF_023721055.1,No
GCF_023746535.1,No
GCF_023746615.1,Yes
GCF_023896995.1,No
GCF_023954895.1,Yes
GCF_024124525.1,Yes
GCF_024124585.1,No
GCF_024124625.1,No
GCF_024125675.1,No
GCF_024126715.1,No
GCF_024127415.1,No
GCF_024127895.1,No
GCF_024127915.1,No
GCF_024127975.1,No
GCF_024128115.1,No
GCF_024128135.1,No
GCF_024128175.1,No
GCF_024128195.1,No
GCF_024128315.1,No
GCF_024159025.1,Yes
GCF_024170285.1,No
GCF_024181785.1,No
GCF_024181795.1,No
GCF_024181835.1,No
GCF_024181865.1,Yes
GCF_024181905.1,No
GCF_024181935.1,No
GCF_024189295.1,No
GCF_024267655.1,No
GCF_024305165.1,No
GCF_024305425.1,No
GCF_024331145.1,Yes
GCF_024346675.1,No
GCF_024346715.1,No
GCF_024347015.1,Yes
GCF_024347295.1,No
GCF_024347335.1,No
GCF_024347355.1,No
GCF_024347375.1,No
GCF_024347395.1,Yes
GCF_024347415.1,No
GCF_024347455.1,No
GCF_024347475.1,No
GCF_024347495.1,Yes
GCF_024347555.1,No
GCF_024347655.1,No
GCF_024357955.1,No
GCF_024362845.1,No
GCF_024384505.1,No
GCF_024384515.1,No
GCF_024384585.1,No
GCF_024384605.1,No
GCF_024435075.2,Yes
GCF_024442155.1,No
GCF_024442175.1,No
GCF_024442195.1,No
GCF_024442215.1,No
GCF_024442235.1,No
GCF_024449095.1,No
GCF_024508015.1,Yes
GCF_024509055.1,Yes
GCF_024518815.1,No
GCF_024519675.1,No
GCF_024520415.1,Yes
GCF_024520535.1,Yes
GCF_024520555.1,Yes
GCF_024520575.1,Yes
GCF_024520595.1,Yes
GCF_024520615.1,Yes
GCF_024520625.1,Yes
GCF_024520645.1,Yes
GCF_024520695.1,No
GCF_024530995.1,No
GCF_024531115.1,No
GCF_024531135.1,No
GCF_024531155.1,No
GCF_024531195.1,Yes
GCF_024531205.1,Yes
GCF_024531215.1,No
GCF_024531295.1,No
GCF_024531375.1,No
GCF_024581015.1,Yes
GCF_024628725.1,Yes
GCF_024662275.1,No
GCF_024662295.1,No
GCF_024662315.1,No
GCF_024662335.1,No
GCF_024662355.1,No
GCF_024686145.1,No
GCF_024704725.1,No
GCF_024723515.1,No
GCF_024723575.1,No
GCF_024723595.1,No
GCF_024723605.1,No
GCF_024723635.1,No
GCF_024723675.1,No
GCF_024743515.1,No
GCF_024743565.1,No
GCF_024743595.1,No
GCF_024743655.1,Yes
GCF_024743675.1,No
GCF_024743715.1,No
GCF_024743735.1,No
GCF_024743745.1,Yes
GCF_024743795.1,Yes
GCF_024743805.1,No
GCF_024743835.1,No
GCF_024743855.1,No
GCF_024743875.1,No
GCF_024743895.1,No
GCF_024743915.1,No
GCF_024743935.1,No
GCF_024743955.1,Yes
GCF_024743975.1,Yes
GCF_024743995.1,No
GCF_024744015.1,No
GCF_024744025.1,Yes
GCF_024744055.1,No
GCF_024744075.1,No
GCF_024744095.1,No
GCF_024744105.1,No
GCF_024744135.1,No
GCF_024744155.1,No
GCF_024744215.1,No
GCF_024744235.1,Yes
GCF_024744255.1,No
GCF_024744275.1,No
GCF_024744285.1,Yes
GCF_024744305.1,No
GCF_024744335.1,No
GCF_024744355.1,No
GCF_024744395.1,Yes
GCF_024744415.1,No
GCF_024744435.1,No
GCF_024744455.1,Yes
GCF_024744475.1,Yes
GCF_024744495.1,Yes
GCF_024744515.1,No
GCF_024744545.1,Yes
GCF_024744575.1,Yes
GCF_024744595.1,Yes
GCF_024744615.1,No
GCF_024744635.1,Yes
GCF_024744645.1,Yes
GCF_024744655.1,Yes
GCF_024744695.1,No
GCF_024744715.1,No
GCF_024744735.1,No
GCF_024744755.1,No
GCF_024744775.1,No
GCF_024744795.1,No
GCF_024744815.1,Yes
GCF_024744835.1,Yes
GCF_024744845.1,No
GCF_024744855.1,Yes
GCF_024744895.1,No
GCF_024744915.1,No
GCF_024744935.1,Yes
GCF_024744965.1,No
GCF_024745675.1,No
GCF_024745815.1,No
GCF_024745855.1,Yes
GCF_024746015.1,Yes
GCF_024746045.1,No
GCF_024746095.1,Yes
GCF_024746155.1,No
GCF_024746195.1,No
GCF_024746235.1,No
GCF_024746245.1,No
GCF_024746275.1,No
GCF_024746315.1,No
GCF_024746375.1,No
GCF_024746395.1,Yes
GCF_024746585.1,No
GCF_024746615.1,No
GCF_024746635.1,No
GCF_024746715.1,No
GCF_024746755.1,Yes
GCF_024746905.1,Yes
GCF_024746935.1,No
GCF_024746995.1,Yes
GCF_024747005.1,Yes
GCF_024747015.1,No
GCF_024747025.1,Yes
GCF_024747075.1,No
GCF_024747095.1,No
GCF_024747155.1,Yes
GCF_024747175.1,No
GCF_024747195.1,Yes
GCF_024747235.1,No
GCF_024747245.1,Yes
GCF_024747295.1,No
GCF_024747315.1,No
GCF_024747325.1,Yes
GCF_024747355.1,No
GCF_024747375.1,No
GCF_024747395.1,Yes
GCF_024747415.1,No
GCF_024747445.1,Yes
GCF_024747455.1,Yes
GCF_024747495.1,No
GCF_024747505.1,No
GCF_024747535.1,Yes
GCF_024747555.1,Yes
GCF_024747575.1,No
GCF_024747595.1,Yes
GCF_024747615.1,Yes
GCF_024747635.1,No
GCF_024747645.1,Yes
GCF_024747675.1,No
GCF_024747695.1,No
GCF_024747715.1,No
GCF_024747735.1,Yes
GCF_024747745.1,Yes
GCF_024747815.1,Yes
GCF_024747835.1,No
GCF_024747845.1,No
GCF_024747875.1,No
GCF_024747885.1,No
GCF_024747905.1,No
GCF_024747935.1,No
GCF_024747945.1,No
GCF_024747975.1,Yes
GCF_024747995.1,No
GCF_024748015.1,No
GCF_024748035.1,No
GCF_024748045.1,No
GCF_024748065.1,Yes
GCF_024748095.1,Yes
GCF_024748115.1,No
GCF_024748135.1,No
GCF_024748155.1,No
GCF_024748195.1,No
GCF_024748225.1,No
GCF_024748235.1,No
GCF_024748275.1,No
GCF_024748295.1,No
GCF_024748315.1,No
GCF_024748335.1,No
GCF_024748355.1,No
GCF_024748375.1,Yes
GCF_024748395.1,No
GCF_024748435.1,No
GCF_024748455.1,No
GCF_024748475.1,No
GCF_024748495.1,No
GCF_024748515.1,No
GCF_024748775.1,No
GCF_024748945.1,No
GCF_024748965.1,No
GCF_024762065.1,No
GCF_024807695.1,Yes
GCF_024810175.1,No
GCF_024834045.1,No
GCF_024895295.1,No
GCF_024971855.1,Yes
GCF_024971935.1,No
GCF_025000125.1,Yes
GCF_025137635.1,Yes
GCF_025137775.1,Yes
GCF_025137935.1,Yes
GCF_025138055.1,Yes
GCF_025138255.1,Yes
GCF_025138375.1,Yes
GCF_025138535.1,Yes
GCF_025138695.1,Yes
GCF_025138865.1,Yes
GCF_025139025.1,No
GCF_025139165.1,Yes
GCF_025139345.1,Yes
GCF_025139485.1,Yes
GCF_025139665.1,Yes
GCF_025139835.1,Yes
GCF_025139955.1,Yes
GCF_025140155.1,Yes
GCF_025140295.1,Yes
GCF_025141175.1,Yes
GCF_025141525.1,Yes
GCF_025141855.1,Yes
GCF_025142455.1,Yes
GCF_025142595.1,Yes
GCF_025142675.1,Yes
GCF_025142695.1,Yes
GCF_025142715.1,Yes
GCF_025142735.1,Yes
GCF_025142755.1,Yes
GCF_025142775.1,Yes
GCF_025142795.1,No
GCF_025142815.1,Yes
GCF_025142835.1,Yes
GCF_025142855.1,Yes
GCF_025143105.1,Yes
GCF_025143215.1,Yes
GCF_025143325.1,Yes
GCF_025143405.1,Yes
GCF_025143505.1,Yes
GCF_025143665.1,Yes
GCF_025143985.1,No
GCF_025144335.1,No
GCF_025152225.1,No
GCF_025195005.1,No
GCF_025200695.1,No
GCF_025210255.1,Yes
GCF_025466065.1,No
GCF_025466085.1,Yes
GCF_025599415.1,No
GCF_025642195.1,Yes
GCF_025673445.1,No
GCF_025698965.1,No
GCF_025751435.1,Yes
GCF_025751515.1,Yes
GCF_025751555.1,No
GCF_025751575.1,No
GCF_025771295.1,No
GCF_025771745.1,No
GCF_025772425.1,No
GCF_025772765.1,No
GCF_025772785.1,No
GCF_025772985.1,No
GCF_025847205.1,Yes
GCF_025857195.1,Yes
GCF_025917725.1,No
GCF_025961475.1,Yes
GCF_025985505.1,No
GCF_026013545.1,Yes
GCF_026105005.1,No
GCF_026126045.1,No
GCF_026191655.1,No
GCF_026191675.1,No
GCF_026241005.1,Yes
GCF_026241035.1,Yes
GCF_026241055.1,Yes
GCF_026241065.1,Yes
GCF_026241105.1,No
GCF_026241515.1,No
GCF_026241525.1,No
GCF_026241575.1,No
GCF_026241895.1,Yes
GCF_026309355.1,Yes
GCF_026310445.1,No
GCF_026428315.1,No
GCF_026537465.1,No
GCF_026537485.1,No
GCF_026537675.1,No
GCF_026537745.1,No
GCF_026537805.1,No
GCF_026537815.1,No
GCF_026537985.1,No
GCF_026543605.1,No
GCF_026586645.1,Yes
GCF_026586725.1,Yes
GCF_026586755.1,No
GCF_026639315.1,No
GCF_026651645.1,No
GCF_026743115.1,No
GCF_026797995.1,Yes
GCF_026798015.1,Yes
GCF_026798035.1,No
GCF_026798045.1,Yes
GCF_026798095.1,No
GCF_026798135.1,Yes
GCF_026798155.1,Yes
GCF_026847595.1,No
GCF_026847605.1,No
GCF_026891095.1,Yes
GCF_026898155.1,No
GCF_026898475.1,No
GCF_026933185.1,No
GCF_026966905.1,Yes
GCF_026967435.1,Yes
GCF_027019125.1,No
GCF_027214025.1,Yes
GCF_027214205.1,Yes
GCF_027277545.1,No
GCF_027277705.1,No
GCF_027277785.1,No
GCF_027326525.1,Yes
GCF_027563465.1,No
GCF_027568395.1,No
GCF_027586975.1,No
GCF_027586995.1,Yes
GCF_027587015.1,No
GCF_027587055.1,No
GCF_027587075.1,No
GCF_027587095.1,No
GCF_027587135.1,No
GCF_027587155.1,No
GCF_027587375.1,No
GCF_027591785.1,Yes
GCF_027591895.1,No
GCF_027591915.1,No
GCF_027595085.1,Yes
GCF_027853795.1,No
GCF_027886605.1,No
GCF_027886645.1,No
GCF_027886665.1,No
GCF_027889715.1,Yes
GCF_027891095.1,No
GCF_027924725.1,No
GCF_027924785.1,Yes
GCF_027924845.1,Yes
GCF_027947445.1,Yes
GCF_027988105.1,Yes
GCF_028023675.1,Yes
GCF_028066395.1,Yes
GCF_028069665.1,No
GCF_028294495.1,Yes
GCF_028309885.1,No
GCF_028368855.1,Yes
GCF_028446565.1,No
GCF_028446605.1,No
GCF_028446645.1,No
GCF_028446665.1,No
GCF_028446685.1,No
GCF_028446705.1,No
GCF_028446725.1,No
GCF_028446745.1,No
GCF_028446755.1,No
GCF_028446765.1,No
GCF_028446805.1,No
GCF_028446825.1,No
GCF_028446845.1,No
GCF_028446865.1,No
GCF_028446885.1,No
GCF_028446905.1,No
GCF_028446925.1,No
GCF_028446945.1,No
GCF_028446965.1,No
GCF_028446985.1,No
GCF_028447005.1,No
GCF_028447025.1,No
GCF_028447045.1,No
GCF_028447065.1,No
GCF_028447085.1,No
GCF_028447095.1,No
GCF_028447125.1,No
GCF_028447135.1,No
GCF_028447165.1,No
GCF_028447185.1,No
GCF_028447205.1,No
GCF_028447225.1,No
GCF_028447235.1,No
GCF_028447245.1,No
GCF_028471945.1,Yes
GCF_028551295.1,No
GCF_028551315.1,No
GCF_028615055.1,No
GCF_028615335.1,No
GCF_028615475.1,No
GCF_028615655.1,No
GCF_028615695.1,No
GCF_028615705.1,No
GCF_028615735.1,No
GCF_028615955.1,No
GCF_028615975.1,No
GCF_028616015.1,No
GCF_028616055.1,No
GCF_028616115.1,No
GCF_028616195.1,No
GCF_028616275.1,Yes
GCF_028617135.1,No
GCF_028617305.1,No
GCF_028617395.1,No
GCF_028617405.1,No
GCF_028617415.1,No
GCF_028617455.1,No
GCF_028617475.1,No
GCF_028617815.1,No
GCF_028617875.1,No
GCF_028618235.1,No
GCF_028682095.1,Yes
GCF_028682155.1,Yes
GCF_028682175.1,Yes
GCF_028682195.1,Yes
GCF_028682215.1,Yes
GCF_028682255.1,Yes
GCF_028682275.1,Yes
GCF_028682295.1,No
GCF_028682315.1,Yes
GCF_028682335.1,Yes
GCF_028682345.1,Yes
GCF_028682375.1,Yes
GCF_028682425.1,Yes
GCF_028682505.1,No
GCF_028682535.1,No
GCF_028682545.1,Yes
GCF_028682615.1,No
GCF_028682635.1,Yes
GCF_028682675.1,No
GCF_028682745.1,Yes
GCF_028682795.1,Yes
GCF_028682805.1,No
GCF_028683095.1,Yes
GCF_028683135.1,Yes
GCF_028743655.1,Yes
GCF_028743695.1,No
GCF_028767125.1,No
GCF_028807315.1,Yes
GCF_028807495.1,No
GCF_028823535.1,Yes
GCF_028823765.1,No
GCF_028882285.1,No
GCF_028885545.1,No
GCF_028885585.1,No
GCF_028885605.1,Yes
GCF_028888725.1,No
GCF_028888745.1,No
GCF_028888755.1,No
GCF_028888765.1,No
GCF_028888775.1,No
GCF_028888845.1,No
GCF_028888855.1,No
GCF_028888865.1,No
GCF_028888905.1,No
GCF_028888915.1,No
GCF_028888945.1,No
GCF_028888955.1,No
GCF_028888965.1,No
GCF_028888975.1,No
GCF_028889025.1,No
GCF_028889045.1,No
GCF_028889065.1,No
GCF_028889075.1,No
GCF_028889085.1,No
GCF_028889105.1,No
GCF_028889145.1,No
GCF_028889165.1,No
GCF_028889175.1,No
GCF_028889185.1,No
GCF_028889215.1,No
GCF_028889235.1,No
GCF_028889265.1,No
GCF_028889285.1,No
GCF_028889295.1,No
GCF_028889305.1,No
GCF_028889345.1,No
GCF_028889365.1,No
GCF_028889385.1,No
GCF_028889405.1,No
GCF_028889425.1,No
GCF_028889445.1,No
GCF_028889455.1,No
GCF_028889465.1,No
GCF_028889495.1,No
GCF_028889525.1,No
GCF_028889545.1,No
GCF_028889555.1,No
GCF_028889565.1,No
GCF_028889605.1,No
GCF_028889625.1,No
GCF_028889645.1,No
GCF_028889665.1,No
GCF_028889675.1,No
GCF_028889705.1,No
GCF_028889715.1,No
GCF_028889745.1,No
GCF_028889765.1,No
GCF_028889775.1,No
GCF_028889805.1,No
GCF_028889815.1,No
GCF_028889845.1,No
GCF_028889865.1,No
GCF_028889885.1,No
GCF_028889905.1,No
GCF_028889915.1,No
GCF_028889945.1,No
GCF_028889965.1,No
GCF_028889975.1,No
GCF_028889995.1,No
GCF_028890025.1,No
GCF_028890035.1,No
GCF_028890065.1,No
GCF_028890075.1,No
GCF_028890105.1,No
GCF_028890145.1,No
GCF_028890165.1,No
GCF_028890175.1,No
GCF_028890205.1,No
GCF_028895345.1,No
GCF_028898625.1,No
GCF_028898645.1,No
GCF_028898665.1,No
GCF_028898685.1,Yes
GCF_028898705.1,No
GCF_028898725.1,Yes
GCF_028898745.1,Yes
GCF_028898825.1,Yes
GCF_028994495.1,No
GCF_029016285.1,Yes
GCF_029081005.1,Yes
GCF_029201625.1,No
GCF_029201645.1,No
GCF_029203225.1,No
GCF_029207565.1,No
GCF_029237275.1,No
GCF_029254145.1,No
GCF_029257255.1,No
GCF_029257285.1,No
GCF_029267015.1,No
GCF_029267095.1,No
GCF_029269255.1,Yes
GCF_029269915.1,No
GCF_029277445.1,No
GCF_029284755.1,Yes
GCF_029284775.1,Yes
GCF_029284795.1,Yes
GCF_029284815.1,Yes
GCF_029284825.1,Yes
GCF_029284915.1,Yes
GCF_029284935.1,Yes
GCF_029284945.1,Yes
GCF_029284975.1,Yes
GCF_029284995.1,Yes
GCF_029285015.1,Yes
GCF_029285035.1,Yes
GCF_029285045.1,Yes
GCF_029285075.1,Yes
GCF_029285085.1,Yes
GCF_029285115.1,Yes
GCF_029285135.1,Yes
GCF_029285175.1,Yes
GCF_029285205.1,Yes
GCF_029285275.1,Yes
GCF_029285315.1,Yes
GCF_029285375.1,Yes
GCF_029285395.1,Yes
GCF_029285405.1,Yes
GCF_029285475.1,Yes
GCF_029285675.1,Yes
GCF_029335415.1,No
GCF_029335435.1,No
GCF_029335535.1,Yes
GCF_029350995.1,No
GCF_029428955.1,No
GCF_029590515.1,Yes
GCF_029624655.1,No
GCF_029836165.1,Yes
GCF_029836875.1,Yes
GCF_029840765.1,Yes
GCF_029840855.1,Yes
GCF_029840925.1,Yes
GCF_029841705.1,Yes
GCF_029842685.1,Yes
GCF_029843415.1,Yes
GCF_029844065.1,Yes
GCF_029844385.1,Yes
GCF_029845165.1,No
GCF_029846385.1,No
GCF_029846405.1,No
GCF_029853695.1,No
GCF_029854195.1,No
GCF_029871195.1,Yes
GCF_029871205.1,Yes
GCF_029871235.1,Yes
GCF_029871275.1,Yes
GCF_029873115.1,Yes
GCF_029873135.1,Yes
GCF_029873155.1,Yes
GCF_029873175.1,Yes
GCF_029876545.1,No
GCF_029890485.1,No
GCF_029890505.1,No
GCF_029890605.1,No
GCF_029890615.1,No
GCF_029890725.1,No
GCF_029890905.1,No
GCF_029891025.1,No
GCF_029891085.1,No
GCF_029891265.1,No
GCF_029893305.1,No
GCF_029910115.1,No
GCF_029937355.1,Yes
GCF_029960595.1,No
GCF_029960665.1,No
GCF_029961155.1,No
GCF_029961185.1,Yes
GCF_029964055.1,No
GCF_029967975.1,Yes
GCF_029991385.1,Yes
GCF_030010415.1,Yes
GCF_030010555.1,No
GCF_030012485.1,No
GCF_030015165.1,Yes
GCF_030053415.1,Yes
GCF_030060435.1,No
GCF_030060455.1,Yes
GCF_030063085.1,No
GCF_030063185.1,No
GCF_030063455.1,No
GCF_030064615.2,No
GCF_030124285.1,No
GCF_030148435.1,No
GCF_030148515.1,Yes
GCF_030148855.1,Yes
GCF_030149045.1,No
GCF_030159475.1,No
GCF_030159495.1,Yes
GCF_030159535.1,Yes
GCF_030159555.1,Yes
GCF_030159915.1,Yes
GCF_030160215.1,Yes
GCF_030160355.1,No
GCF_030160675.1,Yes
GCF_030236635.1,No
GCF_030248355.1,No
GCF_030248375.1,No
GCF_030248435.1,Yes
GCF_030248455.1,No
GCF_030248465.1,No
GCF_030248475.1,No
GCF_030248515.1,No
GCF_030248535.1,No
GCF_030248555.1,Yes
GCF_030248575.1,Yes
GCF_030248595.1,Yes
GCF_030248615.1,Yes
GCF_030248625.1,No
GCF_030248655.1,No
GCF_030248695.1,No
GCF_030252615.1,No
GCF_030264805.1,No
GCF_030269825.1,No
GCF_030270585.1,Yes
GCF_030285395.1,No
GCF_030285785.1,No
GCF_030294925.1,Yes
GCF_030346935.1,Yes
GCF_030346975.1,Yes
GCF_030373445.1,No
GCF_030376615.1,Yes
GCF_030388405.1,No
GCF_030397615.1,No
GCF_030407455.1,Yes
GCF_030407695.1,Yes
GCF_030407815.1,Yes
GCF_030409235.1,Yes
GCF_030409575.1,Yes
GCF_030409595.1,Yes
GCF_030409755.1,No
GCF_030409945.1,Yes
GCF_030410015.1,Yes
GCF_030410045.1,Yes
GCF_030418155.1,Yes
GCF_030440385.1,No
GCF_030442075.1,No
GCF_030450835.1,Yes
GCF_030450905.1,Yes
GCF_030487685.1,Yes
GCF_030505095.1,Yes
GCF_030505105.1,Yes
GCF_030505135.1,Yes
GCF_030540645.1,No
GCF_030540945.1,No
GCF_030546425.1,No
GCF_030546435.1,No
GCF_030546445.1,No
GCF_030546455.1,No
GCF_030546835.1,Yes
GCF_030546925.1,Yes
GCF_030546965.1,Yes
GCF_030547025.1,No
GCF_030547045.1,No
GCF_030547445.1,Yes
GCF_030547525.1,Yes
GCF_030547545.1,Yes
GCF_030547605.1,No
GCF_030547825.1,No
GCF_030547905.1,Yes
GCF_030548225.1,Yes
GCF_030548405.1,Yes
GCF_030548885.1,Yes
GCF_030688965.1,No
GCF_030689005.1,No
GCF_030689035.1,No
GCF_030689075.1,Yes
GCF_030689105.1,No
GCF_030689145.1,Yes
GCF_030689225.1,No
GCF_030689265.1,Yes
GCF_030689305.1,Yes
GCF_030704285.1,No
GCF_030710695.1,Yes
GCF_030716765.1,No
GCF_030716925.1,No
GCF_030717005.1,Yes
GCF_030717425.1,No
GCF_030718125.1,Yes
GCF_030718935.1,Yes
GCF_030732845.1,Yes
GCF_030733245.1,No
GCF_030733265.1,Yes
GCF_030733285.1,No
GCF_030733385.1,Yes
GCF_030733425.1,No
GCF_030733595.1,Yes
GCF_030733645.1,Yes
GCF_030733685.1,Yes
GCF_030733705.1,No
GCF_030733805.1,Yes
GCF_030733845.1,No
GCF_030758345.1,Yes
GCF_030784165.1,Yes
GCF_030784225.1,No
GCF_030784235.1,Yes
GCF_030812475.1,Yes
GCF_030812655.1,No
GCF_030812695.1,No
GCF_030812755.1,No
GCF_030814015.1,No
GCF_030814815.1,No
GCF_030814845.1,No
GCF_030814995.1,Yes
GCF_030845275.1,Yes
GCF_030848585.1,No
GCF_030848925.1,No
GCF_030848945.1,No
GCF_030851925.1,Yes
GCF_030991385.1,No
GCF_030994145.1,No
GCF_030994185.1,No
GCF_030994225.1,No
GCF_030995125.1,No
GCF_031119035.1,Yes
GCF_031157525.1,No
GCF_031180965.1,No
GCF_031451675.1,No
GCF_031451695.1,No
GCF_031451795.1,No
GCF_031454055.1,No
GCF_031455315.1,No
GCF_031457895.1,No
GCF_031580805.1,Yes
GCF_031631795.1,No
GCF_031823395.1,No
GCF_031824815.1,No
GCF_031844645.1,Yes
GCF_031845945.1,Yes
GCF_031845965.1,Yes
GCF_031846005.1,Yes
GCF_031935665.1,No
GCF_031954405.1,No
GCF_032073705.1,Yes
GCF_032083405.1,Yes
GCF_032086675.1,No
GCF_032086855.1,No
GCF_032087075.1,No
GCF_032103725.1,No
GCF_032333995.1,No
GCF_032335075.1,Yes
GCF_032424515.1,No
GCF_032460215.1,No
GCF_032460275.1,No
GCF_032586155.1,No
GCF_032586235.1,No
GCF_032595355.1,Yes
GCF_032648545.1,Yes
GCF_032648565.1,Yes
GCF_032681205.1,No
GCF_032803585.1,Yes
GCF_032842945.2,Yes
GCF_032911225.1,Yes
GCF_032918335.1,Yes
GCF_032924845.1,Yes
GCF_032970405.1,Yes
GCF_032970445.1,Yes
GCF_032970465.1,No
GCF_032970485.1,Yes
GCF_032970805.1,Yes
GCF_033022775.1,Yes
GCF_033100315.1,Yes
GCF_033238845.1,Yes
GCF_033238885.1,No
GCF_033253735.1,No
GCF_033337345.1,No
GCF_033337375.1,Yes
GCF_033337395.1,Yes
GCF_033337405.1,Yes
GCF_033337435.1,Yes
GCF_033337445.1,No
GCF_033337475.1,Yes
GCF_033337495.1,Yes
GCF_033337515.1,Yes
GCF_033337535.1,Yes
GCF_033337555.1,No
GCF_033337585.1,Yes
GCF_033337625.1,Yes
GCF_033337645.1,Yes
GCF_033337665.1,Yes
GCF_033337685.1,Yes
GCF_033337705.1,Yes
GCF_033337725.1,Yes
GCF_033337745.1,Yes
GCF_033337765.1,Yes
GCF_033337785.1,Yes
GCF_033337805.1,Yes
GCF_033337825.1,Yes
GCF_033337845.1,Yes
GCF_033337875.1,Yes
GCF_033337895.1,Yes
GCF_033337915.1,Yes
GCF_033337935.1,Yes
GCF_033337955.1,No
GCF_033337975.1,Yes
GCF_033337995.1,No
GCF_033338015.1,No
GCF_033338035.1,Yes
GCF_033338055.1,Yes
GCF_033338075.1,Yes
GCF_033338095.1,Yes
GCF_033338115.1,No
GCF_033338135.1,No
GCF_033338155.1,Yes
GCF_033338195.1,No
GCF_033338215.1,No
GCF_033338235.1,Yes
GCF_033338255.1,Yes
GCF_033338275.1,Yes
GCF_033338295.1,Yes
GCF_033338315.1,Yes
GCF_033338335.1,No
GCF_033338355.1,No
GCF_033338375.1,No
GCF_033338395.1,Yes
GCF_033338415.1,Yes
GCF_033338435.1,Yes
GCF_033338455.1,No
GCF_033338475.1,Yes
GCF_033338495.1,No
GCF_033338515.1,No
GCF_033338535.1,Yes
GCF_033338555.1,Yes
GCF_033338575.1,No
GCF_033338595.1,Yes
GCF_033338615.1,Yes
GCF_033338635.1,Yes
GCF_033338655.1,Yes
GCF_033338675.1,Yes
GCF_033338695.1,Yes
GCF_033338715.1,Yes
GCF_033338735.1,No
GCF_033338745.1,Yes
GCF_033338775.1,Yes
GCF_033338795.1,No
GCF_033338815.1,Yes
GCF_033338835.1,No
GCF_033338855.1,Yes
GCF_033338875.1,Yes
GCF_033338895.1,Yes
GCF_033338915.1,Yes
GCF_033338935.1,Yes
GCF_033338955.1,Yes
GCF_033338975.1,Yes
GCF_033338995.1,Yes
GCF_033339015.1,Yes
GCF_033339035.1,No
GCF_033339055.1,Yes
GCF_033339075.1,Yes
GCF_033339115.1,Yes
GCF_033339135.1,No
GCF_033339155.1,Yes
GCF_033339175.1,Yes
GCF_033339195.1,No
GCF_033339215.1,No
GCF_033339235.1,No
GCF_033339255.1,No
GCF_033339265.1,Yes
GCF_033339295.1,Yes
GCF_033339315.1,No
GCF_033339335.1,Yes
GCF_033339355.1,Yes
GCF_033339375.1,Yes
GCF_033339395.1,Yes
GCF_033339415.1,Yes
GCF_033339435.1,Yes
GCF_033339455.1,Yes
GCF_033339475.1,Yes
GCF_033339495.1,No
GCF_033339515.1,Yes
GCF_033339525.1,Yes
GCF_033339555.1,Yes
GCF_033339575.1,Yes
GCF_033339595.1,No
GCF_033339615.1,No
GCF_033339635.1,Yes
GCF_033339655.1,Yes
GCF_033339675.1,No
GCF_033339695.1,No
GCF_033339715.1,Yes
GCF_033339735.1,Yes
GCF_033339755.1,Yes
GCF_033339775.1,Yes
GCF_033339795.1,Yes
GCF_033339815.1,Yes
GCF_033339825.1,Yes
GCF_033339855.1,Yes
GCF_033339875.1,Yes
GCF_033339895.1,Yes
GCF_033339915.1,Yes
GCF_033339935.1,Yes
GCF_033339955.1,Yes
GCF_033339975.1,Yes
GCF_033339995.1,No
GCF_033340015.1,No
GCF_033340035.1,Yes
GCF_033340055.1,Yes
GCF_033340075.1,Yes
GCF_033340095.1,Yes
GCF_033340115.1,Yes
GCF_033340135.1,Yes
GCF_033340155.1,No
GCF_033340175.1,Yes
GCF_033340195.1,Yes
GCF_033340215.1,Yes
GCF_033340275.1,No
GCF_033340295.1,Yes
GCF_033340315.1,Yes
GCF_033340335.1,Yes
GCF_033340355.1,Yes
GCF_033340375.1,Yes
GCF_033340395.1,Yes
GCF_033340415.1,No
GCF_033340475.1,Yes
GCF_033340495.1,No
GCF_033340515.1,Yes
GCF_033340555.1,No
GCF_033342275.1,Yes
GCF_033344225.1,No
GCF_033344235.1,Yes
GCF_033344275.1,Yes
GCF_033344285.1,Yes
GCF_033344315.1,No
GCF_033344335.1,No
GCF_033344345.1,No
GCF_033344355.1,No
GCF_033344395.1,Yes
GCF_033344415.1,Yes
GCF_033344425.1,Yes
GCF_033344455.1,Yes
GCF_033344475.1,Yes
GCF_033344485.1,Yes
GCF_033391095.1,No
GCF_033391105.1,Yes
GCF_033391855.1,No
GCF_033396375.1,No
GCF_033397055.1,No
GCF_033397795.1,No
GCF_033436765.1,Yes
GCF_033438945.1,No
GCF_033438955.1,Yes
GCF_033438965.1,Yes
GCF_033447605.1,Yes
GCF_033546995.1,No
GCF_033547155.1,Yes
GCF_033549285.1,No
GCF_033720155.1,No
GCF_033721395.1,Yes
GCF_033791185.1,No
GCF_033792385.1,Yes
GCF_033795455.1,No
GCF_033807535.1,Yes
GCF_033843085.1,Yes
GCF_033879595.1,Yes
GCF_033963905.1,No
GCF_033977145.1,Yes
GCF_033977215.1,Yes
GCF_033977325.1,Yes
GCF_033977405.1,Yes
GCF_033977425.1,Yes
GCF_033989955.1,No
GCF_034009455.1,Yes
GCF_034203315.1,Yes
GCF_034321865.1,No
GCF_034424745.1,No
GCF_034480095.1,No
GCF_034480175.1,No
GCF_034506495.1,Yes
GCF_034555355.1,No
GCF_034628625.1,No
GCF_034629665.1,No
GCF_034630705.1,No
GCF_034632515.1,No
GCF_034633995.1,No
GCF_034634015.1,No
GCF_034638195.1,No
GCF_034661275.1,Yes
GCF_034669605.1,Yes
GCF_034669725.1,Yes
GCF_034669785.1,No
GCF_034669805.1,No
GCF_034670045.1,No
GCF_034724015.1,No
GCF_034929495.1,No
GCF_035064975.1,Yes
GCF_035065025.1,Yes
GCF_035066245.1,No
GCF_035066265.1,Yes
GCF_035267225.1,No
GCF_035481855.1,Yes
GCF_035565795.1,Yes
GCF_035565855.1,Yes
GCF_035615315.1,No
GCF_035615335.1,Yes
GCF_035615395.1,No
GCF_035615415.1,No
GCF_035615465.1,No
GCF_035704995.1,No
GCF_035731305.1,No
GCF_035758505.1,Yes
GCF_035787355.1,Yes
GCF_035812655.1,Yes
GCF_035818635.1,No
GCF_035917035.1,Yes
GCF_035917075.1,Yes
GCF_036213645.1,No
GCF_036281675.1,Yes
GCF_036328175.1,Yes
GCF_036351935.1,Yes
GCF_036419195.1,Yes
GCF_036421835.1,Yes
GCF_036528595.1,No
GCF_036533435.1,Yes
GCF_036533495.1,Yes
GCF_036533635.1,Yes
GCF_036533835.1,Yes
GCF_036533855.1,No
GCF_036533875.1,Yes
GCF_036533895.1,Yes
GCF_036533915.1,No
GCF_036533935.1,No
GCF_036533975.1,No
GCF_036541225.1,Yes
GCF_036553525.1,Yes
GCF_036630035.1,Yes
GCF_036668955.1,Yes
GCF_036669055.1,No
GCF_036677125.1,No
GCF_036697285.1,Yes
GCF_036698255.1,Yes
GCF_036773365.1,Yes
GCF_036781545.1,Yes
GCF_036782355.1,Yes
GCF_036799145.1,Yes
GCF_036807705.1,Yes
GCF_036861305.1,Yes
GCF_036864515.1,Yes
GCF_036879405.1,No
GCF_036881125.1,No
GCF_036881165.1,Yes
GCF_036881635.1,No
GCF_036881655.1,No
GCF_036903955.1,Yes
GCF_036903995.1,Yes
GCF_036904015.1,Yes
GCF_036904035.1,No
GCF_036904045.1,Yes
GCF_036904075.1,No
GCF_036904095.1,Yes
GCF_036904115.1,Yes
GCF_036904135.1,No
GCF_036904155.1,No
GCF_036904175.1,Yes
GCF_036904195.1,No
GCF_036904215.1,No
GCF_036904235.1,Yes
GCF_036960155.1,Yes
GCF_036960265.1,No
GCF_036960985.1,No
GCF_036961165.1,Yes
GCF_036961405.1,Yes
GCF_036961695.1,Yes
GCF_036964045.1,Yes
GCF_037023735.1,Yes
GCF_037027165.1,Yes
GCF_037029455.1,No
GCF_037052785.1,No
GCF_037071415.1,Yes
GCF_037080115.1,Yes
GCF_037080155.1,Yes
GCF_037083785.1,Yes
GCF_037083805.1,Yes
GCF_037083845.1,Yes
GCF_037162085.1,Yes
GCF_037162445.1,No
GCF_037168065.1,Yes
GCF_037168085.1,Yes
GCF_037168105.1,Yes
GCF_037168125.1,Yes
GCF_037168185.1,Yes
GCF_037170305.1,No
GCF_037172745.1,Yes
GCF_037195945.1,Yes
GCF_037478305.1,Yes
GCF_037546405.1,No
GCF_037546465.1,No
GCF_037546485.1,No
GCF_037546525.1,No
GCF_037746055.1,Yes
GCF_037756035.1,No
GCF_037758665.1,No
GCF_037804815.1,Yes
GCF_037804865.1,Yes
GCF_037804945.1,Yes
GCF_037804965.1,Yes
GCF_037805105.1,Yes
GCF_037805125.1,No
GCF_037805225.1,No
GCF_037830285.1,No
GCF_037830295.1,No
GCF_037830315.1,Yes
GCF_037830355.1,Yes
GCF_037860965.1,No
GCF_037911135.1,Yes
GCF_037993085.1,Yes
GCF_037997145.1,Yes
GCF_038095575.1,Yes
GCF_038138445.1,No
GCF_038155145.1,Yes
GCF_038155175.1,Yes
GCF_038253855.1,No
GCF_038297345.1,No
GCF_038378025.1,Yes
GCF_038429965.1,No
GCF_038440135.1,Yes
GCF_038440335.1,No
GCF_038562105.1,No
GCF_038900175.1,No
GCF_039522485.1,No
GCF_039522585.1,No
GCF_039522625.1,Yes
GCF_039522765.1,Yes
GCF_039523155.1,No
GCF_039534795.1,No
GCF_039537755.1,Yes
GCF_039537925.1,No
GCF_039539325.1,Yes
GCF_039539745.1,Yes
GCF_039542195.1,Yes
GCF_039542305.1,Yes
GCF_039543005.1,No
GCF_039543745.1,No
GCF_039543785.1,No
GCF_039544045.1,No
GCF_039544385.1,Yes
GCF_039544775.1,Yes
GCF_039563865.1,Yes
GCF_039594455.1,No
GCF_039634515.1,Yes
GCF_039658525.1,No
GCF_039673565.1,Yes
GCF_039673865.1,Yes
GCF_039674185.1,Yes
GCF_039830525.1,Yes
GCF_039830585.1,Yes
GCF_039839315.1,No
GCF_039880285.1,Yes
GCF_039907765.1,No
GCF_039939915.1,Yes
GCF_039940635.1,Yes
GCF_039940975.1,Yes
GCF_039941015.1,No
GCF_039941435.1,No
GCF_039941635.1,Yes
GCF_039963795.1,No
GCF_039963995.1,Yes
GCF_039964005.1,No
GCF_039965295.1,Yes
GCF_039965395.1,Yes
GCF_039965455.1,Yes
GCF_039965695.1,Yes
GCF_039966255.1,Yes
GCF_039966635.1,Yes
GCF_039967315.1,Yes
GCF_039967895.1,Yes
GCF_039970575.1,Yes
GCF_039970945.1,No
GCF_039971495.1,Yes
GCF_039971875.1,Yes
GCF_039972175.1,Yes
GCF_039972435.1,Yes
GCF_039972655.1,Yes
GCF_039972855.1,No
GCF_039972955.1,Yes
GCF_039973035.1,No
GCF_039973135.1,No
GCF_039973215.1,Yes
GCF_039973635.1,No
GCF_039974095.1,Yes
GCF_039974475.1,No
GCF_039974725.1,Yes
GCF_039974955.1,No
GCF_039975415.1,No
GCF_039975875.1,Yes
GCF_039976655.1,No
GCF_039976795.1,Yes
GCF_039976835.1,Yes
GCF_039977375.1,Yes
GCF_039977555.1,Yes
GCF_039978355.1,Yes
GCF_039978695.1,Yes
GCF_039980065.1,Yes
GCF_039980575.1,Yes
GCF_039981015.1,Yes
GCF_039982175.1,No
GCF_039982955.1,Yes
GCF_039983875.1,Yes
GCF_039985015.1,Yes
GCF_039985175.1,Yes
GCF_039985335.1,Yes
GCF_039985435.1,Yes
GCF_039986295.1,Yes
GCF_039986375.1,Yes
GCF_039986515.1,No
GCF_039986975.1,No
GCF_039987075.1,Yes
GCF_039988115.1,Yes
GCF_039992095.1,No
GCF_040104475.1,Yes
GCF_040118955.1,Yes
GCF_040119355.1,Yes
GCF_040126105.1,No
GCF_040147015.1,Yes
GCF_040147045.1,Yes
GCF_040148675.1,Yes
GCF_040183025.1,Yes
GCF_040196315.1,Yes
GCF_040219715.1,Yes
GCF_040220175.1,No
GCF_040220375.1,No
GCF_040221495.1,No
GCF_040221995.1,Yes
GCF_040222315.1,Yes
GCF_040223625.1,No
GCF_040235355.1,No
GCF_040250365.1,No
GCF_040308585.1,No
GCF_040308605.1,No
GCF_040309045.1,No
GCF_040309345.1,Yes
GCF_040309385.1,No
GCF_040309405.1,Yes
GCF_040309505.1,Yes
GCF_040309565.1,Yes
GCF_040309765.1,Yes
GCF_040309805.1,No
GCF_040310485.1,No
GCF_040365955.1,No
GCF_040369695.1,Yes
GCF_040371315.1,Yes
GCF_040409745.1,Yes
GCF_040516005.1,No
GCF_040539315.1,No
GCF_040539335.1,No
GCF_040539345.1,No
GCF_040539395.1,No
GCF_040580765.1,Yes
GCF_900005135.1,Yes
GCF_900055185.1,Yes
GCF_900060185.1,Yes
GCF_900067765.1,Yes
GCF_900067775.1,Yes
GCF_900079515.1,Yes
GCF_900089765.1,No
GCF_900089845.1,No
GCF_900089855.1,No
GCF_900089965.1,No
GCF_900095365.1,Yes
GCF_900095785.1,Yes
GCF_900100655.1,Yes
GCF_900101475.1,Yes
GCF_900102015.1,No
GCF_900102465.1,No
GCF_900102675.1,No
GCF_900102795.1,Yes
GCF_900102875.1,Yes
GCF_900102935.1,Yes
GCF_900102945.1,Yes
GCF_900103185.1,No
GCF_900103205.1,No
GCF_900103325.1,No
GCF_900103335.1,Yes
GCF_900103865.1,No
GCF_900105285.1,Yes
GCF_900105495.1,Yes
GCF_900106805.1,Yes
GCF_900107355.1,No
GCF_900109335.1,Yes
GCF_900109455.1,Yes
GCF_900109535.1,No
GCF_900109725.1,No
GCF_900109765.1,Yes
GCF_900110135.1,Yes
GCF_900110585.1,Yes
GCF_900110705.1,Yes
GCF_900110785.1,No
GCF_900111095.1,Yes
GCF_900111855.1,Yes
GCF_900111945.1,No
GCF_900112725.1,No
GCF_900112755.1,No
GCF_900113205.1,No
GCF_900113265.1,Yes
GCF_900113275.1,Yes
GCF_900113345.1,Yes
GCF_900113795.1,No
GCF_900114245.1,Yes
GCF_900114415.1,Yes
GCF_900114635.1,No
GCF_900114815.1,No
GCF_900115495.1,Yes
GCF_900115555.1,Yes
GCF_900115865.1,No
GCF_900116285.1,No
GCF_900116405.1,No
GCF_900116455.1,No
GCF_900116505.1,Yes
GCF_900116725.1,Yes
GCF_900116765.1,No
GCF_900119575.1,No
GCF_900119635.1,Yes
GCF_900119675.1,Yes
GCF_900119925.1,No
GCF_900119985.1,No
GCF_900120015.1,No
GCF_900120025.1,No
GCF_900120035.1,No
GCF_900120065.1,No
GCF_900120075.1,No
GCF_900120105.1,No
GCF_900120115.1,No
GCF_900120145.1,No
GCF_900120285.1,No
GCF_900120305.1,No
GCF_900128925.1,Yes
GCF_900129845.1,Yes
GCF_900129875.1,No
GCF_900141945.1,No
GCF_900142085.1,No
GCF_900142625.1,Yes
GCF_900142665.1,Yes
GCF_900142755.1,No
GCF_900142765.1,No
GCF_900142895.1,No
GCF_900143525.1,No
GCF_900143535.1,No
GCF_900143545.1,Yes
GCF_900155885.1,No
GCF_900155945.1,No
GCF_900156185.1,No
GCF_900156535.1,Yes
GCF_900156595.1,No
GCF_900156635.1,Yes
GCF_900156805.1,Yes
GCF_900162665.1,No
GCF_900163545.1,No
GCF_900163635.1,No
GCF_900167155.1,Yes
GCF_900168255.1,No
GCF_900172215.1,Yes
GCF_900172225.1,Yes
GCF_900172235.1,Yes
GCF_900172255.1,Yes
GCF_900172285.1,Yes
GCF_900172295.1,Yes
GCF_900172335.1,Yes
GCF_900172365.1,Yes
GCF_900177525.1,No
GCF_900182615.1,Yes
GCF_900182745.1,Yes
GCF_900182765.1,No
GCF_900182805.1,Yes
GCF_900184145.1,Yes
GCF_900184815.1,Yes
GCF_900184825.1,No
GCF_900184945.1,Yes
GCF_900185035.1,Yes
GCF_900185055.1,Yes
GCF_900185565.1,Yes
GCF_900185625.1,Yes
GCF_900187545.1,Yes
GCF_900215605.1,Yes
GCF_900233005.1,Yes
GCF_900291005.1,No
GCF_900291035.1,No
GCF_900302455.1,Yes
GCF_900302475.1,Yes
GCF_900302485.1,No
GCF_900302495.1,No
GCF_900312675.1,No
GCF_900312795.1,No
GCF_900313035.1,Yes
GCF_900313045.1,No
GCF_900313065.1,Yes
GCF_900327775.1,Yes
GCF_900445235.1,No
GCF_900455955.1,No
GCF_900460165.1,No
GCF_900460285.1,Yes
GCF_900460325.1,Yes
GCF_900460395.1,No
GCF_900499075.1,No
GCF_900537075.1,No
GCF_900537105.1,Yes
GCF_900537165.1,Yes
GCF_900609055.1,Yes
GCF_900636645.1,No
GCF_901482375.1,No
GCF_901933175.1,No
GCF_902459605.1,No
GCF_902459615.1,No
GCF_902459695.1,No
GCF_902497625.1,Yes
GCF_902497725.1,No
GCF_902497825.1,No
GCF_902497855.1,No
GCF_902497875.1,No
GCF_902497915.1,No
GCF_902498045.1,No
GCF_902498095.1,No
GCF_902498135.1,Yes
GCF_902498205.1,No
GCF_902498255.1,No
GCF_902500215.1,No
GCF_902833645.1,No
GCF_902833715.1,No
GCF_902859945.1,Yes
GCF_903914075.1,No
GCF_903986595.1,No
GCF_903986725.1,Yes
GCF_903986875.1,No
GCF_903986905.1,No
GCF_903986935.1,No
GCF_903986945.1,Yes
GCF_903986985.1,Yes
GCF_903986995.1,No
GCF_903995475.1,No
GCF_903995485.1,No
GCF_904423865.1,No
GCF_904845915.1,Yes
GCF_904845925.1,Yes
GCF_904845935.1,Yes
GCF_904845955.1,No
GCF_904845985.1,Yes
GCF_904846005.1,No
GCF_904846015.1,No
GCF_904846045.1,No
GCF_904846065.1,No
GCF_904846105.1,No
GCF_904846155.1,No
GCF_904846185.1,No
GCF_904846195.1,No
GCF_904846205.1,No
GCF_904846215.1,No
GCF_904846225.1,Yes
GCF_904846305.1,No
GCF_904846325.1,Yes
GCF_904846365.1,No
GCF_904846425.1,No
GCF_904846455.1,Yes
GCF_904846575.1,No
GCF_904846585.1,No
GCF_904846635.1,No
GCF_904846655.1,No
GCF_904846665.1,No
GCF_904846685.1,No
GCF_904848165.1,Yes
GCF_905175335.1,No
GCF_905175355.1,No
GCF_905220245.1,Yes
GCF_905220305.1,Yes
GCF_905220795.1,Yes
GCF_905331675.1,Yes
GCF_905479895.1,No
GCF_911283405.1,No
GCF_913051915.1,Yes
GCF_913054185.1,Yes
GCF_913054395.1,Yes
GCF_913055835.1,No
GCF_913057115.1,Yes
GCF_913057125.1,No
GCF_913057855.1,No
GCF_913058035.1,Yes
GCF_913064645.1,Yes
GCF_916618875.1,No
GCF_929606395.1,Yes
GCF_929618215.1,Yes
GCF_937123725.1,Yes
GCF_937123735.1,Yes
GCF_937127095.1,Yes
GCF_937128705.1,No
GCF_937129475.1,No
GCF_937146545.1,No
GCF_937896415.1,No
GCF_937911985.1,Yes
GCF_938073885.1,No
GCF_938092215.1,Yes
GCF_943846705.1,No
GCF_946478815.1,Yes
GCF_946886895.1,No
GCF_947037895.1,Yes
GCF_947038295.1,Yes
GCF_947038625.1,Yes
GCF_947258605.1,Yes
GCF_947258665.1,Yes
GCF_947258855.1,Yes
GCF_947259555.1,No
GCF_947331435.1,Yes
GCF_947331465.1,Yes
GCF_947387585.1,Yes
GCF_947487135.1,No
GCF_947487425.1,Yes
GCF_947487515.1,No
GCF_947487735.1,No
GCF_947487995.1,Yes
GCF_947488185.1,Yes
GCF_947488565.1,Yes
GCF_947488715.1,Yes
GCF_947488835.1,No
GCF_947489465.1,Yes
GCF_947489545.1,Yes
GCF_947489645.1,Yes
GCF_947489715.1,Yes
GCF_947489905.1,Yes
GCF_947491795.1,Yes
GCF_947492095.1,No
GCF_947492275.1,No
GCF_947492365.1,Yes
GCF_947492555.1,Yes
GCF_947492685.1,Yes
GCF_947492705.1,Yes
GCF_947493595.1,Yes
GCF_947493655.1,Yes
GCF_947493835.1,No
GCF_947493875.1,Yes
GCF_947493985.1,No
GCF_947494465.1,Yes
GCF_947494555.1,Yes
GCF_947494625.1,No
GCF_947495055.1,Yes
GCF_947495085.1,Yes
GCF_947495275.1,Yes
GCF_947495455.1,Yes
GCF_947495495.1,No
GCF_947495585.1,Yes
GCF_947495615.1,No
GCF_947495715.1,Yes
GCF_947495815.1,Yes
GCF_947495835.1,Yes
GCF_947495845.1,Yes
GCF_947495935.1,Yes
GCF_947496565.1,Yes
GCF_947496935.1,Yes
GCF_947497005.1,Yes
GCF_947497165.1,Yes
GCF_947497325.1,No
GCF_947497575.1,No
GCF_947497685.1,Yes
GCF_947497845.1,No
GCF_947497995.1,No
GCF_947498015.1,Yes
GCF_947498095.1,No
GCF_947498165.1,Yes
GCF_947498275.1,Yes
GCF_947498515.1,Yes
GCF_947498605.1,No
GCF_947498665.1,Yes
GCF_947498945.1,No
GCF_947499225.1,Yes
GCF_947499865.1,Yes
GCF_947499915.1,Yes
GCF_947500045.1,Yes
GCF_947500075.1,Yes
GCF_947500155.1,Yes
GCF_947500285.1,No
GCF_947500455.1,Yes
GCF_947500465.1,Yes
GCF_947500915.1,No
GCF_947501055.1,Yes
GCF_947501075.1,Yes
GCF_947501255.1,Yes
GCF_947501345.1,No
GCF_947501405.1,Yes
GCF_947501785.1,No
GCF_947501855.1,No
GCF_947502035.1,Yes
GCF_947502135.1,Yes
GCF_947502155.1,Yes
GCF_947503385.1,Yes
GCF_947503505.1,Yes
GCF_947503565.1,Yes
GCF_947503605.1,Yes
GCF_947503635.1,Yes
GCF_947503745.1,No
GCF_947503795.1,No
GCF_947504175.1,Yes
GCF_947504215.1,Yes
GCF_948151475.1,Yes
GCF_948193265.1,No
GCF_948193435.1,No
GCF_948329545.1,Yes
GCF_949787665.1,Yes
GCF_963518525.1,Yes
GCF_963519395.1,No
GCF_963520625.1,Yes
GCF_963524535.1,Yes
GCF_963530165.1,Yes
GCF_963669255.1,Yes
GCF_963675325.1,Yes
GCF_963691865.1,No
GCF_963860025.1,Yes
GCF_963860445.1,No
GCF_963860595.1,No
GCF_963860625.1,No
GCF_963860635.1,No
GCF_963860685.1,No
GCF_963860735.1,No
GCF_963860835.1,No
GCF_963861305.1,No
GCF_963861875.1,No
GCF_963862185.1,Yes
GCF_963864815.1,No
GCF_963865155.1,No
GCF_963865515.1,No
GCF_963865535.1,No
GCF_963865545.1,Yes
GCF_963865695.1,No
GCF_963866375.1,No
GCF_963866965.1,No
GCF_963867005.1,Yes
GCF_963867015.1,Yes
GCF_963867045.1,Yes
GCF_963868145.1,No
GCF_963869775.1,No
GCF_963869845.1,Yes
GCF_963869885.1,No
GCF_963870105.1,No
GCF_963871305.1,No
GCF_963871635.1,No
GCF_963871815.1,No
GCF_963872215.1,No
GCF_963872585.1,No
GCF_963872955.1,No
GCF_963877225.1,No
GCF_963877255.1,Yes
GCF_963877275.1,No
GCF_963877305.1,No
GCF_963877345.1,No
GCF_963877375.1,No
GCF_963877385.1,No
GCF_963877395.1,No
GCF_963877405.1,No
GCF_963877475.1,No
GCF_963877525.1,No
GCF_963877555.1,No
GCF_963877575.1,No
GCF_963877585.1,No
GCF_963877595.1,No
GCF_963877665.1,No
GCF_963877705.1,No
GCF_963877745.1,No
GCF_963877755.1,No
GCF_963877765.1,No
GCF_963877775.1,No
GCF_963877785.1,No
GCF_963877795.1,No
GCF_963877835.1,No
GCF_963877855.1,No
GCF_963877875.1,No
GCF_963877935.1,No
GCF_963877945.1,No
GCF_963877985.1,No
GCF_963878055.1,No
GCF_963878265.1,No
GCF_963878275.1,No
GCF_963878555.1,No
GCF_963878565.1,No
GCF_963878585.1,No
GCF_963878595.1,No
GCF_963878655.1,No
GCF_963878785.1,No
GCF_963878795.1,No
GCF_963878805.1,No
GCF_963878905.1,No
GCF_963879005.1,No
GCF_963879025.1,No
GCF_963879035.1,No
GCF_963879045.1,No
GCF_963879065.1,No
GCF_963879075.1,No
GCF_963879145.1,No
GCF_963880435.1,No
GCF_963880805.1,No
GCF_963880845.1,No
GCF_963880925.1,No
GCF_963881155.1,No
GCF_963881165.1,No
GCF_963881205.1,No
GCF_963881885.1,No
GCF_963881895.1,No
GCF_963882575.1,No
GCF_963884875.1,No
GCF_963889045.1,No
GCF_963889365.1,No
GCF_963889515.1,No
GCF_963889865.1,No
GCF_963890065.1,No
GCF_963890165.1,No
GCF_963890715.1,No
GCF_963890745.1,No
GCF_963890985.1,No
GCF_963891505.1,No
GCF_963892715.1,No
GCF_963892785.1,No
GCF_963892795.1,No
GCF_963892815.1,No
GCF_963892955.1,No
GCF_963893015.1,No
GCF_963893175.1,No
GCF_963893235.1,No
GCF_963893355.1,No
GCF_963893365.1,No
GCF_963893375.1,No
GCF_963893745.1,No
GCF_963893835.1,No
GCF_963893985.1,No
GCF_963894035.1,No
GCF_963894045.1,No
GCF_963894085.1,No
GCF_963894405.1,No
GCF_963895035.1,No
GCF_963895305.1,No
GCF_963898195.1,Yes
GCF_963899065.1,No
GCF_963899125.1,No
GCF_963899365.1,No
GCF_963899585.1,No
GCF_963899845.1,Yes
GCF_963900035.1,No
GCF_963903065.1,No
GCF_963903205.1,Yes
GCF_963920535.1,Yes
GCF_963926215.1,No
GCF_963967095.1,Yes
GCF_963970405.1,Yes
GCF_963970645.1,Yes
GCF_963970795.1,Yes
GCF_963972555.1,No
GCF_963972895.1,Yes
GCF_963973725.1,Yes
GCF_963973935.1,No
GCF_963974275.1,No
GCF_963975455.1,No
GCF_963975545.1,No
GCF_963976065.1,No
GCF_963976385.1,No
GCF_963976665.1,No
GCF_963976745.1,Yes
GCF_963979125.1,Yes
GCF_963995905.1,Yes
GCF_964008165.1,Yes
GCF_964010745.1,Yes
GCF_964021725.1,No
