mf_id,scan_time,mz,apex_scan,intensity,persistence,area,monoisotopic_mf_id,isotopologue_type
1,8.003413200378418,118.08644104003906,1051.0,194327440.0,194230276.0,118158155.4294672,1,
2,6.299375057220459,141.07371520996094,827.0,170252416.0,170155252.0,157413621.43240738,573,2H3
3,2.133179187774658,195.12269592285156,279.0,67473552.0,67376388.0,17656002.667701595,3,
5,0.03785240650177002,214.0894775390625,5.0,57975984.0,57878820.0,7565416.877983317,5,
8,6.299375057220459,142.07986450195312,827.0,50199420.0,50102256.0,45825691.817156464,1677,13C1
11,10.078944206237793,132.10206604003906,1319.0,34663744.0,34566580.0,17819711.7302534,11,
16,10.371063232421875,135.0472869873047,1357.0,25176370.0,25079206.0,12489491.136497073,16,
19,9.094088554382324,121.03197479248047,1191.0,20750366.0,20653202.0,9530658.624915695,19,
20,11.399836540222168,179.0734405517578,1489.0,20738580.0,20641416.0,8908111.066338558,20,
23,11.23067569732666,252.14459228515625,1467.0,17566200.0,17469036.0,8898629.852134034,23,
29,12.06161117553711,148.060546875,1575.0,16068086.0,15970922.0,10051562.787073076,29,
31,6.14907169342041,112.1122817993164,807.0,64980268.0,15869824.0,11161632.532928467,,
34,0.08720829337835312,123.04037475585938,11.0,15505156.0,15407992.0,1165846.0339412298,34,
36,2.133179187774658,240.18081665039062,279.0,15364387.0,15267223.0,3571350.160441908,36,
38,2.1182022094726562,212.14898681640625,277.0,15238388.0,15141224.0,3865735.149248183,38,
47,2.2387890815734863,202.18040466308594,293.0,14193141.0,14095977.0,6652222.255142567,47,
49,8.87873363494873,212.0950469970703,1163.0,13733511.0,13636347.0,4655087.050468445,49,
50,14.662541389465332,133.02784729003906,1909.0,13336745.0,13239581.0,9440710.745936295,,
55,7.883634567260742,112.1122817993164,1035.0,42301296.0,12182164.0,10966642.807052612,,
61,24.954675674438477,214.089599609375,3225.0,10913405.0,10816241.0,1704332.2627716064,61,
64,7.988577842712402,119.08985900878906,1049.0,10840195.0,10743031.0,3632919.4843740165,1,13C1
66,11.399836540222168,147.07666015625,1489.0,10674687.0,10577523.0,3962338.83934389,66,
67,11.339555740356445,286.1131286621094,1481.0,10513094.0,10415930.0,3954888.2547484133,67,
68,0.6270253658294678,296.0436096191406,81.0,10407029.0,10309865.0,2207127.4339590073,68,
69,0.022458789870142937,214.08702087402344,3.0,10405404.0,10308240.0,1982997.4585974105,69,
71,14.63259506225586,248.02117919921875,1905.0,10234807.0,10137643.0,6713386.969298419,,
72,10.780282974243164,713.0664672851562,1409.0,10216040.0,10118876.0,1649491.5983043183,72,
77,7.563916206359863,98.07164001464844,993.0,10057183.0,9960019.0,564581.3117369115,,
78,7.5184831619262695,76.0762939453125,987.0,10052573.0,9955409.0,8515295.521968834,78,
83,0.03785240650177002,214.0919952392578,5.0,9921617.0,9824453.0,1895436.562360908,83,
101,9.015832901000977,152.0568084716797,1181.0,9356246.0,9259082.0,4910501.185419887,101,
113,8.87873363494873,250.988037109375,1163.0,9017693.0,8920529.0,1687902.8383636475,113,
117,10.856867790222168,112.1122817993164,1419.0,37505924.0,8786908.0,9679259.684677124,117,
118,0.10716649144887924,74.09712982177734,13.0,8851395.0,8754231.0,1142514.9045072095,118,
130,2.2842845916748047,151.0966796875,299.0,8375139.0,8277975.0,1222520.1232616454,130,
134,10.746758460998535,711.071533203125,1405.0,8319716.0,8222552.0,1404665.6640886823,134,
145,9.50914192199707,106.08670806884766,1245.0,8120846.0,8023682.0,3339160.645687431,145,
146,10.780282974243164,715.0636596679688,1409.0,8091182.0,7994018.0,1312890.244778622,,
156,2.133179187774658,195.12489318847656,279.0,10328398.0,7876110.0,4457250.768494889,156,
165,2.2237184047698975,296.04510498046875,291.0,7819180.5,7722016.0,1415260.79464221,165,
197,2.6346611976623535,296.04498291015625,345.0,7315984.5,7218820.0,2533559.427907467,197,
204,2.6346611976623535,296.04632568359375,345.0,7194971.5,7097807.0,1942676.4358501434,204,
205,2.268836736679077,284.1707763671875,297.0,7178449.5,7081285.0,993830.3296751566,205,
225,7.563916206359863,112.08736419677734,993.0,6958246.0,6861082.0,382444.6658719182,,
235,11.399836540222168,130.05006408691406,1489.0,6852608.0,6755444.0,2491536.4521570653,235,
241,2.863645076751709,296.04498291015625,375.0,6804393.0,6707229.0,1254880.5500984192,241,
244,8.909156799316406,162.11268615722656,1167.0,6776616.0,6679452.0,4017207.351474192,244,
252,8.53611946105957,138.05517578125,1119.0,6680033.0,6582869.0,3581133.2551043183,252,
278,10.95192813873291,193.0530548095703,1431.0,6441990.5,6344826.0,2220120.872076992,278,
283,14.693028450012207,248.0232391357422,1913.0,6407012.5,6309848.0,1307529.7757587433,,
289,3.1527366638183594,296.04620361328125,413.0,6365726.5,6268562.0,1001952.9067795277,289,
290,9.015832901000977,236.14944458007812,1181.0,6319507.5,6222343.0,3701173.356458937,290,
293,23.456979751586914,123.04037475585938,3033.0,6273110.0,6175946.0,1690933.777267456,293,
312,2.2842845916748047,168.12318420410156,299.0,6118743.5,6021579.0,835945.1407644302,312,
317,10.997873306274414,250.988037109375,1437.0,6345364.5,5976655.0,2690318.953889847,,
327,3.3200273513793945,296.04632568359375,435.0,6040733.5,5943569.0,1170002.384330511,327,
330,0.535642683506012,296.0489501953125,69.0,6021662.0,5924498.0,1202630.886074841,330,
338,0.053039807826280594,215.09288024902344,7.0,5965953.0,5868789.0,785247.826973109,5,13C1
373,10.542216300964355,236.14944458007812,1379.0,5653229.0,5556065.0,2855351.5160496607,373,
375,0.08720829337835312,97.99169921875,11.0,5642377.0,5545213.0,407718.24380264385,,
383,2.1182022094726562,196.1257781982422,277.0,5604701.0,5507537.0,1496832.7897984972,3,13C1
408,11.200178146362305,209.04774475097656,1463.0,5432465.5,5335301.0,2577811.9340666197,408,
409,0.1374163031578064,212.0950469970703,17.0,8194849.0,5322983.0,2084547.947487518,409,
416,5.283909320831299,136.0617218017578,693.0,5375545.0,5278381.0,2359749.9182194322,416,
423,21.228187561035156,214.0894775390625,2747.0,8103622.0,5251971.0,1150362.7735004425,423,
425,3.1829679012298584,130.08631896972656,417.0,5346743.0,5249579.0,2521375.74414593,425,
441,9.109748840332031,165.05795288085938,1193.0,5286341.5,5189177.0,2899536.96994967,441,
454,2.2086453437805176,296.0475769042969,289.0,5222432.0,5125268.0,1508966.9209296703,454,
463,2.2237184047698975,296.0437316894531,291.0,5186238.5,5089074.0,1364586.88367033,,
470,10.780282974243164,711.0775146484375,1409.0,5160650.0,5063486.0,397679.4038248062,,
476,3.945085287094116,113.1155014038086,517.0,5118450.5,5021286.0,1339793.4588565826,,
490,14.662541389465332,112.1122817993164,1909.0,27328608.0,4940568.0,17107185.90330887,490,
499,10.780282974243164,711.062255859375,1409.0,4993463.5,4896299.0,875377.3190562259,,
503,2.3754444122314453,296.0476989746094,311.0,4980770.0,4883606.0,1647782.1865167618,503,
522,3.1527366638183594,148.0968017578125,413.0,4900967.0,4803803.0,1038361.9827606678,522,
547,2.6346611976623535,296.0436096191406,345.0,4770653.0,4673489.0,1481056.232040882,,
555,5.755128860473633,250.9881591796875,755.0,7199817.0,4649289.0,1349915.3610095978,,
561,2.6194779872894287,296.0475769042969,343.0,4723470.5,4626306.0,1140538.3811752796,561,
569,1.540062665939331,338.1813659667969,201.0,4699819.0,4602655.0,1087999.7024545912,569,
570,0.08720829337835312,141.05078125,11.0,4691824.0,4594660.0,327030.34006286855,,
573,6.299375057220459,138.05517578125,827.0,4681485.5,4584321.0,2657083.58547695,573,
575,3.92946457862854,296.04498291015625,515.0,4677019.5,4579855.0,837298.4850625992,,
588,11.399836540222168,333.1296081542969,1489.0,4621821.0,4524657.0,1480395.1873652171,588,
608,0.08720829337835312,123.0414810180664,11.0,4560119.5,4439622.0,434447.5171931889,608,
623,1.7542006969451904,302.1967468261719,229.0,4472875.0,4375711.0,1576904.0120489039,623,
627,8.645262718200684,104.07099151611328,1133.0,4464231.5,4367067.0,1003128.2895088196,,
629,3.1829679012298584,296.0437316894531,417.0,4446034.5,4348870.0,1173538.6668310165,,
649,2.2842845916748047,284.16827392578125,299.0,4353405.5,4256241.0,687674.3139173854,649,
692,0.03785240650177002,158.02684020996094,5.0,4221811.0,4124647.0,546570.6569506237,692,
693,10.746758460998535,717.0632934570312,1405.0,4216123.0,4118959.0,308973.18551826477,,
700,10.746758460998535,715.0731811523438,1405.0,4188769.0,4091605.0,298374.5549454689,72,13C2
712,18.744230270385742,73.07672119140625,2429.0,4147300.25,4050136.0,367641.00738716125,,
719,12.544771194458008,112.1122817993164,1637.0,29918964.0,4033260.0,5816251.240852356,719,
737,10.795577049255371,709.0718383789062,1411.0,4076577.0,3979413.0,600608.2744971439,,
740,0.08720829337835312,139.01791381835938,11.0,4060262.5,3963098.0,340363.01332920324,740,
780,0.535642683506012,341.1045227050781,69.0,3933918.0,3836754.0,916554.9014158398,,
781,10.933616638183594,212.0950469970703,1429.0,6668149.5,3833072.0,3075123.5497379303,781,
783,3.3200273513793945,296.0476989746094,435.0,3922124.75,3824960.0,865616.4222676754,783,
804,14.924659729003906,250.98696899414062,1943.0,5358087.5,3767874.0,1069392.3529405594,,
807,9.493858337402344,155.08135986328125,1243.0,3850551.75,3753387.0,1977983.7084574993,807,
815,14.662541389465332,363.0150146484375,1909.0,3827559.0,3730395.0,393995.24766724976,,
819,1.2031004428863525,250.9881591796875,157.0,3807667.0,3710503.0,699654.0031108856,,
829,14.647592544555664,74.09696197509766,1907.0,4041863.5,3687399.0,3844765.9171762466,829,
832,11.478412628173828,245.11370849609375,1499.0,3781509.5,3684345.0,1871052.9077939875,832,
876,6.299375057220459,143.08311462402344,827.0,3686387.25,3589223.0,1434833.479625702,1677,13C2
904,0.08720829337835312,164.06687927246094,11.0,3625664.25,3528500.0,365443.780721582,,
960,14.647592544555664,248.01913452148438,1907.0,3464211.0,3367047.0,2665879.9507634677,,
1015,0.25796958804130554,112.1122817993164,33.0,41184564.0,3209484.0,17911078.566740632,1015,
1018,7.640073776245117,112.05079650878906,1003.0,3300417.5,3203253.0,1583563.9485946894,,
1033,14.647592544555664,593.0046997070312,1907.0,3261790.0,3164626.0,581793.0556732179,,
1049,4.873020648956299,296.04632568359375,639.0,3230176.0,3133012.0,820518.3301744461,,
1055,3.670520544052124,296.0475769042969,481.0,3220461.25,3123297.0,677347.1295194626,,
1058,9.015832901000977,236.14749145507812,1181.0,3212534.75,3115370.0,2178874.480809152,1058,
1069,23.127817153930664,139.01791381835938,2991.0,3176825.25,3079661.0,603278.1633558273,,
1072,11.261022567749023,104.07099151611328,1471.0,3252324.0,3070770.0,862567.4165811539,,
1082,7.442131519317627,132.10206604003906,977.0,3152468.75,3055304.0,2273218.418057233,1082,
1098,3.960160255432129,296.0437316894531,519.0,3121171.25,3024007.0,617596.4215011597,,
1109,4.766027450561523,296.04510498046875,625.0,3095963.0,2998799.0,619679.6802606583,,
1113,21.228187561035156,112.1122817993164,2747.0,13626820.0,2990825.0,2530589.4776153564,,
1128,2.2842845916748047,267.1440124511719,299.0,3059854.75,2962690.0,399358.2746084854,1128,
1132,4.873020648956299,296.0448303222656,639.0,3051830.75,2954666.0,894881.9832396507,,
1196,10.450453758239746,146.1177215576172,1367.0,2940247.0,2843083.0,1575876.539519444,1196,
1222,11.339555740356445,282.1185302734375,1481.0,2882381.75,2785217.0,806092.8469164195,1222,
1231,14.63259506225586,478.0099792480469,1905.0,2867799.5,2770635.0,516803.4761048723,,
1239,10.542216300964355,236.14749145507812,1379.0,2849131.5,2751967.0,1736215.7629080908,1239,
1255,6.1192426681518555,141.0750732421875,803.0,16796098.0,2709263.0,7711799.818691786,1255,
1263,10.795577049255371,717.0540161132812,1411.0,2796530.5,2699366.0,426155.04993475415,1263,
1264,2.3447113037109375,212.0950469970703,307.0,6532893.0,2699236.0,1466147.5901181698,1264,
1265,2.2842845916748047,196.1545867919922,299.0,2794241.0,2697077.0,320255.3458503252,1265,
1279,18.37104606628418,112.1122817993164,2381.0,17467956.0,2663200.0,3287255.1252593994,1279,
1287,7.7928996086120605,171.11293029785156,1023.0,2740202.25,2643038.0,605155.6806592941,,
1301,8.815582275390625,250.9860076904297,1155.0,5016353.5,2605856.0,1030766.1629657745,1301,
1307,5.8464179039001465,250.9860076904297,767.0,4100179.75,2595982.0,1172252.0774564743,,
1311,1.7542006969451904,302.19390869140625,229.0,2686861.0,2589697.0,766625.6050909609,1311,
1351,1.540062665939331,338.17803955078125,201.0,2610219.25,2513055.0,509630.0354508545,1351,
1371,11.616598129272461,258.11029052734375,1517.0,2575438.25,2478274.0,1198776.8374565765,1371,
1373,10.982587814331055,250.99017333984375,1435.0,2571167.25,2474003.0,1221758.6568377614,,
1383,0.08720829337835312,231.11610412597656,11.0,2555811.5,2458647.0,311017.53237577574,1383,
1384,24.223722457885742,141.05078125,3131.0,2552700.75,2455536.0,664171.9895963669,,
1386,14.662541389465332,230.99537658691406,1909.0,2548956.75,2451792.0,1764543.8128393264,,
1387,11.463240623474121,269.10589599609375,1497.0,2547464.5,2450300.0,1242982.6670997676,1387,
1398,0.03785240650177002,216.08583068847656,5.0,2537037.75,2439873.0,333086.29030605895,1398,
1403,10.780282974243164,717.0693969726562,1409.0,2529902.0,2432738.0,198653.68007040024,4207,13C1
1437,7.319602966308594,144.1018829345703,961.0,2490880.0,2393716.0,1678887.6573995128,1437,
1442,2.268836736679077,284.17333984375,297.0,2480334.0,2383170.0,421978.8700044304,1442,
1445,0.08720829337835312,82.01444244384766,11.0,2468957.0,2371793.0,206122.2187218892,,
1446,5.344448089599609,296.04498291015625,701.0,2468537.0,2371373.0,454628.2074871063,,
1449,5.344448089599609,296.04632568359375,701.0,2464725.25,2367561.0,455565.05493974686,,
1453,2.3754444122314453,296.0489501953125,311.0,2528726.25,2362266.0,864426.3056545258,,
1477,14.894429206848145,250.98910522460938,1939.0,4088735.75,2333061.0,1070040.5898256302,,
1490,14.153623580932617,164.06687927246094,1843.0,3194018.75,2315321.0,968880.4468960762,,
1491,7.838161945343018,250.99017333984375,1029.0,2703862.5,2314898.0,663367.9494767189,,
1494,16.520835876464844,250.9879150390625,2145.0,3361795.0,2312160.0,634124.5641393661,,
1519,10.078944206237793,133.10531616210938,1319.0,2386069.5,2288905.0,1109409.1928834617,11,13C1
1536,2.6194779872894287,296.0489501953125,343.0,2366952.5,2269788.0,625481.7100220919,,
1542,2.6346611976623535,296.042236328125,345.0,2355109.0,2257945.0,566831.9629048109,,
1565,11.369743347167969,90.05548858642578,1485.0,2324810.0,2227646.0,881096.1398285925,,
1573,3.1829679012298584,296.0423583984375,417.0,2313985.5,2216821.0,577042.113822937,,
1587,0.10716649144887924,88.0762710571289,13.0,2288181.0,2191017.0,302687.8485024823,,
1603,0.08720829337835312,60.04515838623047,11.0,2267884.0,2170720.0,236077.9611952356,,
1620,0.08720829337835312,125.0379867553711,11.0,2247887.25,2150723.0,168600.25820204057,,
1627,18.744230270385742,98.07164001464844,2429.0,2238092.75,2140928.0,214860.30889868736,,
1632,2.2842845916748047,151.09518432617188,299.0,2234278.75,2137114.0,404976.8075955622,1632,
1633,0.022458789870142937,91.05479431152344,3.0,2232685.75,2135521.0,299956.0916174555,,
1674,14.662541389465332,707.998291015625,1909.0,2180454.75,2083290.0,460284.4379377421,,
1677,6.268970966339111,141.07644653320312,823.0,2179189.75,2082025.0,462090.64285826683,1677,
1680,11.028485298156738,176.1280059814453,1441.0,2174881.75,2077717.0,977896.7470725253,,
1683,4.720658779144287,296.0475769042969,619.0,2174356.0,2077192.0,615849.5984349251,,
1690,2.2387890815734863,296.0478210449219,293.0,4810408.5,2068484.0,896513.756834507,1690,
1695,4.873020648956299,296.0475769042969,639.0,2160719.25,2063555.0,518129.6081023216,,
1714,7.563916206359863,124.08723449707031,993.0,2138127.25,2040963.0,150489.34935683012,,
1715,8.87873363494873,214.0894775390625,1163.0,2138016.75,2040852.0,401557.6495246887,,
1732,6.3143310546875,199.1269073486328,829.0,2123055.5,2025891.0,408535.613309145,,
1752,11.215434074401855,252.14137268066406,1465.0,4926844.5,1999157.0,3190630.7093905807,1752,
1783,4.766027450561523,296.0437316894531,625.0,2059633.625,1962469.0,637032.2466039658,,
1788,14.662541389465332,363.0187072753906,1909.0,2055187.375,1958023.0,246623.52336235344,,
1790,11.23067569732666,253.1479034423828,1467.0,2053066.0,1955902.0,952923.5466002778,23,13C1
1814,12.06161117553711,84.04502868652344,1575.0,2030546.75,1933382.0,1744628.180158481,,
1840,11.600385665893555,132.07681274414062,1515.0,2010713.0,1913549.0,886884.7537152767,,
1859,10.826194763183594,711.0564575195312,1415.0,1985863.5,1888699.0,207885.96992687508,1859,
1863,0.08720829337835312,124.04134368896484,11.0,1978763.875,1881599.0,147890.0616436703,,
1864,3.3351542949676514,296.042236328125,437.0,1978724.375,1881560.0,464832.37528157234,,
1868,1.61612868309021,274.2737731933594,211.0,1974296.0,1877132.0,1534806.240700677,1868,
1893,14.647592544555664,592.9969482421875,1907.0,1945049.875,1847885.0,324216.1458784603,1893,
1895,4.888128757476807,296.0436096191406,641.0,1943403.125,1846239.0,423528.21005034447,,
1902,10.465758323669434,711.0564575195312,1369.0,1940106.875,1842942.0,154578.68492913246,1902,
1905,5.9983625411987305,296.04498291015625,787.0,1934479.5,1837315.0,606801.1859107018,,
1931,5.466332912445068,98.07164001464844,717.0,2118577.5,1809230.0,192686.2497766614,,
1942,9.170560836791992,160.09693908691406,1201.0,1893453.125,1796289.0,1016847.7998248637,,
1944,11.399836540222168,333.13287353515625,1489.0,1888232.0,1791068.0,693321.3150232632,,
1969,10.780282974243164,719.0576171875,1409.0,1856207.125,1759043.0,327748.0620023482,,
1972,12.1387939453125,365.10516357421875,1585.0,1852832.0,1755668.0,184909.61244297028,,
1980,7.120871067047119,137.0458984375,935.0,1843884.75,1746720.0,989799.2123662531,,
1983,2.133179187774658,241.18389892578125,279.0,1839792.875,1742628.0,397404.3307212908,36,13C1
1990,3.975297689437866,150.112548828125,521.0,1834315.375,1737151.0,338182.23165771645,,
1995,0.022458789870142937,95.0495834350586,3.0,1827637.875,1730473.0,267360.84616642655,2567,13C1
2005,2.2086453437805176,296.04632568359375,289.0,7926636.5,1720155.0,2713933.6769649982,2005,
2012,9.262700080871582,713.0667114257812,1213.0,1811181.25,1714017.0,351891.82133090496,2012,
2017,10.780282974243164,713.081787109375,1409.0,1807665.0,1710501.0,146103.10601985455,,
2044,18.744230270385742,101.0714340209961,2429.0,1771850.5,1674686.0,172866.90034627914,,
2054,2.2387890815734863,203.18331909179688,293.0,1764876.0,1667712.0,661391.6808796464,47,13C1
2092,2.268836736679077,312.2022399902344,297.0,1728210.625,1631046.0,187106.2321155183,2092,
2095,0.03785240650177002,141.00038146972656,5.0,1725078.0,1627914.0,223165.1190835107,,
2101,9.23206901550293,713.06591796875,1209.0,1719103.75,1621939.0,300822.86311233044,,
2114,2.3447113037109375,296.04510498046875,307.0,7464844.0,1611093.0,1405304.4447956085,2114,
2118,24.76799964904785,214.08702087402344,3201.0,1704594.625,1607430.0,559568.1511363983,,
2136,10.997873306274414,250.9858856201172,1437.0,3254302.0,1582614.0,1149368.8835743666,,
2151,9.155363082885742,147.04750061035156,1199.0,1666711.625,1569547.0,840626.8381313693,,
2168,7.563916206359863,110.07154846191406,993.0,1657804.875,1560640.0,107933.2011577785,,
2175,7.472447872161865,127.07273864746094,981.0,1653017.875,1555853.0,783745.3046553731,,
2177,1.6312286853790283,266.15985107421875,213.0,1649040.0,1551876.0,595101.4360589962,,
2179,9.033453941345215,148.0968017578125,1183.0,1648486.25,1551322.0,913211.454630822,,
2200,8.003413200378418,118.08267974853516,1051.0,1821093.0,1543794.0,100857.25366860628,,
2215,3.960160255432129,296.0423583984375,519.0,1622170.25,1525006.0,342533.43812811375,,
2216,0.25796958804130554,296.0409851074219,33.0,1622144.25,1524980.0,489756.1857647374,,
2217,7.563916206359863,140.08192443847656,993.0,1621636.0,1524472.0,92121.77161821723,,
2227,18.821224212646484,257.93328857421875,2439.0,1616321.0,1519157.0,856053.5387254357,,
2237,5.3600897789001465,296.0437316894531,703.0,1611305.875,1514141.0,327210.33533763885,,
2246,9.216774940490723,713.066162109375,1207.0,1599056.25,1501892.0,271183.75156748295,,
2250,5.54235315322876,296.0476989746094,727.0,1596692.875,1499528.0,538939.8486104012,,
2277,1.2031004428863525,250.9860076904297,157.0,2160119.0,1483423.0,532714.851385355,,
2280,10.652402877807617,165.0948944091797,1393.0,1580002.5,1482838.0,587781.9743289351,,
2281,21.228187561035156,118.06544494628906,2747.0,1579918.875,1482754.0,360121.8110613823,,
2287,11.399836540222168,180.07701110839844,1489.0,1576373.25,1479209.0,677442.5747335516,20,13C1
2296,24.674192428588867,231.11610412597656,3189.0,1568842.5,1471678.0,270561.2055039406,,
2323,2.133179187774658,133.08590698242188,279.0,1546545.625,1449381.0,387322.4220739133,,
2329,2.2842845916748047,267.14166259765625,299.0,1544430.875,1447266.0,234462.29388723354,,
2334,18.744230270385742,97.0765151977539,2429.0,1535385.5,1438221.0,147605.40111279488,,
2335,6.631451606750488,122.07142639160156,871.0,1535077.5,1437913.0,135053.01034846902,,
2336,0.08720829337835312,166.04632568359375,11.0,1534939.375,1437775.0,105361.07458540285,,
2344,0.7626409530639648,296.0409851074219,99.0,1530036.625,1432872.0,516666.1471836567,,
2357,10.263219833374023,711.0564575195312,1343.0,1520887.25,1423723.0,158260.03311884403,2357,
2367,9.18577766418457,713.066162109375,1203.0,1516864.625,1419700.0,222729.1612534523,,
2377,1.7542006969451904,302.1995544433594,229.0,1512292.25,1415128.0,670799.2009961791,,
2378,0.03785240650177002,215.09530639648438,5.0,1512284.625,1415120.0,255443.41628777003,83,13C1
2384,20.932043075561523,250.988037109375,2709.0,3455191.0,1411606.0,724267.2812604904,,
2385,10.795577049255371,713.05126953125,1411.0,1508717.25,1411553.0,105380.98701417446,2385,
2403,6.299375057220459,97.0844955444336,827.0,1497162.375,1399998.0,281242.2798230648,,
2412,5.785892963409424,296.0476989746094,759.0,1490648.0,1393484.0,380555.039116621,,
2427,24.93921661376953,60.04515838623047,3223.0,1482040.0,1384876.0,369169.77196455,,
2447,18.744230270385742,112.08736419677734,2429.0,1463574.875,1366410.0,112075.5330965519,,
2449,2.2993404865264893,124.08699035644531,301.0,1488786.125,1364384.0,282242.9300505966,,
2455,8.442708015441895,122.07142639160156,1107.0,1457463.125,1360299.0,87609.4602791369,,
2460,10.872174263000488,711.0562744140625,1421.0,1453938.375,1356774.0,110652.40579180047,2460,
2462,0.6270253658294678,296.0408630371094,81.0,1453732.5,1356568.0,477599.97048580647,,
2463,9.20149040222168,713.0667114257812,1205.0,1452673.625,1355509.0,246494.3905403614,,
2466,10.683023452758789,713.05126953125,1397.0,1451663.875,1354499.0,121582.58400726318,,
2484,14.63259506225586,478.0043640136719,1905.0,1444939.5,1347775.0,247891.52706474578,,
2485,3.1829679012298584,296.04498291015625,417.0,6561695.5,1347636.0,1440787.6768229008,2485,
2490,13.061134338378906,250.9871063232422,1703.0,4218541.0,1344131.0,865892.6509552002,,
2497,7.319602966308594,150.112548828125,961.0,1439997.75,1342833.0,791500.2868172596,,
2504,9.23206901550293,711.0716552734375,1209.0,1434036.25,1336872.0,130223.50086033344,,
2514,10.371063232421875,136.0506591796875,1357.0,1429302.0,1332138.0,672405.2099443395,16,13C1
2542,5.466332912445068,73.07672119140625,717.0,1618573.0,1317046.0,174561.9345996976,,
2547,10.716060638427734,713.05126953125,1401.0,1412745.875,1315581.0,121582.58400726318,,
2549,20.932043075561523,250.99017333984375,2709.0,1411537.0,1314373.0,340839.1135625839,,
2555,11.414925575256348,117.05492401123047,1491.0,1408373.5,1311209.0,612239.174042372,,
2560,10.810859680175781,713.051025390625,1413.0,1405176.5,1308012.0,105380.98701417446,,
2567,0.08720829337835312,94.04560852050781,11.0,1399344.875,1302180.0,117865.52219955786,2567,
2569,2.6346611976623535,341.1030578613281,345.0,1398735.375,1301571.0,245434.07315462828,,
2622,1.7241383790969849,198.18528747558594,225.0,1376315.75,1279151.0,840126.5052604007,,
2626,10.780282974243164,553.0574951171875,1409.0,1372770.5,1275606.0,166993.62052836828,,
2634,11.339555740356445,286.1105041503906,1481.0,4640804.5,1270332.0,1952088.6361574046,2634,
2643,9.20149040222168,711.0726318359375,1205.0,1364000.625,1266836.0,218122.84011127055,,
2645,0.08720829337835312,231.11798095703125,11.0,1363744.5,1266580.0,187052.11580809625,2645,
2652,10.780282974243164,715.0791015625,1409.0,1361855.75,1264691.0,110982.8529663086,72,2H2
2658,10.810859680175781,714.0634765625,1413.0,1360136.875,1262972.0,145899.0178702399,,
2663,9.18577766418457,713.0711669921875,1203.0,1355507.625,1258343.0,151457.95166289806,,
2667,9.617087364196777,116.07073974609375,1259.0,1353334.375,1256170.0,678359.0211947709,,
2672,6.692632675170898,296.04510498046875,879.0,1351130.875,1253966.0,297930.50671184063,,
2673,10.41693115234375,713.051025390625,1363.0,1348689.125,1251525.0,90326.38570463657,,
2676,9.20149040222168,715.0636596679688,1205.0,1347801.25,1250637.0,214532.71983262897,,
2679,0.053039807826280594,93.02186584472656,7.0,1345928.375,1248764.0,173774.37477777468,,
2682,2.8176724910736084,296.04632568359375,369.0,7051179.0,1245688.0,1285443.7487974167,2682,
2691,9.23206901550293,715.0631103515625,1209.0,1339005.75,1241841.0,126322.13361990452,,
2692,2.3447113037109375,296.04644775390625,307.0,7244633.5,1241770.0,1426300.9474406242,2692,
2695,6.768590450286865,296.04620361328125,889.0,1338695.25,1241531.0,324421.82892787457,,
2703,10.856867790222168,713.051513671875,1419.0,1335020.125,1237856.0,105129.86032625008,,
2715,9.20149040222168,711.0675048828125,1205.0,1330272.25,1233108.0,207025.79369281232,,
2717,2.133179187774658,196.12794494628906,279.0,1587638.75,1232729.0,548829.5540230054,3,13C1
2720,2.1182022094726562,213.1525421142578,277.0,1328736.875,1231572.0,326408.9746213274,38,13C1
2732,3.47255539894104,250.988037109375,455.0,5396158.0,1226960.0,959032.9452955723,,
2741,2.2387890815734863,233.14932250976562,293.0,1314821.0,1217657.0,356404.5229829727,,
2745,2.2237184047698975,296.0423583984375,291.0,2633352.25,1216134.0,753014.5558739901,,
2756,10.542216300964355,713.0511474609375,1379.0,1308262.0,1211098.0,92747.0856692791,,
2769,5.466332912445068,101.07156372070312,717.0,1311553.625,1204700.0,103032.05724731088,,
2770,10.247918128967285,713.0513916015625,1341.0,1301721.625,1204557.0,93398.24706172943,,
2772,9.155363082885742,713.0670776367188,1199.0,1300861.875,1203697.0,182928.3691712669,,
2775,10.841513633728027,713.05126953125,1417.0,1298919.25,1201755.0,105129.86032625008,,
2779,11.600385665893555,258.1080627441406,1515.0,1298009.875,1200845.0,677959.8916568719,2779,
2790,10.340093612670898,713.05126953125,1353.0,1294818.625,1197654.0,87705.57929944992,,
2807,2.6346611976623535,341.1046447753906,345.0,1287981.0,1190817.0,236216.51391375065,,
2811,2.863645076751709,296.04632568359375,375.0,6852806.0,1188666.0,1256345.6136145592,2811,
2814,9.216774940490723,711.0720825195312,1207.0,1285449.5,1188285.0,218122.84011127055,,
2839,10.700756072998047,713.0507202148438,1399.0,1272544.375,1175380.0,121582.58400726318,,
2841,9.23206901550293,711.0665893554688,1209.0,1271497.25,1174333.0,121231.16043746471,,
2843,2.3447113037109375,296.0437316894531,307.0,4909431.5,1172282.0,1073620.5578227043,,
2870,10.557538986206055,713.0509033203125,1381.0,1259022.0,1161858.0,92747.0856692791,,
2888,10.856867790222168,713.0821533203125,1419.0,1252131.25,1154967.0,110174.50178690022,,
2894,10.795577049255371,715.0484619140625,1411.0,1250216.25,1153052.0,87877.40131878853,2894,
2896,10.700756072998047,552.060302734375,1399.0,1248314.375,1151150.0,89270.71179986,9939,13C1
2900,7.029144763946533,173.12867736816406,923.0,1247632.125,1150468.0,660079.0254826248,,
2910,2.2842845916748047,267.1463623046875,299.0,1243391.5,1146227.0,200922.5065840003,,
2914,6.906464576721191,296.04620361328125,907.0,1241355.5,1144191.0,293553.5271078348,,
2943,8.87873363494873,268.014404296875,1163.0,1230288.25,1133124.0,228257.0979282856,,
2953,10.826194763183594,717.0480346679688,1415.0,1226644.25,1129480.0,128916.50704569463,,
2969,0.7786512970924377,309.0404968261719,101.0,1220913.375,1123749.0,271018.21141169965,,
2984,10.652402877807617,713.0509033203125,1393.0,1215749.875,1118585.0,91870.94369745255,,
2992,0.053039807826280594,87.04454803466797,7.0,1211291.125,1114127.0,192889.59998004034,,
3002,2.1027629375457764,114.09173583984375,275.0,1209784.375,1112620.0,514672.94065529853,,
3005,1.263606309890747,243.18283081054688,165.0,1209064.625,1111900.0,221475.52313277754,,
3008,9.18577766418457,711.0719604492188,1203.0,1207280.0,1110116.0,177214.6582404524,,
3012,6.464855194091797,296.04632568359375,849.0,1206493.875,1109329.0,239386.39377057552,,
3026,9.20149040222168,713.0718383789062,1205.0,1200670.375,1103506.0,209279.16426840425,,
3028,10.371063232421875,137.04330444335938,1357.0,1199530.125,1102366.0,564956.4069709182,,
3036,9.23206901550293,715.0682373046875,1209.0,1195671.375,1098507.0,108195.85249900818,,
3051,7.563916206359863,137.08203125,993.0,1191506.0,1094342.0,72234.56965338439,,
3056,9.18577766418457,715.063232421875,1203.0,1190287.75,1093123.0,174879.66075727344,,
3066,0.08720829337835312,90.0919418334961,11.0,1188234.5,1091070.0,137198.93371271016,,
3077,10.465758323669434,717.0480346679688,1369.0,1183725.125,1086561.0,91317.2948602438,,
3081,9.23206901550293,713.060791015625,1209.0,1182618.875,1085454.0,123156.84495103359,3081,
3087,2.6038718223571777,296.04510498046875,341.0,7502604.0,1084104.0,1546244.525995493,3087,
3101,9.216774940490723,711.0668334960938,1207.0,1176269.875,1079105.0,207025.79369281232,,
3109,14.63259506225586,478.0155944824219,1905.0,1175464.25,1078300.0,74937.87118092249,,
3127,14.647592544555664,707.9884643554688,1907.0,1169061.5,1071897.0,235228.40416095481,,
3135,2.8176724910736084,296.04498291015625,369.0,6744603.0,1069929.0,1261082.4399499893,3135,
3136,2.133179187774658,177.112060546875,279.0,1167073.5,1069909.0,293474.5093871934,,
3140,0.9142441749572754,250.99017333984375,119.0,1596066.75,1068599.0,376363.37658405304,,
3148,10.683023452758789,715.0484619140625,1397.0,1163665.25,1066501.0,98679.67123436928,3148,
3150,6.906464576721191,296.0448303222656,907.0,1163447.875,1066283.0,194126.4979815483,,
3157,2.863645076751709,296.0436096191406,375.0,4379950.0,1065440.0,916853.8383760452,,
3160,10.716060638427734,715.0482788085938,1401.0,1161398.75,1064234.0,98679.67123436928,,
3170,10.810859680175781,715.0481567382812,1413.0,1159906.125,1062742.0,87877.40131878853,,
3186,6.464855194091797,296.04498291015625,849.0,1155980.375,1058816.0,227996.77743566036,,
3226,3.975297689437866,230.2481689453125,521.0,1142132.125,1044968.0,376935.8010406196,,
3232,0.053039807826280594,73.06553649902344,7.0,1140487.375,1043323.0,187977.30230703135,,
3237,10.355820655822754,713.0507202148438,1355.0,1139411.75,1042247.0,87705.57929944992,,
3245,10.795577049255371,338.0496826171875,1411.0,1138204.625,1041040.0,182158.7109017372,,
3254,10.41693115234375,715.0482788085938,1363.0,1133813.875,1036649.0,74806.51662242413,,
3260,11.677508354187012,214.0894775390625,1525.0,2551355.5,1033543.0,638446.3968615532,,
3280,9.216774940490723,713.0610961914062,1207.0,1126883.75,1029719.0,105444.65042245388,3280,
3294,0.08720829337835312,141.05213928222656,11.0,1123696.375,1026532.0,107467.10751861747,,
3305,7.074773788452148,296.0448303222656,929.0,1121704.0,1024540.0,262602.9893308878,,
3306,2.0727734565734863,296.0476989746094,271.0,4917136.5,1024432.0,1422667.3108372688,3306,
3315,3.2746338844299316,341.1046447753906,429.0,1119379.625,1022215.0,146145.92349925637,,
3321,4.720658779144287,296.0489501953125,619.0,1118007.125,1020843.0,337756.32974243164,,
3326,14.63259506225586,593.0123901367188,1905.0,1115214.375,1018050.0,87813.99061153474,,
3343,4.903282642364502,212.0950469970703,643.0,5114675.5,1012796.0,1127457.343029499,3343,
3344,10.450453758239746,713.0505981445312,1367.0,1109690.375,1012526.0,90326.38570463657,,
3361,0.9142441749572754,341.10791015625,119.0,1105280.0,1008116.0,212782.9744590521,,
3370,7.166483402252197,83.06097412109375,941.0,5036200.0,1006117.0,1566824.4176373482,,
3375,9.20149040222168,715.0687866210938,1205.0,1102132.75,1004968.0,180509.36930610985,,
3382,9.18577766418457,711.0668334960938,1203.0,1099650.5,1002486.0,169252.15247128904,,
3383,10.826194763183594,713.0505981445312,1415.0,1099460.75,1002296.0,124729.63950296212,,
3390,24.954675674438477,215.09288024902344,3225.0,1097248.375,1000084.0,174134.9120516777,61,13C1
3391,5.8464179039001465,268.0145568847656,767.0,1096763.25,999599.0,178558.2835636139,,
3407,6.631451606750488,151.09812927246094,871.0,1093733.25,996569.0,85779.04959759489,,
3408,3.7013142108917236,296.04510498046875,485.0,4953622.0,996341.0,1079409.1911697388,,
3412,18.744230270385742,110.07154846191406,2429.0,1092664.875,995500.0,95403.07001364231,,
3425,14.924659729003906,244.02371215820312,1943.0,1087246.125,990082.0,537754.0287299156,,
3426,11.369743347167969,286.11572265625,1485.0,5217599.0,989877.0,2388057.5256097084,3426,
3431,10.810859680175781,554.05712890625,1413.0,1084213.375,987049.0,164685.09453371636,,
3434,0.08720829337835312,118.06544494628906,11.0,1300930.0,986899.0,244317.2941197591,,
3439,0.08720829337835312,116.00225067138672,11.0,1083590.125,986426.0,66851.24588054465,,
3442,11.616598129272461,258.1125183105469,1517.0,1082797.75,985633.0,628220.1404102859,,
3443,9.109748840332031,713.0673828125,1193.0,1082775.5,985611.0,121416.16132959723,,
3456,9.216774940490723,715.0684814453125,1207.0,1079305.875,982141.0,180509.36930610985,,
3463,15.370643615722656,214.0894775390625,1999.0,3003869.75,981095.0,996463.0674686432,,
3472,10.841513633728027,715.0484619140625,1417.0,1076233.5,979069.0,85589.33472062089,3472,
3480,10.140461921691895,713.051025390625,1327.0,1074391.75,977227.0,71632.47673153877,,
3487,9.20149040222168,713.0615234375,1205.0,1072471.75,975307.0,105444.65042245388,3487,
3488,10.278969764709473,713.05126953125,1345.0,1072398.625,975234.0,93398.24706172943,,
3500,10.29426097869873,715.0791015625,1347.0,1070178.0,973014.0,109061.87022572756,,
3537,2.268836736679077,312.1992492675781,297.0,1060740.75,963576.0,114884.02240643045,,
3547,10.8875093460083,713.081787109375,1423.0,1058000.625,960836.0,87984.12974901265,,
3551,1.6312286853790283,274.2760925292969,213.0,1105627.25,960289.0,493280.7081475854,3551,
3552,9.18577766418457,713.0609741210938,1203.0,1057388.5,960224.0,71133.15563058853,3552,
3569,10.340093612670898,715.0484619140625,1353.0,1051897.875,954733.0,72073.95559024811,3569,
3570,4.766027450561523,296.0423583984375,625.0,1051643.875,954479.0,273007.1192179918,,
3581,9.18577766418457,715.0684814453125,1203.0,1049342.875,952178.0,146439.64841821045,,
3584,2.3447113037109375,171.11293029785156,307.0,1919191.375,950985.0,398984.84349381924,,
3590,1.3099372386932373,296.0409851074219,171.0,1046748.375,949584.0,421201.1463533044,,
3594,21.243478775024414,231.11610412597656,2749.0,1046312.625,949148.0,155303.28713226318,,
3600,9.155363082885742,713.0721435546875,1199.0,1042903.25,945739.0,153672.60694186506,,
3602,8.253149032592773,175.10797119140625,1083.0,1041604.875,944440.0,438510.7247892916,,
3609,0.053039807826280594,101.06005859375,7.0,1038992.6875,941828.0,127345.91183030233,,
3612,3.0156710147857666,296.0437316894531,395.0,4272133.0,941398.0,1357870.4326310158,,
3621,19.230703353881836,123.04037475585938,2491.0,4315332.5,937122.0,1120192.5457191467,,
3648,9.124919891357422,713.0664672851562,1195.0,1027568.0625,930404.0,139269.5341820717,,
3656,7.563916206359863,136.0868377685547,993.0,1025736.0625,928572.0,61310.85714407265,,
3664,5.466332912445068,112.08736419677734,717.0,1092624.5,926462.0,85848.21199575067,,
3666,9.048603057861328,213.09840393066406,1185.0,1023319.9375,926155.0,222835.66763424873,49,13C1
3667,10.700756072998047,715.0478515625,1399.0,1022927.5625,925763.0,98679.67123436928,,
3683,10.652402877807617,715.0479736328125,1393.0,1019685.4375,922521.0,75764.4649053812,,
3688,1.4158177375793457,432.2420654296875,185.0,1018613.5625,921449.0,91199.04386629164,,
3700,10.557538986206055,715.0479736328125,1381.0,1016257.1875,919093.0,75436.96062618494,,
3719,2.4971976280212402,296.0476989746094,327.0,4877479.0,915923.0,1406432.2077643871,3719,
3725,10.340093612670898,714.0692138671875,1353.0,1010352.6875,913188.0,70881.36501437426,72,13C1
3747,4.264406204223633,212.0950469970703,559.0,5093588.5,908223.0,1093630.8660736084,3747,
3749,9.20149040222168,715.0585327148438,1205.0,1005017.5,907853.0,86822.19485503435,3749,
3756,9.23206901550293,711.0767822265625,1209.0,1003671.8125,906507.0,88062.92228662968,,
3759,21.228187561035156,214.0919952392578,2747.0,1401511.75,906245.0,316032.26854896545,3759,
3762,9.155363082885742,711.0679321289062,1199.0,1002548.0,905384.0,133631.83398841321,3762,
3764,11.339555740356445,287.1170959472656,1481.0,1002497.0625,905333.0,239694.04049948044,67,13C1
3779,9.140098571777344,713.066162109375,1197.0,997153.6875,899989.0,156880.1624865532,,
3783,9.155363082885742,715.0642700195312,1199.0,996283.4375,899119.0,148299.3691048827,,
3789,0.03785240650177002,61.02912902832031,5.0,992913.875,895749.0,160136.83330988698,,
3795,1.9968031644821167,239.1492462158203,261.0,992268.5,895104.0,335187.22016669624,,
3799,10.125221252441406,713.0507202148438,1325.0,991742.0625,894578.0,71632.47673153877,,
3806,7.334775924682617,296.04632568359375,963.0,990857.8125,893693.0,269750.9652132988,,
3811,9.155363082885742,711.0730590820312,1199.0,989259.6875,892095.0,138994.59602750838,,
3815,10.29426097869873,715.0482788085938,1347.0,988858.625,891694.0,77889.76023894548,,
3821,21.228187561035156,123.04037475585938,2747.0,4561419.0,890275.0,1546876.0185756683,,
3829,0.08720829337835312,231.1142120361328,11.0,985914.375,888750.0,141581.88377894368,,
3833,7.988577842712402,164.091796875,1049.0,984257.0625,887093.0,420682.9166936558,,
3834,2.268836736679077,249.1329803466797,297.0,984166.5,887002.0,130485.0750820497,,
3836,23.268701553344727,214.0894775390625,3009.0,4811759.0,886210.0,1205358.3681278229,3836,
3860,10.496312141418457,179.04066467285156,1373.0,976293.625,879129.0,198495.94008040428,,
3872,10.746758460998535,719.067138671875,1405.0,974426.625,877262.0,70364.04828125238,1263,2H2
3878,10.762051582336426,177.043701171875,1407.0,973012.75,875848.0,250188.594861269,,
3898,2.8176724910736084,296.0476989746094,369.0,4671408.0,871112.0,976615.1694049835,3898,
3899,2.2086453437805176,296.0489501953125,289.0,2623263.5,871107.0,833157.1908094883,,
3903,11.399836540222168,181.06954956054688,1489.0,967836.1875,870672.0,205580.343085655,,
3919,7.426448345184326,296.04510498046875,975.0,963798.875,866634.0,422434.9998434186,,
3924,24.581466674804688,74.06067657470703,3177.0,963276.1875,866112.0,236412.88657140732,,
3928,2.2842845916748047,285.173828125,299.0,962436.25,865272.0,110493.93852474634,205,13C1
3949,3.1829679012298584,250.9860076904297,417.0,2983391.25,860971.0,707846.8331282139,,
3950,14.63259506225586,250.0177459716797,1905.0,957590.9375,860426.0,164354.78862642776,,
3958,10.652402877807617,340.046875,1393.0,955967.5,858803.0,247485.35094881058,,
3980,9.832514762878418,144.1018829345703,1287.0,952597.6875,855433.0,233287.611877203,,
3986,2.6346611976623535,341.1013488769531,345.0,951122.4375,853958.0,146933.07997196913,,
4001,0.1524953693151474,70.06587219238281,19.0,949000.6875,851836.0,442686.09043924493,4001,
4006,7.136096000671387,212.09339904785156,937.0,3523496.0,850840.0,890154.7339816093,4006,
4010,0.3382815718650818,284.196533203125,43.0,947153.0,849989.0,156149.26198012382,,
4011,2.2993404865264893,247.16693115234375,301.0,946957.875,849793.0,283922.596790351,,
4019,4.888128757476807,296.042236328125,641.0,945896.3125,848732.0,222679.00695693493,,
4038,9.771173477172852,713.0819091796875,1279.0,940934.125,843770.0,134040.79920196533,,
4060,10.652402877807617,707.073974609375,1393.0,936663.5,839499.0,92964.1220113635,4060,
4079,9.23206901550293,715.0579833984375,1209.0,932274.125,835110.0,90957.24464565516,,
4083,10.826194763183594,715.0477294921875,1415.0,931126.75,833962.0,101987.13514710404,,
4085,16.238197326660156,164.06631469726562,2109.0,2980318.25,833772.0,571948.6051950455,,
4087,7.716494083404541,95.08589172363281,1013.0,2573598.5,833714.0,826669.7317185402,4087,
4088,10.355820655822754,715.0478515625,1355.0,930683.625,833519.0,72073.95559024811,,
4101,23.268701553344727,125.0379867553711,3009.0,928879.4375,831715.0,244889.54177808762,,
4112,6.254056453704834,296.0448303222656,821.0,926773.8125,829609.0,132406.06207096577,,
4113,7.988577842712402,120.09053039550781,1049.0,926758.0,829594.0,265675.469264932,,
4118,6.254056453704834,296.04620361328125,821.0,924610.625,827446.0,141201.1412590146,,
4124,4.036220073699951,296.04632568359375,529.0,4332031.5,826351.0,1419917.1627616882,,
4140,9.140098571777344,711.07177734375,1197.0,921493.6875,824329.0,89453.19259268045,,
4156,9.094088554382324,123.02789306640625,1191.0,918761.125,821597.0,407873.1204573815,,
4168,11.478412628173828,269.1081237792969,1499.0,917715.625,820551.0,529521.8820166674,,
4175,10.094208717346191,713.0511474609375,1321.0,916923.9375,819759.0,68772.03364467621,,
4203,6.419495105743408,296.04498291015625,843.0,910943.875,813779.0,158235.6037080288,,
4207,10.762051582336426,716.0642700195312,1407.0,910446.75,813282.0,73573.50017106533,4207,
4209,3.975297689437866,258.17041015625,521.0,910112.25,812948.0,183007.3305134948,,
4218,18.26173973083496,250.988037109375,2367.0,3366413.25,811726.0,858508.0152597427,,
4223,21.228187561035156,214.08702087402344,2747.0,1131718.0,810444.0,272565.4120197296,,
4240,10.856867790222168,715.0794677734375,1419.0,904137.3125,806973.0,83054.70590820303,12453,13C1
4245,10.746758460998535,711.0867919921875,1405.0,903443.0625,806279.0,56200.67448890209,,
4252,9.140098571777344,713.0713500976562,1197.0,902257.8125,805093.0,131407.09513035417,,
4270,4.036220073699951,296.04498291015625,529.0,4369169.0,800764.0,1137370.3221063614,,
4276,19.246109008789062,214.0887451171875,2493.0,2425682.25,799460.0,578649.825252533,4276,
4278,9.52487564086914,164.091796875,1247.0,895758.25,798594.0,427633.79978206754,,
4282,6.359614372253418,143.08448791503906,835.0,1213880.625,797838.0,847746.2731431723,1677,13C2
4283,12.06161117553711,149.06365966796875,1575.0,894941.0,797777.0,416278.93141400814,29,13C1
4286,9.155363082885742,180.10177612304688,1199.0,894250.375,797086.0,479501.20513276174,,
4295,9.20149040222168,711.0776977539062,1205.0,893211.9375,796047.0,145662.4438380003,,
4297,6.768590450286865,296.0475769042969,889.0,893144.1875,795980.0,248616.2887725234,,
4300,9.216774940490723,715.0582275390625,1207.0,892021.9375,794857.0,86822.19485503435,,
4303,9.124919891357422,713.0715942382812,1195.0,891583.3125,794419.0,116302.6972950995,,
4309,9.124919891357422,715.0635375976562,1195.0,890597.375,793433.0,107696.37312564254,,
4323,6.692632675170898,296.0437316894531,879.0,887088.4375,789924.0,197673.45535969734,,
4324,10.780282974243164,709.0870971679688,1409.0,886955.125,789791.0,75311.79751974344,4060,2H2
4335,4.629493236541748,296.04620361328125,607.0,3397022.5,788162.0,558352.2020046711,,
4339,10.263219833374023,713.0504760742188,1343.0,884638.3125,787474.0,93398.24706172943,,
4341,9.140098571777344,715.063232421875,1197.0,884243.8125,787079.0,122111.74142381549,,
4355,9.078947067260742,713.0660400390625,1189.0,880899.0,783735.0,97400.73998379707,,
4360,6.952574729919434,120.1021728515625,913.0,879760.0625,782596.0,516239.60984292254,,
4372,9.216774940490723,711.0770874023438,1207.0,878368.0625,781204.0,145662.4438380003,,
4374,6.028866291046143,95.08589172363281,791.0,3841577.5,780898.0,1147377.285235405,4374,
4391,10.810859680175781,709.0867919921875,1413.0,875604.6875,778440.0,98152.83067982932,,
4401,2.042607069015503,296.0409851074219,267.0,874074.0,776910.0,252007.68916201591,,
4403,24.954675674438477,95.0495834350586,3225.0,873990.5,776826.0,146012.18392181396,,
4406,10.140461921691895,715.0481567382812,1327.0,873684.5625,776520.0,58735.608220636845,,
4407,5.02529239654541,166.08653259277344,659.0,873639.0625,776475.0,220568.57435446978,,
4417,14.63259506225586,822.9927368164062,1905.0,872007.3125,774843.0,147217.24062771583,,
4426,6.3895182609558105,141.0688018798828,839.0,975760.4375,772978.0,59918.9866784364,4426,
4441,6.22420072555542,296.04522705078125,817.0,866971.8125,769807.0,140517.96997839212,,
4443,10.872174263000488,717.0479125976562,1421.0,866726.4375,769562.0,68154.98344249371,,
4445,14.662541389465332,708.0084228515625,1909.0,866673.5625,769509.0,63978.049668451305,,
4457,4.264406204223633,250.9860076904297,559.0,3032596.0,766619.0,863948.6332316399,,
4481,9.20149040222168,711.0624389648438,1205.0,860072.9375,762908.0,72788.76189947128,,
4490,24.674192428588867,100.02482604980469,3189.0,858811.5625,761647.0,164321.6832728386,,
4502,21.228187561035156,215.09275817871094,2747.0,856898.4375,759734.0,116541.37795305252,423,13C1
4513,10.872174263000488,713.0504760742188,1421.0,856197.875,759033.0,66903.77148195077,,
4536,9.109748840332031,715.064697265625,1193.0,851618.4375,754454.0,94242.1233381331,,
4540,2.0727734565734863,296.04632568359375,271.0,7596276.0,753920.0,1956049.0331869125,4540,
4549,9.909685134887695,713.0507202148438,1297.0,850349.125,753185.0,72688.33525288105,,
4562,8.065735816955566,118.09163665771484,1059.0,1242458.125,751271.0,199887.05752424616,,
4588,2.2842845916748047,151.09812927246094,299.0,845112.0625,747948.0,244437.57735074498,4588,
4590,2.726231336593628,341.1062316894531,357.0,844749.625,747585.0,160581.7939647436,,
4592,1.540062665939331,366.212158203125,201.0,844467.3125,747303.0,135599.25193948497,,
4600,6.5554962158203125,104.07099151611328,861.0,2297191.0,746082.0,499169.6923737526,,
4605,2.527988910675049,296.04632568359375,331.0,7264821.5,745302.0,1633655.0489873886,4605,
4613,6.22420072555542,296.04656982421875,817.0,840397.6875,743233.0,126225.59612631798,,
4618,7.212599754333496,212.09339904785156,947.0,3591134.0,742918.0,771722.1377391815,4618,
4624,9.18577766418457,715.0582275390625,1203.0,839506.5625,742342.0,58366.47168779373,,
4625,9.124919891357422,711.0723876953125,1195.0,838922.875,741758.0,107962.37893928587,,
4630,9.094088554382324,713.0663452148438,1191.0,838378.0625,741214.0,107921.04265594482,,
4635,9.078947067260742,122.03524780273438,1189.0,837984.5,740820.0,389007.19288811367,19,13C1
4640,11.309367179870605,292.0713806152344,1477.0,837367.0625,740203.0,163354.19637555256,,
4651,9.18577766418457,713.0762939453125,1203.0,836165.0,739001.0,113775.09708297253,4651,
4652,6.906464576721191,296.0475769042969,907.0,835795.0625,738631.0,224551.41417753696,,
4663,8.660462379455566,296.04498291015625,1135.0,834868.0625,737704.0,191472.047198534,,
4665,9.109748840332031,713.0724487304688,1193.0,834829.3125,737665.0,101153.50500106812,,
4667,9.109748840332031,711.0681762695312,1193.0,834664.625,737500.0,91996.18704877794,,
4670,6.299375057220459,142.07150268554688,827.0,878451.1875,737106.0,167422.89330506325,4426,13C1
4671,8.442708015441895,151.09767150878906,1107.0,834240.8125,737076.0,48267.11496079713,,
4677,9.771173477172852,713.05126953125,1279.0,833656.6875,736492.0,51062.77593380213,,
4693,10.795577049255371,712.0758666992188,1411.0,831833.4375,734669.0,89539.10568484664,134,13C1
4700,10.902894973754883,713.08203125,1425.0,831183.4375,734019.0,46207.06212706631,,
4710,10.465758323669434,113.1155014038086,1369.0,2920018.25,732198.0,971868.6120386124,117,13C1
4712,9.18577766418457,711.0770874023438,1203.0,829068.5625,731904.0,117830.17992472649,,
4715,10.997873306274414,268.014404296875,1437.0,828662.375,731498.0,204128.38427728415,,
4759,1.66134512424469,163.13290405273438,217.0,822629.75,725465.0,296057.57414318994,,
4771,21.228187561035156,74.09712982177734,2747.0,1272748.125,724651.0,390658.6287126541,,
4798,10.780282974243164,553.0645141601562,1409.0,818792.3125,721628.0,56422.72029274702,9939,13C2
4801,11.369743347167969,333.1264343261719,1485.0,2426832.5,721068.0,1006556.0171084101,,
4804,9.140098571777344,711.0668334960938,1197.0,817765.625,720601.0,118320.84066794813,,
4826,5.54235315322876,296.0489501953125,727.0,815773.875,718609.0,184406.52458894253,,
4843,10.795577049255371,711.05224609375,1411.0,812700.8125,715536.0,54736.55820339918,4843,
4845,10.902894973754883,713.0513916015625,1425.0,812497.5,715333.0,36519.27304311562,,
4847,7.988577842712402,118.09025573730469,1049.0,1436317.375,715098.0,106924.63448446989,4847,
4850,11.339555740356445,307.04241943359375,1481.0,811831.375,714667.0,327792.9108060994,,
4851,9.586030960083008,713.081787109375,1255.0,811743.375,714579.0,58031.62103784084,,
4852,10.762051582336426,446.0533447265625,1407.0,811427.75,714263.0,76759.58862882853,,
4857,10.795577049255371,712.060546875,1411.0,810897.875,713733.0,130723.44740544818,1859,13C1
4868,8.87873363494873,209.08424377441406,1163.0,808820.625,711656.0,422095.7046667347,,
4884,10.8875093460083,715.0791015625,1423.0,806926.125,709762.0,66314.04797067633,72,2H2
4891,10.8875093460083,713.0511474609375,1423.0,805243.8125,708079.0,50121.99197812844,,
4903,9.109748840332031,711.0732421875,1193.0,804041.9375,706877.0,94653.94626797736,,
4923,8.863569259643555,265.0030212402344,1161.0,801239.8125,704075.0,211099.17656111717,,
4938,11.600385665893555,164.06687927246094,1515.0,2258341.25,702408.0,420874.0607895851,,
4945,6.464855194091797,296.0476989746094,849.0,798913.4375,701749.0,183843.5238854885,,
4953,10.997873306274414,126.02204132080078,1437.0,798008.4375,700844.0,297787.2993020816,,
4969,18.744230270385742,140.08204650878906,2429.0,796070.5625,698906.0,65914.16747391224,,
4983,4.416631698608398,296.04498291015625,579.0,3586443.0,697069.0,935328.2567892075,,
4990,3.92946457862854,341.1030578613281,515.0,793307.125,696143.0,119786.79075965285,,
5000,2.3447113037109375,296.0423583984375,307.0,2461639.75,695531.0,589823.4924194813,,
5009,9.155363082885742,715.0693969726562,1199.0,791402.0625,694238.0,122978.62728256267,,
5011,9.094088554382324,715.0636596679688,1191.0,790881.75,693717.0,80973.29744037986,,
5035,9.140098571777344,715.068359375,1197.0,788046.0625,690882.0,101164.88273861259,,
5073,9.23206901550293,711.0615234375,1209.0,783877.0,686713.0,76659.43790376186,,
5080,0.053039807826280594,212.07440185546875,7.0,782978.8125,685814.0,107064.26884890063,,
5096,9.124919891357422,711.0673217773438,1195.0,780609.8125,683445.0,104477.13403497636,,
5097,18.744230270385742,102.06649780273438,2429.0,780279.5625,683115.0,61905.46627616882,,
5099,10.683023452758789,711.0523681640625,1397.0,780031.75,682867.0,62600.40262871981,5099,
5104,21.568439483642578,250.9860076904297,2791.0,1824948.875,682219.0,392117.5360593796,,
5120,3.0156710147857666,296.0423583984375,395.0,2221808.0,679824.0,668069.3700989485,,
5142,24.674192428588867,231.11798095703125,3189.0,773179.75,676015.0,252050.4374513626,,
5143,2.3447113037109375,296.0478210449219,307.0,4609193.5,675936.0,946117.1087994576,5143,
5147,8.050867080688477,242.15003967285156,1057.0,772249.125,675085.0,154552.81187701225,,
5153,7.074773788452148,296.0476989746094,929.0,771882.3125,674718.0,219042.23617494106,,
5158,2.2842845916748047,342.17584228515625,299.0,771364.9375,674200.0,80267.64643658046,,
5160,6.540431499481201,296.04498291015625,859.0,1140123.25,673908.0,270030.0406075716,,
5166,14.647592544555664,594.9976196289062,1907.0,770724.0625,673560.0,74365.26324730995,,
5174,21.197341918945312,112.08736419677734,2743.0,770061.0625,672897.0,72551.51552724838,,
5187,9.094088554382324,711.072265625,1191.0,768710.6875,671546.0,82132.09925569594,,
5193,2.863645076751709,296.0476989746094,375.0,4441824.5,670979.0,932032.4527556896,5193,
5197,10.997873306274414,130.0472869873047,1437.0,767898.9375,670734.0,306467.99346311763,,
5204,6.540431499481201,296.04632568359375,859.0,1196942.5,670001.0,282472.8046797514,,
5209,7.883634567260742,179.00469970703125,1035.0,766770.4375,669606.0,421980.70277308347,,
5216,2.2993404865264893,100.0761489868164,301.0,765851.5625,668687.0,183523.8830667436,,
5225,8.003413200378418,119.08355712890625,1051.0,764222.1875,667058.0,263489.61222669354,9055,13C1
5236,9.048603057861328,168.0687713623047,1185.0,763157.4375,665993.0,386199.76738521457,,
5238,12.418615341186523,134.04498291015625,1621.0,763086.625,665922.0,367737.7698461006,,
5258,3.975297689437866,212.0950469970703,521.0,4831161.5,663752.0,912564.9190609455,,
5261,9.124919891357422,715.0686645507812,1195.0,760813.0,663649.0,88921.78316547722,,
5264,16.394214630126953,367.0977783203125,2129.0,760647.4375,663483.0,129514.8915271759,,
5265,4.796750068664551,212.0950469970703,629.0,5056195.0,663313.0,1116401.7242498398,5265,
5267,1.6312286853790283,266.1622009277344,213.0,760160.5625,662996.0,314354.85267354193,,
5268,1.9208537340164185,300.2017517089844,251.0,760102.5,662938.0,303742.96997205913,,
5277,11.785494804382324,275.071533203125,1539.0,759512.25,662348.0,326566.78210886195,,
5293,3.0156710147857666,69.04537200927734,395.0,758214.3125,661050.0,485646.8138095848,,
5321,3.3503165245056152,341.1011657714844,439.0,755413.8125,658249.0,96702.94431263208,,
5328,6.631451606750488,123.06673431396484,871.0,754979.3125,657815.0,61323.368598237634,,
5337,10.309530258178711,715.047607421875,1349.0,754147.125,656983.0,91881.51944077015,,
5342,10.371063232421875,711.0870361328125,1357.0,753526.75,656362.0,58974.81198644638,,
5347,16.191646575927734,367.0977783203125,2103.0,753029.25,655865.0,130061.75954198837,,
5350,10.572868347167969,711.0870361328125,1383.0,752674.6875,655510.0,47323.081962287426,,
5363,0.053039807826280594,107.04957580566406,7.0,751329.875,654165.0,89181.58154160203,,
5368,14.572454452514648,268.0145568847656,1897.0,750750.5625,653586.0,146767.05687355995,,
5373,10.094208717346191,715.0482788085938,1321.0,750344.125,653180.0,55891.49444139004,,
5384,2.268836736679077,110.0604476928711,297.0,749104.8125,651940.0,171683.58377461275,,
5405,10.856867790222168,707.0797119140625,1419.0,747240.75,650076.0,54980.856066893786,5405,
5409,10.841513633728027,709.0870971679688,1417.0,746584.25,649420.0,70154.06051349183,,
5429,3.807894706726074,268.014404296875,499.0,744073.5625,646909.0,163953.79638662934,,
5446,9.909685134887695,715.0479736328125,1297.0,742447.75,645283.0,60306.16825658083,,
5455,10.324810981750488,95.08589172363281,1351.0,2497023.25,644048.0,822154.6514072418,,
5460,10.716060638427734,711.0520629882812,1401.0,740910.75,643746.0,62600.40262871981,5460,
5474,9.23206901550293,715.0733032226562,1209.0,738732.6875,641568.0,65587.20086354017,3081,2H2
5475,9.048603057861328,713.0664672851562,1185.0,738724.1875,641560.0,67259.2760668993,,
5491,11.339555740356445,559.1492919921875,1481.0,736140.9375,638976.0,63877.97808124311,,
5494,9.216774940490723,711.061767578125,1207.0,735996.125,638832.0,72788.76189947128,,
5496,10.810859680175781,711.0518798828125,1413.0,735870.75,638706.0,54736.55820339918,5496,
5523,6.464855194091797,296.0436096191406,849.0,732835.0,635671.0,185929.99581813812,,
5525,6.631451606750488,99.0671157836914,871.0,732644.5625,635480.0,63152.149203490466,,
5527,11.339555740356445,171.11293029785156,1481.0,959055.625,635444.0,203619.18967533112,,
5534,9.094088554382324,713.0714721679688,1191.0,732060.5,634896.0,89809.99069300294,,
5551,18.744230270385742,75.05589294433594,2429.0,730321.5625,633157.0,137022.70966005325,,
5565,18.744230270385742,137.0821533203125,2429.0,728543.75,631379.0,58943.90597051382,,
5572,6.906464576721191,296.0434875488281,907.0,727875.5625,630711.0,147142.58174544573,,
5604,7.624903202056885,62.06083297729492,1001.0,725215.1875,628051.0,242970.41602778435,,
5607,18.744230270385742,124.08699035644531,2429.0,724894.125,627730.0,73782.07541751862,,
5611,3.228792428970337,296.0489501953125,423.0,2182550.5,627218.0,450208.7798128128,,
5621,9.094088554382324,711.067138671875,1191.0,723803.875,626639.0,79910.33233819902,,
5628,9.493858337402344,88.0762710571289,1243.0,860360.625,626218.0,393324.7533941269,,
5644,3.5488109588623047,124.03947448730469,465.0,720915.625,623751.0,299237.9676104784,,
5651,6.3143310546875,140.06788635253906,829.0,719867.5,622703.0,165446.91347396374,573,2H2
5658,10.340093612670898,711.0523681640625,1353.0,719406.6875,622242.0,46605.17101764679,5658,
5668,2.133179187774658,217.10470581054688,279.0,717538.625,620374.0,159385.9201379867,,
5673,16.363262176513672,367.0977783203125,2125.0,716791.25,619627.0,129514.8915271759,,
5675,4.036220073699951,341.1046447753906,529.0,716698.75,619534.0,148390.28336262703,,
5680,12.06161117553711,102.05545806884766,1575.0,716218.9375,619054.0,440584.1653025858,,
5687,8.442708015441895,141.07371520996094,1107.0,734823.375,618568.0,58594.21017229557,252,2H3
5690,2.1182022094726562,89.06011199951172,277.0,715370.9375,618206.0,219409.6805452336,,
5692,11.369743347167969,334.1324768066406,1485.0,715262.0,618098.0,213266.90391248814,588,13C1
5694,9.20149040222168,713.0768432617188,1205.0,714913.5,617749.0,126292.7040476799,5694,
5716,10.41693115234375,711.0520629882812,1363.0,713210.75,616046.0,46949.79620599747,5716,
5719,12.1387939453125,365.1014099121094,1585.0,713041.4375,615877.0,91942.30900633335,,
5724,6.570645809173584,212.09339904785156,863.0,2441838.5,615621.0,509513.5489554405,5724,
5725,10.450453758239746,711.0870361328125,1367.0,712706.9375,615542.0,56380.98288625479,,
5734,1.7542006969451904,303.2002868652344,229.0,712013.625,614849.0,228365.61645692494,623,13C1
5742,0.535642683506012,297.050048828125,69.0,711130.625,613966.0,193074.63847355917,,
5743,2.133179187774658,197.12644958496094,279.0,711115.875,613951.0,157833.2063014116,,
5744,11.106077194213867,192.1233673095703,1451.0,711106.0,613942.0,361446.047490282,,
5747,7.502841472625732,164.05673217773438,985.0,710592.3125,613428.0,140014.0182657838,,
5753,6.738201141357422,212.09339904785156,885.0,2888982.0,612656.0,749838.8151788712,5753,
5764,16.505279541015625,367.0980529785156,2143.0,707918.0625,610754.0,79988.63548898697,,
5772,9.23206901550293,709.071044921875,1209.0,707158.8125,609994.0,66034.51825207472,5772,
5776,0.9142441749572754,265.0040588378906,119.0,706986.375,609822.0,110853.79246651381,,
5781,10.700756072998047,555.0557861328125,1399.0,706699.0625,609535.0,56800.2165286541,,
5798,10.4016752243042,711.0867919921875,1361.0,705354.9375,608190.0,58974.81198644638,,
5808,9.078947067260742,711.0719604492188,1189.0,704533.9375,607369.0,69839.88568671048,,
5810,3.1829679012298584,296.0409851074219,417.0,704467.0,607303.0,277752.4854943752,,
5821,10.652402877807617,711.0872192382812,1393.0,703577.75,606413.0,49512.58329677582,,
5828,0.053039807826280594,71.04984283447266,7.0,702934.0,605770.0,115377.8327476785,,
5838,0.29304853081703186,64.01651763916016,37.0,702025.5,604861.0,200671.474023059,,
5843,4.416631698608398,296.04632568359375,579.0,3661229.5,604314.0,951962.8804244995,,
5851,1.540062665939331,339.1852722167969,201.0,700900.3125,603736.0,178833.34130013903,569,13C1
5857,18.37104606628418,367.0904541015625,2381.0,700558.375,603394.0,139547.20328259468,,
5858,8.815582275390625,296.04510498046875,1155.0,700161.6875,602997.0,176914.34174907207,,
5869,10.872174263000488,715.047607421875,1421.0,698708.6875,601544.0,54377.56186748482,,
5879,10.841513633728027,711.05224609375,1417.0,697376.25,600212.0,55429.77669511386,5879,
5906,1.540062665939331,214.0894775390625,201.0,1548749.375,597873.0,339448.4007203281,,
5922,10.856867790222168,711.052490234375,1419.0,693647.3125,596483.0,55429.77669511386,5922,
5925,0.08720829337835312,61.040382385253906,11.0,693540.5625,596376.0,113821.36306272191,,
5953,5.496526718139648,296.04510498046875,721.0,2417663.25,593672.0,419073.6836204529,,
5955,10.700756072998047,873.0725708007812,1399.0,690593.1875,593429.0,61713.9038798213,26032,13C2
5956,21.228187561035156,83.06097412109375,2747.0,2132285.5,593410.0,509901.7208480835,,
5970,0.08720829337835312,98.07164001464844,11.0,688740.25,591576.0,57104.82935680461,,
5980,14.662541389465332,465.9249572753906,1909.0,688148.875,590984.0,100759.07367808372,,
5983,9.786550521850586,713.051025390625,1281.0,687873.8125,590709.0,51062.77593380213,,
5990,9.094088554382324,715.0687866210938,1191.0,687634.9375,590470.0,66539.7896790728,,
5996,4.720658779144287,296.04620361328125,619.0,3245073.5,589870.0,676105.9979584217,,
6000,9.18577766418457,711.061767578125,1203.0,686691.6875,589527.0,49020.07793998718,,
6007,9.20149040222168,709.0718383789062,1205.0,686033.6875,588869.0,56245.4996458292,,
6009,10.918277740478516,713.081787109375,1427.0,685899.3125,588735.0,30669.199363542255,,
6024,10.247918128967285,711.052490234375,1341.0,685073.0,587909.0,49224.61761170626,6024,
6055,2.6958649158477783,296.042236328125,353.0,2119513.0,585535.0,616930.8903784752,,
6073,9.693988800048828,212.09255981445312,1269.0,1625191.875,584082.0,426271.38183784485,,
6083,2.2237184047698975,269.0348205566406,291.0,680699.3125,583535.0,121135.30366525054,,
6133,7.563916206359863,117.0660629272461,993.0,675154.9375,577990.0,41577.928450509906,,
6148,1.7692965269088745,328.19647216796875,231.0,673638.6875,576474.0,192444.2273077981,,
6153,6.631451606750488,112.08831787109375,871.0,770413.4375,576180.0,114935.08166953921,,
6159,16.97596549987793,367.0980529785156,2203.0,672804.375,575640.0,114332.03667831421,,
6181,9.109748840332031,715.0595703125,1193.0,670888.75,573724.0,69549.13814792037,,
6184,0.053039807826280594,75.04474639892578,7.0,670742.0625,573578.0,108338.99029315967,,
6187,10.902894973754883,715.0484619140625,1425.0,670429.0625,573265.0,29939.30161739327,6187,
6216,9.771173477172852,715.0484619140625,1279.0,668460.1875,571296.0,42647.63409250975,,
6235,6.134132385253906,296.04510498046875,805.0,1298876.25,569448.0,313179.843359828,,
6243,7.777781009674072,74.09712982177734,1021.0,1001946.5,568885.0,553128.6777244806,,
6244,3.3503165245056152,341.1062316894531,439.0,666013.1875,568849.0,121226.13937959075,,
6261,9.586030960083008,715.0789184570312,1255.0,664808.3125,567644.0,62948.70989704132,,
6266,10.780282974243164,711.0877075195312,1409.0,664569.4375,567405.0,56200.67448890209,,
6294,10.810859680175781,874.0706176757812,1413.0,662658.6875,565494.0,60573.511078688316,,
6310,5.222926139831543,296.04510498046875,685.0,2565090.0,564446.0,439303.39894771576,,
6311,8.442708015441895,123.06673431396484,1107.0,661581.4375,564417.0,37552.2906634938,,
6318,2.863645076751709,296.042236328125,375.0,2109753.25,564094.0,486249.6007196903,,
6324,0.03785240650177002,99.08085632324219,5.0,660857.875,563693.0,80932.81635718758,,
6325,9.015832901000977,237.1527862548828,1181.0,660770.5,563606.0,365706.45800602157,1058,13C1
6334,4.644640922546387,120.1021728515625,609.0,659440.0,562276.0,294990.33641842846,,
6346,8.003413200378418,118.08164978027344,1051.0,1278495.75,561406.0,305142.1242466271,6346,
6348,0.08720829337835312,215.091064453125,11.0,658405.5,561241.0,76341.45569904358,5,13C1
6370,0.10716649144887924,114.09173583984375,13.0,797637.8125,559208.0,87510.6921016663,,
6374,2.802520513534546,123.055419921875,367.0,655871.875,558707.0,349846.74472395517,,
6376,9.216774940490723,715.0736083984375,1207.0,655753.0625,558589.0,119054.85671297461,3081,2H2
6379,9.20149040222168,715.0739135742188,1205.0,655542.375,558378.0,119054.85671297461,3081,2H2
6383,0.08720829337835312,84.05619812011719,11.0,655199.5625,558035.0,69359.86546806071,,
6385,14.572454452514648,212.09518432617188,1897.0,1728080.375,557928.0,359402.07053923607,,
6388,9.216774940490723,709.0712890625,1207.0,654666.875,557502.0,56245.4996458292,,
6395,3.8537650108337402,98.07164001464844,505.0,749583.3125,557087.0,100695.47995615005,,
6412,8.815582275390625,296.04644775390625,1155.0,653094.5,555930.0,102554.55676370859,,
6414,11.616598129272461,367.0904541015625,1517.0,653023.75,555859.0,134302.62833046913,,
6415,9.063770294189453,713.0713500976562,1187.0,653008.875,555844.0,65843.90213289857,,
6417,11.369743347167969,291.0707702636719,1485.0,4592277.5,555685.0,1302842.752209887,6417,
6424,9.109748840332031,715.06982421875,1193.0,651904.875,554740.0,67026.97333949804,,
6448,14.693028450012207,822.9861450195312,1913.0,649831.375,552667.0,72049.00806440413,6448,
6449,7.334775924682617,296.0476989746094,963.0,649698.75,552534.0,201503.3363559246,,
6470,9.078947067260742,711.0668334960938,1189.0,648229.5625,551065.0,67853.3382217139,,
6477,5.983306407928467,296.049072265625,785.0,647850.8125,550686.0,169952.9930139184,,
6513,9.18577766418457,715.0736083984375,1203.0,645274.1875,548110.0,87930.72942266613,3081,2H2
6516,11.074418067932129,206.10214233398438,1447.0,645116.875,547952.0,149662.99669409823,,
6524,10.557538986206055,711.0517578125,1381.0,644753.875,547589.0,47951.00935733318,6524,
6531,10.872174263000488,711.0869140625,1421.0,644118.0,546954.0,31695.929529973306,,
6536,6.631451606750488,164.0934295654297,871.0,643425.0,546261.0,49703.36948223412,,
6537,10.557538986206055,711.08740234375,1381.0,643418.6875,546254.0,47323.081962287426,,
6541,9.124919891357422,715.0584106445312,1195.0,642846.625,545682.0,79917.48612689972,,
6547,6.631451606750488,163.09768676757812,871.0,642653.5,545489.0,48899.692847838625,,
6551,5.8464179039001465,239.1393585205078,767.0,642428.25,545264.0,110804.04931658506,,
6552,9.140098571777344,711.076904296875,1197.0,642415.5,545251.0,59489.50844335556,,
6578,4.036220073699951,296.0476989746094,529.0,2787264.25,542936.0,613038.1380405426,,
6579,13.59334659576416,123.0414810180664,1771.0,934410.75,542866.0,235795.10843229294,,
6580,14.63259506225586,709.994140625,1905.0,640021.9375,542857.0,39666.944863246754,,
6582,24.954675674438477,118.06544494628906,3225.0,1086515.625,542512.0,166329.6689875126,,
6584,0.08720829337835312,143.0487060546875,11.0,639521.25,542357.0,45622.47545292179,,
6589,15.055216789245605,367.0939025878906,1959.0,639360.875,542196.0,62067.678280591965,,
6612,4.386396884918213,265.0030212402344,575.0,637579.5,540415.0,153553.7757062316,,
6640,24.565990447998047,123.0414810180664,3175.0,1739499.0,537845.0,378243.8452396393,,
6645,14.324583053588867,141.0509033203125,1865.0,667773.1875,537600.0,149058.9964967966,,
6648,6.631451606750488,126.06643676757812,871.0,634619.1875,537455.0,58839.90124309808,,
6650,4.629493236541748,296.0448303222656,607.0,3166625.0,537213.0,524288.1572389603,,
6664,8.63005256652832,296.04510498046875,1131.0,633293.5,536129.0,113626.34733390808,,
6669,4.873020648956299,212.09585571289062,639.0,4207900.5,535696.0,1187560.2153363228,6669,
6671,10.762051582336426,713.086181640625,1407.0,632621.625,535457.0,36713.36539903283,,
6672,2.178135395050049,284.196533203125,285.0,632540.625,535376.0,180796.0686160922,,
6673,9.755375862121582,713.0505981445312,1277.0,632524.25,535360.0,51062.77593380213,,
6689,9.155363082885742,711.078125,1199.0,631207.0625,534043.0,91982.49082422256,,
6692,10.902894973754883,715.079345703125,1425.0,630848.0625,533684.0,34792.65681734076,15582,13C1
6704,9.693988800048828,715.0792236328125,1269.0,629715.125,532551.0,48147.71484053135,,
6719,24.87723731994629,114.09173583984375,3215.0,742554.875,531428.0,166356.78184580803,,
6738,18.744230270385742,122.07142639160156,2429.0,627236.75,530072.0,59193.79468238354,,
6744,10.700756072998047,711.0515747070312,1399.0,626663.3125,529499.0,62600.40262871981,6744,
6750,9.063770294189453,715.0636596679688,1187.0,626287.625,529123.0,57519.29790237546,,
6759,23.174409866333008,197.00819396972656,2997.0,625519.6875,528355.0,117194.55102276802,,
6761,21.197341918945312,110.07154846191406,2743.0,625317.1875,528153.0,72941.68625062704,,
6772,5.511615753173828,296.04632568359375,723.0,2404749.75,527035.0,450171.34507369995,,
6775,9.18577766418457,709.0763549804688,1203.0,624027.0625,526863.0,84700.00689078867,,
6784,7.426448345184326,296.0437316894531,975.0,623273.25,526109.0,317715.09620058537,,
6817,5.009615421295166,212.09339904785156,657.0,2263854.0,523488.0,465594.1597084999,6817,
6820,8.050867080688477,212.09683227539062,1057.0,3555682.5,523477.0,798488.8950223923,,
6821,18.979530334472656,250.9860076904297,2459.0,1662100.625,523431.0,487499.8440732956,,
6822,21.45956802368164,139.01747131347656,2777.0,2166671.25,523343.0,425626.71432971954,,
6829,21.228187561035156,112.06195068359375,2747.0,620087.25,522923.0,92590.4210729599,,
6834,2.0119364261627197,256.1757507324219,263.0,619579.6875,522415.0,199722.23837659182,,
6846,8.800353050231934,296.04620361328125,1153.0,618833.75,521669.0,139170.86708283424,,
6850,0.10716649144887924,259.1472473144531,13.0,618719.875,521555.0,72179.49243788698,,
6851,14.693028450012207,135.02371215820312,1913.0,618579.5,521415.0,146113.56638884544,,
6852,6.631451606750488,125.07136535644531,871.0,618351.3125,521187.0,83435.28054705262,,
6860,6.058870315551758,212.09339904785156,795.0,2314959.25,520728.0,451425.7505271435,6860,
6866,8.442708015441895,125.07098388671875,1107.0,617540.1875,520376.0,46337.35062369704,,
6876,10.063700675964355,711.052490234375,1317.0,616595.8125,519431.0,36794.0211237669,6876,
6879,18.681547164916992,139.01747131347656,2421.0,1987586.375,519218.0,698568.8248281479,,
6906,9.078947067260742,715.063232421875,1189.0,614397.5,517233.0,68300.57709476352,,
6910,9.078947067260742,713.060791015625,1189.0,614235.75,517071.0,75835.68118381477,6910,
6912,0.10716649144887924,87.09224700927734,13.0,614100.875,516936.0,163438.79603958048,,
6915,9.155363082885742,713.0772705078125,1199.0,613389.125,516225.0,91601.54635575786,6915,
6940,9.617087364196777,713.0511474609375,1259.0,611547.875,514383.0,55754.89862346649,,
6948,18.557729721069336,367.0977783203125,2405.0,611240.0625,514076.0,190114.67123246193,,
6964,8.442708015441895,125.0822525024414,1107.0,638838.75,513178.0,57212.44288659096,,
6965,9.20149040222168,709.076904296875,1205.0,610324.0,513160.0,113789.3844511658,,
6992,3.228792428970337,250.99017333984375,423.0,2151042.25,511216.0,536868.2582527399,,
7000,8.442708015441895,99.0671157836914,1107.0,610663.4375,510740.0,38462.17312795669,,
7008,5.055544376373291,120.08099365234375,663.0,607277.8125,510113.0,244339.34720894694,,
7015,4.036220073699951,296.0436096191406,529.0,2837722.0,509853.0,839921.5265870094,,
7030,8.893943786621094,268.01220703125,1165.0,606054.3125,508890.0,195962.1384150982,,
7042,6.284420967102051,174.02175903320312,825.0,605309.0,508145.0,200646.90665106475,,
7055,18.26173973083496,250.9858856201172,2367.0,1823131.125,507144.0,607233.4838409424,,
7074,3.975297689437866,230.2462921142578,521.0,659986.75,506036.0,248135.296028167,,
7075,14.464357376098633,97.99169921875,1883.0,642285.1875,505954.0,221642.59553703666,,
7081,3.92946457862854,296.04632568359375,515.0,4633480.5,505347.0,834117.8893539906,,
7085,11.369743347167969,358.1345520019531,1485.0,602179.8125,505015.0,91754.2390908841,,
7093,11.399836540222168,148.07989501953125,1489.0,601718.875,504554.0,207380.0641508242,66,13C1
7100,6.254056453704834,296.0434875488281,821.0,601260.3125,504096.0,91384.56848698854,,
7136,6.254056453704834,296.0475769042969,821.0,599256.4375,502092.0,108087.12348026037,,
7147,9.786550521850586,715.0481567382812,1281.0,598746.375,501582.0,42647.63409250975,,
7153,2.4971976280212402,341.1013488769531,327.0,1071020.75,501232.0,208927.73864930868,,
7166,0.08720829337835312,86.06058502197266,11.0,597883.0,500719.0,79906.23260623147,,
7169,9.048603057861328,713.0715942382812,1185.0,597482.8125,500318.0,55074.01624670625,,
7176,9.063770294189453,711.072265625,1187.0,597140.4375,499976.0,58745.75971181691,,
7177,8.63005256652832,296.04644775390625,1131.0,597049.875,499885.0,104830.259578228,,
7178,2.5431430339813232,265.0030212402344,333.0,596983.3125,499819.0,108606.1269209981,,
7180,1.7391736507415771,296.0409851074219,227.0,676644.3125,499795.0,545896.0623447895,,
7228,9.29387092590332,228.13426208496094,1217.0,593794.0,496630.0,324334.18438876607,,
7229,8.442708015441895,126.06643676757812,1107.0,593788.9375,496624.0,36152.01418438554,,
7274,10.810859680175781,873.0797119140625,1413.0,590856.75,493692.0,55712.34268937772,11302,13C2
7291,8.909156799316406,292.01397705078125,1167.0,589855.5,492691.0,121152.73946547508,,
7304,10.186300277709961,711.0872192382812,1333.0,589253.375,492089.0,40845.21614557505,,
7308,10.795577049255371,444.0555725097656,1411.0,588993.1875,491829.0,45757.41129606962,,
7313,10.762051582336426,716.053955078125,1407.0,588530.4375,491366.0,64850.71893706918,2894,13C1
7316,0.08720829337835312,100.0761489868164,11.0,588292.625,491128.0,73695.96567094536,,
7321,7.563916206359863,95.06098937988281,993.0,588045.5625,490881.0,71759.51585537195,7321,
7329,0.1374163031578064,213.09840393066406,17.0,587553.125,490389.0,116382.80248693137,409,13C1
7350,10.795577049255371,721.05419921875,1411.0,586135.3125,488971.0,94240.73881935701,,
7352,0.1223163902759552,257.1524658203125,15.0,586114.125,488950.0,71458.89967775624,,
7358,14.617627143859863,95.08589172363281,1903.0,1807261.5,488596.0,738746.2339062691,,
7382,20.932043075561523,367.09027099609375,2709.0,584492.125,487328.0,75325.21359229088,,
7397,12.950613975524902,212.0950469970703,1689.0,1958248.0,486164.0,559697.1294455528,,
7399,5.268286228179932,296.04620361328125,691.0,2531228.5,486103.0,524837.2352323532,,
7415,3.960160255432129,250.9860076904297,519.0,2903126.5,485068.0,616628.8465647697,,
7419,10.557538986206055,237.1527862548828,1381.0,581881.1875,484717.0,192528.53209514637,1239,13C1
7420,7.746910572052002,296.0437316894531,1017.0,581796.875,484632.0,159373.2946408391,,
7423,13.32919979095459,367.0904541015625,1737.0,581703.625,484539.0,118554.81706351042,,
7425,12.761479377746582,250.99017333984375,1665.0,2054650.375,484442.0,431366.9295191765,,
7437,3.3200273513793945,296.04498291015625,435.0,6002246.0,483651.0,1171037.0830292702,7437,
7457,9.20149040222168,715.0534057617188,1205.0,579549.25,482385.0,48479.04981696606,,
7467,10.355820655822754,711.0515747070312,1355.0,579192.0,482028.0,46605.17101764679,7467,
7504,0.10716649144887924,132.10206604003906,13.0,576647.0625,479483.0,62405.19625547156,,
7524,4.553470611572266,74.09712982177734,597.0,969528.4375,477471.0,230522.89586663246,,
7531,3.365928888320923,250.99017333984375,441.0,2073039.625,476946.0,657601.1214547157,,
7549,5.1009626388549805,296.04632568359375,669.0,2579170.5,475611.0,677821.5794143677,,
7560,9.44803237915039,713.0819091796875,1237.0,572339.25,475175.0,52917.67476218939,,
7576,10.841513633728027,872.0773315429688,1417.0,570944.6875,473780.0,38902.145874913316,11302,13C1
7594,9.18577766418457,713.0558471679688,1203.0,570200.6875,473036.0,39465.93184244633,7594,
7603,9.063770294189453,711.067138671875,1187.0,569406.0625,472242.0,57342.611852928996,,
7629,9.124919891357422,711.0775146484375,1195.0,567848.6875,470684.0,71096.90114116669,,
7641,2.8176724910736084,296.049072265625,369.0,2357939.75,469935.0,642717.0717606544,,
7648,5.116604328155518,296.04510498046875,671.0,2575227.75,469286.0,665988.4394261837,,
7664,10.746758460998535,875.0694580078125,1405.0,565554.8125,468390.0,40882.360502541065,7664,
7667,10.826194763183594,711.0513916015625,1415.0,565441.75,468277.0,65494.25706695719,7667,
7681,10.716060638427734,710.071044921875,1401.0,564082.6875,466918.0,41652.85496902466,,
7687,10.8875093460083,709.0870971679688,1423.0,563815.125,466651.0,34142.878444607464,,
7693,3.0156710147857666,250.9860076904297,395.0,2457388.5,466390.0,726895.9155117273,,
7712,9.094088554382324,715.0585327148438,1191.0,562722.125,465558.0,78002.93141782284,,
7731,0.08720829337835312,124.04387664794922,11.0,632391.9375,463994.0,47965.880739599,34,13C1
7760,0.08720829337835312,228.06857299804688,11.0,559284.8125,462120.0,87626.84357220028,,
7775,9.109748840332031,711.0631103515625,1193.0,558786.1875,461622.0,64086.62695105374,7775,
7779,9.140098571777344,713.076416015625,1197.0,558641.6875,461477.0,78817.20394456387,7779,
7792,5.283909320831299,118.08644104003906,693.0,1586790.5,460646.0,267705.8905777931,,
7838,10.450453758239746,711.0513916015625,1367.0,555277.3125,458113.0,46949.79620599747,7838,
7841,7.594063758850098,296.0478210449219,997.0,555176.3125,458012.0,81154.06955730915,,
7847,9.048603057861328,713.0613403320312,1185.0,554960.5,457796.0,63612.8637013284,7847,
7850,0.022458789870142937,97.0288314819336,3.0,554899.625,457735.0,70507.26326223387,,
7877,14.339997291564941,367.090576171875,1867.0,553253.5,456089.0,103030.18671548367,,
7878,5.8464179039001465,268.01220703125,767.0,553250.375,456086.0,106509.86841070652,,
7886,2.527988910675049,296.0476989746094,331.0,4704492.0,455310.0,1406432.2077643871,7886,
7906,0.08720829337835312,113.07128143310547,11.0,551272.8125,454108.0,49528.49963535962,,
7922,6.134132385253906,296.04644775390625,805.0,1241535.25,453395.0,208159.17196059227,,
7955,8.660462379455566,296.0436096191406,1135.0,549340.875,452176.0,142008.650100708,,
7956,24.84538459777832,61.040382385253906,3211.0,549276.125,452112.0,188421.02350211143,,
7958,2.2842845916748047,152.10006713867188,299.0,549170.9375,452006.0,73983.81960882619,1632,13C1
7959,22.830202102661133,73.07655334472656,2953.0,549006.125,451842.0,57972.76761138439,,
7962,7.563916206359863,113.07128143310547,993.0,548934.125,451770.0,36042.15217461437,,
7966,2.268836736679077,249.1350860595703,297.0,548718.375,451554.0,85338.35457426403,,
7974,8.050867080688477,141.06610107421875,1057.0,548356.3125,451192.0,281923.4861853719,,
7978,9.063770294189453,713.0610961914062,1187.0,548205.6875,451041.0,63612.8637013284,,
7984,14.662541389465332,113.1155014038086,1909.0,2116635.5,450863.0,541817.7073335648,490,13C1
7996,1.263606309890747,243.18487548828125,165.0,588993.625,450226.0,129952.82769678609,,
8015,7.928513526916504,239.13922119140625,1041.0,546204.25,449040.0,90774.9563202858,,
8016,10.746758460998535,336.05303955078125,1405.0,546167.75,449003.0,86069.46035045385,,
8056,4.873020648956299,112.1087646484375,639.0,635921.25,446087.0,62840.71194511652,,
8067,8.442708015441895,112.08831787109375,1107.0,542631.125,445467.0,56017.96146800369,,
8079,2.985398292541504,250.99017333984375,391.0,1845996.125,444936.0,458682.00727391243,,
8080,11.309367179870605,292.0740661621094,1477.0,542061.0,444897.0,122527.33206851128,6417,13C1
8085,9.124919891357422,713.0767211914062,1195.0,541811.9375,444647.0,69665.95780932903,8085,
8094,3.92946457862854,341.1013488769531,515.0,541498.0625,444334.0,91061.32451847196,,
8099,7.746910572052002,182.0671844482422,1017.0,541130.375,443966.0,289271.25931086857,,
8109,8.893943786621094,162.11109924316406,1165.0,2169680.0,443388.0,850262.8103761552,8109,
8116,9.84784984588623,711.0869140625,1289.0,540374.125,443210.0,46915.52696618438,,
8119,10.109933853149414,711.0872192382812,1323.0,540336.3125,443172.0,37454.059720009565,,
8134,4.264406204223633,212.09422302246094,559.0,3783909.25,442079.0,913996.126789093,8134,
8137,10.652402877807617,340.0502624511719,1393.0,539015.6875,441851.0,125713.25398516655,,
8155,8.87873363494873,276.1954345703125,1163.0,537951.75,440787.0,110534.1403734684,,
8169,7.563916206359863,208.1194610595703,993.0,537050.625,439886.0,30275.673689519987,,
8175,4.142813205718994,250.9860076904297,543.0,2940648.5,439704.0,868605.8037061691,,
8189,9.078947067260742,715.0684814453125,1189.0,536296.75,439132.0,56113.00881829113,7594,2H2
8190,11.200178146362305,195.06861877441406,1463.0,536273.8125,439109.0,271912.5813482031,,
8196,2.2993404865264893,247.16485595703125,301.0,535901.875,438737.0,175552.90077450871,,
8215,10.795577049255371,709.056640625,1411.0,534965.9375,437801.0,35360.00842562318,,
8221,6.540431499481201,296.0436096191406,859.0,722860.8125,437532.0,166986.57535874844,,
8240,9.755375862121582,715.0477294921875,1277.0,533981.25,436817.0,42647.63409250975,,
8246,0.3382815718650818,284.1991271972656,43.0,533603.0,436439.0,104413.89791357145,,
8260,3.411357879638672,296.04644775390625,447.0,5924388.0,435784.0,1005884.1867902279,,
8276,9.771173477172852,709.0870971679688,1279.0,532398.125,435234.0,69772.81983059645,,
8287,14.479852676391602,367.0977783203125,1885.0,531887.5625,434723.0,93281.81050301716,,
8291,9.339858055114746,711.0564575195312,1223.0,531700.5,434536.0,51299.24134773016,,
8304,2.9551193714141846,250.9858856201172,387.0,2407502.0,433713.0,511982.82564496994,,
8308,11.106077194213867,156.07672119140625,1451.0,530781.0625,433617.0,218395.34504256397,,
8321,8.442708015441895,149.0822296142578,1107.0,530254.625,433090.0,30889.17297910899,,
8323,9.493858337402344,713.051025390625,1243.0,530003.4375,432839.0,40686.3707613647,,
8349,15.039970397949219,367.0942077636719,1957.0,529178.375,432014.0,81495.85673488677,,
8351,8.87873363494873,268.0167541503906,1163.0,529079.0,431915.0,264873.09643769264,,
8353,2.3447113037109375,213.09840393066406,307.0,529017.375,431853.0,112397.07734149694,1264,13C1
8369,0.10716649144887924,102.1282730102539,13.0,528427.875,431263.0,66180.77487322004,,
8382,1.7090177536010742,196.17010498046875,223.0,528143.75,430979.0,315065.4865562731,,
8390,1.61612868309021,350.2175598144531,211.0,527805.4375,430641.0,113984.47378500924,,
8408,13.858331680297852,367.0979309082031,1805.0,526763.125,429599.0,60577.74256747961,,
8410,22.39375114440918,367.0904541015625,2897.0,526695.1875,429531.0,106486.60353332758,,
8419,18.37104606628418,250.9858856201172,2381.0,1778490.625,429144.0,379846.56571769714,,
8426,6.540431499481201,296.0476989746094,859.0,795631.75,428758.0,219515.4866578579,,
8432,10.795577049255371,713.046142578125,1411.0,525695.0625,428531.0,33562.83059453964,,
8437,9.00070571899414,153.06016540527344,1179.0,525386.5625,428222.0,252824.9744053809,101,13C1
8441,6.661726474761963,276.1954345703125,875.0,525070.125,427906.0,111772.06998044252,,
8455,18.230819702148438,250.99017333984375,2363.0,1335598.75,427277.0,458629.3482885361,,
8461,4.720658779144287,212.0950469970703,619.0,5035938.5,426954.0,1294459.9758119583,8461,
8481,8.003413200378418,204.1232147216797,1051.0,523350.34375,426186.0,136548.24710297585,,
8486,10.918277740478516,715.0791015625,1427.0,523293.1875,426129.0,22896.46828844538,72,2H2
8496,6.631451606750488,217.12020874023438,871.0,522803.09375,425639.0,40480.43651678786,,
8538,16.394214630126953,164.0679473876953,2129.0,1633460.5,423524.0,360646.45203590393,,
8541,12.108271598815918,113.1158218383789,1581.0,2397194.25,423362.0,788637.5824799538,719,13C1
8570,8.909156799316406,163.11558532714844,1167.0,519062.96875,421898.0,291697.67854533717,244,13C1
8597,3.2746338844299316,250.9858856201172,429.0,2682392.75,420135.0,686251.4363031387,,
8620,9.063770294189453,715.0687866210938,1187.0,516592.625,419428.0,46925.73170211166,7594,2H2
8623,9.693988800048828,158.1538543701172,1269.0,516551.09375,419387.0,95901.08589065075,,
8626,10.450453758239746,713.0863647460938,1367.0,516528.5625,419364.0,37347.36463776231,,
8643,10.094208717346191,711.0520629882812,1321.0,515803.84375,418639.0,36794.0211237669,8643,
8644,24.84538459777832,75.05589294433594,3211.0,705898.9375,418493.0,197959.5610203743,,
8652,8.442708015441895,163.09768676757812,1107.0,515419.1875,418255.0,28943.256974453107,,
8657,9.094088554382324,711.0773315429688,1191.0,515168.21875,418004.0,53843.07546520233,,
8660,2.4971976280212402,296.049072265625,327.0,2314231.25,417931.0,651165.4728033543,,
8664,3.960160255432129,296.0409851074219,519.0,514963.59375,417799.0,144624.17683935165,,
8680,9.478598594665527,713.0513916015625,1241.0,513985.71875,416821.0,40686.3707613647,,
8682,8.53611946105957,139.05844116210938,1119.0,513894.8125,416730.0,289473.23773395177,252,13C1
8702,19.121854782104492,214.09115600585938,2477.0,1574892.0,415950.0,969001.0289545059,8702,
8721,9.015832901000977,713.0667114257812,1181.0,512320.5625,415156.0,45652.16654652357,,
8722,6.631451606750488,179.09274291992188,871.0,512311.34375,415147.0,41735.6889793016,,
8725,16.238197326660156,139.01747131347656,2109.0,1707640.625,415089.0,331770.5139760971,,
8744,2.3754444122314453,296.0504150390625,311.0,752050.125,414076.0,279626.46050834656,,
8749,3.670520544052124,296.0489501953125,481.0,1673760.875,413532.0,377605.0567204952,,
8773,9.048603057861328,711.0726318359375,1185.0,509720.71875,412556.0,48900.81467206776,,
8784,7.563916206359863,181.10874938964844,993.0,509419.40625,412255.0,28045.876136053354,,
8790,10.826194763183594,550.0635375976562,1415.0,509176.0,412012.0,40535.734254955314,,
8792,10.762051582336426,875.0767211914062,1407.0,509042.0625,411878.0,37233.68802854419,,
8793,6.631451606750488,99.05570983886719,871.0,557213.5,411849.0,70125.52849039435,,
8798,4.690475940704346,296.04498291015625,615.0,3066216.25,411483.0,682815.6588582993,,
8802,0.08720829337835312,142.05154418945312,11.0,508514.65625,411350.0,35418.65415200741,,
8804,3.0156710147857666,341.0997314453125,395.0,508369.25,411205.0,135059.5500561297,,
8806,6.631451606750488,167.0928955078125,871.0,508363.78125,411199.0,36822.44484169036,,
8843,10.918277740478516,713.0511474609375,1427.0,506809.65625,409645.0,24681.570093293674,,
8849,7.044338703155518,212.09339904785156,925.0,3251903.75,409459.0,831441.0246224403,8849,
8852,17.22720718383789,74.09712982177734,2235.0,975348.8125,409385.0,282576.56528043747,,
8864,11.569884300231934,74.09712982177734,1511.0,1215937.375,408976.0,394002.4128625393,,
8865,9.109748840332031,711.078369140625,1193.0,506101.375,408937.0,62129.147015571594,,
8874,5.496526718139648,112.1170425415039,721.0,554890.25,408466.0,58818.441710442305,,
8875,10.572868347167969,713.0863647460938,1383.0,505613.75,408449.0,30595.745645821095,,
8892,3.807894706726074,296.04498291015625,499.0,4424612.5,407854.0,831443.7318828106,,
8906,6.134132385253906,296.0437316894531,805.0,861829.1875,407441.0,238369.277161479,,
8908,20.18048858642578,367.090576171875,2613.0,504561.0,407397.0,110664.14249658585,,
8913,0.053039807826280594,87.08096313476562,7.0,504116.5625,406952.0,71218.417142649,,
8922,11.692727088928223,106.05037689208984,1527.0,503798.375,406634.0,162324.14300666004,,
8931,5.831303119659424,292.0138244628906,765.0,503311.90625,406147.0,92627.75011792779,,
8936,8.018723487854004,118.09576416015625,1053.0,505735.03125,406033.0,59914.93724479526,,
8937,10.683023452758789,713.046142578125,1397.0,503149.96875,405985.0,39825.29601633549,,
8942,0.7626409530639648,112.11354064941406,99.0,2831339.5,405730.0,1159315.7883897424,8942,
8949,9.586030960083008,715.0481567382812,1255.0,502590.25,405426.0,45839.1895583868,,
8987,8.442708015441895,164.0935516357422,1107.0,500796.46875,403632.0,37720.78390905261,,
9015,14.5106782913208,367.0979309082031,1889.0,499650.1875,402486.0,87905.30460078339,,
9021,10.780282974243164,716.070068359375,1409.0,499368.84375,402204.0,47854.78745403886,2385,2H3
9028,21.243478775024414,231.11798095703125,2749.0,499193.5,402029.0,89534.97186160088,,
9039,10.048443794250488,711.0869140625,1315.0,498760.84375,401596.0,33802.935564398766,,
9047,14.662541389465332,595.005126953125,1909.0,498528.5625,401364.0,74228.35091829672,1893,13C2
9055,8.003413200378418,118.07992553710938,1051.0,564873.9375,401165.0,127056.39502066374,9055,
9062,10.078944206237793,711.0515747070312,1319.0,498103.53125,400939.0,36794.0211237669,9062,
9065,10.371063232421875,713.0863647460938,1357.0,498009.5625,400845.0,38473.67008942366,,
9068,9.709346771240234,171.11293029785156,1271.0,1382151.25,400689.0,295285.83017396927,,
9069,9.109748840332031,709.07275390625,1193.0,497805.84375,400641.0,54230.120286375284,,
9085,9.048603057861328,711.0675048828125,1185.0,497353.75,400189.0,48141.71025232971,,
9088,12.339335441589355,176.10292053222656,1611.0,497247.3125,400083.0,146845.56869317964,,
9093,2.6346611976623535,341.099609375,345.0,497071.78125,399907.0,100301.0437425077,,
9109,10.716060638427734,709.056640625,1401.0,496589.4375,399425.0,41147.513504087925,,
9117,6.738201141357422,213.09840393066406,885.0,496183.40625,399019.0,140668.978402853,5753,13C1
9119,10.746758460998535,715.0834350585938,1405.0,496081.46875,398917.0,27806.794977903366,12453,13C1
9123,0.053039807826280594,101.09658813476562,7.0,495803.21875,398639.0,58334.00074535748,,
9136,0.32317957282066345,296.0516662597656,41.0,495444.4375,398280.0,172511.96373087913,,
9144,5.222926139831543,296.0437316894531,685.0,1678341.875,397925.0,333734.61346435547,,
9151,4.036220073699951,189.12355041503906,529.0,494811.375,397647.0,214286.55348275602,,
9152,0.7022935748100281,296.0408630371094,91.0,1464295.5,397640.0,471172.3579262793,,
9154,9.124919891357422,711.0620727539062,1195.0,494757.40625,397593.0,72027.16577656567,,
9158,15.370643615722656,104.07099151611328,1999.0,505422.03125,397496.0,90371.63933968544,,
9173,10.716060638427734,713.046142578125,1401.0,494158.21875,396994.0,39825.29601633549,,
9195,9.617087364196777,715.0482788085938,1259.0,493086.6875,395922.0,45839.1895583868,,
9221,9.216774940490723,715.0531005859375,1207.0,491759.375,394595.0,48479.04981696606,,
9247,10.4016752243042,713.086181640625,1361.0,490777.9375,393613.0,38473.67008942366,,
9259,15.055216789245605,367.092041015625,1959.0,490455.65625,393291.0,44471.96944198012,,
9273,8.50329875946045,296.0437316894531,1115.0,489982.625,392818.0,146878.1037428379,,
9279,0.08720829337835312,164.06521606445312,11.0,489883.28125,392719.0,87428.83189244929,9279,
9290,10.683023452758789,709.0567626953125,1397.0,489441.15625,392277.0,41147.513504087925,,
9334,2.527988910675049,250.99017333984375,331.0,1856632.375,390329.0,406148.0505261421,,
9335,1.540062665939331,338.1846923828125,201.0,1721448.25,390322.0,533436.8765062857,,
9341,0.1223163902759552,168.0687713623047,15.0,487310.75,390146.0,92478.63993899254,,
9345,2.985398292541504,296.049072265625,391.0,1999376.25,389965.0,561871.9655995369,,
9377,7.563916206359863,194.10397338867188,993.0,486249.6875,389085.0,26527.517793165054,,
9378,14.138193130493164,166.064697265625,1841.0,486227.34375,389063.0,83427.66804134846,,
9383,9.140098571777344,715.0736083984375,1197.0,486024.28125,388860.0,60435.46536169201,3081,2H2
9406,8.442708015441895,84.05619812011719,1107.0,484898.4375,387734.0,43904.565514817834,,
9410,9.109748840332031,713.0775756835938,1193.0,484867.625,387703.0,63561.35950135067,,
9413,8.442708015441895,179.09274291992188,1107.0,484755.53125,387591.0,26916.179676264524,,
9425,10.795577049255371,717.0437622070312,1411.0,484429.15625,387265.0,33206.0106472075,,
9428,4.447312831878662,296.0475769042969,583.0,2428382.25,387158.0,499288.9458773136,,
9462,2.2842845916748047,99.04459381103516,299.0,483077.96875,385913.0,85247.96594215673,,
9473,10.340093612670898,709.0567626953125,1353.0,482614.21875,385450.0,30701.558401107788,,
9476,10.762051582336426,607.0615844726562,1407.0,482470.6875,385306.0,38180.71022608876,27173,13C2
9505,2.2842845916748047,370.207763671875,299.0,481501.65625,384337.0,27108.55319684511,,
9514,10.933616638183594,194.0561981201172,1429.0,481321.0625,384157.0,153464.41028261185,278,13C1
9542,7.563916206359863,178.1087646484375,993.0,480448.3125,383284.0,30038.760778062046,,
9548,8.863569259643555,265.0053405761719,1161.0,479963.15625,382799.0,125096.1227453947,,
9566,10.872174263000488,713.086181640625,1421.0,479406.90625,382242.0,19910.55508287996,,
9577,9.078947067260742,711.0770874023438,1189.0,478942.8125,381778.0,45806.78929501772,,
9588,9.20149040222168,709.0667724609375,1205.0,478522.875,381358.0,37955.07179522514,,
9597,17.666202545166016,123.0414810180664,2291.0,1154206.0,381008.0,324457.60798740387,,
9598,9.033453941345215,711.0719604492188,1183.0,478120.59375,380956.0,40386.823064401746,,
9620,2.2237184047698975,296.0409851074219,291.0,813788.75,380010.0,269312.2410596013,,
9636,10.780282974243164,553.050537109375,1409.0,476680.1875,379516.0,56204.86651369836,,
9641,10.683023452758789,717.0437622070312,1397.0,476435.8125,379271.0,38385.06445157528,,
9648,16.425334930419922,101.0714340209961,2133.0,476189.03125,379025.0,44544.89193683863,,
9671,18.744230270385742,113.07128143310547,2429.0,475412.4375,378248.0,46450.17342758179,,
9698,6.631451606750488,149.0822296142578,871.0,474007.0,376843.0,42313.202250793576,,
9703,4.203821182250977,88.0762710571289,551.0,694211.625,376648.0,322060.65508055687,,
9712,7.548811912536621,212.09750366210938,991.0,1701680.75,376449.0,497018.4085531235,9712,
9718,3.3351542949676514,296.0436096191406,437.0,3948352.25,376260.0,868259.7808709145,,
9738,9.755375862121582,143.0817413330078,1277.0,472831.0,375667.0,226414.46843753755,,
9741,10.66769790649414,713.0866088867188,1395.0,472766.53125,375602.0,44711.64943283796,,
9747,4.386396884918213,212.09339904785156,575.0,2129088.0,375392.0,542958.0106647015,9747,
9752,8.815582275390625,296.0437316894531,1155.0,472422.09375,375258.0,137422.34545218945,,
9762,0.18265554308891296,324.0773010253906,23.0,472129.71875,374965.0,87569.66700395645,,
9764,3.1527366638183594,296.0489501953125,413.0,2033984.625,374910.0,439165.64463329315,,
9780,0.7937449812889099,118.08644104003906,103.0,1367949.75,374594.0,245730.61270192266,,
9807,9.033453941345215,715.0635375976562,1183.0,471024.71875,373860.0,39560.74436095357,,
9823,8.645262718200684,164.06687927246094,1133.0,470529.25,373365.0,83640.39486277103,,
9826,12.496042251586914,448.16534423828125,1631.0,470415.46875,373251.0,44848.052124619484,,
9834,10.4016752243042,160.1333770751953,1361.0,470057.71875,372893.0,127614.5006157048,,
9839,4.873020648956299,268.0167541503906,639.0,469836.0625,372672.0,164458.74474734068,,
9858,0.022458789870142937,89.060302734375,3.0,468937.625,371773.0,71652.08209608495,,
9877,1.8149670362472534,388.2539367675781,237.0,468326.375,371162.0,37007.740898605436,,
9932,2.863645076751709,341.099609375,375.0,466399.59375,369235.0,85717.74601274729,,
9937,10.762051582336426,605.0635986328125,1407.0,466235.09375,369071.0,32658.15584784746,,
9939,10.762051582336426,551.0553588867188,1407.0,466193.21875,369029.0,69880.87321108725,9939,
9941,1.9817241430282593,73.07672119140625,259.0,503548.65625,368951.0,73475.71957324445,,
9960,9.063770294189453,715.0585327148438,1187.0,465694.1875,368530.0,50970.1114564538,,
9963,3.8992085456848145,296.0409851074219,511.0,465609.5625,368445.0,170105.66925147176,,
9968,2.178135395050049,239.13922119140625,285.0,465474.28125,368310.0,146692.1112780124,9968,
9986,8.614860534667969,296.0434875488281,1129.0,465028.0,367864.0,95924.41941475868,,
9992,10.496312141418457,709.0564575195312,1373.0,464834.125,367670.0,31388.054918646812,,
10005,4.356201171875,296.04644775390625,571.0,3466749.25,367481.0,520876.8760368824,,
10022,1.7542006969451904,99.09223175048828,229.0,464175.125,367011.0,138332.8868553834,,
10031,10.810859680175781,713.0458984375,1413.0,463772.78125,366608.0,33562.83059453964,,
10032,9.23206901550293,709.0659790039062,1209.0,463740.1875,366576.0,44526.770542025566,,
10038,9.155363082885742,715.0745239257812,1199.0,463532.28125,366368.0,73296.55052831583,3280,2H2
10046,10.450453758239746,448.0498962402344,1367.0,463189.6875,366025.0,43003.665025264025,,
10052,17.55546760559082,250.9858856201172,2277.0,1761627.5,365814.0,532734.7291145325,,
10063,11.785494804382324,214.0919952392578,1539.0,677641.8125,365417.0,173069.01958537102,,
10078,2.2842845916748047,132.10206604003906,299.0,462057.1875,364893.0,125866.01037278026,,
10085,0.08720829337835312,97.0765151977539,11.0,473155.5625,364747.0,47118.34186855238,,
10106,7.563916206359863,100.05110168457031,993.0,461314.1875,364150.0,30427.472240515053,,
10126,9.094088554382324,711.0620727539062,1191.0,460537.90625,363373.0,64086.62695105374,,
10136,10.340093612670898,713.0462646484375,1353.0,460037.3125,362873.0,28185.01233562827,,
10141,17.666202545166016,164.0679473876953,2291.0,1771215.375,362634.0,469351.9502983093,,
10167,9.18577766418457,715.0531005859375,1203.0,458843.65625,361679.0,48479.04981696606,,
10177,2.042607069015503,292.17486572265625,267.0,458363.5625,361199.0,122934.31127090752,,
10184,21.197341918945312,137.08203125,2743.0,458007.25,360843.0,44276.52940121293,,
10194,7.973696708679199,176.1393585205078,1047.0,457487.03125,360323.0,98076.2381234169,,
10196,14.647592544555664,575.978515625,1907.0,457409.5,360245.0,72517.50974966586,,
10197,6.768590450286865,296.0489501953125,889.0,457405.0,360241.0,137256.30216401815,,
10206,3.670520544052124,296.04620361328125,481.0,4764252.0,359901.0,868999.4424188137,,
10224,10.997873306274414,265.0030212402344,1437.0,456062.28125,358898.0,116243.09573096037,,
10233,8.036044120788574,118.093017578125,1055.0,531595.125,358550.0,93333.71300244331,,
10246,10.841513633728027,717.0437622070312,1417.0,455256.5625,358092.0,34823.035594642395,,
10250,2.6038718223571777,159.11264038085938,341.0,455033.03125,357869.0,80935.84639459848,,
10254,9.586030960083008,709.0869750976562,1255.0,454948.375,357784.0,48694.63966140151,,
10268,1.5249502658843994,339.1820068359375,199.0,454658.28125,357494.0,111359.12579265906,1351,13C1
10276,10.933616638183594,213.09840393066406,1429.0,454414.78125,357250.0,149429.983240664,781,13C1
10286,9.771173477172852,711.05224609375,1279.0,454171.53125,357007.0,27564.955793738365,,
10302,9.033453941345215,711.0668334960938,1183.0,453479.375,356315.0,40012.04503779113,,
10304,3.47255539894104,296.04498291015625,455.0,5569816.0,356240.0,1048545.5018994808,,
10316,18.805822372436523,123.0414810180664,2437.0,1140057.125,355989.0,261984.33272743225,,
10323,5.344448089599609,296.0476989746094,701.0,1588103.375,355741.0,338415.1068623066,,
10324,2.3447113037109375,104.07099151611328,307.0,1132751.125,355734.0,276536.44655910134,,
10326,14.63259506225586,276.9645080566406,1905.0,452802.5,355638.0,101022.05260106409,,
10338,5.268286228179932,296.0475769042969,691.0,1692691.125,355301.0,402689.2898437977,,
10344,10.856867790222168,709.056884765625,1419.0,452286.4375,355122.0,36567.991137242876,,
10348,0.7937449812889099,268.014404296875,103.0,452216.40625,355052.0,85549.24211908877,,
10354,0.08720829337835312,166.064697265625,11.0,451849.5,354685.0,42567.08495194843,,
10360,6.028866291046143,154.0534210205078,791.0,451717.4375,354553.0,161276.4218855109,,
10365,10.810859680175781,717.0435180664062,1413.0,451392.9375,354228.0,33206.0106472075,,
10366,9.155363082885742,709.0775756835938,1199.0,451350.0,354186.0,59445.95293675363,,
10373,4.036220073699951,341.10638427734375,529.0,451111.96875,353947.0,94906.68868261576,,
10376,10.841513633728027,709.056640625,1417.0,451086.40625,353922.0,36567.991137242876,,
10382,21.243478775024414,231.1142120361328,2749.0,450895.875,353731.0,79491.76460194588,,
10383,10.856867790222168,717.0440063476562,1419.0,450817.0625,353653.0,34823.035594642395,,
10384,11.23067569732666,252.14674377441406,1467.0,6011700.5,353610.0,3802306.5546888188,10384,
10385,1.7391736507415771,303.1976318359375,227.0,450763.25,353599.0,98995.4542018905,1311,13C1
10392,9.216774940490723,717.0534057617188,1207.0,450586.15625,353422.0,41495.35824328661,,
10404,1.6005725860595703,422.23883056640625,209.0,450285.90625,353121.0,53645.130499214865,,
10416,3.838127851486206,296.04498291015625,503.0,4016758.0,352685.0,831443.7318828106,,
10437,10.902894973754883,711.052490234375,1425.0,449405.5625,352241.0,20001.507519465173,10437,
10440,10.716060638427734,717.0436401367188,1401.0,449340.5625,352176.0,38385.06445157528,,
10450,23.22205924987793,215.09262084960938,3003.0,448852.1875,351688.0,182674.30888557434,3836,13C1
10452,9.662960052490234,152.07089233398438,1265.0,448801.40625,351637.0,120249.20326042175,,
10458,17.746326446533203,250.9858856201172,2301.0,1701782.75,351349.0,435152.82203674316,,
10466,1.9208537340164185,352.19586181640625,251.0,448345.15625,351181.0,133378.06066330383,,
10485,0.08720829337835312,99.05570983886719,11.0,447813.25,350649.0,47825.92223233386,,
10488,9.740004539489746,711.0870361328125,1275.0,447707.65625,350543.0,48707.88112270832,,
10495,10.41693115234375,713.0460205078125,1363.0,447457.71875,350293.0,27919.256187856197,,
10498,19.072959899902344,250.9858856201172,2471.0,1595927.25,350215.0,409518.4914135933,,
10505,0.25796958804130554,341.0980529785156,33.0,447130.0625,349966.0,128512.99066924676,,
10511,6.374564170837402,141.08230590820312,837.0,482528.8125,349824.0,70807.72589296848,,
10532,9.015832901000977,715.0642700195312,1181.0,446518.3125,349354.0,42477.973267039284,,
10534,2.178135395050049,300.1654357910156,285.0,446399.65625,349235.0,119783.5729318508,,
10539,18.744230270385742,99.05570983886719,2429.0,446231.3125,349067.0,47395.81869292259,,
10551,10.542216300964355,713.0460205078125,1379.0,445907.03125,348743.0,47050.579836040735,,
10555,0.7786512970924377,309.03759765625,101.0,445723.5625,348559.0,92126.04236195982,,
10571,9.094088554382324,713.0765380859375,1191.0,445402.21875,348238.0,53707.19429934025,7775,2H2
10573,5.116604328155518,296.0437316894531,671.0,1708635.875,348204.0,499364.35344171524,,
10591,9.44803237915039,715.0791015625,1237.0,444844.4375,347680.0,39516.15623795986,,
10595,6.692632675170898,296.0423583984375,879.0,444735.125,347571.0,108087.45311576128,,
10598,3.975297689437866,161.12841796875,521.0,444675.96875,347511.0,62881.30737740733,,
10604,6.722984313964844,268.0167541503906,883.0,444366.40625,347202.0,122836.40284729004,,
10608,9.493858337402344,715.0482788085938,1243.0,444306.375,347142.0,33313.51748761535,,
10619,4.447312831878662,276.1952819824219,583.0,443748.59375,346584.0,72357.26647299528,,
10642,12.761479377746582,212.09585571289062,1665.0,1708056.375,345834.0,320257.63970923424,,
10643,4.386396884918213,212.09422302246094,575.0,3704822.0,345765.0,907240.2844781876,10643,
10647,2.2842845916748047,169.12635803222656,299.0,442867.71875,345703.0,51080.84168301569,312,13C1
10654,0.16758066415786743,142.93861389160156,21.0,442667.25,345503.0,111046.90080434084,,
10655,10.700756072998047,876.0717163085938,1399.0,442598.9375,345434.0,29399.239155232906,7664,13C1
10661,1.8450562953948975,344.22509765625,241.0,442553.21875,345389.0,91762.8274923251,,
10668,2.8176724910736084,250.99017333984375,369.0,1826779.0,345207.0,394852.0812625885,,
10669,2.6958649158477783,144.98245239257812,353.0,442297.25,345133.0,185713.5438875258,,
10670,0.3534064292907715,296.0408630371094,45.0,1303534.25,345002.0,681677.7547287494,,
10674,14.262306213378906,125.0379867553711,1857.0,448830.5625,344888.0,98650.91215801239,,
10682,8.442708015441895,141.0772705078125,1107.0,441931.65625,344767.0,24675.561798702925,10682,
10714,10.762051582336426,285.04681396484375,1407.0,441108.34375,343944.0,112071.85747873783,,
10742,19.230703353881836,101.07061767578125,2491.0,440556.625,343392.0,57471.20649778843,,
10743,14.138193130493164,180.04470825195312,1841.0,440531.625,343367.0,104812.80585455894,,
10749,4.234149932861328,296.0448303222656,555.0,3824696.0,343252.0,629198.436665535,,
10751,1.61612868309021,294.1917419433594,211.0,440379.84375,343215.0,97764.07730498258,,
10755,0.053039807826280594,95.01901245117188,7.0,440277.125,343113.0,54424.566522063804,,
10760,10.340093612670898,717.0440063476562,1353.0,440177.5625,343013.0,28189.803697943687,,
10766,9.20149040222168,711.082763671875,1205.0,439984.0,342820.0,80972.39780342579,5772,2H2
10769,3.1829679012298584,341.0997314453125,417.0,439859.6875,342695.0,122992.91625124216,,
10773,10.033150672912598,711.0517578125,1313.0,439768.25,342604.0,32929.45071455836,10773,
10783,2.329555034637451,258.17041015625,305.0,439551.40625,342387.0,106282.6881537661,,
10785,10.078944206237793,166.08653259277344,1319.0,439528.1875,342364.0,210909.54099173192,,
10802,2.2842845916748047,285.1712341308594,299.0,438969.8125,341805.0,62121.713677364634,649,13C1
10807,9.463332176208496,717.0482177734375,1239.0,438822.15625,341658.0,35283.09875014424,,
10816,0.3382815718650818,270.14794921875,43.0,438438.15625,341274.0,141423.51560477633,,
10827,9.18577766418457,711.0821533203125,1203.0,438218.65625,341054.0,59165.08252978325,,
10845,1.8149670362472534,190.03219604492188,237.0,437987.1875,340823.0,143467.6154347054,,
10857,18.744230270385742,126.06643676757812,2429.0,437516.0,340352.0,38642.00285363197,,
10859,10.8875093460083,711.0520629882812,1423.0,437442.5,340278.0,26921.647747736657,10859,
10861,8.442708015441895,99.05570983886719,1107.0,465500.84375,340148.0,70660.9140201211,,
10865,18.58868408203125,141.05078125,2409.0,1019649.75,340048.0,192354.30400562286,,
10882,2.2842845916748047,285.1764221191406,299.0,436463.28125,339299.0,56742.95084125898,1442,13C1
10890,15.763623237609863,104.10721588134766,2049.0,436102.34375,338938.0,100115.19123858213,,
10891,1.0511056184768677,112.1170425415039,137.0,474600.6875,338858.0,65771.63983590156,,
10908,9.216774940490723,709.0662231445312,1207.0,435519.9375,338355.0,37955.07179522514,,
10913,11.478412628173828,246.1167755126953,1499.0,435283.65625,338119.0,191710.8299478041,832,13C1
10917,14.262306213378906,214.09127807617188,1857.0,1272276.75,338065.0,438302.4638273716,,
10925,9.078947067260742,715.0582275390625,1189.0,435048.84375,337884.0,50820.69594466686,,
10942,4.842218399047852,296.0448303222656,635.0,2941101.5,337368.0,698367.1375222206,,
10949,7.334775924682617,250.988037109375,963.0,5903626.0,337183.0,1129534.6212849617,,
10961,4.720658779144287,212.09585571289062,619.0,4275728.0,336969.0,1165135.9040679932,10961,
10977,0.08720829337835312,180.04470825195312,11.0,433851.21875,336687.0,42576.354950989655,,
10990,6.906464576721191,296.0489501953125,907.0,433533.5,336369.0,123845.96167561412,,
11005,7.563916206359863,114.06648254394531,993.0,433047.59375,335883.0,26627.26840799302,,
11009,18.604164123535156,250.9860076904297,2411.0,1711054.375,335736.0,686374.9508781433,,
11010,9.20149040222168,717.0538330078125,1205.0,432817.25,335653.0,41495.35824328661,,
11027,11.23067569732666,210.0515899658203,1467.0,432276.71875,335112.0,183958.46236028755,408,13C1
11030,10.826194763183594,176.09165954589844,1415.0,432244.15625,335080.0,112430.52280548215,,
11039,10.780282974243164,872.0698852539062,1409.0,432121.34375,334957.0,31749.189664065838,26032,13C1
11060,0.053039807826280594,115.07568359375,7.0,431423.375,334259.0,51260.14085303398,,
11078,21.197341918945312,124.08699035644531,2743.0,430641.1875,333477.0,61875.97506403923,,
11081,8.766997337341309,296.0476989746094,1149.0,430510.34375,333346.0,203465.92848825455,,
11091,9.52487564086914,715.0792236328125,1247.0,430262.125,333098.0,38381.904780328274,,
11119,7.958819389343262,296.04644775390625,1045.0,429374.875,332210.0,73622.26440942287,,
11123,20.28982162475586,164.06521606445312,2627.0,767426.5,332071.0,243528.24083137512,,
11156,1.2031004428863525,296.0409851074219,157.0,1221156.5,331354.0,438192.7767826915,,
11157,10.263219833374023,711.0513916015625,1343.0,428444.46875,331280.0,49224.61761170626,11157,
11158,7.594063758850098,206.13868713378906,997.0,428442.9375,331278.0,72733.53983414173,,
11168,7.928513526916504,296.0476989746094,1041.0,428246.65625,331082.0,79589.51707863808,,
11170,4.157942295074463,212.0950469970703,545.0,4871780.5,331007.0,921960.006975174,11170,
11182,10.795577049255371,715.0433349609375,1411.0,427901.5625,330737.0,27665.67948269844,,
11183,17.22720718383789,123.0414810180664,2235.0,1139275.375,330707.0,267775.14961242676,,
11184,10.795577049255371,338.0463562011719,1411.0,427857.09375,330693.0,181696.30544741207,11184,
11187,12.950613975524902,212.09600830078125,1689.0,1671243.875,330634.0,392811.84242749214,,
11209,24.798988342285156,112.1122817993164,3205.0,2382172.0,330102.0,445796.3717594147,,
11254,6.163992881774902,90.0919418334961,809.0,425821.875,328657.0,184775.03666952252,,
11299,3.8537650108337402,112.0875015258789,505.0,437299.4375,327720.0,56222.861569821835,,
11302,10.780282974243164,871.0755615234375,1409.0,424776.84375,327612.0,30062.174949467182,11302,
11321,8.63005256652832,296.0437316894531,1131.0,424365.96875,327201.0,87267.32704758644,,
11325,0.053039807826280594,85.0654525756836,7.0,424181.875,327017.0,55683.69466634159,30896,13C1
11330,14.617627143859863,202.99685668945312,1903.0,423973.71875,326809.0,163376.16231385618,,
11338,12.839152336120605,250.98922729492188,1675.0,3409097.0,326560.0,734127.7752723694,,
11356,10.746758460998535,717.0787353515625,1405.0,423151.71875,325987.0,25665.5540510118,,
11357,6.722984313964844,354.0515441894531,883.0,423100.6875,325936.0,59890.51787665486,,
11370,8.442708015441895,167.0928955078125,1107.0,422825.53125,325661.0,23717.791138373315,,
11446,3.259019136428833,85.0765609741211,427.0,421135.03125,323971.0,45479.92026305199,,
11448,3.28975248336792,73.07672119140625,431.0,536268.75,323922.0,89486.47981417179,,
11462,18.744230270385742,117.06619262695312,2429.0,420656.03125,323492.0,33011.98715797067,,
11469,9.20149040222168,711.057373046875,1205.0,420525.40625,323361.0,33589.8110370934,,
11487,0.7937449812889099,341.0980529785156,103.0,420054.09375,322890.0,121775.69612911344,,
11491,10.652402877807617,709.0562744140625,1393.0,419851.5,322687.0,31358.46701312065,,
11493,6.464855194091797,212.09339904785156,849.0,2213086.0,322588.0,483840.06234622,11493,
11496,7.563916206359863,128.0820770263672,993.0,419713.78125,322549.0,27569.36728463322,,
11502,24.456764221191406,116.00225067138672,3161.0,419573.34375,322409.0,91737.13154268265,,
11528,18.744230270385742,85.0765609741211,2429.0,419026.96875,321862.0,45951.25691899657,,
11542,9.094088554382324,715.0739135742188,1191.0,418504.53125,321340.0,39596.754450537264,3081,2H2
11575,4.842218399047852,296.0475769042969,635.0,2126411.25,320332.0,518129.6081023216,,
11590,21.228187561035156,212.0950469970703,2747.0,877281.0,320050.0,150803.6516444683,,
11602,9.015832901000977,713.0718383789062,1181.0,416894.3125,319730.0,36998.91728308797,,
11630,10.542216300964355,717.0436401367188,1379.0,416210.875,319046.0,28820.620257377625,,
11633,2.0727734565734863,296.049072265625,271.0,2399775.25,318961.0,554502.2647747993,,
11646,10.700756072998047,709.0560302734375,1399.0,415732.3125,318568.0,41147.513504087925,,
11652,19.729251861572266,250.9860076904297,2555.0,1486673.25,318280.0,374451.19826316833,,
11683,14.70795726776123,465.9301452636719,1915.0,414870.125,317706.0,27833.551931142807,,
11697,20.367708206176758,141.05078125,2637.0,1192420.125,317300.0,212556.47029352188,,
11712,9.18577766418457,717.05322265625,1203.0,414025.03125,316861.0,27968.236636579037,,
11726,10.557538986206055,713.0866088867188,1381.0,413500.96875,316336.0,30595.745645821095,,
11741,10.557538986206055,713.0457763671875,1381.0,412988.40625,315824.0,47050.579836040735,,
11759,0.7626409530639648,297.04742431640625,99.0,412552.96875,315388.0,85231.36080254242,68,13C1
11800,9.109748840332031,709.0778198242188,1193.0,411674.6875,314510.0,47876.18420268595,,
11819,1.4309091567993164,98.98460388183594,187.0,411289.9375,314125.0,94190.1388377999,,
11828,11.384770393371582,171.07632446289062,1487.0,411044.53125,313880.0,162617.2483939007,,
11872,10.557538986206055,717.0433349609375,1381.0,409708.9375,312544.0,28820.620257377625,,
11874,18.230819702148438,123.0414810180664,2363.0,1087742.75,312539.0,367023.2233338356,,
11879,18.744230270385742,155.0926513671875,2429.0,409544.875,312380.0,31245.729658275843,,
11891,3.228792428970337,250.99124145507812,423.0,706114.375,311982.0,238385.72157400846,,
11894,10.762051582336426,446.05841064453125,1407.0,409017.78125,311853.0,47080.59019899368,,
11900,9.140098571777344,709.07666015625,1197.0,408947.6875,311783.0,57863.79330851138,,
11914,10.780282974243164,556.05419921875,1409.0,408664.1875,311500.0,56745.373184546595,16297,13C1
11931,8.175211906433105,296.04632568359375,1073.0,408251.90625,311087.0,85888.79382872581,,
11932,8.800353050231934,296.0475769042969,1153.0,408208.34375,311044.0,189734.37063908577,,
11942,8.815582275390625,296.0478210449219,1155.0,408030.4375,310866.0,85269.77037328482,,
11958,10.48103141784668,129.06582641601562,1371.0,407753.65625,310589.0,141387.2689537853,,
11980,7.731694221496582,152.07040405273438,1015.0,407179.5,310015.0,250218.37065708265,,
11981,0.08720829337835312,140.99728393554688,11.0,407165.3125,310001.0,26891.217267466767,,
12002,7.563916206359863,113.08251953125,993.0,420929.4375,309483.0,23220.40581785515,,
12006,9.078947067260742,711.061767578125,1189.0,406603.9375,309439.0,48432.069132849574,,
12013,2.2086453437805176,296.0504150390625,289.0,787670.5625,309416.0,515582.05914509296,,
12021,6.631451606750488,152.0819091796875,871.0,406401.09375,309237.0,32096.89926468581,,
12025,9.20149040222168,717.0693969726562,1205.0,406292.84375,309128.0,61175.39125986397,,
12028,0.08720829337835312,182.02352905273438,11.0,406213.0,309049.0,28139.174898495898,,
12077,4.264406204223633,171.11293029785156,559.0,1471929.75,307588.0,560340.2022130489,,
12084,8.87873363494873,338.341796875,1163.0,404599.71875,307435.0,55951.804607629776,,
12098,10.780282974243164,713.0869140625,1409.0,404287.3125,307123.0,36713.36539903283,,
12107,1.540062665939331,366.2159118652344,201.0,404098.40625,306934.0,52651.32079965249,,
12121,0.053039807826280594,139.11172485351562,7.0,403781.3125,306617.0,47785.883721783495,,
12135,10.186300277709961,713.0863647460938,1333.0,403524.84375,306360.0,27308.31471887231,,
12144,13.23601245880127,250.98922729492188,1725.0,3350972.5,306090.0,704234.7174568176,,
12145,4.264406204223633,212.09339904785156,559.0,2151034.0,306047.0,541711.4298753738,12145,
12151,4.112511157989502,212.09666442871094,539.0,2503551.5,305801.0,529439.0697569847,,
12162,6.344168663024902,281.140625,833.0,402659.59375,305495.0,98726.20003969967,,
12167,19.246109008789062,250.9860076904297,2493.0,1539627.25,305402.0,471185.8012752533,,
12172,10.716060638427734,715.0431518554688,1401.0,402430.28125,305266.0,31761.922602951527,,
12196,9.786550521850586,711.0518798828125,1281.0,401890.96875,304726.0,27564.955793738365,,
12203,6.464855194091797,296.049072265625,849.0,401770.65625,304606.0,101051.95154124498,,
12220,10.324810981750488,717.0437622070312,1351.0,401437.3125,304273.0,28189.803697943687,,
12232,9.109748840332031,715.054443359375,1193.0,401133.03125,303969.0,39658.70768915117,,
12240,2.863645076751709,250.99017333984375,375.0,1746588.5,303872.0,371423.2616444826,,
12241,1.784835934638977,74.09712982177734,233.0,1221773.375,303848.0,533788.1036638021,,
12260,0.08720829337835312,110.07154846191406,11.0,400399.78125,303235.0,45414.90957302402,,
12270,0.08720829337835312,164.06851196289062,11.0,665390.6875,302941.0,99712.09144426556,,
12277,9.18577766418457,709.0814208984375,1203.0,399946.65625,302782.0,52565.662494871765,,
12312,10.683023452758789,715.0433349609375,1397.0,399036.53125,301872.0,31761.922602951527,,
12314,0.25796958804130554,296.0396423339844,33.0,571118.3125,301853.0,362544.06538977614,,
12318,2.0727734565734863,341.1046447753906,271.0,1663261.625,301737.0,307361.79399347305,,
12320,11.369743347167969,212.09683227539062,1485.0,2986874.0,301692.0,1138693.012541771,12320,
12328,5.3142194747924805,112.1078109741211,697.0,532405.25,301587.0,58967.977650702,,
12332,10.872174263000488,711.0512084960938,1421.0,398649.0625,301485.0,35199.722051970195,12332,
12338,3.960160255432129,234.07711791992188,519.0,407566.65625,301308.0,63271.446266412735,,
12352,4.888128757476807,213.09852600097656,641.0,398071.125,300907.0,70265.6934504211,6669,13C1
12363,10.652402877807617,717.043212890625,1393.0,397859.4375,300695.0,28398.369874805212,,
12379,18.744230270385742,136.0868377685547,2429.0,397501.125,300337.0,32812.93092280626,,
12384,16.425334930419922,110.07154846191406,2133.0,397409.875,300245.0,36066.59463888407,,
12417,9.063770294189453,711.0773315429688,1187.0,396418.5625,299254.0,38397.81643629074,,
12418,7.319602966308594,212.09339904785156,961.0,3562093.0,299252.0,1106854.3684539795,12418,
12421,0.10716649144887924,75.10041809082031,13.0,403079.65625,299194.0,49824.878120385525,118,13C1
12439,16.394214630126953,113.1158218383789,2129.0,1639756.5,298690.0,304444.05033540726,,
12443,19.261547088623047,101.07061767578125,2495.0,395832.21875,298668.0,57471.20649778843,,
12453,10.762051582336426,714.0781860351562,1407.0,395641.96875,298477.0,26391.87011191249,12453,
12473,9.063770294189453,713.076416015625,1187.0,395155.6875,297991.0,39259.20013141632,7775,2H2
12499,6.89120626449585,212.09339904785156,905.0,2865860.75,297285.0,626153.8832976818,12499,
12513,16.191646575927734,123.0414810180664,2103.0,847517.0,296908.0,300576.40365457535,,
12543,10.652402877807617,713.0457763671875,1393.0,393363.625,296199.0,29528.56199389696,,
12558,8.442708015441895,193.10850524902344,1107.0,392978.28125,295814.0,21241.266517488286,,
12563,10.063700675964355,713.04638671875,1317.0,392852.6875,295688.0,22655.50282740593,,
12569,5.8464179039001465,239.1373748779297,767.0,392747.65625,295583.0,73456.39216417074,,
12589,18.744230270385742,154.09768676757812,2429.0,392336.40625,295172.0,31510.325673103333,,
12605,10.572868347167969,715.0836791992188,1383.0,391909.34375,294745.0,22972.623756676912,12749,13C1
12606,9.463332176208496,713.0505981445312,1239.0,391833.625,294669.0,40686.3707613647,,
12630,10.8875093460083,711.0877075195312,1423.0,391272.4375,294108.0,31719.519645367982,,
12651,8.442708015441895,166.097412109375,1107.0,390644.5,293480.0,26083.11453871429,,
12655,6.631451606750488,137.08334350585938,871.0,390501.90625,293337.0,39652.63156951964,,
12667,10.371063232421875,715.0835571289062,1357.0,390210.96875,293046.0,28395.988412052393,13673,13C1
12675,12.823722839355469,212.0950469970703,1673.0,1821834.375,292648.0,342363.8086819649,,
12702,18.37104606628418,212.0950469970703,2381.0,930910.6875,292064.0,164725.9507033825,,
12711,12.06161117553711,259.0308532714844,1575.0,389053.15625,291889.0,104142.42589438707,,
12712,7.136096000671387,212.09255981445312,937.0,1171821.625,291859.0,405565.38442862034,,
12720,10.700756072998047,713.0455932617188,1399.0,388737.59375,291573.0,39825.29601633549,,
12724,0.1374163031578064,212.09255981445312,17.0,1201018.625,291514.0,275605.7617528304,,
12749,10.572868347167969,714.078369140625,1383.0,388376.9375,291212.0,24145.40365666151,12749,
12755,16.28483009338379,123.0414810180664,2115.0,985844.875,291111.0,225849.65684747696,,
12777,5.8464179039001465,112.11578369140625,767.0,457403.875,290513.0,25639.17012090981,,
12778,13.061134338378906,265.003173828125,1703.0,387670.1875,290506.0,90532.79372668266,,
12794,10.826194763183594,606.06005859375,1415.0,387234.25,290070.0,32502.43203483615,27173,13C1
12827,9.015832901000977,711.0679321289062,1181.0,386626.09375,289462.0,32849.31551222503,,
12829,10.355820655822754,709.05615234375,1355.0,386575.53125,289411.0,30701.558401107788,,
12838,8.893943786621094,170.11773681640625,1165.0,386341.25,289177.0,223197.86911939085,,
12847,10.795577049255371,501.053466796875,1411.0,386123.3125,288959.0,25475.815614402294,,
12859,0.6270253658294678,341.0979309082031,81.0,385873.65625,288709.0,111076.89307122678,,
12868,19.121854782104492,214.0919952392578,2477.0,673737.5625,288545.0,444416.27434921265,,
12874,9.033453941345215,715.0686645507812,1183.0,385583.25,288419.0,31824.752117298543,,
12879,10.918277740478516,709.0869750976562,1427.0,385325.46875,288161.0,15745.988106305806,,
12890,16.991485595703125,123.0414810180664,2205.0,1071803.0,287883.0,352879.7561058998,,
12919,10.48103141784668,713.0864868164062,1371.0,384412.78125,287248.0,37347.36463776231,,
12922,7.136096000671387,150.05825805664062,937.0,384307.6875,287143.0,80184.64258402586,,
12945,3.884058713912964,252.10914611816406,509.0,383739.40625,286575.0,102865.53875657916,,
12969,10.997873306274414,268.0167541503906,1437.0,382900.65625,285736.0,175370.01686254144,,
12975,24.083301544189453,143.04837036132812,3113.0,382783.5625,285619.0,95973.42666316032,,
12985,7.928513526916504,212.09750366210938,1041.0,1621018.5,285461.0,405764.212430954,12985,
12992,16.191646575927734,164.0679473876953,2103.0,1565410.125,285277.0,469348.75635766983,,
12995,10.063700675964355,709.056884765625,1317.0,382326.9375,285162.0,23875.2103818655,,
13010,3.960160255432129,112.1170425415039,519.0,507287.84375,284922.0,76690.02124291658,,
13019,10.450453758239746,715.0836791992188,1367.0,381863.375,284699.0,27566.975093752146,16760,13C1
13031,8.080583572387695,183.0767364501953,1061.0,381570.28125,284406.0,82816.68161892891,,
13032,18.85270118713379,257.9310607910156,2443.0,1008110.5,284381.0,619938.0779416561,,
13054,2.2842845916748047,249.1309051513672,299.0,380970.71875,283806.0,58306.31731522223,,
13057,9.015832901000977,711.0730590820312,1181.0,380954.375,283790.0,32973.902092292905,,
13091,2.878769874572754,296.049072265625,377.0,2206358.0,283091.0,499623.0182644129,,
13097,8.003413200378418,296.04608154296875,1051.0,380118.40625,282954.0,65883.86236995459,,
13104,10.4016752243042,715.0834350585938,1361.0,379993.96875,282829.0,28395.988412052393,15582,13C1
13112,8.98556900024414,713.0668334960938,1177.0,379701.03125,282537.0,34642.75320822513,,
13134,1.7090177536010742,171.14903259277344,223.0,379236.09375,282072.0,178161.57889145613,,
13138,9.00070571899414,713.067626953125,1179.0,379108.34375,281944.0,33842.30195119977,,
13144,18.744230270385742,125.07098388671875,2429.0,379020.0625,281856.0,37665.6556378603,,
13158,9.84784984588623,713.086181640625,1289.0,378871.125,281707.0,35254.99566796422,,
13160,8.660462379455566,123.04037475585938,1135.0,378848.125,281684.0,97329.35714387894,19,13C2
13169,3.091805934906006,341.1046447753906,405.0,1166531.625,281556.0,209128.0310280323,,
13191,16.772104263305664,164.0679473876953,2177.0,1694758.375,281248.0,444139.0851392746,,
13224,8.95518970489502,296.04632568359375,1173.0,377595.46875,280431.0,63659.02544975281,,
13248,8.036044120788574,118.07855224609375,1055.0,480967.90625,280108.0,63764.40507566929,13248,
13249,15.085844039916992,268.0120544433594,1963.0,377246.09375,280082.0,93424.56666994095,,
13261,10.826194763183594,709.0560302734375,1415.0,376972.4375,279808.0,43338.61281615961,,
13263,11.23067569732666,253.145751953125,1467.0,1175006.25,279790.0,643261.9623696504,1752,13C1
13270,0.10716649144887924,99.09223175048828,13.0,384842.5625,279588.0,35905.40084678304,,
13278,10.700756072998047,717.043212890625,1399.0,376522.875,279358.0,38385.06445157528,,
13292,9.109748840332031,715.074951171875,1193.0,376265.8125,279101.0,51698.88084229361,3487,2H2
13300,10.810859680175781,715.0430297851562,1413.0,376091.4375,278927.0,27665.67948269844,,
13301,3.86891508102417,212.09518432617188,507.0,4787196.0,278922.0,911782.2741844654,,
13303,0.08720829337835312,102.09173583984375,11.0,434217.65625,278884.0,52080.47345541511,,
13308,10.41693115234375,715.0431518554688,1363.0,375880.5625,278716.0,22980.470550835133,,
13328,18.37104606628418,113.1155014038086,2381.0,1303900.125,278445.0,289037.4935760498,1279,13C1
13332,6.209277629852295,142.08250427246094,815.0,764607.375,278386.0,107225.42032051086,13332,
13333,1.6764428615570068,288.2538146972656,219.0,375548.0,278384.0,76210.79079633951,,
13344,2.726231336593628,296.0489501953125,357.0,2362858.0,278141.0,541568.5355778933,,
13360,8.63005256652832,296.0478210449219,1131.0,374773.78125,277609.0,70479.56601154804,,
13369,10.810859680175781,714.078857421875,1413.0,374599.40625,277435.0,32190.454011436785,13369,
13372,2.133179187774658,195.1125030517578,279.0,406959.875,277368.0,88420.97128978488,,
13379,9.50914192199707,107.08997344970703,1245.0,374380.625,277216.0,164488.5261478615,145,13C1
13384,3.47255539894104,296.04632568359375,455.0,5508357.0,277113.0,1018671.8416416645,,
13421,24.098838806152344,82.01444244384766,3115.0,373503.1875,276339.0,126530.60240244865,,
13452,9.20149040222168,709.0819702148438,1205.0,372887.90625,275723.0,70942.890502695,,
13455,4.036220073699951,296.049072265625,529.0,1342417.5,275683.0,328038.8313243389,,
13470,5.009615421295166,296.0436096191406,657.0,1766470.25,275438.0,374488.9827365875,,
13476,10.997873306274414,268.0120544433594,1437.0,372448.875,275284.0,108889.02987231314,,
13505,0.16758066415786743,284.1940612792969,21.0,371957.375,274793.0,119780.4351760876,,
13512,1.8149670362472534,296.0409851074219,237.0,788569.3125,274710.0,236823.92473244667,,
13515,24.37940788269043,112.1122817993164,3151.0,2475569.0,274651.0,558657.7030200958,,
13517,4.264406204223633,296.0436096191406,559.0,2469054.5,274585.0,529755.4056415558,,
13529,11.369743347167969,276.1954345703125,1485.0,371531.625,274367.0,70408.20249521732,,
13557,10.340093612670898,715.0433349609375,1353.0,371086.84375,273922.0,22972.73454937339,,
13563,10.450453758239746,709.0560302734375,1367.0,370935.25,273771.0,31187.658256709576,,
13569,2.6194779872894287,297.0498962402344,343.0,370800.78125,273636.0,48678.7628326118,561,13C1
13575,0.25796958804130554,128.95370483398438,33.0,370622.65625,273458.0,73650.5581239704,,
13598,10.109933853149414,713.0866088867188,1323.0,370041.34375,272877.0,24346.175549566746,,
13624,0.08720829337835312,165.06710815429688,11.0,369439.28125,272275.0,34698.15818473551,9279,13C1
13625,18.33913230895996,164.0679473876953,2377.0,1732392.25,272264.0,387046.6399078369,,
13643,8.442708015441895,220.1191864013672,1107.0,369130.875,271966.0,20823.779524496756,,
13673,10.371063232421875,714.0784912109375,1357.0,368392.09375,271228.0,28454.7220864594,13673,
13674,10.048443794250488,713.086181640625,1315.0,368384.9375,271220.0,21691.032166928053,,
13735,10.872174263000488,715.0835571289062,1421.0,367342.625,270178.0,14779.591293395497,21368,13C1
13738,10.109933853149414,134.0812225341797,1323.0,367306.90625,270142.0,165374.49553729314,,
13744,9.109748840332031,709.0676879882812,1193.0,367223.96875,270059.0,29484.219971895218,,
13747,3.47255539894104,250.99017333984375,455.0,2065302.375,269925.0,444639.089861989,,
13775,22.549848556518555,98.07164001464844,2917.0,423288.34375,269334.0,67049.58775949478,,
13779,6.692632675170898,296.04644775390625,879.0,1320140.875,269288.0,276296.08930152655,,
13783,18.215364456176758,164.0680694580078,2361.0,1727695.5,269225.0,392751.8683233261,,
13827,0.03785240650177002,223.06361389160156,5.0,365297.375,268133.0,40754.5429677669,,
13836,9.094088554382324,709.0719604492188,1191.0,365124.6875,267960.0,56654.54321914911,,
13838,0.053039807826280594,99.04459381103516,7.0,365109.875,267945.0,47650.89193022784,,
13842,4.690475940704346,296.0436096191406,615.0,1963267.75,267835.0,503991.4149336815,,
13872,3.3503165245056152,341.10284423828125,439.0,1124695.0,267417.0,158379.24904680252,,
13900,14.647592544555664,460.98175048828125,1907.0,363925.0625,266761.0,26360.134555263212,,
13906,18.821224212646484,250.9858856201172,2439.0,1501488.875,266636.0,316845.1224489212,,
13913,10.810859680175781,391.0528869628906,1413.0,363699.15625,266535.0,35041.29371517897,,
13914,17.22720718383789,214.0919952392578,2235.0,655345.75,266526.0,201344.0045413971,13914,
13928,1.6462889909744263,275.2774658203125,215.0,363359.78125,266195.0,69291.54732367396,3551,13C1
13937,0.03785240650177002,214.07777404785156,5.0,376187.5625,266013.0,33398.68103998157,,
13951,16.772104263305664,231.11705017089844,2177.0,362965.09375,265801.0,68383.23131799698,,
13953,9.063770294189453,711.0620727539062,1187.0,362910.34375,265746.0,41727.410118326545,,
13997,13.012310981750488,212.09585571289062,1697.0,1605368.125,264759.0,329810.6312150955,,
14003,1.540062665939331,366.2084045410156,201.0,361752.46875,264588.0,46749.321727338334,,
14030,9.00070571899414,711.0734252929688,1179.0,361177.53125,264013.0,27374.40899655968,,
14031,0.08720829337835312,90.52635955810547,11.0,388517.59375,263991.0,23347.566266709196,,
14046,10.95192813873291,198.01087951660156,1431.0,360830.6875,263666.0,95746.25807112455,,
14078,22.284128189086914,141.0509033203125,2883.0,1293625.0,262966.0,369598.4258055687,,
14079,9.124919891357422,715.0532836914062,1195.0,360120.90625,262956.0,45742.7096503526,,
14115,12.403273582458496,95.08614349365234,1619.0,1897877.5,262312.0,416246.55968618393,,
14149,5.3600897789001465,296.0423583984375,703.0,810608.1875,261692.0,177745.342597723,,
14166,11.399836540222168,131.0533447265625,1489.0,358551.96875,261387.0,126093.5265377434,235,13C1
14175,3.960160255432129,269.0349426269531,519.0,358363.3125,261199.0,69643.83724611998,,
14199,14.153623580932617,165.06710815429688,1843.0,358009.78125,260845.0,77362.00788319111,17413,13C1
14215,3.1225016117095947,214.0894775390625,409.0,1238198.25,260468.0,218878.02061027288,,
14222,6.631451606750488,207.1240234375,871.0,357536.90625,260372.0,49996.642365306616,,
14224,5.116604328155518,296.0423583984375,671.0,867488.25,260317.0,270933.7344442606,,
14225,15.293160438537598,118.06510162353516,1989.0,670937.9375,260306.0,203027.12301313877,,
14227,6.89120626449585,118.1229476928711,905.0,357452.625,260288.0,97300.08430731297,,
14231,3.838127851486206,73.07672119140625,503.0,491258.09375,260217.0,114117.9437609911,,
14234,10.795577049255371,340.0435791015625,1411.0,357343.65625,260179.0,123568.7339271903,,
14247,2.5431430339813232,265.0053405761719,333.0,357153.09375,259989.0,76158.40817652643,,
14251,9.18577766418457,713.0814208984375,1203.0,357033.25,259869.0,23806.387272119522,3762,2H2
14267,10.140461921691895,717.0435180664062,1327.0,356808.0625,259644.0,23077.252238035202,,
14275,9.078947067260742,709.0711669921875,1189.0,356601.0,259437.0,37846.03412395716,,
14321,0.022458789870142937,97.06526947021484,3.0,355839.0625,258675.0,45950.59557537234,2567,2H3
14336,3.228792428970337,296.0504150390625,423.0,659272.375,258465.0,267554.4150663614,,
14338,10.826194763183594,717.0429077148438,1415.0,355604.75,258440.0,41203.716355979675,,
14346,0.1223163902759552,257.1546936035156,15.0,355368.46875,258204.0,52707.456219143234,,
14360,14.737870216369629,317.99041748046875,1919.0,355049.46875,257885.0,82929.25088202953,,
14388,4.873020648956299,296.0489501953125,639.0,1107514.875,257439.0,462162.9551092386,,
14392,2.1182022094726562,195.1329803466797,277.0,379025.125,257339.0,28461.49834990874,,
14396,9.048603057861328,713.0767211914062,1185.0,354324.6875,257160.0,32671.449546456337,7775,2H2
14419,15.893003463745117,164.0679473876953,2065.0,1484867.5,256743.0,453253.6549143791,,
14429,3.47255539894104,296.0436096191406,455.0,3619686.5,256615.0,783929.2045185566,,
14444,2.268836736679077,227.17550659179688,297.0,353387.9375,256223.0,106865.07801684528,,
14446,10.542216300964355,715.0431518554688,1379.0,353365.1875,256201.0,38004.0545014143,,
14457,10.355820655822754,717.0430908203125,1355.0,353177.0625,256013.0,28189.803697943687,,
14461,17.462512969970703,164.0679473876953,2265.0,1681416.0,255957.0,603690.1823968887,,
14463,7.502841472625732,212.09255981445312,985.0,1302888.625,255924.0,354239.6802010536,,
14501,8.036044120788574,212.09268188476562,1055.0,1121681.375,255379.0,373827.28308081627,,
14506,1.8450562953948975,118.06544494628906,241.0,582689.3125,255327.0,128428.72547847033,,
14507,8.472940444946289,212.09683227539062,1111.0,4234892.0,255316.0,910651.1008844376,14507,
14517,2.4971976280212402,341.099609375,327.0,559776.0,255124.0,116614.99571877718,,
14524,4.979411602020264,103.08700561523438,653.0,352143.0625,254979.0,25981.707359954715,,
14525,7.883634567260742,118.06556701660156,1035.0,577872.25,254966.0,98628.64310789108,,
14531,2.2842845916748047,342.1792297363281,299.0,352037.53125,254873.0,43601.73675968638,,
14544,5.48141622543335,234.07696533203125,719.0,351823.1875,254659.0,59114.71434760094,,
14577,2.1182022094726562,195.1147003173828,277.0,388174.0625,254205.0,40649.365546869114,,
14593,21.197341918945312,122.07142639160156,2743.0,351134.59375,253970.0,46286.09525310993,,
14609,10.355820655822754,713.0455932617188,1355.0,350883.8125,253719.0,28185.01233562827,,
14610,24.76799964904785,164.06521606445312,3201.0,567016.375,253700.0,174429.51344680786,14610,
14612,2.2842845916748047,268.14739990234375,299.0,350846.59375,253682.0,46753.16677352344,1128,13C1
14619,3.8992085456848145,250.9860076904297,511.0,2790304.75,253568.0,725996.4630314112,,
14638,0.08720829337835312,111.0556640625,11.0,350392.75,253228.0,34045.725295258744,,
14684,6.631451606750488,175.09811401367188,871.0,349526.25,252362.0,26677.633104538545,,
14696,9.015832901000977,715.0693969726562,1181.0,349232.59375,252068.0,34065.22472062986,,
14699,1.3250600099563599,243.68435668945312,173.0,349208.5625,252044.0,103689.01090862975,,
14704,6.134132385253906,296.0478210449219,805.0,784485.375,251924.0,150782.36239767075,,
14707,2.2842845916748047,342.1724548339844,299.0,348993.375,251829.0,41521.62224635854,,
14709,0.39876028895378113,341.0979309082031,51.0,348962.25,251798.0,91557.63618825749,,
14721,10.997873306274414,292.01397705078125,1437.0,348800.875,251636.0,82062.5167093277,,
14724,9.033453941345215,715.0584106445312,1183.0,348735.9375,251571.0,29869.82108092308,,
14732,0.10716649144887924,259.1495056152344,13.0,348526.5,251362.0,47378.50746336205,,
14746,10.63705062866211,247.05746459960938,1391.0,348310.90625,251146.0,138581.3560478338,,
14760,16.443281173706055,214.0919952392578,2135.0,573605.0625,250865.0,152313.0825870037,,
14773,10.780282974243164,719.0731201171875,1409.0,347839.21875,250675.0,27642.52764558792,2894,2H3
14793,2.9399797916412354,296.0409851074219,385.0,657801.875,250275.0,243040.35487538576,,
14806,2.2993404865264893,247.1690216064453,301.0,347049.5,249885.0,112562.87543847412,,
14820,2.436112642288208,296.0409851074219,319.0,806236.9375,249622.0,274244.1665722132,,
14821,9.55544376373291,711.0869140625,1251.0,346777.6875,249613.0,30924.548974603415,,
14840,18.744230270385742,99.0671157836914,2429.0,346366.3125,249202.0,28714.74479690194,,
14854,7.212599754333496,296.04498291015625,947.0,1054146.0,248951.0,268799.64993810654,,
14881,4.720658779144287,212.09666442871094,619.0,2592888.5,248571.0,750927.7711343765,14881,
14883,8.645262718200684,186.11231994628906,1133.0,345692.5,248528.0,209951.3538027648,,
14906,6.268970966339111,96.08940887451172,823.0,345266.21875,248102.0,100752.2284629941,4374,13C1
14923,7.487685203552246,77.07967376708984,983.0,344990.21875,247826.0,150274.02390261553,78,13C1
14931,9.140098571777344,711.0819702148438,1197.0,344835.78125,247671.0,29911.20888917148,,
14943,8.442708015441895,207.1240234375,1107.0,344602.90625,247438.0,37889.67724969983,,
14954,12.544771194458008,118.06141662597656,1637.0,344449.125,247285.0,132797.01245031133,,
14958,3.411357879638672,296.0478210449219,447.0,3783086.25,247247.0,709216.5717929602,,
14980,9.015832901000977,237.1508331298828,1181.0,343995.40625,246831.0,141361.6061330326,1058,13C1
15001,18.33913230895996,123.0414810180664,2377.0,1056832.5,246626.0,263155.41677713394,,
15052,0.08720829337835312,228.07041931152344,11.0,343155.78125,245991.0,59011.36159734265,,
15062,9.015832901000977,715.0591430664062,1181.0,343045.625,245881.0,32103.24386548996,,
15074,3.228792428970337,341.10791015625,423.0,342824.375,245660.0,99032.9664299339,,
15085,6.14907169342041,296.0423583984375,807.0,445658.3125,245530.0,130666.94125080109,,
15093,18.44837188720703,250.9860076904297,2391.0,1671783.875,245422.0,356327.3683376312,,
15110,3.1527366638183594,131.08956909179688,413.0,342322.78125,245158.0,82082.48420755565,425,13C1
15112,3.5640006065368652,134.0812225341797,467.0,342275.25,245111.0,98505.51059148833,,
15115,4.112511157989502,212.09750366210938,539.0,996622.0625,245033.0,254975.37655174732,,
15125,0.7022935748100281,112.11609649658203,91.0,342094.3125,244930.0,30191.298469766974,,
15138,9.155363082885742,717.070068359375,1199.0,341948.75,244784.0,41051.68094755709,3749,2H2
15172,10.450453758239746,717.0789794921875,1367.0,341320.875,244156.0,25847.043612629175,,
15176,19.246109008789062,214.08702087402344,2493.0,492569.4375,244113.0,167255.88547730446,,
15189,9.078947067260742,709.0762329101562,1189.0,341134.78125,243970.0,34539.76788075268,,
15192,9.894389152526855,246.09719848632812,1295.0,341116.1875,243952.0,161893.4737793617,,
15196,2.3447113037109375,296.0409851074219,307.0,741262.6875,243914.0,247315.80015593767,,
15200,4.036220073699951,296.042236328125,529.0,1392751.0,243827.0,448831.77447903156,,
15205,8.442708015441895,152.0819091796875,1107.0,340890.375,243726.0,19581.10706221545,,
15209,14.70795726776123,822.9794311523438,1915.0,340846.28125,243682.0,37446.835648059845,,
15215,9.20149040222168,719.0576171875,1205.0,340710.25,243546.0,25837.753098249435,,
15224,18.681547164916992,250.9860076904297,2421.0,1691291.0,243374.0,442101.9306640625,,
15232,2.863645076751709,250.9858856201172,375.0,2292345.0,243226.0,476049.21246778965,,
15236,18.744230270385742,118.08644104003906,2429.0,616060.3125,243094.0,114276.46644544601,,
15238,6.464855194091797,296.042236328125,849.0,340234.53125,243070.0,86102.89272233844,,
15294,5.466332912445068,110.0716781616211,717.0,339255.34375,242091.0,33548.30518254638,,
15295,2.2086453437805176,284.1991271972656,289.0,339243.40625,242079.0,108905.25759050995,,
15303,10.762051582336426,446.04827880859375,1407.0,339126.4375,241962.0,29420.6873485744,,
15336,10.731425285339355,873.0870971679688,1403.0,338640.3125,241476.0,27410.56527262926,15336,
15338,21.228187561035156,88.0762710571289,2747.0,362292.5,241435.0,70082.13447070122,,
15352,4.796750068664551,212.09422302246094,629.0,3696725.75,241132.0,935902.7946887016,15352,
15369,12.668559074401855,212.09585571289062,1653.0,1740890.75,240852.0,402194.242667675,,
15413,16.772104263305664,123.0414810180664,2177.0,1035327.625,240240.0,304851.699409008,,
15414,11.98543930053711,76.03999328613281,1565.0,337392.8125,240228.0,178254.34521179274,,
15417,12.668559074401855,212.0950469970703,1653.0,1951182.75,240165.0,499667.6877002716,,
15435,10.683023452758789,707.0643310546875,1397.0,337067.96875,239903.0,36436.5372967124,,
15439,10.795577049255371,874.0851440429688,1411.0,336988.5625,239824.0,37352.321574277245,11302,13C3
15440,16.520835876464844,164.0679473876953,2145.0,1633382.0,239821.0,357715.78525161743,,
15444,6.631451606750488,156.0772705078125,871.0,336899.3125,239735.0,27895.971324196085,,
15476,6.631451606750488,87.05585479736328,871.0,336490.34375,239326.0,45398.3980101645,,
15484,9.094088554382324,709.0770263671875,1191.0,336324.4375,239160.0,39658.52074338496,,
15489,0.022458789870142937,214.10122680664062,3.0,336275.3125,239111.0,32889.99911273684,409,13C2
15494,9.063770294189453,709.0715942382812,1187.0,336225.375,239061.0,31666.214373409748,,
15495,10.652402877807617,714.078857421875,1393.0,336135.28125,238971.0,34492.12447735667,15495,
15502,19.573204040527344,215.09288024902344,2535.0,336059.75,238895.0,55755.80991482735,20525,13C1
15519,1.7692965269088745,328.1996765136719,231.0,335865.5625,238701.0,120626.91253396287,,
15520,10.572868347167969,717.0789794921875,1383.0,335851.84375,238687.0,21267.35428878665,,
15533,8.442708015441895,156.07672119140625,1107.0,335603.96875,238439.0,20084.70970954746,,
15568,8.660462379455566,212.09255981445312,1135.0,1505424.625,237863.0,677406.4987196922,,
15582,10.4016752243042,714.0780639648438,1361.0,334840.1875,237676.0,28454.7220864594,15582,
15586,4.066545009613037,250.9858856201172,533.0,2867709.25,237653.0,893123.0810632706,,
15600,18.744230270385742,128.0820770263672,2429.0,334619.375,237455.0,25953.624020546675,,
15612,18.744230270385742,114.06661224365234,2429.0,334409.59375,237245.0,28771.050519794226,,
15613,6.540431499481201,212.09339904785156,859.0,2361996.25,237212.0,509513.5489554405,15613,
15615,18.44837188720703,197.00831604003906,2391.0,439440.96875,237180.0,78156.73598217964,,
15636,5.466332912445068,140.08204650878906,717.0,333923.21875,236759.0,26417.46395777166,,
15643,10.309530258178711,715.0835571289062,1349.0,333774.4375,236610.0,24838.922310739756,20716,13C1
15644,10.557538986206055,714.078857421875,1381.0,333771.71875,236607.0,24145.40365666151,15644,
15660,6.661726474761963,276.1978759765625,875.0,333645.6875,236481.0,56021.26382628083,,
15694,0.18265554308891296,164.92080688476562,23.0,332881.46875,235717.0,82656.67441972508,,
15698,19.072959899902344,367.0904541015625,2471.0,621604.5,235639.0,163203.9703464508,,
15703,10.746758460998535,709.0911254882812,1405.0,332773.375,235609.0,19534.639257088304,,
15708,10.511632919311523,236.14549255371094,1375.0,332701.65625,235537.0,288639.6511027865,15708,
15713,19.261547088623047,112.08641052246094,2495.0,332635.625,235471.0,41332.40382862091,,
15714,10.52694320678711,874.0848999023438,1377.0,332633.25,235469.0,22964.83031064272,11302,13C3
15722,6.89120626449585,296.0421142578125,905.0,332591.78125,235427.0,75725.28112000227,,
15729,1.1426174640655518,73.07672119140625,149.0,368882.71875,235337.0,99014.96007663757,,
15744,21.243478775024414,72.0814208984375,2749.0,332322.53125,235158.0,55849.73876142502,,
15745,2.8176724910736084,268.0167541503906,369.0,332300.25,235136.0,62261.13933968544,,
15747,9.463332176208496,715.0478515625,1239.0,332259.3125,235095.0,33313.51748761535,,
15751,9.109748840332031,166.06118774414062,1193.0,332229.0625,235065.0,89981.5021949485,441,13C1
15763,9.048603057861328,711.0776977539062,1185.0,332076.90625,234912.0,31777.96413064003,,
15774,9.109748840332031,717.0546264648438,1193.0,331932.40625,234768.0,38210.680343954125,,
15823,9.078947067260742,713.0556640625,1189.0,331214.96875,234050.0,37940.292487986386,15823,
15827,18.948486328125,165.06710815429688,2455.0,429842.53125,233970.0,66020.17858326435,,
15845,6.299375057220459,282.1468811035156,827.0,330822.90625,233658.0,82704.56371219456,,
15864,11.785494804382324,275.073974609375,1539.0,330450.59375,233286.0,155828.48383221775,,
15876,7.563916206359863,157.09730529785156,993.0,330173.46875,233009.0,114999.65029972792,,
15882,9.601774215698242,711.05224609375,1257.0,330099.75,232935.0,29494.985096648335,,
15958,10.700756072998047,712.0547485351562,1399.0,328901.71875,231737.0,31145.15112438798,6744,13C1
15970,10.652402877807617,717.0792846679688,1393.0,328815.40625,231651.0,22457.135701596737,,
15977,0.9293460845947266,341.0979309082031,121.0,328692.40625,231528.0,107443.0968626067,,
16011,3.823023796081543,250.99017333984375,501.0,2076922.25,230938.0,465919.6001446247,,
16026,9.339858055114746,717.0480346679688,1223.0,327787.96875,230623.0,45605.66554546356,,
16048,9.078947067260742,715.0736083984375,1189.0,327465.4375,230301.0,33387.74029738456,3280,2H2
16056,18.744230270385742,151.09767150878906,2429.0,327391.96875,230227.0,26746.328451037407,,
16066,11.339555740356445,282.1159973144531,1481.0,1459226.875,230131.0,451758.46081441315,,
16067,4.766027450561523,296.0409851074219,625.0,327262.5,230098.0,145363.26123601198,,
16068,1.7542006969451904,372.2232666015625,229.0,327242.5,230078.0,36198.21439840086,,
16070,10.078944206237793,709.05615234375,1319.0,327234.84375,230070.0,23875.2103818655,,
16118,3.807894706726074,269.0335388183594,499.0,326401.9375,229237.0,73395.96985827386,,
16126,6.344168663024902,139.05859375,833.0,326250.5,229086.0,55257.32418757677,573,13C1
16164,2.0119364261627197,256.1735534667969,263.0,325839.625,228675.0,124964.72357665654,,
16179,6.631451606750488,206.1036376953125,871.0,325573.8125,228409.0,25630.270860966295,,
16184,7.304399013519287,296.0489501953125,959.0,325549.8125,228385.0,108187.15334361792,,
16188,20.743738174438477,164.06521606445312,2685.0,682066.125,228275.0,224883.3968706131,,
16193,10.557538986206055,715.0428466796875,1381.0,325342.4375,228178.0,38004.0545014143,,
16204,10.841513633728027,871.0830078125,1417.0,325203.5625,228039.0,24770.190722646425,24161,13C1
16210,18.573179244995117,214.08702087402344,2407.0,453552.0625,227930.0,261333.54349255562,,
16229,2.4820539951324463,194.0845489501953,325.0,324822.5625,227658.0,56327.130229607224,,
16235,9.23206901550293,719.05712890625,1209.0,324786.46875,227622.0,30333.7358443141,,
16247,10.683023452758789,873.0873413085938,1397.0,324622.71875,227458.0,35470.67730605602,16247,
16263,2.268836736679077,243.1706085205078,297.0,324293.96875,227129.0,45132.724617788335,,
16264,3.1225016117095947,214.09031677246094,409.0,1162610.375,227111.0,212125.6690272689,,
16277,4.447312831878662,284.196533203125,583.0,324063.4375,226899.0,53448.1758286953,,
16283,24.05232810974121,142.05154418945312,3109.0,324032.40625,226868.0,80002.10683214664,,
16297,10.716060638427734,555.0491943359375,1401.0,323766.71875,226602.0,26600.55883589387,16297,
16344,10.371063232421875,717.0789794921875,1357.0,323111.53125,225947.0,26196.90440312028,,
16349,14.63259506225586,709.9839477539062,1905.0,323054.375,225890.0,65079.78309230553,,
16361,8.690943717956543,139.01805114746094,1139.0,322814.75,225650.0,98157.50571262836,,
16366,5.222926139831543,296.0423583984375,685.0,834695.9375,225586.0,182888.4423108101,,
16409,13.59334659576416,250.99124145507812,1771.0,649011.125,225001.0,216665.974257946,,
16411,10.094208717346191,709.056640625,1321.0,322155.65625,224991.0,23875.2103818655,,
16412,10.780282974243164,714.0791625976562,1409.0,322139.96875,224975.0,26391.87011191249,16412,
16415,5.405426979064941,296.04510498046875,709.0,2193001.75,224912.0,376570.0777044296,,
16422,8.175211906433105,158.0812530517578,1073.0,321924.96875,224760.0,129225.1448443532,,
16450,10.795577049255371,711.0471801757812,1411.0,321583.9375,224419.0,19662.50141814351,,
16454,19.33940315246582,250.99017333984375,2505.0,1044365.3125,224340.0,279087.35213947296,,
16484,9.048603057861328,713.0562744140625,1185.0,321193.71875,224029.0,31631.366341374815,,
16489,18.744230270385742,123.06673431396484,2429.0,321113.5,223949.0,26393.524542212486,,
16507,12.839152336120605,104.07099151611328,1675.0,1234256.75,223655.0,307023.23559355736,,
16513,8.442708015441895,175.09811401367188,1107.0,320744.96875,223580.0,17912.61715485016,,
16515,10.450453758239746,713.0454711914062,1367.0,320712.9375,223548.0,27919.256187856197,,
16516,9.048603057861328,711.0624389648438,1185.0,320690.15625,223526.0,35915.6384550184,,
16524,10.826194763183594,713.0454711914062,1415.0,320585.4375,223421.0,29185.220851898193,,
16549,24.503129959106445,112.1122817993164,3167.0,2362200.75,222939.0,552724.4789524078,,
16564,9.033453941345215,711.0770874023438,1183.0,319854.84375,222690.0,26134.495231866837,,
16565,11.339555740356445,559.1422119140625,1481.0,319844.5,222680.0,31605.974820374366,,
16592,10.652402877807617,715.0428466796875,1393.0,319470.03125,222306.0,23976.536918640137,,
16615,14.63259506225586,823.0054321289062,1905.0,319205.28125,222041.0,18751.75548012182,,
16619,14.662541389465332,824.986328125,1909.0,319163.5,221999.0,46714.25630636135,,
16644,0.9293460845947266,296.0408630371094,121.0,1264700.125,221688.0,426482.5645926893,,
16655,9.755375862121582,713.0863647460938,1277.0,318711.75,221547.0,24139.9735955894,,
16660,14.70795726776123,248.0263214111328,1915.0,347494.15625,221456.0,102566.59009981155,,
16699,19.33940315246582,250.9860076904297,2505.0,1520834.375,221034.0,319302.6984729767,,
16709,11.800797462463379,118.06544494628906,1541.0,663508.125,220966.0,134691.97162377834,,
16711,2.3144114017486572,223.1173858642578,303.0,318112.8125,220948.0,52376.316636448726,,
16712,4.021105766296387,269.0335388183594,527.0,318111.0,220947.0,62252.44508394599,,
16718,12.761479377746582,250.99124145507812,1665.0,695716.6875,220932.0,197748.4676885605,,
16723,5.7702555656433105,212.09339904785156,757.0,2469691.5,220844.0,846447.7929365635,,
16726,14.541943550109863,292.01397705078125,1893.0,317984.5,220820.0,61018.9324503541,,
16735,3.0156710147857666,341.1030578613281,395.0,1322790.875,220690.0,239107.73061406612,,
16745,16.81855010986328,165.06710815429688,2183.0,396911.53125,220576.0,63528.38877916336,,
16747,11.339555740356445,204.1233367919922,1481.0,317732.3125,220568.0,85619.2713362719,,
16760,10.450453758239746,714.0784912109375,1367.0,317632.71875,220468.0,26605.073060125113,16760,
16763,3.1527366638183594,341.10791015625,413.0,320166.15625,220441.0,69466.58844359219,,
16765,7.762091636657715,112.1078109741211,1019.0,350421.90625,220417.0,40806.952410280704,,
16770,12.44981861114502,184.07347106933594,1625.0,317549.71875,220385.0,168570.11242328584,,
16790,18.744230270385742,115.08688354492188,2429.0,317294.71875,220130.0,24100.258909404278,,
16792,12.777326583862305,268.014404296875,1667.0,718336.1875,220121.0,118770.34499454498,,
16802,9.863677024841309,713.0864868164062,1291.0,317146.15625,219982.0,35254.99566796422,,
16845,18.121688842773438,367.0904541015625,2349.0,676792.75,219422.0,184358.1690789461,,
16848,0.022458789870142937,117.09129333496094,3.0,316577.375,219413.0,35167.726388073905,,
16861,11.430013656616211,133.06085205078125,1493.0,316340.71875,219176.0,117209.87459997088,,
16888,0.053039807826280594,113.0600357055664,7.0,315728.96875,218564.0,36751.70696594345,,
16890,3.594287872314453,73.07672119140625,471.0,459964.5625,218519.0,108093.65039291978,,
16919,10.557538986206055,715.083984375,1381.0,315344.6875,218180.0,22972.623756676912,15644,13C1
16965,2.6038718223571777,341.10321044921875,341.0,1449654.0,217499.0,234804.43517321348,,
16966,7.18164587020874,213.10012817382812,943.0,314658.125,217494.0,67454.94101941586,26863,13C1
17016,6.540431499481201,296.042236328125,859.0,335746.59375,216870.0,86360.18412035704,,
17020,9.493858337402344,711.0520629882812,1243.0,314011.5625,216847.0,18575.147717759013,,
17030,10.094208717346191,713.046142578125,1321.0,313852.9375,216688.0,22655.50282740593,,
17032,0.08720829337835312,214.09451293945312,11.0,313828.5625,216664.0,24375.392569396237,,
17039,13.453720092773438,268.0120544433594,1753.0,313745.46875,216581.0,65700.56420707703,,
17042,10.683023452758789,711.0471801757812,1397.0,313709.375,216545.0,23285.973428487778,,
17054,10.063700675964355,715.0435180664062,1317.0,313541.625,216377.0,18172.661458402872,,
17111,10.872174263000488,717.078857421875,1421.0,312728.21875,215564.0,15070.638567906339,,
17125,8.98556900024414,713.0719604492188,1177.0,312577.65625,215413.0,28034.568832681747,,
17126,6.631451606750488,202.1085968017578,871.0,312573.6875,215409.0,22762.523724116385,,
17137,22.830202102661133,98.07164001464844,2953.0,368787.75,215254.0,66133.41201782227,,
17167,11.339555740356445,190.10739135742188,1481.0,312051.8125,214887.0,99375.39741772413,,
17169,2.4971976280212402,250.99017333984375,327.0,1847431.125,214873.0,565727.9012061357,,
17176,4.386396884918213,296.042236328125,575.0,1098170.5,214730.0,412006.9915909767,,
17193,6.631451606750488,195.1243133544922,871.0,311624.0625,214460.0,26403.54336437583,,
17241,10.125221252441406,717.043212890625,1325.0,310874.84375,213710.0,23077.252238035202,,
17242,6.98297643661499,102.09173583984375,917.0,310854.09375,213690.0,64603.40612488985,,
17257,14.647592544555664,580.91845703125,1907.0,310722.75,213558.0,47495.74713751674,,
17260,9.094088554382324,715.0534057617188,1191.0,310673.40625,213509.0,44735.88771054521,,
17261,10.795577049255371,873.0872192382812,1411.0,310652.96875,213488.0,34685.78943205916,17261,
17264,5.3903021812438965,296.04632568359375,707.0,2158462.5,213458.0,422884.77479863167,,
17267,18.41746711730957,250.9858856201172,2387.0,1641782.875,213439.0,427330.7351055145,,
17269,5.9983625411987305,296.04632568359375,787.0,1928133.25,213412.0,415815.22772598267,,
17285,13.826862335205078,214.0919952392578,1801.0,562584.4375,213256.0,139864.51781606674,,
17305,24.565990447998047,215.09518432617188,3175.0,310193.6875,213029.0,68134.0369617939,,
17356,8.675687789916992,72.0814208984375,1137.0,309328.0,212164.0,96978.04467433691,,
17369,9.063770294189453,715.0739135742188,1187.0,309182.25,212018.0,27833.919948138297,3487,2H2
17370,10.826194763183594,712.0547485351562,1415.0,309161.03125,211997.0,29566.850707777776,7667,13C1
17380,10.841513633728027,874.0851440429688,1417.0,309045.9375,211881.0,20868.55879703816,11302,13C3
17384,0.053039807826280594,121.06491088867188,7.0,309006.03125,211842.0,36362.793234074925,,
17389,3.091805934906006,341.1013488769531,405.0,863603.625,211800.0,145257.66977912188,,
17396,6.028866291046143,296.0436096191406,791.0,1194814.25,211693.0,280621.69358980656,,
17413,13.62479019165039,164.06521606445312,1775.0,513452.0625,211477.0,190799.603759408,17413,
17421,2.2086453437805176,298.1489562988281,289.0,308537.71875,211373.0,68184.96194442594,,
17423,9.063770294189453,709.07666015625,1187.0,308489.6875,211325.0,28655.474631860852,,
17434,4.888128757476807,269.03466796875,641.0,308378.4375,211214.0,46962.397531330585,,
17454,19.121854782104492,250.99017333984375,2477.0,1133981.625,210905.0,439300.10159254074,,
17462,9.586030960083008,711.0518798828125,1255.0,307967.5625,210803.0,29494.985096648335,,
17472,9.124919891357422,717.0692749023438,1195.0,307867.53125,210703.0,30417.51882906258,,
17477,0.4138643741607666,296.05303955078125,53.0,370829.03125,210618.0,73482.14930785634,,
17484,10.094208717346191,717.0437622070312,1321.0,307727.4375,210563.0,21849.41246765852,,
17495,3.198559284210205,149.10035705566406,419.0,307668.1875,210504.0,110197.13376432238,522,13C1
17508,19.246109008789062,214.09127807617188,2493.0,1385267.25,210349.0,368933.6979575157,17508,
17517,8.442708015441895,217.11935424804688,1107.0,307338.8125,210174.0,17291.386613312177,,
17523,18.744230270385742,125.0822525024414,2429.0,307304.3125,210140.0,34469.373132526875,,
17549,10.700756072998047,715.0426635742188,1399.0,307035.53125,209871.0,31761.922602951527,,
17551,5.268286228179932,296.0489501953125,691.0,868858.75,209822.0,225611.3762499094,,
17581,4.644640922546387,212.09339904785156,609.0,2073818.5,209312.0,450722.8735175133,17581,
17587,1.477133870124817,316.2144470214844,193.0,306403.28125,209239.0,47354.45050916448,,
17589,15.293160438537598,214.08702087402344,1989.0,442959.5625,209229.0,185896.1197552681,,
17604,2.3754444122314453,341.1046447753906,311.0,1361571.625,209067.0,260627.43221747875,,
17615,9.18577766418457,711.056640625,1203.0,306068.59375,208904.0,33589.8110370934,,
17626,2.4209396839141846,341.10284423828125,317.0,1443255.125,208773.0,237004.26613616943,,
17631,10.780282974243164,79.22840881347656,1409.0,305868.15625,208704.0,165796.82087025046,,
17667,10.217362403869629,715.0836791992188,1337.0,305534.21875,208370.0,20522.60987046361,20716,13C1
17680,21.228187561035156,216.08583068847656,2747.0,305369.46875,208205.0,44284.805812478065,,
17686,9.063770294189453,713.0559692382812,1187.0,305288.75,208124.0,31631.366341374815,,
17687,9.324530601501465,713.05126953125,1221.0,305270.1875,208106.0,27808.886848032475,,
17707,17.666202545166016,214.0919952392578,2291.0,619120.8125,207917.0,211913.56178092957,17707,
17717,13.360559463500977,214.0919952392578,1741.0,575224.4375,207733.0,140666.73505067825,,
17732,5.3142194747924805,296.0489501953125,697.0,807362.9375,207602.0,211191.01793396473,,
17750,21.197341918945312,99.05570983886719,2743.0,309034.25,207382.0,52023.15723788738,,
17783,3.8992085456848145,284.1966552734375,511.0,304171.03125,207007.0,52000.592546358705,,
17798,11.339555740356445,283.1219482421875,1481.0,303990.09375,206826.0,76890.10809312016,1222,13C1
17814,16.066518783569336,164.0680694580078,2087.0,1444838.25,206672.0,327264.13210487366,,
17827,6.540431499481201,296.049072265625,859.0,402732.125,206490.0,122011.73450523615,,
17834,0.10716649144887924,98.09697723388672,13.0,303596.40625,206432.0,29202.246379193188,,
17857,14.77033805847168,94.04560852050781,1923.0,431281.96875,206172.0,88180.21019876003,,
17864,5.8464179039001465,296.0437316894531,767.0,1455315.5,206107.0,343532.43808460236,,
17866,4.447312831878662,284.19781494140625,583.0,303251.0625,206087.0,51156.63207453489,,
17895,1.8149670362472534,252.11671447753906,237.0,302913.625,205749.0,91574.91529790172,,
17896,9.124919891357422,717.0538330078125,1195.0,302883.625,205719.0,42794.232006399194,,
17906,0.053039807826280594,77.03923797607422,7.0,302793.90625,205629.0,51707.81197883483,,
17909,12.684032440185547,212.09422302246094,1655.0,1401148.625,205600.0,406929.4686739445,,
17919,4.264406204223633,284.196533203125,559.0,302697.5,205533.0,55408.7132704854,,
17941,18.979530334472656,367.0904541015625,2459.0,620113.625,205211.0,89458.81151628494,,
17942,2.527988910675049,296.049072265625,331.0,2301231.75,205209.0,651165.4728033543,,
17960,15.877545356750488,123.04074096679688,2063.0,2857952.25,204979.0,706877.3586492538,,
17972,2.527988910675049,296.0504150390625,331.0,684276.0625,204877.0,265704.7640057206,,
17993,8.442708015441895,137.08334350585938,1107.0,301815.0625,204651.0,22800.730383004993,,
18002,6.299375057220459,212.09339904785156,827.0,2342221.25,204569.0,492818.3713951111,18002,
18034,18.526796340942383,250.99017333984375,2401.0,1200743.875,204078.0,329085.4434490204,,
18048,7.212599754333496,296.04644775390625,947.0,1043987.125,203950.0,208433.66850441694,,
18052,10.48103141784668,162.11109924316406,1371.0,1104137.125,203929.0,337319.2453753352,18052,
18071,9.771173477172852,709.056640625,1279.0,300838.875,203674.0,18187.561053723097,,
18081,11.151985168457031,296.0437316894531,1457.0,300734.90625,203570.0,70522.61191815138,,
18096,10.078944206237793,713.0455932617188,1319.0,300493.53125,203329.0,22655.50282740593,,
18110,10.780282974243164,715.084228515625,1409.0,300319.5625,203155.0,27806.794977903366,16412,13C1
18111,0.18265554308891296,116.10728454589844,23.0,300310.78125,203146.0,57046.14808829501,,
18118,5.983306407928467,296.0476989746094,785.0,1279466.25,202957.0,313571.43649852276,,
18125,7.044338703155518,86.09703063964844,925.0,300041.3125,202877.0,193735.4933410883,,
18127,17.040815353393555,164.0679473876953,2211.0,1691948.75,202773.0,380467.99788475037,,
18154,11.600385665893555,164.06521606445312,1515.0,382595.875,202528.0,213204.35334324837,18154,
18163,13.061134338378906,250.9849395751953,1703.0,1044530.0625,202398.0,274413.3995642662,,
18181,14.122732162475586,62.06083297729492,1839.0,785017.75,202213.0,183367.62780332565,,
18208,2.2842845916748047,307.13922119140625,299.0,299133.8125,201969.0,33879.7875471568,,
18218,7.640073776245117,296.0489501953125,1003.0,299005.09375,201841.0,64570.203979074955,,
18232,2.3447113037109375,296.049072265625,307.0,2155726.0,201577.0,471885.3957622051,,
18251,5.8464179039001465,114.0914077758789,767.0,448397.625,201362.0,94696.32107719779,,
18275,8.98556900024414,715.0638427734375,1177.0,298234.09375,201070.0,28370.970530262217,,
18288,3.47255539894104,296.0476989746094,455.0,3539357.75,200902.0,754773.3693618774,,
18295,9.771173477172852,713.046142578125,1279.0,298033.4375,200869.0,16359.531291931868,,
18296,12.981470108032227,212.09518432617188,1693.0,1947333.875,200858.0,559697.1294455528,,
18298,4.447312831878662,296.0489501953125,583.0,1230066.375,200848.0,277558.5194425583,,
18300,7.746910572052002,296.0423583984375,1017.0,297980.75,200816.0,88121.62423539162,,
18302,10.902894973754883,709.056884765625,1425.0,297927.0625,200763.0,13205.104837990366,,
18304,10.8875093460083,709.056640625,1423.0,297877.46875,200713.0,17879.93588504847,,
18305,9.00070571899414,713.0625,1179.0,297866.21875,200702.0,25392.463151067495,,
18330,2.6958649158477783,353.935546875,353.0,297545.0,200381.0,70235.32565022726,,
18337,9.23206901550293,719.0623168945312,1209.0,297460.5625,200296.0,26659.15116789937,,
18338,7.5184831619262695,212.09750366210938,987.0,1588687.875,200286.0,497018.4085531235,18338,
18340,10.902894973754883,713.0462646484375,1425.0,297442.15625,200278.0,12692.17109634682,,
18346,2.6194779872894287,276.1954345703125,343.0,297389.09375,200225.0,50083.637728095055,,
18355,7.334775924682617,212.09750366210938,963.0,1494663.5,200120.0,500564.70032572746,18355,
18408,11.785494804382324,212.09683227539062,1539.0,1481239.875,199546.0,367537.9555606842,,
18409,8.95518970489502,713.0663452148438,1173.0,296694.40625,199530.0,17895.845993578434,,
18432,10.780282974243164,339.0494689941406,1409.0,296429.71875,199265.0,71361.2066136431,11184,13C1
18460,18.33913230895996,367.0977783203125,2377.0,623412.6875,198947.0,159617.4385035038,,
18473,10.109933853149414,212.09750366210938,1323.0,1336537.75,198777.0,370998.3307504654,,
18476,22.45577621459961,98.07164001464844,2905.0,361985.53125,198734.0,69913.30872249603,,
18481,2.2993404865264893,192.1233673095703,301.0,295826.09375,198662.0,87513.40599271387,,
18484,9.155363082885742,711.083251953125,1199.0,295784.5625,198620.0,45802.10292649269,5772,2H2
18497,0.08720829337835312,157.02874755859375,11.0,295539.375,198375.0,22945.401081591845,,
18515,17.570858001708984,164.0679473876953,2279.0,1682945.125,198213.0,385662.3201198578,,
18518,10.41693115234375,163.11558532714844,1363.0,295339.9375,198175.0,54646.817700088024,23293,13C1
18546,18.121688842773438,95.08589172363281,2349.0,1115502.5,197927.0,272748.5679888725,,
18548,0.022458789870142937,109.1014404296875,3.0,295053.25,197889.0,37146.17932036452,,
18555,9.709346771240234,112.1078109741211,1271.0,326101.6875,197786.0,47414.222914755344,,
18570,24.72152328491211,118.03514099121094,3195.0,294808.75,197644.0,61610.338268876076,,
18577,14.70795726776123,214.0919952392578,1915.0,549292.0,197559.0,179921.28670859337,,
18594,9.339858055114746,713.0504760742188,1223.0,294580.59375,197416.0,44758.22544315457,,
18608,10.557538986206055,237.1508331298828,1381.0,294418.21875,197254.0,173123.78694757307,1239,13C1
18662,0.022458789870142937,123.04440307617188,3.0,293776.125,196612.0,37336.98711250219,,
18676,18.230819702148438,139.01878356933594,2363.0,1004237.125,196435.0,356739.79244327545,,
18680,9.124919891357422,711.0825805664062,1195.0,293571.28125,196407.0,35121.04286658764,5772,2H2
18686,10.716060638427734,711.0469970703125,1401.0,293528.03125,196364.0,23285.973428487778,,
18689,10.795577049255371,607.05419921875,1411.0,293504.28125,196340.0,40843.49360035441,18689,
18713,0.022458789870142937,81.0704574584961,3.0,293300.65625,196136.0,45597.01585974012,,
18726,10.557538986206055,717.0794067382812,1381.0,293206.9375,196042.0,21267.35428878665,,
18733,6.254056453704834,296.0421142578125,821.0,293137.1875,195973.0,45872.0564468801,,
18765,2.3754444122314453,212.09750366210938,311.0,1263107.875,195624.0,607044.0404303074,18765,
18775,8.893943786621094,265.0008544921875,1165.0,292711.28125,195547.0,66660.27463293076,,
18790,0.1524953693151474,339.2640380859375,19.0,292561.0,195397.0,64274.26660662668,,
18793,1.6005725860595703,73.07672119140625,209.0,369928.5625,195354.0,60063.18556738645,,
18801,8.018723487854004,118.07579040527344,1053.0,292426.90625,195262.0,25300.97851215303,,
18819,18.557729721069336,276.1954345703125,2405.0,292312.25,195148.0,81553.1523514986,,
18829,14.693028450012207,710.0043334960938,1913.0,292262.3125,195098.0,34089.503696098924,,
18835,10.997873306274414,338.341796875,1437.0,292148.875,194984.0,58739.60813432187,,
18852,17.777305603027344,215.0936279296875,2305.0,291975.59375,194811.0,64084.17971229553,21251,13C1
18869,10.780282974243164,608.0594482421875,1409.0,291788.5625,194624.0,36062.35068674991,18689,13C1
18880,9.109748840332031,711.0579833984375,1193.0,291671.03125,194507.0,31060.999533768772,,
18897,10.41693115234375,329.13360595703125,1363.0,291524.28125,194360.0,101137.42597645335,,
18902,15.180473327636719,123.0414810180664,1975.0,689217.3125,194267.0,196573.85280895233,,
18922,22.56531524658203,75.05589294433594,2919.0,548024.6875,194080.0,178219.22856402397,,
18954,18.573179244995117,118.06510162353516,2407.0,615403.5,193697.0,118572.96574115753,,
18975,0.053039807826280594,186.02188110351562,7.0,290629.59375,193465.0,33234.766222607635,,
18976,2.8176724910736084,276.1966247558594,369.0,290624.84375,193460.0,56860.35526916385,,
18982,9.00070571899414,713.0726928710938,1179.0,290532.21875,193368.0,27356.723938167095,,
18984,10.683023452758789,550.057373046875,1397.0,290515.0,193351.0,18959.88255891204,,
18994,9.693988800048828,711.087890625,1269.0,290420.46875,193256.0,23385.730280905962,,
19046,0.9142441749572754,272.97021484375,119.0,289826.0,192662.0,70771.72456809133,,
19048,11.384770393371582,161.06300354003906,1487.0,289810.6875,192646.0,68258.77298394777,,
19060,10.780282974243164,717.0797119140625,1409.0,289680.125,192516.0,25665.5540510118,,
19063,0.10716649144887924,202.99757385253906,13.0,289664.125,192500.0,26870.04162228084,,
19065,14.662541389465332,695.9147338867188,1909.0,289641.71875,192477.0,51207.86885153805,,
19069,19.931386947631836,250.9860076904297,2581.0,1434953.5,192428.0,426370.775993824,,
19077,9.832514762878418,715.0836791992188,1287.0,289512.9375,192348.0,23316.0664229542,5694,13C2
19082,21.228187561035156,95.06074523925781,2747.0,289452.28125,192288.0,46828.67309951782,,
19085,10.841513633728027,873.0873413085938,1417.0,289436.71875,192272.0,19421.801592479576,19085,
19100,10.746758460998535,711.0919189453125,1405.0,289337.34375,192173.0,14743.68960402906,,
19115,16.772104263305664,214.0919952392578,2177.0,593501.375,192020.0,184069.2645354271,,
19123,7.289216041564941,228.09815979003906,957.0,289086.78125,191922.0,125221.91314236075,,
19134,10.48103141784668,715.0838623046875,1371.0,289018.625,191854.0,27566.975093752146,16760,13C1
19156,0.10716649144887924,112.07595825195312,13.0,288836.8125,191672.0,37297.95073466911,,
19169,18.26173973083496,250.9848175048828,2367.0,763452.5625,191545.0,301802.0174102783,,
19175,11.816089630126953,265.0053405761719,1543.0,288638.15625,191474.0,68497.53122669458,,
19199,3.975297689437866,104.07099151611328,521.0,1253628.25,191213.0,225567.64114511013,,
19211,9.033453941345215,711.061767578125,1183.0,288303.15625,191139.0,30729.127104386687,,
19215,8.333793640136719,112.1170425415039,1093.0,367280.40625,191122.0,57759.6205008924,,
19244,10.340093612670898,711.0471801757812,1353.0,287995.40625,190831.0,16989.848275467753,,
19260,12.606807708740234,250.99017333984375,1645.0,1998546.125,190580.0,727075.504840374,,
19270,11.043774604797363,112.1087646484375,1443.0,320078.03125,190514.0,25991.560497239232,,
19282,10.355820655822754,715.0426635742188,1355.0,287567.5,190403.0,22972.73454937339,,
19291,8.690943717956543,354.048095703125,1139.0,287446.375,190282.0,65339.89150300622,,
19295,24.87723731994629,112.1122817993164,3215.0,2231565.0,190237.0,534017.1268892288,,
19300,6.631451606750488,136.08811950683594,871.0,287378.78125,190214.0,29804.26677732542,,
19305,17.839130401611328,164.0680694580078,2313.0,1706717.0,190173.0,467277.95393657684,,
19314,7.943938255310059,118.09437561035156,1043.0,314837.375,190045.0,30662.55335766077,,
19319,1.7692965269088745,290.2713317871094,231.0,287163.96875,189999.0,59676.04202541709,,
19321,6.058870315551758,212.09255981445312,795.0,745760.6875,189939.0,201307.7877944708,,
19329,6.661726474761963,296.0475769042969,875.0,866118.125,189825.0,152439.7245966196,,
19338,5.678970813751221,212.09339904785156,745.0,2286928.5,189765.0,603006.9539227486,,
19349,8.98556900024414,711.0726318359375,1177.0,286886.25,189722.0,19751.120014861226,,
19388,9.30920124053955,713.0509033203125,1219.0,286432.6875,189268.0,23087.886482298374,,
19390,3.8537650108337402,101.07156372070312,505.0,286395.625,189231.0,45491.40934571624,,
19391,20.9630184173584,180.04470825195312,2713.0,609933.8125,189197.0,130842.30061626434,,
19398,19.072959899902344,250.9848175048828,2471.0,682833.0625,189122.0,172734.93691515923,,
19413,9.478598594665527,156.0850830078125,1241.0,286149.65625,188985.0,141991.96201227233,807,13C1
19424,9.216774940490723,719.057373046875,1207.0,286017.375,188853.0,25837.753098249435,,
19432,6.631451606750488,192.1248779296875,871.0,285954.53125,188790.0,22587.08671985753,,
19453,9.29387092590332,212.09255981445312,1217.0,1649467.25,188523.0,631481.2187285423,,
19465,15.055216789245605,367.09014892578125,1959.0,285490.03125,188326.0,23058.566213667393,,
19469,9.20149040222168,719.0628662109375,1205.0,285450.96875,188286.0,30025.387045413256,,
19486,4.842218399047852,296.0434875488281,635.0,1838562.25,188105.0,543898.1151200533,,
19515,3.823023796081543,250.99124145507812,501.0,686439.0,187826.0,211525.80558347702,,
19526,3.92946457862854,341.0997314453125,515.0,284875.25,187711.0,74203.34778732061,,
19552,2.4971976280212402,276.195556640625,327.0,284620.40625,187456.0,67706.90495930612,,
19553,5.1009626388549805,354.0516662597656,669.0,284601.03125,187437.0,44047.124387443066,,
19554,10.918277740478516,711.0520629882812,1427.0,284553.71875,187389.0,13606.198732506717,19554,
19572,1.6312286853790283,214.0919952392578,213.0,426509.1875,187199.0,95033.2048278898,,
19601,9.094088554382324,717.0692749023438,1191.0,283907.125,186743.0,21557.90750618279,,
19612,14.602621078491211,265.0053405761719,1901.0,283835.75,186671.0,96601.1017807126,,
19616,22.830202102661133,97.0765151977539,2953.0,283809.34375,186645.0,47681.924595713615,,
19641,4.3103203773498535,104.07099151611328,565.0,1321829.25,186386.0,340060.65487372875,,
19644,20.94751739501953,164.06521606445312,2711.0,663480.3125,186361.0,317961.34663009644,,
19652,20.61707305908203,164.06521606445312,2669.0,635508.5,186219.0,181596.07317113876,,
19655,11.339555740356445,179.07156372070312,1481.0,1209169.375,186196.0,248066.371633627,19655,
19668,17.540117263793945,123.0414810180664,2275.0,1026165.6875,186009.0,356539.40665245056,,
19692,1.6764428615570068,180.1594696044922,219.0,282815.625,185651.0,111328.37597455643,,
19694,10.371063232421875,875.083984375,1357.0,282798.96875,185634.0,21544.453773021698,,
19696,22.830202102661133,83.06097412109375,2953.0,1464799.125,185630.0,512357.67364501953,,
19728,7.563916206359863,139.08653259277344,993.0,282383.9375,185219.0,15293.387589802034,,
19732,11.785494804382324,275.069091796875,1539.0,360878.34375,185189.0,199669.35515844636,,
19736,6.3895182609558105,141.06341552734375,839.0,282295.25,185131.0,27143.868018597364,,
19739,4.416631698608398,296.0476989746094,579.0,2392671.0,185101.0,509903.75807762146,,
19762,10.746758460998535,707.0885620117188,1405.0,282090.375,184926.0,19489.937297463417,,
19768,11.478412628173828,270.1087341308594,1499.0,282019.09375,184855.0,63643.67124181986,1387,13C1
19769,15.416807174682617,296.04510498046875,2005.0,282017.5,184853.0,50800.498071968555,,
19771,10.997873306274414,265.0053405761719,1437.0,282015.0625,184851.0,80021.35502159595,,
19774,4.720658779144287,269.0345458984375,619.0,282005.65625,184841.0,40041.1604629457,,
19787,19.355379104614258,214.0919952392578,2507.0,590809.375,184743.0,157179.7695593834,,
19814,8.98556900024414,713.0617065429688,1177.0,281568.8125,184404.0,26133.78238050989,,
19827,10.716060638427734,287.0439453125,1401.0,281394.71875,184230.0,49226.101316571236,,
19839,14.647592544555664,575.9710693359375,1907.0,281245.84375,184081.0,43114.56455003098,,
19841,21.197341918945312,118.08644104003906,2743.0,500914.0,184062.0,147822.2573633194,,
19874,7.563916206359863,109.07630157470703,993.0,280850.09375,183686.0,22759.501735784113,,
19876,5.283909320831299,137.0653076171875,693.0,280821.875,183657.0,109232.56339368969,416,13C1
19877,10.48103141784668,875.083984375,1371.0,280809.71875,183645.0,21635.183567643166,,
19878,1.8907372951507568,352.1993103027344,247.0,280799.0625,183635.0,110474.06334590283,,
19887,11.369743347167969,358.1308898925781,1485.0,280718.3125,183554.0,40852.551715027075,,
19888,9.478598594665527,711.0523681640625,1241.0,280698.0625,183534.0,18575.147717759013,,
19899,10.902894973754883,717.0440063476562,1425.0,280616.25,183452.0,12242.18118965649,,
19903,4.888128757476807,296.0408630371094,641.0,280543.5625,183379.0,89244.29613018036,,
19909,10.716060638427734,875.0846557617188,1401.0,280429.71875,183265.0,21479.22863149643,26032,2H2
19932,0.022458789870142937,107.08583068847656,3.0,280154.375,182990.0,34043.6388075155,,
19933,6.631451606750488,151.0966796875,871.0,280144.4375,182980.0,34412.11589181423,,
19938,0.053039807826280594,217.08851623535156,7.0,280089.09375,182925.0,35365.954414223874,1398,13C1
19952,17.570858001708984,214.0877685546875,2279.0,1048365.0625,182801.0,328673.67229938507,,
19978,15.055216789245605,214.0919952392578,1959.0,543887.0625,182518.0,200378.36155211926,,
19987,11.309367179870605,212.09750366210938,1477.0,1194314.375,182432.0,463654.0335483551,19987,
19997,2.3447113037109375,341.1030578613281,307.0,1357411.875,182298.0,239910.13580191135,,
20000,6.40452241897583,74.06067657470703,841.0,279426.8125,182262.0,30293.224359095097,,
20004,10.902894973754883,711.0880737304688,1425.0,279329.78125,182165.0,16365.533989464166,,
20009,8.442708015441895,142.08016967773438,1107.0,279282.40625,182118.0,20392.018432952464,10682,13C1
20014,16.363262176513672,164.0679473876953,2125.0,1627275.0,182050.0,360646.45203590393,,
20026,4.264406204223633,296.042236328125,559.0,1182482.625,181953.0,378848.8944693804,,
20082,0.08720829337835312,125.07098388671875,11.0,278645.34375,181481.0,29691.99637579007,,
20090,2.9399797916412354,296.0423583984375,385.0,2108730.5,181396.0,577257.0176048279,,
20128,10.810859680175781,875.0843505859375,1413.0,278148.75,180984.0,23776.14818543219,26032,2H2
20136,2.2237184047698975,102.09173583984375,291.0,278091.90625,180927.0,101640.84084764123,,
20138,5.070729732513428,122.07142639160156,665.0,278062.375,180898.0,44589.18072792888,,
20151,8.98556900024414,711.0675048828125,1177.0,277846.4375,180682.0,19633.50194863975,,
20152,6.9981889724731445,112.1078109741211,919.0,386825.21875,180667.0,65410.50371916592,,
20165,6.254056453704834,200.135009765625,821.0,277664.9375,180500.0,62389.60508954525,,
20190,2.268836736679077,313.2054138183594,297.0,277409.75,180245.0,26280.68101390003,2092,13C1
20193,11.309367179870605,114.09173583984375,1477.0,505183.0625,180235.0,103553.84639167786,,
20205,5.283909320831299,292.01654052734375,693.0,277269.5,180105.0,61104.654236227274,,
20209,5.009615421295166,296.042236328125,657.0,874123.8125,180048.0,198822.2765967846,,
20216,6.5554962158203125,61.040382385253906,861.0,277143.1875,179979.0,129179.0827730596,,
20226,12.496042251586914,448.1704406738281,1631.0,277066.15625,179902.0,23917.590621054173,,
20232,10.8875093460083,713.0460205078125,1423.0,276997.84375,179833.0,17112.59455396935,,
20251,11.028485298156738,250.9923095703125,1441.0,276835.875,179671.0,76381.73869121075,,
20264,2.2842845916748047,282.1541748046875,299.0,276762.375,179598.0,33952.0580896223,,
20283,10.140461921691895,212.09255981445312,1327.0,1070085.25,179419.0,328912.5042061806,,
20286,9.909685134887695,717.0433349609375,1297.0,276554.96875,179390.0,23182.757797837257,,
20292,3.1678199768066406,341.1013488769531,415.0,819945.375,179342.0,145276.25955212116,,
20322,8.442708015441895,138.0664520263672,1107.0,276217.09375,179053.0,21574.246150128543,,
20332,5.8464179039001465,296.0423583984375,767.0,757361.5625,178939.0,192530.8976444006,,
20354,8.87873363494873,250.9923095703125,1163.0,318312.875,178834.0,105526.55537939072,,
20355,10.652402877807617,707.089111328125,1393.0,275996.46875,178832.0,21937.578555688262,,
20367,14.647592544555664,592.9891967773438,1907.0,275923.0,178759.0,25266.69902413292,,
20371,1.7542006969451904,328.19329833984375,229.0,275901.75,178737.0,40841.61496774852,,
20372,17.164525985717773,214.08702087402344,2227.0,412469.15625,178737.0,161960.05526709557,,
20401,9.771173477172852,717.0437622070312,1279.0,275565.65625,178401.0,16576.583622157574,,
20406,3.1527366638183594,296.0504150390625,413.0,614276.3125,178356.0,188257.44009286165,,
20426,24.84538459777832,139.01702880859375,3211.0,1290344.125,178179.0,287400.3976325989,,
20433,4.903282642364502,354.0513916015625,643.0,275281.21875,178117.0,65920.27249482274,,
20459,8.660462379455566,296.042236328125,1135.0,274956.78125,177792.0,76926.40137270093,,
20463,18.744230270385742,89.07135009765625,2429.0,274901.875,177737.0,26691.25726902485,,
20467,10.795577049255371,719.0421752929688,1411.0,274851.53125,177687.0,18877.005616813898,,
20473,7.958819389343262,296.0478210449219,1045.0,274812.6875,177648.0,49666.39687073231,,
20487,3.807894706726074,284.196533203125,499.0,274661.09375,177497.0,62856.38365186751,,
20504,10.933616638183594,212.09255981445312,1429.0,941595.5,177326.0,643868.709862709,,
20516,8.863569259643555,231.115966796875,1161.0,274355.6875,177191.0,42103.20940506458,20516,
20525,19.588687896728516,214.09127807617188,2537.0,1427728.0,177105.0,510863.9448709488,20525,
20545,6.631451606750488,138.0664520263672,871.0,274045.4375,176881.0,29864.594740986824,,
20551,10.967254638671875,182.03274536132812,1433.0,273957.6875,176793.0,105194.98442798853,,
20552,21.197341918945312,124.04134368896484,2743.0,627882.5625,176792.0,191130.20226335526,,
20588,4.356201171875,269.0336608886719,571.0,273612.78125,176448.0,55826.10899350047,,
20596,6.631451606750488,219.09906005859375,871.0,273526.5625,176362.0,19449.86582190043,,
20612,4.356201171875,269.0360107421875,571.0,273358.71875,176194.0,55548.02793033421,,
20613,2.329555034637451,164.06687927246094,305.0,273353.5,176189.0,77883.4511481151,,
20615,5.283909320831299,296.0448303222656,693.0,2456453.0,176156.0,677081.7663280964,,
20636,3.8992085456848145,341.099853515625,511.0,272959.28125,175795.0,66579.0704023093,,
20640,3.8992085456848145,296.0423583984375,511.0,1480130.875,175750.0,401190.05008405447,,
20641,10.810859680175781,711.0468139648438,1413.0,272906.625,175742.0,19662.50141814351,,
20697,10.572868347167969,709.0914306640625,1383.0,272400.96875,175236.0,16703.01866339147,,
20704,7.212599754333496,296.0436096191406,947.0,685458.5625,175199.0,195680.94260966778,,
20716,10.340093612670898,714.0794067382812,1353.0,272304.0,175140.0,19790.11025029421,20716,
20717,10.872174263000488,709.0557861328125,1421.0,272292.34375,175128.0,23581.32201260794,,
20723,2.3754444122314453,88.0762710571289,311.0,468960.65625,175091.0,129612.2320124805,,
20777,8.442708015441895,87.05585479736328,1107.0,271765.8125,174601.0,29971.389058738947,,
20789,10.371063232421875,709.0914306640625,1357.0,271619.75,174455.0,20452.339210376143,,
20793,11.200178146362305,211.0436553955078,1463.0,271593.0625,174429.0,106460.74535842706,,
20813,9.18577766418457,715.0787353515625,1203.0,271436.9375,174272.0,21069.519378378987,2012,2H2
20822,0.535642683506012,297.05279541015625,69.0,271370.53125,174206.0,52738.824050709605,330,13C1
20827,10.826194763183594,707.0886840820312,1415.0,271342.59375,174178.0,26235.96838787617,,
20851,8.73653507232666,214.08702087402344,1145.0,271163.84375,173999.0,66925.44069987535,,
20864,21.228187561035156,125.0379867553711,2747.0,665443.0625,173921.0,125062.73588562012,,
20870,1.2031004428863525,292.01397705078125,157.0,271072.0625,173908.0,75942.25312680751,,
20883,9.155363082885742,709.0826416015625,1199.0,270843.0,173679.0,36762.687749013305,,
20887,21.197341918945312,126.06643676757812,2743.0,270794.25,173630.0,32959.974344193935,,
20889,4.264406204223633,284.19781494140625,559.0,270789.75,173625.0,52280.11591589451,,
20896,3.3351542949676514,296.0408630371094,437.0,597236.0,173572.0,262302.1542259455,,
20923,2.268836736679077,173.0784912109375,297.0,270529.3125,173365.0,32062.489506689948,,
20933,4.188700199127197,284.196533203125,549.0,270406.59375,173242.0,47155.32257196307,,
20944,14.894429206848145,250.99111938476562,1939.0,706891.9375,173126.0,369512.3815727234,,
20962,14.70795726776123,292.9414978027344,1915.0,270086.0625,172922.0,47102.18197607994,,
20966,15.180473327636719,214.0919952392578,1975.0,525205.4375,172894.0,132607.75522100925,,
20975,10.826194763183594,715.0426635742188,1415.0,269978.0625,172814.0,23580.78670322895,,
20986,3.365928888320923,250.99124145507812,441.0,656541.8125,172712.0,293048.0470805764,,
21040,8.192676544189453,269.0881042480469,1075.0,269356.21875,172192.0,75846.11063954234,,
21041,10.746758460998535,79.00647735595703,1405.0,269328.875,172164.0,151317.16115373,,
21044,17.761844635009766,367.0977783203125,2303.0,656553.9375,172126.0,144436.377815485,,
21050,2.329555034637451,276.1954345703125,305.0,269217.4375,172053.0,38544.98726731539,,
21055,10.109933853149414,715.0838623046875,1323.0,269178.21875,172014.0,17917.011497735977,29430,13C1
21062,2.6346611976623535,269.0323486328125,345.0,269124.46875,171960.0,83829.82690232992,,
21106,1.8450562953948975,344.2319641113281,241.0,268758.625,171594.0,58187.539062701864,,
21111,9.094088554382324,717.0536499023438,1191.0,268679.9375,171515.0,38210.680343954125,,
21113,8.175211906433105,296.0476989746094,1073.0,268617.96875,171453.0,86296.90866148472,,
21118,14.526601791381836,214.0919952392578,1891.0,518495.125,171373.0,203474.7160332203,,
21126,18.744230270385742,116.08206176757812,2429.0,268497.75,171333.0,21070.960268229246,,
21128,6.631451606750488,148.08714294433594,871.0,268484.09375,171320.0,24556.438349418342,,
21138,23.42566680908203,124.04387664794922,3029.0,268382.15625,171218.0,58192.245970368385,293,13C1
21145,22.72144317626953,98.07164001464844,2939.0,340866.59375,171190.0,50674.988448023796,,
21146,9.063770294189453,715.0534057617188,1187.0,268346.53125,171182.0,29353.117043171078,,
21149,2.2842845916748047,370.20391845703125,299.0,268313.46875,171149.0,15993.040163960075,,
21154,24.503129959106445,113.07128143310547,3167.0,268259.21875,171095.0,46773.987448096275,,
21162,9.155363082885742,719.0580444335938,1199.0,268177.875,171013.0,18575.398753896356,,
21186,3.1829679012298584,250.9837646484375,417.0,388688.90625,170830.0,114679.05818337202,,
21188,6.768590450286865,212.09750366210938,889.0,1385324.375,170808.0,498776.9552397728,21188,
21217,6.722984313964844,213.10012817382812,883.0,267768.125,170604.0,55046.1378262341,21188,13C1
21220,10.8875093460083,717.0436401367188,1423.0,267753.75,170589.0,16508.223012089962,,
21223,2.178135395050049,239.1372528076172,285.0,267713.53125,170549.0,82030.61558725685,,
21224,11.324468612670898,85.02902221679688,1479.0,273296.1875,170543.0,63410.51620395202,,
21225,7.563916206359863,196.1190185546875,993.0,267699.625,170535.0,15035.287807531655,,
21235,11.369743347167969,358.13818359375,1485.0,267609.25,170445.0,20749.19963693153,,
21251,17.888355255126953,214.0919952392578,2319.0,605022.4375,170340.0,213276.85053372383,21251,
21253,14.647592544555664,594.9898071289062,1907.0,267485.84375,170321.0,24417.83797997469,,
21255,0.535642683506012,341.0978088378906,69.0,315489.34375,170305.0,97487.40102344286,,
21284,7.120871067047119,137.04718017578125,935.0,267156.03125,169992.0,235470.58921658807,,
21286,0.8389050960540771,92.03740692138672,109.0,285770.84375,169981.0,53332.369430381805,,
21291,15.590312004089355,296.04632568359375,2027.0,267065.125,169901.0,49651.458865106106,,
21337,10.186300277709961,717.0791625976562,1333.0,266653.59375,169489.0,18572.455363824964,,
21342,10.41693115234375,711.0469970703125,1363.0,266577.25,169413.0,16312.528064325452,,
21366,11.631810188293457,141.05078125,1519.0,412031.1875,169151.0,71105.88835406303,,
21368,10.872174263000488,714.078369140625,1421.0,266302.9375,169138.0,12846.169595714891,21368,
21370,3.960160255432129,341.0997314453125,519.0,266270.65625,169106.0,74203.34778732061,,
21373,2.8176724910736084,341.1046447753906,369.0,1267482.25,169086.0,194735.92599523067,,
21383,11.708039283752441,112.1078109741211,1529.0,280347.78125,168953.0,38847.292268276215,,
21389,24.658756256103516,228.07054138183594,3187.0,266051.125,168887.0,67696.42258691788,,
21416,0.03785240650177002,159.03016662597656,5.0,265778.0625,168614.0,33188.31325907909,692,13C1
21420,9.109748840332031,717.070068359375,1193.0,265721.46875,168557.0,25903.13404162228,3749,2H2
21433,13.32919979095459,250.99017333984375,1737.0,1850224.5,168387.0,428076.48446273804,,
21438,4.356201171875,296.0478210449219,571.0,2213413.25,168358.0,351359.2283086777,,
21442,16.28483009338379,214.0919952392578,2115.0,564611.25,168316.0,138698.1668214798,,
21448,10.4016752243042,709.0911254882812,1361.0,265459.15625,168295.0,20452.339210376143,,
21464,20.149620056152344,164.06521606445312,2609.0,684102.75,168094.0,195376.4989619255,,
21485,9.909685134887695,713.0455932617188,1297.0,265074.9375,167910.0,19192.947551727295,,
21516,9.015832901000977,237.15475463867188,1181.0,264825.65625,167661.0,122145.6374789523,290,13C1
21535,5.648744106292725,296.04632568359375,741.0,2285737.25,167527.0,445021.5482554436,,
21551,4.051361560821533,284.19781494140625,531.0,264548.78125,167384.0,49725.45759701729,,
21554,3.9143521785736084,112.08736419677734,513.0,321636.0,167346.0,38711.341934248805,,
21577,0.053039807826280594,83.08617401123047,7.0,264300.0,167136.0,38219.58167559866,,
21589,4.051361560821533,338.341796875,531.0,264195.25,167031.0,33474.11090931296,,
21592,1.7241383790969849,72.0814208984375,225.0,687747.5625,166996.0,296608.62478883564,,
21594,3.2439048290252686,207.1240234375,425.0,264148.65625,166984.0,70141.94882401824,,
21595,2.2993404865264893,119.06055450439453,301.0,264143.03125,166979.0,108466.53928518458,,
21599,11.339555740356445,292.06878662109375,1481.0,299742.1875,166937.0,93676.71002960787,,
21611,8.003413200378418,120.09159851074219,1051.0,291978.15625,166856.0,131544.75626060367,1,13C2
21622,18.744230270385742,149.0822296142578,2429.0,263946.34375,166782.0,21524.387834906578,,
21629,19.448806762695312,166.064697265625,2519.0,587045.0,166745.0,126396.76881456375,,
21630,6.284420967102051,96.04493713378906,825.0,263873.6875,166709.0,46018.621353536844,,
21645,18.49484634399414,123.0414810180664,2397.0,1012543.8125,166534.0,263284.797621727,,
21646,5.3600897789001465,269.0348205566406,703.0,263670.75,166506.0,47722.735338151455,,
21655,1.1274926662445068,296.0396423339844,147.0,437618.03125,166424.0,121277.5968875587,,
21657,4.036220073699951,341.099609375,529.0,263525.625,166361.0,57179.742877706885,,
21678,10.171018600463867,118.06544494628906,1331.0,497830.53125,166175.0,134806.57316207886,,
21688,9.094088554382324,711.0824584960938,1191.0,263260.46875,166096.0,26422.90851211548,,
21704,14.924659729003906,259.9991760253906,1943.0,263075.53125,165911.0,110197.89655053616,,
21713,5.1009626388549805,269.1080017089844,669.0,262984.53125,165820.0,42501.84446465969,,
21714,18.744230270385742,152.0819091796875,2429.0,262979.46875,165815.0,23939.270385980606,,
21716,10.652402877807617,875.08447265625,1393.0,262966.4375,165802.0,18799.37683312595,26032,2H2
21727,12.215320587158203,112.1087646484375,1595.0,273297.0,165734.0,47167.51488412917,,
21792,14.647592544555664,594.0017700195312,1907.0,262366.5,165202.0,25191.307598828338,1893,13C1
21795,15.877545356750488,214.0919952392578,2063.0,524510.1875,165188.0,166766.36429929733,,
21805,0.03785240650177002,219.04766845703125,5.0,262297.75,165133.0,34045.50293756134,,
21823,12.684032440185547,118.08644104003906,1655.0,864208.25,165005.0,184312.38159036636,,
21833,18.759586334228516,97.99169921875,2431.0,941862.5625,164917.0,206819.14825296402,,
21836,18.230819702148438,250.99124145507812,2363.0,428285.34375,164880.0,130748.06225919724,,
21837,3.975297689437866,239.1393585205078,521.0,475811.34375,164875.0,108806.78882694244,,
21870,13.23601245880127,250.99029541015625,1725.0,1836257.5,164646.0,415684.902200222,,
21887,9.140098571777344,709.0817260742188,1197.0,261685.84375,164521.0,35675.23806724325,,
21902,5.1009626388549805,296.049072265625,669.0,826913.1875,164375.0,195208.90758371353,,
21916,23.237640380859375,214.08702087402344,3005.0,651781.5,164261.0,268818.0579395294,,
21936,15.877545356750488,123.04110717773438,2063.0,1777051.25,164129.0,485800.4370727539,,
21943,8.442708015441895,151.09913635253906,1107.0,261251.1875,164087.0,18465.227912960574,,
21956,2.133179187774658,312.1651611328125,279.0,261155.21875,163991.0,60767.722531460226,,
21973,16.64742088317871,367.09967041015625,2161.0,261044.75,163880.0,76815.07351279259,,
21991,5.222926139831543,341.10479736328125,685.0,260845.359375,163681.0,38453.77488051355,,
22001,10.542216300964355,607.0665283203125,1379.0,260702.8125,163538.0,20576.17751918733,,
22025,16.31586265563965,367.09967041015625,2119.0,260543.046875,163379.0,35551.053293287754,,
22027,19.588687896728516,94.04560852050781,2537.0,418608.84375,163371.0,133818.44307971,,
22034,2.1027629375457764,212.09255981445312,275.0,759840.3125,163317.0,216518.0332762003,,
22047,18.790449142456055,214.09127807617188,2435.0,1424383.0,163206.0,374497.3020000458,,
22053,10.542216300964355,711.0469970703125,1379.0,260321.34375,163157.0,27672.82310834527,,
22060,8.442708015441895,197.10317993164062,1107.0,260280.265625,163116.0,14193.207492463058,,
22084,9.20149040222168,713.08203125,1205.0,260066.625,162902.0,28847.830299586058,,
22085,3.457374095916748,296.042236328125,453.0,1791223.25,162899.0,395573.2812715769,,
22086,10.450453758239746,448.05499267578125,1367.0,260027.703125,162863.0,25552.67180109024,,
22087,18.37104606628418,367.08856201171875,2381.0,260024.90625,162860.0,66265.98343145847,,
22089,10.140461921691895,713.0816650390625,1327.0,1300509.875,162850.0,100195.53166222572,,
22097,0.19772207736968994,296.05181884765625,25.0,409526.1875,162795.0,237401.1569677011,,
22134,23.174409866333008,214.08702087402344,2997.0,627458.5625,162467.0,197478.54523468018,,
22201,10.66769790649414,707.0888671875,1395.0,259033.484375,161869.0,21937.578555688262,,
22213,11.121408462524414,139.01878356933594,1453.0,489635.71875,161782.0,121970.11740624905,,
22227,5.8464179039001465,265.0008544921875,767.0,258819.5,161655.0,61862.12810277939,,
22247,5.648744106292725,296.04498291015625,741.0,2257641.0,161547.0,529163.1139168739,,
22266,1.8907372951507568,356.19219970703125,247.0,258504.09375,161340.0,28088.40324513614,,
22276,20.28982162475586,197.00831604003906,2627.0,491895.03125,161282.0,84737.28561592102,,
22289,9.20149040222168,709.0617065429688,1205.0,258325.515625,161161.0,19726.12506824732,,
22291,10.716060638427734,283.05035400390625,1401.0,258305.265625,161141.0,53184.921634435654,,
22307,16.929601669311523,265.003173828125,2197.0,258228.6875,161064.0,61816.29279613495,,
22310,14.647592544555664,232.99070739746094,1907.0,258210.40625,161046.0,42760.867470730795,,
22311,4.903282642364502,212.09585571289062,643.0,4189047.75,161031.0,1187560.2153363228,22311,
22316,10.465758323669434,147.12069702148438,1369.0,258142.203125,160978.0,55912.7325774841,1196,13C1
22322,2.0727734565734863,296.0504150390625,271.0,700778.6875,160946.0,221365.69369971752,,
22356,11.785494804382324,123.0414810180664,1539.0,552526.25,160628.0,147026.23182833195,,
22358,8.442708015441895,111.0556640625,1107.0,257772.9375,160608.0,27537.341559380293,,
22373,1.4158177375793457,256.1670227050781,185.0,257644.84375,160480.0,55359.18933038041,,
22382,1.66134512424469,244.19058227539062,217.0,257570.328125,160406.0,68561.86587806998,,
22384,13.531463623046875,114.0914077758789,1763.0,454017.875,160397.0,98774.57131379843,,
22390,3.8537650108337402,250.99017333984375,505.0,2023391.625,160337.0,458935.8755760193,,
22395,8.98556900024414,715.0689697265625,1177.0,257460.484375,160296.0,22886.763985159807,15823,2H2
22411,11.369743347167969,269.0869445800781,1485.0,257358.125,160194.0,39090.95546526462,,
22421,14.060386657714844,338.341796875,1831.0,257279.078125,160115.0,43058.0643992722,,
22441,8.442708015441895,202.1085968017578,1107.0,257121.796875,159957.0,14942.678603259847,,
22448,12.950613975524902,292.01397705078125,1689.0,257074.484375,159910.0,55699.484577417374,,
22454,13.62479019165039,214.08702087402344,1775.0,329977.90625,159855.0,122252.75334125757,,
22457,16.394214630126953,166.064697265625,2129.0,534931.0,159823.0,111911.93133711815,,
22464,10.841513633728027,714.0791625976562,1417.0,256899.34375,159735.0,21497.152709540213,22464,
22467,21.197341918945312,85.0765609741211,2743.0,256888.25,159724.0,45751.95489662886,,
22486,10.063700675964355,711.04736328125,1317.0,256768.140625,159604.0,13666.204601451755,,
22509,6.3143310546875,141.0858917236328,829.0,256594.515625,159430.0,16420.045448545367,,
22514,6.134132385253906,171.11117553710938,805.0,353154.90625,159367.0,103376.86871805787,,
22521,6.753409385681152,312.0408020019531,887.0,256485.375,159321.0,39495.95368772745,,
22530,10.780282974243164,336.0501708984375,1409.0,256452.390625,159288.0,69551.09089511633,,
22537,10.572868347167969,707.0886840820312,1383.0,256385.15625,159221.0,24070.61951163411,,
22543,8.442708015441895,148.08714294433594,1107.0,256367.9375,159203.0,16603.87211951986,,
22609,2.3447113037109375,213.10012817382812,307.0,255764.921875,158600.0,55321.54593607038,1264,13C1
22621,0.4751972258090973,296.05181884765625,61.0,483129.625,158548.0,145630.8034432158,,
22627,10.217362403869629,717.0789794921875,1337.0,255671.90625,158507.0,18572.455363824964,,
22629,16.191646575927734,367.09967041015625,2103.0,255655.765625,158491.0,62032.18352782726,,
22636,16.662906646728516,164.0680694580078,2163.0,1578791.25,158422.0,364236.41429805756,,
22668,10.450453758239746,709.0914306640625,1367.0,255349.84375,158185.0,19349.5648380816,,
22669,7.212599754333496,171.11117553710938,947.0,540287.5625,158176.0,168829.40403729677,,
22675,8.192676544189453,112.1078109741211,1075.0,349981.4375,158155.0,60013.37773543596,,
22696,3.9143521785736084,97.0765151977539,513.0,298382.09375,158024.0,50991.332121655345,,
22697,0.053039807826280594,69.07062530517578,7.0,255185.828125,158021.0,40541.504367982096,,
22707,24.93921661376953,90.0919418334961,3223.0,255090.796875,157926.0,67697.08981859684,,
22708,18.681547164916992,114.0914077758789,2421.0,492373.65625,157922.0,91254.70782876015,,
22709,18.744230270385742,309.0404968261719,2429.0,255085.53125,157921.0,36781.621419906616,,
22710,17.319889068603516,123.0414810180664,2247.0,1138279.5,157915.0,323520.16656446457,,
22715,14.662541389465332,823.9891357421875,1909.0,255019.90625,157855.0,25983.679343924858,6448,13C1
22719,1.4309091567993164,211.1095428466797,187.0,254971.15625,157807.0,61014.37800248258,,
22730,8.003413200378418,296.0474548339844,1051.0,254915.09375,157751.0,45619.310968101025,,
22742,6.631451606750488,153.07736206054688,871.0,260172.859375,157627.0,22107.368068136275,,
22748,9.216774940490723,719.0625610351562,1207.0,254751.203125,157587.0,22665.74296209216,,
22761,10.683023452758789,719.0420532226562,1397.0,254668.96875,157504.0,21467.836493477225,,
22768,7.304399013519287,194.0845489501953,959.0,294655.09375,157466.0,64752.61412778497,,
22800,2.3754444122314453,296.0448303222656,311.0,7139693.5,157171.0,1249633.228946209,22800,
22815,0.08720829337835312,232.12010192871094,11.0,254234.328125,157070.0,27787.77925982268,1383,13C1
22816,10.094208717346191,715.0431518554688,1321.0,254220.34375,157056.0,18172.661458402872,,
22817,1.8149670362472534,207.05838012695312,237.0,254211.03125,157047.0,81753.81049920747,,
22838,10.048443794250488,715.0836791992188,1315.0,254082.03125,156918.0,15730.039169311523,29430,13C1
22850,9.30920124053955,709.0867919921875,1219.0,253956.578125,156792.0,16031.906152501702,,
22855,13.437811851501465,215.09275817871094,1751.0,253917.328125,156753.0,68184.79802635312,,
22884,9.740004539489746,212.09255981445312,1275.0,1333301.5,156521.0,443270.60882377625,,
22890,13.59334659576416,214.0919952392578,1771.0,548692.5,156485.0,153465.90135288239,,
22901,6.631451606750488,197.10317993164062,871.0,253541.734375,156377.0,19712.62503425032,,
22905,10.572868347167969,875.083984375,1383.0,253508.484375,156344.0,17092.568488508463,,
22923,9.015832901000977,711.0628662109375,1181.0,253373.046875,156209.0,26136.606155142188,,
22935,1.0359975099563599,234.078857421875,135.0,253248.03125,156084.0,95103.11538976431,,
22938,7.746910572052002,296.04510498046875,1017.0,874871.75,156057.0,207649.65382277966,,
22962,9.30920124053955,715.0479736328125,1219.0,253068.71875,155904.0,19135.75420099497,,
22995,10.716060638427734,719.0421752929688,1401.0,252892.421875,155728.0,21467.836493477225,,
23004,5.116604328155518,250.98390197753906,671.0,442153.0625,155678.0,168435.47241264582,,
23006,9.55544376373291,713.086181640625,1251.0,252838.109375,155674.0,27605.650369867682,,
23045,8.288373947143555,171.11117553710938,1087.0,586620.8125,155408.0,148674.47723853588,,
23061,2.985398292541504,250.99124145507812,391.0,573844.625,155323.0,202794.94758984447,,
23065,18.744230270385742,141.07675170898438,2429.0,252438.3125,155274.0,19493.514892309904,,
23067,9.586030960083008,70.06587219238281,1255.0,252427.546875,155263.0,66210.13620340824,,
23083,9.324530601501465,715.0482788085938,1221.0,252345.625,155181.0,23044.673982441425,,
23086,3.47255539894104,265.0053405761719,455.0,378790.65625,155166.0,109954.4946833551,,
23092,2.329555034637451,258.1680603027344,305.0,252305.53125,155141.0,75165.62793060305,,
23104,12.668559074401855,212.09666442871094,1653.0,1074516.75,155025.0,270635.8722538948,,
23113,5.070729732513428,125.0822525024414,665.0,358655.90625,154977.0,73544.46661889553,,
23121,0.1223163902759552,244.02371215820312,15.0,252090.28125,154926.0,27099.47640299832,,
23125,4.188700199127197,269.0335388183594,549.0,252049.21875,154885.0,50560.067118763924,,
23169,10.918277740478516,711.0877075195312,1427.0,251725.546875,154561.0,10733.045106982114,,
23177,3.975297689437866,212.09600830078125,521.0,3799083.75,154524.0,806779.6852140427,,
23190,3.1678199768066406,341.10638427734375,415.0,703236.1875,154465.0,141469.6179855466,,
23214,5.222926139831543,296.04644775390625,685.0,2511624.25,154272.0,420988.1379086971,,
23217,1.799925446510315,193.14373779296875,235.0,251402.5625,154238.0,84069.06538140052,,
23223,7.80800199508667,250.9923095703125,1025.0,273589.28125,154149.0,80913.07987594604,,
23235,10.746758460998535,336.0563659667969,1405.0,251202.59375,154038.0,57427.884334266186,,
23251,10.109933853149414,717.0792846679688,1323.0,251083.734375,153919.0,17355.564839035273,,
23254,4.538385391235352,309.0404968261719,595.0,251063.609375,153899.0,36698.245311915874,,
23273,8.50329875946045,296.0423583984375,1115.0,250921.625,153757.0,80200.28999882936,,
23276,24.908245086669922,165.06710815429688,3219.0,311638.78125,153748.0,58302.918321192265,14610,13C1
23286,8.442708015441895,108.05598449707031,1107.0,250852.75,153688.0,20220.23011111468,,
23293,10.41693115234375,162.11268615722656,1363.0,3732186.25,153651.0,1409202.539384067,23293,
23308,10.762051582336426,499.0514831542969,1407.0,250680.0625,153516.0,29685.781536966562,,
23310,18.744230270385742,138.06602478027344,2429.0,250678.4375,153514.0,25351.73077261448,,
23321,14.87934398651123,250.9923095703125,1937.0,250534.671875,153370.0,141865.66441386938,,
23327,7.563916206359863,98.07965087890625,993.0,258200.6875,153310.0,13771.484466785972,7321,2H3
23339,4.157942295074463,171.11293029785156,545.0,1383067.125,153237.0,253515.79206192493,,
23344,12.950613975524902,212.09683227539062,1689.0,1011871.4375,153211.0,264337.8813331127,,
23345,8.442708015441895,165.07723999023438,1107.0,250374.3125,153210.0,13890.222359114327,,
23357,0.08720829337835312,160.09693908691406,11.0,250285.640625,153121.0,39495.53510426078,,
23359,5.085848331451416,269.03466796875,667.0,250260.734375,153096.0,50101.50927147269,,
23388,10.95192813873291,195.0488739013672,1431.0,249954.53125,152790.0,86157.43922253512,,
23390,3.365928888320923,250.9858856201172,441.0,2717012.25,152760.0,614984.4551945925,,
23412,11.448118209838867,120.06575775146484,1495.0,249771.890625,152607.0,98847.49688212574,,
23416,0.08720829337835312,182.07763671875,11.0,249728.15625,152564.0,17214.260339474196,,
23421,9.078947067260742,711.0821533203125,1189.0,249719.09375,152555.0,22503.415440827608,,
23430,22.830202102661133,101.0712890625,2953.0,260124.4375,152498.0,77102.77811551094,,
23442,4.873020648956299,354.0513916015625,639.0,249537.15625,152373.0,65920.27249482274,,
23456,17.965791702270508,250.99017333984375,2329.0,1197084.0,152303.0,273802.54120874405,,
23467,5.3903021812438965,296.0476989746094,707.0,1401974.625,152251.0,312342.4222064018,,
23468,2.527988910675049,250.99124145507812,331.0,590197.8125,152246.0,249757.4408199787,,
23490,11.151985168457031,303.1181945800781,1457.0,249288.546875,152124.0,40124.065172118135,,
23503,9.617087364196777,158.11758422851562,1259.0,277065.71875,152006.0,93292.26494929194,,
23510,1.9968031644821167,256.1778869628906,261.0,249088.921875,151924.0,89982.90906834276,,
23519,3.1225016117095947,214.09115600585938,409.0,739346.5625,151858.0,152163.98093646765,,
23529,9.20149040222168,719.0525512695312,1205.0,248921.875,151757.0,20477.74763584137,,
23542,0.18265554308891296,324.07415771484375,23.0,248815.71875,151651.0,57474.8529622443,,
23550,1.8907372951507568,283.1756896972656,247.0,248727.765625,151563.0,74720.31924725097,,
23556,4.401540279388428,104.07099151611328,577.0,1321279.25,151516.0,287774.03832912445,,
23560,6.631451606750488,184.10813903808594,871.0,248649.203125,151485.0,19035.195760350674,,
23581,2.741374969482422,341.10479736328125,359.0,1237080.625,151351.0,184848.718200624,,
23582,12.339335441589355,159.0764923095703,1611.0,248496.546875,151332.0,76669.23802411556,,
23593,3.3503165245056152,73.07672119140625,439.0,443730.40625,151288.0,92729.84765082598,,
23600,9.048603057861328,715.07421875,1185.0,248417.625,151253.0,27679.637381402776,3552,2H2
23601,16.443281173706055,141.05078125,2135.0,864508.25,151243.0,161857.47231769562,,
23624,7.105679512023926,212.09339904785156,933.0,3380082.25,151067.0,890154.7339816093,23624,
23657,14.339997291564941,75.05589294433594,1867.0,439090.375,150836.0,95604.19085609913,,
23694,21.165456771850586,166.064697265625,2739.0,583965.125,150605.0,108045.90676903725,,
23709,10.746758460998535,79.45030975341797,1405.0,248670.546875,150507.0,60865.38611608744,,
23727,6.692632675170898,296.0478210449219,879.0,840898.75,150322.0,186746.4072573781,,
23736,2.3754444122314453,296.0516662597656,311.0,247425.46875,150261.0,140827.2775528878,,
23737,0.03785240650177002,216.09445190429688,5.0,249887.578125,150258.0,34360.79204519442,5,13C2
23742,9.832514762878418,717.0789794921875,1287.0,247390.734375,150226.0,21510.834255307913,,
23743,4.188700199127197,284.19781494140625,549.0,247381.75,150217.0,45150.506422936916,,
23750,23.237640380859375,199.0417022705078,3005.0,247335.5,150171.0,75418.89694648981,,
23752,10.66769790649414,709.0916748046875,1395.0,247327.390625,150163.0,17107.396742135286,,
23760,7.943938255310059,118.07715606689453,1043.0,272742.21875,150104.0,44946.853130698204,,
23765,10.841513633728027,719.0421752929688,1417.0,247236.78125,150072.0,19255.55876382906,,
23807,9.015832901000977,713.0768432617188,1181.0,246941.953125,149777.0,21826.530935645103,,
23831,5.663848400115967,341.1046447753906,743.0,246738.65625,149574.0,59178.20171958208,,
23836,14.647592544555664,708.9955444335938,1907.0,246668.546875,149504.0,39967.16083646298,,
23859,6.359614372253418,214.0919952392578,835.0,395835.53125,149365.0,84122.87373578548,,
23865,16.191646575927734,214.0919952392578,2103.0,494771.46875,149329.0,211454.5504734516,,
23874,11.136696815490723,164.06521606445312,1455.0,336120.5,149242.0,120233.1071510315,23874,
23888,5.466332912445068,75.05589294433594,717.0,246300.75,149136.0,78850.63980060816,,
23899,10.810859680175781,719.0418090820312,1413.0,246237.859375,149073.0,18877.005616813898,,
23903,10.324810981750488,874.0850219726562,1351.0,246231.203125,149067.0,19388.40848276019,11302,13C3
23907,3.1527366638183594,214.09031677246094,413.0,1109390.75,149017.0,210921.26289224625,,
23924,10.780282974243164,707.089599609375,1409.0,246065.734375,148901.0,19489.937297463417,,
23932,24.908245086669922,141.05213928222656,3219.0,512601.09375,148853.0,177191.14391207695,,
23954,0.022458789870142937,151.1116485595703,3.0,245839.5625,148675.0,29202.548296436435,,
23961,3.3503165245056152,296.0489501953125,439.0,1877635.875,148636.0,708903.8770984411,,
23966,16.238197326660156,180.0440673828125,2109.0,474720.875,148609.0,82039.67206668854,,
24025,4.720658779144287,309.0403137207031,619.0,245303.78125,148139.0,55220.31340551376,,
24050,3.670520544052124,250.99124145507812,481.0,681880.5,147940.0,204892.01066052914,,
24067,2.3447113037109375,341.1013488769531,307.0,930405.1875,147880.0,194186.59284451604,,
24078,17.666202545166016,367.0977783203125,2291.0,648721.6875,147787.0,150342.79214334488,,
24087,18.744230270385742,156.07672119140625,2429.0,244902.328125,147738.0,21322.16625994444,,
24094,8.815582275390625,296.0423583984375,1155.0,244881.453125,147717.0,49225.40497285128,,
24099,0.053039807826280594,169.12228393554688,7.0,244803.859375,147639.0,28116.8033337135,,
24117,10.247918128967285,223.06373596191406,1341.0,244684.0625,147520.0,113008.0487825945,,
24123,8.192676544189453,212.09750366210938,1075.0,1577049.875,147442.0,592923.5546474457,,
24161,10.762051582336426,870.0813598632812,1407.0,244346.046875,147182.0,25974.62581653893,24161,
24167,10.247918128967285,719.0423583984375,1341.0,244300.234375,147136.0,17569.56818804145,,
24168,11.785494804382324,212.09765625,1539.0,629207.875,147135.0,180188.46703338623,,
24176,4.051361560821533,114.09173583984375,531.0,427191.4375,147080.0,71902.48548772931,,
24192,0.565875768661499,247.16676330566406,73.0,244163.453125,146999.0,60390.149744126946,,
24209,13.10993480682373,250.99017333984375,1709.0,2004271.375,146898.0,820726.2797970772,,
24225,15.277798652648926,114.0914077758789,1987.0,486365.8125,146788.0,92878.4357970953,,
24265,10.683023452758789,877.074951171875,1397.0,243716.703125,146552.0,16146.513655155897,7664,13C2
24304,9.971494674682617,709.0557861328125,1305.0,243456.453125,146292.0,20335.252157077193,,
24311,5.1009626388549805,354.04986572265625,669.0,243404.9375,146240.0,37033.72645170987,,
24336,8.660462379455566,309.0404968261719,1135.0,243239.9375,146075.0,39776.26129439473,,
24340,0.22784480452537537,239.13909912109375,29.0,243218.203125,146054.0,44142.08285941463,,
24354,23.36324119567871,212.0950469970703,3021.0,681450.8125,145978.0,149960.31716012955,,
24364,4.447312831878662,309.0419616699219,583.0,243112.171875,145948.0,41984.390117660165,,
24372,14.63259506225586,465.91961669921875,1905.0,243048.921875,145884.0,34526.19219945115,,
24379,2.2993404865264893,205.10751342773438,301.0,243028.578125,145864.0,37324.11749686417,,
24400,10.078944206237793,715.0428466796875,1319.0,242894.109375,145730.0,18172.661458402872,,
24409,2.2842845916748047,382.20733642578125,299.0,242792.640625,145628.0,18053.597722881357,,
24414,19.4798526763916,250.9858856201172,2523.0,1476232.5,145610.0,400054.4538831711,,
24417,7.105679512023926,296.04498291015625,933.0,1067761.5,145601.0,199908.62843823433,,
24418,3.000523090362549,296.0504150390625,393.0,571768.3125,145600.0,191693.95010858774,,
24421,9.109748840332031,709.0828857421875,1193.0,242749.78125,145585.0,29033.093368589878,,
24429,8.95518970489502,713.0714721679688,1173.0,242674.171875,145510.0,14485.509669214487,,
24435,6.22420072555542,143.0809326171875,817.0,242650.9375,145486.0,47935.254240870476,,
24449,3.7316722869873047,73.07672119140625,489.0,445982.28125,145392.0,86474.7892575562,,
24450,18.964008331298828,214.08702087402344,2457.0,435637.09375,145388.0,129629.9991569519,,
24460,10.542216300964355,719.0423583984375,1379.0,242503.453125,145339.0,16522.308070138097,,
24463,5.496526718139648,296.0437316894531,721.0,1574420.125,145325.0,324213.6421172619,,
24491,4.888128757476807,269.0335388183594,641.0,242324.375,145160.0,40046.95238569379,,
24529,10.557538986206055,707.089111328125,1381.0,242037.90625,144873.0,24070.61951163411,,
24536,10.872174263000488,717.0427856445312,1421.0,241978.0625,144814.0,21906.923106312985,,
24541,19.121854782104492,74.09712982177734,2477.0,726489.4375,144763.0,227062.91231632233,,
24552,5.405426979064941,269.0349426269531,709.0,241863.5,144699.0,31603.33301845193,,
24599,4.888128757476807,354.0516662597656,641.0,241558.078125,144394.0,30590.426919206977,,
24605,4.416631698608398,212.09422302246094,579.0,3626174.5,144323.0,938377.9147510529,24605,
24612,5.8464179039001465,296.0409851074219,767.0,241430.515625,144266.0,81458.88600599766,,
24616,9.015832901000977,711.078125,1181.0,241413.34375,144249.0,21258.490285485983,,
24649,9.078947067260742,167.05410766601562,1189.0,241163.140625,143999.0,59047.458789560944,,
24654,4.873020648956299,104.07099151611328,639.0,1482209.875,143967.0,272729.0656377077,,
24673,8.442708015441895,206.1036376953125,1107.0,241046.234375,143882.0,13740.1927617006,,
24680,9.432205200195312,711.0872192382812,1235.0,240978.5,143814.0,19074.95128811896,,
24692,9.786550521850586,717.0435180664062,1281.0,240911.96875,143747.0,16576.583622157574,,
24695,23.33101463317871,60.04515838623047,3017.0,718373.375,143709.0,266659.56037306786,,
24699,0.3382815718650818,270.15032958984375,43.0,240837.46875,143673.0,73183.68571895175,,
24735,5.1009626388549805,174.13641357421875,669.0,240582.84375,143418.0,57948.10845935345,,
24738,10.700756072998047,872.0623779296875,1399.0,240549.78125,143385.0,17619.568827450275,,
24739,14.060386657714844,250.99124145507812,1831.0,584934.8125,143384.0,213792.74997782707,,
24744,16.78752326965332,367.0999755859375,2179.0,240515.21875,143351.0,28189.571104586124,,
24745,4.46237325668335,292.01666259765625,585.0,240515.328125,143351.0,48949.80642995238,,
24764,10.810859680175781,707.0892333984375,1413.0,240404.515625,143240.0,26235.96838787617,,
24771,0.19772207736968994,296.0545349121094,25.0,240351.78125,143187.0,91046.29420263882,,
24787,10.826194763183594,609.0580444335938,1415.0,240263.8125,143099.0,33377.26421751082,,
24789,12.684032440185547,212.09339904785156,1655.0,788446.1875,143085.0,235468.48818206787,,
24804,2.329555034637451,276.1966247558594,305.0,240138.796875,142974.0,36898.55876022577,,
24812,3.8537650108337402,101.0712890625,505.0,258088.953125,142907.0,40833.293828591704,,
24815,7.5184831619262695,296.04632568359375,987.0,956593.875,142894.0,159333.35705053806,,
24845,18.744230270385742,163.09768676757812,2429.0,239904.890625,142740.0,18369.736139163375,,
24846,3.228792428970337,214.0919952392578,423.0,391040.71875,142739.0,97946.15196216106,,
24868,18.744230270385742,111.0556640625,2429.0,239768.171875,142604.0,38169.18049132824,,
24869,24.908245086669922,124.04171752929688,3219.0,539609.25,142598.0,174310.30539679527,,
24883,6.058870315551758,296.04498291015625,795.0,1555970.625,142486.0,254337.832767725,,
24911,2.6194779872894287,265.0052185058594,343.0,372119.5,142314.0,72550.65513166785,,
24925,11.600385665893555,97.99169921875,1515.0,361056.125,142240.0,106873.88989055157,,
24952,4.888128757476807,341.1014709472656,641.0,239274.4375,142110.0,45507.54809758067,,
24956,18.744230270385742,131.08157348632812,2429.0,239251.265625,142087.0,17912.990501523018,,
24965,10.902894973754883,715.0433349609375,1425.0,239209.484375,142045.0,10293.976564152632,,
24970,3.670520544052124,296.05029296875,481.0,520445.96875,142016.0,248062.1898508668,,
24974,0.9142441749572754,296.05303955078125,119.0,367971.125,141995.0,63803.850146219134,,
24999,11.369743347167969,212.09765625,1485.0,1139268.375,141810.0,555420.6580035686,24999,
25026,13.42237663269043,250.99124145507812,1749.0,621455.0625,141595.0,225491.40491843224,,
25067,9.078947067260742,715.052978515625,1189.0,238482.578125,141318.0,29169.267968133092,,
25077,18.99501609802246,123.0414810180664,2461.0,1029721.625,141269.0,359573.3791322708,,
25084,10.841513633728027,112.1170425415039,1417.0,295800.96875,141216.0,38664.35413753986,,
25093,2.6194779872894287,250.99017333984375,343.0,1794363.625,141154.0,408690.95053875446,,
25096,14.587573051452637,250.99124145507812,1899.0,650158.3125,141124.0,281704.66404509544,,
25114,4.888128757476807,269.0358581542969,641.0,238189.0625,141025.0,41947.49589392543,,
25115,4.416631698608398,212.0950469970703,579.0,4889589.0,141021.0,910338.0727152824,25115,
25123,3.3351542949676514,92.03740692138672,437.0,277564.6875,140971.0,53988.93917185068,,
25126,6.631451606750488,208.1211395263672,871.0,238127.328125,140963.0,21235.50631267391,,
25127,10.078944206237793,873.0870971679688,1319.0,238112.203125,140948.0,23507.095373615623,25127,
25137,10.386393547058105,873.0868530273438,1359.0,238049.96875,140885.0,21174.56527671218,25137,
25168,21.243478775024414,158.02684020996094,2749.0,237833.609375,140669.0,42999.14044010639,,
25176,4.720658779144287,309.041748046875,619.0,237770.078125,140606.0,56968.983101814985,,
25197,4.538385391235352,309.0419616699219,595.0,237662.0,140498.0,32838.37185254693,,
25199,10.140461921691895,719.072998046875,1327.0,237658.671875,140494.0,18750.61016508937,,
25208,6.631451606750488,111.0556640625,871.0,237619.5625,140455.0,35308.383512839675,,
25232,4.720658779144287,269.0357360839844,619.0,237516.3125,140352.0,38481.21394267678,,
25236,10.557538986206055,875.08447265625,1381.0,237496.328125,140332.0,17092.568488508463,26032,2H2
25240,9.078947067260742,709.0661010742188,1189.0,237489.390625,140325.0,26071.27309237793,25240,
25251,9.493858337402344,190.10739135742188,1243.0,237431.625,140267.0,37989.63928410411,,
25252,9.755375862121582,715.0836791992188,1277.0,237429.25,140265.0,17931.75267867744,5694,13C2
25274,3.92946457862854,96.08940887451172,515.0,341032.53125,140166.0,93268.31177298725,,
25282,2.329555034637451,174.11233520507812,305.0,237285.984375,140121.0,71316.84883286804,,
25288,6.028866291046143,212.09255981445312,791.0,731998.0625,140086.0,265356.3533730507,,
25314,24.160804748535156,74.09712982177734,3123.0,596012.4375,139929.0,234870.98397660255,,
25332,17.13357162475586,164.0679473876953,2223.0,1676307.75,139800.0,374571.11004161835,,
25345,6.07385778427124,62.06083297729492,797.0,357436.875,139744.0,109671.20405250788,,
25385,11.043774604797363,276.19775390625,1443.0,236671.796875,139507.0,99738.63530423492,,
25413,9.20149040222168,715.0791015625,1205.0,236527.609375,139363.0,25079.498237088323,2012,2H2
25436,2.2993404865264893,190.1080780029297,301.0,236390.53125,139226.0,91085.60474900156,,
25443,1.0511056184768677,292.01531982421875,137.0,236359.703125,139195.0,38739.062784805894,,
25453,4.903282642364502,354.0497131347656,643.0,236313.0625,139149.0,45765.73136769235,,
25472,11.339555740356445,286.10791015625,1481.0,484265.28125,139050.0,284352.13930502604,,
25486,10.8875093460083,713.0869140625,1423.0,236113.359375,138949.0,19910.55508287996,,
25493,10.557538986206055,711.0466918945312,1381.0,236053.53125,138889.0,27672.82310834527,,
25524,10.872174263000488,709.09130859375,1421.0,235902.21875,138738.0,10939.559105407447,5405,2H2
25552,10.340093612670898,719.0421752929688,1353.0,235697.359375,138533.0,16007.047275394201,,
25553,7.548811912536621,212.0983428955078,991.0,518780.40625,138509.0,175844.00672239065,25553,
25567,11.369743347167969,212.09255981445312,1485.0,776213.625,138408.0,217127.23935580254,,
25573,6.845037937164307,212.09339904785156,899.0,2704090.5,138375.0,606850.147231102,25573,
25584,2.0877630710601807,246.2060546875,273.0,235466.375,138302.0,66254.82733095065,,
25598,10.856867790222168,719.0735473632812,1419.0,235400.1875,138236.0,21551.336033946573,2894,2H3
25608,2.2842845916748047,292.13873291015625,299.0,235325.859375,138161.0,27495.967286712956,,
25629,16.662906646728516,214.0921173095703,2163.0,561987.875,138045.0,151962.00081419945,,
25632,0.08720829337835312,103.05078887939453,11.0,235187.453125,138023.0,16439.358844913077,,
25651,5.572592735290527,341.1049499511719,731.0,235054.703125,137890.0,30818.636452421546,,
25676,5.466332912445068,95.06074523925781,717.0,255133.703125,137754.0,88523.57092255354,,
25691,24.861785888671875,73.04023742675781,3213.0,234798.84375,137634.0,91786.2394169569,,
25696,2.1936120986938477,283.1385498046875,287.0,234774.5625,137610.0,55560.46951827966,,
25705,13.012310981750488,112.1087646484375,1697.0,235870.765625,137530.0,18447.986763507128,,
25717,23.315420150756836,60.06452560424805,3015.0,311415.84375,137426.0,97603.51411962509,,
25730,10.856867790222168,719.04248046875,1419.0,234543.78125,137379.0,19255.55876382906,,
25756,0.053039807826280594,83.04981231689453,7.0,234397.859375,137233.0,33917.16722279589,,
25793,9.18577766418457,717.0739135742188,1203.0,234213.671875,137049.0,17807.31220316887,,
25796,17.650720596313477,86.09703063964844,2289.0,234193.484375,137029.0,74953.22167742252,,
25798,9.771173477172852,715.0433349609375,1279.0,234191.03125,137027.0,13569.803579971194,,
25803,5.085848331451416,292.01654052734375,667.0,234152.828125,136988.0,47930.30086013675,,
25823,21.45956802368164,164.06521606445312,2777.0,707618.8125,136870.0,198740.6359257698,,
25840,22.705890655517578,118.08644104003906,2937.0,418395.625,136746.0,105417.93779957294,,
25845,4.629493236541748,269.0357360839844,607.0,233873.9375,136709.0,48171.96926921606,,
25863,9.493858337402344,212.09255981445312,1243.0,1725101.125,136527.0,595718.765619278,,
25866,5.7702555656433105,296.0423583984375,757.0,749354.25,136508.0,174185.0544730425,,
25877,18.979530334472656,367.08856201171875,2459.0,233612.09375,136448.0,42232.39108085632,,
25884,2.985398292541504,284.1991271972656,391.0,233561.96875,136397.0,64843.53430175781,,
25911,0.1374163031578064,94.06571197509766,17.0,249167.078125,136254.0,54480.252001111396,,
25917,0.19772207736968994,113.1155014038086,25.0,2857512.75,136240.0,735983.209862771,1015,13C1
25927,13.671273231506348,367.0979309082031,1781.0,546247.6875,136187.0,54433.408222436905,,
25970,0.5054429173469543,73.07672119140625,65.0,284301.1875,135989.0,51812.836894948035,,
25976,1.570322871208191,422.2342224121094,205.0,233139.265625,135975.0,18754.264971883385,,
26013,0.08720829337835312,83.0152359008789,11.0,329651.3125,135762.0,27594.18354867873,,
26026,10.450453758239746,707.0888671875,1367.0,232867.46875,135703.0,19533.813216403127,,
26029,2.4971976280212402,269.0323486328125,327.0,287064.21875,135692.0,59327.79825177789,,
26032,10.746758460998535,871.06689453125,1405.0,232846.875,135682.0,19977.459381058812,26032,
26038,10.048443794250488,717.078857421875,1315.0,232777.28125,135613.0,15516.644829541445,,
26039,10.542216300964355,707.08935546875,1379.0,232765.125,135601.0,24070.61951163411,,
26041,7.396002769470215,296.04632568359375,971.0,970122.1875,135585.0,294446.11558282375,,
26079,10.795577049255371,604.0628662109375,1411.0,232501.078125,135337.0,20058.36987797916,,
26092,4.264406204223633,212.09255981445312,559.0,694852.25,135250.0,284784.72974324226,,
26099,19.931386947631836,367.0904541015625,2581.0,498083.4375,135222.0,76850.7367181778,,
26106,18.89957046508789,367.0980529785156,2449.0,552972.875,135155.0,59818.03111791611,,
26109,11.245903015136719,254.1483154296875,1469.0,232297.15625,135133.0,38224.07513010502,1752,13C2
26119,5.724895477294922,296.04644775390625,751.0,2288791.75,135045.0,408304.88907694817,,
26128,14.355923652648926,250.99124145507812,1869.0,530483.3125,134973.0,160492.04777932167,,
26134,0.7174267768859863,296.0516662597656,93.0,470135.125,134929.0,205722.0565123111,,
26136,15.893003463745117,123.0414810180664,2065.0,786714.9375,134900.0,246585.90807414055,,
26145,18.26173973083496,367.0904541015625,2367.0,655928.125,134808.0,167050.61662125587,,
26147,9.84784984588623,112.1078109741211,1289.0,296374.5,134800.0,59656.5065523386,,
26165,21.228187561035156,95.0495834350586,2747.0,234069.4375,134701.0,37271.10075622797,,
26176,4.386396884918213,212.09255981445312,575.0,678358.6875,134632.0,246832.88987195492,,
26196,12.06161117553711,112.1087646484375,1575.0,248328.84375,134484.0,30800.404790863395,,
26229,14.70795726776123,250.99124145507812,1915.0,681673.0,134344.0,205777.05112171173,,
26230,9.63239574432373,165.1615753173828,1261.0,231499.34375,134335.0,65169.045192644,,
26241,22.56531524658203,367.0980529785156,2919.0,498335.4375,134240.0,55165.48868584633,,
26245,4.720658779144287,296.0504150390625,619.0,342427.65625,134230.0,142414.53168451786,,
26250,4.264406204223633,354.0516662597656,559.0,231358.296875,134194.0,25803.46368855238,,
26260,8.442708015441895,182.10394287109375,1107.0,231302.578125,134138.0,12774.336644008756,,
26265,0.022458789870142937,105.045166015625,3.0,231287.109375,134123.0,28524.45428432955,,
26274,11.600385665893555,259.1135559082031,1515.0,231227.84375,134063.0,65376.72633896407,2779,13C1
26288,9.23206901550293,709.0609741210938,1209.0,231149.8125,133985.0,23134.617284864187,,
26300,18.744230270385742,167.0928955078125,2429.0,231103.578125,133939.0,19731.682507276535,,
26315,9.124919891357422,711.05712890625,1195.0,230996.828125,133832.0,34771.38930421698,,
26351,21.197341918945312,125.07098388671875,2743.0,230783.4375,133619.0,33277.24210959673,,
26380,6.631451606750488,86.06058502197266,871.0,258199.296875,133470.0,68751.17434589565,,
26382,16.867908477783203,123.0414810180664,2189.0,932549.5625,133449.0,243426.10499095917,,
26400,3.5640006065368652,106.08670806884766,467.0,230465.171875,133301.0,45547.15322352946,,
26404,4.918407440185547,104.07099151611328,645.0,1477445.375,133285.0,270597.7074608803,,
26448,0.053039807826280594,85.02902221679688,7.0,230203.4375,133039.0,39025.02030899827,,
26453,9.063770294189453,709.06640625,1187.0,230171.078125,133007.0,21876.70959552005,,
26459,10.29426097869873,715.084228515625,1347.0,230140.5,132976.0,24838.922310739756,20716,13C1
26498,1.7692965269088745,156.1383514404297,231.0,229904.546875,132740.0,47789.526970078005,,
26502,1.8450562953948975,117.05492401123047,241.0,229898.1875,132734.0,97485.96106054098,,
26530,6.631451606750488,222.13504028320312,871.0,229717.265625,132553.0,15996.441235166043,,
26550,9.41690731048584,112.1078109741211,1233.0,276700.90625,132449.0,52245.332141608,,
26552,8.442708015441895,195.12416076660156,1107.0,229593.84375,132429.0,14961.548838235438,,
26573,21.474937438964844,95.08589172363281,2779.0,820261.875,132326.0,177587.41262960434,,
26579,13.702773094177246,112.1087646484375,1785.0,229471.40625,132307.0,20842.62766416371,,
26593,14.63259506225586,467.9228210449219,1905.0,229369.0,132205.0,19270.226010853425,,
26601,9.786550521850586,713.0458984375,1281.0,229301.796875,132137.0,16359.531291931868,,
26608,24.861785888671875,125.0379867553711,3213.0,768845.4375,132076.0,201941.29882621765,,
26619,12.950613975524902,239.1393585205078,1689.0,229184.8125,132020.0,42893.17897939682,,
26664,0.053039807826280594,103.07581329345703,7.0,228884.828125,131720.0,27065.433233513322,,
26673,9.033453941345215,715.0737915039062,1183.0,228808.71875,131644.0,18738.72342220694,6910,2H2
26696,0.18265554308891296,62.98240280151367,23.0,265006.5,131513.0,73531.79134231783,,
26701,0.08720829337835312,216.08326721191406,11.0,228639.484375,131475.0,24044.824342853623,26701,
26706,12.092080116271973,252.08340454101562,1579.0,228586.53125,131422.0,72176.6877823472,,
26710,9.109748840332031,711.0834350585938,1193.0,228571.40625,131407.0,30536.1042522192,5772,2H2
26711,6.9368767738342285,296.04632568359375,911.0,1096403.125,131404.0,193571.34560775757,,
26731,10.450453758239746,872.0623779296875,1367.0,228433.96875,131269.0,15572.235288515687,,
26745,2.3144114017486572,240.14389038085938,303.0,228348.5625,131184.0,38572.9126881063,9968,13C1
26756,7.319602966308594,141.031005859375,961.0,228272.28125,131108.0,63453.74016135931,,
26759,12.981470108032227,212.09600830078125,1693.0,1623558.75,131103.0,520451.7464644909,,
26781,18.199989318847656,214.08702087402344,2359.0,407629.5625,130988.0,123348.3760330677,,
26792,17.13357162475586,114.09173583984375,2223.0,488838.15625,130917.0,90863.52094841003,,
26797,5.253167629241943,269.03466796875,689.0,228065.546875,130901.0,37284.51876154542,,
26802,14.647592544555664,460.987060546875,1907.0,228036.359375,130872.0,13133.765767779667,,
26825,21.072500228881836,164.06521606445312,2727.0,611482.75,130758.0,219037.70118427277,,
26833,18.744230270385742,179.09274291992188,2429.0,227879.0625,130715.0,18386.208413809538,,
26846,1.6764428615570068,226.17982482910156,219.0,227804.703125,130640.0,77625.43011616135,,
26863,7.089977741241455,212.09750366210938,931.0,1507308.5,130535.0,506637.33980607986,26863,
26883,2.8176724910736084,296.0504150390625,369.0,688008.0625,130441.0,272411.4122414589,,
26890,15.180473327636719,112.1087646484375,1975.0,227582.546875,130418.0,10483.419844981283,,
26901,22.47128677368164,250.99017333984375,2907.0,1100545.75,130394.0,249312.364153862,,
26907,1.2031004428863525,296.0396423339844,157.0,431618.90625,130373.0,140580.66090625525,,
26915,10.186300277709961,709.091552734375,1333.0,227496.328125,130332.0,14766.751775994897,,
26934,19.072959899902344,214.08702087402344,2471.0,439414.34375,130208.0,179677.56294369698,,
27013,2.3754444122314453,214.0919952392578,311.0,404952.46875,129782.0,109877.28161492944,,
27028,2.329555034637451,123.04037475585938,305.0,226856.578125,129692.0,59646.410351768136,,
27043,7.594063758850098,296.04644775390625,997.0,875292.5,129609.0,118017.48222833872,,
27055,6.14907169342041,250.98390197753906,807.0,375800.84375,129536.0,141557.73639196157,,
27121,0.6270253658294678,292.0138244628906,81.0,226363.5,129199.0,54244.71861519106,,
27125,9.00070571899414,711.0784912109375,1179.0,226322.96875,129158.0,17337.090746499598,25240,2H2
27142,11.261022567749023,112.1087646484375,1471.0,238577.625,129065.0,25890.61066517234,,
27162,17.761844635009766,94.04560852050781,2303.0,379256.3125,128929.0,141828.7214654684,,
27173,10.762051582336426,605.0556030273438,1407.0,226025.125,128861.0,35956.800213185605,27173,
27178,0.2128095030784607,296.0409851074219,27.0,1402559.0,128844.0,555566.5727161128,,
27220,19.072959899902344,367.08856201171875,2471.0,225758.484375,128594.0,79192.59363412857,,
27226,1.8149670362472534,218.21151733398438,237.0,225732.953125,128568.0,48039.01150147617,,
27243,10.371063232421875,872.062744140625,1357.0,225650.296875,128486.0,22940.59238372743,,
27339,1.7692965269088745,184.1698760986328,231.0,225107.421875,127943.0,123468.54831373098,,
27354,18.557729721069336,124.04134368896484,2405.0,522576.71875,127892.0,113694.18689227104,,
27367,6.692632675170898,250.98390197753906,879.0,432818.28125,127826.0,152036.50984537601,,
27372,9.355613708496094,711.05224609375,1225.0,224959.328125,127795.0,16072.509210169315,,
27379,2.1936120986938477,146.1177215576172,287.0,224918.03125,127754.0,43473.09440612607,,
27387,16.425334930419922,122.07142639160156,2133.0,224876.828125,127712.0,30359.340515702963,,
27401,24.908245086669922,180.04470825195312,3219.0,532203.875,127639.0,116629.62000441551,,
27408,10.386393547058105,707.0888671875,1359.0,224732.609375,127568.0,19245.957643389702,,
27413,5.496526718139648,296.0423583984375,721.0,779407.25,127553.0,177086.29329752922,,
27427,1.799925446510315,112.10621643066406,235.0,224624.8125,127460.0,23438.86207746528,27427,
27440,0.10716649144887924,259.14501953125,13.0,224565.90625,127401.0,33173.67715134918,,
27452,18.09076499938965,250.9858856201172,2345.0,1717359.625,127339.0,540032.9458007812,,
27460,19.635711669921875,214.08702087402344,2543.0,427848.21875,127278.0,123095.12819242477,,
27464,10.780282974243164,713.0409545898438,1409.0,224429.15625,127265.0,15227.944607079029,,
27507,18.744230270385742,127.08650970458984,2429.0,224229.4375,127065.0,19915.055872917175,,
27513,8.909156799316406,292.01129150390625,1167.0,224194.53125,127030.0,48426.91353356838,,
27519,4.431717395782471,309.0415954589844,581.0,224161.390625,126997.0,44421.28753219545,,
27520,8.050867080688477,212.09765625,1057.0,1277210.75,126992.0,384050.5701136589,,
27524,10.557538986206055,709.0916748046875,1381.0,224146.84375,126982.0,16703.01866339147,,
27561,16.066518783569336,367.0980529785156,2087.0,667558.125,126823.0,72492.35779821873,,
27570,1.6312286853790283,251.18544006347656,213.0,223942.53125,126778.0,39056.63086022157,,
27571,10.66769790649414,872.0623779296875,1395.0,223936.796875,126772.0,17619.568827450275,,
27586,8.940025329589844,713.0667114257812,1171.0,223857.5625,126693.0,13187.614463984966,,
27603,7.563916206359863,176.09291076660156,993.0,223795.265625,126631.0,14147.299128443003,,
27608,1.6462889909744263,289.2480773925781,215.0,223789.25,126625.0,65719.5318686571,,
27613,4.918407440185547,272.9703369140625,645.0,223771.1875,126607.0,40195.63174007833,,
27616,6.631451606750488,152.09295654296875,871.0,223762.921875,126598.0,18296.58738727169,,
27624,12.777326583862305,112.1170425415039,1667.0,250436.1875,126548.0,29281.40605261922,,
27625,5.299044609069824,341.10479736328125,695.0,223706.75,126542.0,32564.84039092064,,
27627,2.2842845916748047,354.1752014160156,299.0,223683.90625,126519.0,33527.19011183549,,
27632,9.23206901550293,719.0519409179688,1209.0,223644.78125,126480.0,21453.64719066024,,
27639,6.692632675170898,171.11117553710938,879.0,431351.0,126449.0,101126.55462169647,,
27665,11.136696815490723,165.06710815429688,1455.0,223502.625,126338.0,38259.21782305837,23874,13C1
27673,20.445621490478516,367.0904541015625,2647.0,513584.40625,126252.0,87769.3702120781,,
27678,13.62479019165039,296.0436096191406,1775.0,223396.90625,126232.0,84747.96544143558,,
27696,18.821224212646484,274.9589538574219,2439.0,223304.546875,126140.0,80812.1232766658,,
27713,0.10716649144887924,100.1124267578125,13.0,308727.09375,126033.0,34707.08570023654,,
27715,8.442708015441895,112.1078109741211,1107.0,319719.0,126021.0,47171.0263826251,,
27732,18.821224212646484,257.9355163574219,2439.0,527388.8125,125938.0,339226.7503729528,,
27749,3.1527366638183594,214.09115600585938,413.0,714414.75,125847.0,149098.58174222708,,
27792,19.557737350463867,214.0919952392578,2533.0,562824.5625,125607.0,185792.30747199059,,
27829,9.216774940490723,709.0612182617188,1207.0,222599.828125,125435.0,19726.12506824732,,
27856,4.720658779144287,250.9923095703125,619.0,272064.25,125298.0,109472.82486897707,,
27862,10.048443794250488,164.1109161376953,1315.0,222440.59375,125276.0,46857.97496330738,,
27877,10.29426097869873,875.0846557617188,1347.0,222347.265625,125183.0,14232.34813451767,,
27879,21.197341918945312,99.06681060791016,2743.0,222330.109375,125166.0,25243.89071249962,,
27881,4.29513692855835,212.09750366210938,563.0,975256.1875,125163.0,315137.8385181427,,
27886,4.416631698608398,171.11293029785156,579.0,1383009.25,125135.0,252274.33071112633,,
27916,4.447312831878662,171.11410522460938,583.0,619002.25,124969.0,208644.00929743052,,
27917,9.586030960083008,709.0564575195312,1255.0,222119.890625,124955.0,20010.699060991406,,
27919,10.746758460998535,713.0912475585938,1405.0,222112.53125,124948.0,9668.59906348586,,
27925,18.805822372436523,60.04515838623047,2437.0,394364.25,124917.0,131520.93859505653,,
27927,13.671273231506348,250.99124145507812,1781.0,551561.1875,124916.0,170984.7456240654,,
27960,1.2333461046218872,268.0167541503906,161.0,221941.359375,124777.0,56588.271849133074,,
27973,1.3856720924377441,296.0408630371094,181.0,718582.0,124703.0,264152.5294700265,,
28037,1.9515035152435303,292.17755126953125,255.0,221560.0625,124396.0,40997.17741706595,,
28042,3.8537650108337402,124.08723449707031,505.0,413447.125,124364.0,85133.01012170315,,
28043,5.907392501831055,250.9923095703125,775.0,269391.03125,124356.0,100857.53897464275,,
28044,21.583837509155273,164.06521606445312,2793.0,734455.4375,124354.0,364967.7147603035,,
28056,10.4016752243042,711.091796875,1361.0,221436.265625,124272.0,15270.230744749308,,
28090,9.015832901000977,713.056396484375,1181.0,221262.375,124098.0,17902.882009081542,,
28094,3.457374095916748,341.1030578613281,453.0,980317.625,124062.0,136524.6727874279,,
28095,10.841513633728027,875.0846557617188,1417.0,221225.0,124061.0,15387.720273435349,26032,2H2
28099,0.08720829337835312,168.04364013671875,11.0,221212.59375,124048.0,13741.89400492281,,
28158,5.405426979064941,341.10479736328125,709.0,220971.015625,123807.0,32155.405366927385,,
28159,21.197341918945312,125.0822525024414,2743.0,220967.578125,123803.0,37105.44933998585,,
28183,1.7542006969451904,246.24241638183594,229.0,220820.0,123656.0,76894.14797405526,,
28214,4.903282642364502,212.09666442871094,643.0,2508228.25,123469.0,541918.7271418571,28214,
28217,9.20149040222168,717.0487670898438,1205.0,220604.203125,123440.0,20250.548055648804,,
28222,1.6764428615570068,288.2511901855469,219.0,220574.390625,123410.0,53334.733132869005,,
28225,0.03785240650177002,214.09451293945312,5.0,778117.125,123402.0,85653.77955523529,,
28229,3.807894706726074,269.03466796875,499.0,421617.25,123381.0,84410.45280359685,,
28241,16.425334930419922,75.05589294433594,2133.0,453913.0,123323.0,107973.60492444038,,
28250,7.928513526916504,239.14120483398438,1041.0,220456.4375,123292.0,42536.70659375191,,
28251,10.557538986206055,719.0418090820312,1381.0,220448.328125,123284.0,16522.308070138097,,
28274,8.160161972045898,239.14120483398438,1071.0,220324.59375,123160.0,51001.204183876514,,
28279,1.8149670362472534,64.01651763916016,237.0,371541.75,123145.0,100010.21025391668,,
28289,0.03785240650177002,111.08080291748047,5.0,220253.296875,123089.0,25895.60785646824,,
28301,10.078944206237793,875.083984375,1319.0,220183.78125,123019.0,12630.49883569777,,
28306,11.463240623474121,180.04470825195312,1497.0,274721.40625,122992.0,79649.98119235039,,
28311,9.048603057861328,709.066650390625,1185.0,220129.359375,122965.0,21876.70959552005,,
28315,0.08720829337835312,60.08151626586914,11.0,220101.359375,122937.0,28661.95536185114,,
28325,1.2333461046218872,113.109375,161.0,228548.578125,122897.0,33741.374899469316,27427,13C1
28342,2.6038718223571777,341.0997314453125,341.0,559635.1875,122816.0,149705.9609825313,,
28357,1.477133870124817,274.2713623046875,193.0,600697.625,122762.0,209949.08991611935,,
28399,12.91681957244873,112.1087646484375,1685.0,219724.84375,122560.0,26871.986968003213,,
28412,10.542216300964355,715.0482788085938,1379.0,1051313.875,122533.0,75436.96062618494,,
28429,10.700756072998047,719.0416870117188,1399.0,219623.890625,122459.0,21467.836493477225,,
28441,8.442708015441895,232.11996459960938,1107.0,219571.109375,122407.0,17329.381628617644,20516,13C1
28454,4.796750068664551,309.0401306152344,629.0,219492.703125,122328.0,30534.630609735847,,
28469,9.755375862121582,709.0560302734375,1277.0,219406.15625,122242.0,18187.561053723097,,
28493,10.465758323669434,711.092041015625,1369.0,219259.515625,122095.0,14396.52241833508,,
28497,18.137107849121094,214.0919952392578,2351.0,576165.5,122063.0,308669.55866885185,28497,
28503,9.863677024841309,715.0838623046875,1291.0,219211.125,122047.0,23316.0664229542,5694,13C2
28517,11.309367179870605,502.1582336425781,1477.0,219141.890625,121977.0,20320.599032284692,,
28529,6.464855194091797,212.09255981445312,849.0,695348.3125,121915.0,217502.11668276787,,
28566,8.95518970489502,713.0612182617188,1173.0,218926.203125,121762.0,18255.870689332252,,
28575,0.1374163031578064,73.08480834960938,17.0,223282.671875,121706.0,60167.215052862186,4001,2H3
28583,2.2842845916748047,197.1575164794922,299.0,218801.453125,121637.0,21326.896293402533,1265,13C1
28602,9.586030960083008,74.09712982177734,1255.0,582971.75,121531.0,137392.15340292454,,
28619,10.856867790222168,713.0872802734375,1419.0,218591.703125,121427.0,24718.69959267229,,
28625,18.744230270385742,169.10867309570312,2429.0,218570.453125,121406.0,15871.191912978888,,
28633,22.69036865234375,98.07164001464844,2935.0,293705.15625,121375.0,72638.37373661995,,
28638,10.557538986206055,872.062744140625,1381.0,218516.421875,121352.0,18035.785911619663,,
28675,16.474315643310547,296.04620361328125,2139.0,218351.375,121187.0,36738.37994837761,,
28698,8.690943717956543,296.04510498046875,1139.0,793896.5625,121124.0,159710.15188670158,,
28701,8.63005256652832,296.0423583984375,1131.0,218264.984375,121100.0,48021.310825288296,,
28707,18.199989318847656,64.01651763916016,2359.0,218239.296875,121075.0,81040.27721452713,,
28741,4.447312831878662,250.9923095703125,583.0,247613.5625,120937.0,125128.77474859357,,
28749,10.652402877807617,719.0418090820312,1393.0,218043.546875,120879.0,16812.10664397478,,
28754,24.783498764038086,119.0818099975586,3203.0,218013.234375,120849.0,34216.611289560795,,
28762,11.399836540222168,101.07156372070312,1489.0,217962.15625,120798.0,89150.83738300204,,
28775,13.10993480682373,112.1087646484375,1709.0,231647.859375,120720.0,25920.536786943674,,
28785,10.263219833374023,707.0885620117188,1343.0,217854.203125,120690.0,13961.08142362535,,
28791,11.369743347167969,314.14483642578125,1485.0,217826.1875,120662.0,49133.223738702945,,
28804,21.228187561035156,215.09530639648438,2747.0,217779.96875,120615.0,48494.58088076115,3759,13C1
28818,5.466332912445068,102.06649780273438,717.0,217719.375,120555.0,20117.516931787133,,
28828,8.253149032592773,112.1078109741211,1083.0,331608.3125,120510.0,50083.522520929575,,
28865,10.856867790222168,714.0796508789062,1419.0,217485.578125,120321.0,16758.54637801298,28865,
28877,13.061134338378906,250.98390197753906,1703.0,303484.875,120269.0,96966.69581222534,,
28885,5.511615753173828,269.0349426269531,723.0,217405.71875,120241.0,37312.95513792336,,
28886,10.856867790222168,713.041259765625,1419.0,217403.265625,120239.0,16501.159432766493,,
28899,9.216774940490723,717.0482177734375,1207.0,217352.125,120188.0,20250.548055648804,,
28915,4.447312831878662,284.1952209472656,583.0,217306.109375,120142.0,41892.52614334226,,
28919,5.283909320831299,296.0434875488281,693.0,1570793.625,120127.0,281946.6953008175,,
28923,7.943938255310059,112.1078109741211,1043.0,339607.6875,120117.0,44085.25540328026,,
28943,5.496526718139648,250.98390197753906,721.0,445510.15625,120026.0,167992.00657057762,,
28944,11.708039283752441,250.9921875,1529.0,259345.65625,120021.0,94727.98603129387,,
28956,6.98297643661499,72.0814208984375,917.0,217138.640625,119974.0,70166.03936885297,,
28961,5.816195011138916,309.0404968261719,763.0,217115.921875,119951.0,43466.514126196504,,
28969,22.56531524658203,250.99029541015625,2919.0,1069740.0,119914.0,354434.8355369568,,
28977,9.155363082885742,719.0631713867188,1199.0,217048.40625,119884.0,13702.832333505154,,
28978,10.826194763183594,872.062255859375,1415.0,217030.546875,119866.0,17964.97818332212,,
29000,16.709766387939453,367.0977783203125,2169.0,752144.0,119760.0,141701.04662895203,,
29004,2.2842845916748047,219.12274169921875,299.0,216902.890625,119738.0,24053.17838936225,,
29031,11.414925575256348,75.05589294433594,1491.0,360344.125,119624.0,84912.28989756107,,
29036,10.371063232421875,711.0921630859375,1357.0,216757.9375,119593.0,15270.230744749308,,
29048,5.663848400115967,296.0475769042969,743.0,1493288.0,119531.0,455743.02178120613,,
29064,1.0661847591400146,276.195556640625,139.0,216611.453125,119447.0,32831.55697225779,,
29067,9.078947067260742,709.081298828125,1189.0,216582.125,119418.0,21428.23117587343,,
29071,3.975297689437866,145.13348388671875,521.0,216577.890625,119413.0,55469.8779476505,,
29087,9.094088554382324,711.0570068359375,1191.0,216470.515625,119306.0,31060.999533768772,,
29104,9.755375862121582,717.0789794921875,1277.0,216346.875,119182.0,22346.453140735626,,
29133,3.5791420936584473,296.0423583984375,469.0,1652892.0,119014.0,374092.25936353207,,
29148,12.323922157287598,90.0919418334961,1609.0,216101.8125,118937.0,55364.480889081955,,
29149,17.540117263793945,214.0919952392578,2275.0,552150.9375,118932.0,178562.8267481327,29149,
29156,14.647592544555664,822.9739990234375,1907.0,216051.6875,118887.0,22447.462645508145,,
29158,0.7937449812889099,207.1240234375,103.0,216046.296875,118882.0,38496.407135086134,,
29197,9.540154457092285,713.0864868164062,1249.0,215890.0,118726.0,27605.650369867682,,
29203,1.2182420492172241,276.195556640625,159.0,215862.96875,118698.0,45599.14250670746,,
29234,10.872174263000488,712.0546264648438,1421.0,215705.765625,118541.0,14642.011227139272,12332,13C1
29235,13.23601245880127,367.0904541015625,1725.0,562106.75,118539.0,97113.26737213135,,
29245,4.188700199127197,341.1046447753906,549.0,581137.5625,118499.0,167297.64548525214,,
29268,10.700756072998047,711.0465698242188,1399.0,215564.890625,118400.0,23285.973428487778,,
29289,19.121854782104492,250.99124145507812,2477.0,376133.40625,118307.0,194785.6103823185,,
29303,9.617087364196777,709.056640625,1259.0,215394.34375,118230.0,20010.699060991406,,
29313,14.355923652648926,112.1087646484375,1869.0,215338.03125,118174.0,16870.370172441006,,
29320,11.785494804382324,164.06863403320312,1539.0,394012.375,118156.0,114659.2086520195,,
29327,0.053039807826280594,136.97100830078125,7.0,215285.890625,118121.0,24872.1090704424,,
29334,11.339555740356445,287.114501953125,1481.0,590941.1875,118082.0,154018.77927082079,2634,13C1
29341,0.08720829337835312,122.07142639160156,11.0,215219.953125,118055.0,28211.876202462125,,
29375,14.647592544555664,765.495361328125,1907.0,215059.03125,117895.0,13844.254606653936,,
29376,1.8756499290466309,276.1954345703125,245.0,215056.5,117892.0,85084.10779814422,,
29380,7.973696708679199,119.0926284790039,1047.0,385087.0625,117871.0,64239.56723499298,4847,13C1
29385,18.915050506591797,250.99017333984375,2451.0,1044630.4375,117837.0,297328.27434015274,,
29403,6.631451606750488,216.12432861328125,871.0,214908.96875,117744.0,16305.308538809419,,
29410,3.670520544052124,276.1978759765625,481.0,214885.15625,117721.0,58537.29107771814,,
29421,16.253759384155273,296.04620361328125,2111.0,214814.0625,117650.0,40998.83045184612,,
29426,4.280030727386475,114.09173583984375,561.0,422843.28125,117632.0,99721.1750895381,,
29430,10.048443794250488,714.0784912109375,1315.0,214756.1875,117592.0,25843.613505110145,29430,
29442,21.228187561035156,212.07427978515625,2747.0,214724.1875,117560.0,31102.664582669735,,
29449,14.479852676391602,250.99124145507812,1885.0,541331.625,117515.0,197301.51485037804,,
29463,14.894429206848145,218.9745330810547,1939.0,214623.015625,117459.0,65971.25147655606,,
29468,4.29513692855835,112.10655212402344,563.0,214629.984375,117427.0,25760.036321766675,29468,
29470,20.461139678955078,181.03103637695312,2649.0,368786.25,117417.0,76685.2575135231,,
29509,21.228187561035156,111.0556640625,2747.0,214341.390625,117177.0,48078.94731801748,,
29538,0.1223163902759552,189.09005737304688,15.0,214214.515625,117050.0,38081.59080040078,,
29556,3.884058713912964,341.1080322265625,509.0,214103.234375,116939.0,70818.71737618744,,
29557,16.363262176513672,296.04620361328125,2125.0,214101.28125,116937.0,36780.95368897915,,
29565,10.572868347167969,711.0921630859375,1383.0,214041.0625,116877.0,11493.11114436388,,
29579,4.796750068664551,309.0415954589844,629.0,213942.484375,116778.0,40435.46972775459,,
29580,5.511615753173828,309.0404968261719,723.0,213936.75,116772.0,45461.02086184919,,
29587,18.99501609802246,250.99017333984375,2461.0,1063213.875,116727.0,292450.9158062935,,
29609,3.3503165245056152,284.1990051269531,439.0,213787.90625,116623.0,50957.50046296418,,
29631,3.716484785079956,296.049072265625,487.0,1565452.125,116522.0,340349.89613831043,,
29662,6.661726474761963,296.0489501953125,875.0,449153.09375,116403.0,86146.42721354961,,
29663,10.8875093460083,719.0731201171875,1423.0,213566.140625,116402.0,17257.21317709118,2894,2H3
29667,12.000693321228027,250.9837646484375,1567.0,286392.21875,116381.0,104317.58145475388,,
29677,8.815582275390625,276.1930847167969,1155.0,213468.578125,116304.0,44418.36613023281,,
29688,14.737870216369629,317.99346923828125,1919.0,213417.34375,116253.0,54005.29056414962,,
29690,8.581546783447266,250.9923095703125,1125.0,260804.59375,116248.0,106619.30012983084,,
29692,16.834014892578125,296.04498291015625,2185.0,213411.359375,116247.0,51139.926949322224,,
29693,8.98556900024414,715.0587158203125,1177.0,213410.15625,116246.0,21350.630996257067,,
29694,11.339555740356445,212.09683227539062,1481.0,2778788.5,116246.0,1073563.4456219673,29694,
29700,12.154026985168457,86.06058502197266,1587.0,213392.59375,116228.0,61935.993319272995,,
29704,0.08720829337835312,116.0012435913086,11.0,213383.921875,116219.0,20295.682131923655,,
29708,10.683023452758789,707.089599609375,1397.0,213356.328125,116192.0,21937.578555688262,,
29714,9.048603057861328,296.04510498046875,1185.0,213339.234375,116175.0,37894.579800605774,,
29721,11.708039283752441,216.0635986328125,1529.0,213315.1875,116151.0,88820.53783793678,,
29723,10.856867790222168,874.0855712890625,1419.0,213309.140625,116145.0,15992.556558168493,26032,2H3
29729,8.581546783447266,112.1078109741211,1125.0,288893.03125,116128.0,46512.27762335539,,
29745,10.450453758239746,719.0415649414062,1367.0,213214.8125,116050.0,16485.439995214343,,
29746,18.44837188720703,367.08868408203125,2391.0,213213.359375,116049.0,66918.3934803009,,
29777,7.988577842712402,118.4205551147461,1049.0,213014.328125,115850.0,32985.39329826832,,
29797,14.617627143859863,333.9682312011719,1903.0,212937.453125,115773.0,31717.11421849206,,
29798,3.960160255432129,284.1953430175781,519.0,212934.6875,115770.0,42845.456352725625,,
29804,3.1829679012298584,265.0007019042969,417.0,212918.890625,115754.0,70848.45029999316,,
29811,5.420525074005127,269.03466796875,711.0,212886.984375,115722.0,34027.34662798047,,
29815,8.614860534667969,296.0421142578125,1129.0,212874.484375,115710.0,47392.07650411129,,
29826,10.918277740478516,213.10012817382812,1427.0,226456.328125,115666.0,90432.24068161845,781,13C1
29831,4.873020648956299,296.0504150390625,639.0,335128.28125,115638.0,197259.92148971558,,
29842,10.171018600463867,212.09750366210938,1331.0,1176505.25,115600.0,342413.6249074936,29842,
29862,4.720658779144287,296.0448303222656,619.0,3057423.0,115532.0,641998.8918933868,,
29888,11.647041320800781,166.0642852783203,1521.0,313121.65625,115408.0,85812.7368068099,,
29891,13.59334659576416,212.09750366210938,1771.0,375475.5,115399.0,102740.60679149628,,
29900,18.915050506591797,123.0414810180664,2451.0,968058.0,115362.0,253442.925989151,,
29906,2.3447113037109375,171.11117553710938,307.0,418644.3125,115342.0,120734.51520425081,,
29940,8.95518970489502,250.9923095703125,1173.0,292146.1875,115093.0,113187.84439587593,,
29959,3.2746338844299316,276.1978759765625,429.0,212166.671875,115002.0,38957.43390392512,,
29963,1.1274926662445068,296.0382080078125,147.0,341494.15625,114992.0,63228.10840661824,,
29966,11.708039283752441,112.1087646484375,1529.0,238635.84375,114984.0,20853.412629902363,,
29983,7.973696708679199,118.0985107421875,1047.0,212062.625,114898.0,20989.252872943878,,
29997,15.024703025817871,112.1078109741211,1955.0,211980.484375,114816.0,43810.18779221177,,
29999,16.082019805908203,123.0414810180664,2089.0,772511.0625,114803.0,245399.00727415085,,
30010,10.278969764709473,719.0421752929688,1345.0,211945.59375,114781.0,17569.56818804145,,
30013,19.33940315246582,367.0980529785156,2505.0,499270.5,114771.0,45288.49935770035,,
30014,0.08720829337835312,210.05796813964844,11.0,211934.203125,114770.0,25871.09689090267,,
30016,17.746326446533203,214.08702087402344,2301.0,368760.75,114741.0,136589.36395859718,,
30035,3.823023796081543,276.1978759765625,501.0,211796.046875,114632.0,53930.247129783034,,
30053,12.839152336120605,250.99029541015625,1675.0,1898884.75,114543.0,435477.4216828346,,
30104,11.554667472839355,125.0379867553711,1509.0,303140.1875,114303.0,77722.71633899212,,
30112,6.344168663024902,296.04620361328125,833.0,821286.125,114277.0,141465.80416584015,,
30174,14.647592544555664,366.90899658203125,1907.0,211200.140625,114036.0,28420.41538229212,,
30186,4.523270606994629,296.0448303222656,593.0,3119402.75,114005.0,847570.7336010933,,
30194,9.109748840332031,709.0626220703125,1193.0,211119.328125,113955.0,16459.222203344107,,
30203,10.826194763183594,550.0704956054688,1415.0,211086.828125,113922.0,17277.573838574346,,
30213,3.9143521785736084,112.08704376220703,513.0,258788.078125,113894.0,34728.10035140067,,
30216,10.386393547058105,135.04141235351562,1359.0,214310.078125,113881.0,43915.74715439882,,
30238,6.631451606750488,205.10833740234375,871.0,210968.015625,113804.0,17183.155554897152,,
30241,4.386396884918213,296.0436096191406,575.0,2256691.75,113791.0,591978.0201826096,,
30254,23.346616744995117,118.06544494628906,3019.0,701240.125,113743.0,133532.88845825195,,
30262,0.9605188369750977,296.0395202636719,125.0,428612.875,113710.0,162729.05358281732,,
30271,3.670520544052124,354.0516662597656,481.0,210833.625,113669.0,23571.099651038647,,
30290,13.62479019165039,367.08843994140625,1775.0,210753.84375,113589.0,17634.971574768424,,
30293,21.197341918945312,114.06648254394531,2743.0,210730.828125,113566.0,24281.960473239422,,
30335,8.766997337341309,296.049072265625,1149.0,210486.453125,113322.0,108464.30437326431,,
30367,9.84784984588623,714.07861328125,1289.0,210354.0,113190.0,14345.303724765778,5694,13C1
30368,9.617087364196777,713.0460205078125,1259.0,210352.15625,113188.0,18556.36038298905,,
30387,14.693028450012207,695.9089965820312,1913.0,210254.96875,113090.0,21152.959952168167,,
30405,6.509915351867676,151.0966796875,855.0,210186.171875,113022.0,18618.290690630674,,
30410,9.44803237915039,711.0875244140625,1237.0,210168.796875,113004.0,19074.95128811896,,
30415,3.487657308578491,341.1046447753906,457.0,915851.1875,112985.0,188979.32582324743,,
30436,16.363262176513672,296.0448303222656,2125.0,210060.59375,112896.0,34421.12598860264,,
30449,5.648744106292725,296.0436096191406,741.0,1452359.875,112857.0,322310.3738641739,,
30450,1.570322871208191,214.08702087402344,205.0,210011.8125,112847.0,77331.82172616571,,
30508,0.9293460845947266,276.1952819824219,121.0,209714.4375,112550.0,41339.87228458375,,
30513,15.70166301727295,367.0979309082031,2041.0,611649.9375,112518.0,113544.91078048944,,
30528,0.053039807826280594,371.1022033691406,7.0,209612.21875,112448.0,12678.92711892481,,
30550,4.888128757476807,341.1065368652344,641.0,209522.640625,112358.0,23585.46420764923,,
30589,9.078947067260742,713.0812377929688,1189.0,209362.3125,112198.0,12210.349597677588,3762,2H2
30621,11.677508354187012,123.0414810180664,1525.0,586075.4375,111977.0,210691.3919135332,,
30630,4.264406204223633,284.1953430175781,559.0,209086.640625,111922.0,42025.87372779846,,
30636,1.9817241430282593,276.1954345703125,259.0,209038.734375,111874.0,34553.49070775509,,
30637,13.76461410522461,250.99124145507812,1793.0,556155.25,111870.0,208355.1555838585,,
30638,15.11899185180664,367.0977783203125,1967.0,462074.34375,111867.0,92570.7731461972,,
30663,3.777536392211914,292.01666259765625,495.0,208919.09375,111755.0,57349.73802730441,,
30665,2.178135395050049,276.1966247558594,285.0,208914.96875,111750.0,46996.85404723883,,
30669,2.9399797916412354,296.0396423339844,385.0,231920.765625,111743.0,111159.77208536863,,
30670,2.3447113037109375,250.9837646484375,307.0,302144.09375,111743.0,104849.82411110401,,
30674,2.527988910675049,296.05181884765625,331.0,242338.78125,111727.0,87584.00770679116,,
30681,8.442708015441895,136.08811950683594,1107.0,208845.53125,111681.0,16418.051569785923,,
30696,1.61612868309021,296.0408630371094,211.0,457570.5,111636.0,182052.4934772849,,
30699,9.094088554382324,709.0820922851562,1191.0,208777.828125,111613.0,24397.989796373993,,
30715,14.693028450012207,481.9040222167969,1913.0,208713.515625,111549.0,20440.02151271701,,
30731,0.053039807826280594,135.11683654785156,7.0,208619.421875,111455.0,23655.166228434362,,
30740,16.474315643310547,296.0448303222656,2139.0,208578.3125,111414.0,34267.74721521139,,
30741,7.457302093505859,133.10531616210938,979.0,208576.34375,111412.0,43328.806019350886,1082,13C1
30754,2.8176724910736084,250.99124145507812,369.0,580777.9375,111323.0,180354.24563610554,,
30755,18.744230270385742,166.09754943847656,2429.0,208449.890625,111285.0,18653.091368049383,,
30756,9.84784984588623,709.0911254882812,1289.0,208442.234375,111278.0,19250.057657197118,,
30797,11.816089630126953,348.0709228515625,1543.0,208231.28125,111067.0,38623.49090266228,,
30812,16.33133316040039,296.04510498046875,2121.0,208167.75,111003.0,31045.98292160034,,
30816,15.180473327636719,250.9923095703125,1975.0,223118.0,110982.0,59858.83831745386,,
30823,0.7626409530639648,212.09683227539062,99.0,3201081.25,110956.0,857748.7115526795,30823,
30879,2.71103572845459,146.98049926757812,355.0,207902.46875,110738.0,74805.15849762037,,
30891,5.3600897789001465,269.0336608886719,703.0,207843.703125,110679.0,41593.04016377032,,
30896,0.550788402557373,84.06427001953125,71.0,273981.84375,110657.0,60955.09196700528,30896,
30914,4.142813205718994,171.1117706298828,543.0,732406.0625,110564.0,152218.97334575653,,
30935,8.192676544189453,250.9923095703125,1075.0,238648.8125,110486.0,112607.28532028198,,
30936,2.2387890815734863,276.1954345703125,293.0,234576.015625,110481.0,34940.448218122125,,
30942,15.448166847229004,88.0762710571289,2009.0,317173.3125,110460.0,69690.11902332306,,
30948,16.75613784790039,60.04515838623047,2175.0,320091.3125,110438.0,87807.65783917904,,
30960,6.14907169342041,199.12464904785156,807.0,252939.546875,110394.0,117016.42222339101,,
30962,13.62479019165039,250.9848175048828,1775.0,1028992.125,110382.0,339597.0629296303,,
30979,16.082019805908203,214.0919952392578,2089.0,472599.84375,110313.0,130037.77837443352,,
30996,6.058870315551758,296.0436096191406,795.0,1012915.375,110233.0,229484.89072978497,,
31009,5.9983625411987305,309.0403137207031,787.0,207328.125,110164.0,36515.11363013089,,
31020,11.245903015136719,175.10797119140625,1469.0,207285.953125,110121.0,65919.7955077514,,
31047,4.873020648956299,250.9923095703125,639.0,274707.84375,110026.0,132849.73886308074,,
31050,11.399836540222168,94.04560852050781,1489.0,273875.8125,110013.0,65379.62474638224,,
31063,5.724895477294922,296.04510498046875,751.0,2294419.25,109948.0,419768.55123376846,,
31084,18.744230270385742,103.08700561523438,2429.0,207030.34375,109866.0,22434.58377723396,,
31093,18.137107849121094,123.0414810180664,2351.0,997060.0625,109822.0,365121.9154911041,,
31102,7.563916206359863,180.11337280273438,993.0,206937.671875,109773.0,11197.747720970307,,
31103,5.48141622543335,284.1966552734375,719.0,206936.046875,109772.0,40494.81694237888,,
31111,10.572868347167969,499.0632019042969,1383.0,206924.1875,109760.0,16801.958931803703,,
31163,15.244548797607422,76.0762939453125,1983.0,206677.78125,109513.0,134123.84514658153,,
31165,6.768590450286865,250.9923095703125,889.0,268652.28125,109501.0,114384.03316104412,,
31189,24.72152328491211,83.06097412109375,3195.0,530860.375,109373.0,121442.04542732239,,
31204,8.442708015441895,192.1248779296875,1107.0,206482.796875,109318.0,11166.0323985836,,
31236,7.5184831619262695,296.0476989746094,987.0,637345.4375,109156.0,119070.28447955847,,
31287,16.378759384155273,296.04510498046875,2127.0,206054.546875,108890.0,32010.36832088232,,
31295,7.640073776245117,250.9923095703125,1003.0,250397.890625,108862.0,103217.74457886815,,
31306,8.412026405334473,296.0436096191406,1103.0,353932.625,108821.0,92709.20478981733,,
31316,6.906464576721191,250.9923095703125,907.0,271113.875,108774.0,81158.21463564038,,
31317,4.081711292266846,212.09585571289062,535.0,3908055.5,108767.0,994554.7930297852,,
31329,5.48141622543335,269.0349426269531,719.0,205861.15625,108697.0,37312.95513792336,,
31335,3.807894706726074,341.1030578613281,499.0,752479.625,108670.0,148521.36569997668,,
31336,9.339858055114746,112.1078109741211,1223.0,265007.125,108668.0,31795.7616609931,,
31346,13.6402587890625,112.11578369140625,1777.0,205799.953125,108635.0,20419.403404958546,,
31347,3.1527366638183594,214.0894775390625,413.0,1162950.25,108634.0,220282.6770567298,,
31352,10.078944206237793,132.09596252441406,1319.0,243680.640625,108606.0,46574.69204826094,,
31355,7.396002769470215,296.0476989746094,971.0,637056.625,108593.0,218587.6835705638,,
31362,16.191646575927734,296.0448303222656,2103.0,205716.484375,108552.0,40730.573873996735,,
31382,21.228187561035156,104.07099151611328,2747.0,329102.875,108467.0,76028.5562351942,,
31383,5.54235315322876,309.041748046875,727.0,205629.875,108465.0,50325.84613248706,,
31401,6.631451606750488,204.12490844726562,871.0,205581.96875,108417.0,16026.449159480631,,
31404,10.557538986206055,312.54742431640625,1381.0,205574.484375,108410.0,35981.858722388744,,
31433,1.0661847591400146,276.1968078613281,139.0,205486.5625,108322.0,29632.69612187147,,
31436,16.33133316040039,296.04644775390625,2121.0,205480.28125,108316.0,34760.08563107252,,
31451,4.036220073699951,341.1080322265625,529.0,205426.796875,108262.0,50840.212788805366,,
31452,9.033453941345215,296.04620361328125,1183.0,205424.796875,108260.0,57591.677530020475,,
31455,10.810859680175781,713.040771484375,1413.0,205416.421875,108252.0,15227.944607079029,,
31457,2.2086453437805176,73.07672119140625,289.0,291156.9375,108249.0,62734.91597907245,,
31475,19.121854782104492,214.09283447265625,2477.0,205333.6875,108169.0,61175.76377046108,,
31483,14.355923652648926,214.0919952392578,1869.0,511434.84375,108140.0,129924.92630720139,,
31487,15.781614303588867,123.0414810180664,2051.0,702225.875,108129.0,189493.38422489166,,
31489,10.795577049255371,501.0594787597656,1411.0,205290.59375,108126.0,19317.726156383753,,
31493,11.616598129272461,149.02316284179688,1517.0,205259.78125,108095.0,49720.11505654454,,
31505,10.872174263000488,707.0885620117188,1421.0,205226.921875,108062.0,12004.136681188364,,
31507,1.540062665939331,309.2270812988281,201.0,205221.140625,108057.0,26713.709273772314,,
31524,2.680227518081665,284.1990051269531,351.0,205130.65625,107966.0,41306.555279389024,,
31537,0.08720829337835312,95.04432678222656,11.0,214367.5625,107917.0,16262.56647379155,,
31550,2.178135395050049,124.07585144042969,285.0,205029.875,107865.0,54419.60056170076,,
31554,10.780282974243164,709.0921020507812,1409.0,205019.765625,107855.0,19534.639257088304,5405,2H2
31563,2.1182022094726562,454.2276306152344,277.0,205000.28125,107836.0,21355.84349169908,,
31578,2.2842845916748047,127.08667755126953,299.0,204955.328125,107791.0,41747.72726953402,,
31580,8.442708015441895,190.1094512939453,1107.0,258601.359375,107787.0,28752.329179555178,,
31594,16.914188385009766,296.04632568359375,2195.0,204893.015625,107729.0,43303.37992954254,,
31643,18.557729721069336,367.09967041015625,2405.0,204734.59375,107570.0,92013.02057242393,,
31659,10.340093612670898,713.0410766601562,1353.0,204662.21875,107498.0,12888.141166761518,,
31669,22.174701690673828,113.1158218383789,2869.0,833477.375,107439.0,161862.0745408535,,
31672,0.6270253658294678,292.01519775390625,81.0,204592.84375,107428.0,35392.661477388814,,
31696,2.133179187774658,242.18490600585938,279.0,204510.0,107346.0,35863.535752979864,,
31703,7.5184831619262695,214.0919952392578,987.0,502662.40625,107315.0,131538.61426728964,,
31730,3.960160255432129,113.1094970703125,519.0,261568.84375,107185.0,43708.116985052824,29468,13C1
31741,14.989338874816895,112.1087646484375,1951.0,204332.140625,107168.0,19845.072067916393,,
31776,2.163120746612549,138.0913543701172,283.0,204161.921875,106997.0,65578.18140699714,,
31797,0.16758066415786743,154.11874389648438,21.0,204078.453125,106914.0,48365.0504868984,,
31810,10.355820655822754,711.0465698242188,1355.0,204016.953125,106852.0,16989.848275467753,,
31842,9.617087364196777,717.0437622070312,1259.0,203874.3125,106710.0,18378.039836257696,,
31887,11.215434074401855,252.13815307617188,1465.0,403161.6875,106488.0,72305.04788428545,,
31929,0.1223163902759552,383.3988952636719,15.0,203509.984375,106345.0,16769.805275526945,,
31935,11.430013656616211,84.06427001953125,1493.0,221090.90625,106329.0,78674.06936383247,,
31938,10.683023452758789,711.0421142578125,1397.0,203481.140625,106317.0,16161.478395700455,,
31946,13.10993480682373,250.99124145507812,1709.0,673322.625,106276.0,328001.44857501984,,
31966,12.668559074401855,139.01878356933594,1653.0,647774.3125,106211.0,172758.61908733845,,
31970,3.975297689437866,269.0323486328125,521.0,203337.421875,106173.0,38834.58998091519,,
31988,10.109933853149414,707.0889892578125,1323.0,203267.34375,106103.0,13231.598826676607,,
31991,10.841513633728027,707.089599609375,1417.0,203254.09375,106090.0,26235.96838787617,,
31993,10.856867790222168,873.0875854492188,1419.0,203237.671875,106073.0,14898.530709336628,31993,
31997,2.8940136432647705,87.05585479736328,379.0,203230.125,106066.0,42206.39883261174,,
32009,6.570645809173584,296.04498291015625,863.0,1132294.375,106001.0,270030.0406075716,,
32016,0.03785240650177002,153.0545654296875,5.0,203124.53125,105960.0,25319.991726053384,,
32034,9.015832901000977,715.0745239257812,1181.0,203066.171875,105902.0,19820.798075972125,7847,2H2
32089,7.105679512023926,296.04632568359375,933.0,1085918.25,105660.0,203127.58238339424,,
32109,3.960160255432129,341.1014709472656,519.0,490788.53125,105561.0,86403.28467458487,,
32111,5.1009626388549805,354.053466796875,669.0,202696.0,105532.0,21890.40634869039,,
32115,7.105679512023926,296.0436096191406,933.0,685965.625,105518.0,144983.45814573765,,
32136,11.339555740356445,291.06280517578125,1481.0,304598.0625,105440.0,142222.955543153,,
32138,21.367372512817383,61.040382385253906,2765.0,271961.46875,105431.0,76351.67980527878,,
32144,1.9208537340164185,268.17584228515625,251.0,202576.265625,105412.0,32035.82063707104,,
32153,10.795577049255371,711.0421142578125,1411.0,202512.21875,105348.0,13698.920990169048,,
32161,0.5809048414230347,296.0408630371094,75.0,1259937.0,105317.0,450560.5237983167,,
32175,18.41746711730957,367.0882873535156,2387.0,202447.234375,105283.0,18903.67017042637,,
32212,14.060386657714844,214.0919952392578,1831.0,514986.3125,105149.0,136359.596241951,,
32215,12.000693321228027,212.09255981445312,1567.0,364406.75,105130.0,107636.37433564663,,
32228,7.5184831619262695,296.0448303222656,987.0,908626.0,105091.0,154215.24183118343,,
32236,3.411357879638672,296.0409851074219,447.0,581407.875,105074.0,183076.51698940992,,
32248,6.631451606750488,209.10369873046875,871.0,202200.15625,105036.0,13925.592136289459,,
32265,2.4971976280212402,341.1080322265625,327.0,400803.65625,104948.0,83084.71389341354,,
32283,10.542216300964355,713.0409545898438,1379.0,202025.53125,104861.0,21228.448506191373,,
32291,0.32317957282066345,296.05303955078125,41.0,353840.0,104808.0,76368.65625090711,,
32300,11.23067569732666,253.1500701904297,1467.0,748158.6875,104780.0,422514.1430866765,23,13C1
32320,10.48103141784668,709.0916748046875,1371.0,201866.125,104702.0,19349.5648380816,,
32325,2.9551193714141846,265.0053405761719,387.0,349049.5,104653.0,96085.7292457521,,
32329,5.54235315322876,250.9923095703125,727.0,272420.28125,104640.0,87383.14176750183,,
32336,1.9817241430282593,276.1966247558594,259.0,201783.484375,104619.0,35535.965343602,,
32337,6.239133834838867,114.11893463134766,819.0,201781.078125,104617.0,25275.999840661883,,
32339,6.631451606750488,163.099365234375,871.0,201776.71875,104612.0,19239.230810593348,,
32340,10.4016752243042,874.0903930664062,1361.0,201774.046875,104610.0,15634.970213107765,25137,13C1
32355,3.670520544052124,341.10284423828125,481.0,788217.5,104524.0,108120.98089697957,,
32356,9.20149040222168,715.0482788085938,1205.0,201683.234375,104519.0,16127.420641705394,,
32363,14.662541389465332,75.10041809082031,1909.0,201637.875,104473.0,78105.09256452322,829,13C1
32370,9.015832901000977,715.0540161132812,1181.0,201618.515625,104454.0,18570.302072111517,,
32396,1.540062665939331,214.0919952392578,201.0,393717.75,104354.0,94913.02703224123,,
32436,9.709346771240234,717.0791625976562,1271.0,201341.203125,104177.0,13338.458320379257,,
32445,1.6005725860595703,394.208251953125,209.0,201291.78125,104127.0,18300.377383116633,,
32460,0.1223163902759552,257.1502685546875,15.0,201241.0,104077.0,30528.9091217753,,
32472,0.9906936287879944,296.0516662597656,129.0,432946.71875,104020.0,155877.2544829771,,
32485,6.028866291046143,296.042236328125,791.0,567085.3125,103936.0,132300.35375916958,,
32501,7.883634567260742,171.11117553710938,1035.0,615097.625,103874.0,166060.27713131905,,
32539,3.1376535892486572,112.1196060180664,411.0,200916.4375,103752.0,21041.78719959408,,
32542,9.863677024841309,717.0792846679688,1291.0,200910.0625,103746.0,21510.834255307913,,
32564,23.268701553344727,250.99017333984375,3009.0,203429.046875,103612.0,42238.32315003872,,
32596,5.3600897789001465,269.0360107421875,703.0,200673.46875,103509.0,41555.499345228076,,
32603,7.442131519317627,214.0919952392578,977.0,500028.9375,103496.0,114136.6077196598,,
32604,2.133179187774658,197.12867736816406,279.0,200659.328125,103495.0,67592.46249622107,3,13C2
32612,4.051361560821533,114.0914077758789,531.0,403231.8125,103463.0,70124.8968885839,,
32613,18.37104606628418,250.9848175048828,2381.0,769345.625,103459.0,189888.22104740143,,
32627,10.48103141784668,872.0623779296875,1371.0,200569.015625,103405.0,15572.235288515687,,
32649,14.262306213378906,214.0921173095703,1857.0,508840.3125,103316.0,268410.963686347,,
32664,22.971073150634766,214.0919952392578,2971.0,737006.75,103272.0,244699.5041499138,,
32672,4.280030727386475,102.09173583984375,561.0,237180.84375,103209.0,53890.73057585955,,
32679,21.197341918945312,123.06673431396484,2743.0,200354.703125,103190.0,21597.383724421263,,
32685,18.744230270385742,193.10850524902344,2429.0,200331.90625,103167.0,15494.465797916055,,
32727,4.583664417266846,104.07099151611328,601.0,1287787.5,103017.0,341258.83281862736,,
32730,16.53678321838379,296.04510498046875,2147.0,200161.390625,102997.0,40182.739278912544,,
32737,7.136096000671387,250.9837646484375,937.0,381835.15625,102969.0,142748.6086576581,,
32766,15.590312004089355,214.0919952392578,2027.0,538834.75,102873.0,202166.40608549118,,
32781,10.542216300964355,711.0520629882812,1379.0,678970.25,102834.0,47951.00935733318,32781,
32798,1.1426174640655518,296.05181884765625,149.0,354430.28125,102790.0,137149.3018938005,,
32803,7.80800199508667,296.0475769042969,1025.0,565576.0625,102759.0,119015.1260945797,,
32818,0.19772207736968994,296.05316162109375,25.0,346228.59375,102712.0,116769.85258877809,,
32820,9.216774940490723,719.0521850585938,1207.0,199869.578125,102705.0,18294.671362549067,,
32830,3.8537650108337402,101.07184600830078,505.0,199798.5,102634.0,33420.09922429174,,
32848,4.264406204223633,250.9837646484375,559.0,344076.8125,102563.0,148020.5707589984,,
32857,9.786550521850586,715.0430297851562,1281.0,199701.453125,102537.0,13569.803579971194,,
32867,1.8907372951507568,296.05316162109375,247.0,217766.109375,102496.0,48530.33731728047,,
32877,2.2842845916748047,301.1042785644531,299.0,199618.578125,102454.0,22956.90856207232,,
32896,5.085848331451416,269.0358581542969,667.0,199528.046875,102364.0,43864.931355819106,,
32898,1.477133870124817,405.2096252441406,193.0,199524.0,102360.0,20937.7502742745,,
32899,3.670520544052124,341.1062316894531,481.0,499723.75,102354.0,163863.03099313378,,
32907,9.063770294189453,711.0824584960938,1187.0,199488.734375,102324.0,18747.49692849815,,
32914,10.780282974243164,711.0418701171875,1409.0,199477.046875,102313.0,13698.920990169048,,
32947,10.52694320678711,877.0606079101562,1377.0,199378.3125,102214.0,14729.407484903932,,
32948,18.744230270385742,111.09211730957031,2429.0,199376.53125,102212.0,18306.401218801737,,
32952,15.986038208007812,214.0919952392578,2077.0,491825.125,102204.0,135885.1187171936,,
32959,3.945085287094116,171.11293029785156,517.0,1251506.5,102179.0,236565.26330584288,,
32969,17.22720718383789,214.09283447265625,2235.0,199298.734375,102134.0,62691.03538990021,,
32970,4.264406204223633,341.0997314453125,559.0,199296.59375,102132.0,46599.89960375428,,
33000,18.821224212646484,250.9848175048828,2439.0,583332.4375,102018.0,155273.57916140556,,
33040,9.033453941345215,715.0532836914062,1183.0,199012.5625,101848.0,17333.099883690476,,
33045,14.647592544555664,249.02027893066406,1907.0,198994.828125,101830.0,36542.72035838402,,
33057,3.7013142108917236,214.06442260742188,485.0,198939.109375,101775.0,38563.74003113806,,
33083,2.5431430339813232,284.1990051269531,333.0,198820.546875,101656.0,50893.67351780087,,
33099,7.442131519317627,212.09255981445312,977.0,1221302.375,101594.0,373085.9429061413,,
33109,17.13357162475586,214.0919952392578,2223.0,572733.8125,101558.0,159036.49800920486,33109,
33115,18.526796340942383,214.0919952392578,2401.0,549193.75,101528.0,157738.27902412415,33115,
33122,5.678970813751221,212.09255981445312,745.0,760584.3125,101495.0,274667.91498732567,,
33143,4.447312831878662,276.1978759765625,583.0,274452.9375,101433.0,73970.76211369038,,
33157,16.425334930419922,99.05570983886719,2133.0,198537.15625,101373.0,39165.19310569763,,
33159,10.078944206237793,145.0607452392578,1319.0,198517.4375,101353.0,69852.05381309986,,
33162,10.856867790222168,707.08984375,1419.0,198497.5,101333.0,15430.690578795038,,
33165,5.633581638336182,309.0419616699219,739.0,198492.34375,101328.0,52427.10671274364,,
33182,8.442708015441895,184.10813903808594,1107.0,198436.28125,101272.0,14993.713038548827,,
33200,10.4016752243042,872.062744140625,1361.0,198383.328125,101219.0,22940.59238372743,,
33223,12.839152336120605,250.98390197753906,1675.0,267475.46875,101158.0,103585.25210058689,,
33225,10.856867790222168,875.0848999023438,1419.0,198320.625,101156.0,11409.761927068466,,
33260,4.447312831878662,354.0497131347656,583.0,198190.078125,101026.0,23541.885145530105,,
33282,10.918277740478516,709.056640625,1427.0,198133.953125,100969.0,8870.516740954481,,
33284,7.943938255310059,90.0919418334961,1043.0,198124.484375,100960.0,34552.90129876137,,
33294,11.369743347167969,194.0845489501953,1485.0,198093.515625,100929.0,58993.00962778926,,
33313,9.52487564086914,711.087890625,1247.0,198029.921875,100865.0,18447.78874963522,,
33318,9.84784984588623,212.09999084472656,1289.0,219236.515625,100842.0,47291.59277883172,,
33330,6.028866291046143,196.08309936523438,791.0,197955.671875,100791.0,43293.24727703631,,
33331,7.212599754333496,296.042236328125,947.0,337130.75,100788.0,89755.17030155659,,
33340,2.6958649158477783,73.07672119140625,353.0,302138.0625,100736.0,78586.22115114331,,
33342,2.527988910675049,75.05589294433594,331.0,197897.359375,100733.0,54593.96631272137,,
33345,6.344168663024902,281.1380920410156,833.0,197877.109375,100713.0,86421.79175981879,,
33379,22.658306121826172,98.07164001464844,2931.0,270427.84375,100603.0,50895.10571086407,,
33389,11.399836540222168,123.0414810180664,1489.0,541219.1875,100578.0,119283.4117667675,,
33400,24.93921661376953,215.09530639648438,3223.0,283987.5625,100549.0,60341.07734763622,,
33409,5.405426979064941,309.0406188964844,709.0,197679.5,100515.0,36635.550241455436,,
33422,13.32919979095459,367.08856201171875,1737.0,197639.234375,100475.0,56957.399316847324,,
33451,16.834014892578125,250.98390197753906,2185.0,261639.46875,100333.0,110968.38151443005,,
33456,16.725244522094727,60.06452560424805,2171.0,302338.0625,100308.0,86453.79030609131,,
33488,0.053039807826280594,129.09100341796875,7.0,197353.484375,100189.0,23488.32580055436,,
33497,2.1182022094726562,214.1531219482422,277.0,197309.125,100145.0,25507.94836005196,,
33513,8.87873363494873,112.1078109741211,1163.0,293055.15625,100091.0,37423.661817252636,,
33514,13.171773910522461,250.98390197753906,1717.0,296425.375,100082.0,137203.46156585217,,
33519,2.2237184047698975,341.0980529785156,291.0,197221.390625,100057.0,59840.817261487246,,
33537,2.71103572845459,341.1030578613281,355.0,1374519.375,99997.0,262022.49991226196,,
33589,15.085844039916992,309.0390319824219,1963.0,196940.78125,99776.0,65852.44234198332,,
33593,6.540431499481201,212.09255981445312,859.0,747896.875,99775.0,227233.9602072239,,
33600,0.7786512970924377,296.0382080078125,101.0,400940.65625,99762.0,187726.2603827305,,
33648,10.826194763183594,719.0414428710938,1415.0,196755.078125,99591.0,22771.0647238167,,
33656,0.022458789870142937,93.07025146484375,3.0,208515.875,99571.0,26676.311425294974,,
33668,9.033453941345215,296.0448303222656,1183.0,196685.0625,99521.0,53318.44982877374,,
33679,0.25796958804130554,171.11117553710938,33.0,236729.0625,99470.0,57050.13149619568,,
33684,5.87715482711792,341.1046447753906,771.0,196621.078125,99457.0,32501.54801376164,,
33694,1.8907372951507568,289.1280822753906,247.0,196577.890625,99413.0,51916.637768216664,,
33704,5.8464179039001465,112.1196060180664,767.0,196552.484375,99388.0,17343.54487682879,,
33705,5.831303119659424,341.1045227050781,765.0,196549.296875,99385.0,31105.44661307335,,
33710,15.134393692016602,60.04515838623047,1969.0,266634.34375,99370.0,89827.57835155725,,
33722,10.557538986206055,713.0406494140625,1381.0,196489.171875,99325.0,21228.448506191373,,
33723,10.094208717346191,711.0469970703125,1321.0,196487.984375,99323.0,13666.204601451755,,
33763,4.127642631530762,354.0516662597656,541.0,196319.40625,99155.0,29471.832296833396,,
33809,8.566446304321289,64.01651763916016,1123.0,196185.53125,99021.0,63005.1651545763,,
33829,11.339555740356445,97.0288314819336,1481.0,196120.09375,98956.0,69722.6209826353,,
33839,3.411357879638672,341.1030578613281,447.0,1072829.75,98938.0,270243.4131625891,,
33870,17.22720718383789,118.06613159179688,2235.0,277639.9375,98851.0,73694.32387423515,,
33887,0.7022935748100281,341.0979309082031,91.0,393076.96875,98800.0,132613.41765979677,,
33901,0.550788402557373,292.0138244628906,71.0,195888.734375,98724.0,34707.31367846392,,
33909,8.442708015441895,222.13485717773438,1107.0,195852.375,98688.0,12660.18705454003,,
33914,0.3534064292907715,341.0979309082031,45.0,365320.90625,98664.0,102855.47624134272,,
33928,5.2380595207214355,284.19793701171875,687.0,195779.796875,98615.0,29511.19404156506,,
33952,11.708039283752441,123.0414810180664,1529.0,583524.6875,98540.0,128270.32790648937,,
33963,10.795577049255371,709.0515747070312,1411.0,195668.59375,98504.0,11843.152995303273,,
33982,22.799097061157227,367.0904541015625,2949.0,384125.15625,98434.0,45679.52876663208,,
33998,5.116604328155518,171.11117553710938,671.0,321939.53125,98400.0,160680.66308414936,,
34028,1.2031004428863525,292.01263427734375,157.0,195471.375,98307.0,61638.48902527243,,
34076,8.581546783447266,212.09750366210938,1125.0,1725055.0,98147.0,485966.4353399277,,
34094,24.908245086669922,197.00894165039062,3219.0,380659.5,98093.0,105818.97001731396,,
34104,5.466332912445068,137.08203125,717.0,195231.4375,98067.0,15898.5319134444,,
34116,4.005462169647217,354.05126953125,525.0,195198.75,98034.0,35524.757456451654,,
34124,0.19772207736968994,262.8876647949219,25.0,195158.765625,97994.0,41635.142480128445,,
34126,0.08720829337835312,140.02142333984375,11.0,195144.875,97980.0,14285.985131470181,740,13C1
34132,4.280030727386475,114.0920639038086,561.0,295291.6875,97962.0,78839.73488974571,,
34145,9.586030960083008,717.0435180664062,1255.0,195068.875,97904.0,18378.039836257696,,
34150,7.365630149841309,145.1052703857422,967.0,195058.125,97894.0,70302.88801369444,1437,13C1
34159,7.563916206359863,183.08786010742188,993.0,195017.328125,97853.0,11018.269095787167,,
34178,0.03785240650177002,214.08029174804688,5.0,312874.0,97771.0,13374.42764967974,,
34191,10.247918128967285,214.08702087402344,1341.0,220645.40625,97725.0,76016.25059211254,,
34192,3.975297689437866,258.1726379394531,521.0,323620.75,97725.0,81125.55322496622,,
34200,7.973696708679199,96.08940887451172,1047.0,234446.359375,97700.0,38906.03462040424,4087,13C1
34205,18.85270118713379,344.9289855957031,2443.0,194849.65625,97685.0,26291.96676272154,,
34212,16.803016662597656,296.04620361328125,2181.0,194815.9375,97651.0,39393.65940010548,,
34214,21.228187561035156,367.0904541015625,2747.0,538125.3125,97648.0,119624.13921570778,,
34217,14.231474876403809,367.0998229980469,1853.0,194806.703125,97642.0,33087.81624418497,,
34227,9.493858337402344,709.056640625,1243.0,194771.6875,97607.0,14472.179297611117,,
34230,5.8464179039001465,292.01141357421875,767.0,194763.859375,97599.0,49135.61699548364,,
34237,16.53678321838379,296.04644775390625,2147.0,194742.25,97578.0,58230.09975039959,,
34238,3.228792428970337,341.1062316894531,423.0,695847.1875,97576.0,178089.1115744412,,
34240,0.565875768661499,95.06098937988281,73.0,194723.0,97559.0,34951.52917522192,,
34253,8.87873363494873,251.99102783203125,1163.0,194690.15625,97526.0,33541.56879723072,113,13C1
34259,7.548811912536621,250.9923095703125,991.0,238480.59375,97518.0,96753.7971457243,,
34264,0.03785240650177002,160.02304077148438,5.0,194670.96875,97506.0,24705.999665635754,,
34277,14.479852676391602,367.09967041015625,1885.0,194625.9375,97461.0,31623.005099743605,,
34310,10.716060638427734,711.0419921875,1401.0,194490.0,97326.0,16161.478395700455,,
34313,13.266885757446289,94.04560852050781,1729.0,303355.40625,97322.0,82104.98264455795,,
34315,14.662541389465332,60.06440353393555,1909.0,249324.5,97315.0,58914.82973855734,,
34325,8.95518970489502,711.07177734375,1173.0,194442.8125,97278.0,14232.061963751912,,
34339,0.03785240650177002,145.12213134765625,5.0,194387.5,97223.0,21637.665202839955,,
