mf_id,scan_time,mz,apex_scan,intensity,persistence,area,monoisotopic_mf_id,isotopologue_type
1,8.010490417480469,118.08647155761719,1045.0,173337504.0,173250836.0,65191543.82229042,1,
4,6.283702850341797,141.0736541748047,819.0,114432440.0,114345772.0,25243984.397491455,4,
5,2.128726005554199,195.12266540527344,275.0,83946512.0,83859844.0,22059034.06308554,5,
11,0.056450989097356796,214.08944702148438,7.0,64322024.0,64235356.0,10604960.268700235,11,
18,0.08673200756311417,123.04035949707031,11.0,36955788.0,36869120.0,2779150.7668228466,18,
19,6.361367225646973,142.07972717285156,829.0,33575032.0,33488364.0,12004716.627004385,2607,13C1
20,7.995580673217773,118.08541107177734,1043.0,33006946.0,32846554.0,7994617.502494812,20,
23,2.128726005554199,240.1807861328125,275.0,30439436.0,30352768.0,6949987.050038067,23,
32,10.061470031738281,132.10203552246094,1311.0,21817350.0,21730682.0,10963924.149357617,32,
34,2.143630027770996,112.11256408691406,277.0,55579676.0,21063716.0,10537009.930023193,34,
40,2.128726005554199,212.14892578125,275.0,18405940.0,18319272.0,4847379.66813517,40,
41,0.7362149357795715,296.0450439453125,93.0,17989884.0,17903216.0,4995270.35030055,41,
43,2.128726005554199,240.1787872314453,275.0,17487158.0,17365893.0,4604512.176845166,43,
47,2.2490897178649902,202.18031311035156,291.0,16901594.0,16814926.0,6550894.993359305,47,
49,10.355755805969238,135.0472869873047,1349.0,16140839.0,16054171.0,8228937.658414124,49,
52,11.302982330322266,147.076171875,1471.0,15684568.0,15597900.0,6295313.155293928,52,
54,9.092793464660645,121.031982421875,1185.0,15333130.0,15246462.0,7314973.468209371,54,
59,5.906422138214111,112.11192321777344,769.0,45149232.0,14303164.0,12940444.594833374,59,
63,0.07165712118148804,214.0874481201172,9.0,14038351.0,13951683.0,2994903.8924818626,63,
65,11.424363136291504,179.0734100341797,1487.0,13842313.0,13755645.0,5975656.905147642,65,
66,11.22451400756836,252.14456176757812,1461.0,13794126.0,13707458.0,6181434.977206087,66,
67,2.143630027770996,195.12484741210938,277.0,13771337.0,13684669.0,5956773.166533574,,
71,7.093043327331543,98.07181549072266,925.0,13309336.0,13222668.0,955293.9528086185,,
72,23.333974838256836,123.04035949707031,3025.0,13276160.0,13189492.0,2548770.019294739,72,
76,11.947153091430664,148.0605010986328,1555.0,12703518.0,12616850.0,4445588.240477771,76,
80,7.093043327331543,101.07135772705078,925.0,12475015.0,12388347.0,692464.190916568,80,
82,2.128726005554199,195.12046813964844,275.0,12358981.0,12169345.0,5301935.37362897,,
85,14.604764938354492,133.0277862548828,1899.0,12148077.0,12061409.0,2397324.569949665,,
90,0.07165712118148804,214.09164428710938,9.0,11548980.0,11462312.0,2901362.3717594855,90,
98,0.08673200756311417,100.02481079101562,11.0,11032602.0,10945934.0,820539.5453684796,,
99,0.08673200756311417,141.05076599121094,11.0,11022832.0,10936164.0,793809.628006395,99,
105,0.1016089990735054,74.09710693359375,13.0,10763071.0,10676403.0,1592330.0231151162,105,
113,7.519871234893799,76.0762710571289,981.0,10370236.0,10283568.0,9127379.674239904,113,
115,2.264108419418335,284.170654296875,293.0,10246508.0,10159840.0,1624529.2171877897,115,
117,6.313611030578613,142.08108520507812,823.0,10224105.0,10137437.0,3117579.145149231,2607,13C1
121,11.318087577819824,130.050048828125,1473.0,9940775.0,9854107.0,4013962.229604926,121,
124,8.56828498840332,250.98805236816406,1117.0,9780341.0,9693673.0,2517715.936012268,124,
130,8.010490417480469,119.08984375,1045.0,9588366.0,9501698.0,3589048.2153941393,1,13C1
136,0.08673200756311417,123.04145812988281,11.0,10507960.0,9268124.0,1050376.9520479087,136,
141,0.08673200756311417,164.06683349609375,11.0,9193223.0,9106555.0,753991.8810633859,141,
143,14.619670867919922,248.02108764648438,1901.0,9148855.0,9062187.0,2106287.521480162,,
144,5.050803184509277,112.1131820678711,657.0,17260794.0,9055626.0,6392547.30765152,,
170,7.093043327331543,112.0872802734375,925.0,8383470.5,8296802.0,574690.6881792545,,
175,9.001608848571777,152.05677795410156,1173.0,8292192.0,8205524.0,4167566.584742464,175,
182,5.323859691619873,136.06170654296875,693.0,8229982.5,8143314.0,4017598.3226187825,182,
183,8.040695190429688,118.0877914428711,1049.0,8198110.0,8110379.0,4256365.314987183,183,
195,0.08673200756311417,166.04629516601562,11.0,7874385.5,7787717.0,455220.24585108086,,
215,0.1364421248435974,113.10772705078125,17.0,7566837.0,7480169.0,1818626.4775229795,215,
237,10.819313049316406,193.05299377441406,1409.0,7343842.0,7257174.0,2429123.553928707,237,
276,2.128726005554199,196.125732421875,275.0,7001398.0,6914730.0,1881248.4443379177,5,13C1
278,5.385134220123291,250.98805236816406,701.0,6977505.0,6890837.0,2815694.825583458,,
305,10.788835525512695,250.98805236816406,1405.0,7456383.0,6591052.0,2335429.160130501,,
321,10.325239181518555,713.0714721679688,1345.0,6538265.5,6451597.0,518542.0320611,321,
330,0.40685269236564636,72.08140563964844,51.0,6452602.5,6365934.0,1587226.9711030722,330,
331,0.026211624965071678,215.0926971435547,3.0,6447336.5,6360668.0,1102375.6534992633,11,13C1
335,2.282029151916504,151.0966033935547,295.0,6423104.0,6336436.0,822126.2704310641,335,
387,0.7362149357795715,296.04229736328125,93.0,6104401.0,6017733.0,2208242.2559775114,,
411,0.1016089990735054,111.09207916259766,13.0,5963682.5,5877014.0,611780.9808201832,411,
413,0.08673200756311417,97.99168395996094,11.0,5959395.5,5872727.0,534545.218900782,,
423,6.4360480308532715,83.0609359741211,839.0,5911201.5,5824533.0,1254328.5472164154,423,
424,6.910015106201172,212.0942840576172,901.0,5910875.5,5824207.0,2939719.462647438,424,
425,14.604764938354492,248.0231170654297,1899.0,5997804.0,5821042.0,4398693.593287594,,
482,2.282029151916504,284.1681213378906,295.0,5607789.0,5521121.0,1037611.7855939232,482,
492,1.7043039798736572,302.1966247558594,219.0,5552102.0,5465434.0,1911922.476261856,492,
501,8.55307674407959,138.05508422851562,1115.0,5511225.0,5424557.0,3253640.46124766,501,
521,6.268250942230225,142.07745361328125,817.0,5397742.0,5311074.0,1338571.0961585045,4,13C1
527,10.75771713256836,112.11256408691406,1401.0,31849060.0,5242814.0,7631246.058692932,527,
535,10.325239181518555,715.0687255859375,1345.0,5283392.0,5196724.0,395742.30927324295,,
551,0.07165712118148804,95.04965209960938,9.0,5227365.5,5140697.0,581525.0690526918,608,13C1
563,8.56828498840332,250.9859161376953,1117.0,5200399.5,5113731.0,1552442.9046916962,563,
565,14.436302185058594,164.06683349609375,1877.0,7535608.5,5109411.0,2937005.2643671036,565,
570,0.08673200756311417,181.0309600830078,11.0,5167584.5,5080916.0,303336.60858950345,570,
575,3.003288507461548,296.0474853515625,389.0,5152081.5,5065413.0,1611922.5050635338,,
580,6.833307266235352,112.1131820678711,891.0,14054645.0,5056276.0,4451436.487358093,,
586,0.08673200756311417,82.01443481445312,11.0,5110229.0,5023561.0,497504.98446759675,,
594,3.8866825103759766,113.11580657958984,505.0,5066448.5,4979780.0,920400.705988884,956,13C1
599,0.07165712118148804,93.02190399169922,9.0,5039549.0,4952881.0,503966.7092049944,,
606,8.070452690124512,112.1131820678711,1053.0,12387442.0,4935626.0,4141409.2922554016,606,
608,0.08673200756311417,94.04559326171875,11.0,5009544.5,4922876.0,341287.32872881414,608,
617,11.097456932067871,209.047607421875,1445.0,4948178.0,4861510.0,2166028.0557609126,617,
623,9.538540840148926,106.0866928100586,1243.0,4942286.0,4855618.0,3480045.744836211,623,
625,0.08673200756311417,125.0379638671875,11.0,4934513.5,4847845.0,378449.5607557297,625,
626,24.242647171020508,141.05076599121094,3143.0,4933183.0,4846515.0,906491.4454841614,626,
636,11.22451400756836,286.113037109375,1461.0,4895546.0,4808878.0,1728990.5260055063,636,
651,10.076766014099121,132.10081481933594,1313.0,4860836.0,4774168.0,3357074.065929747,651,
662,0.08673200756311417,124.04127502441406,11.0,4791797.5,4705129.0,349002.87242861604,1451,13C1
672,12.317259788513184,112.11224365234375,1603.0,29343650.0,4680884.0,8053427.7967300415,672,
689,2.282029151916504,168.12310791015625,295.0,4707859.0,4621191.0,592255.3368850946,689,
696,0.08673200756311417,139.01788330078125,11.0,4671417.0,4584749.0,437580.21090299124,696,
719,0.056450989097356796,158.0268096923828,7.0,4595371.0,4508703.0,695341.8499045004,719,
723,10.48081111907959,711.06201171875,1365.0,4592665.0,4505997.0,378352.972966671,39091,13C1
736,1.491478443145752,338.1813659667969,191.0,4549652.0,4462984.0,601987.8107608801,736,
763,0.7663502097129822,341.10296630859375,97.0,4503445.0,4416777.0,885439.8902708292,763,
768,4.1456451416015625,296.0450439453125,539.0,4491024.0,4404356.0,910302.2300591469,768,
826,10.325239181518555,112.11163330078125,1345.0,15887428.0,4280435.0,3498417.550682068,826,
829,8.894063949584961,162.11260986328125,1159.0,4360128.5,4273460.0,1428896.7189992922,829,
866,11.22451400756836,291.06805419921875,1461.0,4271111.5,4184443.0,1333761.7008431852,866,
869,3.2026350498199463,130.08628845214844,415.0,4264754.0,4178086.0,1578990.5989321843,869,
873,0.07165712118148804,88.07611083984375,9.0,4243482.5,4156814.0,692234.3478298616,873,
906,2.264108419418335,267.143798828125,293.0,4154746.0,4068078.0,652672.0433507119,906,
921,8.397932052612305,112.1131820678711,1095.0,12134359.0,4037103.0,2684866.314727783,921,
932,10.325239181518555,711.0775146484375,1345.0,4100332.5,4013664.0,562234.152589798,22717,13C1
934,2.264108419418335,284.1732177734375,293.0,4097956.0,4011288.0,766508.2377537997,934,
951,9.016843795776367,236.1492156982422,1175.0,4029322.0,3942654.0,2255122.27692754,,
954,10.588310241699219,717.0584716796875,1379.0,4026969.5,3940301.0,577018.968217656,,
956,3.9631755352020264,112.11131286621094,515.0,7777220.0,3939754.0,2378541.088165283,956,
976,10.75771713256836,212.094970703125,1401.0,6665080.0,3891864.0,3089782.53617239,976,
1000,7.230356693267822,112.1131820678711,943.0,12186984.0,3838195.0,3171285.5309886932,1000,
1009,3.9017927646636963,95.08612823486328,507.0,3904648.75,3817980.0,717690.4111156464,,
1025,4.761726379394531,296.0462951660156,619.0,3864824.0,3778156.0,793127.3217213154,1025,
1081,7.383076190948486,104.07097625732422,963.0,3757204.25,3670536.0,1102812.440426588,,
1089,8.55307674407959,250.9901123046875,1115.0,3748676.25,3662008.0,1047213.2860774994,,
1106,0.056450989097356796,215.09442138671875,7.0,3712509.5,3625841.0,741959.3954274284,11,13C1
1120,16.88506507873535,112.11256408691406,2191.0,19352194.0,3605704.0,5313590.779891968,1120,
1132,23.287979125976562,139.01788330078125,3019.0,3670279.75,3583611.0,945889.1463947296,,
1148,4.761726379394531,296.044921875,619.0,3645911.0,3559243.0,800654.8546566963,1148,
1151,0.08673200756311417,82.53763580322266,11.0,3644872.75,3558078.0,286738.0171555313,,
1174,10.788835525512695,250.9859161376953,1405.0,3976399.75,3515159.0,1489577.9359691143,,
1215,2.128726005554199,241.183837890625,275.0,3529893.75,3443225.0,752880.2811672947,43,13C1
1260,1.7043039798736572,302.19378662109375,219.0,3457412.25,3370744.0,1304860.3530468345,,
1305,19.246891021728516,112.11256408691406,2497.0,15484711.0,3283241.0,2990836.8544158936,1305,
1337,7.336637020111084,112.1131820678711,957.0,11912628.0,3249820.0,3346654.477077484,1337,
1338,14.604764938354492,363.0148010253906,1899.0,3335410.0,3248742.0,567641.8222168549,,
1342,10.52712345123291,236.1492156982422,1371.0,3329899.5,3243231.0,1742471.8181926075,1342,
1376,0.7663502097129822,212.0950927734375,97.0,6847637.5,3194000.0,2191139.2322283387,1376,
1413,2.3878283500671387,212.094970703125,309.0,7259227.0,3150649.0,2268056.688275814,1413,
1423,10.619418144226074,717.0643310546875,1383.0,3221804.5,3135136.0,394875.1482349611,8495,13C1
1428,11.47284984588623,245.11367797851562,1493.0,3210633.0,3123965.0,1019438.550848037,1428,
1432,0.1016089990735054,115.12333679199219,13.0,3201887.25,3115219.0,385131.3298423388,1432,
1451,0.08673200756311417,123.03926086425781,11.0,3698208.5,3099296.0,492197.25571165374,1451,
1464,8.940255165100098,112.1131820678711,1165.0,9798737.0,3082703.0,2836085.4783096313,1464,
1467,10.030993461608887,112.11163330078125,1307.0,15184357.0,3081250.0,6555763.034133911,1467,
1483,11.656235694885254,159.076416015625,1517.0,3145312.75,3058644.0,1311810.2103120089,1483,
1498,9.462126731872559,155.08132934570312,1233.0,3130004.0,3043336.0,1586892.3584118187,1498,
1521,6.298627853393555,138.05508422851562,821.0,3108191.25,3021523.0,1566847.114373371,1521,
1525,2.264108419418335,312.2020568847656,293.0,3107156.5,3020488.0,448678.6778501412,1525,
1535,14.899303436279297,250.98788452148438,1937.0,6436846.5,3010136.0,1121908.4601840973,,
1545,0.08673200756311417,155.9818878173828,11.0,3076147.75,2989479.0,204793.27417329,,
1575,16.483007431030273,112.11163330078125,2139.0,9170587.0,2955420.0,1935024.4906196594,1575,
1583,7.6111249923706055,112.05078887939453,993.0,3032481.25,2945813.0,1581772.689074427,,
1596,5.050803184509277,250.9901123046875,657.0,3012502.5,2925834.0,1010577.7204942703,,
1629,0.08673200756311417,143.0303192138672,11.0,2979183.5,2892515.0,175676.4409842377,,
1632,3.9631755352020264,150.11248779296875,515.0,2974010.5,2887342.0,594543.087367367,1632,
1663,13.819070816040039,112.11163330078125,1797.0,10560187.0,2857370.0,3132673.5677452087,1663,
1695,2.5724833011627197,296.048828125,333.0,2911777.75,2825109.0,635941.3716902733,,
1696,14.619670867919922,593.0043334960938,1901.0,2909779.5,2823111.0,229369.40766615467,,
1703,7.093043327331543,124.08714294433594,925.0,2903445.0,2816777.0,233699.21925866604,1703,
1705,1.6284170150756836,266.15997314453125,209.0,2902929.5,2816261.0,1095332.9342361628,1705,
1706,4.1456451416015625,296.0436706542969,539.0,2901450.25,2814782.0,697642.2265651226,1706,
1718,10.48081111907959,112.11163330078125,1365.0,15100669.0,2804129.0,3241029.3956451416,1718,
1722,0.041403207927942276,91.0547866821289,5.0,2883653.5,2796985.0,385705.5071911608,1722,
1767,0.7663502097129822,250.98805236816406,97.0,4135998.75,2752115.0,1298068.521110177,,
1777,10.788835525512695,250.9901123046875,1405.0,2825881.5,2739213.0,1248033.749203682,,
1808,0.056450989097356796,216.08578491210938,7.0,2781547.25,2694879.0,447058.3592343279,1808,
1814,10.092012405395508,132.10324096679688,1315.0,2769956.0,2683288.0,2336967.678347636,1814,
1828,9.154751777648926,165.05783081054688,1193.0,2757920.25,2671252.0,711026.6374435574,1828,
1837,0.08673200756311417,60.04515075683594,11.0,2752294.25,2665626.0,313656.6096678502,,
1869,3.003288507461548,296.048828125,389.0,2719734.75,2633066.0,894917.113121748,,
1875,10.404043197631836,146.11770629882812,1355.0,2714895.25,2628227.0,788214.7026769533,1875,
1913,2.2340877056121826,112.11349487304688,289.0,4895487.5,2591705.0,2130239.297404766,1913,
1922,15.515707015991211,112.11163330078125,2015.0,8828518.0,2588187.0,1957421.313282013,1922,
1926,9.569121360778809,112.11163330078125,1247.0,14749393.0,2585535.0,4574411.614246368,,
1959,1.491478443145752,338.17803955078125,191.0,2638591.75,2551923.0,691060.8124535533,1959,
2001,2.282029151916504,196.1544952392578,295.0,2606319.5,2519651.0,263637.8408131581,2001,
2006,8.662529945373535,112.1131820678711,1129.0,10471318.0,2517403.0,2952299.1829566956,2006,
2020,15.863068580627441,112.11163330078125,2059.0,8728921.0,2497763.0,2349996.8802719116,2020,
2024,4.761726379394531,296.04766845703125,619.0,2582173.0,2495505.0,476924.4770247936,2024,
2043,17.764249801635742,112.11163330078125,2305.0,7905653.5,2473763.0,1943990.6963119507,2043,
2080,14.619670867919922,248.01898193359375,1901.0,2953742.25,2433774.0,817149.651661111,,
2091,4.160745143890381,296.0433654785156,541.0,2514456.5,2427788.0,429235.9604101181,2091,
2101,0.08673200756311417,158.01507568359375,11.0,2501268.75,2414600.0,154817.8310942204,,
2103,8.662529945373535,212.0974578857422,1129.0,2499867.0,2413199.0,763251.1591348648,2103,
2113,11.22451400756836,291.0707092285156,1461.0,2493800.75,2407132.0,917343.6740285158,2113,
2120,14.619670867919922,230.99530029296875,1901.0,2490562.75,2403894.0,564269.9481178299,,
2143,2.2340877056121826,296.0474853515625,289.0,6077597.5,2384804.0,1184673.1035561562,2143,
2166,4.639678955078125,98.07168579101562,603.0,2593993.25,2364910.0,253342.8890967369,,
2172,9.185291290283203,112.1131820678711,1197.0,9310491.0,2362270.0,2258550.6031856537,,
2189,11.254721641540527,333.1296081542969,1465.0,2426793.5,2340125.0,761328.6014902815,2189,
2196,6.58975076675415,112.1131820678711,859.0,13979051.0,2333789.0,3381247.0757522583,,
2209,1.6284170150756836,274.27374267578125,209.0,2404662.5,2317994.0,507139.45974969864,,
2217,0.07165712118148804,228.0690460205078,9.0,2401333.75,2314665.0,177643.67758189188,2217,
2218,14.619670867919922,478.009765625,1901.0,2400326.0,2313658.0,197745.1435323963,,
2239,23.919418334960938,97.99168395996094,3101.0,2385817.0,2299149.0,525916.3257360458,,
2250,2.9427742958068848,296.04229736328125,381.0,2373391.5,2286723.0,537167.5528782606,2250,
2270,0.08673200756311417,141.0521240234375,11.0,2514274.25,2274985.0,263536.27214175183,2270,
2276,2.816479444503784,296.04217529296875,365.0,2358311.5,2271643.0,571644.6813080311,2276,
2342,19.324304580688477,112.11163330078125,2507.0,7136225.0,2227723.0,2079915.4813022614,2342,
2356,4.746617794036865,296.0435485839844,617.0,2296591.0,2209923.0,586774.136013031,2356,
2359,10.665326118469238,112.11163330078125,1389.0,14559701.0,2207941.0,5189803.802577972,2359,
2368,11.47284984588623,269.105712890625,1493.0,2287129.5,2200461.0,715117.6005729418,2368,
2388,0.07165712118148804,125.0823974609375,9.0,2271981.25,2185313.0,153116.49216014566,,
2390,5.141481876373291,268.1039123535156,669.0,2270883.25,2184215.0,1254551.3057889938,2390,
2400,7.1232428550720215,112.1131820678711,929.0,11675487.0,2171352.0,3284451.469690323,2400,
2404,0.1016089990735054,74.0606689453125,13.0,2252862.5,2166194.0,295317.00878808834,,
2416,3.2177369594573975,296.04229736328125,417.0,2244080.0,2157412.0,507910.61599981785,2416,
2418,5.952132225036621,296.044921875,775.0,2242942.75,2156274.0,488023.4011683464,,
2420,0.08673200756311417,118.0351333618164,11.0,2240463.0,2153795.0,164275.81667848863,,
2443,2.6188371181488037,296.04217529296875,339.0,2225235.25,2138567.0,664196.4859576225,2443,
2547,8.304327964782715,112.11131286621094,1083.0,4876235.0,2070670.0,1834604.7282505035,2547,
2598,9.016843795776367,713.0656127929688,1175.0,2119137.75,2032469.0,168705.35657441616,2598,
2607,6.313611030578613,141.0763702392578,823.0,2116045.75,2029377.0,364417.9014055729,2607,
2644,6.727174758911133,112.1131820678711,877.0,11870284.0,2005633.0,3013203.0995349884,,
2653,10.325239181518555,112.11131286621094,1345.0,5366497.5,2002903.0,1610270.7521705627,2653,
2676,8.070452690124512,112.11349487304688,1053.0,3770971.0,1993609.0,1702295.4245796204,2676,
2710,6.833307266235352,112.11349487304688,891.0,4255235.0,1967013.0,2612299.764116764,,
2712,16.483007431030273,164.06631469726562,2139.0,6999497.0,1966184.0,1390381.8271865845,,
2771,10.27940845489502,112.11163330078125,1339.0,15113292.0,1933882.0,3308343.5525665283,2771,
2776,3.078885793685913,296.0491943359375,399.0,2017841.0,1931173.0,346709.3578837514,,
2780,0.1664876639842987,112.11163330078125,21.0,14179802.0,1926630.0,3519535.0745051503,2780,
2812,14.604764938354492,363.01849365234375,1899.0,2000589.75,1913921.0,437431.07999088755,,
2813,2.264108419418335,267.1461486816406,293.0,2000551.75,1913883.0,358360.2777318127,,
2836,5.906422138214111,112.11100006103516,769.0,2746964.25,1893754.0,791869.5791101456,2836,
2839,0.056450989097356796,141.00033569335938,7.0,1977741.0,1891073.0,334058.1032588788,,
2867,11.22451400756836,286.11041259765625,1461.0,2070294.5,1876125.0,875425.4051924815,,
2873,23.102401733398438,164.065185546875,2995.0,1957329.375,1870661.0,839230.5682506561,2873,
2886,4.685051918029785,296.04779052734375,609.0,1951669.375,1865001.0,318012.6091526747,2886,
2890,4.639678955078125,112.08740234375,603.0,1958972.5,1861250.0,160834.6232356727,,
2896,7.321439266204834,144.10186767578125,955.0,1944025.0,1857357.0,619185.9194440842,,
2906,9.661758422851562,112.11163330078125,1259.0,14252595.0,1853870.0,5145172.884471893,2906,
2919,14.604764938354492,707.997802734375,1899.0,1929993.875,1843325.0,149361.22228587477,,
2921,23.241506576538086,125.0379638671875,3013.0,1929788.125,1843120.0,438493.31887435913,,
2946,11.302982330322266,84.04501342773438,1471.0,1912559.75,1825891.0,1039225.7109974101,,
3000,0.07165712118148804,95.0188217163086,9.0,1886499.5,1799831.0,171242.4917797792,,
3003,2.2490897178649902,203.1832275390625,291.0,1885848.125,1799180.0,705602.9016263955,47,13C1
3006,0.07165712118148804,138.96884155273438,9.0,1885202.125,1798534.0,132140.0658427074,,
3028,0.5799681544303894,212.0933074951172,73.0,3091142.25,1785137.0,806781.472980082,3028,
3064,0.07165712118148804,136.97076416015625,9.0,1853228.25,1766560.0,146357.7906192617,,
3082,9.599660873413086,116.07100677490234,1251.0,1842912.5,1756244.0,945428.9701074362,,
3102,3.003288507461548,112.11349487304688,389.0,4872136.5,1743434.0,1459002.7721271515,,
3103,10.75771713256836,112.11163330078125,1401.0,13308581.0,1743123.0,3666557.28282547,3103,
3142,3.172430992126465,112.11349487304688,411.0,4989171.0,1720640.0,1482847.9953756332,3142,
3159,5.385134220123291,296.0435485839844,701.0,1800883.625,1714215.0,381244.7563838959,,
3175,2.128726005554199,133.0858917236328,275.0,1793110.75,1706442.0,462004.28544820845,,
3176,9.016843795776367,711.071533203125,1175.0,1793038.375,1706370.0,157811.65359175205,,
3188,24.90976905822754,100.02481079101562,3229.0,1788997.5,1702329.0,398037.5136756897,,
3192,0.08673200756311417,197.0081787109375,11.0,1787672.0,1701004.0,126033.0057996572,,
3211,4.624570846557617,97.07652282714844,601.0,1853535.0,1693981.0,167753.0003362894,,
3233,8.010490417480469,112.11131286621094,1045.0,4578650.0,1681270.0,1326982.1076278687,3233,
3244,1.8102991580963135,113.11580657958984,233.0,4522571.5,1676469.0,1163904.536571741,5408,13C1
3248,23.318628311157227,124.04127502441406,3023.0,1760054.375,1673386.0,323194.1844406128,,
3259,7.413478374481201,112.1131820678711,967.0,10709916.0,1666291.0,2658188.4957237244,3259,
3284,11.0059175491333,176.12796020507812,1433.0,1745336.125,1658668.0,831048.266444393,3284,
3290,6.833307266235352,250.9901123046875,891.0,2814843.5,1655569.0,894533.9827308655,,
3313,9.016843795776367,236.1511688232422,1175.0,1729033.375,1642365.0,716766.3623245806,,
3322,10.263609886169434,713.0810546875,1337.0,1723575.5,1636907.0,114477.12794291973,,
3323,8.397932052612305,112.11349487304688,1095.0,3718993.0,1636810.0,1089824.1273117065,3323,
3326,10.588310241699219,713.0811767578125,1379.0,1722226.625,1635558.0,116931.29951620102,,
3344,9.016843795776367,715.0629272460938,1175.0,1713970.125,1627302.0,139017.60305857658,,
3346,0.1364421248435974,96.081298828125,17.0,1713307.125,1626639.0,570486.8936235858,,
3355,16.235578536987305,112.11163330078125,2107.0,8183079.5,1623213.0,2168477.9050712585,3355,
3359,3.811180830001831,296.04229736328125,495.0,1709006.5,1622338.0,647587.9077848196,3359,
3398,1.6284170150756836,249.1329803466797,209.0,1693321.875,1606653.0,602659.4849082879,3398,
3405,8.53780746459961,112.1131820678711,1113.0,9763555.0,1601880.0,2996948.1365451813,3405,
3406,21.213436126708984,112.11288452148438,2751.0,8125142.0,1601342.0,2761470.7695236206,3406,
3427,10.496125221252441,713.0811767578125,1367.0,1679850.625,1593182.0,134139.4340019226,,
3447,2.128726005554199,213.15249633789062,275.0,1673388.5,1586720.0,419794.5894282204,40,13C1
3461,2.264108419418335,312.1990966796875,293.0,1665992.125,1579324.0,294678.79140275344,3461,
3472,10.634689331054688,713.0811767578125,1385.0,1662295.25,1575627.0,154127.95084232464,,
3482,8.195428848266602,112.1131820678711,1069.0,10346520.0,1571192.0,2546607.7569732666,3482,
3493,0.07165712118148804,102.12808990478516,9.0,1655205.125,1568537.0,201524.68969412986,,
3494,9.954593658447266,711.0562744140625,1297.0,1654590.375,1567922.0,117997.97970056534,,
3500,14.096260070800781,139.01788330078125,1833.0,2182250.0,1565405.0,563053.0760231018,,
3562,14.619670867919922,592.99658203125,1901.0,1628907.875,1542239.0,124436.3156534509,3562,
3579,0.7362149357795715,341.0997009277344,93.0,1624429.0,1537761.0,563223.5359691381,,
3593,12.209919929504395,214.08944702148438,1589.0,2975448.0,1534477.0,497684.20559310913,,
3597,0.1016089990735054,85.07649230957031,13.0,1618812.5,1532144.0,131298.69521385967,,
3600,11.333252906799316,90.05546569824219,1475.0,1616771.5,1530103.0,386250.68736830354,,
3616,1.0767854452133179,296.0502014160156,137.0,1613027.25,1526359.0,855847.0118656754,3616,
3621,8.986419677734375,212.09262084960938,1171.0,2023252.5,1524872.0,630740.6746973991,,
3655,24.799524307250977,74.0606689453125,3215.0,1600033.5,1513365.0,274174.50279664993,,
3663,0.08673200756311417,143.04869079589844,11.0,1595916.75,1509248.0,113627.62586384453,,
3670,1.491478443145752,338.1847229003906,191.0,1594180.25,1507512.0,248680.68683515856,3670,
3718,7.84116268157959,112.1131820678711,1023.0,11728571.0,1488363.0,4683812.927137375,3718,
3726,0.08673200756311417,164.0684814453125,11.0,1572128.0,1485460.0,209997.98371859128,3726,
3745,8.13520622253418,112.11131286621094,1061.0,4642895.0,1478375.0,1999368.7510681152,3745,
3750,3.6589486598968506,296.04229736328125,475.0,1563888.0,1477220.0,429406.70680081844,3750,
3751,11.22451400756836,253.14785766601562,1461.0,1563707.125,1477039.0,668565.8616560027,66,13C1
3761,0.08673200756311417,124.04386901855469,11.0,1558757.375,1472089.0,118665.75980760512,1451,13C1
3769,9.722890853881836,713.0806884765625,1267.0,1556112.375,1469444.0,87766.92304456234,,
3775,19.324304580688477,123.03962707519531,2507.0,3530877.0,1468386.0,1063064.7466106415,3775,
3787,10.52712345123291,165.09481811523438,1371.0,1550059.75,1463391.0,549663.9231848288,,
3792,7.489130020141602,112.11131286621094,977.0,4680259.0,1460550.0,1388192.6245641708,3792,
3804,17.409814834594727,73.07666778564453,2259.0,1544318.125,1457650.0,250392.7557052374,,
3828,6.650331497192383,296.0461120605469,867.0,1534788.75,1448120.0,252724.3382539749,,
3835,0.08673200756311417,102.02224731445312,11.0,1533749.5,1447081.0,123506.16015065691,,
3836,3.811180830001831,250.9869842529297,495.0,4938652.5,1446676.0,1688025.6204447746,,
3846,10.27940845489502,713.081298828125,1339.0,1531319.375,1444651.0,114477.12794291973,,
3853,1.5826424360275269,112.11349487304688,203.0,4030922.5,1443603.0,1414595.3918251991,3853,
3855,2.2340877056121826,296.0489501953125,289.0,3190494.0,1443455.0,669421.5523061752,,
3862,3.093991994857788,112.11349487304688,401.0,4518040.0,1441653.0,1497786.0234203339,,
3887,1.6284170150756836,266.1576232910156,209.0,1521575.875,1434907.0,639618.4048829486,,
3903,4.329550266265869,296.048828125,563.0,1514402.0,1427734.0,332113.5787718296,,
3912,9.722890853881836,112.11349487304688,1267.0,2862197.75,1425270.0,1148261.9700670242,3912,
3923,17.563892364501953,112.11163330078125,2279.0,7725102.0,1420863.0,1734465.6843719482,3923,
3967,11.22451400756836,291.06536865234375,1461.0,1489175.75,1402507.0,560748.580548048,,
3988,5.906422138214111,296.0436706542969,769.0,1483872.75,1397204.0,280379.0076316595,,
3992,16.483007431030273,112.11131286621094,2139.0,3099834.75,1396204.0,871804.9159660339,3992,
3993,7.093043327331543,102.06669616699219,925.0,1482448.75,1395780.0,99631.63163244724,,
3996,0.7663502097129822,250.9859161376953,97.0,2109302.5,1395259.0,774214.1089379191,,
4065,15.215330123901367,74.09710693359375,1977.0,1656858.875,1375141.0,1180471.7500658035,,
4086,10.092012405395508,133.1052703857422,1315.0,1453729.5,1367061.0,380097.37277054787,1814,13C1
4093,6.970606327056885,112.1131820678711,909.0,10861619.0,1365622.0,3962821.4781627655,,
4124,10.030993461608887,112.11131286621094,1307.0,5035676.5,1355764.0,2112362.3673915863,4124,
4138,11.564041137695312,164.06683349609375,1505.0,4649454.0,1349126.0,1627001.3173265457,,
4143,0.08673200756311417,225.02035522460938,11.0,1434503.75,1347835.0,83217.04037391569,,
4151,10.092012405395508,713.0809326171875,1315.0,1431259.625,1344591.0,114781.32688987255,,
4153,0.07165712118148804,98.07181549072266,9.0,1467930.375,1344446.0,168950.24163581524,,
4161,11.564041137695312,132.0767822265625,1505.0,1428902.0,1342234.0,620314.7084396072,,
4162,5.9370574951171875,296.0474853515625,773.0,1428785.125,1342117.0,292611.9348114729,,
4176,7.0475077629089355,250.98805236816406,919.0,6090579.0,1338125.0,1011526.6678514481,,
4178,7.093043327331543,89.0715103149414,925.0,1424294.625,1337626.0,91342.75199192762,,
4183,0.08673200756311417,199.04168701171875,11.0,1422181.5,1335513.0,87706.51111023244,,
4193,9.016843795776367,148.0967559814453,1175.0,1419813.75,1333145.0,739671.5849317908,,
4205,2.6793553829193115,112.11349487304688,347.0,4475407.0,1330055.0,1708426.365076065,,
4228,6.2234344482421875,199.12686157226562,811.0,1410035.25,1323367.0,376939.57563102245,,
4249,0.056450989097356796,158.02841186523438,7.0,1399172.0,1312504.0,272822.0728068545,4249,
4258,2.5724833011627197,112.11349487304688,333.0,3970172.25,1308871.0,1291975.2030301094,,
4267,11.22451400756836,252.14242553710938,1461.0,8610086.0,1304050.0,4370255.687380871,,
4271,4.099245548248291,296.04217529296875,533.0,1389740.875,1303072.0,398489.9084274769,,
4313,10.061470031738281,713.0814208984375,1311.0,1377214.875,1290546.0,114781.32688987255,,
4342,11.488054275512695,269.1033935546875,1495.0,1369484.0,1282816.0,729071.8722984493,,
4353,10.665326118469238,713.0814208984375,1389.0,1366828.5,1280160.0,132181.07922548428,,
4360,18.953346252441406,123.04072570800781,2459.0,7937105.5,1279465.0,1557726.0455856323,,
4377,0.07165712118148804,212.0738983154297,9.0,1362744.25,1276076.0,158812.1209678789,,
4385,0.07165712118148804,228.06719970703125,9.0,1360518.875,1273850.0,108257.85479906248,,
4409,2.282029151916504,151.09510803222656,295.0,1418034.5,1267262.0,238279.49193386175,4409,
4413,4.470278263092041,296.04229736328125,581.0,1352896.375,1266228.0,283877.47260153294,,
4430,7.980724334716797,112.1131820678711,1041.0,11442356.0,1262834.0,2809591.180206299,4430,
4471,0.08673200756311417,101.0256576538086,11.0,1339320.75,1252652.0,100263.73681247499,,
4475,2.128726005554199,177.1120147705078,275.0,1338655.625,1251987.0,375222.6779485409,,
4490,18.767736434936523,257.9331970214844,2435.0,1335134.125,1248466.0,731162.4024621323,,
4494,10.588310241699219,715.0784912109375,1379.0,1333347.25,1246679.0,88429.02980792522,321,13C2
4499,3.3849880695343018,112.11349487304688,439.0,4630203.5,1245334.0,2774373.6888394356,4499,
4515,23.08707618713379,166.06466674804688,2993.0,1327827.5,1241159.0,246836.24704694748,,
4518,23.88881492614746,94.04559326171875,3097.0,1327087.875,1240419.0,256845.77686214447,,
4523,4.579110622406006,296.048828125,595.0,1324887.0,1238219.0,409636.06233239174,,
4536,2.264108419418335,285.1735534667969,293.0,1322284.625,1235616.0,192569.49266497756,115,13C1
4537,8.56828498840332,268.01446533203125,1117.0,1321382.125,1234714.0,342993.8157055378,,
4547,10.217724800109863,112.11349487304688,1331.0,2662272.0,1231734.0,1418218.3845453262,4547,
4550,7.093043327331543,115.08678436279297,925.0,1317497.375,1230829.0,80488.58710256219,,
4552,0.1664876639842987,112.11131286621094,21.0,4644012.5,1230454.0,1810839.1809096485,4552,
4555,10.263609886169434,715.0782470703125,1337.0,1316745.5,1230077.0,85368.27402019501,321,13C2
4556,10.123567581176758,713.081298828125,1319.0,1316732.75,1230064.0,98967.04507148266,,
4559,16.68388557434082,112.11163330078125,2165.0,7790613.5,1229508.0,2175881.7885131836,4559,
4565,15.356830596923828,112.11349487304688,1995.0,2155261.25,1228472.0,1136182.2593231201,4565,
4569,15.957810401916504,112.11163330078125,2071.0,7959289.5,1228045.0,2235499.9984149933,4569,
4570,0.041403207927942276,87.04452514648438,5.0,1313985.5,1227317.0,200087.94734607753,,
4584,9.877138137817383,713.081298828125,1287.0,1310735.125,1224067.0,86164.22738957405,,
4586,2.2490897178649902,171.11285400390625,291.0,2183469.75,1223875.0,747239.2611579895,4586,
4589,4.548817157745361,296.049072265625,591.0,1309769.125,1223101.0,283143.23682689667,,
4593,14.805094718933105,244.02157592773438,1925.0,1307781.125,1221113.0,250118.66447162628,,
4629,0.08673200756311417,164.065185546875,11.0,1300815.125,1214147.0,176301.03020801884,4629,
4641,7.565743923187256,112.11131286621094,987.0,4441774.0,1211309.0,1656206.0435962677,4641,
4665,5.233224868774414,136.06297302246094,681.0,1958278.75,1205574.0,869277.2206723392,4665,
4667,0.08673200756311417,183.02821350097656,11.0,1291990.875,1205322.0,77320.52245483315,6767,13C1
4669,1.5826424360275269,274.27606201171875,203.0,1291617.375,1204949.0,354004.54085573554,,
4672,2.128726005554199,114.09170532226562,275.0,1291114.375,1204446.0,507823.62557798624,,
4680,4.7163472175598145,214.08944702148438,613.0,1290321.5,1203653.0,296027.02824115753,,
4683,4.548817157745361,212.0950927734375,591.0,5577861.5,1203272.0,1025391.2768769264,4683,
4686,0.1016089990735054,103.08698272705078,13.0,1289459.75,1202791.0,93664.59828702259,,
4697,10.52712345123291,236.1511688232422,1371.0,1287095.375,1200427.0,849782.3214781709,,
4722,21.70924186706543,123.03962707519531,2815.0,3558371.25,1193468.0,932568.2426452637,,
4743,0.08673200756311417,142.05152893066406,11.0,1276056.25,1189388.0,87993.70259766723,5101,13C1
4775,12.069000244140625,73.07666778564453,1571.0,1267136.625,1180468.0,188594.2332212776,,
4791,7.336637020111084,112.11349487304688,957.0,3470215.75,1177530.0,1508776.8282232285,4791,
4797,10.572989463806152,713.0817260742188,1377.0,1263234.25,1176566.0,116931.29951620102,,
4802,7.383076190948486,296.0461120605469,963.0,1262500.25,1175832.0,226071.4519455433,,
4804,7.856606483459473,112.11349487304688,1025.0,3584302.25,1174979.0,1696264.4143543243,4804,
4813,10.496125221252441,715.078369140625,1367.0,1259658.75,1172990.0,102663.64135414362,321,13C2
4816,1.2787444591522217,243.1826629638672,163.0,1258804.875,1172136.0,254391.9992742252,,
4876,0.1016089990735054,111.09114074707031,13.0,1364920.25,1158874.0,200663.35119189078,4876,
4911,1.7952637672424316,95.08612823486328,231.0,3504290.0,1152001.0,1033097.1930509806,4911,
4914,10.696438789367676,101.07148742675781,1393.0,1237750.75,1151082.0,90819.00973580778,,
4932,0.08673200756311417,116.0022201538086,11.0,1234026.375,1147358.0,102342.40295437933,,
4936,0.9378864765167236,112.11349487304688,119.0,4606586.5,1146829.0,2731517.7447365522,4936,
4959,15.863068580627441,112.11131286621094,2059.0,2881073.0,1141791.0,1047799.6006641388,4959,
4969,16.39027976989746,112.11163330078125,2127.0,7908531.0,1138529.0,3268282.6464424133,4969,
4982,0.07165712118148804,102.091796875,9.0,1228552.25,1136447.0,122194.98491548964,,
4984,1.6132880449295044,266.1622009277344,207.0,1223005.625,1136337.0,559438.5584114136,4984,
4996,9.17000961303711,160.09695434570312,1195.0,1220894.25,1134226.0,653859.9918586761,,
5009,8.489707946777344,112.1131820678711,1107.0,9840313.0,1132199.0,2452940.289506912,5009,
5023,7.016147613525391,173.12867736816406,915.0,1215330.375,1128662.0,283904.9345471859,,
5040,8.878780364990234,162.1110076904297,1157.0,1212364.625,1125696.0,440235.06669648696,5040,
5043,10.604086875915527,552.0601196289062,1381.0,1211587.25,1124919.0,155033.48078158798,,
5053,17.409814834594727,98.07168579101562,2259.0,1224468.625,1123159.0,170267.74192011356,,
5065,7.093043327331543,101.07054138183594,925.0,1779061.125,1120072.0,176500.96985970438,5065,
5070,17.48682975769043,250.98788452148438,2269.0,4105539.0,1118799.0,858131.0719165802,,
5079,0.23151439428329468,296.0502014160156,29.0,1601632.625,1117898.0,577418.9375155717,5079,
5090,7.093043327331543,101.07217407226562,925.0,2048484.375,1114639.0,201734.22600457072,5090,
5101,0.08673200756311417,141.04942321777344,11.0,1272712.0,1111663.0,159023.07880143588,5101,
5102,7.383076190948486,296.04473876953125,963.0,1198210.375,1111542.0,203210.32691657543,,
5116,2.0232579708099365,239.149169921875,261.0,1195186.25,1108518.0,378700.77123126015,,
5137,10.588310241699219,717.0739135742188,1379.0,1190841.375,1104173.0,78471.08162802458,,
5151,8.662529945373535,112.11349487304688,1129.0,3119079.5,1101873.0,1149802.6445684433,,
5163,1.2787444591522217,296.0502014160156,163.0,1187371.625,1100703.0,348720.7674612403,5163,
5185,14.899303436279297,250.9901123046875,1937.0,2451101.75,1096498.0,638268.4674201012,,
5194,5.050803184509277,268.106201171875,657.0,1181215.25,1094547.0,238860.9017945528,,
5240,9.738216400146484,713.0810546875,1269.0,1174869.5,1088201.0,87766.92304456234,,
5241,2.0232579708099365,112.11349487304688,261.0,4454797.5,1088150.0,1736681.9749436378,5241,
5255,2.6491119861602783,144.98236083984375,343.0,1173288.5,1086620.0,431574.1896171421,,
5263,9.077585220336914,717.0591430664062,1183.0,1171773.125,1085105.0,81791.98250889778,,
5270,1.9774750471115112,292.1746826171875,255.0,1170689.875,1084021.0,288024.08126495034,5270,
5275,18.953346252441406,123.04145812988281,2459.0,2485182.5,1083446.0,566030.4878168106,,
5282,7.153494834899902,296.0462951660156,933.0,1169408.375,1082740.0,189408.09905135632,,
5285,0.08673200756311417,166.06466674804688,11.0,1169194.75,1082526.0,97395.55019125098,,
5286,8.940255165100098,112.11349487304688,1165.0,2769881.5,1082400.0,1069561.256559372,,
5292,0.1016089990735054,132.10203552246094,13.0,1168246.75,1081578.0,153134.16396499402,,
5306,9.64648723602295,713.0810546875,1257.0,1164857.25,1078189.0,95194.87439543009,,
5332,14.619670867919922,478.004150390625,1901.0,1159064.75,1072396.0,92780.0221703162,,
5350,14.390060424804688,141.05076599121094,1871.0,1425177.25,1069758.0,434106.6606144905,,
5370,1.6284170150756836,294.1904296875,209.0,1153930.875,1067262.0,365655.9025387706,5370,
5373,0.056450989097356796,61.02911376953125,7.0,1153574.0,1066906.0,192256.2966919291,,
5380,11.424363136291504,123.04072570800781,1487.0,3927241.5,1066282.0,726856.9659109116,,
5384,11.97760009765625,112.11131286621094,1559.0,3540313.25,1065716.0,1068996.3752250671,5384,
5395,12.084235191345215,83.0609359741211,1573.0,4125614.25,1064101.0,1057583.5284614563,,
5408,1.7801575660705566,112.11349487304688,229.0,4685731.0,1061739.0,1427038.2560153008,5408,
5413,10.696438789367676,101.07122039794922,1393.0,1147754.25,1061086.0,95371.61280292273,,
5424,14.604764938354492,593.011962890625,1899.0,1145633.25,1058965.0,86973.85041011963,,
5443,10.557726860046387,553.0571899414062,1375.0,1143438.25,1056770.0,107176.40390151739,,
5464,3.112004518508911,296.04766845703125,403.0,5062542.0,1053464.0,1148049.3514165878,5464,
5480,8.662529945373535,73.07666778564453,1129.0,1179053.0,1051227.0,293927.0738604963,,
5485,0.056450989097356796,214.09364318847656,7.0,1136728.375,1050060.0,299500.09182928805,,
5491,9.722890853881836,715.0780029296875,1267.0,1136316.875,1049648.0,66391.02673894167,,
5500,13.18593978881836,367.0940856933594,1715.0,1133675.625,1047007.0,123906.55830073357,,
5512,0.056450989097356796,73.06549835205078,7.0,1131273.0,1044605.0,183290.78145411116,,
5513,17.270753860473633,112.11163330078125,2241.0,7226173.5,1044435.0,1999740.4205741882,5513,
5527,0.08673200756311417,168.0436248779297,11.0,1128147.75,1041479.0,67785.313583081,,
5538,15.672614097595215,112.11163330078125,2035.0,7878630.5,1040239.0,2598812.925792694,5538,
5542,10.27940845489502,715.0784912109375,1339.0,1126713.0,1040045.0,85368.27402019501,321,13C2
5544,17.594585418701172,214.08944702148438,2283.0,3087816.75,1039846.0,663288.9961776733,5544,
5549,15.515707015991211,112.11131286621094,2015.0,2779561.75,1039212.0,849594.1055107117,5549,
5554,7.153494834899902,296.044921875,933.0,1125214.75,1038546.0,189487.9535216093,,
5592,6.712028980255127,112.11349487304688,875.0,3513483.75,1032529.0,1148854.877708435,,
5601,15.405577659606934,112.11163330078125,2001.0,8329988.5,1031702.0,2353354.6630630493,5601,
5613,10.263609886169434,717.0736694335938,1337.0,1115419.375,1028751.0,74896.15678602457,,
5648,7.093043327331543,130.09768676757812,925.0,1108149.625,1021481.0,64700.86331408471,,
5660,2.5724833011627197,296.0474853515625,333.0,5645744.5,1019041.0,1125444.8719434738,5660,
5694,10.061470031738281,143.081298828125,1311.0,1100351.125,1013683.0,518501.97864978015,,
5715,21.198070526123047,367.0940856933594,2749.0,1097482.5,1010814.0,173226.39280486107,,
5748,2.481638193130493,341.1062316894531,321.0,1090788.5,1004120.0,202171.5070067048,,
5759,0.1016089990735054,259.14715576171875,13.0,1089137.375,1002469.0,102909.35148936254,,
5792,10.092012405395508,715.0782470703125,1315.0,1085396.25,998728.0,86976.41019183397,321,13C2
5810,11.424363136291504,180.07696533203125,1487.0,1082097.0,995429.0,446902.16672084853,65,13C1
5833,10.52712345123291,338.0494384765625,1371.0,1077972.75,991304.0,162936.14804267883,,
5837,24.863788604736328,164.06683349609375,3223.0,5866434.0,990464.0,1108806.4391860962,,
5843,10.634689331054688,717.0739135742188,1385.0,1076431.875,989763.0,102420.06269964436,,
5844,9.446860313415527,713.0811767578125,1231.0,1076355.625,989687.0,87805.71654176712,,
5845,7.093043327331543,99.06700134277344,925.0,1076306.625,989638.0,77525.96948717535,,
5853,22.71600914001465,112.11288452148438,2945.0,5978495.5,987856.0,1286485.5955905914,5853,
5856,10.788835525512695,268.01446533203125,1405.0,1074209.375,987541.0,155456.83461809158,,
5875,19.246891021728516,123.04109191894531,2497.0,5266023.0,983695.0,1938331.0095062256,,
5877,22.468198776245117,250.9901123046875,2913.0,1069874.125,983206.0,271803.2917871475,,
5880,11.287881851196289,112.11131286621094,1469.0,4138641.75,982674.0,1837305.7331256866,,
5892,10.061470031738281,715.0787963867188,1311.0,1067074.375,980406.0,86976.41019183397,,
5896,16.977577209472656,112.11163330078125,2203.0,7865670.5,979664.0,1811136.0365905762,5896,
5913,3.247953414916992,112.11349487304688,421.0,4283361.0,977328.0,1404423.4841828346,5913,
5925,9.077585220336914,112.11131286621094,1183.0,4747795.0,975828.0,1753772.9705352783,,
5933,8.583516120910645,112.11131286621094,1119.0,4159264.0,974735.0,1924102.808060646,5933,
5936,7.016147613525391,120.1021728515625,915.0,1061027.0,974359.0,332895.3795539737,,
5944,4.746617794036865,296.04217529296875,617.0,1059899.0,973231.0,371387.80755770206,,
5948,14.649520874023438,276.96435546875,1905.0,1059058.125,972390.0,462197.5513900914,,
5963,7.702945232391357,164.09176635742188,1005.0,1056921.75,970253.0,320269.69835680723,,
5967,5.952132225036621,268.0143127441406,775.0,1055990.625,969322.0,189780.40632605553,,
5973,24.799524307250977,85.07691192626953,3215.0,1055210.75,968542.0,161189.00228846073,,
5991,11.594443321228027,258.1102294921875,1509.0,1052718.125,966050.0,501042.1704304423,,
6032,13.618553161621094,164.065185546875,1771.0,1273061.0,960944.0,403120.35692596436,6032,
6044,0.08673200756311417,132.96603393554688,11.0,1046060.0625,959392.0,82358.02459774754,,
6066,0.07165712118148804,95.06083679199219,9.0,1043139.0625,956471.0,66214.30264545849,,
6069,0.08673200756311417,125.03909301757812,11.0,1105089.0,956258.0,123797.05020163953,6069,
6081,15.831823348999023,112.11163330078125,2055.0,8518813.0,954596.0,1988759.0779323578,6081,
6083,10.604086875915527,554.0565795898438,1381.0,1040777.6875,954109.0,145722.3982328195,,
6113,17.764249801635742,112.11131286621094,2305.0,2493912.0,950214.0,852614.8623075485,6113,
6115,19.788877487182617,214.08956909179688,2567.0,3182062.25,949626.0,748451.9908952713,6115,
6118,17.08570671081543,112.11163330078125,2217.0,7838614.0,949291.0,2447330.789466858,6118,
6129,10.496125221252441,717.0739135742188,1367.0,1034335.125,947667.0,88327.60889017582,,
6134,22.71600914001465,112.1131820678711,2945.0,2708640.5,946842.0,643521.2245044708,6134,
6145,0.08673200756311417,182.031494140625,11.0,1031596.25,944928.0,64084.4244407113,6403,13C1
6147,9.661758422851562,713.0816040039062,1259.0,1031498.5625,944830.0,95194.87439543009,,
6176,10.27940845489502,112.11131286621094,1339.0,5055906.0,940648.0,1486916.126466751,6176,
6212,2.2970540523529053,124.0872802734375,297.0,1155856.5,935481.0,298466.7314213738,,
6235,2.35750150680542,341.1062316894531,305.0,1019108.5625,932440.0,266879.4957810044,,
6238,8.1502046585083,175.1079864501953,1063.0,1018848.4375,932180.0,410283.7976599932,,
6250,0.041403207927942276,101.06002807617188,5.0,1016595.5,929927.0,127245.72727977304,,
6252,6.955458641052246,137.04583740234375,907.0,1016431.5,929763.0,217577.52364611626,,
6253,9.877138137817383,715.0784912109375,1287.0,1016430.125,929762.0,65733.5117893815,321,13C2
6267,10.27940845489502,717.0740356445312,1339.0,1015045.1875,928377.0,74896.15678602457,,
6276,10.325239181518555,112.11100006103516,1345.0,1746666.625,927520.0,537591.7537288666,6276,
6279,0.08673200756311417,90.09193420410156,11.0,1013880.6875,927212.0,159287.11241293885,,
6288,0.08673200756311417,140.9972686767578,11.0,1028772.1875,925898.0,67682.32337091665,,
6296,9.446860313415527,112.11349487304688,1231.0,2745239.75,925527.0,1177686.085855484,,
6317,14.664440155029297,465.9222106933594,1907.0,1009075.25,922407.0,117103.87566554546,6317,
6365,0.07165712118148804,215.09066772460938,9.0,1004559.0,917891.0,244145.74658774328,63,13C1
6372,0.1016089990735054,101.07148742675781,13.0,1002993.8125,916325.0,124345.64797112189,,
6403,0.08673200756311417,181.0290069580078,11.0,1065115.0,913119.0,89551.12184897996,6403,
6411,6.313611030578613,141.06875610351562,823.0,1007368.9375,912058.0,78766.67129978538,6411,
6417,1.6284170150756836,274.2713317871094,209.0,998271.4375,911603.0,200645.99680176377,,
6427,10.123567581176758,715.07861328125,1319.0,997186.8125,910518.0,74714.62571328878,321,13C2
6448,23.08707618713379,165.0670166015625,2993.0,995219.9375,908551.0,182461.238802433,2873,13C1
6463,4.639678955078125,83.0609359741211,603.0,5205168.5,905973.0,2666724.7009119987,6463,
6469,7.321439266204834,150.11248779296875,955.0,992081.25,905413.0,505973.0085914219,,
6478,11.488054275512695,245.1106719970703,1495.0,1004245.375,903921.0,594718.3191533685,,
6493,19.123390197753906,123.04072570800781,2481.0,7762038.5,902318.0,1553123.3022766113,,
6520,10.926641464233398,112.11131286621094,1423.0,4253939.5,899001.0,1665783.305445671,6520,
6531,4.268763065338135,296.0461120605469,555.0,4380674.0,897152.0,765895.1918921471,6531,
6552,9.354350090026855,112.11131286621094,1219.0,4924001.0,894580.0,1499148.4710922241,,
6560,19.246891021728516,123.04145812988281,2497.0,2580081.0,893462.0,987845.1507568359,,
6563,11.424363136291504,117.05487060546875,1487.0,979925.375,893257.0,411532.31385533325,,
6567,0.1514565646648407,284.19647216796875,19.0,979625.875,892957.0,204225.6515711657,,
6598,10.75771713256836,212.0974578857422,1401.0,1278307.625,888475.0,759674.1763601303,6598,
6630,10.588310241699219,179.04058837890625,1379.0,971529.9375,884861.0,417389.7564164535,,
6632,9.569121360778809,112.11131286621094,1247.0,4582347.0,884704.0,1774030.3813228607,,
6651,23.272201538085938,166.04629516601562,3017.0,968878.25,882210.0,205661.41360330582,,
6652,11.22451400756836,286.1156311035156,1461.0,2372123.0,882132.0,1003737.994931825,6652,
6661,2.724719762802124,341.1064758300781,353.0,967577.5,880909.0,104756.0184262693,,
6663,7.093043327331543,116.08197021484375,925.0,967500.625,880832.0,62743.94467242807,,
6677,10.727086067199707,713.0809326171875,1397.0,965834.6875,879166.0,35499.5646901764,,
6688,12.008051872253418,62.060813903808594,1563.0,964403.0625,877735.0,251106.9722108841,,
6690,2.9578888416290283,341.1063537597656,383.0,964081.9375,877413.0,152537.35533890128,,
6700,10.727086067199707,711.0562744140625,1397.0,962891.0625,876223.0,38289.679993637255,,
6706,10.572989463806152,715.0790405273438,1377.0,962676.5625,876008.0,88429.02980792522,,
6710,2.402967691421509,341.1061096191406,311.0,962369.875,875701.0,204211.02198380232,,
6716,7.1232428550720215,112.11349487304688,929.0,3467673.0,874956.0,1542967.1457204819,6716,
6721,14.604764938354492,248.02520751953125,1899.0,961086.125,874418.0,1014630.5851284326,,
6753,11.270263671875,118.08647155761719,1467.0,1390004.875,870444.0,292201.3055744171,,
6758,10.24831485748291,717.0740356445312,1335.0,956643.75,869975.0,74896.15678602457,,
6767,0.08673200756311417,182.02354431152344,11.0,955658.1875,868990.0,67076.10367585951,6767,
6773,0.08673200756311417,165.0670166015625,11.0,955134.3125,868466.0,74485.39497112203,4629,13C1
6790,10.061470031738281,717.0741577148438,1311.0,952828.75,866160.0,76450.777977705,,
6814,10.52712345123291,177.04368591308594,1371.0,949617.125,862949.0,226978.64290487766,,
6843,0.2966514527797699,112.11349487304688,37.0,3182952.25,859193.0,1112807.402621299,6843,
6856,14.711989402770996,708.0035400390625,1913.0,944705.625,858037.0,104647.51632989943,,
6871,5.537060260772705,296.048828125,721.0,943238.0,856570.0,201556.50448703766,,
6884,9.722890853881836,717.0731811523438,1267.0,941403.4375,854735.0,56963.083063840866,,
6896,11.488054275512695,112.11131286621094,1495.0,4013353.75,853473.0,2027364.962173462,,
6899,9.339066505432129,164.09176635742188,1217.0,939923.875,853255.0,686597.7006882876,,
6923,0.3917820155620575,112.11349487304688,49.0,3175645.0,850757.0,1742319.2771463394,6923,
6925,0.07165712118148804,216.083740234375,9.0,937313.3125,850645.0,187848.7174423834,6925,
6958,10.557726860046387,709.0863037109375,1375.0,932991.0,846323.0,85325.86722874641,,
6960,10.34049129486084,136.05067443847656,1347.0,932944.5,846276.0,259304.72754593752,49,13C1
6962,14.619670867919922,707.98779296875,1901.0,932751.5625,846083.0,73455.95306958194,,
6971,15.325511932373047,214.08944702148438,1991.0,2529980.0,844980.0,696007.8782925606,6971,
6991,22.483625411987305,367.0942077636719,2915.0,928429.875,841761.0,130448.24820828438,,
7037,10.138847351074219,112.11163330078125,1321.0,13522008.0,838055.0,4500003.342674255,7037,
7043,5.141481876373291,268.1015625,669.0,923762.5625,837094.0,616055.0784160197,,
7054,19.246891021728516,112.11349487304688,2497.0,1447372.875,835629.0,669627.2152962685,7054,
7061,0.08673200756311417,184.05657958984375,11.0,921705.875,835037.0,51640.61922257552,,
7086,0.4218818247318268,83.0609359741211,53.0,5024622.0,832967.0,1323643.8762491941,7086,
7105,15.641805648803711,123.04145812988281,2031.0,2351849.25,830760.0,1010681.4372668266,,
7152,1.4304662942886353,112.11349487304688,183.0,3590606.0,825874.0,1657397.463013053,7152,
7153,8.677752494812012,213.098388671875,1131.0,912437.625,825769.0,232690.4811143875,,
7161,0.08673200756311417,75.05589294433594,11.0,911743.625,825075.0,132805.36875668657,,
7166,8.13520622253418,112.11100006103516,1061.0,1638293.875,824559.0,737344.6127142906,7166,
7169,7.6414289474487305,112.0517349243164,997.0,910966.125,824298.0,337608.3214145303,,
7187,3.018446683883667,341.1063537597656,391.0,908607.5625,821939.0,114546.52583256364,,
7193,10.665326118469238,717.0743408203125,1389.0,907736.5,821068.0,87364.55592290428,,
7225,14.741904258728027,112.11349487304688,1917.0,1975682.875,818225.0,1044530.4060688019,7225,
7241,9.846450805664062,112.11349487304688,1283.0,2347503.75,816463.0,932378.7715864182,7241,
7255,9.707592964172363,713.0818481445312,1265.0,901668.0,815000.0,87766.92304456234,,
7265,10.496125221252441,709.0863037109375,1367.0,900723.6875,814055.0,69566.10710591078,,
7288,12.038484573364258,112.11131286621094,1567.0,3284626.25,812229.0,1399919.334939003,7288,
7289,14.604764938354492,250.0175323486328,1899.0,898481.9375,811813.0,166838.96628114162,,
7301,2.8642001152038574,112.11349487304688,371.0,4529778.5,810562.0,1454246.1738538742,,
7305,7.763375759124756,112.11131286621094,1013.0,4164833.25,809800.0,1376031.4884281158,7305,
7314,9.64648723602295,715.078369140625,1257.0,895882.625,809214.0,70654.45816040039,,
7321,10.092012405395508,717.073486328125,1315.0,895045.5625,808377.0,76450.777977705,,
7328,7.856606483459473,113.11580657958984,1025.0,3258975.25,807046.0,735969.1212501526,4804,13C1
7334,0.4218818247318268,324.0771789550781,53.0,892994.8125,806326.0,182487.88276037574,,
7344,9.016843795776367,717.063232421875,1175.0,891954.8125,805286.0,82798.11365163326,,
7345,1.5826424360275269,296.0502014160156,203.0,891902.8125,805234.0,424420.0070862472,,
7351,9.877138137817383,717.0739135742188,1287.0,891385.875,804717.0,58246.5593855381,,
7360,10.588310241699219,709.0863037109375,1379.0,889938.9375,803270.0,61493.005469322205,,
7364,8.504949569702148,112.11131286621094,1109.0,4067689.0,803148.0,1651418.4287223816,7364,
7368,7.519871234893799,112.1131820678711,981.0,10170900.0,802638.0,3131217.6252498627,7368,
7370,0.08673200756311417,239.02117919921875,11.0,889269.625,802601.0,50583.35937060404,,
7372,2.2340877056121826,296.0474853515625,289.0,6077597.5,802471.0,1184673.1035561562,7372,
7381,11.318087577819824,148.07986450195312,1473.0,888490.6875,801822.0,345408.9372214014,52,13C1
7387,10.604086875915527,340.0467834472656,1381.0,887645.3125,800977.0,178293.51474940777,,
7395,13.18593978881836,367.0921936035156,1715.0,886926.6875,800258.0,119602.83080863953,,
7416,11.254721641540527,333.13287353515625,1465.0,885316.8125,798648.0,221357.09612989426,,
7419,2.11379075050354,89.06031036376953,273.0,885194.3125,798526.0,245900.03565529687,,
7422,0.08673200756311417,182.07757568359375,11.0,884886.5625,798218.0,62073.84414264641,,
7429,7.980724334716797,112.11349487304688,1041.0,3455320.0,797429.0,1108784.438776493,7429,
7448,17.764249801635742,367.0903015136719,2305.0,882726.75,796058.0,221144.6050233841,,
7464,10.572989463806152,717.0745849609375,1377.0,880289.9375,793621.0,78471.08162802458,,
7473,9.954593658447266,112.11349487304688,1297.0,2374745.25,792318.0,764524.5699958801,7473,
7476,9.677016258239746,112.11131286621094,1261.0,4508899.0,791861.0,1977096.8022232056,7476,
7500,16.88506507873535,112.11349487304688,2191.0,1670814.25,790125.0,720529.6737308502,,
7506,9.016843795776367,709.0709228515625,1175.0,876221.75,789553.0,100217.89599096775,,
7508,8.304327964782715,296.0450439453125,1083.0,875914.8125,789246.0,123394.56310284138,,
7519,0.1016089990735054,119.08177185058594,13.0,875229.6875,788561.0,51455.58272823441,,
7535,7.489130020141602,112.11100006103516,977.0,1637077.5,787609.0,451084.8436143398,7535,
7536,0.08673200756311417,313.00323486328125,11.0,874219.375,787551.0,59057.32183423918,,
7550,8.225727081298828,112.11349487304688,1073.0,3002160.25,786403.0,1007154.6432523727,7550,
7555,0.07165712118148804,228.07089233398438,9.0,872746.0625,786078.0,91076.06178605824,7555,
7590,3.68922758102417,296.04766845703125,479.0,3670301.0,782652.0,923617.4818313122,7590,
7596,1.9316502809524536,300.2015380859375,249.0,868823.0,782155.0,197192.9474651795,,
7602,10.680644989013672,717.0740356445312,1391.0,868207.4375,781539.0,58480.21151916054,,
7645,0.08673200756311417,312.9972839355469,11.0,864131.0625,777463.0,56835.645430894976,,
7649,7.59598970413208,112.11349487304688,991.0,2979143.75,777241.0,988283.891869545,7649,
7656,0.07165712118148804,214.08493041992188,9.0,863193.0,776525.0,115319.43297165283,7656,
7662,9.415385246276855,713.0814208984375,1227.0,862834.4375,776166.0,87805.71654176712,,
7666,11.22451400756836,252.14671325683594,1461.0,4478710.0,775960.0,2566575.4975296324,,
7668,17.68761444091797,112.11163330078125,2295.0,7134593.5,775691.0,2291311.061328888,7668,
7698,21.198070526123047,367.0921936035156,2749.0,859570.625,772902.0,134368.16401433945,,
7709,19.525970458984375,123.04072570800781,2533.0,7854674.5,771731.0,1614867.771812439,,
7720,16.235578536987305,112.11131286621094,2107.0,2638185.25,770404.0,963687.1030654907,7720,
7733,0.08673200756311417,225.02215576171875,11.0,855466.1875,768798.0,58121.17786913621,,
7740,8.070452690124512,118.08161163330078,1053.0,1164049.25,768576.0,158018.091378659,7740,
7742,18.11961555480957,367.0903015136719,2351.0,854979.3125,768311.0,78391.1960196495,,
7744,5.385134220123291,296.04217529296875,701.0,854627.5,767959.0,202110.70804476738,,
7750,22.11188507080078,367.0942077636719,2867.0,854208.625,767540.0,150189.12712144852,,
7760,14.343916893005371,166.06466674804688,1865.0,1091664.75,766607.0,290453.51945090294,,
7765,8.53780746459961,112.11349487304688,1113.0,2882573.5,765193.0,1152779.7537298203,7765,
7775,0.08673200756311417,167.04666137695312,11.0,850874.5625,764206.0,48929.58443486679,,
7783,24.72301483154297,95.04952239990234,3205.0,849693.6875,763025.0,213590.6213669777,,
7787,10.819313049316406,171.11285400390625,1409.0,1098943.375,762939.0,519523.54080593586,,
7805,8.692955017089844,112.11131286621094,1133.0,4270509.0,761497.0,1605058.1369543076,7805,
7813,0.056450989097356796,214.094482421875,7.0,847423.9375,760755.0,128342.49078955554,,
7820,10.557726860046387,714.0735473632812,1375.0,846737.75,760069.0,120405.1179498341,321,13C1
7824,6.58975076675415,112.11349487304688,859.0,4067166.5,759818.0,1315788.8387465477,,
7862,10.388779640197754,112.11163330078125,1353.0,14407756.0,756278.0,3985358.484451294,7862,
7865,8.56828498840332,265.0030517578125,1117.0,842833.8125,756165.0,190227.19334816933,,
7876,7.383076190948486,296.0474853515625,963.0,842096.3125,755428.0,148565.37420666218,,
7877,12.317259788513184,112.11131286621094,1603.0,3107593.25,755313.0,1225294.936088562,7877,
7890,2.35750150680542,296.04766845703125,305.0,5213694.5,754365.0,1615183.610863924,7890,
7917,7.093043327331543,117.06597900390625,925.0,838528.25,751860.0,65889.2655299902,,
7923,10.511406898498535,112.11349487304688,1369.0,2269172.5,751517.0,749731.8131494522,7923,
7924,10.634689331054688,709.0863037109375,1385.0,838174.75,751506.0,79919.35630778014,,
7927,16.8231143951416,112.11163330078125,2183.0,7580523.5,751162.0,3167714.313644409,7927,
7937,10.696438789367676,101.07176208496094,1393.0,837028.375,750360.0,66501.13631108403,,
7960,15.641805648803711,112.11349487304688,2031.0,1952766.625,748035.0,1239630.6008577347,,
8007,8.273636817932129,296.0462951660156,1079.0,829949.5,743281.0,191980.6881196499,,
8034,8.909311294555664,112.11131286621094,1161.0,4394997.0,741283.0,1995046.2581176758,8034,
8043,0.07165712118148804,99.0557861328125,9.0,827058.8125,740390.0,86157.77450617943,,
8053,3.9631755352020264,113.11486053466797,515.0,1454181.375,739635.0,337895.1464486122,956,13C1
8058,18.844959259033203,123.04072570800781,2445.0,7894379.5,739194.0,1569411.8133087158,,
8069,5.799964904785156,296.048828125,755.0,825345.125,738677.0,216745.80515789986,,
8098,22.623197555541992,367.0938720703125,2933.0,822771.375,736103.0,101877.0447216034,,
8107,2.282029151916504,247.16677856445312,295.0,821865.5625,735197.0,247596.9901001826,,
8113,0.056450989097356796,107.04952239990234,7.0,821383.4375,734715.0,98605.56676072671,,
8118,2.282029151916504,342.1756286621094,295.0,820932.3125,734264.0,77071.28247923963,,
8130,0.08673200756311417,124.0423812866211,11.0,820053.125,733385.0,103183.76088410988,1451,13C1
8140,9.753521919250488,715.07861328125,1271.0,819400.5,732732.0,66391.02673894167,,
8141,18.737060546875,123.04072570800781,2431.0,7795284.0,732726.0,2516343.3066329956,,
8172,0.08673200756311417,231.9832000732422,11.0,816761.625,730093.0,45359.148705564614,,
8212,11.47284984588623,269.10809326171875,1493.0,812915.3125,726247.0,302800.3885538876,,
8220,8.304327964782715,112.11100006103516,1083.0,1560402.375,725608.0,585686.8247284889,8220,
8224,16.32827377319336,112.11349487304688,2119.0,1618850.625,724911.0,844266.4285764694,,
8227,7.0475077629089355,296.04766845703125,919.0,811550.9375,724882.0,225509.08201539516,,
8232,9.016843795776367,713.0554809570312,1175.0,811342.25,724674.0,70283.37007194757,,
8235,15.924562454223633,112.11349487304688,2067.0,1792357.0,724565.0,554736.9248819351,,
8290,2.3272433280944824,118.08647155761719,301.0,1804787.0,720036.0,608867.7001240253,,
8299,22.127243041992188,367.0938720703125,2869.0,805682.75,719014.0,101616.03444337845,,
8308,0.08673200756311417,173.99273681640625,11.0,804956.375,718288.0,52898.80114092061,,
8314,8.16527271270752,112.11131286621094,1065.0,4561835.0,717699.0,1999368.7510681152,8314,
8355,1.7344495058059692,303.1988830566406,223.0,800999.375,714331.0,278400.70559011935,492,13C1
8384,16.0657901763916,112.11163330078125,2085.0,7392983.5,712103.0,1771579.8964691162,8384,
8385,11.22451400756836,282.118408203125,1461.0,798696.3125,712028.0,264689.5388852251,,
8410,9.89242935180664,717.0741577148438,1289.0,796464.75,709796.0,58246.5593855381,,
8416,10.404043197631836,146.1162872314453,1355.0,795845.6875,709177.0,519266.6350964603,8416,
8425,14.619670867919922,822.9922485351562,1901.0,795341.8125,708673.0,55858.25443289103,,
8432,9.722890853881836,719.0512084960938,1267.0,794767.375,708099.0,59195.70827925205,,
8443,0.1364421248435974,157.1338348388672,17.0,852288.1875,707429.0,212856.78366186266,,
8463,7.950949668884277,112.11100006103516,1037.0,1559211.875,705814.0,437580.26232624054,8463,
8495,10.604086875915527,716.0595092773438,1381.0,789901.8125,703233.0,53166.84839010239,8495,
8531,9.877138137817383,144.10186767578125,1287.0,786280.6875,699612.0,344221.06319987774,,
8541,1.8561049699783325,352.197509765625,239.0,785288.6875,698620.0,201180.20198295638,,
8547,7.093043327331543,131.08175659179688,925.0,784461.875,697793.0,47491.078813117,,
8573,22.468198776245117,367.0938720703125,2913.0,782631.5,695963.0,99807.68939995766,,
8617,9.001608848571777,717.0646362304688,1173.0,779248.3125,692580.0,72684.92447280884,,
8623,14.390060424804688,125.0379638671875,1871.0,1001399.5625,692136.0,225310.14706373215,,
8627,1.6132880449295044,112.11349487304688,207.0,3672980.25,692007.0,1414595.3918251991,8627,
8684,0.08673200756311417,269.0109558105469,11.0,773380.625,686712.0,51398.403373431065,,
8702,4.099245548248291,268.0155029296875,533.0,772597.875,685929.0,147007.1560022235,,
8716,7.153494834899902,296.04766845703125,933.0,771337.25,684669.0,230223.37807393074,,
8730,2.282029151916504,151.09811401367188,295.0,770362.375,683694.0,186251.34922868758,8730,
8736,9.738216400146484,717.0736694335938,1269.0,769835.25,683167.0,56963.083063840866,,
8739,17.409814834594727,112.08740234375,2259.0,769609.6875,682941.0,90001.30161863565,,
8820,10.092012405395508,112.11349487304688,1315.0,2285220.25,676815.0,764059.4493074417,8820,
8822,1.2459821701049805,568.295166015625,159.0,763278.0,676610.0,137162.01220101537,8822,
8826,3.9017927646636963,296.04766845703125,507.0,3550327.25,676535.0,621391.9970338345,8826,
8849,0.1664876639842987,112.11100006103516,21.0,1605895.875,674429.0,613978.3870796598,8849,
8855,2.6491119861602783,112.1103286743164,343.0,1146947.25,673786.0,175827.53409266472,,
8857,0.32669904828071594,73.07666778564453,41.0,848244.375,673711.0,112448.861059485,,
8865,0.08673200756311417,100.07612609863281,11.0,759743.5,673075.0,116629.33494928296,,
8888,23.287979125976562,180.04461669921875,3019.0,758359.4375,671691.0,164117.907933712,,
8892,0.08673200756311417,86.06059265136719,11.0,758216.6875,671548.0,207634.43110285973,,
8911,9.661758422851562,715.0787963867188,1259.0,756983.3125,670315.0,70654.45816040039,,
8932,6.955458641052246,250.98895263671875,907.0,4645742.0,668819.0,1281074.5228824615,,
8943,1.9925707578659058,292.1772766113281,257.0,754438.625,667770.0,240977.1488499893,,
8955,2.11379075050354,197.12657165527344,273.0,753525.625,666857.0,112030.9463691698,,
8957,17.409814834594727,101.07148742675781,2259.0,753129.3125,666461.0,109108.448300004,,
8958,5.906422138214111,296.04229736328125,769.0,753127.5625,666459.0,212470.88903343678,,
8963,22.189281463623047,250.9869842529297,2877.0,2252781.75,665834.0,438051.40623283386,,
8978,24.335107803344727,82.01443481445312,3155.0,751459.125,664791.0,214489.10246944427,,
8982,14.619670867919922,230.993408203125,1901.0,1407315.25,664445.0,358951.4283697279,,
8987,12.240446090698242,112.11131286621094,1593.0,3046194.0,663843.0,1392066.0370168686,8987,
8989,0.7362149357795715,112.11065673828125,93.0,1423177.0,663660.0,509462.2693655491,,
8993,17.30197525024414,123.04145812988281,2245.0,2407110.0,663463.0,667097.0114936829,,
8995,4.944116592407227,212.0933074951172,643.0,2273669.25,663327.0,486383.69889473915,,
9001,14.282459259033203,124.04127502441406,1857.0,914900.125,663133.0,192403.20347809792,,
9021,0.7362149357795715,296.0395812988281,93.0,748620.875,661952.0,290856.5211983174,,
9047,9.446860313415527,715.0784912109375,1231.0,746971.75,660303.0,79350.20617377758,,
9099,12.332493782043457,134.04495239257812,1605.0,743410.9375,656742.0,382099.36288254894,,
9102,0.6905257701873779,297.050048828125,87.0,743162.25,656494.0,155882.0865457207,41,13C1
9109,5.752048492431641,296.049072265625,749.0,742718.8125,656050.0,205159.85521674156,,
9117,7.3517913818359375,62.060813903808594,959.0,742418.875,655750.0,167536.42328441143,,
9118,10.727086067199707,715.078369140625,1397.0,742411.25,655743.0,26714.72713353485,321,13C2
9120,9.64648723602295,717.0736694335938,1257.0,742389.625,655721.0,62801.94510233402,,
9122,1.491478443145752,320.1702575683594,191.0,742252.375,655584.0,116855.63293117285,,
9124,10.355755805969238,137.04330444335938,1349.0,742200.375,655532.0,358553.48016186245,,
9131,3.5220870971679688,112.1103286743164,457.0,1219058.875,655252.0,278369.0427829027,9131,
9133,0.08673200756311417,140.0045623779297,11.0,741813.6875,655145.0,47424.833040997066,,
9139,10.325239181518555,711.0520629882812,1345.0,740952.1875,654284.0,45324.5356566906,,
9140,0.07165712118148804,109.07646179199219,9.0,740884.9375,654216.0,50438.571674610954,,
9141,1.6284170150756836,113.11486053466797,209.0,1311402.625,654048.0,354616.32973977923,26320,13C1
9153,1.6132880449295044,294.1929016113281,207.0,740260.25,653592.0,310334.9523523116,,
9175,5.050803184509277,296.0461120605469,657.0,3390369.5,652695.0,580549.9507946968,9175,
9197,1.6132880449295044,99.0445556640625,207.0,737611.5625,650943.0,376319.63896000804,,
9241,9.722890853881836,709.085693359375,1267.0,734774.9375,648106.0,44405.84793615341,,
9278,10.665326118469238,709.0866088867188,1389.0,732270.0625,645602.0,68401.37670162856,,
9283,10.092012405395508,709.0861206054688,1315.0,732013.875,645345.0,59227.77507442236,,
9302,2.9427742958068848,296.0409240722656,381.0,730665.3125,643997.0,218049.6010941863,,
9305,11.270263671875,112.11100006103516,1467.0,1455108.625,643847.0,617740.0676345825,,
9329,22.483625411987305,367.0923156738281,2915.0,728999.875,642331.0,129376.9836461544,,
9332,4.639678955078125,124.0872802734375,603.0,927481.1875,642234.0,102447.19557589293,,
9340,18.04241180419922,123.04145812988281,2341.0,2314722.5,641908.0,675070.3625802994,,
9343,0.026211624965071678,75.04469299316406,3.0,728456.5625,641788.0,119750.69550054718,,
9350,24.799524307250977,75.05589294433594,3215.0,727997.25,641329.0,163517.173078537,,
9361,1.7646243572235107,328.1964416503906,227.0,727075.0,640407.0,172702.87031798216,,
9363,9.17000961303711,180.1017303466797,1195.0,726932.0,640264.0,401435.5636574477,,
9370,4.099245548248291,296.044921875,533.0,4723956.5,639650.0,1040561.4359812737,9370,
9384,10.48081111907959,711.0518188476562,1365.0,725694.9375,639026.0,65885.01906090975,,
9391,8.95596981048584,711.0616455078125,1167.0,725440.5625,638772.0,53777.26735770702,,
9421,0.1016089990735054,114.09170532226562,13.0,869260.4375,637164.0,142561.64975379832,,
9451,4.7163472175598145,166.08644104003906,613.0,722022.375,635354.0,218492.48548790812,,
9456,9.001608848571777,709.0771484375,1173.0,721544.375,634876.0,66298.83505815268,,
9481,3.003288507461548,296.0502014160156,389.0,860089.9375,632683.0,248013.21461689472,,
9491,14.977396011352539,112.11349487304688,1947.0,1658768.5,632183.0,703986.5630064011,9491,
9503,0.07165712118148804,97.07626342773438,9.0,759553.5,631368.0,81720.4229148461,,
9524,24.042701721191406,143.04869079589844,3117.0,717103.25,630435.0,155595.11691999435,,
9526,0.07165712118148804,110.07168579101562,9.0,716924.875,630256.0,91131.36381839123,,
9527,1.9925707578659058,256.1756286621094,257.0,716912.8125,630244.0,238410.3983822246,,
9550,1.8405218124389648,344.2284240722656,237.0,715488.1875,628820.0,237729.43681609913,,
9580,6.970606327056885,112.11349487304688,909.0,3228893.25,627147.0,1087988.1031227112,,
9586,16.39027976989746,112.11131286621094,2127.0,2550091.0,626392.0,1428929.646183014,9586,
9606,2.5421833992004395,212.09262084960938,329.0,1033078.4375,625336.0,274651.3169943094,,
9615,3.506939172744751,341.1063537597656,455.0,711400.9375,624732.0,145920.94733938575,,
9620,2.973005533218384,296.04766845703125,385.0,4964492.0,624581.0,1013690.0570774078,9620,
9631,3.003288507461548,69.04547882080078,389.0,710756.0,624088.0,249070.41947638988,,
9636,22.483625411987305,367.0960998535156,2915.0,710488.75,623820.0,90958.67697763443,,
9637,1.491478443145752,339.1835632324219,191.0,710451.1875,623783.0,94852.34746585507,736,13C1
9649,23.626991271972656,141.04942321777344,3063.0,709568.0625,622900.0,221285.97201395035,9649,
9659,2.2970540523529053,100.07612609863281,297.0,709111.375,622443.0,193093.33351942897,,
9679,0.08673200756311417,130.09768676757812,11.0,708142.3125,621474.0,43618.11879142292,,
9703,10.061470031738281,709.0866088867188,1311.0,706670.625,620002.0,59227.77507442236,,
9705,10.849815368652344,130.04725646972656,1413.0,706546.875,619878.0,307421.42613256304,,
9711,4.944116592407227,296.044921875,643.0,3255652.0,619397.0,963308.1730880737,,
9724,9.139533042907715,147.0474395751953,1191.0,705308.75,618640.0,321852.3526068311,,
9725,8.769206047058105,112.11100006103516,1143.0,1573254.125,618587.0,464043.0736722946,9725,
9727,18.72168731689453,123.04109191894531,2429.0,4952417.5,618563.0,1116091.047132492,,
9740,10.619418144226074,711.0521850585938,1383.0,704225.875,617557.0,81128.93229016394,,
9745,0.07165712118148804,160.0966796875,9.0,703984.9375,617316.0,55541.36698226223,,
9749,2.282029151916504,110.0604019165039,295.0,703803.375,617135.0,158088.29505440546,,
9751,4.470278263092041,296.044921875,581.0,4170059.25,616981.0,742470.9964723587,9751,
9752,10.263609886169434,711.0867919921875,1337.0,703564.875,616896.0,43565.64640700817,,
9757,23.287979125976562,164.0684814453125,3019.0,1451802.875,616574.0,819909.7045850754,,
9761,7.413478374481201,112.11349487304688,967.0,3025474.25,616274.0,1051895.070186615,9761,
9774,5.126371383666992,265.0030517578125,667.0,702229.0625,615561.0,167189.3187456131,,
9776,5.997311115264893,296.0489501953125,781.0,702059.625,615391.0,157539.3950061798,,
9777,18.61359214782715,123.04145812988281,2415.0,2359909.25,615351.0,662479.8626241684,,
9794,9.092793464660645,122.03522491455078,1185.0,701223.0,614555.0,300243.33554467093,54,13C1
9810,7.093043327331543,112.08824157714844,925.0,1746526.875,613549.0,203833.36136227846,,
9815,10.000429153442383,174.1486358642578,1303.0,699947.625,613279.0,371281.8566529604,,
9818,22.71600914001465,367.0938720703125,2945.0,699530.3125,612862.0,89050.47933006287,,
9820,0.07165712118148804,123.05553436279297,9.0,699455.25,612787.0,46463.462630607886,,
9827,2.6491119861602783,353.93695068359375,343.0,699149.8125,612481.0,161433.2269347934,,
9829,8.878780364990234,711.06201171875,1157.0,698950.8125,612282.0,87492.15918621421,,
9831,4.440072059631348,296.0462951660156,577.0,4252690.0,612216.0,791603.4031310081,9831,
9856,14.173995018005371,112.11349487304688,1843.0,2032762.75,610701.0,885363.5517892838,9856,
9866,11.302982330322266,171.0762481689453,1471.0,696612.9375,609944.0,266644.84925429756,,
9881,2.816479444503784,296.0408020019531,365.0,696057.9375,609389.0,276301.1394199133,,
9884,2.786233901977539,296.0474853515625,361.0,5306088.5,609209.0,1237003.5448608398,9884,
9885,1.0919146537780762,112.11065673828125,139.0,1398858.375,608935.0,408357.18206724524,9885,
9891,11.579217910766602,112.11131286621094,1507.0,3791068.25,608590.0,1436580.4207668304,9891,
9896,8.010490417480469,120.09049987792969,1045.0,695055.625,608387.0,243547.29610054195,,
9897,10.030993461608887,112.11100006103516,1307.0,1619575.25,608370.0,507241.5476722717,9897,
9904,2.264108419418335,285.1761474609375,293.0,694781.75,608113.0,115684.69217133638,934,13C1
9909,23.88881492614746,182.07757568359375,3097.0,694385.5625,607717.0,111232.02155184746,,
9913,0.1514565646648407,112.11349487304688,19.0,2397118.75,607555.0,631557.8647349924,9913,
9937,23.4263916015625,197.0081787109375,3037.0,693075.9375,606407.0,127611.11326527596,,
9942,0.08673200756311417,160.01272583007812,11.0,692832.8125,606164.0,41547.753798479476,16326,13C1
9944,7.093043327331543,145.0971221923828,925.0,692786.3125,606118.0,44610.66041354835,,
9960,2.786233901977539,112.11349487304688,361.0,4142445.5,605478.0,1404687.5690965652,,
9964,11.854911804199219,112.11131286621094,1543.0,3240642.5,605229.0,1248454.2255029678,9964,
9968,9.661758422851562,717.0743408203125,1259.0,691554.5,604886.0,62801.94510233402,,
10017,4.099245548248291,296.0462951660156,533.0,4928564.5,602212.0,1040751.2243623734,10017,
10026,10.572989463806152,709.0869140625,1377.0,688556.6875,601888.0,61493.005469322205,,
10030,9.815826416015625,717.0741577148438,1279.0,688360.75,601692.0,53964.50600039959,,
10049,17.563892364501953,112.11131286621094,2279.0,2460976.0,600544.0,768135.8433265686,10049,
10050,18.844959259033203,123.04109191894531,2445.0,4970700.0,600522.0,1732567.4781417847,,
10062,9.877138137817383,709.08642578125,1287.0,686469.0,599801.0,45407.3353497386,,
10082,0.1016089990735054,111.09302520751953,13.0,688220.125,598809.0,177680.99471016863,10082,
10088,0.08673200756311417,84.01190948486328,11.0,684912.25,598244.0,67011.63658033853,,
10094,1.2787444591522217,243.1846923828125,163.0,684702.9375,598034.0,158290.04492132296,,
10109,3.811180830001831,250.98484802246094,495.0,1246089.75,597213.0,488243.56230318546,,
10111,0.08673200756311417,83.01522064208984,11.0,776772.4375,597105.0,69887.66946094343,,
10120,10.388779640197754,711.0519409179688,1353.0,683328.5625,596660.0,47432.918407440186,,
10124,9.753521919250488,717.0741577148438,1271.0,683214.5625,596546.0,56963.083063840866,,
10131,18.474302291870117,164.065185546875,2397.0,1538677.0,596235.0,482538.9761772156,,
10132,16.68388557434082,112.11131286621094,2165.0,2458465.0,596147.0,962754.7201805115,10132,
10163,10.388779640197754,873.0729370117188,1353.0,680803.0,594135.0,41679.055214226246,,
10188,0.08673200756311417,84.05619049072266,11.0,679637.25,592969.0,104189.01562056234,,
10202,3.112004518508911,296.0489501953125,403.0,2546552.75,592144.0,587270.3977248669,,
10276,14.869107246398926,112.11349487304688,1933.0,1760383.0,587326.0,692427.9568896294,10276,
10279,19.123390197753906,123.04109191894531,2481.0,4828958.0,587275.0,1252315.8614082336,,
10281,0.07165712118148804,214.08407592773438,9.0,673771.8125,587103.0,63998.706593981944,10281,
10284,14.604764938354492,260.001220703125,1899.0,673634.5,586966.0,117608.51809740067,,
10305,0.7362149357795715,269.03240966796875,93.0,672680.1875,586012.0,235098.71785265207,,
10307,7.093043327331543,127.08678436279297,925.0,672548.1875,585880.0,49391.039585113525,,
10330,3.112004518508911,265.0029296875,403.0,671738.0,585070.0,126194.92657661438,,
10340,10.788835525512695,126.02201080322266,1405.0,671270.1875,584602.0,258894.88868860714,,
10350,16.977577209472656,112.11131286621094,2203.0,2564041.5,583994.0,810637.8067398071,10350,
10354,4.268763065338135,296.04473876953125,555.0,4052495.0,583736.0,826492.6960234642,10354,
10356,18.134931564331055,164.065185546875,2353.0,1518963.875,583662.0,728218.2000980377,,
10374,22.11188507080078,367.0960998535156,2867.0,669251.4375,582583.0,106278.24593782425,,
10375,10.604086875915527,555.0559692382812,1381.0,669247.3125,582579.0,42422.0223865509,10375,
10392,10.388779640197754,83.0609359741211,1353.0,4109056.0,581599.0,1101801.0656852722,,
10393,9.03201675415039,709.0767822265625,1177.0,668181.25,581513.0,90075.52299064398,,
10394,10.75771713256836,112.11131286621094,1401.0,4026074.5,581459.0,1600784.0902395248,10394,
10408,11.947153091430664,149.0636444091797,1555.0,667512.9375,580844.0,220773.2863549888,76,13C1
10413,0.08673200756311417,91.54293823242188,11.0,667176.4375,580508.0,37875.56005188351,,
10434,7.780915260314941,296.0461120605469,1015.0,665518.375,578850.0,116806.00799912214,,
10440,10.588310241699219,874.0703735351562,1379.0,665232.25,578564.0,39104.58869546652,,
10447,9.30850887298584,214.09178161621094,1213.0,664859.25,578191.0,275619.9374104738,10447,
10452,0.07165712118148804,126.06624603271484,9.0,664740.4375,578072.0,42524.21458185511,,
10463,0.08673200756311417,103.0507583618164,11.0,664270.375,577602.0,49656.56332943459,,
10472,17.409814834594727,97.07652282714844,2259.0,663281.0625,576613.0,96736.32826256752,,
10486,3.9631755352020264,161.1283416748047,515.0,662463.4375,575795.0,179032.9354447989,,
10506,3.2177369594573975,296.0409240722656,417.0,691426.1875,574633.0,209088.16617572308,,
10519,9.446860313415527,717.0737915039062,1231.0,660600.1875,573932.0,72887.95784163475,,
10520,2.2490897178649902,233.14920043945312,291.0,660591.3125,573923.0,186050.37014344707,,
10524,0.07165712118148804,230.08460998535156,9.0,660440.0625,573772.0,34135.90022482068,,
10527,17.162900924682617,123.04145812988281,2227.0,2258320.75,573723.0,1202122.9143238068,,
10539,3.112004518508911,269.03466796875,403.0,659611.625,572943.0,112871.62030273676,,
10543,4.639678955078125,122.07139587402344,603.0,659535.125,572867.0,53749.981928542256,,
10546,10.169427871704102,711.0521850585938,1325.0,659405.0,572737.0,51834.46379685402,,
10572,4.807092666625977,171.11285400390625,625.0,1649530.625,571191.0,300239.9262236357,,
10585,16.8231143951416,112.11131286621094,2183.0,2462418.75,570463.0,1387128.6672458649,10585,
10588,22.11188507080078,367.0923156738281,2867.0,656933.0,570265.0,106294.03720903397,,
10594,10.496125221252441,711.0869750976562,1367.0,656566.25,569898.0,51422.04499101639,,
10609,10.572989463806152,712.0757446289062,1377.0,655956.75,569288.0,95847.42185542955,,
10635,22.266311645507812,367.09576416015625,2887.0,654646.5,567978.0,91510.48440897465,,
10645,14.127877235412598,165.0670166015625,1837.0,796687.375,567253.0,118663.67014729977,6032,13C1
10648,9.092793464660645,123.02790832519531,1185.0,653491.3125,566823.0,301047.5572224036,,
10652,19.355533599853516,367.0903015136719,2511.0,653230.0625,566562.0,74455.65669703484,,
10669,11.579217910766602,123.03962707519531,1507.0,1447727.0,565879.0,490059.3030204773,10669,
10690,9.415385246276855,715.0787963867188,1227.0,651523.4375,564855.0,79350.20617377758,,
10693,17.25538444519043,112.11131286621094,2239.0,2310442.0,564797.0,874762.7914123535,10693,
10700,10.588310241699219,711.0870971679688,1379.0,651117.375,564449.0,43826.3417019248,,
10706,0.056450989097356796,97.02880859375,7.0,650874.3125,564206.0,89359.62395710652,,
10732,17.440431594848633,123.04145812988281,2263.0,2317843.5,563176.0,650685.3948278427,,
10765,12.069000244140625,101.07148742675781,1571.0,648402.3125,561734.0,94831.82305943966,,
10769,19.09218978881836,367.09765625,2477.0,648266.6875,561598.0,112805.21731495857,,
10777,22.623197555541992,367.0956115722656,2933.0,647461.75,560793.0,98404.89202356339,,
10794,23.07174301147461,112.11192321777344,2991.0,5185598.5,560168.0,1337750.5361595154,10794,
10827,0.07165712118148804,118.0662612915039,9.0,1033816.625,558249.0,142894.1613362995,10827,
10831,1.0767854452133179,112.11349487304688,137.0,4240332.5,558006.0,1436280.5629692078,10831,
10860,2.282029151916504,370.2077331542969,295.0,643038.9375,556370.0,35095.24768405035,,
10885,0.056450989097356796,71.04979705810547,7.0,641988.625,555320.0,98093.85015402624,,
10899,16.483007431030273,112.11100006103516,2139.0,1045012.5625,554518.0,291436.63194799423,10899,
10912,19.246891021728516,164.0684814453125,2497.0,1488812.125,554015.0,662902.258890152,,
10918,10.588310241699219,338.0527038574219,1379.0,640332.875,553664.0,212039.72454321384,,
10919,11.409125328063965,181.0695037841797,1485.0,640296.25,553628.0,267041.7915986497,,
10945,3.9783027172088623,230.24806213378906,517.0,639314.4375,552646.0,381397.5638356209,,
10954,2.49676513671875,96.044921875,323.0,639080.0,552412.0,351363.4880081527,,
10966,23.102401733398438,112.11163330078125,2995.0,2883218.25,551875.0,1023491.8699684143,10966,
10976,0.041403207927942276,99.08086395263672,5.0,638026.6875,551358.0,79109.51662957814,,
10982,7.995580673217773,119.08354187011719,1043.0,637624.0,550956.0,137121.58509522676,29719,13C1
11005,14.604764938354492,695.9140014648438,1899.0,636660.25,549992.0,47229.28305118595,,
11007,9.354350090026855,112.11100006103516,1219.0,1649770.0,549958.0,605933.4519639015,,
11008,2.2970540523529053,223.11729431152344,297.0,636607.625,549939.0,85553.21006966941,,
11019,0.1016089990735054,139.123046875,13.0,636053.875,549385.0,123663.7922879649,,
11021,9.154751777648926,713.081298828125,1193.0,635924.4375,549256.0,49256.55907294154,,
11027,0.08673200756311417,90.52633666992188,11.0,638223.9375,548747.0,42651.205377244274,,
11037,18.860801696777344,367.0904235839844,2447.0,635002.875,548334.0,125585.05153298378,,
11038,18.72168731689453,123.04145812988281,2429.0,2353735.75,548204.0,579360.0631046295,,
11059,14.649520874023438,595.0006713867188,1905.0,634179.1875,547511.0,88101.78257494792,,
11064,10.604086875915527,711.051513671875,1381.0,633917.125,547249.0,81128.93229016394,,
11071,8.56828498840332,250.98377990722656,1117.0,633570.1875,546902.0,275710.03629016876,,
11081,17.30197525024414,112.11349487304688,2245.0,1518968.5,546520.0,745702.9520874023,,
11088,22.468198776245117,367.09576416015625,2913.0,632992.375,546324.0,97784.52414536476,,
11101,4.974297523498535,296.0462951660156,647.0,3315874.0,545692.0,588339.5790581703,11101,
11112,8.13520622253418,296.0450439453125,1061.0,632023.8125,545355.0,207271.92485624552,,
11153,4.299408435821533,341.10296630859375,559.0,630569.5625,543901.0,84373.28743571043,,
11157,5.752048492431641,296.044921875,749.0,2267752.0,543636.0,483708.825122118,,
11181,5.537060260772705,212.0974578857422,721.0,1286147.375,542453.0,368314.5794389248,,
11183,0.07165712118148804,210.05844116210938,9.0,628926.9375,542258.0,50938.36406002469,,
11184,22.623197555541992,367.09197998046875,2933.0,628875.4375,542207.0,130193.5007609129,,
11186,10.34049129486084,711.0869750976562,1347.0,628751.5,542083.0,42253.55337280035,,
11204,10.926641464233398,104.07013702392578,1423.0,627716.3125,541048.0,208281.04214525223,11204,
11208,8.16527271270752,112.11100006103516,1065.0,1625942.125,540913.0,460250.2181735039,11208,
11255,0.08673200756311417,113.07125091552734,11.0,625485.125,538817.0,89466.51062041672,,
11263,10.788835525512695,265.0030517578125,1405.0,625383.0625,538715.0,195169.316729486,,
11304,24.799524307250977,103.08698272705078,3215.0,623627.4375,536959.0,78401.83486700058,,
11328,8.97117805480957,717.0640258789062,1169.0,622618.5,535950.0,48894.38857281208,,
11336,9.047216415405273,717.0687866210938,1179.0,622054.75,535386.0,40139.98751807213,,
11337,10.680644989013672,176.09161376953125,1391.0,622017.9375,535349.0,227636.29869494587,,
11340,19.55675506591797,123.04109191894531,2537.0,4862568.5,535201.0,1547700.8500556946,,
11346,0.6579675674438477,171.11285400390625,83.0,1337108.375,534898.0,335882.46889586747,,
11365,17.178165435791016,112.11163330078125,2229.0,7144460.5,534213.0,1653712.4031982422,11365,
11367,12.069000244140625,101.07122039794922,1571.0,620792.1875,534124.0,87384.10157728195,,
11422,6.680708408355713,265.0030517578125,871.0,617669.0,531001.0,147977.82318806648,,
11428,2.786233901977539,123.05537414550781,361.0,617094.0,530426.0,255037.55769324303,,
11456,8.13520622253418,296.0464172363281,1061.0,615541.625,528873.0,189130.8517997265,,
11469,9.03201675415039,168.06875610351562,1177.0,615002.9375,528334.0,300695.65641345084,,
11496,17.810731887817383,123.04145812988281,2311.0,2253022.5,526795.0,879032.142455101,,
11523,23.041051864624023,112.11256408691406,2987.0,7206463.5,526092.0,2439655.7921829224,11523,
11527,11.0059175491333,206.10203552246094,1433.0,612564.8125,525896.0,260766.00479094684,,
11553,7.138367652893066,113.10772705078125,931.0,611417.0625,524749.0,426539.0369479116,,
11555,8.504949569702148,112.11100006103516,1109.0,1384365.375,524352.0,543735.0841426849,11555,
11562,16.01926612854004,112.11349487304688,2079.0,1724275.25,524008.0,540161.2685174942,,
11576,10.325239181518555,95.08588409423828,1345.0,2407405.25,523220.0,575211.1979484558,11576,
11587,10.309920310974121,711.0516357421875,1343.0,609442.6875,522774.0,45324.5356566906,,
11607,8.56828498840332,268.0121154785156,1117.0,608809.125,522141.0,186898.91670632362,,
11634,1.4304662942886353,296.0502014160156,183.0,832138.1875,520703.0,370218.27666702867,,
11637,10.046223640441895,711.0519409179688,1309.0,607158.875,520490.0,47811.222909361124,,
11643,16.235578536987305,367.0904235839844,2107.0,606933.625,520265.0,85569.24521946907,,
11644,7.874004364013672,179.004638671875,1027.0,606899.6875,520231.0,331475.1444844047,,
11658,2.0232579708099365,239.14718627929688,261.0,606504.875,519836.0,125937.48207147233,,
11671,2.35750150680542,296.0489501953125,305.0,2622705.0,519289.0,664641.411405921,,
11705,11.0516939163208,112.11131286621094,1439.0,3602561.5,517915.0,1184149.0767707825,11705,
11714,5.050803184509277,296.0474853515625,657.0,2323741.25,517390.0,462179.099149704,11714,
11720,9.722890853881836,711.0864868164062,1267.0,603689.0625,517021.0,33397.701009750366,,
11725,0.1016089990735054,126.10289001464844,13.0,603574.0,516906.0,76293.90696086758,,
11739,3.0335237979888916,296.04217529296875,393.0,2323831.0,516346.0,629345.0117561817,11739,
11740,19.246891021728516,250.989990234375,2497.0,1451519.5,516340.0,293184.2354249954,,
11770,10.325239181518555,113.115478515625,1345.0,2850872.5,514682.0,540218.1129837036,6276,13C1
11776,22.127243041992188,367.09197998046875,2869.0,601083.1875,514415.0,76777.57897996902,,
11792,17.68761444091797,139.01788330078125,2295.0,2722410.25,512931.0,682220.889925003,,
11793,9.64648723602295,709.0861206054688,1257.0,599553.75,512885.0,49440.00486856699,,
11820,8.924544334411621,715.074462890625,1163.0,598721.0625,512053.0,95436.33044484258,,
11829,6.2234344482421875,143.0821990966797,811.0,787116.9375,511683.0,161648.83032351732,4,13C2
11830,10.634689331054688,711.0513305664062,1385.0,598337.8125,511669.0,60826.856791463804,,
11836,19.37093734741211,123.04072570800781,2513.0,7607203.0,511505.0,1580586.2367858887,,
11847,15.831823348999023,112.11131286621094,2055.0,2753719.0,510893.0,879738.0898513794,11847,
11849,10.496125221252441,711.0513305664062,1367.0,597495.0625,510827.0,65885.01906090975,,
11867,7.138367652893066,213.098388671875,931.0,596854.9375,510186.0,120854.54403543472,424,13C1
11873,0.1016089990735054,87.09226989746094,13.0,596682.6875,510014.0,84189.0958501029,,
11874,10.202463150024414,711.0518188476562,1329.0,596670.3125,510002.0,51834.46379685402,,
11875,24.738304138183594,118.0351333618164,3207.0,596654.6875,509986.0,154628.43105220795,,
11880,23.88881492614746,112.11256408691406,3097.0,3105675.5,509820.0,703655.9542922974,,
11904,10.665326118469238,711.0518188476562,1389.0,595814.3125,509146.0,41923.64440110059,,
11914,18.999507904052734,367.09765625,2465.0,595440.25,508772.0,136984.72495031357,,
11933,2.2340877056121826,296.0503234863281,289.0,963525.5625,508150.0,285438.4173399806,,
11978,13.973529815673828,112.11349487304688,1817.0,1975677.75,506435.0,653232.8896865845,11978,
11993,8.692955017089844,112.11100006103516,1133.0,1463850.625,505462.0,433732.48822021484,11993,
12010,8.100306510925293,296.0464172363281,1057.0,591529.5625,504861.0,103156.86728715897,,
12020,14.189336776733398,97.99168395996094,1845.0,712253.5,504554.0,163938.14173340797,,
12025,6.361367225646973,143.078369140625,829.0,590949.8125,504281.0,127018.96095407009,,
12033,8.56828498840332,268.0168151855469,1117.0,590645.75,503977.0,185110.07873916626,,
12038,2.1585757732391357,284.19659423828125,279.0,590408.375,503740.0,191170.67477588356,,
12043,0.07165712118148804,140.0816650390625,9.0,590351.3125,503683.0,56723.702349925996,,
12048,20.748931884765625,141.0512237548828,2691.0,2036686.125,503603.0,566395.5906896591,,
12073,22.34379005432129,367.0923156738281,2897.0,589207.25,502539.0,180365.65439844131,,
12083,9.415385246276855,717.0741577148438,1227.0,588664.8125,501996.0,72887.95784163475,,
12095,0.08673200756311417,61.04038619995117,11.0,588339.5625,501671.0,82657.62322511431,,
12101,4.548817157745361,296.0435485839844,591.0,2494757.75,501270.0,522994.41846203804,12101,
12108,8.894063949584961,717.0588989257812,1159.0,587538.125,500870.0,52553.99421477318,,
12109,5.050803184509277,296.04473876953125,657.0,3080435.0,500774.0,544147.5859436989,,
12113,9.077585220336914,112.11100006103516,1183.0,1553082.25,500550.0,578079.1080570221,,
12115,0.1016089990735054,112.0759048461914,13.0,587151.4375,500483.0,66743.85294456298,,
12140,24.25798225402832,142.05152893066406,3145.0,585720.5625,499052.0,173374.64795398712,9649,13C1
12145,19.602916717529297,367.0903015136719,2543.0,585531.75,498863.0,80744.46645832062,,
12147,4.594244003295898,296.04473876953125,597.0,3544046.5,498693.0,636395.4449596405,12147,
12152,8.894063949584961,717.0640258789062,1159.0,585077.1875,498409.0,52120.5494427979,,
12158,6.283702850341797,174.02224731445312,819.0,584409.3125,497741.0,228545.73858549842,,
12164,0.23151439428329468,112.11349487304688,29.0,3182099.75,497617.0,1246178.1408059448,12164,
12177,8.878780364990234,713.0560302734375,1157.0,583929.3125,497261.0,38521.600036770105,12177,
12178,4.548817157745361,341.1046447753906,591.0,583909.8125,497241.0,96931.53803622723,,
12192,11.318087577819824,131.05332946777344,1473.0,583489.6875,496821.0,224115.03590313625,121,13C1
12197,19.896926879882812,367.0978698730469,2581.0,583354.25,496686.0,54740.873594880104,,
12213,24.768896102905273,164.065185546875,3211.0,1240956.75,496333.0,400544.6622085571,12213,
12243,9.047216415405273,709.0813598632812,1179.0,581823.625,495155.0,43788.87937384844,,
12249,10.727086067199707,717.0736694335938,1397.0,581539.0625,494871.0,23042.114595858846,,
12256,2.068416118621826,112.1103286743164,267.0,1066003.375,494570.0,189446.3425217867,12256,
12280,14.604764938354492,135.02365112304688,1899.0,579967.6875,493299.0,130269.7437917199,,
12288,24.894445419311523,123.04035949707031,3227.0,10804180.0,492839.0,2156871.989830017,,
12345,8.304327964782715,296.0436706542969,1083.0,577069.1875,490401.0,96266.3849915266,,
12356,7.565743923187256,112.11100006103516,987.0,1369206.625,489835.0,531197.714464426,12356,
12409,14.51408863067627,212.094970703125,1887.0,1457145.5,487628.0,296488.7481882572,,
12411,0.08673200756311417,124.0401611328125,11.0,583369.0625,487609.0,79747.01817286678,41105,13C1
12433,8.56828498840332,292.01397705078125,1117.0,573131.25,486463.0,118754.7058237791,,
12443,7.093043327331543,100.05103302001953,925.0,572787.9375,486119.0,45077.908823534846,,
12454,0.7663502097129822,118.08647155761719,97.0,1435540.875,485677.0,262333.9753521383,,
12463,8.489707946777344,112.11349487304688,1107.0,2783203.0,485256.0,953554.4846448898,12463,
12477,3.018446683883667,112.1103286743164,391.0,1069312.375,484755.0,227578.5403034091,,
12495,10.634689331054688,872.076171875,1385.0,570723.3125,484055.0,43259.95614723535,25545,13C1
12533,2.9578888416290283,341.0995788574219,383.0,569142.875,482474.0,119345.58835983276,,
12557,9.692314147949219,112.11349487304688,1263.0,2484688.0,481294.0,1148261.9700670242,12557,
12569,19.55675506591797,123.04145812988281,2537.0,2263484.5,480897.0,786048.6843194962,,
12570,23.411081314086914,215.0928192138672,3035.0,567494.375,480826.0,124894.38917565346,,
12575,11.22451400756836,112.11131286621094,1461.0,3837873.75,480706.0,1270224.6541500092,,
12592,9.64648723602295,112.11349487304688,1257.0,2369944.5,479737.0,978702.9105892181,12592,
12612,11.915748596191406,102.0554428100586,1551.0,565536.9375,478868.0,219938.38847517967,,
12617,2.7549819946289062,341.0995788574219,357.0,565213.0625,478545.0,104900.60903185606,,
12628,7.44368839263916,74.09710693359375,971.0,963429.75,478126.0,272142.3924355507,,
12633,23.88881492614746,124.04386901855469,3097.0,564525.25,477857.0,122233.49370408058,72,13C1
12635,8.769206047058105,713.0713500976562,1143.0,564500.5,477832.0,74604.47160379542,,
12639,19.40181541442871,83.0609359741211,2517.0,2412411.0,477572.0,522067.25119304657,,
12651,13.139995574951172,250.9859161376953,1709.0,2279450.75,477135.0,586118.5744652748,,
12664,10.061470031738281,711.0516357421875,1311.0,563192.125,476524.0,47811.222909361124,,
12671,0.08673200756311417,159.015380859375,11.0,562883.5,476215.0,35626.367791625,15837,13C1
12677,10.092012405395508,711.0867919921875,1315.0,562653.375,475985.0,42950.35125344992,,
12691,16.204883575439453,112.11349487304688,2103.0,1394433.625,475397.0,454940.2947330475,,
12692,10.27940845489502,711.0870971679688,1339.0,562005.125,475337.0,43565.64640700817,,
12695,0.08673200756311417,125.03683471679688,11.0,578971.1875,475255.0,77493.36670552898,12695,
12708,23.626991271972656,112.11192321777344,3063.0,3039778.25,474898.0,626268.5587177277,,
12729,15.863068580627441,112.11100006103516,2059.0,995423.5,474303.0,355459.2818710804,12729,
12735,15.924562454223633,139.01832580566406,2067.0,1996341.0,474156.0,568670.7196326256,,
12744,5.799964904785156,104.07127380371094,755.0,1409109.625,473824.0,445200.84994769096,,
12760,1.7043039798736572,268.0143127441406,219.0,559991.3125,473323.0,103066.74300837517,,
12765,2.3878283500671387,296.04766845703125,309.0,5286131.0,473051.0,1615183.610863924,12765,
12780,24.955726623535156,212.0950927734375,3235.0,989539.875,472479.0,275991.7907102108,,
12796,16.127622604370117,112.11349487304688,2093.0,1675120.875,471686.0,535810.6600751877,,
12840,16.483007431030273,123.03926086425781,2139.0,1064853.375,470188.0,300178.96251678467,,
12903,10.169427871704102,112.11131286621094,1325.0,4390204.5,467879.0,1429544.4488296509,12903,
12920,14.604764938354492,709.993896484375,1899.0,553784.375,467116.0,35581.12285327542,,
12931,0.23151439428329468,194.08438110351562,29.0,553471.5,466803.0,122170.00749692693,,
12943,8.273636817932129,112.11131286621094,1079.0,3987112.75,466428.0,1404558.4069519043,12943,
12958,10.634689331054688,875.0697631835938,1385.0,552787.3125,466119.0,41464.73333813803,,
12968,19.896926879882812,367.0903015136719,2581.0,552238.3125,465570.0,93507.42369747162,,
12973,16.09649658203125,367.0903015136719,2089.0,552050.1875,465382.0,118891.04441797733,,
12980,10.48081111907959,112.11100006103516,1365.0,1594834.875,465111.0,481802.2392015457,12980,
12986,10.604086875915527,552.0670776367188,1381.0,551505.3125,464837.0,69391.50871488638,,
13006,4.639678955078125,140.08193969726562,603.0,550740.875,464072.0,43817.542959943414,,
13012,9.661758422851562,709.0867309570312,1259.0,550424.375,463756.0,49440.00486856699,,
13023,12.317259788513184,113.11580657958984,1603.0,2322085.5,463174.0,541467.6907844543,16301,13C1
13036,12.209919929504395,118.06539154052734,1589.0,834350.25,462591.0,185877.02315223217,,
13041,4.440072059631348,296.04766845703125,577.0,2839765.0,462359.0,602512.5357666016,13041,
13053,8.924544334411621,112.11100006103516,1163.0,1466934.25,461850.0,474733.59210681915,13053,
13065,4.00852108001709,112.1103286743164,521.0,1111589.875,461173.0,233352.948346138,13065,
13071,13.077617645263672,250.9859161376953,1701.0,2270685.25,460990.0,488807.8789563179,,
13086,16.204883575439453,367.0901184082031,2103.0,547218.6875,460550.0,56024.87815260887,,
13089,19.788877487182617,197.00830078125,2567.0,546969.6875,460301.0,153175.81368041039,,
13091,22.375150680541992,83.0609359741211,2901.0,1839464.0,460279.0,406354.1058988571,,
13115,24.940414428710938,114.09170532226562,3233.0,653143.0625,459182.0,114218.44847559929,,
13121,8.95596981048584,715.0529174804688,1167.0,545593.0,458925.0,39322.69398957491,,
13122,8.273636817932129,296.04766845703125,1079.0,545556.0,458888.0,135941.48356598616,,
13158,0.08673200756311417,284.98748779296875,11.0,544218.375,457550.0,34496.191379155905,,
13196,0.08673200756311417,87.05584716796875,11.0,543211.625,456543.0,71852.04189790972,,
13198,19.757659912109375,367.0903015136719,2563.0,543177.4375,456509.0,90282.56041038036,,
13200,2.8642001152038574,309.041748046875,371.0,543064.625,456396.0,117782.50722840428,,
13202,0.07165712118148804,170.02682495117188,9.0,542980.3125,456312.0,33792.21702281984,,
13210,18.844959259033203,123.04145812988281,2445.0,2270489.75,456086.0,888693.5184431076,,
13221,22.71600914001465,123.04145812988281,2945.0,2420286.5,455552.0,692164.8171806335,,
13242,8.848376274108887,711.0616455078125,1153.0,541399.9375,454731.0,66050.12078881264,,
13247,10.27940845489502,112.11100006103516,1339.0,1665008.125,454646.0,578454.5943512917,13247,
13256,17.90317726135254,250.98574829101562,2323.0,2095547.25,454483.0,440702.94593048096,,
13268,2.3878283500671387,104.07097625732422,309.0,1389290.25,453952.0,477756.5506134331,,
13278,20.965988159179688,123.04182434082031,2719.0,850065.25,453492.0,261803.73546886444,,
13284,10.75771713256836,212.0924835205078,1401.0,836744.0,453355.0,362837.8564693928,,
13285,10.34049129486084,711.0513305664062,1347.0,539994.0,453326.0,45324.5356566906,,
13287,7.780915260314941,182.067626953125,1015.0,539914.375,453246.0,322908.8482630532,,
13292,24.894445419311523,139.01744079589844,3227.0,2352872.25,453166.0,495084.0579137802,,
13303,6.955458641052246,250.9901123046875,907.0,2592209.5,452688.0,662618.7123749256,,
13312,15.405577659606934,112.11131286621094,2001.0,2653011.5,452343.0,1031819.7648239136,13312,
13319,2.6491119861602783,296.04205322265625,343.0,1987607.125,452071.0,406385.01855683327,13319,
13323,3.9783027172088623,341.1062316894531,517.0,538362.3125,451694.0,99632.83502456546,,
13334,12.67493724822998,101.07148742675781,1649.0,537884.9375,451216.0,115566.87933969498,,
13359,2.3878283500671387,213.098388671875,309.0,537361.75,450693.0,191655.46972072124,1413,13C1
13361,6.406141757965088,171.1122589111328,835.0,1457450.0,450589.0,411701.73223137856,13361,
13371,0.23151439428329468,284.19891357421875,29.0,536739.5,450071.0,113864.25856399536,,
13376,11.5184326171875,266.1237487792969,1499.0,536506.9375,449838.0,302595.4138087407,,
13382,8.56828498840332,239.1393280029297,1117.0,536341.4375,449673.0,137251.40467607975,,
13406,3.8413493633270264,252.1090545654297,499.0,535685.4375,449017.0,86354.34855601192,,
13418,4.470278263092041,296.0435485839844,581.0,2724657.75,448681.0,546191.8541574478,13418,
13494,9.446860313415527,709.0863037109375,1231.0,532705.3125,446037.0,56685.81104058027,,
13497,14.664440155029297,317.98883056640625,1907.0,532615.375,445947.0,123814.3229842186,,
13515,0.041403207927942276,89.06031036376953,5.0,531949.5625,445281.0,75961.93881135265,,
13518,14.649520874023438,276.9668273925781,1905.0,531907.375,445239.0,113122.60003423691,,
13520,13.74134635925293,214.0902862548828,1787.0,1737342.625,445109.0,336649.939221859,13520,
13525,5.096123695373535,296.0462951660156,663.0,3135267.25,444966.0,548817.3738021851,13525,
13545,10.788835525512695,182.03268432617188,1405.0,530805.75,444137.0,213622.51920354366,,
13554,0.3917820155620575,296.0503234863281,49.0,1568323.375,443900.0,813030.3301110119,13554,
13571,3.2328598499298096,112.1103286743164,419.0,1096315.375,443323.0,189027.55563676357,13571,
13574,2.8642001152038574,341.1078186035156,371.0,529915.8125,443247.0,123973.08501574397,,
13580,1.9774750471115112,112.11065673828125,255.0,1425470.375,443088.0,284287.63449010253,13580,
13584,6.910015106201172,214.08787536621094,901.0,529660.5,442992.0,179947.69785302877,,
13601,3.247953414916992,296.0474853515625,421.0,4712490.5,442506.0,1098709.2190840244,13601,
13605,5.050803184509277,212.0974578857422,657.0,1267756.375,442413.0,379298.0149549246,,
13610,11.146184921264648,112.11131286621094,1451.0,3480317.25,442268.0,1211328.191122055,,
13618,15.043219566345215,367.0904235839844,1955.0,528760.125,442092.0,147714.87035286427,,
13623,5.92151403427124,276.1954040527344,771.0,528622.8125,441954.0,113317.508400172,,
13665,3.9631755352020264,258.1702880859375,515.0,526917.875,440249.0,111442.16245665494,,
13673,10.557726860046387,112.11349487304688,1375.0,2146894.25,440068.0,868316.2282056808,13673,
13677,22.29755210876465,141.05076599121094,2891.0,2425569.75,439779.0,556222.1091308594,,
13678,2.5119316577911377,309.04034423828125,325.0,526334.25,439666.0,109957.95989316702,,
13690,2.282029151916504,285.17108154296875,295.0,526037.625,439369.0,95322.6872405028,482,13C1
13708,4.761726379394531,341.10443115234375,619.0,525452.875,438784.0,138139.98156166077,,
13718,1.7952637672424316,388.25384521484375,231.0,525108.3125,438440.0,73821.29932667926,,
13719,13.231968879699707,250.9901123046875,1721.0,1874758.125,438374.0,484906.8970632553,,
13739,6.193568229675293,141.06741333007812,807.0,658035.4375,437840.0,129225.88222932816,13739,
13746,5.126371383666992,212.0933074951172,667.0,2293558.75,437649.0,491425.3034889698,,
13768,7.093043327331543,144.11331176757812,925.0,523667.5625,436999.0,30375.63906908594,,
13774,4.099245548248291,296.0435485839844,533.0,2994778.25,436829.0,754839.93080163,13774,
13779,9.661758422851562,711.0518188476562,1259.0,523246.625,436578.0,46370.883669406176,,
13790,4.13046407699585,296.0502014160156,537.0,522847.28125,436179.0,223995.16973555088,,
13796,13.18593978881836,367.0903015136719,1715.0,522541.21875,435873.0,81101.07308375835,,
13818,2.724719762802124,341.0997009277344,353.0,521749.125,435081.0,128858.15777254105,,
13868,0.08673200756311417,128.08204650878906,11.0,520176.71875,433508.0,34579.211077421234,,
13871,20.252992630004883,367.09765625,2627.0,520093.875,433425.0,83078.2664629221,,
13872,0.07165712118148804,112.0872802734375,9.0,520089.15625,433421.0,48848.78993730573,,
13921,3.811180830001831,296.0409240722656,495.0,518610.5625,431942.0,242436.0207271576,,
13930,9.677016258239746,112.11100006103516,1261.0,1530159.625,431694.0,636305.3734436035,13930,
13936,17.548568725585938,74.09710693359375,2277.0,984385.25,431502.0,292231.43738651276,,
13961,23.472806930541992,88.07611083984375,3043.0,523220.75,430645.0,62281.97712171078,,
13968,7.856606483459473,95.08612823486328,1025.0,2434335.5,430530.0,556513.4441030025,13968,
13970,8.56828498840332,265.00537109375,1117.0,517151.71875,430483.0,136821.77076923847,,
13992,10.061470031738281,711.0872802734375,1311.0,516602.15625,429934.0,42950.35125344992,,
14024,6.283702850341797,296.0461120605469,819.0,1314463.875,428773.0,241939.0104060173,,
14055,4.791977882385254,341.10443115234375,623.0,514652.5625,427984.0,138139.98156166077,,
14063,5.952132225036621,292.0138244628906,775.0,514453.78125,427785.0,86295.11018061638,,
14151,0.6905257701873779,213.09854125976562,87.0,511782.59375,425114.0,90314.73003862053,1376,13C1
14159,5.799964904785156,268.01666259765625,755.0,511575.15625,424907.0,142759.47760140896,,
14164,2.909558057785034,341.09942626953125,377.0,511450.375,424782.0,77242.61944052577,,
14178,0.5498496294021606,112.1103286743164,69.0,949283.1875,424233.0,161644.08226528764,,
14184,2.5724833011627197,159.11302185058594,333.0,510501.4375,423833.0,207775.02528152615,,
14200,2.173582077026367,341.1062316894531,281.0,1248323.375,423446.0,311941.6185081601,,
14201,0.08673200756311417,197.01040649414062,11.0,510090.21875,423422.0,47326.1406989909,,
14204,8.304327964782715,104.07013702392578,1083.0,613412.3125,423347.0,210593.23984992504,,
14208,12.78500747680664,250.9901123046875,1663.0,1878159.75,423243.0,577001.9510545731,,
14282,12.985474586486816,250.9859161376953,1689.0,2280892.75,421088.0,592445.4533977509,,
14293,0.08673200756311417,180.04461669921875,11.0,507479.6875,420811.0,52326.55301470804,,
14299,21.198070526123047,367.0903015136719,2749.0,507322.15625,420654.0,84520.55881643295,,
14324,2.5876080989837646,309.041748046875,335.0,506490.34375,419822.0,102717.40568745136,,
14331,4.791977882385254,341.102783203125,623.0,506250.3125,419582.0,64913.77741956711,,
14332,2.6491119861602783,146.9804229736328,343.0,506189.4375,419521.0,157655.94287412614,,
14350,10.27940845489502,550.0640258789062,1339.0,505507.53125,418839.0,38251.50126558542,,
14367,8.848376274108887,717.0635986328125,1153.0,504902.65625,418234.0,28041.876590520144,,
14371,3.1573333740234375,112.1103286743164,409.0,931772.3125,418107.0,176152.22382199764,,
14380,10.604086875915527,336.0531921386719,1381.0,504400.84375,417732.0,85645.68387365341,,
14384,6.361367225646973,142.0710906982422,829.0,538701.625,417687.0,96072.6608966291,6411,13C1
14390,10.727086067199707,112.11349487304688,1397.0,2516163.25,417508.0,953033.7891197205,14390,
14397,10.496125221252441,707.068359375,1367.0,504006.78125,417338.0,44968.890662133694,,
14405,22.948389053344727,112.11224365234375,2975.0,8101189.0,417112.0,1545086.2808189392,14405,
14406,6.910015106201172,296.0450439453125,901.0,1332312.0,417103.0,396169.6413143873,,
14410,15.988593101501465,112.11163330078125,2075.0,7717327.0,417046.0,2235499.9984149933,14410,
14411,4.944116592407227,296.0435485839844,643.0,2088661.125,417002.0,695585.4583899975,,
14425,0.7663502097129822,112.1103286743164,97.0,971657.125,416629.0,313270.5160699934,,
14436,5.952132225036621,268.011962890625,775.0,503088.9375,416420.0,141083.81639146805,,
14446,3.018446683883667,341.0995788574219,391.0,502677.15625,416009.0,124913.84024813771,,
14461,10.788835525512695,268.011962890625,1405.0,502284.9375,415616.0,95996.94390916824,,
14488,3.018446683883667,309.04034423828125,391.0,501529.28125,414861.0,82929.43664364517,,
14495,10.604086875915527,554.0635986328125,1381.0,501296.59375,414628.0,68869.92613230925,,
14504,6.01234245300293,196.08303833007812,783.0,501138.90625,414470.0,86119.87201300263,,
14511,14.679414749145508,113.11580657958984,1909.0,1994114.5,414331.0,367169.002614975,15437,13C1
14514,8.848376274108887,717.0584716796875,1153.0,500930.71875,414262.0,27829.44536137581,,
14524,17.23998260498047,112.11349487304688,2237.0,1371308.125,413873.0,454816.8467388153,,
14529,12.161608695983887,360.1510314941406,1583.0,500386.375,413718.0,50324.12438976765,,
14547,7.5808916091918945,214.08775329589844,989.0,499874.09375,413206.0,155192.10093271732,,
14566,9.677016258239746,711.0523071289062,1261.0,499308.84375,412640.0,46370.883669406176,,
14588,9.877138137817383,711.0870971679688,1287.0,498429.1875,411761.0,31738.710814774036,,
14590,11.23958683013916,287.1169738769531,1463.0,498398.25,411730.0,164700.14745750464,636,13C1
14598,7.995580673217773,118.09297943115234,1043.0,506531.625,411581.0,67345.63739855587,,
14601,1.7344495058059692,303.20172119140625,223.0,498166.84375,411498.0,162023.24733617797,34209,13C1
14609,10.819313049316406,194.05609130859375,1409.0,497923.78125,411255.0,170523.9028572142,237,13C1
14612,1.8561049699783325,352.1939697265625,239.0,497837.71875,411169.0,103040.93393749557,,
14621,16.54496955871582,214.09124755859375,2147.0,1396537.375,410849.0,311256.5813794136,,
14648,3.112004518508911,309.041748046875,403.0,496752.84375,410084.0,80025.04131549597,,
14656,11.594443321228027,258.1080017089844,1509.0,496508.625,409840.0,272445.7915597949,,
14682,0.08673200756311417,190.9564971923828,11.0,495653.78125,408985.0,28943.151000477286,,
14700,3.172430992126465,341.1078186035156,411.0,495180.34375,408512.0,112531.07468920946,,
14708,4.639678955078125,137.08245849609375,603.0,495055.90625,408387.0,32982.023810476065,,
14728,16.173717498779297,112.11100006103516,2099.0,936703.1875,407610.0,325729.70166921616,14728,
14730,6.833307266235352,214.0919647216797,891.0,494265.84375,407597.0,146048.03362721205,,
14744,8.802603721618652,715.0687255859375,1147.0,493884.9375,407216.0,58397.64697082341,12177,2H2
14758,0.08673200756311417,225.01853942871094,11.0,493472.0,406804.0,35173.221264902386,,
14793,13.077617645263672,367.0903015136719,1701.0,492592.71875,405924.0,55753.88467133045,,
14806,1.8253947496414185,112.1103286743164,235.0,1018170.6875,405443.0,263165.1593028903,14806,
14809,17.61036491394043,123.04145812988281,2285.0,2109344.25,405302.0,866220.4042072296,,
14832,23.08707618713379,112.11256408691406,2993.0,6754793.5,404627.0,1302786.629585266,14832,
14854,10.75771713256836,213.0982666015625,1401.0,490686.5625,404018.0,180364.04787039757,976,13C1
14861,12.240446090698242,112.11100006103516,1593.0,1123246.375,403903.0,461963.05220270157,14861,
14869,2.282029151916504,268.1472473144531,295.0,490208.625,403540.0,64654.881075408775,906,13C1
14879,1.7194100618362427,112.11349487304688,221.0,3557820.25,403236.0,1466516.873452425,14879,
14886,23.88881492614746,112.11288452148438,3097.0,1982265.625,403078.0,491092.3396682739,,
14892,2.282029151916504,268.1756591796875,295.0,489421.96875,402753.0,59800.59974476695,,
14901,8.616869926452637,112.11100006103516,1123.0,1352469.125,402574.0,633411.5288386345,14901,
14910,0.08673200756311417,201.03866577148438,11.0,488863.125,402195.0,28686.716667424014,,
14929,9.246407508850098,717.073486328125,1205.0,488249.65625,401581.0,32249.447141945362,,
14934,6.1632080078125,296.0489501953125,803.0,488103.59375,401435.0,143493.86404836178,,
14945,10.680644989013672,711.0870971679688,1391.0,487850.84375,401182.0,32820.324037540704,,
14961,17.409814834594727,110.0715560913086,2259.0,487480.0625,400812.0,83231.63193786144,,
14963,12.084235191345215,97.07652282714844,1573.0,487400.59375,400732.0,55419.511135578156,,
14964,10.665326118469238,711.0874633789062,1389.0,487374.09375,400706.0,48896.56619833782,,
14974,23.148944854736328,112.1131820678711,3001.0,1735060.5,400374.0,522514.0295085907,14974,
14996,4.624570846557617,111.09207916259766,601.0,486424.84375,399756.0,45163.060411699116,,
15003,16.01926612854004,367.0901184082031,2079.0,486086.8125,399418.0,70474.95252710581,,
15019,8.304327964782715,354.0516357421875,1083.0,485555.40625,398887.0,60588.41187494993,,
15044,8.13520622253418,242.1499786376953,1061.0,485171.78125,398503.0,142109.89849909395,,
15056,0.07165712118148804,111.05545806884766,9.0,484795.96875,398127.0,76771.56479835045,,
15079,21.012115478515625,367.0904235839844,2725.0,484112.5625,397444.0,147551.3340740204,,
15102,12.069000244140625,112.11131286621094,1571.0,3190244.5,396918.0,1399919.334939003,15102,
15111,0.08673200756311417,94.54582977294922,11.0,495660.5,396645.0,33496.072758658556,,
15125,7.093043327331543,75.05606079101562,925.0,508374.34375,396182.0,103563.3003166318,,
15140,8.95596981048584,717.0687866210938,1167.0,482428.375,395760.0,31091.94342505932,,
15153,8.02580738067627,151.09759521484375,1047.0,481975.21875,395307.0,41089.43912437558,,
15158,15.672614097595215,367.0903015136719,2035.0,481922.25,395254.0,146777.02920937538,,
15174,10.727086067199707,709.0861206054688,1397.0,481689.625,395021.0,17870.036615704885,,
15189,8.662529945373535,296.04473876953125,1129.0,481265.125,394597.0,80360.48232275248,,
15217,2.5724833011627197,296.0502014160156,333.0,901751.125,393750.0,271066.9974527359,,
15219,14.604764938354492,467.92266845703125,1899.0,480367.5625,393699.0,32962.89954697294,,
15229,10.788835525512695,250.98377990722656,1405.0,480241.90625,393573.0,142314.51213046908,,
15231,18.937482833862305,164.065185546875,2457.0,1428877.75,393391.0,401593.7078819275,15231,
15259,23.88881492614746,199.04156494140625,3097.0,479268.9375,392600.0,80178.57351136208,,
15277,4.329550266265869,296.0474853515625,563.0,2879816.25,392211.0,586428.2180101871,15277,
15303,2.3272433280944824,121.03986358642578,301.0,478196.25,391528.0,134537.08422334795,,
15309,2.264108419418335,112.11349487304688,293.0,4640386.0,391334.0,2130239.297404766,15309,
15310,3.2177369594573975,341.0997009277344,417.0,477970.84375,391302.0,139801.84628987312,,
15318,0.08673200756311417,240.998046875,11.0,477796.5,391128.0,32435.588120098924,,
15322,21.213436126708984,139.01876831054688,2751.0,1361293.25,391025.0,287117.6035633087,,
15328,2.173582077026367,268.0131530761719,281.0,477520.59375,390852.0,116877.15759299695,,
15329,4.329550266265869,296.0502014160156,563.0,477489.5625,390821.0,141451.95206201077,,
15343,7.093043327331543,102.07469940185547,925.0,477239.3125,390571.0,26738.233932123287,5065,13C1
15382,7.230356693267822,296.0461120605469,943.0,1141991.0,389468.0,176027.8600655794,,
15398,9.047216415405273,713.0814208984375,1179.0,475625.1875,388957.0,36471.504750430584,,
15407,14.544376373291016,246.0205841064453,1891.0,475483.9375,388815.0,79968.27298789285,,
15411,9.954593658447266,711.0511474609375,1297.0,475379.59375,388711.0,36676.46540310979,,
15419,0.08673200756311417,239.02316284179688,11.0,475181.65625,388513.0,31756.088839842763,,
15428,16.622268676757812,112.11349487304688,2157.0,1521346.25,388185.0,578615.6884717941,,
15437,14.634605407714844,112.11349487304688,1903.0,1812889.125,388008.0,596752.857052803,15437,
15448,0.08673200756311417,134.9989013671875,11.0,474416.53125,387748.0,33106.605017410824,,
15455,0.1364421248435974,114.11099243164062,17.0,474306.875,387638.0,118042.1836197474,215,13C1
15461,10.788835525512695,268.0168151855469,1405.0,474119.0625,387451.0,71994.19424235821,,
15480,0.08673200756311417,269.00860595703125,11.0,473502.375,386834.0,36268.75312079018,15480,
15487,2.282029151916504,282.1539611816406,295.0,473310.78125,386642.0,49610.867272954434,,
15510,1.5826424360275269,268.0141906738281,203.0,472852.15625,386184.0,91144.99780956656,,
15511,24.799524307250977,119.08177185058594,3215.0,472831.5,386163.0,48809.220222473145,,
15513,0.056450989097356796,101.09656524658203,7.0,472631.03125,385963.0,58465.67895774814,,
15527,11.885342597961426,112.11100006103516,1547.0,1166423.875,385604.0,412846.0426259041,15527,
15530,2.264108419418335,309.04010009765625,293.0,472135.625,385467.0,101904.86922378838,,
15534,4.639678955078125,118.0868148803711,603.0,1342296.75,385286.0,287868.05035853386,,
15540,20.65593910217285,367.0904235839844,2679.0,471751.3125,385083.0,81389.81170916557,,
15550,1.491478443145752,366.216064453125,191.0,471435.46875,384767.0,34006.21188205571,,
15568,23.626991271972656,112.11163330078125,3063.0,1702652.5,384282.0,358886.54559993744,,
15585,3.018446683883667,309.0418701171875,391.0,470300.03125,383632.0,81760.01741540432,,
15601,1.2787444591522217,568.3020629882812,163.0,469914.71875,383246.0,35617.302869509906,,
15621,9.016843795776367,711.0562744140625,1175.0,469346.75,382678.0,44488.72682994604,,
15625,13.74134635925293,367.0938720703125,1787.0,1120069.5,382530.0,139393.5275402069,,
15630,11.270263671875,112.11065673828125,1467.0,836539.6875,382469.0,261501.21299242973,,
15632,4.268763065338135,296.0503234863281,555.0,469094.5,382426.0,145119.48556625843,,
15644,2.6491119861602783,341.09942626953125,343.0,468864.65625,382196.0,64743.42856374383,,
15675,6.298627853393555,140.0678253173828,821.0,468153.0625,381485.0,95784.19271951914,1521,2H2
15679,3.003288507461548,309.0416259765625,389.0,468041.625,381373.0,99826.02241787314,,
15698,4.776880264282227,341.10308837890625,621.0,467702.625,381034.0,147339.89785552025,,
15702,2.312126874923706,258.1702880859375,299.0,467646.0,380978.0,80798.61399732158,,
15733,12.580321311950684,101.07148742675781,1637.0,528020.0,380035.0,65653.48556685448,,
15743,7.1232428550720215,214.0919647216797,929.0,466520.75,379852.0,133301.48481827974,,
15749,10.263609886169434,713.0861206054688,1337.0,466442.15625,379774.0,29111.66970834136,,
15771,12.54973030090332,250.9901123046875,1633.0,1810117.375,379369.0,415545.0825242996,,
15774,6.361367225646973,200.13336181640625,829.0,466004.5,379336.0,84151.14306202531,,
15776,0.1016089990735054,130.08628845214844,13.0,465890.1875,379222.0,49787.3122967426,,
15777,9.154751777648926,715.07861328125,1193.0,465852.3125,379184.0,37081.020936608315,2598,2H2
15783,21.306276321411133,367.0903015136719,2763.0,465776.84375,379108.0,128961.36689853668,,
15789,4.807092666625977,296.0461120605469,625.0,3678852.5,378833.0,663350.1531629562,15789,
15792,9.64648723602295,711.0867919921875,1257.0,465459.875,378791.0,35112.592498362064,,
15793,3.6136133670806885,296.04217529296875,469.0,1649811.25,378718.0,380699.89377331734,15793,
15797,4.1456451416015625,341.1063537597656,539.0,465349.28125,378681.0,77011.41975352168,,
15823,12.442314147949219,212.094970703125,1619.0,1953729.0,378240.0,351897.1606864929,,
15830,8.397932052612305,95.08612823486328,1095.0,2340269.5,378146.0,556321.9458150864,15830,
15834,2.709559440612793,341.1078186035156,351.0,464726.46875,378058.0,107811.02498960495,,
15837,0.08673200756311417,158.0134735107422,11.0,580595.0625,378053.0,48922.03273574311,15837,
15844,24.304454803466797,116.0022201538086,3151.0,464552.84375,377884.0,103207.38190484047,,
15849,0.07165712118148804,117.06597900390625,9.0,464470.875,377802.0,42309.96081439522,,
15855,10.926641464233398,112.11100006103516,1423.0,1287939.0,377631.0,535352.3034958839,15855,
15864,4.7163472175598145,120.08092498779297,613.0,463921.75,377253.0,106269.48126807809,,
15885,9.722890853881836,713.0857543945312,1267.0,463384.65625,376716.0,22299.453179210424,,
15898,2.2970540523529053,132.10203552246094,297.0,463112.8125,376444.0,119621.83924418315,,
15900,0.1664876639842987,324.0741271972656,21.0,462977.78125,376309.0,101995.77111808956,,
15903,9.938776969909668,101.07067108154297,1295.0,462955.5,376287.0,62463.90595245361,,
15907,4.624570846557617,129.10235595703125,601.0,462822.40625,376154.0,26458.590791598894,,
15928,15.816454887390137,112.11349487304688,2053.0,1480113.75,375393.0,607346.0808076859,,
15933,5.752048492431641,296.0435485839844,749.0,1454989.0,375175.0,350044.9892101288,,
15936,9.415385246276855,709.0867309570312,1227.0,461760.5625,375092.0,56685.81104058027,,
15942,11.594443321228027,258.1124572753906,1509.0,461657.21875,374989.0,173400.61461815704,,
15943,7.093043327331543,141.07762145996094,925.0,461592.53125,374924.0,30927.176410969347,15943,
15952,4.160745143890381,265.00518798828125,541.0,461206.75,374538.0,125286.98709017038,,
15973,9.846450805664062,158.15374755859375,1283.0,460694.46875,374026.0,82945.79339957237,,
15974,22.71600914001465,112.11349487304688,2945.0,803956.0,374015.0,273084.2418861389,,
15980,2.0232579708099365,239.15115356445312,261.0,485572.8125,373876.0,181192.8050840851,,
15986,1.0134047269821167,296.0502014160156,129.0,1744691.625,373652.0,549801.8280910254,15986,
15993,12.317259788513184,95.08612823486328,1603.0,1883692.375,373477.0,363910.6656727791,,
15995,9.738216400146484,711.0867919921875,1269.0,460114.09375,373446.0,33397.701009750366,,
15998,3.078885793685913,250.98484802246094,399.0,1122451.875,373394.0,290214.51788043976,,
16009,4.099245548248291,296.04766845703125,533.0,3258407.5,372911.0,776558.5063602924,16009,
16011,0.5648765563964844,354.09796142578125,71.0,459497.3125,372829.0,51069.35214462504,,
16026,11.22451400756836,307.04229736328125,1461.0,459159.59375,372491.0,105187.77643503202,,
16028,1.9316502809524536,112.10778045654297,249.0,588035.4375,372487.0,74865.85335925967,,
16044,15.436361312866211,112.11163330078125,2005.0,8126249.0,372128.0,2353354.6630630493,16044,
16045,8.56828498840332,139.05841064453125,1117.0,458763.90625,372095.0,222366.51283450052,501,13C1
16065,23.626991271972656,112.11224365234375,3063.0,4193137.0,371527.0,782189.0775356293,,
16075,19.014873504638672,164.065185546875,2467.0,1503321.125,371255.0,394842.4011707306,16075,
16090,5.233224868774414,212.0974578857422,681.0,1212517.125,370913.0,364579.00517368317,,
16100,4.208529949188232,292.01397705078125,547.0,457301.6875,370633.0,95765.76295036077,,
16114,9.016843795776367,153.05999755859375,1175.0,457135.875,370467.0,202971.86861639563,175,13C1
16121,1.4460870027542114,316.2110900878906,185.0,456927.96875,370259.0,89154.83000418916,,
16126,1.491478443145752,339.1869201660156,191.0,456721.65625,370053.0,78501.48605561377,3670,13C1
16148,5.906422138214111,250.98377990722656,769.0,481583.625,369493.0,141475.9689322114,,
16162,0.2966514527797699,212.0974578857422,37.0,1266943.5,369221.0,350369.934151724,,
16188,2.8315460681915283,296.04766845703125,367.0,5080457.5,368423.0,1056719.6536204815,16188,
16198,4.160745143890381,296.0503234863281,541.0,474059.3125,368195.0,153999.68813079596,,
16205,3.8413493633270264,112.10873413085938,499.0,544821.875,367956.0,46295.780334845185,,
16217,6.910015106201172,296.04229736328125,901.0,454408.5625,367740.0,165880.98105540872,,
16235,10.48081111907959,713.0457763671875,1365.0,454033.0,367365.0,39787.77815929055,,
16244,4.974297523498535,213.098388671875,647.0,453894.0,367226.0,86884.14655464888,4683,13C1
16246,4.470278263092041,212.09262084960938,581.0,807547.9375,367095.0,222938.633664608,,
16261,2.6944572925567627,296.04766845703125,349.0,5114004.0,366769.0,1057922.101057291,16261,
16262,14.664440155029297,276.9619445800781,1907.0,453405.3125,366737.0,154598.21156561375,,
16263,19.448532104492188,123.04072570800781,2523.0,7721278.5,366713.0,1591661.463607788,,
16265,8.894063949584961,715.0531616210938,1159.0,453309.28125,366641.0,51389.2905960381,,
16294,7.780915260314941,296.0474853515625,1015.0,452788.71875,366120.0,92685.50061714649,,
16301,12.317259788513184,112.11100006103516,1603.0,1057807.0,366004.0,404967.0559594631,16301,
16303,3.003288507461548,309.04010009765625,389.0,452642.15625,365974.0,87491.73921741545,,
16320,0.08673200756311417,130.93295288085938,11.0,452346.53125,365678.0,37893.06542148217,,
16322,2.264108419418335,313.20526123046875,293.0,452283.40625,365615.0,48863.14211776666,1525,13C1
16326,0.08673200756311417,159.00765991210938,11.0,465438.09375,365536.0,30234.778605883766,16326,
16329,10.388779640197754,713.0458984375,1353.0,452112.53125,365444.0,29266.850676566362,,
16331,10.619418144226074,713.0460205078125,1383.0,452042.25,365374.0,49399.24325834273,,
16335,16.081161499023438,112.11131286621094,2087.0,2339461.25,365227.0,925878.7639503479,16335,
16341,8.848376274108887,209.08413696289062,1153.0,451836.0625,365168.0,236294.83931173012,,
16344,7.811104774475098,112.1131820678711,1019.0,11446592.0,365107.0,2826332.4154644012,16344,
16345,19.246891021728516,123.04182434082031,2497.0,793355.5625,365084.0,340423.97102212906,,
16382,7.215206623077393,214.08787536621094,941.0,451118.21875,364450.0,108375.61361396313,,
16398,13.911211967468262,112.11349487304688,1809.0,1850076.25,363874.0,629250.9755396843,,
16410,0.1514565646648407,367.0940856933594,19.0,450287.25,363619.0,48678.56231367099,,
16453,2.724719762802124,341.108154296875,353.0,449389.625,362721.0,43209.209641098976,,
16454,4.974297523498535,296.04766845703125,647.0,2186764.0,362685.0,432165.54189801216,16454,
16490,10.48081111907959,717.0433959960938,1365.0,448512.03125,361844.0,39018.7135206759,,
16560,6.283702850341797,296.048828125,819.0,446529.78125,359861.0,102901.72667056322,,
16569,10.604086875915527,554.0496215820312,1381.0,446230.625,359562.0,42518.77540579438,,
16572,5.323859691619873,137.0652618408203,693.0,446190.75,359522.0,145462.18425640464,182,13C1
16587,8.753939628601074,713.0715942382812,1141.0,445813.5,359145.0,55671.4227124895,,
16594,23.241506576538086,112.11256408691406,3013.0,5859037.0,359033.0,2195456.5650577545,16594,
16620,0.041403207927942276,115.07563018798828,5.0,444950.59375,358282.0,53175.02175718079,,
16623,10.588310241699219,713.0863037109375,1379.0,444911.09375,358243.0,27771.552789479494,,
16630,0.056450989097356796,87.08091735839844,7.0,461477.6875,358084.0,62631.86322279954,,
16637,10.325239181518555,713.0458984375,1345.0,444554.15625,357886.0,27107.612449616194,,
16639,9.215794563293457,717.0736694335938,1201.0,444504.25,357836.0,51602.77124032378,,
16659,10.34049129486084,713.0861206054688,1347.0,444130.15625,357462.0,26571.894328206778,,
16660,19.788877487182617,141.04986572265625,2567.0,949772.9375,357445.0,284257.4559750557,16660,
16663,12.240446090698242,88.07633209228516,1593.0,495244.75,357371.0,142354.40985143185,,
16712,3.446424961090088,112.1103286743164,447.0,1069511.875,356162.0,254542.08685064316,16712,
16743,12.472857475280762,101.07148742675781,1623.0,471542.625,355340.0,51722.909158825874,,
16780,4.776880264282227,341.1047668457031,621.0,441113.03125,354445.0,119325.61625391245,,
16785,3.68922758102417,296.04217529296875,479.0,1611499.0,354329.0,458049.0986531973,16785,
16806,2.786233901977539,296.0489501953125,361.0,2704728.25,353771.0,735255.7504380941,,
16823,0.08673200756311417,231.98130798339844,11.0,439975.0625,353307.0,28544.88746081374,,
16827,6.955458641052246,296.048828125,907.0,439924.71875,353256.0,94755.46823245287,,
16835,17.702932357788086,112.11349487304688,2297.0,1343176.0,353152.0,538807.2289829254,16835,
16841,11.22451400756836,212.0924835205078,1461.0,760134.5,353027.0,291446.8378534317,,
16901,12.038484573364258,112.11100006103516,1567.0,1124424.25,351872.0,529789.0671796799,16901,
16909,10.604086875915527,607.0619506835938,1381.0,438408.5625,351740.0,58422.352008458576,,
16918,2.2490897178649902,112.1103286743164,291.0,1065541.875,351576.0,222273.60373300314,16918,
16926,3.2026350498199463,309.0418701171875,415.0,438127.03125,351459.0,87616.4557941258,,
16962,0.7362149357795715,309.0376281738281,93.0,437462.0,350794.0,134444.28835507482,,
16964,10.572989463806152,711.0877075195312,1377.0,437443.1875,350775.0,43826.3417019248,,
16989,12.084235191345215,101.07176208496094,1573.0,436893.46875,350225.0,74639.66008406878,,
16991,2.282029151916504,247.16468811035156,295.0,436836.1875,350168.0,137603.575894434,,
16994,6.910015106201172,250.98377990722656,901.0,474515.25,350149.0,233817.06595689058,,
17033,4.548817157745361,296.04766845703125,591.0,2639595.0,349230.0,535290.7047870159,17033,
17035,2.4332737922668457,124.03939056396484,315.0,435756.15625,349088.0,183972.49059849838,,
17058,12.209919929504395,112.06224060058594,1589.0,435305.71875,348637.0,45843.3680062294,,
17071,4.639678955078125,136.08685302734375,603.0,435134.0625,348466.0,29097.718227408826,,
17077,5.537060260772705,214.09178161621094,721.0,435031.75,348363.0,108134.6543328166,,
17094,19.448532104492188,123.04109191894531,2523.0,4813518.5,347957.0,1090279.9542770386,,
17123,0.7663502097129822,297.0473937988281,97.0,434039.84375,347371.0,113974.41100498661,41,13C1
17136,1.7043039798736572,268.0155029296875,219.0,433870.34375,347202.0,90102.29748596996,,
17138,11.0516939163208,112.11100006103516,1439.0,1205577.875,347177.0,387001.17954206467,17138,
17139,14.741904258728027,244.0255889892578,1917.0,1458481.625,347151.0,752776.7134475708,,
17147,5.218081474304199,296.0461120605469,679.0,2825407.25,346999.0,513333.47443938255,,
17151,1.7043039798736572,268.0131530761719,219.0,433606.5625,346938.0,90012.19305330515,,
17161,10.696438789367676,101.07203674316406,1393.0,433466.625,346798.0,36202.87675662339,,
17167,10.788835525512695,292.01397705078125,1405.0,433382.0,346714.0,65884.63732013106,,
17180,0.026211624965071678,214.09364318847656,3.0,949689.25,346371.0,299500.09182928805,,
17223,4.822229862213135,214.0919647216797,627.0,431939.4375,345271.0,118806.96232867241,,
17229,23.241506576538086,112.11224365234375,3013.0,6151212.0,345149.0,2041993.2106666565,17229,
17234,22.468198776245117,214.0919647216797,2913.0,814658.3125,345081.0,240831.06830453873,,
17238,9.477459907531738,112.1103286743164,1235.0,754874.0625,345032.0,129364.49082446098,,
17247,18.58237075805664,164.065185546875,2411.0,1464517.375,344811.0,408330.83518981934,17247,
17260,21.151443481445312,112.11100006103516,2743.0,603730.1875,344499.0,171379.8377494812,17260,
17267,0.08673200756311417,102.0554428100586,11.0,431037.15625,344369.0,58645.32769340462,,
17273,17.08570671081543,112.11131286621094,2217.0,2486433.5,344286.0,1088748.40234375,17273,
17291,10.588310241699219,605.0636596679688,1379.0,430531.59375,343863.0,26645.55795094371,,
17327,9.293231964111328,228.13426208496094,1211.0,429908.96875,343240.0,149491.82251892984,,
17372,11.097456932067871,192.1232147216797,1445.0,429046.75,342378.0,228569.7120282892,,
17388,2.11379075050354,195.13365173339844,273.0,471009.28125,342155.0,89594.80406835489,,
17419,4.579110622406006,296.0502014160156,595.0,428173.0625,341505.0,177286.69557142258,,
17430,10.169427871704102,713.046142578125,1325.0,427919.90625,341251.0,32629.58663827181,,
17435,10.634689331054688,713.0863037109375,1385.0,427840.53125,341172.0,37152.91477980092,,
17443,11.594443321228027,106.05033874511719,1509.0,427643.15625,340975.0,141822.2301372718,,
17445,0.1364421248435974,116.1072769165039,17.0,427610.71875,340942.0,69504.98025060352,,
17451,19.448532104492188,123.04145812988281,2523.0,2128998.75,340756.0,549788.3621120453,,
17458,16.8231143951416,112.11100006103516,2183.0,871210.0,340570.0,418077.1659069061,17458,
17471,10.588310241699219,448.05010986328125,1379.0,427052.90625,340384.0,38505.671626746655,,
17477,2.143630027770996,195.1124267578125,277.0,459236.40625,340314.0,92129.88963775337,17477,
17478,21.213436126708984,123.04182434082031,2751.0,815074.6875,340300.0,283248.1766767502,,
17505,6.283702850341797,296.04473876953125,819.0,1248449.875,339723.0,227130.4427987337,,
17535,0.1664876639842987,296.0395812988281,21.0,602444.25,339070.0,190116.26831483864,,
17540,1.0919146537780762,296.0394592285156,139.0,545228.1875,338952.0,209492.28411616385,,
17543,2.282029151916504,152.10000610351562,295.0,425555.40625,338887.0,50520.752821139875,4409,13C1
17580,6.9402899742126465,296.0462951660156,905.0,1306067.25,338250.0,212014.48608136177,,
17607,12.580321311950684,101.07122039794922,1637.0,472480.5,337762.0,71675.54300630093,,
17620,3.5220870971679688,112.11349487304688,457.0,4143125.75,337511.0,1700789.6401748657,17620,
17622,10.388779640197754,717.0435180664062,1353.0,424140.75,337472.0,28464.43805205822,,
17625,1.7952637672424316,112.11065673828125,231.0,1317899.875,337327.0,604024.9464562535,17625,
17642,2.6491119861602783,353.9333801269531,343.0,423622.34375,336954.0,70809.25214703847,,
17673,4.23865270614624,296.04779052734375,551.0,2819207.5,336081.0,432167.7706775665,17673,
17678,10.557726860046387,556.0538330078125,1375.0,422701.09375,336033.0,24231.81617036462,25481,13C1
17683,17.702932357788086,123.04145812988281,2297.0,2170950.25,335930.0,765334.1099662781,,
17688,21.012115478515625,250.98484802246094,2725.0,669436.0,335799.0,220250.9151146412,,
17700,15.043219566345215,367.0979919433594,1955.0,422263.90625,335595.0,79513.71215461008,,
17725,2.724719762802124,309.0419921875,353.0,421776.0625,335108.0,78631.51673170924,,
17731,8.304327964782715,113.11486053466797,1083.0,848064.8125,335033.0,259573.42902040482,8220,13C1
17739,4.66994571685791,120.1021728515625,607.0,421618.125,334950.0,207495.60182820354,,
17746,14.619670867919922,822.9796142578125,1901.0,421539.9375,334871.0,29474.553874962498,17746,
17757,5.050803184509277,239.1401824951172,657.0,421447.25,334779.0,74060.72299194336,,
17762,7.215206623077393,164.05674743652344,941.0,421347.75,334679.0,85102.56931248307,,
17763,7.489130020141602,112.1103286743164,977.0,819219.8125,334676.0,131160.92392200232,,
17765,9.985189437866211,164.11094665527344,1301.0,421323.21875,334655.0,136265.02248027548,,
17803,12.240446090698242,112.11065673828125,1593.0,800348.25,333736.0,211067.6406005621,17803,
17807,8.56828498840332,338.34185791015625,1117.0,420208.5625,333540.0,81396.25900936127,,
17809,7.980724334716797,95.08612823486328,1041.0,2384417.25,333525.0,475578.9042620659,17809,
17814,14.589350700378418,580.9146728515625,1897.0,420133.53125,333465.0,34725.33942194386,,
17834,9.584390640258789,711.0519409179688,1249.0,419841.4375,333173.0,34231.910032093525,,
17843,11.115652084350586,112.11100006103516,1447.0,1146461.75,332899.0,393013.05494499207,,
17852,0.4394232928752899,112.1103286743164,55.0,844948.25,332726.0,173490.0791056417,,
17861,18.58237075805664,268.0132751464844,2411.0,419076.15625,332408.0,78726.86460804939,,
17877,8.040695190429688,123.06668090820312,1049.0,418832.875,332164.0,33195.58811531961,,
17886,2.5724833011627197,112.1103286743164,333.0,852568.4375,331902.0,170104.55442023277,,
17888,5.799964904785156,112.10873413085938,755.0,535177.4375,331868.0,44856.535960674286,,
17889,7.230356693267822,296.048828125,943.0,418525.9375,331857.0,77143.31040966511,,
17902,15.325511932373047,104.07097625732422,1991.0,447795.3125,331521.0,75898.77766120434,,
17933,24.38166618347168,112.11224365234375,3161.0,2559749.25,330988.0,479845.9272041321,,
17936,2.709559440612793,341.09942626953125,351.0,417506.25,330838.0,74910.46135146916,,
17939,0.1016089990735054,98.096923828125,13.0,417436.78125,330768.0,63403.635736774304,,
17941,5.233224868774414,112.10778045654297,681.0,549718.625,330751.0,64488.17313927412,,
17969,8.45928955078125,112.1131820678711,1103.0,9456055.0,330339.0,2452940.289506912,17969,
17973,0.07165712118148804,118.06419372558594,9.0,494653.25,330291.0,70946.2751648766,17973,
17994,4.268763065338135,212.0974578857422,555.0,1169638.375,329791.0,298851.8778203726,,
18000,16.653095245361328,112.11349487304688,2161.0,1466177.375,329687.0,578615.6884717941,,
18014,1.4612369537353516,112.1103286743164,187.0,899553.25,329389.0,152926.8282136321,18014,
18018,0.8773931860923767,268.0155029296875,111.0,415924.375,329256.0,97359.48364679888,,
18029,22.948389053344727,112.11256408691406,2975.0,7557703.0,329108.0,1490431.4954566956,18029,
18039,8.13520622253418,296.0436706542969,1061.0,415635.40625,328967.0,160179.37043583393,,
18041,10.325239181518555,721.059326171875,1345.0,415603.71875,328935.0,31649.517066448927,,
18043,5.081034183502197,212.0933074951172,661.0,2139650.75,328915.0,466630.4171869755,,
18044,0.08673200756311417,155.98031616210938,11.0,486072.46875,328905.0,51523.248911531875,18044,
18046,14.589350700378418,822.9991455078125,1897.0,415558.21875,328890.0,39890.278580310405,,
18086,0.08673200756311417,155.98345947265625,11.0,443257.40625,328148.0,52188.0714544605,,
18103,9.154751777648926,717.0739135742188,1193.0,414303.625,327635.0,56005.36595249176,,
18105,23.395751953125,112.11224365234375,3033.0,5231176.5,327622.0,2767223.910949707,18105,
18127,8.273636817932129,95.08588409423828,1079.0,2312398.5,327152.0,660624.494284153,18127,
18136,5.218081474304199,296.0474853515625,679.0,1941679.5,326993.0,405393.42388916016,,
18165,8.708207130432129,296.0461120605469,1135.0,413089.34375,326421.0,93914.6948467493,,
18170,2.2340877056121826,297.04986572265625,289.0,412904.46875,326236.0,69582.12471884489,7372,13C1
18183,10.511406898498535,285.0469970703125,1369.0,412715.78125,326047.0,94255.33064347506,,
18194,4.579110622406006,212.0974578857422,595.0,1210283.0,325867.0,414956.5908484459,,
18199,9.446860313415527,711.0869750976562,1231.0,412418.625,325750.0,31940.245280325413,,
18208,0.07165712118148804,119.06868743896484,9.0,412292.0,325624.0,34157.713427583105,17973,13C1
18214,7.321439266204834,296.044921875,955.0,1046271.375,325559.0,186995.4244532585,,
18223,17.563892364501953,112.11100006103516,2279.0,787154.5,325394.0,255539.7002568245,18223,
18234,22.483625411987305,367.0979919433594,2915.0,411831.8125,325163.0,45097.15706396103,,
18236,0.7362149357795715,296.0382080078125,93.0,527012.8125,325125.0,116225.1577969864,,
18258,14.604764938354492,250.01966857910156,1899.0,411455.15625,324787.0,87517.20775778918,,
18259,20.45476722717285,123.04182434082031,2653.0,787672.75,324785.0,361467.1603307724,,
18284,24.90976905822754,125.0379638671875,3229.0,1714395.75,324125.0,317800.52836561203,,
18296,16.173717498779297,112.11131286621094,2099.0,2593844.0,323814.0,960547.8788051605,18296,
18306,7.0475077629089355,296.0489501953125,919.0,410311.1875,323643.0,91643.23797798157,,
18324,2.2970540523529053,205.10740661621094,297.0,409974.6875,323306.0,53968.16971749952,,
18331,7.093043327331543,86.06080627441406,925.0,418555.25,323194.0,56569.148037076,,
18334,5.537060260772705,296.0461120605469,721.0,2647665.75,323094.0,523923.9119989872,,
18347,15.356830596923828,214.0919647216797,1995.0,645657.625,322927.0,210656.5116660595,,
18391,9.492730140686035,112.11065673828125,1237.0,923170.0625,322170.0,253403.9014225006,,
18399,0.08673200756311417,157.02859497070312,11.0,408671.625,322003.0,37488.42607176199,,
18411,4.470278263092041,296.0409240722656,581.0,408528.71875,321860.0,115650.45894277096,,
18419,10.588310241699219,717.0430297851562,1379.0,408379.78125,321711.0,40559.67028197646,,
18431,6.58975076675415,265.00537109375,859.0,408172.71875,321504.0,79428.35504174232,,
18446,6.680708408355713,148.0967559814453,871.0,407836.75,321168.0,184907.97305119038,,
18452,12.472857475280762,101.07122039794922,1623.0,425559.875,321099.0,51569.810362935066,,
18478,9.12427043914795,715.078369140625,1189.0,407310.8125,320642.0,30271.080907583237,2598,2H2
18500,5.050803184509277,296.0489501953125,657.0,1226016.875,320253.0,313146.6033756733,,
18507,18.628955841064453,164.065185546875,2417.0,1447937.125,320128.0,496770.1256046295,18507,
18549,2.6491119861602783,309.04010009765625,343.0,405949.75,319281.0,71513.49991178513,,
18578,21.074148178100586,123.04182434082031,2733.0,841436.4375,318782.0,348485.10147190094,,
18601,0.08673200756311417,145.02774047851562,11.0,405121.28125,318453.0,26920.592472924793,,
18623,8.02580738067627,176.13925170898438,1047.0,404844.84375,318176.0,107273.82969430089,,
18632,2.4332737922668457,112.1103286743164,315.0,808454.1875,317957.0,136203.4216262102,,
18649,2.973005533218384,112.11349487304688,385.0,4146280.5,317696.0,1459002.7721271515,,
18676,7.458855152130127,112.1103286743164,973.0,799510.5,317136.0,183197.12019699812,,
18677,8.940255165100098,717.069091796875,1165.0,403787.25,317119.0,31091.94342505932,,
18705,8.769206047058105,715.0687255859375,1143.0,403240.15625,316572.0,43922.942471936345,12177,2H2
18727,2.9427742958068848,250.98484802246094,381.0,1022165.375,316226.0,265521.74706834555,,
18731,11.22451400756836,292.0714416503906,1461.0,402815.28125,316147.0,124529.16266819183,866,13C1
18744,8.708207130432129,296.04473876953125,1135.0,402594.375,315926.0,90869.19913107157,,
18760,0.07165712118148804,112.05091094970703,9.0,402365.15625,315697.0,44938.24846541928,,
18764,1.9316502809524536,300.204345703125,249.0,402319.875,315651.0,163204.84127659723,,
18770,10.465560913085938,112.1103286743164,1363.0,682632.75,315570.0,107706.64602053165,,
18773,8.95596981048584,709.0812377929688,1167.0,402203.25,315535.0,27444.531018853188,,
18775,11.23958683013916,332.0830383300781,1463.0,402170.21875,315502.0,92312.17170227133,,
18790,15.515707015991211,112.11100006103516,2015.0,894801.25,315264.0,274944.27954530716,18790,
18798,17.13226890563965,166.06466674804688,2223.0,1200308.875,315132.0,356368.84722185135,,
18847,4.807092666625977,296.0474853515625,625.0,2477068.5,314347.0,518966.02074480057,18847,
18881,15.484935760498047,112.11349487304688,2011.0,1667926.875,313612.0,573317.8828010559,,
18885,3.7647998332977295,296.04766845703125,489.0,3569994.0,313529.0,1148079.069859624,18885,
18920,24.242647171020508,112.11256408691406,3143.0,2598973.5,312829.0,601198.3342208862,,
18927,2.2490897178649902,227.1754150390625,291.0,399314.6875,312646.0,108874.62279179553,,
18944,3.582501173019409,74.09710693359375,465.0,1006512.25,312331.0,384283.4873354435,,
18952,3.247953414916992,296.0489501953125,421.0,2388841.5,312214.0,642331.1454114914,,
18955,0.07165712118148804,111.06678009033203,9.0,433985.1875,312184.0,45860.56671249063,,
18972,2.053403615951538,125.07097625732422,265.0,398662.28125,311994.0,52018.93139048666,,
18974,10.169427871704102,717.0438232421875,1325.0,398640.125,311972.0,31466.826219946146,,
18985,23.395751953125,112.11192321777344,3033.0,3636405.75,311874.0,2202155.843717575,18985,
18993,5.906422138214111,113.11455535888672,769.0,472046.90625,311756.0,188561.61562299728,2836,13C1
18994,9.661758422851562,711.0874633789062,1259.0,398419.8125,311751.0,35112.592498362064,,
18997,8.97117805480957,717.0692138671875,1169.0,398340.59375,311672.0,31091.94342505932,,
19009,21.213436126708984,214.0919647216797,2751.0,749168.125,311395.0,277039.9013800621,,
19010,22.90192985534668,112.11256408691406,2969.0,7944708.0,311392.0,2764243.098636627,19010,
19014,18.953346252441406,123.04182434082031,2459.0,725556.375,311364.0,256550.87690210342,,
19022,10.092012405395508,713.0861206054688,1315.0,397806.4375,311138.0,22799.326487481594,,
19025,4.624570846557617,101.07067108154297,601.0,397698.84375,311030.0,70570.98166453838,,
19026,22.948389053344727,112.11192321777344,2975.0,5458626.5,311026.0,1200199.6187839508,19026,
19081,10.48081111907959,338.04620361328125,1365.0,396857.375,310189.0,109239.31169891357,,
19085,10.388779640197754,112.11131286621094,1353.0,4710218.5,310079.0,1805781.6396446228,19085,
19092,4.099245548248291,296.0408020019531,533.0,396605.8125,309937.0,159375.30763858557,,
19105,0.026211624965071678,214.10202026367188,3.0,396388.46875,309720.0,40335.3709793646,1376,13C2
19113,8.489707946777344,95.08612823486328,1107.0,2285346.25,309608.0,538457.6026329994,19113,
19118,10.404043197631836,160.13336181640625,1355.0,396224.25,309556.0,126342.04585964978,,
19127,3.2177369594573975,148.09536743164062,417.0,612832.0,309416.0,303278.9383604713,,
19134,4.344602108001709,112.1103286743164,565.0,1049378.75,309332.0,221584.69358545542,19134,
19142,6.910015106201172,212.091796875,901.0,395835.65625,309167.0,149994.6790023446,19142,
19163,12.069000244140625,101.0709457397461,1571.0,395424.375,308756.0,61226.69457113743,,
19194,4.115364074707031,276.19525146484375,535.0,394777.59375,308109.0,74283.8907418549,,
19221,9.492730140686035,711.0519409179688,1237.0,394367.125,307699.0,35537.266826957464,,
19224,0.23151439428329468,268.0141906738281,29.0,394288.28125,307620.0,74085.0585278403,,
19231,23.041051864624023,112.11288452148438,2987.0,4543018.0,307463.0,1342762.521308899,19231,
19232,0.2966514527797699,296.0502014160156,37.0,1581711.625,307444.0,507030.288012445,19232,
19260,1.6132880449295044,244.1904754638672,207.0,393603.28125,306935.0,94423.83757005981,,
19271,11.47284984588623,231.11598205566406,1493.0,393350.96875,306682.0,91515.05398833752,,
19280,15.547001838684082,112.11131286621094,2019.0,2475066.75,306567.0,802308.7556962967,19280,
19290,2.2970540523529053,223.11907958984375,297.0,393119.96875,306451.0,59939.47165166959,,
19301,6.910015106201172,296.0436706542969,901.0,886661.9375,306207.0,301242.5958080888,,
19305,4.160745143890381,341.1061096191406,541.0,392791.28125,306123.0,132922.56921225786,,
19307,5.799964904785156,296.0474853515625,755.0,1557573.125,306090.0,375508.37104439735,,
19325,2.6944572925567627,341.108154296875,349.0,443527.59375,305629.0,43209.209641098976,,
19337,0.056450989097356796,85.06542205810547,7.0,392081.03125,305413.0,61213.05599156406,,
19338,0.08673200756311417,159.0614776611328,11.0,392037.8125,305369.0,27680.542779514974,,
19341,10.788835525512695,112.11100006103516,1405.0,1249434.5,305321.0,513182.46348142624,19341,
19342,10.588310241699219,342.0446472167969,1379.0,391972.21875,305304.0,89146.03160941601,,
19358,8.13520622253418,296.04779052734375,1061.0,391665.78125,304997.0,117936.15139937401,,
19413,8.180331230163574,112.1103286743164,1067.0,784203.75,303799.0,134626.83771014214,19413,
19416,0.056450989097356796,223.06356811523438,7.0,390404.46875,303736.0,51464.91590211398,,
19418,7.336637020111084,132.10324096679688,957.0,390332.9375,303664.0,112674.59415435791,,
19454,1.8102991580963135,290.27130126953125,233.0,389845.4375,303177.0,134444.53898439556,,
19482,9.753521919250488,711.0874633789062,1271.0,389321.09375,302653.0,33397.701009750366,,
19489,17.25538444519043,112.11100006103516,2239.0,790265.5625,302506.0,279737.40655088425,19489,
19528,6.406141757965088,296.0491943359375,835.0,388507.5625,301839.0,66957.43242686987,,
19530,4.253698348999023,74.09710693359375,553.0,900107.3125,301761.0,235808.42726039886,,
19556,3.8866825103759766,112.11700439453125,505.0,530853.9375,301257.0,57306.729468524456,,
19559,17.178165435791016,112.11131286621094,2229.0,2290741.0,301167.0,722779.177728653,19559,
19579,10.24831485748291,872.0833129882812,1335.0,387445.96875,300777.0,34006.29672831297,22798,13C1
19587,1.8561049699783325,267.1415710449219,239.0,575470.75,300696.0,222763.3446116331,19587,
19598,0.1664876639842987,284.1940002441406,21.0,387217.21875,300549.0,124747.56381011571,,
19613,3.916884183883667,112.1103286743164,509.0,1068276.625,300300.0,259167.66767412424,19613,
19626,10.634689331054688,876.0708618164062,1385.0,386796.8125,300128.0,30935.091570603545,19626,
19628,4.208529949188232,341.1063537597656,547.0,386775.65625,300107.0,62349.91683124006,,
19632,7.153494834899902,296.0489501953125,933.0,386733.4375,300065.0,114007.64341202378,,
19635,2.3424015045166016,139.05043029785156,303.0,386677.09375,300009.0,114737.5410587336,,
19640,22.266311645507812,367.09765625,2887.0,386594.625,299926.0,63290.49368035793,,
19648,10.788835525512695,265.00537109375,1405.0,386474.8125,299806.0,129215.81299626827,,
19671,2.2040421962738037,296.04766845703125,285.0,5658677.0,299487.0,1422240.147277832,19671,
19696,22.11188507080078,367.0904235839844,2867.0,385636.3125,298968.0,85922.54112362862,,
19701,10.046223640441895,713.0458984375,1309.0,385446.375,298778.0,29151.632767766714,,
19704,5.278549671173096,296.044921875,687.0,2611790.0,298730.0,777783.6013495922,,
19748,8.97117805480957,709.08154296875,1169.0,384822.375,298154.0,27444.531018853188,,
19780,23.08707618713379,112.11224365234375,2993.0,7380742.5,297631.0,1383043.9946517944,19780,
19793,10.24831485748291,112.1103286743164,1335.0,684680.4375,297540.0,129665.22974562645,,
19804,11.176618576049805,195.06849670410156,1455.0,384084.0625,297416.0,160754.5944358334,,
19809,9.64648723602295,152.07081604003906,1257.0,384024.15625,297356.0,180977.06439737324,,
19823,7.702945232391357,112.11065673828125,1005.0,956299.4375,297047.0,287769.6108880043,19823,
19838,11.115652084350586,210.05154418945312,1447.0,383382.625,296714.0,153274.79129072838,617,13C1
19841,17.409814834594727,118.08647155761719,2259.0,716667.3125,296695.0,191070.56537890434,,
19859,10.604086875915527,713.0455322265625,1381.0,383099.1875,296431.0,49399.24325834273,,
19869,6.283702850341797,296.0474853515625,819.0,875944.5625,296296.0,188129.22378230095,,
19875,0.056450989097356796,214.07769775390625,7.0,382782.46875,296114.0,40870.098395658046,,
19888,4.791977882385254,212.0974578857422,623.0,1185679.125,295765.0,306365.33505511284,,
19889,9.677016258239746,112.11065673828125,1261.0,889879.0,295758.0,256889.43631982803,19889,
19918,11.036413192749023,156.07662963867188,1437.0,381988.8125,295320.0,239588.5201443173,,
19940,13.74134635925293,367.09576416015625,1787.0,902902.125,295015.0,133763.1682175398,,
19958,0.1514565646648407,296.0503234863281,19.0,1229379.75,294738.0,276803.8895762861,19958,
20003,1.5826424360275269,268.015380859375,203.0,380517.75,293849.0,112399.96129416674,,
20007,4.13046407699585,212.0974578857422,537.0,1178467.875,293775.0,372166.7263749838,,
20008,0.5799681544303894,296.0394592285156,73.0,627371.125,293774.0,198052.16258443892,,
20028,8.100306510925293,296.04779052734375,1057.0,380260.375,293592.0,60913.80168521404,,
20029,12.161608695983887,365.10858154296875,1583.0,380258.3125,293590.0,49509.69323760271,,
20031,0.056450989097356796,217.08836364746094,7.0,380232.65625,293564.0,49737.56707807635,1808,13C1
20053,2.2970540523529053,240.14389038085938,297.0,379834.65625,293166.0,57302.92002639081,,
20058,15.767837524414062,112.11100006103516,2047.0,854456.1875,293081.0,337966.3742289543,20058,
20075,0.9227553009986877,341.1094970703125,117.0,379346.3125,292678.0,185886.11845368147,,
20088,5.752048492431641,110.0604019165039,749.0,379142.15625,292474.0,175775.8442628514,,
20106,10.48081111907959,715.0428466796875,1365.0,378799.875,292131.0,36659.45408707857,,
20116,0.07165712118148804,114.06632995605469,9.0,388101.53125,292037.0,44348.57737975358,,
20123,10.665326118469238,717.0433959960938,1389.0,378604.25,291936.0,25958.58725888736,,
20125,17.178165435791016,181.03030395507812,2229.0,719726.5625,291919.0,120325.9610786438,,
20133,10.325239181518555,715.0430908203125,1345.0,378450.90625,291782.0,22082.222503602505,,
20139,10.465560913085938,112.11065673828125,1363.0,891299.6875,291728.0,310171.28791213036,20139,
20156,16.09649658203125,112.11349487304688,2089.0,1649302.375,291490.0,748158.7053365707,,
20206,7.671739101409912,112.1103286743164,1001.0,723866.0625,290658.0,277377.5676238537,20206,
20213,10.202463150024414,713.0457763671875,1329.0,377257.375,290589.0,32629.58663827181,,
20266,24.90976905822754,124.04127502441406,3229.0,1459491.375,289782.0,275022.2778234482,,
20272,21.70924186706543,215.0926971435547,2815.0,376369.0625,289701.0,114428.69006240368,,
20274,7.230356693267822,296.0474853515625,943.0,787103.1875,289673.0,138696.18731927872,,
20279,22.468198776245117,367.09765625,2913.0,376277.375,289609.0,67100.63120818138,,
20297,17.409814834594727,124.08688354492188,2259.0,386509.46875,289371.0,85047.80314856768,,
20299,9.047216415405273,715.07861328125,1179.0,376018.375,289350.0,28317.56178164482,2598,2H2
20307,10.092012405395508,166.08644104003906,1315.0,375838.3125,289170.0,79493.04946503043,,
20313,7.950949668884277,112.11065673828125,1037.0,1028637.6875,289048.0,203652.48664402962,20313,
20320,0.07165712118148804,89.03512573242188,9.0,406963.96875,288916.0,24669.87691682487,,
20330,14.619670867919922,594.9931030273438,1901.0,375327.4375,288659.0,25252.838464627974,,
20334,0.07165712118148804,125.07110595703125,9.0,375257.78125,288589.0,45952.829070799984,,
20355,8.894063949584961,717.0692138671875,1159.0,374985.40625,288317.0,33541.57496878505,,
20361,2.0076935291290283,95.06099700927734,259.0,386597.5,288200.0,57695.054280005395,,
20362,14.544376373291016,292.0138244628906,1891.0,374826.09375,288158.0,108915.7475605607,,
20377,23.980955123901367,112.11163330078125,3109.0,1161587.875,287962.0,404504.9932208061,,
20392,10.309920310974121,713.0455322265625,1343.0,374490.4375,287822.0,27107.612449616194,,
20428,4.440072059631348,341.1062316894531,577.0,373881.21875,287213.0,66960.93841719627,,
20434,0.5498496294021606,112.11065673828125,69.0,1092048.5,287187.0,271539.94964520633,,
20437,8.940255165100098,112.1103286743164,1165.0,717155.25,287120.0,127023.39220941067,20437,
20440,3.811180830001831,309.04052734375,495.0,373758.25,287090.0,76920.84532164037,,
20457,23.102401733398438,214.08697509765625,2995.0,726023.0625,286783.0,367784.50728559494,,
20469,22.90192985534668,112.11224365234375,2969.0,8688003.0,286547.0,2872903.605743408,20469,
20479,3.6136133670806885,250.98484802246094,469.0,1148001.5,286298.0,288655.17628502846,,
20514,3.7345666885375977,296.04766845703125,485.0,3645167.25,285760.0,1306651.7547303438,20514,
20516,4.5639777183532715,296.04217529296875,593.0,1182892.625,285741.0,276123.41145813465,,
20528,5.845439434051514,296.0462951660156,761.0,2302853.75,285581.0,393927.9641187191,,
20540,10.788835525512695,198.09542846679688,1405.0,372067.625,285399.0,135175.32569841575,,
20543,2.282029151916504,326.1806640625,295.0,372013.625,285345.0,57283.672120070085,,
20551,6.58975076675415,250.9901123046875,859.0,2588681.75,285246.0,678219.2337355614,,
20555,7.321439266204834,296.0462951660156,955.0,1093219.375,285129.0,188158.45777475834,,
20578,2.264108419418335,312.2065124511719,293.0,371425.78125,284757.0,87126.77018092017,,
20579,12.67493724822998,101.07176208496094,1649.0,371423.28125,284755.0,90534.88575036824,,
20582,0.9076074361801147,112.11065673828125,115.0,1203854.0,284703.0,353074.2786299139,20582,
20598,12.595630645751953,250.98484802246094,1639.0,928379.0625,284488.0,291945.0546166897,,
20605,4.639678955078125,154.09751892089844,603.0,371076.5625,284408.0,25434.226561687887,,
20617,18.397153854370117,113.11580657958984,2387.0,1475387.625,284257.0,267259.2219543457,23195,13C1
20619,3.3244988918304443,112.1103286743164,431.0,1073840.125,284239.0,249135.47571069002,20619,
20622,8.010490417480469,204.12322998046875,1045.0,370888.625,284220.0,146718.5180118829,,
20633,0.983159065246582,296.0394592285156,125.0,533504.625,284062.0,138234.24403070658,,
20649,4.548817157745361,341.1063537597656,591.0,370391.28125,283723.0,63076.74143719673,,
20670,12.225196838378906,176.10292053222656,1591.0,369963.875,283295.0,109074.07178345509,,
20679,19.974275588989258,165.0670166015625,2591.0,913333.6875,283174.0,213429.02089428902,50459,13C1
20689,12.442314147949219,250.9901123046875,1619.0,1873180.0,282974.0,407473.5482387543,,
20691,6.361367225646973,141.06517028808594,829.0,369561.03125,282893.0,44926.35329930484,,
20694,4.548817157745361,296.0504455566406,591.0,371843.96875,282859.0,115300.9128177166,,
20719,0.1016089990735054,75.10041809082031,13.0,469262.5625,282478.0,63788.70245125907,105,13C1
20741,10.52712345123291,237.1526336669922,1371.0,368807.09375,282139.0,169676.4166829586,1342,13C1
20746,11.488054275512695,112.11100006103516,1495.0,1274274.625,282098.0,592933.7985458374,,
20755,0.08673200756311417,118.03616333007812,11.0,405707.90625,281903.0,47400.139710370015,,
20771,8.924544334411621,112.11065673828125,1163.0,929136.8125,281674.0,206260.26091098785,20771,
20775,22.5919132232666,250.98484802246094,2929.0,604356.1875,281596.0,175393.0490283966,,
20781,10.665326118469238,713.045654296875,1389.0,368225.125,281557.0,25301.917029604898,,
20802,7.519871234893799,112.10873413085938,981.0,403851.59375,281337.0,34098.99708786607,,
20818,0.041403207927942276,139.1116485595703,5.0,367799.75,281131.0,37758.12119608349,,
20837,3.9783027172088623,309.04034423828125,517.0,367424.6875,280756.0,61403.4392811954,,
20856,14.604764938354492,575.9779663085938,1899.0,366957.0,280289.0,23361.108345143206,,
20863,23.102401733398438,112.11131286621094,2995.0,960001.25,280168.0,449642.5553355217,20863,
20865,10.619418144226074,715.043212890625,1383.0,366831.625,280163.0,41189.17972376494,,
20897,5.156627655029297,112.1160659790039,671.0,413318.84375,279604.0,77084.97721788287,,
20905,9.569121360778809,711.0513305664062,1247.0,366149.75,279481.0,34231.910032093525,,
20907,19.246891021728516,139.01876831054688,2497.0,1264808.875,279460.0,464914.3221721649,,
20941,19.246891021728516,214.0919647216797,2497.0,679293.625,279071.0,260070.31161379814,20941,
21010,0.041403207927942276,186.02175903320312,5.0,364834.65625,278166.0,42300.498594997654,,
21017,0.1514565646648407,112.11065673828125,19.0,969512.0,278107.0,319107.52608860005,,
21037,10.046223640441895,717.0435180664062,1309.0,364502.9375,277834.0,29131.349780261517,,
21046,0.1514565646648407,112.1103286743164,19.0,761515.8125,277705.0,200296.7592660403,,
21055,1.5675444602966309,112.1103286743164,201.0,998981.5,277560.0,185451.28812275827,21055,
21070,23.241506576538086,112.1131820678711,3013.0,1704178.125,277296.0,799287.9687356949,21070,
21079,6.833307266235352,296.0474853515625,891.0,921948.125,277168.0,220211.87773358822,,
21096,14.589350700378418,695.9196166992188,1897.0,363481.65625,276813.0,34988.84647181758,,
21097,3.9017927646636963,309.041748046875,507.0,363465.59375,276797.0,55706.04047241807,,
21110,15.150688171386719,112.11349487304688,1969.0,1842133.75,276718.0,719723.1009025574,21110,
21114,0.08673200756311417,83.0379867553711,11.0,398772.28125,276642.0,32597.26381162618,,
21118,0.08673200756311417,144.03067016601562,11.0,363281.46875,276613.0,21945.856509068515,,
21121,10.061470031738281,717.043212890625,1311.0,363226.9375,276558.0,29131.349780261517,,
21125,10.355755805969238,713.08642578125,1349.0,363156.78125,276488.0,26571.894328206778,,
21176,16.39027976989746,112.11100006103516,2127.0,828556.6875,275797.0,318533.3573355675,21176,
21189,7.504294395446777,77.07965087890625,979.0,362221.28125,275553.0,284415.74300642125,113,13C1
21198,17.30197525024414,123.04182434082031,2245.0,737213.125,275413.0,267280.9390296936,,
21205,3.68922758102417,250.98484802246094,479.0,1145229.375,275371.0,367634.94649118185,,
21208,22.483625411987305,268.01446533203125,2915.0,361996.0,275328.0,60847.22579026222,,
21236,3.9017927646636963,309.04034423828125,507.0,361726.84375,275058.0,58567.53836649656,,
21241,5.126371383666992,296.04217529296875,667.0,910839.9375,275012.0,368044.30570459366,,
21259,10.202463150024414,717.0433959960938,1329.0,361430.625,274762.0,31466.826219946146,,
21301,17.918537139892578,123.04145812988281,2325.0,2166045.0,274109.0,547080.2923059464,,
21309,17.68761444091797,112.11131286621094,2295.0,2194757.5,273955.0,1007730.6049690247,21309,
21328,1.106993556022644,296.0531921386719,141.0,360356.5625,273688.0,61419.68307042122,,
21360,10.75771713256836,198.0108184814453,1401.0,359967.6875,273299.0,177475.45334762335,,
21363,15.027950286865234,276.1954040527344,1953.0,359945.03125,273277.0,84041.1098203659,,
21398,0.08673200756311417,120.03254699707031,11.0,359452.03125,272784.0,28032.042576692882,,
21418,5.997311115264893,296.04473876953125,781.0,2029109.0,272523.0,316406.1909906864,,
21419,9.462126731872559,719.0686645507812,1233.0,359177.375,272509.0,59665.10317346454,,
21421,24.894445419311523,164.065185546875,3227.0,987287.5,272485.0,286087.0406303406,21421,
21436,11.824507713317871,275.0714416503906,1539.0,359031.125,272363.0,162900.27324384497,,
21438,6.298627853393555,296.04217529296875,821.0,359020.84375,272352.0,73767.7362818718,,
21451,17.409814834594727,140.08193969726562,2259.0,358878.71875,272210.0,51091.812871456146,,
21473,4.639678955078125,99.0556640625,603.0,365807.0,271890.0,52991.815459162,,
21475,10.52712345123291,236.14727783203125,1371.0,1760286.375,271859.0,1046857.1050830629,21475,
21509,24.242647171020508,112.11224365234375,3143.0,2698357.0,271276.0,616666.1470594406,,
21519,16.483007431030273,141.04986572265625,2139.0,797959.375,271150.0,165233.05760240555,,
21529,10.696438789367676,112.1103286743164,1393.0,625290.9375,270925.0,136888.1932965517,,
21537,1.871227741241455,344.224853515625,241.0,357488.34375,270820.0,58381.83902003367,,
21539,0.08673200756311417,161.04051208496094,11.0,357464.375,270796.0,21688.74490178522,,
21547,2.282029151916504,219.12252807617188,295.0,357361.90625,270693.0,39354.39146150026,,
21565,1.491478443145752,320.1733093261719,191.0,357176.6875,270508.0,64786.22685645521,21565,
21594,10.742376327514648,717.0740356445312,1399.0,356678.34375,270010.0,14089.792545535835,,
21605,18.412513732910156,268.015380859375,2389.0,356458.65625,269790.0,107725.04782617092,,
21624,10.263609886169434,715.0834350585938,1337.0,356160.03125,269492.0,21474.47244182229,321,2H2
21644,21.012115478515625,112.11100006103516,2725.0,584464.0,269298.0,220461.3217432499,21644,
21670,1.3241838216781616,243.68426513671875,169.0,355591.25,268923.0,101962.77830141212,,
21682,10.388779640197754,112.1103286743164,1353.0,652603.6875,268814.0,152006.91635608673,,
21698,1.5977463722229004,267.1627197265625,205.0,355254.28125,268586.0,117905.14826585661,1705,13C1
21705,8.940255165100098,709.0818481445312,1165.0,355158.0,268490.0,27444.531018853188,,
21715,10.727086067199707,711.0867919921875,1397.0,355003.71875,268335.0,12886.316343653947,,
21753,10.404043197631836,717.043212890625,1355.0,354505.75,267837.0,28464.43805205822,,
21756,3.9783027172088623,309.041748046875,517.0,354463.5,267795.0,59066.6180742383,,
21760,12.580321311950684,101.07176208496094,1637.0,367544.65625,267745.0,50271.642665177584,,
21761,21.70924186706543,214.08697509765625,2815.0,559592.0,267737.0,181115.5011138916,21761,
21765,10.061470031738281,713.045654296875,1311.0,354317.125,267649.0,29151.632767766714,,
21787,1.5826424360275269,268.0130310058594,203.0,354043.78125,267375.0,90413.33444133028,,
21794,0.2616517245769501,95.08588409423828,33.0,2406593.75,267289.0,479423.8851234317,,
21799,24.135061264038086,112.11256408691406,3129.0,2613087.5,267217.0,508714.76944732666,,
21841,10.061470031738281,112.11349487304688,1311.0,2093055.5,266732.0,764059.4493074417,21841,
21847,0.07165712118148804,108.05758666992188,9.0,353333.125,266665.0,20997.07570092415,,
21854,4.099245548248291,284.19647216796875,533.0,353144.0625,266476.0,54975.09341323376,,
21859,8.708207130432129,713.0713500976562,1135.0,353096.1875,266428.0,35371.723397597205,,
21886,10.24831485748291,112.11349487304688,1335.0,2174912.25,266194.0,876457.6184396744,21886,
21902,3.643852710723877,309.041748046875,473.0,352647.6875,265979.0,59327.58536957204,,
21907,23.549943923950195,112.11288452148438,3053.0,2451720.0,265938.0,935766.9384860992,,
21915,5.278549671173096,296.0461120605469,687.0,2720653.25,265881.0,635870.9134967327,,
21923,2.173582077026367,268.0143127441406,281.0,616785.25,265790.0,135406.78229743242,,
21933,17.502119064331055,118.06539154052734,2271.0,690255.5,265705.0,125420.97243261337,,
21941,2.4332737922668457,194.08450317382812,315.0,352225.0625,265557.0,63873.66138762236,,
21948,2.8642001152038574,309.043212890625,371.0,352179.84375,265511.0,85623.10108466446,,
21949,0.1664876639842987,363.0873718261719,21.0,352151.53125,265483.0,28991.393300110387,,
21954,4.761726379394531,269.03466796875,619.0,352135.65625,265467.0,82286.38239014149,,
22027,11.0516939163208,112.11065673828125,1439.0,816984.25,264455.0,171526.58889114857,22027,
22038,7.0475077629089355,265.00537109375,919.0,350961.5625,264293.0,57271.566307127476,,
22039,5.354492664337158,74.09710693359375,697.0,859325.25,264280.0,401781.78198456764,,
22051,7.383076190948486,132.10081481933594,963.0,350749.6875,264081.0,102189.13959980011,,
22065,2.282029151916504,169.126220703125,295.0,350579.125,263911.0,35675.742089940235,689,13C1
22066,10.634689331054688,713.04541015625,1385.0,350574.15625,263906.0,49399.24325834273,,
22082,5.096123695373535,296.04766845703125,663.0,2092118.75,263699.0,414675.03303837776,22082,
22120,8.95596981048584,713.081298828125,1167.0,349657.8125,262989.0,21922.355550408363,,
22148,0.07165712118148804,139.0978240966797,9.0,349296.53125,262628.0,21055.90063045046,,
22161,9.354350090026855,711.0521850585938,1219.0,349136.3125,262468.0,28609.950031057,,
22162,24.68998146057129,112.11256408691406,3201.0,2268384.0,262467.0,726344.2558631897,,
22175,8.304327964782715,250.98377990722656,1083.0,505301.59375,262153.0,173678.17203462124,,
22180,21.476755142211914,166.06466674804688,2785.0,1191808.375,262115.0,226368.63731765747,,
22189,0.08673200756311417,239.01919555664062,11.0,348700.0,262032.0,23956.640217833163,,
22193,10.169427871704102,715.043212890625,1325.0,348667.5,261999.0,26645.806729078293,,
22205,0.026211624965071678,77.03916931152344,3.0,348406.1875,261738.0,67229.63432816695,,
22208,0.1016089990735054,112.09537506103516,13.0,348272.375,261604.0,37870.7756756343,4876,13C1
22212,9.415385246276855,118.06539154052734,1227.0,544016.375,261579.0,142910.55487573147,,
22215,19.37093734741211,123.04109191894531,2513.0,4636106.0,261537.0,1061085.3987140656,,
22221,1.7646243572235107,328.19964599609375,227.0,348054.59375,261386.0,98793.49807832239,,
22224,0.1364421248435974,339.2640380859375,17.0,347993.625,261325.0,33454.63785662642,,
22256,2.8466687202453613,112.1103286743164,369.0,963209.0,260849.0,178623.74540543556,,
22262,8.16527271270752,112.11065673828125,1065.0,1010435.5625,260767.0,246022.9277598858,22262,
22265,10.911317825317383,296.0435485839844,1421.0,347408.46875,260740.0,135657.39134830236,,
22281,0.056450989097356796,73.04037475585938,7.0,354930.25,260457.0,52128.204815880614,,
22318,20.70267677307129,367.0901184082031,2685.0,346725.1875,260057.0,57892.183856129646,,
22334,19.09218978881836,123.04072570800781,2477.0,7589790.5,259905.0,1874894.0567626953,,
22335,4.099245548248291,309.0418701171875,533.0,346542.96875,259874.0,45854.21591310203,,
22337,15.043219566345215,113.11486053466797,1955.0,636012.0,259846.0,190200.0222530365,46026,13C1
22383,0.07165712118148804,98.060546875,9.0,349679.9375,259257.0,34297.8609170547,,
22386,2.6188371181488037,292.01409912109375,339.0,345873.9375,259205.0,53115.652190983295,,
22427,21.677928924560547,215.09255981445312,2811.0,345251.15625,258583.0,114428.69006240368,,
22431,18.04241180419922,123.04182434082031,2341.0,713686.3125,258535.0,310678.0831890106,,
22444,8.878780364990234,711.0569458007812,1157.0,345053.84375,258385.0,32105.105675294995,,
22476,10.819313049316406,195.04881286621094,1409.0,344720.21875,258052.0,107902.62234610133,,
22517,8.010490417480469,250.98377990722656,1045.0,433783.4375,257585.0,107840.40950065851,,
22528,0.08673200756311417,171.95947265625,11.0,344140.96875,257472.0,21996.606250212644,,
22553,18.212146759033203,164.065185546875,2363.0,1470807.875,257204.0,494293.74973487854,,
22557,2.128726005554199,242.1847686767578,275.0,343830.78125,257162.0,81261.99064361432,,
22560,4.470278263092041,250.98377990722656,581.0,438131.09375,257134.0,128268.37296950817,,
22570,4.731513977050781,212.0933074951172,615.0,2168120.25,257005.0,597962.4795265198,,
22571,18.44365882873535,60.06453323364258,2393.0,343662.71875,256994.0,114307.20169389248,,
22604,23.148944854736328,112.11256408691406,3001.0,6030129.0,256627.0,1217312.256111145,22604,
22608,3.7345666885375977,118.06539154052734,485.0,528009.625,256589.0,108552.4902304709,,
22616,14.619670867919922,292.9415283203125,1901.0,343114.46875,256446.0,74277.46426308807,,
22623,7.016147613525391,296.04229736328125,915.0,343039.25,256371.0,85435.1861090064,,
22624,10.496125221252441,713.04541015625,1367.0,343023.0625,256355.0,39787.77815929055,,
22638,3.2026350498199463,296.049072265625,415.0,2351576.75,256225.0,489783.99977338314,,
22666,18.72168731689453,123.04182434082031,2429.0,720868.125,255834.0,228694.58798885345,,
22681,16.173717498779297,112.11065673828125,2099.0,620762.625,255524.0,126067.00766515732,22681,
22682,2.6793553829193115,309.0416259765625,347.0,342184.90625,255516.0,67438.6840685308,,
22701,0.07165712118148804,96.05284881591797,9.0,341982.375,255314.0,36626.440846159516,608,13C2
22706,14.604764938354492,248.02626037597656,1899.0,341925.34375,255257.0,202858.68414258398,,
22717,10.184706687927246,710.0757446289062,1327.0,341787.53125,255119.0,40647.45143002272,22717,
22750,23.241506576538086,112.11288452148438,3013.0,3702202.5,254680.0,1547691.5148468018,22750,
22756,6.955458641052246,250.99114990234375,907.0,845247.875,254566.0,253051.03896069527,,
22766,1.6284170150756836,289.2480163574219,209.0,341173.59375,254505.0,96143.30772644014,,
22787,21.306276321411133,215.0926971435547,2763.0,340918.90625,254250.0,60411.249683499336,,
22790,2.816479444503784,250.98484802246094,365.0,902939.9375,254227.0,301026.19310957193,,
22796,12.815652847290039,113.11486053466797,1667.0,688209.0,254166.0,232832.0106499195,37429,13C1
22798,10.34049129486084,871.0812377929688,1347.0,340789.6875,254121.0,26415.07784023881,22798,
22803,19.788877487182617,181.03030395507812,2567.0,690459.5625,254058.0,222228.96398973465,,
22813,4.268763065338135,296.0433654785156,555.0,2527867.0,253939.0,559956.3487007618,22813,
22819,23.811687469482422,112.11224365234375,3087.0,3435228.25,253862.0,652692.8095531464,,
22825,7.780915260314941,95.08612823486328,1015.0,2374444.0,253774.0,451379.8136999607,22825,
22840,6.5111846923828125,296.0474853515625,849.0,1028968.4375,253665.0,263114.04643809795,,
22843,15.988593101501465,112.11131286621094,2075.0,2439629.25,253619.0,980320.1958417892,22843,
22863,0.08673200756311417,200.0419921875,11.0,339963.78125,253295.0,22598.059491197637,,
22873,8.848376274108887,715.0530395507812,1153.0,339827.8125,253159.0,32282.028517991304,,
22874,4.594244003295898,296.0461120605469,597.0,3725987.25,253156.0,670505.1723423004,22874,
22893,9.30850887298584,74.09710693359375,1213.0,699201.3125,252830.0,224431.9800851345,,
22901,19.572126388549805,110.0715560913086,2539.0,353253.21875,252733.0,49932.81314176321,,
22905,14.726951599121094,265.00518798828125,1915.0,339358.3125,252690.0,127070.04303622246,,
22915,15.340932846069336,112.11065673828125,1993.0,649244.9375,252573.0,184520.70391106606,22915,
22919,9.215794563293457,709.0863037109375,1201.0,339189.1875,252521.0,24752.657351255417,,
22943,1.2787444591522217,112.10873413085938,163.0,424624.90625,252267.0,35048.521255493164,,
22963,14.726951599121094,202.99905395507812,1915.0,338689.25,252021.0,125161.9195150733,,
22966,0.056450989097356796,97.06523132324219,7.0,352910.1875,252004.0,50471.34729516812,608,2H3
22994,18.61359214782715,123.04182434082031,2415.0,701607.4375,251661.0,249570.24226665497,,
23030,22.468198776245117,141.0521240234375,2913.0,594288.5,251202.0,168266.5428791046,,
23056,4.761726379394531,341.1062316894531,619.0,337548.71875,250880.0,90354.04075962305,,
23072,8.909311294555664,163.11558532714844,1161.0,337272.5625,250604.0,173490.66892559547,829,13C1
23081,20.39276123046875,94.04559326171875,2645.0,916117.25,250528.0,266507.26500606537,,
23083,8.040695190429688,164.09310913085938,1049.0,337171.375,250503.0,42287.27242410183,,
23122,5.537060260772705,296.0474853515625,721.0,1800300.625,250043.0,558684.6172282696,,
23153,4.624570846557617,99.09221649169922,601.0,336410.125,249742.0,26359.282058943063,,
23154,24.135061264038086,112.11224365234375,3129.0,2748418.75,249733.0,520993.7760028839,,
23155,3.018446683883667,309.03887939453125,391.0,336393.3125,249725.0,63513.3249283731,,
23171,5.597607612609863,112.11700439453125,729.0,503348.34375,249527.0,64809.41708633304,,
23190,0.08673200756311417,156.98260498046875,11.0,336001.65625,249333.0,23444.007284909603,18044,13C1
23195,17.764249801635742,112.11100006103516,2305.0,766066.625,249262.0,327348.44871139526,23195,
23200,13.139995574951172,250.98484802246094,1709.0,933502.375,249222.0,288703.60043621063,,
23207,23.4263916015625,228.06851196289062,3037.0,335837.875,249169.0,59404.77078986168,,
23223,7.093043327331543,87.05584716796875,925.0,335653.875,248985.0,41870.05523455143,,
23225,12.503390312194824,250.9859161376953,1627.0,2215708.5,248942.0,470359.8962402344,,
23226,11.254721641540527,334.13226318359375,1465.0,335599.15625,248931.0,72109.27521488909,2189,13C1
23240,0.07165712118148804,214.0799102783203,9.0,342412.0625,248736.0,22514.463967777785,,
23242,3.9631755352020264,250.98484802246094,515.0,1186823.875,248720.0,306795.21854031086,,
23248,2.282029151916504,370.20391845703125,295.0,335309.75,248641.0,18211.045743227703,,
23292,24.768896102905273,112.11163330078125,3211.0,915212.0625,248099.0,245649.86927890778,,
23310,8.863582611083984,715.053466796875,1155.0,334514.375,247846.0,44630.395581156015,,
23328,2.724719762802124,296.04217529296875,353.0,2068946.0,247469.0,507309.0972416401,23328,
23334,8.1502046585083,158.0811309814453,1063.0,334087.09375,247419.0,151154.617569983,,
23354,23.241506576538086,112.11192321777344,3013.0,4090202.0,247174.0,1590886.075925827,23354,
23357,16.483007431030273,113.11486053466797,2139.0,558082.1875,247158.0,139719.55347776413,10899,13C1
23375,2.4332737922668457,209.10191345214844,315.0,333595.78125,246927.0,150365.3373295752,,
23377,7.980724334716797,112.10873413085938,1041.0,381155.3125,246913.0,24199.50532950461,,
23383,8.662529945373535,292.0165100097656,1129.0,333466.59375,246798.0,64054.92636477947,,
23397,8.787358283996582,75.05589294433594,1145.0,452555.75,246671.0,105038.24234688282,,
23411,17.409814834594727,122.07139587402344,2259.0,333209.40625,246541.0,71480.71595144272,,
23435,0.08673200756311417,99.53150177001953,11.0,333329.71875,246270.0,23828.86888861368,,
23445,9.722890853881836,715.0831298828125,1267.0,332831.34375,246163.0,16607.69403989613,,
23448,5.505850315093994,296.0462951660156,717.0,2630161.5,246120.0,464990.6154835224,,
23455,10.496125221252441,719.072265625,1367.0,332638.0,245970.0,25808.843470990658,,
23463,4.193426132202148,284.19647216796875,545.0,332477.75,245809.0,60425.997639119625,,
23477,3.7647998332977295,341.0995788574219,489.0,332306.5,245638.0,57534.45744539797,,
23481,8.95596981048584,711.0565795898438,1167.0,332247.90625,245579.0,26351.44068211317,,
23489,1.046591877937317,112.11349487304688,133.0,4200900.0,245496.0,2706921.3600890636,,
23491,1.4304662942886353,514.2870483398438,183.0,332146.125,245478.0,53616.120662308254,,
23509,3.6589486598968506,309.04052734375,475.0,331953.1875,245285.0,71788.0617313236,,
23516,8.692955017089844,250.98377990722656,1133.0,576860.4375,245247.0,204657.2308626175,,
23526,6.178128719329834,98.09069061279297,805.0,331818.09375,245150.0,66883.72441464663,,
23536,3.9783027172088623,230.24618530273438,517.0,331710.90625,245042.0,162377.4777276665,,
23559,9.877138137817383,713.0863037109375,1287.0,331466.25,244798.0,20093.43787881732,,
23572,1.5675444602966309,112.11065673828125,201.0,1214652.875,244616.0,272389.4135403037,23572,
23589,9.30850887298584,112.1103286743164,1213.0,695778.0,244485.0,139629.57230126858,,
23614,17.517446517944336,367.0903015136719,2273.0,885610.6875,244213.0,104220.32881259918,,
23615,4.099245548248291,284.1977844238281,533.0,330880.65625,244212.0,51479.471487402916,,
23632,2.8642001152038574,269.036865234375,371.0,330709.1875,244041.0,107074.84426288307,,
23637,10.496125221252441,717.0428466796875,1367.0,330668.59375,244000.0,39018.7135206759,,
23652,1.9774750471115112,256.1734313964844,255.0,364916.96875,243781.0,141099.8025356183,,
23655,2.282029151916504,307.1390075683594,295.0,330395.75,243727.0,32798.35864949459,,
23676,2.173582077026367,146.11770629882812,281.0,330147.1875,243479.0,82162.38392534386,,
23716,10.092012405395508,143.08265686035156,1315.0,329624.0625,242956.0,196037.38630839437,,
23723,0.07165712118148804,100.11249542236328,9.0,329575.75,242907.0,90074.92199690768,,
23756,0.08673200756311417,328.9781799316406,11.0,329159.5625,242491.0,19517.431446640287,,
23784,24.38166618347168,112.11192321777344,3161.0,1732700.25,242184.0,367044.15312194824,,
23794,0.08673200756311417,284.9900817871094,11.0,328749.84375,242081.0,24068.552930973063,,
23821,7.780915260314941,152.07081604003906,1015.0,328348.46875,241680.0,79824.16428486258,,
23822,19.246891021728516,141.05166625976562,2497.0,1144324.375,241678.0,326679.6653404236,,
23823,17.409814834594727,137.08203125,2259.0,328345.3125,241677.0,40410.5612796545,,
23828,9.430639266967773,711.0872802734375,1229.0,328316.28125,241648.0,31940.245280325413,,
23855,19.788877487182617,215.0929412841797,2567.0,328042.09375,241374.0,69220.84607601166,6115,13C1
23879,8.848376274108887,717.0687866210938,1153.0,327764.125,241096.0,18228.5173227489,,
23895,20.361967086791992,250.98574829101562,2641.0,1451314.875,240927.0,316526.43613672256,,
23908,9.109049797058105,717.0743408203125,1187.0,327380.75,240712.0,38681.56787377596,,
23915,7.874004364013672,112.1103286743164,1027.0,724357.9375,240623.0,172838.05056905746,23915,
23936,10.944815635681152,112.1103286743164,1425.0,594490.0,240446.0,125152.22232103348,,
23940,0.08673200756311417,60.08150100708008,11.0,327072.875,240404.0,40402.74586850114,,
23943,0.5648765563964844,296.0503234863281,71.0,1441254.25,240383.0,604845.113074094,23943,
23957,10.680644989013672,717.0430297851562,1391.0,326892.9375,240224.0,25958.58725888736,,
23959,2.8315460681915283,309.03887939453125,367.0,326865.53125,240197.0,130550.382210657,,
23967,9.738216400146484,713.0861206054688,1269.0,326800.8125,240132.0,22299.453179210424,,
23979,21.86414337158203,123.04182434082031,2835.0,750731.8125,240051.0,239295.69823741913,,
23984,2.2490897178649902,243.1705780029297,291.0,326634.09375,239966.0,56393.8400152761,,
23987,7.0009894371032715,112.08837127685547,913.0,326608.1875,239940.0,41074.41222264618,,
23999,10.496125221252441,715.0834350585938,1367.0,326512.90625,239844.0,24079.9170589,,
24007,11.47284984588623,246.11676025390625,1493.0,326427.125,239759.0,159312.6461198181,1428,13C1
24009,10.52712345123291,129.06578063964844,1371.0,326406.4375,239738.0,60040.47294770181,,
24022,3.112004518508911,269.0370178222656,403.0,326324.375,239656.0,66696.68377262354,,
24024,12.472857475280762,101.07176208496094,1623.0,326273.3125,239605.0,41216.337200164795,,
24030,0.5498496294021606,296.0367126464844,69.0,326237.15625,239569.0,75665.17512597144,,
24089,4.409862041473389,309.041748046875,573.0,325635.71875,238967.0,86696.29130165279,,
24130,10.604086875915527,719.0725708007812,1381.0,325246.75,238578.0,21997.418225347996,,
24152,0.041403207927942276,85.02900695800781,5.0,324980.03125,238312.0,44969.56254234027,,
24162,24.940414428710938,112.11256408691406,3233.0,2236048.0,238238.0,558728.5837478638,,
24181,5.537060260772705,296.04473876953125,721.0,2437581.0,237983.0,474336.9177007675,,
24225,4.470278263092041,309.04052734375,581.0,324299.9375,237631.0,56402.26281878352,,
24250,23.59585189819336,112.11224365234375,3059.0,4136863.25,237309.0,940727.8619823456,,
24254,7.093043327331543,154.0989227294922,925.0,323927.0625,237259.0,25526.7434154246,,
24261,4.868508815765381,269.0347900390625,633.0,323883.3125,237215.0,61612.83038195968,,
24265,24.738304138183594,112.11192321777344,3207.0,1691376.0,237144.0,358721.5878314972,,
24268,2.2340877056121826,341.1078186035156,289.0,594467.5,237093.0,138552.8988636285,,
24288,19.866235733032227,250.98484802246094,2577.0,715398.25,236753.0,244183.4064860344,,
24294,2.2340877056121826,284.19891357421875,289.0,323337.09375,236669.0,53185.21311366558,,
24302,9.154751777648926,709.08642578125,1193.0,323271.15625,236603.0,25677.582186460495,,
24322,12.161608695983887,360.1473693847656,1583.0,323097.3125,236429.0,27227.925335019827,,
24330,2.5876080989837646,309.043212890625,335.0,323053.65625,236385.0,82574.9212923199,,
24356,2.5119316577911377,341.1080017089844,325.0,515549.8125,236122.0,62604.16594851017,,
24379,21.755393981933594,214.0919647216797,2821.0,784191.9375,235873.0,240260.9608283043,,
24384,10.788835525512695,112.11065673828125,1405.0,793964.75,235815.0,214558.79818296432,24384,
24388,10.015718460083008,112.1103286743164,1305.0,673970.75,235785.0,112203.93404018879,,
24389,9.800470352172852,713.0458984375,1277.0,322443.0625,235775.0,27460.069347947836,,
24404,9.677016258239746,713.046142578125,1261.0,322242.1875,235574.0,25154.22008946538,,
24413,10.388779640197754,112.11100006103516,1353.0,1579229.375,235501.0,511640.4372706413,24413,
24418,17.162900924682617,123.04182434082031,2227.0,692599.4375,235409.0,347278.2186703682,,
24439,7.5808916091918945,296.0489501953125,989.0,321788.21875,235120.0,87314.20686513186,,
24488,2.3878283500671387,214.06419372558594,309.0,321346.0,234678.0,150484.97727041203,,
24520,15.325511932373047,118.06539154052734,1991.0,645485.5625,234363.0,216916.0889428854,,
24528,1.4153413772583008,98.98457336425781,181.0,320884.84375,234216.0,76753.51743608247,,
24532,6.910015106201172,112.1157455444336,901.0,380620.15625,234165.0,26646.899121582508,,
24554,11.885342597961426,252.0833282470703,1547.0,320450.75,233782.0,110143.2587986337,,
24591,14.468076705932617,166.04629516601562,1881.0,352488.28125,233427.0,141819.75001507998,,
24595,2.282029151916504,247.1688690185547,295.0,320067.28125,233399.0,110938.83189623058,,
24596,0.041403207927942276,81.07044982910156,5.0,320062.9375,233394.0,44594.35808643073,,
24603,16.173717498779297,112.1103286743164,2099.0,452866.4375,233260.0,89620.44795775414,24603,
24623,0.08673200756311417,102.03411865234375,11.0,338364.4375,233013.0,32163.09285181004,,
24624,17.563892364501953,95.08588409423828,2279.0,1237510.5,233005.0,287954.36857414246,,
24634,10.263609886169434,717.0787963867188,1337.0,319584.3125,232916.0,20299.962074041367,42567,13C1
24635,5.218081474304199,296.0489501953125,679.0,1026590.25,232910.0,230841.50984954834,,
24643,10.123567581176758,713.08642578125,1319.0,319459.6875,232791.0,23324.839934006333,,
24660,1.491478443145752,320.16717529296875,191.0,319179.875,232511.0,60973.21879647672,,
24668,12.985474586486816,250.9901123046875,1689.0,1764634.0,232422.0,394437.9442205429,,
24673,10.34049129486084,713.0452880859375,1347.0,319023.8125,232355.0,27107.612449616194,,
24697,12.565046310424805,90.09193420410156,1635.0,318789.28125,232121.0,86775.70653891563,,
24707,16.946868896484375,180.04461669921875,2199.0,664001.875,231981.0,114264.38506603241,,
24723,10.061470031738281,713.0865478515625,1311.0,318451.78125,231783.0,22799.326487481594,,
24736,3.1270835399627686,112.11349487304688,405.0,4397527.5,231672.0,1497786.0234203339,,
24770,9.768836975097656,246.0971221923828,1273.0,317929.9375,231261.0,105147.30283490568,,
24772,24.940414428710938,139.01876831054688,3233.0,1273281.0,231215.0,315308.6517739296,,
24784,9.753521919250488,112.11065673828125,1271.0,840099.875,231062.0,197493.67542696,24784,
24808,10.665326118469238,713.0865478515625,1389.0,317565.75,230897.0,32071.523761946708,,
24830,0.041403207927942276,113.06001281738281,5.0,317353.8125,230685.0,43748.54145959068,,
24862,4.639678955078125,151.0977325439453,603.0,317054.0,230386.0,24220.19880851358,,
24871,0.08673200756311417,183.03021240234375,11.0,316861.40625,230193.0,25956.539735266764,,
24884,21.32166290283203,123.04182434082031,2765.0,697154.8125,230080.0,278121.6242303848,,
24903,18.134931564331055,215.0926971435547,2353.0,316578.28125,229910.0,145835.2706873417,5544,13C1
24912,9.17000961303711,160.09532165527344,1195.0,316510.96875,229842.0,123936.62836487219,,
24943,8.304327964782715,95.08588409423828,1083.0,2219221.25,229502.0,660624.494284153,24943,
24971,3.6589486598968506,341.0997009277344,475.0,315939.46875,229271.0,66713.74422135949,,
24976,8.894063949584961,709.08154296875,1159.0,315859.0625,229191.0,26444.0813241601,,
24989,22.06527328491211,123.04182434082031,2861.0,749891.0,229064.0,301571.3158297539,,
25019,1.6736979484558105,112.1103286743164,215.0,957965.8125,228704.0,242076.07654832304,25019,
25025,17.409814834594727,244.02362060546875,2259.0,315283.78125,228615.0,41944.12155741453,,
25039,4.639678955078125,112.08837127685547,603.0,315184.90625,228516.0,41059.408480115235,,
25040,22.11188507080078,212.0950927734375,2867.0,766554.125,228504.0,141383.94507980347,,
25051,13.74134635925293,214.09112548828125,1787.0,1076992.5,228388.0,229044.5497751236,25051,
25054,7.093043327331543,155.0940399169922,925.0,315033.59375,228365.0,24105.624325392768,,
25059,10.727086067199707,194.0095672607422,1397.0,314960.84375,228292.0,74522.72709463909,,
25061,0.056450989097356796,123.04434967041016,7.0,314953.40625,228285.0,39422.11440559382,,
25082,4.193426132202148,284.1977844238281,545.0,314768.28125,228100.0,76854.80744218826,,
25084,9.722890853881836,118.0868148803711,1267.0,1400638.375,228084.0,318004.87266921997,,
25090,14.604764938354492,460.9839782714844,1899.0,314661.3125,227993.0,40836.303697606316,,
25107,4.13046407699585,296.048828125,537.0,1659735.75,227728.0,523301.4952981472,,
25110,0.07165712118148804,94.06551361083984,9.0,381455.15625,227712.0,36154.73904532278,,
25120,2.6491119861602783,355.9345703125,343.0,314279.1875,227611.0,29395.63117276132,,
25126,2.5724833011627197,296.05157470703125,333.0,314212.0625,227544.0,86066.9433042407,,
25134,22.653961181640625,112.11100006103516,2937.0,504459.46875,227485.0,160209.51396870613,25134,
25148,4.776880264282227,341.1014099121094,621.0,313954.375,227286.0,123529.19195955992,,
25155,8.397932052612305,296.048828125,1095.0,313847.15625,227179.0,67351.22794944048,,
25209,10.588310241699219,419.55218505859375,1379.0,313356.5,226688.0,40902.61563445628,,
25220,7.489130020141602,250.98377990722656,977.0,424213.40625,226564.0,120216.27081727982,,
25232,1.5977463722229004,226.1798095703125,205.0,313061.4375,226393.0,95499.48314715736,,
25249,5.799964904785156,296.0461120605469,755.0,2265580.0,226225.0,464152.2603330612,,
25267,0.23151439428329468,268.015380859375,29.0,312667.0,225999.0,67724.93827627692,,
25307,18.397153854370117,276.1954040527344,2387.0,312235.0,225567.0,47845.51358580589,,
25310,4.639678955078125,125.08224487304688,603.0,432255.9375,225527.0,91971.14026451111,,
25324,0.07165712118148804,131.08175659179688,9.0,312085.1875,225417.0,20612.691773733095,,
25349,3.796072483062744,250.98377990722656,493.0,373675.0625,225201.0,174693.4428203702,,
25357,3.9631755352020264,341.0995788574219,515.0,311774.03125,225106.0,60814.555110648274,,
25360,7.093043327331543,144.07667541503906,925.0,311759.375,225091.0,25499.682408690453,,
25394,9.109049797058105,112.11065673828125,1187.0,905460.625,224758.0,204521.98017311096,,
25416,4.639678955078125,207.1238250732422,603.0,311235.75,224567.0,46267.883329987526,,
25424,14.619670867919922,695.904541015625,1901.0,311188.625,224520.0,23292.37985658289,,
25432,10.77350902557373,120.06575775146484,1403.0,311112.4375,224444.0,141061.58465963043,,
25434,0.08673200756311417,84.04501342773438,11.0,311073.96875,224405.0,58350.30089211767,,
25436,2.2970540523529053,124.08613586425781,297.0,311067.59375,224399.0,106702.83698483557,,
25475,0.026211624965071678,117.09124755859375,3.0,310695.46875,224027.0,36139.43548912009,,
25481,10.604086875915527,555.0489501953125,1381.0,310658.15625,223990.0,38629.55140468507,25481,
25496,5.233224868774414,250.99215698242188,681.0,310489.90625,223821.0,111316.46235978603,,
25503,2.6188371181488037,292.01544189453125,339.0,310456.6875,223788.0,44189.09426552057,,
25504,0.08673200756311417,157.9794921875,11.0,381050.9375,223787.0,25728.166663294367,,
25510,8.940255165100098,713.0817260742188,1165.0,310411.8125,223743.0,21922.355550408363,,
25530,23.148944854736328,112.11288452148438,3001.0,3798447.25,223601.0,1021079.9022865295,25530,
25545,10.557726860046387,871.0741577148438,1375.0,310105.3125,223437.0,25941.38321465254,25545,
25554,0.041403207927942276,214.08529663085938,5.0,1015521.875,223254.0,276452.27965767635,25554,
25566,23.195491790771484,112.11163330078125,3007.0,2422597.5,223148.0,551886.3445625305,25566,
25567,4.944116592407227,296.04217529296875,643.0,999668.9375,223129.0,406472.69411456585,,
25578,12.317259788513184,250.9859161376953,1603.0,2195948.5,222988.0,606348.5211696625,,
25580,0.1016089990735054,143.154296875,13.0,336150.96875,222972.0,28667.89084076273,,
25596,18.937482833862305,124.04127502441406,2457.0,1137339.75,222772.0,206101.32344436646,3775,13C1
25602,3.003288507461548,309.0430908203125,389.0,309376.6875,222708.0,78683.52946071327,,
25625,9.661758422851562,713.0457763671875,1259.0,309202.8125,222534.0,25154.22008946538,,
25637,15.405577659606934,112.11100006103516,2001.0,875722.6875,222353.0,341056.53459715843,25637,
25659,24.242647171020508,112.11288452148438,3143.0,1649854.625,222138.0,360702.549744606,,
25686,17.409814834594727,102.06654357910156,2259.0,308609.03125,221941.0,41814.38351351023,,
25692,6.406141757965088,141.08224487304688,835.0,308523.625,221855.0,21018.3600756675,25692,
25695,9.323796272277832,231.11610412597656,1215.0,308505.09375,221837.0,69191.85434049368,,
25698,2.2490897178649902,112.11065673828125,291.0,1395268.75,221783.0,334416.9214273691,25698,
25700,0.056450989097356796,215.0885009765625,7.0,308423.65625,221755.0,56315.74376569872,34824,13C1
25706,5.4907917976379395,296.0450439453125,715.0,2515976.0,221709.0,399765.3008108139,,
25726,10.030993461608887,715.0430908203125,1307.0,308161.75,221493.0,23858.313191518188,,
25747,9.016843795776367,709.060791015625,1175.0,307928.90625,221260.0,27086.068065330386,,
25748,0.08673200756311417,126.04129791259766,11.0,307926.1875,221258.0,21158.324022955843,12695,13C1
25772,9.64648723602295,713.0861206054688,1257.0,307659.90625,220991.0,22235.695579975843,,
25817,1.8405218124389648,112.11349487304688,237.0,4239183.0,220623.0,1844228.2530255318,25817,
25852,11.22451400756836,252.14027404785156,1461.0,1195548.125,220284.0,931257.4271537471,,
25864,16.88506507873535,214.0919647216797,2191.0,590397.5,220197.0,201920.9125339985,,
25876,11.115652084350586,112.1103286743164,1447.0,612967.0625,220116.0,111635.17385339737,,
25878,0.08673200756311417,231.98509216308594,11.0,306761.375,220093.0,21041.25776702218,,
25907,2.282029151916504,282.156494140625,295.0,306524.5,219856.0,39601.56367477588,,
25934,9.677016258239746,717.043701171875,1261.0,306271.75,219603.0,24515.042207837105,,
25937,4.639678955078125,95.06099700927734,603.0,345653.96875,219580.0,53806.55071261525,,
25944,8.692955017089844,713.0722045898438,1133.0,306202.9375,219534.0,23397.11670859158,,
25973,20.687267303466797,215.0926971435547,2683.0,305942.0,219274.0,69386.81980705261,,
25990,0.1016089990735054,122.07139587402344,13.0,305810.65625,219142.0,39714.25768437557,,
26025,15.878461837768555,165.0670166015625,2061.0,855485.875,218851.0,152460.31992137432,50865,13C1
26042,4.807092666625977,296.04473876953125,625.0,3429118.0,218652.0,626708.6598100662,26042,
26044,0.3917820155620575,296.05169677734375,49.0,548085.0,218632.0,222021.46806483716,,
26062,1.491478443145752,338.1747131347656,191.0,343993.3125,218496.0,134551.23055707072,,
26076,2.6188371181488037,296.04766845703125,339.0,5154230.0,218333.0,1038590.7785925865,26076,
26090,23.842348098754883,112.11192321777344,3091.0,2398452.0,218238.0,712363.5533132553,,
26095,6.802984714508057,102.0916748046875,887.0,304882.46875,218214.0,68482.42190039158,,
26100,19.38639259338379,125.03721618652344,2515.0,578633.25,218158.0,147512.4800784588,,
26117,10.634689331054688,715.0425415039062,1385.0,304722.0625,218054.0,41189.17972376494,,
26128,17.656442642211914,112.11131286621094,2291.0,2166213.5,217963.0,1007730.6049690247,26128,
26133,7.687343120574951,95.08612823486328,1003.0,2328193.0,217930.0,644533.9676618576,26133,
26148,24.863788604736328,165.06809997558594,3223.0,530911.375,217788.0,93375.62748479843,21421,13C1
26162,17.965158462524414,112.11065673828125,2331.0,490892.96875,217674.0,120135.18534708023,26162,
26172,2.128726005554199,114.0907211303711,275.0,304281.875,217613.0,158183.94263403118,,
26177,3.9783027172088623,145.13339233398438,517.0,304236.875,217568.0,123074.23236475978,,
26183,21.770727157592773,367.0940856933594,2823.0,882311.75,217505.0,97045.15470290184,,
26193,7.1232428550720215,114.09170532226562,929.0,443996.09375,217388.0,93540.68617939949,,
26205,9.077585220336914,717.0745849609375,1183.0,303969.78125,217301.0,28142.474448144436,,
26235,13.325019836425781,250.9901123046875,1733.0,1763023.75,216973.0,465270.057097435,,
26244,6.313611030578613,141.08404541015625,823.0,310184.90625,216898.0,31765.5727474913,,
26245,24.738304138183594,112.11224365234375,3207.0,2443945.75,216893.0,457605.91280555725,,
26249,0.08673200756311417,165.06878662109375,11.0,303518.65625,216850.0,34007.34185340651,4629,13C1
26250,10.634689331054688,719.0724487304688,1385.0,303505.71875,216837.0,29895.674375988543,,
26320,1.6284170150756836,112.11065673828125,209.0,1234824.25,216174.0,405304.2076205611,26320,
26329,24.940414428710938,313.0002746582031,3233.0,302771.25,216103.0,31589.878598704934,,
26354,10.309920310974121,715.0426635742188,1343.0,302544.09375,215876.0,22082.222503602505,,
26374,12.67493724822998,101.0709457397461,1649.0,302369.4375,215701.0,71879.80010850728,,
26394,11.915748596191406,76.03997039794922,1551.0,302161.40625,215493.0,161937.17822464556,,
26409,13.15533447265625,250.9901123046875,1711.0,1697979.625,215378.0,460746.43201351166,,
26456,9.661758422851562,717.0433959960938,1259.0,301604.78125,214936.0,24515.042207837105,,
26476,19.788877487182617,215.09371948242188,2567.0,301393.78125,214725.0,72068.02087342739,6115,13C1
26506,3.1573333740234375,131.08956909179688,409.0,301175.28125,214507.0,49566.26512670517,869,13C1
26509,5.537060260772705,234.0767822265625,721.0,301135.9375,214467.0,73706.93914815784,,
26535,16.081161499023438,112.11100006103516,2087.0,843293.9375,214217.0,312900.6534290314,26535,
26539,11.5184326171875,266.1214294433594,1499.0,300824.0625,214156.0,111598.43342843652,,
26558,15.340932846069336,309.04034423828125,1993.0,300633.40625,213965.0,53723.49500077963,,
26560,8.13520622253418,112.11065673828125,1061.0,996418.25,213895.0,215965.9477584362,26560,
26570,23.704008102416992,112.11288452148438,3073.0,2188824.25,213852.0,762483.3624830246,,
26574,0.23151439428329468,268.0130310058594,29.0,300460.0625,213792.0,59714.319060742855,,
26623,8.662529945373535,296.0433654785156,1129.0,300077.46875,213409.0,65345.078365802765,,
26643,10.788835525512695,338.3416442871094,1405.0,299945.125,213277.0,58350.44576752186,,
26652,10.465560913085938,608.0589599609375,1363.0,299869.0625,213201.0,16062.162265822291,29796,13C1
26657,9.047216415405273,717.0740356445312,1179.0,299838.1875,213170.0,18869.164428651333,,
26684,4.115364074707031,112.1103286743164,535.0,1035197.125,212942.0,304957.8655875921,26684,
26706,2.8315460681915283,296.049072265625,367.0,2514526.5,212733.0,521517.5285434723,,
26716,10.092012405395508,715.0834350585938,1315.0,299326.1875,212658.0,19934.015942066908,,
26729,4.791977882385254,296.0489501953125,623.0,1284843.125,212584.0,295008.53096342087,,
26738,4.115364074707031,250.98484802246094,535.0,1180997.875,212489.0,335692.5845861435,,
26751,5.752048492431641,296.04217529296875,749.0,697064.4375,212332.0,184527.63416707516,,
26759,2.2970540523529053,119.06055450439453,297.0,298936.40625,212268.0,107751.7869141323,,
26781,22.71600914001465,123.04182434082031,2945.0,736140.0,212038.0,254031.7485961914,,
26782,0.23151439428329468,296.05157470703125,29.0,565453.6875,212009.0,161115.74579379335,,
26814,7.44368839263916,296.044921875,971.0,1046005.0,211745.0,295082.3461140394,,
26816,2.083376407623291,312.16510009765625,269.0,298405.28125,211737.0,51457.56543835625,,
26817,0.3617113530635834,268.015625,45.0,298383.875,211715.0,53842.095421958715,,
26823,0.056450989097356796,219.0476837158203,7.0,298303.8125,211635.0,37807.495649202276,,
26830,0.056450989097356796,216.09439086914062,7.0,298259.75,211591.0,45069.79038432622,63,13C2
26835,2.11379075050354,195.1307373046875,273.0,349380.15625,211541.0,18554.75540558598,,
26846,8.677752494812012,713.0717163085938,1131.0,298079.8125,211411.0,24236.240352078807,,
26880,5.690919876098633,296.04473876953125,741.0,2258828.0,211090.0,383922.06008291245,,
26882,21.151443481445312,250.98484802246094,2743.0,655861.0625,211064.0,158725.82740664482,,
26913,22.576522827148438,367.0940856933594,2927.0,882439.625,210742.0,163458.467815876,,
26915,10.727086067199707,112.10778045654297,1397.0,309858.03125,210730.0,50269.75419706106,,
26918,1.0919146537780762,296.0380859375,139.0,425358.21875,210701.0,100079.00208365172,,
26951,8.802603721618652,715.0738525390625,1147.0,297097.84375,210429.0,19339.921871215105,,
26960,2.143630027770996,177.11392211914062,277.0,296984.09375,210316.0,118986.42524801567,,
26966,24.581924438476562,82.53763580322266,3187.0,296893.5625,210225.0,64919.89808487892,,
26970,5.126371383666992,212.0924835205078,667.0,740497.3125,210195.0,348089.3981318474,,
26978,14.343916893005371,124.04386901855469,1865.0,296791.71875,210123.0,67148.53945297003,,
26981,12.938939094543457,112.11065673828125,1683.0,715387.6875,210084.0,152832.9139162302,26981,
26988,7.6111249923706055,112.04983520507812,993.0,296692.0625,210024.0,130495.76365584135,,
27002,0.9227553009986877,296.05157470703125,117.0,593700.8125,209890.0,218146.0375547856,,
27013,22.15804672241211,250.98484802246094,2873.0,563085.625,209783.0,169102.298299551,,
27026,22.90192985534668,112.11288452148438,2969.0,4942261.0,209661.0,1945391.9007778168,27026,
27037,0.041403207927942276,109.10143280029297,5.0,296223.0,209555.0,38702.7242693735,,
27040,5.263441562652588,75.05589294433594,685.0,315297.71875,209547.0,57772.920952916145,,
27042,2.35750150680542,296.0503234863281,305.0,775264.0,209522.0,277098.8698954582,,
27043,17.563892364501953,113.11486053466797,2279.0,485727.53125,209509.0,145448.01674985886,18223,13C1
27065,23.73464584350586,112.11192321777344,3077.0,2706900.0,209341.0,927995.8918209076,,
27074,18.891414642333984,85.07649230957031,2451.0,295939.25,209271.0,35640.337953448296,,
27105,10.634689331054688,717.0789794921875,1385.0,295733.78125,209065.0,26775.39646846743,36496,13C1
27108,9.538540840148926,112.1103286743164,1243.0,667555.9375,209039.0,159936.00789356232,,
27122,0.07165712118148804,138.967529296875,9.0,337532.75,208944.0,41746.76879821038,,
27142,6.072842121124268,296.044921875,791.0,1911767.375,208733.0,320635.3617796898,,
27143,0.07165712118148804,138.06610107421875,9.0,295384.90625,208716.0,24307.90775646188,,
27153,5.233224868774414,341.1026611328125,681.0,295306.84375,208638.0,43537.60203188658,,
27154,4.470278263092041,309.0418701171875,581.0,295283.3125,208615.0,47829.07419112325,,
27167,5.537060260772705,296.0502014160156,721.0,295177.84375,208509.0,86534.67967361212,,
27172,19.246891021728516,141.0521240234375,2497.0,523775.90625,208462.0,205337.54848194122,,
27179,13.325019836425781,112.1103286743164,1733.0,494913.5,208394.0,90936.07846593857,27179,
27187,18.937482833862305,309.04034423828125,2457.0,295012.59375,208344.0,76949.39190495014,,
27217,9.354350090026855,112.1157455444336,1219.0,315631.46875,208090.0,38703.92908485234,,
27234,9.462126731872559,717.0442504882812,1233.0,294629.59375,207961.0,21415.046115860343,,
27239,7.44368839263916,296.0462951660156,971.0,1091807.625,207906.0,319546.92056953907,,
27241,14.529243469238281,112.11349487304688,1889.0,1639969.625,207867.0,571038.5110859871,27241,
27244,3.9631755352020264,258.1680603027344,515.0,294526.5,207858.0,68579.5965426534,,
27266,1.0314462184906006,112.1103286743164,131.0,1015379.1875,207605.0,254561.2634266466,27266,
27302,3.018446683883667,309.0433349609375,391.0,293987.28125,207319.0,57093.664731666446,,
27322,8.040695190429688,179.0927276611328,1049.0,293808.09375,207140.0,24971.931601315737,,
27325,11.641051292419434,112.1103286743164,1515.0,564580.5625,207124.0,145169.07680809498,,
27348,9.722890853881836,717.0783081054688,1267.0,293628.25,206960.0,15527.194588854909,45134,13C1
27360,9.800470352172852,717.0435180664062,1277.0,293530.71875,206862.0,27106.758556872606,,
27366,0.07165712118148804,96.04467010498047,9.0,293451.6875,206783.0,24490.246047004628,,
27386,11.270263671875,99.0556640625,1467.0,293306.5,206638.0,45175.26888385415,,
27426,3.003288507461548,269.036865234375,389.0,292867.90625,206199.0,81783.28789713979,,
27441,0.08673200756311417,245.09535217285156,11.0,292680.59375,206012.0,38564.57799580524,,
27473,23.041051864624023,112.1131820678711,2987.0,2078932.625,205630.0,682505.4481248856,27473,
27474,7.321439266204834,296.0435485839844,955.0,663315.25,205608.0,135365.7685097456,,
27478,4.409862041473389,284.19647216796875,573.0,292227.25,205559.0,78886.70122933388,,
27479,9.139533042907715,112.1103286743164,1191.0,659820.5625,205548.0,169163.80049824715,,
27481,2.053403615951538,113.10772705078125,265.0,523766.40625,205542.0,86180.5183044672,,
27485,12.580321311950684,101.0709457397461,1637.0,292136.90625,205468.0,51570.40336355567,,
27510,17.440431594848633,123.04182434082031,2263.0,696940.3125,205263.0,257032.51949310303,,
27517,0.07165712118148804,124.08595275878906,9.0,395341.46875,205168.0,50112.74733649427,,
27539,0.08673200756311417,125.0446548461914,11.0,291681.40625,205013.0,18823.440431979725,41105,13C2
27549,4.193426132202148,309.0418701171875,545.0,291586.1875,204918.0,46432.71703645587,,
27552,14.313178062438965,112.1103286743164,1861.0,467327.375,204895.0,97063.8007594347,27552,
27596,2.098336696624756,284.1991882324219,271.0,291286.59375,204618.0,62798.94900792837,,
27617,12.240446090698242,112.1103286743164,1593.0,529900.0,204499.0,115058.49244749546,27617,
27623,0.08673200756311417,232.11952209472656,11.0,291120.0625,204452.0,28905.756694074975,,
27624,8.304327964782715,296.04229736328125,1083.0,291117.625,204449.0,53618.578166127205,,
27633,4.440072059631348,309.0416259765625,577.0,291035.6875,204367.0,57158.319980710745,,
27646,6.9857940673828125,150.05819702148438,911.0,290890.15625,204222.0,49943.2277264595,,
27647,20.609739303588867,180.04461669921875,2673.0,700573.625,204204.0,124139.53300952911,,
27656,0.056450989097356796,99.0445556640625,7.0,331405.75,204139.0,41182.87323007539,,
27668,8.56828498840332,239.13734436035156,1117.0,290683.96875,204015.0,85038.25047260523,,
27708,11.348396301269531,133.0607452392578,1477.0,290334.46875,203666.0,104079.28785055876,,
27717,6.027854919433594,154.05337524414062,785.0,290265.5,203597.0,145623.89884196594,,
27735,5.537060260772705,212.09825134277344,721.0,393995.78125,203442.0,112645.743760705,,
27770,10.169427871704102,112.11065673828125,1325.0,860236.0,203164.0,197964.04090595245,27770,
27784,5.050803184509277,276.19769287109375,657.0,289747.1875,203079.0,53362.36653730273,,
27802,21.755393981933594,113.11580657958984,2821.0,984691.125,202952.0,185946.95470571518,30744,13C1
27840,17.008390426635742,367.0903015136719,2207.0,798629.3125,202661.0,129018.28434109688,,
27851,4.624570846557617,139.0979766845703,601.0,289242.09375,202574.0,25950.894444808364,,
27859,11.947153091430664,101.07148742675781,1555.0,298423.3125,202507.0,30830.05114069581,,
27876,4.761726379394531,269.0358581542969,619.0,289018.28125,202350.0,74252.16506436467,,
27889,1.7952637672424316,284.1990661621094,231.0,288925.59375,202257.0,58717.968112401664,,
27918,10.450324058532715,715.04296875,1361.0,288720.0625,202052.0,36659.45408707857,,
27923,9.722890853881836,719.0718994140625,1267.0,288685.78125,202017.0,17011.68052853644,,
27933,7.093043327331543,146.09239196777344,925.0,288578.28125,201910.0,16998.360236370005,,
27936,0.1364421248435974,239.13888549804688,17.0,288571.59375,201903.0,46264.574129905785,,
27943,2.143630027770996,197.1248321533203,277.0,288546.84375,201878.0,86735.51607966633,17477,2H2
27950,19.788877487182617,231.11610412597656,2567.0,491184.65625,201826.0,106722.22691226006,,
27956,1.4460870027542114,316.2140808105469,185.0,288451.1875,201783.0,90738.92808717722,,
27963,0.056450989097356796,212.075927734375,7.0,288412.8125,201744.0,80931.86683290987,,
27978,1.5524508953094482,309.22705078125,199.0,288306.75,201638.0,47800.9884900935,,
28009,14.604764938354492,317.9947814941406,1899.0,287968.5625,201300.0,79674.56360397395,,
28011,24.597248077392578,112.11163330078125,3189.0,913109.25,201286.0,209391.27078914642,,
28038,7.995580673217773,118.09573364257812,1043.0,287757.5625,201089.0,28247.03071052581,,
28058,13.077617645263672,367.0921936035156,1701.0,838532.0625,200948.0,87795.37344431877,,
28068,23.318628311157227,183.02821350097656,3023.0,287543.15625,200875.0,71284.50202417374,41024,13C1
28085,8.753939628601074,717.0590209960938,1141.0,287307.3125,200639.0,29746.196303248405,,
28096,8.040695190429688,163.09779357910156,1049.0,287262.34375,200594.0,26239.43636634946,,
28117,11.22451400756836,190.10740661621094,1461.0,287094.71875,200426.0,72724.30106920004,,
28118,14.679414749145508,113.11486053466797,1909.0,595064.9375,200425.0,159988.04860389233,36605,13C1
28120,3.003288507461548,309.03863525390625,389.0,287076.375,200408.0,48295.18069434166,,
28123,10.634689331054688,877.067138671875,1385.0,287061.875,200393.0,22151.60262352228,,
28125,17.286582946777344,367.0901184082031,2243.0,757349.125,200380.0,85006.84807562828,,
28127,4.944116592407227,250.98377990722656,643.0,394117.875,200378.0,127188.57999545336,,
28141,4.944116592407227,309.04034423828125,643.0,286949.6875,200281.0,54712.169455587864,,
28143,15.356830596923828,118.0868148803711,1995.0,587683.5,200270.0,112668.5183712244,,
28171,0.056450989097356796,159.03013610839844,7.0,286732.21875,200064.0,40547.796795722315,719,13C1
28175,8.787358283996582,112.08641815185547,1145.0,286706.3125,200038.0,37495.57620342076,,
28176,21.058752059936523,123.04219055175781,2731.0,307877.0625,200026.0,116371.30288076401,,
28179,4.639678955078125,112.08641815185547,603.0,286645.75,199977.0,40984.88680373877,,
28206,0.8773931860923767,354.10137939453125,111.0,286427.375,199759.0,33714.407435860485,,
28223,24.68998146057129,112.11288452148438,3201.0,1438716.375,199572.0,641126.251584053,,
28251,10.742376327514648,709.08642578125,1399.0,286015.21875,199347.0,11203.647993748775,,
28280,24.674238204956055,166.06466674804688,3199.0,855263.4375,199158.0,224534.8210732937,,
28287,24.768896102905273,125.03721618652344,3211.0,753677.0,199118.0,220247.56206321716,,
28302,24.90976905822754,112.11288452148438,3229.0,1426163.0,199009.0,393992.12486863136,,
28320,1.6132880449295044,296.0503234863281,207.0,803691.75,198900.0,443570.85903054476,,
28326,0.07165712118148804,136.97206115722656,9.0,424044.5,198847.0,54188.631542943855,,
28337,0.08673200756311417,202.99681091308594,11.0,285417.09375,198749.0,24571.06770299957,,
28348,22.266311645507812,367.09197998046875,2887.0,630032.875,198693.0,63964.54107141495,,
28374,24.90976905822754,112.1131820678711,3229.0,684991.8125,198474.0,202785.1857186556,,
28378,10.496125221252441,717.0789794921875,1367.0,285120.78125,198452.0,22665.439390718937,49417,13C1
28403,8.02580738067627,149.0821990966797,1047.0,284973.28125,198305.0,26952.325164958835,,
28413,10.092012405395508,719.072265625,1315.0,284889.5625,198221.0,22171.83925911784,,
28414,4.746617794036865,296.0408020019531,617.0,304145.78125,198218.0,148057.43932372332,,
28418,0.08673200756311417,142.05426025390625,11.0,384986.03125,198195.0,28826.577824100037,5101,13C1
28457,12.580321311950684,164.0684814453125,1637.0,1055512.375,197900.0,298004.6175773144,,
28460,17.594585418701172,265.0029296875,2283.0,284533.75,197865.0,47153.430881500244,,
28468,12.36543083190918,164.0684814453125,1609.0,1075583.875,197760.0,286538.7674379349,,
28476,8.474493980407715,296.044921875,1105.0,888468.5625,197685.0,162390.74618148804,,
28497,10.325239181518555,711.0469970703125,1345.0,284145.71875,197477.0,16303.134718686342,,
28504,1.9925707578659058,268.0143127441406,257.0,563029.125,197409.0,95176.79564160109,,
28506,22.483625411987305,214.08697509765625,2915.0,508683.8125,197389.0,147074.51432704926,,
28521,6.406141757965088,250.98377990722656,835.0,363613.5625,197230.0,103443.97556990385,,
28525,5.521406173706055,92.03741455078125,719.0,286125.90625,197161.0,90186.02682772279,,
28528,8.56828498840332,265.000732421875,1117.0,283810.5,197142.0,89049.37982326746,,
28534,3.6589486598968506,284.19659423828125,475.0,283783.34375,197115.0,48814.851686149836,,
28542,5.278549671173096,296.0435485839844,687.0,1656199.375,197050.0,427673.9584560394,,
28557,18.75239372253418,94.04559326171875,2433.0,890797.6875,196937.0,244327.58362340927,,
28588,8.489707946777344,112.1103286743164,1107.0,644187.3125,196674.0,119143.35552060604,28588,
28590,0.08673200756311417,101.02484130859375,11.0,332542.40625,196666.0,35215.935090191415,,
28609,7.306268692016602,112.10873413085938,953.0,348222.65625,196486.0,28368.53496733308,,
28635,24.135061264038086,112.11288452148438,3129.0,1648990.125,196296.0,434773.70675849915,,
28682,4.791977882385254,309.04010009765625,623.0,282667.6875,195999.0,49016.22613289952,,
28684,11.115652084350586,112.11065673828125,1447.0,800704.9375,195995.0,173137.98042154312,,
28713,6.1632080078125,296.0462951660156,803.0,1511697.625,195779.0,303217.70611321926,,
28714,5.690919876098633,296.0461120605469,741.0,2399572.0,195774.0,411928.51901483536,,
28723,9.446860313415527,713.0863037109375,1231.0,282367.75,195699.0,19250.93600732088,,
28734,3.0335237979888916,269.03240966796875,393.0,282315.78125,195647.0,66291.53529922664,,
28735,7.321439266204834,228.09805297851562,955.0,282314.71875,195646.0,69198.97929588682,,
28752,4.974297523498535,292.01666259765625,647.0,282182.5,195514.0,50180.52939170599,,
28783,5.278549671173096,296.0474853515625,687.0,1801695.0,195327.0,503610.2255692482,,
28842,21.32166290283203,214.0919647216797,2765.0,671362.6875,194872.0,182875.92784929276,,
28872,11.47284984588623,166.06466674804688,1493.0,653372.75,194591.0,121850.70684015751,,
28897,5.081034183502197,269.10748291015625,661.0,281047.0,194379.0,55759.563180714846,2390,13C1
28952,1.9774750471115112,296.0380859375,255.0,282873.03125,193926.0,46244.331990234554,,
28959,11.194231033325195,112.1103286743164,1457.0,589207.375,193907.0,109563.27154946327,,
28984,23.056381225585938,367.0942077636719,2989.0,280399.46875,193731.0,32269.244944691658,,
29002,17.178165435791016,112.11100006103516,2229.0,748929.3125,193619.0,233258.8962264061,29002,
29013,11.885342597961426,112.11065673828125,1547.0,733384.125,193563.0,245414.1547523737,,
29065,15.043219566345215,296.0450439453125,1955.0,279708.40625,193040.0,65917.64725604653,,
29078,24.90976905822754,125.03759002685547,3229.0,1210251.625,192913.0,264408.0818686485,,
29110,7.093043327331543,156.11309814453125,925.0,279299.0625,192631.0,17148.485484154895,,
29128,10.819313049316406,277.08935546875,1409.0,279185.78125,192517.0,63533.11597694922,,
29136,11.992820739746094,146.0925750732422,1561.0,279140.25,192472.0,114958.7411333397,,
29169,14.574402809143066,218.97459411621094,1895.0,278879.6875,192211.0,62239.96762634488,,
29225,19.061492919921875,123.04182434082031,2473.0,665670.6875,191826.0,410930.94746494293,,
29226,10.52712345123291,112.11700439453125,1371.0,323878.40625,191821.0,44807.40984609723,,
29262,7.321439266204834,296.04766845703125,955.0,723631.0,191547.0,141231.8923060298,,
29292,11.22451400756836,252.1499481201172,1461.0,277938.59375,191270.0,73504.02374294028,,
29294,11.579217910766602,112.11100006103516,1507.0,1180035.75,191263.0,552841.6685900688,29294,
29296,14.604764938354492,708.012939453125,1899.0,277898.53125,191230.0,47580.02187231695,,
29308,10.727086067199707,711.0511474609375,1397.0,277851.40625,191183.0,11513.755838778921,,
29320,5.505850315093994,296.04766845703125,717.0,1765379.875,191127.0,343888.88696837425,,
29339,7.995580673217773,296.0450439453125,1043.0,516187.8125,190997.0,78970.9884365499,,
29345,14.604764938354492,810.9095458984375,1899.0,277626.59375,190958.0,22942.643981181784,,
29359,7.59598970413208,112.10873413085938,991.0,344523.125,190847.0,25179.97033393383,,
29407,4.470278263092041,104.07041931152344,581.0,646848.4375,190516.0,206517.071865201,,
29426,0.026211624965071678,83.08611297607422,3.0,277064.96875,190396.0,37229.078333546524,,
29461,0.2616517245769501,270.14788818359375,33.0,276779.34375,190111.0,70044.3859761469,,
29467,19.804256439208984,123.04182434082031,2569.0,653501.1875,190035.0,254415.03021335602,,
29471,19.246891021728516,123.04219055175781,2497.0,296501.4375,190013.0,112851.21052348614,,
29473,0.9680737257003784,296.0544128417969,123.0,276676.375,190008.0,71371.83784863353,,
29481,12.644401550292969,112.11065673828125,1645.0,710943.125,189930.0,190130.07576656342,29481,
29488,0.08673200756311417,158.0166778564453,11.0,276828.59375,189894.0,32226.600556409292,,
29499,12.317259788513184,112.11065673828125,1603.0,729552.375,189824.0,186314.649969697,29499,
29514,2.173582077026367,268.0155029296875,281.0,476953.90625,189750.0,118882.63115569949,,
29533,21.306276321411133,367.0940856933594,2763.0,996771.875,189630.0,186759.10018467903,,
29546,16.235578536987305,112.11100006103516,2107.0,874289.5,189556.0,328565.75627851486,29546,
29558,21.074148178100586,214.0919647216797,2733.0,700495.375,189488.0,249715.8592824936,,
29560,8.986419677734375,250.98377990722656,1171.0,398101.25,189475.0,119231.38728642464,,
29583,16.68388557434082,112.11100006103516,2165.0,784023.4375,189289.0,472525.7465686798,29583,
29597,8.753939628601074,717.0641479492188,1141.0,275842.625,189174.0,21888.144564807415,,
29600,1.5977463722229004,460.27435302734375,205.0,275825.65625,189157.0,27748.69424358383,,
29619,13.74134635925293,367.09197998046875,1787.0,839277.9375,189047.0,97633.80511808395,,
29630,10.48081111907959,711.0467529296875,1365.0,275641.4375,188973.0,26906.517954915762,,
29639,9.954593658447266,713.0452880859375,1297.0,275521.0625,188853.0,32182.234488606453,,
29656,14.619670867919922,466.9251403808594,1901.0,275331.9375,188663.0,21814.995319612324,6317,13C1
29716,5.9370574951171875,292.0165100097656,773.0,274940.0,188272.0,56658.61901882291,,
29717,12.317259788513184,250.98484802246094,1603.0,841735.3125,188270.0,291084.7865693569,,
29719,8.02580738067627,118.0785140991211,1047.0,311066.875,188255.0,30159.819625854492,29719,
29733,18.58237075805664,112.1103286743164,2411.0,351066.46875,188177.0,61756.294588923454,29733,
29735,24.38166618347168,112.11256408691406,3161.0,2373226.0,188165.0,468458.40428829193,,
29749,15.340932846069336,112.1103286743164,1993.0,458610.125,188018.0,189509.2953942418,29749,
29760,11.947153091430664,101.07122039794922,1555.0,274607.46875,187939.0,30574.42437812686,,
29771,9.63117504119873,713.081298828125,1255.0,1092691.625,187897.0,95194.87439543009,,
29775,8.225727081298828,296.048828125,1073.0,274542.96875,187874.0,71654.03685736656,,
29796,10.604086875915527,607.0538940429688,1381.0,274377.15625,187709.0,37567.04788386525,29796,
29815,11.962395668029785,164.0684814453125,1557.0,790896.125,187587.0,246037.85097789764,,
29822,0.23151439428329468,212.0974578857422,29.0,1246447.75,187568.0,411802.6823708713,,
29836,22.04991340637207,214.0919647216797,2859.0,748670.0625,187473.0,240131.5104136467,,
29879,7.093043327331543,194.10232543945312,925.0,273871.0625,187203.0,21914.181364282966,,
29883,2.282029151916504,102.0916748046875,295.0,273846.03125,187178.0,58143.16314962506,,
29888,0.08673200756311417,123.04584503173828,11.0,273786.59375,187118.0,13456.88002266243,,
29896,3.2026350498199463,309.0433349609375,415.0,273714.90625,187046.0,67646.57164986432,,
29906,0.1514565646648407,296.0367126464844,19.0,273678.125,187010.0,73754.5713185065,,
29942,20.40810775756836,250.98484802246094,2647.0,620883.5,186778.0,189944.08637428284,,
29973,10.649991035461426,719.07275390625,1387.0,273232.90625,186564.0,25732.587544597685,,
30053,8.769206047058105,717.0587158203125,1143.0,272579.375,185911.0,29746.196303248405,,
30062,20.532222747802734,250.98484802246094,2663.0,640059.9375,185841.0,222445.9320476055,,
30090,22.948389053344727,112.11288452148438,2975.0,4733653.5,185694.0,1052564.7913074493,30090,
30096,16.34363555908203,250.98472595214844,2121.0,852004.875,185652.0,269914.3974709511,,
30098,5.0200910568237305,309.041748046875,653.0,272299.65625,185631.0,44232.10139015317,,
30102,6.283702850341797,296.0433654785156,819.0,784507.625,185615.0,169672.98957020044,,
30104,8.95596981048584,715.07861328125,1167.0,272271.46875,185603.0,16321.946243315935,2598,2H2
30139,17.579225540161133,214.08697509765625,2281.0,417050.4375,185376.0,147252.8749318123,,
30147,2.879314422607422,269.03216552734375,373.0,271996.125,185328.0,53268.28863979876,,
30162,1.9774750471115112,296.0394592285156,255.0,365934.375,185216.0,107375.39958782494,,
30190,19.55675506591797,123.04182434082031,2537.0,632791.75,184980.0,297516.3081445694,,
30212,8.474493980407715,296.0462951660156,1105.0,914213.6875,184818.0,158329.26133584976,,
30213,3.9783027172088623,132.10203552246094,517.0,271470.65625,184802.0,77763.68739292398,,
30220,8.863582611083984,112.1103286743164,1155.0,644893.4375,184700.0,160451.20082306862,30220,
30230,1.2459821701049805,568.2879028320312,159.0,271311.59375,184643.0,47157.016116535,,
30248,10.80408763885498,250.99215698242188,1407.0,271192.75,184524.0,141134.41612651944,,
30264,10.27940845489502,717.0791015625,1339.0,271081.28125,184413.0,20299.962074041367,42567,13C1
30301,14.619670867919922,697.9091796875,1901.0,270897.75,184229.0,20098.975371177075,,
30317,8.769206047058105,713.0558471679688,1143.0,270785.03125,184117.0,18604.133886486292,30317,
30318,9.785146713256836,717.043212890625,1275.0,270785.8125,184117.0,27106.758556872606,,
30325,4.409862041473389,284.1977844238281,573.0,270715.28125,184047.0,51721.76445573568,,
30326,0.1514565646648407,212.0974578857422,19.0,1022517.8125,184038.0,220205.09479197557,,
30351,8.708207130432129,296.0474853515625,1135.0,270552.59375,183884.0,71955.32622981071,,
30359,15.831823348999023,171.11285400390625,2055.0,381103.375,183844.0,65295.44149488211,,
30401,23.549943923950195,112.1131820678711,3053.0,1063182.25,183624.0,324389.9420876503,,
30413,3.506939172744751,296.04217529296875,455.0,1789785.5,183527.0,417901.035248518,30413,
30415,21.770727157592773,367.0921936035156,2823.0,701867.375,183517.0,85462.61159920692,,
30417,9.89242935180664,112.1103286743164,1289.0,637185.5,183496.0,186578.89740097523,,
30431,18.057811737060547,112.11065673828125,2343.0,471306.65625,183394.0,99596.50908184052,30431,
30444,10.788835525512695,239.13919067382812,1405.0,269979.03125,183311.0,74227.53643773496,,
30445,4.409862041473389,212.0974578857422,573.0,1109974.5,183307.0,401288.47580266,,
30454,17.810731887817383,123.04182434082031,2311.0,660104.5625,183216.0,344852.2120523453,,
30455,22.328384399414062,123.04182434082031,2895.0,725415.875,183203.0,289845.20848703384,,
30458,2.5724833011627197,341.1061096191406,333.0,1022478.25,183182.0,197063.78024733067,,
30472,8.769206047058105,717.0638427734375,1143.0,269780.65625,183112.0,21888.144564807415,,
30478,22.948389053344727,112.11163330078125,2975.0,2820212.5,183097.0,799391.7489528656,30478,
30487,0.12145054340362549,383.3985595703125,15.0,269682.25,183014.0,21063.004834839143,,
30488,19.2935791015625,165.06753540039062,2503.0,898214.4375,183014.0,208988.309091568,50459,13C1
30493,5.906422138214111,296.0450439453125,769.0,2241846.25,182982.0,360609.7157521248,,
30501,17.30197525024414,123.04219055175781,2245.0,282512.125,182949.0,91885.7960613966,,
30528,16.54496955871582,215.0928192138672,2147.0,269409.5,182741.0,55357.67099523544,,
30541,1.2611550092697144,112.11065673828125,161.0,1190964.625,182645.0,273044.31080400944,30541,
30553,16.127622604370117,214.0919647216797,2093.0,534192.1875,182564.0,178373.52243375778,,
30563,20.87314796447754,367.0940856933594,2707.0,1009781.0625,182463.0,142626.80357718468,,
30575,8.040695190429688,164.0936737060547,1049.0,269014.78125,182346.0,28910.093462347984,,
30578,6.559455394744873,61.04038619995117,855.0,268991.6875,182323.0,195795.32302203774,,
30594,0.5648765563964844,342.10687255859375,71.0,268869.84375,182201.0,36781.062935533,763,13C1
30597,6.01234245300293,341.10296630859375,783.0,268858.78125,182190.0,39011.16096505523,,
30602,14.604764938354492,582.9179077148438,1899.0,268808.5625,182140.0,19558.171188031556,,
30612,22.483625411987305,250.98484802246094,2915.0,561994.5,182064.0,170702.1553375721,,
30613,9.753521919250488,112.1103286743164,1271.0,626008.5625,182057.0,115000.08691072464,,
30654,0.08673200756311417,199.00633239746094,11.0,278303.875,181718.0,16922.743255801528,,
30656,22.189281463623047,231.11610412597656,2877.0,571410.0,181704.0,183985.35223293304,,
30671,4.7163472175598145,309.04150390625,613.0,268223.34375,181555.0,44232.70405039191,,
30678,7.856606483459473,250.99215698242188,1025.0,315779.53125,181535.0,157183.77896681428,,
30679,21.228845596313477,112.11100006103516,2753.0,558939.1875,181535.0,241178.9760723114,30679,
30731,0.1364421248435974,113.10902404785156,17.0,267849.46875,181181.0,83704.01665917068,30731,
30744,21.70924186706543,112.11100006103516,2815.0,556963.3125,181053.0,167591.39073514938,30744,
30760,14.574402809143066,333.9681091308594,1895.0,267620.75,180952.0,37842.71242117137,,
30772,6.406141757965088,214.08775329589844,835.0,460227.59375,180878.0,88069.50494629145,,
30785,4.160745143890381,309.04010009765625,541.0,267479.875,180811.0,39576.53579983115,,
30794,0.07165712118148804,216.08799743652344,9.0,267444.53125,180776.0,75662.11674727072,,
30808,4.208529949188232,296.044921875,547.0,4219812.5,180679.0,978902.2731995583,30808,
30832,13.077617645263672,250.9901123046875,1701.0,1665017.625,180499.0,384589.23575019836,,
30835,11.270263671875,112.1103286743164,1467.0,581731.8125,180483.0,105910.76707339287,,
30836,10.061470031738281,719.0729370117188,1311.0,267150.125,180482.0,22171.83925911784,,
30843,5.460623264312744,269.0345153808594,711.0,267106.375,180438.0,47061.4321385324,,
30850,11.47284984588623,112.11065673828125,1493.0,768261.75,180419.0,357990.0870819092,,
30855,8.894063949584961,713.0816040039062,1159.0,267055.59375,180387.0,30534.748008921742,,
30889,0.041403207927942276,371.1020812988281,5.0,266834.34375,180166.0,19208.65962753407,,
30896,14.604764938354492,710.0040283203125,1899.0,266806.0625,180138.0,16639.73852167571,,
30901,10.48081111907959,336.0500793457031,1365.0,266752.03125,180084.0,85123.49737381935,,
30907,23.07174301147461,112.11163330078125,2991.0,2814143.75,180006.0,1023491.8699684143,30907,
30909,11.533600807189941,165.0670166015625,1501.0,506145.8125,179984.0,83140.74641156197,,
30912,20.222179412841797,123.04182434082031,2623.0,731043.3125,179969.0,371044.7082271576,,
30951,3.2177369594573975,250.98377990722656,417.0,352994.4375,179718.0,110283.07703438401,,
30954,0.5648765563964844,354.1015319824219,71.0,266340.28125,179672.0,76552.09666237049,,
30960,10.665326118469238,112.11065673828125,1389.0,805296.5625,179657.0,198326.41440176964,30960,
30989,2.724719762802124,309.04345703125,353.0,266084.34375,179416.0,50731.65377339721,,
30998,0.40685269236564636,92.03741455078125,51.0,297467.3125,179332.0,66265.60185514949,,
31000,12.800307273864746,268.0143127441406,1665.0,619148.6875,179319.0,186448.8485004902,,
31003,0.40685269236564636,73.08478546142578,51.0,265961.75,179293.0,63276.8891144637,330,13C1
31006,10.572989463806152,874.0853271484375,1377.0,265959.46875,179291.0,23701.409837931395,,
31046,24.61298179626465,102.02224731445312,3191.0,265703.59375,179035.0,57002.294170975685,,
31048,5.784831523895264,74.09710693359375,753.0,832285.5,179030.0,312738.99903035164,,
31059,23.919418334960938,225.02035522460938,3101.0,265664.5625,178996.0,51134.2941583395,,
31070,24.4434757232666,90.09193420410156,3169.0,265597.84375,178929.0,71738.53019082546,,
31084,8.489707946777344,72.08140563964844,1107.0,265516.34375,178848.0,82237.01652604342,,
31119,10.27940845489502,550.05712890625,1339.0,265314.4375,178646.0,23212.23233024776,,
31129,12.472857475280762,101.0709457397461,1623.0,265248.15625,178580.0,37503.60936999321,,
31135,0.1364421248435974,154.11859130859375,17.0,265190.9375,178522.0,32324.61687903141,,
31143,15.310129165649414,231.11610412597656,1989.0,403700.5,178480.0,115226.27251183987,,
31155,10.727086067199707,713.0861206054688,1397.0,265053.5625,178385.0,9052.69221283868,,
31167,12.78500747680664,250.99114990234375,1663.0,617446.8125,178274.0,259240.654381752,,
31187,4.053893566131592,74.09710693359375,527.0,785790.5,178162.0,188946.69520676136,,
31199,11.488054275512695,270.108642578125,1495.0,264748.84375,178080.0,81386.45313919894,2368,13C1
31219,14.649520874023438,481.90399169921875,1905.0,264608.625,177940.0,21485.07236368954,,
31225,10.092012405395508,717.0786743164062,1315.0,264583.34375,177915.0,16377.154619425535,49689,13C1
31237,0.08673200756311417,118.03409576416016,11.0,302180.8125,177856.0,39114.96986411704,31237,
31240,8.769206047058105,95.08588409423828,1143.0,2165190.75,177834.0,466379.31189775467,,
31261,23.195491790771484,112.11192321777344,3007.0,4487194.5,177697.0,983000.3704147339,31261,
31288,11.333252906799316,112.10873413085938,1475.0,276708.1875,177494.0,19415.048801511526,,
31290,4.624570846557617,126.10289001464844,601.0,264155.40625,177487.0,24277.883802536875,,
31298,2.481638193130493,276.1954040527344,321.0,264122.0,177454.0,61428.34680686891,,
31304,18.35062026977539,164.065185546875,2381.0,1314040.5,177436.0,461800.03970718384,,
31320,10.169427871704102,711.0469970703125,1325.0,264022.4375,177354.0,19344.797551438212,,
31325,8.120224952697754,183.07659912109375,1059.0,264000.3125,177332.0,69790.72759224474,,
31362,9.785146713256836,713.045654296875,1275.0,263740.40625,177072.0,27460.069347947836,,
31363,24.940414428710938,112.11224365234375,3233.0,2345966.0,177066.0,398095.90618515015,,
31371,23.626991271972656,112.11131286621094,3063.0,572812.625,177018.0,159249.96373915672,,
31373,8.753939628601074,713.07666015625,1141.0,263681.90625,177013.0,33239.0456671383,,
31400,7.016147613525391,118.06539154052734,915.0,462486.0,176782.0,92703.64904350042,,
31407,9.17000961303711,711.0520629882812,1195.0,263380.53125,176712.0,15351.223493278027,,
31426,0.6579675674438477,297.0526123046875,83.0,263284.21875,176616.0,83632.74037108198,23943,13C1
31439,21.755393981933594,123.04182434082031,2821.0,719439.0,176502.0,318766.7408852577,,
31463,17.409814834594727,95.06083679199219,2259.0,263056.96875,176388.0,63782.46777236462,,
31470,12.62913990020752,250.98574829101562,1643.0,2212192.75,176318.0,611757.5840678215,,
31483,8.769206047058105,112.11065673828125,1143.0,807319.9375,176243.0,191018.06060314178,31483,
31486,20.950647354125977,74.09710693359375,2717.0,759069.6875,176233.0,183631.2061767578,,
31493,23.73464584350586,112.11224365234375,3077.0,3836403.0,176193.0,1167811.3921604156,,
31502,6.406141757965088,104.07013702392578,835.0,323941.96875,176143.0,77866.53464186192,,
31533,5.690919876098633,292.0165100097656,741.0,262615.09375,175947.0,56701.8561835289,,
31537,2.282029151916504,268.1448974609375,295.0,262598.03125,175930.0,36853.99303834862,19587,13C1
31555,15.043219566345215,296.0464172363281,1955.0,262452.84375,175784.0,54156.396050840616,,
31593,15.831823348999023,112.11100006103516,2055.0,891318.3125,175573.0,293512.17300891876,31593,
31603,16.69974136352539,112.1103286743164,2167.0,407582.0,175502.0,79533.26536142826,31603,
31617,0.5648765563964844,265.0005798339844,71.0,262087.578125,175419.0,58374.13164206594,,
31645,0.08673200756311417,269.0133361816406,11.0,261846.40625,175178.0,21537.736122589326,,
31660,10.588310241699219,287.043701171875,1379.0,261774.078125,175106.0,40314.22629147768,,
31662,24.768896102905273,164.0646209716797,3211.0,373421.375,175091.0,135107.8241829872,31662,
31666,19.866235733032227,125.03721618652344,2577.0,577722.5625,175073.0,120806.86735749245,,
31667,8.72346305847168,717.0633544921875,1137.0,261740.109375,175072.0,23557.95843846351,,
31685,21.879549026489258,112.11100006103516,2837.0,489531.46875,174957.0,145871.9779024124,31685,
31704,12.426534652709961,112.11065673828125,1617.0,697669.9375,174853.0,179132.01457035542,31704,
31706,13.988844871520996,112.1103286743164,1819.0,435023.9375,174809.0,105214.5739594698,31706,
31727,5.0200910568237305,309.04022216796875,653.0,261344.46875,174676.0,50807.00362332165,,
31732,4.639678955078125,125.07097625732422,603.0,261282.046875,174614.0,33109.963693767786,,
31740,4.761726379394531,269.0334777832031,619.0,261149.546875,174481.0,69307.93193203211,,
31752,17.147598266601562,214.0919647216797,2225.0,585157.25,174429.0,178491.4580028057,,
31782,14.805094718933105,113.11486053466797,1925.0,587146.375,174270.0,206617.7291650772,38468,13C1
31811,17.409814834594727,75.05589294433594,2259.0,520561.9375,174059.0,214938.08652114868,,
31821,23.442157745361328,112.11224365234375,3039.0,4943542.5,174005.0,1969360.8724899292,,
31842,9.584390640258789,717.0435180664062,1249.0,260560.046875,173892.0,24573.084726259112,,
31849,8.83310604095459,101.07067108154297,1151.0,260518.3125,173850.0,37123.75964677334,,
31852,17.61036491394043,112.11349487304688,2285.0,1238064.25,173820.0,456859.55850982666,,
31880,13.973529815673828,367.0959777832031,1817.0,830326.1875,173670.0,95734.43100011349,,
31881,14.649520874023438,230.99717712402344,1905.0,953805.8125,173668.0,508185.4920796249,,
31891,16.88506507873535,276.1965637207031,2191.0,260272.90625,173604.0,58005.94645738602,,
31903,10.123567581176758,719.07275390625,1319.0,260214.921875,173546.0,19777.43608866632,,
31926,7.965861797332764,190.10882568359375,1039.0,347997.75,173349.0,51206.13491511345,,
31929,0.07165712118148804,130.12269592285156,9.0,259987.546875,173319.0,18300.993500637298,,
31959,1.3393378257751465,112.1103286743164,171.0,798669.25,173127.0,177717.9474903196,31959,
31970,22.142654418945312,112.11100006103516,2871.0,493048.84375,173076.0,207418.44659137726,31970,
31978,1.7646243572235107,156.13836669921875,227.0,259655.984375,172987.0,52764.785988066986,,
31982,13.74134635925293,367.09765625,1787.0,536326.1875,172971.0,78162.77587389946,,
31999,6.58975076675415,250.99114990234375,859.0,837085.3125,172825.0,306251.7615981102,,
32004,0.08673200756311417,119.03612518310547,11.0,259452.109375,172784.0,20143.05280195267,31237,13C1
32022,23.102401733398438,231.1151580810547,2995.0,511198.25,172694.0,98748.58513474464,,
32029,10.75771713256836,213.10000610351562,1401.0,259314.828125,172646.0,91847.74042141438,976,13C1
32036,20.438888549804688,114.09137725830078,2651.0,470842.5625,172629.0,80607.25481796265,,
32044,8.787358283996582,717.0633544921875,1145.0,259247.59375,172579.0,20294.347865492105,,
32094,19.788877487182617,118.06505584716797,2567.0,580838.125,172283.0,149718.47443938255,,
32106,2.3424015045166016,190.10723876953125,303.0,258865.171875,172197.0,55552.72259543836,,
32109,0.08673200756311417,114.95580291748047,11.0,258849.921875,172181.0,24131.286372667586,,
32134,8.225727081298828,112.1131820678711,1073.0,10063734.0,172049.0,2546607.7569732666,32134,
32140,12.426534652709961,292.01397705078125,1617.0,258692.125,172024.0,49627.13289794326,,
32143,4.639678955078125,126.06640625,603.0,258686.09375,172018.0,22548.23899037391,,
32144,21.70924186706543,215.0918426513672,2815.0,258674.921875,172006.0,87648.37429404259,21761,13C1
32145,1.9316502809524536,283.175537109375,249.0,258669.796875,172001.0,91891.73410347599,,
32148,8.520164489746094,296.0462951660156,1111.0,793593.4375,171977.0,227258.52729582787,,
32190,9.047216415405273,709.08642578125,1179.0,258479.578125,171811.0,18746.379769682884,,
32194,0.041403207927942276,121.06490325927734,5.0,258452.828125,171784.0,31317.052204803927,,
32206,5.537060260772705,292.0165100097656,721.0,258408.625,171740.0,50968.27968287468,,
32213,5.799964904785156,296.0502014160156,755.0,258382.109375,171714.0,94252.37439244986,,
32223,10.788835525512695,184.03048706054688,1405.0,258294.6875,171626.0,72213.91794529557,,
32236,4.364597797393799,341.10296630859375,567.0,613808.375,171529.0,111638.81609392166,,
32241,20.40810775756836,212.0950927734375,2647.0,778056.75,171511.0,136024.85801553726,,
32244,7.093043327331543,112.08855438232422,925.0,516426.40625,171505.0,83600.17388811707,,
32248,10.217724800109863,112.10873413085938,1331.0,261869.28125,171489.0,23547.980752557516,,
32250,5.92151403427124,341.102783203125,771.0,258146.59375,171478.0,33142.32136321068,,
32263,15.027950286865234,114.09137725830078,1953.0,432128.5625,171402.0,111147.43106675148,,
32302,9.877138137817383,715.0836181640625,1287.0,257853.453125,171185.0,15065.603309586644,,
32316,11.931013107299805,317.08367919921875,1553.0,257797.9375,171129.0,64470.54670571629,,
32333,5.050803184509277,212.09825134277344,657.0,377960.25,170979.0,143111.50437271595,,
32334,10.34049129486084,715.0424194335938,1347.0,257644.703125,170976.0,22082.222503602505,,
32345,8.787358283996582,713.0556030273438,1145.0,257592.859375,170924.0,18604.133886486292,,
32350,10.788835525512695,191.1025390625,1405.0,257552.328125,170884.0,86758.23417922482,,
32357,0.07165712118148804,229.0727081298828,9.0,257528.40625,170860.0,18491.36356929643,2217,13C1
32362,20.082683563232422,123.04182434082031,2605.0,648408.4375,170833.0,258433.81270122528,,
32373,9.738216400146484,715.0834350585938,1269.0,257401.921875,170733.0,16607.69403989613,,
32401,10.588310241699219,283.0500793457031,1379.0,257253.609375,170585.0,51079.0910615325,,
32416,0.07165712118148804,129.06593322753906,9.0,257142.734375,170474.0,25141.365161456866,,
32429,3.6589486598968506,284.1979064941406,475.0,257063.484375,170395.0,37284.38449130952,,
32483,24.768896102905273,118.06440734863281,3211.0,256692.90625,170024.0,70855.35616779327,,
32493,9.677016258239746,715.043212890625,1261.0,256644.609375,169976.0,20449.530639082193,,
32520,15.166082382202148,195.025390625,1971.0,256500.828125,169832.0,150668.65844068397,,
32529,21.802024841308594,231.11610412597656,2827.0,558464.4375,169793.0,157695.08492159843,,
32539,14.914422988891602,112.11065673828125,1939.0,586569.5,169725.0,194400.14376986027,32539,
32548,3.003288507461548,296.05157470703125,389.0,303149.78125,169674.0,78809.0878611207,,
32555,2.2040421962738037,296.049072265625,285.0,2869936.25,169629.0,1068602.5438824892,,
32570,3.40010666847229,296.0474853515625,441.0,3933113.0,169546.0,1199525.2224543095,32570,
32573,0.7362149357795715,250.98377990722656,93.0,256187.765625,169519.0,133976.0927290693,,
32574,5.799964904785156,341.1042785644531,755.0,256182.65625,169514.0,50870.4517043829,,
32595,8.662529945373535,112.10873413085938,1129.0,282700.34375,169372.0,28830.36809130013,,
32604,9.293231964111328,711.0516357421875,1211.0,255997.6875,169329.0,17237.98068778217,,
32615,21.306276321411133,367.0921936035156,2763.0,787534.0625,169257.0,161234.03861141205,,
32624,7.950949668884277,118.09435272216797,1037.0,255856.78125,169188.0,20191.559727080166,,
32627,0.07165712118148804,137.08233642578125,9.0,255836.796875,169168.0,19575.430624230823,,
32630,10.572989463806152,713.0869140625,1377.0,255828.59375,169160.0,27771.552789479494,,
32648,22.653961181640625,214.08697509765625,2937.0,566562.125,169037.0,171865.9511680603,,
32653,7.519871234893799,184.06396484375,981.0,255686.5,169018.0,115901.32241338957,,
32655,9.553800582885742,70.06584930419922,1245.0,255667.9375,168999.0,151647.68313080072,,
32658,3.9783027172088623,212.0974578857422,517.0,1096864.0,168964.0,296319.775221467,,
32663,1.7043039798736572,268.01666259765625,219.0,255617.46875,168949.0,56011.86076465249,,
32667,10.48081111907959,247.05740356445312,1365.0,255595.40625,168927.0,54904.17353292089,,
32673,10.572989463806152,719.0731201171875,1377.0,255545.4375,168877.0,21997.418225347996,,
32684,8.708207130432129,296.0433654785156,1135.0,255470.375,168802.0,64528.32132297754,,
32687,0.08673200756311417,165.07095336914062,11.0,255453.203125,168785.0,15611.670653103065,141,13C1
32734,3.2177369594573975,296.0395812988281,417.0,255186.921875,168518.0,66004.21131035686,,
32750,14.604764938354492,709.9837646484375,1899.0,255099.0,168431.0,16893.038633545424,,
32764,3.811180830001831,309.0390625,495.0,255010.171875,168342.0,78281.97681097686,,
32766,4.639678955078125,195.12327575683594,603.0,254997.328125,168329.0,44410.69523207843,,
32778,15.515707015991211,106.0866928100586,2015.0,254939.765625,168271.0,50587.047232568264,,
32780,9.584390640258789,713.0457763671875,1249.0,254935.78125,168267.0,24041.181521490216,,
32816,8.08537769317627,112.08837127685547,1055.0,254757.703125,168089.0,45981.852350622416,,
32818,1.9925707578659058,268.0155029296875,257.0,453170.15625,168081.0,149328.03080266714,,
32849,8.986419677734375,152.05528259277344,1171.0,1855787.125,167855.0,1215139.2959591895,32849,
32860,0.07165712118148804,156.07699584960938,9.0,254454.515625,167786.0,15211.246133165201,,
32879,2.312126874923706,258.1680603027344,299.0,254338.0625,167670.0,49832.245870670304,,
32903,15.405577659606934,214.08697509765625,2001.0,333542.78125,167516.0,115548.82169377804,,
32920,23.102401733398438,239.02134704589844,2995.0,254038.859375,167370.0,54937.615998506546,,
32921,8.520164489746094,250.98377990722656,1111.0,556055.3125,167369.0,221955.52510237694,,
32923,11.22451400756836,292.0740966796875,1461.0,254029.4375,167361.0,89691.34322742466,2113,13C1
32952,10.169427871704102,112.11163330078125,1325.0,13440658.0,167169.0,4500003.342674255,32952,
32971,0.07165712118148804,124.0882568359375,9.0,347171.59375,166983.0,40265.73268854956,,
32988,5.445552825927734,114.09170532226562,709.0,425337.1875,166886.0,103976.21170404553,,
33008,9.016843795776367,713.05029296875,1175.0,253471.28125,166803.0,24330.82438659668,,
33015,21.213436126708984,123.04219055175781,2751.0,282825.375,166789.0,78341.40911531448,,
33020,5.126371383666992,104.07041931152344,667.0,706938.25,166756.0,144919.74072253704,,
33029,23.25687026977539,214.0919647216797,3015.0,876461.6875,166724.0,341950.9663248062,,
33042,6.2234344482421875,214.08775329589844,811.0,423622.1875,166654.0,81686.5555023253,,
33053,22.189281463623047,214.08697509765625,2877.0,484802.96875,166612.0,254607.92384815216,33053,
33061,4.928989410400391,341.1061096191406,641.0,253240.5,166572.0,58013.5341065526,,
33074,9.492730140686035,713.0458984375,1237.0,253166.5,166498.0,22552.23892427981,,
33087,11.47284984588623,124.04127502441406,1493.0,538992.5625,166415.0,117825.59282040596,10669,13C1
33129,8.72346305847168,711.0613403320312,1137.0,252850.6875,166182.0,20803.19335576892,,
33152,9.707592964172363,715.043212890625,1265.0,252674.34375,166006.0,20449.530639082193,,
33161,16.946868896484375,112.1103286743164,2199.0,390829.46875,165962.0,94792.15669190884,33161,
33164,14.604764938354492,232.9906768798828,1899.0,252618.0625,165950.0,60766.03228113614,,
33174,19.95886993408203,113.11580657958984,2589.0,1176058.25,165871.0,401235.91605091095,2342,13C1
33182,4.974297523498535,212.0933074951172,647.0,2235793.25,165830.0,865476.060103178,,
33200,15.515707015991211,113.11486053466797,2015.0,502205.125,165731.0,117714.37644279003,43336,13C1
33204,8.474493980407715,112.11065673828125,1105.0,868530.125,165713.0,239164.9911623001,33204,
33207,1.7043039798736572,268.011962890625,219.0,252375.109375,165707.0,55620.25747065246,,
33221,7.550619125366211,296.0433654785156,985.0,609813.5625,165633.0,97110.49092578888,,
33230,17.425107955932617,214.0919647216797,2261.0,647297.6875,165534.0,219355.66753435135,,
33232,14.390060424804688,112.11065673828125,1871.0,612113.6875,165521.0,128013.9059972763,33232,
33243,10.52712345123291,112.10873413085938,1371.0,269275.78125,165438.0,32567.544964522123,,
33254,9.64648723602295,719.072265625,1257.0,252077.046875,165409.0,18842.530192047358,,
33259,18.273488998413086,123.04182434082031,2371.0,635120.375,165398.0,275004.557741642,,
33275,10.325239181518555,719.0420532226562,1345.0,251968.65625,165300.0,15819.758801400661,,
33288,0.08673200756311417,116.00121307373047,11.0,251868.0,165200.0,30424.142170911946,,
33292,21.925716400146484,123.04182434082031,2843.0,705488.625,165148.0,331885.93028211594,,
33308,1.8561049699783325,352.2010803222656,239.0,251695.75,165027.0,43182.61443643272,,
33321,23.73464584350586,112.11163330078125,3077.0,1470844.375,164946.0,394315.8700141907,,
33343,5.4907917976379395,250.98377990722656,715.0,419205.34375,164831.0,125979.80185037851,,
33345,1.8405218124389648,117.05487060546875,237.0,251479.234375,164811.0,103516.40874918376,,
33356,2.143630027770996,96.08940124511719,277.0,318424.40625,164757.0,52096.99956865609,4911,13C1
33365,2.11379075050354,118.06539154052734,273.0,454156.78125,164679.0,120106.42920389771,,
33371,15.53155517578125,367.09765625,2017.0,567023.6875,164639.0,180371.35631799698,,
33426,5.415346622467041,212.0974578857422,705.0,1119638.25,164367.0,488938.4894787073,,
33427,5.4907917976379395,296.0436706542969,715.0,1622977.625,164364.0,319336.057100296,,
33439,5.096123695373535,296.04217529296875,663.0,850600.375,164261.0,202801.87896037102,,
33459,16.32827377319336,214.0919647216797,2119.0,493229.5625,164174.0,197242.11628389359,,
33472,0.07165712118148804,115.08678436279297,9.0,250775.78125,164107.0,22420.67138690228,,
33477,5.385134220123291,296.0408020019531,701.0,250767.390625,164099.0,97425.5091702342,,
33502,7.718034267425537,172.11622619628906,1007.0,250631.578125,163963.0,48574.75742992759,,
33506,2.312126874923706,192.1232147216797,299.0,250616.953125,163948.0,80926.0182616124,,
33511,20.129335403442383,112.11065673828125,2611.0,417433.59375,163898.0,93928.60402321815,33511,
33519,14.604764938354492,595.0086059570312,1899.0,250515.71875,163847.0,15315.455454401817,3562,2H2
33525,8.769206047058105,709.076904296875,1143.0,250480.9375,163812.0,28856.10436807573,,
33540,9.877138137817383,719.0724487304688,1287.0,250377.078125,163709.0,22743.304630577564,,
33541,1.5826424360275269,322.1861267089844,203.0,250368.328125,163700.0,55786.24793808488,21565,2H2
33552,22.018638610839844,112.11100006103516,2855.0,486165.28125,163657.0,177511.07070469856,33552,
33569,9.553800582885742,713.0458984375,1245.0,250222.0625,163554.0,24041.181521490216,,
33571,8.662529945373535,250.99215698242188,1129.0,362957.71875,163536.0,134333.2483266592,,
33591,22.29755210876465,214.0919647216797,2891.0,730940.1875,163410.0,230080.7237687111,,
33592,5.799964904785156,341.1026611328125,755.0,250076.046875,163408.0,31980.779412433505,,
33603,6.8948445320129395,292.01666259765625,899.0,249994.796875,163326.0,61111.31377479434,,
33606,24.955726623535156,112.11192321777344,3235.0,1604421.375,163296.0,309482.40644931793,,
33611,5.081034183502197,341.1011047363281,661.0,249921.921875,163253.0,46965.86117516458,,
33618,1.6284170150756836,250.98377990722656,209.0,253496.421875,163195.0,84916.75998806208,,
33637,12.62913990020752,112.1103286743164,1643.0,503890.40625,163128.0,97435.52518439293,33637,
33644,4.974297523498535,338.3416442871094,647.0,249751.3125,163083.0,35122.12112475932,,
33653,17.702932357788086,123.04182434082031,2297.0,657334.9375,163011.0,298364.9003739357,,
33679,0.7663502097129822,112.11065673828125,97.0,1356281.625,162846.0,509462.2693655491,,
33693,8.848376274108887,711.0565795898438,1153.0,249396.53125,162728.0,22993.30723567307,,
33752,17.965158462524414,367.0904235839844,2331.0,764669.75,162466.0,142466.93745160103,,
33770,6.148252010345459,104.07013702392578,801.0,304273.9375,162369.0,88828.98250573874,,
33775,4.440072059631348,212.0975799560547,577.0,1083747.75,162337.0,401288.47580266,,
33783,0.056450989097356796,105.04513549804688,7.0,248959.265625,162291.0,34787.402450429974,,
33790,2.282029151916504,370.2115478515625,295.0,248931.0625,162263.0,15545.300391563214,,
33797,22.499055862426758,276.19525146484375,2917.0,248903.46875,162235.0,39767.07159399986,,
33806,16.8231143951416,112.11065673828125,2183.0,538152.75,162201.0,119939.48964571953,33806,
33807,22.71600914001465,214.0919647216797,2945.0,707929.9375,162199.0,297612.3568081856,,
33815,20.718061447143555,112.11065673828125,2687.0,404860.84375,162157.0,77929.88531208038,33815,
33835,21.770727157592773,95.08588409423828,2823.0,850107.6875,162030.0,208379.95824813843,,
33843,10.52712345123291,177.0417938232422,1371.0,281399.40625,161988.0,81004.98849081993,,
33849,2.282029151916504,382.20721435546875,295.0,248629.25,161961.0,18466.59230804909,,
33859,0.8773931860923767,268.01666259765625,111.0,248572.546875,161904.0,62901.06021014601,,
33870,13.18593978881836,367.0959777832031,1715.0,871909.625,161858.0,103588.09256398678,,
33888,8.08537769317627,178.10906982421875,1055.0,248397.59375,161729.0,22776.398111581802,,
33895,5.385134220123291,212.0924835205078,701.0,765803.4375,161686.0,236411.92096340656,,
33911,14.313178062438965,112.11065673828125,1861.0,598813.0625,161591.0,186475.5653192997,33911,
33936,2.053403615951538,115.12333679199219,265.0,252238.15625,161483.0,29816.8635905385,5408,13C3
33943,4.989426612854004,74.09710693359375,649.0,851583.125,161449.0,323483.7430371046,,
33945,24.289073944091797,112.11163330078125,3149.0,963403.875,161447.0,210810.2197818756,,
33949,24.242647171020508,112.11192321777344,3143.0,1785134.875,161408.0,472466.219042778,,
33960,20.965988159179688,123.04219055175781,2719.0,303470.53125,161303.0,89110.52153682709,,
33969,9.277990341186523,711.0870971679688,1209.0,247913.875,161245.0,18484.815419107676,,
33973,18.397153854370117,367.0884094238281,2387.0,247898.21875,161230.0,78174.30732059479,,
33974,5.126371383666992,250.98377990722656,667.0,390543.96875,161220.0,200664.0899875164,,
33975,1.400260329246521,211.1094512939453,179.0,247886.5,161218.0,58725.806467779155,,
33987,11.732290267944336,214.08697509765625,1527.0,306095.46875,161163.0,102296.46358299255,,
33999,9.016843795776367,112.11700439453125,1175.0,315534.625,161089.0,59483.04083687067,,
34010,17.48682975769043,112.1103286743164,2269.0,362639.84375,161021.0,62414.92597949505,34010,
34029,24.135061264038086,112.11192321777344,3129.0,1830852.375,160956.0,398353.6077671051,,
34039,5.475698471069336,74.09710693359375,713.0,853367.125,160915.0,201285.583725214,,
34058,20.904014587402344,112.1103286743164,2711.0,310939.5,160820.0,67577.94436496496,34058,
34082,3.7345666885375977,296.0489501953125,485.0,1851351.0,160651.0,505570.1593146324,,
34089,18.72168731689453,123.04219055175781,2429.0,275383.59375,160625.0,75553.52818655968,,
34091,9.815826416015625,717.043212890625,1279.0,247280.328125,160612.0,27106.758556872606,,
34101,10.138847351074219,112.11131286621094,1321.0,4176634.75,160558.0,2001859.3358917236,34101,
34105,19.572126388549805,140.08193969726562,2539.0,247212.71875,160544.0,29080.34035038948,,
34154,0.08673200756311417,153.0773468017578,11.0,246913.453125,160245.0,29895.86983637116,,
34196,1.0767854452133179,296.0544128417969,137.0,246658.234375,159990.0,81426.44829583913,,
34209,1.7043039798736572,302.1994323730469,219.0,1814807.5,159913.0,809279.8836364285,34209,
34212,24.027379989624023,112.11256408691406,3115.0,2685297.5,159858.0,630853.9906568527,,
34260,5.187358379364014,269.0345153808594,675.0,246290.84375,159622.0,49646.97795906663,,
34276,16.0657901763916,139.01699829101562,2085.0,1105129.0,159538.0,243981.5125722885,,
34277,18.11961555480957,113.11486053466797,2351.0,439758.09375,159514.0,106266.85240721703,30431,13C1
34282,0.056450989097356796,125.02336120605469,7.0,246161.4375,159493.0,28149.356485950462,,
34287,0.23151439428329468,113.11580657958984,29.0,3042951.25,159469.0,1225284.0803785138,12164,13C1
34288,16.32827377319336,296.0461120605469,2119.0,246128.765625,159460.0,72332.26650637388,,
34296,7.59598970413208,206.1385498046875,991.0,246088.796875,159420.0,140619.96063171327,,
34310,11.839726448059082,114.09170532226562,1541.0,445771.65625,159380.0,91439.08883440495,,
34313,23.102401733398438,181.0290069580078,2995.0,246036.765625,159368.0,101625.50574505329,34313,
34368,18.844959259033203,123.04182434082031,2445.0,664431.25,159036.0,305734.9670534134,,
34385,0.1016089990735054,99.09221649169922,13.0,272204.8125,158946.0,68245.34291848377,,
34389,8.863582611083984,170.11764526367188,1155.0,245607.15625,158939.0,131405.5152368024,,
34412,9.64648723602295,158.1174774169922,1257.0,245521.0625,158853.0,65423.40656372905,,
34421,23.842348098754883,112.11163330078125,3091.0,1296592.375,158804.0,404059.1354007721,,
34431,21.95700454711914,250.98484802246094,2847.0,537763.9375,158725.0,136559.32021784782,,
34436,23.195491790771484,214.08697509765625,3007.0,626496.8125,158704.0,184094.27560329437,,
34451,0.07165712118148804,85.04021453857422,9.0,291116.6875,158611.0,35220.11789523187,,
34459,21.46137237548828,250.98484802246094,2783.0,598644.5625,158590.0,155978.40408730507,,
34471,24.38166618347168,112.11163330078125,3161.0,899153.0625,158525.0,202374.1910443306,,
34485,3.871567964553833,309.04010009765625,503.0,245109.03125,158441.0,55437.6371230185,,
34534,24.707725524902344,112.1131820678711,3203.0,688668.75,158190.0,331049.38732743263,,
34535,7.093043327331543,127.09801483154297,925.0,244846.34375,158178.0,13509.069751524366,,
34562,1.689241647720337,246.24227905273438,217.0,244713.03125,158045.0,40584.07475734502,,
34566,7.428592681884766,112.10873413085938,969.0,328091.46875,158037.0,40063.413231134415,,
34575,2.1585757732391357,138.09132385253906,279.0,244671.953125,158003.0,76947.4982298715,,
34581,9.692314147949219,715.04296875,1263.0,244652.34375,157984.0,20449.530639082193,,
34590,0.07165712118148804,96.05609130859375,9.0,244615.140625,157947.0,18848.342115405598,,
34609,14.929518699645996,246.02281188964844,1941.0,244529.46875,157861.0,99951.66785275936,,
34619,10.061470031738281,715.0838623046875,1311.0,244484.140625,157816.0,19934.015942066908,,
34631,10.24831485748291,112.11065673828125,1335.0,819452.625,157766.0,241802.45383405685,34631,
34653,9.154751777648926,711.0869750976562,1193.0,244297.875,157629.0,18104.06522665918,,
34657,23.811687469482422,112.11192321777344,3087.0,2373789.5,157619.0,712363.5533132553,,
34660,9.877138137817383,717.0791015625,1287.0,244267.96875,157599.0,14821.367000222206,45134,13C1
34677,7.980724334716797,118.07714080810547,1041.0,245651.421875,157465.0,14810.9985593725,,
34686,14.977396011352539,214.0919647216797,1947.0,446518.875,157385.0,143626.197560668,,
34700,0.1514565646648407,410.1620178222656,19.0,244030.640625,157362.0,28552.27116172036,,
34751,8.349894523620605,112.1103286743164,1089.0,684307.375,157076.0,152508.68154597282,34751,
34754,0.08673200756311417,165.05099487304688,11.0,243729.4375,157061.0,16289.278874585874,,
34770,7.0475077629089355,292.01666259765625,919.0,243624.546875,156956.0,38693.94332408905,,
34785,0.7989186644554138,112.11349487304688,101.0,3770324.25,156858.0,1339973.5574309826,34785,
34794,19.09218978881836,367.0903015136719,2477.0,654158.4375,156821.0,114819.21828722954,,
34796,2.816479444503784,112.1103286743164,365.0,950847.375,156813.0,251301.8685978651,,
34801,9.800470352172852,715.04296875,1277.0,243444.78125,156776.0,22649.270777493715,,
34814,24.350473403930664,112.11288452148438,3157.0,1529662.875,156684.0,336196.0383453369,,
34823,15.924562454223633,214.0919647216797,2067.0,522760.75,156588.0,130740.7170239687,,
34824,0.041403207927942276,214.08445739746094,5.0,771190.0625,156585.0,125884.41912109684,34824,
34829,0.8925096988677979,268.01446533203125,113.0,511819.03125,156559.0,77820.13317740336,,
34872,2.5724833011627197,269.0370178222656,333.0,348983.21875,156380.0,72130.30953752995,,
34893,1.5373363494873047,326.2534484863281,197.0,242972.515625,156304.0,41843.26158462837,,
34928,4.66994571685791,309.0416259765625,607.0,242785.71875,156117.0,44608.92986398935,,
34941,0.1016089990735054,101.07067108154297,13.0,242725.5,156057.0,69419.23936276959,,
34954,0.8139935731887817,234.07785034179688,103.0,242653.640625,155985.0,43725.20892173797,,
34960,10.061470031738281,717.0794067382812,1311.0,242638.671875,155970.0,16377.154619425535,45134,13C1
34962,23.365114212036133,182.0311279296875,3029.0,242628.1875,155960.0,37294.6774186492,34313,13C1
35006,8.662529945373535,713.0713500976562,1129.0,242401.25,155733.0,19682.737172171008,,
35029,4.455165863037109,341.10296630859375,579.0,598575.0,155632.0,111747.10650074482,,
35047,8.940255165100098,709.0615844726562,1165.0,242237.921875,155569.0,27565.63628757745,,
35073,2.282029151916504,144.10186767578125,295.0,242090.796875,155422.0,42889.635113850236,,
35081,2.282029151916504,301.10400390625,295.0,242066.09375,155398.0,25208.49681239325,,
35091,1.400260329246521,296.0503234863281,179.0,845189.0,155369.0,380069.53162799776,35091,
35096,21.894901275634766,367.0938720703125,2839.0,845588.75,155345.0,93270.29890489578,,
35098,7.6414289474487305,296.04766845703125,997.0,546718.625,155339.0,103613.9138739109,,
35100,0.24664756655693054,112.10778045654297,31.0,346727.71875,155319.0,61763.21257178672,,
35171,18.11961555480957,268.0143127441406,2351.0,552396.8125,154892.0,98928.18975687027,,
35181,17.409814834594727,99.0556640625,2259.0,241497.546875,154829.0,75060.62138783932,,
35187,5.505850315093994,212.0974578857422,717.0,1129954.375,154802.0,368314.5794389248,,
35202,3.9783027172088623,309.03887939453125,517.0,241378.21875,154710.0,47625.85027125478,,
35205,4.868508815765381,269.0335998535156,633.0,241374.09375,154706.0,64470.56483438611,,
35223,23.4263916015625,216.08493041992188,3037.0,241267.5625,154599.0,59496.09827232361,,
35226,6.4360480308532715,199.12521362304688,839.0,504032.3125,154584.0,104350.84660851583,,
35227,23.041051864624023,97.07652282714844,2987.0,241251.0625,154583.0,31761.182207107544,,
35228,6.072842121124268,296.0435485839844,791.0,1236236.5,154579.0,235310.79199957848,,
35232,10.434574127197266,717.0792846679688,1359.0,241237.25,154569.0,17437.74286854267,46777,13C1
35249,1.8102991580963135,218.21141052246094,233.0,241124.03125,154456.0,66830.70968391723,,
35288,0.08673200756311417,166.06289672851562,11.0,299967.40625,154249.0,34188.32231778145,,
35303,3.811180830001831,112.1103286743164,495.0,1069750.75,154117.0,357004.8872845173,35303,
35315,0.07165712118148804,127.05017852783203,9.0,240723.71875,154055.0,16988.043200242857,625,2H2
35330,23.934646606445312,112.11224365234375,3103.0,3197484.5,153971.0,613510.3782758713,,
35338,0.3617113530635834,369.1317138671875,45.0,240608.875,153940.0,43673.83408562187,,
35343,4.639678955078125,155.09263610839844,603.0,240580.71875,153912.0,17028.17602695152,,
35353,7.093043327331543,115.08777618408203,925.0,322081.46875,153863.0,29848.78290848434,,
35370,7.995580673217773,296.0464172363281,1043.0,501595.34375,153766.0,75528.67111456394,,
35403,0.07165712118148804,149.08192443847656,9.0,240261.484375,153593.0,15945.057055437006,,
35405,19.324304580688477,113.11486053466797,2507.0,405846.875,153583.0,127575.99428319931,2342,13C1
35447,17.980539321899414,112.1103286743164,2333.0,336100.28125,153424.0,70477.68864154816,35447,
35451,8.520164489746094,296.044921875,1111.0,780266.25,153404.0,211361.8793132305,,
35485,0.6126574873924255,104.07069396972656,77.0,637001.0625,153163.0,179597.4188362658,,
35496,12.36543083190918,123.04182434082031,1609.0,497377.1875,153115.0,154203.36567616463,,
35503,2.6188371181488037,292.01275634765625,339.0,239758.140625,153090.0,44727.703195557,,
35514,8.08537769317627,112.10873413085938,1055.0,324389.75,152991.0,33000.797925412655,,
35520,14.604764938354492,278.961669921875,1899.0,239635.46875,152967.0,39196.52162820101,,
35540,4.099245548248291,338.34185791015625,533.0,239572.5,152904.0,31146.9891654253,,
35541,8.802603721618652,715.0531616210938,1147.0,239571.796875,152903.0,18109.693828701973,,
35572,7.763375759124756,250.98377990722656,1013.0,413352.40625,152721.0,130740.91355443001,,
35589,9.016843795776367,338.0508117675781,1175.0,239288.59375,152620.0,36598.16827130318,,
35591,8.924544334411621,709.06201171875,1163.0,239280.3125,152612.0,27565.63628757745,,
35610,8.95596981048584,717.0739135742188,1167.0,239195.578125,152527.0,14365.42703923583,,
35619,19.200695037841797,113.11486053466797,2491.0,407595.09375,152477.0,111192.02140545845,1305,13C1
35621,10.75771713256836,112.10873413085938,1401.0,269016.25,152467.0,23793.63659580052,,
35653,7.321439266204834,234.0788116455078,955.0,238941.1875,152273.0,67014.62183073163,,
35660,3.7647998332977295,297.04986572265625,489.0,238913.625,152245.0,31584.2725725919,18885,13C1
35665,8.95596981048584,709.0609130859375,1167.0,238883.828125,152215.0,31288.604279987514,,
35686,7.918712139129639,112.08837127685547,1033.0,238770.984375,152102.0,31996.005807094276,,
35703,22.5919132232666,112.11100006103516,2929.0,494619.3125,152018.0,179423.1464524269,35703,
35717,1.7043039798736572,296.0503234863281,219.0,870607.1875,151921.0,336911.8879648447,,
35750,5.187358379364014,309.04022216796875,675.0,238413.359375,151745.0,43900.33393780887,,
35786,2.924699544906616,284.19891357421875,379.0,238296.359375,151628.0,50912.94540718198,,
35807,9.785146713256836,715.0426635742188,1275.0,238187.828125,151519.0,22649.270777493715,,
35877,19.525970458984375,118.08647155761719,2533.0,554048.6875,151226.0,130250.44126796722,,
35888,20.625085830688477,309.04034423828125,2675.0,237837.03125,151169.0,35975.5252173543,,
35891,8.45928955078125,112.11349487304688,1103.0,2640386.0,151156.0,953554.4846448898,35891,
35907,7.59598970413208,157.09735107421875,991.0,237758.234375,151090.0,38797.24949298799,,
35917,15.878461837768555,139.01699829101562,2061.0,1167997.75,151057.0,255533.141364336,,
35938,6.665558815002441,250.98377990722656,869.0,405363.125,150956.0,148587.91018652916,,
35947,10.123567581176758,715.083740234375,1319.0,237576.5,150908.0,17249.65950784087,,
35960,7.245571136474609,296.0435485839844,945.0,648176.25,150821.0,127262.71032810211,,
35963,12.069000244140625,112.11100006103516,1571.0,1055221.25,150797.0,529789.0671796799,35963,
35976,19.788877487182617,165.0670166015625,2567.0,884968.6875,150728.0,214300.4460401535,50459,13C1
36012,0.041403207927942276,136.02174377441406,5.0,237232.234375,150564.0,31217.23114454216,,
36023,10.48081111907959,719.0418090820312,1365.0,237166.203125,150498.0,24620.41643305123,,
36037,3.3698859214782715,292.0165100097656,437.0,237098.078125,150430.0,56687.43032331765,,
36041,8.647344589233398,186.1123046875,1127.0,237089.234375,150421.0,66419.72617170215,,
36074,22.5919132232666,114.09137725830078,2929.0,476368.3125,150237.0,106689.65103459358,,
36077,5.997311115264893,296.0474853515625,781.0,1388675.625,150232.0,275300.1741043329,,
36082,7.780915260314941,296.0489501953125,1015.0,236868.296875,150200.0,53864.32995221019,,
36085,6.58975076675415,212.09837341308594,859.0,392087.0,150195.0,123112.3101978302,,
36095,0.07165712118148804,318.1115417480469,9.0,236777.1875,150109.0,18915.626667549426,,
36104,0.2966514527797699,297.0526123046875,37.0,236715.6875,150047.0,49834.41251438111,19232,13C1
36110,8.692955017089844,715.0696411132812,1133.0,236687.71875,150019.0,17176.774810999632,,
36124,14.805094718933105,245.02291870117188,1925.0,236564.96875,149896.0,43218.85524395108,,
36138,10.588310241699219,709.0913696289062,1379.0,236506.78125,149838.0,15165.335918962955,,
36148,4.883604526519775,174.13636779785156,635.0,236452.796875,149784.0,42722.406697154045,,
36169,10.911317825317383,212.0924835205078,1421.0,668869.6875,149707.0,256393.85978531837,,
36170,2.11379075050354,217.10459899902344,273.0,236369.515625,149701.0,43389.00954727363,,
36193,9.64648723602295,715.0834350585938,1257.0,236234.796875,149566.0,16221.561015501618,,
36198,9.89242935180664,719.07275390625,1289.0,236219.78125,149551.0,22743.304630577564,,
36219,0.056450989097356796,109.02862548828125,7.0,236128.921875,149460.0,27371.09294221219,,
36234,4.099245548248291,284.1951599121094,533.0,236035.90625,149367.0,59330.41373425722,,
36239,6.406141757965088,95.08516693115234,835.0,361256.125,149346.0,216593.6155757904,36239,
36249,3.9017927646636963,309.043212890625,507.0,235932.46875,149264.0,38827.87670816481,,
36272,24.894445419311523,125.03721618652344,3227.0,692796.0625,149190.0,156382.22790765762,,
36280,4.944116592407227,296.0462951660156,643.0,3315250.5,149155.0,588339.5790581703,36280,
36290,5.752048492431641,309.04034423828125,749.0,235794.75,149126.0,45983.326026812196,,
36303,20.50094223022461,212.09593200683594,2659.0,643856.8125,149041.0,252891.55537748337,,
36305,17.641063690185547,367.0903015136719,2289.0,753466.5,149028.0,142656.66769504547,,
36349,9.430639266967773,717.0433959960938,1229.0,235501.375,148833.0,16964.550727322698,,
36357,5.906422138214111,296.0409240722656,769.0,235454.296875,148786.0,88592.45120638609,,
36360,20.005109786987305,112.1103286743164,2595.0,308223.875,148769.0,76513.12043058872,36360,
36418,13.092984199523926,112.1103286743164,1703.0,489699.6875,148472.0,105922.80717015266,36418,
36421,11.22451400756836,112.11100006103516,1461.0,1217128.375,148438.0,418057.2201323509,,
36450,10.788835525512695,292.01666259765625,1405.0,234978.390625,148310.0,34312.476200029254,,
36453,0.08673200756311417,241.00006103515625,11.0,261514.3125,148267.0,20527.32073135546,,
36467,22.189281463623047,231.1151580810547,2877.0,421214.0,148217.0,153207.6463353634,,
36483,4.299408435821533,104.07097625732422,559.0,1238587.75,148145.0,289100.95851814747,,
36488,0.08673200756311417,151.0353240966797,11.0,234794.140625,148126.0,16749.207812964683,,
36492,5.126371383666992,265.000732421875,667.0,234764.296875,148096.0,59373.74344441295,,
36496,10.604086875915527,716.074951171875,1381.0,234729.34375,148061.0,21075.40166836977,36496,
36523,23.102401733398438,231.11610412597656,2995.0,641560.125,147944.0,115369.31828069687,,
36544,2.724719762802124,284.1990661621094,353.0,234508.515625,147840.0,50514.7065602988,,
36559,10.169427871704102,719.0421752929688,1325.0,234423.265625,147755.0,18395.18104572594,,
36570,0.8925096988677979,296.0394592285156,113.0,499520.96875,147689.0,176474.19850657135,,
36576,2.6491119861602783,353.9405212402344,343.0,234338.453125,147670.0,78071.98347377498,,
36605,14.69701862335205,112.1103286743164,1911.0,469338.96875,147555.0,81951.73565638065,36605,
36621,1.9925707578659058,229.10743713378906,257.0,234152.375,147484.0,79880.42531334609,,
36637,0.07165712118148804,226.05349731445312,9.0,234076.078125,147408.0,22823.138639929486,,
36646,0.07165712118148804,127.08678436279297,9.0,234051.734375,147383.0,29526.881555606727,,
36659,20.40810775756836,212.0942840576172,2647.0,580931.625,147289.0,114545.90023946762,,
36682,0.1016089990735054,184.18060302734375,13.0,233851.0,147183.0,28372.579104252698,,
36683,9.569121360778809,717.0428466796875,1247.0,233850.84375,147182.0,24573.084726259112,,
36686,4.175840854644775,341.0995788574219,543.0,233839.25,147171.0,76900.90803930163,,
36706,6.650331497192383,214.0919647216797,867.0,444152.59375,147019.0,93179.4234213233,,
36724,4.364597797393799,341.1046447753906,567.0,565875.0625,146971.0,87226.31761497259,,
36730,17.857177734375,164.0646209716797,2317.0,389785.15625,146949.0,154464.58102703094,,
36743,7.550619125366211,112.10873413085938,985.0,334865.625,146915.0,34098.99708786607,,
36747,0.1664876639842987,296.0382080078125,21.0,402463.5625,146893.0,103189.57034111372,,
36752,12.161608695983887,164.0684814453125,1583.0,991736.5,146863.0,323359.06366539,,
36757,1.5373363494873047,268.0130310058594,197.0,233514.390625,146846.0,39949.916793394834,,
36774,3.6136133670806885,296.0408020019531,469.0,495415.4375,146779.0,153766.30757164955,,
36781,2.11379075050354,240.19479370117188,273.0,237398.5625,146750.0,33371.76961588848,,
36784,4.208529949188232,296.0435485839844,547.0,2677018.0,146740.0,713410.5735030174,36784,
36833,12.580321311950684,250.99114990234375,1637.0,594665.9375,146475.0,188963.72954034805,,
36852,19.2935791015625,265.0029296875,2503.0,233019.96875,146351.0,38332.08252179623,,
36858,21.538881301879883,214.0919647216797,2793.0,610519.6875,146324.0,172575.22440624237,,
36860,17.764249801635742,212.0933074951172,2305.0,424530.96875,146320.0,102182.60003781319,,
36867,1.2611550092697144,112.1103286743164,161.0,850790.5,146278.0,165772.57027840614,36867,
36875,12.209919929504395,76.0762710571289,1589.0,232914.578125,146246.0,68006.58742362261,,
36877,21.86414337158203,123.04219055175781,2835.0,279245.1875,146242.0,94293.60479354858,,
36894,10.588310241699219,605.0556640625,1379.0,232821.859375,146153.0,14071.369590356946,,
36919,0.056450989097356796,103.07573699951172,7.0,232717.03125,146049.0,29258.576913899335,,
36939,5.233224868774414,212.09825134277344,681.0,370137.28125,145993.0,133962.03492695093,,
36965,0.07165712118148804,163.09803771972656,9.0,232564.8125,145896.0,14447.334962398803,,
36990,17.563892364501953,164.0646209716797,2279.0,401524.0,145810.0,130761.86995744705,,
36992,2.786233901977539,296.0503234863281,361.0,807652.0625,145795.0,257945.64268124104,,
37043,4.685051918029785,72.08140563964844,609.0,250399.625,145575.0,80014.54435819387,,
37054,21.012115478515625,214.08697509765625,2725.0,439619.8125,145513.0,194400.90094542503,37054,
37066,20.87314796447754,367.0921936035156,2707.0,779370.3125,145469.0,111808.68649816513,,
37082,10.649991035461426,717.0792846679688,1387.0,232079.734375,145411.0,26629.400466997176,36496,13C1
37084,16.777000427246094,166.04629516601562,2177.0,424461.5625,145384.0,72190.18735039234,,
37085,2.6491119861602783,398.9941711425781,343.0,232049.515625,145381.0,22579.641603152617,,
37096,4.579110622406006,212.09825134277344,595.0,374281.0,145336.0,110952.5125734806,,
37109,10.619418144226074,719.0420532226562,1383.0,231923.046875,145255.0,28210.70990039315,,
37112,21.755393981933594,276.1964111328125,2821.0,231920.6875,145252.0,35332.74529469013,,
37120,1.491478443145752,339.1802062988281,191.0,231896.1875,145228.0,48593.449645063374,1959,13C1
37125,12.317259788513184,338.3416442871094,1603.0,231876.34375,145208.0,27422.929132133722,,
37126,0.07165712118148804,149.0233612060547,9.0,231874.40625,145206.0,57167.99622648873,,
37143,3.172430992126465,296.05157470703125,411.0,290109.4375,145150.0,73901.37819728255,,
37157,21.802024841308594,231.1151580810547,2827.0,419968.78125,145070.0,131892.00468873978,,
37202,8.08537769317627,207.1239776611328,1055.0,231558.796875,144890.0,49910.49019673467,,
37222,8.924544334411621,104.07127380371094,1163.0,1153198.875,144771.0,279131.2863395214,,
37254,11.641051292419434,112.11065673828125,1515.0,747014.625,144623.0,166710.98017930984,,
37259,10.030993461608887,711.0469970703125,1307.0,231284.265625,144616.0,17283.756156787276,,
37268,18.011184692382812,123.04145812988281,2337.0,2310777.0,144531.0,675070.3625802994,,
37280,21.166839599609375,85.07649230957031,2745.0,231170.421875,144502.0,18411.427815169096,,
37284,2.2340877056121826,296.05169677734375,289.0,300515.78125,144472.0,92186.00970958173,,
37297,0.07165712118148804,102.0909652709961,9.0,330299.03125,144393.0,46784.27009954347,,
37329,21.894901275634766,367.09197998046875,2839.0,650037.5625,144269.0,64465.73262858391,,
37333,9.462126731872559,156.08497619628906,1233.0,230928.296875,144260.0,57982.95230934955,1498,13C1
37395,18.953346252441406,112.1103286743164,2459.0,316687.40625,143918.0,82173.9115986824,37395,
37415,8.13520622253418,242.14794921875,1061.0,230513.53125,143845.0,91218.33181497082,,
37426,4.268763065338135,338.34320068359375,555.0,230469.71875,143801.0,26815.32609768212,,
37429,12.830933570861816,112.11065673828125,1669.0,676580.5,143796.0,152381.29082858562,37429,
37433,22.576522827148438,367.0959777832031,2927.0,684715.8125,143789.0,98676.82662153244,,
37458,1.6284170150756836,188.95755004882812,209.0,230335.984375,143667.0,29586.342911132146,,
37468,3.0486278533935547,354.0516357421875,395.0,230266.9375,143598.0,26878.60761281103,,
37492,4.099245548248291,297.04974365234375,533.0,230163.6875,143495.0,43229.931559324265,9370,13C1
37501,0.2966514527797699,212.09825134277344,37.0,382193.71875,143471.0,151207.42376725376,,
37506,3.68922758102417,284.1951599121094,479.0,230124.640625,143456.0,43293.9179148823,,
37511,22.499055862426758,276.1965637207031,2917.0,230096.46875,143428.0,57571.25712454319,,
37531,0.07165712118148804,100.05089569091797,9.0,229964.234375,143296.0,19983.481027032714,,
37533,0.041403207927942276,129.0909423828125,5.0,229955.421875,143287.0,26587.322007506868,,
37543,12.084235191345215,101.07203674316406,1573.0,229917.5,143249.0,41846.635298371315,,
37544,21.198070526123047,215.0918426513672,2749.0,229912.640625,143244.0,66576.00210142136,37054,13C1
37558,7.565743923187256,250.98377990722656,987.0,399178.46875,143146.0,152020.28674584627,,
37574,0.7838396430015564,212.0975799560547,99.0,1266204.875,143057.0,502486.4634552598,,
37576,22.406124114990234,214.0919647216797,2905.0,709181.9375,143046.0,190602.81049919128,,
37585,18.860801696777344,367.0885314941406,2447.0,229685.8125,143017.0,60751.601768136024,,
37590,2.282029151916504,282.1909484863281,295.0,249751.890625,143007.0,24824.438328542514,,
37596,14.619670867919922,824.985595703125,1901.0,229654.59375,142986.0,17059.925764396787,,
37600,11.115652084350586,211.0436248779297,1447.0,229627.421875,142959.0,87402.0738429362,,
37611,10.788835525512695,212.091796875,1405.0,231019.09375,142913.0,110967.68249845505,,
37637,0.07165712118148804,162.11241149902344,9.0,229480.6875,142812.0,13079.064013778385,,
37653,11.457671165466309,97.99168395996094,1491.0,404043.625,142732.0,86864.75693702698,,
37654,24.879098892211914,112.11163330078125,3225.0,856818.9375,142729.0,200275.95993041992,,
37662,18.04241180419922,123.04219055175781,2341.0,272100.5625,142709.0,102484.39393389225,,
37677,3.643852710723877,309.043212890625,473.0,229247.03125,142579.0,44121.25395454466,,
37704,5.690919876098633,296.0474853515625,741.0,1607185.125,142447.0,329437.80818760395,,
37711,0.5648765563964844,112.11700439453125,71.0,381581.78125,142414.0,48064.12443197146,,
37730,11.161397933959961,164.0684814453125,1453.0,675609.875,142327.0,197351.35356903076,,
37770,19.184839248657227,166.04571533203125,2489.0,400426.28125,142135.0,72555.78501439095,,
37774,11.194231033325195,112.11065673828125,1457.0,778302.5,142118.0,182251.0872824192,,
37776,17.409814834594727,101.07067108154297,2259.0,228777.1875,142109.0,46778.45479923487,,
37787,1.8253947496414185,296.0503234863281,235.0,1056915.0,142052.0,487646.48296284676,,
37855,21.70924186706543,141.04942321777344,2815.0,339736.84375,141729.0,98389.67633581161,,
37877,11.348396301269531,164.0684814453125,1477.0,717857.8125,141654.0,278754.6403927803,,
37881,24.4434757232666,60.06453323364258,3169.0,270766.78125,141632.0,93164.29654550552,,
37889,14.15857219696045,112.1103286743164,1841.0,448104.0625,141579.0,93935.12128472328,37889,
37897,8.72346305847168,114.09170532226562,1137.0,398819.78125,141540.0,68493.72336357832,,
37901,0.07165712118148804,86.09679412841797,9.0,228190.03125,141522.0,26084.926226621377,,
37918,21.151443481445312,112.11065673828125,2743.0,368388.375,141454.0,75865.42733669281,37918,
37940,14.649520874023438,594.00146484375,1905.0,228004.453125,141336.0,20194.997898861766,3562,13C1
37951,11.947153091430664,112.10873413085938,1555.0,245828.78125,141283.0,19168.654079675674,,
37962,23.518783569335938,112.11163330078125,3049.0,1749441.5,141227.0,463531.12061309814,,
37971,0.07165712118148804,117.10232543945312,9.0,227861.75,141193.0,21523.375130800123,,
37972,12.580321311950684,112.10873413085938,1637.0,230162.109375,141186.0,22582.767862722278,,
37978,22.189281463623047,231.11705017089844,2877.0,472468.71875,141159.0,152269.50584459305,,
37982,19.061492919921875,141.0521240234375,2473.0,454188.46875,141150.0,225206.85285139084,,
37997,24.242647171020508,112.1131820678711,3143.0,769095.3125,141096.0,187780.07167577744,,
38009,5.845439434051514,296.04766845703125,761.0,1540794.875,141053.0,301085.45655214787,,
38032,16.32827377319336,296.04473876953125,2119.0,227603.078125,140935.0,48323.889464497566,,
38036,0.983159065246582,296.0380859375,125.0,415894.5,140919.0,67527.48023647815,,
38045,16.69974136352539,112.11065673828125,2167.0,523584.78125,140869.0,137492.14624261856,38045,
38076,17.656442642211914,112.11100006103516,2291.0,747879.4375,140716.0,285553.9417953491,38076,
38084,1.9925707578659058,268.0131530761719,257.0,421988.03125,140677.0,81596.95640648156,,
38107,6.2084784507751465,142.08245849609375,809.0,650981.5625,140600.0,139788.91744607687,,
38131,10.680644989013672,717.0791015625,1391.0,227087.953125,140419.0,15560.96621263714,36496,13C1
38137,0.7838396430015564,428.2754211425781,99.0,227036.921875,140368.0,17791.158147286624,,
38161,2.6793553829193115,309.0430908203125,347.0,226916.34375,140248.0,52775.6038993001,,
38166,12.225196838378906,231.11798095703125,1591.0,226898.75,140230.0,44139.86775845289,,
38187,15.089116096496582,112.11349487304688,1961.0,1476349.0,140144.0,536394.9466810226,38187,
38192,14.604764938354492,467.9281005859375,1899.0,226788.75,140120.0,22875.37806983292,6317,13C2
38193,7.093043327331543,129.10340881347656,925.0,226775.890625,140107.0,19259.95501693338,,
38200,7.44368839263916,296.0435485839844,971.0,663988.75,140081.0,211234.11010569334,,
38214,22.390653610229492,123.04182434082031,2903.0,695892.0625,140033.0,235108.25335931778,,
38223,13.15533447265625,367.0921936035156,1711.0,801709.0,140007.0,119602.83080863953,,
38228,8.397932052612305,250.99215698242188,1095.0,340276.6875,139981.0,97643.61581122875,,
38256,21.043373107910156,367.0921936035156,2729.0,730519.375,139860.0,107713.09891915321,,
38263,19.804256439208984,123.04219055175781,2569.0,257372.125,139825.0,83144.24374604225,,
38279,11.176618576049805,86.06059265136719,1455.0,226404.671875,139736.0,47019.88375324011,,
38291,21.306276321411133,309.04034423828125,2763.0,226320.5625,139652.0,48915.13607162237,,
38306,7.780915260314941,139.05043029785156,1015.0,226257.890625,139589.0,54798.99230149388,,
38322,12.038484573364258,250.98377990722656,1567.0,308749.65625,139531.0,105801.02649605274,,
38326,23.395751953125,214.0919647216797,3033.0,906246.5,139499.0,256818.77820205688,,
38332,11.870086669921875,234.07691955566406,1545.0,226135.3125,139467.0,49036.997573792934,,
38375,5.354492664337158,118.06505584716797,697.0,397235.375,139319.0,102913.68715897202,,
38390,4.974297523498535,239.13819885253906,647.0,446059.71875,139250.0,110524.36648005247,,
38398,1.4153413772583008,256.1670227050781,181.0,225882.0,139214.0,51832.962862479966,,
38403,5.4907917976379395,104.07041931152344,715.0,708999.0625,139168.0,214726.1387245059,,
38405,0.08673200756311417,124.0374984741211,11.0,225827.46875,139159.0,15002.528626305222,41105,13C1
38422,14.343916893005371,199.04168701171875,1865.0,225759.875,139091.0,39156.137405604124,,
38424,8.120224952697754,269.0877990722656,1059.0,225752.796875,139084.0,37507.3542714417,,
38428,13.139995574951172,112.11065673828125,1709.0,626444.0,139055.0,140415.70687568188,38428,
38458,5.537060260772705,250.99215698242188,721.0,301217.0625,138957.0,88312.66837871075,,
38466,1.5826424360275269,268.01654052734375,203.0,225591.6875,138923.0,69160.53705888987,,
38467,18.61359214782715,123.04219055175781,2415.0,269948.78125,138919.0,79467.55665445328,,
38468,14.805094718933105,112.11065673828125,1925.0,562070.5625,138917.0,127240.68232190609,38468,
38488,9.062431335449219,709.0861206054688,1181.0,225462.53125,138794.0,18746.379769682884,,
38495,19.788877487182617,215.0919647216797,2567.0,225420.53125,138752.0,57445.266780257225,6115,13C1
38515,2.5876080989837646,309.04034423828125,335.0,520866.40625,138670.0,135257.93760713935,,
38516,2.1585757732391357,284.1940002441406,279.0,225337.609375,138669.0,53879.4300558269,,
38523,5.784831523895264,341.10308837890625,753.0,225313.53125,138645.0,56256.361477047205,,
38528,8.738685607910156,713.0762939453125,1139.0,225272.40625,138604.0,28705.55818959733,,
38533,9.323796272277832,214.08697509765625,1215.0,247581.625,138585.0,89663.5984659195,,
38540,0.041403207927942276,69.07060241699219,5.0,225197.8125,138529.0,36812.48029807095,,
38542,4.299408435821533,296.04766845703125,559.0,2720751.0,138527.0,648517.0811133385,38542,
38546,8.56828498840332,296.04217529296875,1117.0,225180.09375,138512.0,48201.377476871014,,
38548,11.161397933959961,123.04182434082031,1453.0,320656.3125,138510.0,100543.37263202667,,
38550,0.07165712118148804,84.08128356933594,9.0,270461.5,138472.0,33957.59310904136,,
38556,8.940255165100098,715.0789184570312,1165.0,225108.765625,138440.0,16321.946243315935,2598,2H2
38579,20.748931884765625,214.0919647216797,2691.0,674217.125,138333.0,204370.0340948105,,
38581,10.604086875915527,719.0415649414062,1381.0,224982.171875,138314.0,28210.70990039315,,
38617,10.496125221252441,877.0744018554688,1367.0,224795.8125,138127.0,15679.875495612621,19626,13C1
38622,15.027950286865234,338.34185791015625,1953.0,224771.6875,138103.0,50276.52910506725,,
38630,21.802024841308594,250.98484802246094,2827.0,594780.5625,138064.0,235049.54857850075,,
38636,4.5639777183532715,309.0390625,593.0,224700.515625,138032.0,44547.65889386833,,
38651,2.35750150680542,123.04072570800781,305.0,224643.21875,137975.0,54578.38057605922,,
38654,9.661758422851562,713.086669921875,1259.0,224636.90625,137968.0,22235.695579975843,,
38655,19.38639259338379,165.0670166015625,2515.0,859456.75,137964.0,182709.4545059204,50459,13C1
38657,12.92310619354248,112.1103286743164,1681.0,491839.34375,137963.0,94969.79155671597,38657,
38671,3.7647998332977295,269.0371398925781,489.0,224569.625,137901.0,52796.54642917216,,
38677,3.9783027172088623,309.043212890625,517.0,224552.75,137884.0,41403.94234389067,,
38690,1.0919146537780762,250.98377990722656,139.0,243217.65625,137768.0,110074.38916897774,,
38696,9.738216400146484,717.0787963867188,1269.0,224389.734375,137721.0,15527.194588854909,45134,13C1
38720,23.056381225585938,367.0923156738281,2989.0,224311.15625,137643.0,32267.93189918995,,
38736,3.6589486598968506,309.0390625,475.0,224245.765625,137577.0,59156.338795512915,,
38770,0.23151439428329468,296.0529479980469,29.0,397602.65625,137394.0,73477.28359577525,,
38814,4.3144941329956055,284.1979064941406,561.0,223856.609375,137188.0,35050.16150355339,,
38816,4.470278263092041,212.091796875,581.0,240941.625,137185.0,70823.48059737682,,
38831,14.080921173095703,212.0974578857422,1831.0,314251.28125,137127.0,70875.91851228476,,
38843,13.231968879699707,250.99127197265625,1721.0,587825.5625,137084.0,253590.23580932617,,
38857,14.726951599121094,214.0919647216797,1915.0,449329.9375,137047.0,159442.3182324171,,
38859,9.354350090026855,190.10740661621094,1219.0,223712.703125,137044.0,46868.22758811712,,
38863,8.986419677734375,112.1103286743164,1171.0,654603.8125,137023.0,167736.0430918932,38863,
38880,18.11961555480957,268.0131530761719,2351.0,444741.5625,136958.0,88620.09298157692,,
38882,22.71600914001465,123.04219055175781,2945.0,286521.09375,136950.0,81277.4011939764,,
38893,3.247953414916992,296.0503234863281,421.0,717951.25,136883.0,355571.5385591388,,
38917,21.770727157592773,166.04571533203125,2823.0,432695.46875,136743.0,81382.45009589195,,
38918,20.87314796447754,367.0959777832031,2707.0,787371.875,136740.0,100846.4019241333,,
38936,0.041403207927942276,143.10662841796875,5.0,223346.09375,136678.0,23430.846261073224,,
38941,21.32166290283203,123.04219055175781,2765.0,269789.28125,136655.0,105431.9942201376,,
38942,7.995580673217773,296.0436706542969,1043.0,337345.09375,136650.0,59547.29646590352,,
38957,9.354350090026855,713.046142578125,1219.0,223257.265625,136589.0,18369.595685109496,,
38963,21.074148178100586,182.031494140625,2733.0,223241.421875,136573.0,49176.98940187693,,
38974,21.043373107910156,367.0903015136719,2729.0,427130.4375,136505.0,70551.76346802711,,
39004,18.783557891845703,274.9588928222656,2437.0,223066.296875,136398.0,53780.99043145869,,
39005,10.665326118469238,711.0465698242188,1389.0,223063.390625,136395.0,15322.103706323807,,
39008,9.553800582885742,107.0899658203125,1245.0,223021.96875,136353.0,81986.31506218389,623,13C1
39013,17.23998260498047,123.04182434082031,2237.0,653520.375,136336.0,208804.17014598846,,
39028,23.118228912353516,231.9830780029297,2997.0,222927.75,136259.0,44508.8827047348,,
39030,5.997311115264893,265.00518798828125,781.0,415882.84375,136246.0,114069.884159863,,
39036,1.6132880449295044,244.19253540039062,207.0,222876.953125,136208.0,64497.34323691361,,
39061,14.604764938354492,350.92889404296875,1899.0,222749.671875,136081.0,27269.547208912554,,
39064,9.446860313415527,719.072265625,1231.0,222734.59375,136066.0,28785.557606458664,,
39068,13.15533447265625,367.09576416015625,1711.0,814793.8125,136042.0,120485.64579153061,,
39071,2.312126874923706,336.1657409667969,299.0,222704.4375,136036.0,40835.436710127164,,
39076,9.430639266967773,215.0935821533203,1229.0,222686.828125,136018.0,60839.692693293095,10447,13C1
39078,14.634605407714844,60.06453323364258,1903.0,284803.59375,136005.0,100013.18676364422,,
39091,10.604086875915527,710.06005859375,1381.0,222605.234375,135937.0,15004.800164595246,39091,
39105,14.468076705932617,112.1103286743164,1881.0,463756.875,135809.0,79572.30844533443,39105,
39126,13.78840446472168,112.1103286743164,1793.0,431380.09375,135681.0,85393.50932019949,39126,
39137,9.722890853881836,709.0907592773438,1267.0,222323.25,135655.0,11649.658465586603,,
39153,17.409814834594727,126.06640625,2259.0,222269.296875,135601.0,34307.78727656603,,
39161,11.39393424987793,112.10873413085938,1483.0,239655.8125,135581.0,19836.833468437195,,
39185,23.272201538085938,112.11192321777344,3017.0,3923699.0,135492.0,1225514.948682785,39185,
39198,2.9427742958068848,250.98377990722656,381.0,300271.53125,135429.0,91998.50849223137,,
39206,2.282029151916504,270.1553649902344,295.0,222048.84375,135380.0,19630.54904117732,,
39211,5.171723365783691,269.0347900390625,673.0,222032.875,135364.0,36542.613449424505,,
39220,4.944116592407227,284.19647216796875,643.0,221993.25,135325.0,39323.15331488848,,
39224,7.413478374481201,296.0461120605469,967.0,1040994.6875,135305.0,226071.4519455433,,
39230,4.639678955078125,86.06059265136719,603.0,221959.78125,135291.0,54764.25076252222,,
39236,0.07165712118148804,109.0755386352539,9.0,221948.859375,135280.0,19527.41278576426,,
39239,21.228845596313477,309.04052734375,2753.0,221941.703125,135273.0,31304.51277178526,,
39244,9.584390640258789,715.04296875,1249.0,221916.8125,135248.0,19768.70175589621,,
39247,20.330575942993164,125.03721618652344,2637.0,532525.6875,135238.0,114092.25658130646,,
39258,10.52712345123291,420.55047607421875,1371.0,221852.578125,135184.0,34968.63823013008,,
39294,21.507577896118164,231.11598205566406,2789.0,479261.0625,134999.0,133226.0166604519,,
39298,4.639678955078125,166.09739685058594,603.0,221663.125,134995.0,23454.809117108583,,
39309,5.460623264312744,269.03570556640625,711.0,221632.78125,134964.0,44025.68280827999,,
39310,4.639678955078125,113.07125091552734,603.0,221631.5,134963.0,27537.868222378194,,
39322,3.7496771812438965,239.13819885253906,487.0,354455.65625,134920.0,93244.0089032203,,
39328,0.08673200756311417,221.00802612304688,11.0,221555.921875,134887.0,13502.980568991828,,
39329,15.199875831604004,113.11486053466797,1975.0,517507.0625,134885.0,167157.38795804977,42384,13C1
39330,23.518783569335938,112.11192321777344,3049.0,3212134.0,134876.0,813062.5350761414,,
39337,6.072842121124268,296.0462951660156,791.0,1908266.375,134860.0,322957.4674785137,,
39347,2.128726005554199,195.11463928222656,275.0,368404.09375,134825.0,27283.149080698844,,
39367,0.7663502097129822,296.0394592285156,97.0,610428.1875,134752.0,206432.95317862928,,
39401,10.588310241699219,112.11349487304688,1379.0,2026114.25,134613.0,868316.2282056808,39401,
39409,14.604764938354492,824.9923095703125,1899.0,221263.3125,134595.0,16248.50359670422,17746,2H2
39449,8.040695190429688,175.09817504882812,1049.0,221083.5625,134415.0,18597.407264962792,,
39461,4.193426132202148,284.1951599121094,545.0,221041.78125,134373.0,64610.70886647701,,
39485,3.5371744632720947,250.98484802246094,459.0,1096967.625,134233.0,300437.8029745817,,
39504,4.639678955078125,124.08613586425781,603.0,220844.234375,134176.0,35456.66347374022,,
39505,9.89242935180664,715.0838623046875,1289.0,220841.984375,134173.0,15065.603309586644,,
39508,11.22451400756836,307.0451965332031,1461.0,220829.8125,134161.0,55131.7744647786,,
39511,6.5111846923828125,296.0489501953125,849.0,529121.625,134152.0,149165.41813328862,,
39520,1.9925707578659058,256.1778259277344,257.0,296223.75,134109.0,119489.92836835887,,
39532,0.07165712118148804,125.0835189819336,9.0,253405.4375,134076.0,34166.52793978399,,
39568,2.2490897178649902,268.0143127441406,291.0,586130.1875,133874.0,122300.01691386104,,
39574,7.093043327331543,199.1190948486328,925.0,220517.171875,133849.0,12897.932373783551,,
39584,7.168704986572266,250.98377990722656,935.0,383698.03125,133820.0,111779.82885187864,,
39589,12.892329216003418,250.99114990234375,1677.0,586799.4375,133796.0,298481.7316868305,,
39591,18.134931564331055,164.0646209716797,2353.0,450183.28125,133785.0,245272.79058909416,,
39600,0.1664876639842987,213.09677124023438,21.0,220414.09375,133746.0,59250.56324485992,3028,13C1
39604,4.913881301879883,309.0419921875,639.0,220392.03125,133724.0,32984.849575698376,,
39622,20.593896865844727,123.04219055175781,2671.0,287462.21875,133669.0,76891.01775789261,,
39625,17.594585418701172,214.0919647216797,2283.0,581720.75,133657.0,195513.235227108,,
39639,13.201292037963867,112.1103286743164,1717.0,429455.46875,133589.0,98658.28752338886,39639,
39652,16.235578536987305,367.0885314941406,2107.0,220195.578125,133527.0,44516.82769110799,,
39673,5.278549671173096,296.0489501953125,687.0,911061.1875,133412.0,294192.0394524336,,
39702,9.415385246276855,112.10873413085938,1227.0,255658.953125,133287.0,22927.040338777006,,
39707,2.173582077026367,298.1492004394531,281.0,219939.21875,133271.0,55324.74660130183,,
39723,0.9680737257003784,354.1016540527344,123.0,219882.1875,133214.0,31691.491626113653,,
39730,10.588310241699219,79.45028686523438,1379.0,220228.984375,133189.0,105148.45284823328,,
39732,2.173582077026367,268.011962890625,281.0,279121.09375,133163.0,71913.28652621806,,
39749,9.323796272277832,715.0438842773438,1215.0,219785.9375,133117.0,16470.896357744932,,
39763,22.328384399414062,141.0521240234375,2895.0,552543.625,133009.0,173738.96432733536,,
39765,3.68922758102417,73.07666778564453,479.0,393874.03125,133008.0,89229.45611447096,,
39779,10.634689331054688,709.0913696289062,1385.0,219625.734375,132957.0,19805.411237704568,,
39784,2.11379075050354,197.12879943847656,273.0,219612.53125,132944.0,32878.66783545539,5,13C2
39789,4.253698348999023,212.09825134277344,553.0,351517.53125,132916.0,109007.48074692488,,
39811,8.924544334411621,104.07097625732422,1163.0,1486465.0,132791.0,319869.689871788,,
39826,5.952132225036621,269.0345153808594,775.0,219396.546875,132728.0,28446.504354417324,,
39828,12.317259788513184,112.11700439453125,1603.0,273128.75,132723.0,44734.01364043355,,
39852,15.027950286865234,214.08697509765625,1953.0,322528.53125,132658.0,107252.21727120876,,
39869,3.9783027172088623,269.0371398925781,517.0,219249.921875,132581.0,78102.63124679029,,
39879,1.0919146537780762,296.0367126464844,139.0,275085.0,132508.0,69859.98994014412,,
39927,4.099245548248291,309.0433349609375,533.0,218966.640625,132298.0,31850.807479813695,,
39954,10.309920310974121,711.0465698242188,1343.0,218878.234375,132210.0,16303.134718686342,,
39956,2.0076935291290283,284.20672607421875,259.0,218873.53125,132205.0,71372.98328329017,,
39962,8.708207130432129,711.077392578125,1135.0,218842.203125,132174.0,19310.957619063556,,
39970,8.474493980407715,296.0435485839844,1105.0,568690.8125,132138.0,118102.2950618267,,
39985,10.75771713256836,717.0737915039062,1401.0,218738.109375,132070.0,7606.7714521572925,,
39989,0.1016089990735054,259.1505126953125,13.0,291208.96875,132042.0,35198.00889800934,,
40003,0.5799681544303894,296.0380859375,73.0,440067.875,131988.0,94836.5392357707,,
40004,21.213436126708984,181.0322723388672,2751.0,325236.46875,131986.0,65679.85889458656,,
40010,15.405577659606934,113.11486053466797,2001.0,501312.75,131957.0,144296.4049656391,25637,13C1
40025,23.842348098754883,112.11224365234375,3091.0,3421451.75,131874.0,652692.8095531464,,
40031,0.026211624965071678,107.08576965332031,3.0,218527.671875,131859.0,28784.190692995428,,
40037,6.1632080078125,296.04766845703125,803.0,987089.875,131819.0,221737.72552466393,,
40046,21.012115478515625,125.03721618652344,2725.0,553514.3125,131778.0,164993.98736405373,,
40057,8.677752494812012,715.0687255859375,1131.0,218404.6875,131736.0,12798.935512050986,30317,2H2
40065,9.077585220336914,709.0869140625,1183.0,218384.140625,131716.0,22305.106089890003,,
40067,9.30850887298584,104.07127380371094,1213.0,701926.3125,131695.0,194441.13474786282,,
40091,14.328537940979004,82.01443481445312,1863.0,218285.03125,131617.0,74684.57696050406,,
40103,16.777000427246094,112.1103286743164,2177.0,364953.03125,131587.0,63037.20636355877,40103,
40105,5.645524024963379,74.09710693359375,735.0,800374.625,131578.0,238622.98664307594,,
40116,2.9578888416290283,113.10930633544922,383.0,225972.3125,131545.0,48834.57324950397,,
40134,20.718061447143555,112.1103286743164,2687.0,286922.09375,131440.0,56089.90918505192,40134,
40138,20.625085830688477,309.0418701171875,2675.0,218098.3125,131430.0,33038.75147253275,,
40150,6.559455394744873,250.9901123046875,855.0,2544810.0,131378.0,678219.2337355614,,
40151,9.323796272277832,104.07097625732422,1215.0,908590.3125,131378.0,228294.8132736683,,
40152,4.7163472175598145,338.3415222167969,613.0,218045.390625,131377.0,25231.468951642513,,
40166,6.864569664001465,112.11349487304688,895.0,3374587.5,131309.0,1087306.8557009697,,
40169,10.325239181518555,718.0643310546875,1345.0,217964.296875,131296.0,15384.209741443396,,
40173,0.056450989097356796,145.1221160888672,7.0,217948.6875,131280.0,26018.795035833326,,
40189,0.1514565646648407,276.1954040527344,19.0,217851.171875,131183.0,39022.08546242467,,
40193,0.07165712118148804,152.08175659179688,9.0,217842.8125,131174.0,18251.38799059711,,
40204,20.532222747802734,112.11065673828125,2663.0,382537.25,131135.0,106348.96499323845,40204,
40221,17.409814834594727,113.07125091552734,2259.0,217740.875,131072.0,46912.93992975354,,
40225,1.2787444591522217,569.299560546875,163.0,217733.609375,131065.0,21749.847940534906,8822,13C1
40283,24.894445419311523,180.04461669921875,3227.0,586537.9375,130838.0,114003.04776096344,,
40299,16.204883575439453,112.11163330078125,2103.0,7548725.5,130773.0,2529796.4780311584,40299,
40311,14.977396011352539,165.06866455078125,1947.0,325738.125,130721.0,77870.35022860765,49337,13C1
40396,6.178128719329834,292.01666259765625,805.0,217124.71875,130456.0,39767.15138068795,,
40417,10.123567581176758,717.0792846679688,1319.0,217041.171875,130373.0,16563.646359220147,49689,13C1
40421,13.479455947875977,296.0435485839844,1753.0,217012.1875,130344.0,70782.2676641941,,
40426,13.479455947875977,114.09137725830078,1753.0,384440.53125,130313.0,66207.12715804577,,
40431,6.148252010345459,296.0436706542969,801.0,970865.875,130295.0,225134.0857051611,,
40443,21.228845596313477,250.98484802246094,2753.0,621506.5625,130249.0,158202.55594086647,,
40453,4.364597797393799,341.0995788574219,567.0,216873.875,130205.0,50609.55288934708,,
40496,10.309920310974121,719.0415649414062,1343.0,216722.96875,130054.0,15819.758801400661,,
40503,5.126371383666992,239.13819885253906,667.0,445649.125,130044.0,97933.34547191858,,
40512,12.659655570983887,250.9901123046875,1647.0,1730525.75,130013.0,551471.109559536,,
40522,0.056450989097356796,92.05802917480469,7.0,216621.109375,129953.0,24427.68463464712,1722,13C1
40571,10.665326118469238,719.0416870117188,1389.0,216447.0,129779.0,14630.271977095865,,
40574,11.424363136291504,123.04182434082031,1487.0,354518.59375,129769.0,136818.41823208332,,
40619,17.25538444519043,112.11065673828125,2239.0,455144.28125,129584.0,96950.26802110672,40619,
40620,17.409814834594727,214.08697509765625,2259.0,376529.59375,129583.0,172310.18028593063,,
40630,9.677016258239746,112.1103286743164,1261.0,573701.3125,129540.0,143609.76120138168,,
40670,7.44368839263916,296.04766845703125,971.0,722053.0,129395.0,239441.38665175438,,
40674,8.56828498840332,292.0113220214844,1117.0,216051.515625,129383.0,57085.12159281969,,
40697,2.282029151916504,254.1593475341797,295.0,215964.9375,129296.0,23310.27095090598,,
40723,7.336637020111084,296.0489501953125,957.0,377967.6875,129191.0,85164.81221586466,,
40732,9.077585220336914,250.98377990722656,1183.0,261681.53125,129176.0,81909.88629829884,,
40736,2.5119316577911377,309.0418701171875,325.0,504382.65625,129163.0,90782.51729750633,,
40760,3.2026350498199463,74.09710693359375,415.0,891428.6875,129085.0,222868.18288195133,,
40770,1.6435210704803467,112.1103286743164,211.0,927022.3125,129041.0,242076.07654832304,40770,
40786,14.619670867919922,708.9945068359375,1901.0,215659.203125,128991.0,15140.27448162064,,
40835,17.08570671081543,112.11100006103516,2217.0,773441.5,128796.0,360740.5139012337,40835,
40856,10.75771713256836,112.11100006103516,1401.0,1185742.625,128755.0,513182.46348142624,40856,
40858,11.0516939163208,112.1103286743164,1439.0,590512.5625,128752.0,108604.35607004166,,
40868,13.309672355651855,367.0923156738281,1731.0,800836.875,128719.0,153441.69347786903,,
40872,10.419320106506348,112.10873413085938,1357.0,215373.578125,128705.0,17231.81985193491,,
40893,7.780915260314941,92.03741455078125,1015.0,238498.078125,128638.0,36949.33532474935,,
40901,10.404043197631836,711.0516357421875,1355.0,619081.6875,128610.0,47432.918407440186,,
40912,22.235498428344727,123.04182434082031,2883.0,689929.375,128568.0,334708.6410961151,,
40937,14.619670867919922,575.9707641601562,1901.0,215152.515625,128484.0,13538.714395067596,,
40969,23.195491790771484,112.11131286621094,3007.0,752554.9375,128368.0,238894.17288684845,40969,
40999,13.988844871520996,112.10778045654297,1819.0,223696.328125,128242.0,34455.77322858572,,
41003,4.685051918029785,341.1064758300781,609.0,214895.390625,128227.0,50714.93647310138,,
41013,4.639678955078125,117.06610107421875,603.0,214860.8125,128192.0,19969.829867370427,,
41020,24.64364242553711,212.0741424560547,3195.0,214830.78125,128162.0,39101.58095544577,,
41021,24.073320388793945,112.1131820678711,3121.0,787207.5,128161.0,231685.0680589676,,
41022,19.55675506591797,112.11065673828125,2537.0,412356.5,128160.0,90669.48562502861,41022,
41024,23.395751953125,182.02354431152344,3033.0,214819.0,128151.0,64524.535232543945,41024,
41042,1.5826424360275269,214.09178161621094,203.0,354461.71875,128081.0,84485.8710905835,,
41048,6.496097087860107,250.98377990722656,847.0,374133.59375,128059.0,129195.42576467991,,
41064,19.278154373168945,74.09710693359375,2501.0,735532.6875,128004.0,213703.9331817627,,
41080,22.483625411987305,231.11610412597656,2915.0,520259.28125,127932.0,113098.67322993279,,
41083,20.361967086791992,199.04168701171875,2641.0,322801.9375,127926.0,62545.41328620911,,
41095,4.761726379394531,367.0940856933594,619.0,214535.078125,127867.0,18531.90998735279,,
41105,0.08673200756311417,123.03521728515625,11.0,224911.484375,127849.0,13065.578517841495,41105,
41111,2.2490897178649902,172.11622619628906,291.0,214483.8125,127815.0,71345.33308884129,4586,13C1
41113,2.098336696624756,284.1940002441406,271.0,214464.875,127796.0,43654.266227036715,,
41134,11.270263671875,118.08541107177734,1467.0,214354.390625,127686.0,68557.10012847185,,
41140,5.537060260772705,296.0433654785156,721.0,1514640.375,127680.0,275332.13577079773,,
41158,8.56828498840332,251.99095153808594,1117.0,214272.515625,127604.0,50580.58465191722,563,13C1
41172,0.056450989097356796,73.02899932861328,7.0,219742.90625,127550.0,30603.253010465756,,
41188,17.3638973236084,112.1103286743164,2253.0,333072.4375,127483.0,80490.7040579319,41188,
41196,2.3878283500671387,276.1954040527344,309.0,214122.171875,127454.0,56914.24683651328,,
41199,10.588310241699219,870.0821533203125,1379.0,214097.890625,127429.0,24672.6484071929,,
41207,10.092012405395508,112.1103286743164,1315.0,594018.0,127415.0,133153.26462984085,,
41230,6.955458641052246,250.99215698242188,907.0,272397.375,127317.0,96231.25534319878,,
41234,9.661758422851562,719.0729370117188,1259.0,213978.90625,127310.0,18842.530192047358,,
41237,15.230737686157227,214.09124755859375,1979.0,1238143.5,127299.0,280933.1897509098,,
41259,21.56965446472168,250.98484802246094,2797.0,577596.3125,127213.0,182535.0877532959,,
41296,0.07165712118148804,89.07954406738281,9.0,213727.9375,127059.0,37890.258044100075,873,13C1
41311,7.016147613525391,296.0450439453125,915.0,1096084.875,126980.0,197751.10161960125,,
41329,2.8315460681915283,309.0418701171875,367.0,471682.5625,126906.0,94427.05420410633,,
41332,8.616869926452637,112.11065673828125,1123.0,847418.375,126894.0,200469.30725860596,41332,
41335,2.724719762802124,250.98484802246094,353.0,811380.5,126887.0,224524.19107687473,,
41394,0.08673200756311417,79.01846313476562,11.0,213290.3125,126622.0,16017.559387998845,,
41413,12.970104217529297,171.11285400390625,1687.0,526211.75,126551.0,128859.01967287064,,
41421,2.264108419418335,313.2022705078125,293.0,213199.984375,126531.0,24181.561258416623,3461,13C1
41461,3.5975656509399414,134.08120727539062,467.0,213037.078125,126369.0,75369.43772498553,,
41471,6.027854919433594,163.1328582763672,785.0,213016.890625,126348.0,40859.655704289675,,
41474,16.405712127685547,292.0138244628906,2129.0,212976.09375,126308.0,35040.06979715824,,
41484,10.557726860046387,556.0609130859375,1375.0,212942.765625,126274.0,11925.334152773023,10375,13C1
41488,9.415385246276855,112.11349487304688,1227.0,2293700.75,126270.0,829982.8181533813,,
41491,5.050803184509277,296.0502014160156,657.0,379107.59375,126255.0,134410.33275973797,,
41523,0.041403207927942276,83.04977416992188,5.0,212847.125,126179.0,32241.551426002872,,
41534,5.997311115264893,296.0503234863281,781.0,212803.5,126135.0,66076.40538623929,,
41537,9.109049797058105,711.0518188476562,1187.0,212787.390625,126119.0,13872.550621002913,,
41542,8.53780746459961,250.99215698242188,1113.0,342501.1875,126107.0,139893.40828740597,,
41546,4.639678955078125,163.09764099121094,603.0,212760.828125,126092.0,14416.127280592918,,
41551,24.894445419311523,166.04571533203125,3227.0,534843.25,126077.0,124336.19116687775,,
41552,15.688462257385254,112.11065673828125,2037.0,536285.875,126069.0,189015.03110527992,41552,
41554,12.301996231079102,184.0733642578125,1601.0,212728.75,126060.0,66971.73187971796,,
41555,11.824507713317871,123.04182434082031,1539.0,357360.625,126056.0,130031.38184249401,,
41562,7.413478374481201,296.044921875,967.0,969992.6875,126035.0,190993.96898579597,,
41579,10.046223640441895,112.11065673828125,1309.0,800438.375,125966.0,245940.4669635296,41579,
41589,14.390060424804688,296.0436706542969,1871.0,212611.921875,125943.0,35648.01913970709,,
41609,0.07165712118148804,141.06582641601562,9.0,212508.234375,125840.0,14145.159792968625,,
41615,8.13520622253418,250.98377990722656,1061.0,461926.3125,125835.0,210477.48669493198,,
41627,1.7952637672424316,276.1955871582031,231.0,212455.078125,125787.0,39125.51139759645,,
41636,20.020994186401367,250.98484802246094,2597.0,644540.625,125739.0,169123.37391376495,,
41642,17.409814834594727,117.06610107421875,2259.0,212383.125,125715.0,31155.19707328081,,
41646,9.569121360778809,713.04541015625,1247.0,212364.4375,125696.0,24041.181521490216,,
41670,9.64648723602295,165.1614227294922,1257.0,212271.0625,125603.0,71553.16174671473,,
41712,10.557726860046387,312.5471496582031,1375.0,212154.734375,125486.0,26014.378911077976,,
41726,2.282029151916504,138.05520629882812,295.0,212111.34375,125443.0,29501.36157399346,,
41729,1.0767854452133179,354.10137939453125,137.0,212100.09375,125432.0,63184.8147036694,,
41731,24.768896102905273,112.11131286621094,3211.0,300770.03125,125420.0,107227.02942538261,,
41735,8.708207130432129,713.0764770507812,1135.0,212076.015625,125408.0,21017.172557842336,,
41740,0.07165712118148804,154.09738159179688,9.0,212067.15625,125399.0,14892.042873444094,,
41753,20.826486587524414,309.04034423828125,2701.0,212014.84375,125346.0,33803.109182953835,,
41755,2.816479444503784,341.1063537597656,365.0,978638.0,125336.0,246631.38150066137,,
41772,9.492730140686035,715.0430908203125,1237.0,211944.28125,125276.0,18455.643755435944,,
41790,21.554243087768555,367.0921936035156,2795.0,666821.5625,125213.0,89975.93060112,,
41796,0.8925096988677979,268.0132751464844,113.0,383738.78125,125189.0,89548.06608586758,,
41805,7.093043327331543,124.0882568359375,925.0,438542.53125,125156.0,50404.57445022464,41805,
41825,17.563892364501953,182.03167724609375,2279.0,211719.78125,125051.0,34732.426261901855,,
41827,0.07165712118148804,143.08154296875,9.0,211716.890625,125048.0,17645.910857344395,,
41873,10.450324058532715,147.12069702148438,1361.0,211590.890625,124922.0,47933.9238560684,8416,13C1
41881,5.081034183502197,104.07041931152344,661.0,670335.3125,124906.0,138665.2180416584,,
41912,5.248324871063232,212.09262084960938,683.0,731730.875,124781.0,214187.9451828003,,
41938,2.5421833992004395,268.0132751464844,329.0,508267.15625,124705.0,91371.4478854835,,
41948,23.272201538085938,112.11224365234375,3017.0,5853123.5,124663.0,1564596.7480163574,41948,
41957,4.639678955078125,138.10260009765625,603.0,211313.296875,124645.0,19837.18726080656,,
41962,16.54496955871582,183.02833557128906,2147.0,232268.640625,124631.0,56422.3663867116,,
41987,5.784831523895264,341.1047668457031,753.0,211189.109375,124521.0,45229.235866844654,,
42008,15.043219566345215,367.0885314941406,1955.0,211099.265625,124431.0,97115.67602963746,,
42009,10.604086875915527,336.0564880371094,1381.0,211096.34375,124428.0,40136.601345837116,,
42010,6.635175704956055,250.99215698242188,865.0,263009.03125,124422.0,81734.24502158165,,
42030,22.189281463623047,100.02481079101562,2877.0,288690.9375,124334.0,67146.23125386238,,
42052,11.992820739746094,259.0308532714844,1561.0,210925.90625,124257.0,50375.12095117569,,
42086,2.909558057785034,292.016357421875,377.0,210802.15625,124134.0,61631.71766796708,,
42094,16.220199584960938,212.09344482421875,2105.0,443468.375,124117.0,164375.51782608032,,
42109,4.639678955078125,128.08204650878906,603.0,210730.53125,124062.0,14847.519478913397,,
42121,23.056381225585938,367.0960998535156,2989.0,210699.109375,124031.0,22093.66190946102,,
42127,9.12427043914795,711.0867919921875,1189.0,210684.046875,124016.0,14813.72542218864,,
42182,6.148252010345459,250.98377990722656,801.0,371185.0,123803.0,109769.3163189888,,
42190,6.253346920013428,142.08518981933594,815.0,210858.15625,123760.0,11395.046536856331,25692,13C1
42203,7.888916492462158,296.0489501953125,1029.0,210390.96875,123722.0,66502.62659353018,,
42218,1.9316502809524536,296.0529479980469,249.0,258745.5625,123677.0,61389.62279123068,,
42220,7.965861797332764,190.1095428466797,1039.0,210339.0,123671.0,29292.86140933633,,
42223,2.312126874923706,206.1385498046875,299.0,210331.609375,123663.0,38996.21219169814,,
42227,15.65722370147705,112.11065673828125,2033.0,540925.375,123649.0,113883.13222122192,42227,
42230,0.08673200756311417,178.0231170654297,11.0,210299.25,123631.0,11961.513556779551,,
42231,19.448532104492188,123.04182434082031,2523.0,574163.5,123629.0,205095.1690378189,,
42249,13.309672355651855,367.0942077636719,1731.0,1033285.8125,123570.0,158063.1106365919,,
42255,16.54496955871582,214.0920867919922,2147.0,497855.03125,123536.0,173866.55974674225,,
42273,1.6284170150756836,190.95738220214844,209.0,210162.015625,123494.0,54244.21673584805,,
42313,1.5977463722229004,267.1650695800781,205.0,210028.34375,123360.0,84387.78349818963,4984,13C1
42325,5.218081474304199,284.19635009765625,679.0,209992.0,123324.0,42512.934092998505,,
42337,6.787866115570068,296.044921875,885.0,1165065.75,123275.0,306368.56566107273,,
42366,22.71600914001465,141.0521240234375,2945.0,562726.0,123188.0,164982.31876158714,,
42379,10.604086875915527,94.04559326171875,1381.0,455974.0,123147.0,118875.38626027107,,
42384,15.199875831604004,112.11065673828125,1975.0,572656.6875,123130.0,155085.25417375565,42384,
42400,9.64648723602295,717.0787963867188,1257.0,209737.34375,123069.0,16041.68787701428,45134,13C1
42415,0.07165712118148804,141.0770263671875,9.0,209695.328125,123027.0,13389.795654964284,,
42418,11.146184921264648,252.14027404785156,1451.0,655241.4375,123022.0,193780.48412248446,,
42420,4.299408435821533,104.07069396972656,559.0,941968.0,123019.0,229615.36642968655,,
42439,11.824507713317871,250.99215698242188,1539.0,224539.703125,122941.0,128248.74233645201,,
42447,4.639678955078125,98.0727310180664,603.0,209591.203125,122923.0,31252.45902083069,,
42483,6.727174758911133,112.08837127685547,877.0,209495.71875,122827.0,44341.85903188586,,
42503,3.811180830001831,136.0618438720703,495.0,209411.75,122743.0,43430.35186471045,,
42551,9.001608848571777,237.1506805419922,1173.0,209249.1875,122581.0,61429.59425866604,,
42555,4.409862041473389,309.043212890625,573.0,209237.21875,122569.0,63548.47254118323,,
42557,0.7362149357795715,296.0368347167969,93.0,317179.53125,122560.0,95886.23505736515,,
42567,10.355755805969238,716.0748291015625,1349.0,209179.09375,122511.0,20546.22097273171,42567,
42588,0.7838396430015564,268.0143127441406,99.0,479877.28125,122402.0,135364.49359318614,,
42589,1.8863589763641357,289.1279602050781,243.0,209067.1875,122399.0,39709.59718676878,,
42604,4.268763065338135,214.0919647216797,555.0,400675.625,122319.0,87252.1516829133,,
42609,17.61036491394043,239.02117919921875,2285.0,208983.078125,122315.0,38702.94320195913,,
42611,18.134931564331055,141.04986572265625,2353.0,809254.8125,122300.0,252440.53872394562,42611,
42620,16.32827377319336,112.1103286743164,2119.0,387715.34375,122269.0,71029.7245566845,42620,
42627,9.077585220336914,554.0572509765625,1183.0,208909.046875,122241.0,19868.580193549395,,
42633,9.354350090026855,717.0438232421875,1219.0,208888.953125,122220.0,17271.505895987153,,
42651,23.102401733398438,214.0861358642578,2995.0,231875.5625,122166.0,117634.8031527996,,
42653,18.088497161865234,197.0081787109375,2347.0,507861.5625,122157.0,87832.39503717422,,
42655,17.162900924682617,123.04219055175781,2227.0,257424.015625,122147.0,115954.74123466015,,
42678,3.582501173019409,214.0919647216797,465.0,461486.8125,122082.0,171297.49821394682,,
42717,24.135061264038086,112.1131820678711,3129.0,755535.0,121980.0,226536.2379837036,,
42718,10.634689331054688,719.0414428710938,1385.0,208647.421875,121979.0,21269.305321886204,,
42735,0.5498496294021606,297.0526123046875,69.0,208578.921875,121910.0,48882.28101396188,23943,13C1
42747,8.13520622253418,296.04229736328125,1061.0,208518.25,121850.0,88635.40059861541,,
42748,23.411081314086914,214.08697509765625,3035.0,807588.0,121849.0,492794.7185225487,,
42760,2.2490897178649902,154.08624267578125,291.0,208438.03125,121770.0,55217.412471435266,,
42766,5.952132225036621,309.04022216796875,775.0,208411.21875,121743.0,46782.02983754873,,
42770,6.955458641052246,265.00518798828125,907.0,383068.15625,121719.0,84461.25234538317,,
42771,18.474302291870117,113.11486053466797,2397.0,422561.59375,121718.0,136209.61148190498,29733,13C1
42774,4.470278263092041,341.0995788574219,581.0,208378.703125,121710.0,49828.49593669176,,
42795,17.965158462524414,164.0646209716797,2331.0,387780.5,121626.0,171747.24267077446,,
42799,3.093991994857788,341.1078186035156,401.0,436461.53125,121609.0,99775.55485248566,,
42802,10.8960542678833,112.11065673828125,1419.0,694851.4375,121606.0,312986.1023480892,42802,
42805,8.02580738067627,181.10792541503906,1047.0,208268.34375,121600.0,18253.112336874008,,
42822,21.58506965637207,112.11100006103516,2799.0,519910.59375,121513.0,201848.09025144577,42822,
42827,2.481638193130493,296.0489501953125,321.0,2745545.75,121497.0,650186.8364927769,,
42860,4.099245548248291,284.1990661621094,533.0,208047.703125,121379.0,36157.49893403053,,
42873,3.0486278533935547,292.0165100097656,395.0,208013.328125,121345.0,46499.98943525553,,
42889,9.077585220336914,711.0520629882812,1183.0,207972.328125,121304.0,13872.550621002913,,
42890,9.154751777648926,711.0513305664062,1193.0,207970.796875,121302.0,15351.223493278027,,
42899,4.364597797393799,341.1012878417969,567.0,416521.875,121273.0,88744.19411444664,,
42918,17.409814834594727,99.06685638427734,2259.0,207873.96875,121205.0,39664.00387430191,,
42971,4.639678955078125,165.11363220214844,603.0,207646.0,120978.0,20761.102535754442,,
42977,19.55675506591797,112.1103286743164,2537.0,295913.0,120958.0,51742.18849611282,42977,
42986,15.043219566345215,215.0926971435547,1955.0,207598.3125,120930.0,55415.553271621466,6971,13C1
42994,12.28668212890625,309.0430908203125,1599.0,207567.9375,120899.0,45442.11816197634,,
43012,20.45476722717285,123.04219055175781,2653.0,287392.84375,120835.0,133879.89026260376,,
43027,10.263609886169434,711.0918579101562,1337.0,207470.671875,120802.0,11392.29112225771,,
43036,0.1514565646648407,367.0903015136719,19.0,207431.75,120763.0,19251.835257159255,,
43038,5.415346622467041,296.044921875,705.0,2656413.25,120755.0,721273.7872428894,,
43040,10.030993461608887,719.0420532226562,1307.0,207418.625,120750.0,16338.515187337995,,
43053,22.29755210876465,214.08697509765625,2891.0,458071.40625,120719.0,193612.32243180275,43053,
43077,7.093043327331543,81.04525756835938,925.0,207280.203125,120612.0,27434.41365942359,,
43104,0.1514565646648407,296.05169677734375,19.0,366550.5625,120502.0,110162.30150395865,,
43108,0.4218818247318268,84.064208984375,53.0,281544.53125,120489.0,101481.82618385181,7086,13C1
43122,9.677016258239746,711.0471801757812,1261.0,207103.71875,120435.0,15486.761959984899,,
43138,2.8315460681915283,309.04034423828125,367.0,492829.46875,120384.0,90019.04450312257,,
43145,12.472857475280762,125.08224487304688,1623.0,207023.046875,120355.0,35591.4193713367,,
43211,8.878780364990234,709.0614013671875,1157.0,206786.640625,120118.0,13805.310398347676,,
43222,22.266311645507812,367.0901184082031,2887.0,366374.78125,120084.0,32003.19420403242,,
43244,4.639678955078125,167.09286499023438,603.0,206685.875,120017.0,17793.36659142375,,
43250,14.619670867919922,592.9888305664062,1901.0,206671.203125,120003.0,15246.048070466612,,
43266,0.5648765563964844,247.16677856445312,71.0,206601.28125,119933.0,35662.99926733039,,
43271,1.7043039798736572,302.19097900390625,219.0,454970.46875,119916.0,271278.1917991708,,
43275,5.0200910568237305,296.0461120605469,653.0,3077109.5,119904.0,580549.9507946968,43275,
43290,15.294769287109375,113.11486053466797,1987.0,463274.0625,119855.0,167686.30297589302,29749,13C1
43299,1.5977463722229004,250.136474609375,205.0,206494.015625,119826.0,57581.02925646049,3398,13C1
43312,3.6589486598968506,163.1329803466797,475.0,206437.53125,119769.0,29356.878293804824,,
43332,20.129335403442383,112.1103286743164,2611.0,285690.4375,119695.0,62077.37430167198,43332,
43333,22.06527328491211,123.04219055175781,2861.0,275433.1875,119693.0,162847.4819703102,,
43336,15.515707015991211,112.11065673828125,2015.0,514487.90625,119686.0,113438.88933563232,43336,
43341,7.995580673217773,95.08516693115234,1043.0,250587.21875,119663.0,119450.37374001741,43341,
43348,23.102401733398438,112.11100006103516,2995.0,329012.90625,119641.0,148297.8357820511,43348,
43353,5.630380630493164,296.04205322265625,733.0,681972.125,119633.0,144365.13633608818,,
43359,22.808900833129883,123.04145812988281,2957.0,2249370.25,119618.0,612421.792142868,,
43366,0.041403207927942276,135.11679077148438,5.0,206269.15625,119601.0,22720.179252971284,,
43381,4.099245548248291,297.0483703613281,533.0,206239.78125,119571.0,36062.66307158768,13774,13C1
43384,0.08673200756311417,182.03353881835938,11.0,206233.421875,119565.0,18237.88327964762,6403,13C1
43394,23.395751953125,112.11256408691406,3033.0,4653001.5,119525.0,1302288.8424110413,43394,
43423,10.788835525512695,265.000732421875,1405.0,206047.296875,119379.0,79842.22314416617,,
43431,8.520164489746094,296.04766845703125,1111.0,516662.0,119337.0,169233.51120626926,,
43458,5.050803184509277,250.99215698242188,657.0,308763.15625,119241.0,152312.10669243336,,
43467,12.815652847290039,214.08697509765625,1667.0,298937.15625,119206.0,125571.40226328373,,
43507,0.5799681544303894,118.08541107177734,73.0,206075.359375,119069.0,91797.07461342402,,
43510,3.9631755352020264,284.19647216796875,515.0,319570.9375,119065.0,56699.678157031536,,
43527,24.027379989624023,112.11224365234375,3115.0,2938929.5,118998.0,651564.4793577194,,
43532,8.598752975463867,223.97640991210938,1121.0,205644.640625,118976.0,36241.84872594476,,
43556,12.442314147949219,309.0433349609375,1619.0,205571.9375,118903.0,42541.27257078886,,
43560,20.687267303466797,215.0918426513672,2683.0,205566.859375,118898.0,52589.835424900055,37054,13C1
43587,4.548817157745361,341.0995788574219,591.0,205497.375,118829.0,40938.839831098914,,
43618,8.489707946777344,250.99232482910156,1107.0,323838.65625,118740.0,106004.67368364334,,
43621,10.34049129486084,719.041259765625,1347.0,205404.234375,118736.0,15819.758801400661,,
43640,23.102401733398438,231.1142120361328,2995.0,303903.40625,118683.0,60194.99989581108,,
43648,16.204883575439453,214.0919647216797,2103.0,447932.53125,118659.0,114516.40419530869,,
43664,8.81783676147461,112.1131820678711,1149.0,8207560.0,118603.0,2312469.6061058044,43664,
43665,9.17000961303711,250.98377990722656,1195.0,256407.15625,118597.0,74301.38015955687,,
43690,10.092012405395508,709.0911865234375,1315.0,205163.28125,118495.0,14259.036208093166,,
43692,16.14297866821289,296.0461120605469,2095.0,205160.4375,118492.0,49032.19943827391,,
43711,10.061470031738281,711.0465698242188,1311.0,205121.125,118453.0,17283.756156787276,,
43714,19.123390197753906,123.04145812988281,2481.0,2120049.25,118445.0,628405.2347574234,,
43724,17.409814834594727,112.08641815185547,2259.0,205088.8125,118420.0,31143.174972221255,,
43728,5.92151403427124,284.19659423828125,771.0,205080.84375,118412.0,28152.012769654393,,
43740,5.218081474304199,284.1976318359375,679.0,205056.0,118388.0,42524.78861622512,,
43748,8.72346305847168,95.08612823486328,1137.0,2102071.75,118353.0,427742.0473179817,,
43757,10.727086067199707,719.072265625,1397.0,205008.28125,118340.0,7153.610895417631,,
43768,17.409814834594727,84.05619049072266,2259.0,204963.078125,118295.0,56009.95258843899,,
43810,5.218081474304199,269.03570556640625,679.0,204811.640625,118143.0,46060.65636777878,,
43828,22.5919132232666,214.08697509765625,2929.0,547560.3125,118092.0,189791.39048099518,,
43843,11.947153091430664,101.07176208496094,1555.0,204691.578125,118023.0,23621.76604616642,,
43864,0.1364421248435974,268.015380859375,17.0,204619.421875,117951.0,25603.191081517143,,
43867,10.77350902557373,272.1344909667969,1403.0,204617.59375,117949.0,69522.59734169021,,
43885,17.147598266601562,82.01443481445312,2225.0,325881.1875,117886.0,74406.42520487309,,
43911,9.109049797058105,112.11100006103516,1187.0,1514679.0,117818.0,578079.1080570221,,
43927,6.2234344482421875,141.06336975097656,811.0,204435.140625,117767.0,38812.38028943539,,
43950,5.354492664337158,250.98377990722656,697.0,401902.5625,117689.0,191249.36606377363,,
43954,17.918537139892578,123.04182434082031,2325.0,630590.75,117679.0,254946.87537240982,,
43957,18.474302291870117,268.0132751464844,2397.0,404948.46875,117664.0,105922.03913998604,,
43989,6.665558815002441,104.07013702392578,869.0,424653.5625,117581.0,167375.7410339117,,
43995,5.799964904785156,250.99215698242188,755.0,299132.5625,117563.0,109565.64838671684,,
44000,22.468198776245117,214.09280395507812,2913.0,238191.8125,117552.0,86688.86689186096,,
44002,0.08673200756311417,136.06150817871094,11.0,204208.125,117540.0,19293.65598277116,,
44037,15.97316837310791,139.01699829101562,2073.0,1145194.375,117454.0,361880.5087938309,,
44045,13.74134635925293,214.0919647216797,1787.0,468638.03125,117421.0,137197.16313266754,,
44059,2.282029151916504,354.1769714355469,295.0,204045.515625,117377.0,22142.67050946597,,
44067,3.9319965839385986,297.050048828125,511.0,204032.5,117364.0,57787.513200595975,8826,13C1
44087,8.708207130432129,711.0621337890625,1135.0,203945.765625,117277.0,19860.654557049274,,
44097,2.5421833992004395,297.0472412109375,329.0,203899.9375,117231.0,38092.01389145851,2443,13C1
44133,6.58975076675415,265.00653076171875,859.0,203759.625,117091.0,42451.71381795406,,
44147,5.752048492431641,296.04766845703125,749.0,1509625.375,117047.0,312539.4969044924,,
44163,13.83447265625,367.09576416015625,1799.0,850288.8125,117016.0,108706.43902111053,,
44175,3.9319965839385986,112.10650634765625,511.0,235444.4375,116982.0,37514.556339621544,,
44187,10.061470031738281,719.0418090820312,1311.0,203619.109375,116951.0,16338.515187337995,,
44225,14.649520874023438,580.92919921875,1905.0,203485.609375,116817.0,30661.94543775916,,
44239,9.969870567321777,112.10873413085938,1299.0,203448.421875,116780.0,15556.40603262186,,
44249,1.8253947496414185,268.0143127441406,235.0,530792.5625,116732.0,128270.4960539043,,
44256,8.894063949584961,715.0787963867188,1159.0,203370.265625,116702.0,20869.248418733478,2598,2H2
44267,2.282029151916504,227.13865661621094,295.0,207746.328125,116670.0,32865.97237032652,,
44268,16.977577209472656,212.09344482421875,2203.0,421167.21875,116665.0,123090.48620676994,,
44289,2.6188371181488037,296.049072265625,339.0,2581215.25,116574.0,638000.1439023018,,
44350,13.294344902038574,112.1160659790039,1729.0,210557.34375,116429.0,21511.5132881701,,
44358,12.86159610748291,239.13919067382812,1673.0,225139.0,116405.0,45573.111892819405,,
44367,10.8960542678833,354.0513000488281,1419.0,203040.0,116372.0,32116.786714434624,,
44371,12.54973030090332,118.06143951416016,1633.0,203033.859375,116365.0,81207.57906845165,,
44378,16.266328811645508,112.11065673828125,2111.0,559234.9375,116346.0,145219.85557675362,44378,
44406,9.001608848571777,338.0511474609375,1173.0,202926.90625,116258.0,34651.53284364939,,
44408,23.704008102416992,112.1131820678711,3073.0,947784.6875,116246.0,334572.0019598007,,
44412,9.001608848571777,104.07127380371094,1173.0,994062.8125,116237.0,271373.3886270523,,
44455,19.602916717529297,367.0884094238281,2543.0,202751.03125,116083.0,37362.473988235,,
44459,10.496125221252441,719.041259765625,1367.0,202736.296875,116068.0,24620.41643305123,,
44470,14.01954174041748,75.05589294433594,1823.0,415072.40625,116026.0,132729.86986863613,,
44494,18.011184692382812,181.0322723388672,2337.0,295210.96875,115983.0,87132.87568104267,,
44503,12.28668212890625,212.0974578857422,1599.0,465537.25,115959.0,141979.0193619728,,
44516,12.240446090698242,180.04461669921875,1593.0,382392.375,115923.0,62934.02023875713,,
44527,2.282029151916504,342.1722412109375,295.0,340448.15625,115896.0,28727.79086195305,,
44538,23.980955123901367,112.11131286621094,3109.0,362473.90625,115865.0,176021.7776222229,,
44540,2.282029151916504,172.09693908691406,295.0,202531.796875,115863.0,36523.27253826894,,
44646,9.569121360778809,118.08575439453125,1247.0,823201.6875,115571.0,181465.09221315384,,
44656,4.329550266265869,74.09710693359375,563.0,795554.0625,115523.0,206591.66328823566,,
44659,18.289283752441406,367.0903015136719,2373.0,704444.75,115512.0,100779.03578090668,,
44698,17.409814834594727,151.0977325439453,2259.0,202043.875,115375.0,22342.400303073227,,
44715,2.633995294570923,250.98484802246094,341.0,862897.8125,115319.0,288074.8300790787,,
44720,10.52712345123291,237.1506805419922,1371.0,201971.65625,115303.0,105529.60680015944,21475,13C1
44736,8.040695190429688,193.10841369628906,1049.0,201929.1875,115261.0,15496.465195521712,,
44754,16.54496955871582,338.3416442871094,2147.0,201865.796875,115197.0,29140.32607483864,,
44760,15.181529998779297,214.0919647216797,1973.0,492365.34375,115188.0,174824.22765231133,,
44775,19.324304580688477,125.03721618652344,2507.0,576791.0,115144.0,184695.0712943077,,
44810,3.0486278533935547,296.049072265625,395.0,2369365.75,115007.0,528455.6238481998,,
44843,2.5724833011627197,268.0141906738281,333.0,625817.6875,114918.0,100661.502643466,,
44853,5.675803184509277,96.08940124511719,739.0,319419.53125,114899.0,76766.81472977996,36239,13C1
44857,3.567415952682495,341.1062316894531,463.0,656448.3125,114887.0,162784.73646113276,,
44858,10.388779640197754,872.0903930664062,1353.0,201554.953125,114886.0,14583.63047350943,,
44859,5.997311115264893,250.99215698242188,781.0,283017.53125,114882.0,85927.28436273336,,
44865,0.1364421248435974,268.0130310058594,17.0,201533.171875,114865.0,22511.998002780776,,
44876,2.2490897178649902,284.193359375,291.0,201486.21875,114818.0,33097.32065256685,,
44886,3.8866825103759766,296.0408020019531,505.0,426847.71875,114791.0,131601.48836630583,,
44888,8.924544334411621,104.07154083251953,1163.0,674133.4375,114780.0,145290.88418984413,,
44895,7.874004364013672,296.044921875,1027.0,630924.9375,114762.0,100816.62999546528,,
44898,19.262300491333008,367.09979248046875,2499.0,201425.734375,114757.0,25203.80992847681,,
44920,1.5826424360275269,268.0118408203125,203.0,201384.515625,114716.0,45156.65991426259,,
44946,16.235578536987305,164.0646209716797,2107.0,402481.75,114641.0,154958.39528679848,44946,
44949,16.436443328857422,296.04473876953125,2133.0,201299.5625,114631.0,29895.071244239807,,
44953,0.23151439428329468,341.1094970703125,29.0,343299.59375,114614.0,118247.87615635432,,
44975,2.098336696624756,354.1015319824219,271.0,201230.03125,114562.0,27059.189477536827,,
45005,22.85561180114746,112.11349487304688,2963.0,629151.4375,114477.0,223993.17589855194,,
45020,17.517446517944336,367.0884094238281,2273.0,321569.03125,114438.0,45076.01721048355,,
45039,3.9631755352020264,297.0501708984375,515.0,201026.734375,114358.0,28045.41551911086,8826,13C1
45050,10.80408763885498,164.0684814453125,1407.0,519930.78125,114347.0,171423.31469084322,,
45068,8.474493980407715,296.04766845703125,1105.0,600270.625,114279.0,117497.87741613388,,
45082,10.496125221252441,873.0582885742188,1367.0,200899.765625,114231.0,19437.405088171363,,
45101,7.874004364013672,296.04217529296875,1027.0,200838.625,114170.0,39646.40980029106,,
45126,14.634605407714844,319.988525390625,1903.0,200754.1875,114086.0,26378.50635933876,,
45129,6.042842388153076,84.064208984375,787.0,276370.625,114074.0,64389.319259375334,423,13C1
45134,9.954593658447266,716.0744018554688,1297.0,200728.4375,114060.0,11640.213459178805,45134,
45157,11.333252906799316,169.05845642089844,1475.0,200664.859375,113996.0,50335.73199976422,,
45159,5.505850315093994,296.0489501953125,717.0,904338.4375,113990.0,207961.70525443554,,
45172,8.08537769317627,98.0727310180664,1055.0,200614.84375,113946.0,41858.63761177659,,
45242,1.689241647720337,163.1328582763672,217.0,200410.703125,113742.0,51754.046985954046,,
45244,6.283702850341797,142.08245849609375,819.0,686895.3125,113734.0,119036.88489371538,,
45253,5.799964904785156,214.0919647216797,755.0,403465.96875,113705.0,122637.66380345821,,
45288,1.7952637672424316,276.1966857910156,231.0,200273.21875,113605.0,35410.87472813204,,
45301,8.878780364990234,713.0509033203125,1157.0,200245.03125,113577.0,12912.418182618916,,
45308,21.151443481445312,250.98377990722656,2743.0,200218.171875,113550.0,58242.31522297859,,
45320,4.329550266265869,102.0916748046875,563.0,241915.4375,113513.0,54491.421271920204,,
45329,0.08673200756311417,117.9814682006836,11.0,200154.6875,113486.0,13355.463616749388,,
45331,14.29783821105957,215.09255981445312,1859.0,200153.03125,113485.0,42114.338412344456,13520,13C1
45342,9.092793464660645,166.06114196777344,1185.0,200123.796875,113455.0,49151.05577177182,1828,13C1
45367,15.641805648803711,125.03909301757812,2031.0,276193.78125,113399.0,137118.5542243719,,
45399,5.690919876098633,296.0433654785156,741.0,1419248.875,113268.0,262070.39658856392,,
45409,24.027379989624023,112.11288452148438,3115.0,1667986.625,113197.0,447640.3562450409,,
45441,6.2234344482421875,250.98377990722656,811.0,331757.71875,113061.0,139368.66868251562,,
45452,3.916884183883667,250.98484802246094,509.0,1010348.5625,113011.0,277843.0903277397,,
45455,11.564041137695312,309.043212890625,1505.0,199655.0,112987.0,38911.439951598644,,
45460,17.702932357788086,123.04219055175781,2297.0,252813.390625,112964.0,98597.44663143158,,
45462,17.409814834594727,125.08224487304688,2259.0,199626.078125,112958.0,43629.35388791561,,
45478,0.5498496294021606,234.07582092285156,69.0,199585.265625,112917.0,62474.50260130502,,
45479,24.50480842590332,112.11192321777344,3177.0,1676376.625,112916.0,519772.58796310425,,
45485,8.97117805480957,715.0789184570312,1169.0,199571.328125,112903.0,16321.946243315935,2598,2H2
45489,20.051862716674805,112.11065673828125,2601.0,399536.03125,112889.0,104939.51564574242,45489,
45496,10.511406898498535,285.04443359375,1369.0,199522.0,112854.0,45593.87911438942,,
45499,8.53780746459961,212.0991973876953,1113.0,228140.546875,112840.0,75783.36383467913,,
45502,21.228845596313477,309.0419921875,2753.0,199495.828125,112827.0,26092.22692990303,,
45530,11.22451400756836,204.12338256835938,1461.0,199398.65625,112730.0,41934.44048014283,,
45532,9.323796272277832,250.98377990722656,1215.0,222667.96875,112729.0,79501.11441540718,,
45550,11.76274585723877,112.1103286743164,1531.0,509427.28125,112680.0,96364.16276621819,,
45568,5.415346622467041,296.0462951660156,705.0,2782675.5,112604.0,726985.3630707264,,
45590,14.664440155029297,708.0133056640625,1907.0,199223.6875,112555.0,27649.172943588346,,
45592,19.014873504638672,164.0646209716797,2467.0,429557.46875,112532.0,131066.42028331757,45592,
45593,16.34363555908203,367.0884094238281,2121.0,199200.0625,112532.0,56187.801066458225,,
45609,1.0767854452133179,207.1239776611328,137.0,199157.796875,112489.0,33134.35801779106,,
45611,2.282029151916504,197.15802001953125,295.0,199141.46875,112473.0,20371.192605110176,2001,13C1
45614,8.692955017089844,711.0624389648438,1133.0,199126.75,112458.0,12434.870046153665,,
45619,9.12427043914795,101.07067108154297,1189.0,199121.953125,112453.0,34139.79114229977,,
45629,10.819313049316406,94.04559326171875,1409.0,524518.0625,112433.0,130733.45520758629,,
45650,11.641051292419434,160.0800018310547,1515.0,199042.875,112374.0,79497.2648766106,1483,13C1
45653,2.724719762802124,112.1103286743164,353.0,978092.9375,112369.0,191486.86790531874,,
45665,1.7801575660705566,341.1094970703125,229.0,199010.109375,112342.0,58703.815815001726,,
45673,8.055580139160156,118.1539535522461,1051.0,198992.546875,112324.0,25023.639638997614,,
45679,8.070452690124512,250.99215698242188,1053.0,264302.09375,112308.0,105140.51808744669,,
45691,14.15857219696045,215.0935821533203,1841.0,198927.21875,112259.0,48972.85161438584,13520,13C1
45744,6.283702850341797,250.99215698242188,819.0,214495.6875,112104.0,70818.47857397795,,
45749,0.08673200756311417,69.04547882080078,11.0,198757.5,112089.0,22251.488275057665,,
45751,22.142654418945312,367.0942077636719,2871.0,778942.75,112086.0,150189.12712144852,,
45760,11.0059175491333,296.048828125,1433.0,198727.921875,112059.0,38219.864870876074,,
45761,20.79564666748047,250.98484802246094,2697.0,613163.8125,112056.0,167614.6725473404,,
45767,11.23958683013916,287.1195983886719,1463.0,198707.921875,112039.0,77058.95624838141,6652,13C1
45771,15.246082305908203,367.0901184082031,1981.0,427017.28125,112038.0,39469.338458776474,,
45779,19.757659912109375,367.0884094238281,2563.0,198679.296875,112011.0,43338.71516185999,,
45808,10.263609886169434,96.08940124511719,1337.0,229212.53125,111926.0,45157.03255584836,11576,13C1
45837,19.2935791015625,212.0933074951172,2503.0,377201.125,111862.0,77062.39526057243,,
45878,2.128726005554199,214.15284729003906,275.0,198402.53125,111734.0,23720.58753664256,,
45892,1.6132880449295044,289.2506408691406,207.0,198378.78125,111710.0,65409.66751470184,,
45893,18.134931564331055,141.04942321777344,2353.0,267894.1875,111703.0,115010.60938882828,45893,
45906,4.193426132202148,284.1990661621094,545.0,198345.578125,111677.0,45785.703037291765,,
45913,10.727086067199707,715.0834350585938,1397.0,198320.765625,111652.0,6642.116984784603,,
45914,9.415385246276855,713.0865478515625,1227.0,198319.515625,111651.0,19250.93600732088,,
45918,9.661758422851562,711.0467529296875,1259.0,198315.015625,111647.0,15486.761959984899,,
45931,15.420992851257324,112.11065673828125,2003.0,538994.5,111606.0,146447.71431553364,45931,
45932,23.025747299194336,214.09280395507812,2985.0,238518.3125,111603.0,93690.00397455692,,
45934,2.11379075050354,242.1869354248047,273.0,198267.65625,111599.0,68516.91872631689,43,13C2
45942,18.397153854370117,367.0903015136719,2387.0,736476.0625,111561.0,168999.94707751274,,
45943,23.59585189819336,112.11256408691406,3059.0,3646683.5,111560.0,887370.7221107483,,
45962,3.68922758102417,292.01666259765625,479.0,198158.203125,111490.0,38287.89964791387,,
45972,13.819070816040039,112.11700439453125,1797.0,215106.03125,111457.0,32276.50239261985,,
45993,23.025747299194336,231.11692810058594,2985.0,518247.96875,111376.0,103329.78531265259,,
45995,5.952132225036621,292.0111999511719,775.0,198037.03125,111369.0,38343.57179129124,,
46001,1.6284170150756836,376.1963195800781,209.0,198026.1875,111358.0,17821.780973810703,,
46024,4.639678955078125,179.0927276611328,603.0,197962.4375,111294.0,12058.017731886357,,
46026,15.150688171386719,112.1103286743164,1969.0,433145.21875,111279.0,79632.66126096249,46026,
46062,8.662529945373535,212.0998992919922,1129.0,197815.171875,111147.0,34778.624678343534,,
46063,9.077585220336914,130.1592254638672,1183.0,197814.375,111146.0,30188.902667462826,,
46082,21.770727157592773,367.0903015136719,2823.0,416024.5,111092.0,54585.988889336586,,
46094,5.233224868774414,341.10595703125,681.0,197731.9375,111063.0,37811.861366689205,,
46108,10.727086067199707,94.04559326171875,1397.0,501115.0625,111029.0,112539.65815234184,,
46112,23.333974838256836,112.11163330078125,3025.0,2017244.875,111020.0,479117.3351955414,46112,
46124,13.586840629577637,231.11610412597656,1767.0,313632.75,110987.0,50994.06467598677,,
46135,21.802024841308594,231.11705017089844,2827.0,449362.1875,110953.0,108339.48682641983,,
46143,20.532222747802734,309.0418701171875,2663.0,197592.625,110924.0,51505.8675955534,,
46146,23.934646606445312,212.0933074951172,3103.0,373514.3125,110909.0,88004.22339320183,,
46158,14.805094718933105,112.1157455444336,1925.0,197526.625,110858.0,17260.711634248495,,
46178,17.3638973236084,112.11065673828125,2253.0,459396.125,110795.0,119222.38181734085,46178,
46191,11.0516939163208,303.1181640625,1439.0,197429.71875,110761.0,63657.711054956075,,
46195,4.409862041473389,284.1951599121094,573.0,197417.078125,110749.0,61713.693784832954,,
46210,24.674238204956055,212.0974578857422,3199.0,197352.5625,110684.0,55770.617856025696,,
46218,12.580321311950684,101.07203674316406,1637.0,197320.5625,110652.0,28126.177450418472,,
46220,15.356830596923828,212.0974578857422,1995.0,254481.890625,110649.0,150679.26012909412,,
46231,19.572126388549805,122.07139587402344,2539.0,197286.796875,110618.0,32245.980908095837,,
46263,6.421116828918457,250.99215698242188,837.0,214054.328125,110518.0,91429.79516902566,,
46272,11.22451400756836,212.091796875,1461.0,216479.46875,110490.0,92924.61839044094,,
46299,9.384841918945312,715.0430908203125,1223.0,197061.890625,110393.0,13191.481116577983,,
46335,12.67493724822998,101.07203674316406,1649.0,196954.703125,110286.0,50816.55225944519,,
46337,8.940255165100098,213.100830078125,1165.0,196948.015625,110280.0,45962.70792710781,2103,13C1
46360,16.467641830444336,296.0450439453125,2137.0,196866.71875,110198.0,32376.210872113705,,
46377,6.057842254638672,284.19659423828125,789.0,196806.234375,110138.0,35802.95830465853,,
46428,10.27940845489502,550.0709228515625,1339.0,196657.609375,109989.0,21094.66548216343,,
46437,23.041051864624023,101.07148742675781,2987.0,211668.1875,109961.0,45348.11602884531,,
46447,21.91025733947754,214.0919647216797,2841.0,722553.6875,109934.0,198453.55093622208,,
46470,24.738304138183594,164.065185546875,3207.0,967917.25,109877.0,400544.6622085571,46470,
46478,0.8925096988677979,296.0380859375,113.0,385652.5,109856.0,87270.78833107278,,
46495,4.5639777183532715,296.0408020019531,593.0,346378.28125,109789.0,110741.92444705963,,
46513,10.619418144226074,875.0845947265625,1383.0,196402.96875,109734.0,23265.352040804166,,
46534,2.143630027770996,174.11288452148438,277.0,196334.796875,109666.0,55371.39521695301,,
46550,8.56828498840332,338.3385314941406,1117.0,196292.625,109624.0,50392.854256391525,,
46560,17.30197525024414,214.0919647216797,2245.0,535843.8125,109584.0,135869.6369345188,,
46573,8.040695190429688,148.08712768554688,1049.0,196232.515625,109564.0,15092.600477017462,,
46575,13.819070816040039,367.0903015136719,1797.0,486383.78125,109562.0,115532.49766856432,,
46600,24.65895652770996,103.0507583618164,3197.0,196162.40625,109494.0,38051.06739628315,,
46607,0.07165712118148804,167.0927276611328,9.0,196149.515625,109481.0,11616.758934869562,,
46609,4.470278263092041,296.0462951660156,581.0,4099462.0,109475.0,737776.1299901009,46609,
46610,6.910015106201172,309.04034423828125,901.0,196141.640625,109473.0,40217.52682830393,,
46619,16.05040168762207,296.0450439453125,2083.0,196106.21875,109438.0,40932.08074235916,,
46630,18.273488998413086,123.04219055175781,2371.0,246493.265625,109414.0,91537.48865282536,,
46634,12.115761756896973,164.0684814453125,1577.0,844345.875,109409.0,401637.0584990978,,
46649,4.624570846557617,101.07231140136719,601.0,196031.40625,109363.0,23412.131187707186,,
46669,11.885342597961426,212.09262084960938,1547.0,382772.75,109281.0,133251.93790197372,,
46696,15.831823348999023,367.0884094238281,2055.0,195861.109375,109193.0,26639.316981256008,,
46705,0.3917820155620575,212.09825134277344,49.0,359962.0625,109174.0,155691.29677045718,,
46752,10.557726860046387,501.0592956542969,1375.0,195729.921875,109061.0,20177.66949288547,,
46768,22.979150772094727,231.11598205566406,2979.0,584375.5625,109006.0,168256.21091651917,,
46770,21.46137237548828,112.11100006103516,2783.0,534580.375,109005.0,172459.26425027847,46770,
46773,11.457671165466309,214.08697509765625,1491.0,304701.0625,108998.0,110293.78959608078,,
46776,20.005109786987305,123.04219055175781,2595.0,255022.1875,108985.0,89772.46134626865,,
46777,10.465560913085938,716.074951171875,1363.0,195653.34375,108985.0,16664.790004089475,46777,
46792,24.5206241607666,112.11163330078125,3179.0,895529.125,108947.0,252128.0096540451,,
46799,23.811687469482422,112.11163330078125,3087.0,1260291.25,108924.0,404059.1354007721,,
46819,1.9925707578659058,293.17852783203125,257.0,195544.65625,108876.0,26172.93079601042,5270,13C1
46822,14.869107246398926,60.04515075683594,1933.0,296345.625,108871.0,96371.14124542475,,
46869,1.400260329246521,140.01080322265625,179.0,195430.046875,108762.0,41490.994242230954,,
46873,5.445552825927734,284.1977844238281,709.0,195424.125,108756.0,33348.70899870992,,
46893,1.9774750471115112,250.98377990722656,255.0,245591.859375,108695.0,82232.86559101939,,
46910,9.63117504119873,717.0740356445312,1255.0,702509.8125,108641.0,62801.94510233402,,
46927,5.952132225036621,309.0416259765625,775.0,195250.71875,108582.0,53123.298644796014,,
46929,0.041403207927942276,153.05442810058594,5.0,195247.296875,108579.0,21300.83994721051,,
46939,20.516307830810547,212.0950927734375,2661.0,747287.375,108548.0,274947.72321653366,,
47014,21.5234432220459,123.04182434082031,2791.0,629558.3125,108334.0,228382.94183063507,,
47024,22.653961181640625,250.98484802246094,2937.0,568543.6875,108320.0,227094.5912156105,,
47033,14.15857219696045,215.0926971435547,1841.0,194972.625,108304.0,48997.24689081311,13520,13C1
47052,20.981340408325195,309.04022216796875,2721.0,194921.015625,108253.0,40466.28264850378,,
47055,21.259620666503906,112.11100006103516,2757.0,551554.75,108247.0,176035.97404766083,47055,
47069,14.805094718933105,214.08697509765625,1925.0,279997.65625,108206.0,113101.44747328758,,
47090,10.419320106506348,709.0914916992188,1357.0,194816.0,108148.0,16006.087277457118,,
47091,17.579225540161133,171.11285400390625,2281.0,302956.59375,108148.0,82557.00687432289,,
47096,17.178165435791016,225.02035522460938,2229.0,194804.609375,108136.0,31382.526497542858,,
47103,17.409814834594727,125.07097625732422,2259.0,194762.15625,108094.0,39150.87907528877,,
47144,22.189281463623047,309.04034423828125,2877.0,194632.71875,107964.0,30826.334172308445,,
47146,8.040695190429688,150.10256958007812,1049.0,194628.78125,107960.0,15409.481881968677,,
47161,6.955458641052246,296.0474853515625,907.0,860673.125,107917.0,199779.917414546,,
47167,4.208529949188232,269.0370178222656,547.0,194574.90625,107906.0,40430.76933482289,,
47169,6.268250942230225,119.06055450439453,817.0,194565.03125,107897.0,33259.557413607836,,
47172,21.46137237548828,125.03721618652344,2783.0,567594.875,107889.0,150637.45788645744,,
47194,20.919401168823242,112.11065673828125,2713.0,360583.90625,107825.0,107658.06357932091,47194,
47196,2.173582077026367,268.01666259765625,281.0,278584.90625,107823.0,73891.92241171002,,
47207,20.516307830810547,104.07097625732422,2661.0,305102.59375,107767.0,69412.5449861288,,
47218,24.50480842590332,112.11224365234375,3177.0,2440553.0,107715.0,571573.9425907135,,
47219,24.768896102905273,125.03683471679688,3211.0,268479.8125,107715.0,100964.04456114769,,
47222,22.34379005432129,112.11100006103516,2897.0,445985.0625,107704.0,142033.4076550007,47222,
47248,6.178128719329834,284.19635009765625,805.0,194302.625,107634.0,24878.04347127676,,
47262,20.330575942993164,112.11065673828125,2637.0,382343.46875,107579.0,78860.8929746151,47262,
47274,1.7043039798736572,476.3065185546875,219.0,194216.234375,107548.0,14242.087302302942,,
47277,5.248324871063232,284.19659423828125,683.0,194203.84375,107535.0,30680.2011153996,,
47304,3.6589486598968506,74.09710693359375,475.0,959774.25,107444.0,231956.08443504572,,
47310,21.012115478515625,112.11065673828125,2725.0,345603.1875,107415.0,97361.51748812199,47310,
47313,16.977577209472656,214.08697509765625,2203.0,373689.8125,107404.0,146647.89320850372,,
47315,13.74134635925293,367.09967041015625,1787.0,194062.46875,107394.0,27851.88372553885,,
47349,3.9631755352020264,250.98377990722656,515.0,329928.3125,107261.0,107006.45726948977,,
47375,4.944116592407227,309.03887939453125,643.0,193836.59375,107168.0,35496.18838408589,,
47396,0.08673200756311417,134.96348571777344,11.0,196558.53125,107114.0,13619.455236814374,,
47417,13.231968879699707,367.09967041015625,1721.0,193725.53125,107057.0,19806.057053789496,,
47422,6.253346920013428,141.0863037109375,815.0,193706.53125,107038.0,18930.113940160023,,
47424,3.948079824447632,84.064208984375,513.0,283036.8125,107028.0,92617.03876388073,6463,13C1
47435,21.058752059936523,309.0416259765625,2731.0,193681.3125,107013.0,36047.350163936615,,
47452,23.102401733398438,112.11192321777344,2995.0,5140004.0,106950.0,1337750.5361595154,47452,
47468,21.213436126708984,214.09280395507812,2751.0,224610.65625,106900.0,75139.90895342827,,
47507,15.356830596923828,214.09280395507812,1995.0,193455.15625,106787.0,69715.77036178112,,
47516,20.826486587524414,309.041748046875,2701.0,193430.484375,106762.0,33926.67102205753,,
47540,10.24831485748291,112.10873413085938,1335.0,250973.84375,106695.0,23547.980752557516,,
47547,11.23958683013916,112.10873413085938,1463.0,194308.5,106674.0,15338.934940680861,,
47570,0.07165712118148804,136.969482421875,9.0,201764.046875,106624.0,32038.46589679528,,
47581,5.385134220123291,296.049072265625,701.0,937413.9375,106588.0,246787.3294376135,,
47593,15.043219566345215,118.08575439453125,1955.0,290996.03125,106562.0,75054.00443685055,,
47594,0.08673200756311417,122.00680541992188,11.0,193229.734375,106561.0,19918.046302063158,,
47615,11.22451400756836,307.0394287109375,1461.0,193157.953125,106489.0,45798.63596528955,,
47628,17.409814834594727,123.06668090820312,2259.0,193124.296875,106456.0,27009.115560874343,,
47687,1.4153413772583008,514.281005859375,181.0,192960.15625,106292.0,14751.491988550872,,
47712,4.974297523498535,338.3399658203125,647.0,192882.140625,106214.0,25903.24437867105,,
47714,17.286582946777344,113.11486053466797,2243.0,442121.875,106210.0,123296.78838682175,5513,13C1
47718,8.08537769317627,124.08613586425781,1055.0,203456.5625,106199.0,56384.9492855221,,
47722,0.08673200756311417,140.00323486328125,11.0,202247.28125,106187.0,18670.21435899088,,
47728,10.557726860046387,497.06439208984375,1375.0,192849.0625,106181.0,22358.381146743894,,
47742,21.151443481445312,265.0030517578125,2743.0,192790.578125,106122.0,40677.067361950874,,
47748,19.37093734741211,123.04145812988281,2513.0,1901177.625,106102.0,528117.5244150162,,
47778,21.151443481445312,225.02035522460938,2743.0,192686.5,106018.0,39557.161220133305,,
47809,8.225727081298828,296.0461120605469,1073.0,800688.0,105899.0,165453.50180530548,,
47846,14.468076705932617,367.0903015136719,1881.0,462693.8125,105804.0,132067.77887108922,,
47856,15.356830596923828,276.19769287109375,1995.0,192452.515625,105784.0,38602.34861886501,,
47857,3.8866825103759766,297.04876708984375,505.0,192450.109375,105782.0,32233.571011833847,9370,13C1
47871,0.08673200756311417,99.97117614746094,11.0,227008.703125,105751.0,16796.336918477173,,
47887,8.444008827209473,212.0991973876953,1101.0,199213.640625,105702.0,55593.382299125195,,
47895,3.9631755352020264,258.1725158691406,515.0,192362.6875,105694.0,50955.21481412463,,
47907,5.126371383666992,296.0408020019531,667.0,267247.0625,105647.0,128923.09114810824,,
47963,4.268763065338135,341.1078186035156,555.0,192145.390625,105477.0,41453.15184503794,,
47986,3.3698859214782715,341.1078186035156,437.0,386288.15625,105380.0,71171.40951751173,,
47988,0.1664876639842987,250.98377990722656,21.0,212087.734375,105369.0,78601.45566702017,,
47989,23.041051864624023,124.08688354492188,2987.0,192035.796875,105367.0,31183.754350960255,,
47994,6.2234344482421875,104.07013702392578,811.0,294076.15625,105359.0,69282.39080917835,,
47996,14.805094718933105,212.0924835205078,1925.0,213670.375,105358.0,71757.44913887978,,
48004,10.849815368652344,112.10873413085938,1413.0,222146.09375,105333.0,17659.75150567293,,
48013,14.004227638244629,215.0926971435547,1821.0,191985.3125,105317.0,56020.843361616135,13520,13C1
48017,2.068416118621826,112.11065673828125,267.0,1334328.625,105308.0,347104.5328493118,48017,
48021,8.940255165100098,717.0741577148438,1165.0,191966.8125,105298.0,14365.42703923583,,
48041,6.9402899742126465,296.044921875,905.0,1300088.25,105226.0,459557.7620027065,,
48043,0.7362149357795715,341.0963134765625,93.0,191892.515625,105224.0,62998.41646710783,,
48058,4.440072059631348,269.0370178222656,577.0,191861.171875,105193.0,59993.779217362404,,
48075,21.476755142211914,112.1103286743164,2785.0,247757.6875,105162.0,57556.192818284035,48075,
48088,13.973529815673828,367.0978698730469,1817.0,495941.9375,105124.0,50794.86023837328,,
48145,4.268763065338135,341.10443115234375,555.0,595772.8125,105000.0,89560.60775357485,,
48173,9.722890853881836,711.091552734375,1267.0,191608.765625,104940.0,8476.247253835201,,
48206,2.3424015045166016,297.0472412109375,303.0,191513.875,104845.0,50289.1230956316,2443,13C1
48209,12.317259788513184,214.08697509765625,1603.0,314907.25,104839.0,121770.38006091118,,
48230,14.741904258728027,260.0035095214844,1917.0,305922.96875,104779.0,89567.04007011652,,
48247,14.189336776733398,112.11065673828125,1845.0,562222.375,104737.0,122493.57582592964,48247,
48249,5.4907917976379395,296.04229736328125,715.0,787310.0625,104730.0,175318.56786829233,,
48280,1.8253947496414185,268.0155029296875,235.0,433382.5,104631.0,114419.00806620717,,
48318,17.147598266601562,163.1328582763672,2225.0,191185.484375,104517.0,29242.423533558846,,
48368,8.647344589233398,713.0717163085938,1127.0,191058.84375,104390.0,15623.66291688336,,
48370,4.23865270614624,297.050048828125,551.0,191053.546875,104385.0,32920.87909755111,17673,13C1
48383,7.336637020111084,214.0919647216797,957.0,515708.46875,104348.0,154399.17839086056,,
48393,10.154147148132324,719.0414428710938,1323.0,190988.640625,104320.0,18395.18104572594,,
48409,12.472857475280762,197.0081787109375,1623.0,190950.0625,104282.0,74920.51944711804,,
48413,19.788877487182617,125.03721618652344,2567.0,556150.9375,104275.0,196450.221626997,,
48426,20.438888549804688,215.0919647216797,2651.0,190900.46875,104232.0,37936.85425722599,37054,13C1
48446,4.5639777183532715,338.34332275390625,593.0,190848.328125,104180.0,25733.912466973066,,
48462,4.654835224151611,338.3398132324219,605.0,190797.1875,104129.0,25667.316381961107,,
48468,7.5808916091918945,296.0462951660156,989.0,946234.75,104117.0,157932.4190838933,,
48475,14.929518699645996,265.000732421875,1941.0,190761.34375,104093.0,55804.597787857056,,
48479,0.056450989097356796,160.02304077148438,7.0,190743.109375,104075.0,26038.9110121696,,
48483,0.8773931860923767,296.0365905761719,111.0,247860.703125,104069.0,75069.36341235787,,
48494,20.50094223022461,212.09677124023438,2659.0,394343.6875,104054.0,167902.93938934803,,
48507,1.5373363494873047,394.2082214355469,197.0,190701.03125,104033.0,17884.130724325776,,
48556,8.08537769317627,122.07247924804688,1055.0,190544.15625,103876.0,25808.956225313246,,
48559,20.904014587402344,123.04182434082031,2711.0,709347.125,103871.0,234200.41527843475,,
48572,8.95596981048584,338.04925537109375,1167.0,190502.921875,103834.0,35989.46258160472,,
48581,21.213436126708984,215.09341430664062,2751.0,331717.46875,103801.0,84204.56183898449,,
48582,22.70062828063965,231.11598205566406,2943.0,572534.8125,103800.0,121114.22290492058,,
48587,15.340932846069336,367.0903015136719,1993.0,506119.4375,103793.0,74689.03428399563,,
48591,3.112004518508911,309.043212890625,403.0,313883.125,103784.0,69300.21241813898,,
48601,3.7043211460113525,250.99215698242188,481.0,257880.609375,103759.0,134859.69019840658,,
48611,22.15804672241211,231.11610412597656,2873.0,520251.4375,103730.0,92606.29826498032,,
48628,5.92151403427124,276.19293212890625,771.0,190371.8125,103703.0,47809.03593212366,,
48634,7.306268692016602,144.98236083984375,953.0,190353.859375,103685.0,37494.970007017255,,
48657,19.788877487182617,231.1142120361328,2567.0,216495.0,103637.0,54459.4734454155,,
48678,23.826976776123047,313.0030517578125,3089.0,190225.953125,103557.0,32971.46455729008,,
48679,21.58506965637207,112.11065673828125,2799.0,346859.5625,103555.0,90240.92955684662,48679,
48694,8.120224952697754,112.08837127685547,1059.0,190177.90625,103509.0,45981.852350622416,,
48709,0.08673200756311417,270.0108642578125,11.0,190133.0,103465.0,11752.667412477225,15480,13C1
48722,2.2490897178649902,268.0155029296875,291.0,462916.71875,103437.0,108752.74418950081,,
48725,9.446860313415527,715.0836181640625,1231.0,190100.796875,103432.0,13622.530504465103,,
48741,0.08673200756311417,140.02101135253906,11.0,190065.671875,103397.0,18921.753260124446,696,13C1
48756,2.098336696624756,114.11923217773438,271.0,190042.265625,103374.0,34759.86628405005,5408,13C2
48757,7.016147613525391,296.0436706542969,915.0,706791.3125,103369.0,153622.6788854599,,
48786,9.923054695129395,715.0789184570312,1293.0,848279.6875,103302.0,68418.22748035192,,
48801,1.4153413772583008,296.0394592285156,181.0,311707.5,103276.0,102000.56421714276,,
48830,11.194231033325195,254.14825439453125,1457.0,189868.546875,103200.0,31001.751208364964,,
48835,10.588310241699219,874.0911865234375,1379.0,189860.5625,103192.0,10870.938105404377,22798,13C3
48836,2.2970540523529053,229.15487670898438,297.0,189859.59375,103191.0,31856.320494822226,,
48921,2.786233901977539,296.05169677734375,361.0,267138.6875,102999.0,97440.1200158596,,
48924,17.08570671081543,212.09344482421875,2217.0,412207.65625,102994.0,115697.0346480608,,
48941,14.604764938354492,460.9786682128906,1899.0,189628.453125,102960.0,15255.791653967928,,
48961,6.787866115570068,296.0462951660156,885.0,1251407.375,102899.0,311606.526738286,,
48968,20.87314796447754,212.0933074951172,2707.0,339064.65625,102886.0,72835.17364954948,,
48969,21.46137237548828,309.04034423828125,2783.0,189548.828125,102880.0,34134.46664303541,,
48998,8.08537769317627,168.11302185058594,1055.0,189487.09375,102819.0,14963.27439076826,,
49005,19.076858520507812,123.04219055175781,2475.0,237150.96875,102785.0,88071.86351394653,,
49015,1.491478443145752,494.2601318359375,191.0,189437.34375,102769.0,14571.406144348526,,
49018,4.731513977050781,212.0924835205078,615.0,691675.0625,102759.0,268014.8270163536,,
49020,0.07165712118148804,138.9701690673828,9.0,260964.53125,102752.0,39725.352821371256,,
49072,2.909558057785034,214.0919647216797,377.0,399140.0625,102622.0,108467.69588053226,,
49073,22.11188507080078,182.07757568359375,2867.0,329733.65625,102619.0,69746.42289841175,,
49091,6.955458641052246,225.20689392089844,907.0,189244.65625,102576.0,38088.91866233945,,
49108,8.304327964782715,102.091796875,1083.0,189196.953125,102528.0,87334.54990515113,,
49125,19.726879119873047,112.11065673828125,2559.0,391006.65625,102471.0,89169.97859573364,49125,
49160,20.222179412841797,123.04219055175781,2623.0,269965.9375,102390.0,119900.66721916199,,
49188,17.270753860473633,61.04038619995117,2241.0,233924.796875,102325.0,58152.60681426525,,
49190,3.3244988918304443,74.09710693359375,431.0,871358.9375,102317.0,220406.89440828562,,
49191,22.746885299682617,61.04038619995117,2949.0,294655.0,102317.0,81931.74548697472,,
49205,1.1849908828735352,112.11829376220703,151.0,244115.640625,102303.0,27587.576020214707,,
49231,8.878780364990234,250.98377990722656,1157.0,377004.75,102254.0,167954.89715099335,,
49234,8.97117805480957,717.0743408203125,1169.0,188908.796875,102240.0,14365.42703923583,,
49237,9.293231964111328,112.06224060058594,1211.0,188901.125,102233.0,33659.50880160928,,
49239,22.080623626708984,309.04022216796875,2863.0,188898.578125,102230.0,38029.569800019264,,
49241,6.253346920013428,96.044921875,815.0,188889.359375,102221.0,43170.70399829745,,
49254,14.559435844421387,112.11065673828125,1893.0,608742.4375,102173.0,277983.6408832073,49254,
49266,1.9925707578659058,268.01666259765625,257.0,268579.71875,102133.0,73868.563712731,,
49275,22.653961181640625,113.11486053466797,2937.0,273510.5,102120.0,119505.24152803421,25134,13C1
49285,4.268763065338135,250.99215698242188,555.0,279907.625,102096.0,86785.61553007364,,
49306,18.011184692382812,367.0903015136719,2337.0,670393.0625,102047.0,143762.2397301197,,
49309,2.35750150680542,268.0155029296875,305.0,470442.28125,102043.0,101292.36112296581,,
49322,12.580321311950684,250.9901123046875,1637.0,1796932.0,102016.0,415545.0825242996,,
49326,8.100306510925293,296.04229736328125,1057.0,188677.890625,102009.0,38340.139520555735,,
49328,23.241506576538086,313.0030517578125,3013.0,188670.078125,102002.0,75633.4225744009,,
49333,24.366289138793945,159.0614776611328,3159.0,188659.625,101991.0,31067.951623916626,,
49337,15.405577659606934,164.0646209716797,2001.0,358276.40625,101978.0,141131.44674646854,49337,
49340,21.198070526123047,113.11486053466797,2749.0,306257.4375,101968.0,98711.95801186562,3406,13C1
49348,10.48081111907959,711.0416259765625,1365.0,188621.140625,101953.0,18491.35732150078,,
49387,2.2490897178649902,268.0131530761719,291.0,445442.53125,101835.0,104785.83599604666,,
49393,19.47931480407715,112.11065673828125,2527.0,410701.0625,101822.0,112247.70321464539,49393,
49409,23.980955123901367,125.03683471679688,3109.0,272955.59375,101774.0,125925.56592106819,,
49416,19.927656173706055,112.1103286743164,2585.0,286530.0,101756.0,53303.79682946205,49416,
49417,10.496125221252441,716.0746459960938,1367.0,188424.484375,101756.0,22579.764851167798,49417,
49438,15.043219566345215,296.0436706542969,1955.0,188350.75,101682.0,51803.43408957124,,
49450,4.268763065338135,284.19891357421875,555.0,188313.15625,101645.0,36532.34906549752,,
49469,4.440072059631348,309.0430908203125,577.0,188259.484375,101591.0,43862.727871090174,,
49478,3.7043211460113525,214.0919647216797,481.0,486858.34375,101563.0,183068.01477620006,,
49488,0.9982526898384094,250.98377990722656,127.0,209909.59375,101544.0,64588.780918773264,,
49499,22.468198776245117,231.11692810058594,2913.0,446179.1875,101511.0,103716.3978638649,,
49502,1.5977463722229004,296.0394592285156,205.0,272038.625,101501.0,89765.6243956089,,
49541,10.373510360717773,716.0751342773438,1351.0,188065.34375,101397.0,20546.22097273171,49541,
49563,7.933603763580322,96.08940124511719,1035.0,218630.6875,101326.0,44554.74264970422,17809,13C1
49564,1.6132880449295044,348.2014465332031,207.0,187992.703125,101324.0,26013.622316677123,,
49587,0.08673200756311417,208.96656799316406,11.0,187905.90625,101237.0,11263.14865010936,,
49614,18.134931564331055,268.0121154785156,2353.0,267494.0,101170.0,56741.7558054924,,
49635,20.39276123046875,212.09580993652344,2645.0,636481.1875,101122.0,122931.3655128479,,
49654,14.498781204223633,367.09765625,1885.0,494775.46875,101061.0,44956.02223788202,,
49672,5.20298957824707,296.0435485839844,677.0,1662696.375,101022.0,357708.43531847,,
49689,10.092012405395508,716.0742797851562,1315.0,187625.15625,100957.0,14114.814202859998,49689,
49701,14.096260070800781,182.03182983398438,1833.0,187597.953125,100929.0,33176.93386927247,,
49702,6.313611030578613,144.084228515625,823.0,187596.9375,100928.0,29153.140151143074,4,13C3
49718,22.483625411987305,231.1151580810547,2915.0,385222.875,100885.0,78669.91772842407,,
49729,18.11961555480957,268.0155029296875,2351.0,414270.3125,100850.0,130728.93178701401,,
49750,14.977396011352539,212.0974578857422,1947.0,270722.3125,100799.0,90016.60270303488,,
49761,7.6414289474487305,214.0919647216797,997.0,493846.78125,100776.0,130139.00063925982,,
49791,5.233224868774414,341.1009826660156,681.0,187363.15625,100695.0,29605.292714864016,,
49802,17.764249801635742,113.11486053466797,2305.0,453049.71875,100671.0,119810.54355096817,54652,13C1
49812,16.777000427246094,112.10778045654297,2177.0,187313.265625,100645.0,20532.530654102564,,
49820,2.35750150680542,268.0143127441406,305.0,590305.1875,100630.0,115120.18873801827,,
49837,18.289283752441406,112.1103286743164,2373.0,323713.25,100589.0,63823.30198407173,49837,
49839,9.354350090026855,715.0433349609375,1219.0,187252.78125,100584.0,14997.269780546427,,
49847,8.08537769317627,164.09332275390625,1055.0,187232.265625,100564.0,29861.79034203291,,
49856,9.692314147949219,874.0848388671875,1263.0,187198.59375,100530.0,23227.088791012764,,
49857,20.346031188964844,250.98484802246094,2639.0,583262.8125,100529.0,155423.8938279152,,
49874,12.038484573364258,212.09262084960938,1567.0,338664.625,100475.0,125462.00030207634,,
49907,8.56828498840332,338.3451843261719,1117.0,187053.59375,100385.0,30973.067430242896,,
49935,3.7647998332977295,92.03741455078125,489.0,265394.21875,100315.0,46254.05263577402,,
49938,13.973529815673828,214.0919647216797,1817.0,452514.3125,100305.0,155532.78167033195,,
49946,17.3638973236084,113.11486053466797,2253.0,425433.90625,100286.0,160662.7482738495,41188,13C1
49947,3.9783027172088623,151.11605834960938,517.0,186954.890625,100286.0,32110.789942214964,1632,13C1
49954,21.104930877685547,268.011962890625,2737.0,186922.625,100254.0,37110.41780292988,,
49964,3.6589486598968506,112.1103286743164,475.0,878862.625,100215.0,186038.31807357073,49964,
49988,9.722890853881836,212.0998992919922,1267.0,186835.9375,100167.0,24423.811710625887,,
49991,16.405712127685547,112.1103286743164,2129.0,338971.46875,100156.0,64244.523614525795,49991,
50007,3.9631755352020264,297.04876708984375,515.0,186756.15625,100088.0,29015.075014173985,9370,13C1
50011,19.757659912109375,183.02821350097656,2563.0,225946.546875,100079.0,39292.19779884815,,
50030,9.861821174621582,873.0873413085938,1285.0,186695.75,100027.0,17640.701446518302,22798,13C2
50039,0.5799681544303894,250.98377990722656,73.0,240234.46875,100002.0,97940.60515939444,,
50046,19.74224281311035,113.11486053466797,2561.0,349657.375,99988.0,85903.60399317741,49125,13C1
50054,2.083376407623291,340.1965637207031,269.0,186633.328125,99965.0,39973.10579212429,,
50060,6.148252010345459,354.0480651855469,801.0,186613.71875,99945.0,44996.27830077708,,
50069,0.08673200756311417,136.99636840820312,11.0,186595.515625,99927.0,13209.59319434235,,
50071,1.046591877937317,296.0503234863281,133.0,1623899.625,99919.0,1276474.1004328132,50071,
50080,4.053893566131592,296.04229736328125,527.0,1278088.875,99891.0,319550.7181494236,,
50082,6.5111846923828125,214.0919647216797,849.0,413120.84375,99888.0,108146.3887155056,,
50086,4.193426132202148,309.0433349609375,545.0,186550.171875,99882.0,31297.164887428284,,
50139,1.6132880449295044,296.05169677734375,207.0,267193.53125,99763.0,101017.39999364316,,
50155,2.282029151916504,314.1805419921875,295.0,186371.453125,99703.0,24509.887485702988,,
50209,12.17693042755127,166.04629516601562,1585.0,215149.484375,99575.0,49946.06934145093,,
50218,0.23151439428329468,268.01654052734375,29.0,186230.1875,99562.0,43750.13553179568,,
50222,3.172430992126465,250.99215698242188,411.0,260137.34375,99555.0,74025.57448677719,,
50227,4.099245548248291,338.3403625488281,533.0,186213.6875,99545.0,30565.379118785262,,
50231,14.51408863067627,212.0924835205078,1887.0,213302.328125,99529.0,109414.37687188387,,
50255,3.948079824447632,284.1977844238281,513.0,286892.65625,99455.0,54340.49815201759,,
50278,12.069000244140625,101.07067108154297,1571.0,186063.765625,99395.0,31503.74163559079,,
50312,12.67493724822998,112.10873413085938,1649.0,203322.625,99315.0,18531.028818815947,,
50316,8.040695190429688,202.10862731933594,1049.0,185971.46875,99303.0,15808.33980884403,,
50319,12.426534652709961,212.09262084960938,1617.0,271984.15625,99298.0,77264.0435153842,,
50323,15.878461837768555,112.11700439453125,2061.0,204945.09375,99286.0,22712.350143641233,,
50336,22.499055862426758,212.0933074951172,2917.0,315644.375,99244.0,67130.04143559933,,
50342,15.043219566345215,113.11455535888672,1955.0,194776.25,99234.0,77083.4424341321,46026,13C1
50343,13.618553161621094,367.0923156738281,1771.0,750144.75,99232.0,126987.81371688843,,
50349,10.619418144226074,872.091064453125,1383.0,185875.546875,99207.0,19745.942874617176,,
50364,3.796072483062744,296.0395812988281,493.0,196120.71875,99178.0,78430.64577274024,,
50389,8.010490417480469,119.09260559082031,1045.0,291594.625,99107.0,115917.63485372439,183,13C1
50390,10.169427871704102,713.0409545898438,1325.0,185774.5,99106.0,14843.805420339108,,
50395,11.824507713317871,164.0684814453125,1539.0,776541.4375,99096.0,251246.85993242264,,
50402,2.5119316577911377,341.1062316894531,325.0,1079552.25,99061.0,202171.5070067048,,
50407,19.014873504638672,125.03721618652344,2467.0,518521.53125,99046.0,137166.05789589882,,
50411,22.127243041992188,199.04156494140625,2869.0,323359.09375,99026.0,56010.26916265488,,
50412,14.604764938354492,363.022216796875,1899.0,282793.71875,99026.0,65859.14580112696,,
50426,5.906422138214111,104.07013702392578,769.0,296533.625,98992.0,109028.1987285316,,
50428,17.795364379882812,309.0430908203125,2309.0,185659.75,98991.0,41257.45125460625,,
50447,22.142654418945312,367.0923156738281,2871.0,613499.0,98960.0,106294.03720903397,,
50453,0.20146040618419647,80.05007934570312,25.0,185611.515625,98943.0,53557.44352956349,,
50459,19.324304580688477,164.06405639648438,2507.0,187859.0625,98911.0,62891.155112981796,50459,
50472,0.07165712118148804,165.07699584960938,9.0,185549.21875,98881.0,9823.92979840719,,
50496,23.102401733398438,125.03683471679688,2995.0,292492.59375,98816.0,157177.8964101076,,
50544,2.5119316577911377,309.03887939453125,325.0,347434.875,98699.0,83787.97936087847,,
50582,22.375150680541992,367.09576416015625,2901.0,623455.1875,98607.0,101127.42257022858,,
50590,7.321439266204834,214.08775329589844,955.0,470695.8125,98593.0,101318.69279998541,,
50672,16.235578536987305,113.11486053466797,2107.0,464134.84375,98399.0,133003.05699586868,29546,13C1
50700,19.246891021728516,118.06607818603516,2497.0,266860.78125,98321.0,81166.81198692322,,
50706,21.012115478515625,113.11486053466797,2725.0,305847.3125,98312.0,105765.46366298199,47310,13C1
50720,5.050803184509277,223.97731018066406,657.0,184943.609375,98275.0,27311.394207835197,,
50724,14.914422988891602,214.08697509765625,1939.0,279989.53125,98267.0,131680.9365670085,,
50734,15.119893074035645,165.06866455078125,1965.0,459733.8125,98238.0,204324.39132410288,49337,13C1
50749,22.483625411987305,309.04052734375,2915.0,184876.125,98208.0,26396.501029491425,,
50759,14.589350700378418,592.9890747070312,1897.0,184865.875,98197.0,15178.297279974504,,
50802,3.003288507461548,292.016357421875,389.0,184788.390625,98120.0,43447.30560807139,,
50806,19.324304580688477,125.03683471679688,2507.0,195164.78125,98113.0,74993.38490867615,,
50847,2.264108419418335,278.15936279296875,293.0,184687.953125,98019.0,32716.128582777455,,
50857,5.233224868774414,214.09178161621094,681.0,413815.65625,97998.0,103297.40645509958,,
50865,16.173717498779297,164.0646209716797,2099.0,389932.78125,97982.0,148534.651211977,50865,
50876,4.974297523498535,296.044921875,647.0,3193192.25,97948.0,963308.1730880737,,
50885,21.368371963500977,149.0232391357422,2771.0,184584.6875,97916.0,35564.36422902346,,
50913,19.602916717529297,367.09967041015625,2543.0,184531.96875,97863.0,26359.258259773254,,
50922,3.40010666847229,296.048828125,441.0,2019411.125,97814.0,561020.882102251,,
50925,3.476743698120117,309.0418701171875,451.0,390295.8125,97808.0,94058.78311507404,,
50931,3.4615707397460938,250.98377990722656,449.0,314480.15625,97804.0,140095.90660578012,,
50950,11.0059175491333,309.0430908203125,1433.0,184422.171875,97754.0,39987.80074751377,,
50980,7.138367652893066,213.0966339111328,931.0,232894.75,97667.0,58724.82539817691,19142,13C1
50995,15.547001838684082,112.11100006103516,2019.0,795338.5625,97625.0,266728.80807065964,50995,
51003,6.027854919433594,309.04034423828125,785.0,184269.015625,97601.0,31416.147812992334,,
51012,22.43700408935547,214.08697509765625,2909.0,461736.0625,97571.0,139792.90715241432,51012,
51021,22.87104606628418,112.11163330078125,2965.0,3109067.25,97552.0,733772.998298645,51021,
51035,21.507577896118164,231.11692810058594,2789.0,393872.5625,97508.0,120083.37539708614,,
51042,0.1514565646648407,363.09088134765625,19.0,184161.15625,97493.0,21966.545538259437,,
51052,10.634689331054688,870.0750122070312,1385.0,184146.859375,97478.0,12786.258954464574,,
51064,20.640499114990234,309.04010009765625,2677.0,184116.34375,97448.0,39170.20719051361,,
51072,21.33710289001465,112.11100006103516,2767.0,478094.5,97422.0,200849.77400636673,51072,
51095,6.072842121124268,296.04217529296875,791.0,601819.75,97348.0,125180.00065523386,,
51121,5.0356950759887695,284.1961669921875,655.0,183931.671875,97263.0,34791.00720688701,,
51129,3.112004518508911,297.0472412109375,403.0,183911.734375,97243.0,46658.15726432949,11739,13C1
51135,6.4360480308532715,125.09042358398438,839.0,183878.515625,97210.0,10651.177133382298,1703,13C1
51141,20.532222747802734,212.0942840576172,2663.0,547401.5,97185.0,226883.52194833755,,
51150,0.7060651779174805,341.109619140625,89.0,333187.6875,97171.0,101742.68329004198,,
51152,7.093043327331543,151.0994873046875,925.0,183836.40625,97168.0,18870.479144893587,,
51155,1.6132880449295044,268.0143127441406,207.0,454209.5625,97154.0,136135.79839084297,,
51163,12.317259788513184,112.1103286743164,1603.0,481995.46875,97137.0,117652.65608739853,51163,
51181,8.787358283996582,709.0813598632812,1145.0,183763.015625,97095.0,14502.955615639687,,
51189,2.5724833011627197,268.015380859375,333.0,509181.875,97083.0,93554.08147209883,,
51216,9.30850887298584,164.09332275390625,1213.0,183693.53125,97025.0,56098.63206231594,,
51221,16.622268676757812,60.04515075683594,2157.0,326430.75,97009.0,122827.31468939781,,
51224,17.23998260498047,123.04219055175781,2237.0,256026.625,97007.0,70291.21728861332,,
51229,20.640499114990234,309.0416259765625,2677.0,183658.28125,96990.0,42722.6197270751,,
51231,5.415346622467041,231.11692810058594,705.0,183647.90625,96979.0,43347.23817704618,,
51237,8.55307674407959,112.10873413085938,1115.0,237737.78125,96967.0,23762.163397178054,,
51262,0.08673200756311417,76.03997039794922,11.0,187326.453125,96920.0,21134.829370098072,,
51290,5.415346622467041,231.11598205566406,705.0,209419.703125,96862.0,52860.06132861972,,
51309,18.58237075805664,268.015625,2411.0,387700.8125,96827.0,77222.45273637772,,
51312,5.096123695373535,212.0924835205078,663.0,650035.1875,96820.0,205147.15330278873,,
51335,2.4513237476348877,225.20709228515625,317.0,183425.75,96757.0,31586.749839141965,,
51366,22.29755210876465,231.11692810058594,2891.0,428270.90625,96687.0,116213.30820822716,,
51402,0.07165712118148804,138.10231018066406,9.0,183256.34375,96588.0,12152.738799360231,,
51415,15.53155517578125,214.0919647216797,2017.0,527166.75,96542.0,136474.1347272396,,
51419,0.08673200756311417,146.0925750732422,11.0,183204.125,96536.0,10776.600238843832,,
51426,11.854911804199219,250.98377990722656,1543.0,296549.375,96518.0,108652.16297602654,,
51456,11.22451400756836,175.1079864501953,1461.0,183095.328125,96427.0,67127.74852728471,,
51463,22.70062828063965,231.11692810058594,2943.0,466122.125,96411.0,108370.01735138893,,
51480,9.215794563293457,112.10873413085938,1201.0,261605.0,96374.0,31665.17754665017,,
51490,5.248324871063232,250.98377990722656,683.0,395120.53125,96348.0,144354.1165228486,,
51537,8.195428848266602,112.11349487304688,1069.0,2965854.25,96230.0,1007154.6432523727,51537,
51639,15.909222602844238,112.1103286743164,2065.0,396866.8125,95995.0,128236.93275171518,51639,
51650,2.5724833011627197,341.1078186035156,333.0,502748.9375,95959.0,110816.30464303493,,
51669,8.692955017089844,713.056884765625,1133.0,182570.515625,95902.0,14748.071887247264,,
51677,9.753521919250488,715.0838623046875,1271.0,182554.078125,95886.0,16607.69403989613,,
51685,1.4612369537353516,404.2059020996094,187.0,182532.609375,95864.0,15193.462644457817,,
51689,15.957810401916504,113.11486053466797,2071.0,477422.1875,95862.0,139413.44542384148,4569,13C1
51693,21.894901275634766,367.0903015136719,2839.0,379800.90625,95852.0,69284.00809693336,,
51706,11.656235694885254,250.99215698242188,1517.0,222127.9375,95819.0,76826.7782715559,,
51712,13.74134635925293,212.0974578857422,1787.0,289359.1875,95806.0,104168.49372047186,,
51726,3.7043211460113525,296.05169677734375,481.0,195641.75,95784.0,104200.53832450509,,
51752,17.61036491394043,112.1103286743164,2285.0,340095.375,95701.0,65370.78146588802,51752,
51760,19.47931480407715,112.1103286743164,2527.0,279755.59375,95685.0,59096.69727861881,51760,
51775,20.547618865966797,215.0918426513672,2665.0,182317.9375,95649.0,46514.273994505405,37054,13C1
51797,2.282029151916504,249.13075256347656,295.0,456498.5,95591.0,93292.95929402264,,
51798,4.822229862213135,190.10740661621094,627.0,210339.796875,95585.0,44930.9714923054,,
51815,4.807092666625977,296.0433654785156,625.0,2146436.5,95550.0,592495.7761865854,51815,
51826,5.92151403427124,309.04034423828125,771.0,224477.328125,95519.0,47442.55158704519,,
51833,21.70924186706543,231.1142120361328,2815.0,242649.78125,95503.0,48454.13903725147,,
51841,16.483007431030273,164.0646209716797,2139.0,512824.625,95481.0,144474.5710105896,51841,
51867,5.861074924468994,112.08837127685547,763.0,182093.625,95425.0,33632.93118365109,,
51887,4.791977882385254,309.03863525390625,623.0,182041.90625,95373.0,32413.407557427883,,
51904,22.43700408935547,112.11100006103516,2909.0,434837.5625,95329.0,140671.17552566528,51904,
51911,18.134931564331055,296.044921875,2353.0,181974.15625,95306.0,27368.51215362549,,
51919,11.22451400756836,309.043212890625,1461.0,181967.84375,95299.0,40782.862174004316,,
51922,11.0059175491333,206.10447692871094,1433.0,181958.125,95290.0,90348.02323525771,,
51923,8.397932052612305,354.054931640625,1095.0,181957.375,95289.0,39795.14383998513,,
51926,21.012115478515625,250.98377990722656,2725.0,199335.5625,95283.0,76960.7225587368,,
51929,10.742376327514648,711.0516357421875,1399.0,181948.390625,95280.0,7094.893420008132,,
51986,5.799964904785156,284.19635009765625,755.0,181806.140625,95138.0,42905.0133575052,,
51990,2.143630027770996,310.1864318847656,277.0,181795.4375,95127.0,43727.24485398643,,
51995,0.08673200756311417,102.06654357910156,11.0,181784.703125,95116.0,14338.772823832333,,
52022,2.0232579708099365,134.06365966796875,261.0,181715.546875,95047.0,27778.25077408552,,
52028,9.446860313415527,717.0789794921875,1231.0,181709.1875,95041.0,17671.27768649906,45134,13C1
52040,18.61359214782715,338.3415222167969,2415.0,181680.546875,95012.0,30012.839495658875,,
52041,4.974297523498535,190.10670471191406,647.0,181678.953125,95010.0,28299.612205863,,
52058,12.442314147949219,250.99114990234375,1619.0,603307.625,94982.0,184128.34673833847,,
52061,14.282459259033203,367.0904235839844,1857.0,462373.21875,94972.0,93249.39660692215,,
52078,6.268250942230225,112.08837127685547,817.0,181607.15625,94939.0,37843.77070328593,,
52086,8.256032943725586,112.11349487304688,1077.0,2753300.5,94919.0,994686.2422370911,52086,
52092,8.100306510925293,296.0491943359375,1057.0,181576.640625,94908.0,32151.560341268778,,
52096,5.218081474304199,296.0502014160156,679.0,316367.59375,94899.0,114598.42643046379,,
52100,17.425107955932617,123.04219055175781,2261.0,254771.984375,94893.0,85360.0345466137,,
52102,8.692955017089844,711.0777587890625,1133.0,181560.4375,94892.0,17227.293478140607,,
52124,15.924562454223633,112.10873413085938,2067.0,182327.578125,94824.0,11244.930012106895,,
52131,11.287881851196289,250.98377990722656,1469.0,314496.8125,94808.0,127015.25065386295,,
52135,21.802024841308594,112.11100006103516,2827.0,500850.09375,94802.0,223593.09280753136,52135,
52142,4.470278263092041,309.0433349609375,581.0,181448.71875,94780.0,32543.013614207506,,
52144,3.093991994857788,250.99215698242188,401.0,232372.546875,94771.0,72567.4439085722,,
52145,13.325019836425781,250.99114990234375,1733.0,558836.875,94769.0,174620.48234724998,,
52176,8.787358283996582,715.0529174804688,1145.0,181366.3125,94698.0,14476.086855083704,,
52177,15.515707015991211,164.0646209716797,2015.0,355046.46875,94695.0,116275.70340418816,52177,
52186,14.559435844421387,214.08697509765625,1893.0,255173.015625,94672.0,69942.05179226398,,
52190,6.23842191696167,72.08140563964844,813.0,181328.96875,94660.0,46245.207286030054,,
52194,17.764249801635742,309.0433349609375,2305.0,181324.4375,94656.0,36093.29530996084,,
52197,14.992570877075195,250.99215698242188,1949.0,232931.078125,94650.0,96371.56534045935,,
52219,0.1016089990735054,143.03955078125,13.0,193918.390625,94592.0,11903.023584360377,696,2H3
52227,3.3093864917755127,265.000732421875,429.0,214361.6875,94566.0,47915.46879249811,,
52235,21.86414337158203,214.0919647216797,2835.0,724505.5625,94545.0,196459.030479908,,
52249,4.791977882385254,212.09837341308594,623.0,344783.96875,94517.0,133160.00982254744,,
52278,9.001608848571777,104.07097625732422,1173.0,1287515.5,94456.0,273717.8537685871,,
52297,0.07165712118148804,128.1071319580078,9.0,181085.71875,94417.0,22456.08360407868,,
52300,4.485448837280273,292.0165100097656,583.0,275880.375,94405.0,99004.50939795375,,
52356,23.4263916015625,228.07037353515625,3037.0,180961.453125,94293.0,37282.81154245138,,
52366,9.89242935180664,719.0416870117188,1289.0,180938.765625,94270.0,14982.219996124506,,
52372,0.1514565646648407,116.1267318725586,19.0,184586.421875,94256.0,39154.26306034019,1432,13C1
52390,19.54140281677246,182.031005859375,2535.0,180880.421875,94212.0,43070.549885988235,,
52403,0.026211624965071678,127.11189270019531,3.0,180860.25,94192.0,22215.080317029046,,
52468,10.373510360717773,872.0912475585938,1351.0,180694.296875,94026.0,14583.63047350943,,
52471,4.852450370788574,250.98377990722656,631.0,373016.125,94015.0,152372.56276023388,,
52476,1.4153413772583008,552.301025390625,181.0,180675.34375,94007.0,12383.528455939144,,
52479,4.470278263092041,104.07013702392578,581.0,224357.34375,94004.0,94715.14898639917,,
52481,12.270941734313965,123.04182434082031,1597.0,481349.34375,94001.0,177401.53028857708,,
52510,14.619670867919922,250.0260467529297,1901.0,180603.21875,93935.0,45980.1764204381,,
52515,1.5977463722229004,295.19403076171875,205.0,180592.734375,93924.0,40701.89661289309,5370,13C1
52535,10.619418144226074,713.0409545898438,1383.0,180544.828125,93876.0,21834.76513483608,,
52560,1.8561049699783325,112.11065673828125,239.0,1243819.5,93814.0,309503.67272746563,52560,
52568,4.852450370788574,212.09262084960938,631.0,688333.3125,93794.0,306038.9725860357,,
52620,0.1514565646648407,297.052734375,19.0,180376.1875,93708.0,27762.22705800936,19958,13C1
52623,3.796072483062744,297.04876708984375,493.0,180367.78125,93699.0,47615.209934040904,9370,13C1
52637,10.24831485748291,713.0814208984375,1335.0,1442923.375,93653.0,114477.12794291973,,
52640,12.800307273864746,268.01666259765625,1665.0,302840.3125,93649.0,90907.83415096998,,
52644,9.923054695129395,112.1103286743164,1293.0,583698.8125,93644.0,110236.43163633347,,
52691,0.7362149357795715,112.1103286743164,93.0,951941.625,93556.0,313270.5160699934,,
52696,15.626391410827637,182.07745361328125,2029.0,192401.1875,93530.0,45476.46443629265,,
52699,8.040695190429688,137.08331298828125,1049.0,180174.171875,93506.0,19255.75833684206,,
52703,20.40810775756836,212.09344482421875,2647.0,332483.59375,93497.0,68562.26963317394,,
52737,3.003288507461548,250.99215698242188,389.0,227870.078125,93434.0,67705.34946426749,,
52740,2.282029151916504,219.12428283691406,295.0,186110.65625,93427.0,25157.003321283948,,
52750,14.589350700378418,708.013427734375,1897.0,180076.390625,93408.0,9244.715729841497,,
52754,19.37093734741211,239.02117919921875,2513.0,191385.9375,93405.0,41017.49828863144,,
52757,2.6188371181488037,297.047119140625,339.0,180060.890625,93392.0,30277.6684056893,2443,13C1
52780,3.871567964553833,297.04974365234375,503.0,180015.484375,93347.0,27983.60942323506,8826,13C1
52803,14.726951599121094,708.0130615234375,1915.0,179963.90625,93295.0,15015.303631659597,,
52814,17.857177734375,113.11486053466797,2317.0,408536.0625,93277.0,117253.24889445305,54652,13C1
52833,18.36640739440918,123.04145812988281,2383.0,2353884.75,93226.0,687203.3451499939,,
52845,21.894901275634766,367.09576416015625,2839.0,661266.9375,93204.0,92487.91106200218,,
52856,23.95037841796875,142.05426025390625,3105.0,179948.375,93172.0,31306.09148222208,626,13C1
52876,21.755393981933594,214.09280395507812,2821.0,236031.71875,93123.0,98111.1644204855,,
52889,8.95596981048584,715.0477905273438,1167.0,179750.859375,93082.0,13910.22306637466,,
52890,11.77889347076416,112.10873413085938,1533.0,220642.265625,93081.0,18630.58216446638,,
52904,22.5919132232666,250.98377990722656,2929.0,179719.703125,93051.0,65875.46434104443,,
52925,21.213436126708984,114.09235382080078,2751.0,202101.9375,93002.0,39591.637448608875,,
52928,16.8231143951416,164.0646209716797,2183.0,392173.21875,92993.0,217707.0726494789,,
52960,7.0475077629089355,214.08775329589844,919.0,418099.03125,92927.0,91417.85267961025,,
52970,5.645524024963379,309.04034423828125,735.0,238184.421875,92904.0,52025.477146461606,,
52984,5.891276836395264,112.08837127685547,767.0,179541.890625,92873.0,33632.93118365109,,
52996,24.9713077545166,245.09535217285156,3237.0,179518.671875,92850.0,28616.321562170982,,
53043,23.811687469482422,250.98788452148438,3087.0,323199.40625,92766.0,61839.82403731346,,
53045,13.18593978881836,367.0884094238281,1715.0,179430.265625,92762.0,38832.52612936497,,
53047,6.5111846923828125,250.99232482910156,849.0,249313.75,92754.0,94957.36167573929,,
53050,5.0200910568237305,309.043212890625,653.0,179418.109375,92750.0,33623.33102414012,,
53063,4.193426132202148,296.0489501953125,545.0,1502221.75,92728.0,358469.33495664597,,
53099,7.489130020141602,250.98272705078125,977.0,179327.578125,92659.0,39937.257864668965,,
53108,1.7344495058059692,221.1695098876953,223.0,179316.46875,92648.0,24031.46298017353,,
53111,14.080921173095703,250.99215698242188,1831.0,220294.28125,92641.0,74089.02651512623,,
53120,19.773040771484375,367.0978698730469,2565.0,522245.46875,92628.0,63484.51414859295,,
53150,24.135061264038086,112.11163330078125,3129.0,932818.4375,92563.0,219300.7967133522,,
53162,19.587541580200195,215.09442138671875,2541.0,179224.453125,92556.0,38522.18965768814,6115,13C1
53171,1.6132880449295044,268.0155029296875,207.0,363214.8125,92536.0,111122.3815298453,,
53172,3.4615707397460938,296.0394592285156,449.0,195475.421875,92533.0,78067.38153409958,,
53192,22.948389053344727,231.1150360107422,2975.0,427329.78125,92476.0,140772.85836219788,,
53195,4.761726379394531,272.9703063964844,619.0,179138.71875,92470.0,37197.55466322601,,
53205,2.068416118621826,296.0380859375,267.0,238101.75,92449.0,63423.56167687476,,
53210,19.014873504638672,113.11486053466797,2467.0,384845.8125,92441.0,87395.1993842125,37395,13C1
53217,2.264108419418335,249.1360321044922,293.0,426653.75,92432.0,85853.79114640981,,
53218,15.641805648803711,250.99215698242188,2031.0,191567.046875,92430.0,99482.39483052492,,
53219,0.041403207927942276,93.0704574584961,5.0,185249.984375,92430.0,27508.13908309031,,
53227,7.336637020111084,250.99232482910156,957.0,263226.90625,92406.0,112912.91961613297,,
53242,8.583516120910645,61.04038619995117,1119.0,179042.09375,92374.0,54873.23302894831,,
53250,0.08673200756311417,207.0727081298828,11.0,179025.5625,92357.0,11645.114567610959,,
53255,14.634605407714844,248.02520751953125,1903.0,905797.125,92352.0,1014630.5851284326,,
53265,7.413478374481201,296.0474853515625,967.0,702389.3125,92328.0,148565.37420666218,,
53294,5.415346622467041,341.10443115234375,705.0,324461.03125,92251.0,52520.63147073984,,
53322,5.263441562652588,207.12557983398438,685.0,178862.8125,92194.0,30122.622195661068,,
53330,9.354350090026855,190.10670471191406,1219.0,178843.875,92175.0,41003.65476304293,,
53348,8.708207130432129,713.0560302734375,1135.0,178799.734375,92131.0,13812.821375586092,,
53353,11.0059175491333,105.07428741455078,1433.0,178793.875,92125.0,29025.469560712576,11204,13C1
53413,15.909222602844238,367.09979248046875,2065.0,178663.796875,91995.0,15039.245300039649,,
53423,16.869722366333008,296.0461120605469,2189.0,178637.96875,91969.0,38280.659054636955,,
53426,12.970104217529297,296.0301818847656,1687.0,178635.96875,91967.0,60959.238347396255,,
53442,20.40810775756836,142.05152893066406,2647.0,295880.9375,91928.0,49777.799904465675,16660,13C1
53448,19.788877487182617,231.9832000732422,2567.0,178581.671875,91913.0,50040.15397363901,,
53477,16.081161499023438,112.11065673828125,2087.0,546590.75,91864.0,165648.024633646,53477,
53487,22.390653610229492,141.0521240234375,2903.0,545880.4375,91844.0,140959.6816596985,,
53511,10.649991035461426,872.090576171875,1387.0,178455.328125,91787.0,12991.878937638598,,
53530,4.639678955078125,190.10781860351562,603.0,196719.5625,91743.0,42858.0256806612,,
53541,17.702932357788086,309.0430908203125,2297.0,178387.828125,91719.0,42550.70969700813,,
53545,18.212146759033203,164.0646209716797,2363.0,412184.75,91713.0,166940.61101698875,,
53549,6.833307266235352,212.0990753173828,891.0,178374.953125,91706.0,72398.24825167656,,
53563,8.692955017089844,717.06005859375,1133.0,178348.796875,91680.0,11337.485577113926,,
53571,7.093043327331543,60.04515075683594,925.0,178337.53125,91669.0,23583.673829093575,,
53595,8.040695190429688,110.07250213623047,1049.0,178279.84375,91611.0,24806.381345778704,,
53622,0.1016089990735054,158.1649627685547,13.0,216518.6875,91561.0,29190.83333127461,,
53629,0.7838396430015564,268.0155029296875,99.0,384418.25,91545.0,119395.44028015807,,
53651,22.375150680541992,367.0938720703125,2901.0,778879.3125,91491.0,99477.55834054947,,
53661,23.842348098754883,112.11131286621094,3091.0,413219.0,91472.0,151370.38010692596,,
53703,2.128726005554199,354.101806640625,275.0,178049.0625,91381.0,21326.06691692397,,
53722,19.49467658996582,165.06753540039062,2529.0,856463.4375,91352.0,222366.8408563137,50459,13C1
53731,15.310129165649414,231.11798095703125,1989.0,212098.0,91341.0,44731.01075142622,,
53739,0.041403207927942276,111.0808334350586,5.0,177986.96875,91318.0,25650.44048111634,,
53740,24.90976905822754,112.11349487304688,3229.0,205430.46875,91310.0,78221.4879655242,,
53746,21.755393981933594,309.041748046875,2821.0,177967.5,91299.0,31495.23628592491,,
53764,13.83447265625,367.09954833984375,1799.0,177915.234375,91247.0,30380.66436138749,,
53772,15.340932846069336,309.0433349609375,1993.0,177895.28125,91227.0,24039.470247238874,,
53789,24.5206241607666,112.11131286621094,3179.0,288038.0,91203.0,111075.81942152977,,
53829,4.791977882385254,296.0503234863281,623.0,395132.8125,91119.0,125402.87635207176,,
53849,15.688462257385254,112.1103286743164,2037.0,389505.625,91079.0,104515.28639751673,53849,
53880,18.134931564331055,292.01409912109375,2353.0,177694.46875,91026.0,36659.95218965411,,
53897,12.36543083190918,112.10873413085938,1609.0,197381.9375,90977.0,29144.39237496257,,
53899,2.282029151916504,326.183837890625,295.0,177642.734375,90974.0,29904.19528977573,,
53905,3.172430992126465,214.09178161621094,411.0,391295.0,90953.0,84137.83865436912,,
53926,6.343498229980469,143.08084106445312,827.0,177581.609375,90913.0,34600.30784133077,4,13C2
53931,4.364597797393799,297.050048828125,567.0,177576.390625,90908.0,39910.533670544624,15277,13C1
53938,8.02580738067627,190.10862731933594,1047.0,270857.78125,90895.0,49609.15850800276,,
53959,8.894063949584961,717.0743408203125,1159.0,177520.53125,90852.0,18744.809312663972,,
54020,0.7989186644554138,296.05169677734375,101.0,525126.625,90680.0,246342.6316831112,,
54027,17.30197525024414,125.03909301757812,2245.0,291732.5,90666.0,80454.98902142048,,
54054,5.92151403427124,284.1979064941406,771.0,177291.546875,90623.0,23573.853243798018,,
54074,6.178128719329834,172.11622619628906,805.0,177263.75,90595.0,37328.47431500256,13361,13C1
54076,4.00852108001709,190.10723876953125,521.0,177260.4375,90592.0,45434.826407916844,,
54091,8.692955017089844,713.0773315429688,1133.0,177235.296875,90567.0,17855.034573026933,,
54101,6.496097087860107,214.08775329589844,847.0,413574.0,90543.0,105731.54222917557,,
54104,13.016114234924316,112.1103286743164,1693.0,433107.40625,90536.0,101784.39262127876,54104,
54106,10.202463150024414,112.11065673828125,1329.0,807071.4375,90536.0,197964.04090595245,54106,
54109,1.7043039798736572,372.2191162109375,219.0,177199.734375,90531.0,18169.99370223735,,
54111,7.016147613525391,120.10111236572266,915.0,195459.640625,90520.0,88929.688697882,,
54123,14.374653816223145,113.11486053466797,1869.0,554158.1875,90500.0,158406.3168014288,33232,13C1
54161,9.877138137817383,709.0914916992188,1287.0,177090.296875,90422.0,10867.599392235279,,
54173,21.554243087768555,231.11598205566406,2795.0,459656.875,90409.0,83895.33039045334,,
54182,22.948389053344727,367.0938720703125,2975.0,436419.4375,90396.0,50152.75873863697,,
54184,0.1016089990735054,142.09739685058594,13.0,177060.625,90392.0,21805.113190234,,
54187,4.609431266784668,284.1952819824219,599.0,177056.171875,90388.0,30952.704523190856,,
54199,4.791977882385254,250.99232482910156,623.0,282653.40625,90354.0,146687.17632126808,,
54243,4.7163472175598145,338.34320068359375,613.0,176930.09375,90262.0,38595.42296087742,,
54244,16.483007431030273,113.11455535888672,2139.0,176930.75,90262.0,57348.92348444462,10899,13C1
54246,6.787866115570068,354.0480651855469,885.0,176923.0,90255.0,33935.850845232606,,
54266,18.134931564331055,296.0462951660156,2353.0,176891.265625,90223.0,26607.482880711555,,
54315,12.380663871765137,60.04515075683594,1611.0,232414.625,90153.0,50442.87871712446,,
54322,1.046591877937317,296.05169677734375,133.0,557544.3125,90140.0,299332.43412066996,,
54326,5.799964904785156,284.1976318359375,755.0,176795.796875,90127.0,30625.39841352403,,
54363,21.198070526123047,367.0884094238281,2749.0,176716.171875,90048.0,47571.39639425278,,
54390,10.834593772888184,214.08697509765625,1411.0,235984.5,89990.0,122450.08210349083,,
54413,18.767736434936523,344.92877197265625,2435.0,176615.796875,89947.0,33664.2013598904,,
54431,16.235578536987305,214.08697509765625,2107.0,295734.40625,89898.0,121348.83852875233,,
54440,19.664867401123047,123.04219055175781,2551.0,215480.59375,89870.0,95830.15532517433,,
54469,2.3424015045166016,214.0919647216797,303.0,398781.21875,89803.0,100567.74481245875,,
54485,23.488122940063477,112.11224365234375,3045.0,4773560.5,89769.0,1391899.025844574,,
54490,7.093043327331543,166.09893798828125,925.0,176429.59375,89761.0,15512.587273985147,,
54502,8.677752494812012,713.0768432617188,1131.0,176395.90625,89727.0,14324.893988442025,,
54518,22.189281463623047,231.1142120361328,2877.0,238952.140625,89683.0,90808.0598552227,,
54521,5.278549671173096,104.07041931152344,687.0,648989.5,89678.0,191284.8083420992,,
54531,14.619670867919922,466.9305725097656,1901.0,176324.59375,89656.0,13721.54295555316,,
54568,4.944116592407227,354.0480651855469,643.0,176253.59375,89585.0,35369.03299935162,,
54596,2.664207696914673,276.1979064941406,345.0,176200.453125,89532.0,37594.536251582205,,
54603,23.411081314086914,171.1123809814453,3035.0,176168.140625,89500.0,36097.11711412668,,
54608,21.02799415588379,309.041748046875,2727.0,176162.796875,89494.0,32146.68599843979,,
54623,1.8102991580963135,193.1437530517578,233.0,176132.09375,89464.0,49061.47926334193,,
54652,17.764249801635742,112.1103286743164,2305.0,332538.90625,89400.0,104682.42880547047,54652,
54697,4.974297523498535,239.13720703125,647.0,268203.9375,89321.0,73274.99018704891,,
54743,17.425107955932617,309.0430908203125,2261.0,175899.0,89231.0,47957.40593010187,,
54748,21.554243087768555,268.01666259765625,2795.0,175878.609375,89210.0,34989.23857879639,,
54767,7.995580673217773,64.01649475097656,1043.0,175831.859375,89163.0,38721.72753533721,,
54795,21.770727157592773,82.01443481445312,2823.0,360567.3125,89111.0,74618.61482834816,,
54800,20.330575942993164,112.1103286743164,2637.0,248081.5,89090.0,57077.633685827255,54800,
54811,0.08673200756311417,197.00595092773438,11.0,175738.15625,89070.0,21376.27398538479,,
54814,18.953346252441406,123.04219055175781,2459.0,230548.40625,89069.0,80289.13515090942,,
54816,7.965861797332764,118.07575988769531,1039.0,175735.515625,89067.0,15800.805412646383,,
54849,3.0335237979888916,297.0473937988281,393.0,175679.328125,89011.0,32395.666677825153,,
54871,9.446860313415527,212.0998992919922,1231.0,175633.765625,88965.0,33297.16271741688,,
54876,24.768896102905273,165.06590270996094,3211.0,222134.53125,88940.0,29726.00928258896,,
54880,4.00852108001709,250.98472595214844,521.0,1095434.375,88931.0,307432.3727223873,,
54921,10.325239181518555,393.0466003417969,1345.0,175519.109375,88851.0,35803.52068731189,,
54963,11.548859596252441,164.068603515625,1503.0,756003.0625,88773.0,272740.614276886,,
54964,14.328537940979004,142.05152893066406,1863.0,175440.40625,88772.0,48798.34743833542,,
54983,5.537060260772705,234.0788116455078,721.0,175391.078125,88723.0,38750.027744308114,,
54991,17.409814834594727,155.09263610839844,2259.0,175371.328125,88703.0,18623.596664726734,,
55009,10.588310241699219,711.0921630859375,1379.0,175351.78125,88683.0,10530.108858846128,,
55012,0.056450989097356796,223.0653533935547,7.0,175336.3125,88668.0,26365.197768521175,,
55027,14.034841537475586,183.02821350097656,1825.0,175296.421875,88628.0,29402.2044916749,,
55094,0.08673200756311417,77.009033203125,11.0,175133.65625,88465.0,15307.794591820333,,
55101,9.569121360778809,715.0425415039062,1247.0,175122.984375,88454.0,19768.70175589621,,
55105,10.990642547607422,177.13162231445312,1431.0,175118.484375,88450.0,63463.433282019105,3284,13C1
55118,4.5639777183532715,212.091796875,593.0,215494.984375,88427.0,69706.72495377064,,
55124,0.6126574873924255,296.05169677734375,77.0,456576.875,88419.0,193566.00261437893,,
55146,10.27940845489502,112.11065673828125,1339.0,801376.0,88390.0,241802.45383405685,55146,
55156,10.665326118469238,709.0916748046875,1389.0,175045.125,88377.0,17054.126062410884,,
55162,2.709559440612793,296.0503234863281,351.0,786930.125,88370.0,260162.33161342144,,
55173,7.093043327331543,117.06700134277344,925.0,266737.15625,88343.0,29404.12752906233,,
55200,13.139995574951172,250.98377990722656,1709.0,270558.46875,88283.0,103771.57129645348,,
55202,16.83850860595703,113.11486053466797,2185.0,442622.125,88281.0,192373.05381894112,33806,13C1
55231,21.012115478515625,367.0885314941406,2725.0,174876.703125,88208.0,64504.995445370674,,
55255,4.944116592407227,276.1979064941406,643.0,240389.203125,88155.0,48985.225321531296,,
55294,3.916884183883667,74.09710693359375,509.0,795372.8125,88055.0,194681.79326081276,,
55303,23.73464584350586,112.11131286621094,3077.0,460582.46875,88045.0,200069.07631230354,,
55355,14.559435844421387,245.0270538330078,1893.0,174609.453125,87941.0,30957.740433492523,,
55364,11.579217910766602,125.03721618652344,1507.0,232876.515625,87915.0,82267.6729156375,,
55368,12.503390312194824,250.98484802246094,1627.0,845823.875,87906.0,229841.23169898987,,
55375,9.907769203186035,145.0607147216797,1291.0,174568.921875,87900.0,34539.49003810063,,
55384,20.748931884765625,212.0974578857422,2691.0,177253.546875,87887.0,65202.00033760071,,
55388,24.768896102905273,239.02134704589844,3211.0,174548.484375,87880.0,26621.36505150795,,
55408,4.268763065338135,296.04205322265625,555.0,1118460.0,87838.0,251305.13399982452,,
55439,18.24281120300293,142.05152893066406,2367.0,254440.671875,87780.0,50933.912586808205,45893,13C1
55440,4.160745143890381,284.19891357421875,541.0,174446.828125,87778.0,44447.6608068347,,
55481,5.445552825927734,309.03887939453125,709.0,174372.296875,87704.0,36449.95328885317,,
55488,23.07174301147461,112.11131286621094,2991.0,882943.625,87676.0,449642.5553355217,55488,
55490,4.455165863037109,74.09710693359375,579.0,746954.0,87663.0,181099.2115136385,,
55499,6.283702850341797,141.06201171875,819.0,197850.328125,87653.0,22076.96609702427,,
55502,0.1016089990735054,159.14918518066406,13.0,181747.5,87644.0,20696.748843866633,,
55520,14.805094718933105,221.00625610351562,1925.0,242228.59375,87619.0,44182.78326934576,,
55548,21.213436126708984,309.0416259765625,2751.0,174249.546875,87581.0,39985.262899279594,,
55573,8.753939628601074,717.0693359375,1141.0,174203.578125,87535.0,13993.999298013747,,
55584,20.87314796447754,367.0903015136719,2707.0,457754.40625,87520.0,75456.99052882195,,
55599,10.511406898498535,285.0495910644531,1369.0,174165.109375,87497.0,34529.04051166773,,
55604,3.9319965839385986,297.0486145019531,511.0,174154.78125,87486.0,48516.35921629146,13774,13C1
55629,4.268763065338135,309.0418701171875,555.0,293060.25,87430.0,75116.224763453,,
55639,2.173582077026367,124.07579803466797,281.0,174076.234375,87408.0,55410.36542193219,,
55660,11.962395668029785,123.04182434082031,1557.0,348661.96875,87362.0,126387.57356929779,,
55661,23.17962646484375,231.1142120361328,3005.0,292998.03125,87360.0,59112.4950953722,,
55667,4.66994571685791,74.09710693359375,607.0,846089.4375,87338.0,201644.30279183388,,
55672,14.574402809143066,708.0130615234375,1895.0,173997.90625,87329.0,5696.364891478326,,
55673,15.53155517578125,75.05589294433594,2017.0,417573.59375,87327.0,125351.79285562038,,
55674,2.2340877056121826,341.1094970703125,289.0,173995.140625,87327.0,55213.915542542934,,
55682,4.7163472175598145,309.04296875,613.0,173979.859375,87311.0,34863.6415745765,,
55686,1.916527509689331,276.19525146484375,247.0,173968.28125,87300.0,33701.22685678676,,
55699,4.084133148193359,297.04876708984375,531.0,173946.65625,87278.0,43054.39373496175,9370,13C1
55705,21.32166290283203,367.09942626953125,2765.0,173934.09375,87266.0,44520.24157881737,,
55711,15.737041473388672,112.11100006103516,2043.0,785321.875,87257.0,275908.69160842896,55711,
55721,16.977577209472656,112.11065673828125,2203.0,479586.28125,87226.0,224491.07915329933,55721,
55748,1.0314462184906006,342.1099548339844,131.0,173822.78125,87154.0,50849.94302679226,,
55770,5.171723365783691,269.0359802246094,673.0,173777.140625,87109.0,29830.459400355816,,
55781,17.178165435791016,112.11065673828125,2229.0,434109.15625,87078.0,97806.27875137329,55781,
55871,12.472857475280762,101.07203674316406,1623.0,173565.5625,86897.0,23489.40651321411,,
55896,14.929518699645996,212.09262084960938,1941.0,211213.53125,86838.0,97747.03235405684,,
55905,10.944815635681152,94.04559326171875,1425.0,516644.1875,86816.0,94425.83808386326,,
55906,1.916527509689331,276.1964111328125,247.0,173482.859375,86814.0,27287.99041301757,,
55923,6.635175704956055,309.04022216796875,865.0,173456.90625,86788.0,36715.91789548099,,
55927,8.769206047058105,717.069091796875,1143.0,173452.359375,86784.0,13993.999298013747,,
55945,4.639678955078125,123.06668090820312,603.0,173417.953125,86749.0,11355.460300311446,,
55957,9.30850887298584,715.0833129882812,1213.0,173401.828125,86733.0,14154.315006107092,,
55958,2.128726005554199,242.18275451660156,275.0,173393.203125,86725.0,34715.91947617398,,
55959,22.15804672241211,231.1151580810547,2873.0,392020.59375,86724.0,77752.64411401749,,
55961,5.430429935455322,292.0165100097656,707.0,268790.5,86721.0,58068.73127350211,,
55968,9.707592964172363,713.0869140625,1265.0,173380.6875,86712.0,22299.453179210424,,
55977,2.053403615951538,117.10244750976562,265.0,173356.09375,86688.0,12205.438994313125,,
55985,3.0335237979888916,309.0374450683594,393.0,173348.0625,86680.0,35021.20716536045,,
55986,19.123390197753906,225.02035522460938,2481.0,173345.703125,86677.0,30259.87888354063,,
