mf_id,scan_time,mz,apex_scan,intensity,persistence,area,monoisotopic_mf_id,isotopologue_type
1,8.036224365234375,118.0863037109375,1053.0,605263104.0,604960470.0,419625538.85011625,1,
3,6.286011695861816,138.054931640625,823.0,183087536.0,182784902.0,39591370.99291992,3,
6,11.229028701782227,252.14395141601562,1467.0,133260072.0,132957438.0,57790540.08059456,6,
7,10.053725242614746,132.10183715820312,1315.0,123565520.0,123262886.0,65088988.30998874,7,
14,11.229028701782227,252.14608764648438,1467.0,71620432.0,71317798.0,36896137.8356957,14,
15,3.9788966178894043,112.11241149902344,519.0,70347168.0,70044534.0,12746743.009967804,15,
16,2.129380702972412,195.1229248046875,277.0,69450664.0,69148030.0,17982933.280604698,16,
17,0.05322437733411789,214.08973693847656,7.0,55117216.0,54814582.0,6728939.1282901615,17,
18,7.476597309112549,76.07640838623047,979.0,51503292.0,51200658.0,47573327.91404695,18,
19,11.229028701782227,252.1417999267578,1467.0,50534128.0,47871182.0,16998307.647332907,19,
23,12.027107238769531,148.06031799316406,1571.0,41060148.0,40757514.0,13462726.475998163,23,
24,10.068842887878418,132.10304260253906,1317.0,39177420.0,38874786.0,24223989.362603128,24,
25,10.374799728393555,135.04751586914062,1357.0,37742764.0,37440130.0,11313106.501241922,25,
27,8.036224365234375,119.08967590332031,1053.0,34075960.0,33773326.0,23190186.47950481,1,13C1
28,11.581509590148926,258.1107177734375,1513.0,31914404.0,31611770.0,14208046.677593824,28,
30,6.150587558746338,112.11272430419922,805.0,54823908.0,28838458.0,13046035.157730103,30,
31,0.0872575119137764,123.0404281616211,11.0,28782572.0,28479938.0,2497163.81514623,31,
32,11.445658683776855,179.07366943359375,1495.0,28311244.0,28008610.0,12439969.163762681,32,
37,9.083464622497559,121.03184509277344,1189.0,22607852.0,22305218.0,10248215.775667474,37,
38,1.7612769603729248,112.11241149902344,229.0,62421548.0,21978000.0,16405987.158424377,38,
39,9.038077354431152,236.14976501464844,1183.0,20920678.0,20618044.0,6666161.715165317,39,
41,11.490973472595215,245.1131134033203,1501.0,20030310.0,19727676.0,10083460.431007195,41,
42,2.129380702972412,240.18016052246094,277.0,19966254.0,19663620.0,4675835.628858957,42,
43,2.235029935836792,202.18057250976562,291.0,19272454.0,18969820.0,7377022.30885609,43,
47,8.947094917297363,162.11241149902344,1171.0,18239608.0,17936974.0,5957155.589357138,47,
48,11.36729907989502,147.07640075683594,1485.0,18227578.0,17924944.0,7806005.308213279,48,
49,0.5390501618385315,296.0453796386719,69.0,18159068.0,17856434.0,3217872.2610547543,,
50,10.545490264892578,236.14878845214844,1379.0,18118922.0,17816288.0,9316597.97904848,,
56,2.129380702972412,212.14920043945312,277.0,16211087.0,15908453.0,3993040.8706363584,56,
57,7.385460376739502,132.10223388671875,967.0,15718634.0,15416000.0,6853619.256825924,57,
59,8.547003746032715,138.054931640625,1119.0,15247625.0,14944991.0,9150236.252036572,59,
62,23.352113723754883,123.0406265258789,3031.0,14944522.0,14641888.0,4039449.704650879,62,
63,9.501418113708496,155.08148193359375,1243.0,14803335.0,14500701.0,7667759.449937206,63,
64,11.229028701782227,253.14735412597656,1467.0,14760099.0,14457465.0,6296254.780726511,6,13C1
67,8.823385238647461,212.0953369140625,1155.0,14373746.0,14071112.0,7407844.936645508,,
69,5.286312580108643,136.06192016601562,691.0,14187388.0,13884754.0,7766673.007322073,69,
73,6.345765590667725,139.05816650390625,831.0,13748001.0,13445367.0,4933489.788921058,3,13C1
77,10.42041015625,146.11749267578125,1363.0,13560506.0,13257872.0,7055050.91096792,77,
81,14.648276329040527,133.0276641845703,1911.0,12727841.0,12425207.0,3085055.6670966884,,
82,0.10717611014842987,74.09706115722656,13.0,12622389.0,12319755.0,1821247.4650775492,,
84,11.337160110473633,333.1286926269531,1481.0,12206382.0,11903748.0,4011812.3905751705,84,
87,0.03794742748141289,214.0873260498047,5.0,12085475.0,11782841.0,2036240.5009794384,87,
88,2.129380702972412,240.18215942382812,277.0,12133357.0,11712745.0,3351585.7168493276,88,
90,23.180723190307617,164.067138671875,3009.0,11761345.0,11458711.0,3852481.0527648926,,
93,11.581509590148926,132.07701110839844,1513.0,11434309.0,11131675.0,4457115.808566809,,
95,9.038077354431152,148.0970458984375,1183.0,11301466.0,10998832.0,3488944.804766178,95,
101,11.840828895568848,275.0708312988281,1547.0,11160928.0,10858294.0,5424318.084298678,101,
105,11.36729907989502,130.0502471923828,1485.0,11030533.0,10727899.0,4616411.062520767,105,
112,7.643360614776611,112.05095672607422,1001.0,10484535.0,10181901.0,4945568.299141839,,
114,14.648276329040527,248.0216064453125,1911.0,10474257.0,10171623.0,2381140.9782110825,,
118,6.089865207672119,98.07181549072266,797.0,10268794.0,9966160.0,638819.5503692627,,
132,7.899123191833496,112.11272430419922,1035.0,38844744.0,9466860.0,7493916.499423981,132,
139,8.9923095703125,152.0565185546875,1177.0,9585394.0,9282760.0,2821806.221188687,,
143,6.315840721130371,138.0561981201172,827.0,37407488.0,9216372.0,11422179.136745453,,
158,8.79309368133545,250.98748779296875,1151.0,9039263.0,8736629.0,2505364.2598466873,,
168,0.0872575119137764,100.02487182617188,11.0,8895133.0,8592499.0,566765.4139970336,,
172,6.089865207672119,73.07669067382812,797.0,8824728.0,8522094.0,743634.9895056486,,
174,2.2650234699249268,284.16998291015625,295.0,8756270.0,8453636.0,1073534.7518048142,174,
181,10.053725242614746,133.10546875,1315.0,8566948.0,8264314.0,4330256.768254217,7,13C1
194,2.129380702972412,195.1251220703125,277.0,8395075.0,8092441.0,3867273.870149715,,
212,11.229028701782227,253.14950561523438,1467.0,8138721.5,7836087.0,4072618.455024291,14,13C1
218,5.103830337524414,268.1042785644531,667.0,8075841.5,7773207.0,1734892.594031334,218,
222,10.42041015625,715.064453125,1363.0,8024077.5,7721443.0,612078.3933959007,,
225,8.884320259094238,98.07181549072266,1163.0,8007523.0,7704889.0,1109427.2567985058,,
227,9.17737865447998,160.09671020507812,1201.0,7977110.5,7674476.0,4613024.432827592,227,
246,11.229028701782227,112.11241149902344,1467.0,39810164.0,7487478.0,8417710.320907593,,
248,0.05322437733411789,214.09226989746094,7.0,7768675.0,7466041.0,1441554.9525073897,248,
258,6.991100311279297,101.07134246826172,915.0,7583141.5,7280507.0,818056.8628606796,,
270,0.0872575119137764,141.05084228515625,11.0,7475941.5,7173307.0,589985.6501838942,,
274,8.884320259094238,73.07669067382812,1163.0,7408484.5,7105850.0,1393542.9617791176,,
282,1.746262550354004,302.1957702636719,227.0,7345520.0,7042886.0,2682159.748912049,282,
290,0.0872575119137764,113.10779571533203,11.0,7307115.0,7004481.0,1239279.7623966,,
291,11.15129566192627,209.04803466796875,1457.0,7304563.0,7001929.0,3068067.5456869304,,
301,10.512659072875977,713.0730590820312,1375.0,7206435.0,6903801.0,651031.8830857277,,
305,0.0872575119137764,111.09215545654297,11.0,7176640.0,6874006.0,876834.0393993277,,
306,6.089865207672119,112.08727264404297,797.0,7171429.0,6868795.0,422303.5792246014,,
308,7.340272903442383,144.10206604003906,961.0,7156918.0,6854284.0,5059013.12819811,,
341,0.0872575119137764,164.06690979003906,11.0,6951492.0,6648858.0,781260.0509675685,,
360,10.858656883239746,250.9884033203125,1419.0,6852467.5,6549833.0,1709820.0953485966,,
411,8.019030570983887,235.16517639160156,1051.0,6584803.0,6282169.0,2128023.3261316163,411,
440,8.884320259094238,101.07134246826172,1163.0,6415556.0,6112922.0,863639.5830893517,,
457,1.4970455169677734,338.1817626953125,195.0,6276726.0,5974092.0,1565289.6779032897,457,
471,9.609121322631836,116.07084655761719,1257.0,6174625.5,5871991.0,3104101.3479534984,,
475,8.884320259094238,112.08727264404297,1163.0,6130421.5,5827787.0,787052.2820636034,,
476,2.129380702972412,196.1259765625,277.0,6129673.0,5827039.0,1568127.8382254262,16,13C1
512,0.2456105649471283,112.11241149902344,31.0,47190432.0,5653032.0,12446441.37606728,512,
523,0.05322437733411789,215.093017578125,7.0,5862298.5,5559664.0,705681.0479873922,17,13C1
527,11.352256774902344,90.05561828613281,1483.0,5848250.5,5545616.0,2602033.8569157124,,
528,5.0126543045043945,83.06105041503906,655.0,5845279.0,5542645.0,1286759.7998709679,,
535,7.988295555114746,118.09144592285156,1047.0,6101436.0,5523184.0,1080889.628850937,,
537,10.858656883239746,193.05331420898438,1419.0,5822917.0,5520283.0,2081302.7670735093,,
545,14.91153621673584,250.98748779296875,1945.0,5796058.5,5493424.0,1333771.6208219528,,
548,1.284576177597046,112.11336517333984,167.0,11314184.0,5467201.0,4101905.440161705,548,
558,11.964468002319336,84.04496002197266,1563.0,5732200.0,5429566.0,3489697.044261813,,
588,14.141521453857422,123.0406265258789,1845.0,7733851.5,5308173.0,1390525.5581703186,,
595,3.5357913970947266,250.98733520507812,461.0,5573425.0,5270791.0,2189530.817015648,,
622,7.643360614776611,157.09710693359375,1001.0,5485400.0,5182766.0,1573995.6766688824,,
623,2.280494213104248,151.0968017578125,297.0,5476382.0,5173748.0,742925.9287327528,,
624,23.909069061279297,141.05105590820312,3103.0,5474085.0,5171451.0,1019677.2506484985,,
636,10.512659072875977,715.0702514648438,1375.0,5411570.0,5108936.0,423958.1398744583,,
638,3.9788966178894043,113.11566162109375,519.0,5432141.5,5106618.0,978401.4030387402,15,13C1
689,10.512659072875977,713.0577392578125,1375.0,5194761.5,4892127.0,392802.7741215229,,
695,11.027070045471191,176.12831115722656,1441.0,5148387.5,4845753.0,2516605.7097421736,,
704,10.858656883239746,126.022216796875,1419.0,5104625.5,4801991.0,2188248.5294630527,,
729,10.81049919128418,212.0953369140625,1413.0,7335272.5,4702604.0,4067869.5721788406,,
747,12.118149757385254,104.0711669921875,1583.0,4911452.5,4608818.0,2594406.7507600784,,
750,4.31374454498291,296.04522705078125,563.0,4891805.0,4589171.0,680992.5489211082,,
776,9.63969898223877,112.11241149902344,1261.0,39597300.0,4474048.0,9080448.510772705,,
784,6.089865207672119,97.0764389038086,797.0,4746904.5,4444270.0,299642.5764454007,,
810,7.021154403686523,137.0460968017578,919.0,4679228.5,4376594.0,2563476.3457482755,,
863,7.415487289428711,132.10107421875,971.0,4522266.0,4219632.0,3950416.1921929717,863,
864,5.756328105926514,250.98626708984375,753.0,4519238.5,4216604.0,1681291.7168307304,,
865,12.378668785095215,184.07366943359375,1617.0,4518769.5,4216135.0,807938.7221002579,,
902,10.42041015625,717.059814453125,1363.0,4410860.0,4108226.0,333665.8394296169,,
915,5.073157787322998,268.10198974609375,663.0,4375434.5,4072800.0,1035574.8175845146,,
919,1.746262550354004,302.1986083984375,227.0,4368267.5,4065633.0,1859361.2788184974,,
923,8.562129020690918,138.0561981201172,1121.0,4353167.0,4050533.0,2899117.4902552366,923,
927,4.191834926605225,112.11336517333984,547.0,10984465.0,4036202.0,2920333.6615924835,927,
933,11.13621711730957,192.12290954589844,1455.0,4331719.5,4029085.0,2140465.9395388244,,
947,6.9459943771362305,212.0953369140625,909.0,8949917.0,3999684.0,1550075.2509202957,,
948,8.500643730163574,104.0711669921875,1113.0,4301651.5,3999017.0,2970332.2223825455,,
967,3.9788966178894043,95.08602905273438,519.0,4263844.5,3961210.0,1101786.6477234364,,
982,10.858656883239746,250.98626708984375,1419.0,4223795.0,3921161.0,1745592.5043417215,,
1000,10.42041015625,709.0723266601562,1363.0,4171284.5,3868650.0,376371.57264733315,,
1018,3.3666532039642334,112.11336517333984,439.0,11050549.0,3831388.0,4305762.361628532,1018,
1023,7.476597309112549,151.14427185058594,979.0,4117479.25,3814845.0,1785369.6950222366,,
1032,1.6530548334121704,275.2776794433594,215.0,4080007.25,3777373.0,1266371.1550754905,,
1042,0.0872575119137764,125.03803253173828,11.0,4062061.25,3759427.0,353835.1401798278,,
1051,0.0872575119137764,115.1234130859375,11.0,4043039.25,3740405.0,525576.1442144224,,
1062,10.749061584472656,176.09190368652344,1405.0,4023073.75,3720439.0,1528053.72224693,,
1066,10.512659072875977,715.0548095703125,1375.0,4018045.25,3715411.0,318510.35925126076,,
1073,9.609121322631836,112.11272430419922,1257.0,31274940.0,3700508.0,12841833.94204712,,
1099,2.280494213104248,168.12332153320312,297.0,3926827.75,3624193.0,516124.9529923871,,
1115,0.03794742748141289,158.027099609375,5.0,3890151.5,3587517.0,507386.32691987883,,
1119,8.17375659942627,175.1077117919922,1071.0,3880610.75,3577976.0,1224363.3125448227,,
1128,1.4970455169677734,338.17840576171875,195.0,3864862.5,3562228.0,541335.8981566504,,
1137,8.884320259094238,97.07669830322266,1163.0,3848987.75,3546353.0,500458.10275149345,,
1141,7.263971328735352,250.98641967773438,951.0,3838176.75,3535542.0,865891.9962418079,,
1163,0.0872575119137764,94.045654296875,11.0,3783372.25,3480738.0,331315.43257519975,1163,
1204,2.3407812118530273,212.0953369140625,305.0,7457886.5,3395204.0,1668018.1520137787,,
1218,0.0872575119137764,124.04143524169922,11.0,3675802.25,3373168.0,304816.44662554935,2452,13C1
1223,11.229028701782227,253.1451873779297,1467.0,5475805.0,3361814.0,2866618.4978957977,19,13C1
1226,2.2650234699249268,267.14434814453125,295.0,3660080.5,3357446.0,479206.7572151469,,
1229,0.0872575119137764,88.07630157470703,11.0,3654374.75,3351740.0,862330.7935714172,,
1231,8.79309368133545,212.0929412841797,1151.0,3653211.5,3350577.0,1465134.9463500977,,
1239,0.4020031988620758,72.08150482177734,51.0,3635711.25,3333077.0,1253476.841534853,,
1255,9.516651153564453,106.08662414550781,1245.0,3606305.0,3303671.0,1350916.4153272212,,
1257,0.0872575119137764,82.01448822021484,11.0,3604678.5,3302044.0,336360.53237162845,,
1267,17.8316707611084,112.11241149902344,2319.0,19108538.0,3290312.0,5890763.936676025,,
1286,23.67723846435547,123.03955841064453,3073.0,3649788.0,3254926.0,1398712.6087112427,1286,
1307,10.512659072875977,717.065673828125,1375.0,3520537.0,3217903.0,271321.5565185547,,
1312,10.512659072875977,129.06597900390625,1375.0,3510837.25,3208203.0,1681863.2387395948,,
1328,23.258434295654297,164.06552124023438,3019.0,3475555.75,3172921.0,1492040.1082839966,,
1357,4.4042582511901855,112.11336517333984,575.0,10557064.0,3120229.0,4434959.713708878,1357,
1388,8.947094917297363,250.9896240234375,1171.0,3371628.75,3068994.0,820680.4830741882,,
1408,11.042299270629883,206.10240173339844,1443.0,3339806.75,3037172.0,1333769.891190812,,
1445,0.0872575119137764,97.99173736572266,11.0,3260483.25,2957849.0,299058.4137324351,,
1476,0.7064197659492493,212.0953369140625,91.0,6976082.0,2916999.0,1515598.38060534,,
1481,9.131789207458496,180.1019744873047,1195.0,3216875.0,2914241.0,1802917.4911835901,,
1514,10.512659072875977,711.0587158203125,1375.0,3161066.25,2858432.0,236197.21649956703,1514,
1519,14.881476402282715,244.0240020751953,1941.0,3153605.0,2850971.0,601328.4428501129,,
1552,8.79309368133545,250.9853515625,1151.0,3109555.5,2806921.0,1006826.6160635948,,
1553,10.512659072875977,709.0781860351562,1375.0,3109465.25,2806831.0,236070.07671689987,,
1560,3.811758518218994,112.11336517333984,497.0,10364135.0,2794820.0,4118955.289796829,1560,
1563,14.648276329040527,593.0018920898438,1911.0,3091763.75,2789129.0,242218.97200906108,,
1569,11.229028701782227,282.1188659667969,1467.0,3086456.5,2783822.0,1158369.448521393,,
1614,0.0872575119137764,181.03103637695312,11.0,3021713.0,2719079.0,199667.22256462203,,
1628,8.080459594726562,118.08145904541016,1059.0,4716812.5,2704987.0,804105.9438569546,,
1678,0.05322437733411789,91.05489349365234,7.0,2972447.75,2636970.0,428795.4645777582,,
1687,9.609121322631836,112.11304473876953,1257.0,18607898.0,2629219.0,6376291.607910156,,
1689,15.9888334274292,164.067138671875,2081.0,9591017.0,2628665.0,2142204.491624832,,
1733,3.2146646976470947,130.08645629882812,419.0,2874123.5,2571489.0,944227.9097121805,,
1745,0.9340494275093079,250.98733520507812,121.0,3960134.5,2560399.0,713885.959341824,,
1783,11.337160110473633,333.1319580078125,1481.0,7378635.0,2498419.0,1592234.6334007606,,
1794,0.0872575119137764,139.0179443359375,11.0,2788688.25,2486054.0,283643.91301696934,,
1804,10.008288383483887,132.1006622314453,1309.0,10844828.0,2475814.0,2657889.7064967137,,
1836,7.734095096588135,171.1131134033203,1013.0,2744099.25,2441465.0,668561.9981617928,,
1846,14.648276329040527,230.99488830566406,1911.0,2733360.5,2430726.0,622009.1416713092,,
1850,19.955671310424805,250.98760986328125,2593.0,2729288.0,2426654.0,728521.4988698959,,
1860,5.999905586242676,296.0455017089844,785.0,2717856.75,2415222.0,624278.2211549282,,
1875,11.490973472595215,269.1050109863281,1501.0,2705025.0,2402391.0,1195101.3911485942,,
1884,11.581509590148926,259.1141052246094,1513.0,2692446.0,2389812.0,1196583.520233551,28,13C1
1895,8.019030570983887,176.1395263671875,1051.0,2682511.5,2379877.0,846665.6554620862,,
1897,9.516651153564453,112.11241149902344,1245.0,38839064.0,2377000.0,7351874.474151611,,
1900,3.932622194290161,112.11336517333984,513.0,10273785.0,2373222.0,3034100.759467125,1900,
1907,2.2650234699249268,312.20123291015625,295.0,2669694.5,2367060.0,298103.27457342483,,
1924,8.003064155578613,118.0824966430664,1049.0,4416984.0,2345830.0,457087.0249824524,,
1974,8.036224365234375,118.09041595458984,1053.0,4088642.75,2295814.0,490278.7693939209,,
1978,14.67806339263916,478.01055908203125,1915.0,2590597.0,2287963.0,474724.75901839137,,
1991,1.622925877571106,266.1603088378906,211.0,2577418.5,2274784.0,979706.3180616966,,
2005,1.299678087234497,243.18312072753906,169.0,2566573.25,2263939.0,667129.4753908427,,
2061,3.1995813846588135,148.0970458984375,417.0,2489914.5,2187280.0,926692.9341363609,,
2072,1.746262550354004,302.1929626464844,227.0,2513530.25,2176844.0,1140621.3853508143,,
2094,3.320913791656494,112.11336517333984,433.0,10653676.0,2162035.0,3560395.8111629486,2094,
2102,4.632723331451416,296.0481262207031,605.0,2460423.25,2157789.0,528135.2468080521,,
2141,3.5357913970947266,124.03961181640625,461.0,2427363.75,2124729.0,671858.4065909237,,
2145,0.5693061947822571,341.1066589355469,73.0,2425476.0,2122842.0,650964.2603605986,,
2157,1.3909212350845337,339.2527770996094,181.0,2416328.5,2113694.0,370657.1887990236,,
2198,21.554519653320312,123.0402603149414,2799.0,9101186.0,2075917.0,2128949.852432251,,
2208,23.180723190307617,123.04168701171875,3009.0,2373130.0,2070496.0,655778.6675767899,2208,
2229,10.57593822479248,711.0833129882812,1383.0,2356050.75,2053416.0,162879.43909478188,,
2234,1.7612769603729248,113.11566162109375,229.0,4972689.5,2049749.0,895786.1173349619,38,13C1
2235,11.979525566101074,149.06390380859375,1565.0,2352254.0,2049620.0,834536.6664319336,23,13C1
2242,19.336441040039062,112.11253356933594,2513.0,16657251.0,2045856.0,3695260.2828826904,,
2253,8.79309368133545,143.08157348632812,1151.0,2334614.0,2031980.0,1169084.2562007224,,
2280,4.845427989959717,296.0482482910156,633.0,2311252.0,2008618.0,460218.7275066376,,
2282,4.084883689880371,112.11336517333984,533.0,10425198.0,2006637.0,5502489.339796066,2282,
2283,2.219925880432129,203.18356323242188,289.0,2307759.0,2005125.0,844701.3694593275,43,13C1
2321,22.653709411621094,112.1122055053711,2941.0,10232732.0,1974865.0,2662733.0377349854,,
2330,18.512510299682617,164.067138671875,2407.0,9375566.0,1964775.0,2126139.2789230347,,
2339,8.065705299377441,119.0833740234375,1057.0,2258293.0,1954490.0,519818.77303642035,2836,13C1
2340,10.655054092407227,711.08349609375,1393.0,2256764.0,1954130.0,216442.133112669,,
2345,6.4860687255859375,113.1163101196289,849.0,2249034.75,1946400.0,726951.2257809639,30,13C1
2351,10.497435569763184,711.0831298828125,1373.0,2243893.0,1941259.0,152249.77407824993,,
2352,0.05322437733411789,216.0852508544922,7.0,2241458.75,1938824.0,291650.4607840148,,
2368,11.490973472595215,246.11721801757812,1501.0,2226035.0,1923401.0,1042571.8678683043,41,13C1
2369,6.089865207672119,110.07174682617188,797.0,2224892.75,1922258.0,136557.26406756043,,
2405,9.038077354431152,237.1531219482422,1183.0,2197912.25,1895278.0,679265.840704754,39,13C1
2407,10.29871940612793,711.0831298828125,1347.0,2196675.75,1894041.0,176473.785846591,,
2423,10.42041015625,711.08349609375,1363.0,2185206.25,1882572.0,170812.94975984097,,
2426,9.824291229248047,112.11336517333984,1285.0,6592231.0,1878013.0,1811608.6519908905,,
2438,19.195297241210938,250.9896240234375,2495.0,2168919.25,1866285.0,536215.6892585754,,
2450,10.374799728393555,136.05088806152344,1357.0,2203860.5,1851266.0,613557.1201918423,25,13C1
2452,0.0872575119137764,123.0393295288086,11.0,2661873.5,1850475.0,469745.9956374038,2452,
2460,10.008288383483887,134.0814666748047,1309.0,2144590.25,1841956.0,1006867.5075459331,,
2469,23.476022720336914,125.03822326660156,3047.0,2137097.75,1834463.0,646061.7629079819,,
2474,2.129380702972412,241.18418884277344,277.0,2272299.25,1832681.0,515725.17655399116,42,13C1
2485,3.550868511199951,112.11336517333984,463.0,10604605.0,1827238.0,3597866.9458560944,2485,
2493,9.609121322631836,112.11336517333984,1257.0,6882053.5,1818962.0,2970960.118522644,,
2494,6.315840721130371,196.10838317871094,827.0,2120892.25,1818258.0,848080.2355801761,,
2500,10.81049919128418,190.10760498046875,1413.0,2115146.0,1812512.0,753656.2151469886,,
2523,9.17737865447998,160.09823608398438,1201.0,2099826.5,1797192.0,1003632.9294287264,,
2528,11.42758560180664,164.067138671875,1493.0,5274393.5,1795719.0,1597747.2574663162,,
2540,0.05322437733411789,95.0496826171875,7.0,2091175.5,1788541.0,273483.22672552336,1163,13C1
2557,1.4970455169677734,338.1850891113281,195.0,2079348.75,1776714.0,726053.2708499646,,
2591,8.884320259094238,124.08710479736328,1163.0,2053791.125,1751157.0,311484.5937744975,,
2605,10.008288383483887,145.0609588623047,1309.0,2042257.75,1739623.0,611721.3300179392,,
2609,19.336441040039062,250.9896240234375,2513.0,2039705.625,1737071.0,591960.1492261887,,
2622,6.014917850494385,154.05313110351562,787.0,2026209.0,1723575.0,713685.0449388959,,
2628,14.773141860961914,250.9853515625,1927.0,2022525.75,1719891.0,546866.1840910912,,
2631,14.648276329040527,707.9994506835938,1911.0,2020915.625,1718281.0,158611.08028402878,,
2632,11.42758560180664,180.0773162841797,1493.0,2020823.25,1718189.0,910161.954172045,32,13C1
2671,20.032649993896484,164.06661987304688,2603.0,9054623.0,1682422.0,1735414.4074401855,,
2679,11.445658683776855,117.0550537109375,1495.0,1981698.875,1679064.0,828021.2850748096,,
2687,7.825013637542725,179.0049285888672,1025.0,1976707.125,1674073.0,599051.9381727874,,
2712,9.977937698364258,112.11336517333984,1305.0,6329219.5,1660502.0,2156089.821653366,,
2720,19.955671310424805,123.0402603149414,2593.0,8339170.5,1654496.0,3015068.6139526367,,
2732,8.854141235351562,212.0977783203125,1159.0,1947898.75,1645264.0,845689.7861204147,,
2734,0.05322437733411789,93.02194213867188,7.0,2080181.25,1644427.0,255329.84797647025,,
2759,9.824291229248047,246.0975799560547,1285.0,1934746.625,1632112.0,940282.1693239808,,
2777,24.433286666870117,100.02474212646484,3171.0,1924360.875,1621726.0,856733.2767324448,,
2781,10.655054092407227,719.0584106445312,1393.0,1921729.625,1619095.0,310198.07928144373,,
2782,2.280494213104248,196.15472412109375,297.0,1920386.875,1617752.0,220626.1318703168,,
2783,9.408916473388672,112.11272430419922,1231.0,29985892.0,1617678.0,6318530.218719482,,
2785,14.896500587463379,74.09706115722656,1943.0,1919798.875,1617164.0,545611.5397672653,,
2793,10.083953857421875,711.0836181640625,1319.0,1913470.75,1610836.0,179439.02002763748,,
2802,11.121121406555176,303.11871337890625,1453.0,1908391.875,1605757.0,661170.2978766672,,
2808,14.648276329040527,593.0096435546875,1911.0,1904918.25,1602284.0,153032.6976301578,,
2816,2.235029935836792,171.1131134033203,291.0,2635220.75,1598682.0,774402.9222177863,,
2829,11.979525566101074,102.05535125732422,1565.0,1892739.25,1590105.0,1269534.7145966738,,
2831,9.547188758850098,112.1120834350586,1249.0,30621380.0,1587398.0,6520323.095397949,,
2836,8.019030570983887,118.08008575439453,1051.0,2342676.25,1584411.0,362004.0237105489,2836,
2839,0.0872575119137764,118.03519439697266,11.0,1884260.625,1581626.0,117200.03770352819,,
2858,10.512659072875977,709.06298828125,1375.0,1873970.625,1571336.0,141141.06176126003,,
2867,10.749061584472656,711.0833129882812,1405.0,1867969.5,1565335.0,150279.88315414637,,
2870,10.068842887878418,711.0833129882812,1317.0,1867193.375,1564559.0,179439.02002763748,,
2875,9.870213508605957,152.0706329345703,1291.0,1863676.375,1561042.0,1045961.3164610844,,
2886,4.860536575317383,166.08621215820312,635.0,1856676.625,1554042.0,866703.2922967672,,
2903,10.56072998046875,247.05780029296875,1381.0,1849344.25,1546710.0,758456.4438867583,,
2913,11.581509590148926,258.1084899902344,1513.0,19360824.0,1543464.0,9518556.695402855,,
2926,14.542823791503906,250.99046325683594,1897.0,1838587.5,1535953.0,495236.4409766197,,
2946,17.61517333984375,123.04095458984375,2291.0,7502925.0,1524098.0,2149063.1975746155,,
2963,14.618474006652832,465.9256591796875,1907.0,1818401.0,1515767.0,103330.50515584648,,
2983,6.089865207672119,122.07160186767578,797.0,1805282.875,1502648.0,120375.24587593973,,
2996,23.02562713623047,166.064453125,2989.0,1801486.0,1498852.0,370176.85693597794,,
3004,10.512659072875977,717.0502319335938,1375.0,1798498.625,1495864.0,137045.94052362442,,
3016,10.405226707458496,711.083740234375,1361.0,1792929.25,1490295.0,170812.94975984097,,
3038,18.17206573486328,123.0402603149414,2363.0,7847062.0,1477422.0,1583357.0914611816,,
3050,10.436107635498047,711.0831298828125,1365.0,1768877.0,1466243.0,170812.94975984097,,
3054,8.884320259094238,140.08216857910156,1163.0,1767204.25,1464570.0,246615.4155279398,,
3058,11.011367797851562,112.11336517333984,1439.0,6258453.5,1463704.0,2716165.7565364838,,
3072,6.991100311279297,140.08216857910156,915.0,1759371.625,1456737.0,255040.12079410255,,
3077,11.337160110473633,334.1330871582031,1481.0,1757571.375,1454937.0,370062.552521199,84,13C1
3101,11.229028701782227,112.11336517333984,1467.0,7266383.5,1446518.0,2308866.3604984283,,
3105,8.884320259094238,110.07174682617188,1163.0,1746033.125,1443399.0,259438.10675048828,,
3110,11.964468002319336,76.0399169921875,1563.0,1743472.5,1440838.0,1082229.8347274596,,
3124,7.476597309112549,77.07978057861328,979.0,1737670.5,1435036.0,1047821.4447156545,18,13C1
3133,9.962739944458008,711.0831298828125,1303.0,1734507.0,1431873.0,114613.74156987667,,
3138,0.05322437733411789,231.11631774902344,7.0,1730614.625,1427980.0,224081.85044007574,,
3141,11.581509590148926,123.0406265258789,1513.0,4884777.0,1427221.0,1052909.9836769104,,
3146,0.0872575119137764,96.08135986328125,11.0,1727953.625,1425319.0,219126.6381582613,,
3155,3.9788966178894043,230.2475128173828,519.0,1726135.375,1423501.0,405870.5137425065,,
3170,24.88133430480957,214.0874786376953,3229.0,1720019.375,1417385.0,401942.99619197845,,
3183,0.05322437733411789,141.0005340576172,7.0,1714604.0,1411970.0,223165.865995246,,
3198,6.286011695861816,94.06559753417969,823.0,1708676.125,1406042.0,624664.4169480801,,
3200,19.862388610839844,175.11891174316406,2581.0,1707648.875,1405014.0,1516255.957596073,,
3229,4.632723331451416,296.04266357421875,605.0,1695299.75,1392665.0,354556.42111849785,,
3252,3.9788966178894043,150.11268615722656,519.0,1679192.0,1376558.0,359931.00807485357,,
3258,11.042299270629883,156.07688903808594,1443.0,1676499.75,1373865.0,886770.9983174633,,
3268,10.344432830810547,137.04312133789062,1353.0,1668688.0,1366054.0,819393.0601617433,,
3273,6.884338855743408,296.0455017089844,901.0,1665615.625,1362981.0,320204.7496728897,,
3283,24.834848403930664,60.04517364501953,3223.0,1661299.25,1358665.0,415312.26135635376,,
3302,6.546384811401367,296.0466003417969,857.0,1656106.25,1353472.0,345485.98751080036,,
3313,11.229028701782227,254.14881896972656,1467.0,1765086.125,1348225.0,748849.4899627306,19,13C2
3318,11.490973472595215,269.1073913574219,1501.0,1648853.5,1346219.0,836462.1242411193,,
3327,18.17206573486328,123.0406265258789,2363.0,9462744.0,1342496.0,1769573.992237091,,
3331,2.0989224910736084,114.09154510498047,273.0,1643807.375,1341173.0,692794.1895004213,,
3356,24.927350997924805,123.0406265258789,3235.0,11997941.0,1328073.0,2120404.043762207,,
3365,2.79795503616333,341.10345458984375,365.0,2151328.5,1321851.0,545511.5737634897,,
3371,8.884320259094238,122.07160186767578,1163.0,1622302.125,1319668.0,258049.8808413148,,
3391,16.45512580871582,250.9884033203125,2141.0,4384431.0,1312602.0,1207715.477344513,,
3395,10.283465385437012,713.08203125,1345.0,1614362.625,1311728.0,145253.0310561657,,
3397,12.378668785095215,134.0447998046875,1617.0,1613915.125,1311281.0,798780.4994920604,,
3402,8.977245330810547,236.14781188964844,1175.0,11621464.0,1310663.0,4091950.1050613234,3402,
3415,19.955671310424805,250.9896240234375,2593.0,1609484.875,1306850.0,353839.0676269531,,
3435,8.884320259094238,83.06105041503906,1163.0,5264367.5,1301234.0,1388504.8535528183,,
3437,10.145569801330566,112.11336517333984,1327.0,6540893.5,1301099.0,2135819.334756851,,
3483,6.991100311279297,137.08224487304688,915.0,1583962.125,1281328.0,188782.6928063631,,
3486,10.57593822479248,713.0824584960938,1383.0,1582541.875,1279907.0,110007.59249985218,,
3487,18.094526290893555,123.0402603149414,2353.0,7770912.0,1279896.0,1588634.5290222168,,
3521,10.795222282409668,272.1339416503906,1411.0,1569990.75,1267356.0,497208.60468891263,,
3529,18.79121208190918,257.93267822265625,2443.0,1566974.375,1264340.0,754539.1379126906,,
3535,16.93414878845215,123.0406265258789,2203.0,9197027.0,1262325.0,3138890.821739197,,
3563,6.991100311279297,85.07669830322266,915.0,1551313.625,1248679.0,212455.7247158885,,
3569,21.725000381469727,250.9896240234375,2821.0,1549254.25,1246620.0,384224.2457308769,,
3575,11.292057991027832,286.113525390625,1475.0,1546323.625,1243689.0,574126.4068726413,,
3581,10.42041015625,713.0518798828125,1363.0,1543274.25,1240640.0,103188.54192709923,,
3593,5.391884803771973,212.0946044921875,705.0,4995332.0,1238536.0,1392077.2056269646,,
3622,9.824291229248047,711.0833129882812,1285.0,1532947.25,1230313.0,128909.26975178719,,
3625,6.884338855743408,296.046875,901.0,1531380.25,1228746.0,243024.10982251167,,
3629,7.066379070281982,150.05845642089844,925.0,1529524.375,1226890.0,313255.80305707455,,
3630,9.131789207458496,165.05810546875,1195.0,1529454.0,1226820.0,750810.510085077,,
3646,9.778397560119629,711.0829467773438,1279.0,1525945.5,1223311.0,102529.32431936264,,
3663,12.27071475982666,250.99061584472656,1603.0,1520518.625,1217884.0,337760.3990159035,,
3664,10.655054092407227,713.0825805664062,1393.0,1519394.625,1216760.0,145167.96520984173,,
3665,7.581996440887451,206.138916015625,993.0,1519051.375,1216417.0,715752.1888825297,,
3670,9.809011459350586,711.0829467773438,1283.0,1516136.75,1213502.0,128909.26975178719,,
3680,12.629056930541992,250.98748779296875,1649.0,4518802.5,1210598.0,876225.459523201,,
3686,24.788806915283203,164.06661987304688,3217.0,6524020.5,1207353.0,1231085.832490921,,
3689,2.129380702972412,133.0860595703125,277.0,1508997.875,1206363.0,396760.25851796195,,
3721,16.11478614807129,104.10737609863281,2097.0,1497961.5,1195327.0,1067500.3139289618,,
3729,10.145569801330566,713.082275390625,1327.0,1495520.625,1192886.0,109822.96968197823,,
3737,12.072301864624023,83.06105041503906,1577.0,4202885.0,1190812.0,907201.6113262177,,
3743,14.648276329040527,478.005126953125,1911.0,1492044.625,1189410.0,331450.3921486465,,
3751,18.497169494628906,123.04132080078125,2405.0,4528772.0,1188901.0,1668140.6973342896,,
3756,9.947508811950684,711.0836181640625,1301.0,1489339.25,1186705.0,114613.74156987667,,
3766,10.29871940612793,713.082275390625,1347.0,1485777.125,1183143.0,145253.0310561657,,
3789,1.622925877571106,249.13333129882812,211.0,1477631.25,1174997.0,546217.1393155665,,
3800,1.746262550354004,290.2690734863281,227.0,1474597.625,1171963.0,277404.9737737775,,
3812,9.408916473388672,112.11241149902344,1231.0,39401188.0,1168312.0,10454065.696334839,,
3814,21.043994903564453,250.9896240234375,2733.0,1470503.25,1167869.0,323305.4549341202,,
3819,11.642850875854492,106.05025482177734,1521.0,1469245.5,1166611.0,482518.113151934,,
3821,4.31374454498291,112.11336517333984,563.0,8756073.0,1165354.0,2706628.407661438,3821,
3829,17.61517333984375,123.04132080078125,2291.0,4526177.5,1163766.0,1167259.218887329,,
3837,8.947094917297363,163.11581420898438,1171.0,1464462.375,1161828.0,401228.2192158103,47,13C1
3860,7.734095096588135,182.06727600097656,1013.0,1458641.625,1156007.0,647755.4160902202,,
3880,0.0872575119137764,60.04517364501953,11.0,1453084.875,1150450.0,192654.24018912157,,
3895,20.28109359741211,164.06826782226562,2635.0,3517294.0,1146276.0,793297.2944698334,,
3912,10.873879432678223,277.08990478515625,1421.0,1441593.75,1138959.0,349024.41474603117,,
3964,11.840828895568848,275.07330322265625,1547.0,6908988.0,1121344.0,2169207.0030326843,3964,
3980,16.45512580871582,250.99061584472656,2141.0,1421165.25,1118531.0,477265.32052898407,,
3988,10.068842887878418,713.0824584960938,1317.0,1419776.625,1117142.0,121288.98695671558,,
4016,2.129380702972412,213.15283203125,277.0,1412890.625,1110256.0,339436.5007517494,56,13C1
4020,0.0872575119137764,74.06072235107422,11.0,1411034.0,1108400.0,232076.45042916667,,
4043,16.14551544189453,123.0402603149414,2101.0,6980430.0,1101084.0,1445436.5219345093,,
4059,23.739219665527344,94.0455322265625,3081.0,1400392.0,1097758.0,417370.6481142044,,
4063,1.4970455169677734,366.2126770019531,195.0,1398672.375,1096038.0,108830.61339529417,,
4070,7.00610876083374,83.06105041503906,917.0,5313917.5,1094002.0,1443276.5585198402,,
4075,15.084736824035645,367.0945739746094,1967.0,1394356.25,1091722.0,216730.1763870716,,
4079,2.2954752445220947,206.138916015625,299.0,1393330.25,1090696.0,379587.3975157738,,
4099,3.704986095428467,112.11336517333984,483.0,8760183.0,1085750.0,2628937.1228580475,4099,
4103,16.285062789916992,123.0406265258789,2119.0,8880641.0,1085045.0,3350420.2698745728,,
4106,10.390036582946777,713.0518798828125,1359.0,1387331.375,1084697.0,103188.54192709923,,
4114,10.530268669128418,713.0516357421875,1377.0,1385559.625,1082925.0,142214.9491941929,,
4116,0.0872575119137764,155.98194885253906,11.0,1383990.5,1081356.0,85281.20231088082,,
4123,10.42041015625,715.049072265625,1363.0,1381137.375,1078503.0,87525.45231556892,,
4139,17.8316707611084,123.0402603149414,2319.0,7339080.5,1075858.0,1532367.1687316895,,
4144,20.765060424804688,164.06826782226562,2697.0,3483694.75,1074964.0,874344.6295413971,,
4149,10.512659072875977,714.0653076171875,1375.0,1375579.375,1072945.0,112322.51898658276,,
4160,0.0872575119137764,100.02406311035156,11.0,1596063.0,1070120.0,159571.22949889977,,
4178,5.999905586242676,113.11534118652344,785.0,3732030.0,1065667.0,1622985.6059002876,30,13C1
4180,10.09911823272705,166.08621215820312,1321.0,1367798.625,1065164.0,306871.2015310526,,
4181,14.434393882751465,141.05105590820312,1883.0,1444041.5,1065088.0,376776.4700477123,,
4187,7.263971328735352,212.0929412841797,951.0,1965916.625,1063390.0,580710.480275631,,
4201,18.094526290893555,123.03992462158203,2353.0,4740970.0,1061078.0,1019918.7389373779,,
4203,2.2954752445220947,124.08710479736328,299.0,1363463.125,1060829.0,264998.322602123,,
4204,23.180723190307617,164.06883239746094,3009.0,1363146.375,1060512.0,392925.1431713104,,
4210,11.229028701782227,252.1374969482422,1467.0,2236133.0,1058384.0,630422.3429744169,,
4219,2.79795503616333,112.11336517333984,365.0,10211035.0,1056166.0,4496063.137140274,4219,
4225,17.645978927612305,123.0406265258789,2295.0,9186215.0,1055305.0,2431475.692428589,,
4250,10.329178810119629,713.0514526367188,1351.0,1354041.5,1051407.0,130658.09857714176,,
4286,0.0872575119137764,102.02230834960938,11.0,1344242.0,1041608.0,83082.19141569285,,
4290,10.497435569763184,713.0514526367188,1373.0,1343497.5,1040863.0,142214.9491941929,,
4298,0.0872575119137764,164.06858825683594,11.0,1342557.625,1039923.0,203071.57788636116,,
4300,10.4822359085083,112.11336517333984,1371.0,5641575.5,1039550.0,2426783.345506668,,
4329,2.508411407470703,212.0929412841797,327.0,1566747.875,1031860.0,547577.5990986824,,
4330,6.089865207672119,151.09791564941406,797.0,1334139.25,1031505.0,76073.06502123922,,
4344,1.746262550354004,274.276611328125,227.0,8803491.0,1027167.0,4314915.005944252,,
4437,10.749061584472656,713.082275390625,1405.0,1308662.25,1006028.0,101560.99200821761,,
4462,24.927350997924805,123.04095458984375,3235.0,8900695.0,999307.0,1788233.7948970795,,
4464,8.884320259094238,136.0870819091797,1163.0,1301590.5,998956.0,170911.46446950734,,
4487,10.359622955322266,329.13421630859375,1355.0,1297521.5,994887.0,369787.11809515953,,
4489,8.884320259094238,151.09791564941406,1163.0,1297138.625,994504.0,163571.12549096346,,
4498,18.17206573486328,123.03992462158203,2363.0,4717590.5,991556.0,1014975.9553184509,,
4500,6.991100311279297,136.0870819091797,915.0,1293308.5,990674.0,146791.46375501156,,
4510,16.269210815429688,123.0402603149414,2117.0,7243549.5,989172.0,2954610.5276298523,,
4515,18.358022689819336,123.0402603149414,2387.0,7517178.5,988077.0,2486383.7715415955,,
4516,10.221561431884766,713.0518798828125,1337.0,1290365.125,987731.0,130900.41406309605,,
4530,4.465572357177734,296.04266357421875,583.0,1832553.125,984833.0,405220.95352721214,,
4543,22.761781692504883,214.0891571044922,2955.0,3067905.0,981836.0,569000.0123624802,,
4544,15.829622268676758,123.03992462158203,2061.0,4245662.5,981469.0,929523.2489881516,,
4554,0.0872575119137764,166.04464721679688,11.0,1282393.5,979759.0,121763.65270552924,4554,
4555,2.129380702972412,177.1122589111328,277.0,1282266.625,979632.0,317280.2335720171,,
4599,3.5357913970947266,250.98519897460938,461.0,1709110.5,968541.0,738506.7822443247,,
4607,10.57593822479248,553.05810546875,1383.0,1270124.125,967490.0,89100.07804119587,10003,13C1
4615,8.019030570983887,204.1234130859375,1051.0,1268783.0,966149.0,529118.3729976267,,
4620,16.066232681274414,123.0406265258789,2091.0,8694448.0,965193.0,2021959.0682029724,,
4661,8.884320259094238,85.07669830322266,1163.0,1258866.125,956232.0,230558.67573478818,,
4665,10.512659072875977,719.064208984375,1375.0,1258714.0,956080.0,99656.31194353104,,
4684,10.512659072875977,712.0670166015625,1375.0,1252969.25,950335.0,117868.0078907013,,
4704,14.881476402282715,202.99710083007812,1941.0,1248414.375,945780.0,327652.1571922302,,
4705,0.05322437733411789,215.09556579589844,7.0,1248358.625,945724.0,192396.0017385101,248,13C1
4711,9.962739944458008,713.082275390625,1303.0,1247609.0,944975.0,79988.08424651623,,
4726,8.884320259094238,137.08224487304688,1163.0,1243909.25,941275.0,180508.38201344013,,
4745,11.445658683776855,181.06979370117188,1495.0,1239209.0,936575.0,538682.4091064148,,
4750,9.778397560119629,112.11336517333984,1279.0,6388229.0,935153.0,2168172.3738059998,,
4753,10.795222282409668,212.0929412841797,1411.0,1458575.125,934090.0,589771.1359226704,,
4776,8.79309368133545,268.0149230957031,1151.0,1233103.75,930469.0,276323.5699595213,,
4794,6.899521827697754,104.0711669921875,903.0,2836416.5,926971.0,725961.5864212513,,
4807,11.36729907989502,112.11336517333984,1485.0,6881137.5,924464.0,2223126.3165683746,4807,
4858,18.280683517456055,123.0402603149414,2377.0,7378010.5,913270.0,1569580.7547454834,,
4862,8.977245330810547,236.15171813964844,1175.0,6069361.0,913018.0,2443295.115977492,,
4873,18.358022689819336,123.0406265258789,2387.0,9264999.0,909737.0,1755942.5121574402,,
4883,2.023698091506958,239.14952087402344,263.0,1211030.5,908396.0,385103.0528236702,,
4896,17.32076644897461,123.0402603149414,2253.0,7268429.0,906792.0,2416767.912536621,,
4924,14.648276329040527,707.9893188476562,1911.0,1203916.125,901282.0,233889.53785984975,,
4966,0.0872575119137764,124.04397583007812,11.0,1196023.375,893389.0,101444.81612114527,2452,13C1
4967,20.592689514160156,73.07669067382812,2675.0,1196001.25,893367.0,229054.57643651962,,
4969,10.780000686645508,711.0839233398438,1409.0,1195191.875,892557.0,69248.63274096698,,
4979,8.9923095703125,713.0678100585938,1177.0,1193844.125,891210.0,154267.31000653678,,
4989,10.236759185791016,713.0514526367188,1339.0,1192770.875,890136.0,130900.41406309605,,
5000,8.884320259094238,102.0666732788086,1163.0,1190133.5,887499.0,176329.33065924048,,
5013,14.233659744262695,166.064453125,1857.0,1250403.25,884876.0,320907.40103149414,,
5019,10.858656883239746,159.0767364501953,1419.0,1185906.0,883272.0,556868.5813636337,,
5022,8.17375659942627,158.0814666748047,1071.0,1185502.625,882868.0,223800.44319355488,,
5036,17.785566329956055,123.04095458984375,2313.0,7272734.5,880430.0,2124405.6584091187,,
5042,10.512659072875977,338.0500793457031,1375.0,1182437.5,879803.0,207508.0276964903,,
5043,9.624415397644043,711.0836181640625,1259.0,1182190.75,879556.0,100288.53177917004,,
5044,24.943178176879883,212.095458984375,3237.0,1181987.125,879353.0,254963.66434168816,,
5091,3.014824390411377,69.04546356201172,393.0,1172946.0,870312.0,795707.2068088446,,
5096,21.52373504638672,164.06826782226562,2795.0,3210532.75,869669.0,698292.9659996033,,
5103,10.497435569763184,715.0795288085938,1373.0,1171559.125,868925.0,78233.7695903182,1514,2H3
5114,8.547003746032715,139.05857849121094,1119.0,1170248.125,867614.0,597619.712454237,59,13C1
5129,16.62523651123047,123.0402603149414,2163.0,7157551.5,864635.0,1784323.9585952759,,
5156,10.083953857421875,713.0828857421875,1319.0,1162884.875,860250.0,121288.98695671558,,
5158,18.57442283630371,250.9853515625,2415.0,1162207.625,859573.0,367203.3098721504,,
5161,0.05322437733411789,87.04462432861328,7.0,1175817.25,858878.0,177564.12527538836,,
5167,3.3968446254730225,250.9894561767578,443.0,3840247.75,858105.0,801884.9037446976,,
5198,9.900815963745117,416.1741027832031,1295.0,1155287.625,852653.0,89817.87507998943,,
5202,10.283465385437012,715.079345703125,1345.0,1154877.0,852243.0,108590.57156276703,,
5208,10.405226707458496,713.0828857421875,1361.0,1153292.375,850658.0,133982.24709892273,,
5212,17.61517333984375,123.04168701171875,2291.0,1780751.5,850283.0,556279.7511510849,,
5215,4.176705837249756,250.9894561767578,545.0,3650791.0,849553.0,750910.6670489311,,
5223,0.0872575119137764,101.0257339477539,11.0,1151456.25,848822.0,73047.9012907673,,
5238,10.497435569763184,715.0487670898438,1373.0,1149631.25,846997.0,117725.57148766518,,
5257,8.158866882324219,269.08843994140625,1069.0,1146116.875,843482.0,604345.6860207915,,
5265,10.530268669128418,715.0487670898438,1377.0,1144895.875,842261.0,117725.57148766518,,
5280,23.36754035949707,181.03073120117188,3033.0,1142566.0,839932.0,261671.7595191002,,
5282,10.57593822479248,715.0797729492188,1383.0,1142294.875,839660.0,82761.60508561134,1514,2H3
5292,10.329178810119629,715.0487670898438,1351.0,1140651.75,838017.0,107784.5515447855,,
5295,1.7161751985549927,303.1993408203125,223.0,1140331.625,837697.0,419328.2135616172,282,13C1
5298,19.16459083557129,214.0891571044922,2491.0,2143722.0,837365.0,387619.22340774536,,
5301,9.670316696166992,112.1120834350586,1265.0,30694428.0,836516.0,6484965.906585693,,
5309,10.76429271697998,713.0825805664062,1407.0,1137825.125,835191.0,101560.99200821761,,
5312,4.845427989959717,120.08116149902344,633.0,1137659.125,835025.0,294544.6120861769,,
5326,9.916061401367188,713.0518798828125,1297.0,1135648.75,833014.0,80615.64059573412,,
5334,10.42041015625,715.0798950195312,1363.0,1135244.125,832610.0,87412.1256403923,1514,2H3
5349,6.884338855743408,296.04412841796875,901.0,1133538.125,830904.0,260053.55164968967,,
5355,10.655054092407227,715.0798950195312,1393.0,1132480.0,829846.0,111226.28315520287,,
5360,6.991100311279297,154.09774780273438,915.0,1131858.625,829224.0,135942.60179936886,,
5374,7.4305267333984375,133.10546875,973.0,1129306.0,826672.0,324000.469352819,863,13C1
5381,10.283465385437012,112.11336517333984,1345.0,6076434.5,824887.0,2205956.24294281,,
5406,8.977245330810547,285.1444396972656,1175.0,1124708.5,822074.0,289424.2963516712,,
5421,13.060546875,112.11336517333984,1705.0,4471068.5,820120.0,1794502.6332492828,,
5423,0.0872575119137764,132.10206604003906,11.0,1122663.25,820029.0,168023.91271192743,,
5445,0.05322437733411789,73.06543731689453,7.0,1190389.5,817024.0,191612.46920525958,,
5450,14.434393882751465,125.03822326660156,1883.0,1118352.625,815718.0,239348.58603715897,,
5460,12.27071475982666,176.1032257080078,1603.0,1115878.0,813244.0,531388.5278585479,,
5469,3.2146646976470947,112.11336517333984,419.0,9988408.0,812272.0,2922554.900314331,5469,
5488,9.59290885925293,711.08349609375,1255.0,1111196.25,808562.0,100288.53177917004,,
5490,7.37038516998291,164.05691528320312,965.0,1110853.625,808219.0,359433.128912393,,
5498,10.655054092407227,554.0579833984375,1393.0,1109704.875,807070.0,160410.68012717925,,
5541,6.991100311279297,102.0666732788086,915.0,1103020.25,800386.0,135713.6931604147,,
5553,11.612622261047363,112.11336517333984,1517.0,6139508.0,799736.0,4290564.434879303,5553,
5564,10.145569801330566,715.0796508789062,1327.0,1101026.5,798392.0,82698.72801059484,,
5587,11.382347106933594,133.0609893798828,1487.0,1098591.375,795957.0,433464.14324209467,,
5607,16.54787826538086,123.0406265258789,2153.0,8960485.0,793002.0,2059027.2718048096,,
5646,10.81049919128418,212.0977783203125,1413.0,1121705.875,787677.0,478663.05011200905,,
5647,16.687236785888672,123.04132080078125,2171.0,4147594.0,787641.0,921867.6154766083,,
5673,11.8886079788208,175.07162475585938,1553.0,1086698.125,784064.0,546547.9452097341,,
5700,24.69613265991211,164.06826782226562,3205.0,2395398.5,780064.0,625828.7171154022,,
5715,16.93414878845215,123.0402603149414,2203.0,7424719.5,778031.0,2790662.58417511,,
5730,3.796598196029663,250.9894561767578,495.0,3612932.75,776515.0,1054941.0079467297,,
5747,9.486149787902832,711.0831298828125,1241.0,1076384.375,773750.0,78593.47720944881,,
5753,9.778397560119629,713.0821533203125,1279.0,1075563.25,772929.0,94718.75481510162,,
5765,8.884320259094238,154.09774780273438,1163.0,1073454.25,770820.0,140001.0362445563,,
5773,11.825712203979492,112.11336517333984,1545.0,4871811.5,769864.0,1545282.3371753693,5773,
5790,10.57593822479248,717.0752563476562,1383.0,1071015.875,768381.0,76653.35281169415,,
5797,15.783419609069824,123.04095458984375,2055.0,6618899.5,766169.0,1390467.6257247925,,
5830,10.283465385437012,717.0748901367188,1345.0,1064644.875,762010.0,96805.7912927866,,
5838,17.32076644897461,123.0406265258789,2253.0,8878150.0,761263.0,1717508.8600997925,,
5854,0.10717611014842987,164.06539916992188,13.0,1061097.25,758463.0,201173.4032120842,,
5861,6.120715141296387,296.0481262207031,801.0,1179025.75,757544.0,304994.1752253771,,
5867,6.089865207672119,125.08241271972656,797.0,1059556.375,756922.0,95475.54349309206,,
5876,17.181522369384766,123.0402603149414,2235.0,7172165.5,755723.0,1784685.5383415222,,
5882,0.8584707975387573,309.04083251953125,111.0,1056959.875,754325.0,180032.96086101234,,
5887,10.84099006652832,266.1603088378906,1417.0,1056505.75,753871.0,445363.4633768522,,
5897,18.094526290893555,123.03955841064453,2353.0,1957547.0,753220.0,493605.4090433121,,
5909,10.068842887878418,715.0796508789062,1317.0,1054120.0,751486.0,90457.79276543856,,
5922,10.76429271697998,112.11336517333984,1407.0,6257308.0,748989.0,1760073.9675178528,,
5923,16.60987663269043,112.11146545410156,2161.0,3780221.5,748963.0,1388777.8071079254,,
5942,10.42041015625,717.0752563476562,1363.0,1048599.875,745965.0,79414.40981280804,,
5956,10.497435569763184,717.0750122070312,1373.0,1047025.9375,744391.0,71111.66335517168,,
5959,10.749061584472656,713.0516357421875,1405.0,1046810.0,744176.0,82561.65015798248,,
5964,9.116633415222168,122.03539276123047,1193.0,1046276.4375,743642.0,288976.9004639983,37,13C1
5970,9.516651153564453,711.083740234375,1245.0,1045691.4375,743057.0,78593.47720944881,,
5971,10.29871940612793,717.0751342773438,1347.0,1045670.3125,743036.0,96805.7912927866,,
5982,9.516651153564453,156.08477783203125,1245.0,1044314.6875,741680.0,303776.15765628964,63,13C1
5984,7.734095096588135,152.0706329345703,1013.0,1044072.875,741438.0,600977.1905300766,,
5986,16.14551544189453,123.03992462158203,2101.0,4150164.25,741312.0,1066182.3933410645,,
6006,7.958822727203369,118.07698059082031,1043.0,1042050.125,738463.0,115417.65756687522,,
6010,2.280494213104248,285.1739196777344,297.0,1040948.375,738314.0,114758.74133899296,174,13C1
6013,6.546384811401367,296.0479736328125,857.0,1040793.375,738159.0,253335.50999617577,,
6022,10.749061584472656,715.0796508789062,1405.0,1039570.1875,736936.0,78856.0339287296,,
6033,10.76429271697998,713.0518798828125,1407.0,1037591.75,734957.0,63085.65591674484,,
6039,7.263971328735352,250.98855590820312,951.0,5548517.5,734347.0,921141.7558760643,,
6057,22.63838768005371,112.11316680908203,2939.0,4493348.5,731962.0,1579277.085264206,,
6059,14.648276329040527,592.994140625,1911.0,1033872.1875,731238.0,125201.57264978345,,
6069,16.22300148010254,123.04132080078125,2111.0,4142105.0,729915.0,914074.8175258636,,
6073,21.167421340942383,164.06826782226562,2749.0,3231574.25,729220.0,890144.1545200348,,
6108,3.090798854827881,341.1066589355469,403.0,1027468.5625,724834.0,217890.00332063437,,
6116,11.13621711730957,192.1250457763672,1455.0,1026453.0625,723819.0,703794.7141257715,,
6134,14.695570945739746,83.06085968017578,1917.0,3455284.0,721921.0,1006111.3686771393,,
6151,15.626452445983887,123.04168701171875,2035.0,1747810.0,719621.0,559815.3603477478,,
6154,0.05322437733411789,61.02919006347656,7.0,1021814.3125,719180.0,165010.87895031972,,
6159,10.42041015625,83.06085968017578,1363.0,4164956.25,718895.0,1230556.3500699997,,
6160,10.685602188110352,73.07669067382812,1397.0,1021379.125,718745.0,184763.375256598,,
6161,11.36729907989502,148.08009338378906,1485.0,1021192.8125,718558.0,392898.2616199935,48,13C1
6169,0.0872575119137764,143.04876708984375,11.0,1020414.6875,717780.0,83544.5243721449,,
6184,9.916061401367188,713.0827026367188,1297.0,1018436.75,715802.0,69040.43707031012,,
6190,10.436107635498047,147.12094116210938,1365.0,1017751.375,715117.0,517025.17961154133,77,13C1
6215,11.277047157287598,291.0684814453125,1473.0,1015737.8125,713103.0,337299.89536347985,,
6245,9.116633415222168,173.0922088623047,1193.0,1010701.625,708067.0,504237.07234832644,,
6261,9.098563194274902,123.02774810791016,1191.0,1009623.75,706989.0,460989.8639354296,,
6285,4.936602592468262,296.0494689941406,645.0,1007065.625,704431.0,296684.32998013496,,
6296,23.67723846435547,139.01693725585938,3073.0,1006123.9375,703489.0,350474.9354586601,,
6311,12.225064277648926,112.11336517333984,1597.0,4758873.5,702113.0,1666307.0578126907,6311,
6360,19.552833557128906,250.9854736328125,2541.0,998496.4375,695862.0,218435.6864376068,,
6388,16.779882431030273,123.0402603149414,2183.0,7186778.0,692854.0,1790379.414653778,,
6389,14.60350513458252,317.9908752441406,1905.0,995162.0,692528.0,200118.95254210755,,
6390,7.1580657958984375,296.0453796386719,937.0,1333744.875,692396.0,223410.31264686584,,
6398,9.45568561553955,711.0836181640625,1237.0,994380.4375,691746.0,70362.73296135664,,
6404,17.8316707611084,123.03992462158203,2319.0,4328063.5,690916.0,1159629.4509925842,,
6423,17.10417938232422,123.0406265258789,2225.0,9032669.0,688467.0,1708485.3673706055,,
6430,16.470535278320312,123.04095458984375,2143.0,6937092.0,687438.0,2311648.074039459,,
6448,5.209863185882568,212.09695434570312,681.0,2502739.0,685617.0,853502.236885786,,
6456,8.9923095703125,711.0689086914062,1177.0,986673.9375,684039.0,87991.30142912269,,
6460,6.991100311279297,123.06690216064453,915.0,986071.75,683437.0,141729.4963806346,,
6463,0.18275682628154755,284.1968078613281,23.0,985745.625,683111.0,236815.03552030298,,
6465,12.27071475982666,162.07638549804688,1603.0,985511.5625,682877.0,438963.69443255663,,
6467,9.36315631866455,711.0827026367188,1225.0,985441.75,682807.0,84576.59994089603,,
6476,10.09911823272705,132.1079559326172,1321.0,1022737.25,681569.0,187453.8485776931,,
6478,0.0872575119137764,114.0916748046875,11.0,984021.4375,681387.0,144510.69221612904,,
6504,18.976808547973633,98.07181549072266,2467.0,980621.875,677987.0,110450.2299927473,,
6517,12.363408088684082,112.11336517333984,1615.0,4342944.5,676490.0,1332582.6911849976,6517,
6518,17.754308700561523,123.0406265258789,2309.0,9048109.0,676220.0,2419846.2388267517,,
6541,6.9459943771362305,296.04400634765625,909.0,976725.1875,674091.0,170079.1825197935,,
6562,9.793728828430176,713.0824584960938,1281.0,974669.25,672035.0,110311.52094060183,,
6566,2.4018807411193848,118.08658599853516,313.0,1824979.0,671788.0,928862.8040342331,,
6573,10.858656883239746,268.0147399902344,1419.0,973632.25,670998.0,226965.65588849783,,
6595,11.840828895568848,275.0683898925781,1547.0,3686846.0,669158.0,2187054.2203011354,,
6596,9.609121322631836,112.11241149902344,1257.0,38951980.0,668848.0,9080448.510772705,,
6624,20.639371871948242,164.06826782226562,2681.0,3157125.0,665740.0,886182.8248310089,,
6640,10.145569801330566,717.0751342773438,1327.0,966296.9375,663662.0,74642.94455963373,,
6661,11.13621711730957,174.08726501464844,1455.0,963924.375,661290.0,506036.9854147658,,
6663,21.616619110107422,164.06826782226562,2807.0,3041835.75,661149.0,687374.9198703766,,
6665,15.9888334274292,123.04095458984375,2081.0,6745758.0,660973.0,1426035.4088306427,,
6682,1.4970455169677734,274.27154541015625,195.0,8147460.0,659194.0,2691990.2637376683,6682,
6709,9.839640617370605,713.0518798828125,1287.0,959403.125,656769.0,78425.02100712061,,
6722,18.497169494628906,123.04168701171875,2405.0,1693129.75,655630.0,685937.6928720474,,
6731,6.4231085777282715,296.0453796386719,841.0,1645758.0,655011.0,407948.7336578369,,
6751,9.962739944458008,715.0795288085938,1303.0,955878.5,653244.0,60996.56650656462,,
6758,15.626452445983887,164.06883239746094,2035.0,1256174.625,652360.0,441077.699865818,,
6763,17.10417938232422,123.0402603149414,2225.0,7166831.0,651772.0,1506002.4712524414,,
6782,0.29339146614074707,83.06105041503906,37.0,4933928.0,650397.0,2125096.3579989052,,
6786,15.829622268676758,123.03955841064453,2061.0,1681416.0,649747.0,689025.5487451553,,
6804,9.440407752990723,711.0833129882812,1235.0,950320.4375,647686.0,70362.73296135664,,
6818,14.542823791503906,212.0953369140625,1897.0,1699342.375,646336.0,625591.2930865288,,
6827,11.840828895568848,276.075439453125,1547.0,947638.0625,645004.0,375259.3559092283,101,13C1
6836,10.313943862915039,156.03237915039062,1349.0,947079.875,644445.0,571900.7160672676,,
6837,11.229028701782227,252.1600341796875,1467.0,1046732.25,644297.0,186665.95818147622,,
6861,8.9923095703125,713.0628051757812,1177.0,944357.1875,641723.0,121534.78795801662,,
6906,19.955671310424805,250.9854736328125,2593.0,939086.4375,636452.0,351016.8108072281,,
6907,16.269210815429688,123.03992462158203,2117.0,4335310.0,636344.0,1313561.175775528,,
6917,7.1580657958984375,296.0467529296875,937.0,1260515.75,635471.0,217094.02252840996,,
6935,21.879898071289062,250.9854736328125,2841.0,936566.3125,633932.0,236647.321372509,,
6937,17.32076644897461,123.03992462158203,2253.0,4339784.5,633696.0,1351851.5468006134,,
6940,8.003064155578613,118.09558868408203,1049.0,1145797.375,633481.0,86146.09088562429,,
6943,7.613114833831787,296.0467529296875,997.0,935937.75,633303.0,206451.9248945713,,
6944,14.618474006652832,465.9310607910156,1907.0,935912.375,633278.0,52852.49419057369,,
6954,10.068842887878418,717.0752563476562,1317.0,934986.0,632352.0,95145.55773377419,,
6960,10.530268669128418,716.060302734375,1377.0,934611.6875,631977.0,82357.96695584059,,
6962,17.785566329956055,123.04132080078125,2313.0,4346465.0,631932.0,1684993.3211841583,,
6965,10.81049919128418,711.0829467773438,1413.0,934110.625,631476.0,30160.373416773975,,
6978,10.512659072875977,551.060302734375,1375.0,932631.8125,629997.0,90995.09752780199,,
7001,4.191834926605225,212.09695434570312,547.0,2479290.5,627700.0,521674.60647797585,,
7004,16.62523651123047,123.03992462158203,2163.0,4254766.0,627545.0,1110824.9687423706,,
7008,14.496795654296875,124.04155731201172,1891.0,929846.25,627212.0,244510.0196815133,7586,13C1
7012,8.562129020690918,296.0453796386719,1121.0,929446.5,626812.0,166113.7193031311,,
7013,16.779882431030273,367.0909729003906,2183.0,929430.25,626796.0,121897.13084459305,,
7017,0.0872575119137764,166.064697265625,11.0,929290.875,626656.0,107793.79801563337,,
7027,10.053725242614746,132.09613037109375,1315.0,994552.5625,625744.0,223351.0272840783,,
7042,6.120715141296387,250.99061584472656,801.0,1913609.25,624614.0,497401.9188554287,,
7045,6.4231085777282715,296.0467529296875,841.0,1509825.5,624412.0,390015.7581576109,,
7049,10.749061584472656,715.0487670898438,1405.0,926936.5625,624302.0,71878.16733354703,,
7051,2.280494213104248,100.07624053955078,297.0,926764.8125,624130.0,223540.74413649738,,
7060,9.885523796081543,713.0824584960938,1293.0,926142.125,623508.0,69040.43707031012,,
7072,1.622925877571106,294.1907958984375,211.0,925478.0625,622844.0,319438.5569796313,,
7078,18.17206573486328,123.03955841064453,2363.0,1826735.0,622098.0,491179.9214544296,,
7079,17.197359085083008,123.04095458984375,2237.0,6910217.5,622032.0,1762390.879081726,,
7083,24.69613265991211,123.04168701171875,3205.0,1813746.5,621616.0,626449.8546285629,,
7087,21.64751434326172,164.06826782226562,2811.0,3126702.25,621268.0,705616.0036087036,,
7106,8.884320259094238,155.09292602539062,1163.0,921549.6875,618915.0,111252.10678847134,,
7108,11.6730375289917,216.06320190429688,1525.0,921188.75,618554.0,368353.81496161316,,
7117,9.839640617370605,246.0955047607422,1287.0,923186.875,617544.0,570973.3324405644,,
7127,0.0872575119137764,102.12831115722656,11.0,918706.125,616072.0,105201.73270555539,,
7131,11.688206672668457,62.060794830322266,1527.0,918544.25,615910.0,316768.38525772095,,
7157,24.927350997924805,123.04132080078125,3235.0,5055960.0,613733.0,1071045.9720420837,,
7175,9.37844181060791,711.0831298828125,1227.0,914895.125,612261.0,84576.59994089603,,
7197,6.869157791137695,192.12290954589844,899.0,913217.5625,610583.0,189718.67323195934,,
7198,10.749061584472656,717.0751342773438,1405.0,912913.875,610279.0,72023.87016465142,,
7199,12.564940452575684,164.06552124023438,1641.0,1850365.875,610208.0,497147.1025905609,,
7216,10.053725242614746,715.0798950195312,1315.0,911418.75,608784.0,90457.79276543856,,
7217,8.9923095703125,713.0729370117188,1177.0,911349.4375,608715.0,117895.22217505053,,
7226,7.8101301193237305,189.1232147216797,1023.0,910598.5625,607964.0,229327.96430039406,,
7239,6.991100311279297,130.0976104736328,915.0,909399.125,606765.0,94811.85989552736,,
7244,10.145569801330566,95.08602905273438,1327.0,2697485.25,606462.0,734520.8124837875,,
7253,7.476597309112549,285.1445617675781,979.0,908120.625,605486.0,181425.94217902422,,
7256,16.62523651123047,367.0910949707031,2163.0,907620.1875,604986.0,151164.978672266,,
7258,7.734095096588135,113.11534118652344,1013.0,2494645.0,604911.0,493111.7805650234,132,13C1
7280,18.853221893310547,123.04168701171875,2451.0,1613084.125,602946.0,615676.8960933685,,
7287,18.17206573486328,123.04095458984375,2363.0,6927297.5,602623.0,1500294.762424469,,
7288,16.315845489501953,83.06085968017578,2123.0,3057277.25,602546.0,624456.2070560455,,
7312,11.36729907989502,171.07650756835938,1485.0,903190.6875,600556.0,361068.54373177513,,
7319,12.613771438598633,112.11336517333984,1647.0,4516701.0,600097.0,1998353.2597551346,7319,
7326,0.2456105649471283,113.11566162109375,31.0,3645193.0,599094.0,940312.2169235051,512,13C1
7346,13.446965217590332,112.11336517333984,1755.0,3981703.25,597040.0,2170923.512699127,,
7349,8.884320259094238,99.0669937133789,1163.0,899365.8125,596731.0,128986.68058773875,,
7360,8.9923095703125,711.073974609375,1177.0,898319.0625,595685.0,81289.13881075382,,
7368,8.79309368133545,244.09266662597656,1151.0,897515.5625,594881.0,238125.99366492033,,
7369,14.648276329040527,250.01812744140625,1911.0,897409.25,594775.0,208504.98225874547,,
7397,17.816286087036133,250.9853515625,2317.0,895744.0,593110.0,221733.2674894333,,
7419,12.409236907958984,164.06552124023438,1621.0,1735435.25,591893.0,478834.04661273956,,
7445,8.562129020690918,296.0467529296875,1121.0,891864.9375,589230.0,188151.04772555828,,
7475,10.083953857421875,715.0802001953125,1319.0,889451.1875,586817.0,90457.79276543856,,
7479,10.083953857421875,717.0756225585938,1319.0,889136.6875,586502.0,95145.55773377419,,
7535,15.466808319091797,123.03955841064453,2015.0,1555877.625,581994.0,570905.295674324,,
7553,11.13621711730957,112.11336517333984,1455.0,5615321.0,580442.0,1713727.4254646301,,
7566,4.434904098510742,212.09695434570312,579.0,2436741.75,579686.0,803551.6838467121,,
7581,8.884320259094238,130.0976104736328,1163.0,881000.8125,578366.0,101449.5390444994,,
7585,8.036224365234375,141.06591796875,1053.0,880646.1875,578012.0,206047.26945197582,,
7586,15.243535995483398,123.03955841064453,1987.0,1523949.0,577940.0,500641.62724018097,7586,
7595,18.280683517456055,123.0406265258789,2377.0,9097166.0,576683.0,1759186.5762519836,,
7604,1.284576177597046,113.11663055419922,167.0,1256354.25,575830.0,397891.10988360643,548,13C1
7618,6.089865207672119,126.0662841796875,797.0,877313.5625,574679.0,76664.34863850474,,
7630,1.4970455169677734,339.1839599609375,195.0,999233.5625,574008.0,217811.5524981696,457,13C1
7634,11.688206672668457,112.11336517333984,1527.0,6031681.0,573903.0,2179499.7828292847,7634,
7635,9.424212455749512,711.0839233398438,1233.0,876477.8125,573843.0,70362.73296135664,,
7641,10.512659072875977,719.0487060546875,1375.0,875892.4375,573258.0,69827.31939542294,,
7647,21.446319580078125,164.06826782226562,2785.0,3087484.0,572639.0,704500.9553565979,,
7648,0.05322437733411789,101.06014251708984,7.0,898705.5,572610.0,130780.66820655996,,
7649,3.887376546859741,252.10948181152344,507.0,875236.6875,572602.0,219613.49532687664,,
7655,3.3968446254730225,83.06105041503906,443.0,5237156.5,572248.0,1468101.7183578014,,
7659,5.027764320373535,269.1073913574219,657.0,874303.5625,571669.0,195937.3461266756,218,13C1
7682,5.0882887840271,296.0493469238281,665.0,871911.9375,569277.0,222296.99055874348,,
7692,3.320913791656494,250.99046325683594,433.0,1997359.125,568628.0,525227.7641999722,,
7707,15.084736824035645,214.08816528320312,1967.0,1236565.625,567144.0,427980.36428785324,,
7711,18.450956344604492,123.04132080078125,2399.0,4118026.75,566900.0,886404.865781784,,
7715,6.9459943771362305,86.09712982177734,909.0,869368.4375,566734.0,360275.8991461992,,
7726,0.05322437733411789,158.02862548828125,7.0,924392.4375,565891.0,159081.4461177229,,
7766,12.027107238769531,113.11566162109375,1571.0,2660324.75,562845.0,576754.3629789352,11715,13C1
7784,0.03794742748141289,215.09059143066406,5.0,880898.125,560403.0,173509.05669355707,87,13C1
7790,17.181522369384766,123.03992462158203,2235.0,4267501.0,560211.0,1106431.9990711212,,
7800,6.089865207672119,155.09292602539062,797.0,862193.75,559559.0,51341.42952522542,,
7801,24.69613265991211,214.09239196777344,3205.0,861908.5625,559274.0,294851.52894830704,,
7825,11.581509590148926,280.0925598144531,1513.0,859661.625,557027.0,291407.2275958881,,
7831,10.76429271697998,715.049072265625,1407.0,859281.0625,556647.0,55115.77008337155,,
7836,10.76429271697998,715.0798950195312,1407.0,859082.25,556448.0,78856.0339287296,,
7847,22.406124114990234,73.07669067382812,2909.0,857982.5,555348.0,89888.59480750561,,
7882,9.778397560119629,715.0795288085938,1279.0,855226.8125,552592.0,72243.74978369474,,
7888,14.618474006652832,391.9620361328125,1907.0,854784.75,552150.0,72265.09877792001,,
7900,16.238407135009766,367.0910949707031,2113.0,853887.0,551253.0,246778.66027498245,,
7904,11.011367797851562,98.07181549072266,1439.0,853714.375,551080.0,64458.99429726601,,
7906,6.991100311279297,99.0669937133789,915.0,853678.5,551044.0,114684.77183967829,,
8001,0.0872575119137764,142.05165100097656,11.0,846296.25,543662.0,72540.90948986006,9373,13C1
8005,10.42041015625,711.052978515625,1363.0,846054.625,543420.0,55077.8698759079,,
8017,6.501126766204834,296.0453796386719,851.0,1774203.5,542918.0,417492.55609202385,,
8037,0.0872575119137764,90.09198760986328,11.0,849607.3125,541040.0,99010.12002152717,,
8047,16.22300148010254,123.04168701171875,2111.0,1583940.5,540415.0,436375.2993040085,,
8049,18.094526290893555,165.0668182373047,2353.0,871042.5625,540150.0,194986.48754167557,,
8061,8.424825668334961,296.046875,1103.0,841965.75,539331.0,152115.86184358597,,
8068,2.921747922897339,250.98519897460938,381.0,1462641.375,539059.0,406384.5493776798,,
8082,8.79309368133545,265.0035400390625,1151.0,840773.25,538139.0,170586.02034819126,,
8088,14.618474006652832,580.9192504882812,1907.0,840271.8125,537637.0,52223.87801730819,,
8095,2.280494213104248,342.1759948730469,297.0,839580.875,536946.0,73162.68363233819,,
8117,11.612622261047363,123.04168701171875,1517.0,983392.125,535596.0,600831.8766770363,,
8132,16.918731689453125,123.04095458984375,2201.0,6911379.5,534635.0,1796237.4132347107,,
8149,17.011333465576172,123.04132080078125,2213.0,4108303.5,533266.0,897613.49401474,,
8166,20.81180191040039,214.0891571044922,2703.0,1898962.375,532222.0,523565.08573818207,,
8169,14.648276329040527,822.994384765625,1911.0,834712.5625,532078.0,62994.34766685474,,
8191,19.940326690673828,165.0668182373047,2591.0,878572.625,530701.0,171143.8973197937,,
8201,7.263971328735352,296.04412841796875,951.0,949622.875,529564.0,193414.58196043968,,
8203,5.665536880493164,296.0481262207031,741.0,1895229.75,529465.0,539050.6086826324,,
8230,9.839640617370605,715.049072265625,1287.0,830348.4375,527714.0,66409.12446773052,,
8242,18.0017147064209,123.0402603149414,2341.0,7389336.5,526887.0,1554504.8367385864,,
8245,11.229028701782227,104.10737609863281,1467.0,829276.375,526642.0,393641.4589883927,,
8255,24.773435592651367,164.06826782226562,3215.0,2314554.75,525475.0,516405.46783447266,,
8257,0.0872575119137764,225.02127075195312,11.0,827901.875,525267.0,53097.243653948215,,
8296,15.783419609069824,123.04132080078125,2055.0,3917892.25,522210.0,857705.2447624207,,
8304,8.003064155578613,120.09317016601562,1049.0,877189.375,521609.0,346542.2395430207,1,13C2
8305,3.3666532039642334,113.11663055419922,439.0,1263038.125,521508.0,379929.68313765526,1018,13C1
8306,21.07472038269043,164.06826782226562,2737.0,3144311.0,521500.0,1042086.3306522369,,
8310,11.581509590148926,258.1129455566406,1513.0,10647435.0,521307.0,6239749.553246405,,
8318,0.0872575119137764,100.02567291259766,11.0,1234523.625,521032.0,150239.40696868207,,
8326,10.497435569763184,709.08740234375,1373.0,823066.75,520432.0,53683.6373103261,,
8341,20.796409606933594,164.06826782226562,2701.0,3326187.25,519699.0,1167093.190454483,,
8342,0.9189411997795105,296.0506896972656,119.0,1372244.0,519690.0,374489.3049439192,,
8370,5.240044116973877,137.06504821777344,685.0,819724.8125,517090.0,289102.4617488757,69,13C1
8380,9.624415397644043,70.06604766845703,1259.0,818797.9375,516163.0,149696.51761844754,,
8384,10.655054092407227,709.0877075195312,1393.0,818219.5,515585.0,77358.3041664958,,
8407,3.550868511199951,250.99046325683594,463.0,1979230.125,513867.0,800958.4974553585,,
8421,3.5357913970947266,214.08973693847656,461.0,1173822.625,513085.0,405081.41964781284,,
8433,10.81049919128418,120.0659408569336,1413.0,814582.25,511948.0,407232.4334323462,,
8434,10.29871940612793,709.08740234375,1347.0,814575.4375,511941.0,75705.39485877752,,
8436,1.575332522392273,275.2753601074219,205.0,2170177.5,511635.0,436231.8201832175,6682,13C1
8468,16.62523651123047,123.0406265258789,2163.0,8883352.0,509537.0,1695404.9831924438,,
8470,9.609121322631836,713.0828857421875,1257.0,812012.0,509378.0,66970.99389153719,,
8502,18.497169494628906,164.06883239746094,2405.0,1167735.625,507567.0,334184.03177165985,,
8561,16.54787826538086,123.04095458984375,2153.0,6843460.5,503472.0,2060763.9747047424,,
8591,0.05322437733411789,231.1182098388672,7.0,804452.5625,501818.0,119896.83522948012,,
8599,9.809011459350586,713.0514526367188,1283.0,803972.0,501338.0,64373.03195554018,,
8610,6.089865207672119,115.08708953857422,797.0,803010.375,500376.0,50840.46139295772,,
8614,0.0872575119137764,182.02362060546875,11.0,802832.625,500198.0,50586.57115663399,,
8622,4.176705837249756,250.99046325683594,545.0,1887176.75,499785.0,412111.8527753353,,
8631,10.497435569763184,712.0610961914062,1373.0,801208.375,498574.0,79226.78515416384,1514,13C1
8668,8.884320259094238,163.0979461669922,1163.0,799374.4375,496740.0,95011.82597244531,,
8680,10.780000686645508,713.0830078125,1409.0,798857.1875,496223.0,47302.01241041068,,
8685,2.280494213104248,247.16712951660156,297.0,798613.0625,495979.0,214787.3802615255,,
8689,18.698623657226562,123.04132080078125,2431.0,3942978.25,495648.0,862374.0966053009,,
8693,9.486149787902832,713.082275390625,1241.0,797689.375,495055.0,56017.6270250082,,
8700,8.562129020690918,164.067138671875,1121.0,797109.25,494475.0,196685.76675713062,,
8704,11.229028701782227,252.1288604736328,1467.0,809032.3125,494293.0,187131.20848356932,,
8712,10.624570846557617,709.0875854492188,1389.0,795988.5625,493354.0,77358.3041664958,,
8715,15.054306030273438,268.0149230957031,1963.0,795871.0625,493237.0,234916.45473968983,,
8722,14.648276329040527,94.0455322265625,1911.0,1245959.75,492864.0,346064.9336967468,,
8724,7.1580657958984375,296.0481262207031,937.0,795370.9375,492736.0,174267.73231053352,,
8742,0.10717611014842987,139.123291015625,13.0,794200.625,491566.0,85155.14758074761,,
8744,10.996132850646973,289.1390075683594,1437.0,793960.8125,491326.0,388498.54991127364,,
8777,10.405226707458496,717.0756225585938,1361.0,792173.1875,489539.0,79414.40981280804,,
8784,18.079139709472656,123.0406265258789,2351.0,9117125.0,489014.0,2117296.963634491,,
8786,14.588085174560547,112.11336517333984,1903.0,3607173.0,488908.0,1729362.5886716843,8786,
8806,6.991100311279297,89.07150268554688,915.0,790553.4375,487919.0,96639.42672228813,,
8811,6.991100311279297,190.1084442138672,915.0,790272.5,487638.0,183235.0275322795,,
8825,16.470535278320312,123.04132080078125,2143.0,4032489.5,486784.0,1256947.7709789276,,
8828,18.311365127563477,123.04132080078125,2381.0,3998638.25,486682.0,1449820.6047916412,,
8840,0.0872575119137764,118.06546783447266,11.0,788458.1875,485824.0,305584.8594981658,,
8842,3.887376546859741,222.0988006591797,507.0,788357.125,485723.0,165595.8778246045,,
8886,5.543716907501221,296.0481262207031,725.0,2025293.25,482934.0,475264.68611621857,,
8890,6.991100311279297,95.06089782714844,915.0,818328.6875,482638.0,163567.6120723784,,
8891,5.073157787322998,296.04266357421875,663.0,1489194.125,482635.0,351459.04503178596,,
8898,10.497435569763184,712.0763549804688,1373.0,784870.375,482236.0,82210.11172169447,,
8918,19.940326690673828,164.0649871826172,2591.0,932013.0,481217.0,282090.5300335884,,
8920,0.05322437733411789,107.0496597290039,7.0,783471.1875,480837.0,102140.87633688492,,
8937,8.884320259094238,95.06089782714844,1163.0,794359.75,480071.0,139527.74418208003,,
8947,1.746262550354004,246.24270629882812,227.0,781958.4375,479324.0,131371.07613666356,,
8964,15.8941068649292,123.04095458984375,2069.0,6709237.0,478527.0,1440944.4316596985,,
8966,12.564940452575684,250.9854736328125,1641.0,1546145.125,478412.0,336604.14903736115,,
8968,21.585317611694336,83.06085968017578,2803.0,2240536.25,478383.0,460831.9294605255,,
8992,16.702598571777344,123.04168701171875,2173.0,1549647.0,476907.0,438899.4740190506,,
8994,10.4822359085083,236.15171813964844,1371.0,4178122.25,476716.0,1113712.5946552753,,
9005,19.940326690673828,139.01776123046875,2591.0,2203555.5,476128.0,571466.6202449799,,
9007,18.404245376586914,123.03955841064453,2393.0,1715617.875,475916.0,760340.203042984,,
9016,18.497169494628906,250.99061584472656,2405.0,1170539.25,475028.0,293668.0330929756,,
9025,17.197359085083008,123.04132080078125,2237.0,4068937.75,474638.0,1083418.7141799927,,
9028,9.347925186157227,711.0839233398438,1223.0,776916.3125,474282.0,84576.59994089603,,
9031,0.0872575119137764,167.0467529296875,11.0,776812.0,474178.0,47353.28269276286,4554,13C1
9039,17.816286087036133,123.03955841064453,2317.0,1656994.75,473846.0,641532.9370670319,,
9065,9.916061401367188,715.0798950195312,1297.0,774579.875,471945.0,53171.95420444012,,
9083,9.824291229248047,717.0752563476562,1285.0,773847.6875,471213.0,51081.73188203573,,
9084,20.873804092407227,164.06826782226562,2711.0,3166908.5,471191.0,751939.8151454926,,
9105,7.263971328735352,296.0455017089844,951.0,1316813.375,469850.0,237316.33531099558,,
9113,10.068842887878418,132.0973663330078,1317.0,969294.9375,469355.0,87172.13838887215,,
9119,6.991100311279297,87.09246063232422,915.0,771753.0,469119.0,100964.5785202682,,
9141,2.782846689224243,269.03509521484375,363.0,803295.0,467942.0,195058.42882815003,,
9143,8.080459594726562,113.11566162109375,1059.0,3307179.75,467763.0,628757.1467790604,132,13C1
9166,0.05322437733411789,231.1144256591797,7.0,768815.6875,466181.0,123824.57178521529,,
9197,0.0872575119137764,199.04173278808594,11.0,767458.5,464824.0,52658.750127230014,,
9202,10.09911823272705,132.1067352294922,1321.0,811556.875,464442.0,115667.57904320955,,
9206,4.084883689880371,250.9894561767578,533.0,3510830.25,464243.0,902367.3444156647,,
9208,10.512659072875977,707.0806884765625,1375.0,766779.75,464145.0,69540.34935355186,,
9210,9.59290885925293,713.0825805664062,1255.0,766626.625,463992.0,66970.99389153719,,
9214,14.67806339263916,113.11566162109375,1915.0,2266012.0,463617.0,656318.9104437828,8786,13C1
9228,17.336111068725586,123.03955841064453,2255.0,1664246.375,462805.0,645373.0307512283,,
9230,17.10417938232422,123.03992462158203,2225.0,4224941.0,462750.0,1129981.7769699097,,
9238,14.648276329040527,594.9984130859375,1911.0,764985.9375,462351.0,140752.18794283597,,
9239,3.796598196029663,250.99046325683594,495.0,1867711.875,462159.0,579825.7126523256,,
9241,9.947508811950684,715.0800170898438,1301.0,764668.8125,462034.0,60996.56650656462,,
9244,8.884320259094238,125.08241271972656,1163.0,764527.875,461893.0,138731.0253532827,,
9262,10.175973892211914,709.08740234375,1331.0,763279.25,460645.0,58076.10749578476,,
9276,6.991100311279297,169.10879516601562,915.0,762525.5,459891.0,95964.91459864378,,
9281,11.229028701782227,252.13209533691406,1467.0,837219.375,459563.0,67045.9046806544,,
9292,7.263971328735352,162.11241149902344,951.0,1083481.75,458807.0,413973.2784798816,,
9295,14.67806339263916,822.9874267578125,1915.0,761377.3125,458743.0,103496.36479903758,,
9311,8.344165802001953,113.11534118652344,1093.0,2241705.5,457601.0,496482.2213048935,132,13C1
9319,24.773435592651367,123.04168701171875,3215.0,1748193.125,456936.0,609776.3734111786,,
9327,8.562129020690918,74.09706115722656,1121.0,758984.25,456350.0,336298.7437016964,,
9332,17.645978927612305,123.04095458984375,2295.0,7474569.0,456100.0,2149063.1975746155,,
9337,10.512659072875977,716.0663452148438,1375.0,758363.25,455729.0,74980.55208140612,,
9343,7.958822727203369,118.09730529785156,1043.0,757647.8125,455013.0,68119.94774873555,,
9373,0.0872575119137764,141.0494842529297,11.0,756313.0625,453679.0,121773.72804456367,9373,
9396,15.8941068649292,123.04132080078125,2069.0,4023548.25,452333.0,1457333.686419487,,
9406,3.7815022468566895,112.11336517333984,493.0,9953878.0,451924.0,4118955.289796829,9406,
9414,23.02562713623047,180.04437255859375,2989.0,753980.125,451346.0,154025.76252484322,,
9433,10.175973892211914,112.11336517333984,1331.0,5860509.0,450347.0,2135819.334756851,,
9439,14.648276329040527,465.92041015625,1911.0,752572.375,449938.0,114228.63436170109,,
9513,6.991100311279297,149.0824432373047,915.0,748147.625,445513.0,85883.81972008944,,
9518,17.382801055908203,123.04095458984375,2261.0,6801255.0,445287.0,1778352.4304237366,,
9524,5.391884803771973,214.08973693847656,705.0,1145101.375,444673.0,268828.12691545486,,
9531,0.0872575119137764,183.02899169921875,11.0,746603.875,443969.0,52168.26086440099,,
9536,6.991100311279297,208.1197967529297,915.0,746511.3125,443877.0,88559.10812777281,,
9603,11.903714179992676,112.11336517333984,1555.0,4625475.5,440078.0,1464140.973367691,9603,
9604,10.068842887878418,709.08740234375,1317.0,742710.3125,440076.0,65474.218025803566,,
9620,10.530268669128418,711.052734375,1377.0,741837.375,439203.0,74842.31252366304,,
9624,9.038077354431152,149.10052490234375,1183.0,741685.75,439051.0,223897.36277798563,95,13C1
9636,10.390036582946777,711.052978515625,1359.0,741122.25,438488.0,55077.8698759079,,
9674,20.28109359741211,164.06883239746094,2635.0,1115519.875,436619.0,529935.403986454,,
9676,8.962188720703125,711.0684814453125,1173.0,739040.3125,436406.0,60915.07797846198,,
9685,5.0126543045043945,212.09695434570312,655.0,2311739.25,435705.0,604558.0856926441,,
9689,7.066379070281982,296.0453796386719,925.0,1311612.75,435462.0,326112.26560896635,,
9698,8.884320259094238,111.09227752685547,1163.0,737678.0625,435044.0,89482.61936479062,,
9702,3.336026191711426,265.00335693359375,435.0,737552.4375,434918.0,177766.2815400362,,
9712,6.991100311279297,125.0711669921875,915.0,736992.0625,434358.0,109065.23966127634,,
9716,0.0872575119137764,197.00897216796875,11.0,736698.125,434064.0,55521.986546530534,,
9774,11.337160110473633,212.0929412841797,1481.0,1024830.375,431201.0,302033.45118427277,,
9786,12.009565353393555,146.0923614501953,1569.0,733359.5625,430725.0,307731.83158465475,,
9791,1.5602784156799316,422.2391662597656,203.0,733237.5,430603.0,71044.39465331472,,
9799,6.270593166351318,138.0596923828125,821.0,971617.4375,430353.0,60425.67321810126,,
9802,8.884320259094238,126.0662841796875,1163.0,732875.375,430241.0,110892.4144244492,,
9803,20.765060424804688,212.0953369140625,2697.0,732826.0,430192.0,165380.10822343826,,
9816,6.991100311279297,163.0979461669922,915.0,732219.8125,429585.0,88116.00027483702,,
9826,16.563234329223633,123.0402603149414,2155.0,7082779.5,429154.0,2114085.8135681152,,
9831,24.788806915283203,139.01815795898438,3217.0,2276865.25,429113.0,516189.69072151184,,
9838,17.52222442626953,123.04095458984375,2279.0,6821350.5,428876.0,1792441.5892181396,,
9839,9.900815963745117,715.0802001953125,1295.0,731510.125,428876.0,53171.95420444012,,
9842,6.4231085777282715,296.04400634765625,841.0,1119329.875,428799.0,230814.03845620155,,
9853,21.554519653320312,164.0649871826172,2799.0,969177.9375,428184.0,417808.4508924484,,
9869,8.884320259094238,89.07150268554688,1163.0,730267.375,427633.0,117204.34663110971,,
9890,15.56236743927002,123.03955841064453,2027.0,1422023.25,426407.0,395229.4264278412,,
9903,8.2686185836792,296.0453796386719,1083.0,728378.125,425744.0,148545.12306189537,,
9919,8.884320259094238,123.06690216064453,1163.0,727723.875,425089.0,122507.17769142985,,
9935,2.79795503616333,250.9894561767578,365.0,3073468.5,424399.0,773799.9599174261,,
9947,2.023698091506958,256.1759338378906,263.0,726549.6875,423915.0,234576.0963544054,,
9967,24.865966796875,215.0931396484375,3227.0,725821.8125,423187.0,158830.38516783714,,
10003,10.512659072875977,552.0543823242188,1375.0,723880.125,421246.0,64872.43724054098,10003,
10011,10.749061584472656,709.0875854492188,1405.0,723592.9375,420958.0,53931.98991337884,,
10024,8.947094917297363,711.0692138671875,1171.0,723095.875,420461.0,48191.40961894393,,
10028,24.943178176879883,164.06826782226562,3237.0,2242064.25,420282.0,686932.4094376564,,
10033,6.991100311279297,178.10899353027344,915.0,722719.5625,420085.0,79518.67099756002,,
10040,0.10717611014842987,259.14764404296875,13.0,722367.0,419733.0,90979.53564260982,,
10042,20.765060424804688,214.0906982421875,2697.0,1654524.375,419626.0,551013.6909456253,,
10044,18.094526290893555,139.01776123046875,2353.0,1987150.25,419336.0,381653.18270397186,,
10052,6.991100311279297,139.09771728515625,915.0,721381.4375,418747.0,80220.24122965336,,
10056,15.8941068649292,123.04168701171875,2069.0,1542713.5,418498.0,502191.99776124954,,
10067,9.778397560119629,717.0750122070312,1279.0,720539.6875,417905.0,64681.32424545288,,
10085,10.221561431884766,711.052978515625,1337.0,719762.6875,417128.0,60887.54997420311,,
10093,20.48223876953125,164.06826782226562,2661.0,3016675.75,416757.0,718783.9206409454,,
10103,10.530268669128418,446.0543212890625,1377.0,718898.625,416264.0,70968.76774907112,,
10104,6.330811500549316,174.02197265625,829.0,718889.5625,416255.0,283957.3449716754,,
10116,16.62523651123047,123.03955841064453,2163.0,1552648.375,415659.0,524074.62581920624,,
10155,17.785566329956055,123.04168701171875,2313.0,1638928.75,414134.0,621502.2725839615,,
10184,19.893091201782227,250.98519897460938,2585.0,715311.8125,412677.0,160551.16897010803,,
10187,2.43212628364563,214.0644989013672,317.0,715203.125,412569.0,236816.85279142455,,
10197,8.080459594726562,113.1159896850586,1059.0,3049685.5,412233.0,606489.3279323578,132,13C1
10210,8.884320259094238,139.09771728515625,1163.0,714233.25,411599.0,84766.07130466402,,
10234,2.129380702972412,89.0602035522461,277.0,713005.1875,410371.0,201474.67710635462,,
10241,0.0872575119137764,157.1339111328125,11.0,845668.0,410126.0,103142.73140805797,,
10244,5.9848198890686035,265.00335693359375,783.0,712411.4375,409777.0,221883.60101509094,,
10248,2.280494213104248,233.14950561523438,297.0,712206.5,409572.0,197992.1622108483,,
10278,16.918731689453125,123.04132080078125,2201.0,4018672.75,408119.0,914542.1364879608,,
10283,21.554519653320312,123.03919219970703,2799.0,745381.625,408006.0,314039.43874168396,,
10294,11.121121406555176,164.06552124023438,1453.0,1288462.0,407603.0,555086.8856079578,,
10297,10.329178810119629,711.0526123046875,1351.0,710131.9375,407497.0,78272.75603026152,,
10312,8.884320259094238,167.0931854248047,1163.0,709133.625,406499.0,79974.3581662327,,
10324,10.29871940612793,714.0744018554688,1347.0,708623.625,405989.0,55373.593685626984,,
10326,6.991100311279297,116.08223724365234,915.0,708604.375,405970.0,77652.93934750557,,
10366,8.962188720703125,711.0736083984375,1173.0,706730.1875,404096.0,81289.13881075382,,
10390,17.754308700561523,166.06500244140625,2309.0,1275442.375,403235.0,242971.57984256744,,
10404,10.624570846557617,347.1458740234375,1389.0,705311.3125,402677.0,187851.19237712026,,
10414,8.884320259094238,125.0711669921875,1163.0,705043.4375,402409.0,125029.74767380953,,
10431,6.991100311279297,165.11387634277344,915.0,704408.3125,401774.0,82139.66020351648,,
10437,19.893091201782227,214.09153747558594,2585.0,1038075.25,401670.0,213114.94727420807,,
10463,2.174367904663086,284.1969299316406,283.0,703149.3125,400515.0,130165.57961717248,,
10464,9.885523796081543,715.0797729492188,1293.0,703147.75,400513.0,53171.95420444012,,
10465,10.655054092407227,555.0570068359375,1393.0,703082.0,400448.0,48851.66559380293,,
10467,24.75762176513672,118.03504180908203,3213.0,703025.625,400391.0,121899.70384383202,,
10483,8.884320259094238,208.1197967529297,1163.0,702693.3125,400059.0,87637.54865342379,,
10490,15.9888334274292,123.04132080078125,2081.0,4009027.5,399635.0,878886.592136383,,
10492,10.497435569763184,711.0526123046875,1373.0,702241.75,399607.0,74842.31252366304,,
10507,17.52222442626953,367.0909729003906,2279.0,701709.0,399075.0,82584.96836006641,,
10530,16.050878524780273,123.0402603149414,2089.0,6663425.5,397976.0,1468611.417629242,,
10538,17.135372161865234,123.03955841064453,2229.0,1601524.375,397502.0,448917.90575408936,,
10545,16.14551544189453,123.03955841064453,2101.0,1513010.5,397313.0,499555.02396965027,,
10553,10.56072998046875,236.14581298828125,1381.0,1643358.25,396839.0,1364784.525802318,,
10576,10.512659072875977,873.0751342773438,1375.0,698176.375,395542.0,84233.20407396555,,
10613,6.4231085777282715,296.0481262207031,841.0,940904.1875,393762.0,272208.06567692757,,
10624,8.080459594726562,113.11534118652344,1059.0,2209947.0,393360.0,486546.1091361046,132,13C1
10626,7.021154403686523,173.12893676757812,919.0,695831.5625,393197.0,117729.437867105,,
10629,17.135372161865234,123.0402603149414,2229.0,7046095.5,393173.0,1506002.4712524414,,
10654,9.809011459350586,717.0750122070312,1283.0,694382.5,391748.0,51081.73188203573,,
10686,11.292057991027832,286.1109313964844,1475.0,755444.0,390198.0,327313.2911213469,,
10702,17.197359085083008,123.0406265258789,2237.0,8836012.0,389583.0,2027882.6419525146,,
10709,8.531877517700195,123.0406265258789,1117.0,691963.75,389329.0,139453.56554365158,,
10725,10.053725242614746,711.0528564453125,1315.0,691244.6875,388610.0,59100.5333609581,,
10730,8.884320259094238,179.09291076660156,1163.0,691096.3125,388462.0,87047.5220863074,,
10732,12.317100524902344,164.06552124023438,1609.0,1461385.75,388420.0,425073.08065509796,,
10737,10.57593822479248,553.0650634765625,1383.0,690851.25,388217.0,47788.07004004717,,
10740,9.809011459350586,715.0486450195312,1283.0,690632.1875,387998.0,54251.87037026882,,
10755,4.936602592468262,296.0481262207031,645.0,2266132.75,387318.0,578690.8845860958,,
10802,21.52373504638672,164.06883239746094,2795.0,1012419.875,385144.0,286880.1660490036,,
10811,9.22293472290039,711.0829467773438,1207.0,687527.25,384893.0,76063.67266130447,,
10825,11.581509590148926,258.10626220703125,1513.0,2697510.25,384328.0,1916427.6892763483,,
10849,11.581509590148926,139.01815795898438,1513.0,973785.6875,383313.0,209682.6967253685,,
10852,14.04838752746582,181.03057861328125,1833.0,685812.25,383178.0,151247.63849174976,,
10857,5.209863185882568,296.0493469238281,681.0,906294.0,383009.0,309421.97302031517,,
10861,4.54104471206665,296.0481262207031,593.0,2611485.75,382694.0,677181.9993722439,,
10863,11.994527816772461,317.0827941894531,1567.0,685222.5,382588.0,110523.48226672411,,
10887,14.67806339263916,695.915283203125,1915.0,684349.5,381715.0,127235.2530823797,,
10905,6.991100311279297,217.11964416503906,915.0,683604.5,380970.0,73276.82405516505,,
10910,24.001564025878906,142.05184936523438,3115.0,683459.0,380825.0,252842.2920343876,,
10955,8.9923095703125,711.0637817382812,1177.0,681003.0625,378369.0,60154.337840124965,,
10957,10.053725242614746,709.0877075195312,1315.0,680964.0,378330.0,65474.218025803566,,
10962,4.084883689880371,212.09695434570312,533.0,2461427.5,378219.0,639896.1695444584,,
10988,1.575332522392273,274.2692565917969,205.0,1216364.625,376987.0,355721.5373136699,,
10993,21.64751434326172,139.01815795898438,2811.0,2169791.25,376812.0,417526.92633247375,,
11024,0.05322437733411789,212.07455444335938,7.0,678166.0625,375532.0,84476.75311676634,,
11040,12.751808166503906,95.08602905273438,1665.0,2129403.25,374824.0,533735.8980822563,,
11048,0.2002796232700348,171.1131134033203,25.0,1321290.125,374569.0,338888.0995451808,,
11056,20.249359130859375,112.08727264404297,2631.0,676752.875,374118.0,48459.345874369144,,
11060,1.481964349746704,311.22186279296875,193.0,676502.625,373868.0,251094.99715739826,,
11082,8.929576873779297,713.068115234375,1169.0,675633.1875,372999.0,93192.18433406972,,
11089,6.991100311279297,126.10271453857422,915.0,675293.1875,372659.0,79648.50935986638,,
11095,2.023698091506958,292.1750183105469,263.0,675061.3125,372427.0,102764.41794072092,,
11108,6.991100311279297,179.09291076660156,915.0,674676.5625,372042.0,87856.14068185538,,
11123,16.54787826538086,123.04132080078125,2153.0,3974336.75,371612.0,1080205.7844696045,,
11139,12.102494239807129,86.06072235107422,1581.0,673407.6875,370773.0,233858.23449710011,,
11154,8.9923095703125,715.0702514648438,1177.0,672632.0625,369998.0,58966.98500010371,,
11168,18.37346076965332,250.9896240234375,2389.0,2114983.5,369351.0,549672.0509643555,,
11169,10.42041015625,160.1331024169922,1363.0,671972.375,369338.0,353234.547577437,,
11184,19.940326690673828,123.03919219970703,2591.0,671589.125,368955.0,199475.52956581116,,
11190,1.7612769603729248,328.1969909667969,229.0,671248.4375,368614.0,142251.5509751964,,
11198,17.05801773071289,123.03955841064453,2219.0,1641282.125,368281.0,453480.6289405823,,
11212,7.446493148803711,207.17063903808594,975.0,670415.875,367781.0,260785.223666857,,
11225,3.29070782661438,112.11336517333984,429.0,10136725.0,366899.0,3560395.8111629486,11225,
11240,1.9150363206863403,300.2021179199219,249.0,669011.0625,366377.0,226244.50722120586,,
11271,7.643360614776611,113.11534118652344,1001.0,2277491.0,365226.0,552281.0675110817,132,13C1
11281,8.036224365234375,236.16830444335938,1053.0,667267.5,364633.0,224626.3698393982,411,13C1
11286,17.274639129638672,74.09706115722656,2247.0,842521.625,364456.0,255590.95645713806,,
11294,12.629056930541992,212.095458984375,1649.0,2077580.0,364216.0,511501.4462532997,,
11299,10.63982105255127,874.072265625,1391.0,666553.5,363919.0,45558.32834839821,,
11322,2.280494213104248,189.12376403808594,297.0,665837.5,363203.0,107695.0771971012,,
11332,3.9788966178894043,189.12376403808594,519.0,665394.0625,362760.0,164363.15812197328,,
11354,6.501126766204834,296.04400634765625,851.0,1226784.625,361714.0,330208.10346114635,,
11356,17.491008758544922,123.0402603149414,2275.0,6982276.5,361704.0,1798047.8430786133,,
11366,1.3909212350845337,396.2751159667969,181.0,663934.3125,361300.0,77455.8254272712,,
11370,2.675928831100464,250.9894561767578,349.0,2744471.25,361217.0,585384.5142745972,,
11379,10.81049919128418,713.0821533203125,1413.0,663357.6875,360723.0,21192.110842474736,,
11402,11.642850875854492,112.11336517333984,1521.0,6099608.0,359852.0,3579894.333469391,11402,
11413,23.56893539428711,197.00856018066406,3059.0,661915.4375,359281.0,133278.6795387268,,
11424,4.845427989959717,296.04278564453125,633.0,1618134.25,358827.0,623332.8528146744,,
11443,4.298669338226318,296.04266357421875,561.0,1784360.875,358093.0,483914.85989546776,,
11455,0.0872575119137764,313.0032958984375,11.0,660312.875,357678.0,47483.495372012345,,
11460,10.083953857421875,709.0879516601562,1319.0,660267.8125,357633.0,65474.218025803566,,
11468,11.042299270629883,112.11336517333984,1443.0,5479471.0,357341.0,2716165.7565364838,,
11473,9.531899452209473,713.0517578125,1247.0,659776.5625,357142.0,65917.05964607,,
11482,17.738927841186523,123.03992462158203,2307.0,4110627.25,356495.0,929630.9898643494,,
11484,11.840828895568848,139.0155029296875,1547.0,659083.125,356449.0,292497.7104934752,,
11497,7.066379070281982,296.04400634765625,925.0,913832.6875,356020.0,254077.49409800768,,
11499,10.175973892211914,711.0831298828125,1331.0,1933797.0,355953.0,155719.4088962078,,
11501,22.94795036315918,214.09153747558594,2979.0,1351861.0,355875.0,299412.4691295624,,
11509,12.705741882324219,212.0946044921875,1659.0,1632439.625,355605.0,641332.728221178,,
11528,9.022933959960938,237.1502685546875,1181.0,657476.4375,354842.0,259412.59971565753,3402,13C1
11548,16.315845489501953,139.01776123046875,2123.0,1852999.0,353927.0,699563.0224199295,,
11570,1.481964349746704,316.2117004394531,193.0,655759.8125,353125.0,101373.10411953926,,
11594,6.089865207672119,164.09317016601562,797.0,654478.3125,351844.0,39506.8570074169,,
11596,9.162203788757324,161.1000518798828,1199.0,654433.0625,351799.0,339220.52904627705,227,13C1
11600,4.571319580078125,212.09695434570312,597.0,2303320.5,351761.0,613710.9212219715,,
11603,16.748659133911133,123.03992462158203,2179.0,4221816.5,351662.0,1102483.0365428925,,
11611,24.943178176879883,123.04168701171875,3237.0,1651195.625,351307.0,490055.3943519592,,
11635,10.359622955322266,329.1374206542969,1355.0,652903.125,350269.0,152510.24243199825,,
11653,3.320913791656494,341.1066589355469,433.0,977971.75,349789.0,212061.16745322943,,
11654,20.56184196472168,250.9896240234375,2671.0,1525531.625,349777.0,466123.15488290787,,
11715,12.072301864624023,112.11336517333984,1577.0,4607491.5,346571.0,2520238.750284195,11715,
11725,7.1580657958984375,141.0312042236328,937.0,648676.0625,346042.0,133334.71704506874,,
11733,9.962739944458008,709.08740234375,1303.0,648443.125,345809.0,42062.48358184099,,
11735,14.648276329040527,248.01950073242188,1911.0,4467330.5,345715.0,1867918.9234288465,,
11768,14.527551651000977,367.0908203125,1895.0,647291.0625,344657.0,51632.26357536181,,
11770,0.0872575119137764,165.06715393066406,11.0,647279.9375,344645.0,76793.38422046392,,
11772,10.57593822479248,162.07638549804688,1383.0,647149.75,344515.0,281066.7312211469,,
11776,9.516651153564453,713.0828857421875,1245.0,647056.0625,344422.0,56017.6270250082,,
11790,3.460198402404785,250.98519897460938,451.0,1557696.875,343941.0,379323.44527471066,,
11809,8.884320259094238,178.10899353027344,1163.0,645912.75,343278.0,77913.45052494109,,
11815,10.63982105255127,872.0778198242188,1391.0,645738.375,343104.0,79568.4410223905,,
11816,8.884320259094238,115.08708953857422,1163.0,645729.1875,343095.0,86791.426379174,,
11822,8.019030570983887,118.1541748046875,1051.0,645527.875,342893.0,80549.06775540113,,
11837,11.566457748413086,164.06552124023438,1511.0,1241954.0,342186.0,431274.7294597626,,
11846,10.858656883239746,265.00335693359375,1419.0,644692.5,342058.0,123843.8812611103,,
11866,17.738927841186523,123.0402603149414,2307.0,6969155.0,341475.0,1809831.8207244873,,
11868,6.991100311279297,145.0974578857422,915.0,643956.25,341322.0,73494.37588626146,,
11871,14.648276329040527,135.0235137939453,1911.0,643844.3125,341210.0,257029.0050165353,,
11888,6.089865207672119,117.06627655029297,797.0,643266.9375,340632.0,43950.1574357748,,
11895,16.285062789916992,123.04095458984375,2119.0,6788129.0,340323.0,1731906.3019104004,,
11900,17.181522369384766,123.03955841064453,2235.0,1557501.25,340118.0,520903.7737455368,,
11922,1.622925877571106,99.04446411132812,211.0,642092.5,339458.0,323124.18600370735,,
11927,8.947094917297363,711.0742797851562,1171.0,641924.875,339290.0,44595.68927299976,,
11936,24.69613265991211,164.06883239746094,3205.0,763725.75,339120.0,264096.1692442894,,
11943,8.409673690795898,113.1159896850586,1101.0,2845232.25,338932.0,557824.2246861458,132,13C1
11945,4.054596424102783,112.11336517333984,529.0,10293556.0,338924.0,5502489.339796066,11945,
11969,6.991100311279297,129.10255432128906,915.0,640972.0625,338338.0,64903.39895784855,,
11983,5.240044116973877,296.0481262207031,685.0,2025712.125,337902.0,598859.1525592804,,
11987,6.345765590667725,139.05209350585938,831.0,753150.625,337802.0,239768.25090137543,,
12005,11.36729907989502,131.05349731445312,1485.0,639795.75,337161.0,259929.38317266805,105,13C1
12013,8.884320259094238,117.06627655029297,1163.0,639468.4375,336834.0,96996.85458885133,,
12024,17.135372161865234,123.03992462158203,2229.0,4217159.0,336572.0,1129981.7769699097,,
12029,4.936602592468262,268.1066589355469,645.0,2702869.0,336351.0,1346714.4275759086,,
12059,10.57593822479248,711.0884399414062,1383.0,638064.3125,335430.0,51788.8090313673,,
12061,2.129380702972412,197.12672424316406,277.0,638062.5625,335428.0,142148.21368531656,,
12064,8.884320259094238,116.08223724365234,1163.0,637968.1875,335334.0,79929.88161773235,,
12072,14.326886177062988,112.11336517333984,1869.0,3638311.0,335139.0,1551583.0923576355,12072,
12083,1.0558319091796875,296.0506896972656,137.0,1266660.875,334844.0,488090.303185761,,
12089,6.089865207672119,131.08169555664062,797.0,637356.625,334722.0,35714.95570202265,,
12106,9.501418113708496,717.0745849609375,1243.0,636986.875,334352.0,55836.329071611166,,
12115,16.269210815429688,123.03955841064453,2117.0,1644037.875,333868.0,430614.4659996033,,
12118,16.949968338012695,123.03955841064453,2205.0,1663437.375,333747.0,658813.012720108,,
12140,2.280494213104248,249.13543701171875,297.0,635845.0,333211.0,98750.53118349687,,
12160,5.999905586242676,296.04412841796875,785.0,1933303.875,332810.0,517696.8562037945,,
12169,10.858656883239746,182.0330047607422,1419.0,635070.125,332436.0,205493.85475504398,,
12177,16.050878524780273,123.03992462158203,2089.0,3956906.0,332271.0,902609.8546009064,,
12190,0.0872575119137764,101.07160949707031,11.0,634610.1875,331976.0,65719.66898101498,,
12198,6.96109676361084,88.07630157470703,911.0,634372.9375,331738.0,136394.97368949652,,
12207,3.3968446254730225,250.99046325683594,443.0,1991356.375,331327.0,448322.98655438423,,
12216,13.56976318359375,112.11336517333984,1771.0,3510240.75,331024.0,1144906.098452568,,
12280,7.295108795166016,150.11268615722656,955.0,632038.5,329404.0,196310.7357096679,,
12287,5.83286714553833,296.0466003417969,763.0,2782529.75,329199.0,502586.2219815254,,
12313,24.927350997924805,114.0916748046875,3235.0,630764.25,328130.0,138351.60306930542,,
12329,3.1235694885253906,112.11336517333984,407.0,9654434.0,327665.0,3029066.138507843,12329,
12343,3.7200777530670166,250.9894561767578,485.0,3236462.25,327101.0,704431.6031682491,,
12370,23.305274963378906,124.04377746582031,3025.0,628849.5625,326215.0,166646.86140036583,62,13C1
12379,8.424825668334961,113.11566162109375,1103.0,3099913.5,325916.0,579296.579577446,132,13C1
12390,7.566925525665283,113.11534118652344,991.0,2290668.75,325594.0,490684.3324263096,132,13C1
12414,8.884320259094238,131.08169555664062,1163.0,627651.9375,325017.0,78068.04081706889,,
12430,18.450956344604492,123.04168701171875,2399.0,1425509.625,324477.0,407113.61803913116,,
12443,18.187896728515625,123.04168701171875,2365.0,1407400.0,324092.0,412703.43605422974,,
12465,7.1580657958984375,212.0977783203125,937.0,1180381.0,323052.0,346872.2571260929,,
12468,8.884320259094238,217.11976623535156,1163.0,625499.5,322865.0,65415.00240386836,,
12517,6.991100311279297,194.10365295410156,915.0,624007.9375,321373.0,72960.39201286435,,
12538,0.05322437733411789,97.0289306640625,7.0,623029.5625,320395.0,82444.2446282623,,
12565,1.43672513961792,296.0506896972656,187.0,622131.8125,319497.0,213845.1571199298,,
12570,22.26645851135254,250.9896240234375,2891.0,1406849.625,319268.0,361760.8419389725,,
12576,8.777921676635742,296.0455017089844,1149.0,621842.1875,319208.0,156142.00533801317,,
12578,19.552833557128906,123.03919219970703,2541.0,621803.4375,319169.0,176514.78008532524,,
12595,17.382801055908203,123.04132080078125,2261.0,3994668.0,318756.0,1449999.6929454803,,
12599,12.04213809967041,164.06552124023438,1573.0,1212222.625,318688.0,357137.63634061813,,
12607,0.05322437733411789,75.04480743408203,7.0,678653.8125,318464.0,113574.58303561131,,
12616,10.405226707458496,709.0879516601562,1361.0,620742.3125,318108.0,63584.28989011049,,
12622,8.884320259094238,165.11387634277344,1163.0,620609.0,317975.0,87007.88785518706,,
12635,16.253828048706055,123.04132080078125,2115.0,4013527.25,317705.0,1228323.4858207703,,
12645,4.890796661376953,296.04266357421875,639.0,1531344.5,317554.0,383864.5937409401,,
12650,12.629056930541992,212.0962677001953,1649.0,1505396.625,317350.0,423359.59875535965,,
12659,18.296039581298828,123.04168701171875,2379.0,1402821.875,316963.0,591180.0031957626,,
12665,19.940326690673828,166.0638885498047,2591.0,1086360.875,316613.0,309957.8252248764,,
12677,16.857133865356445,367.0983581542969,2193.0,681131.125,316518.0,149363.68371462822,,
12683,10.81049919128418,195.07681274414062,1413.0,618950.0625,316316.0,269186.8795583211,,
12707,12.751808166503906,212.0962677001953,1665.0,1425469.125,315657.0,349443.9379668236,,
12742,20.654762268066406,164.06883239746094,2683.0,983951.75,314697.0,374080.59712457657,,
12745,4.936602592468262,212.09695434570312,645.0,2268019.75,314534.0,509758.61571359634,,
12748,0.05322437733411789,95.01911163330078,7.0,617074.0,314440.0,81785.50986921915,,
12821,9.486149787902832,713.0516357421875,1241.0,614796.3125,312162.0,50557.72262066603,,
12834,1.3909212350845337,424.30523681640625,181.0,614268.0625,311634.0,76790.9883066492,,
12835,11.36729907989502,333.1349792480469,1485.0,1070096.5,311529.0,288878.5405828953,,
12852,10.670304298400879,112.11336517333984,1395.0,5249593.0,311067.0,1989423.6371002197,,
12865,2.79795503616333,341.1068420410156,365.0,1182489.75,310656.0,132975.08810937405,,
12875,7.825013637542725,113.11534118652344,1025.0,2303714.0,310274.0,666336.5132391453,132,13C1
12894,8.238581657409668,113.11534118652344,1079.0,2205688.5,309639.0,648451.4139108658,132,13C1
12905,10.655054092407227,551.0669555664062,1393.0,611867.1875,309233.0,69117.76840829849,,
12909,10.29871940612793,711.0883178710938,1347.0,611804.4375,309170.0,46829.43185454607,,
12916,18.0017147064209,123.03992462158203,2341.0,4391019.5,308941.0,991887.1263370514,,
12922,16.640623092651367,141.05105590820312,2165.0,1889801.375,308726.0,550160.4428629875,,
12939,20.765060424804688,214.09153747558594,2697.0,975173.875,308348.0,323118.37135601044,,
12946,8.193623542785645,296.0453796386719,1073.0,610785.25,308151.0,125562.06741461344,,
12968,20.296476364135742,250.9896240234375,2637.0,1608643.75,307430.0,351517.5158405304,,
12984,17.011333465576172,123.04168701171875,2213.0,1444290.75,306914.0,417295.38255405426,,
12988,10.283465385437012,711.0880126953125,1345.0,609468.125,306834.0,46829.43185454607,,
13006,4.31374454498291,341.103271484375,563.0,768640.9375,306135.0,107132.23660069704,,
13014,6.089865207672119,113.07146453857422,797.0,608393.625,305759.0,44134.09070631862,,
13016,8.158866882324219,269.0860900878906,1069.0,608283.8125,305649.0,379651.3488531634,,
13025,1.284576177597046,243.68458557128906,167.0,731562.4375,305393.0,149877.95585784112,,
13047,7.263971328735352,228.09765625,951.0,607625.125,304991.0,190693.17038616166,,
13064,21.616619110107422,164.06883239746094,2807.0,963353.6875,304584.0,284826.38936185837,,
13079,6.716333866119385,296.0453796386719,879.0,1728371.875,304092.0,297599.486379385,,
13094,9.609121322631836,715.0800170898438,1257.0,606413.625,303779.0,50249.62296259403,,
13110,14.67806339263916,709.9953002929688,1915.0,606005.3125,303371.0,86647.05590802804,,
13120,5.209863185882568,212.0977783203125,681.0,843272.625,303103.0,393980.4292392731,,
13130,10.512659072875977,710.0723876953125,1375.0,605383.875,302749.0,48537.7146512866,,
13131,18.17206573486328,250.9853515625,2363.0,1091782.125,302703.0,252966.57078790665,,
