time,lat,lon,depth,chla_acs
4/28/2019,26.055704,-158.000546,6,0.079121
4/28/2019,26.059181,-158.00068,6,0.076232
4/28/2019,26.062642,-158.000738,6,0.076031
4/28/2019,26.066107,-158.000758,6,0.079495
4/28/2019,26.069544,-158.000829,6,0.078845
4/28/2019,26.072971,-158.000847,6,0.078972
4/28/2019,26.076396,-158.000886,6,0.077961
4/28/2019,26.079817,-158.000955,6,0.078259
4/28/2019,26.083226,-158.000933,6,0.077084
4/28/2019,26.086637,-158.000924,6,0.072777
4/28/2019,26.13106,-158.00108,6,0.081194
4/28/2019,26.134425,-158.001019,6,0.081281
4/28/2019,26.137799,-158.001061,6,0.082475
4/28/2019,26.141183,-158.001061,6,0.081957
4/28/2019,26.144578,-158.001026,6,0.080251
4/28/2019,26.147946,-158.001035,6,0.079469
4/28/2019,26.151329,-158.001061,6,0.081985
4/28/2019,26.154687,-158.001059,6,0.081818
4/28/2019,26.158074,-158.001049,6,0.077842
4/28/2019,26.161454,-158.001073,6,0.077623
4/28/2019,26.164834,-158.001004,6,0.078046
4/28/2019,26.168172,-158.001047,6,0.076388
4/28/2019,26.171545,-158.00113,6,0.075124
4/28/2019,26.174884,-158.001124,6,0.075004
4/28/2019,26.178221,-158.001094,6,0.075729
4/28/2019,26.181576,-158.00121,6,0.080008
4/28/2019,26.184943,-158.001191,6,0.076654
4/28/2019,26.188289,-158.00105,6,0.077435
4/28/2019,26.191642,-158.001018,6,0.077048
4/28/2019,26.195012,-158.000933,6,0.072187
4/28/2019,26.198388,-158.000896,6,0.072277
4/28/2019,26.201763,-158.000894,6,0.071328
4/28/2019,26.205122,-158.000884,6,0.072004
4/28/2019,26.20851,-158.001026,6,0.074509
4/28/2019,26.211869,-158.001066,6,0.07539
4/28/2019,26.215225,-158.000921,6,0.075685
4/28/2019,26.218591,-158.000754,6,0.075711
4/28/2019,26.221977,-158.000587,6,0.076099
4/28/2019,26.225394,-158.000567,6,0.078429
4/28/2019,26.228787,-158.000464,6,0.079459
4/28/2019,26.232209,-158.000324,6,0.07916
4/28/2019,26.235629,-158.000301,6,0.075234
4/28/2019,26.239044,-158.000208,6,0.078436
4/28/2019,26.24248,-158.000207,6,0.077995
4/28/2019,26.245897,-158.000192,6,0.08084
4/28/2019,26.249314,-158.000034,6,0.079675
4/28/2019,26.252734,-157.999901,6,0.080284
4/28/2019,26.256123,-157.99984,6,0.083347
4/28/2019,26.259542,-157.999924,6,0.081163
4/28/2019,26.262953,-157.999865,6,0.082016
4/28/2019,26.266357,-157.999821,6,0.08167
4/28/2019,26.26975,-157.999785,6,0.081789
4/28/2019,26.273173,-157.999773,6,0.0812
4/28/2019,26.276588,-157.999789,6,0.081084
4/28/2019,26.280044,-157.999767,6,0.085478
4/28/2019,26.283442,-157.999787,6,0.089573
4/28/2019,26.286844,-157.999736,6,0.089823
4/28/2019,26.29025,-157.999624,6,0.089611
4/28/2019,26.293649,-157.999639,6,0.08958
4/28/2019,26.297047,-157.999635,6,0.096659
4/28/2019,26.33412,-157.999757,6,0.092215
4/28/2019,26.337458,-157.999859,6,0.093737
4/28/2019,26.340807,-157.99995,6,0.092964
4/28/2019,26.344153,-158.000012,6,0.09162
4/28/2019,26.347521,-158.000063,6,0.088078
4/28/2019,26.35086,-158.000065,6,0.083817
4/28/2019,26.35423,-158.000167,6,0.087968
4/28/2019,26.357593,-158.000303,6,0.086817
4/28/2019,26.360928,-158.000395,6,0.08528
4/28/2019,26.364276,-158.00048,6,0.085618
4/28/2019,26.367627,-158.000455,6,0.083646
4/28/2019,26.370977,-158.000506,6,0.088233
4/28/2019,26.374317,-158.000554,6,0.086237
4/28/2019,26.377672,-158.000636,6,0.086401
4/28/2019,26.381016,-158.000656,6,0.085995
4/28/2019,26.384363,-158.00071,6,0.088785
4/28/2019,26.387712,-158.000731,6,0.089493
4/28/2019,26.391062,-158.000831,6,0.087143
4/28/2019,26.394413,-158.000748,6,0.088535
4/28/2019,26.397776,-158.000636,6,0.084255
4/28/2019,26.40106,-158.000623,6,0.086256
4/28/2019,26.404423,-158.000559,6,0.085553
4/28/2019,26.40768,-158.000457,6,0.085433
4/28/2019,26.411045,-158.000378,6,0.084862
4/28/2019,26.41434,-158.000298,6,0.08719
4/28/2019,26.417628,-158.000293,6,0.082736
4/28/2019,26.420941,-158.000187,6,0.084321
4/28/2019,26.424255,-158.000046,6,0.082411
4/28/2019,26.427578,-158.000012,6,0.087007
4/28/2019,26.430891,-158.000013,6,0.082501
4/28/2019,26.43419,-158.00003,6,0.08395
4/28/2019,26.437509,-157.999975,6,0.083519
4/28/2019,26.440822,-157.999919,6,0.082869
4/28/2019,26.444138,-157.999831,6,0.083148
4/28/2019,26.447463,-157.999754,6,0.082644
4/28/2019,26.450789,-157.999748,6,0.083471
4/28/2019,26.454142,-157.999787,6,0.083044
4/28/2019,26.457455,-157.999728,6,0.083103
4/28/2019,26.460764,-157.999675,6,0.083068
4/28/2019,26.464076,-157.999753,6,0.083077
4/28/2019,26.467418,-157.999765,6,0.083283
4/28/2019,26.470649,-157.999771,6,0.083407
4/28/2019,26.473929,-157.999757,6,0.083343
4/28/2019,26.477215,-157.999707,6,0.086926
4/28/2019,26.48049,-157.999695,6,0.085138
4/28/2019,26.483752,-157.999524,6,0.085153
4/28/2019,26.487024,-157.999376,6,0.085424
4/28/2019,26.490268,-157.999218,6,0.085102
4/28/2019,26.493523,-157.999092,6,0.084797
4/28/2019,26.496792,-157.999009,6,0.085664
4/28/2019,26.532873,-157.998593,6,0.083902
4/28/2019,26.536154,-157.998668,6,0.086408
4/28/2019,26.539443,-157.998777,6,0.087471
4/28/2019,26.542726,-157.998805,6,0.088288
4/28/2019,26.546007,-157.998996,6,0.092561
4/28/2019,26.549295,-157.999187,6,0.089546
4/28/2019,26.552595,-157.999417,6,0.087972
4/28/2019,26.555892,-157.999622,6,0.088962
4/28/2019,26.559179,-157.999763,6,0.088272
4/28/2019,26.562445,-157.999939,6,0.084834
4/28/2019,26.565724,-158.00009,6,0.087015
4/28/2019,26.569015,-158.000367,6,0.087135
4/28/2019,26.572297,-158.000547,6,0.087185
4/28/2019,26.575563,-158.000685,6,0.087704
4/28/2019,26.578856,-158.000767,6,0.091984
4/28/2019,26.58213,-158.000785,6,0.088401
4/28/2019,26.585421,-158.000779,6,0.09245
4/28/2019,26.58871,-158.000875,6,0.091844
4/28/2019,26.592012,-158.00095,6,0.088942
4/28/2019,26.595327,-158.000796,6,0.083808
4/28/2019,26.59866,-158.000616,6,0.080378
4/28/2019,26.601976,-158.000407,6,0.084466
4/28/2019,26.605306,-158.000203,6,0.084745
4/28/2019,26.608635,-158.000005,6,0.086484
4/28/2019,26.611959,-157.999816,6,0.087014
4/28/2019,26.615264,-157.999696,6,0.087246
4/28/2019,26.618566,-157.999714,6,0.087677
4/28/2019,26.62188,-157.999654,6,0.087777
4/28/2019,26.625187,-157.999436,6,0.091951
4/28/2019,26.628509,-157.999189,6,0.091166
4/28/2019,26.631834,-157.998966,6,0.092618
4/28/2019,26.635169,-157.998809,6,0.096732
4/28/2019,26.638538,-157.998634,6,0.09537
4/28/2019,26.641873,-157.9984,6,0.092255
4/28/2019,26.645235,-157.998279,6,0.092471
4/28/2019,26.648587,-157.998094,6,0.092714
4/28/2019,26.651932,-157.997846,6,0.092804
4/28/2019,26.655255,-157.997638,6,0.09241
4/28/2019,26.658587,-157.997457,6,0.093013
4/28/2019,26.6619,-157.997246,6,0.092164
4/28/2019,26.665211,-157.99703,6,0.093485
4/28/2019,26.66852,-157.99681,6,0.093839
4/28/2019,26.671815,-157.996604,6,0.096669
4/28/2019,26.675102,-157.996388,6,0.096767
4/28/2019,26.678404,-157.996177,6,0.097065
4/28/2019,26.681697,-157.996069,6,0.096969
4/28/2019,26.684984,-157.995765,6,0.096728
4/28/2019,26.688278,-157.995543,6,0.096559
4/28/2019,26.691579,-157.995372,6,0.096618
4/28/2019,26.694885,-157.995238,6,0.089742
4/28/2019,26.73107,-157.993143,6,0.089978
4/28/2019,26.734342,-157.99291,6,0.089493
4/28/2019,26.737594,-157.992733,6,0.091038
4/28/2019,26.740845,-157.992603,6,0.094366
4/28/2019,26.74409,-157.992435,6,0.094504
4/28/2019,26.747324,-157.992202,6,0.09198
4/28/2019,26.750574,-157.991992,6,0.092057
4/28/2019,26.753833,-157.991881,6,0.095469
4/28/2019,26.757077,-157.991793,6,0.094828
4/28/2019,26.760294,-157.991586,6,0.0951
4/28/2019,26.763512,-157.991415,6,0.095249
4/28/2019,26.766716,-157.991194,6,0.096569
4/28/2019,26.769902,-157.991026,6,0.093801
4/28/2019,26.773093,-157.990922,6,0.092361
4/28/2019,26.776302,-157.990812,6,0.097587
4/28/2019,26.779507,-157.990695,6,0.095285
4/28/2019,26.782733,-157.99061,6,0.092122
4/28/2019,26.785942,-157.990507,6,0.091603
4/28/2019,26.789161,-157.990416,6,0.092337
4/28/2019,26.792381,-157.990282,6,0.092745
4/28/2019,26.795607,-157.990149,6,0.087975
4/28/2019,26.798835,-157.990057,6,0.087615
4/28/2019,26.80208,-157.989873,6,0.088471
4/28/2019,26.805305,-157.989775,6,0.088407
4/28/2019,26.808529,-157.989663,6,0.088715
4/28/2019,26.811756,-157.989482,6,0.088647
4/28/2019,26.814986,-157.989295,6,0.0888
4/28/2019,26.818198,-157.989195,6,0.094357
4/28/2019,26.821406,-157.989126,6,0.090167
4/28/2019,26.824581,-157.989038,6,0.091429
4/28/2019,26.827765,-157.989068,6,0.094643
4/28/2019,26.830934,-157.989039,6,0.090073
4/28/2019,26.834088,-157.988943,6,0.087957
4/28/2019,26.837248,-157.988818,6,0.088987
4/28/2019,26.840382,-157.988678,6,0.089242
4/28/2019,26.843515,-157.988583,6,0.087623
4/28/2019,26.846653,-157.988471,6,0.091898
4/28/2019,26.849783,-157.988457,6,0.092291
4/28/2019,26.852802,-157.989166,6,0.090569
4/28/2019,26.855046,-157.991288,6,0.088713
4/28/2019,26.855777,-157.994106,6,0.08854
4/28/2019,26.855555,-157.996574,6,0.088926
4/28/2019,26.855332,-157.998083,6,0.093652
4/28/2019,26.855292,-157.998401,6,0.092978
4/28/2019,26.855288,-157.998402,6,0.089022
4/28/2019,26.855274,-157.998401,6,0.090021
4/28/2019,26.855262,-157.998403,6,0.092133
4/28/2019,26.855251,-157.998407,6,0.089772
4/28/2019,26.855253,-157.998404,6,0.086738
4/28/2019,26.855244,-157.998413,6,0.086486
4/28/2019,26.855092,-157.998416,6,0.088808
4/28/2019,26.855049,-157.998431,6,0.084962
4/28/2019,26.854996,-157.99842,6,0.08595
4/28/2019,26.854946,-157.998414,6,0.087286
4/28/2019,26.854897,-157.998445,6,0.086807
4/28/2019,26.854836,-157.998418,6,0.08272
4/28/2019,26.854755,-157.998391,6,0.083113
4/28/2019,26.85472,-157.998885,6,0.082104
4/28/2019,26.855256,-157.999724,6,0.081746
4/28/2019,26.856147,-158.000123,6,0.081291
4/28/2019,26.85715,-158.000289,6,0.085163
4/28/2019,26.858589,-158.000225,6,0.079824
4/28/2019,26.860735,-158.000132,6,0.07719
4/28/2019,26.863699,-158.000324,6,0.079666
4/28/2019,26.866812,-158.000423,6,0.080626
4/28/2019,26.869931,-158.000521,6,0.084371
4/28/2019,26.873043,-158.000686,6,0.085929
4/28/2019,26.87612,-158.000905,6,0.085133
4/28/2019,26.879173,-158.001211,6,0.084057
4/28/2019,26.882226,-158.001548,6,0.087241
4/28/2019,26.885257,-158.001941,6,0.083738
4/28/2019,26.888301,-158.002253,6,0.083061
4/28/2019,26.891349,-158.002363,6,0.082488
4/28/2019,26.894425,-158.002352,6,0.086891
4/28/2019,26.897519,-158.002362,6,0.087405
4/28/2019,26.900621,-158.002309,6,0.082303
4/28/2019,26.903723,-158.002199,6,0.082093
4/28/2019,26.906837,-158.002042,6,0.086564
4/28/2019,26.909963,-158.001936,6,0.087519
4/28/2019,26.913095,-158.001859,6,0.082056
4/28/2019,26.91625,-158.001749,6,0.082819
4/28/2019,26.919388,-158.001702,6,0.083343
4/28/2019,26.922578,-158.001603,6,0.08137
4/28/2019,26.925769,-158.001471,6,0.081093
4/28/2019,26.928971,-158.00142,6,0.077628
4/28/2019,26.932179,-158.001298,6,0.082454
4/28/2019,26.935392,-158.00114,6,0.081133
4/28/2019,26.938598,-158.001114,6,0.081148
4/28/2019,26.941789,-158.001007,6,0.078832
4/28/2019,26.944969,-158.000718,6,0.079067
4/28/2019,26.948145,-158.000509,6,0.077681
4/28/2019,26.951367,-158.000327,6,0.077836
4/28/2019,26.954524,-158.000134,6,0.078591
4/28/2019,26.957733,-158.000114,6,0.078613
4/28/2019,26.960909,-158.000017,6,0.078757
4/28/2019,26.964063,-158.000018,6,0.079412
4/28/2019,26.967221,-158.00002,6,0.079534
4/28/2019,26.970386,-157.999915,6,0.078467
4/28/2019,26.973537,-157.999934,6,0.08252
4/28/2019,26.976687,-157.999875,6,0.078883
4/28/2019,27.011706,-157.999642,6,0.082904
4/28/2019,27.014885,-157.9996,6,0.083312
4/28/2019,27.018111,-157.99954,6,0.082949
4/28/2019,27.021318,-157.999424,6,0.083098
4/28/2019,27.024518,-157.999341,6,0.082238
4/28/2019,27.027734,-157.999158,6,0.084788
4/28/2019,27.030949,-157.998889,6,0.083614
4/28/2019,27.034173,-157.998691,6,0.083614
4/28/2019,27.037381,-157.998391,6,0.082839
4/28/2019,27.040586,-157.998063,6,0.081612
4/28/2019,27.043811,-157.997848,6,0.081074
4/28/2019,27.047018,-157.99762,6,0.076254
4/28/2019,27.05022,-157.997404,6,0.0761
4/28/2019,27.053437,-157.997279,6,0.080399
4/28/2019,27.056658,-157.997176,6,0.081198
4/28/2019,27.059873,-157.997135,6,0.081928
4/28/2019,27.063101,-157.99714,6,0.082035
4/28/2019,27.066274,-157.997176,6,0.081569
4/28/2019,27.0691,-157.997157,6,0.081542
4/28/2019,27.071132,-157.997462,6,0.084404
4/28/2019,27.072045,-157.998149,6,0.080863
4/28/2019,27.072309,-157.998371,6,0.078716
4/28/2019,27.072398,-157.998278,6,0.079664
4/28/2019,27.072502,-157.998226,6,0.079513
4/28/2019,27.072597,-157.998231,6,0.083773
4/28/2019,27.072651,-157.99825,6,0.083852
4/28/2019,27.072688,-157.998259,6,0.079564
4/28/2019,27.072716,-157.998245,6,0.078192
4/28/2019,27.072765,-157.99825,6,0.077506
4/28/2019,27.072803,-157.998248,6,0.074487
4/28/2019,27.072844,-157.998243,6,0.074942
4/28/2019,27.07287,-157.998255,6,0.074693
4/28/2019,27.072897,-157.99825,6,0.074384
4/28/2019,27.072933,-157.998245,6,0.077736
4/28/2019,27.072962,-157.99825,6,0.074441
4/28/2019,27.072992,-157.998248,6,0.079241
4/28/2019,27.073026,-157.998243,6,0.07808
4/28/2019,27.073054,-157.998253,6,0.076284
4/28/2019,27.073091,-157.998263,6,0.076477
4/28/2019,27.073121,-157.998253,6,0.076233
4/28/2019,27.073151,-157.998252,6,0.078638
4/28/2019,27.07318,-157.998248,6,0.076949
4/28/2019,27.073199,-157.998253,6,0.078314
4/28/2019,27.073223,-157.998257,6,0.076019
4/28/2019,27.073246,-157.998251,6,0.076196
4/28/2019,27.073272,-157.998256,6,0.075671
4/28/2019,27.073305,-157.998252,6,0.077859
4/28/2019,27.073332,-157.998263,6,0.078244
4/28/2019,27.073366,-157.99826,6,0.074768
4/28/2019,27.073408,-157.998249,6,0.074289
4/28/2019,27.073847,-157.998281,6,0.080027
4/28/2019,27.073833,-157.998297,6,0.079951
4/28/2019,27.073813,-157.998306,6,0.080896
4/28/2019,27.073779,-157.998366,6,0.079339
4/28/2019,27.073596,-157.998993,6,0.077275
4/28/2019,27.073438,-157.999797,6,0.080437
4/28/2019,27.07372,-158.000497,6,0.077359
4/28/2019,27.074183,-158.000822,6,0.077111
4/28/2019,27.074728,-158.000812,6,0.077745
4/28/2019,27.075446,-158.000646,6,0.07806
4/28/2019,27.076373,-158.000466,6,0.077912
4/28/2019,27.077529,-158.000274,6,0.077743
4/28/2019,27.079029,-158.000066,6,0.075245
4/28/2019,27.081167,-157.999892,6,0.079391
4/28/2019,27.08425,-157.999798,6,0.075265
4/28/2019,27.087483,-157.999895,6,0.074988
4/28/2019,27.090707,-157.999974,6,0.070563
4/28/2019,27.093925,-158.000021,6,0.078649
4/28/2019,27.097117,-158.00009,6,0.077127
4/28/2019,27.100316,-158.000209,6,0.077203
4/28/2019,27.103521,-158.000314,6,0.07403
4/28/2019,27.106727,-158.000286,6,0.074297
4/28/2019,27.10992,-158.00021,6,0.081407
4/28/2019,27.113104,-158.000163,6,0.078226
4/28/2019,27.116286,-158.000148,6,0.07898
4/28/2019,27.119484,-158.00021,6,0.079736
4/28/2019,27.122678,-158.000218,6,0.079072
4/28/2019,27.125902,-158.000138,6,0.080209
4/28/2019,27.129135,-158.00007,6,0.079995
4/28/2019,27.132355,-158.000014,6,0.079311
4/28/2019,27.135563,-158.000023,6,0.079672
4/28/2019,27.138776,-158.000122,6,0.079616
4/28/2019,27.14201,-158.000119,6,0.076101
4/28/2019,27.14523,-158.000152,6,0.074296
4/28/2019,27.148455,-158.000146,6,0.076307
4/28/2019,27.151674,-158.000185,6,0.074299
4/28/2019,27.154879,-158.000342,6,0.074461
4/28/2019,27.1581,-158.000415,6,0.075001
4/28/2019,27.161323,-158.000368,6,0.074192
4/28/2019,27.164565,-158.000292,6,0.076606
4/28/2019,27.167798,-158.000238,6,0.076519
4/28/2019,27.171063,-158.00019,6,0.076267
4/28/2019,27.174318,-158.000128,6,0.075674
4/28/2019,27.177588,-158.00005,6,0.072749
4/28/2019,27.180849,-158.000021,6,0.075845
4/28/2019,27.184106,-158.000021,6,0.077959
4/28/2019,27.187368,-157.999965,6,0.076273
4/28/2019,27.19062,-157.999967,6,0.076868
4/28/2019,27.193861,-157.999929,6,0.075596
4/28/2019,27.1971,-157.999854,6,0.077981
4/28/2019,27.232683,-157.999821,6,0.073154
4/28/2019,27.235895,-157.999897,6,0.073207
4/28/2019,27.239105,-157.999922,6,0.07288
4/28/2019,27.242285,-157.999886,6,0.072853
4/28/2019,27.245483,-157.999919,6,0.07298
4/28/2019,27.248675,-158.000027,6,0.071321
4/28/2019,27.251886,-158.000076,6,0.072534
4/28/2019,27.255098,-158.000078,6,0.076779
4/28/2019,27.258306,-158.000107,6,0.072386
4/28/2019,27.261515,-158.000112,6,0.072333
4/28/2019,27.264724,-158.000119,6,0.077203
4/28/2019,27.267944,-158.000145,6,0.077337
4/28/2019,27.271153,-158.000139,6,0.074038
4/28/2019,27.274375,-158.000162,6,0.073102
4/28/2019,27.277611,-158.000173,6,0.073483
4/28/2019,27.280859,-158.000215,6,0.072189
4/28/2019,27.284122,-158.00018,6,0.071811
4/28/2019,27.28739,-158.000209,6,0.071768
4/28/2019,27.290668,-158.000231,6,0.071302
4/28/2019,27.293979,-158.000275,6,0.072135
4/28/2019,27.297251,-158.000292,6,0.074149
4/28/2019,27.300517,-158.000201,6,0.074389
4/28/2019,27.303785,-158.000081,6,0.071646
4/28/2019,27.307074,-157.999957,6,0.075844
4/28/2019,27.310367,-157.999817,6,0.076052
4/28/2019,27.313659,-157.999732,6,0.070799
4/28/2019,27.316945,-157.999799,6,0.074696
4/28/2019,27.320221,-157.999858,6,0.074462
4/28/2019,27.323512,-157.999871,6,0.075846
4/28/2019,27.326805,-157.999964,6,0.075145
4/28/2019,27.330088,-158.000022,6,0.074289
4/28/2019,27.333385,-158.000018,6,0.079609
4/28/2019,27.336661,-158.00011,6,0.073938
4/28/2019,27.339941,-158.000149,6,0.073828
4/28/2019,27.343204,-158.000205,6,0.074718
4/28/2019,27.34648,-158.000288,6,0.074976
4/28/2019,27.349741,-158.00035,6,0.074788
4/28/2019,27.35304,-158.000414,6,0.071657
4/28/2019,27.356249,-158.000316,6,0.070463
4/28/2019,27.359512,-158.000088,6,0.075857
4/28/2019,27.362792,-157.999895,6,0.070773
4/28/2019,27.366084,-157.999796,6,0.075322
4/28/2019,27.369359,-157.999788,6,0.073819
4/28/2019,27.372636,-157.999874,6,0.073488
4/28/2019,27.375978,-157.999892,6,0.07432
4/28/2019,27.379195,-157.999886,6,0.071049
4/28/2019,27.382468,-157.999831,6,0.073416
4/28/2019,27.385724,-157.999855,6,0.074109
4/28/2019,27.388918,-157.999897,6,0.073378
4/28/2019,27.392231,-157.999883,6,0.074712
4/28/2019,27.428273,-157.999953,6,0.074845
4/28/2019,27.431504,-157.999943,6,0.078639
4/28/2019,27.434733,-157.999977,6,0.079211
4/28/2019,27.437948,-158.000084,6,0.079974
4/28/2019,27.441168,-158.000137,6,0.080441
4/28/2019,27.444393,-158.000078,6,0.080211
4/28/2019,27.447627,-158.000056,6,0.080557
4/28/2019,27.450865,-158.000086,6,0.080073
4/28/2019,27.454107,-158.000085,6,0.07981
4/28/2019,27.457352,-158.000037,6,0.079176
4/28/2019,27.46062,-158.000018,6,0.080357
4/28/2019,27.46388,-158.00006,6,0.082169
4/28/2019,27.467144,-158.000013,6,0.080167
4/28/2019,27.470411,-158.000051,6,0.080861
4/28/2019,27.473685,-158.000117,6,0.076637
4/28/2019,27.476956,-158.000046,6,0.080598
4/28/2019,27.480249,-158.000016,6,0.08153
4/28/2019,27.483554,-157.999924,6,0.080829
4/28/2019,27.486874,-157.999905,6,0.081299
4/28/2019,27.490205,-157.999938,6,0.083488
4/28/2019,27.493539,-157.99993,6,0.082984
4/28/2019,27.496873,-157.99989,6,0.077837
4/28/2019,27.500198,-157.999867,6,0.076613
4/28/2019,27.503542,-157.999942,6,0.076409
4/28/2019,27.506879,-157.999935,6,0.076457
4/28/2019,27.510199,-157.999895,6,0.082288
4/28/2019,27.513516,-157.999845,6,0.082435
4/28/2019,27.516827,-157.999781,6,0.082703
4/28/2019,27.520136,-157.999813,6,0.085508
4/28/2019,27.523445,-157.999849,6,0.082084
4/28/2019,27.52675,-157.99986,6,0.085658
4/28/2019,27.530045,-157.999814,6,0.079076
4/28/2019,27.533345,-157.999783,6,0.080757
4/28/2019,27.536637,-157.99984,6,0.080431
4/28/2019,27.539921,-157.999884,6,0.079769
4/28/2019,27.543197,-157.999888,6,0.076229
4/28/2019,27.546485,-157.999943,6,0.078334
4/28/2019,27.549781,-157.99998,6,0.082442
4/28/2019,27.553068,-158.000016,6,0.077953
4/28/2019,27.55634,-158.000005,6,0.078955
4/28/2019,27.559612,-158.000022,6,0.078794
4/28/2019,27.562865,-158.000043,6,0.082465
4/28/2019,27.566126,-158.000036,6,0.079585
4/28/2019,27.569378,-157.999939,6,0.078101
4/28/2019,27.572624,-157.999876,6,0.080643
4/28/2019,27.57587,-157.999932,6,0.080759
4/28/2019,27.579112,-157.999906,6,0.080201
4/28/2019,27.582343,-157.999809,6,0.074906
4/28/2019,27.585568,-157.999722,6,0.080851
4/28/2019,27.588803,-157.999644,6,0.078843
4/28/2019,27.624448,-158.000364,6,0.084234
4/28/2019,27.627697,-158.000323,6,0.080589
4/28/2019,27.630944,-158.000324,6,0.082609
4/28/2019,27.63419,-158.000311,6,0.081821
4/28/2019,27.637442,-158.000217,6,0.078904
4/28/2019,27.640709,-158.000173,6,0.07703
4/28/2019,27.643976,-158.000217,6,0.07695
4/28/2019,27.647251,-158.000234,6,0.075355
4/28/2019,27.650515,-158.000235,6,0.074851
4/28/2019,27.653785,-158.000183,6,0.07933
4/28/2019,27.657054,-158.00014,6,0.075412
4/28/2019,27.660316,-158.000082,6,0.07783
4/28/2019,27.663593,-158.000037,6,0.080236
4/28/2019,27.666853,-157.999928,6,0.074411
4/28/2019,27.670103,-157.999787,6,0.07529
4/28/2019,27.673372,-157.999778,6,0.079369
4/28/2019,27.676645,-157.999761,6,0.076618
4/28/2019,27.679918,-157.999738,6,0.074644
4/28/2019,27.683197,-157.999663,6,0.073861
4/28/2019,27.686488,-157.999578,6,0.077481
4/28/2019,27.689786,-157.999616,6,0.073387
4/28/2019,27.693073,-157.999717,6,0.076791
4/28/2019,27.696379,-157.999773,6,0.07735
4/28/2019,27.699683,-157.99981,6,0.077185
4/28/2019,27.702983,-157.999867,6,0.073164
4/28/2019,27.706283,-158.00003,6,0.073463
4/28/2019,27.709578,-157.999971,6,0.072648
4/28/2019,27.71287,-157.999905,6,0.074904
4/28/2019,27.716167,-157.999791,6,0.076463
4/28/2019,27.719456,-157.999752,6,0.07616
4/28/2019,27.722753,-157.999794,6,0.074775
4/28/2019,27.726055,-157.999789,6,0.075704
4/28/2019,27.729374,-157.999721,6,0.077511
4/28/2019,27.7327,-157.999679,6,0.072114
4/28/2019,27.736018,-157.999623,6,0.072173
4/28/2019,27.739324,-157.999579,6,0.073656
4/28/2019,27.742628,-157.99961,6,0.07691
4/28/2019,27.745923,-157.99968,6,0.077354
4/28/2019,27.749208,-157.999753,6,0.074059
4/28/2019,27.752481,-157.999808,6,0.078223
4/28/2019,27.755751,-157.999824,6,0.077693
4/28/2019,27.759012,-157.999951,6,0.078804
4/28/2019,27.762282,-158.000028,6,0.08215
4/28/2019,27.765555,-158.000091,6,0.079904
4/28/2019,27.768828,-158.000129,6,0.079277
4/28/2019,27.772109,-158.000106,6,0.080263
4/28/2019,27.775378,-158.000042,6,0.082507
4/28/2019,27.778651,-158.000048,6,0.077186
4/28/2019,27.781911,-158.000071,6,0.077195
4/28/2019,27.785173,-158.000081,6,0.08162
4/28/2019,27.820834,-157.999938,6,0.076162
4/28/2019,27.824067,-157.999908,6,0.081076
4/28/2019,27.827289,-157.999932,6,0.081018
4/28/2019,27.830511,-158.00003,6,0.078127
4/28/2019,27.833732,-158.000099,6,0.081882
4/28/2019,27.836961,-158.000124,6,0.081904
4/28/2019,27.840198,-158.000011,6,0.081869
4/28/2019,27.843416,-157.999894,6,0.083541
4/28/2019,27.846616,-157.999757,6,0.077807
4/28/2019,27.849816,-157.999624,6,0.080287
4/28/2019,27.853023,-157.999602,6,0.080589
4/28/2019,27.856243,-157.999553,6,0.082069
4/28/2019,27.859459,-157.999441,6,0.082088
4/28/2019,27.862682,-157.999367,6,0.078
4/28/2019,27.865897,-157.999343,6,0.081305
4/28/2019,27.869094,-157.999286,6,0.081702
4/28/2019,27.872266,-157.999158,6,0.081689
4/28/2019,27.875449,-157.999169,6,0.082008
4/28/2019,27.878657,-157.999121,6,0.081767
4/28/2019,27.881873,-157.999082,6,0.081721
4/28/2019,27.885081,-157.99914,6,0.083719
4/28/2019,27.888297,-157.999345,6,0.079404
4/28/2019,27.891534,-157.999534,6,0.078961
4/28/2019,27.894755,-157.999645,6,0.079117
4/28/2019,27.898001,-157.999771,6,0.079137
4/28/2019,27.901257,-157.999879,6,0.082775
4/28/2019,27.904501,-158.000074,6,0.077381
4/28/2019,27.907734,-158.000259,6,0.077236
4/28/2019,27.910964,-158.000316,6,0.076883
4/28/2019,27.914199,-158.000337,6,0.07792
4/28/2019,27.917438,-158.000359,6,0.077139
4/28/2019,27.920689,-158.000354,6,0.072659
4/28/2019,27.923936,-158.000285,6,0.073092
4/28/2019,27.927179,-158.00025,6,0.074062
4/28/2019,27.930444,-158.00024,6,0.073736
4/28/2019,27.933717,-158.000304,6,0.075475
4/28/2019,27.937005,-158.000293,6,0.071175
4/28/2019,27.940296,-158.000279,6,0.072092
4/28/2019,27.943568,-158.000249,6,0.071712
4/28/2019,27.946841,-158.000215,6,0.073268
4/28/2019,27.950115,-158.000212,6,0.076267
4/28/2019,27.953401,-158.000232,6,0.077801
4/28/2019,27.956703,-158.000261,6,0.077399
4/28/2019,27.960002,-158.000255,6,0.073601
4/28/2019,27.963307,-158.000347,6,0.069205
4/28/2019,27.966622,-158.000412,6,0.068817
4/28/2019,27.969926,-158.000354,6,0.073463
4/28/2019,27.973222,-158.000254,6,0.074082
4/28/2019,27.976514,-158.000152,6,0.078566
4/28/2019,27.979795,-158.00011,6,0.072651
4/28/2019,28.016379,-157.999748,6,0.082847
4/28/2019,28.019699,-157.999778,6,0.082848
4/28/2019,28.023006,-157.999779,6,0.078384
4/28/2019,28.026296,-157.999797,6,0.081951
4/28/2019,28.029602,-157.999893,6,0.079903
4/28/2019,28.032901,-157.999844,6,0.076267
4/28/2019,28.036219,-157.999794,6,0.07723
4/28/2019,28.039579,-157.999857,6,0.078885
4/28/2019,28.042915,-157.999834,6,0.080163
4/28/2019,28.046266,-157.999757,6,0.080997
4/28/2019,28.049629,-157.999759,6,0.082888
4/28/2019,28.052981,-157.999737,6,0.081427
4/28/2019,28.05632,-157.999637,6,0.084801
4/28/2019,28.059652,-157.999513,6,0.083752
4/28/2019,28.062988,-157.999328,6,0.081026
4/28/2019,28.066318,-157.999182,6,0.081205
4/28/2019,28.069648,-157.999148,6,0.082954
4/28/2019,28.072973,-157.999069,6,0.08355
4/28/2019,28.0763,-157.998983,6,0.08254
4/28/2019,28.079636,-157.99891,6,0.081701
4/28/2019,28.082974,-157.998923,6,0.07908
4/28/2019,28.086306,-157.998934,6,0.079537
4/28/2019,28.089642,-157.998941,6,0.080134
4/28/2019,28.092993,-157.998953,6,0.08059
4/28/2019,28.09635,-157.998942,6,0.078081
4/28/2019,28.099698,-157.998999,6,0.074019
4/28/2019,28.103028,-157.999092,6,0.07424
4/28/2019,28.106331,-157.999197,6,0.073857
4/28/2019,28.109608,-157.999263,6,0.072487
4/28/2019,28.112892,-157.999334,6,0.073194
4/28/2019,28.116178,-157.999386,6,0.073646
4/28/2019,28.119486,-157.999341,6,0.074887
4/28/2019,28.122806,-157.999287,6,0.074165
4/28/2019,28.126132,-157.999204,6,0.071823
4/28/2019,28.12945,-157.999108,6,0.073783
4/28/2019,28.132766,-157.999007,6,0.072198
4/28/2019,28.136037,-157.998877,6,0.074867
4/28/2019,28.139358,-157.998745,6,0.070982
4/28/2019,28.142638,-157.998572,6,0.072653
4/28/2019,28.145924,-157.998479,6,0.069395
4/28/2019,28.149191,-157.998498,6,0.072396
4/28/2019,28.152462,-157.998488,6,0.069712
4/28/2019,28.155755,-157.998413,6,0.069595
4/28/2019,28.159045,-157.998415,6,0.065432
4/28/2019,28.162336,-157.998468,6,0.067783
4/28/2019,28.165636,-157.99852,6,0.069029
4/28/2019,28.16892,-157.99858,6,0.064536
4/28/2019,28.17219,-157.998527,6,0.063122
4/28/2019,28.175462,-157.998488,6,0.063044
4/28/2019,28.178733,-157.998604,6,0.05794
4/28/2019,28.214724,-157.999599,6,0.064648
4/28/2019,28.218034,-157.999758,6,0.064949
4/28/2019,28.221353,-157.999921,6,0.060496
4/28/2019,28.224665,-158.000079,6,0.063703
4/28/2019,28.227962,-158.000172,6,0.064857
4/28/2019,28.231296,-158.000279,6,0.067336
4/28/2019,28.2346,-158.000273,6,0.066381
4/28/2019,28.237914,-158.000258,6,0.06594
4/28/2019,28.241246,-158.000238,6,0.070879
4/28/2019,28.244586,-158.000271,6,0.06967
4/28/2019,28.247935,-158.000281,6,0.073275
4/28/2019,28.251299,-158.000209,6,0.07152
4/28/2019,28.254676,-158.000129,6,0.073
4/28/2019,28.25804,-158.000158,6,0.073428
4/28/2019,28.261409,-158.000127,6,0.072546
4/28/2019,28.264799,-158.000022,6,0.068233
4/28/2019,28.268183,-157.999988,6,0.07173
4/28/2019,28.271547,-158.000025,6,0.067625
4/28/2019,28.274963,-158.000066,6,0.073121
4/28/2019,28.278359,-158.00004,6,0.072415
4/28/2019,28.281783,-157.99996,6,0.07218
4/28/2019,28.285194,-157.999918,6,0.072028
4/28/2019,28.288596,-157.999931,6,0.071736
4/28/2019,28.292009,-157.999884,6,0.073984
4/28/2019,28.295412,-157.99991,6,0.073959
4/28/2019,28.298805,-157.999891,6,0.073923
4/28/2019,28.302185,-157.999813,6,0.069346
4/28/2019,28.305567,-157.999807,6,0.074629
4/28/2019,28.308945,-157.999852,6,0.072888
4/28/2019,28.312324,-157.999842,6,0.073106
4/28/2019,28.315689,-157.999801,6,0.069179
4/28/2019,28.319054,-157.999761,6,0.070566
4/28/2019,28.322425,-157.99968,6,0.070744
4/28/2019,28.32579,-157.999646,6,0.068884
4/28/2019,28.329154,-157.999711,6,0.069131
4/28/2019,28.332496,-157.999722,6,0.069472
4/28/2019,28.335844,-157.999755,6,0.073269
4/28/2019,28.339176,-157.999842,6,0.071369
4/28/2019,28.342486,-157.999925,6,0.068076
4/28/2019,28.345807,-158.000002,6,0.068171
4/28/2019,28.349132,-158.000047,6,0.06875
4/28/2019,28.352461,-158.000093,6,0.070756
4/28/2019,28.35578,-158.000121,6,0.069123
4/28/2019,28.359108,-158.000147,6,0.065862
4/28/2019,28.362423,-158.000168,6,0.065592
4/28/2019,28.365735,-158.000139,6,0.06504
4/28/2019,28.369051,-158.000224,6,0.064619
4/28/2019,28.372367,-158.000242,6,0.060429
4/28/2019,28.375696,-158.000245,6,0.065325
4/28/2019,28.379026,-158.000294,6,0.067737
4/27/2019,28.41565,-158.000503,6,0.063126
4/27/2019,28.418983,-158.000566,6,0.06426
4/27/2019,28.422307,-158.000516,6,0.067168
4/27/2019,28.425635,-158.00041,6,0.067069
4/27/2019,28.42897,-158.000365,6,0.062923
4/27/2019,28.432299,-158.00031,6,0.067429
4/27/2019,28.435628,-158.000253,6,0.066182
4/27/2019,28.438946,-158.000203,6,0.063214
4/27/2019,28.442264,-158.000067,6,0.06347
4/27/2019,28.445593,-158.000053,6,0.063543
4/27/2019,28.448932,-157.999981,6,0.062182
4/27/2019,28.452282,-157.999797,6,0.062417
4/27/2019,28.455644,-157.999695,6,0.063974
4/27/2019,28.459009,-157.999629,6,0.064403
4/27/2019,28.462332,-157.999606,6,0.062161
4/27/2019,28.465714,-157.99956,6,0.066752
4/27/2019,28.469062,-157.999571,6,0.066228
4/27/2019,28.472399,-157.999546,6,0.064457
4/27/2019,28.475751,-157.999552,6,0.067586
4/27/2019,28.479094,-157.999644,6,0.069079
4/27/2019,28.482419,-157.999673,6,0.068785
4/27/2019,28.485762,-157.999681,6,0.068316
4/27/2019,28.48912,-157.999682,6,0.068932
4/27/2019,28.492488,-157.999736,6,0.068705
4/27/2019,28.495849,-157.999833,6,0.066982
4/27/2019,28.49921,-157.99992,6,0.066975
4/27/2019,28.502578,-157.999901,6,0.066918
4/27/2019,28.505947,-157.999906,6,0.068067
4/27/2019,28.509311,-157.999925,6,0.066592
4/27/2019,28.512666,-158.000004,6,0.065777
4/27/2019,28.516028,-158.000095,6,0.067972
4/27/2019,28.519402,-158.000152,6,0.064096
4/27/2019,28.522773,-158.000172,6,0.066772
4/27/2019,28.526136,-158.000059,6,0.066711
4/27/2019,28.529509,-157.99993,6,0.066225
4/27/2019,28.532887,-157.999853,6,0.063924
4/27/2019,28.53625,-157.999845,6,0.063085
4/27/2019,28.539619,-157.999857,6,0.062836
4/27/2019,28.542984,-157.999944,6,0.063194
4/27/2019,28.546346,-158.000239,6,0.063121
4/27/2019,28.549683,-158.00047,6,0.063466
4/27/2019,28.553028,-158.000727,6,0.063793
4/27/2019,28.556371,-158.001049,6,0.063138
4/27/2019,28.559714,-158.001169,6,0.062501
4/27/2019,28.563049,-158.001208,6,0.057753
4/27/2019,28.566389,-158.001207,6,0.058197
4/27/2019,28.569723,-158.001237,6,0.061824
4/27/2019,28.573038,-158.001234,6,0.058793
4/27/2019,28.576353,-158.001322,6,0.061042
4/27/2019,28.579653,-158.001351,6,0.059396
4/27/2019,28.615984,-158.001542,6,0.071739
4/27/2019,28.619264,-158.001588,6,0.069449
4/27/2019,28.622523,-158.001633,6,0.068123
4/27/2019,28.625825,-158.001507,6,0.069377
4/27/2019,28.629134,-158.001379,6,0.065081
4/27/2019,28.632455,-158.0013,6,0.065169
4/27/2019,28.635796,-158.001162,6,0.066417
4/27/2019,28.639157,-158.001069,6,0.064733
4/27/2019,28.642531,-158.000879,6,0.069315
4/27/2019,28.645925,-158.000703,6,0.06389
4/27/2019,28.649299,-158.000546,6,0.064079
4/27/2019,28.652673,-158.000439,6,0.067465
4/27/2019,28.65604,-158.000357,6,0.067765
4/27/2019,28.659423,-158.000283,6,0.0676
4/27/2019,28.662808,-158.000155,6,0.067274
4/27/2019,28.666209,-157.999945,6,0.069337
4/27/2019,28.669612,-157.99983,6,0.069475
4/27/2019,28.673014,-157.999735,6,0.068836
4/27/2019,28.67641,-157.999601,6,0.067541
4/27/2019,28.679787,-157.999446,6,0.065897
4/27/2019,28.683165,-157.999326,6,0.068269
4/27/2019,28.686552,-157.999313,6,0.069077
4/27/2019,28.689935,-157.99937,6,0.068595
4/27/2019,28.693333,-157.999468,6,0.065215
4/27/2019,28.696712,-157.999589,6,0.065865
4/27/2019,28.70009,-157.999665,6,0.065121
4/27/2019,28.703444,-157.999791,6,0.069559
4/27/2019,28.706783,-157.999934,6,0.069298
4/27/2019,28.710121,-158.000017,6,0.068424
4/27/2019,28.713444,-158.00006,6,0.072954
4/27/2019,28.716788,-158.000135,6,0.071807
4/27/2019,28.720133,-158.000187,6,0.072086
4/27/2019,28.723473,-158.00027,6,0.067953
4/27/2019,28.726807,-158.000368,6,0.068611
4/27/2019,28.730188,-158.000507,6,0.068631
4/27/2019,28.733581,-158.000672,6,0.068063
4/27/2019,28.736974,-158.000789,6,0.065827
4/27/2019,28.740384,-158.000901,6,0.065427
4/27/2019,28.743803,-158.001045,6,0.066387
4/27/2019,28.747234,-158.001159,6,0.068351
4/27/2019,28.750661,-158.001256,6,0.063852
4/27/2019,28.75409,-158.001375,6,0.063305
4/27/2019,28.757528,-158.001495,6,0.060364
4/27/2019,28.760968,-158.001552,6,0.06255
4/27/2019,28.764409,-158.001599,6,0.066012
4/27/2019,28.767819,-158.001632,6,0.063271
4/27/2019,28.771224,-158.001523,6,0.063298
4/27/2019,28.77464,-158.001405,6,0.06453
4/27/2019,28.778058,-158.001405,6,0.060868
4/27/2019,28.781468,-158.001407,6,0.056684
4/27/2019,28.819236,-158.000292,6,0.07529
4/27/2019,28.822673,-158.000216,6,0.075629
4/27/2019,28.826095,-158.00016,6,0.075903
4/27/2019,28.82952,-158.000052,6,0.076115
4/27/2019,28.832967,-157.999946,6,0.074847
4/27/2019,28.836415,-157.999895,6,0.074507
4/27/2019,28.839869,-157.999837,6,0.070755
4/27/2019,28.843312,-157.999783,6,0.073771
4/27/2019,28.846744,-157.999689,6,0.070455
4/27/2019,28.850181,-157.999588,6,0.0687
4/27/2019,28.853622,-157.999542,6,0.068523
4/27/2019,28.857077,-157.999588,6,0.06959
4/27/2019,28.86053,-157.99969,6,0.068537
4/27/2019,28.863973,-157.999786,6,0.068792
4/27/2019,28.867411,-157.999881,6,0.066071
4/27/2019,28.870839,-157.999955,6,0.063766
4/27/2019,28.874259,-158.000046,6,0.065627
4/27/2019,28.87767,-158.000145,6,0.064792
4/27/2019,28.881067,-158.000176,6,0.064829
4/27/2019,28.884483,-158.000234,6,0.065227
4/27/2019,28.887905,-158.000282,6,0.064586
4/27/2019,28.89134,-158.000293,6,0.06409
4/27/2019,28.894783,-158.000258,6,0.063992
4/27/2019,28.898247,-158.000366,6,0.064859
4/27/2019,28.901709,-158.000511,6,0.064481
4/27/2019,28.90517,-158.000563,6,0.064717
4/27/2019,28.908651,-158.000459,6,0.063711
4/27/2019,28.912145,-158.00033,6,0.064187
4/27/2019,28.915642,-158.000144,6,0.06385
4/27/2019,28.919156,-157.999916,6,0.060711
4/27/2019,28.922664,-157.999719,6,0.057926
4/27/2019,28.926163,-157.999645,6,0.059617
4/27/2019,28.929669,-157.999582,6,0.062223
4/27/2019,28.933162,-157.999467,6,0.05954
4/27/2019,28.936655,-157.999336,6,0.058951
4/27/2019,28.94015,-157.999183,6,0.056902
4/27/2019,28.943641,-157.999019,6,0.055567
4/27/2019,28.947135,-157.998827,6,0.055991
4/27/2019,28.950642,-157.998676,6,0.051507
4/27/2019,28.954143,-157.998633,6,0.055471
4/27/2019,28.957668,-157.998578,6,0.054527
4/27/2019,28.96119,-157.998524,6,0.05113
4/27/2019,28.964731,-157.99846,6,0.050674
4/27/2019,28.968261,-157.998384,6,0.050637
4/27/2019,28.971805,-157.998379,6,0.050629
4/27/2019,28.975348,-157.998357,6,0.051433
4/27/2019,28.978886,-157.998299,6,0.052031
4/27/2019,28.982422,-157.998256,6,0.055367
4/27/2019,28.985971,-157.998219,6,0.056177
4/27/2019,28.98954,-157.998237,6,0.054776
4/27/2019,29.02874,-157.998242,6,0.065492
4/27/2019,29.032277,-157.998275,6,0.059955
4/27/2019,29.035809,-157.998308,6,0.063736
4/27/2019,29.039333,-157.998328,6,0.064713
4/27/2019,29.042882,-157.998362,6,0.067472
4/27/2019,29.046429,-157.998458,6,0.065254
4/27/2019,29.049973,-157.998518,6,0.064943
4/27/2019,29.0535,-157.998583,6,0.068407
4/27/2019,29.057024,-157.9987,6,0.068681
4/27/2019,29.060548,-157.998743,6,0.064459
4/27/2019,29.064093,-157.998681,6,0.064431
4/27/2019,29.067636,-157.998693,6,0.064493
4/27/2019,29.071169,-157.998799,6,0.064731
4/27/2019,29.074693,-157.998933,6,0.066572
4/27/2019,29.078211,-157.999036,6,0.063083
4/27/2019,29.081731,-157.999044,6,0.062727
4/27/2019,29.085264,-157.999135,6,0.063269
4/27/2019,29.08879,-157.999263,6,0.064605
4/27/2019,29.092313,-157.999264,6,0.064731
4/27/2019,29.09582,-157.999349,6,0.060275
4/27/2019,29.099317,-157.999453,6,0.063482
4/27/2019,29.102804,-157.999443,6,0.068411
4/27/2019,29.106288,-157.999408,6,0.067862
4/27/2019,29.10977,-157.999447,6,0.067585
4/27/2019,29.113238,-157.99955,6,0.069459
4/27/2019,29.1167,-157.999665,6,0.069887
4/27/2019,29.120162,-157.999773,6,0.063895
4/27/2019,29.12363,-157.99983,6,0.063749
4/27/2019,29.127097,-157.999868,6,0.068851
4/27/2019,29.130559,-157.999969,6,0.069088
4/27/2019,29.134029,-158.00005,6,0.067595
4/27/2019,29.137503,-158.000073,6,0.068386
4/27/2019,29.14096,-158.000055,6,0.066999
4/27/2019,29.144423,-158.000079,6,0.068187
4/27/2019,29.14789,-158.000165,6,0.067857
4/27/2019,29.151359,-158.000235,6,0.063408
4/27/2019,29.154823,-158.000274,6,0.063544
4/27/2019,29.158285,-158.000261,6,0.063719
4/27/2019,29.161753,-158.000353,6,0.06541
4/27/2019,29.165209,-158.000474,6,0.064637
4/27/2019,29.168651,-158.000545,6,0.067643
4/27/2019,29.172102,-158.000548,6,0.064309
4/27/2019,29.175544,-158.000498,6,0.068459
4/27/2019,29.178979,-158.000583,6,0.070171
4/27/2019,29.182402,-158.000637,6,0.069584
4/27/2019,29.185843,-158.000529,6,0.069855
4/27/2019,29.189276,-158.000447,6,0.069762
4/27/2019,29.192711,-158.00049,6,0.070272
4/27/2019,29.196138,-158.000549,6,0.07335
4/27/2019,29.199567,-158.000495,6,0.076591
4/27/2019,29.23725,-158.000373,6,0.05501
4/27/2019,29.240655,-158.000275,6,0.058098
4/27/2019,29.244042,-158.000241,6,0.059461
4/27/2019,29.24743,-158.00018,6,0.059916
4/27/2019,29.25083,-158.000078,6,0.059949
4/27/2019,29.254231,-158.000014,6,0.056416
4/27/2019,29.257638,-157.999961,6,0.054362
4/27/2019,29.261038,-157.99982,6,0.059775
4/27/2019,29.264426,-157.999669,6,0.060051
4/27/2019,29.267818,-157.999591,6,0.055523
4/27/2019,29.271193,-157.999501,6,0.055538
4/27/2019,29.274558,-157.999461,6,0.055579
4/27/2019,29.277921,-157.999414,6,0.056001
4/27/2019,29.281291,-157.999366,6,0.055773
4/27/2019,29.284672,-157.999366,6,0.057581
4/27/2019,29.288046,-157.999366,6,0.05499
4/27/2019,29.291404,-157.99933,6,0.054853
4/27/2019,29.294767,-157.999229,6,0.054819
4/27/2019,29.298113,-157.999105,6,0.052095
4/27/2019,29.301471,-157.999088,6,0.052452
4/27/2019,29.304823,-157.999059,6,0.054147
4/27/2019,29.308164,-157.998903,6,0.05473
4/27/2019,29.31151,-157.998692,6,0.056457
4/27/2019,29.314863,-157.998532,6,0.056253
4/27/2019,29.318211,-157.998428,6,0.056333
4/27/2019,29.321556,-157.998329,6,0.056467
4/27/2019,29.324904,-157.998242,6,0.056387
4/27/2019,29.328246,-157.998146,6,0.055847
4/27/2019,29.331598,-157.998036,6,0.055077
4/27/2019,29.334942,-157.997911,6,0.051249
4/27/2019,29.338263,-157.997769,6,0.05158
4/27/2019,29.341582,-157.997615,6,0.052746
4/27/2019,29.344909,-157.997426,6,0.055709
4/27/2019,29.348242,-157.997418,6,0.05463
4/27/2019,29.351562,-157.997509,6,0.055123
4/27/2019,29.354909,-157.997561,6,0.055283
4/27/2019,29.358252,-157.997563,6,0.055217
4/27/2019,29.361583,-157.997541,6,0.055777
4/27/2019,29.364916,-157.997588,6,0.05213
4/27/2019,29.368251,-157.99769,6,0.054861
4/27/2019,29.3716,-157.997776,6,0.049101
4/27/2019,29.374942,-157.997879,6,0.054689
4/27/2019,29.378282,-157.998004,6,0.055475
4/27/2019,29.381632,-157.998115,6,0.058279
4/27/2019,29.38497,-157.998118,6,0.056129
4/27/2019,29.388309,-157.99812,6,0.057405
4/27/2019,29.391643,-157.998241,6,0.058879
4/27/2019,29.394971,-157.998323,6,0.062391
4/27/2019,29.398295,-157.998438,6,0.058823
4/27/2019,29.40161,-157.998506,6,0.059168
4/27/2019,29.43834,-157.999948,6,0.061676
4/27/2019,29.441687,-158.000194,6,0.063035
4/27/2019,29.445018,-158.000281,6,0.06351
4/27/2019,29.448354,-158.000226,6,0.064249
4/27/2019,29.45168,-158.000171,6,0.067781
4/27/2019,29.455003,-158.000124,6,0.067495
4/27/2019,29.458321,-157.999987,6,0.063927
4/27/2019,29.461635,-157.999891,6,0.06844
4/27/2019,29.46495,-157.999852,6,0.063595
4/27/2019,29.468245,-157.999749,6,0.063032
4/27/2019,29.471537,-157.999633,6,0.061882
4/27/2019,29.474846,-157.999548,6,0.062321
4/27/2019,29.478166,-157.999507,6,0.057177
4/27/2019,29.481497,-157.999508,6,0.057346
4/27/2019,29.484836,-157.999494,6,0.057532
4/27/2019,29.488157,-157.999459,6,0.058068
4/27/2019,29.491478,-157.999437,6,0.062713
4/27/2019,29.494789,-157.999431,6,0.059909
4/27/2019,29.4981,-157.999475,6,0.058766
4/27/2019,29.501401,-157.999528,6,0.063178
4/27/2019,29.504714,-157.999589,6,0.060052
4/27/2019,29.508006,-157.999661,6,0.066792
4/27/2019,29.511288,-157.9997,6,0.063414
4/27/2019,29.514585,-157.99983,6,0.062962
4/27/2019,29.517869,-157.999829,6,0.061504
4/27/2019,29.521154,-157.999712,6,0.063701
4/27/2019,29.524439,-157.999682,6,0.063424
4/27/2019,29.527691,-157.999626,6,0.062475
4/27/2019,29.530936,-157.999502,6,0.059533
4/27/2019,29.534187,-157.999427,6,0.059401
4/27/2019,29.537443,-157.999318,6,0.060955
4/27/2019,29.540699,-157.999176,6,0.058342
4/27/2019,29.543959,-157.99913,6,0.063276
4/27/2019,29.547221,-157.999125,6,0.058208
4/27/2019,29.550481,-157.999058,6,0.057881
4/27/2019,29.55375,-157.999099,6,0.058157
4/27/2019,29.557027,-157.999108,6,0.060885
4/27/2019,29.560296,-157.999103,6,0.061246
4/27/2019,29.563563,-157.999113,6,0.061425
4/27/2019,29.56685,-157.99916,6,0.061303
4/27/2019,29.57014,-157.999252,6,0.061092
4/27/2019,29.573423,-157.999309,6,0.060756
4/27/2019,29.576698,-157.999329,6,0.061482
4/27/2019,29.579971,-157.999322,6,0.06568
4/27/2019,29.583235,-157.999319,6,0.063039
4/27/2019,29.586497,-157.999291,6,0.063183
4/27/2019,29.589751,-157.99921,6,0.066551
4/27/2019,29.593033,-157.999223,6,0.06343
4/27/2019,29.596284,-157.999267,6,0.060014
4/27/2019,29.599541,-157.999306,6,0.055629
4/27/2019,29.635331,-157.99886,6,0.06416
4/27/2019,29.638559,-157.998729,6,0.063717
4/27/2019,29.64181,-157.998764,6,0.064266
4/27/2019,29.645053,-157.998791,6,0.063684
4/27/2019,29.648314,-157.998764,6,0.064245
4/27/2019,29.651577,-157.998735,6,0.061422
4/27/2019,29.654833,-157.998707,6,0.059132
4/27/2019,29.658095,-157.99877,6,0.060942
4/27/2019,29.661353,-157.998829,6,0.056292
4/27/2019,29.664615,-157.998768,6,0.055665
4/27/2019,29.667894,-157.998837,6,0.057789
4/27/2019,29.671182,-157.998877,6,0.055314
4/27/2019,29.674451,-157.998828,6,0.056106
4/27/2019,29.677709,-157.998767,6,0.055592
4/27/2019,29.680972,-157.998703,6,0.055939
4/27/2019,29.684233,-157.99871,6,0.056478
4/27/2019,29.68749,-157.998735,6,0.055218
4/27/2019,29.690738,-157.998665,6,0.056688
4/27/2019,29.693991,-157.998613,6,0.055689
4/27/2019,29.697247,-157.998592,6,0.051255
4/27/2019,29.700522,-157.998608,6,0.053121
4/27/2019,29.703768,-157.998582,6,0.056268
4/27/2019,29.707032,-157.998491,6,0.056312
4/27/2019,29.71029,-157.998515,6,0.057275
4/27/2019,29.713546,-157.998543,6,0.053246
4/27/2019,29.716797,-157.998516,6,0.054798
4/27/2019,29.720067,-157.998417,6,0.054661
4/27/2019,29.723362,-157.998366,6,0.05125
4/27/2019,29.72667,-157.998361,6,0.051062
4/27/2019,29.729988,-157.998333,6,0.049026
4/27/2019,29.733314,-157.998303,6,0.050153
4/27/2019,29.736659,-157.998274,6,0.049176
4/27/2019,29.739995,-157.998271,6,0.050752
4/27/2019,29.743313,-157.998215,6,0.050471
4/27/2019,29.746638,-157.998268,6,0.049851
4/27/2019,29.749951,-157.998274,6,0.050567
4/27/2019,29.753255,-157.998184,6,0.055145
4/27/2019,29.756563,-157.998139,6,0.052095
4/27/2019,29.759874,-157.998166,6,0.051287
4/27/2019,29.76317,-157.998076,6,0.0479
4/27/2019,29.766486,-157.99809,6,0.051785
4/27/2019,29.769782,-157.998095,6,0.045825
4/27/2019,29.773062,-157.998066,6,0.046402
4/27/2019,29.776416,-157.998041,6,0.043967
4/27/2019,29.779738,-157.997991,6,0.042915
4/27/2019,29.78304,-157.997888,6,0.042901
4/27/2019,29.786369,-157.997807,6,0.042725
4/27/2019,29.789696,-157.997786,6,0.043128
4/27/2019,29.793037,-157.997789,6,0.046833
4/27/2019,29.796378,-157.997734,6,0.040746
4/27/2019,29.833295,-157.998138,6,0.056579
4/27/2019,29.836648,-157.998302,6,0.056008
4/27/2019,29.839997,-157.998392,6,0.054828
4/27/2019,29.843348,-157.998509,6,0.050667
4/27/2019,29.846706,-157.998589,6,0.052948
4/27/2019,29.850079,-157.998711,6,0.050322
4/27/2019,29.853467,-157.998893,6,0.049983
4/27/2019,29.856868,-157.99908,6,0.049855
4/27/2019,29.86027,-157.999274,6,0.046519
4/27/2019,29.863666,-157.999435,6,0.047436
4/27/2019,29.867052,-157.999574,6,0.04677
4/27/2019,29.870415,-157.999666,6,0.047186
4/27/2019,29.873797,-157.999799,6,0.048249
4/27/2019,29.877168,-157.999952,6,0.04717
4/27/2019,29.880543,-158.000075,6,0.051393
4/27/2019,29.883901,-158.000093,6,0.05052
4/27/2019,29.887257,-157.999978,6,0.049174
4/27/2019,29.890609,-157.999831,6,0.049028
4/27/2019,29.893975,-157.999761,6,0.0503
4/27/2019,29.89733,-157.999703,6,0.055092
4/27/2019,29.900661,-157.999629,6,0.054024
4/27/2019,29.903988,-157.999538,6,0.058919
4/27/2019,29.907308,-157.999447,6,0.059447
4/27/2019,29.910625,-157.999311,6,0.05895
4/27/2019,29.913926,-157.999242,6,0.059272
4/27/2019,29.917217,-157.999168,6,0.056819
4/27/2019,29.920514,-157.999082,6,0.057776
4/27/2019,29.923822,-157.998985,6,0.05778
4/27/2019,29.92712,-157.998871,6,0.056338
4/27/2019,29.930417,-157.998812,6,0.057469
4/27/2019,29.933734,-157.998778,6,0.057581
4/27/2019,29.937037,-157.998853,6,0.057904
4/27/2019,29.940347,-157.998962,6,0.057469
4/27/2019,29.943689,-157.999081,6,0.057898
4/27/2019,29.947035,-157.999199,6,0.057833
4/27/2019,29.950381,-157.999244,6,0.056621
4/27/2019,29.95374,-157.999246,6,0.053249
4/27/2019,29.957098,-157.999325,6,0.056551
4/27/2019,29.960454,-157.999399,6,0.057152
4/27/2019,29.963814,-157.999426,6,0.061019
4/27/2019,29.967182,-157.999448,6,0.057673
4/27/2019,29.970573,-157.999518,6,0.059158
4/27/2019,29.973965,-157.999577,6,0.063176
4/27/2019,29.977359,-157.999613,6,0.057326
4/27/2019,29.980744,-157.9997,6,0.053913
4/27/2019,29.984129,-157.999775,6,0.058223
4/27/2019,29.987459,-157.999588,6,0.057122
4/27/2019,29.990868,-157.999403,6,0.058356
4/27/2019,29.994251,-157.999243,6,0.055603
4/27/2019,29.997657,-157.999139,6,0.060914
4/27/2019,30.035348,-157.99978,6,0.038962
4/27/2019,30.038778,-157.99989,6,0.038651
4/27/2019,30.042189,-157.999941,6,0.043862
4/27/2019,30.045653,-157.999925,6,0.042721
4/27/2019,30.049083,-158.000022,6,0.043527
4/27/2019,30.0525,-158.000065,6,0.047078
4/27/2019,30.055924,-158.000082,6,0.048426
4/27/2019,30.059358,-158.000037,6,0.047951
4/27/2019,30.062785,-158.000152,6,0.043232
4/27/2019,30.066202,-158.000416,6,0.04333
4/27/2019,30.069582,-158.000577,6,0.046743
4/27/2019,30.073009,-158.000511,6,0.046394
4/27/2019,30.076389,-158.000322,6,0.046309
4/27/2019,30.079859,-158.000261,6,0.046824
4/27/2019,30.083265,-158.000176,6,0.046663
4/27/2019,30.086718,-158.000104,6,0.042041
4/27/2019,30.090131,-158.00005,6,0.045368
4/27/2019,30.093585,-157.999947,6,0.040633
4/27/2019,30.096992,-157.999873,6,0.04667
4/27/2019,30.100454,-157.999812,6,0.045825
4/27/2019,30.103877,-157.999697,6,0.044561
4/27/2019,30.107275,-157.999643,6,0.044528
4/27/2019,30.110729,-157.999603,6,0.039506
4/27/2019,30.11415,-157.99952,6,0.042763
4/27/2019,30.117564,-157.99947,6,0.045639
4/27/2019,30.120952,-157.999418,6,0.045956
4/27/2019,30.124354,-157.999302,6,0.050167
4/27/2019,30.127772,-157.999221,6,0.050193
4/27/2019,30.131186,-157.999213,6,0.048175
4/27/2019,30.134562,-157.999175,6,0.04372
4/27/2019,30.138,-157.999066,6,0.042104
4/27/2019,30.141451,-157.999039,6,0.043708
4/27/2019,30.144887,-157.999105,6,0.04274
4/27/2019,30.148317,-157.999159,6,0.043218
4/27/2019,30.151752,-157.99924,6,0.041364
4/27/2019,30.155147,-157.999366,6,0.043133
4/27/2019,30.158601,-157.999485,6,0.043358
4/27/2019,30.162017,-157.999471,6,0.044041
4/27/2019,30.165433,-157.999444,6,0.042895
4/27/2019,30.168819,-157.999479,6,0.043823
4/27/2019,30.172263,-157.999601,6,0.043688
4/27/2019,30.175673,-157.999691,6,0.046229
4/27/2019,30.179085,-157.999722,6,0.041727
4/27/2019,30.182502,-157.99967,6,0.037959
4/27/2019,30.185923,-157.999723,6,0.037534
4/27/2019,30.189354,-157.999875,6,0.041195
4/27/2019,30.192789,-157.999956,6,0.039735
4/27/2019,30.196216,-157.999907,6,0.043797
4/27/2019,30.199576,-157.999755,6,0.047033
4/27/2019,30.203056,-157.999564,6,0.043822
4/27/2019,30.240243,-157.999795,6,0.046335
4/27/2019,30.243645,-158.000083,6,0.051409
4/27/2019,30.246993,-158.000384,6,0.050782
4/27/2019,30.250355,-158.000625,6,0.051702
4/27/2019,30.253738,-158.000764,6,0.052967
4/27/2019,30.257098,-158.000576,6,0.051743
4/27/2019,30.260446,-158.000445,6,0.053221
4/27/2019,30.263796,-158.000392,6,0.0523
4/27/2019,30.267121,-158.000334,6,0.053231
4/27/2019,30.270497,-158.00029,6,0.047733
4/27/2019,30.27384,-158.000243,6,0.052284
4/27/2019,30.277153,-158.00019,6,0.048067
4/27/2019,30.280507,-158.000138,6,0.042697
4/27/2019,30.283832,-158.000105,6,0.042326
4/27/2019,30.287154,-158.000024,6,0.041661
4/27/2019,30.290432,-157.999966,6,0.043233
4/27/2019,30.293768,-157.99993,6,0.043991
4/27/2019,30.297063,-157.999922,6,0.042739
4/27/2019,30.300321,-157.999901,6,0.042381
4/27/2019,30.303589,-157.999813,6,0.046295
4/27/2019,30.306886,-157.999796,6,0.045606
4/27/2019,30.310174,-157.999785,6,0.039811
4/27/2019,30.31347,-157.999815,6,0.038735
4/27/2019,30.316776,-157.99975,6,0.043083
4/27/2019,30.320079,-157.99969,6,0.040018
4/27/2019,30.323388,-157.999716,6,0.041338
4/27/2019,30.326692,-157.999751,6,0.046719
4/27/2019,30.32999,-157.999705,6,0.044272
4/27/2019,30.333265,-157.999546,6,0.047918
4/27/2019,30.336555,-157.999383,6,0.048045
4/27/2019,30.33983,-157.999268,6,0.046931
4/27/2019,30.34309,-157.999204,6,0.048958
4/27/2019,30.346378,-157.99917,6,0.047603
4/27/2019,30.349652,-157.999146,6,0.048
4/27/2019,30.352926,-157.9992,6,0.050165
4/27/2019,30.356186,-157.999205,6,0.050263
4/27/2019,30.359457,-157.999181,6,0.050365
4/27/2019,30.362719,-157.999114,6,0.051812
4/27/2019,30.365997,-157.999147,6,0.049628
4/27/2019,30.369264,-157.999186,6,0.048195
4/27/2019,30.37252,-157.99926,6,0.048934
4/27/2019,30.375772,-157.999338,6,0.047735
4/27/2019,30.379016,-157.999428,6,0.047148
4/27/2019,30.38224,-157.999453,6,0.048542
4/27/2019,30.385449,-157.999465,6,0.048466
4/27/2019,30.388657,-157.999448,6,0.04708
4/27/2019,30.391863,-157.999463,6,0.04842
4/27/2019,30.395067,-157.999583,6,0.048725
4/27/2019,30.398284,-157.999676,6,0.048808
4/27/2019,30.401491,-157.999721,6,0.039031
4/27/2019,30.436815,-157.999453,6,0.051837
4/27/2019,30.440038,-157.999405,6,0.051377
4/27/2019,30.44325,-157.99939,6,0.051978
4/27/2019,30.446473,-157.99944,6,0.051347
4/27/2019,30.449682,-157.999601,6,0.04978
4/27/2019,30.452916,-157.999728,6,0.049854
4/27/2019,30.456135,-157.999768,6,0.051372
4/27/2019,30.459339,-157.999652,6,0.055241
4/27/2019,30.462553,-157.999522,6,0.052514
4/27/2019,30.465778,-157.999455,6,0.052365
4/27/2019,30.469006,-157.999417,6,0.052138
4/27/2019,30.472234,-157.999401,6,0.051871
4/27/2019,30.475484,-157.999468,6,0.05164
4/27/2019,30.478728,-157.999535,6,0.051245
4/27/2019,30.481949,-157.999698,6,0.051046
4/27/2019,30.485191,-157.999853,6,0.051322
4/27/2019,30.488418,-157.999908,6,0.051619
4/27/2019,30.491654,-157.99983,6,0.05109
4/27/2019,30.494883,-157.999794,6,0.051698
4/27/2019,30.498107,-157.999754,6,0.051904
4/27/2019,30.50133,-157.999688,6,0.052069
4/27/2019,30.504563,-157.999578,6,0.051516
4/27/2019,30.507797,-157.999451,6,0.055784
4/27/2019,30.511023,-157.99931,6,0.055609
4/27/2019,30.514259,-157.999264,6,0.05087
4/27/2019,30.517492,-157.999224,6,0.051574
4/27/2019,30.520716,-157.999174,6,0.05125
4/27/2019,30.523926,-157.999038,6,0.050508
4/27/2019,30.527163,-157.998902,6,0.054402
4/27/2019,30.530393,-157.998788,6,0.05034
4/27/2019,30.533624,-157.998674,6,0.05526
4/27/2019,30.536848,-157.998526,6,0.051306
4/27/2019,30.540062,-157.998395,6,0.052336
4/27/2019,30.543266,-157.998289,6,0.053002
4/27/2019,30.546479,-157.998203,6,0.055344
4/27/2019,30.549706,-157.998117,6,0.054729
4/27/2019,30.552934,-157.998007,6,0.054315
4/27/2019,30.55616,-157.997882,6,0.053176
4/27/2019,30.559394,-157.997864,6,0.050267
4/27/2019,30.562617,-157.997932,6,0.051867
4/27/2019,30.565852,-157.997968,6,0.052386
4/27/2019,30.56908,-157.998031,6,0.054781
4/27/2019,30.5723,-157.998117,6,0.05252
4/27/2019,30.575529,-157.998184,6,0.051275
4/27/2019,30.578759,-157.998257,6,0.05527
4/27/2019,30.581985,-157.998282,6,0.055321
4/27/2019,30.585221,-157.998302,6,0.055353
4/27/2019,30.588442,-157.998313,6,0.054272
4/27/2019,30.591672,-157.998352,6,0.054113
4/27/2019,30.594927,-157.99845,6,0.061136
4/27/2019,30.630733,-157.999079,6,0.049054
4/27/2019,30.633981,-157.999084,6,0.04634
4/27/2019,30.637263,-157.999115,6,0.046158
4/27/2019,30.640559,-157.99922,6,0.045773
4/27/2019,30.643858,-157.999224,6,0.04558
4/27/2019,30.647163,-157.999183,6,0.043107
4/27/2019,30.650475,-157.999173,6,0.043547
4/27/2019,30.653786,-157.999197,6,0.046271
4/27/2019,30.657089,-157.999221,6,0.043528
4/27/2019,30.660388,-157.999171,6,0.043452
4/27/2019,30.663697,-157.999187,6,0.043385
4/27/2019,30.666994,-157.999251,6,0.047592
4/27/2019,30.670284,-157.999207,6,0.047821
4/27/2019,30.67357,-157.999147,6,0.044568
4/27/2019,30.676869,-157.999168,6,0.04784
4/27/2019,30.68016,-157.999173,6,0.04771
4/27/2019,30.683454,-157.999196,6,0.047172
4/27/2019,30.686742,-157.999169,6,0.043286
4/27/2019,30.690026,-157.999115,6,0.047116
4/27/2019,30.693312,-157.999168,6,0.047055
4/27/2019,30.696618,-157.999296,6,0.047278
4/27/2019,30.699936,-157.999417,6,0.04798
4/27/2019,30.703246,-157.999527,6,0.047859
4/27/2019,30.706562,-157.999615,6,0.04294
4/27/2019,30.709883,-157.999712,6,0.043689
4/27/2019,30.713199,-157.999741,6,0.046459
4/27/2019,30.716524,-157.999789,6,0.043546
4/27/2019,30.719852,-157.999829,6,0.048178
4/27/2019,30.723173,-157.999837,6,0.048352
4/27/2019,30.726488,-157.999815,6,0.047677
4/27/2019,30.729806,-157.99985,6,0.048159
4/27/2019,30.733129,-157.999891,6,0.047827
4/27/2019,30.736458,-157.999896,6,0.04737
4/27/2019,30.739784,-157.999893,6,0.047176
4/27/2019,30.743115,-157.999869,6,0.048148
4/27/2019,30.746447,-157.999901,6,0.048205
4/27/2019,30.749772,-157.999965,6,0.043615
4/27/2019,30.753089,-158.000042,6,0.042077
4/27/2019,30.7564,-158.000061,6,0.046549
4/27/2019,30.759709,-158.000026,6,0.046727
4/27/2019,30.763015,-157.999946,6,0.045043
4/27/2019,30.766322,-157.999995,6,0.045505
4/27/2019,30.769638,-158.000038,6,0.045525
4/27/2019,30.772954,-158.000032,6,0.050408
4/27/2019,30.776267,-158.000015,6,0.047411
4/27/2019,30.779583,-158.000013,6,0.047387
4/27/2019,30.782911,-157.999983,6,0.047226
4/27/2019,30.786237,-157.999982,6,0.052398
4/27/2019,30.789566,-158.000027,6,0.049394
4/27/2019,30.792895,-157.99998,6,0.043547
4/27/2019,30.829316,-158.00007,6,0.048135
4/27/2019,30.832582,-158.00008,6,0.047839
4/27/2019,30.835841,-158.000113,6,0.043946
4/27/2019,30.839097,-158.000155,6,0.046815
4/27/2019,30.842347,-158.000209,6,0.046567
4/27/2019,30.845595,-158.000266,6,0.047286
4/27/2019,30.848845,-158.000279,6,0.043348
4/27/2019,30.852105,-158.000208,6,0.044756
4/27/2019,30.855363,-158.000183,6,0.042641
4/27/2019,30.858598,-158.000115,6,0.043737
4/27/2019,30.861842,-157.999999,6,0.04364
4/27/2019,30.865087,-157.999923,6,0.042735
4/27/2019,30.86834,-157.999825,6,0.04374
4/27/2019,30.871603,-157.999754,6,0.043999
4/27/2019,30.874873,-157.999726,6,0.048255
4/27/2019,30.878129,-157.999686,6,0.045773
4/27/2019,30.881368,-157.999632,6,0.047747
4/27/2019,30.884622,-157.999589,6,0.047294
4/27/2019,30.887853,-157.999568,6,0.052321
4/27/2019,30.891094,-157.999535,6,0.05207
4/27/2019,30.894338,-157.999508,6,0.050116
4/27/2019,30.897592,-157.999463,6,0.047885
4/27/2019,30.90087,-157.999382,6,0.047613
4/27/2019,30.904153,-157.999267,6,0.048286
4/27/2019,30.90744,-157.99925,6,0.048037
4/27/2019,30.910729,-157.999236,6,0.04809
4/27/2019,30.914022,-157.999303,6,0.048118
4/27/2019,30.917322,-157.999461,6,0.047787
4/27/2019,30.920625,-157.999563,6,0.048223
4/27/2019,30.923918,-157.999683,6,0.048119
4/27/2019,30.927192,-157.999755,6,0.048568
4/27/2019,30.930495,-157.99985,6,0.043476
4/27/2019,30.93378,-157.999924,6,0.045753
4/27/2019,30.937077,-158.000015,6,0.04801
4/27/2019,30.940373,-158.000204,6,0.048273
4/27/2019,30.943668,-158.000243,6,0.047033
4/27/2019,30.946958,-158.000122,6,0.053036
4/27/2019,30.950253,-157.999971,6,0.048184
4/27/2019,30.953558,-157.999882,6,0.051934
4/27/2019,30.956865,-157.999824,6,0.052142
4/27/2019,30.960171,-157.999738,6,0.052066
4/27/2019,30.963481,-157.99965,6,0.051968
4/27/2019,30.966782,-157.999541,6,0.054956
4/27/2019,30.970095,-157.999454,6,0.049923
4/27/2019,30.973397,-157.999385,6,0.051321
4/27/2019,30.976707,-157.999289,6,0.046999
4/27/2019,30.980013,-157.999221,6,0.048148
4/27/2019,30.983311,-157.999167,6,0.050266
4/27/2019,30.986601,-157.999084,6,0.046476
4/27/2019,30.989891,-157.999048,6,0.048237
4/27/2019,31.025851,-157.998692,6,0.042841
4/27/2019,31.029095,-157.998664,6,0.039121
4/27/2019,31.032348,-157.998611,6,0.039387
4/27/2019,31.035602,-157.998627,6,0.041266
4/27/2019,31.038863,-157.99856,6,0.037158
4/27/2019,31.042122,-157.998444,6,0.041335
4/27/2019,31.045382,-157.998325,6,0.039081
4/27/2019,31.048649,-157.998306,6,0.039019
4/27/2019,31.051904,-157.998312,6,0.038747
4/27/2019,31.055155,-157.998329,6,0.038294
4/27/2019,31.058414,-157.998368,6,0.033455
4/27/2019,31.061681,-157.998404,6,0.037625
4/27/2019,31.06495,-157.998441,6,0.03795
4/27/2019,31.068228,-157.998473,6,0.037773
4/27/2019,31.071514,-157.998483,6,0.034697
4/27/2019,31.074802,-157.998478,6,0.034695
4/27/2019,31.078081,-157.998482,6,0.039222
4/27/2019,31.081353,-157.998497,6,0.038497
4/27/2019,31.084615,-157.998479,6,0.038439
4/27/2019,31.087867,-157.9985,6,0.038429
4/27/2019,31.091168,-157.998543,6,0.038152
4/27/2019,31.094349,-157.998578,6,0.038441
4/27/2019,31.097582,-157.998576,6,0.038338
4/27/2019,31.100812,-157.998522,6,0.039574
4/27/2019,31.10406,-157.998512,6,0.04038
4/27/2019,31.107294,-157.998532,6,0.035876
4/27/2019,31.110553,-157.998511,6,0.036789
4/27/2019,31.113795,-157.998611,6,0.036715
4/27/2019,31.117013,-157.998615,6,0.033035
4/27/2019,31.11992,-157.998549,6,0.037319
4/27/2019,31.122668,-157.998489,6,0.038459
4/27/2019,31.125656,-157.998524,6,0.044338
4/27/2019,31.128904,-157.99858,6,0.043232
4/27/2019,31.132174,-157.998624,6,0.043119
4/27/2019,31.135444,-157.998767,6,0.038648
4/27/2019,31.138708,-157.998915,6,0.042646
4/27/2019,31.141964,-157.999063,6,0.042864
4/27/2019,31.145225,-157.999162,6,0.042661
4/27/2019,31.148461,-157.999181,6,0.041061
4/27/2019,31.151698,-157.999264,6,0.040824
4/27/2019,31.154913,-157.999435,6,0.042155
4/27/2019,31.158126,-157.999565,6,0.041387
4/27/2019,31.161337,-157.999695,6,0.037439
4/27/2019,31.164545,-157.99977,6,0.037576
4/27/2019,31.16773,-157.999876,6,0.037742
4/27/2019,31.170905,-157.999931,6,0.037887
4/27/2019,31.174065,-157.999934,6,0.037298
4/27/2019,31.177212,-157.999958,6,0.040809
4/27/2019,31.180332,-158.000021,6,0.042084
4/27/2019,31.183448,-158.000124,6,0.041894
4/27/2019,31.21835,-158.000939,6,0.045169
4/27/2019,31.221555,-158.001044,6,0.04443
4/27/2019,31.224741,-158.000955,6,0.045952
4/27/2019,31.227919,-158.000855,6,0.044851
4/27/2019,31.231106,-158.000849,6,0.045792
4/27/2019,31.234285,-158.00085,6,0.051014
4/27/2019,31.23746,-158.000729,6,0.046491
4/27/2019,31.240649,-158.000643,6,0.049337
4/27/2019,31.243841,-158.000635,6,0.049422
4/27/2019,31.247031,-158.000653,6,0.046291
4/27/2019,31.250213,-158.000626,6,0.043118
4/27/2019,31.253413,-158.000555,6,0.040287
4/27/2019,31.256624,-158.000514,6,0.044477
4/27/2019,31.259837,-158.000454,6,0.042876
4/27/2019,31.26305,-158.000362,6,0.038988
4/27/2019,31.26621,-158.000307,6,0.039215
4/27/2019,31.269487,-158.000253,6,0.039131
4/27/2019,31.272713,-158.000212,6,0.040895
4/27/2019,31.275937,-158.000179,6,0.041092
4/27/2019,31.279137,-158.000103,6,0.03919
4/27/2019,31.282356,-158.000041,6,0.039598
4/27/2019,31.285641,-157.999953,6,0.040931
4/27/2019,31.288856,-157.999841,6,0.040383
4/27/2019,31.292013,-157.99976,6,0.039531
4/27/2019,31.295213,-157.999678,6,0.039798
4/27/2019,31.298463,-157.999575,6,0.041449
4/27/2019,31.3016,-157.99955,6,0.041164
4/27/2019,31.304789,-157.999501,6,0.039335
4/27/2019,31.307993,-157.999455,6,0.038917
4/27/2019,31.311202,-157.999431,6,0.04049
4/27/2019,31.314408,-157.999417,6,0.036798
4/27/2019,31.317612,-157.999367,6,0.038831
4/27/2019,31.32082,-157.999273,6,0.039406
4/27/2019,31.32404,-157.999176,6,0.044381
4/27/2019,31.327265,-157.999178,6,0.038917
4/27/2019,31.330486,-157.999189,6,0.042563
4/27/2019,31.333686,-157.999171,6,0.041782
4/27/2019,31.336873,-157.999141,6,0.03746
4/27/2019,31.340069,-157.999081,6,0.041939
4/27/2019,31.343253,-157.998997,6,0.041626
4/27/2019,31.346435,-157.998905,6,0.043062
4/27/2019,31.349606,-157.998818,6,0.042563
4/27/2019,31.352796,-157.998759,6,0.043243
4/27/2019,31.355985,-157.998728,6,0.042284
4/27/2019,31.35917,-157.998692,6,0.041407
4/27/2019,31.362357,-157.99867,6,0.04236
4/27/2019,31.36555,-157.99865,6,0.040534
4/27/2019,31.368744,-157.998619,6,0.0406
4/27/2019,31.371949,-157.998534,6,0.040886
4/27/2019,31.375157,-157.99845,6,0.04206
4/27/2019,31.410197,-157.998406,6,0.043539
4/27/2019,31.4134,-157.998511,6,0.042147
4/27/2019,31.416591,-157.998588,6,0.040762
4/27/2019,31.419768,-157.998679,6,0.040735
4/27/2019,31.422951,-157.998763,6,0.041545
4/27/2019,31.426126,-157.99889,6,0.0428
4/27/2019,31.429295,-157.998956,6,0.042226
4/27/2019,31.432462,-157.999026,6,0.038398
4/27/2019,31.43561,-157.999111,6,0.03747
4/27/2019,31.43876,-157.999198,6,0.039167
4/27/2019,31.441898,-157.999261,6,0.040325
4/27/2019,31.445044,-157.999301,6,0.036406
4/27/2019,31.448191,-157.999383,6,0.037061
4/27/2019,31.451317,-157.99944,6,0.03602
4/27/2019,31.454442,-157.999482,6,0.037423
4/27/2019,31.457558,-157.999521,6,0.037311
4/27/2019,31.460663,-157.999574,6,0.037364
4/27/2019,31.46375,-157.999598,6,0.038573
4/27/2019,31.466839,-157.99966,6,0.038919
4/27/2019,31.469924,-157.999699,6,0.044494
4/27/2019,31.473001,-157.99973,6,0.043884
4/27/2019,31.476088,-157.999713,6,0.043457
4/27/2019,31.479171,-157.999692,6,0.042914
4/27/2019,31.482269,-157.999679,6,0.042325
4/27/2019,31.485368,-157.999666,6,0.042275
4/27/2019,31.48845,-157.99962,6,0.042282
4/27/2019,31.491547,-157.999562,6,0.042203
4/27/2019,31.494635,-157.999522,6,0.04164
4/27/2019,31.497718,-157.9995,6,0.041231
4/27/2019,31.500788,-157.999449,6,0.037573
4/27/2019,31.503863,-157.999399,6,0.037762
4/27/2019,31.506917,-157.999362,6,0.037202
4/27/2019,31.509975,-157.999254,6,0.037073
4/27/2019,31.513022,-157.999206,6,0.038267
4/27/2019,31.516077,-157.999211,6,0.038479
4/27/2019,31.519135,-157.999216,6,0.038125
4/27/2019,31.522198,-157.999235,6,0.041314
4/27/2019,31.52527,-157.999201,6,0.037578
4/27/2019,31.528342,-157.999133,6,0.038061
4/27/2019,31.531407,-157.99913,6,0.042174
4/27/2019,31.534466,-157.999154,6,0.037833
4/27/2019,31.537541,-157.999189,6,0.041567
4/27/2019,31.540621,-157.999216,6,0.041502
4/27/2019,31.543702,-157.999258,6,0.039206
4/27/2019,31.546786,-157.999309,6,0.039409
4/27/2019,31.549859,-157.99934,6,0.039741
4/27/2019,31.552913,-157.999389,6,0.040149
4/27/2019,31.555968,-157.999429,6,0.039892
4/27/2019,31.559038,-157.999477,6,0.039858
4/27/2019,31.562122,-157.999536,6,0.043069
4/27/2019,31.596049,-157.999922,6,0.035652
4/27/2019,31.599135,-157.999974,6,0.03495
4/27/2019,31.602214,-158.00004,6,0.037905
4/27/2019,31.605299,-158.000131,6,0.035925
4/27/2019,31.608392,-158.000202,6,0.036072
4/27/2019,31.611471,-158.000244,6,0.035915
4/27/2019,31.614536,-158.000304,6,0.036068
4/27/2019,31.617599,-158.000395,6,0.036353
4/27/2019,31.620657,-158.000493,6,0.035559
4/27/2019,31.623729,-158.000561,6,0.035865
4/27/2019,31.626807,-158.000623,6,0.036109
4/27/2019,31.629901,-158.000705,6,0.034886
4/27/2019,31.632966,-158.000765,6,0.032617
4/27/2019,31.636051,-158.000822,6,0.033397
4/27/2019,31.639137,-158.000896,6,0.033369
4/27/2019,31.642222,-158.000969,6,0.034904
4/27/2019,31.645319,-158.000974,6,0.032003
4/27/2019,31.648426,-158.000877,6,0.037012
4/27/2019,31.651539,-158.000827,6,0.036442
4/27/2019,31.654649,-158.000749,6,0.034645
4/27/2019,31.657776,-158.000636,6,0.033146
4/27/2019,31.660898,-158.000539,6,0.035607
4/27/2019,31.664015,-158.000427,6,0.036187
4/27/2019,31.667149,-158.000328,6,0.03544
4/27/2019,31.670284,-158.000235,6,0.036154
4/27/2019,31.673429,-158.000106,6,0.034888
4/27/2019,31.676558,-157.99996,6,0.035233
4/27/2019,31.679721,-157.999845,6,0.034574
4/27/2019,31.682879,-157.99977,6,0.034027
4/27/2019,31.686037,-157.999627,6,0.034866
4/27/2019,31.689203,-157.99949,6,0.034485
4/27/2019,31.692353,-157.999376,6,0.034935
4/27/2019,31.695494,-157.999241,6,0.035016
4/27/2019,31.698641,-157.999161,6,0.037947
4/27/2019,31.701777,-157.999042,6,0.035385
4/27/2019,31.704923,-157.998914,6,0.033762
4/27/2019,31.708088,-157.998802,6,0.035601
4/27/2019,31.711261,-157.998747,6,0.036022
4/27/2019,31.714421,-157.998729,6,0.035811
4/27/2019,31.71757,-157.998694,6,0.034674
4/27/2019,31.720708,-157.998614,6,0.034498
4/27/2019,31.723845,-157.998551,6,0.030678
4/27/2019,31.72698,-157.998487,6,0.033641
4/27/2019,31.730091,-157.998434,6,0.034117
4/27/2019,31.733196,-157.998372,6,0.034706
4/27/2019,31.736317,-157.99831,6,0.035823
4/27/2019,31.739443,-157.99824,6,0.03602
4/27/2019,31.742575,-157.99824,6,0.040219
4/27/2019,31.745694,-157.998281,6,0.039637
4/27/2019,31.748804,-157.998347,6,0.04027
4/27/2019,31.782951,-157.99888,6,0.040596
4/27/2019,31.786054,-157.998916,6,0.040695
4/27/2019,31.789154,-157.998957,6,0.040773
4/27/2019,31.792261,-157.999004,6,0.041257
4/27/2019,31.79537,-157.999065,6,0.03987
4/27/2019,31.798489,-157.999101,6,0.040816
4/27/2019,31.801615,-157.999213,6,0.03984
4/27/2019,31.80476,-157.999349,6,0.042641
4/27/2019,31.807905,-157.999412,6,0.039309
4/27/2019,31.811039,-157.99944,6,0.040272
4/27/2019,31.814162,-157.999488,6,0.044836
4/27/2019,31.817284,-157.999547,6,0.043972
4/27/2019,31.820415,-157.999606,6,0.043114
4/27/2019,31.823534,-157.999664,6,0.047027
4/27/2019,31.826636,-157.999803,6,0.046289
4/27/2019,31.829727,-157.999959,6,0.048337
4/27/2019,31.832842,-158.00011,6,0.047985
4/27/2019,31.835948,-158.000257,6,0.051104
4/27/2019,31.839054,-158.000294,6,0.049629
4/27/2019,31.842175,-158.000277,6,0.048435
4/27/2019,31.845287,-158.000262,6,0.048832
4/27/2019,31.848376,-158.000279,6,0.047619
4/27/2019,31.851472,-158.000286,6,0.051212
4/27/2019,31.854565,-158.000261,6,0.048463
4/27/2019,31.857664,-158.000288,6,0.050653
4/27/2019,31.860775,-158.000301,6,0.046866
4/27/2019,31.863888,-158.000321,6,0.046021
4/27/2019,31.867013,-158.000311,6,0.050947
4/27/2019,31.870114,-158.000236,6,0.05142
4/27/2019,31.873217,-158.000199,6,0.047814
4/27/2019,31.876324,-158.000102,6,0.047699
4/27/2019,31.879429,-158.000003,6,0.046964
4/27/2019,31.882535,-157.999898,6,0.046772
4/27/2019,31.885627,-157.999797,6,0.046456
4/27/2019,31.888714,-157.999711,6,0.044268
4/27/2019,31.891812,-157.999584,6,0.045301
4/27/2019,31.894898,-157.999506,6,0.045905
4/27/2019,31.897991,-157.999577,6,0.04359
4/27/2019,31.901097,-157.999643,6,0.046221
4/27/2019,31.904209,-157.999721,6,0.046176
4/27/2019,31.907311,-157.999818,6,0.045808
4/27/2019,31.910417,-157.999897,6,0.044857
4/27/2019,31.913515,-157.999976,6,0.049513
4/27/2019,31.916605,-158.000058,6,0.048999
4/27/2019,31.919684,-158.000112,6,0.046764
4/27/2019,31.922761,-158.000164,6,0.043824
4/27/2019,31.925839,-158.000241,6,0.043368
4/27/2019,31.928916,-158.000285,6,0.042256
4/27/2019,31.931978,-158.000292,6,0.035776
4/27/2019,31.935062,-158.000251,6,0.040163
4/27/2019,31.968843,-157.999831,6,0.049879
4/27/2019,31.971924,-157.999967,6,0.048176
4/27/2019,31.975021,-158.000089,6,0.052652
4/27/2019,31.97813,-158.000192,6,0.055058
4/27/2019,31.981247,-158.000244,6,0.055513
4/27/2019,31.984355,-158.00033,6,0.056626
4/27/2019,31.987467,-158.000443,6,0.059599
4/27/2019,31.990583,-158.000407,6,0.059784
4/27/2019,31.993691,-158.000324,6,0.054462
4/27/2019,31.996799,-158.00025,6,0.057226
4/27/2019,31.999907,-158.00018,6,0.05387
4/27/2019,32.003003,-158.000045,6,0.055963
4/27/2019,32.006094,-157.999973,6,0.054088
4/27/2019,32.0092,-157.999875,6,0.052896
4/27/2019,32.012336,-157.999768,6,0.056653
4/27/2019,32.015474,-157.999763,6,0.055785
4/27/2019,32.018603,-157.999757,6,0.056794
4/27/2019,32.021743,-157.999699,6,0.056016
4/27/2019,32.024866,-157.999698,6,0.055767
4/27/2019,32.027974,-157.999731,6,0.052324
4/27/2019,32.031098,-157.999712,6,0.052636
4/27/2019,32.034234,-157.999714,6,0.053296
4/27/2019,32.037361,-157.999768,6,0.047717
4/27/2019,32.040483,-157.999806,6,0.048221
4/27/2019,32.043588,-157.999842,6,0.051889
4/27/2019,32.046682,-157.999966,6,0.048241
4/27/2019,32.049773,-158.000059,6,0.048413
4/27/2019,32.052853,-158.000031,6,0.052068
4/27/2019,32.055944,-157.999986,6,0.052676
4/27/2019,32.059032,-157.99996,6,0.052924
4/27/2019,32.062132,-157.999925,6,0.047244
4/27/2019,32.065241,-157.999954,6,0.046493
4/27/2019,32.068345,-158.000007,6,0.047481
4/27/2019,32.07143,-158.000031,6,0.046818
4/27/2019,32.074528,-158.00001,6,0.048003
4/27/2019,32.077631,-158.00006,6,0.044003
4/27/2019,32.080723,-158.000074,6,0.046461
4/27/2019,32.083811,-158.000056,6,0.044852
4/27/2019,32.086905,-158.000001,6,0.048216
4/27/2019,32.089994,-157.999968,6,0.052501
4/27/2019,32.093073,-158.000011,6,0.052781
4/27/2019,32.096156,-158.000003,6,0.048743
4/27/2019,32.09924,-157.999975,6,0.054091
4/27/2019,32.102283,-157.999968,6,0.05339
4/27/2019,32.105367,-157.999917,6,0.048535
4/27/2019,32.108452,-157.999922,6,0.052605
4/27/2019,32.111555,-157.999914,6,0.052674
4/27/2019,32.114638,-157.999923,6,0.048124
4/27/2019,32.117716,-157.999902,6,0.044279
4/27/2019,32.120806,-157.999865,6,0.049391
4/27/2019,32.154952,-157.999965,6,0.047335
4/27/2019,32.158052,-157.999924,6,0.047437
4/27/2019,32.16116,-157.999878,6,0.049632
4/27/2019,32.164234,-157.999874,6,0.050105
4/27/2019,32.167305,-157.999843,6,0.050896
4/27/2019,32.170398,-157.999757,6,0.050244
4/27/2019,32.173488,-157.999706,6,0.050746
4/27/2019,32.176563,-157.999622,6,0.054657
4/27/2019,32.179636,-157.99956,6,0.055696
4/27/2019,32.182695,-157.999575,6,0.051237
4/27/2019,32.185765,-157.999567,6,0.050257
4/27/2019,32.188828,-157.999556,6,0.055018
4/27/2019,32.191874,-157.999545,6,0.052867
4/27/2019,32.194929,-157.99952,6,0.049272
4/27/2019,32.19798,-157.999493,6,0.05166
4/27/2019,32.201021,-157.99947,6,0.049656
4/27/2019,32.204054,-157.999486,6,0.051109
4/27/2019,32.207108,-157.999478,6,0.049768
4/27/2019,32.210143,-157.999474,6,0.053068
4/27/2019,32.213181,-157.999453,6,0.05114
4/27/2019,32.216206,-157.999458,6,0.052805
4/27/2019,32.219259,-157.999483,6,0.051437
4/27/2019,32.222312,-157.999521,6,0.052579
4/27/2019,32.225369,-157.999605,6,0.050337
4/27/2019,32.228431,-157.999703,6,0.05215
4/27/2019,32.231498,-157.99978,6,0.056029
4/27/2019,32.234552,-157.999866,6,0.051827
4/27/2019,32.237601,-157.999998,6,0.052004
4/27/2019,32.240668,-158.000078,6,0.053131
4/27/2019,32.24372,-158.000099,6,0.053931
4/27/2019,32.246774,-158.000086,6,0.055523
4/27/2019,32.249835,-158.000079,6,0.055787
4/27/2019,32.252898,-158.000103,6,0.051368
4/27/2019,32.255961,-158.000035,6,0.05431
4/27/2019,32.259003,-158.000014,6,0.052433
4/27/2019,32.262051,-158.000003,6,0.051304
4/27/2019,32.2651,-157.999957,6,0.052336
4/27/2019,32.268144,-157.999867,6,0.054301
4/27/2019,32.271162,-157.999806,6,0.054403
4/27/2019,32.274189,-157.999724,6,0.053915
4/27/2019,32.277218,-157.999674,6,0.054366
4/27/2019,32.280234,-157.999564,6,0.054064
4/27/2019,32.283254,-157.99947,6,0.050281
4/27/2019,32.286285,-157.99943,6,0.054048
4/27/2019,32.289327,-157.999491,6,0.052798
4/27/2019,32.292352,-157.999595,6,0.052565
4/27/2019,32.29536,-157.999619,6,0.049233
4/27/2019,32.29835,-157.999703,6,0.047947
4/27/2019,32.301347,-157.999762,6,0.052035
4/27/2019,32.304332,-157.999854,6,0.04803
4/27/2019,32.337338,-157.999805,6,0.054068
4/27/2019,32.340333,-157.999794,6,0.053886
4/27/2019,32.343334,-157.999798,6,0.053324
4/27/2019,32.346342,-157.999769,6,0.053769
4/27/2019,32.349348,-157.999772,6,0.05356
4/27/2019,32.352348,-157.999744,6,0.054135
4/27/2019,32.355343,-157.99972,6,0.053709
4/27/2019,32.358326,-157.999689,6,0.053162
4/27/2019,32.361306,-157.999733,6,0.053118
4/27/2019,32.364295,-157.999752,6,0.053107
4/27/2019,32.367291,-157.999734,6,0.050271
4/27/2019,32.370294,-157.999719,6,0.048198
4/27/2019,32.373291,-157.999708,6,0.048
4/27/2019,32.376287,-157.999722,6,0.052134
4/27/2019,32.379286,-157.999786,6,0.048265
4/27/2019,32.382287,-157.99979,6,0.048496
4/27/2019,32.385291,-157.999773,6,0.050195
4/27/2019,32.388285,-157.999764,6,0.047708
4/27/2019,32.391285,-157.999793,6,0.047837
4/27/2019,32.394279,-157.999775,6,0.052042
4/27/2019,32.397274,-157.999797,6,0.049336
4/27/2019,32.400269,-157.999833,6,0.049284
4/27/2019,32.403248,-157.999809,6,0.048611
4/27/2019,32.406219,-157.999814,6,0.048297
4/27/2019,32.409205,-157.999828,6,0.048241
4/27/2019,32.412187,-157.999867,6,0.047641
4/27/2019,32.415183,-157.999912,6,0.047697
4/27/2019,32.418179,-157.999872,6,0.047625
4/27/2019,32.42118,-157.999845,6,0.047662
4/27/2019,32.424166,-157.999844,6,0.049031
4/27/2019,32.427146,-157.999799,6,0.050192
4/27/2019,32.430135,-157.9997,6,0.053729
4/27/2019,32.433118,-157.999661,6,0.054633
4/27/2019,32.436117,-157.99961,6,0.050978
4/27/2019,32.439101,-157.999533,6,0.049982
4/27/2019,32.442088,-157.999483,6,0.05242
4/27/2019,32.445065,-157.99944,6,0.049668
4/27/2019,32.44804,-157.999373,6,0.051151
4/27/2019,32.451014,-157.999362,6,0.049424
4/27/2019,32.453997,-157.999322,6,0.046361
4/27/2019,32.456986,-157.9993,6,0.048304
4/27/2019,32.459983,-157.999311,6,0.048199
4/27/2019,32.462983,-157.999405,6,0.048681
4/27/2019,32.465981,-157.99951,6,0.05213
4/27/2019,32.468992,-157.999598,6,0.049258
4/27/2019,32.471999,-157.999677,6,0.051383
4/27/2019,32.475008,-157.999757,6,0.051201
4/27/2019,32.478015,-157.999789,6,0.051422
4/27/2019,32.481013,-157.99982,6,0.054022
4/27/2019,32.484014,-157.999872,6,0.055499
4/27/2019,32.517052,-158.000132,6,0.050574
4/27/2019,32.520053,-158.000098,6,0.047564
4/27/2019,32.523049,-158.000066,6,0.047654
4/27/2019,32.526047,-158.000075,6,0.04736
4/27/2019,32.529039,-157.999996,6,0.046904
4/27/2019,32.53203,-157.999884,6,0.043545
4/27/2019,32.535016,-157.999756,6,0.042995
4/27/2019,32.538005,-157.99966,6,0.045925
4/27/2019,32.540982,-157.999663,6,0.047152
4/27/2019,32.543954,-157.999717,6,0.046111
4/27/2019,32.546951,-157.999779,6,0.047732
4/27/2019,32.549941,-157.99985,6,0.04636
4/27/2019,32.552948,-157.999861,6,0.053261
4/27/2019,32.555972,-157.999877,6,0.047618
4/27/2019,32.559002,-157.999884,6,0.047154
4/27/2019,32.562033,-157.999849,6,0.047763
4/27/2019,32.565057,-157.99983,6,0.0495
4/27/2019,32.568078,-157.999852,6,0.049391
4/27/2019,32.571094,-157.999898,6,0.049556
4/27/2019,32.57414,-157.999868,6,0.049137
4/27/2019,32.577159,-157.999831,6,0.051626
4/27/2019,32.580202,-157.999858,6,0.052123
4/27/2019,32.583249,-157.999865,6,0.048793
4/27/2019,32.586302,-157.999848,6,0.048163
4/27/2019,32.589343,-157.999911,6,0.04606
4/27/2019,32.592382,-157.999924,6,0.046263
4/27/2019,32.595406,-157.999936,6,0.049488
4/27/2019,32.598429,-157.999912,6,0.048059
4/27/2019,32.601451,-157.999914,6,0.050687
4/27/2019,32.604465,-157.999902,6,0.05035
4/27/2019,32.607494,-157.999899,6,0.049925
4/27/2019,32.610527,-157.999872,6,0.049809
4/27/2019,32.613564,-157.999863,6,0.046018
4/27/2019,32.616586,-157.999917,6,0.050334
4/27/2019,32.619606,-157.999946,6,0.050467
4/27/2019,32.622611,-157.999949,6,0.046948
4/27/2019,32.625606,-157.999979,6,0.050871
4/27/2019,32.628617,-157.999999,6,0.045477
4/27/2019,32.631604,-158.000047,6,0.046739
4/27/2019,32.634597,-158.000113,6,0.046769
4/27/2019,32.63761,-158.000142,6,0.047965
4/27/2019,32.640615,-158.000204,6,0.047968
4/27/2019,32.64364,-158.000271,6,0.046902
4/27/2019,32.646653,-158.00033,6,0.042587
4/27/2019,32.64968,-158.000343,6,0.042003
4/27/2019,32.652702,-158.000399,6,0.041647
4/27/2019,32.655734,-158.000463,6,0.039681
4/27/2019,32.658779,-158.000486,6,0.039465
4/27/2019,32.661812,-158.000557,6,0.042575
4/27/2019,32.664823,-158.000591,6,0.041031
4/27/2019,32.69797,-158.000384,6,0.044079
4/27/2019,32.700993,-158.000216,6,0.049107
4/27/2019,32.704026,-158.000137,6,0.049814
4/27/2019,32.707065,-158.000067,6,0.045147
4/27/2019,32.710107,-157.999989,6,0.042153
4/27/2019,32.713169,-157.999932,6,0.044958
4/27/2019,32.716236,-157.999856,6,0.043446
4/27/2019,32.71929,-157.999797,6,0.042885
4/27/2019,32.722324,-157.999753,6,0.044065
4/27/2019,32.725377,-157.999684,6,0.041038
4/27/2019,32.728422,-157.999605,6,0.040455
4/27/2019,32.731478,-157.999519,6,0.040807
4/27/2019,32.734533,-157.999471,6,0.04113
4/27/2019,32.737595,-157.999429,6,0.045133
4/27/2019,32.740657,-157.999381,6,0.044501
4/27/2019,32.743718,-157.999357,6,0.044118
4/27/2019,32.746791,-157.999306,6,0.044717
4/27/2019,32.749869,-157.99926,6,0.042681
4/27/2019,32.752945,-157.99922,6,0.043974
4/27/2019,32.756032,-157.999119,6,0.041098
4/27/2019,32.759096,-157.999017,6,0.044456
4/27/2019,32.76217,-157.999013,6,0.039549
4/27/2019,32.765247,-157.998998,6,0.04161
4/27/2019,32.768338,-157.998948,6,0.041244
4/27/2019,32.771447,-157.998882,6,0.041735
4/27/2019,32.774553,-157.998848,6,0.042343
4/27/2019,32.777646,-157.99876,6,0.043387
4/27/2019,32.780755,-157.998787,6,0.046294
4/27/2019,32.783867,-157.998884,6,0.043115
4/27/2019,32.786976,-157.998977,6,0.04408
4/27/2019,32.790066,-157.999093,6,0.042256
4/27/2019,32.793166,-157.999205,6,0.042436
4/27/2019,32.796246,-157.999281,6,0.043927
4/27/2019,32.799348,-157.999352,6,0.042316
4/27/2019,32.802443,-157.999434,6,0.042132
4/27/2019,32.805533,-157.999466,6,0.042084
4/27/2019,32.808627,-157.999512,6,0.046933
4/27/2019,32.811731,-157.999508,6,0.046571
4/27/2019,32.81481,-157.999548,6,0.047147
4/27/2019,32.817906,-157.999643,6,0.047765
4/27/2019,32.820996,-157.999691,6,0.048397
4/27/2019,32.824083,-157.999685,6,0.048994
4/27/2019,32.827166,-157.99972,6,0.048381
4/27/2019,32.83026,-157.999739,6,0.047598
4/27/2019,32.833355,-157.999709,6,0.047337
4/27/2019,32.836456,-157.999767,6,0.046839
4/27/2019,32.839549,-157.999843,6,0.046279
4/27/2019,32.842652,-157.999892,6,0.044407
4/27/2019,32.845743,-157.99987,6,0.039628
4/27/2019,32.848828,-157.999821,6,0.035322
4/27/2019,32.882696,-157.999653,6,0.042665
4/27/2019,32.885793,-157.999618,6,0.045626
4/27/2019,32.888858,-157.999613,6,0.045639
4/27/2019,32.891946,-157.999627,6,0.046076
4/27/2019,32.895016,-157.999624,6,0.042319
4/27/2019,32.898083,-157.999584,6,0.046548
4/27/2019,32.901174,-157.999626,6,0.04613
4/27/2019,32.904261,-157.999656,6,0.047257
4/27/2019,32.907356,-157.999657,6,0.046041
4/27/2019,32.910427,-157.999633,6,0.045369
4/27/2019,32.913502,-157.999619,6,0.050327
4/27/2019,32.916554,-157.999581,6,0.051796
4/27/2019,32.919622,-157.99957,6,0.049365
4/27/2019,32.922684,-157.999634,6,0.045399
4/27/2019,32.925753,-157.999623,6,0.046054
4/27/2019,32.92883,-157.999607,6,0.04406
4/27/2019,32.931904,-157.999627,6,0.043815
4/27/2019,32.934976,-157.999617,6,0.043474
4/27/2019,32.938055,-157.999613,6,0.044342
4/27/2019,32.941119,-157.999617,6,0.044266
4/27/2019,32.944165,-157.999526,6,0.044184
4/27/2019,32.947226,-157.999438,6,0.045281
4/27/2019,32.950284,-157.999397,6,0.048625
4/27/2019,32.953354,-157.999331,6,0.048221
4/27/2019,32.956418,-157.999265,6,0.048987
4/27/2019,32.959488,-157.99921,6,0.047862
4/27/2019,32.962561,-157.999179,6,0.047896
4/27/2019,32.965642,-157.999144,6,0.047981
4/27/2019,32.968742,-157.999081,6,0.049091
4/27/2019,32.971835,-157.998989,6,0.05237
4/27/2019,32.974953,-157.998943,6,0.044698
4/27/2019,32.978069,-157.998933,6,0.050354
4/27/2019,32.981195,-157.999,6,0.050622
4/27/2019,32.984306,-157.999057,6,0.047102
4/27/2019,32.987428,-157.999097,6,0.048346
4/27/2019,32.990552,-157.999211,6,0.050939
4/27/2019,32.993668,-157.999283,6,0.049877
4/27/2019,32.996779,-157.999338,6,0.045448
4/27/2019,32.999887,-157.999396,6,0.047728
4/27/2019,33.002995,-157.999439,6,0.046799
4/27/2019,33.006106,-157.999434,6,0.048377
4/27/2019,33.009192,-157.999469,6,0.052318
4/27/2019,33.012303,-157.999488,6,0.050576
4/27/2019,33.015416,-157.999525,6,0.052114
4/27/2019,33.01853,-157.999585,6,0.050625
4/27/2019,33.021636,-157.999603,6,0.05036
4/27/2019,33.024745,-157.999616,6,0.050162
4/27/2019,33.027846,-157.999636,6,0.050326
4/27/2019,33.030962,-157.999658,6,0.05137
4/27/2019,33.034081,-157.999694,6,0.051296
4/26/2019,33.068446,-158.000525,6,0.058572
4/26/2019,33.071594,-158.000541,6,0.056771
4/26/2019,33.074733,-158.000474,6,0.05691
4/26/2019,33.077868,-158.000365,6,0.057447
4/26/2019,33.080994,-158.000271,6,0.058407
4/26/2019,33.084126,-158.000213,6,0.057529
4/26/2019,33.087237,-158.000177,6,0.054109
4/26/2019,33.090345,-158.000146,6,0.057539
4/26/2019,33.09344,-158.0001,6,0.057739
4/26/2019,33.096514,-158.000009,6,0.057399
4/26/2019,33.099601,-157.999981,6,0.056366
4/26/2019,33.102654,-157.999904,6,0.055683
4/26/2019,33.105731,-157.999897,6,0.06025
4/26/2019,33.108804,-157.999843,6,0.05996
4/26/2019,33.111886,-157.999766,6,0.060154
4/26/2019,33.115006,-157.999769,6,0.055584
4/26/2019,33.118124,-157.999765,6,0.059865
4/26/2019,33.121242,-157.999713,6,0.058536
4/26/2019,33.124357,-157.999723,6,0.058147
4/26/2019,33.12747,-157.999714,6,0.058749
4/26/2019,33.130563,-157.999647,6,0.057998
4/26/2019,33.133655,-157.999577,6,0.058512
4/26/2019,33.136736,-157.999537,6,0.054376
4/26/2019,33.139792,-157.99955,6,0.05746
4/26/2019,33.142854,-157.999518,6,0.062184
4/26/2019,33.14592,-157.999492,6,0.058606
4/26/2019,33.148989,-157.99947,6,0.059015
4/26/2019,33.152065,-157.999434,6,0.058647
4/26/2019,33.155146,-157.999431,6,0.057422
4/26/2019,33.158236,-157.999384,6,0.057323
4/26/2019,33.161303,-157.99938,6,0.057082
4/26/2019,33.164357,-157.99929,6,0.05694
4/26/2019,33.167414,-157.999258,6,0.056265
4/26/2019,33.170467,-157.999212,6,0.057609
4/26/2019,33.173538,-157.999241,6,0.057508
4/26/2019,33.176613,-157.999274,6,0.057454
4/26/2019,33.179684,-157.999241,6,0.061442
4/26/2019,33.182744,-157.999195,6,0.057244
4/26/2019,33.185789,-157.999228,6,0.061876
4/26/2019,33.188837,-157.999154,6,0.060849
4/26/2019,33.191877,-157.999088,6,0.060193
4/26/2019,33.194938,-157.999012,6,0.063703
4/26/2019,33.197995,-157.998954,6,0.064468
4/26/2019,33.201055,-157.998949,6,0.064241
4/26/2019,33.20414,-157.998912,6,0.063276
4/26/2019,33.207231,-157.99891,6,0.067147
4/26/2019,33.210332,-157.998888,6,0.068969
4/26/2019,33.213436,-157.998917,6,0.066523
4/26/2019,33.216532,-157.998905,6,0.06561
4/26/2019,33.219622,-157.998925,6,0.072398
4/26/2019,33.253546,-157.998859,6,0.060932
4/26/2019,33.256626,-157.998881,6,0.059229
4/26/2019,33.25969,-157.998892,6,0.058305
4/26/2019,33.262749,-157.998893,6,0.057061
4/26/2019,33.265799,-157.998913,6,0.059181
4/26/2019,33.268858,-157.998938,6,0.060954
4/26/2019,33.271927,-157.998986,6,0.061748
4/26/2019,33.274982,-157.998988,6,0.060054
4/26/2019,33.278036,-157.998975,6,0.055545
4/26/2019,33.281104,-157.998966,6,0.056741
4/26/2019,33.284182,-157.998985,6,0.056883
4/26/2019,33.287242,-157.998994,6,0.052304
4/26/2019,33.290313,-157.998951,6,0.05606
4/26/2019,33.293387,-157.998954,6,0.052793
4/26/2019,33.29647,-157.998928,6,0.053245
4/26/2019,33.299528,-157.998957,6,0.054972
4/26/2019,33.302583,-157.998943,6,0.059088
4/26/2019,33.305643,-157.999004,6,0.055503
4/26/2019,33.308713,-157.999023,6,0.05542
4/26/2019,33.311783,-157.999065,6,0.05606
4/26/2019,33.31484,-157.999062,6,0.055309
4/26/2019,33.317894,-157.999105,6,0.057884
4/26/2019,33.320951,-157.99917,6,0.057614
4/26/2019,33.324005,-157.999201,6,0.052458
4/26/2019,33.327062,-157.999307,6,0.050124
4/26/2019,33.330142,-157.999356,6,0.051568
4/26/2019,33.333223,-157.999347,6,0.049679
4/26/2019,33.336325,-157.999355,6,0.050419
4/26/2019,33.339423,-157.999369,6,0.052609
4/26/2019,33.342514,-157.999402,6,0.052193
4/26/2019,33.345611,-157.999461,6,0.055147
4/26/2019,33.348704,-157.999508,6,0.050884
4/26/2019,33.351782,-157.999576,6,0.053814
4/26/2019,33.354871,-157.99962,6,0.054499
4/26/2019,33.357949,-157.999701,6,0.054902
4/26/2019,33.361023,-157.999748,6,0.055757
4/26/2019,33.364094,-157.999763,6,0.055968
4/26/2019,33.367193,-157.999836,6,0.052768
4/26/2019,33.370287,-157.999869,6,0.057388
4/26/2019,33.373371,-157.999889,6,0.055427
4/26/2019,33.376444,-157.999902,6,0.049619
4/26/2019,33.379527,-157.999918,6,0.053217
4/26/2019,33.382602,-157.999962,6,0.04833
4/26/2019,33.385671,-157.999992,6,0.054737
4/26/2019,33.388751,-158.000092,6,0.051805
4/26/2019,33.391823,-158.00012,6,0.051355
4/26/2019,33.394907,-158.000121,6,0.049761
4/26/2019,33.397988,-158.000118,6,0.050259
4/26/2019,33.40106,-158.000119,6,0.054259
4/26/2019,33.404133,-158.000158,6,0.052346
4/26/2019,33.440446,-157.999734,6,0.057183
4/26/2019,33.441007,-157.999725,6,0.054683
4/26/2019,33.444065,-157.999643,6,0.054933
4/26/2019,33.447121,-157.999625,6,0.058489
4/26/2019,33.450173,-157.99957,6,0.05827
4/26/2019,33.453221,-157.999563,6,0.057369
4/26/2019,33.456272,-157.999517,6,0.058602
4/26/2019,33.459314,-157.999472,6,0.058508
4/26/2019,33.462348,-157.9995,6,0.058183
4/26/2019,33.465386,-157.999501,6,0.059268
4/26/2019,33.468418,-157.999509,6,0.063035
4/26/2019,33.471446,-157.999489,6,0.059238
4/26/2019,33.474483,-157.999478,6,0.055585
4/26/2019,33.477525,-157.999455,6,0.057777
4/26/2019,33.480544,-157.999415,6,0.055656
4/26/2019,33.483581,-157.99938,6,0.058761
4/26/2019,33.486621,-157.999385,6,0.060176
4/26/2019,33.489649,-157.999334,6,0.060689
4/26/2019,33.492683,-157.999318,6,0.060483
4/26/2019,33.495705,-157.999269,6,0.058786
4/26/2019,33.49874,-157.999202,6,0.058214
4/26/2019,33.501776,-157.999153,6,0.059469
4/26/2019,33.504821,-157.999124,6,0.058665
4/26/2019,33.507878,-157.999129,6,0.05896
4/26/2019,33.510937,-157.999043,6,0.058984
4/26/2019,33.514004,-157.998943,6,0.059277
4/26/2019,33.517077,-157.99892,6,0.059678
4/26/2019,33.520155,-157.998905,6,0.061809
4/26/2019,33.523231,-157.998879,6,0.05672
4/26/2019,33.526296,-157.99884,6,0.056513
4/26/2019,33.529366,-157.998757,6,0.060018
4/26/2019,33.532427,-157.998736,6,0.061617
4/26/2019,33.535481,-157.998673,6,0.057006
4/26/2019,33.538533,-157.998669,6,0.061246
4/26/2019,33.541596,-157.998696,6,0.057361
4/26/2019,33.54464,-157.99864,6,0.056033
4/26/2019,33.54767,-157.998643,6,0.057047
4/26/2019,33.550699,-157.998646,6,0.059379
4/26/2019,33.553733,-157.998648,6,0.061329
4/26/2019,33.556761,-157.998607,6,0.05944
4/26/2019,33.559796,-157.998582,6,0.06066
4/26/2019,33.562837,-157.998621,6,0.056318
4/26/2019,33.565882,-157.998615,6,0.061236
4/26/2019,33.568911,-157.998707,6,0.056396
4/26/2019,33.57194,-157.998798,6,0.057035
4/26/2019,33.574957,-157.998904,6,0.057016
4/26/2019,33.577977,-157.998972,6,0.056054
4/26/2019,33.580999,-157.999096,6,0.057049
4/26/2019,33.584012,-157.999206,6,0.060025
4/26/2019,33.587019,-157.999289,6,0.062068
4/26/2019,33.620117,-158.000395,6,0.067144
4/26/2019,33.623114,-158.00054,6,0.06686
4/26/2019,33.626114,-158.000619,6,0.066181
4/26/2019,33.629111,-158.000666,6,0.067245
4/26/2019,33.632095,-158.000728,6,0.067685
4/26/2019,33.635084,-158.000802,6,0.064731
4/26/2019,33.638062,-158.000855,6,0.067687
4/26/2019,33.641036,-158.000857,6,0.067447
4/26/2019,33.644008,-158.000782,6,0.064482
4/26/2019,33.646976,-158.000702,6,0.06399
4/26/2019,33.649945,-158.000602,6,0.064172
4/26/2019,33.652938,-158.000496,6,0.066372
4/26/2019,33.655936,-158.000451,6,0.064997
4/26/2019,33.658941,-158.00036,6,0.067467
4/26/2019,33.661947,-158.000326,6,0.067429
4/26/2019,33.664943,-158.0002,6,0.068332
4/26/2019,33.667968,-158.000132,6,0.069065
4/26/2019,33.670988,-158.000036,6,0.069027
4/26/2019,33.673997,-157.99998,6,0.066853
4/26/2019,33.67701,-157.999885,6,0.066365
4/26/2019,33.680023,-157.999731,6,0.06804
4/26/2019,33.683018,-157.999595,6,0.066747
4/26/2019,33.685995,-157.999471,6,0.066286
4/26/2019,33.688949,-157.999371,6,0.069442
4/26/2019,33.691912,-157.999243,6,0.068894
4/26/2019,33.694894,-157.999087,6,0.068767
4/26/2019,33.697871,-157.999036,6,0.065686
4/26/2019,33.700842,-157.998991,6,0.06511
4/26/2019,33.703808,-157.998937,6,0.065671
4/26/2019,33.706775,-157.99891,6,0.065776
4/26/2019,33.709733,-157.998822,6,0.067291
4/26/2019,33.712687,-157.998753,6,0.061734
4/26/2019,33.715665,-157.998698,6,0.066846
4/26/2019,33.718646,-157.998641,6,0.063331
4/26/2019,33.721624,-157.998682,6,0.063626
4/26/2019,33.724609,-157.998765,6,0.063893
4/26/2019,33.727616,-157.998835,6,0.06825
4/26/2019,33.730632,-157.998919,6,0.069351
4/26/2019,33.733638,-157.999013,6,0.067972
4/26/2019,33.736669,-157.998917,6,0.069558
4/26/2019,33.739689,-157.998872,6,0.070219
4/26/2019,33.742697,-157.99875,6,0.072746
4/26/2019,33.745684,-157.998738,6,0.06776
4/26/2019,33.74865,-157.998829,6,0.065486
4/26/2019,33.751629,-157.998963,6,0.067729
4/26/2019,33.754607,-157.999056,6,0.069898
4/26/2019,33.757611,-157.999149,6,0.069882
4/26/2019,33.760633,-157.999235,6,0.072419
4/26/2019,33.763669,-157.999395,6,0.06889
4/26/2019,33.766704,-157.999503,6,0.076286
4/26/2019,33.800096,-158.000204,6,0.065952
4/26/2019,33.803134,-158.000256,6,0.065626
4/26/2019,33.806153,-158.000227,6,0.064053
4/26/2019,33.809151,-158.000111,6,0.05887
4/26/2019,33.81218,-157.999986,6,0.05683
4/26/2019,33.815215,-157.999932,6,0.05973
4/26/2019,33.818241,-157.999859,6,0.057956
4/26/2019,33.821278,-157.999855,6,0.060171
4/26/2019,33.824346,-157.999825,6,0.059554
4/26/2019,33.827417,-157.999737,6,0.060926
4/26/2019,33.830498,-157.999708,6,0.061108
4/26/2019,33.833594,-157.999739,6,0.06159
4/26/2019,33.83668,-157.99982,6,0.060932
4/26/2019,33.839778,-157.999959,6,0.065039
4/26/2019,33.842865,-158.000044,6,0.066554
4/26/2019,33.845954,-158.000132,6,0.066235
4/26/2019,33.849035,-158.000222,6,0.064984
4/26/2019,33.852101,-158.000085,6,0.064573
4/26/2019,33.855148,-157.999933,6,0.061577
4/26/2019,33.858233,-157.999803,6,0.063205
4/26/2019,33.861314,-157.999719,6,0.065373
4/26/2019,33.864396,-157.999601,6,0.066983
4/26/2019,33.867481,-157.999443,6,0.068146
4/26/2019,33.870554,-157.999293,6,0.067663
4/26/2019,33.873625,-157.999159,6,0.071515
4/26/2019,33.876715,-157.999012,6,0.072899
4/26/2019,33.879786,-157.998937,6,0.072393
4/26/2019,33.882842,-157.998868,6,0.072042
4/26/2019,33.885905,-157.998736,6,0.075877
4/26/2019,33.888978,-157.998671,6,0.074731
4/26/2019,33.892057,-157.998587,6,0.079405
4/26/2019,33.895167,-157.998483,6,0.074816
4/26/2019,33.898265,-157.998458,6,0.076762
4/26/2019,33.901361,-157.998396,6,0.076082
4/26/2019,33.904467,-157.998316,6,0.07136
4/26/2019,33.907557,-157.998219,6,0.075705
4/26/2019,33.910646,-157.998146,6,0.076712
4/26/2019,33.913721,-157.998125,6,0.079187
4/26/2019,33.916778,-157.998098,6,0.074626
4/26/2019,33.919835,-157.998131,6,0.079595
4/26/2019,33.922904,-157.998162,6,0.083666
4/26/2019,33.925967,-157.998153,6,0.083042
4/26/2019,33.929052,-157.998102,6,0.083007
4/26/2019,33.93213,-157.998064,6,0.086448
4/26/2019,33.935201,-157.99802,6,0.08491
4/26/2019,33.938274,-157.998093,6,0.084886
4/26/2019,33.941342,-157.998208,6,0.086736
4/26/2019,33.944426,-157.998336,6,0.086898
4/26/2019,33.947487,-157.998421,6,0.083533
4/26/2019,33.950579,-157.99847,6,0.083458
4/26/2019,33.984362,-157.999201,6,0.118499
4/26/2019,33.987444,-157.999202,6,0.119052
4/26/2019,33.990524,-157.999255,6,0.113822
4/26/2019,33.993592,-157.999294,6,0.11045
4/26/2019,33.996655,-157.999256,6,0.107971
4/26/2019,33.999733,-157.999244,6,0.108941
4/26/2019,34.002818,-157.999232,6,0.106204
4/26/2019,34.005904,-157.999297,6,0.104463
4/26/2019,34.008974,-157.999355,6,0.103513
4/26/2019,34.012037,-157.999443,6,0.103285
4/26/2019,34.015131,-157.999513,6,0.099399
4/26/2019,34.018212,-157.999556,6,0.099429
4/26/2019,34.021299,-157.999599,6,0.101939
4/26/2019,34.024398,-157.999601,6,0.093164
4/26/2019,34.027519,-157.999576,6,0.093997
4/26/2019,34.03064,-157.999602,6,0.09287
4/26/2019,34.033759,-157.999628,6,0.091552
4/26/2019,34.036866,-157.999632,6,0.090481
4/26/2019,34.03996,-157.999659,6,0.091379
4/26/2019,34.04306,-157.999658,6,0.091083
4/26/2019,34.046176,-157.99969,6,0.087219
4/26/2019,34.049292,-157.99975,6,0.087932
4/26/2019,34.052384,-157.999835,6,0.087053
4/26/2019,34.055447,-157.999915,6,0.082525
4/26/2019,34.058483,-157.999958,6,0.084298
4/26/2019,34.061582,-158.000009,6,0.08329
4/26/2019,34.064675,-158.000065,6,0.082654
4/26/2019,34.067783,-158.000094,6,0.087426
4/26/2019,34.070909,-158.000171,6,0.086213
4/26/2019,34.074038,-158.000141,6,0.082726
4/26/2019,34.077166,-158.0001,6,0.087141
4/26/2019,34.080275,-157.999981,6,0.091159
4/26/2019,34.083403,-157.999932,6,0.09016
4/26/2019,34.08653,-157.999887,6,0.09144
4/26/2019,34.089674,-157.999899,6,0.094974
4/26/2019,34.092831,-157.999908,6,0.091896
4/26/2019,34.095976,-157.999899,6,0.094494
4/26/2019,34.099087,-157.999888,6,0.096733
4/26/2019,34.102196,-157.99988,6,0.094698
4/26/2019,34.105291,-157.999922,6,0.097525
4/26/2019,34.108393,-157.999965,6,0.10184
4/26/2019,34.111495,-157.999993,6,0.103377
4/26/2019,34.114608,-157.999913,6,0.096666
4/26/2019,34.117757,-157.999811,6,0.099787
4/26/2019,34.120879,-157.999751,6,0.102214
4/26/2019,34.123992,-157.999683,6,0.102012
4/26/2019,34.127094,-157.999577,6,0.102138
4/26/2019,34.130197,-157.999533,6,0.098012
4/26/2019,34.133296,-157.999467,6,0.105776
4/26/2019,34.1364,-157.999396,6,0.09831
4/26/2019,34.170472,-158.000332,6,0.107832
4/26/2019,34.173564,-158.000437,6,0.10721
4/26/2019,34.176629,-158.000458,6,0.101996
4/26/2019,34.17971,-158.000401,6,0.100942
4/26/2019,34.182784,-158.000336,6,0.104549
4/26/2019,34.185843,-158.000241,6,0.09962
4/26/2019,34.188905,-158.000171,6,0.103353
4/26/2019,34.191969,-158.000067,6,0.105775
4/26/2019,34.195029,-157.999989,6,0.110565
4/26/2019,34.19811,-157.99987,6,0.109612
4/26/2019,34.201186,-157.99981,6,0.105208
4/26/2019,34.204233,-157.999709,6,0.106112
4/26/2019,34.207285,-157.999643,6,0.107199
4/26/2019,34.210361,-157.999561,6,0.108725
4/26/2019,34.213425,-157.999492,6,0.109068
4/26/2019,34.216491,-157.999417,6,0.106459
4/26/2019,34.219571,-157.999384,6,0.105346
4/26/2019,34.222638,-157.99938,6,0.105103
4/26/2019,34.225686,-157.999318,6,0.104441
4/26/2019,34.228722,-157.999343,6,0.101889
4/26/2019,34.231762,-157.999424,6,0.101165
4/26/2019,34.234803,-157.999533,6,0.100771
4/26/2019,34.237848,-157.999593,6,0.10079
4/26/2019,34.240901,-157.999635,6,0.099811
4/26/2019,34.243981,-157.999686,6,0.098733
4/26/2019,34.247052,-157.999721,6,0.103449
4/26/2019,34.250092,-157.999795,6,0.102602
4/26/2019,34.253132,-157.999875,6,0.098842
4/26/2019,34.256177,-157.999935,6,0.098721
4/26/2019,34.259225,-157.999914,6,0.103924
4/26/2019,34.262314,-157.999793,6,0.09967
4/26/2019,34.2654,-157.999721,6,0.100133
4/26/2019,34.268473,-157.999688,6,0.100895
4/26/2019,34.27155,-157.999622,6,0.100794
4/26/2019,34.27461,-157.999559,6,0.104827
4/26/2019,34.27767,-157.99951,6,0.102252
4/26/2019,34.280723,-157.999498,6,0.103953
4/26/2019,34.283793,-157.999463,6,0.101769
4/26/2019,34.286865,-157.99941,6,0.098316
4/26/2019,34.289928,-157.999413,6,0.098247
4/26/2019,34.293008,-157.999482,6,0.094197
4/26/2019,34.296057,-157.999543,6,0.097972
4/26/2019,34.299121,-157.999587,6,0.100619
4/26/2019,34.302164,-157.999619,6,0.100204
4/26/2019,34.305188,-157.999688,6,0.104472
4/26/2019,34.308227,-157.999706,6,0.100264
4/26/2019,34.31127,-157.99974,6,0.100553
4/26/2019,34.314312,-157.99979,6,0.100543
4/26/2019,34.317358,-157.999765,6,0.099227
4/26/2019,34.320408,-157.999755,6,0.106785
4/26/2019,34.353942,-157.999692,6,0.077953
4/26/2019,34.357006,-157.999693,6,0.077465
4/26/2019,34.360062,-157.999713,6,0.081254
4/26/2019,34.363116,-157.999674,6,0.077404
4/26/2019,34.366181,-157.99968,6,0.077372
4/26/2019,34.369259,-157.999712,6,0.078871
4/26/2019,34.372335,-157.999773,6,0.078433
4/26/2019,34.375423,-157.999782,6,0.079171
4/26/2019,34.378508,-157.999796,6,0.079518
4/26/2019,34.381564,-157.999827,6,0.0838
4/26/2019,34.384635,-157.999832,6,0.078531
4/26/2019,34.387709,-157.999844,6,0.079056
4/26/2019,34.390769,-157.999873,6,0.081727
4/26/2019,34.393831,-157.999897,6,0.078496
4/26/2019,34.396904,-157.999886,6,0.081432
4/26/2019,34.399979,-157.99989,6,0.082844
4/26/2019,34.403042,-157.9999,6,0.085053
4/26/2019,34.406109,-157.999864,6,0.084336
4/26/2019,34.409186,-157.999865,6,0.086021
4/26/2019,34.412269,-157.999874,6,0.085324
4/26/2019,34.415368,-157.999895,6,0.086721
4/26/2019,34.418464,-157.999884,6,0.089515
4/26/2019,34.421571,-157.999896,6,0.088919
4/26/2019,34.424678,-157.999923,6,0.090312
4/26/2019,34.427778,-157.999911,6,0.091197
4/26/2019,34.430875,-157.999876,6,0.089259
4/26/2019,34.43399,-157.999872,6,0.089805
4/26/2019,34.4371,-157.99988,6,0.087789
4/26/2019,34.440208,-157.999822,6,0.092776
4/26/2019,34.443303,-157.999838,6,0.09355
4/26/2019,34.446387,-157.999802,6,0.092683
4/26/2019,34.449477,-157.999732,6,0.093075
4/26/2019,34.45256,-157.999762,6,0.095687
4/26/2019,34.455616,-157.999748,6,0.096445
4/26/2019,34.458682,-157.999763,6,0.099398
4/26/2019,34.461725,-157.999795,6,0.095745
4/26/2019,34.464779,-157.999779,6,0.095889
4/26/2019,34.467842,-157.999841,6,0.095993
4/26/2019,34.470898,-157.999861,6,0.100428
4/26/2019,34.473947,-157.999883,6,0.095765
4/26/2019,34.477002,-157.999885,6,0.099822
4/26/2019,34.480061,-157.999961,6,0.099906
4/26/2019,34.483107,-158.00003,6,0.099327
4/26/2019,34.486154,-158.000033,6,0.09855
4/26/2019,34.489201,-158.000078,6,0.097842
4/26/2019,34.492233,-158.000117,6,0.097044
4/26/2019,34.495268,-158.000191,6,0.093539
4/26/2019,34.498281,-158.00023,6,0.096593
4/26/2019,34.501281,-158.000079,6,0.087472
4/26/2019,34.5043,-157.999887,6,0.086666
4/26/2019,34.53719,-157.99948,6,0.105559
4/26/2019,34.540171,-157.999484,6,0.105714
4/26/2019,34.543152,-157.999549,6,0.101989
4/26/2019,34.546111,-157.999582,6,0.101301
4/26/2019,34.549076,-157.999622,6,0.100746
4/26/2019,34.552044,-157.99967,6,0.104953
4/26/2019,34.555002,-157.999734,6,0.100572
4/26/2019,34.557959,-157.999776,6,0.100518
4/26/2019,34.56091,-157.999801,6,0.095609
4/26/2019,34.563855,-157.999864,6,0.100621
4/26/2019,34.566806,-157.999953,6,0.097781
4/26/2019,34.569748,-158.000019,6,0.097153
4/26/2019,34.572686,-158.000049,6,0.100353
4/26/2019,34.575608,-158.00012,6,0.105168
4/26/2019,34.578547,-158.000201,6,0.101904
4/26/2019,34.581499,-158.000251,6,0.097451
4/26/2019,34.584441,-158.000311,6,0.100848
4/26/2019,34.58739,-158.000409,6,0.100924
4/26/2019,34.590328,-158.000436,6,0.100713
4/26/2019,34.593282,-158.000329,6,0.097474
4/26/2019,34.596229,-158.000269,6,0.10237
4/26/2019,34.599182,-158.000192,6,0.102321
4/26/2019,34.602121,-158.000141,6,0.097943
4/26/2019,34.605073,-158.000064,6,0.097432
4/26/2019,34.608031,-158.000007,6,0.096817
4/26/2019,34.610983,-157.999915,6,0.093671
4/26/2019,34.613926,-157.999911,6,0.09588
4/26/2019,34.616847,-157.999863,6,0.097014
4/26/2019,34.619811,-157.999791,6,0.097718
4/26/2019,34.622783,-157.999739,6,0.101081
4/26/2019,34.625752,-157.999719,6,0.100326
4/26/2019,34.628711,-157.999666,6,0.101359
4/26/2019,34.631665,-157.999607,6,0.098554
4/26/2019,34.634606,-157.999583,6,0.100088
4/26/2019,34.637545,-157.999628,6,0.100472
4/26/2019,34.640496,-157.999585,6,0.099974
4/26/2019,34.643451,-157.99952,6,0.099608
4/26/2019,34.646384,-157.999462,6,0.099634
4/26/2019,34.649332,-157.999456,6,0.100117
4/26/2019,34.652268,-157.999418,6,0.10077
4/26/2019,34.655214,-157.999391,6,0.100908
4/26/2019,34.658168,-157.999324,6,0.101996
4/26/2019,34.661114,-157.999245,6,0.105459
4/26/2019,34.664061,-157.999223,6,0.111004
4/26/2019,34.667024,-157.999208,6,0.110848
4/26/2019,34.669984,-157.999211,6,0.109532
4/26/2019,34.672939,-157.999172,6,0.113765
4/26/2019,34.675894,-157.999092,6,0.119013
4/26/2019,34.678838,-157.999088,6,0.118603
4/26/2019,34.681766,-157.999064,6,0.114747
4/26/2019,34.714215,-157.99916,6,0.113311
4/26/2019,34.717196,-157.999201,6,0.111196
4/26/2019,34.720141,-157.999244,6,0.110813
4/26/2019,34.723083,-157.999295,6,0.110384
4/26/2019,34.726025,-157.999392,6,0.11081
4/26/2019,34.729,-157.999467,6,0.115528
4/26/2019,34.73199,-157.999582,6,0.11567
4/26/2019,34.734983,-157.999695,6,0.117178
4/26/2019,34.73796,-157.999784,6,0.116962
4/26/2019,34.740957,-157.999836,6,0.118804
4/26/2019,34.743921,-157.999904,6,0.118154
4/26/2019,34.746889,-157.999966,6,0.116287
4/26/2019,34.749814,-158.000075,6,0.116714
4/26/2019,34.752778,-158.000027,6,0.11927
4/26/2019,34.755735,-157.99992,6,0.118092
4/26/2019,34.758704,-157.99982,6,0.120741
4/26/2019,34.761656,-157.99975,6,0.120959
4/26/2019,34.764577,-157.999706,6,0.123004
4/26/2019,34.767545,-157.999668,6,0.125292
4/26/2019,34.770525,-157.999601,6,0.130955
4/26/2019,34.773498,-157.999551,6,0.125923
4/26/2019,34.776466,-157.999565,6,0.125248
4/26/2019,34.779434,-157.999539,6,0.125146
4/26/2019,34.782384,-157.999477,6,0.114858
4/26/2019,34.785372,-157.999423,6,0.116556
4/26/2019,34.788368,-157.999399,6,0.117701
4/26/2019,34.791366,-157.999446,6,0.111345
4/26/2019,34.79437,-157.999549,6,0.109214
4/26/2019,34.797373,-157.999453,6,0.106178
4/26/2019,34.800339,-157.999324,6,0.107472
4/26/2019,34.803315,-157.999229,6,0.102974
4/26/2019,34.806294,-157.999095,6,0.095375
4/26/2019,34.8093,-157.999011,6,0.095571
4/26/2019,34.8123,-157.999032,6,0.091985
4/26/2019,34.815326,-157.999074,6,0.09727
4/26/2019,34.818354,-157.999102,6,0.093412
4/26/2019,34.821367,-157.99907,6,0.089214
4/26/2019,34.824384,-157.999072,6,0.084358
4/26/2019,34.827423,-157.999111,6,0.083626
4/26/2019,34.830442,-157.999119,6,0.083712
4/26/2019,34.83346,-157.999092,6,0.0876
4/26/2019,34.836472,-157.999089,6,0.089228
4/26/2019,34.83949,-157.999119,6,0.081908
4/26/2019,34.842503,-157.999143,6,0.085756
4/26/2019,34.845522,-157.999192,6,0.089969
4/26/2019,34.848537,-157.999223,6,0.089731
4/26/2019,34.851549,-157.999266,6,0.090493
4/26/2019,34.854605,-157.999318,6,0.090467
4/26/2019,34.857655,-157.999341,6,0.096426
4/26/2019,34.860715,-157.999411,6,0.099526
4/26/2019,34.894425,-157.999681,6,0.093662
4/26/2019,34.89751,-157.999696,6,0.093101
4/26/2019,34.900579,-157.999728,6,0.094091
4/26/2019,34.903666,-157.999738,6,0.088376
4/26/2019,34.906753,-157.999755,6,0.089491
4/26/2019,34.909842,-157.999788,6,0.085429
4/26/2019,34.91293,-157.99982,6,0.090263
4/26/2019,34.916019,-157.999828,6,0.089198
4/26/2019,34.919116,-157.999832,6,0.088882
4/26/2019,34.92221,-157.999857,6,0.086683
4/26/2019,34.925319,-157.999861,6,0.083385
4/26/2019,34.928437,-157.999854,6,0.08553
4/26/2019,34.931552,-157.999829,6,0.081962
4/26/2019,34.934649,-157.999822,6,0.080248
4/26/2019,34.937731,-157.999785,6,0.07679
4/26/2019,34.940769,-157.999801,6,0.076758
4/26/2019,34.943849,-157.999802,6,0.078021
4/26/2019,34.947034,-157.999781,6,0.077197
4/26/2019,34.949999,-157.99983,6,0.07753
4/26/2019,34.953085,-157.999834,6,0.081401
4/26/2019,34.956261,-157.999912,6,0.081306
4/26/2019,34.959232,-157.999989,6,0.080001
4/26/2019,34.962419,-158.000056,6,0.079659
4/26/2019,34.965441,-158.000121,6,0.078718
4/26/2019,34.968518,-158.000153,6,0.082453
4/26/2019,34.971594,-158.000265,6,0.087169
4/26/2019,34.974678,-158.000337,6,0.087435
4/26/2019,34.977742,-158.000426,6,0.091575
4/26/2019,34.980811,-158.000462,6,0.08989
4/26/2019,34.983873,-158.000416,6,0.094524
4/26/2019,34.986934,-158.000439,6,0.099105
4/26/2019,34.990011,-158.000374,6,0.102312
4/26/2019,34.993053,-158.000383,6,0.104188
4/26/2019,34.996125,-158.000389,6,0.101765
4/26/2019,34.999204,-158.000362,6,0.104474
4/26/2019,35.00228,-158.000346,6,0.110773
4/26/2019,35.005344,-158.000319,6,0.112932
4/26/2019,35.008387,-158.00029,6,0.116486
4/26/2019,35.011427,-158.000185,6,0.117129
4/26/2019,35.01448,-158.000081,6,0.124041
4/26/2019,35.017553,-157.999981,6,0.124813
4/26/2019,35.020637,-157.999856,6,0.127075
4/26/2019,35.023708,-157.999766,6,0.130384
4/26/2019,35.026805,-157.999667,6,0.126151
4/26/2019,35.029905,-157.999555,6,0.120241
4/26/2019,35.033,-157.999384,6,0.116119
4/26/2019,35.036085,-157.999281,6,0.112297
4/26/2019,35.039173,-157.999173,6,0.115963
4/26/2019,35.042282,-157.999091,6,0.109885
4/26/2019,35.045397,-157.999089,6,0.116298
4/26/2019,35.079501,-157.999595,6,0.195398
4/26/2019,35.082631,-157.999703,6,0.190186
4/26/2019,35.085724,-157.999989,6,0.187708
4/26/2019,35.088798,-158.000177,6,0.186299
4/26/2019,35.091909,-157.99998,6,0.18627
4/26/2019,35.09498,-157.999984,6,0.18541
4/26/2019,35.098057,-157.999969,6,0.178874
4/26/2019,35.101127,-157.999804,6,0.174935
4/26/2019,35.10422,-157.999804,6,0.172311
4/26/2019,35.107294,-158.000254,6,0.164801
4/26/2019,35.110396,-158.000346,6,0.167337
4/26/2019,35.113525,-158.000385,6,0.16623
4/26/2019,35.116655,-158.000294,6,0.16514
4/26/2019,35.119803,-158.000205,6,0.166359
4/26/2019,35.122938,-158.000132,6,0.168072
4/26/2019,35.126068,-158.000051,6,0.173036
4/26/2019,35.131687,-157.999888,6,0.174932
4/26/2019,35.132369,-157.999886,6,0.169409
4/26/2019,35.135523,-157.999821,6,0.168204
4/26/2019,35.138678,-157.999806,6,0.164612
4/26/2019,35.141839,-157.99976,6,0.158602
4/26/2019,35.144998,-157.999685,6,0.158588
4/26/2019,35.148173,-157.99966,6,0.151821
4/26/2019,35.151359,-157.999704,6,0.144908
4/26/2019,35.154537,-157.999736,6,0.144049
4/26/2019,35.157709,-157.999746,6,0.138622
4/26/2019,35.160895,-157.999747,6,0.139158
4/26/2019,35.164068,-157.999762,6,0.13934
4/26/2019,35.167259,-157.999797,6,0.137117
4/26/2019,35.170428,-157.999815,6,0.13778
4/26/2019,35.173585,-157.999859,6,0.137304
4/26/2019,35.17677,-157.999875,6,0.13625
4/26/2019,35.179935,-157.999985,6,0.144683
4/26/2019,35.183092,-158.000058,6,0.143275
4/26/2019,35.186244,-158.000141,6,0.147167
4/26/2019,35.189397,-158.0002,6,0.147279
4/26/2019,35.192549,-158.000263,6,0.146468
4/26/2019,35.195699,-158.000299,6,0.146805
4/26/2019,35.198835,-158.000358,6,0.148287
4/26/2019,35.201961,-158.000387,6,0.145067
4/26/2019,35.20509,-158.000477,6,0.146588
4/26/2019,35.208248,-158.000481,6,0.150426
4/26/2019,35.211381,-158.000549,6,0.150523
4/26/2019,35.214524,-158.000607,6,0.151105
4/26/2019,35.217658,-158.000733,6,0.150896
4/26/2019,35.220818,-158.00081,6,0.151632
4/26/2019,35.223985,-158.000785,6,0.151352
4/26/2019,35.227145,-158.000732,6,0.152081
4/26/2019,35.230316,-158.000686,6,0.149256
4/26/2019,35.233455,-158.000618,6,0.148017
4/26/2019,35.2681,-157.99983,6,0.14843
4/26/2019,35.27125,-157.999751,6,0.150355
4/26/2019,35.274378,-157.999729,6,0.152014
4/26/2019,35.277523,-157.999722,6,0.156219
4/26/2019,35.280662,-157.999728,6,0.156721
4/26/2019,35.283805,-157.999717,6,0.157689
4/26/2019,35.28693,-157.999723,6,0.167138
4/26/2019,35.290059,-157.99978,6,0.176229
4/26/2019,35.293187,-157.99985,6,0.195566
4/26/2019,35.296318,-157.999901,6,0.199417
4/26/2019,35.299463,-157.999925,6,0.200578
4/26/2019,35.302616,-157.999917,6,0.202522
4/26/2019,35.305747,-157.999903,6,0.201097
4/26/2019,35.308863,-157.999969,6,0.202819
4/26/2019,35.312004,-157.999955,6,0.197753
4/26/2019,35.315159,-157.999979,6,0.202421
4/26/2019,35.318322,-158.000006,6,0.200847
4/26/2019,35.321465,-158.000026,6,0.200161
4/26/2019,35.3246,-158.000044,6,0.205168
4/26/2019,35.327766,-158.000049,6,0.204131
4/26/2019,35.330922,-158.000089,6,0.205815
4/26/2019,35.334051,-158.000168,6,0.201298
4/26/2019,35.337189,-158.000193,6,0.204324
4/26/2019,35.340357,-158.000263,6,0.200232
4/26/2019,35.343516,-158.000294,6,0.19903
4/26/2019,35.34666,-158.000354,6,0.200864
4/26/2019,35.349815,-158.000336,6,0.199396
4/26/2019,35.352952,-158.000371,6,0.196757
4/26/2019,35.356078,-158.000398,6,0.19734
4/26/2019,35.359233,-158.00037,6,0.200492
4/26/2019,35.362378,-158.000435,6,0.201617
4/26/2019,35.365527,-158.000449,6,0.200832
4/26/2019,35.368691,-158.00051,6,0.198014
4/26/2019,35.371845,-158.00048,6,0.195673
4/26/2019,35.374989,-158.000419,6,0.195422
4/26/2019,35.378144,-158.000365,6,0.191525
4/26/2019,35.381273,-158.000342,6,0.191323
4/26/2019,35.384389,-158.00035,6,0.190475
4/26/2019,35.387504,-158.000294,6,0.187094
4/26/2019,35.390623,-158.000272,6,0.18616
4/26/2019,35.393735,-158.0003,6,0.189991
4/26/2019,35.396856,-158.000282,6,0.19022
4/26/2019,35.399974,-158.000315,6,0.188407
4/26/2019,35.40311,-158.000277,6,0.189648
4/26/2019,35.406234,-158.00026,6,0.18695
4/26/2019,35.409377,-158.000219,6,0.187157
4/26/2019,35.412511,-158.000187,6,0.18627
4/26/2019,35.41565,-158.000159,6,0.187408
4/26/2019,35.418784,-158.000105,6,0.187051
4/26/2019,35.421904,-157.999971,6,0.186831
4/26/2019,35.456047,-157.999791,6,0.184749
4/26/2019,35.459167,-157.999865,6,0.183966
4/26/2019,35.462263,-157.999968,6,0.181369
4/26/2019,35.465357,-158.000036,6,0.186582
4/26/2019,35.468437,-158.000171,6,0.187506
4/26/2019,35.471552,-158.000323,6,0.187215
4/26/2019,35.474654,-158.000458,6,0.186746
4/26/2019,35.47772,-158.00063,6,0.183978
4/26/2019,35.48077,-158.000728,6,0.188873
4/26/2019,35.483865,-158.000903,6,0.186728
4/26/2019,35.486945,-158.001031,6,0.191825
4/26/2019,35.489992,-158.001212,6,0.19499
4/26/2019,35.493038,-158.001445,6,0.195494
4/26/2019,35.4961,-158.001559,6,0.190344
4/26/2019,35.499149,-158.001405,6,0.1936
4/26/2019,35.502184,-158.001228,6,0.196333
4/26/2019,35.505238,-158.001116,6,0.192058
4/26/2019,35.508308,-158.000998,6,0.19215
4/26/2019,35.511381,-158.00088,6,0.184359
4/26/2019,35.514479,-158.00081,6,0.17207
4/26/2019,35.517547,-158.000673,6,0.166276
4/26/2019,35.520612,-158.00053,6,0.163355
4/26/2019,35.523683,-158.00041,6,0.159963
4/26/2019,35.526755,-158.000319,6,0.158926
4/26/2019,35.529843,-158.000196,6,0.15553
4/26/2019,35.532939,-158.000052,6,0.159386
4/26/2019,35.536026,-157.999908,6,0.159158
4/26/2019,35.539113,-157.999735,6,0.161435
4/26/2019,35.542197,-157.999624,6,0.163544
4/26/2019,35.545278,-157.99942,6,0.166803
4/26/2019,35.548378,-157.999297,6,0.169493
4/26/2019,35.551495,-157.99909,6,0.170595
4/26/2019,35.554623,-157.998942,6,0.165997
4/26/2019,35.55773,-157.998848,6,0.159557
4/26/2019,35.56086,-157.998705,6,0.158372
4/26/2019,35.563969,-157.998581,6,0.154481
4/26/2019,35.56709,-157.998436,6,0.150694
4/26/2019,35.570186,-157.998263,6,0.150586
4/26/2019,35.573301,-157.998093,6,0.148915
4/26/2019,35.576422,-157.997965,6,0.148836
4/26/2019,35.579546,-157.997848,6,0.150898
4/26/2019,35.582643,-157.9978,6,0.149051
4/26/2019,35.585719,-157.997861,6,0.152141
4/26/2019,35.588823,-157.997921,6,0.149993
4/26/2019,35.591923,-157.997913,6,0.149434
4/26/2019,35.595028,-157.99796,6,0.14865
4/26/2019,35.598114,-157.998008,6,0.152465
4/26/2019,35.601202,-157.998047,6,0.153943
4/26/2019,35.604282,-157.99814,6,0.153925
4/26/2019,35.607345,-157.998221,6,0.154415
4/26/2019,35.733446,-158.000892,6,0.129348
4/26/2019,35.73638,-158.000919,6,0.128716
4/26/2019,35.739316,-158.000984,6,0.124857
4/26/2019,35.742292,-158.001001,6,0.120703
4/26/2019,35.74527,-158.001077,6,0.119969
4/26/2019,35.748267,-158.001116,6,0.117499
4/26/2019,35.751243,-158.000926,6,0.112707
4/26/2019,35.754234,-158.00079,6,0.11735
4/26/2019,35.757233,-158.000655,6,0.115675
4/26/2019,35.760237,-158.000522,6,0.11555
4/26/2019,35.763216,-158.000391,6,0.10752
4/26/2019,35.766182,-158.000219,6,0.113878
4/26/2019,35.769134,-158.000046,6,0.110793
4/26/2019,35.772073,-157.99991,6,0.110904
4/26/2019,35.775014,-157.999748,6,0.110291
4/26/2019,35.777959,-157.999615,6,0.109701
4/26/2019,35.780911,-157.999439,6,0.111421
4/26/2019,35.783842,-157.999329,6,0.11253
4/26/2019,35.786778,-157.999226,6,0.118435
4/26/2019,35.819173,-157.998064,6,0.107654
4/26/2019,35.822108,-157.997955,6,0.106436
4/26/2019,35.825046,-157.997885,6,0.105212
4/26/2019,35.827969,-157.9978,6,0.101098
4/26/2019,35.830902,-157.997731,6,0.10244
4/26/2019,35.833808,-157.997681,6,0.099298
4/26/2019,35.836719,-157.997648,6,0.104229
4/26/2019,35.839657,-157.997585,6,0.098541
4/26/2019,35.842608,-157.997528,6,0.098626
4/26/2019,35.845563,-157.997434,6,0.102338
4/26/2019,35.848514,-157.997391,6,0.103856
4/26/2019,35.851441,-157.997332,6,0.109436
4/26/2019,35.854371,-157.997235,6,0.102293
4/26/2019,35.857292,-157.99717,6,0.103323
4/26/2019,35.860232,-157.997099,6,0.105781
4/26/2019,35.863155,-157.997062,6,0.106534
4/26/2019,35.866074,-157.996989,6,0.108081
4/26/2019,35.869011,-157.996957,6,0.106711
4/26/2019,35.871958,-157.996854,6,0.107598
4/26/2019,35.874885,-157.996822,6,0.105414
4/26/2019,35.877825,-157.996839,6,0.105395
4/26/2019,35.880751,-157.99677,6,0.105832
4/26/2019,35.883685,-157.99672,6,0.105168
4/26/2019,35.886624,-157.996753,6,0.104923
4/26/2019,35.889527,-157.996843,6,0.105733
4/26/2019,35.892445,-157.996905,6,0.104371
4/26/2019,35.895362,-157.997002,6,0.103557
4/26/2019,35.898277,-157.997087,6,0.105748
4/26/2019,35.901192,-157.997136,6,0.10733
4/26/2019,35.904098,-157.99725,6,0.106754
4/26/2019,35.907,-157.997339,6,0.1095
4/26/2019,35.909904,-157.997449,6,0.111717
4/26/2019,35.912809,-157.997446,6,0.11175
4/26/2019,35.915715,-157.997578,6,0.117878
4/26/2019,35.918611,-157.997688,6,0.123025
4/26/2019,35.921523,-157.997751,6,0.127277
4/26/2019,35.924422,-157.997823,6,0.131599
4/26/2019,35.927347,-157.997885,6,0.135614
4/26/2019,35.930234,-157.99795,6,0.138469
4/26/2019,35.933159,-157.998003,6,0.148227
4/26/2019,35.936101,-157.998046,6,0.145806
4/26/2019,35.939038,-157.998094,6,0.151239
4/26/2019,35.941964,-157.998135,6,0.149591
4/26/2019,35.944889,-157.99818,6,0.150613
4/26/2019,35.947818,-157.998248,6,0.150573
4/26/2019,35.950753,-157.998298,6,0.150133
4/26/2019,35.953698,-157.998356,6,0.143207
4/26/2019,35.95666,-157.998478,6,0.135963
4/26/2019,35.959592,-157.998504,6,0.143069
4/26/2019,35.962528,-157.998568,6,0.148244
4/26/2019,35.995043,-157.999355,6,0.151034
4/26/2019,35.998041,-157.999408,6,0.158142
4/26/2019,36.001038,-157.999467,6,0.159704
4/26/2019,36.004043,-157.999509,6,0.162242
4/26/2019,36.007061,-157.999523,6,0.164038
4/26/2019,36.010049,-157.999555,6,0.160891
4/26/2019,36.012991,-157.999653,6,0.160049
4/26/2019,36.01598,-157.999672,6,0.15603
4/26/2019,36.018952,-157.999677,6,0.154901
4/26/2019,36.021886,-157.999717,6,0.153024
4/26/2019,36.024869,-157.999695,6,0.153993
4/26/2019,36.027872,-157.999669,6,0.153143
4/26/2019,36.030843,-157.999756,6,0.152876
4/26/2019,36.033824,-157.999799,6,0.1588
4/26/2019,36.036813,-157.999844,6,0.155771
4/26/2019,36.039815,-157.999873,6,0.157764
4/26/2019,36.042818,-157.99988,6,0.158533
4/26/2019,36.045814,-157.999882,6,0.154426
4/26/2019,36.048803,-157.999903,6,0.163842
4/26/2019,36.051781,-157.999881,6,0.164053
4/26/2019,36.054751,-157.999858,6,0.164854
4/26/2019,36.057713,-157.999897,6,0.168734
4/26/2019,36.060668,-157.999919,6,0.166362
4/26/2019,36.06365,-157.999903,6,0.175272
4/26/2019,36.066632,-157.999877,6,0.178238
4/26/2019,36.06962,-157.999858,6,0.182927
4/26/2019,36.072612,-157.999839,6,0.182758
4/26/2019,36.075615,-157.99973,6,0.178869
4/26/2019,36.078603,-157.999645,6,0.179981
4/26/2019,36.081557,-157.999616,6,0.176898
4/26/2019,36.084508,-157.999597,6,0.177318
4/26/2019,36.087503,-157.999553,6,0.176597
4/26/2019,36.090475,-157.99949,6,0.172116
4/26/2019,36.093431,-157.999399,6,0.171763
4/26/2019,36.096384,-157.999339,6,0.174292
4/26/2019,36.099339,-157.999288,6,0.170497
4/26/2019,36.102299,-157.99925,6,0.17579
4/26/2019,36.105275,-157.999216,6,0.175845
4/26/2019,36.108247,-157.999171,6,0.176376
4/26/2019,36.111223,-157.999146,6,0.177276
4/26/2019,36.114182,-157.999075,6,0.179324
4/26/2019,36.117147,-157.999113,6,0.182341
4/26/2019,36.120125,-157.999123,6,0.178578
4/26/2019,36.123088,-157.999172,6,0.175215
4/26/2019,36.126017,-157.999234,6,0.174946
4/26/2019,36.128997,-157.999274,6,0.175895
4/26/2019,36.131982,-157.999316,6,0.176378
4/26/2019,36.134954,-157.999373,6,0.178438
4/26/2019,36.137915,-157.999396,6,0.186149
4/26/2019,36.140875,-157.999364,6,0.178461
4/25/2019,37.632604,-158.002785,6,0.306386
4/25/2019,37.635523,-158.002983,6,0.302092
4/25/2019,37.63843,-158.002827,6,0.301927
4/25/2019,37.641355,-158.002615,6,0.298904
4/25/2019,37.644243,-158.002427,6,0.299281
4/25/2019,37.647162,-158.002214,6,0.303735
4/25/2019,37.650067,-158.002018,6,0.305715
4/25/2019,37.652978,-158.001868,6,0.305179
4/25/2019,37.655863,-158.001671,6,0.301517
4/25/2019,37.658794,-158.001476,6,0.301609
4/25/2019,37.661742,-158.00125,6,0.304841
4/25/2019,37.664676,-158.001049,6,0.30398
4/25/2019,37.667576,-158.000838,6,0.306575
4/25/2019,37.670483,-158.000661,6,0.304628
4/25/2019,37.673401,-158.000491,6,0.301174
4/25/2019,37.676279,-158.000393,6,0.301994
4/25/2019,37.679179,-158.000258,6,0.297174
4/25/2019,37.682104,-158.000106,6,0.295345
4/25/2019,37.684992,-158.000025,6,0.294813
4/25/2019,37.687859,-157.999951,6,0.294018
4/25/2019,37.690763,-157.999786,6,0.299279
4/25/2019,37.69365,-157.999667,6,0.296858
4/25/2019,37.696545,-157.999457,6,0.296416
4/25/2019,37.699454,-157.999289,6,0.297393
4/25/2019,37.702357,-157.999117,6,0.301
4/25/2019,37.705244,-157.99898,6,0.303615
4/25/2019,37.708131,-157.998865,6,0.310523
4/25/2019,37.740131,-157.997906,6,0.2985
4/25/2019,37.743015,-157.997843,6,0.294402
4/25/2019,37.745888,-157.997818,6,0.29739
4/25/2019,37.748765,-157.997846,6,0.302292
4/25/2019,37.751631,-157.997809,6,0.298538
4/25/2019,37.75449,-157.997957,6,0.297389
4/25/2019,37.757351,-157.998125,6,0.297677
4/25/2019,37.760171,-157.99827,6,0.301808
4/25/2019,37.762994,-157.998448,6,0.303394
4/25/2019,37.765864,-157.998614,6,0.30342
4/25/2019,37.768715,-157.998813,6,0.301901
4/25/2019,37.771552,-157.99898,6,0.303387
4/25/2019,37.774423,-157.999028,6,0.308036
4/25/2019,37.77729,-157.999073,6,0.299397
4/25/2019,37.780164,-157.99911,6,0.292049
4/25/2019,37.783055,-157.999125,6,0.292888
4/25/2019,37.785938,-157.999183,6,0.289808
4/25/2019,37.788798,-157.999177,6,0.290783
4/25/2019,37.791618,-157.999182,6,0.282468
4/25/2019,37.794439,-157.9992,6,0.294637
4/25/2019,37.797315,-157.99919,6,0.29758
4/25/2019,37.800171,-157.999223,6,0.303164
4/25/2019,37.803032,-157.999284,6,0.306762
4/25/2019,37.805882,-157.999325,6,0.306694
4/25/2019,37.808763,-157.999323,6,0.308538
4/25/2019,37.811642,-157.999358,6,0.313724
4/25/2019,37.814527,-157.999369,6,0.31321
4/25/2019,37.817403,-157.999352,6,0.316967
4/25/2019,37.820256,-157.999405,6,0.316283
4/25/2019,37.82312,-157.999455,6,0.316903
4/25/2019,37.825988,-157.999492,6,0.317398
4/25/2019,37.828845,-157.999574,6,0.321118
4/25/2019,37.831709,-157.999649,6,0.317942
4/25/2019,37.834579,-157.999641,6,0.321058
4/25/2019,37.837429,-157.999667,6,0.320944
4/25/2019,37.840274,-157.999699,6,0.332399
4/25/2019,37.843099,-157.999746,6,0.33321
4/25/2019,37.845928,-157.999791,6,0.337552
4/25/2019,37.848779,-157.999857,6,0.335525
4/25/2019,37.85163,-157.999951,6,0.339873
4/25/2019,37.85445,-158.000026,6,0.347588
4/25/2019,37.857305,-158.000102,6,0.346992
4/25/2019,37.860167,-158.000144,6,0.350668
4/25/2019,37.863001,-158.000167,6,0.368129
4/25/2019,37.865844,-158.000237,6,0.369391
4/25/2019,37.868686,-158.000305,6,0.374973
4/25/2019,37.871535,-158.000318,6,0.381898
4/25/2019,37.874385,-158.000344,6,0.392582
4/25/2019,37.877248,-158.000389,6,0.392247
4/25/2019,37.880103,-158.000349,6,0.378108
4/25/2019,37.911461,-158.000318,6,0.330169
4/25/2019,37.914371,-158.000345,6,0.332836
4/25/2019,37.917302,-158.000349,6,0.330075
4/25/2019,37.920244,-158.000284,6,0.330208
4/25/2019,37.923181,-158.000278,6,0.332271
4/25/2019,37.926099,-158.000208,6,0.336212
4/25/2019,37.929017,-158.000241,6,0.335271
4/25/2019,37.931913,-158.000247,6,0.328955
4/25/2019,37.934785,-158.000234,6,0.327049
4/25/2019,37.937675,-158.000238,6,0.326628
4/25/2019,37.94058,-158.0002,6,0.327649
4/25/2019,37.943477,-158.000227,6,0.328514
4/25/2019,37.946379,-158.000219,6,0.323236
4/25/2019,37.949245,-158.00025,6,0.320312
4/25/2019,37.952134,-158.000323,6,0.320297
4/25/2019,37.955013,-158.000325,6,0.32007
4/25/2019,37.957916,-158.000367,6,0.318823
4/25/2019,37.960839,-158.000384,6,0.318593
4/25/2019,37.96376,-158.000403,6,0.312192
4/25/2019,37.966696,-158.000396,6,0.31567
4/25/2019,37.969647,-158.000401,6,0.308149
4/25/2019,37.972582,-158.000356,6,0.310006
4/25/2019,37.975515,-158.000352,6,0.310654
4/25/2019,37.978446,-158.000312,6,0.304611
4/25/2019,37.981361,-158.000255,6,0.30275
4/25/2019,37.984275,-158.000231,6,0.307829
4/25/2019,37.987179,-158.00028,6,0.306712
4/25/2019,37.990087,-158.000281,6,0.308236
4/25/2019,37.992987,-158.000318,6,0.31263
4/25/2019,37.995881,-158.000358,6,0.30952
4/25/2019,37.998763,-158.000362,6,0.309908
4/25/2019,38.001657,-158.000409,6,0.316405
4/25/2019,38.004553,-158.000507,6,0.317406
4/25/2019,38.007421,-158.000585,6,0.324157
4/25/2019,38.010279,-158.000754,6,0.319694
4/25/2019,38.013138,-158.000896,6,0.323534
4/25/2019,38.015999,-158.001101,6,0.324011
4/25/2019,38.018879,-158.001232,6,0.318739
4/25/2019,38.021777,-158.001395,6,0.322623
4/25/2019,38.024675,-158.00155,6,0.317869
4/25/2019,38.027563,-158.001648,6,0.31849
4/25/2019,38.030442,-158.001591,6,0.319398
4/25/2019,38.033308,-158.001591,6,0.314868
4/25/2019,38.036171,-158.001584,6,0.318322
4/25/2019,38.039037,-158.00152,6,0.318146
4/25/2019,38.041936,-158.001451,6,0.319088
4/25/2019,38.044819,-158.001444,6,0.317341
4/25/2019,38.047677,-158.001477,6,0.320729
4/25/2019,38.050556,-158.001493,6,0.325976
4/25/2019,38.053425,-158.001507,6,0.324852
4/25/2019,38.085212,-158.001421,6,0.376021
4/25/2019,38.088111,-158.001455,6,0.373982
4/25/2019,38.090998,-158.001497,6,0.377595
4/25/2019,38.093871,-158.001551,6,0.388004
4/25/2019,38.09676,-158.001574,6,0.392508
4/25/2019,38.099643,-158.001555,6,0.398441
4/25/2019,38.102544,-158.001583,6,0.402801
4/25/2019,38.105448,-158.001545,6,0.405571
4/25/2019,38.108397,-158.001533,6,0.406201
4/25/2019,38.111348,-158.001504,6,0.401837
4/25/2019,38.11428,-158.001502,6,0.40155
4/25/2019,38.117223,-158.001525,6,0.396909
4/25/2019,38.120189,-158.001505,6,0.391966
4/25/2019,38.123171,-158.001535,6,0.394468
4/25/2019,38.126154,-158.001505,6,0.384724
4/25/2019,38.129112,-158.001523,6,0.370071
4/25/2019,38.13206,-158.001513,6,0.367583
4/25/2019,38.135016,-158.001552,6,0.369231
4/25/2019,38.137958,-158.001583,6,0.373621
4/25/2019,38.140952,-158.001482,6,0.368087
4/25/2019,38.143977,-158.00131,6,0.374597
4/25/2019,38.146996,-158.00121,6,0.384574
4/25/2019,38.149994,-158.001079,6,0.394949
4/25/2019,38.152973,-158.000959,6,0.423603
4/25/2019,38.155936,-158.000863,6,0.449405
4/25/2019,38.158916,-158.000746,6,0.458
4/25/2019,38.161916,-158.000585,6,0.461365
4/25/2019,38.164915,-158.000513,6,0.461346
4/25/2019,38.167918,-158.000384,6,0.471642
4/25/2019,38.170928,-158.000266,6,0.474092
4/25/2019,38.173938,-158.00018,6,0.471915
4/25/2019,38.176954,-158.000142,6,0.471334
4/25/2019,38.179977,-158.000128,6,0.474846
4/25/2019,38.182997,-158.000071,6,0.479443
4/25/2019,38.186008,-158.000002,6,0.484808
4/25/2019,38.189003,-157.999934,6,0.482544
4/25/2019,38.192001,-157.99989,6,0.481207
4/25/2019,38.195009,-157.999809,6,0.481508
4/25/2019,38.198026,-157.999823,6,0.485237
4/25/2019,38.201031,-157.999816,6,0.487027
4/25/2019,38.204038,-157.999756,6,0.482071
4/25/2019,38.207042,-157.999737,6,0.487773
4/25/2019,38.210077,-157.999713,6,0.483781
4/25/2019,38.213094,-157.999706,6,0.484724
4/25/2019,38.216118,-157.999629,6,0.482396
4/25/2019,38.219161,-157.999628,6,0.483386
4/25/2019,38.222183,-157.99959,6,0.489952
4/25/2019,38.225177,-157.999613,6,0.485262
4/25/2019,38.228187,-157.999586,6,0.488207
4/25/2019,38.231201,-157.999546,6,0.490841
4/25/2019,38.264383,-157.999604,6,0.451501
4/25/2019,38.267383,-157.999665,6,0.447973
4/25/2019,38.270386,-157.999721,6,0.440951
4/25/2019,38.27342,-157.999754,6,0.444751
4/25/2019,38.276464,-157.999756,6,0.43588
4/25/2019,38.279502,-157.999778,6,0.429128
4/25/2019,38.282541,-157.999792,6,0.434131
4/25/2019,38.285599,-157.999791,6,0.434171
4/25/2019,38.288673,-157.999788,6,0.436758
4/25/2019,38.29174,-157.99979,6,0.44313
4/25/2019,38.294781,-157.999785,6,0.446126
4/25/2019,38.297843,-157.999751,6,0.456582
4/25/2019,38.300877,-157.999732,6,0.449257
4/25/2019,38.303941,-157.999693,6,0.448572
4/25/2019,38.307018,-157.999678,6,0.415818
4/25/2019,38.310066,-157.999615,6,0.407317
4/25/2019,38.313089,-157.999624,6,0.390379
4/25/2019,38.316143,-157.999611,6,0.376776
4/25/2019,38.319209,-157.999603,6,0.365422
4/25/2019,38.322283,-157.999617,6,0.359386
4/25/2019,38.325346,-157.999647,6,0.353343
4/25/2019,38.328406,-157.999659,6,0.34759
4/25/2019,38.331473,-157.999678,6,0.339163
4/25/2019,38.334539,-157.999636,6,0.321021
4/25/2019,38.3376,-157.999633,6,0.327433
4/25/2019,38.340636,-157.999648,6,0.313532
4/25/2019,38.343726,-157.999664,6,0.310239
4/25/2019,38.346829,-157.999664,6,0.312384
4/25/2019,38.349894,-157.999664,6,0.307946
4/25/2019,38.352986,-157.999696,6,0.307167
4/25/2019,38.356086,-157.999722,6,0.312005
4/25/2019,38.359183,-157.999767,6,0.324738
4/25/2019,38.36228,-157.999751,6,0.321549
4/25/2019,38.36537,-157.999754,6,0.324565
4/25/2019,38.368463,-157.99979,6,0.320887
4/25/2019,38.37154,-157.999823,6,0.312814
4/25/2019,38.374626,-157.999814,6,0.318385
4/25/2019,38.37771,-157.999846,6,0.307327
4/25/2019,38.380769,-157.99989,6,0.29647
4/25/2019,38.383838,-157.99991,6,0.291405
4/25/2019,38.386885,-158.000024,6,0.291961
4/25/2019,38.389952,-158.000014,6,0.297616
4/25/2019,38.393039,-158.000027,6,0.292382
4/25/2019,38.39613,-158.000036,6,0.297057
4/25/2019,38.399199,-158.000123,6,0.296886
4/25/2019,38.402264,-158.000164,6,0.297787
4/25/2019,38.405338,-158.000115,6,0.30056
4/25/2019,38.408401,-158.000015,6,0.301366
4/25/2019,38.411457,-158.000013,6,0.300386
4/25/2019,38.414491,-158.000014,6,0.299071
4/25/2019,38.44839,-158.000192,6,0.34628
4/25/2019,38.451514,-158.000203,6,0.342354
4/25/2019,38.454622,-158.000128,6,0.333895
4/25/2019,38.457729,-157.999977,6,0.329336
4/25/2019,38.460853,-157.999854,6,0.328535
4/25/2019,38.463952,-157.99979,6,0.315818
4/25/2019,38.467036,-157.999712,6,0.299397
4/25/2019,38.47012,-157.999616,6,0.293383
4/25/2019,38.47317,-157.999574,6,0.284236
4/25/2019,38.47626,-157.999495,6,0.271341
4/25/2019,38.479321,-157.99941,6,0.267805
4/25/2019,38.482357,-157.999426,6,0.259468
4/25/2019,38.48542,-157.99946,6,0.254937
4/25/2019,38.488479,-157.999484,6,0.240837
4/25/2019,38.491521,-157.999585,6,0.238495
4/25/2019,38.494609,-157.99963,6,0.244201
4/25/2019,38.497688,-157.999693,6,0.244912
4/25/2019,38.500797,-157.999698,6,0.253777
4/25/2019,38.50388,-157.999711,6,0.261822
4/25/2019,38.50697,-157.999748,6,0.277338
4/25/2019,38.510062,-157.999712,6,0.280617
4/25/2019,38.51318,-157.999683,6,0.287638
4/25/2019,38.516269,-157.999726,6,0.294337
4/25/2019,38.51935,-157.999726,6,0.315083
4/25/2019,38.522429,-157.999663,6,0.32952
4/25/2019,38.525507,-157.999613,6,0.34007
4/25/2019,38.528613,-157.999541,6,0.346711
4/25/2019,38.531702,-157.999407,6,0.352195
4/25/2019,38.534791,-157.999283,6,0.356684
4/25/2019,38.537863,-157.999156,6,0.352124
4/25/2019,38.540957,-157.999083,6,0.351403
4/25/2019,38.544049,-157.999051,6,0.351934
4/25/2019,38.547105,-157.99904,6,0.347686
4/25/2019,38.550186,-157.999072,6,0.345174
4/25/2019,38.55325,-157.999137,6,0.342001
4/25/2019,38.556319,-157.999213,6,0.335975
4/25/2019,38.559399,-157.999349,6,0.338484
4/25/2019,38.562492,-157.999498,6,0.338569
4/25/2019,38.565565,-157.999659,6,0.340101
4/25/2019,38.568645,-157.999739,6,0.340259
4/25/2019,38.571728,-157.999891,6,0.344227
4/25/2019,38.57481,-158.000027,6,0.345102
4/25/2019,38.577908,-158.000019,6,0.352116
4/25/2019,38.580995,-158.000079,6,0.358897
4/25/2019,38.584098,-158.000101,6,0.366145
4/25/2019,38.587201,-158.000177,6,0.367101
4/25/2019,38.590316,-158.000247,6,0.36428
4/25/2019,38.59343,-158.000316,6,0.367591
4/25/2019,38.596529,-158.000318,6,0.380462
4/25/2019,38.599589,-158.000195,6,0.362017
4/25/2019,38.633435,-157.999312,6,0.413491
4/25/2019,38.636511,-157.999281,6,0.415486
4/25/2019,38.6396,-157.999315,6,0.411921
4/25/2019,38.642664,-157.999406,6,0.414142
4/25/2019,38.645721,-157.999492,6,0.41055
4/25/2019,38.6488,-157.999575,6,0.408079
4/25/2019,38.651881,-157.999531,6,0.409668
4/25/2019,38.654955,-157.999555,6,0.406889
4/25/2019,38.658039,-157.999617,6,0.405871
4/25/2019,38.661129,-157.999646,6,0.405715
4/25/2019,38.664219,-157.999666,6,0.405206
4/25/2019,38.667301,-157.999675,6,0.406906
4/25/2019,38.670426,-157.999733,6,0.406378
4/25/2019,38.673445,-157.999761,6,0.405554
4/25/2019,38.676495,-157.999839,6,0.408706
4/25/2019,38.679515,-157.999965,6,0.407776
4/25/2019,38.682595,-157.999997,6,0.408694
4/25/2019,38.68572,-158.000096,6,0.408269
4/25/2019,38.688801,-158.000127,6,0.409502
4/25/2019,38.691818,-158.000181,6,0.415387
4/25/2019,38.694924,-158.0002,6,0.417811
4/25/2019,38.697999,-158.000125,6,0.418829
4/25/2019,38.701073,-158.000021,6,0.42446
4/25/2019,38.704197,-157.999918,6,0.422653
4/25/2019,38.707226,-157.999782,6,0.431455
4/25/2019,38.710307,-157.999644,6,0.433121
4/25/2019,38.713381,-157.999559,6,0.434926
4/25/2019,38.71643,-157.999501,6,0.434046
4/25/2019,38.719472,-157.999408,6,0.439708
4/25/2019,38.722566,-157.999277,6,0.434864
4/25/2019,38.725639,-157.999176,6,0.425757
4/25/2019,38.728668,-157.99918,6,0.422987
4/25/2019,38.731692,-157.999195,6,0.423771
4/25/2019,38.734746,-157.999229,6,0.419696
4/25/2019,38.737825,-157.99928,6,0.41418
4/25/2019,38.740931,-157.999361,6,0.411668
4/25/2019,38.744018,-157.999405,6,0.415148
4/25/2019,38.747118,-157.999438,6,0.413344
4/25/2019,38.750208,-157.999434,6,0.40677
4/25/2019,38.753297,-157.999449,6,0.401805
4/25/2019,38.756342,-157.999472,6,0.397763
4/25/2019,38.759441,-157.999511,6,0.384789
4/25/2019,38.762546,-157.999557,6,0.382996
4/25/2019,38.765676,-157.999637,6,0.38001
4/25/2019,38.768798,-157.999733,6,0.368899
4/25/2019,38.771953,-157.999757,6,0.361767
4/25/2019,38.775099,-157.999768,6,0.357895
4/25/2019,38.778234,-157.999823,6,0.359879
4/25/2019,38.781361,-157.999886,6,0.351623
4/25/2019,38.784489,-157.999971,6,0.342005
4/25/2019,38.818798,-157.999029,6,0.245613
4/25/2019,38.8219,-157.998908,6,0.244401
4/25/2019,38.825006,-157.998892,6,0.243483
4/25/2019,38.828132,-157.998979,6,0.243591
4/25/2019,38.831284,-157.999099,6,0.239574
4/25/2019,38.834435,-157.999197,6,0.234433
4/25/2019,38.837572,-157.999319,6,0.2389
4/25/2019,38.840697,-157.999337,6,0.233709
4/25/2019,38.843837,-157.999427,6,0.228899
4/25/2019,38.846956,-157.999511,6,0.228414
4/25/2019,38.85009,-157.999612,6,0.223363
4/25/2019,38.853227,-157.999666,6,0.217086
4/25/2019,38.856374,-157.99976,6,0.218308
4/25/2019,38.859505,-157.999843,6,0.22053
4/25/2019,38.862609,-158.000014,6,0.223101
4/25/2019,38.865726,-158.00005,6,0.224752
4/25/2019,38.868848,-157.999961,6,0.224665
4/25/2019,38.871984,-157.999904,6,0.229991
4/25/2019,38.875114,-157.99984,6,0.234765
4/25/2019,38.878245,-157.999856,6,0.23117
4/25/2019,38.881373,-157.999842,6,0.230204
4/25/2019,38.88451,-157.999788,6,0.231512
4/25/2019,38.887652,-157.999721,6,0.231753
4/25/2019,38.890777,-157.999718,6,0.224447
4/25/2019,38.893881,-157.999748,6,0.224268
4/25/2019,38.897013,-157.999682,6,0.230036
4/25/2019,38.900159,-157.999638,6,0.235033
4/25/2019,38.903316,-157.99966,6,0.232039
4/25/2019,38.906468,-157.999672,6,0.231506
4/25/2019,38.909615,-157.999686,6,0.230966
4/25/2019,38.912743,-157.999799,6,0.230199
4/25/2019,38.915855,-157.999861,6,0.232358
4/25/2019,38.918967,-157.999898,6,0.221807
4/25/2019,38.9221,-157.999987,6,0.224891
4/25/2019,38.925234,-157.999932,6,0.223978
4/25/2019,38.928347,-157.999878,6,0.22473
4/25/2019,38.931442,-157.999803,6,0.21798
4/25/2019,38.934524,-157.999791,6,0.215387
4/25/2019,38.937603,-157.999773,6,0.21909
4/25/2019,38.940664,-157.999737,6,0.222185
4/25/2019,38.943731,-157.999699,6,0.217656
4/25/2019,38.946815,-157.999664,6,0.213113
4/25/2019,38.949909,-157.999582,6,0.217872
4/25/2019,38.952976,-157.999537,6,0.220856
4/25/2019,38.956055,-157.999463,6,0.218577
4/25/2019,38.959143,-157.999296,6,0.222467
4/25/2019,38.962232,-157.999179,6,0.218186
4/25/2019,38.965297,-157.99914,6,0.221049
4/25/2019,38.968361,-157.999048,6,0.223764
4/25/2019,38.971417,-157.999028,6,0.21862
4/25/2019,39.004866,-157.999441,6,0.240239
4/25/2019,39.00788,-157.999454,6,0.23827
4/25/2019,39.01094,-157.99943,6,0.238143
4/25/2019,39.014032,-157.999382,6,0.236238
4/25/2019,39.017116,-157.999355,6,0.240241
4/25/2019,39.02019,-157.999389,6,0.248081
4/25/2019,39.023265,-157.999397,6,0.253309
4/25/2019,39.02636,-157.999411,6,0.253896
4/25/2019,39.029431,-157.999424,6,0.256108
4/25/2019,39.032491,-157.999421,6,0.256403
4/25/2019,39.035556,-157.999462,6,0.269048
4/25/2019,39.038604,-157.999491,6,0.263997
4/25/2019,39.041652,-157.999562,6,0.271746
4/25/2019,39.044718,-157.999607,6,0.269725
4/25/2019,39.047775,-157.999616,6,0.272635
4/25/2019,39.050799,-157.99956,6,0.277655
4/25/2019,39.053822,-157.999493,6,0.277011
4/25/2019,39.056851,-157.999498,6,0.277968
4/25/2019,39.059871,-157.999521,6,0.283085
4/25/2019,39.06289,-157.999513,6,0.28303
4/25/2019,39.06592,-157.99948,6,0.287313
4/25/2019,39.068951,-157.999519,6,0.290325
4/25/2019,39.071976,-157.999458,6,0.286759
4/25/2019,39.075004,-157.999405,6,0.28598
4/25/2019,39.078043,-157.999315,6,0.286524
4/25/2019,39.081042,-157.999233,6,0.282171
4/25/2019,39.084066,-157.999143,6,0.294045
4/25/2019,39.087119,-157.99905,6,0.297869
4/25/2019,39.090163,-157.998944,6,0.305044
4/25/2019,39.093189,-157.998972,6,0.304999
4/25/2019,39.096213,-157.998992,6,0.314014
4/25/2019,39.099234,-157.999012,6,0.319448
4/25/2019,39.102266,-157.999064,6,0.328488
4/25/2019,39.105288,-157.999087,6,0.327918
4/25/2019,39.108333,-157.999129,6,0.330341
4/25/2019,39.111362,-157.999098,6,0.334544
4/25/2019,39.114425,-157.999186,6,0.333255
4/25/2019,39.117488,-157.999218,6,0.339601
4/25/2019,39.120562,-157.999223,6,0.343588
4/25/2019,39.123629,-157.999237,6,0.352365
4/25/2019,39.126673,-157.999261,6,0.350963
4/25/2019,39.129749,-157.999351,6,0.364458
4/25/2019,39.132826,-157.999436,6,0.369356
4/25/2019,39.135894,-157.999537,6,0.379041
4/25/2019,39.138974,-157.999544,6,0.403335
4/25/2019,39.142025,-157.999618,6,0.412095
4/25/2019,39.145088,-157.999639,6,0.420377
4/25/2019,39.148157,-157.999665,6,0.413941
4/25/2019,39.151211,-157.999652,6,0.411056
4/25/2019,39.154261,-157.999707,6,0.426098
4/25/2019,39.188198,-158.000042,6,0.40858
4/25/2019,39.191302,-158.000026,6,0.407952
4/25/2019,39.194357,-158.000079,6,0.403983
4/25/2019,39.197357,-158.000107,6,0.400632
4/25/2019,39.200423,-157.999987,6,0.395792
4/25/2019,39.203483,-157.999908,6,0.396474
4/25/2019,39.206546,-157.999902,6,0.393306
4/25/2019,39.209627,-157.999854,6,0.388377
4/25/2019,39.21272,-157.999768,6,0.383036
4/25/2019,39.215794,-157.999704,6,0.378282
4/25/2019,39.218876,-157.999633,6,0.369269
4/25/2019,39.221972,-157.999561,6,0.358371
4/25/2019,39.225076,-157.999466,6,0.356662
4/25/2019,39.228188,-157.999373,6,0.353493
4/25/2019,39.231286,-157.999272,6,0.344942
4/25/2019,39.234375,-157.999207,6,0.335323
4/25/2019,39.237473,-157.99915,6,0.322466
4/25/2019,39.240559,-157.999113,6,0.324498
4/25/2019,39.243624,-157.999102,6,0.315091
4/25/2019,39.246696,-157.999049,6,0.310146
4/25/2019,39.249782,-157.999017,6,0.298636
4/25/2019,39.25288,-157.999029,6,0.295108
4/25/2019,39.255955,-157.999056,6,0.294978
4/25/2019,39.259031,-157.999081,6,0.290769
4/25/2019,39.262105,-157.999033,6,0.291518
4/25/2019,39.265172,-157.99909,6,0.288014
4/25/2019,39.268271,-157.999082,6,0.282631
4/25/2019,39.271369,-157.999102,6,0.276837
4/25/2019,39.274437,-157.999144,6,0.273518
4/25/2019,39.27751,-157.999245,6,0.268347
4/25/2019,39.280585,-157.999303,6,0.265747
4/25/2019,39.283694,-157.999409,6,0.266666
4/25/2019,39.286751,-157.999532,6,0.26724
4/25/2019,39.289836,-157.999685,6,0.266787
4/25/2019,39.292947,-157.999733,6,0.262181
4/25/2019,39.29605,-157.999822,6,0.260998
4/25/2019,39.299155,-157.999896,6,0.259832
4/25/2019,39.302249,-157.999998,6,0.254817
4/25/2019,39.305347,-158.000124,6,0.256783
4/25/2019,39.308428,-158.000202,6,0.254497
4/25/2019,39.311482,-158.00031,6,0.25734
4/25/2019,39.314529,-158.000466,6,0.260216
4/25/2019,39.317601,-158.000597,6,0.258884
4/25/2019,39.320672,-158.000728,6,0.262685
4/25/2019,39.323733,-158.00091,6,0.267164
4/25/2019,39.326788,-158.000984,6,0.265239
4/25/2019,39.32987,-158.001025,6,0.271734
4/25/2019,39.332976,-158.001052,6,0.274877
4/25/2019,39.336081,-158.001137,6,0.280557
4/25/2019,39.339188,-158.001147,6,0.273731
4/25/2019,39.372733,-157.999418,6,0.360985
4/25/2019,39.375751,-157.999252,6,0.361265
4/25/2019,39.37877,-157.99909,6,0.360515
4/25/2019,39.381764,-157.998978,6,0.352158
4/25/2019,39.384769,-157.998869,6,0.339142
4/25/2019,39.387793,-157.998751,6,0.339372
4/25/2019,39.390861,-157.998662,6,0.33917
4/25/2019,39.393937,-157.998587,6,0.335803
4/25/2019,39.397014,-157.998493,6,0.342556
4/25/2019,39.400093,-157.998349,6,0.342872
4/25/2019,39.403128,-157.998304,6,0.35288
4/25/2019,39.406207,-157.998331,6,0.365962
4/25/2019,39.40929,-157.998296,6,0.369939
4/25/2019,39.412358,-157.998422,6,0.374059
4/25/2019,39.415408,-157.998586,6,0.361919
4/25/2019,39.418482,-157.998761,6,0.358391
4/25/2019,39.421571,-157.998879,6,0.352865
4/25/2019,39.424644,-157.99899,6,0.340476
4/25/2019,39.427732,-157.999068,6,0.331337
4/25/2019,39.430796,-157.999251,6,0.326524
4/25/2019,39.433868,-157.99931,6,0.327729
4/25/2019,39.436913,-157.99948,6,0.319317
4/25/2019,39.439975,-157.99964,6,0.314584
4/25/2019,39.443047,-157.999743,6,0.318969
4/25/2019,39.446153,-157.999819,6,0.314051
4/25/2019,39.449238,-157.999877,6,0.31748
4/25/2019,39.452331,-157.999975,6,0.309725
4/25/2019,39.455425,-158.000018,6,0.310676
4/25/2019,39.458517,-158.000091,6,0.312354
4/25/2019,39.461615,-158.000169,6,0.315508
4/25/2019,39.464694,-158.000182,6,0.327917
4/25/2019,39.467762,-158.000058,6,0.327567
4/25/2019,39.470832,-157.999948,6,0.327446
4/25/2019,39.473846,-157.999931,6,0.32522
4/25/2019,39.476872,-157.999853,6,0.326607
4/25/2019,39.479926,-157.999842,6,0.332705
4/25/2019,39.482994,-157.999768,6,0.323541
4/25/2019,39.486037,-157.999711,6,0.328985
4/25/2019,39.489077,-157.999734,6,0.325191
4/25/2019,39.492126,-157.999733,6,0.326539
4/25/2019,39.495164,-157.999832,6,0.326485
4/25/2019,39.49823,-157.999867,6,0.325385
4/25/2019,39.501314,-157.999931,6,0.323989
4/25/2019,39.50436,-157.999982,6,0.334199
4/25/2019,39.507416,-157.999982,6,0.339607
4/25/2019,39.510478,-157.999983,6,0.338746
4/25/2019,39.513537,-157.999995,6,0.334164
4/25/2019,39.516586,-158.000048,6,0.335235
4/25/2019,39.519632,-158.000061,6,0.352091
4/25/2019,39.52269,-158.000076,6,0.351462
4/25/2019,39.556419,-158.000105,6,0.413829
4/25/2019,39.55949,-158.000171,6,0.408859
4/25/2019,39.562587,-158.000169,6,0.404478
4/25/2019,39.565703,-158.000133,6,0.407573
4/25/2019,39.568787,-158.000134,6,0.404776
4/25/2019,39.571846,-158.000199,6,0.407248
4/25/2019,39.5749,-158.000174,6,0.409067
4/25/2019,39.577956,-158.00014,6,0.407641
4/25/2019,39.581002,-158.000154,6,0.404614
4/25/2019,39.584056,-158.000176,6,0.402934
4/25/2019,39.587139,-158.000165,6,0.400955
4/25/2019,39.590204,-158.000206,6,0.402461
4/25/2019,39.593253,-158.000173,6,0.396324
4/25/2019,39.596308,-158.000169,6,0.390951
4/25/2019,39.5994,-158.000169,6,0.392989
4/25/2019,39.6025,-158.000146,6,0.389482
4/25/2019,39.60562,-157.999989,6,0.393753
4/25/2019,39.608726,-157.999915,6,0.393701
4/25/2019,39.611824,-157.9998,6,0.392649
4/25/2019,39.614919,-157.999687,6,0.397719
4/25/2019,39.618023,-157.999598,6,0.400169
4/25/2019,39.621116,-157.999527,6,0.403428
4/25/2019,39.624207,-157.999455,6,0.404079
4/25/2019,39.627306,-157.999364,6,0.412648
4/25/2019,39.630424,-157.999322,6,0.413003
4/25/2019,39.63352,-157.999266,6,0.423664
4/25/2019,39.636607,-157.999242,6,0.425624
4/25/2019,39.639708,-157.999177,6,0.423067
4/25/2019,39.642832,-157.99918,6,0.42122
4/25/2019,39.64593,-157.999135,6,0.417506
4/25/2019,39.649026,-157.999163,6,0.413671
4/25/2019,39.652102,-157.99919,6,0.412681
4/25/2019,39.655185,-157.9992,6,0.410751
4/25/2019,39.658246,-157.999181,6,0.413646
4/25/2019,39.661317,-157.999162,6,0.42037
4/25/2019,39.664408,-157.999189,6,0.419387
4/25/2019,39.667489,-157.999198,6,0.420894
4/25/2019,39.670564,-157.999234,6,0.42551
4/25/2019,39.673631,-157.999303,6,0.42594
4/25/2019,39.676687,-157.99934,6,0.432634
4/25/2019,39.679726,-157.999369,6,0.434336
4/25/2019,39.682758,-157.999417,6,0.431787
4/25/2019,39.685816,-157.999472,6,0.431648
4/25/2019,39.688888,-157.999462,6,0.43181
4/25/2019,39.691943,-157.999464,6,0.429485
4/25/2019,39.694986,-157.999539,6,0.419185
4/25/2019,39.698014,-157.999544,6,0.419287
4/25/2019,39.701027,-157.999628,6,0.41938
4/25/2019,39.704052,-157.999616,6,0.415865
4/25/2019,39.707094,-157.999638,6,0.420579
4/25/2019,39.740637,-157.999919,6,0.326298
4/25/2019,39.743631,-157.999954,6,0.325676
4/25/2019,39.746641,-157.999906,6,0.32689
4/25/2019,39.749657,-157.999889,6,0.326241
4/25/2019,39.752684,-157.999909,6,0.330383
4/25/2019,39.755711,-157.999939,6,0.328755
4/25/2019,39.758715,-157.999956,6,0.329499
4/25/2019,39.761691,-158.000034,6,0.32788
4/25/2019,39.764662,-158.000113,6,0.32701
4/25/2019,39.767612,-158.000016,6,0.328336
4/25/2019,39.770559,-157.99989,6,0.328363
4/25/2019,39.773512,-157.999802,6,0.331293
4/25/2019,39.776468,-157.999684,6,0.33112
4/25/2019,39.779435,-157.999642,6,0.33372
4/25/2019,39.782367,-157.999572,6,0.334102
4/25/2019,39.78529,-157.999563,6,0.338559
4/25/2019,39.788261,-157.99949,6,0.340646
4/25/2019,39.79124,-157.999367,6,0.335603
4/25/2019,39.794223,-157.999243,6,0.33894
4/25/2019,39.797198,-157.99908,6,0.336703
4/25/2019,39.800168,-157.999021,6,0.330839
4/25/2019,39.803119,-157.99897,6,0.330125
4/25/2019,39.80608,-157.998931,6,0.328
4/25/2019,39.809037,-157.998902,6,0.318107
4/25/2019,39.811985,-157.998809,6,0.318443
4/25/2019,39.814938,-157.998749,6,0.309629
4/25/2019,39.817918,-157.998655,6,0.300876
4/25/2019,39.820906,-157.998592,6,0.303567
4/25/2019,39.823908,-157.998464,6,0.302407
4/25/2019,39.826906,-157.998284,6,0.297357
4/25/2019,39.829906,-157.998152,6,0.298367
4/25/2019,39.8329,-157.99804,6,0.299289
4/25/2019,39.835882,-157.997887,6,0.302008
4/25/2019,39.838837,-157.997884,6,0.308076
4/25/2019,39.8418,-157.997776,6,0.306046
4/25/2019,39.844773,-157.997753,6,0.303451
4/25/2019,39.847731,-157.997829,6,0.301624
4/25/2019,39.850704,-157.997852,6,0.305479
4/25/2019,39.853681,-157.997852,6,0.307086
4/25/2019,39.856648,-157.997884,6,0.308688
4/25/2019,39.859603,-157.997946,6,0.309398
4/25/2019,39.862554,-157.998014,6,0.310406
4/25/2019,39.865496,-157.998135,6,0.314445
4/25/2019,39.86842,-157.998281,6,0.309843
4/25/2019,39.871364,-157.998437,6,0.306612
4/25/2019,39.874288,-157.998572,6,0.3083
4/25/2019,39.877249,-157.998693,6,0.30446
4/25/2019,39.880208,-157.998861,6,0.301082
4/25/2019,39.883137,-157.998962,6,0.304241
4/25/2019,39.886075,-157.99905,6,0.308326
4/25/2019,39.91818,-158.000156,6,0.32008
4/25/2019,39.921095,-158.000239,6,0.320769
4/25/2019,39.923977,-158.000328,6,0.320412
4/25/2019,39.926871,-158.000447,6,0.315633
4/25/2019,39.92979,-158.000509,6,0.314571
4/25/2019,39.932659,-158.000607,6,0.317664
4/25/2019,39.935516,-158.00066,6,0.318248
4/25/2019,39.938381,-158.000712,6,0.318769
4/25/2019,39.941292,-158.000772,6,0.319289
4/25/2019,39.944194,-158.0008,6,0.319875
4/25/2019,39.947129,-158.000856,6,0.320349
4/25/2019,39.950078,-158.000919,6,0.316542
4/25/2019,39.953022,-158.000954,6,0.321628
4/25/2019,39.955979,-158.000983,6,0.316276
4/25/2019,39.958921,-158.000934,6,0.316555
4/25/2019,39.961893,-158.000934,6,0.315854
4/25/2019,39.964859,-158.000947,6,0.321096
4/25/2019,39.967834,-158.000957,6,0.314507
4/25/2019,39.970809,-158.000993,6,0.321856
4/25/2019,39.973773,-158.001015,6,0.318307
4/25/2019,39.976759,-158.001011,6,0.331203
4/25/2019,39.979762,-158.001056,6,0.330032
4/25/2019,39.982778,-158.001153,6,0.326496
4/25/2019,39.985796,-158.001195,6,0.326003
4/25/2019,39.988839,-158.001262,6,0.321071
4/25/2019,39.991847,-158.00125,6,0.317313
4/25/2019,39.994834,-158.00113,6,0.305643
4/25/2019,39.997845,-158.001051,6,0.303882
4/25/2019,40.000871,-158.000882,6,0.300024
4/25/2019,40.003893,-158.000819,6,0.29572
4/25/2019,40.006886,-158.000797,6,0.286783
4/25/2019,40.009878,-158.000716,6,0.293047
4/25/2019,40.012869,-158.000711,6,0.296855
4/25/2019,40.015896,-158.000693,6,0.294541
4/25/2019,40.018923,-158.000698,6,0.295414
4/25/2019,40.021946,-158.000622,6,0.297027
4/25/2019,40.024968,-158.000586,6,0.299668
4/25/2019,40.028,-158.000565,6,0.29965
4/25/2019,40.031021,-158.000533,6,0.298909
4/25/2019,40.034029,-158.000546,6,0.309146
4/25/2019,40.037037,-158.000504,6,0.31224
4/25/2019,40.040059,-158.000479,6,0.31357
4/25/2019,40.043083,-158.000487,6,0.318101
4/25/2019,40.046094,-158.00043,6,0.320044
4/25/2019,40.049146,-158.000338,6,0.315515
4/25/2019,40.052186,-158.000321,6,0.312955
4/25/2019,40.055193,-158.000222,6,0.306993
4/25/2019,40.058222,-158.000175,6,0.300993
4/25/2019,40.061231,-158.000162,6,0.298872
4/25/2019,40.064244,-158.000084,6,0.297127
4/25/2019,40.097465,-157.999578,6,0.298412
4/25/2019,40.100483,-157.999566,6,0.298395
4/25/2019,40.103509,-157.999534,6,0.301054
4/25/2019,40.106559,-157.999448,6,0.301751
4/25/2019,40.109628,-157.999427,6,0.302777
4/25/2019,40.112689,-157.999334,6,0.310217
4/25/2019,40.115741,-157.999208,6,0.313411
4/25/2019,40.118802,-157.99914,6,0.323249
4/25/2019,40.121845,-157.999076,6,0.329498
4/25/2019,40.124867,-157.999027,6,0.355686
4/25/2019,40.12789,-157.999022,6,0.36816
4/25/2019,40.130907,-157.999006,6,0.371122
4/25/2019,40.133928,-157.998976,6,0.384456
4/25/2019,40.136947,-157.998943,6,0.385333
4/25/2019,40.139946,-157.998907,6,0.3896
4/25/2019,40.142933,-157.998868,6,0.39033
4/25/2019,40.145906,-157.998827,6,0.386143
4/25/2019,40.148873,-157.998748,6,0.390915
4/25/2019,40.151835,-157.998689,6,0.391271
4/25/2019,40.154832,-157.998662,6,0.392521
4/25/2019,40.157839,-157.998651,6,0.393509
4/25/2019,40.160834,-157.998671,6,0.394028
4/25/2019,40.163829,-157.998642,6,0.383126
4/25/2019,40.166841,-157.998555,6,0.378241
4/25/2019,40.16985,-157.998551,6,0.379434
4/25/2019,40.17284,-157.998574,6,0.371973
4/25/2019,40.175806,-157.998589,6,0.366388
4/25/2019,40.178803,-157.998581,6,0.359169
4/25/2019,40.181784,-157.99857,6,0.348195
4/25/2019,40.184784,-157.998605,6,0.344519
4/25/2019,40.187781,-157.998618,6,0.341774
4/25/2019,40.19076,-157.998681,6,0.337401
4/25/2019,40.193777,-157.998696,6,0.327658
4/25/2019,40.196766,-157.998695,6,0.325569
4/25/2019,40.199725,-157.998734,6,0.324455
4/25/2019,40.20272,-157.998754,6,0.329213
4/25/2019,40.205673,-157.998811,6,0.334442
4/25/2019,40.208671,-157.998874,6,0.335734
4/25/2019,40.211678,-157.99888,6,0.343226
4/25/2019,40.21468,-157.998905,6,0.354008
4/25/2019,40.217659,-157.998956,6,0.365911
4/25/2019,40.220627,-157.999011,6,0.36964
4/25/2019,40.223601,-157.999067,6,0.37655
4/25/2019,40.226579,-157.999131,6,0.380095
4/25/2019,40.229567,-157.999188,6,0.380037
4/25/2019,40.232526,-157.999222,6,0.377648
4/25/2019,40.235476,-157.999218,6,0.379165
4/25/2019,40.23844,-157.99925,6,0.377063
4/25/2019,40.241397,-157.999307,6,0.370706
4/25/2019,40.244369,-157.999346,6,0.362937
4/25/2019,40.276837,-157.999834,6,0.378186
4/25/2019,40.279775,-157.999937,6,0.373046
4/25/2019,40.282742,-157.999997,6,0.376175
4/25/2019,40.285684,-157.999989,6,0.376219
4/25/2019,40.288608,-157.99993,6,0.377153
4/25/2019,40.291547,-157.999871,6,0.393633
4/25/2019,40.294494,-157.999798,6,0.399998
4/25/2019,40.297457,-157.999678,6,0.410588
4/25/2019,40.300411,-157.99963,6,0.409731
4/25/2019,40.303335,-157.999595,6,0.412649
4/25/2019,40.306255,-157.999606,6,0.416081
4/25/2019,40.309187,-157.999554,6,0.422768
4/25/2019,40.312132,-157.999503,6,0.4317
4/25/2019,40.315088,-157.999491,6,0.443228
4/25/2019,40.318045,-157.999466,6,0.443141
4/25/2019,40.320981,-157.999452,6,0.444302
4/25/2019,40.323918,-157.999426,6,0.443179
4/25/2019,40.326873,-157.999377,6,0.434162
4/25/2019,40.329813,-157.999283,6,0.405149
4/25/2019,40.332747,-157.999233,6,0.387719
4/25/2019,40.335681,-157.99916,6,0.382112
4/25/2019,40.338628,-157.999053,6,0.385788
4/25/2019,40.341586,-157.998976,6,0.378701
4/25/2019,40.344578,-157.998962,6,0.396857
4/25/2019,40.347576,-157.998937,6,0.396824
4/25/2019,40.350569,-157.998911,6,0.403354
4/25/2019,40.353553,-157.998892,6,0.400996
4/25/2019,40.356541,-157.998825,6,0.406517
4/25/2019,40.359539,-157.998707,6,0.411427
4/25/2019,40.362524,-157.998634,6,0.405452
4/25/2019,40.365507,-157.998607,6,0.404104
4/25/2019,40.368486,-157.998576,6,0.402945
4/25/2019,40.371476,-157.998525,6,0.396855
4/25/2019,40.374462,-157.998503,6,0.389044
4/25/2019,40.377456,-157.998421,6,0.384002
4/25/2019,40.380422,-157.998407,6,0.3738
4/25/2019,40.383407,-157.998415,6,0.373704
4/25/2019,40.386378,-157.998441,6,0.362302
4/25/2019,40.389345,-157.99846,6,0.355756
4/25/2019,40.392309,-157.998491,6,0.35195
4/25/2019,40.395269,-157.998525,6,0.34645
4/25/2019,40.398246,-157.99854,6,0.346037
4/25/2019,40.401213,-157.998491,6,0.338516
4/25/2019,40.404204,-157.998486,6,0.335838
4/25/2019,40.407205,-157.998522,6,0.332993
4/25/2019,40.410208,-157.99854,6,0.329332
4/25/2019,40.413238,-157.998547,6,0.325811
4/25/2019,40.416266,-157.998482,6,0.319671
4/25/2019,40.419293,-157.99847,6,0.314726
4/25/2019,40.422323,-157.99846,6,0.319531
4/25/2019,40.455814,-157.99886,6,0.325035
4/25/2019,40.458911,-157.998938,6,0.322522
4/25/2019,40.462,-157.998989,6,0.321982
4/25/2019,40.465107,-157.999082,6,0.313965
4/25/2019,40.468217,-157.999174,6,0.309294
4/25/2019,40.47132,-157.999242,6,0.304168
4/25/2019,40.47441,-157.999349,6,0.305132
4/25/2019,40.477498,-157.999363,6,0.303751
4/25/2019,40.480584,-157.999438,6,0.308315
4/25/2019,40.483665,-157.999473,6,0.306962
4/25/2019,40.486765,-157.999455,6,0.320687
4/25/2019,40.48986,-157.99945,6,0.337931
4/25/2019,40.49293,-157.999474,6,0.352074
4/25/2019,40.496005,-157.999475,6,0.356506
4/25/2019,40.499055,-157.999474,6,0.356802
4/25/2019,40.502082,-157.999453,6,0.357289
4/25/2019,40.505124,-157.999422,6,0.351625
4/25/2019,40.508133,-157.999429,6,0.346078
4/25/2019,40.511135,-157.999407,6,0.342647
4/25/2019,40.514132,-157.999375,6,0.336852
4/25/2019,40.517128,-157.999417,6,0.331612
4/25/2019,40.520117,-157.999437,6,0.321539
4/25/2019,40.523108,-157.999411,6,0.292828
4/25/2019,40.526099,-157.999409,6,0.279196
4/25/2019,40.529107,-157.999494,6,0.275611
4/25/2019,40.532119,-157.999524,6,0.276571
4/25/2019,40.535145,-157.999534,6,0.2747
4/25/2019,40.538173,-157.99953,6,0.271118
4/25/2019,40.541193,-157.999516,6,0.272178
4/25/2019,40.544226,-157.999514,6,0.271097
4/25/2019,40.547237,-157.999518,6,0.28048
4/25/2019,40.550254,-157.999506,6,0.277887
4/25/2019,40.553271,-157.999524,6,0.280331
4/25/2019,40.556289,-157.999516,6,0.283821
4/25/2019,40.559289,-157.999489,6,0.293117
4/25/2019,40.562282,-157.999486,6,0.2941
4/25/2019,40.565288,-157.999403,6,0.300336
4/25/2019,40.568273,-157.999407,6,0.306337
4/25/2019,40.571256,-157.9994,6,0.306166
4/25/2019,40.574274,-157.999373,6,0.307351
4/25/2019,40.577279,-157.99942,6,0.307476
4/25/2019,40.580285,-157.99943,6,0.302188
4/25/2019,40.583294,-157.999373,6,0.294396
4/25/2019,40.586296,-157.999378,6,0.28961
4/25/2019,40.589283,-157.999387,6,0.286757
4/25/2019,40.592258,-157.999356,6,0.290218
4/25/2019,40.595249,-157.999328,6,0.290368
4/25/2019,40.598213,-157.999304,6,0.292157
4/25/2019,40.601154,-157.999282,6,0.294387
4/25/2019,40.604109,-157.999275,6,0.297141
4/25/2019,40.636788,-157.999223,6,0.269533
4/25/2019,40.639765,-157.999224,6,0.26784
4/25/2019,40.642733,-157.999203,6,0.264349
4/25/2019,40.645699,-157.999197,6,0.256572
4/25/2019,40.648677,-157.999215,6,0.260412
4/25/2019,40.651664,-157.999212,6,0.259033
4/25/2019,40.654651,-157.999227,6,0.249314
4/25/2019,40.657647,-157.999163,6,0.239236
4/25/2019,40.660629,-157.999053,6,0.239269
4/25/2019,40.6636,-157.998919,6,0.241023
4/25/2019,40.666572,-157.998829,6,0.244774
4/25/2019,40.669554,-157.998792,6,0.249464
4/25/2019,40.672534,-157.99884,6,0.252486
4/25/2019,40.675504,-157.998903,6,0.248785
4/25/2019,40.678486,-157.9989,6,0.255029
4/25/2019,40.681481,-157.998993,6,0.254818
4/25/2019,40.68448,-157.99923,6,0.251436
4/25/2019,40.687471,-157.999463,6,0.249155
4/25/2019,40.690477,-157.999672,6,0.251808
4/25/2019,40.693487,-157.999936,6,0.254563
4/25/2019,40.696505,-158.000178,6,0.256405
4/25/2019,40.699501,-158.000176,6,0.257064
4/25/2019,40.702495,-158.00002,6,0.256906
4/25/2019,40.705494,-157.999942,6,0.258023
4/25/2019,40.708493,-157.999889,6,0.25953
4/25/2019,40.711507,-157.99981,6,0.264589
4/25/2019,40.714513,-157.99972,6,0.259712
4/25/2019,40.717508,-157.999564,6,0.265147
4/25/2019,40.720526,-157.999491,6,0.261499
4/25/2019,40.723539,-157.999394,6,0.259422
4/25/2019,40.726571,-157.999314,6,0.265242
4/25/2019,40.729593,-157.999239,6,0.260922
4/25/2019,40.732619,-157.999165,6,0.258686
4/25/2019,40.735655,-157.99912,6,0.257921
4/25/2019,40.73869,-157.999161,6,0.263418
4/25/2019,40.741718,-157.999219,6,0.265223
4/25/2019,40.744719,-157.999256,6,0.266386
4/25/2019,40.747729,-157.99931,6,0.277307
4/25/2019,40.750742,-157.999352,6,0.278229
4/25/2019,40.753754,-157.999418,6,0.285229
4/25/2019,40.756764,-157.99963,6,0.281913
4/25/2019,40.759791,-157.999868,6,0.288126
4/25/2019,40.762819,-158.000056,6,0.285091
4/25/2019,40.765827,-158.000125,6,0.285884
4/25/2019,40.768841,-158.000035,6,0.287585
4/25/2019,40.771864,-157.99998,6,0.285645
4/25/2019,40.77488,-157.999992,6,0.286354
4/25/2019,40.777889,-157.999993,6,0.286069
4/25/2019,40.780881,-157.999982,6,0.288382
4/25/2019,40.783886,-157.999952,6,0.281322
4/25/2019,40.817524,-157.999589,6,0.300905
4/25/2019,40.820585,-157.999583,6,0.298192
4/25/2019,40.823631,-157.999618,6,0.29978
4/25/2019,40.826697,-157.999676,6,0.303003
4/25/2019,40.829763,-157.999687,6,0.30871
4/25/2019,40.83285,-157.999732,6,0.325671
4/25/2019,40.835911,-157.99978,6,0.337946
4/25/2019,40.838988,-157.99981,6,0.339567
4/25/2019,40.842084,-157.999783,6,0.338885
4/25/2019,40.84519,-157.999739,6,0.356319
4/25/2019,40.848314,-157.999695,6,0.357141
4/25/2019,40.851433,-157.999712,6,0.36716
4/25/2019,40.854534,-157.999726,6,0.369571
4/25/2019,40.857633,-157.999726,6,0.362925
4/25/2019,40.86073,-157.999746,6,0.372033
4/25/2019,40.863834,-157.999732,6,0.376616
4/25/2019,40.866932,-157.999688,6,0.388459
4/25/2019,40.870043,-157.999676,6,0.39116
4/25/2019,40.873147,-157.999693,6,0.403443
4/25/2019,40.876243,-157.999696,6,0.413416
4/25/2019,40.879342,-157.999743,6,0.431968
4/25/2019,40.882457,-157.999733,6,0.445851
4/25/2019,40.885599,-157.999659,6,0.503998
4/25/2019,40.888756,-157.999575,6,0.522282
4/25/2019,40.891912,-157.999478,6,0.522542
4/25/2019,40.895062,-157.999432,6,0.525339
4/25/2019,40.898205,-157.999428,6,0.524256
4/25/2019,40.901353,-157.999388,6,0.525858
4/25/2019,40.904492,-157.999364,6,0.529385
4/25/2019,40.907632,-157.999429,6,0.527333
4/25/2019,40.910775,-157.999472,6,0.543319
4/25/2019,40.913927,-157.999519,6,0.564689
4/25/2019,40.917071,-157.999605,6,0.577396
4/25/2019,40.920218,-157.999664,6,0.585717
4/25/2019,40.923374,-157.999748,6,0.590523
4/25/2019,40.926524,-157.999819,6,0.587478
4/25/2019,40.929694,-157.999853,6,0.586138
4/25/2019,40.932873,-157.999888,6,0.579123
4/25/2019,40.936057,-157.999915,6,0.588039
4/25/2019,40.939225,-157.999977,6,0.587951
4/25/2019,40.942399,-158.000029,6,0.588814
4/25/2019,40.94556,-157.999962,6,0.58551
4/25/2019,40.948711,-157.999961,6,0.589515
4/25/2019,40.951854,-157.999986,6,0.590972
4/25/2019,40.954981,-157.999966,6,0.590945
4/25/2019,40.958124,-157.999878,6,0.594209
4/25/2019,40.961279,-157.99976,6,0.597937
4/25/2019,40.964443,-157.999657,6,0.592074
4/25/2019,40.967611,-157.999613,6,0.599174
4/25/2019,40.970767,-157.999611,6,0.599865
4/25/2019,41.005047,-157.999283,6,0.571866
4/25/2019,41.00816,-157.999281,6,0.574938
4/25/2019,41.011251,-157.999355,6,0.566611
4/25/2019,41.01435,-157.999408,6,0.563435
4/25/2019,41.017445,-157.999401,6,0.565946
4/25/2019,41.020542,-157.99934,6,0.556211
4/25/2019,41.023644,-157.999356,6,0.559218
4/25/2019,41.026757,-157.999418,6,0.5516
4/25/2019,41.029845,-157.99946,6,0.549119
4/25/2019,41.032942,-157.999434,6,0.542484
4/25/2019,41.036028,-157.999431,6,0.53963
4/25/2019,41.039104,-157.999447,6,0.533927
4/25/2019,41.04217,-157.99949,6,0.523048
4/25/2019,41.045209,-157.999554,6,0.520136
4/25/2019,41.048244,-157.999608,6,0.516466
4/25/2019,41.051297,-157.999581,6,0.518281
4/25/2019,41.054343,-157.999548,6,0.518175
4/25/2019,41.057378,-157.999525,6,0.521253
4/25/2019,41.060412,-157.999541,6,0.523102
4/25/2019,41.063452,-157.999528,6,0.519983
4/25/2019,41.066481,-157.999502,6,0.524768
4/25/2019,41.069512,-157.99945,6,0.521037
4/25/2019,41.072546,-157.999371,6,0.526688
4/25/2019,41.075593,-157.999338,6,0.533315
4/25/2019,41.078643,-157.999327,6,0.55777
4/25/2019,41.081687,-157.999318,6,0.563258
4/25/2019,41.084739,-157.999265,6,0.583796
4/25/2019,41.087775,-157.999237,6,0.602495
4/25/2019,41.090817,-157.999267,6,0.607957
4/25/2019,41.093848,-157.999345,6,0.600781
4/25/2019,41.096878,-157.9994,6,0.602459
4/25/2019,41.099902,-157.999502,6,0.594182
4/25/2019,41.102924,-157.999609,6,0.586908
4/25/2019,41.105942,-157.999672,6,0.586672
4/25/2019,41.108962,-157.999692,6,0.581523
4/25/2019,41.111984,-157.999726,6,0.585908
4/25/2019,41.11501,-157.999763,6,0.594467
4/25/2019,41.118029,-157.999784,6,0.600546
4/25/2019,41.121046,-157.999835,6,0.597698
4/25/2019,41.124066,-157.999927,6,0.607241
4/25/2019,41.12707,-157.999882,6,0.616012
4/25/2019,41.13007,-157.999754,6,0.613141
4/25/2019,41.133066,-157.999708,6,0.615272
4/25/2019,41.136065,-157.999631,6,0.614314
4/25/2019,41.139067,-157.999498,6,0.609909
4/25/2019,41.142067,-157.9994,6,0.600715
4/25/2019,41.145087,-157.999357,6,0.597506
4/25/2019,41.148088,-157.999328,6,0.58504
4/25/2019,41.1511,-157.999306,6,0.574257
4/25/2019,41.154092,-157.999285,6,0.573052
4/25/2019,41.18725,-157.999964,6,0.541084
4/25/2019,41.190264,-158.000161,6,0.533276
4/25/2019,41.193276,-158.000401,6,0.532268
4/25/2019,41.196288,-158.000619,6,0.530701
4/25/2019,41.199289,-158.000588,6,0.534568
4/25/2019,41.202286,-158.000531,6,0.544327
4/25/2019,41.205278,-158.000513,6,0.559691
4/25/2019,41.208273,-158.000451,6,0.594342
4/25/2019,41.211268,-158.00041,6,0.610276
4/25/2019,41.214269,-158.000349,6,0.625486
4/25/2019,41.217265,-158.000284,6,0.626623
4/25/2019,41.220269,-158.000201,6,0.628666
4/25/2019,41.22329,-158.000123,6,0.624621
4/25/2019,41.226303,-158.000016,6,0.617164
4/25/2019,41.229326,-157.99996,6,0.610749
4/25/2019,41.232344,-157.999872,6,0.601549
4/25/2019,41.235358,-157.999773,6,0.599489
4/25/2019,41.238368,-157.999675,6,0.591751
4/25/2019,41.241373,-157.999572,6,0.587842
4/25/2019,41.244372,-157.99951,6,0.572689
4/25/2019,41.247377,-157.999446,6,0.570852
4/25/2019,41.25039,-157.999437,6,0.56341
4/25/2019,41.253392,-157.999494,6,0.550904
4/25/2019,41.256396,-157.99953,6,0.541904
4/25/2019,41.259401,-157.99952,6,0.537926
4/25/2019,41.262405,-157.999541,6,0.533577
4/25/2019,41.265413,-157.999627,6,0.528079
4/25/2019,41.26842,-157.999681,6,0.529193
4/25/2019,41.271427,-157.999674,6,0.52426
4/25/2019,41.274435,-157.999737,6,0.522424
4/25/2019,41.277447,-157.999769,6,0.526511
4/25/2019,41.280449,-157.999783,6,0.527129
4/25/2019,41.283452,-157.999886,6,0.527956
4/25/2019,41.286458,-157.999974,6,0.533043
4/25/2019,41.289465,-158.000017,6,0.541059
4/25/2019,41.292457,-158.000032,6,0.545893
4/25/2019,41.29545,-158.000039,6,0.57115
4/25/2019,41.298437,-158.000033,6,0.581492
4/25/2019,41.301425,-158.000048,6,0.589072
4/25/2019,41.304412,-158.000095,6,0.615117
4/25/2019,41.307402,-158.000083,6,0.622562
4/25/2019,41.310387,-158.000041,6,0.625827
4/25/2019,41.313372,-158.000029,6,0.63053
4/25/2019,41.316353,-158.000004,6,0.637553
4/25/2019,41.319333,-157.999983,6,0.639202
4/25/2019,41.322321,-157.999964,6,0.646135
4/25/2019,41.32531,-157.999966,6,0.642496
4/25/2019,41.32829,-157.999931,6,0.644935
4/25/2019,41.331276,-157.999831,6,0.639333
4/25/2019,41.334271,-157.999729,6,0.647262
4/25/2019,41.367187,-157.999174,6,0.660695
4/25/2019,41.370183,-157.999149,6,0.657957
4/25/2019,41.373182,-157.999131,6,0.654852
4/25/2019,41.376183,-157.999119,6,0.649437
4/25/2019,41.379189,-157.999151,6,0.638394
4/25/2019,41.3822,-157.999111,6,0.643785
4/25/2019,41.385207,-157.999115,6,0.637631
4/25/2019,41.388212,-157.999165,6,0.635802
4/25/2019,41.391223,-157.999085,6,0.621516
4/25/2019,41.39425,-157.998955,6,0.626316
4/25/2019,41.397266,-157.998862,6,0.614441
4/25/2019,41.400285,-157.998777,6,0.610752
4/25/2019,41.403298,-157.998735,6,0.600507
4/25/2019,41.406311,-157.998761,6,0.601386
4/25/2019,41.409342,-157.998841,6,0.598887
4/25/2019,41.412382,-157.998913,6,0.587692
4/25/2019,41.415423,-157.998977,6,0.564729
4/25/2019,41.418467,-157.999004,6,0.555474
4/25/2019,41.421524,-157.999021,6,0.55165
4/25/2019,41.424586,-157.999,6,0.547141
4/25/2019,41.427658,-157.998989,6,0.539313
4/25/2019,41.430733,-157.998989,6,0.539429
4/25/2019,41.433805,-157.99901,6,0.528142
4/25/2019,41.436888,-157.999063,6,0.522695
4/25/2019,41.439958,-157.999081,6,0.521914
4/25/2019,41.443017,-157.99906,6,0.519445
4/25/2019,41.446085,-157.99904,6,0.505993
4/25/2019,41.449146,-157.999035,6,0.500862
4/25/2019,41.452218,-157.99913,6,0.452562
4/25/2019,41.455276,-157.999235,6,0.419729
4/25/2019,41.458331,-157.999253,6,0.379702
4/25/2019,41.461394,-157.999227,6,0.343649
4/25/2019,41.464465,-157.999295,6,0.317615
4/25/2019,41.467518,-157.999344,6,0.297994
4/25/2019,41.470574,-157.999402,6,0.290181
4/25/2019,41.473627,-157.99946,6,0.294272
4/25/2019,41.476684,-157.999468,6,0.29864
4/25/2019,41.479743,-157.999485,6,0.309323
4/25/2019,41.482802,-157.999475,6,0.335659
4/25/2019,41.485855,-157.999508,6,0.338383
4/25/2019,41.488912,-157.999539,6,0.340724
4/25/2019,41.491968,-157.999571,6,0.341431
4/25/2019,41.495017,-157.999594,6,0.341564
4/25/2019,41.498053,-157.999572,6,0.33149
4/25/2019,41.501088,-157.99956,6,0.303234
4/25/2019,41.504131,-157.999592,6,0.284742
4/25/2019,41.507183,-157.999599,6,0.279665
4/25/2019,41.51023,-157.999607,6,0.264281
4/25/2019,41.513285,-157.999652,6,0.253495
4/25/2019,41.516351,-157.999684,6,0.273186
4/25/2019,41.549756,-157.999376,6,0.29439
4/25/2019,41.552797,-157.999434,6,0.294648
4/25/2019,41.555835,-157.999441,6,0.291928
4/25/2019,41.558878,-157.999486,6,0.289971
4/25/2019,41.561921,-157.999531,6,0.28419
4/25/2019,41.564957,-157.999586,6,0.279803
4/25/2019,41.568014,-157.99969,6,0.275283
4/25/2019,41.571083,-157.999804,6,0.275332
4/25/2019,41.57414,-157.999825,6,0.279139
4/25/2019,41.57721,-157.999818,6,0.276245
4/25/2019,41.580296,-157.999871,6,0.279929
4/25/2019,41.58337,-157.999963,6,0.282412
4/25/2019,41.586452,-158.000033,6,0.280607
4/25/2019,41.589547,-158.000105,6,0.279053
4/25/2019,41.59263,-158.00015,6,0.281957
4/25/2019,41.595734,-158.000165,6,0.288062
4/25/2019,41.598843,-158.000248,6,0.29406
4/25/2019,41.601963,-158.000243,6,0.295284
4/25/2019,41.605078,-158.000203,6,0.29504
4/25/2019,41.608187,-158.000178,6,0.302871
4/25/2019,41.611294,-158.000055,6,0.304975
4/25/2019,41.614399,-158.000033,6,0.305216
4/25/2019,41.617508,-158.000044,6,0.305368
4/25/2019,41.620609,-157.999928,6,0.303574
4/25/2019,41.623716,-157.999891,6,0.307099
4/25/2019,41.626809,-157.999928,6,0.312352
4/25/2019,41.629899,-157.999914,6,0.317042
4/25/2019,41.632973,-157.999812,6,0.325152
4/25/2019,41.636045,-157.999794,6,0.328841
4/25/2019,41.639105,-157.99985,6,0.329939
4/25/2019,41.642153,-157.999801,6,0.330552
4/25/2019,41.645216,-157.99968,6,0.33631
4/25/2019,41.648268,-157.99966,6,0.337939
4/25/2019,41.651323,-157.999683,6,0.336934
4/25/2019,41.654377,-157.999756,6,0.338141
4/25/2019,41.657438,-157.999834,6,0.339416
4/25/2019,41.660499,-157.99988,6,0.350482
4/25/2019,41.663547,-157.999866,6,0.350589
4/25/2019,41.666588,-157.999868,6,0.351936
4/25/2019,41.669632,-157.999874,6,0.354606
4/25/2019,41.672672,-157.999856,6,0.350946
4/25/2019,41.675719,-157.999823,6,0.34885
4/25/2019,41.678763,-157.999779,6,0.340322
4/25/2019,41.681814,-157.999774,6,0.330573
4/25/2019,41.684874,-157.999878,6,0.326061
4/25/2019,41.687921,-157.999985,6,0.32129
4/25/2019,41.690955,-158.000084,6,0.313817
4/25/2019,41.693971,-158.000141,6,0.308531
4/25/2019,41.69698,-158.000157,6,0.296641
4/25/2019,41.7,-158.0001,6,0.290061
4/24/2019,41.733206,-157.999522,6,0.290777
4/24/2019,41.736228,-157.999565,6,0.283414
4/24/2019,41.739252,-157.999491,6,0.289629
4/24/2019,41.742287,-157.999447,6,0.29222
4/24/2019,41.745307,-157.99952,6,0.298179
4/24/2019,41.748332,-157.999587,6,0.301931
4/24/2019,41.751351,-157.999615,6,0.313239
4/24/2019,41.754361,-157.999757,6,0.311606
4/24/2019,41.757347,-157.999881,6,0.314496
4/24/2019,41.760341,-158.000095,6,0.316047
4/24/2019,41.76334,-158.000167,6,0.317922
4/24/2019,41.766341,-158.000151,6,0.325095
4/24/2019,41.769343,-158.00005,6,0.33969
4/24/2019,41.77236,-158.000042,6,0.348422
4/24/2019,41.775391,-158.000063,6,0.358336
4/24/2019,41.778425,-158.000039,6,0.351817
4/24/2019,41.781446,-157.999952,6,0.357871
4/24/2019,41.784483,-157.999949,6,0.361524
4/24/2019,41.787528,-157.999945,6,0.365269
4/24/2019,41.790561,-157.99995,6,0.369509
4/24/2019,41.793607,-157.999887,6,0.365791
4/24/2019,41.796649,-157.999761,6,0.375176
4/24/2019,41.79969,-157.999628,6,0.378925
4/24/2019,41.802729,-157.999615,6,0.386891
4/24/2019,41.805768,-157.999614,6,0.384761
4/24/2019,41.808807,-157.999628,6,0.388293
4/24/2019,41.811835,-157.999547,6,0.391018
4/24/2019,41.814869,-157.999505,6,0.394572
4/24/2019,41.817903,-157.999528,6,0.398121
4/24/2019,41.820954,-157.999597,6,0.398575
4/24/2019,41.824001,-157.999576,6,0.393007
4/24/2019,41.827037,-157.999591,6,0.407532
4/24/2019,41.83009,-157.999627,6,0.412785
4/24/2019,41.833151,-157.999678,6,0.412498
4/24/2019,41.836221,-157.999761,6,0.413122
4/24/2019,41.839292,-157.999809,6,0.419535
4/24/2019,41.842371,-157.999819,6,0.408634
4/24/2019,41.845466,-157.999864,6,0.404516
4/24/2019,41.848556,-157.999929,6,0.413782
4/24/2019,41.851646,-157.999958,6,0.414313
4/24/2019,41.854758,-157.99994,6,0.421549
4/24/2019,41.857871,-157.999991,6,0.426999
4/24/2019,41.861001,-157.999948,6,0.445123
4/24/2019,41.864136,-157.999965,6,0.453556
4/24/2019,41.867255,-158.000038,6,0.451171
4/24/2019,41.870366,-158.000043,6,0.45482
4/24/2019,41.873474,-158.000078,6,0.456496
4/24/2019,41.876584,-158.000104,6,0.45911
4/24/2019,41.879696,-158.000101,6,0.459868
4/24/2019,41.882798,-158.000089,6,0.459753
4/24/2019,41.917307,-157.999837,6,0.483085
4/24/2019,41.920434,-157.999854,6,0.485975
4/24/2019,41.923569,-157.999894,6,0.48962
4/24/2019,41.926704,-157.9999,6,0.496551
4/24/2019,41.929859,-157.999883,6,0.496523
4/24/2019,41.933022,-157.999966,6,0.49701
4/24/2019,41.936173,-158.000028,6,0.49351
4/24/2019,41.939319,-158.000066,6,0.487188
4/24/2019,41.94247,-158.00007,6,0.488353
4/24/2019,41.945639,-158.000089,6,0.482659
4/24/2019,41.948816,-158.000219,6,0.47662
4/24/2019,41.951998,-158.000219,6,0.480602
4/24/2019,41.955174,-158.000262,6,0.484662
4/24/2019,41.958346,-158.000319,6,0.48906
4/24/2019,41.961508,-158.000281,6,0.521019
4/24/2019,41.964718,-158.000305,6,0.64382
4/24/2019,41.96792,-158.000341,6,0.674401
4/24/2019,41.971129,-158.000313,6,0.671108
4/24/2019,41.974331,-158.000219,6,0.673916
4/24/2019,41.977531,-158.000204,6,0.667928
4/24/2019,41.980735,-158.000271,6,0.659173
4/24/2019,41.983949,-158.000269,6,0.644852
4/24/2019,41.987141,-158.000292,6,0.643642
4/24/2019,41.990334,-158.00037,6,0.629674
4/24/2019,41.993538,-158.000394,6,0.615885
4/24/2019,41.996733,-158.000439,6,0.6195
4/24/2019,41.999933,-158.000468,6,0.615687
4/24/2019,42.003147,-158.000428,6,0.609391
4/24/2019,42.006366,-158.000409,6,0.604133
4/24/2019,42.009575,-158.000413,6,0.606984
4/24/2019,42.012775,-158.000388,6,0.613213
4/24/2019,42.015974,-158.000326,6,0.611582
4/24/2019,42.019175,-158.000233,6,0.607597
4/24/2019,42.022376,-158.000098,6,0.612743
4/24/2019,42.025585,-157.99994,6,0.618575
4/24/2019,42.028784,-157.999779,6,0.621373
4/24/2019,42.032,-157.999628,6,0.627169
4/24/2019,42.035235,-157.999423,6,0.636975
4/24/2019,42.038476,-157.999363,6,0.637438
4/24/2019,42.041735,-157.999409,6,0.638923
4/24/2019,42.044979,-157.999456,6,0.639286
4/24/2019,42.048231,-157.999482,6,0.63914
4/24/2019,42.05148,-157.999478,6,0.630045
4/24/2019,42.05474,-157.999524,6,0.625347
4/24/2019,42.057985,-157.999536,6,0.610821
4/24/2019,42.061242,-157.999607,6,0.605693
4/24/2019,42.06449,-157.999712,6,0.605633
4/24/2019,42.067747,-157.99981,6,0.611162
4/24/2019,42.071002,-157.999887,6,0.60401
4/24/2019,42.074249,-157.999961,6,0.591726
4/24/2019,42.109779,-158.000187,6,0.652868
4/24/2019,42.112989,-158.00017,6,0.651748
4/24/2019,42.116205,-158.000265,6,0.655809
4/24/2019,42.119415,-158.00029,6,0.670988
4/24/2019,42.122611,-158.00022,6,0.678412
4/24/2019,42.125816,-158.000144,6,0.689488
4/24/2019,42.129017,-158.000046,6,0.69246
4/24/2019,42.132205,-158.000032,6,0.694524
4/24/2019,42.135386,-158.000023,6,0.699721
4/24/2019,42.138559,-157.999966,6,0.697604
4/24/2019,42.141729,-157.999932,6,0.69243
4/24/2019,42.144902,-157.999976,6,0.691536
4/24/2019,42.148088,-157.999984,6,0.689182
4/24/2019,42.151277,-157.999932,6,0.693298
4/24/2019,42.154477,-157.999874,6,0.693638
4/24/2019,42.157675,-157.999889,6,0.691688
4/24/2019,42.16087,-157.99992,6,0.69775
4/24/2019,42.164067,-157.999964,6,0.705751
4/24/2019,42.167245,-157.99994,6,0.711624
4/24/2019,42.170426,-157.999924,6,0.713336
4/24/2019,42.173597,-157.999977,6,0.71796
4/24/2019,42.176767,-158.000004,6,0.718323
4/24/2019,42.179941,-157.999992,6,0.718496
4/24/2019,42.183101,-157.999931,6,0.718049
4/24/2019,42.186286,-157.999926,6,0.718119
4/24/2019,42.189473,-158,6,0.72122
4/24/2019,42.192652,-157.999994,6,0.726078
4/24/2019,42.195828,-157.999934,6,0.724891
4/24/2019,42.199015,-157.999975,6,0.725685
4/24/2019,42.202196,-158.000035,6,0.716317
4/24/2019,42.205384,-158.000067,6,0.715006
4/24/2019,42.20856,-158.000087,6,0.714397
4/24/2019,42.211738,-158.000098,6,0.714519
4/24/2019,42.214907,-158.000059,6,0.715592
4/24/2019,42.21807,-158.000096,6,0.715072
4/24/2019,42.221217,-158.000149,6,0.710453
4/24/2019,42.224364,-158.00017,6,0.710975
4/24/2019,42.227516,-158.000128,6,0.718929
4/24/2019,42.23067,-158.000149,6,0.722744
4/24/2019,42.233809,-158.000148,6,0.735647
4/24/2019,42.236961,-158.000066,6,0.730757
4/24/2019,42.240124,-157.999955,6,0.730715
4/24/2019,42.243283,-157.999855,6,0.731603
4/24/2019,42.246438,-157.999711,6,0.729085
4/24/2019,42.249601,-157.999561,6,0.715826
4/24/2019,42.252762,-157.999442,6,0.722353
4/24/2019,42.255937,-157.999361,6,0.722371
4/24/2019,42.25911,-157.999328,6,0.72493
4/24/2019,42.262291,-157.999328,6,0.719186
4/24/2019,42.265488,-157.99928,6,0.73328
4/24/2019,42.299912,-158.000239,6,0.761492
4/24/2019,42.302995,-158.000405,6,0.758128
4/24/2019,42.306073,-158.000496,6,0.767649
4/24/2019,42.309148,-158.000605,6,0.774137
4/24/2019,42.312225,-158.000694,6,0.802904
4/24/2019,42.3153,-158.000833,6,0.818298
4/24/2019,42.318367,-158.001045,6,0.872598
4/24/2019,42.321433,-158.001228,6,0.879726
4/24/2019,42.324485,-158.001376,6,0.880792
4/24/2019,42.32747,-158.001409,6,0.880711
4/24/2019,42.330076,-158.000747,6,0.867666
4/24/2019,42.331845,-157.999896,6,0.830117
4/24/2019,42.332659,-157.999246,6,0.812097
4/24/2019,42.332784,-157.999163,6,0.807743
4/24/2019,42.332816,-157.999219,6,0.803484
4/24/2019,42.332863,-157.999242,6,0.809469
4/24/2019,42.332904,-157.999318,6,0.804674
4/24/2019,42.332926,-157.999394,6,0.804645
4/24/2019,42.332963,-157.999417,6,0.804943
4/24/2019,42.33298,-157.999454,6,0.804026
4/24/2019,42.33301,-157.999474,6,0.812943
4/24/2019,42.33303,-157.999529,6,0.817548
4/24/2019,42.333038,-157.999576,6,0.824694
4/24/2019,42.333079,-157.999604,6,0.82417
4/24/2019,42.333108,-157.999653,6,0.831232
4/24/2019,42.333135,-157.999696,6,0.832705
4/24/2019,42.333137,-157.999704,6,0.83415
4/24/2019,42.333151,-157.999717,6,0.834372
4/24/2019,42.333171,-157.999742,6,0.84053
4/24/2019,42.333202,-157.999792,6,0.844547
4/24/2019,42.333225,-157.999823,6,0.845701
4/24/2019,42.333216,-157.999831,6,0.847459
4/24/2019,42.333208,-157.999815,6,0.847293
4/24/2019,42.333204,-157.999812,6,0.849405
4/24/2019,42.3332,-157.999804,6,0.855934
4/24/2019,42.333197,-157.999805,6,0.859465
4/24/2019,42.33321,-157.999814,6,0.85637
4/24/2019,42.333207,-157.999812,6,0.856061
4/24/2019,42.333202,-157.999819,6,0.855893
4/24/2019,42.333205,-157.999826,6,0.866084
4/24/2019,42.333217,-157.999828,6,0.87033
4/24/2019,42.333203,-157.99981,6,0.869829
4/24/2019,42.333168,-157.999803,6,0.868649
4/24/2019,42.333158,-157.999771,6,0.870186
4/24/2019,42.333137,-157.999766,6,0.871775
4/24/2019,42.33311,-157.999746,6,0.867007
4/24/2019,42.333088,-157.999734,6,0.866137
4/24/2019,42.333084,-157.999715,6,0.865369
4/24/2019,42.333073,-157.999703,6,0.857823
4/24/2019,42.333071,-157.999695,6,0.862042
4/24/2019,42.333037,-157.999701,6,0.872952
4/24/2019,42.333028,-157.999672,6,0.869291
4/24/2019,42.333012,-157.999661,6,0.869631
4/24/2019,42.332964,-157.999637,6,0.870104
4/24/2019,42.332935,-157.9996,6,0.873153
4/24/2019,42.3329,-157.999585,6,0.86939
4/24/2019,42.332867,-157.999554,6,0.877039
4/24/2019,42.33285,-157.999538,6,0.881143
4/24/2019,42.33284,-157.999523,6,0.880553
4/24/2019,42.332827,-157.9995,6,0.880664
4/24/2019,42.332797,-157.999481,6,0.881225
4/24/2019,42.332772,-157.999463,6,0.881603
4/24/2019,42.332746,-157.999448,6,0.87571
4/24/2019,42.332727,-157.999429,6,0.877336
4/24/2019,42.332707,-157.999415,6,0.881301
4/24/2019,42.332703,-157.99939,6,0.876563
4/24/2019,42.332679,-157.999383,6,0.876053
4/24/2019,42.332648,-157.999369,6,0.876038
4/24/2019,42.332645,-157.999371,6,0.87646
4/24/2019,42.332653,-157.999367,6,0.875997
4/24/2019,42.332678,-157.999387,6,0.87618
4/24/2019,42.332704,-157.999403,6,0.878726
4/24/2019,42.332714,-157.999426,6,0.872286
4/24/2019,42.33273,-157.999431,6,0.87788
4/24/2019,42.332739,-157.999429,6,0.876828
4/24/2019,42.33274,-157.999443,6,0.870995
4/24/2019,42.332724,-157.999437,6,0.87069
4/24/2019,42.332706,-157.999418,6,0.868557
4/24/2019,42.332695,-157.999402,6,0.87071
4/24/2019,42.332701,-157.999415,6,0.873239
4/24/2019,42.332718,-157.999417,6,0.876025
4/24/2019,42.332724,-157.999425,6,0.876744
4/24/2019,42.332723,-157.999432,6,0.877164
4/24/2019,42.332747,-157.99944,6,0.877529
4/24/2019,42.332733,-157.999433,6,0.875371
4/24/2019,42.332727,-157.999427,6,0.87558
4/24/2019,42.33271,-157.999415,6,0.875256
4/24/2019,42.332696,-157.999396,6,0.880008
4/24/2019,42.332681,-157.999384,6,0.880742
4/24/2019,42.332677,-157.999389,6,0.883158
4/24/2019,42.332692,-157.999388,6,0.882003
4/24/2019,42.332727,-157.99939,6,0.887704
4/24/2019,42.33274,-157.999424,6,0.887056
4/24/2019,42.332746,-157.999437,6,0.884402
4/24/2019,42.332751,-157.999451,6,0.879751
4/24/2019,42.332777,-157.999452,6,0.879165
4/24/2019,42.332797,-157.999475,6,0.878526
4/24/2019,42.332787,-157.999486,6,0.880711
4/24/2019,42.332778,-157.99946,6,0.87845
4/24/2019,42.332767,-157.999465,6,0.87269
4/24/2019,42.333002,-157.999651,6,0.895212
4/24/2019,42.333019,-157.999656,6,0.895683
4/24/2019,42.333023,-157.999684,6,0.90082
4/24/2019,42.333063,-157.999696,6,0.89318
4/24/2019,42.333117,-157.999738,6,0.902558
4/24/2019,42.333162,-157.999796,6,0.892845
4/24/2019,42.333184,-157.999815,6,0.897942
4/24/2019,42.333218,-157.999832,6,0.893822
4/24/2019,42.333229,-157.999842,6,0.895928
4/24/2019,42.333238,-157.999868,6,0.895723
4/24/2019,42.333264,-157.999852,6,0.897439
4/24/2019,42.333288,-157.999886,6,0.901758
4/24/2019,42.333304,-157.9999,6,0.90171
4/24/2019,42.333319,-157.999913,6,0.906378
4/24/2019,42.333336,-157.999909,6,0.902319
4/24/2019,42.333354,-157.999922,6,0.896801
4/24/2019,42.333361,-157.999951,6,0.901934
4/24/2019,42.333382,-157.999959,6,0.898112
4/24/2019,42.333393,-157.99997,6,0.902251
4/24/2019,42.333379,-157.999959,6,0.90203
4/24/2019,42.333367,-157.999954,6,0.901925
4/24/2019,42.333376,-157.999946,6,0.901454
4/24/2019,42.33339,-157.99996,6,0.900069
4/24/2019,42.333385,-157.999967,6,0.897377
4/24/2019,42.33341,-157.999959,6,0.898891
4/24/2019,42.333413,-157.999973,6,0.897283
4/24/2019,42.333411,-157.999974,6,0.899374
4/24/2019,42.333398,-158.000007,6,0.902912
4/24/2019,42.333422,-157.999992,6,0.901679
4/24/2019,42.333424,-158.000029,6,0.904758
4/24/2019,42.333442,-158.000018,6,0.905781
4/24/2019,42.333489,-158.00006,6,0.905083
4/24/2019,42.333555,-158.000128,6,0.906057
4/24/2019,42.333609,-158.000184,6,0.90798
4/24/2019,42.333641,-158.000191,6,0.910374
4/24/2019,42.333681,-158.000211,6,0.910476
4/24/2019,42.333717,-158.000274,6,0.908407
4/24/2019,42.333734,-158.000305,6,0.909894
4/24/2019,42.333753,-158.000308,6,0.905015
4/24/2019,42.333756,-158.000326,6,0.902385
4/24/2019,42.33377,-158.00033,6,0.903048
4/24/2019,42.333791,-158.000338,6,0.902492
4/24/2019,42.333825,-158.000364,6,0.902578
4/24/2019,42.333875,-158.000377,6,0.903608
4/24/2019,42.333887,-158.000402,6,0.902783
4/24/2019,42.333901,-158.00042,6,0.902553
4/24/2019,42.333941,-158.000429,6,0.906567
4/24/2019,42.333999,-158.000466,6,0.906242
4/24/2019,42.334062,-158.000503,6,0.90645
4/24/2019,42.334102,-158.000542,6,0.906098
4/24/2019,42.334007,-158.000555,6,0.891805
4/24/2019,42.334012,-158.000535,6,0.89571
4/24/2019,42.334027,-158.000521,6,0.897397
4/24/2019,42.334034,-158.000531,6,0.892358
4/24/2019,42.334035,-158.000535,6,0.891717
4/24/2019,42.334032,-158.000559,6,0.891262
4/24/2019,42.33403,-158.000558,6,0.89213
4/24/2019,42.334027,-158.000554,6,0.892554
4/24/2019,42.334013,-158.000574,6,0.892488
4/24/2019,42.333986,-158.000578,6,0.893074
4/24/2019,42.333967,-158.000568,6,0.895146
4/24/2019,42.333945,-158.000533,6,0.894168
4/24/2019,42.333932,-158.00056,6,0.893547
4/24/2019,42.333914,-158.000574,6,0.894458
4/24/2019,42.333891,-158.00056,6,0.893357
4/24/2019,42.333857,-158.000555,6,0.893479
4/24/2019,42.333829,-158.000564,6,0.895841
4/24/2019,42.333795,-158.000571,6,0.895597
4/24/2019,42.333772,-158.000552,6,0.890764
4/24/2019,42.333763,-158.000551,6,0.89113
4/24/2019,42.333758,-158.000556,6,0.887349
4/24/2019,42.333744,-158.000546,6,0.891597
4/24/2019,42.333745,-158.000563,6,0.892357
4/24/2019,42.333722,-158.000559,6,0.884308
4/24/2019,42.333704,-158.000563,6,0.892122
4/24/2019,42.333693,-158.000563,6,0.889311
4/24/2019,42.333683,-158.000558,6,0.890784
4/24/2019,42.333674,-158.000553,6,0.894089
4/24/2019,42.333673,-158.000551,6,0.894536
4/24/2019,42.333675,-158.000544,6,0.891087
4/24/2019,42.333677,-158.000567,6,0.889516
4/24/2019,42.333675,-158.00055,6,0.891606
4/24/2019,42.3337,-158.000531,6,0.885161
4/24/2019,42.333719,-158.000549,6,0.887446
4/24/2019,42.333718,-158.000564,6,0.887055
4/24/2019,42.333714,-158.000561,6,0.884215
4/24/2019,42.333721,-158.000553,6,0.883917
4/24/2019,42.333717,-158.000549,6,0.884716
4/24/2019,42.333708,-158.000554,6,0.885017
4/24/2019,42.333702,-158.000561,6,0.886157
4/24/2019,42.333697,-158.000557,6,0.893401
4/24/2019,42.333709,-158.000543,6,0.889461
4/24/2019,42.333725,-158.000558,6,0.887999
4/24/2019,42.333744,-158.000559,6,0.890118
4/24/2019,42.333756,-158.000564,6,0.89331
4/24/2019,42.333757,-158.000548,6,0.89322
4/24/2019,42.333762,-158.000574,6,0.893553
4/24/2019,42.333763,-158.000567,6,0.891135
4/24/2019,42.333785,-158.000565,6,0.886832
4/24/2019,42.333794,-158.000564,6,0.893158
4/24/2019,42.17157,-158.000333,6,0.623502
4/24/2019,42.168323,-158.000126,6,0.629631
4/24/2019,42.165081,-157.999901,6,0.627697
4/24/2019,42.161842,-157.999748,6,0.627032
4/24/2019,42.158601,-157.99965,6,0.633327
4/24/2019,42.155363,-157.999485,6,0.631216
4/24/2019,42.152127,-157.999247,6,0.633068
4/24/2019,42.1489,-157.999068,6,0.63088
4/24/2019,42.145662,-157.999081,6,0.635523
4/24/2019,42.142427,-157.999101,6,0.63848
4/24/2019,42.139193,-157.999134,6,0.633709
4/24/2019,42.135963,-157.999174,6,0.63727
4/24/2019,42.13273,-157.999236,6,0.645963
4/24/2019,42.129501,-157.999216,6,0.649769
4/24/2019,42.126281,-157.999182,6,0.646765
4/24/2019,42.123057,-157.999281,6,0.646747
4/24/2019,42.11984,-157.99935,6,0.647372
4/24/2019,42.116616,-157.999366,6,0.65204
4/24/2019,42.113392,-157.999296,6,0.648086
4/24/2019,42.110169,-157.999312,6,0.640302
4/24/2019,42.106942,-157.999376,6,0.643855
4/24/2019,42.103715,-157.999375,6,0.648595
4/24/2019,42.100488,-157.999319,6,0.647259
4/24/2019,42.097262,-157.999437,6,0.648491
4/24/2019,42.094045,-157.999599,6,0.651933
4/24/2019,42.090839,-157.999783,6,0.651707
4/24/2019,42.087643,-158.000013,6,0.653728
4/24/2019,42.084454,-158.000117,6,0.649788
4/24/2019,42.081272,-158.000049,6,0.640261
4/24/2019,42.078103,-157.999858,6,0.638483
4/24/2019,42.074965,-157.999699,6,0.63647
4/24/2019,42.072029,-157.999632,6,0.630195
4/24/2019,42.069487,-157.999573,6,0.62819
4/24/2019,42.067311,-157.999436,6,0.6294
4/24/2019,42.065497,-157.999327,6,0.631149
4/24/2019,42.063846,-157.999238,6,0.627719
4/24/2019,42.062169,-157.999147,6,0.626727
4/24/2019,42.06044,-157.999049,6,0.628491
4/24/2019,42.058602,-157.998922,6,0.623517
4/24/2019,42.056752,-157.998814,6,0.620998
4/24/2019,42.05491,-157.998804,6,0.62062
4/24/2019,42.031806,-157.99966,6,0.621281
4/24/2019,42.028618,-157.999676,6,0.622063
4/24/2019,42.025428,-157.999698,6,0.617028
4/24/2019,42.022231,-157.999809,6,0.611462
4/24/2019,42.019033,-157.999924,6,0.606062
4/24/2019,42.015831,-157.999979,6,0.592151
4/24/2019,42.012625,-157.999954,6,0.573556
4/24/2019,42.009411,-157.999951,6,0.572677
4/24/2019,42.006199,-157.999955,6,0.571684
4/24/2019,42.002973,-157.999966,6,0.567273
4/24/2019,41.999743,-158.000022,6,0.612452
4/24/2019,41.99651,-158.000092,6,0.666722
4/24/2019,41.993279,-158.000074,6,0.666348
4/24/2019,41.990048,-158.000025,6,0.665871
4/24/2019,41.986822,-158.000015,6,0.667093
4/24/2019,41.9836,-157.999945,6,0.653682
4/24/2019,41.980366,-157.999981,6,0.631266
4/24/2019,41.977138,-157.99996,6,0.581288
4/24/2019,41.973906,-157.999789,6,0.490466
4/24/2019,41.97068,-157.999585,6,0.494245
4/24/2019,41.967441,-157.99958,6,0.487729
4/24/2019,41.964196,-157.999721,6,0.488814
4/24/2019,41.960943,-157.999816,6,0.496195
4/24/2019,41.957691,-157.999822,6,0.504443
4/24/2019,41.954431,-157.999849,6,0.504453
4/24/2019,41.951165,-157.999869,6,0.506021
4/24/2019,41.947892,-157.999944,6,0.503484
4/24/2019,41.944618,-158.000109,6,0.505239
4/24/2019,41.94132,-158.000279,6,0.504912
4/24/2019,41.938026,-158.000338,6,0.506866
4/24/2019,41.934733,-158.000344,6,0.510406
4/24/2019,41.931435,-158.00035,6,0.509357
4/24/2019,41.928143,-158.000342,6,0.509586
4/24/2019,41.924859,-158.00041,6,0.506018
4/24/2019,41.921573,-158.000481,6,0.496421
4/24/2019,41.918296,-158.000484,6,0.490674
4/24/2019,41.915017,-158.000462,6,0.474856
4/24/2019,41.911739,-158.000432,6,0.470286
4/24/2019,41.908462,-158.000383,6,0.459491
4/24/2019,41.905183,-158.000251,6,0.454041
4/24/2019,41.901894,-158.000152,6,0.445826
4/24/2019,41.8986,-158.000133,6,0.444782
4/24/2019,41.89531,-158.000091,6,0.428878
4/24/2019,41.892018,-158.000023,6,0.432195
4/24/2019,41.888736,-157.999934,6,0.419438
4/24/2019,41.885457,-157.999858,6,0.419041
4/24/2019,41.882169,-157.999776,6,0.4158
4/24/2019,41.878884,-157.999708,6,0.41572
4/24/2019,41.875602,-157.999655,6,0.409432
4/24/2019,41.872317,-157.999612,6,0.424136
4/24/2019,41.836511,-157.999385,6,0.420747
4/24/2019,41.833276,-157.99941,6,0.413922
4/24/2019,41.83004,-157.999553,6,0.415644
4/24/2019,41.826802,-157.999713,6,0.404974
4/24/2019,41.823571,-157.99978,6,0.396045
4/24/2019,41.820334,-157.999851,6,0.394587
4/24/2019,41.817096,-157.999924,6,0.396732
4/24/2019,41.813858,-158.000006,6,0.386886
4/24/2019,41.810612,-158.000083,6,0.388526
4/24/2019,41.807356,-158.000195,6,0.385026
4/24/2019,41.8041,-158.000329,6,0.380378
4/24/2019,41.80084,-158.000355,6,0.372086
4/24/2019,41.797589,-158.000314,6,0.366552
4/24/2019,41.794339,-158.000219,6,0.367393
4/24/2019,41.791084,-158.000151,6,0.356228
4/24/2019,41.787823,-158.000137,6,0.356803
4/24/2019,41.784566,-158.000078,6,0.354358
4/24/2019,41.781316,-157.99993,6,0.354651
4/24/2019,41.778064,-157.999865,6,0.354756
4/24/2019,41.774817,-157.999846,6,0.349262
4/24/2019,41.77156,-157.9998,6,0.347014
4/24/2019,41.768302,-157.999777,6,0.336957
4/24/2019,41.765055,-157.999763,6,0.32675
4/24/2019,41.76182,-157.999746,6,0.329682
4/24/2019,41.758594,-157.999729,6,0.321908
4/24/2019,41.755373,-157.999617,6,0.319088
4/24/2019,41.752159,-157.999532,6,0.312632
4/24/2019,41.748935,-157.99961,6,0.306217
4/24/2019,41.745711,-157.999709,6,0.269992
4/24/2019,41.742488,-157.999728,6,0.273134
4/24/2019,41.739271,-157.999746,6,0.268932
4/24/2019,41.736058,-157.999753,6,0.267567
4/24/2019,41.73285,-157.999762,6,0.262495
4/24/2019,41.729643,-157.999758,6,0.2593
4/24/2019,41.726439,-157.999789,6,0.259952
4/24/2019,41.723229,-157.99989,6,0.255812
4/24/2019,41.720014,-157.999886,6,0.255921
4/24/2019,41.716802,-157.999905,6,0.264424
4/24/2019,41.71358,-157.999911,6,0.299112
4/24/2019,41.710361,-157.999897,6,0.314756
4/24/2019,41.70713,-157.999837,6,0.325367
4/24/2019,41.703891,-157.999778,6,0.325511
4/24/2019,41.70066,-157.99978,6,0.371258
4/24/2019,41.697433,-157.999854,6,0.367989
4/24/2019,41.694201,-157.999862,6,0.373506
4/24/2019,41.690973,-157.999829,6,0.378426
4/24/2019,41.687736,-157.999769,6,0.371678
4/24/2019,41.68451,-157.999806,6,0.365723
4/24/2019,41.681282,-157.999737,6,0.364429
4/24/2019,41.678056,-157.999692,6,0.366912
4/24/2019,41.642586,-158.000093,6,0.309252
4/24/2019,41.639363,-157.999957,6,0.313707
4/24/2019,41.636136,-157.999834,6,0.317716
4/24/2019,41.632899,-157.999795,6,0.310584
4/24/2019,41.62967,-157.999683,6,0.315081
4/24/2019,41.626444,-157.999462,6,0.318588
4/24/2019,41.623232,-157.999337,6,0.316497
4/24/2019,41.62001,-157.999344,6,0.314897
4/24/2019,41.616791,-157.999484,6,0.319843
4/24/2019,41.613566,-157.999513,6,0.320341
4/24/2019,41.610334,-157.999537,6,0.319584
4/24/2019,41.607098,-157.999562,6,0.321626
4/24/2019,41.603863,-157.999583,6,0.317712
4/24/2019,41.600634,-157.999617,6,0.319463
4/24/2019,41.597409,-157.999695,6,0.311198
4/24/2019,41.594189,-157.999739,6,0.317509
4/24/2019,41.590979,-157.999788,6,0.314372
4/24/2019,41.587773,-157.999815,6,0.31175
4/24/2019,41.584561,-157.999847,6,0.30637
4/24/2019,41.58135,-157.999893,6,0.30675
4/24/2019,41.578142,-157.999942,6,0.302579
4/24/2019,41.574922,-157.999962,6,0.303517
4/24/2019,41.571698,-158.000027,6,0.306053
4/24/2019,41.568468,-158.000111,6,0.306453
4/24/2019,41.565244,-158.000085,6,0.304215
4/24/2019,41.562018,-157.99991,6,0.317522
4/24/2019,41.558787,-157.99981,6,0.323119
4/24/2019,41.555543,-157.999827,6,0.335935
4/24/2019,41.552293,-157.999879,6,0.359101
4/24/2019,41.549042,-157.999897,6,0.358739
4/24/2019,41.545789,-157.999884,6,0.368223
4/24/2019,41.542541,-157.999877,6,0.381435
4/24/2019,41.539308,-157.999879,6,0.380519
4/24/2019,41.536062,-157.99987,6,0.369204
4/24/2019,41.532824,-157.99991,6,0.360974
4/24/2019,41.529597,-157.99996,6,0.334413
4/24/2019,41.526373,-158.000054,6,0.312909
4/24/2019,41.523152,-158.000132,6,0.299663
4/24/2019,41.519928,-158.000133,6,0.293303
4/24/2019,41.516685,-158.000073,6,0.293675
4/24/2019,41.51344,-158.000092,6,0.292857
4/24/2019,41.510188,-158.000176,6,0.307749
4/24/2019,41.506935,-158.000192,6,0.352262
4/24/2019,41.503687,-158.000134,6,0.359939
4/24/2019,41.500437,-158.00007,6,0.364015
4/24/2019,41.4972,-158.000029,6,0.36909
4/24/2019,41.493961,-158.000068,6,0.370319
4/24/2019,41.49072,-158.000112,6,0.365141
4/24/2019,41.487478,-158.000094,6,0.37109
4/24/2019,41.484234,-158.00011,6,0.376696
4/24/2019,41.448754,-157.999683,6,0.543783
4/24/2019,41.445542,-157.999638,6,0.543819
4/24/2019,41.442324,-157.999648,6,0.541891
4/24/2019,41.439097,-157.999631,6,0.538482
4/24/2019,41.435875,-157.999551,6,0.5433
4/24/2019,41.432645,-157.999574,6,0.546049
4/24/2019,41.429418,-157.999461,6,0.547523
4/24/2019,41.426194,-157.999421,6,0.558008
4/24/2019,41.422967,-157.999444,6,0.571747
4/24/2019,41.419733,-157.999384,6,0.57542
4/24/2019,41.416502,-157.99932,6,0.577422
4/24/2019,41.413274,-157.999279,6,0.585292
4/24/2019,41.41005,-157.999324,6,0.591963
4/24/2019,41.40683,-157.999302,6,0.597397
4/24/2019,41.40361,-157.999344,6,0.60168
4/24/2019,41.400374,-157.999426,6,0.617803
4/24/2019,41.397139,-157.999461,6,0.621393
4/24/2019,41.39391,-157.999426,6,0.622117
4/24/2019,41.390678,-157.999446,6,0.624287
4/24/2019,41.387444,-157.999571,6,0.627085
4/24/2019,41.384213,-157.99965,6,0.633059
4/24/2019,41.381003,-157.999626,6,0.645428
4/24/2019,41.377793,-157.999637,6,0.655663
4/24/2019,41.374586,-157.999664,6,0.668482
4/24/2019,41.371369,-157.999681,6,0.686508
4/24/2019,41.36815,-157.999709,6,0.70032
4/24/2019,41.364917,-157.999767,6,0.708991
4/24/2019,41.361688,-157.999722,6,0.71397
4/24/2019,41.358461,-157.99961,6,0.719529
4/24/2019,41.355233,-157.999562,6,0.71938
4/24/2019,41.35201,-157.999604,6,0.725506
4/24/2019,41.348785,-157.99959,6,0.719532
4/24/2019,41.34556,-157.999571,6,0.718541
4/24/2019,41.342343,-157.999519,6,0.717021
4/24/2019,41.339112,-157.999529,6,0.704203
4/24/2019,41.335866,-157.999588,6,0.69877
4/24/2019,41.332619,-157.999612,6,0.671636
4/24/2019,41.329371,-157.999627,6,0.676788
4/24/2019,41.326124,-157.999646,6,0.667612
4/24/2019,41.322868,-157.99964,6,0.658738
4/24/2019,41.319607,-157.999628,6,0.654252
4/24/2019,41.316346,-157.99963,6,0.647622
4/24/2019,41.313075,-157.999586,6,0.64451
4/24/2019,41.3098,-157.999565,6,0.645507
4/24/2019,41.306524,-157.99959,6,0.650277
4/24/2019,41.303244,-157.999688,6,0.649936
4/24/2019,41.299968,-157.99976,6,0.65134
4/24/2019,41.296703,-157.999851,6,0.647082
4/24/2019,41.29343,-158.000019,6,0.657706
4/24/2019,41.290162,-158.000067,6,0.66843
4/24/2019,41.254287,-158.000126,6,0.604428
4/24/2019,41.251031,-158.000114,6,0.60009
4/24/2019,41.247764,-158.000081,6,0.592779
4/24/2019,41.244494,-158.000018,6,0.582204
4/24/2019,41.241233,-157.999899,6,0.562301
4/24/2019,41.237961,-157.999942,6,0.562498
4/24/2019,41.234671,-158.000045,6,0.561105
4/24/2019,41.231378,-158.000096,6,0.563118
4/24/2019,41.228088,-158.000253,6,0.574149
4/24/2019,41.2248,-158.00044,6,0.589858
4/24/2019,41.221516,-158.00059,6,0.6356
4/24/2019,41.218237,-158.00079,6,0.653183
4/24/2019,41.214955,-158.000979,6,0.654691
4/24/2019,41.211682,-158.001222,6,0.65455
4/24/2019,41.208421,-158.001416,6,0.654345
4/24/2019,41.205154,-158.001577,6,0.643957
4/24/2019,41.201884,-158.001742,6,0.639677
4/24/2019,41.198617,-158.001932,6,0.63021
4/24/2019,41.195341,-158.002182,6,0.629138
4/24/2019,41.192056,-158.0023,6,0.632005
4/24/2019,41.188775,-158.002307,6,0.626023
4/24/2019,41.185498,-158.002331,6,0.627456
4/24/2019,41.182222,-158.002342,6,0.628791
4/24/2019,41.178954,-158.002319,6,0.628
4/24/2019,41.175675,-158.002301,6,0.627898
4/24/2019,41.172404,-158.002339,6,0.629275
4/24/2019,41.169148,-158.002344,6,0.637697
4/24/2019,41.165892,-158.002302,6,0.653809
4/24/2019,41.162646,-158.002241,6,0.659848
4/24/2019,41.159402,-158.002236,6,0.665487
4/24/2019,41.156177,-158.002248,6,0.667878
4/24/2019,41.152952,-158.002319,6,0.681203
4/24/2019,41.149732,-158.002296,6,0.680312
4/24/2019,41.146514,-158.002218,6,0.67445
4/24/2019,41.143287,-158.002158,6,0.672446
4/24/2019,41.140059,-158.00211,6,0.66629
4/24/2019,41.136834,-158.002072,6,0.657726
4/24/2019,41.1336,-158.00205,6,0.656703
4/24/2019,41.130378,-158.001959,6,0.650978
4/24/2019,41.127145,-158.001888,6,0.645888
4/24/2019,41.123922,-158.001856,6,0.639528
4/24/2019,41.1207,-158.001817,6,0.640954
4/24/2019,41.11748,-158.001756,6,0.64593
4/24/2019,41.114274,-158.001583,6,0.646298
4/24/2019,41.111062,-158.001397,6,0.646451
4/24/2019,41.107849,-158.001271,6,0.647296
4/24/2019,41.104632,-158.001153,6,0.653034
4/24/2019,41.101416,-158.001016,6,0.655804
4/24/2019,41.098188,-158.000912,6,0.650787
4/24/2019,41.094964,-158.0008,6,0.640945
4/24/2019,41.059248,-157.999629,6,0.608623
4/24/2019,41.055974,-157.999531,6,0.614579
4/24/2019,41.052706,-157.99948,6,0.613148
4/24/2019,41.049429,-157.999453,6,0.621057
4/24/2019,41.046155,-157.999417,6,0.618744
4/24/2019,41.042865,-157.999352,6,0.621079
4/24/2019,41.039582,-157.999256,6,0.628118
4/24/2019,41.036304,-157.999174,6,0.627169
4/24/2019,41.033025,-157.999196,6,0.627659
4/24/2019,41.029742,-157.999235,6,0.650478
4/24/2019,41.02646,-157.999197,6,0.651066
4/24/2019,41.023179,-157.999125,6,0.6589
4/24/2019,41.019905,-157.999053,6,0.65878
4/24/2019,41.016632,-157.999015,6,0.660796
4/24/2019,41.014341,-157.999038,6,0.664798
4/24/2019,41.008696,-157.999114,6,0.661018
4/24/2019,41.006778,-157.99909,6,0.660823
4/24/2019,41.003501,-157.999037,6,0.654695
4/24/2019,41.000236,-157.999102,6,0.658721
4/24/2019,40.996974,-157.999123,6,0.663263
4/24/2019,40.993731,-157.999103,6,0.668729
4/24/2019,40.990452,-157.999087,6,0.675661
4/24/2019,40.987152,-157.999025,6,0.687309
4/24/2019,40.983849,-157.99901,6,0.687426
4/24/2019,40.980553,-157.998967,6,0.692747
4/24/2019,40.977246,-157.99895,6,0.687363
4/24/2019,40.973933,-157.998919,6,0.686908
4/24/2019,40.970619,-157.998838,6,0.686575
4/24/2019,40.967299,-157.998772,6,0.683338
4/24/2019,40.96397,-157.998762,6,0.683412
4/24/2019,40.960629,-157.998673,6,0.675765
4/24/2019,40.957284,-157.998575,6,0.66924
4/24/2019,40.95393,-157.998547,6,0.675433
4/24/2019,40.950568,-157.998493,6,0.671737
4/24/2019,40.947207,-157.998407,6,0.671149
4/24/2019,40.943842,-157.998392,6,0.670159
4/24/2019,40.940477,-157.998244,6,0.650326
4/24/2019,40.937148,-157.998137,6,0.650926
4/24/2019,40.93384,-157.998101,6,0.641852
4/24/2019,40.930535,-157.998015,6,0.639449
4/24/2019,40.92728,-157.997977,6,0.638444
4/24/2019,40.924366,-157.997958,6,0.620724
4/24/2019,40.922123,-157.998028,6,0.606759
4/24/2019,40.920122,-157.99813,6,0.595217
4/24/2019,40.918123,-157.998227,6,0.585541
4/24/2019,40.916129,-157.998342,6,0.579011
4/24/2019,40.91414,-157.998447,6,0.578139
4/24/2019,40.912149,-157.998546,6,0.576176
4/24/2019,40.910166,-157.998642,6,0.581378
4/24/2019,40.908182,-157.998755,6,0.59746
4/24/2019,40.880587,-157.999622,6,0.597388
4/24/2019,40.877265,-157.999649,6,0.596355
4/24/2019,40.873935,-157.99972,6,0.594088
4/24/2019,40.870599,-157.999713,6,0.591752
4/24/2019,40.867261,-157.999625,6,0.584234
4/24/2019,40.863936,-157.999567,6,0.583709
4/24/2019,40.860599,-157.999635,6,0.587584
4/24/2019,40.857274,-157.999639,6,0.588982
4/24/2019,40.853946,-157.999537,6,0.589735
4/24/2019,40.850626,-157.999531,6,0.589725
4/24/2019,40.847314,-157.999579,6,0.591064
4/24/2019,40.844018,-157.999575,6,0.589581
4/24/2019,40.840736,-157.999591,6,0.585775
4/24/2019,40.837456,-157.999521,6,0.578868
4/24/2019,40.834174,-157.99949,6,0.569342
4/24/2019,40.830894,-157.999529,6,0.562299
4/24/2019,40.827618,-157.999625,6,0.563804
4/24/2019,40.82435,-157.999699,6,0.559993
4/24/2019,40.821075,-157.999703,6,0.560537
4/24/2019,40.817799,-157.999671,6,0.553283
4/24/2019,40.81453,-157.999682,6,0.552254
4/24/2019,40.811262,-157.999697,6,0.554807
4/24/2019,40.807993,-157.999665,6,0.550991
4/24/2019,40.804728,-157.999619,6,0.555223
4/24/2019,40.801454,-157.99964,6,0.55886
4/24/2019,40.798182,-157.999748,6,0.555697
4/24/2019,40.794905,-157.99979,6,0.55492
4/24/2019,40.791639,-157.999751,6,0.552646
4/24/2019,40.788392,-157.999776,6,0.544906
4/24/2019,40.785152,-157.999887,6,0.537563
4/24/2019,40.781906,-157.999892,6,0.533908
4/24/2019,40.778655,-157.999866,6,0.530621
4/24/2019,40.775387,-157.999877,6,0.536906
4/24/2019,40.772104,-158,6,0.535697
4/24/2019,40.76882,-158.000049,6,0.535226
4/24/2019,40.765537,-158.000028,6,0.538797
4/24/2019,40.762262,-158.000052,6,0.543563
4/24/2019,40.758988,-158.000013,6,0.543276
4/24/2019,40.755716,-157.999982,6,0.539221
4/24/2019,40.752449,-157.999966,6,0.535415
4/24/2019,40.749172,-157.999914,6,0.536682
4/24/2019,40.745895,-157.999842,6,0.532704
4/24/2019,40.742621,-157.999784,6,0.526171
4/24/2019,40.739343,-157.999728,6,0.507775
4/24/2019,40.736063,-157.999677,6,0.500095
4/24/2019,40.732801,-157.999612,6,0.488266
4/24/2019,40.729536,-157.999531,6,0.48622
4/24/2019,40.726287,-157.999488,6,0.483756
4/24/2019,40.723035,-157.999428,6,0.469664
4/24/2019,40.719792,-157.999388,6,0.473692
4/24/2019,40.683831,-157.998531,6,0.285533
4/24/2019,40.680532,-157.998349,6,0.288467
4/24/2019,40.677235,-157.998311,6,0.295243
4/24/2019,40.673938,-157.998299,6,0.301848
4/24/2019,40.670636,-157.998148,6,0.308641
4/24/2019,40.667335,-157.997973,6,0.31543
4/24/2019,40.664028,-157.997949,6,0.31496
4/24/2019,40.66073,-157.9979,6,0.316348
4/24/2019,40.657448,-157.99775,6,0.315436
4/24/2019,40.65417,-157.997614,6,0.304031
4/24/2019,40.650899,-157.997489,6,0.287025
4/24/2019,40.647644,-157.997435,6,0.284964
4/24/2019,40.644391,-157.997418,6,0.279194
4/24/2019,40.641144,-157.997501,6,0.278835
4/24/2019,40.637888,-157.997603,6,0.2761
4/24/2019,40.634629,-157.99777,6,0.283122
4/24/2019,40.631374,-157.997866,6,0.286329
4/24/2019,40.628112,-157.997918,6,0.285218
4/24/2019,40.624845,-157.998018,6,0.298003
4/24/2019,40.621583,-157.998088,6,0.299107
4/24/2019,40.618314,-157.998106,6,0.331446
4/24/2019,40.615047,-157.998082,6,0.342055
4/24/2019,40.611778,-157.998081,6,0.348261
4/24/2019,40.608521,-157.998189,6,0.352263
4/24/2019,40.605251,-157.998364,6,0.36095
4/24/2019,40.601996,-157.998575,6,0.365319
4/24/2019,40.598741,-157.998724,6,0.363435
4/24/2019,40.595494,-157.998858,6,0.366963
4/24/2019,40.592235,-157.998972,6,0.367391
4/24/2019,40.588977,-157.999024,6,0.357714
4/24/2019,40.58572,-157.999117,6,0.355315
4/24/2019,40.582456,-157.999257,6,0.35057
4/24/2019,40.579183,-157.999271,6,0.349414
4/24/2019,40.575906,-157.999303,6,0.349598
4/24/2019,40.572631,-157.999443,6,0.345015
4/24/2019,40.569358,-157.999585,6,0.345797
4/24/2019,40.566076,-157.999678,6,0.355452
4/24/2019,40.562787,-157.999732,6,0.358085
4/24/2019,40.55949,-157.999751,6,0.358733
4/24/2019,40.556208,-157.999773,6,0.357784
4/24/2019,40.552928,-157.999807,6,0.360869
4/24/2019,40.549656,-157.999937,6,0.36649
4/24/2019,40.546383,-158.000053,6,0.365258
4/24/2019,40.543126,-158.000051,6,0.36771
4/24/2019,40.539853,-158.000061,6,0.362626
4/24/2019,40.536587,-158.000079,6,0.363632
4/24/2019,40.53331,-158.000115,6,0.353923
4/24/2019,40.530042,-158.000175,6,0.354241
4/24/2019,40.526775,-158.000198,6,0.337275
4/24/2019,40.523527,-158.000202,6,0.3172
4/24/2019,40.487978,-158.000228,6,0.327394
4/24/2019,40.484739,-158.00022,6,0.327069
4/24/2019,40.481487,-158.000166,6,0.328916
4/24/2019,40.478221,-158.000114,6,0.32557
4/24/2019,40.474965,-158.000038,6,0.327417
4/24/2019,40.471709,-158.000026,6,0.328923
4/24/2019,40.468458,-157.999993,6,0.336607
4/24/2019,40.465206,-157.999952,6,0.329344
4/24/2019,40.461963,-157.999901,6,0.331865
4/24/2019,40.458729,-157.999888,6,0.334936
4/24/2019,40.455515,-157.99994,6,0.337117
4/24/2019,40.452306,-157.999993,6,0.344858
4/24/2019,40.449082,-157.999947,6,0.346885
4/24/2019,40.445862,-157.999902,6,0.350101
4/24/2019,40.442642,-157.999892,6,0.359503
4/24/2019,40.439425,-157.99987,6,0.360421
4/24/2019,40.436206,-157.999887,6,0.362776
4/24/2019,40.432994,-157.999909,6,0.360394
4/24/2019,40.429785,-157.999919,6,0.360191
4/24/2019,40.426567,-157.999948,6,0.359401
4/24/2019,40.42334,-157.999944,6,0.363306
4/24/2019,40.420118,-157.999929,6,0.360578
4/24/2019,40.416889,-157.999921,6,0.36119
4/24/2019,40.413659,-157.999902,6,0.362868
4/24/2019,40.410427,-157.999949,6,0.361769
4/24/2019,40.407198,-158.00003,6,0.361696
4/24/2019,40.403949,-158.000123,6,0.367682
4/24/2019,40.400709,-158.000069,6,0.366868
4/24/2019,40.397475,-157.999942,6,0.365167
4/24/2019,40.394235,-157.999828,6,0.363889
4/24/2019,40.390996,-157.999701,6,0.330311
4/24/2019,40.387753,-157.999738,6,0.324057
4/24/2019,40.384515,-157.999734,6,0.319471
4/24/2019,40.381281,-157.999707,6,0.320725
4/24/2019,40.378037,-157.999672,6,0.320862
4/24/2019,40.3748,-157.999629,6,0.321829
4/24/2019,40.371572,-157.999583,6,0.328581
4/24/2019,40.368345,-157.999601,6,0.344448
4/24/2019,40.365117,-157.999588,6,0.361405
4/24/2019,40.361877,-157.999534,6,0.37218
4/24/2019,40.35864,-157.999456,6,0.370395
4/24/2019,40.355404,-157.999539,6,0.374791
4/24/2019,40.352165,-157.999593,6,0.375878
4/24/2019,40.348929,-157.999637,6,0.37075
4/24/2019,40.345685,-157.999683,6,0.36993
4/24/2019,40.342445,-157.999701,6,0.366451
4/24/2019,40.339197,-157.999708,6,0.366327
4/24/2019,40.335948,-157.999719,6,0.360726
4/24/2019,40.332699,-157.999747,6,0.362286
4/24/2019,40.329454,-157.999784,6,0.360057
4/24/2019,40.293476,-157.999718,6,0.355971
4/24/2019,40.290189,-157.999839,6,0.354878
4/24/2019,40.286918,-157.99993,6,0.352141
4/24/2019,40.283647,-158.000087,6,0.351896
4/24/2019,40.280394,-158.000197,6,0.35319
4/24/2019,40.277138,-158.00016,6,0.351105
4/24/2019,40.273902,-158.000034,6,0.349974
4/24/2019,40.270682,-157.999893,6,0.347937
4/24/2019,40.267479,-157.999865,6,0.345071
4/24/2019,40.264279,-157.999975,6,0.341042
4/24/2019,40.261078,-158.000075,6,0.334411
4/24/2019,40.257868,-158.00008,6,0.32711
4/24/2019,40.254655,-158.000043,6,0.329546
4/24/2019,40.251457,-158.000016,6,0.326922
4/24/2019,40.248248,-158.000003,6,0.321765
4/24/2019,40.245044,-158.000024,6,0.31793
4/24/2019,40.241864,-158.000155,6,0.318938
4/24/2019,40.238689,-158.000285,6,0.313171
4/24/2019,40.23551,-158.000399,6,0.313641
4/24/2019,40.232321,-158.000481,6,0.30988
4/24/2019,40.229147,-158.000491,6,0.314957
4/24/2019,40.225963,-158.000498,6,0.313952
4/24/2019,40.222773,-158.000598,6,0.318348
4/24/2019,40.219578,-158.000678,6,0.319874
4/24/2019,40.216388,-158.000773,6,0.316862
4/24/2019,40.213196,-158.000847,6,0.323262
4/24/2019,40.210007,-158.000828,6,0.329473
4/24/2019,40.206817,-158.000808,6,0.332199
4/24/2019,40.203636,-158.000794,6,0.339262
4/24/2019,40.20045,-158.000717,6,0.352462
4/24/2019,40.197259,-158.000702,6,0.360611
4/24/2019,40.194069,-158.000824,6,0.355933
4/24/2019,40.190876,-158.000988,6,0.356399
4/24/2019,40.187661,-158.000923,6,0.352277
4/24/2019,40.184456,-158.000813,6,0.344882
4/24/2019,40.181244,-158.000721,6,0.332091
4/24/2019,40.178031,-158.000619,6,0.328274
4/24/2019,40.174821,-158.000544,6,0.317655
4/24/2019,40.171607,-158.00048,6,0.311486
4/24/2019,40.16839,-158.000488,6,0.305986
4/24/2019,40.16518,-158.000405,6,0.300856
4/24/2019,40.161968,-158.000304,6,0.297232
4/24/2019,40.158759,-158.000226,6,0.294411
4/24/2019,40.155551,-158.000157,6,0.289479
4/24/2019,40.152343,-158.000097,6,0.288508
4/24/2019,40.149141,-157.999995,6,0.28379
4/24/2019,40.145943,-157.999866,6,0.272423
4/24/2019,40.142752,-157.999833,6,0.273042
4/24/2019,40.139568,-157.999824,6,0.274734
4/24/2019,40.136374,-157.999814,6,0.278211
4/24/2019,40.1009,-158.000258,6,0.254009
4/24/2019,40.09763,-158.000391,6,0.247825
4/24/2019,40.094361,-158.000509,6,0.239916
4/24/2019,40.091094,-158.000608,6,0.235102
4/24/2019,40.087828,-158.000674,6,0.226416
4/24/2019,40.084554,-158.00075,6,0.214222
4/24/2019,40.081295,-158.000819,6,0.218719
4/24/2019,40.078044,-158.000883,6,0.214689
4/24/2019,40.0748,-158.000903,6,0.217783
4/24/2019,40.071552,-158.000896,6,0.232161
4/24/2019,40.068323,-158.000866,6,0.228227
4/24/2019,40.065103,-158.000843,6,0.242115
4/24/2019,40.061879,-158.000819,6,0.256951
4/24/2019,40.058654,-158.000709,6,0.263669
4/24/2019,40.055428,-158.00054,6,0.272576
4/24/2019,40.052197,-158.000379,6,0.281152
4/24/2019,40.048983,-158.000228,6,0.283255
4/24/2019,40.045774,-158.000052,6,0.278419
4/24/2019,40.042536,-157.999715,6,0.267734
4/24/2019,40.039293,-157.999564,6,0.252188
4/24/2019,40.03605,-157.999608,6,0.245311
4/24/2019,40.03281,-157.99971,6,0.241355
4/24/2019,40.029566,-157.999812,6,0.237897
4/24/2019,40.026329,-157.999911,6,0.239863
4/24/2019,40.023097,-158.000025,6,0.238553
4/24/2019,40.019867,-158.000078,6,0.241911
4/24/2019,40.016624,-158.000149,6,0.241803
4/24/2019,40.013371,-158.00025,6,0.246392
4/24/2019,40.010124,-158.000317,6,0.252409
4/24/2019,40.006856,-158.000317,6,0.2619
4/24/2019,40.003613,-158.000373,6,0.264691
4/24/2019,40.000374,-158.000392,6,0.267645
4/24/2019,39.997136,-158.000405,6,0.26653
4/24/2019,39.993902,-158.000515,6,0.272686
4/24/2019,39.990675,-158.000645,6,0.261668
4/24/2019,39.987428,-158.000601,6,0.254984
4/24/2019,39.984147,-158.000458,6,0.252666
4/24/2019,39.980868,-158.000355,6,0.250985
4/24/2019,39.977593,-158.00031,6,0.25342
4/24/2019,39.974332,-158.000198,6,0.257576
4/24/2019,39.971079,-158.000084,6,0.264183
4/24/2019,39.967822,-158.000021,6,0.272158
4/24/2019,39.964546,-157.99998,6,0.274671
4/24/2019,39.961283,-157.999983,6,0.268687
4/24/2019,39.958031,-158,6,0.273626
4/24/2019,39.954775,-158.000039,6,0.274477
4/24/2019,39.951514,-158.000045,6,0.266902
4/24/2019,39.948263,-157.999975,6,0.265242
4/24/2019,39.945032,-157.999959,6,0.271433
4/24/2019,39.941801,-157.999989,6,0.281087
4/24/2019,39.906588,-157.999922,6,0.277182
4/24/2019,39.903417,-157.99991,6,0.278037
4/24/2019,39.900231,-157.999904,6,0.278077
4/24/2019,39.897061,-157.999919,6,0.279555
4/24/2019,39.893898,-157.99995,6,0.277808
4/24/2019,39.890753,-157.999994,6,0.278923
4/24/2019,39.887616,-158.000007,6,0.277855
4/24/2019,39.884451,-157.999928,6,0.277905
4/24/2019,39.881289,-157.999895,6,0.277682
4/24/2019,39.878126,-157.999978,6,0.276888
4/24/2019,39.874961,-158.000044,6,0.276535
4/24/2019,39.871793,-158.000101,6,0.280801
4/24/2019,39.868658,-158.000187,6,0.281877
4/24/2019,39.865523,-158.000327,6,0.28001
4/24/2019,39.862395,-158.000425,6,0.273706
4/24/2019,39.859277,-158.000502,6,0.273858
4/24/2019,39.856157,-158.000557,6,0.273889
4/24/2019,39.85302,-158.000576,6,0.269354
4/24/2019,39.849884,-158.000615,6,0.270264
4/24/2019,39.846742,-158.000664,6,0.26812
4/24/2019,39.843606,-158.000625,6,0.267387
4/24/2019,39.840461,-158.000606,6,0.265964
4/24/2019,39.837315,-158.000573,6,0.268897
4/24/2019,39.834171,-158.000565,6,0.271935
4/24/2019,39.831037,-158.000571,6,0.272943
4/24/2019,39.82788,-158.00056,6,0.285589
4/24/2019,39.824732,-158.000533,6,0.284709
4/24/2019,39.821581,-158.000498,6,0.284399
4/24/2019,39.818427,-158.00049,6,0.286626
4/24/2019,39.815265,-158.000326,6,0.301072
4/24/2019,39.812113,-158.000153,6,0.301648
4/24/2019,39.808965,-158.000067,6,0.30231
4/24/2019,39.805794,-157.999979,6,0.305116
4/24/2019,39.802618,-157.999942,6,0.315035
4/24/2019,39.799436,-157.999869,6,0.313564
4/24/2019,39.796277,-157.999853,6,0.325749
4/24/2019,39.793123,-157.99981,6,0.326396
4/24/2019,39.789995,-157.999801,6,0.330784
4/24/2019,39.786884,-157.999908,6,0.337504
4/24/2019,39.783779,-158.00003,6,0.341551
4/24/2019,39.780671,-158.000113,6,0.348308
4/24/2019,39.77755,-158.00022,6,0.353505
4/24/2019,39.774436,-158.000275,6,0.361281
4/24/2019,39.77132,-158.000278,6,0.366953
4/24/2019,39.768212,-158.000303,6,0.378707
4/24/2019,39.765087,-158.000313,6,0.376951
4/24/2019,39.76196,-158.00033,6,0.380139
4/24/2019,39.758843,-158.000354,6,0.37994
4/24/2019,39.755728,-158.000416,6,0.37685
4/24/2019,39.752615,-158.000382,6,0.397233
4/24/2019,39.726424,-158.000943,6,0.309818
4/24/2019,39.724682,-158.000972,6,0.315198
4/24/2019,39.722943,-158.000924,6,0.314562
4/24/2019,39.721237,-158.000839,6,0.316321
4/24/2019,39.719533,-158.000748,6,0.309792
4/24/2019,39.717833,-158.00067,6,0.313885
4/24/2019,39.716123,-158.000585,6,0.310588
4/24/2019,39.71441,-158.0005,6,0.312226
4/24/2019,39.712697,-158.000428,6,0.319924
4/24/2019,39.710979,-158.00035,6,0.317147
4/24/2019,39.70928,-158.000295,6,0.31929
4/24/2019,39.707562,-158.000261,6,0.318384
4/24/2019,39.705769,-158.000218,6,0.319612
4/24/2019,39.703813,-158.000199,6,0.315341
4/24/2019,39.701514,-158.0002,6,0.315459
4/24/2019,39.698533,-158.000219,6,0.315369
4/24/2019,39.695471,-158.000251,6,0.309688
4/24/2019,39.692396,-158.000167,6,0.313319
4/24/2019,39.689346,-158.000144,6,0.308881
4/24/2019,39.686295,-158.000196,6,0.309153
4/24/2019,39.683218,-158.000233,6,0.309692
4/24/2019,39.680152,-158.000279,6,0.311254
4/24/2019,39.677071,-158.000336,6,0.311277
4/24/2019,39.674006,-158.000366,6,0.308913
4/24/2019,39.670949,-158.000393,6,0.3143
4/24/2019,39.667889,-158.000452,6,0.31765
4/24/2019,39.664841,-158.000519,6,0.323866
4/24/2019,39.661757,-158.000604,6,0.3225
4/24/2019,39.658667,-158.000678,6,0.327488
4/24/2019,39.655576,-158.000725,6,0.328623
4/24/2019,39.652498,-158.0008,6,0.336833
4/24/2019,39.649426,-158.000832,6,0.336426
4/24/2019,39.646353,-158.000853,6,0.33434
4/24/2019,39.643301,-158.000886,6,0.339116
4/24/2019,39.640231,-158.000857,6,0.333175
4/24/2019,39.637171,-158.000797,6,0.333553
4/24/2019,39.634118,-158.0008,6,0.333224
4/24/2019,39.631073,-158.000807,6,0.332595
4/24/2019,39.62801,-158.000828,6,0.332706
4/24/2019,39.624936,-158.00083,6,0.335111
4/24/2019,39.621855,-158.000774,6,0.334966
4/24/2019,39.618781,-158.00066,6,0.337966
4/24/2019,39.615693,-158.000563,6,0.336831
4/24/2019,39.612607,-158.000469,6,0.34114
4/24/2019,39.609513,-158.000338,6,0.337107
4/24/2019,39.606421,-158.000234,6,0.335359
4/24/2019,39.603337,-158.000167,6,0.34038
4/24/2019,39.60026,-158.000138,6,0.333599
4/24/2019,39.59719,-158.000109,6,0.340469
4/24/2019,39.594112,-158.000119,6,0.344736
4/24/2019,39.560529,-158.000051,6,0.355681
4/24/2019,39.557494,-158.000053,6,0.353294
4/24/2019,39.554468,-158.000046,6,0.348317
4/24/2019,39.551446,-158.000133,6,0.340125
4/24/2019,39.548424,-158.0001,6,0.327432
4/24/2019,39.545403,-158.00018,6,0.325805
4/24/2019,39.542384,-158.000343,6,0.320996
4/24/2019,39.539375,-158.000492,6,0.301892
4/24/2019,39.536347,-158.000557,6,0.288927
4/24/2019,39.533333,-158.00066,6,0.283692
4/24/2019,39.530302,-158.000715,6,0.275604
4/24/2019,39.527237,-158.00076,6,0.268973
4/24/2019,39.524164,-158.000715,6,0.261191
4/24/2019,39.521108,-158.000607,6,0.254992
4/24/2019,39.51805,-158.000503,6,0.254078
4/24/2019,39.514999,-158.000479,6,0.251757
4/24/2019,39.511948,-158.000487,6,0.259352
4/24/2019,39.508908,-158.000572,6,0.255795
4/24/2019,39.505863,-158.000637,6,0.249276
4/24/2019,39.502791,-158.000631,6,0.250341
4/24/2019,39.499727,-158.000658,6,0.251574
4/24/2019,39.496668,-158.000688,6,0.249593
4/24/2019,39.493618,-158.00062,6,0.248005
4/24/2019,39.490591,-158.000564,6,0.255012
4/24/2019,39.487575,-158.000562,6,0.26719
4/24/2019,39.484553,-158.000603,6,0.273917
4/24/2019,39.481532,-158.000638,6,0.28607
4/24/2019,39.478552,-158.000696,6,0.290253
4/24/2019,39.475561,-158.00077,6,0.290145
4/24/2019,39.472522,-158.000826,6,0.290963
4/24/2019,39.469462,-158.000848,6,0.294477
4/24/2019,39.466411,-158.000791,6,0.291389
4/24/2019,39.463372,-158.000745,6,0.290628
4/24/2019,39.460313,-158.000651,6,0.285076
4/24/2019,39.457254,-158.000617,6,0.272834
4/24/2019,39.454188,-158.000578,6,0.265007
4/24/2019,39.451133,-158.00046,6,0.26566
4/24/2019,39.448099,-158.000266,6,0.253278
4/24/2019,39.445035,-158.000085,6,0.248562
4/24/2019,39.441973,-157.999911,6,0.260062
4/24/2019,39.438916,-157.999939,6,0.264676
4/24/2019,39.435829,-157.999915,6,0.274721
4/24/2019,39.432749,-157.999934,6,0.29664
4/24/2019,39.429692,-157.999919,6,0.310339
4/24/2019,39.42663,-157.999874,6,0.320903
4/24/2019,39.423559,-157.999914,6,0.322745
4/24/2019,39.420467,-157.999986,6,0.324579
4/24/2019,39.417367,-157.999943,6,0.329023
4/24/2019,39.414264,-157.9999,6,0.333509
4/24/2019,39.411179,-157.999947,6,0.3381
4/24/2019,39.377993,-158.000163,6,0.351889
4/24/2019,39.374972,-158.000195,6,0.346097
4/24/2019,39.371957,-158.000236,6,0.336009
4/24/2019,39.368915,-158.00025,6,0.332692
4/24/2019,39.365847,-158.00028,6,0.331303
4/24/2019,39.362808,-158.000311,6,0.33065
4/24/2019,39.359756,-158.000323,6,0.327085
4/24/2019,39.356708,-158.000374,6,0.33373
4/24/2019,39.353668,-158.000453,6,0.336746
4/24/2019,39.350653,-158.000533,6,0.335394
4/24/2019,39.347616,-158.000581,6,0.341127
4/24/2019,39.344596,-158.000619,6,0.342118
4/24/2019,39.3416,-158.000636,6,0.341588
4/24/2019,39.338621,-158.000742,6,0.338296
4/24/2019,39.335633,-158.000836,6,0.341401
4/24/2019,39.33261,-158.000838,6,0.345289
4/24/2019,39.329564,-158.000849,6,0.343775
4/24/2019,39.326526,-158.000843,6,0.341013
4/24/2019,39.323497,-158.000864,6,0.347728
4/24/2019,39.320486,-158.000956,6,0.347488
4/24/2019,39.317466,-158.001083,6,0.350132
4/24/2019,39.314417,-158.001163,6,0.355127
4/24/2019,39.311352,-158.001158,6,0.358203
4/24/2019,39.308276,-158.001128,6,0.356352
4/24/2019,39.305203,-158.001071,6,0.355345
4/24/2019,39.302142,-158.001018,6,0.355849
4/24/2019,39.299092,-158.000978,6,0.359898
4/24/2019,39.296058,-158.000963,6,0.360455
4/24/2019,39.293036,-158.000873,6,0.365826
4/24/2019,39.290016,-158.000824,6,0.367013
4/24/2019,39.287019,-158.000787,6,0.367793
4/24/2019,39.284018,-158.000759,6,0.367766
4/24/2019,39.281018,-158.000731,6,0.356
4/24/2019,39.278026,-158.000766,6,0.357944
4/24/2019,39.275029,-158.000757,6,0.339913
4/24/2019,39.272003,-158.000745,6,0.336926
4/24/2019,39.268965,-158.000685,6,0.3312
4/24/2019,39.265929,-158.000678,6,0.324473
4/24/2019,39.2629,-158.000636,6,0.334912
4/24/2019,39.259889,-158.0006,6,0.34366
4/24/2019,39.256885,-158.000648,6,0.341708
4/24/2019,39.253869,-158.000764,6,0.358823
4/24/2019,39.250857,-158.00082,6,0.367222
4/24/2019,39.247834,-158.000821,6,0.374254
4/24/2019,39.244827,-158.000813,6,0.380712
4/24/2019,39.241819,-158.00079,6,0.384499
4/24/2019,39.238826,-158.000778,6,0.383672
4/24/2019,39.235819,-158.000777,6,0.390172
4/24/2019,39.232801,-158.000771,6,0.390899
4/24/2019,39.22977,-158.000753,6,0.387948
4/23/2019,39.196596,-158.00049,6,0.30922
4/23/2019,39.193582,-158.000509,6,0.306049
4/23/2019,39.190563,-158.00052,6,0.304275
4/23/2019,39.187531,-158.000507,6,0.301111
4/23/2019,39.184502,-158.000387,6,0.305069
4/23/2019,39.181476,-158.00033,6,0.305004
4/23/2019,39.178453,-158.000311,6,0.309221
4/23/2019,39.175437,-158.000278,6,0.317023
4/23/2019,39.172433,-158.000182,6,0.318118
4/23/2019,39.169432,-158.000098,6,0.327307
4/23/2019,39.166431,-158.000138,6,0.333502
4/23/2019,39.163418,-158.000239,6,0.337635
4/23/2019,39.160396,-158.000334,6,0.33838
4/23/2019,39.157364,-158.000343,6,0.34225
4/23/2019,39.154319,-158.000271,6,0.342497
4/23/2019,39.151287,-158.000249,6,0.340411
4/23/2019,39.14826,-158.000242,6,0.342652
4/23/2019,39.145247,-158.000237,6,0.344778
4/23/2019,39.142232,-158.000219,6,0.347092
4/23/2019,39.139246,-158.000284,6,0.348768
4/23/2019,39.136237,-158.00029,6,0.35406
4/23/2019,39.133214,-158.000258,6,0.357734
4/23/2019,39.130206,-158.000281,6,0.36179
4/23/2019,39.127196,-158.000312,6,0.35824
4/23/2019,39.124197,-158.000283,6,0.361493
4/23/2019,39.121198,-158.000254,6,0.353096
4/23/2019,39.118206,-158.000315,6,0.348774
4/23/2019,39.115213,-158.000252,6,0.344621
4/23/2019,39.112231,-158.000317,6,0.336993
4/23/2019,39.109237,-158.000358,6,0.331861
4/23/2019,39.10624,-158.000326,6,0.322237
4/23/2019,39.103234,-158.000315,6,0.323969
4/23/2019,39.100219,-158.000337,6,0.324252
4/23/2019,39.097184,-158.000324,6,0.322988
4/23/2019,39.094153,-158.000284,6,0.322245
4/23/2019,39.091105,-158.000199,6,0.321901
4/23/2019,39.088048,-158.000257,6,0.321454
4/23/2019,39.085009,-158.000325,6,0.321618
4/23/2019,39.081999,-158.000316,6,0.320663
4/23/2019,39.078997,-158.000265,6,0.322989
4/23/2019,39.07597,-158.000271,6,0.313977
4/23/2019,39.072931,-158.00028,6,0.309201
4/23/2019,39.069902,-158.000215,6,0.306932
4/23/2019,39.066854,-158.000134,6,0.302101
4/23/2019,39.063793,-158.000064,6,0.30318
4/23/2019,39.060738,-157.999956,6,0.299248
4/23/2019,39.057688,-157.999893,6,0.299843
4/23/2019,39.054641,-157.99982,6,0.300007
4/23/2019,39.051599,-157.999738,6,0.298648
4/23/2019,39.048586,-157.999686,6,0.297742
4/23/2019,39.015271,-158.000085,6,0.312619
4/23/2019,39.012227,-158.000099,6,0.310625
4/23/2019,39.009186,-158.00011,6,0.31041
4/23/2019,39.006147,-158.00011,6,0.31015
4/23/2019,39.003115,-158.000053,6,0.309831
4/23/2019,39.000085,-158.00003,6,0.316101
4/23/2019,38.997073,-157.9999,6,0.313795
4/23/2019,38.994081,-157.999788,6,0.309134
4/23/2019,38.991104,-157.9997,6,0.313255
4/23/2019,38.988129,-157.999533,6,0.322428
4/23/2019,38.98517,-157.99937,6,0.322049
4/23/2019,38.98223,-157.99928,6,0.321959
4/23/2019,38.979244,-157.999173,6,0.32171
4/23/2019,38.976268,-157.998987,6,0.321241
4/23/2019,38.973271,-157.998888,6,0.321128
4/23/2019,38.970298,-157.99882,6,0.324968
4/23/2019,38.967344,-157.998697,6,0.326164
4/23/2019,38.964393,-157.998631,6,0.32743
4/23/2019,38.961453,-157.998554,6,0.328007
4/23/2019,38.958509,-157.998495,6,0.329262
4/23/2019,38.955551,-157.998442,6,0.329486
4/23/2019,38.95258,-157.998367,6,0.33457
4/23/2019,38.949599,-157.998334,6,0.33316
4/23/2019,38.946635,-157.998291,6,0.335459
4/23/2019,38.943648,-157.998244,6,0.334692
4/23/2019,38.940666,-157.998247,6,0.333432
4/23/2019,38.937687,-157.998203,6,0.337975
4/23/2019,38.934708,-157.998222,6,0.33821
4/23/2019,38.931725,-157.998145,6,0.334281
4/23/2019,38.928743,-157.998138,6,0.340132
4/23/2019,38.925779,-157.998056,6,0.336096
4/23/2019,38.922775,-157.997994,6,0.335909
4/23/2019,38.919794,-157.997995,6,0.336688
4/23/2019,38.916807,-157.997923,6,0.335708
4/23/2019,38.913833,-157.997862,6,0.335881
4/23/2019,38.910854,-157.997812,6,0.335493
4/23/2019,38.907882,-157.997753,6,0.338153
4/23/2019,38.904896,-157.99771,6,0.338532
4/23/2019,38.901911,-157.997576,6,0.33989
4/23/2019,38.898959,-157.997517,6,0.342564
4/23/2019,38.895988,-157.997473,6,0.346388
4/23/2019,38.893045,-157.997367,6,0.346943
4/23/2019,38.89008,-157.997331,6,0.345331
4/23/2019,38.887096,-157.99728,6,0.34357
4/23/2019,38.884115,-157.997212,6,0.342914
4/23/2019,38.881131,-157.99711,6,0.34117
4/23/2019,38.87814,-157.996985,6,0.340893
4/23/2019,38.875145,-157.996871,6,0.34647
4/23/2019,38.872147,-157.996764,6,0.340664
4/23/2019,38.869183,-157.99675,6,0.3488
4/23/2019,38.836597,-157.997021,6,0.372099
4/23/2019,38.833625,-157.997138,6,0.368335
4/23/2019,38.83067,-157.997192,6,0.370847
4/23/2019,38.82775,-157.997344,6,0.365281
4/23/2019,38.824817,-157.997428,6,0.366164
4/23/2019,38.82188,-157.9975,6,0.36274
4/23/2019,38.818938,-157.99761,6,0.365828
4/23/2019,38.815993,-157.997681,6,0.364908
4/23/2019,38.81302,-157.997732,6,0.3653
4/23/2019,38.81007,-157.997777,6,0.365541
4/23/2019,38.807118,-157.997806,6,0.366129
4/23/2019,38.804167,-157.99783,6,0.363862
4/23/2019,38.801214,-157.997911,6,0.368713
4/23/2019,38.79826,-157.998005,6,0.371077
4/23/2019,38.795313,-157.998097,6,0.371172
4/23/2019,38.792374,-157.998168,6,0.371661
4/23/2019,38.789405,-157.998238,6,0.371127
4/23/2019,38.786425,-157.998313,6,0.36788
4/23/2019,38.783453,-157.998385,6,0.373586
4/23/2019,38.780481,-157.998475,6,0.371041
4/23/2019,38.777523,-157.998541,6,0.368479
4/23/2019,38.774566,-157.998546,6,0.370085
4/23/2019,38.771582,-157.998621,6,0.369418
4/23/2019,38.768594,-157.998679,6,0.366566
4/23/2019,38.765622,-157.998762,6,0.369564
4/23/2019,38.762658,-157.998778,6,0.372463
4/23/2019,38.7597,-157.998884,6,0.372501
4/23/2019,38.756736,-157.998919,6,0.369248
4/23/2019,38.753767,-157.999031,6,0.363726
4/23/2019,38.750828,-157.999241,6,0.368856
4/23/2019,38.747882,-157.999472,6,0.369805
4/23/2019,38.74493,-157.999678,6,0.373655
4/23/2019,38.741977,-157.999899,6,0.369341
4/23/2019,38.739026,-158.000178,6,0.373756
4/23/2019,38.736069,-158.000442,6,0.376317
4/23/2019,38.733123,-158.000707,6,0.377147
4/23/2019,38.73017,-158.000967,6,0.373639
4/23/2019,38.727224,-158.00121,6,0.373086
4/23/2019,38.724271,-158.001384,6,0.377326
4/23/2019,38.721313,-158.001568,6,0.373819
4/23/2019,38.718372,-158.001812,6,0.376294
4/23/2019,38.715449,-158.002059,6,0.368122
4/23/2019,38.712544,-158.002249,6,0.36267
4/23/2019,38.709623,-158.002457,6,0.359161
4/23/2019,38.706704,-158.002673,6,0.355734
4/23/2019,38.703767,-158.002877,6,0.351446
4/23/2019,38.700836,-158.00302,6,0.349237
4/23/2019,38.697908,-158.00304,6,0.34834
4/23/2019,38.695057,-158.003048,6,0.347705
4/23/2019,38.692764,-158.00312,6,0.347347
4/23/2019,38.673355,-158.003611,6,0.316352
4/23/2019,38.671625,-158.003652,6,0.315085
4/23/2019,38.669895,-158.003729,6,0.316092
4/23/2019,38.668123,-158.003811,6,0.316189
4/23/2019,38.66632,-158.003825,6,0.316895
4/23/2019,38.664368,-158.003844,6,0.316836
4/23/2019,38.661747,-158.003756,6,0.318292
4/23/2019,38.658805,-158.003697,6,0.31859
4/23/2019,38.65582,-158.003561,6,0.310579
4/23/2019,38.652873,-158.003443,6,0.319464
4/23/2019,38.64986,-158.00331,6,0.311497
4/23/2019,38.64694,-158.003162,6,0.312548
4/23/2019,38.643983,-158.003041,6,0.307319
4/23/2019,38.640998,-158.002954,6,0.306358
4/23/2019,38.638065,-158.002873,6,0.302049
4/23/2019,38.635053,-158.002742,6,0.298055
4/23/2019,38.632074,-158.002608,6,0.289398
4/23/2019,38.629128,-158.002444,6,0.291037
4/23/2019,38.626174,-158.0023,6,0.295885
4/23/2019,38.623223,-158.002174,6,0.292375
4/23/2019,38.620279,-158.002121,6,0.297625
4/23/2019,38.617329,-158.001924,6,0.298286
4/23/2019,38.614425,-158.001556,6,0.29684
4/23/2019,38.611491,-158.001257,6,0.300955
4/23/2019,38.608549,-158.000893,6,0.300879
4/23/2019,38.605603,-158.000547,6,0.294253
4/23/2019,38.602645,-158.00023,6,0.297969
4/23/2019,38.599706,-157.999911,6,0.297662
4/23/2019,38.59673,-157.999831,6,0.304318
4/23/2019,38.59377,-157.9999,6,0.310515
4/23/2019,38.590826,-158,6,0.313948
4/23/2019,38.587966,-157.999476,6,0.314337
4/23/2019,38.585106,-157.999176,6,0.313421
4/23/2019,38.582135,-157.999238,6,0.31381
4/23/2019,38.579139,-157.999294,6,0.316444
4/23/2019,38.57613,-157.999317,6,0.321259
4/23/2019,38.573151,-157.999316,6,0.318941
4/23/2019,38.570171,-157.999349,6,0.32018
4/23/2019,38.56719,-157.999376,6,0.325183
4/23/2019,38.564216,-157.999442,6,0.332904
4/23/2019,38.561225,-157.999517,6,0.33357
4/23/2019,38.558234,-157.999518,6,0.33724
4/23/2019,38.555237,-157.999443,6,0.33987
4/23/2019,38.552244,-157.999322,6,0.340617
4/23/2019,38.549223,-157.999204,6,0.341308
4/23/2019,38.546203,-157.999095,6,0.360593
4/23/2019,38.500861,-157.999445,6,0.304558
4/23/2019,38.497819,-157.999532,6,0.308397
4/23/2019,38.494764,-157.999662,6,0.309172
4/23/2019,38.491707,-157.999717,6,0.322024
4/23/2019,38.488628,-157.999788,6,0.325641
4/23/2019,38.485547,-157.999876,6,0.324681
4/23/2019,38.482505,-158.000049,6,0.321525
4/23/2019,38.479447,-158.000199,6,0.308766
4/23/2019,38.476366,-158.000244,6,0.290001
4/23/2019,38.473301,-158.000338,6,0.294125
4/23/2019,38.470235,-158.000467,6,0.287674
4/23/2019,38.467154,-158.000556,6,0.283655
4/23/2019,38.464088,-158.000659,6,0.282969
4/23/2019,38.461002,-158.000773,6,0.282331
4/23/2019,38.457936,-158.000934,6,0.27048
4/23/2019,38.454869,-158.000997,6,0.270282
4/23/2019,38.451794,-158.001094,6,0.260848
4/23/2019,38.448721,-158.001181,6,0.261315
4/23/2019,38.445647,-158.001258,6,0.260131
4/23/2019,38.442568,-158.001381,6,0.259709
4/23/2019,38.439477,-158.001476,6,0.264482
4/23/2019,38.43641,-158.001611,6,0.262751
4/23/2019,38.433345,-158.001674,6,0.267256
4/23/2019,38.43029,-158.001637,6,0.269912
4/23/2019,38.427226,-158.001592,6,0.275762
4/23/2019,38.424143,-158.001591,6,0.282871
4/23/2019,38.421047,-158.001541,6,0.288909
4/23/2019,38.417929,-158.001535,6,0.291294
4/23/2019,38.414815,-158.001462,6,0.29729
4/23/2019,38.411701,-158.001418,6,0.301031
4/23/2019,38.408591,-158.001371,6,0.311985
4/23/2019,38.405472,-158.001411,6,0.313318
4/23/2019,38.402355,-158.001366,6,0.324393
4/23/2019,38.399248,-158.001288,6,0.330759
4/23/2019,38.396124,-158.001202,6,0.33577
4/23/2019,38.392992,-158.001169,6,0.338553
4/23/2019,38.389865,-158.001171,6,0.342353
4/23/2019,38.386747,-158.001112,6,0.336704
4/23/2019,38.383623,-158.001043,6,0.345224
4/23/2019,38.380508,-158.00101,6,0.356488
4/23/2019,38.377385,-158.000911,6,0.382425
4/23/2019,38.374241,-158.000817,6,0.405733
4/23/2019,38.371117,-158.000767,6,0.406682
4/23/2019,38.367985,-158.000754,6,0.404377
4/23/2019,38.364849,-158.000697,6,0.402642
4/23/2019,38.361713,-158.000637,6,0.406412
4/23/2019,38.358585,-158.000591,6,0.402233
4/23/2019,38.355443,-158.000577,6,0.399255
4/23/2019,38.352306,-158.000522,6,0.397208
4/23/2019,38.349155,-158.000452,6,0.399499
4/23/2019,38.314708,-158.000102,6,0.300722
4/23/2019,38.311594,-158.000047,6,0.2867
4/23/2019,38.308484,-158.000002,6,0.276964
4/23/2019,38.305366,-157.999982,6,0.273008
4/23/2019,38.302259,-157.999981,6,0.266906
4/23/2019,38.29915,-158.000014,6,0.261729
4/23/2019,38.296009,-157.999991,6,0.258116
4/23/2019,38.292854,-157.999991,6,0.257815
4/23/2019,38.289712,-157.999934,6,0.270728
4/23/2019,38.286552,-157.999869,6,0.268245
4/23/2019,38.28342,-157.99987,6,0.28966
4/23/2019,38.280279,-157.999843,6,0.301851
4/23/2019,38.277124,-157.999757,6,0.336075
4/23/2019,38.273983,-157.999736,6,0.343026
4/23/2019,38.270858,-157.999682,6,0.343146
4/23/2019,38.267719,-157.999667,6,0.352312
4/23/2019,38.264596,-157.99969,6,0.392579
4/23/2019,38.26146,-157.999705,6,0.407612
4/23/2019,38.258337,-157.999758,6,0.428062
4/23/2019,38.255206,-157.999805,6,0.438847
4/23/2019,38.252047,-157.999767,6,0.43532
4/23/2019,38.248879,-157.999789,6,0.442783
4/23/2019,38.245717,-157.999755,6,0.456134
4/23/2019,38.242562,-157.999773,6,0.467239
4/23/2019,38.239403,-157.999865,6,0.477918
4/23/2019,38.236263,-157.999899,6,0.483158
4/23/2019,38.233139,-157.999964,6,0.483996
4/23/2019,38.230031,-157.999955,6,0.494239
4/23/2019,38.226915,-157.999989,6,0.497555
4/23/2019,38.223777,-157.999947,6,0.505099
4/23/2019,38.220657,-158.000006,6,0.505522
4/23/2019,38.217513,-158.00004,6,0.515418
4/23/2019,38.214368,-158.000053,6,0.526397
4/23/2019,38.211235,-158.00005,6,0.534
4/23/2019,38.208084,-158.000084,6,0.544988
4/23/2019,38.204931,-158.000003,6,0.552398
4/23/2019,38.201797,-158.000028,6,0.5607
4/23/2019,38.198652,-158.00001,6,0.561725
4/23/2019,38.195487,-157.999946,6,0.567653
4/23/2019,38.192355,-157.999923,6,0.571982
4/23/2019,38.189189,-157.999964,6,0.572549
4/23/2019,38.186002,-157.999921,6,0.571107
4/23/2019,38.182826,-157.999896,6,0.57169
4/23/2019,38.179664,-157.9999,6,0.578239
4/23/2019,38.176513,-157.999933,6,0.573529
4/23/2019,38.173366,-158.000026,6,0.57001
4/23/2019,38.170207,-158.000023,6,0.574169
4/23/2019,38.167034,-157.999992,6,0.572296
4/23/2019,38.16385,-157.999976,6,0.583244
4/23/2019,38.16069,-158.000055,6,0.589522
4/23/2019,38.126016,-157.999909,6,0.529281
4/23/2019,38.123301,-157.999962,6,0.527162
4/23/2019,38.117845,-158.000162,6,0.525142
4/23/2019,38.11658,-158.000169,6,0.516591
4/23/2019,38.113456,-158.000264,6,0.52123
4/23/2019,38.110331,-158.000343,6,0.522737
4/23/2019,38.107171,-158.000387,6,0.527025
4/23/2019,38.104029,-158.000459,6,0.531652
4/23/2019,38.100906,-158.000537,6,0.527896
4/23/2019,38.097772,-158.000604,6,0.532659
4/23/2019,38.094631,-158.00069,6,0.52547
4/23/2019,38.091489,-158.000721,6,0.500653
4/23/2019,38.088357,-158.000765,6,0.4877
4/23/2019,38.085245,-158.000697,6,0.474838
4/23/2019,38.08211,-158.000672,6,0.471033
4/23/2019,38.078992,-158.000693,6,0.47094
4/23/2019,38.075912,-158.000743,6,0.462739
4/23/2019,38.072832,-158.000784,6,0.456618
4/23/2019,38.069739,-158.000787,6,0.454226
4/23/2019,38.066665,-158.000799,6,0.458118
4/23/2019,38.063596,-158.000755,6,0.456641
4/23/2019,38.06051,-158.000703,6,0.41417
4/23/2019,38.057423,-158.000721,6,0.347191
4/23/2019,38.054329,-158.000701,6,0.358087
4/23/2019,38.051247,-158.000764,6,0.357756
4/23/2019,38.04813,-158.000742,6,0.360317
4/23/2019,38.045025,-158.000706,6,0.381708
4/23/2019,38.041919,-158.000686,6,0.395039
4/23/2019,38.038826,-158.000716,6,0.393752
4/23/2019,38.035745,-158.000771,6,0.391182
4/23/2019,38.032646,-158.000717,6,0.389792
4/23/2019,38.02955,-158.000732,6,0.386813
4/23/2019,38.026436,-158.000728,6,0.391096
4/23/2019,38.023316,-158.00065,6,0.385549
4/23/2019,38.0202,-158.000568,6,0.383275
4/23/2019,38.017072,-158.000459,6,0.378313
4/23/2019,38.013934,-158.000385,6,0.377055
4/23/2019,38.01079,-158.000328,6,0.376062
4/23/2019,38.007655,-158.000273,6,0.373601
4/23/2019,38.004526,-158.000308,6,0.372148
4/23/2019,38.001386,-158.000302,6,0.372728
4/23/2019,37.998254,-158.000264,6,0.372818
4/23/2019,37.99509,-158.000262,6,0.380025
4/23/2019,37.991927,-158.000203,6,0.3898
4/23/2019,37.988756,-158.000134,6,0.389574
4/23/2019,37.985596,-158.000136,6,0.398492
4/23/2019,37.982429,-158.000056,6,0.403269
4/23/2019,37.979277,-157.999988,6,0.40314
4/23/2019,37.976117,-157.99997,6,0.40783
4/23/2019,37.972956,-157.9999,6,0.4052
4/23/2019,37.938106,-157.999845,6,0.412551
4/23/2019,37.934918,-157.999789,6,0.403347
4/23/2019,37.931725,-157.999807,6,0.400072
4/23/2019,37.928557,-157.999895,6,0.388758
4/23/2019,37.925373,-157.999913,6,0.387799
4/23/2019,37.922201,-158.000014,6,0.384267
4/23/2019,37.919013,-158.000077,6,0.37954
4/23/2019,37.915797,-158.000095,6,0.376423
4/23/2019,37.912593,-158.000047,6,0.374832
4/23/2019,37.909393,-158.000038,6,0.371005
4/23/2019,37.9062,-158.000045,6,0.371068
4/23/2019,37.903026,-158.000125,6,0.364924
4/23/2019,37.899851,-158.000166,6,0.362813
4/23/2019,37.896651,-158.000159,6,0.363396
4/23/2019,37.893464,-158.000145,6,0.36496
4/23/2019,37.890277,-158.000208,6,0.362004
4/23/2019,37.887079,-158.0002,6,0.366228
4/23/2019,37.883894,-158.000249,6,0.362929
4/23/2019,37.880715,-158.000288,6,0.361417
4/23/2019,37.877504,-158.000273,6,0.35937
4/23/2019,37.874313,-158.000328,6,0.359044
4/23/2019,37.871129,-158.000372,6,0.359527
4/23/2019,37.867933,-158.000395,6,0.359973
4/23/2019,37.864742,-158.000409,6,0.360636
4/23/2019,37.861521,-158.000444,6,0.354282
4/23/2019,37.85829,-158.000472,6,0.350988
4/23/2019,37.855057,-158.00034,6,0.343606
4/23/2019,37.851818,-158.000191,6,0.345836
4/23/2019,37.84861,-158.000038,6,0.340318
4/23/2019,37.845412,-157.999931,6,0.335982
4/23/2019,37.842185,-157.999848,6,0.335233
4/23/2019,37.838957,-157.999685,6,0.331269
4/23/2019,37.835745,-157.999566,6,0.332462
4/23/2019,37.832537,-157.99943,6,0.332422
4/23/2019,37.829331,-157.999406,6,0.327257
4/23/2019,37.826138,-157.999531,6,0.331155
4/23/2019,37.822948,-157.9996,6,0.331505
4/23/2019,37.819753,-157.999729,6,0.33678
4/23/2019,37.816574,-157.999843,6,0.33374
4/23/2019,37.813385,-157.999874,6,0.337193
4/23/2019,37.810183,-157.999966,6,0.336821
4/23/2019,37.806972,-158.00005,6,0.338558
4/23/2019,37.803755,-158.000132,6,0.33775
4/23/2019,37.800564,-158.00019,6,0.338371
4/23/2019,37.797362,-158.000304,6,0.336149
4/23/2019,37.794149,-158.000376,6,0.339655
4/23/2019,37.790932,-158.000459,6,0.338222
4/23/2019,37.787724,-158.000482,6,0.334439
4/23/2019,37.784528,-158.000394,6,0.334573
4/23/2019,37.781327,-158.000334,6,0.327214
4/23/2019,37.746546,-157.999955,6,0.371574
4/23/2019,37.743382,-157.999993,6,0.370682
4/23/2019,37.740237,-158.000059,6,0.374503
4/23/2019,37.737087,-158.000074,6,0.381184
4/23/2019,37.733938,-157.999998,6,0.38288
4/23/2019,37.730768,-157.999905,6,0.379883
4/23/2019,37.727596,-157.999795,6,0.378769
4/23/2019,37.724423,-157.999735,6,0.371328
4/23/2019,37.721258,-157.999669,6,0.373055
4/23/2019,37.718091,-157.999571,6,0.374246
4/23/2019,37.714934,-157.999572,6,0.372229
4/23/2019,37.71177,-157.999616,6,0.375764
4/23/2019,37.708591,-157.999636,6,0.376295
4/23/2019,37.705421,-157.999668,6,0.372948
4/23/2019,37.70224,-157.999727,6,0.375127
4/23/2019,37.699071,-157.999826,6,0.374189
4/23/2019,37.695908,-157.999819,6,0.372931
4/23/2019,37.692725,-157.999823,6,0.365078
4/23/2019,37.689553,-157.999889,6,0.363944
4/23/2019,37.686371,-158.000022,6,0.365463
4/23/2019,37.68319,-158.000126,6,0.362637
4/23/2019,37.680002,-158.000162,6,0.355656
4/23/2019,37.676791,-158.000206,6,0.354994
4/23/2019,37.673584,-158.000276,6,0.350228
4/23/2019,37.670379,-158.000355,6,0.354014
4/23/2019,37.667172,-158.000362,6,0.35092
4/23/2019,37.66397,-158.000446,6,0.344606
4/23/2019,37.660784,-158.000496,6,0.343173
4/23/2019,37.657623,-158.000627,6,0.339256
4/23/2019,37.654423,-158.000697,6,0.338709
4/23/2019,37.651206,-158.000673,6,0.339913
4/23/2019,37.648009,-158.000567,6,0.33805
4/23/2019,37.644809,-158.000461,6,0.342791
4/23/2019,37.641584,-158.000372,6,0.339466
4/23/2019,37.638361,-158.000278,6,0.334227
4/23/2019,37.635165,-158.000154,6,0.33732
4/23/2019,37.631988,-158.000077,6,0.336027
4/23/2019,37.62882,-158.000044,6,0.334801
4/23/2019,37.625639,-157.9999,6,0.336619
4/23/2019,37.622436,-157.99982,6,0.336741
4/23/2019,37.619256,-157.999738,6,0.334598
4/23/2019,37.616075,-157.99965,6,0.335365
4/23/2019,37.612888,-157.999572,6,0.338894
4/23/2019,37.609728,-157.999597,6,0.333412
4/23/2019,37.606595,-157.999699,6,0.337552
4/23/2019,37.603403,-157.999722,6,0.334895
4/23/2019,37.60022,-157.99975,6,0.337893
4/23/2019,37.597052,-157.999726,6,0.339175
4/23/2019,37.593907,-157.999786,6,0.335684
4/23/2019,37.590759,-157.999786,6,0.341326
4/23/2019,37.555931,-157.999995,6,0.316063
4/23/2019,37.552777,-158.000114,6,0.321932
4/23/2019,37.549639,-158.000299,6,0.327197
4/23/2019,37.546498,-158.000424,6,0.334926
4/23/2019,37.543379,-158.000617,6,0.335747
4/23/2019,37.54023,-158.00063,6,0.344178
4/23/2019,37.537103,-158.000562,6,0.343621
4/23/2019,37.533985,-158.000567,6,0.348273
4/23/2019,37.530843,-158.00053,6,0.348237
4/23/2019,37.527703,-158.000489,6,0.354426
4/23/2019,37.524585,-158.000424,6,0.352808
4/23/2019,37.521472,-158.000418,6,0.357092
4/23/2019,37.518354,-158.000356,6,0.359186
4/23/2019,37.515226,-158.000342,6,0.364893
4/23/2019,37.512104,-158.000318,6,0.360953
4/23/2019,37.508978,-158.000302,6,0.3653
4/23/2019,37.505872,-158.000311,6,0.364943
4/23/2019,37.502755,-158.000304,6,0.365122
4/23/2019,37.499655,-158.000232,6,0.364748
4/23/2019,37.496559,-158.000265,6,0.362738
4/23/2019,37.493463,-158.000287,6,0.360415
4/23/2019,37.490359,-158.00033,6,0.365404
4/23/2019,37.487259,-158.000335,6,0.370271
4/23/2019,37.484166,-158.000349,6,0.37348
4/23/2019,37.48105,-158.000366,6,0.374636
4/23/2019,37.477944,-158.000349,6,0.380089
4/23/2019,37.474832,-158.000341,6,0.376952
4/23/2019,37.471714,-158.000254,6,0.380143
4/23/2019,37.468573,-158.000216,6,0.378577
4/23/2019,37.465445,-158.000127,6,0.381196
4/23/2019,37.462313,-158.000093,6,0.376646
4/23/2019,37.459206,-158.000087,6,0.373637
4/23/2019,37.45608,-158.000076,6,0.374737
4/23/2019,37.45296,-158.000112,6,0.371148
4/23/2019,37.449855,-158.00008,6,0.370979
4/23/2019,37.446756,-158.000167,6,0.3779
4/23/2019,37.443659,-158.000272,6,0.383902
4/23/2019,37.440564,-158.000377,6,0.384265
4/23/2019,37.437442,-158.000387,6,0.388867
4/23/2019,37.434317,-158.000398,6,0.392726
4/23/2019,37.431205,-158.000507,6,0.391377
4/23/2019,37.428094,-158.000515,6,0.403094
4/23/2019,37.424988,-158.00061,6,0.405601
4/23/2019,37.421891,-158.000697,6,0.421041
4/23/2019,37.418803,-158.000823,6,0.424354
4/23/2019,37.415703,-158.000851,6,0.427481
4/23/2019,37.412611,-158.000711,6,0.427302
4/23/2019,37.409522,-158.000658,6,0.435685
4/23/2019,37.406445,-158.000546,6,0.44063
4/23/2019,37.403361,-158.000431,6,0.442043
4/23/2019,37.369629,-157.999859,6,0.379527
4/23/2019,37.366551,-157.99984,6,0.380133
4/23/2019,37.363457,-157.99979,6,0.382503
4/23/2019,37.360375,-157.999758,6,0.381897
4/23/2019,37.357329,-157.99983,6,0.381846
4/23/2019,37.354271,-157.999798,6,0.379864
4/23/2019,37.351172,-157.999736,6,0.380593
4/23/2019,37.348105,-157.999734,6,0.38162
4/23/2019,37.34501,-157.999706,6,0.3802
4/23/2019,37.341923,-157.999748,6,0.379089
4/23/2019,37.338849,-157.999692,6,0.378513
4/23/2019,37.335769,-157.99976,6,0.372154
4/23/2019,37.289294,-158.000845,6,0.400255
4/23/2019,37.286186,-158.000816,6,0.405051
4/23/2019,37.283088,-158.000776,6,0.393247
4/23/2019,37.279988,-158.000777,6,0.396759
4/23/2019,37.27689,-158.000787,6,0.397634
4/23/2019,37.273785,-158.000752,6,0.405667
4/23/2019,37.270669,-158.000756,6,0.403446
4/23/2019,37.267534,-158.000784,6,0.405983
4/23/2019,37.264416,-158.000745,6,0.40441
4/23/2019,37.261289,-158.000835,6,0.410596
4/23/2019,37.258147,-158.000867,6,0.409927
4/23/2019,37.255027,-158.000923,6,0.418526
4/23/2019,37.25192,-158.000943,6,0.422995
4/23/2019,37.248804,-158.000913,6,0.441317
4/23/2019,37.245674,-158.000945,6,0.444278
4/23/2019,37.242562,-158.000941,6,0.460136
4/23/2019,37.239468,-158.000978,6,0.466781
4/23/2019,37.236383,-158.000968,6,0.4763
4/23/2019,37.233263,-158.000938,6,0.482258
4/23/2019,37.23012,-158.000786,6,0.488229
4/23/2019,37.226945,-158.000656,6,0.502444
4/23/2019,37.223749,-158.000496,6,0.499572
4/23/2019,37.22058,-158.000315,6,0.497403
4/23/2019,37.217413,-158.000218,6,0.488017
4/23/2019,37.182981,-158.000228,6,0.324259
4/23/2019,37.179853,-158.000285,6,0.316263
4/23/2019,37.176719,-158.000361,6,0.317625
4/23/2019,37.173581,-158.000396,6,0.310338
4/23/2019,37.170426,-158.000401,6,0.304239
4/23/2019,37.167319,-158.000517,6,0.304746
4/23/2019,37.164204,-158.000547,6,0.3087
4/23/2019,37.16111,-158.000538,6,0.309297
4/23/2019,37.157974,-158.000556,6,0.314407
4/23/2019,37.154866,-158.000601,6,0.314262
4/23/2019,37.151748,-158.000618,6,0.310444
4/23/2019,37.148621,-158.000574,6,0.309518
4/23/2019,37.145486,-158.00053,6,0.305889
4/23/2019,37.142335,-158.000475,6,0.301395
4/23/2019,37.139221,-158.000421,6,0.305567
4/23/2019,37.136126,-158.00043,6,0.300338
4/23/2019,37.133025,-158.000492,6,0.296771
4/23/2019,37.12993,-158.000455,6,0.29162
4/23/2019,37.126817,-158.000408,6,0.286843
4/23/2019,37.12374,-158.000407,6,0.286909
4/23/2019,37.120671,-158.000461,6,0.287533
4/23/2019,37.117579,-158.000419,6,0.287623
4/23/2019,37.114491,-158.000405,6,0.286538
4/23/2019,37.111437,-158.000437,6,0.285738
4/23/2019,37.108372,-158.000424,6,0.280361
4/23/2019,37.105295,-158.000421,6,0.277964
4/23/2019,37.102193,-158.000421,6,0.28086
4/23/2019,37.099093,-158.000369,6,0.281918
4/23/2019,37.095981,-158.000347,6,0.281851
4/23/2019,37.092871,-158.000272,6,0.282491
4/23/2019,37.089775,-158.000269,6,0.284935
4/23/2019,37.086656,-158.000212,6,0.284751
4/23/2019,37.083537,-158.000172,6,0.286005
4/23/2019,37.080427,-158.000191,6,0.29082
4/23/2019,37.077319,-158.000217,6,0.28905
4/23/2019,37.074193,-158.000176,6,0.284475
4/23/2019,37.071046,-158.000141,6,0.287071
4/23/2019,37.067911,-158.000144,6,0.295368
4/23/2019,37.064777,-158.000073,6,0.291713
4/23/2019,37.06167,-158.000067,6,0.293122
4/23/2019,37.058544,-158.000054,6,0.303474
4/23/2019,37.055419,-158.000011,6,0.305615
4/23/2019,37.052277,-157.999975,6,0.307234
4/23/2019,37.049142,-157.999995,6,0.305798
4/23/2019,37.046014,-158.000031,6,0.307417
4/23/2019,37.04287,-157.999998,6,0.308372
4/23/2019,37.039725,-157.999967,6,0.299869
4/23/2019,37.036586,-157.99991,6,0.293492
4/23/2019,37.033426,-157.999903,6,0.30305
4/23/2019,37.030282,-157.99983,6,0.295753
4/23/2019,36.995764,-158.000301,6,0.249492
4/23/2019,36.992616,-158.000369,6,0.249234
4/23/2019,36.989478,-158.000427,6,0.251629
4/23/2019,36.986338,-158.00053,6,0.253219
4/23/2019,36.983231,-158.000636,6,0.25264
4/23/2019,36.980145,-158.000673,6,0.243779
4/23/2019,36.976984,-158.000597,6,0.243391
4/23/2019,36.973841,-158.000579,6,0.248105
4/23/2019,36.970729,-158.000587,6,0.244765
4/23/2019,36.967614,-158.000511,6,0.254071
4/23/2019,36.964499,-158.000471,6,0.242849
4/23/2019,36.96141,-158.0005,6,0.249302
4/23/2019,36.958323,-158.000476,6,0.245362
4/23/2019,36.955228,-158.000406,6,0.247998
4/23/2019,36.952151,-158.000515,6,0.222985
4/23/2019,36.949068,-158.000699,6,0.222949
4/23/2019,36.945988,-158.000804,6,0.219681
4/23/2019,36.94292,-158.000966,6,0.216581
4/23/2019,36.939823,-158.001081,6,0.211243
4/23/2019,36.936714,-158.001121,6,0.211795
4/23/2019,36.933627,-158.00113,6,0.20749
4/23/2019,36.930536,-158.001128,6,0.207507
4/23/2019,36.92745,-158.00105,6,0.205171
4/23/2019,36.924372,-158.000904,6,0.203769
4/23/2019,36.921337,-158.000816,6,0.201768
4/23/2019,36.918286,-158.000703,6,0.203968
4/23/2019,36.915245,-158.000621,6,0.201881
4/23/2019,36.912202,-158.00054,6,0.197459
4/23/2019,36.909156,-158.000483,6,0.201271
4/23/2019,36.906141,-158.000434,6,0.201244
4/23/2019,36.903171,-158.000397,6,0.20264
4/23/2019,36.900165,-158.000405,6,0.202263
4/23/2019,36.89719,-158.000416,6,0.202661
4/23/2019,36.894236,-158.00047,6,0.208042
4/23/2019,36.891253,-158.000571,6,0.210241
4/23/2019,36.888238,-158.000588,6,0.213506
4/23/2019,36.885249,-158.000657,6,0.213032
4/23/2019,36.882235,-158.000696,6,0.214552
4/23/2019,36.879236,-158.000729,6,0.210985
4/23/2019,36.876245,-158.000757,6,0.20924
4/23/2019,36.873256,-158.000837,6,0.21067
4/23/2019,36.870252,-158.00088,6,0.211744
4/23/2019,36.867234,-158.00083,6,0.216167
4/23/2019,36.86421,-158.000833,6,0.215931
4/23/2019,36.861187,-158.000898,6,0.218026
4/23/2019,36.858138,-158.000953,6,0.219781
4/23/2019,36.855074,-158.000979,6,0.21794
4/23/2019,36.852004,-158.001128,6,0.217751
4/23/2019,36.848942,-158.001202,6,0.221488
4/23/2019,36.845859,-158.001316,6,0.219012
4/23/2019,36.812392,-158.003222,6,0.244788
4/23/2019,36.809347,-158.003481,6,0.241006
4/23/2019,36.806273,-158.003635,6,0.240715
4/23/2019,36.803197,-158.003822,6,0.235217
4/23/2019,36.800134,-158.004019,6,0.238129
4/23/2019,36.797065,-158.004142,6,0.240668
4/23/2019,36.793987,-158.004296,6,0.23574
4/23/2019,36.790911,-158.004433,6,0.246704
4/23/2019,36.787853,-158.004536,6,0.247721
4/23/2019,36.784801,-158.004639,6,0.257211
4/23/2019,36.781767,-158.004817,6,0.263011
4/23/2019,36.778734,-158.00494,6,0.258228
4/23/2019,36.775714,-158.005074,6,0.262618
4/23/2019,36.772693,-158.005263,6,0.262897
4/23/2019,36.769663,-158.005423,6,0.261425
4/23/2019,36.766612,-158.005562,6,0.258746
4/23/2019,36.763575,-158.005573,6,0.258252
4/23/2019,36.760537,-158.005577,6,0.260784
4/23/2019,36.757559,-158.005622,6,0.256455
4/23/2019,36.754558,-158.005594,6,0.262491
4/23/2019,36.75155,-158.005546,6,0.276828
4/23/2019,36.74852,-158.005477,6,0.287781
4/23/2019,36.745494,-158.005389,6,0.313846
4/23/2019,36.742455,-158.005313,6,0.323881
4/23/2019,36.739396,-158.005245,6,0.356149
4/23/2019,36.736331,-158.005182,6,0.361701
4/23/2019,36.733297,-158.005148,6,0.372999
4/23/2019,36.730301,-158.005171,6,0.375975
4/23/2019,36.727267,-158.005109,6,0.390293
4/23/2019,36.724229,-158.005071,6,0.386819
4/23/2019,36.72121,-158.00506,6,0.385556
4/23/2019,36.718174,-158.005101,6,0.383463
4/23/2019,36.715138,-158.005094,6,0.391362
4/23/2019,36.712108,-158.005042,6,0.384604
4/23/2019,36.709075,-158.005027,6,0.37714
4/23/2019,36.706033,-158.005011,6,0.382363
4/23/2019,36.703034,-158.005039,6,0.380602
4/23/2019,36.700032,-158.005044,6,0.379033
4/23/2019,36.697018,-158.004926,6,0.381832
4/23/2019,36.694006,-158.004875,6,0.380344
4/23/2019,36.690984,-158.004819,6,0.381228
4/23/2019,36.687967,-158.004668,6,0.378531
4/23/2019,36.684916,-158.004571,6,0.378607
4/23/2019,36.681851,-158.004491,6,0.379797
4/23/2019,36.678828,-158.004454,6,0.373649
4/23/2019,36.675799,-158.004381,6,0.381855
4/23/2019,36.672732,-158.004268,6,0.379142
4/23/2019,36.669684,-158.004184,6,0.384586
4/23/2019,36.66663,-158.004101,6,0.378498
4/23/2019,36.663575,-158.004035,6,0.38836
4/23/2019,36.630165,-158.002559,6,0.391861
4/23/2019,36.627145,-158.002391,6,0.396409
4/23/2019,36.624116,-158.002159,6,0.394283
4/23/2019,36.621119,-158.002049,6,0.400974
4/23/2019,36.618127,-158.001894,6,0.39389
4/23/2019,36.615113,-158.001684,6,0.390794
4/23/2019,36.612116,-158.001448,6,0.380437
4/23/2019,36.609155,-158.001323,6,0.372602
4/23/2019,36.606165,-158.00113,6,0.373706
4/23/2019,36.603173,-158.000979,6,0.368017
4/23/2019,36.6002,-158.000807,6,0.370917
4/23/2019,36.597209,-158.000633,6,0.369166
4/23/2019,36.59424,-158.000428,6,0.363953
4/23/2019,36.591278,-158.000235,6,0.36329
4/23/2019,36.588318,-158.000028,6,0.362008
4/23/2019,36.585383,-157.999814,6,0.362796
4/23/2019,36.582431,-157.999651,6,0.361625
4/23/2019,36.579509,-157.999496,6,0.361362
4/23/2019,36.576558,-157.999321,6,0.35991
4/23/2019,36.573603,-157.999158,6,0.359364
4/23/2019,36.570642,-157.998943,6,0.358732
4/23/2019,36.5677,-157.998847,6,0.354482
4/23/2019,36.564766,-157.998724,6,0.352419
4/23/2019,36.561853,-157.998647,6,0.349482
4/23/2019,36.55892,-157.998492,6,0.339816
4/23/2019,36.555945,-157.998331,6,0.336285
4/23/2019,36.552978,-157.998189,6,0.323852
4/23/2019,36.550038,-157.998101,6,0.326406
4/23/2019,36.547088,-157.997932,6,0.321899
4/23/2019,36.54414,-157.997811,6,0.31607
4/23/2019,36.541204,-157.997643,6,0.315808
4/23/2019,36.538263,-157.997518,6,0.314893
4/23/2019,36.535358,-157.997387,6,0.310841
4/23/2019,36.532438,-157.997298,6,0.303642
4/23/2019,36.529514,-157.997258,6,0.295603
4/23/2019,36.526555,-157.997204,6,0.295418
4/23/2019,36.523595,-157.997111,6,0.300836
4/23/2019,36.520631,-157.997046,6,0.308103
4/23/2019,36.517663,-157.996975,6,0.305701
4/23/2019,36.514684,-157.996837,6,0.306771
4/23/2019,36.511703,-157.99674,6,0.315336
4/23/2019,36.508735,-157.996636,6,0.31548
4/23/2019,36.505764,-157.99655,6,0.315221
4/23/2019,36.50282,-157.996526,6,0.309516
4/23/2019,36.499845,-157.996492,6,0.316627
4/23/2019,36.496883,-157.99643,6,0.314749
4/23/2019,36.493943,-157.996344,6,0.315859
4/23/2019,36.490992,-157.996221,6,0.311305
4/23/2019,36.488024,-157.996145,6,0.306453
4/23/2019,36.485052,-157.996108,6,0.310958
4/23/2019,36.452914,-157.99629,6,0.248171
4/23/2019,36.449998,-157.996377,6,0.241329
4/23/2019,36.447095,-157.996457,6,0.235262
4/23/2019,36.444175,-157.996496,6,0.239226
4/23/2019,36.441256,-157.996574,6,0.225411
4/23/2019,36.43832,-157.996632,6,0.200493
4/23/2019,36.435408,-157.996642,6,0.194347
4/23/2019,36.432471,-157.996723,6,0.195661
4/23/2019,36.429529,-157.996796,6,0.195093
4/23/2019,36.426619,-157.996821,6,0.196063
4/23/2019,36.423717,-157.996822,6,0.19918
4/23/2019,36.420827,-157.996887,6,0.19649
4/23/2019,36.417934,-157.996889,6,0.200156
4/23/2019,36.415033,-157.996961,6,0.1994
4/23/2019,36.412112,-157.996972,6,0.200747
4/23/2019,36.409231,-157.997074,6,0.197737
4/23/2019,36.406342,-157.99712,6,0.196144
4/23/2019,36.403466,-157.99722,6,0.193578
4/23/2019,36.400599,-157.997231,6,0.195042
4/23/2019,36.397699,-157.99725,6,0.195335
4/23/2019,36.394819,-157.997298,6,0.198961
4/23/2019,36.391906,-157.997287,6,0.204431
4/23/2019,36.388999,-157.997311,6,0.204205
4/23/2019,36.386108,-157.997383,6,0.205414
4/23/2019,36.383211,-157.997467,6,0.205607
4/23/2019,36.380338,-157.997559,6,0.201317
4/23/2019,36.377498,-157.997639,6,0.200259
4/23/2019,36.374669,-157.99773,6,0.19909
4/23/2019,36.371875,-157.997822,6,0.198811
4/23/2019,36.369019,-157.997925,6,0.199089
4/23/2019,36.366187,-157.997989,6,0.198229
4/23/2019,36.363365,-157.998071,6,0.197226
4/23/2019,36.3605,-157.998128,6,0.194499
4/23/2019,36.357641,-157.998235,6,0.194289
4/23/2019,36.354773,-157.998285,6,0.193491
4/23/2019,36.351941,-157.998399,6,0.191764
4/23/2019,36.349092,-157.998441,6,0.186265
4/23/2019,36.346244,-157.998505,6,0.180519
4/23/2019,36.34341,-157.998636,6,0.183307
4/23/2019,36.340571,-157.998779,6,0.17615
4/23/2019,36.337755,-157.998926,6,0.164723
4/23/2019,36.334881,-157.999017,6,0.16622
4/23/2019,36.331993,-157.999075,6,0.168507
4/23/2019,36.329127,-157.999176,6,0.173031
4/23/2019,36.326264,-157.999289,6,0.174927
4/23/2019,36.323407,-157.999353,6,0.176625
4/23/2019,36.320543,-157.999378,6,0.178419
4/23/2019,36.317672,-157.999452,6,0.178558
4/23/2019,36.31478,-157.999513,6,0.178043
4/23/2019,36.311849,-157.999576,6,0.174907
4/23/2019,36.280372,-158.000082,6,0.175222
4/23/2019,36.277523,-158.000153,6,0.17201
4/23/2019,36.274692,-158.000121,6,0.175498
4/23/2019,36.271812,-158.000113,6,0.186908
4/23/2019,36.268942,-158.000109,6,0.193778
4/23/2019,36.266098,-158.000208,6,0.195587
4/23/2019,36.263278,-158.000244,6,0.20403
4/23/2019,36.260435,-158.000217,6,0.203692
4/23/2019,36.257596,-158.000214,6,0.211536
4/23/2019,36.254757,-158.000258,6,0.206791
4/23/2019,36.251959,-158.000257,6,0.228034
4/23/2019,36.249149,-158.000359,6,0.233344
4/23/2019,36.246391,-158.000449,6,0.229589
4/23/2019,36.243597,-158.000488,6,0.232233
4/23/2019,36.240764,-158.000492,6,0.234347
4/23/2019,36.23788,-158.000446,6,0.234991
4/23/2019,36.234997,-158.000391,6,0.231596
4/23/2019,36.232126,-158.000367,6,0.219645
4/23/2019,36.229235,-158.000319,6,0.221352
4/23/2019,36.226339,-158.00036,6,0.214285
4/23/2019,36.223446,-158.00033,6,0.209005
4/23/2019,36.220572,-158.000284,6,0.193689
4/23/2019,36.217678,-158.000197,6,0.188387
4/23/2019,36.21481,-158.000146,6,0.18857
4/23/2019,36.211964,-158.000085,6,0.185782
4/23/2019,36.209136,-158.000018,6,0.187442
4/23/2019,36.206289,-158.000032,6,0.186726
4/23/2019,36.203399,-158.000013,6,0.184552
4/23/2019,36.200516,-158,6,0.185657
4/23/2019,36.19765,-157.999982,6,0.184383
4/23/2019,36.194763,-157.999996,6,0.1875
4/23/2019,36.191913,-158.000009,6,0.18744
4/23/2019,36.189039,-157.999975,6,0.191154
4/23/2019,36.18613,-157.999971,6,0.193956
4/23/2019,36.183223,-157.999979,6,0.198104
4/23/2019,36.180325,-157.999951,6,0.201088
4/23/2019,36.177406,-157.999952,6,0.202128
4/23/2019,36.174486,-157.999888,6,0.20555
4/23/2019,36.171561,-157.999865,6,0.206697
4/23/2019,36.168677,-157.99986,6,0.21041
4/23/2019,36.165806,-157.999878,6,0.213791
4/23/2019,36.162874,-157.999926,6,0.211718
4/23/2019,36.159944,-157.999945,6,0.214221
4/23/2019,36.157041,-157.999988,6,0.212143
4/23/2019,36.154124,-157.999962,6,0.212736
4/23/2019,36.151188,-157.999942,6,0.21276
4/23/2019,36.148273,-157.999934,6,0.212803
4/23/2019,36.145367,-157.999913,6,0.211812
4/23/2019,36.142427,-157.999902,6,0.213584
4/23/2019,36.139492,-157.999865,6,0.215563
4/23/2019,36.107408,-157.999661,6,0.192259
4/23/2019,36.104515,-157.999703,6,0.195577
4/23/2019,36.101631,-157.999707,6,0.194785
4/23/2019,36.098752,-157.999702,6,0.186796
4/23/2019,36.095872,-157.99973,6,0.188332
4/23/2019,36.092991,-157.999752,6,0.189345
4/23/2019,36.090096,-157.999821,6,0.191828
4/23/2019,36.087168,-157.999875,6,0.191041
4/23/2019,36.084207,-157.999879,6,0.191631
4/23/2019,36.081277,-157.999887,6,0.198284
4/23/2019,36.078385,-157.999908,6,0.203215
4/23/2019,36.075462,-157.999939,6,0.205922
4/23/2019,36.072498,-157.999894,6,0.201393
4/23/2019,36.06953,-157.999931,6,0.201627
4/23/2019,36.06656,-157.999891,6,0.203985
4/23/2019,36.063608,-157.99988,6,0.204635
4/23/2019,36.06069,-157.999902,6,0.203518
4/23/2019,36.05774,-157.999891,6,0.206146
4/23/2019,36.054829,-157.999934,6,0.205776
4/23/2019,36.051905,-157.99992,6,0.205577
4/23/2019,36.048957,-157.999919,6,0.207829
4/23/2019,36.046016,-157.999994,6,0.207825
4/23/2019,36.043067,-157.999979,6,0.206868
4/23/2019,36.04011,-157.999979,6,0.207174
4/23/2019,36.03716,-157.999992,6,0.205668
4/23/2019,36.03418,-158.000004,6,0.207609
4/23/2019,36.031193,-157.999909,6,0.204895
4/23/2019,36.02824,-157.999911,6,0.204841
4/23/2019,36.02528,-157.999844,6,0.202016
4/23/2019,36.022324,-157.999867,6,0.197617
4/23/2019,36.019387,-157.999909,6,0.197978
4/23/2019,36.016475,-157.999911,6,0.197271
4/23/2019,36.013597,-157.999979,6,0.197529
4/23/2019,36.010721,-157.999952,6,0.201439
4/23/2019,36.007819,-157.99994,6,0.199203
4/23/2019,36.004935,-157.999971,6,0.202339
4/23/2019,36.002029,-158.000042,6,0.200719
4/23/2019,35.999145,-158.000109,6,0.203707
4/23/2019,35.996229,-158.000184,6,0.200862
4/23/2019,35.993338,-158.000255,6,0.199073
4/23/2019,35.990424,-158.000301,6,0.204107
4/23/2019,35.987511,-158.000386,6,0.204064
4/23/2019,35.984572,-158.000387,6,0.204236
4/23/2019,35.981649,-158.000434,6,0.201261
4/23/2019,35.978722,-158.00042,6,0.202452
4/23/2019,35.975804,-158.000443,6,0.201985
4/23/2019,35.972908,-158.000411,6,0.202856
4/23/2019,35.969979,-158.000308,6,0.206388
4/23/2019,35.967056,-158.000197,6,0.20303
4/23/2019,35.964122,-158.000116,6,0.207792
4/23/2019,35.932117,-157.999281,6,0.190286
4/23/2019,35.929203,-157.999164,6,0.188686
4/23/2019,35.926325,-157.999084,6,0.187497
4/23/2019,35.923446,-157.999002,6,0.183975
4/23/2019,35.920537,-157.998902,6,0.184032
4/23/2019,35.917641,-157.9988,6,0.185183
4/23/2019,35.914773,-157.998715,6,0.183985
4/23/2019,35.911881,-157.998621,6,0.184371
4/23/2019,35.908964,-157.998542,6,0.187581
4/23/2019,35.906056,-157.998447,6,0.191426
4/23/2019,35.903083,-157.99831,6,0.187105
4/23/2019,35.90011,-157.998225,6,0.189687
4/23/2019,35.897191,-157.998091,6,0.190008
4/23/2019,35.894205,-157.997977,6,0.188352
4/23/2019,35.891253,-157.99788,6,0.185013
4/23/2019,35.888315,-157.997797,6,0.185008
4/23/2019,35.885342,-157.997679,6,0.182796
4/23/2019,35.882371,-157.997564,6,0.185628
4/23/2019,35.879416,-157.997514,6,0.186595
4/23/2019,35.876483,-157.997522,6,0.188128
4/23/2019,35.873526,-157.997485,6,0.18517
4/23/2019,35.870565,-157.997414,6,0.185337
4/23/2019,35.867592,-157.997367,6,0.182606
4/23/2019,35.864651,-157.997286,6,0.180812
4/23/2019,35.861707,-157.997246,6,0.181202
4/23/2019,35.858748,-157.99719,6,0.179847
4/23/2019,35.855823,-157.997114,6,0.174587
4/23/2019,35.852905,-157.997012,6,0.173808
4/23/2019,35.850001,-157.996931,6,0.174603
4/23/2019,35.847101,-157.996908,6,0.174676
4/23/2019,35.844193,-157.996817,6,0.173959
4/23/2019,35.841262,-157.996734,6,0.172592
4/23/2019,35.83833,-157.99669,6,0.173354
4/23/2019,35.835399,-157.996575,6,0.175027
4/23/2019,35.832459,-157.996528,6,0.174621
4/23/2019,35.829496,-157.996492,6,0.179162
4/23/2019,35.826586,-157.996566,6,0.179368
4/23/2019,35.823697,-157.996512,6,0.179704
4/23/2019,35.820895,-157.996538,6,0.177999
4/23/2019,35.818357,-157.996573,6,0.177721
4/23/2019,35.816042,-157.996618,6,0.176103
4/23/2019,35.813966,-157.996418,6,0.178919
4/23/2019,35.812306,-157.996462,6,0.180405
4/23/2019,35.811093,-157.99663,6,0.182821
4/23/2019,35.810524,-157.996671,6,0.177449
4/23/2019,35.810564,-157.996633,6,0.177898
4/23/2019,35.810569,-157.996686,6,0.183075
4/23/2019,35.810563,-157.996722,6,0.181321
4/23/2019,35.810576,-157.996778,6,0.180383
4/23/2019,35.810622,-157.996713,6,0.175165
4/23/2019,35.810526,-157.996409,6,0.17699
4/23/2019,35.810536,-157.996424,6,0.17681
4/23/2019,35.810517,-157.996476,6,0.178115
4/23/2019,35.810553,-157.996506,6,0.177454
4/23/2019,35.810571,-157.996508,6,0.174899
4/23/2019,35.810569,-157.996576,6,0.175532
4/23/2019,35.810642,-157.996646,6,0.177162
4/23/2019,35.810637,-157.996658,6,0.181036
4/23/2019,35.810673,-157.996624,6,0.178672
4/23/2019,35.810635,-157.996667,6,0.177901
4/23/2019,35.810661,-157.996666,6,0.178362
4/23/2019,35.810657,-157.996694,6,0.177395
4/23/2019,35.810684,-157.996689,6,0.17657
4/23/2019,35.81073,-157.996724,6,0.172776
4/23/2019,35.810758,-157.996837,6,0.177572
4/23/2019,35.810787,-157.996945,6,0.178257
4/23/2019,35.81086,-157.996967,6,0.177273
4/23/2019,35.810853,-157.996968,6,0.178832
4/23/2019,35.810848,-157.997,6,0.177372
4/23/2019,35.810879,-157.996992,6,0.178959
4/23/2019,35.810809,-157.996993,6,0.180002
4/23/2019,35.810792,-157.996919,6,0.178734
4/23/2019,35.810777,-157.996876,6,0.179409
4/23/2019,35.810793,-157.996849,6,0.181244
4/23/2019,35.810781,-157.996842,6,0.179765
4/23/2019,35.810787,-157.996854,6,0.179581
4/23/2019,35.810812,-157.996859,6,0.178714
4/23/2019,35.810786,-157.996895,6,0.173692
4/23/2019,35.810797,-157.996858,6,0.175447
4/23/2019,35.810774,-157.996883,6,0.175489
4/23/2019,35.810785,-157.996888,6,0.175757
4/23/2019,35.810802,-157.996873,6,0.179337
4/23/2019,35.810826,-157.996876,6,0.171351
4/23/2019,35.810773,-157.99691,6,0.174574
4/23/2019,35.810821,-157.996869,6,0.176083
4/23/2019,35.810793,-157.996872,6,0.176826
4/23/2019,35.810789,-157.996871,6,0.176455
4/23/2019,35.810795,-157.996908,6,0.179431
4/23/2019,35.810856,-157.996967,6,0.178337
4/23/2019,35.810918,-157.997022,6,0.178337
4/23/2019,35.810906,-157.997094,6,0.175876
4/23/2019,35.810915,-157.997111,6,0.175844
4/23/2019,35.810915,-157.997164,6,0.174381
4/23/2019,35.810939,-157.997182,6,0.179421
4/23/2019,35.811005,-157.997242,6,0.1763
4/23/2019,35.810995,-157.997274,6,0.174574
4/23/2019,35.81101,-157.997282,6,0.175073
4/23/2019,35.811015,-157.997343,6,0.17933
4/23/2019,35.811054,-157.99742,6,0.17495
4/23/2019,35.811098,-157.997523,6,0.175015
4/23/2019,35.811566,-157.998225,6,0.174409
4/23/2019,35.811605,-157.998244,6,0.17645
4/23/2019,35.811637,-157.998288,6,0.17228
4/23/2019,35.81168,-157.998325,6,0.178186
4/23/2019,35.811694,-157.998403,6,0.178191
4/23/2019,35.811709,-157.998396,6,0.174071
4/23/2019,35.811684,-157.998415,6,0.178348
4/23/2019,35.811645,-157.998392,6,0.17562
4/23/2019,35.811675,-157.998357,6,0.176166
4/23/2019,35.811686,-157.998337,6,0.176581
4/23/2019,35.811684,-157.998394,6,0.175139
4/23/2019,35.811686,-157.998436,6,0.179235
4/23/2019,35.81172,-157.99845,6,0.176518
4/23/2019,35.811729,-157.998497,6,0.178624
4/23/2019,35.811778,-157.998557,6,0.175194
4/23/2019,35.811848,-157.998633,6,0.178057
4/23/2019,35.811902,-157.998716,6,0.179371
4/23/2019,35.811939,-157.998823,6,0.175673
4/23/2019,35.811973,-157.998889,6,0.174409
4/23/2019,35.812017,-157.998869,6,0.174792
4/23/2019,35.812197,-157.99874,6,0.176596
4/23/2019,35.812333,-157.998855,6,0.175192
4/23/2019,35.812365,-157.998962,6,0.174034
4/23/2019,35.812396,-157.999008,6,0.176076
4/23/2019,35.812395,-157.998976,6,0.179225
4/23/2019,35.812364,-157.998909,6,0.17608
4/23/2019,35.812322,-157.998855,6,0.175769
4/23/2019,35.812323,-157.998798,6,0.177257
4/23/2019,35.812339,-157.998767,6,0.177934
4/23/2019,35.812289,-157.998837,6,0.177131
4/23/2019,35.812362,-157.998875,6,0.179919
4/23/2019,35.812383,-157.998922,6,0.177877
4/23/2019,35.812427,-157.998951,6,0.179301
4/23/2019,35.812408,-157.999004,6,0.176093
4/23/2019,35.81238,-157.998989,6,0.175249
4/23/2019,35.812376,-157.998937,6,0.178533
4/23/2019,35.812379,-157.99893,6,0.179369
4/23/2019,35.812394,-157.99898,6,0.179772
4/23/2019,35.812435,-157.999044,6,0.175583
4/23/2019,35.812474,-157.999132,6,0.17351
4/23/2019,35.812543,-157.999189,6,0.174041
4/23/2019,35.812585,-157.999242,6,0.173558
4/23/2019,35.812491,-157.999406,6,0.176019
4/23/2019,35.812629,-157.999419,6,0.174319
4/23/2019,35.812797,-157.999496,6,0.172195
4/23/2019,35.812833,-157.999532,6,0.172741
4/23/2019,35.812807,-157.999536,6,0.173444
4/23/2019,35.812772,-157.99951,6,0.17346
4/23/2019,35.812787,-157.999504,6,0.174955
4/23/2019,35.812807,-157.999575,6,0.171082
4/23/2019,35.812995,-157.999873,6,0.173292
4/23/2019,35.813001,-157.999909,6,0.173034
4/23/2019,35.813007,-157.99993,6,0.172151
4/23/2019,35.813071,-158.00003,6,0.173005
4/23/2019,35.813136,-158.000074,6,0.172752
4/23/2019,35.813106,-158.000185,6,0.17448
4/23/2019,35.813174,-158.000224,6,0.170257
4/23/2019,35.813272,-158.000207,6,0.171521
4/23/2019,35.813183,-158.000369,6,0.173869
4/23/2019,35.812723,-158.000685,6,0.174471
4/23/2019,35.812265,-158.000651,6,0.17262
4/23/2019,35.811387,-158.000599,6,0.174475
4/23/2019,35.80968,-158.000626,6,0.173187
4/23/2019,35.807023,-158.000619,6,0.177796
4/23/2019,35.804003,-158.000629,6,0.172967
4/23/2019,35.801001,-158.00056,6,0.175696
4/23/2019,35.797983,-158.000556,6,0.174066
4/23/2019,35.794955,-158.000507,6,0.176831
4/23/2019,35.791942,-158.000488,6,0.179772
4/23/2019,35.788932,-158.000496,6,0.180846
4/23/2019,35.785924,-158.000464,6,0.180975
4/23/2019,35.782913,-158.000469,6,0.181673
4/23/2019,35.779917,-158.000439,6,0.188364
4/23/2019,35.776932,-158.000388,6,0.187502
4/23/2019,35.773957,-158.000265,6,0.183271
4/23/2019,35.770982,-158.000188,6,0.182379
4/23/2019,35.768031,-158.000073,6,0.18201
4/23/2019,35.76516,-157.99998,6,0.181915
4/23/2019,35.762229,-157.999937,6,0.18081
4/23/2019,35.759274,-157.999879,6,0.180618
4/23/2019,35.7563,-157.999865,6,0.179487
4/23/2019,35.753354,-157.999882,6,0.181429
4/23/2019,35.750397,-157.999895,6,0.183187
4/23/2019,35.747495,-157.999983,6,0.180113
4/23/2019,35.744551,-158.000071,6,0.186157
4/23/2019,35.741553,-158.00016,6,0.18459
4/23/2019,35.738567,-158.000209,6,0.185645
4/23/2019,35.735565,-158.000134,6,0.186062
4/23/2019,35.732567,-158.000142,6,0.187081
4/23/2019,35.729593,-158.000116,6,0.184066
4/23/2019,35.726614,-158.000096,6,0.186465
4/23/2019,35.723613,-158.000074,6,0.185547
4/23/2019,35.720616,-158.000043,6,0.180881
4/23/2019,35.71767,-158.000067,6,0.183703
4/23/2019,35.714705,-158.000021,6,0.182008
4/23/2019,35.711741,-158.000002,6,0.181865
4/23/2019,35.708776,-157.99997,6,0.18152
4/23/2019,35.705806,-157.99993,6,0.183111
4/23/2019,35.702855,-157.999858,6,0.188388
4/23/2019,35.69992,-157.999875,6,0.186017
4/23/2019,35.667948,-157.999921,6,0.180543
4/23/2019,35.665039,-158.000021,6,0.17982
4/23/2019,35.662136,-158.000138,6,0.178822
4/23/2019,35.659244,-158.000218,6,0.176605
4/23/2019,35.656377,-158.000233,6,0.178838
4/23/2019,35.65344,-158.000302,6,0.17873
4/23/2019,35.650503,-158.000312,6,0.176429
4/23/2019,35.647584,-158.000419,6,0.176408
4/23/2019,35.644674,-158.000407,6,0.175584
4/23/2019,35.64177,-158.000392,6,0.178822
4/23/2019,35.63884,-158.000367,6,0.175186
4/23/2019,35.635939,-158.000321,6,0.178037
4/23/2019,35.633095,-158.000333,6,0.178778
4/23/2019,35.630251,-158.000339,6,0.177147
4/23/2019,35.627323,-158.000358,6,0.178459
4/23/2019,35.624416,-158.000409,6,0.179465
4/23/2019,35.621497,-158.000401,6,0.179585
4/23/2019,35.618565,-158.000375,6,0.179784
4/23/2019,35.615683,-158.000303,6,0.179065
4/23/2019,35.612839,-158.000282,6,0.179678
4/23/2019,35.609927,-158.000243,6,0.17805
4/23/2019,35.607038,-158.000174,6,0.182202
4/23/2019,35.604165,-158.000139,6,0.180533
4/23/2019,35.601272,-158.000139,6,0.183229
4/23/2019,35.598359,-158.000121,6,0.178782
4/23/2019,35.595414,-158.000152,6,0.177894
4/23/2019,35.59248,-158.000176,6,0.180788
4/23/2019,35.589549,-158.000199,6,0.177233
4/23/2019,35.586614,-158.000214,6,0.175421
4/23/2019,35.583625,-158.000151,6,0.171427
4/23/2019,35.580665,-158.000111,6,0.171633
4/23/2019,35.577706,-158.000055,6,0.170933
4/23/2019,35.574759,-158.000016,6,0.169015
4/23/2019,35.571807,-158.000007,6,0.16809
4/23/2019,35.568874,-157.999981,6,0.169681
4/23/2019,35.565937,-157.999948,6,0.165017
4/23/2019,35.563011,-157.999941,6,0.166785
4/23/2019,35.560104,-158.000005,6,0.162375
4/23/2019,35.557163,-157.999949,6,0.156541
4/23/2019,35.554229,-157.99995,6,0.152793
4/23/2019,35.551263,-157.999935,6,0.152813
4/23/2019,35.548322,-157.999997,6,0.141081
4/23/2019,35.545374,-157.999973,6,0.141818
4/23/2019,35.54247,-157.999978,6,0.142421
4/23/2019,35.539612,-157.999973,6,0.144843
4/23/2019,35.536676,-157.999968,6,0.144864
4/23/2019,35.533713,-157.999983,6,0.14753
4/23/2019,35.530799,-157.999981,6,0.153684
4/23/2019,35.527863,-157.999996,6,0.151706
4/23/2019,35.52491,-157.999942,6,0.165789
4/23/2019,35.493387,-157.99985,6,0.184494
4/23/2019,35.491297,-157.999815,6,0.185753
4/23/2019,35.489217,-157.999771,6,0.180972
4/23/2019,35.487184,-157.999736,6,0.180557
4/23/2019,35.485179,-157.999775,6,0.181421
4/23/2019,35.483215,-157.99982,6,0.18177
4/23/2019,35.48111,-157.999896,6,0.185497
4/23/2019,35.478634,-158.000039,6,0.183625
4/23/2019,35.475658,-158.000061,6,0.182461
4/23/2019,35.47267,-158.000072,6,0.181972
4/23/2019,35.469679,-157.999992,6,0.182492
4/23/2019,35.466692,-157.999898,6,0.176828
4/23/2019,35.463721,-157.999832,6,0.172819
4/23/2019,35.460758,-157.999757,6,0.171201
4/23/2019,35.457769,-157.999717,6,0.168302
4/23/2019,35.454779,-157.999645,6,0.170997
4/23/2019,35.451806,-157.999565,6,0.167524
4/23/2019,35.448932,-157.999616,6,0.163489
4/23/2019,35.446087,-157.999685,6,0.164393
4/23/2019,35.443165,-157.999786,6,0.160836
4/23/2019,35.4402,-157.99985,6,0.161199
4/23/2019,35.437212,-157.99986,6,0.159673
4/23/2019,35.43425,-157.999888,6,0.15801
4/23/2019,35.431303,-157.999968,6,0.156606
4/23/2019,35.428375,-158.000015,6,0.157234
4/23/2019,35.425461,-158.000103,6,0.156432
4/23/2019,35.422527,-158.000128,6,0.155512
4/23/2019,35.419576,-158.000174,6,0.155504
4/23/2019,35.416643,-158.000182,6,0.156607
4/23/2019,35.413751,-158.00025,6,0.150685
4/23/2019,35.4108,-158.000243,6,0.154547
4/23/2019,35.4078,-158.000104,6,0.150601
4/23/2019,35.404825,-158.000037,6,0.153579
4/23/2019,35.401856,-157.999953,6,0.15387
4/23/2019,35.398922,-157.999831,6,0.151073
4/23/2019,35.395986,-157.999734,6,0.152082
4/23/2019,35.393054,-157.999709,6,0.150052
4/23/2019,35.390162,-157.999739,6,0.147784
4/23/2019,35.387247,-157.999696,6,0.148247
4/23/2019,35.384302,-157.999729,6,0.143789
4/23/2019,35.381382,-157.999795,6,0.149328
4/23/2019,35.378464,-157.999846,6,0.14985
4/23/2019,35.375553,-157.999893,6,0.151478
4/23/2019,35.37262,-157.999992,6,0.157907
4/23/2019,35.369709,-158.000073,6,0.157544
4/23/2019,35.366803,-158.000164,6,0.158205
4/23/2019,35.363859,-158.000262,6,0.153799
4/23/2019,35.360931,-158.00031,6,0.158474
4/23/2019,35.358005,-158.000355,6,0.155232
4/23/2019,35.35508,-158.000367,6,0.16365
4/22/2019,35.323252,-158.000205,6,0.192548
4/22/2019,35.32037,-158.000286,6,0.193439
4/22/2019,35.317444,-158.000283,6,0.189309
4/22/2019,35.314484,-158.000269,6,0.186584
4/22/2019,35.311477,-158.000263,6,0.184654
4/22/2019,35.308605,-158.000255,6,0.178346
4/22/2019,35.30567,-158.000272,6,0.177607
4/22/2019,35.302708,-158.000323,6,0.180903
4/22/2019,35.299827,-158.000331,6,0.186935
4/22/2019,35.296909,-158.000371,6,0.188815
4/22/2019,35.293912,-158.000362,6,0.190847
4/22/2019,35.291046,-158.000344,6,0.194478
4/22/2019,35.288071,-158.00026,6,0.202732
4/22/2019,35.285128,-158.000208,6,0.202358
4/22/2019,35.282238,-158.000109,6,0.207264
4/22/2019,35.279266,-158.000045,6,0.206807
4/22/2019,35.276347,-158.000028,6,0.206795
4/22/2019,35.273464,-157.999914,6,0.208616
4/22/2019,35.270492,-157.999915,6,0.214063
4/22/2019,35.26759,-157.999936,6,0.209175
4/22/2019,35.264747,-157.999988,6,0.208839
4/22/2019,35.261884,-158.000032,6,0.213612
4/22/2019,35.259011,-158.000021,6,0.209452
4/22/2019,35.256084,-158.000036,6,0.207872
4/22/2019,35.253194,-158.000014,6,0.205522
4/22/2019,35.250319,-158.000074,6,0.205212
4/22/2019,35.247389,-158.00004,6,0.204732
4/22/2019,35.244479,-158.000036,6,0.202135
4/22/2019,35.241592,-158.000045,6,0.205009
4/22/2019,35.238691,-158.00005,6,0.205738
4/22/2019,35.235821,-158.000099,6,0.206952
4/22/2019,35.232913,-158.000165,6,0.210804
4/22/2019,35.230047,-158.000266,6,0.208042
4/22/2019,35.227175,-158.000405,6,0.207682
4/22/2019,35.224287,-158.000491,6,0.210534
4/22/2019,35.221463,-158.000531,6,0.207712
4/22/2019,35.218573,-158.000613,6,0.211646
4/22/2019,35.215671,-158.000632,6,0.206583
4/22/2019,35.212745,-158.000647,6,0.208747
4/22/2019,35.209851,-158.000708,6,0.21249
4/22/2019,35.207087,-158.000798,6,0.210728
4/22/2019,35.204605,-158.000882,6,0.208342
4/22/2019,35.202289,-158.000917,6,0.207584
4/22/2019,35.200232,-158.000958,6,0.206222
4/22/2019,35.198307,-158.000977,6,0.206083
4/22/2019,35.196412,-158.000983,6,0.206149
4/22/2019,35.194545,-158.000993,6,0.20511
4/22/2019,35.1927,-158.000996,6,0.200079
4/22/2019,35.19088,-158.001003,6,0.204245
4/22/2019,35.189056,-158.001007,6,0.206847
4/22/2019,35.169145,-158.001163,6,0.187319
4/22/2019,35.167302,-158.001205,6,0.190941
4/22/2019,35.16507,-158.001243,6,0.190352
4/22/2019,35.162219,-158.001224,6,0.191468
4/22/2019,35.159316,-158.001196,6,0.19461
4/22/2019,35.156439,-158.001219,6,0.19454
4/22/2019,35.15352,-158.001215,6,0.193997
4/22/2019,35.15074,-158.001237,6,0.197816
4/22/2019,35.148354,-158.001306,6,0.200788
4/22/2019,35.14604,-158.001344,6,0.202453
4/22/2019,35.143564,-158.00139,6,0.208901
4/22/2019,35.141012,-158.001461,6,0.207783
4/22/2019,35.138313,-158.00148,6,0.212974
4/22/2019,35.135531,-158.001552,6,0.210976
4/22/2019,35.132724,-158.001607,6,0.213862
4/22/2019,35.129884,-158.001694,6,0.211496
4/22/2019,35.127065,-158.001789,6,0.208115
4/22/2019,35.124288,-158.001929,6,0.196966
4/22/2019,35.12151,-158.002044,6,0.193678
4/22/2019,35.118713,-158.002215,6,0.193193
4/22/2019,35.115956,-158.002322,6,0.19175
4/22/2019,35.11317,-158.002397,6,0.191582
4/22/2019,35.110374,-158.0025,6,0.189728
4/22/2019,35.107569,-158.002602,6,0.183352
4/22/2019,35.104799,-158.002719,6,0.176888
4/22/2019,35.102046,-158.002802,6,0.162708
4/22/2019,35.099268,-158.0029,6,0.160383
4/22/2019,35.096471,-158.002946,6,0.159322
4/22/2019,35.09369,-158.003044,6,0.159199
4/22/2019,35.090901,-158.002994,6,0.159763
4/22/2019,35.088128,-158.002935,6,0.16329
4/22/2019,35.085391,-158.002894,6,0.164155
4/22/2019,35.082684,-158.00288,6,0.16369
4/22/2019,35.079991,-158.002783,6,0.164812
4/22/2019,35.077191,-158.002686,6,0.165203
4/22/2019,35.074444,-158.002566,6,0.164026
4/22/2019,35.071719,-158.002496,6,0.159485
4/22/2019,35.068983,-158.002426,6,0.160147
4/22/2019,35.066195,-158.002382,6,0.161031
4/22/2019,35.063401,-158.002279,6,0.160875
4/22/2019,35.060589,-158.002203,6,0.157515
4/22/2019,35.057752,-158.002119,6,0.15337
4/22/2019,35.054949,-158.002047,6,0.154065
4/22/2019,35.052142,-158.001988,6,0.152655
4/22/2019,35.049322,-158.001922,6,0.146433
4/22/2019,35.046505,-158.001878,6,0.145691
4/22/2019,35.04372,-158.001816,6,0.143984
4/22/2019,35.040888,-158.001723,6,0.140336
4/22/2019,35.038028,-158.00157,6,0.140359
4/22/2019,35.035168,-158.001444,6,0.14041
4/22/2019,35.004073,-158.000081,6,0.147611
4/22/2019,35.001232,-157.999998,6,0.150962
4/22/2019,34.998407,-157.999946,6,0.147334
4/22/2019,34.995577,-157.999821,6,0.150225
4/22/2019,34.992699,-157.999696,6,0.144138
4/22/2019,34.989846,-157.999585,6,0.139436
4/22/2019,34.986996,-157.99952,6,0.138117
4/22/2019,34.984154,-157.999495,6,0.138323
4/22/2019,34.981333,-157.999455,6,0.140934
4/22/2019,34.978567,-157.999384,6,0.138512
4/22/2019,34.975812,-157.999465,6,0.138297
4/22/2019,34.973049,-157.999584,6,0.142381
4/22/2019,34.970205,-157.999727,6,0.138013
4/22/2019,34.967349,-157.99983,6,0.138987
4/22/2019,34.964481,-157.99994,6,0.138001
4/22/2019,34.961616,-158.000052,6,0.138556
4/22/2019,34.958764,-158.000182,6,0.134006
4/22/2019,34.95593,-158.00033,6,0.139469
4/22/2019,34.953088,-158.00044,6,0.137656
4/22/2019,34.950213,-158.000573,6,0.137944
4/22/2019,34.94733,-158.000663,6,0.134897
4/22/2019,34.94447,-158.000773,6,0.139199
4/22/2019,34.941625,-158.000765,6,0.137903
4/22/2019,34.938715,-158.000754,6,0.137265
4/22/2019,34.935815,-158.000726,6,0.141518
4/22/2019,34.932938,-158.000717,6,0.141771
4/22/2019,34.930054,-158.000665,6,0.141521
4/22/2019,34.927158,-158.000639,6,0.143898
4/22/2019,34.924283,-158.000631,6,0.143108
4/22/2019,34.9214,-158.000617,6,0.142874
4/22/2019,34.918535,-158.000633,6,0.147767
4/22/2019,34.915659,-158.000689,6,0.151743
4/22/2019,34.912758,-158.000699,6,0.146194
4/22/2019,34.909945,-158.000723,6,0.149546
4/22/2019,34.907047,-158.000771,6,0.148055
4/22/2019,34.904185,-158.000718,6,0.148374
4/22/2019,34.901291,-158.00074,6,0.150865
4/22/2019,34.898421,-158.000711,6,0.155807
4/22/2019,34.895507,-158.000712,6,0.154576
4/22/2019,34.892623,-158.000668,6,0.156295
4/22/2019,34.889707,-158.000711,6,0.155785
4/22/2019,34.886849,-158.000708,6,0.151307
4/22/2019,34.883966,-158.000669,6,0.158487
4/22/2019,34.881099,-158.000646,6,0.160263
4/22/2019,34.878206,-158.000608,6,0.160097
4/22/2019,34.875332,-158.00058,6,0.162023
4/22/2019,34.872466,-158.000566,6,0.162819
4/22/2019,34.869608,-158.000525,6,0.164724
4/22/2019,34.866854,-158.000513,6,0.16097
4/22/2019,34.864672,-158.00052,6,0.156366
4/22/2019,34.846214,-158.000248,6,0.161976
4/22/2019,34.844555,-158.000273,6,0.160901
4/22/2019,34.842824,-158.000263,6,0.160775
4/22/2019,34.840835,-158.000292,6,0.16132
4/22/2019,34.838155,-158.00034,6,0.160809
4/22/2019,34.835176,-158.000324,6,0.161504
4/22/2019,34.832212,-158.000303,6,0.160346
4/22/2019,34.829273,-158.000326,6,0.160781
4/22/2019,34.82631,-158.00032,6,0.163092
4/22/2019,34.82333,-158.000339,6,0.162021
4/22/2019,34.820337,-158.000373,6,0.159166
4/22/2019,34.817341,-158.000365,6,0.159758
4/22/2019,34.8144,-158.000439,6,0.158151
4/22/2019,34.811521,-158.000416,6,0.157746
4/22/2019,34.808533,-158.0004,6,0.163403
4/22/2019,34.805578,-158.000433,6,0.161943
4/22/2019,34.802624,-158.000419,6,0.163884
4/22/2019,34.79963,-158.000368,6,0.162406
4/22/2019,34.796679,-158.000451,6,0.161925
4/22/2019,34.793728,-158.000467,6,0.159114
4/22/2019,34.790734,-158.000506,6,0.161656
4/22/2019,34.787746,-158.000529,6,0.161334
4/22/2019,34.784733,-158.000512,6,0.157255
4/22/2019,34.781734,-158.000514,6,0.159551
4/22/2019,34.778758,-158.000587,6,0.159433
4/22/2019,34.775844,-158.00063,6,0.159805
4/22/2019,34.772878,-158.000629,6,0.162164
4/22/2019,34.769922,-158.000672,6,0.159286
4/22/2019,34.766943,-158.000648,6,0.162681
4/22/2019,34.764018,-158.000608,6,0.157644
4/22/2019,34.761071,-158.000581,6,0.161854
4/22/2019,34.758083,-158.000475,6,0.160309
4/22/2019,34.755113,-158.000462,6,0.16379
4/22/2019,34.752142,-158.000432,6,0.164797
4/22/2019,34.749175,-158.000394,6,0.166365
4/22/2019,34.746226,-158.000342,6,0.169905
4/22/2019,34.743286,-158.000296,6,0.17022
4/22/2019,34.740344,-158.00029,6,0.17106
4/22/2019,34.737414,-158.000318,6,0.171231
4/22/2019,34.73453,-158.000406,6,0.174998
4/22/2019,34.731682,-158.000447,6,0.17457
4/22/2019,34.728753,-158.000446,6,0.169385
4/22/2019,34.725805,-158.000486,6,0.169631
4/22/2019,34.72289,-158.000509,6,0.171671
4/22/2019,34.719973,-158.000588,6,0.172025
4/22/2019,34.717024,-158.000539,6,0.1719
4/22/2019,34.714066,-158.000531,6,0.169051
4/22/2019,34.711129,-158.00054,6,0.169634
4/22/2019,34.708197,-158.000566,6,0.160232
4/22/2019,34.705238,-158.000492,6,0.161385
4/22/2019,34.673617,-157.99953,6,0.158486
4/22/2019,34.670731,-157.999525,6,0.15527
4/22/2019,34.66782,-157.999589,6,0.157773
4/22/2019,34.664968,-157.999617,6,0.157946
4/22/2019,34.662053,-157.999715,6,0.158508
4/22/2019,34.659162,-157.999787,6,0.159184
4/22/2019,34.656277,-157.999863,6,0.158401
4/22/2019,34.6534,-157.999934,6,0.154811
4/22/2019,34.650543,-157.99999,6,0.156023
4/22/2019,34.647686,-158.000084,6,0.152938
4/22/2019,34.644823,-158.00012,6,0.153329
4/22/2019,34.641964,-158.000149,6,0.153095
4/22/2019,34.639127,-158.000215,6,0.155538
4/22/2019,34.63624,-158.000275,6,0.152159
4/22/2019,34.633361,-158.000352,6,0.151782
4/22/2019,34.63053,-158.000451,6,0.147697
4/22/2019,34.627689,-158.000524,6,0.145889
4/22/2019,34.624839,-158.000608,6,0.146162
4/22/2019,34.622046,-158.000759,6,0.146407
4/22/2019,34.619261,-158.000807,6,0.146437
4/22/2019,34.616384,-158.000842,6,0.150412
4/22/2019,34.613547,-158.000856,6,0.148756
4/22/2019,34.610715,-158.000927,6,0.151258
4/22/2019,34.607921,-158.001008,6,0.151748
4/22/2019,34.605094,-158.001043,6,0.15147
4/22/2019,34.602318,-158.001007,6,0.150773
4/22/2019,34.599525,-158.001048,6,0.152101
4/22/2019,34.59672,-158.001043,6,0.152994
4/22/2019,34.593922,-158.001011,6,0.156041
4/22/2019,34.591127,-158.001043,6,0.157841
4/22/2019,34.588323,-158.001089,6,0.160619
4/22/2019,34.585515,-158.001097,6,0.161203
4/22/2019,34.582698,-158.001091,6,0.15939
4/22/2019,34.579869,-158.00112,6,0.160625
4/22/2019,34.577104,-158.001153,6,0.164244
4/22/2019,34.574312,-158.001207,6,0.163952
4/22/2019,34.571534,-158.001215,6,0.159754
4/22/2019,34.56869,-158.001187,6,0.16005
4/22/2019,34.565865,-158.001178,6,0.163964
4/22/2019,34.563017,-158.001126,6,0.161791
4/22/2019,34.560177,-158.001087,6,0.160732
4/22/2019,34.557323,-158.00104,6,0.159391
4/22/2019,34.554527,-158.001007,6,0.159582
4/22/2019,34.552034,-158.000942,6,0.155727
4/22/2019,34.550286,-158.000908,6,0.153599
4/22/2019,34.548699,-158.00087,6,0.156135
4/22/2019,34.547061,-158.000824,6,0.153528
4/22/2019,34.545371,-158.000788,6,0.153779
4/22/2019,34.54367,-158.000754,6,0.157894
4/22/2019,34.541967,-158.000706,6,0.16192
4/22/2019,34.523534,-158.000396,6,0.15793
4/22/2019,34.520685,-158.000334,6,0.154767
4/22/2019,34.517798,-158.00034,6,0.158676
4/22/2019,34.514956,-158.000373,6,0.15857
4/22/2019,34.512097,-158.00034,6,0.160317
4/22/2019,34.509245,-158.000415,6,0.160102
4/22/2019,34.506351,-158.000404,6,0.159448
4/22/2019,34.503495,-158.000438,6,0.158872
4/22/2019,34.500629,-158.000414,6,0.159323
4/22/2019,34.497775,-158.000415,6,0.158484
4/22/2019,34.49495,-158.000458,6,0.157318
4/22/2019,34.492117,-158.000472,6,0.157707
4/22/2019,34.489374,-158.000473,6,0.157028
4/22/2019,34.48661,-158.000496,6,0.15573
4/22/2019,34.483824,-158.000546,6,0.157627
4/22/2019,34.481021,-158.000481,6,0.158365
4/22/2019,34.478204,-158.000464,6,0.15927
4/22/2019,34.475458,-158.000413,6,0.161393
4/22/2019,34.472653,-158.000425,6,0.159605
4/22/2019,34.469822,-158.000384,6,0.162793
4/22/2019,34.467031,-158.000423,6,0.159119
4/22/2019,34.464182,-158.00035,6,0.155695
4/22/2019,34.461319,-158.000245,6,0.154179
4/22/2019,34.458479,-158.000172,6,0.154991
4/22/2019,34.455725,-158.000104,6,0.152253
4/22/2019,34.452875,-158.000042,6,0.154887
4/22/2019,34.450002,-157.99994,6,0.154086
4/22/2019,34.447134,-157.999815,6,0.154989
4/22/2019,34.444277,-157.999745,6,0.158397
4/22/2019,34.44143,-157.999788,6,0.159145
4/22/2019,34.438639,-157.999851,6,0.157287
4/22/2019,34.435873,-157.999977,6,0.159752
4/22/2019,34.43321,-158.00006,6,0.15905
4/22/2019,34.430478,-158.000153,6,0.157937
4/22/2019,34.427673,-158.000259,6,0.15826
4/22/2019,34.424836,-158.000294,6,0.155722
4/22/2019,34.421992,-158.000313,6,0.155129
4/22/2019,34.41914,-158.000417,6,0.154458
4/22/2019,34.416292,-158.000398,6,0.155901
4/22/2019,34.413432,-158.000297,6,0.155396
4/22/2019,34.410591,-158.000251,6,0.155432
4/22/2019,34.407786,-158.000164,6,0.153654
4/22/2019,34.404963,-158.000063,6,0.153814
4/22/2019,34.402171,-158.000024,6,0.150848
4/22/2019,34.399387,-157.999954,6,0.153986
4/22/2019,34.396585,-157.999912,6,0.152075
4/22/2019,34.393805,-157.999861,6,0.150438
4/22/2019,34.390969,-157.999842,6,0.150486
4/22/2019,34.388131,-157.999824,6,0.150286
4/22/2019,34.385286,-157.999789,6,0.154394
4/22/2019,34.35405,-158.000123,6,0.165946
4/22/2019,34.3512,-158.000085,6,0.168787
4/22/2019,34.348342,-158.000049,6,0.169117
4/22/2019,34.345473,-157.999977,6,0.172799
4/22/2019,34.342613,-157.999952,6,0.172244
4/22/2019,34.339803,-157.999929,6,0.173237
4/22/2019,34.336967,-157.999919,6,0.174321
4/22/2019,34.334105,-157.999924,6,0.179369
4/22/2019,34.331245,-157.999962,6,0.1832
4/22/2019,34.328371,-157.999899,6,0.181376
4/22/2019,34.325545,-157.999855,6,0.183793
4/22/2019,34.322707,-157.999836,6,0.179833
4/22/2019,34.31983,-157.999867,6,0.179985
4/22/2019,34.316975,-157.999834,6,0.180657
4/22/2019,34.314115,-157.999858,6,0.180109
4/22/2019,34.311255,-157.999867,6,0.179451
4/22/2019,34.308355,-157.999903,6,0.179116
4/22/2019,34.305452,-157.999873,6,0.17873
4/22/2019,34.302574,-157.99995,6,0.178679
4/22/2019,34.299682,-157.999924,6,0.178514
4/22/2019,34.296782,-157.999921,6,0.180171
4/22/2019,34.293914,-157.999904,6,0.18398
4/22/2019,34.291031,-157.99998,6,0.183416
4/22/2019,34.288147,-157.999979,6,0.182464
4/22/2019,34.285267,-157.99998,6,0.183018
4/22/2019,34.282438,-158.000022,6,0.181366
4/22/2019,34.279571,-158.000053,6,0.179216
4/22/2019,34.276753,-158.000126,6,0.178546
4/22/2019,34.273876,-158.000183,6,0.17868
4/22/2019,34.270957,-158.000144,6,0.178988
4/22/2019,34.268023,-158.000185,6,0.175573
4/22/2019,34.265101,-158.000154,6,0.174012
4/22/2019,34.262183,-158.000004,6,0.174563
4/22/2019,34.259255,-157.999912,6,0.175211
4/22/2019,34.256345,-157.99997,6,0.169136
4/22/2019,34.253418,-158.000053,6,0.168532
4/22/2019,34.250546,-158.00004,6,0.166372
4/22/2019,34.247617,-158.000034,6,0.170379
4/22/2019,34.244689,-158.000047,6,0.16664
4/22/2019,34.241771,-158.000092,6,0.166457
4/22/2019,34.238875,-158.000153,6,0.166747
4/22/2019,34.235977,-158.000196,6,0.164593
4/22/2019,34.233077,-158.000221,6,0.164409
4/22/2019,34.230151,-158.000224,6,0.163788
4/22/2019,34.227261,-158.000252,6,0.167094
4/22/2019,34.224375,-158.00021,6,0.162553
4/22/2019,34.221489,-158.000196,6,0.162422
4/22/2019,34.218668,-158.000201,6,0.159315
4/22/2019,34.215975,-158.000212,6,0.162977
4/22/2019,34.213536,-158.000212,6,0.164423
4/22/2019,34.192754,-157.999946,6,0.148259
4/22/2019,34.191128,-158.00002,6,0.147855
4/22/2019,34.189494,-158.00009,6,0.147481
4/22/2019,34.187893,-158.000174,6,0.143687
4/22/2019,34.186189,-158.000255,6,0.144048
4/22/2019,34.184074,-158.00035,6,0.145286
4/22/2019,34.181316,-158.000342,6,0.143247
4/22/2019,34.178439,-158.000401,6,0.144307
4/22/2019,34.175566,-158.000468,6,0.147031
4/22/2019,34.17269,-158.000463,6,0.143653
4/22/2019,34.16978,-158.000397,6,0.143574
4/22/2019,34.166893,-158.000401,6,0.140196
4/22/2019,34.164015,-158.000315,6,0.14245
4/22/2019,34.161104,-158.000218,6,0.143031
4/22/2019,34.158161,-158.000123,6,0.140549
4/22/2019,34.155223,-157.999972,6,0.140395
4/22/2019,34.152274,-157.999877,6,0.140426
4/22/2019,34.149333,-157.999854,6,0.143224
4/22/2019,34.146395,-157.999813,6,0.144645
4/22/2019,34.143461,-157.999885,6,0.140988
4/22/2019,34.140525,-157.999855,6,0.144688
4/22/2019,34.137573,-157.99983,6,0.138113
4/22/2019,34.134628,-157.99984,6,0.135813
4/22/2019,34.131685,-157.999891,6,0.137779
4/22/2019,34.128764,-157.999904,6,0.134284
4/22/2019,34.125833,-157.999931,6,0.133829
4/22/2019,34.122905,-157.99992,6,0.129652
4/22/2019,34.11996,-157.999965,6,0.129988
4/22/2019,34.11702,-157.999984,6,0.129104
4/22/2019,34.114094,-158.000058,6,0.131739
4/22/2019,34.111192,-158.00003,6,0.132196
4/22/2019,34.108277,-158.000028,6,0.131602
4/22/2019,34.105365,-158.000037,6,0.130425
4/22/2019,34.102421,-158.00008,6,0.130832
4/22/2019,34.099451,-158.00011,6,0.130785
4/22/2019,34.096499,-158.000129,6,0.129991
4/22/2019,34.093568,-158.000157,6,0.125549
4/22/2019,34.090649,-158.000255,6,0.130047
4/22/2019,34.087688,-158.000266,6,0.129927
4/22/2019,34.084725,-158.000263,6,0.131606
4/22/2019,34.081739,-158.000303,6,0.133883
4/22/2019,34.078762,-158.000281,6,0.134572
4/22/2019,34.075795,-158.000293,6,0.132612
4/22/2019,34.072798,-158.000275,6,0.130025
4/22/2019,34.069803,-158.000248,6,0.128167
4/22/2019,34.066808,-158.000234,6,0.123331
4/22/2019,34.063801,-158.000259,6,0.12392
4/22/2019,34.060796,-158.000299,6,0.121486
4/22/2019,34.05779,-158.000305,6,0.122657
4/22/2019,34.024408,-158.000059,6,0.113385
4/22/2019,34.021334,-158.000034,6,0.11346
4/22/2019,34.018241,-157.999931,6,0.1134
4/22/2019,34.015163,-157.999859,6,0.116686
4/22/2019,34.012115,-157.999806,6,0.113129
4/22/2019,34.009033,-157.999702,6,0.113073
4/22/2019,34.005949,-157.99964,6,0.112953
4/22/2019,34.002862,-157.999655,6,0.113906
4/22/2019,33.999773,-157.999729,6,0.111928
4/22/2019,33.996702,-157.99975,6,0.116605
4/22/2019,33.993597,-157.999866,6,0.117663
4/22/2019,33.990529,-157.999866,6,0.112979
4/22/2019,33.987435,-157.999876,6,0.117311
4/22/2019,33.984318,-157.999898,6,0.112769
4/22/2019,33.98116,-157.999919,6,0.112867
4/22/2019,33.977987,-157.999947,6,0.105823
4/22/2019,33.974817,-157.999896,6,0.107794
4/22/2019,33.97164,-157.999928,6,0.105426
4/22/2019,33.968421,-157.999969,6,0.105296
4/22/2019,33.96523,-157.999977,6,0.104963
4/22/2019,33.962051,-157.99994,6,0.105052
4/22/2019,33.958833,-157.999866,6,0.105842
4/22/2019,33.955615,-157.999774,6,0.105556
4/22/2019,33.952417,-157.999752,6,0.105385
4/22/2019,33.949194,-157.999786,6,0.105398
4/22/2019,33.945965,-157.999761,6,0.101054
4/22/2019,33.942751,-157.999796,6,0.100899
4/22/2019,33.939561,-157.999806,6,0.099999
4/22/2019,33.936351,-157.999866,6,0.103229
4/22/2019,33.933133,-157.999906,6,0.098174
4/22/2019,33.929882,-158.000108,6,0.101139
4/22/2019,33.926666,-158.000282,6,0.098453
4/22/2019,33.923445,-158.000305,6,0.101315
4/22/2019,33.920197,-158.000345,6,0.097474
4/22/2019,33.916937,-158.000221,6,0.099738
4/22/2019,33.913687,-158.00008,6,0.096394
4/22/2019,33.910424,-157.99991,6,0.096683
4/22/2019,33.907158,-157.999701,6,0.096921
4/22/2019,33.903871,-157.99959,6,0.1
4/22/2019,33.900554,-157.999585,6,0.099072
4/22/2019,33.897225,-157.999653,6,0.099584
4/22/2019,33.893864,-157.999566,6,0.09504
4/22/2019,33.890535,-157.999397,6,0.093829
4/22/2019,33.887282,-157.999237,6,0.090804
4/22/2019,33.88442,-157.999201,6,0.089387
4/22/2019,33.88224,-157.999266,6,0.089855
4/22/2019,33.880316,-157.999342,6,0.086031
4/22/2019,33.878419,-157.999394,6,0.085774
4/22/2019,33.876504,-157.999449,6,0.08815
4/22/2019,33.874584,-157.99947,6,0.08575
4/22/2019,33.85332,-157.998463,6,0.071035
4/22/2019,33.850876,-157.998506,6,0.071597
4/22/2019,33.848028,-157.998664,6,0.070442
4/22/2019,33.844747,-157.998763,6,0.069621
4/22/2019,33.841418,-157.99892,6,0.074801
4/22/2019,33.838052,-157.999131,6,0.073862
4/22/2019,33.834702,-157.999305,6,0.074404
4/22/2019,33.831362,-157.999462,6,0.074596
4/22/2019,33.82802,-157.999549,6,0.07334
4/22/2019,33.824666,-157.99975,6,0.077358
4/22/2019,33.821292,-157.999933,6,0.078026
4/22/2019,33.817939,-158.000025,6,0.077836
4/22/2019,33.81458,-158.00013,6,0.081315
4/22/2019,33.811243,-158.000201,6,0.080642
4/22/2019,33.807921,-158.000242,6,0.085153
4/22/2019,33.804611,-158.000375,6,0.081141
4/22/2019,33.801275,-158.000433,6,0.080773
4/22/2019,33.797954,-158.000438,6,0.082443
4/22/2019,33.794636,-158.000362,6,0.081485
4/22/2019,33.791333,-158.000341,6,0.079807
4/22/2019,33.788012,-158.000348,6,0.083386
4/22/2019,33.784691,-158.000302,6,0.085008
4/22/2019,33.781387,-158.000206,6,0.084286
4/22/2019,33.778085,-158.000206,6,0.086134
4/22/2019,33.774791,-158.000206,6,0.090622
4/22/2019,33.771493,-158.000113,6,0.090079
4/22/2019,33.768191,-158.000084,6,0.085509
4/22/2019,33.764928,-157.999919,6,0.084725
4/22/2019,33.761662,-157.999757,6,0.082493
4/22/2019,33.758393,-157.999632,6,0.08235
4/22/2019,33.755151,-157.999674,6,0.08751
4/22/2019,33.751874,-157.999674,6,0.086694
4/22/2019,33.748615,-157.9997,6,0.087096
4/22/2019,33.745365,-157.999666,6,0.085948
4/22/2019,33.742091,-157.999627,6,0.087844
4/22/2019,33.73882,-157.999585,6,0.086484
4/22/2019,33.735544,-157.999738,6,0.088784
4/22/2019,33.732259,-157.999887,6,0.091622
4/22/2019,33.728984,-158.000006,6,0.086947
4/22/2019,33.7257,-158.000168,6,0.087183
4/22/2019,33.722412,-158.000309,6,0.08682
4/22/2019,33.719119,-158.000399,6,0.083098
4/22/2019,33.715829,-158.000518,6,0.087726
4/22/2019,33.712535,-158.000519,6,0.082886
4/22/2019,33.709234,-158.000484,6,0.085667
4/22/2019,33.705938,-158.000414,6,0.083496
4/22/2019,33.702648,-158.000302,6,0.084204
4/22/2019,33.699358,-158.000059,6,0.090039
4/22/2019,33.696101,-157.999806,6,0.085535
4/22/2019,33.692817,-157.999629,6,0.08018
4/22/2019,33.656335,-157.99991,6,0.076807
4/22/2019,33.653028,-157.999921,6,0.075977
4/22/2019,33.649726,-158.000149,6,0.074798
4/22/2019,33.646446,-158.00047,6,0.075717
4/22/2019,33.643159,-158.000762,6,0.072065
4/22/2019,33.63987,-158.000893,6,0.073991
4/22/2019,33.636582,-158.000759,6,0.071741
4/22/2019,33.633297,-158.000567,6,0.070224
4/22/2019,33.630016,-158.00028,6,0.071317
4/22/2019,33.626746,-157.999958,6,0.072575
4/22/2019,33.623516,-158.000011,6,0.069078
4/22/2019,33.620274,-158.000094,6,0.069675
4/22/2019,33.617014,-157.999844,6,0.069324
4/22/2019,33.613744,-157.999664,6,0.069128
4/22/2019,33.610475,-157.999676,6,0.071625
4/22/2019,33.607201,-157.9997,6,0.071377
4/22/2019,33.603915,-157.999887,6,0.071794
4/22/2019,33.60062,-158.000056,6,0.073538
4/22/2019,33.59733,-158.000107,6,0.074726
4/22/2019,33.59407,-158.000227,6,0.075316
4/22/2019,33.590782,-158.000396,6,0.075325
4/22/2019,33.587493,-158.000556,6,0.075026
4/22/2019,33.584199,-158.000645,6,0.075105
4/22/2019,33.580936,-158.000716,6,0.074672
4/22/2019,33.577678,-158.0008,6,0.074554
4/22/2019,33.574421,-158.000827,6,0.074894
4/22/2019,33.571173,-158.000807,6,0.075127
4/22/2019,33.567946,-158.00081,6,0.071207
4/22/2019,33.564716,-158.00083,6,0.070904
4/22/2019,33.56152,-158.000793,6,0.072212
4/22/2019,33.558346,-158.000576,6,0.070987
4/22/2019,33.555174,-158.000299,6,0.07194
4/22/2019,33.552001,-158.000094,6,0.071331
4/22/2019,33.548817,-158.000063,6,0.071305
4/22/2019,33.545649,-158.000034,6,0.070637
4/22/2019,33.542474,-157.999946,6,0.076954
4/22/2019,33.539317,-158.000003,6,0.076466
4/22/2019,33.536137,-158.00003,6,0.075986
4/22/2019,33.533,-157.999917,6,0.070715
4/22/2019,33.529892,-157.999806,6,0.070695
4/22/2019,33.52688,-157.999708,6,0.067702
4/22/2019,33.523951,-157.999691,6,0.070724
4/22/2019,33.521173,-157.999998,6,0.069509
4/22/2019,33.518829,-157.999898,6,0.07153
4/22/2019,33.51692,-157.999971,6,0.07129
4/22/2019,33.515074,-158.000106,6,0.071163
4/22/2019,33.513242,-158.000219,6,0.070011
4/22/2019,33.511352,-158.000347,6,0.06624
4/22/2019,33.509385,-158.000495,6,0.066178
4/22/2019,33.507464,-158.000641,6,0.063515
4/22/2019,33.4833,-158.001774,6,0.063969
4/22/2019,33.480075,-158.00171,6,0.064173
4/22/2019,33.476862,-158.00163,6,0.064415
4/22/2019,33.473675,-158.001542,6,0.065903
4/22/2019,33.47049,-158.001419,6,0.068451
4/22/2019,33.467298,-158.001275,6,0.070167
4/22/2019,33.464129,-158.001103,6,0.069587
4/22/2019,33.460961,-158.000906,6,0.069439
4/22/2019,33.457757,-158.000716,6,0.064571
4/22/2019,33.454595,-158.000555,6,0.064602
4/22/2019,33.451443,-158.000459,6,0.06481
4/22/2019,33.448286,-158.000229,6,0.064542
4/22/2019,33.445126,-158.000064,6,0.065046
4/22/2019,33.441972,-157.999904,6,0.064025
4/22/2019,33.438816,-157.999688,6,0.060814
4/22/2019,33.435655,-157.999546,6,0.063727
4/22/2019,33.432486,-157.999446,6,0.060551
4/22/2019,33.429338,-157.999331,6,0.058983
4/22/2019,33.42619,-157.999116,6,0.060289
4/22/2019,33.42304,-157.998914,6,0.064138
4/22/2019,33.419884,-157.998793,6,0.060384
4/22/2019,33.416723,-157.998668,6,0.059176
4/22/2019,33.413554,-157.99856,6,0.058944
4/22/2019,33.410371,-157.998411,6,0.059059
4/22/2019,33.407198,-157.998284,6,0.057561
4/22/2019,33.404022,-157.998199,6,0.059061
4/22/2019,33.400843,-157.998159,6,0.060331
4/22/2019,33.397642,-157.998123,6,0.055916
4/22/2019,33.394432,-157.998103,6,0.060307
4/22/2019,33.391253,-157.998006,6,0.063664
4/22/2019,33.388067,-157.997897,6,0.059282
4/22/2019,33.384878,-157.997875,6,0.05978
4/22/2019,33.381692,-157.997793,6,0.059789
4/22/2019,33.378518,-157.997687,6,0.059701
4/22/2019,33.375329,-157.997567,6,0.060292
4/22/2019,33.372165,-157.997517,6,0.059645
4/22/2019,33.368986,-157.997488,6,0.059621
4/22/2019,33.365818,-157.997362,6,0.061102
4/22/2019,33.362626,-157.997312,6,0.059664
4/22/2019,33.359436,-157.997292,6,0.061274
4/22/2019,33.356247,-157.997237,6,0.06058
4/22/2019,33.353063,-157.997153,6,0.060305
4/22/2019,33.349903,-157.997112,6,0.061045
4/22/2019,33.346731,-157.997173,6,0.061472
4/22/2019,33.343543,-157.99726,6,0.062364
4/22/2019,33.340354,-157.99735,6,0.060488
4/22/2019,33.337165,-157.997394,6,0.06116
4/22/2019,33.333969,-157.997512,6,0.056806
4/22/2019,33.33077,-157.997592,6,0.061097
4/22/2019,33.327588,-157.997691,6,0.061473
4/22/2019,33.292783,-157.998196,6,0.065693
4/22/2019,33.28962,-157.998124,6,0.065863
4/22/2019,33.286469,-157.998153,6,0.063177
4/22/2019,33.283316,-157.998281,6,0.066068
4/22/2019,33.28016,-157.998335,6,0.066916
4/22/2019,33.276998,-157.998348,6,0.068119
4/22/2019,33.273838,-157.998393,6,0.063101
4/22/2019,33.270687,-157.998519,6,0.063623
4/22/2019,33.267533,-157.998543,6,0.063799
4/22/2019,33.26438,-157.998619,6,0.06463
4/22/2019,33.261207,-157.99866,6,0.065566
4/22/2019,33.258049,-157.998719,6,0.064505
4/22/2019,33.254889,-157.99884,6,0.060348
4/22/2019,33.251762,-157.998912,6,0.059607
4/22/2019,33.24861,-157.998967,6,0.059601
4/22/2019,33.24545,-157.999033,6,0.059904
4/22/2019,33.242297,-157.999066,6,0.060206
4/22/2019,33.239185,-157.999124,6,0.059027
4/22/2019,33.236052,-157.999235,6,0.059144
4/22/2019,33.232923,-157.999306,6,0.05862
4/22/2019,33.229804,-157.999334,6,0.059873
4/22/2019,33.22668,-157.999403,6,0.058712
4/22/2019,33.223556,-157.999469,6,0.055402
4/22/2019,33.220431,-157.999551,6,0.059907
4/22/2019,33.217275,-157.999609,6,0.060715
4/22/2019,33.214118,-157.999671,6,0.064941
4/22/2019,33.210978,-157.999749,6,0.062226
4/22/2019,33.207836,-157.999828,6,0.062007
4/22/2019,33.2047,-157.999923,6,0.061367
4/22/2019,33.20156,-157.999975,6,0.061036
4/22/2019,33.198426,-158.000038,6,0.060826
4/22/2019,33.19529,-158.000128,6,0.064835
4/22/2019,33.192156,-158.000235,6,0.065397
4/22/2019,33.189039,-158.000279,6,0.06575
4/22/2019,33.185936,-158.000315,6,0.062987
4/22/2019,33.182825,-158.000399,6,0.063139
4/22/2019,33.179717,-158.000417,6,0.066233
4/22/2019,33.176625,-158.000477,6,0.066222
4/22/2019,33.173528,-158.000619,6,0.061226
4/22/2019,33.170443,-158.000704,6,0.063338
4/22/2019,33.167355,-158.000772,6,0.063927
4/22/2019,33.164265,-158.000869,6,0.065892
4/22/2019,33.161182,-158.001024,6,0.065596
4/22/2019,33.158081,-158.001098,6,0.06882
4/22/2019,33.155008,-158.001172,6,0.064588
4/22/2019,33.151908,-158.001204,6,0.064807
4/22/2019,33.148821,-158.001277,6,0.064581
4/22/2019,33.145755,-158.001369,6,0.064774
4/22/2019,33.14267,-158.001442,6,0.061839
4/22/2019,33.139568,-158.001567,6,0.063113
4/22/2019,33.10531,-158.002505,6,0.064342
4/22/2019,33.102202,-158.002592,6,0.065091
4/22/2019,33.099074,-158.002747,6,0.065381
4/22/2019,33.095956,-158.002826,6,0.067188
4/22/2019,33.09285,-158.002794,6,0.063072
4/22/2019,33.089733,-158.002746,6,0.063093
4/22/2019,33.086613,-158.002772,6,0.059436
4/22/2019,33.083483,-158.002798,6,0.059616
4/22/2019,33.080365,-158.002762,6,0.061548
4/22/2019,33.077281,-158.002705,6,0.059978
4/22/2019,33.07416,-158.002732,6,0.059655
4/22/2019,33.071057,-158.002796,6,0.060326
4/22/2019,33.067954,-158.002766,6,0.064851
4/22/2019,33.064855,-158.002827,6,0.068867
4/22/2019,33.061749,-158.002804,6,0.065094
4/22/2019,33.058628,-158.002791,6,0.067383
4/22/2019,33.055494,-158.002695,6,0.068758
4/22/2019,33.052353,-158.002647,6,0.070814
4/22/2019,33.049219,-158.002648,6,0.068932
4/22/2019,33.046103,-158.002629,6,0.068421
4/22/2019,33.042962,-158.002676,6,0.067447
4/22/2019,33.03983,-158.002673,6,0.061658
4/22/2019,33.036705,-158.002644,6,0.061371
4/22/2019,33.033606,-158.002639,6,0.059748
4/22/2019,33.030499,-158.002636,6,0.061363
4/22/2019,33.027401,-158.002608,6,0.062229
4/22/2019,33.024263,-158.002641,6,0.062157
4/22/2019,33.021098,-158.002631,6,0.061909
4/22/2019,33.01794,-158.0026,6,0.062774
4/22/2019,33.014756,-158.002544,6,0.062848
4/22/2019,33.01158,-158.00247,6,0.064946
4/22/2019,33.008418,-158.00258,6,0.063032
4/22/2019,33.005253,-158.002833,6,0.0645
4/22/2019,33.002074,-158.00298,6,0.066641
4/22/2019,32.99891,-158.003207,6,0.06643
4/22/2019,32.995739,-158.003431,6,0.066126
4/22/2019,32.992561,-158.003612,6,0.067801
4/22/2019,32.98941,-158.003758,6,0.06665
4/22/2019,32.986276,-158.00403,6,0.066089
4/22/2019,32.983137,-158.004188,6,0.068354
4/22/2019,32.98112,-158.004324,6,0.06759
4/22/2019,32.975779,-158.004666,6,0.063192
4/22/2019,32.973821,-158.004788,6,0.064359
4/22/2019,32.970743,-158.004987,6,0.063267
4/22/2019,32.967668,-158.005165,6,0.067539
4/22/2019,32.964591,-158.005316,6,0.064609
4/22/2019,32.961515,-158.005478,6,0.06504
4/22/2019,32.958438,-158.005665,6,0.066871
4/22/2019,32.955343,-158.005777,6,0.062419
4/22/2019,32.952272,-158.005883,6,0.059317
4/22/2019,32.932876,-157.999854,6,0.062634
4/22/2019,32.932863,-157.999848,6,0.062289
4/22/2019,32.93286,-157.999842,6,0.062263
4/22/2019,32.932856,-157.999831,6,0.062499
4/22/2019,32.932846,-157.999851,6,0.061929
4/22/2019,32.93284,-157.999844,6,0.057161
4/22/2019,32.932845,-157.999839,6,0.057314
4/22/2019,32.932855,-157.999832,6,0.057775
4/22/2019,32.932858,-157.999848,6,0.057766
4/22/2019,32.932864,-157.999856,6,0.062922
4/22/2019,32.932871,-157.999848,6,0.062582
4/22/2019,32.932882,-157.999849,6,0.061096
4/22/2019,32.932892,-157.999874,6,0.061012
4/22/2019,32.932897,-157.999857,6,0.061563
4/22/2019,32.932925,-157.999847,6,0.060834
4/22/2019,32.932944,-157.999873,6,0.057846
4/22/2019,32.932936,-157.99987,6,0.056516
4/22/2019,32.932949,-157.999877,6,0.061273
4/22/2019,32.932953,-157.99987,6,0.061032
4/22/2019,32.932967,-157.999868,6,0.062961
4/22/2019,32.932969,-157.999886,6,0.063597
4/22/2019,32.93297,-157.999892,6,0.060477
4/22/2019,32.932969,-157.999892,6,0.06336
4/22/2019,32.932969,-157.999889,6,0.060389
4/22/2019,32.932972,-157.999883,6,0.060646
4/22/2019,32.932987,-157.999863,6,0.061238
4/22/2019,32.933002,-157.999888,6,0.062301
4/22/2019,32.932986,-157.999897,6,0.057667
4/22/2019,32.932983,-157.999896,6,0.061744
4/22/2019,32.932983,-157.999897,6,0.057921
4/22/2019,32.932989,-157.99989,6,0.056973
4/22/2019,32.933009,-157.999892,6,0.056894
4/22/2019,32.933023,-157.99989,6,0.055715
4/22/2019,32.933041,-157.999907,6,0.056927
4/22/2019,32.933053,-157.999903,6,0.056673
4/22/2019,32.933065,-157.999907,6,0.057949
4/22/2019,32.933075,-157.999908,6,0.061722
4/22/2019,32.933081,-157.999916,6,0.060173
4/22/2019,32.933097,-157.999918,6,0.062958
4/22/2019,32.933095,-157.999931,6,0.059336
4/22/2019,32.933102,-157.99994,6,0.058645
4/22/2019,32.933117,-157.999925,6,0.058367
4/22/2019,32.93313,-157.999946,6,0.057128
4/22/2019,32.933127,-157.999949,6,0.057029
4/22/2019,32.933133,-157.999948,6,0.056112
4/22/2019,32.933142,-157.999958,6,0.056869
4/22/2019,32.933155,-157.999961,6,0.056616
4/22/2019,32.933169,-157.999948,6,0.056345
4/22/2019,32.933191,-157.999948,6,0.05509
4/22/2019,32.933216,-157.999963,6,0.050719
4/22/2019,32.933419,-158.000041,6,0.058806
4/22/2019,32.933446,-158.000028,6,0.058575
4/22/2019,32.93345,-158.000057,6,0.058835
4/22/2019,32.933458,-158.000052,6,0.058295
4/22/2019,32.933468,-158.000068,6,0.056956
4/22/2019,32.933466,-158.000063,6,0.057437
4/22/2019,32.933462,-158.000059,6,0.057124
4/22/2019,32.933456,-158.000056,6,0.056922
4/22/2019,32.933456,-158.000069,6,0.056542
4/22/2019,32.933478,-158.000075,6,0.057078
4/22/2019,32.933503,-158.000048,6,0.056888
4/22/2019,32.933519,-158.000084,6,0.057338
4/22/2019,32.933528,-158.000087,6,0.058063
4/22/2019,32.933546,-158.000103,6,0.057561
4/22/2019,32.933569,-158.000093,6,0.057614
4/22/2019,32.933597,-158.000103,6,0.057345
4/22/2019,32.933611,-158.000135,6,0.057515
4/22/2019,32.933628,-158.000114,6,0.05821
4/22/2019,32.933653,-158.000124,6,0.057987
4/22/2019,32.933665,-158.000137,6,0.057786
4/22/2019,32.933667,-158.000129,6,0.057156
4/22/2019,32.933672,-158.000142,6,0.057041
4/22/2019,32.933675,-158.000156,6,0.053639
4/22/2019,32.933679,-158.000136,6,0.057514
4/22/2019,32.933676,-158.000139,6,0.053676
4/22/2019,32.933675,-158.00016,6,0.053719
4/22/2019,32.933687,-158.000141,6,0.053976
4/22/2019,32.93369,-158.000163,6,0.053361
4/22/2019,32.933706,-158.000164,6,0.052907
4/22/2019,32.933718,-158.000157,6,0.053734
4/22/2019,32.933726,-158.000161,6,0.05732
4/22/2019,32.93373,-158.000176,6,0.058354
4/22/2019,32.933738,-158.000172,6,0.05711
4/22/2019,32.933736,-158.000178,6,0.059129
4/22/2019,32.933741,-158.000177,6,0.057191
4/22/2019,32.933748,-158.000186,6,0.059884
4/22/2019,32.933738,-158.000182,6,0.058773
4/22/2019,32.933738,-158.000174,6,0.061366
4/22/2019,32.933737,-158.000174,6,0.062143
4/22/2019,32.933736,-158.000191,6,0.062202
4/22/2019,32.933748,-158.000175,6,0.062004
4/22/2019,32.933761,-158.000167,6,0.057633
4/22/2019,32.933765,-158.000185,6,0.061716
4/22/2019,32.933768,-158.000181,6,0.057624
4/22/2019,32.933774,-158.000205,6,0.057323
4/22/2019,32.93377,-158.000189,6,0.058115
4/22/2019,32.93378,-158.000177,6,0.057539
4/22/2019,32.933772,-158.000201,6,0.057358
4/22/2019,32.93377,-158.000181,6,0.059512
4/22/2019,32.933761,-158.000183,6,0.056423
4/22/2019,32.93348,-158.000132,6,0.054511
4/22/2019,32.933429,-158.000145,6,0.054318
4/22/2019,32.933377,-158.000155,6,0.050403
4/22/2019,32.933322,-158.000147,6,0.054157
4/22/2019,32.933285,-158.000124,6,0.054092
4/22/2019,32.933261,-158.000134,6,0.056862
4/22/2019,32.933236,-158.000138,6,0.059531
4/22/2019,32.933217,-158.000151,6,0.059285
4/22/2019,32.933198,-158.000135,6,0.058679
4/22/2019,32.933176,-158.000137,6,0.058784
4/22/2019,32.933159,-158.000153,6,0.059002
4/22/2019,32.933138,-158.000142,6,0.055269
4/22/2019,32.933114,-158.000138,6,0.05472
4/22/2019,32.933096,-158.000151,6,0.055053
4/22/2019,32.933076,-158.000126,6,0.054543
4/22/2019,32.933056,-158.000147,6,0.053575
4/22/2019,32.933035,-158.000136,6,0.053113
4/22/2019,32.933017,-158.000141,6,0.053375
4/22/2019,32.933004,-158.000146,6,0.05216
4/22/2019,32.932995,-158.000158,6,0.052718
4/22/2019,32.932982,-158.000141,6,0.054489
4/22/2019,32.932982,-158.000154,6,0.053589
4/22/2019,32.932979,-158.000167,6,0.054928
4/22/2019,32.932983,-158.000116,6,0.054882
4/22/2019,32.932994,-158.000151,6,0.055279
4/22/2019,32.932997,-158.000145,6,0.05428
4/22/2019,32.933011,-158.000156,6,0.053786
4/22/2019,32.933021,-158.000145,6,0.053757
4/22/2019,32.933037,-158.000123,6,0.053285
4/22/2019,32.933056,-158.000122,6,0.053867
4/22/2019,32.933067,-158.000147,6,0.0536
4/22/2019,32.933073,-158.000142,6,0.053013
4/22/2019,32.933086,-158.000148,6,0.05651
4/22/2019,32.933096,-158.000143,6,0.052961
4/22/2019,32.933101,-158.00014,6,0.051898
4/22/2019,32.933103,-158.000127,6,0.050414
4/22/2019,32.933101,-158.000134,6,0.052639
4/22/2019,32.933101,-158.000148,6,0.052375
4/22/2019,32.933096,-158.000135,6,0.053423
4/22/2019,32.93309,-158.000125,6,0.05214
4/22/2019,32.933098,-158.000149,6,0.053322
4/22/2019,32.933105,-158.000162,6,0.054089
4/22/2019,32.933106,-158.00012,6,0.056071
4/22/2019,32.933106,-158.00011,6,0.049897
4/22/2019,32.933117,-158.00013,6,0.052614
4/22/2019,32.933126,-158.00015,6,0.052882
4/22/2019,32.933133,-158.000142,6,0.05291
4/22/2019,32.933147,-158.000132,6,0.049719
4/22/2019,32.933161,-158.000149,6,0.05363
4/22/2019,32.933174,-158.000145,6,0.058994
4/22/2019,32.933282,-158.000148,6,0.058223
4/22/2019,32.933287,-158.000136,6,0.060007
4/22/2019,32.933291,-158.000125,6,0.061173
4/22/2019,32.933296,-158.000149,6,0.061203
4/22/2019,32.933286,-158.000133,6,0.059369
4/22/2019,32.933279,-158.000131,6,0.058877
4/22/2019,32.933271,-158.000139,6,0.059469
4/22/2019,32.933259,-158.000137,6,0.059202
4/22/2019,32.933241,-158.00013,6,0.057189
4/22/2019,32.933229,-158.000137,6,0.057499
4/22/2019,32.933217,-158.000146,6,0.057376
4/22/2019,32.933205,-158.00014,6,0.056707
4/22/2019,32.933197,-158.00015,6,0.056548
4/22/2019,32.933191,-158.000144,6,0.056541
4/22/2019,32.933198,-158.000143,6,0.05305
4/22/2019,32.933198,-158.00013,6,0.053885
4/22/2019,32.933211,-158.000148,6,0.053663
4/22/2019,32.933228,-158.000136,6,0.052781
4/22/2019,32.933253,-158.00013,6,0.053082
4/22/2019,32.933256,-158.000141,6,0.051352
4/22/2019,32.93327,-158.000149,6,0.052895
4/22/2019,32.933284,-158.000125,6,0.052965
4/22/2019,32.933305,-158.000123,6,0.052446
4/22/2019,32.933321,-158.000126,6,0.053535
4/22/2019,32.933332,-158.000146,6,0.052695
4/22/2019,32.933343,-158.000121,6,0.054302
4/22/2019,32.933347,-158.000135,6,0.055328
4/22/2019,32.93335,-158.000136,6,0.053734
4/22/2019,32.933346,-158.000143,6,0.058251
4/22/2019,32.93334,-158.000151,6,0.057867
4/22/2019,32.933323,-158.000154,6,0.058038
4/22/2019,32.933309,-158.000167,6,0.060341
4/22/2019,32.933283,-158.00015,6,0.060493
4/22/2019,32.933268,-158.000161,6,0.060891
4/22/2019,32.933257,-158.000163,6,0.056255
4/22/2019,32.933247,-158.000155,6,0.059484
4/22/2019,32.933244,-158.000166,6,0.057761
4/22/2019,32.933237,-158.000162,6,0.054392
4/22/2019,32.933222,-158.000174,6,0.058308
4/22/2019,32.933198,-158.000174,6,0.057257
4/22/2019,32.933187,-158.000185,6,0.05622
4/22/2019,32.933179,-158.000182,6,0.056324
4/22/2019,32.933165,-158.00018,6,0.056166
4/22/2019,32.933161,-158.000184,6,0.055478
4/22/2019,32.933152,-158.00018,6,0.055791
4/22/2019,32.933144,-158.000194,6,0.05526
4/22/2019,32.933136,-158.00019,6,0.055294
4/22/2019,32.933136,-158.000172,6,0.056013
4/22/2019,32.933143,-158.000178,6,0.053794
4/22/2019,32.933134,-158.000179,6,0.057411
4/22/2019,32.933055,-158.000212,6,0.051554
4/22/2019,32.933026,-158.00023,6,0.051371
4/22/2019,32.932985,-158.000238,6,0.051566
4/22/2019,32.93295,-158.000267,6,0.050033
4/22/2019,32.93292,-158.000266,6,0.051987
4/22/2019,32.932905,-158.000262,6,0.049165
4/22/2019,32.932889,-158.000242,6,0.048872
4/22/2019,32.932867,-158.00025,6,0.047732
4/22/2019,32.932856,-158.000274,6,0.050076
4/22/2019,32.932833,-158.000277,6,0.050766
4/22/2019,32.932809,-158.000294,6,0.05311
4/22/2019,32.932785,-158.000281,6,0.053966
4/22/2019,32.932767,-158.000277,6,0.054263
4/22/2019,32.932761,-158.000287,6,0.053835
4/22/2019,32.932746,-158.00027,6,0.054411
4/22/2019,32.93273,-158.000284,6,0.054354
4/22/2019,32.932718,-158.000283,6,0.053546
4/22/2019,32.932713,-158.000302,6,0.053489
4/22/2019,32.93271,-158.000287,6,0.05331
4/22/2019,32.932733,-158.000254,6,0.050865
4/22/2019,32.932795,-158.000141,6,0.053639
4/22/2019,32.93287,-157.999966,6,0.0521
4/22/2019,32.932929,-157.999822,6,0.053058
4/22/2019,32.932993,-157.999634,6,0.052875
4/22/2019,32.933025,-157.999576,6,0.051082
4/22/2019,32.933042,-157.999569,6,0.051858
4/22/2019,32.933051,-157.999594,6,0.052461
4/22/2019,32.933066,-157.999622,6,0.051648
4/22/2019,32.933078,-157.999619,6,0.050786
4/22/2019,32.933098,-157.99961,6,0.05134
4/22/2019,32.933131,-157.999626,6,0.052476
4/22/2019,32.933168,-157.999619,6,0.052673
4/22/2019,32.933194,-157.999638,6,0.051676
4/22/2019,32.933217,-157.999639,6,0.052567
4/22/2019,32.933236,-157.999656,6,0.053953
4/22/2019,32.933251,-157.999651,6,0.053702
4/22/2019,32.933266,-157.999658,6,0.053357
4/22/2019,32.93329,-157.999625,6,0.057563
4/22/2019,32.933297,-157.999661,6,0.058766
4/22/2019,32.9333,-157.99967,6,0.056306
4/22/2019,32.9333,-157.999666,6,0.055533
4/22/2019,32.933301,-157.999659,6,0.057484
4/22/2019,32.933308,-157.99966,6,0.05452
4/22/2019,32.933301,-157.999663,6,0.054233
4/22/2019,32.933303,-157.999658,6,0.052921
4/22/2019,32.933278,-157.999661,6,0.054467
4/22/2019,32.933254,-157.999655,6,0.05432
4/22/2019,32.933239,-157.999649,6,0.054678
4/22/2019,32.933231,-157.999635,6,0.052683
4/22/2019,32.933211,-157.999644,6,0.053699
4/22/2019,32.933127,-157.999622,6,0.052192
4/22/2019,32.933129,-157.999606,6,0.045443
4/22/2019,32.93311,-157.999591,6,0.046279
4/22/2019,32.933104,-157.999598,6,0.047207
4/22/2019,32.933104,-157.999593,6,0.048047
4/22/2019,32.933113,-157.999598,6,0.050786
4/22/2019,32.933125,-157.999601,6,0.051188
4/22/2019,32.933132,-157.999627,6,0.054148
4/22/2019,32.933118,-157.999608,6,0.050589
4/22/2019,32.933097,-157.999604,6,0.050985
4/22/2019,32.933079,-157.999618,6,0.049474
4/22/2019,32.933065,-157.999584,6,0.0475
4/22/2019,32.933039,-157.999585,6,0.050429
4/22/2019,32.933014,-157.999563,6,0.05011
4/22/2019,32.932996,-157.999571,6,0.0497
4/22/2019,32.932986,-157.999566,6,0.05078
4/22/2019,32.932981,-157.999551,6,0.050265
4/22/2019,32.932978,-157.999553,6,0.049753
4/22/2019,32.932972,-157.99954,6,0.050742
4/22/2019,32.932973,-157.999566,6,0.052045
4/22/2019,32.932978,-157.999559,6,0.051571
4/22/2019,32.932989,-157.99955,6,0.051421
4/22/2019,32.932984,-157.999551,6,0.050755
4/22/2019,32.932992,-157.999578,6,0.047525
4/22/2019,32.933012,-157.999564,6,0.051032
4/22/2019,32.933056,-157.999551,6,0.0464
4/22/2019,32.933082,-157.999596,6,0.048193
4/22/2019,32.933093,-157.999599,6,0.051222
4/22/2019,32.933102,-157.999592,6,0.050427
4/22/2019,32.933117,-157.999626,6,0.046941
4/22/2019,32.933129,-157.999611,6,0.047061
4/22/2019,32.933123,-157.999599,6,0.048277
4/22/2019,32.933128,-157.999636,6,0.050556
4/22/2019,32.933127,-157.999628,6,0.051381
4/22/2019,32.933144,-157.999626,6,0.051807
4/22/2019,32.933152,-157.999633,6,0.051958
4/22/2019,32.933157,-157.999645,6,0.051365
4/22/2019,32.933149,-157.999644,6,0.050898
4/22/2019,32.933145,-157.999626,6,0.051742
4/22/2019,32.933134,-157.999627,6,0.048111
4/22/2019,32.933126,-157.999633,6,0.047714
4/22/2019,32.933121,-157.999635,6,0.047852
4/22/2019,32.933136,-157.999638,6,0.048463
4/22/2019,32.933153,-157.999631,6,0.047287
4/22/2019,32.933139,-157.999623,6,0.049361
4/22/2019,32.933142,-157.999643,6,0.050869
4/22/2019,32.933139,-157.999632,6,0.051847
4/22/2019,32.933145,-157.999613,6,0.051307
4/22/2019,32.93316,-157.999633,6,0.051192
4/22/2019,32.93316,-157.999653,6,0.0465
4/22/2019,32.933361,-157.999766,6,0.052119
4/22/2019,32.933348,-157.999763,6,0.0508
4/22/2019,32.933364,-157.999743,6,0.053941
4/22/2019,32.933371,-157.999746,6,0.051991
4/22/2019,32.933358,-157.999763,6,0.053607
4/22/2019,32.933351,-157.999748,6,0.054607
4/22/2019,32.93334,-157.999756,6,0.053737
4/22/2019,32.933345,-157.999738,6,0.053815
4/22/2019,32.933349,-157.999761,6,0.056621
4/22/2019,32.933368,-157.999761,6,0.052178
4/22/2019,32.933379,-157.999762,6,0.05107
4/22/2019,32.933399,-157.999756,6,0.052478
4/22/2019,32.933408,-157.999786,6,0.050777
4/22/2019,32.933428,-157.999769,6,0.050607
4/22/2019,32.933429,-157.999799,6,0.052115
4/22/2019,32.933434,-157.99981,6,0.055502
4/22/2019,32.933441,-157.999799,6,0.056878
4/22/2019,32.933437,-157.999797,6,0.053553
4/22/2019,32.933435,-157.99981,6,0.053564
4/22/2019,32.933453,-157.999784,6,0.052933
4/22/2019,32.933472,-157.999809,6,0.052111
4/22/2019,32.933466,-157.999827,6,0.051646
4/22/2019,32.933457,-157.999802,6,0.051718
4/22/2019,32.93345,-157.999813,6,0.05103
4/22/2019,32.933451,-157.999809,6,0.055396
4/22/2019,32.933445,-157.999815,6,0.054808
4/22/2019,32.933444,-157.999821,6,0.053577
4/22/2019,32.93344,-157.999825,6,0.051292
4/22/2019,32.933411,-157.999818,6,0.053868
4/22/2019,32.933387,-157.999809,6,0.056255
4/22/2019,32.933385,-157.999814,6,0.054841
4/22/2019,32.933412,-157.999788,6,0.050289
4/22/2019,32.933444,-157.999814,6,0.050212
4/22/2019,32.933478,-157.999856,6,0.050417
4/22/2019,32.933469,-157.999849,6,0.051145
4/22/2019,32.933462,-157.99985,6,0.049868
4/22/2019,32.933475,-157.999854,6,0.047766
4/22/2019,32.933506,-157.999866,6,0.049825
4/22/2019,32.933554,-157.999851,6,0.050818
4/22/2019,32.933624,-157.999913,6,0.045717
4/22/2019,32.93364,-157.999963,6,0.04558
4/22/2019,32.933647,-157.999987,6,0.046404
4/22/2019,32.93367,-157.999959,6,0.050952
4/22/2019,32.933681,-157.999994,6,0.050082
4/22/2019,32.933719,-157.999966,6,0.050502
4/22/2019,32.933719,-158.000017,6,0.053387
4/22/2019,32.933715,-158.000001,6,0.055367
4/22/2019,32.933688,-158.000015,6,0.051857
4/22/2019,32.933684,-157.999994,6,0.049288
4/22/2019,32.933668,-158.000005,6,0.047048
4/22/2019,32.93368,-158.00001,6,0.056613
4/22/2019,32.933665,-158.000013,6,0.054174
4/22/2019,32.933647,-158,6,0.05709
4/22/2019,32.933619,-157.999969,6,0.054287
4/22/2019,32.933593,-157.999973,6,0.053045
4/22/2019,32.933562,-157.999958,6,0.05332
4/22/2019,32.933546,-157.999932,6,0.053549
4/22/2019,32.933527,-157.999947,6,0.054163
4/22/2019,32.933498,-157.999955,6,0.05547
4/22/2019,32.933474,-157.999912,6,0.058057
4/22/2019,32.933452,-157.999911,6,0.05762
4/22/2019,32.933444,-157.999891,6,0.056746
4/22/2019,32.93345,-157.999891,6,0.053771
4/22/2019,32.933447,-157.999899,6,0.057186
4/22/2019,32.93343,-157.999921,6,0.052373
4/22/2019,32.933442,-157.999893,6,0.054454
4/22/2019,32.933459,-157.999922,6,0.05519
4/22/2019,32.933508,-157.999927,6,0.052138
4/22/2019,32.933563,-157.999938,6,0.054898
4/22/2019,32.933615,-157.999985,6,0.05498
4/22/2019,32.933674,-158.000027,6,0.053959
4/22/2019,32.933703,-158.000038,6,0.053233
4/22/2019,32.93375,-158.000048,6,0.053525
4/22/2019,32.933767,-158.000122,6,0.053316
4/22/2019,32.93374,-158.000107,6,0.053604
4/22/2019,32.933722,-158.000082,6,0.056259
4/22/2019,32.933699,-158.000058,6,0.052065
4/22/2019,32.933673,-158.000046,6,0.052935
4/22/2019,32.933666,-158.000038,6,0.053753
4/22/2019,32.933641,-158.000033,6,0.050181
4/22/2019,32.933608,-158.000008,6,0.049848
4/22/2019,32.933611,-157.999988,6,0.048877
4/22/2019,32.933601,-157.999989,6,0.050051
4/22/2019,32.933602,-157.999969,6,0.049492
4/22/2019,32.933589,-157.99999,6,0.050279
4/22/2019,32.933602,-158.000001,6,0.054446
4/22/2019,32.933609,-158.000023,6,0.056117
4/22/2019,32.933651,-158.000004,6,0.058718
4/22/2019,32.933689,-158.000042,6,0.05553
4/22/2019,32.933673,-158.000048,6,0.056036
4/22/2019,32.933627,-158.000026,6,0.058444
4/22/2019,32.933622,-158.000016,6,0.052989
4/22/2019,32.933613,-158.000015,6,0.055465
4/22/2019,32.933605,-158.000006,6,0.053714
4/22/2019,32.933591,-158.000018,6,0.054154
4/22/2019,32.933593,-158,6,0.05764
4/22/2019,32.933634,-157.999979,6,0.05672
4/22/2019,32.933617,-158.000038,6,0.054331
4/22/2019,32.933617,-158.000011,6,0.057682
4/22/2019,32.933607,-158.000014,6,0.062642
4/22/2019,32.933513,-157.99993,6,0.049088
4/22/2019,32.933474,-157.999925,6,0.051409
4/22/2019,32.933455,-157.99991,6,0.049466
4/22/2019,32.933441,-157.999886,6,0.047991
4/22/2019,32.933415,-157.999883,6,0.049389
4/22/2019,32.9334,-157.999861,6,0.049094
4/22/2019,32.933393,-157.999863,6,0.049995
4/22/2019,32.933356,-157.999865,6,0.049056
4/22/2019,32.933323,-157.999839,6,0.049801
4/22/2019,32.933309,-157.999815,6,0.052
4/22/2019,32.933304,-157.999809,6,0.050395
4/22/2019,32.93331,-157.99981,6,0.050511
4/22/2019,32.933315,-157.999802,6,0.050377
4/22/2019,32.933299,-157.999802,6,0.051564
4/22/2019,32.933271,-157.999793,6,0.051462
4/22/2019,32.933264,-157.999787,6,0.050716
4/22/2019,32.933251,-157.999789,6,0.050981
4/22/2019,32.933245,-157.999767,6,0.051108
4/22/2019,32.933221,-157.99978,6,0.051205
4/22/2019,32.933211,-157.999755,6,0.050797
4/22/2019,32.933185,-157.999753,6,0.04981
4/22/2019,32.933155,-157.99975,6,0.050703
4/22/2019,32.933154,-157.999705,6,0.05107
4/22/2019,32.933132,-157.999713,6,0.049207
4/22/2019,32.933122,-157.999722,6,0.049177
4/22/2019,32.933112,-157.999718,6,0.049483
4/22/2019,32.933079,-157.999698,6,0.048849
4/22/2019,32.933051,-157.999692,6,0.048842
4/22/2019,32.933034,-157.999666,6,0.046454
4/22/2019,32.933003,-157.999678,6,0.049798
4/22/2019,32.932957,-157.999665,6,0.049859
4/22/2019,32.93294,-157.999629,6,0.05078
4/22/2019,32.932935,-157.999613,6,0.050515
4/22/2019,32.932923,-157.999629,6,0.051363
4/22/2019,32.932903,-157.999635,6,0.05349
4/22/2019,32.932896,-157.999627,6,0.049981
4/22/2019,32.932898,-157.999618,6,0.049797
4/22/2019,32.932922,-157.99962,6,0.049228
4/22/2019,32.93292,-157.999622,6,0.049401
4/22/2019,32.932919,-157.999628,6,0.049228
4/22/2019,32.932902,-157.999626,6,0.050404
4/22/2019,32.932903,-157.999588,6,0.051015
4/22/2019,32.932904,-157.999619,6,0.051182
4/22/2019,32.932891,-157.999592,6,0.051994
4/22/2019,32.932869,-157.999617,6,0.049383
4/22/2019,32.932868,-157.999603,6,0.050715
4/22/2019,32.9329,-157.999592,6,0.050095
4/22/2019,32.932896,-157.999615,6,0.049863
4/22/2019,32.932888,-157.999611,6,0.05214
4/22/2019,32.932891,-157.999595,6,0.044931
4/22/2019,32.932766,-157.999559,6,0.054062
4/22/2019,32.932752,-157.999544,6,0.053411
4/22/2019,32.932715,-157.999564,6,0.055789
4/22/2019,32.932693,-157.999512,6,0.054525
4/22/2019,32.932677,-157.999536,6,0.055931
4/22/2019,32.932657,-157.999531,6,0.055712
4/22/2019,32.93264,-157.999527,6,0.055307
4/22/2019,32.932628,-157.999513,6,0.058751
4/22/2019,32.932665,-157.999492,6,0.059936
4/22/2019,32.93273,-157.999502,6,0.055332
4/22/2019,32.932792,-157.999542,6,0.053901
4/22/2019,32.932853,-157.999621,6,0.054469
4/22/2019,32.932923,-157.999732,6,0.054089
4/22/2019,32.933137,-157.999827,6,0.055348
4/22/2019,32.933633,-157.999869,6,0.053583
4/22/2019,32.934486,-157.999882,6,0.053586
4/22/2019,32.935599,-157.999865,6,0.058113
4/22/2019,32.936988,-157.999882,6,0.052946
4/22/2019,32.938429,-157.999888,6,0.050219
4/22/2019,32.939848,-157.999913,6,0.053616
4/22/2019,32.941212,-157.99992,6,0.053603
4/22/2019,32.942615,-157.999959,6,0.053133
4/22/2019,32.944069,-157.999945,6,0.049994
4/22/2019,32.945535,-157.999946,6,0.059925
4/22/2019,32.947167,-157.99994,6,0.056518
4/22/2019,32.948972,-157.999928,6,0.055343
4/22/2019,32.950766,-157.999925,6,0.055471
4/22/2019,32.952542,-157.999945,6,0.054678
4/22/2019,32.954214,-157.9999,6,0.055693
4/22/2019,32.955924,-157.999886,6,0.054115
4/22/2019,32.957731,-157.99989,6,0.054268
4/22/2019,32.959519,-157.999895,6,0.054806
4/22/2019,32.961291,-157.999895,6,0.054548
4/22/2019,32.963092,-157.999927,6,0.054586
4/22/2019,32.964861,-157.999965,6,0.054636
4/22/2019,32.966646,-158.000003,6,0.05444
4/22/2019,32.968379,-158.000026,6,0.054969
4/22/2019,32.970056,-158.000029,6,0.054825
4/22/2019,32.971805,-158.000066,6,0.058358
4/22/2019,32.973612,-158.000098,6,0.056128
4/22/2019,32.97543,-158.000141,6,0.055484
4/22/2019,32.977215,-158.000138,6,0.056147
4/22/2019,32.978977,-158.000115,6,0.055984
4/22/2019,32.980755,-158.000072,6,0.052957
4/22/2019,32.982559,-158.000038,6,0.055943
4/22/2019,32.984375,-157.999993,6,0.053002
4/22/2019,32.98617,-157.999958,6,0.0564
4/22/2019,32.987957,-157.999943,6,0.0566
4/22/2019,32.989718,-157.999939,6,0.05906
4/22/2019,32.99145,-157.999921,6,0.065963
4/21/2019,33.01067,-157.999681,6,0.053785
4/21/2019,33.012348,-157.999693,6,0.056052
4/21/2019,33.014094,-157.999704,6,0.053607
4/21/2019,33.015866,-157.999715,6,0.051772
4/21/2019,33.017624,-157.999729,6,0.053076
4/21/2019,33.01939,-157.999781,6,0.052253
4/21/2019,33.021179,-157.999788,6,0.053932
4/21/2019,33.022988,-157.999828,6,0.050955
4/21/2019,33.024769,-157.999856,6,0.054903
4/21/2019,33.026559,-157.999897,6,0.055243
4/21/2019,33.028295,-157.999898,6,0.054481
4/21/2019,33.029955,-157.999852,6,0.054125
4/21/2019,33.031653,-157.99981,6,0.05442
4/21/2019,33.033416,-157.999782,6,0.054171
4/21/2019,33.03516,-157.999751,6,0.054292
4/21/2019,33.036898,-157.999752,6,0.049345
4/21/2019,33.038662,-157.999751,6,0.048561
4/21/2019,33.040414,-157.999757,6,0.049426
4/21/2019,33.042157,-157.999779,6,0.049356
4/21/2019,33.043835,-157.999815,6,0.052768
4/21/2019,33.045515,-157.999859,6,0.053799
4/21/2019,33.047232,-157.999928,6,0.054103
4/21/2019,33.048974,-158.00002,6,0.058549
4/21/2019,33.050676,-158.000079,6,0.058532
4/21/2019,33.052384,-158.000144,6,0.054915
4/21/2019,33.054142,-158.000301,6,0.055242
4/21/2019,33.055915,-158.000459,6,0.053395
4/21/2019,33.057639,-158.000681,6,0.057484
4/21/2019,33.059381,-158.000898,6,0.05766
4/21/2019,33.061154,-158.00111,6,0.054302
4/21/2019,33.062868,-158.001276,6,0.05836
4/21/2019,33.06456,-158.001479,6,0.058079
4/21/2019,33.066279,-158.001725,6,0.058372
4/21/2019,33.067966,-158.001981,6,0.058429
4/21/2019,33.069575,-158.002353,6,0.061209
4/21/2019,33.070979,-158.002458,6,0.058403
4/21/2019,33.071869,-158.001434,6,0.061261
4/21/2019,33.071611,-157.99992,6,0.058348
4/21/2019,33.070228,-157.999235,6,0.059277
4/21/2019,33.068438,-157.999293,6,0.059157
4/21/2019,33.066615,-157.999391,6,0.058745
4/21/2019,33.064845,-157.999518,6,0.058793
4/21/2019,33.06319,-157.999577,6,0.059197
4/21/2019,33.061517,-157.999635,6,0.058861
4/21/2019,33.05984,-157.999694,6,0.055083
4/21/2019,33.058099,-157.999754,6,0.060257
4/21/2019,33.056284,-157.99983,6,0.056409
4/21/2019,33.054474,-157.99991,6,0.060802
4/21/2019,33.052658,-157.999956,6,0.057075
4/21/2019,33.050755,-157.999991,6,0.055
4/21/2019,33.027611,-158.000425,6,0.057245
4/21/2019,33.025512,-158.000546,6,0.055811
4/21/2019,33.023336,-158.000633,6,0.054117
4/21/2019,33.021159,-158.000724,6,0.055213
4/21/2019,33.018929,-158.000838,6,0.051498
4/21/2019,33.016541,-158.000913,6,0.050915
4/21/2019,33.014083,-158.000959,6,0.053462
4/21/2019,33.011588,-158.001035,6,0.055117
4/21/2019,33.009093,-158.001122,6,0.052084
4/21/2019,33.006626,-158.001196,6,0.0505
4/21/2019,33.004216,-158.001398,6,0.052881
4/21/2019,33.001783,-158.00162,6,0.052959
4/21/2019,32.999287,-158.00187,6,0.053549
4/21/2019,32.996806,-158.002101,6,0.052953
4/21/2019,32.994366,-158.002284,6,0.053855
4/21/2019,32.991887,-158.002524,6,0.054222
4/21/2019,32.989421,-158.002738,6,0.057344
4/21/2019,32.986936,-158.002929,6,0.05679
4/21/2019,32.984471,-158.003152,6,0.053516
4/21/2019,32.981993,-158.003354,6,0.053603
4/21/2019,32.979498,-158.003547,6,0.053484
4/21/2019,32.977023,-158.003761,6,0.054214
4/21/2019,32.974533,-158.003977,6,0.052835
4/21/2019,32.972078,-158.00415,6,0.053789
4/21/2019,32.969549,-158.004344,6,0.052824
4/21/2019,32.966995,-158.00453,6,0.052303
4/21/2019,32.964459,-158.00473,6,0.053365
4/21/2019,32.961919,-158.004876,6,0.055755
4/21/2019,32.959382,-158.005045,6,0.050541
4/21/2019,32.956857,-158.005164,6,0.049546
4/21/2019,32.954305,-158.005309,6,0.051153
4/21/2019,32.951757,-158.005436,6,0.049858
4/21/2019,32.949204,-158.005538,6,0.04974
4/21/2019,32.946666,-158.005605,6,0.0503
4/21/2019,32.944134,-158.005675,6,0.052006
4/21/2019,32.941598,-158.005769,6,0.05639
4/21/2019,32.939062,-158.005849,6,0.052326
4/21/2019,32.936557,-158.005903,6,0.052274
4/21/2019,32.934112,-158.005901,6,0.051779
4/21/2019,32.931803,-158.005827,6,0.051618
4/21/2019,32.929983,-158.00467,6,0.049573
4/21/2019,32.929814,-158.002404,6,0.045124
4/21/2019,32.931172,-158.000833,6,0.050971
4/21/2019,32.932488,-157.99972,6,0.05067
4/21/2019,32.933024,-157.998899,6,0.051366
4/21/2019,32.93316,-157.998554,6,0.051058
4/21/2019,32.933126,-157.998501,6,0.051702
4/21/2019,32.933086,-157.998522,6,0.053111
4/21/2019,32.933112,-157.998489,6,0.053858
4/21/2019,32.933133,-157.998492,6,0.054751
4/21/2019,32.93313,-157.998487,6,0.051906
4/21/2019,32.933127,-157.998522,6,0.051977
4/21/2019,32.933151,-157.998497,6,0.052861
4/21/2019,32.933124,-157.998539,6,0.051525
4/21/2019,32.933103,-157.9985,6,0.05062
4/21/2019,32.933102,-157.9985,6,0.051354
4/21/2019,32.933099,-157.998489,6,0.051585
4/21/2019,32.933081,-157.998481,6,0.051196
4/21/2019,32.933071,-157.998474,6,0.050232
4/21/2019,32.933069,-157.998455,6,0.052528
4/21/2019,32.933101,-157.998451,6,0.050924
4/21/2019,32.933087,-157.998499,6,0.051185
4/21/2019,32.933108,-157.998474,6,0.051015
4/21/2019,32.933107,-157.998519,6,0.052564
4/21/2019,32.933135,-157.998488,6,0.051688
4/21/2019,32.933135,-157.998548,6,0.052098
4/21/2019,32.933127,-157.998532,6,0.051717
4/21/2019,32.933135,-157.99854,6,0.055819
4/21/2019,32.933151,-157.998511,6,0.051154
4/21/2019,32.933136,-157.998573,6,0.051168
4/21/2019,32.933134,-157.998537,6,0.055139
4/21/2019,32.933124,-157.998524,6,0.055583
4/21/2019,32.933107,-157.998494,6,0.051024
4/21/2019,32.933082,-157.998486,6,0.054909
4/21/2019,32.933061,-157.998473,6,0.05717
4/21/2019,32.933046,-157.998439,6,0.054564
4/21/2019,32.933032,-157.998428,6,0.055545
4/21/2019,32.933022,-157.998419,6,0.055559
4/21/2019,32.933021,-157.998416,6,0.055253
4/21/2019,32.933006,-157.998403,6,0.056572
4/21/2019,32.932991,-157.998407,6,0.051721
4/21/2019,32.93301,-157.998389,6,0.054989
4/21/2019,32.933014,-157.998379,6,0.051371
4/21/2019,32.933015,-157.998411,6,0.05145
4/21/2019,32.933029,-157.998426,6,0.050937
4/21/2019,32.933019,-157.998418,6,0.050699
4/21/2019,32.933017,-157.998424,6,0.050589
4/21/2019,32.933033,-157.998413,6,0.0507
4/21/2019,32.933003,-157.998417,6,0.050316
4/21/2019,32.933005,-157.998403,6,0.049141
4/21/2019,32.932998,-157.998423,6,0.049057
4/21/2019,32.933011,-157.998394,6,0.049783
4/21/2019,32.932988,-157.998407,6,0.049633
4/21/2019,32.932991,-157.998401,6,0.049776
4/21/2019,32.933,-157.998412,6,0.049956
4/21/2019,32.933017,-157.998417,6,0.050635
4/21/2019,32.933024,-157.99844,6,0.054188
4/21/2019,32.933026,-157.998446,6,0.049113
4/21/2019,32.933042,-157.998456,6,0.055614
4/21/2019,32.933043,-157.998474,6,0.055987
4/21/2019,32.933149,-157.998587,6,0.049734
4/21/2019,32.933152,-157.998577,6,0.051557
4/21/2019,32.933153,-157.998607,6,0.051729
4/21/2019,32.933184,-157.998601,6,0.053138
4/21/2019,32.933196,-157.998644,6,0.053738
4/21/2019,32.93321,-157.998635,6,0.052106
4/21/2019,32.933235,-157.998669,6,0.052415
4/21/2019,32.933265,-157.998664,6,0.048805
4/21/2019,32.933279,-157.998733,6,0.048724
4/21/2019,32.933261,-157.998717,6,0.049081
4/21/2019,32.933279,-157.998675,6,0.049445
4/21/2019,32.933295,-157.998705,6,0.049908
4/21/2019,32.933284,-157.99872,6,0.053547
4/21/2019,32.933256,-157.998704,6,0.054299
4/21/2019,32.933225,-157.998677,6,0.049899
4/21/2019,32.933217,-157.998635,6,0.051433
4/21/2019,32.933197,-157.998612,6,0.053226
4/21/2019,32.933178,-157.998595,6,0.050006
4/21/2019,32.933163,-157.998573,6,0.049622
4/21/2019,32.933137,-157.998547,6,0.048603
4/21/2019,32.933114,-157.998532,6,0.052266
4/21/2019,32.933098,-157.998517,6,0.052916
4/21/2019,32.933094,-157.998518,6,0.049134
4/21/2019,32.933099,-157.998522,6,0.049249
4/21/2019,32.933101,-157.998526,6,0.049104
4/21/2019,32.933082,-157.998516,6,0.048704
4/21/2019,32.933067,-157.998518,6,0.048863
4/21/2019,32.93309,-157.998486,6,0.048451
4/21/2019,32.933078,-157.998499,6,0.048827
4/21/2019,32.933093,-157.99849,6,0.049907
4/21/2019,32.933075,-157.998513,6,0.049925
4/21/2019,32.933076,-157.998499,6,0.04991
4/21/2019,32.933073,-157.998504,6,0.052875
4/21/2019,32.933057,-157.998501,6,0.053294
4/21/2019,32.93306,-157.998487,6,0.051764
4/21/2019,32.933055,-157.998479,6,0.050318
4/21/2019,32.933059,-157.998502,6,0.052156
4/21/2019,32.933091,-157.998468,6,0.050201
4/21/2019,32.933104,-157.998499,6,0.050048
4/21/2019,32.933075,-157.998506,6,0.049531
4/21/2019,32.933065,-157.998495,6,0.049524
4/21/2019,32.933058,-157.998482,6,0.049029
4/21/2019,32.933055,-157.998482,6,0.048959
4/21/2019,32.933067,-157.998465,6,0.04938
4/21/2019,32.933058,-157.998489,6,0.049662
4/21/2019,32.933055,-157.9985,6,0.049579
4/21/2019,32.93307,-157.998474,6,0.050933
4/21/2019,32.933078,-157.998506,6,0.052814
4/21/2019,32.933083,-157.998517,6,0.053867
4/21/2019,32.933116,-157.998503,6,0.048939
4/21/2019,32.9331,-157.998543,6,0.053864
4/21/2019,32.933112,-157.998548,6,0.054126
4/21/2019,32.933142,-157.998558,6,0.054136
4/21/2019,32.933174,-157.998596,6,0.053552
4/21/2019,32.933178,-157.998624,6,0.053758
4/21/2019,32.933181,-157.998652,6,0.054264
4/21/2019,32.933186,-157.99866,6,0.054091
4/21/2019,32.933218,-157.998667,6,0.05436
4/21/2019,32.933208,-157.998694,6,0.052205
4/21/2019,32.933209,-157.998716,6,0.054865
4/21/2019,32.933215,-157.998708,6,0.05455
4/21/2019,32.933225,-157.998712,6,0.054971
4/21/2019,32.933245,-157.998715,6,0.055026
4/21/2019,32.933242,-157.998755,6,0.054534
4/21/2019,32.933246,-157.998764,6,0.054502
4/21/2019,32.933266,-157.998794,6,0.054843
4/21/2019,32.933282,-157.99883,6,0.055471
4/21/2019,32.93331,-157.998899,6,0.053268
4/21/2019,32.933337,-157.998968,6,0.05342
4/21/2019,32.933399,-157.999074,6,0.056904
4/21/2019,32.933421,-157.999121,6,0.049883
4/21/2019,32.933442,-157.999191,6,0.049439
4/21/2019,32.933444,-157.999217,6,0.050306
4/21/2019,32.933477,-157.999242,6,0.05094
4/21/2019,32.933497,-157.999286,6,0.05033
4/21/2019,32.933509,-157.999314,6,0.049995
4/21/2019,32.933526,-157.999369,6,0.050388
4/21/2019,32.933528,-157.99939,6,0.054229
4/21/2019,32.933536,-157.999395,6,0.053938
4/21/2019,32.933536,-157.999419,6,0.05373
4/21/2019,32.933536,-157.999452,6,0.051346
4/21/2019,32.933559,-157.999473,6,0.050266
4/21/2019,32.933568,-157.99951,6,0.052181
4/21/2019,32.9336,-157.999542,6,0.050521
4/21/2019,32.933613,-157.999591,6,0.049527
4/21/2019,32.933607,-157.999627,6,0.049178
4/21/2019,32.933619,-157.999633,6,0.049785
4/21/2019,32.933629,-157.999676,6,0.053714
4/21/2019,32.933644,-157.999712,6,0.053574
4/21/2019,32.933678,-157.999718,6,0.053117
4/21/2019,32.933713,-157.999772,6,0.053201
4/21/2019,32.933719,-157.999863,6,0.053392
4/21/2019,32.933749,-157.999957,6,0.052852
4/21/2019,32.93375,-157.99999,6,0.053035
4/21/2019,32.933769,-158.000034,6,0.053269
4/21/2019,32.93377,-158.000072,6,0.054836
4/21/2019,32.933775,-158.000139,6,0.057183
4/21/2019,32.933801,-158.000144,6,0.053984
4/21/2019,32.933794,-158.000149,6,0.053129
4/21/2019,32.933794,-158.000164,6,0.054312
4/21/2019,32.933829,-158.000319,6,0.051081
4/21/2019,32.933827,-158.000314,6,0.051352
4/21/2019,32.933829,-158.000317,6,0.050703
4/21/2019,32.933829,-158.000343,6,0.054734
4/21/2019,32.933856,-158.00037,6,0.054419
4/21/2019,32.933833,-158.00038,6,0.054895
4/21/2019,32.933853,-158.000351,6,0.055159
4/21/2019,32.93384,-158.000347,6,0.051839
4/21/2019,32.933841,-158.000339,6,0.050358
4/21/2019,32.933821,-158.000351,6,0.05044
4/21/2019,32.933836,-158.000338,6,0.050516
4/21/2019,32.933839,-158.000349,6,0.051107
4/21/2019,32.933827,-158.000371,6,0.047589
4/21/2019,32.933835,-158.000344,6,0.050047
4/21/2019,32.933822,-158.000324,6,0.04952
4/21/2019,32.933807,-158.000309,6,0.047662
4/21/2019,32.933803,-158.000305,6,0.047123
4/21/2019,32.933802,-158.000248,6,0.050496
4/21/2019,32.933791,-158.000238,6,0.050703
4/21/2019,32.933776,-158.000223,6,0.051421
4/21/2019,32.933785,-158.000217,6,0.050992
4/21/2019,32.933801,-158.000232,6,0.051493
4/21/2019,32.933794,-158.00023,6,0.047865
4/21/2019,32.933791,-158.000229,6,0.048985
4/21/2019,32.933765,-158.000219,6,0.04638
4/21/2019,32.933746,-158.000213,6,0.045757
4/21/2019,32.933758,-158.000189,6,0.05049
4/21/2019,32.933777,-158.000178,6,0.046261
4/21/2019,32.933748,-158.000176,6,0.049459
4/21/2019,32.933748,-158.000158,6,0.050146
4/21/2019,32.933739,-158.000152,6,0.05003
4/21/2019,32.93375,-158.000128,6,0.050454
4/21/2019,32.933734,-158.000114,6,0.050439
4/21/2019,32.933724,-158.000081,6,0.050682
4/21/2019,32.933701,-158.000059,6,0.050333
4/21/2019,32.933694,-158.00002,6,0.05036
4/21/2019,32.933715,-157.999962,6,0.050127
4/21/2019,32.933659,-157.999958,6,0.050428
4/21/2019,32.933661,-157.999907,6,0.051128
4/21/2019,32.933663,-157.999884,6,0.050856
4/21/2019,32.933625,-157.999872,6,0.05087
4/21/2019,32.933599,-157.999817,6,0.0505
4/21/2019,32.933576,-157.999774,6,0.046896
4/21/2019,32.933556,-157.999738,6,0.052048
4/21/2019,32.933551,-157.999711,6,0.050128
4/21/2019,32.933583,-157.999695,6,0.050228
4/21/2019,32.933602,-157.999798,6,0.050259
4/21/2019,32.933605,-157.999814,6,0.050953
4/21/2019,32.933626,-157.999798,6,0.05516
4/21/2019,32.933622,-157.999796,6,0.058378
4/21/2019,32.933601,-157.999754,6,0.058109
4/21/2019,32.933612,-157.999776,6,0.056473
4/21/2019,32.9336,-157.999787,6,0.05618
4/21/2019,32.933619,-157.999802,6,0.055545
4/21/2019,32.933618,-157.999799,6,0.059088
4/21/2019,32.933615,-157.999826,6,0.056879
4/21/2019,32.933629,-157.99984,6,0.056145
4/21/2019,32.933645,-157.999864,6,0.057099
4/21/2019,32.93364,-157.999875,6,0.060205
4/21/2019,32.933645,-157.999867,6,0.056056
4/21/2019,32.93363,-157.999874,6,0.052112
4/21/2019,32.933628,-157.999876,6,0.057006
4/21/2019,32.933629,-157.999872,6,0.055347
4/21/2019,32.933633,-157.999863,6,0.055326
4/21/2019,32.933626,-157.999863,6,0.055619
4/21/2019,32.933643,-157.999885,6,0.058931
4/21/2019,32.933625,-157.999905,6,0.055836
4/21/2019,32.933649,-157.999913,6,0.055106
4/21/2019,32.933615,-157.999925,6,0.055884
4/21/2019,32.933625,-157.999885,6,0.055799
4/21/2019,32.933628,-157.999882,6,0.057592
4/21/2019,32.933621,-157.999878,6,0.057316
4/21/2019,32.933625,-157.999856,6,0.055177
4/21/2019,32.933591,-157.999859,6,0.055814
4/21/2019,32.933608,-157.999853,6,0.05878
4/21/2019,32.9336,-157.999838,6,0.055966
4/21/2019,32.933583,-157.999803,6,0.055452
4/21/2019,32.933569,-157.999765,6,0.057769
4/21/2019,32.933564,-157.999732,6,0.053589
4/21/2019,32.933566,-157.999702,6,0.054071
4/21/2019,32.933517,-157.99969,6,0.057439
4/21/2019,32.9335,-157.999638,6,0.053611
4/21/2019,32.933482,-157.999632,6,0.05309
4/21/2019,32.933524,-157.999603,6,0.053208
4/21/2019,32.933512,-157.999637,6,0.053711
4/21/2019,32.933524,-157.999615,6,0.052618
4/21/2019,32.933513,-157.999623,6,0.052823
4/21/2019,32.933504,-157.99964,6,0.050343
4/21/2019,32.933489,-157.999595,6,0.049421
4/21/2019,32.93346,-157.999566,6,0.053242
4/21/2019,32.933448,-157.999514,6,0.053936
4/21/2019,32.933435,-157.999508,6,0.057784
4/21/2019,32.933437,-157.999489,6,0.054673
4/21/2019,32.933431,-157.999497,6,0.055345
4/21/2019,32.933457,-157.99951,6,0.056213
4/21/2019,32.933464,-157.999528,6,0.059936
4/21/2019,32.933459,-157.999518,6,0.057383
4/21/2019,32.933485,-157.999511,6,0.054333
4/21/2019,32.93347,-157.999549,6,0.054972
4/21/2019,32.933501,-157.999624,6,0.05168
4/21/2019,32.933237,-158.000762,6,0.061751
4/21/2019,32.933229,-158.000788,6,0.061751
4/21/2019,32.933216,-158.000818,6,0.061751
4/21/2019,32.933194,-158.000831,6,0.059014
4/21/2019,32.933032,-158.001093,6,0.049508
4/21/2019,32.933032,-158.001114,6,0.058885
4/21/2019,32.933013,-158.001133,6,0.056225
4/21/2019,32.933005,-158.001137,6,0.057085
4/21/2019,32.932989,-158.001148,6,0.059737
4/21/2019,32.932988,-158.001173,6,0.057042
4/21/2019,32.932974,-158.0012,6,0.057452
4/21/2019,32.932957,-158.001219,6,0.057736
4/21/2019,32.932932,-158.001224,6,0.056417
4/21/2019,32.932913,-158.00125,6,0.057153
4/21/2019,32.932893,-158.001268,6,0.059724
4/21/2019,32.932864,-158.00128,6,0.061669
4/21/2019,32.93286,-158.001311,6,0.060217
4/21/2019,32.932848,-158.001336,6,0.059853
4/21/2019,32.932824,-158.00134,6,0.055411
4/21/2019,32.932801,-158.00135,6,0.059296
4/21/2019,32.932786,-158.001392,6,0.059273
4/21/2019,32.93275,-158.001405,6,0.059715
4/21/2019,32.932736,-158.001434,6,0.059989
4/21/2019,32.932716,-158.00144,6,0.060395
4/21/2019,32.932702,-158.001457,6,0.058688
4/21/2019,32.932699,-158.001468,6,0.059433
4/21/2019,32.932699,-158.001477,6,0.05563
4/21/2019,32.932681,-158.001487,6,0.055596
4/21/2019,32.932667,-158.001499,6,0.055413
4/21/2019,32.932651,-158.001504,6,0.053483
4/21/2019,32.932654,-158.001526,6,0.05352
4/21/2019,32.932634,-158.00152,6,0.053944
4/21/2019,32.932629,-158.001526,6,0.052251
4/21/2019,32.932691,-158.001454,6,0.054369
4/21/2019,32.932723,-158.001427,6,0.054397
4/21/2019,32.932738,-158.001406,6,0.054472
4/21/2019,32.932743,-158.001344,6,0.055246
4/21/2019,32.932771,-158.001303,6,0.056222
4/21/2019,32.932801,-158.001264,6,0.056648
4/21/2019,32.932819,-158.001234,6,0.056485
4/21/2019,32.932837,-158.001193,6,0.059875
4/21/2019,32.932859,-158.001152,6,0.06033
4/21/2019,32.932871,-158.001112,6,0.059351
4/21/2019,32.932883,-158.001068,6,0.059989
4/21/2019,32.932894,-158.001035,6,0.060048
4/21/2019,32.932915,-158.000998,6,0.05987
4/21/2019,32.932941,-158.000971,6,0.055842
4/21/2019,32.932943,-158.000933,6,0.056645
4/21/2019,32.932933,-158.00091,6,0.057437
4/21/2019,32.932944,-158.000884,6,0.057005
4/21/2019,32.932964,-158.000863,6,0.061093
4/21/2019,32.932965,-158.000826,6,0.057226
4/21/2019,32.932985,-158.000812,6,0.056949
4/21/2019,32.932985,-158.000794,6,0.060574
4/21/2019,32.932989,-158.000769,6,0.055572
4/21/2019,32.932991,-158.000752,6,0.05528
4/21/2019,32.933003,-158.000723,6,0.05554
4/21/2019,32.933014,-158.000708,6,0.053567
4/21/2019,32.933002,-158.000673,6,0.053459
4/21/2019,32.933011,-158.000663,6,0.05382
4/21/2019,32.933024,-158.000645,6,0.058748
4/21/2019,32.933021,-158.000642,6,0.059187
4/21/2019,32.933018,-158.000629,6,0.059284
4/21/2019,32.933036,-158.000619,6,0.056409
4/21/2019,32.93303,-158.000596,6,0.057594
4/21/2019,32.933046,-158.000582,6,0.060825
4/21/2019,32.933043,-158.000575,6,0.059464
4/21/2019,32.933051,-158.000559,6,0.05949
4/21/2019,32.933061,-158.000541,6,0.059991
4/21/2019,32.933054,-158.000531,6,0.063339
4/21/2019,32.933056,-158.000514,6,0.063126
4/21/2019,32.933054,-158.000514,6,0.060244
4/21/2019,32.933058,-158.000504,6,0.060061
4/21/2019,32.933064,-158.000501,6,0.059479
4/21/2019,32.933073,-158.000493,6,0.060543
4/21/2019,32.933074,-158.000476,6,0.060666
4/21/2019,32.93307,-158.000463,6,0.057322
4/21/2019,32.933082,-158.00045,6,0.055905
4/21/2019,32.933078,-158.000442,6,0.05592
4/21/2019,32.933082,-158.000439,6,0.056683
4/21/2019,32.933078,-158.000446,6,0.054212
4/21/2019,32.933078,-158.000421,6,0.054673
4/21/2019,32.933076,-158.000401,6,0.050124
4/21/2019,32.933069,-158.000445,6,0.065168
4/21/2019,32.933059,-158.000471,6,0.065309
4/21/2019,32.933049,-158.000514,6,0.066366
4/21/2019,32.933041,-158.000532,6,0.066692
4/21/2019,32.933048,-158.00054,6,0.061916
4/21/2019,32.933038,-158.000552,6,0.061892
4/21/2019,32.933047,-158.000587,6,0.066601
4/21/2019,32.933048,-158.000579,6,0.058984
4/21/2019,32.933027,-158.000585,6,0.061341
4/21/2019,32.93303,-158.000593,6,0.06098
4/21/2019,32.933042,-158.000614,6,0.0647
4/21/2019,32.933023,-158.000624,6,0.061388
4/21/2019,32.933022,-158.000619,6,0.060875
4/21/2019,32.933016,-158.00062,6,0.060313
4/21/2019,32.933016,-158.000621,6,0.061331
4/21/2019,32.93302,-158.000648,6,0.057364
4/21/2019,32.933021,-158.00066,6,0.056599
4/21/2019,32.933016,-158.000672,6,0.056714
4/21/2019,32.933014,-158.000668,6,0.061007
4/21/2019,32.933014,-158.000674,6,0.06105
4/21/2019,32.933,-158.000666,6,0.057632
4/21/2019,32.93301,-158.000678,6,0.057262
4/21/2019,32.933011,-158.000679,6,0.059043
4/21/2019,32.933024,-158.000682,6,0.061485
4/21/2019,32.933018,-158.000669,6,0.061054
4/21/2019,32.933014,-158.000669,6,0.061495
4/21/2019,32.933019,-158.000666,6,0.062381
4/21/2019,32.933018,-158.000672,6,0.062707
4/21/2019,32.933011,-158.000682,6,0.06295
4/21/2019,32.932996,-158.000702,6,0.063144
4/21/2019,32.932987,-158.000737,6,0.062523
4/21/2019,32.932969,-158.000756,6,0.065622
4/21/2019,32.932975,-158.000797,6,0.062949
4/21/2019,32.932969,-158.000806,6,0.057914
4/21/2019,32.932963,-158.000823,6,0.058903
4/21/2019,32.932948,-158.000832,6,0.058033
4/21/2019,32.932944,-158.000852,6,0.058385
4/21/2019,32.932937,-158.00089,6,0.05999
4/21/2019,32.932926,-158.00091,6,0.05921
4/21/2019,32.932907,-158.00093,6,0.059823
4/21/2019,32.932903,-158.00097,6,0.059646
4/21/2019,32.932891,-158.000993,6,0.057989
4/21/2019,32.93288,-158.001007,6,0.066091
4/21/2019,32.93287,-158.001024,6,0.066041
4/21/2019,32.932858,-158.001032,6,0.066064
4/21/2019,32.932859,-158.001049,6,0.060827
4/21/2019,32.932846,-158.001073,6,0.06315
4/21/2019,32.932841,-158.001096,6,0.061815
4/21/2019,32.932831,-158.001103,6,0.062619
4/21/2019,32.932821,-158.001113,6,0.063073
4/21/2019,32.932648,-158.001328,6,0.057879
4/21/2019,32.93264,-158.00134,6,0.058694
4/21/2019,32.932634,-158.001327,6,0.058467
4/21/2019,32.932648,-158.001327,6,0.058506
4/21/2019,32.932648,-158.001306,6,0.059126
4/21/2019,32.93265,-158.00129,6,0.057249
4/21/2019,32.932654,-158.001276,6,0.057098
4/21/2019,32.932657,-158.001266,6,0.05722
4/21/2019,32.932665,-158.001251,6,0.057689
4/21/2019,32.932676,-158.001203,6,0.053915
4/21/2019,32.932683,-158.001162,6,0.057848
4/21/2019,32.932701,-158.001117,6,0.05598
4/21/2019,32.9327,-158.001087,6,0.05644
4/21/2019,32.932705,-158.001057,6,0.059076
4/21/2019,32.932717,-158.001018,6,0.059347
4/21/2019,32.932727,-158.000978,6,0.059261
4/21/2019,32.932736,-158.000931,6,0.058653
4/21/2019,32.932734,-158.000887,6,0.058853
4/21/2019,32.932743,-158.000844,6,0.059403
4/21/2019,32.932753,-158.000791,6,0.059977
4/21/2019,32.932745,-158.000754,6,0.057896
4/21/2019,32.93273,-158.000709,6,0.059159
4/21/2019,32.932714,-158.000683,6,0.058249
4/21/2019,32.932713,-158.000643,6,0.057881
4/21/2019,32.932705,-158.000618,6,0.054707
4/21/2019,32.932819,-158.000577,6,0.054709
4/21/2019,32.933074,-158.00049,6,0.055577
4/21/2019,32.93364,-158.000371,6,0.056136
4/21/2019,32.934621,-158.000255,6,0.05641
4/21/2019,32.936029,-158.00013,6,0.056619
4/21/2019,32.938045,-158.000008,6,0.061137
4/21/2019,32.940883,-157.999973,6,0.061311
4/21/2019,32.944192,-158.000028,6,0.062475
4/21/2019,32.947494,-158.000045,6,0.059774
4/21/2019,32.950801,-158.000036,6,0.060002
4/21/2019,32.954117,-158.000001,6,0.060482
4/21/2019,32.957445,-157.999969,6,0.056292
4/21/2019,32.960784,-157.999954,6,0.054945
4/21/2019,32.96415,-158.000004,6,0.054843
4/21/2019,32.967523,-158.000018,6,0.055118
4/21/2019,32.970923,-158.000117,6,0.058713
4/21/2019,32.97431,-158.000203,6,0.055024
4/21/2019,32.977699,-158.00027,6,0.054922
4/21/2019,32.981094,-158.000303,6,0.059201
4/21/2019,32.984479,-158.000375,6,0.056113
4/21/2019,32.987856,-158.000411,6,0.059545
4/21/2019,32.99122,-158.000428,6,0.057748
4/21/2019,32.994574,-158.000484,6,0.059959
4/21/2019,32.997914,-158.000504,6,0.061099
4/21/2019,33.001271,-158.000588,6,0.052695
4/21/2019,33.038311,-158.000023,6,0.063938
4/21/2019,33.041702,-157.999996,6,0.059131
4/21/2019,33.045076,-157.999948,6,0.064575
4/21/2019,33.048457,-157.999897,6,0.063556
4/21/2019,33.051841,-157.999868,6,0.063744
4/21/2019,33.055218,-157.999832,6,0.066072
4/21/2019,33.058598,-157.999787,6,0.065005
4/21/2019,33.061961,-157.999746,6,0.066104
4/21/2019,33.06532,-157.9997,6,0.069789
4/21/2019,33.068672,-157.999834,6,0.066119
4/21/2019,33.072019,-157.999848,6,0.067043
4/21/2019,33.075356,-157.99985,6,0.061439
4/21/2019,33.078693,-157.999884,6,0.065585
4/21/2019,33.082023,-157.99992,6,0.065834
4/21/2019,33.085353,-157.999949,6,0.066
4/21/2019,33.088693,-157.999954,6,0.065441
4/21/2019,33.092033,-157.999993,6,0.065098
4/21/2019,33.095374,-158.000082,6,0.066677
4/21/2019,33.09872,-158.000176,6,0.066344
4/21/2019,33.102069,-158.000245,6,0.065891
4/21/2019,33.105407,-158.000189,6,0.063887
4/21/2019,33.108748,-158.000086,6,0.062038
4/21/2019,33.112069,-158.000035,6,0.063367
4/21/2019,33.115376,-157.999962,6,0.061957
4/21/2019,33.118685,-157.999847,6,0.062254
4/21/2019,33.122002,-157.999829,6,0.062182
4/21/2019,33.125307,-157.999809,6,0.062574
4/21/2019,33.128627,-157.999717,6,0.062403
4/21/2019,33.131947,-157.999639,6,0.061597
4/21/2019,33.135268,-157.999594,6,0.062356
4/21/2019,33.138595,-157.999566,6,0.062228
4/21/2019,33.141912,-157.999509,6,0.064832
4/21/2019,33.145241,-157.999454,6,0.065585
4/21/2019,33.148572,-157.999464,6,0.065199
4/21/2019,33.151902,-157.99953,6,0.064355
4/21/2019,33.15522,-157.999655,6,0.062989
4/21/2019,33.158509,-157.999741,6,0.064692
4/21/2019,33.161661,-157.999802,6,0.064414
4/21/2019,33.164578,-157.999828,6,0.067472
4/21/2019,33.167249,-157.999836,6,0.065743
4/21/2019,33.169763,-157.999894,6,0.065041
4/21/2019,33.172156,-157.999941,6,0.065108
4/21/2019,33.174292,-158.000001,6,0.066048
4/21/2019,33.176231,-158.00004,6,0.068829
4/21/2019,33.178152,-158.000086,6,0.065121
4/21/2019,33.180081,-158.000124,6,0.065118
4/21/2019,33.182011,-158.000169,6,0.065852
4/21/2019,33.183943,-158.000198,6,0.068983
4/21/2019,33.185846,-158.000221,6,0.062222
4/21/2019,33.187729,-158.000228,6,0.059161
4/21/2019,33.215145,-157.999833,6,0.070079
4/21/2019,33.21837,-157.999741,6,0.066317
4/21/2019,33.221605,-157.999639,6,0.066249
4/21/2019,33.224849,-157.999563,6,0.065905
4/21/2019,33.228107,-157.999437,6,0.061866
4/21/2019,33.231379,-157.99937,6,0.062913
4/21/2019,33.23466,-157.999359,6,0.066501
4/21/2019,33.237943,-157.999336,6,0.065291
4/21/2019,33.241211,-157.999328,6,0.066093
4/21/2019,33.244481,-157.999301,6,0.06569
4/21/2019,33.247744,-157.999272,6,0.061028
4/21/2019,33.251005,-157.999276,6,0.061114
4/21/2019,33.254264,-157.999266,6,0.060841
4/21/2019,33.257507,-157.999269,6,0.067177
4/21/2019,33.260759,-157.99924,6,0.066559
4/21/2019,33.263997,-157.9992,6,0.066452
4/21/2019,33.267245,-157.999267,6,0.066189
4/21/2019,33.270494,-157.999272,6,0.066728
4/21/2019,33.273734,-157.999266,6,0.066135
4/21/2019,33.276966,-157.999276,6,0.069218
4/21/2019,33.280193,-157.999308,6,0.06883
4/21/2019,33.283395,-157.999314,6,0.068341
4/21/2019,33.286612,-157.999269,6,0.06701
4/21/2019,33.28982,-157.999283,6,0.065896
4/21/2019,33.29301,-157.999262,6,0.065567
4/21/2019,33.296194,-157.999205,6,0.066083
4/21/2019,33.299363,-157.99921,6,0.065892
4/21/2019,33.302493,-157.999135,6,0.065975
4/21/2019,33.305615,-157.999049,6,0.067918
4/21/2019,33.308776,-157.99903,6,0.07091
4/21/2019,33.311946,-157.999006,6,0.069487
4/21/2019,33.315104,-157.998965,6,0.070845
4/21/2019,33.318266,-157.998958,6,0.070763
4/21/2019,33.321425,-157.998999,6,0.069341
4/21/2019,33.324562,-157.999066,6,0.067654
4/21/2019,33.327699,-157.99915,6,0.067476
4/21/2019,33.330846,-157.999193,6,0.071631
4/21/2019,33.334005,-157.999242,6,0.072259
4/21/2019,33.337141,-157.999312,6,0.072518
4/21/2019,33.34026,-157.999325,6,0.068471
4/21/2019,33.34336,-157.999305,6,0.073848
4/21/2019,33.346446,-157.999305,6,0.073427
4/21/2019,33.349548,-157.999279,6,0.071842
4/21/2019,33.352681,-157.99933,6,0.068071
4/21/2019,33.355812,-157.999311,6,0.070019
4/21/2019,33.358958,-157.999357,6,0.069784
4/21/2019,33.362102,-157.99939,6,0.069925
4/21/2019,33.36523,-157.999357,6,0.06963
4/21/2019,33.368325,-157.999355,6,0.070777
4/21/2019,33.37141,-157.999357,6,0.070081
4/21/2019,33.405666,-158.000598,6,0.067114
4/21/2019,33.408785,-158.000782,6,0.070711
4/21/2019,33.411893,-158.000889,6,0.070292
4/21/2019,33.414999,-158.001024,6,0.070216
4/21/2019,33.418096,-158.001128,6,0.070982
4/21/2019,33.421183,-158.001264,6,0.070538
4/21/2019,33.424281,-158.001378,6,0.071488
4/21/2019,33.427388,-158.001513,6,0.070986
4/21/2019,33.430484,-158.001595,6,0.070312
4/21/2019,33.433559,-158.001524,6,0.066494
4/21/2019,33.43662,-158.001403,6,0.066566
4/21/2019,33.439657,-158.001248,6,0.06495
4/21/2019,33.442692,-158.00107,6,0.065176
4/21/2019,33.445759,-158.000908,6,0.064925
4/21/2019,33.448857,-158.000808,6,0.064676
4/21/2019,33.451985,-158.000754,6,0.06983
4/21/2019,33.455096,-158.000661,6,0.068014
4/21/2019,33.458183,-158.00058,6,0.06475
4/21/2019,33.461267,-158.000464,6,0.067926
4/21/2019,33.464383,-158.000374,6,0.068183
4/21/2019,33.467479,-158.000286,6,0.063343
4/21/2019,33.470571,-158.000219,6,0.062545
4/21/2019,33.473679,-158.00012,6,0.068323
4/21/2019,33.476772,-158.000031,6,0.071977
4/21/2019,33.479877,-157.999902,6,0.066905
4/21/2019,33.483018,-157.999835,6,0.06628
4/21/2019,33.486162,-157.999793,6,0.06797
4/21/2019,33.489268,-157.999762,6,0.067068
4/21/2019,33.492336,-157.999763,6,0.067569
4/21/2019,33.495026,-157.999759,6,0.068049
4/21/2019,33.497293,-157.999733,6,0.068609
4/21/2019,33.501318,-157.999702,6,0.068583
4/21/2019,33.501892,-157.999706,6,0.067637
4/21/2019,33.504207,-157.999718,6,0.061488
4/21/2019,33.506512,-157.999743,6,0.061722
4/21/2019,33.508786,-157.999743,6,0.062364
4/21/2019,33.511052,-157.999726,6,0.062027
4/21/2019,33.51334,-157.999691,6,0.062344
4/21/2019,33.51559,-157.999666,6,0.063659
4/21/2019,33.517806,-157.999594,6,0.065071
4/21/2019,33.520035,-157.999574,6,0.064956
4/21/2019,33.522213,-157.999534,6,0.064959
4/21/2019,33.524443,-157.999513,6,0.063573
4/21/2019,33.52665,-157.999448,6,0.063221
4/21/2019,33.528901,-157.999394,6,0.063975
4/21/2019,33.531117,-157.999381,6,0.06479
4/21/2019,33.533111,-157.999368,6,0.063815
4/21/2019,33.534948,-157.999368,6,0.06755
4/21/2019,33.536801,-157.999356,6,0.063099
4/21/2019,33.538664,-157.999331,6,0.068014
4/21/2019,33.558648,-157.999157,6,0.077014
4/21/2019,33.5604,-157.999138,6,0.081289
4/21/2019,33.562523,-157.999057,6,0.080749
4/21/2019,33.565461,-157.999034,6,0.076604
4/21/2019,33.568453,-157.998967,6,0.07594
4/21/2019,33.571404,-157.998893,6,0.075594
4/21/2019,33.574357,-157.99878,6,0.072932
4/21/2019,33.577305,-157.998604,6,0.071735
4/21/2019,33.580294,-157.998537,6,0.072403
4/21/2019,33.583296,-157.998543,6,0.073688
4/21/2019,33.586299,-157.998538,6,0.074229
4/21/2019,33.589312,-157.998587,6,0.073672
4/21/2019,33.592328,-157.998615,6,0.074131
4/21/2019,33.595363,-157.99868,6,0.073634
4/21/2019,33.598386,-157.998725,6,0.076527
4/21/2019,33.601431,-157.998792,6,0.071677
4/21/2019,33.604478,-157.998868,6,0.069225
4/21/2019,33.607523,-157.998951,6,0.073953
4/21/2019,33.61054,-157.999023,6,0.074642
4/21/2019,33.613541,-157.999051,6,0.076712
4/21/2019,33.616526,-157.999018,6,0.074163
4/21/2019,33.619524,-157.999002,6,0.071645
4/21/2019,33.622529,-157.998973,6,0.075299
4/21/2019,33.625526,-157.99893,6,0.070011
4/21/2019,33.628554,-157.998932,6,0.069443
4/21/2019,33.631574,-157.998905,6,0.070821
4/21/2019,33.634582,-157.998905,6,0.070046
4/21/2019,33.637597,-157.998923,6,0.072551
4/21/2019,33.640636,-157.998884,6,0.074527
4/21/2019,33.643664,-157.998837,6,0.071504
4/21/2019,33.646707,-157.998804,6,0.074453
4/21/2019,33.649763,-157.998843,6,0.073389
4/21/2019,33.652826,-157.998835,6,0.073534
4/21/2019,33.655867,-157.99885,6,0.075183
4/21/2019,33.658898,-157.998849,6,0.08019
4/21/2019,33.661932,-157.998886,6,0.076911
4/21/2019,33.664947,-157.998839,6,0.076925
4/21/2019,33.667975,-157.998835,6,0.078054
4/21/2019,33.670986,-157.998838,6,0.078127
4/21/2019,33.673985,-157.998842,6,0.077199
4/21/2019,33.677,-157.998848,6,0.078811
4/21/2019,33.680021,-157.998867,6,0.07637
4/21/2019,33.683036,-157.998919,6,0.07532
4/21/2019,33.686048,-157.99902,6,0.076368
4/21/2019,33.689069,-157.999126,6,0.074286
4/21/2019,33.692087,-157.999213,6,0.075028
4/21/2019,33.695106,-157.999283,6,0.077295
4/21/2019,33.698131,-157.999352,6,0.076528
4/21/2019,33.701153,-157.99945,6,0.076573
4/21/2019,33.704159,-157.999507,6,0.081733
4/21/2019,33.737514,-158.0001,6,0.076731
4/21/2019,33.740571,-158.000147,6,0.080112
4/21/2019,33.743629,-158.000214,6,0.077756
4/21/2019,33.74669,-158.000187,6,0.0779
4/21/2019,33.749778,-158.000226,6,0.077809
4/21/2019,33.752802,-158.000228,6,0.076593
4/21/2019,33.755935,-158.000288,6,0.077003
4/21/2019,33.759016,-158.000367,6,0.071801
4/21/2019,33.762135,-158.00043,6,0.072735
4/21/2019,33.765134,-158.000436,6,0.072692
4/21/2019,33.768156,-158.000467,6,0.076653
4/21/2019,33.771335,-158.000519,6,0.077051
4/21/2019,33.774349,-158.000581,6,0.079676
4/21/2019,33.777395,-158.000598,6,0.079401
4/21/2019,33.780491,-158.000663,6,0.079732
4/21/2019,33.783468,-158.000677,6,0.077777
4/21/2019,33.786509,-158.000681,6,0.075955
4/21/2019,33.789541,-158.000689,6,0.077049
4/21/2019,33.792561,-158.000661,6,0.075732
4/21/2019,33.795583,-158.000634,6,0.080096
4/21/2019,33.798626,-158.000637,6,0.076654
4/21/2019,33.801649,-158.0006,6,0.075591
4/21/2019,33.804657,-158.000552,6,0.075818
4/21/2019,33.807679,-158.000558,6,0.07582
4/21/2019,33.81071,-158.000606,6,0.075358
4/21/2019,33.813747,-158.000659,6,0.076068
4/21/2019,33.816783,-158.00068,6,0.076135
4/21/2019,33.819825,-158.000701,6,0.071535
4/21/2019,33.822883,-158.000766,6,0.075589
4/21/2019,33.825954,-158.000815,6,0.07108
4/21/2019,33.829006,-158.000853,6,0.073502
4/21/2019,33.832045,-158.000851,6,0.069884
4/21/2019,33.835115,-158.000871,6,0.06802
4/21/2019,33.838195,-158.000938,6,0.067452
4/21/2019,33.841268,-158.001025,6,0.068668
4/21/2019,33.844352,-158.001089,6,0.068893
4/21/2019,33.847443,-158.00114,6,0.073513
4/21/2019,33.850497,-158.001176,6,0.071943
4/21/2019,33.853421,-158.001193,6,0.068427
4/21/2019,33.855799,-158.001141,6,0.069227
4/21/2019,33.857856,-158.00111,6,0.070235
4/21/2019,33.859866,-158.001091,6,0.070519
4/21/2019,33.861729,-158.001094,6,0.07247
4/21/2019,33.863562,-158.001086,6,0.072361
4/21/2019,33.865382,-158.00107,6,0.066712
4/21/2019,33.867204,-158.001067,6,0.072595
4/21/2019,33.869032,-158.001035,6,0.069006
4/21/2019,33.870854,-158.001017,6,0.066877
4/21/2019,33.872706,-158.000983,6,0.069146
4/21/2019,33.874579,-158.000989,6,0.062527
4/21/2019,33.901075,-158.000605,6,0.085835
4/21/2019,33.904302,-158.000544,6,0.091682
4/21/2019,33.90753,-158.000499,6,0.085142
4/21/2019,33.910767,-158.000463,6,0.088287
4/21/2019,33.914,-158.000436,6,0.087957
4/21/2019,33.917231,-158.000373,6,0.087351
4/21/2019,33.920455,-158.000347,6,0.086859
4/21/2019,33.923657,-158.000253,6,0.086602
4/21/2019,33.926885,-158.00023,6,0.083933
4/21/2019,33.930106,-158.000178,6,0.083449
4/21/2019,33.933297,-158.000079,6,0.088258
4/21/2019,33.936496,-157.999971,6,0.088358
4/21/2019,33.939712,-157.999921,6,0.086692
4/21/2019,33.942939,-157.999934,6,0.082763
4/21/2019,33.946134,-157.999915,6,0.083087
4/21/2019,33.949315,-157.999882,6,0.083285
4/21/2019,33.952511,-157.999872,6,0.084238
4/21/2019,33.955686,-157.999864,6,0.088474
4/21/2019,33.958863,-157.999871,6,0.088215
4/21/2019,33.962052,-157.999871,6,0.087386
4/21/2019,33.965239,-157.999876,6,0.08963
4/21/2019,33.968456,-157.999915,6,0.090291
4/21/2019,33.971653,-157.999941,6,0.086347
4/21/2019,33.974857,-157.999899,6,0.085433
4/21/2019,33.978066,-157.999849,6,0.086785
4/21/2019,33.981272,-157.999814,6,0.086049
4/21/2019,33.984487,-157.999812,6,0.086694
4/21/2019,33.987679,-157.999834,6,0.086504
4/21/2019,33.990887,-157.999854,6,0.087232
4/21/2019,33.994112,-157.999855,6,0.088249
4/21/2019,33.997334,-157.999888,6,0.088961
4/21/2019,34.000535,-157.999953,6,0.08685
4/21/2019,34.003723,-158.000043,6,0.090155
4/21/2019,34.006913,-158.000088,6,0.08655
4/21/2019,34.010078,-158.00006,6,0.084959
4/21/2019,34.013281,-157.999975,6,0.088656
4/21/2019,34.016489,-157.99994,6,0.085613
4/21/2019,34.019691,-157.999907,6,0.086068
4/21/2019,34.022883,-157.999865,6,0.083406
4/21/2019,34.026058,-157.999786,6,0.088007
4/21/2019,34.029246,-157.999758,6,0.088717
4/21/2019,34.032428,-157.999665,6,0.08938
4/21/2019,34.03561,-157.999622,6,0.085432
4/21/2019,34.038789,-157.999616,6,0.082006
4/21/2019,34.041942,-157.999614,6,0.085997
4/21/2019,34.045093,-157.999587,6,0.081794
4/21/2019,34.048253,-157.999535,6,0.081773
4/21/2019,34.051409,-157.999463,6,0.083524
4/21/2019,34.054586,-157.999514,6,0.082024
4/21/2019,34.057761,-157.999634,6,0.076903
4/21/2019,34.092875,-158.000115,6,0.083085
4/21/2019,34.096112,-158.000055,6,0.08691
4/21/2019,34.099368,-158.000035,6,0.087258
4/21/2019,34.102623,-158.000051,6,0.087657
4/21/2019,34.105876,-158.000042,6,0.091163
4/21/2019,34.109121,-157.999936,6,0.088426
4/21/2019,34.11235,-157.999844,6,0.087968
4/21/2019,34.115563,-157.999749,6,0.085136
4/21/2019,34.118787,-157.999671,6,0.085464
4/21/2019,34.122034,-157.999648,6,0.084691
4/21/2019,34.125275,-157.999609,6,0.084201
4/21/2019,34.128504,-157.999579,6,0.085027
4/21/2019,34.131722,-157.999551,6,0.083746
4/21/2019,34.134939,-157.999545,6,0.085331
4/21/2019,34.138139,-157.999603,6,0.086612
4/21/2019,34.141348,-157.999629,6,0.085383
4/21/2019,34.144556,-157.999644,6,0.085915
4/21/2019,34.147768,-157.99957,6,0.086309
4/21/2019,34.150974,-157.999511,6,0.085673
4/21/2019,34.154207,-157.999501,6,0.0861
4/21/2019,34.157439,-157.999514,6,0.086547
4/21/2019,34.160666,-157.999521,6,0.086717
4/21/2019,34.163893,-157.999495,6,0.085871
4/21/2019,34.167127,-157.999499,6,0.086137
4/21/2019,34.170375,-157.999498,6,0.092878
4/21/2019,34.17683,-157.99956,6,0.09751
4/21/2019,34.180079,-157.999556,6,0.101829
4/21/2019,34.18332,-157.999558,6,0.101657
4/21/2019,34.186563,-157.999644,6,0.098551
4/21/2019,34.189786,-157.999684,6,0.104964
4/21/2019,34.193024,-157.999719,6,0.107986
4/21/2019,34.196249,-157.999663,6,0.108953
4/21/2019,34.199475,-157.999639,6,0.113228
4/21/2019,34.202681,-157.999647,6,0.117824
4/21/2019,34.205853,-157.999608,6,0.116265
4/21/2019,34.20902,-157.999561,6,0.116669
4/21/2019,34.212211,-157.999589,6,0.12039
4/21/2019,34.215406,-157.999531,6,0.119813
4/21/2019,34.218588,-157.999468,6,0.123004
4/21/2019,34.221761,-157.999437,6,0.119463
4/21/2019,34.224902,-157.999382,6,0.119955
4/21/2019,34.227888,-157.999307,6,0.116441
4/21/2019,34.230559,-157.999261,6,0.117464
4/21/2019,34.232809,-157.999245,6,0.119471
4/21/2019,34.234767,-157.999273,6,0.114721
4/21/2019,34.236649,-157.999284,6,0.114618
4/21/2019,34.238549,-157.999276,6,0.1137
4/21/2019,34.240449,-157.999258,6,0.114228
4/21/2019,34.242337,-157.999248,6,0.116534
4/21/2019,34.26637,-157.999645,6,0.111969
4/21/2019,34.269532,-157.999722,6,0.111264
4/21/2019,34.272676,-157.999791,6,0.113949
4/21/2019,34.275812,-157.999847,6,0.111423
4/21/2019,34.278948,-157.999856,6,0.111305
4/21/2019,34.282073,-157.999918,6,0.110852
4/21/2019,34.285177,-157.99995,6,0.108823
4/21/2019,34.288279,-157.999905,6,0.110589
4/21/2019,34.291399,-157.999892,6,0.109575
4/21/2019,34.294523,-157.999907,6,0.10845
4/21/2019,34.297637,-157.99988,6,0.109223
4/21/2019,34.300734,-157.999824,6,0.110695
4/21/2019,34.303882,-157.999853,6,0.109174
4/21/2019,34.307023,-157.999812,6,0.109627
4/21/2019,34.310183,-157.999819,6,0.112014
4/21/2019,34.313354,-157.999874,6,0.110752
4/21/2019,34.316519,-157.999878,6,0.111427
4/21/2019,34.319657,-157.999913,6,0.114211
4/21/2019,34.322814,-157.999932,6,0.111215
4/21/2019,34.325974,-157.999889,6,0.110285
4/21/2019,34.329125,-157.999902,6,0.111066
4/21/2019,34.332287,-157.999955,6,0.111976
4/21/2019,34.335453,-157.999997,6,0.110142
4/21/2019,34.338599,-157.99997,6,0.111009
4/21/2019,34.341788,-157.999998,6,0.109326
4/21/2019,34.344971,-158.000029,6,0.103994
4/21/2019,34.348157,-158.000098,6,0.107559
4/21/2019,34.351347,-158.000118,6,0.101236
4/21/2019,34.354514,-158.000043,6,0.101638
4/21/2019,34.357687,-157.999995,6,0.100277
4/21/2019,34.360832,-157.999904,6,0.105758
4/21/2019,34.364006,-157.999822,6,0.107506
4/21/2019,34.367166,-157.999655,6,0.105531
4/21/2019,34.370318,-157.999474,6,0.106245
4/21/2019,34.373496,-157.999315,6,0.103003
4/21/2019,34.376678,-157.999137,6,0.107203
4/21/2019,34.379874,-157.99903,6,0.110864
4/21/2019,34.383039,-157.999046,6,0.118345
4/21/2019,34.386198,-157.999086,6,0.122704
4/21/2019,34.389373,-157.999165,6,0.128304
4/21/2019,34.392524,-157.999198,6,0.134861
4/21/2019,34.39568,-157.999207,6,0.139271
4/21/2019,34.398816,-157.999223,6,0.142783
4/21/2019,34.401964,-157.999263,6,0.143646
4/21/2019,34.40511,-157.999325,6,0.145682
4/21/2019,34.40826,-157.999402,6,0.148852
4/21/2019,34.411398,-157.999455,6,0.145084
4/21/2019,34.414523,-157.999583,6,0.1406
4/21/2019,34.417639,-157.999641,6,0.144635
4/21/2019,34.420758,-157.999702,6,0.144514
4/21/2019,34.45527,-157.999469,6,0.125261
4/21/2019,34.458407,-157.999379,6,0.122701
4/21/2019,34.461547,-157.999321,6,0.120001
4/21/2019,34.464684,-157.999241,6,0.120795
4/21/2019,34.467835,-157.999268,6,0.12438
4/21/2019,34.470994,-157.999312,6,0.125846
4/21/2019,34.474167,-157.999336,6,0.130118
4/21/2019,34.477305,-157.999314,6,0.129403
4/21/2019,34.480439,-157.999314,6,0.133296
4/21/2019,34.483575,-157.99932,6,0.133448
4/21/2019,34.486737,-157.999332,6,0.129798
4/21/2019,34.489902,-157.999322,6,0.13097
4/21/2019,34.493058,-157.999362,6,0.12774
4/21/2019,34.496223,-157.999452,6,0.123326
4/21/2019,34.4994,-157.999524,6,0.122939
4/21/2019,34.502576,-157.99964,6,0.123467
4/21/2019,34.505748,-157.999727,6,0.122958
4/21/2019,34.508926,-157.99981,6,0.126512
4/21/2019,34.512121,-157.999839,6,0.1261
4/21/2019,34.515342,-157.999906,6,0.12578
4/21/2019,34.518554,-157.999958,6,0.122423
4/21/2019,34.521759,-158.000035,6,0.121479
4/21/2019,34.524985,-158.000122,6,0.117102
4/21/2019,34.528213,-158.000166,6,0.117756
4/21/2019,34.531413,-158.00023,6,0.114536
4/21/2019,34.53463,-158.000309,6,0.116871
4/21/2019,34.537845,-158.000382,6,0.112958
4/21/2019,34.541051,-158.00044,6,0.112758
4/21/2019,34.544266,-158.000498,6,0.110823
4/21/2019,34.547448,-158.00045,6,0.111312
4/21/2019,34.55065,-158.000403,6,0.116693
4/21/2019,34.553832,-158.000329,6,0.111837
4/21/2019,34.55703,-158.000157,6,0.11742
4/21/2019,34.560224,-157.999888,6,0.119454
4/21/2019,34.563435,-157.999641,6,0.121945
4/21/2019,34.566662,-157.999422,6,0.119097
4/21/2019,34.569869,-157.999221,6,0.120076
4/21/2019,34.573079,-157.999063,6,0.117746
4/21/2019,34.576302,-157.998877,6,0.112139
4/21/2019,34.579537,-157.998784,6,0.112023
4/21/2019,34.582767,-157.99885,6,0.112689
4/21/2019,34.585979,-157.99892,6,0.109518
4/21/2019,34.589183,-157.998984,6,0.107555
4/21/2019,34.592259,-157.999018,6,0.109386
4/21/2019,34.594986,-157.999032,6,0.106789
4/21/2019,34.597451,-157.999006,6,0.111295
4/21/2019,34.599687,-157.999058,6,0.108076
4/21/2019,34.601831,-157.999092,6,0.110742
4/21/2019,34.603962,-157.999107,6,0.107258
4/21/2019,34.606079,-157.999171,6,0.107689
4/21/2019,34.626472,-158.000007,6,0.103507
4/21/2019,34.628426,-158.000001,6,0.104572
4/21/2019,34.630863,-157.999942,6,0.103099
4/21/2019,34.633915,-157.999886,6,0.107261
4/21/2019,34.637163,-157.999809,6,0.107943
4/21/2019,34.640425,-157.999715,6,0.107412
4/21/2019,34.643693,-157.999695,6,0.1044
4/21/2019,34.646965,-157.999635,6,0.108248
4/21/2019,34.65024,-157.999613,6,0.107303
4/21/2019,34.653492,-157.999536,6,0.108082
4/21/2019,34.656766,-157.999568,6,0.10823
4/21/2019,34.660027,-157.999538,6,0.108391
4/21/2019,34.663306,-157.999536,6,0.106134
4/21/2019,34.666565,-157.999493,6,0.110972
4/21/2019,34.669844,-157.999499,6,0.110102
4/21/2019,34.673121,-157.999404,6,0.111316
4/21/2019,34.676392,-157.99934,6,0.111746
4/21/2019,34.679658,-157.999278,6,0.112583
4/21/2019,34.682916,-157.999195,6,0.106898
4/21/2019,34.686166,-157.999229,6,0.112277
4/21/2019,34.689404,-157.999226,6,0.107749
4/21/2019,34.692643,-157.999189,6,0.111432
4/21/2019,34.695875,-157.999214,6,0.109121
4/21/2019,34.69911,-157.999282,6,0.108358
4/21/2019,34.702337,-157.999346,6,0.105065
4/21/2019,34.705584,-157.999352,6,0.105463
4/21/2019,34.708828,-157.999455,6,0.1093
4/21/2019,34.712057,-157.999525,6,0.107024
4/21/2019,34.715298,-157.999562,6,0.106168
4/21/2019,34.718515,-157.999484,6,0.106229
4/21/2019,34.721753,-157.999462,6,0.106511
4/21/2019,34.724981,-157.99948,6,0.103341
4/21/2019,34.728187,-157.999461,6,0.106184
4/21/2019,34.731384,-157.999424,6,0.102317
4/21/2019,34.734592,-157.999424,6,0.106357
4/21/2019,34.737808,-157.999353,6,0.102028
4/21/2019,34.741022,-157.999342,6,0.102763
4/21/2019,34.744228,-157.999309,6,0.102322
4/21/2019,34.747415,-157.999286,6,0.099843
4/21/2019,34.750599,-157.999258,6,0.099239
4/21/2019,34.753778,-157.999276,6,0.099189
4/21/2019,34.756965,-157.999324,6,0.099522
4/21/2019,34.760131,-157.999403,6,0.098557
4/21/2019,34.763284,-157.999479,6,0.098691
4/21/2019,34.766436,-157.999513,6,0.097938
4/21/2019,34.769593,-157.999556,6,0.097399
4/21/2019,34.772754,-157.999622,6,0.098152
4/21/2019,34.77592,-157.999611,6,0.10221
4/21/2019,34.779081,-157.999638,6,0.100844
4/21/2019,34.782249,-157.999668,6,0.096012
4/21/2019,34.817261,-158.000336,6,0.104855
4/21/2019,34.820447,-158.000417,6,0.104597
4/21/2019,34.823607,-158.00045,6,0.107222
4/21/2019,34.826769,-158.000454,6,0.10764
4/21/2019,34.829915,-158.000477,6,0.106032
4/21/2019,34.833066,-158.000427,6,0.107147
4/21/2019,34.836219,-158.000391,6,0.106608
4/21/2019,34.839373,-158.000314,6,0.107005
4/21/2019,34.842546,-158.000269,6,0.107706
4/21/2019,34.845729,-158.000312,6,0.107474
4/21/2019,34.848906,-158.000298,6,0.106513
4/21/2019,34.852062,-158.000263,6,0.104367
4/21/2019,34.855209,-158.000246,6,0.103255
4/21/2019,34.858342,-158.000238,6,0.103737
4/21/2019,34.861447,-158.000203,6,0.109084
4/21/2019,34.864563,-158.000157,6,0.105815
4/21/2019,34.867679,-158.000174,6,0.110397
4/21/2019,34.870798,-158.000162,6,0.113126
4/21/2019,34.873929,-158.000139,6,0.113113
4/21/2019,34.877048,-158.000061,6,0.114401
4/21/2019,34.880176,-158.000033,6,0.114494
4/21/2019,34.883308,-158.000119,6,0.110823
4/21/2019,34.886419,-158.000159,6,0.111411
4/21/2019,34.889519,-158.000144,6,0.114639
4/21/2019,34.892602,-158.000153,6,0.114096
4/21/2019,34.895672,-158.000107,6,0.109466
4/21/2019,34.898762,-158.000159,6,0.10836
4/21/2019,34.901829,-158.000224,6,0.111694
4/21/2019,34.904894,-158.000177,6,0.109737
4/21/2019,34.907969,-158.000144,6,0.109047
4/21/2019,34.911039,-158.000126,6,0.105678
4/21/2019,34.914118,-158.000095,6,0.106866
4/21/2019,34.917203,-158.000131,6,0.10667
4/21/2019,34.920273,-158.00012,6,0.104741
4/21/2019,34.923335,-158.00011,6,0.10465
4/21/2019,34.926398,-158.000083,6,0.098708
4/21/2019,34.929496,-158.000095,6,0.105519
4/21/2019,34.932595,-158.000106,6,0.118436
4/21/2019,34.935668,-158.000086,6,0.12671
4/21/2019,34.938746,-158.000086,6,0.130422
4/21/2019,34.94181,-158.000032,6,0.12927
4/21/2019,34.944858,-158.000023,6,0.130313
4/21/2019,34.947902,-158.000059,6,0.128126
4/21/2019,34.950936,-158.000027,6,0.129335
4/21/2019,34.953986,-158.000015,6,0.12524
4/21/2019,34.956986,-158.000045,6,0.127156
4/21/2019,34.959773,-158.000021,6,0.126468
4/21/2019,34.962253,-158.000038,6,0.125694
4/21/2019,34.964578,-158.00003,6,0.126041
4/21/2019,34.966711,-158.000059,6,0.128364
4/21/2019,34.986683,-158.000376,6,0.119523
4/21/2019,34.988406,-158.000402,6,0.119824
4/21/2019,34.990045,-158.000466,6,0.12139
4/21/2019,34.991653,-158.000486,6,0.118529
4/21/2019,34.993402,-158.00052,6,0.116701
4/21/2019,34.995488,-158.000515,6,0.115071
4/21/2019,34.998036,-158.000434,6,0.114267
4/21/2019,35.000984,-158.000432,6,0.114581
4/21/2019,35.004076,-158.000427,6,0.115725
4/21/2019,35.007162,-158.000413,6,0.117358
4/21/2019,35.010245,-158.000425,6,0.113686
4/21/2019,35.013334,-158.000409,6,0.112765
4/21/2019,35.016424,-158.000304,6,0.113001
4/21/2019,35.019528,-158.000234,6,0.113004
4/21/2019,35.022641,-158.000109,6,0.112041
4/21/2019,35.025744,-158.000012,6,0.112193
4/21/2019,35.028818,-157.999936,6,0.113458
4/21/2019,35.031897,-157.999778,6,0.113014
4/21/2019,35.034999,-157.999618,6,0.112305
4/21/2019,35.038078,-157.999416,6,0.116982
4/21/2019,35.041148,-157.999213,6,0.116976
4/21/2019,35.044213,-157.999029,6,0.117079
4/21/2019,35.047291,-157.998968,6,0.116534
4/21/2019,35.050403,-157.998955,6,0.117346
4/21/2019,35.053507,-157.998937,6,0.117564
4/21/2019,35.056627,-157.998938,6,0.115087
4/21/2019,35.059734,-157.998866,6,0.113944
4/21/2019,35.062853,-157.998834,6,0.117479
4/21/2019,35.065995,-157.998847,6,0.122522
4/21/2019,35.069135,-157.998831,6,0.1199
4/21/2019,35.072283,-157.998797,6,0.122935
4/21/2019,35.075423,-157.998819,6,0.12714
4/21/2019,35.078516,-157.998772,6,0.12947
4/21/2019,35.081623,-157.998819,6,0.13434
4/21/2019,35.084742,-157.998939,6,0.131531
4/21/2019,35.087845,-157.999014,6,0.135656
4/21/2019,35.090952,-157.999118,6,0.140153
4/21/2019,35.094071,-157.999208,6,0.134687
4/21/2019,35.097195,-157.999291,6,0.133048
4/21/2019,35.100328,-157.999374,6,0.133561
4/21/2019,35.103471,-157.99949,6,0.124695
4/21/2019,35.106615,-157.999605,6,0.121787
4/21/2019,35.109736,-157.999669,6,0.12283
4/21/2019,35.112885,-157.999778,6,0.12443
4/21/2019,35.11603,-157.999862,6,0.12279
4/21/2019,35.119156,-157.999993,6,0.123688
4/21/2019,35.122277,-158.000067,6,0.118591
4/21/2019,35.125392,-158.000185,6,0.117991
4/21/2019,35.128514,-158.000254,6,0.118325
4/21/2019,35.131615,-158.000272,6,0.116159
4/20/2019,35.166033,-157.999229,6,0.128245
4/20/2019,35.169146,-157.999128,6,0.131133
4/20/2019,35.172246,-157.998958,6,0.133421
4/20/2019,35.175355,-157.998827,6,0.12943
4/20/2019,35.178447,-157.998649,6,0.131617
4/20/2019,35.181558,-157.998491,6,0.125801
4/20/2019,35.184672,-157.998349,6,0.130896
4/20/2019,35.187794,-157.99823,6,0.127254
4/20/2019,35.190899,-157.998101,6,0.133867
4/20/2019,35.19401,-157.997998,6,0.13517
4/20/2019,35.197109,-157.997906,6,0.140935
4/20/2019,35.20021,-157.997818,6,0.141446
4/20/2019,35.203316,-157.997683,6,0.139252
4/20/2019,35.206438,-157.997541,6,0.141918
4/20/2019,35.20956,-157.997487,6,0.142153
4/20/2019,35.212683,-157.997533,6,0.148919
4/20/2019,35.21579,-157.997656,6,0.145822
4/20/2019,35.218913,-157.997771,6,0.143275
4/20/2019,35.222033,-157.997839,6,0.140793
4/20/2019,35.225163,-157.997908,6,0.145322
4/20/2019,35.228282,-157.997997,6,0.145394
4/20/2019,35.231392,-157.998079,6,0.143522
4/20/2019,35.234491,-157.998081,6,0.142773
4/20/2019,35.237583,-157.998159,6,0.144371
4/20/2019,35.240681,-157.998212,6,0.145817
4/20/2019,35.24378,-157.998329,6,0.147223
4/20/2019,35.246858,-157.998369,6,0.147252
4/20/2019,35.249926,-157.998402,6,0.14654
4/20/2019,35.253007,-157.998444,6,0.14591
4/20/2019,35.256078,-157.998473,6,0.145678
4/20/2019,35.259155,-157.998522,6,0.145538
4/20/2019,35.262224,-157.998576,6,0.144675
4/20/2019,35.26528,-157.998614,6,0.145024
4/20/2019,35.268328,-157.998627,6,0.15013
4/20/2019,35.271393,-157.998702,6,0.1441
4/20/2019,35.27443,-157.998678,6,0.147943
4/20/2019,35.277485,-157.998684,6,0.15171
4/20/2019,35.280541,-157.998611,6,0.148252
4/20/2019,35.28359,-157.998497,6,0.148671
4/20/2019,35.286623,-157.998376,6,0.151351
4/20/2019,35.289659,-157.998201,6,0.149795
4/20/2019,35.292697,-157.998071,6,0.149005
4/20/2019,35.295734,-157.997938,6,0.149707
4/20/2019,35.298765,-157.99777,6,0.150384
4/20/2019,35.30178,-157.997624,6,0.152268
4/20/2019,35.304654,-157.997477,6,0.151487
4/20/2019,35.30729,-157.997303,6,0.152401
4/20/2019,35.309709,-157.997161,6,0.149692
4/20/2019,35.311847,-157.997049,6,0.14525
4/20/2019,35.313744,-157.996954,6,0.149644
4/20/2019,35.332123,-157.996907,6,0.153177
4/20/2019,35.333727,-157.996955,6,0.152493
4/20/2019,35.335272,-157.99696,6,0.153878
4/20/2019,35.336835,-157.997028,6,0.158571
4/20/2019,35.338525,-157.997082,6,0.164345
4/20/2019,35.340532,-157.9971,6,0.163968
4/20/2019,35.342797,-157.997119,6,0.159384
4/20/2019,35.345412,-157.997224,6,0.164968
4/20/2019,35.348393,-157.997428,6,0.179403
4/20/2019,35.351395,-157.997601,6,0.180296
4/20/2019,35.354414,-157.997827,6,0.177417
4/20/2019,35.357434,-157.998049,6,0.172786
4/20/2019,35.36045,-157.998218,6,0.174823
4/20/2019,35.363447,-157.99842,6,0.173081
4/20/2019,35.366442,-157.998607,6,0.167373
4/20/2019,35.369413,-157.998778,6,0.168466
4/20/2019,35.372383,-157.998921,6,0.165531
4/20/2019,35.375374,-157.999052,6,0.165644
4/20/2019,35.378369,-157.999224,6,0.166811
4/20/2019,35.381356,-157.999363,6,0.163152
4/20/2019,35.384338,-157.99953,6,0.163257
4/20/2019,35.387299,-157.999665,6,0.167211
4/20/2019,35.390272,-157.999836,6,0.165913
4/20/2019,35.393238,-158.000009,6,0.164161
4/20/2019,35.396203,-158.000186,6,0.164174
4/20/2019,35.399182,-158.000329,6,0.164805
4/20/2019,35.40218,-158.000461,6,0.165074
4/20/2019,35.405183,-158.000638,6,0.163766
4/20/2019,35.40818,-158.000821,6,0.157971
4/20/2019,35.411176,-158.000958,6,0.158149
4/20/2019,35.41417,-158.00105,6,0.159996
4/20/2019,35.417165,-158.00116,6,0.155754
4/20/2019,35.420178,-158.001285,6,0.160913
4/20/2019,35.423191,-158.001357,6,0.159606
4/20/2019,35.4262,-158.001415,6,0.155975
4/20/2019,35.429201,-158.001486,6,0.153438
4/20/2019,35.432206,-158.001591,6,0.150882
4/20/2019,35.435198,-158.001703,6,0.149106
4/20/2019,35.438189,-158.001755,6,0.154396
4/20/2019,35.441187,-158.001799,6,0.153545
4/20/2019,35.444186,-158.001865,6,0.150886
4/20/2019,35.447176,-158.00189,6,0.154997
4/20/2019,35.450186,-158.001814,6,0.152339
4/20/2019,35.453186,-158.00167,6,0.153229
4/20/2019,35.456199,-158.001507,6,0.148467
4/20/2019,35.459212,-158.001382,6,0.151874
4/20/2019,35.462202,-158.00124,6,0.149242
4/20/2019,35.465201,-158.001115,6,0.150819
4/20/2019,35.468207,-158.00101,6,0.154024
4/20/2019,35.471187,-158.000875,6,0.155423
4/20/2019,35.504287,-157.999817,6,0.179408
4/20/2019,35.507264,-157.999725,6,0.177977
4/20/2019,35.510265,-157.999647,6,0.178455
4/20/2019,35.513257,-157.999538,6,0.178158
4/20/2019,35.516262,-157.999462,6,0.18092
4/20/2019,35.519267,-157.999357,6,0.178376
4/20/2019,35.52228,-157.999303,6,0.179264
4/20/2019,35.525281,-157.999211,6,0.178436
4/20/2019,35.528291,-157.999149,6,0.176881
4/20/2019,35.531315,-157.999141,6,0.177883
4/20/2019,35.534334,-157.999086,6,0.178878
4/20/2019,35.537328,-157.999002,6,0.183553
4/20/2019,35.54034,-157.998944,6,0.177967
4/20/2019,35.543355,-157.998866,6,0.182886
4/20/2019,35.546388,-157.998845,6,0.181739
4/20/2019,35.549426,-157.998786,6,0.180208
4/20/2019,35.552469,-157.998761,6,0.176574
4/20/2019,35.555511,-157.9987,6,0.173718
4/20/2019,35.558552,-157.998678,6,0.178065
4/20/2019,35.561609,-157.99866,6,0.182685
4/20/2019,35.564681,-157.998635,6,0.1781
4/20/2019,35.56775,-157.998643,6,0.183255
4/20/2019,35.570827,-157.998613,6,0.183873
4/20/2019,35.573918,-157.998649,6,0.186155
4/20/2019,35.576963,-157.998653,6,0.189038
4/20/2019,35.579596,-157.998616,6,0.187302
4/20/2019,35.581505,-157.998695,6,0.183088
4/20/2019,35.583366,-157.998768,6,0.181348
4/20/2019,35.585239,-157.998803,6,0.178073
4/20/2019,35.587124,-157.998858,6,0.169348
4/20/2019,35.589018,-157.998898,6,0.167193
4/20/2019,35.59089,-157.998938,6,0.167763
4/20/2019,35.592781,-157.998977,6,0.16545
4/20/2019,35.594659,-157.999017,6,0.161415
4/20/2019,35.596525,-157.999042,6,0.158989
4/20/2019,35.598345,-157.999079,6,0.157746
4/20/2019,35.600207,-157.999117,6,0.157224
4/20/2019,35.602111,-157.999124,6,0.152941
4/20/2019,35.603998,-157.999159,6,0.153779
4/20/2019,35.605842,-157.999196,6,0.161828
4/20/2019,35.607685,-157.999224,6,0.157043
4/20/2019,35.609546,-157.999246,6,0.160347
4/20/2019,35.611411,-157.999288,6,0.156558
4/20/2019,35.613252,-157.999332,6,0.161655
4/20/2019,35.615105,-157.999391,6,0.158393
4/20/2019,35.616959,-157.999432,6,0.1582
4/20/2019,35.618827,-157.999499,6,0.157704
4/20/2019,35.620669,-157.999546,6,0.157458
4/20/2019,35.622524,-157.999593,6,0.157598
4/20/2019,35.624396,-157.999642,6,0.152604
4/20/2019,35.645094,-158.000139,6,0.155635
4/20/2019,35.647092,-158.000122,6,0.155703
4/20/2019,35.6498,-158.000104,6,0.152865
4/20/2019,35.652913,-158.000106,6,0.156844
4/20/2019,35.656023,-158.000084,6,0.156304
4/20/2019,35.659147,-158.000065,6,0.159145
4/20/2019,35.662276,-158,6,0.154141
4/20/2019,35.665419,-157.999975,6,0.153843
4/20/2019,35.668572,-157.999968,6,0.153862
4/20/2019,35.671716,-157.999937,6,0.153945
4/20/2019,35.674859,-157.999917,6,0.151621
4/20/2019,35.678007,-157.999918,6,0.154203
4/20/2019,35.681165,-157.999892,6,0.155376
4/20/2019,35.684334,-157.999867,6,0.154569
4/20/2019,35.687489,-157.999872,6,0.154226
4/20/2019,35.690635,-157.999874,6,0.15582
4/20/2019,35.693788,-157.999839,6,0.152989
4/20/2019,35.696924,-157.999777,6,0.151777
4/20/2019,35.700068,-157.99978,6,0.148316
4/20/2019,35.703222,-157.999771,6,0.148342
4/20/2019,35.706378,-157.999783,6,0.151353
4/20/2019,35.709519,-157.999795,6,0.153369
4/20/2019,35.712665,-157.999783,6,0.153557
4/20/2019,35.715815,-157.999833,6,0.157762
4/20/2019,35.718939,-157.999834,6,0.153293
4/20/2019,35.722076,-157.999867,6,0.153743
4/20/2019,35.725203,-157.999849,6,0.153929
4/20/2019,35.728333,-157.999858,6,0.152575
4/20/2019,35.731453,-157.999865,6,0.150123
4/20/2019,35.734578,-157.999867,6,0.148268
4/20/2019,35.73768,-157.999843,6,0.151995
4/20/2019,35.740783,-157.999822,6,0.153107
4/20/2019,35.74387,-157.999814,6,0.150507
4/20/2019,35.746975,-157.999791,6,0.150746
4/20/2019,35.750092,-157.999787,6,0.156269
4/20/2019,35.753225,-157.999785,6,0.15836
4/20/2019,35.756334,-157.999743,6,0.158168
4/20/2019,35.759441,-157.999755,6,0.157671
4/20/2019,35.76254,-157.999729,6,0.160596
4/20/2019,35.76565,-157.999722,6,0.160081
4/20/2019,35.768732,-157.999665,6,0.163774
4/20/2019,35.771825,-157.999639,6,0.16313
4/20/2019,35.774917,-157.999601,6,0.165547
4/20/2019,35.778011,-157.999585,6,0.16476
4/20/2019,35.781105,-157.999546,6,0.165098
4/20/2019,35.78419,-157.999503,6,0.16711
4/20/2019,35.787266,-157.999482,6,0.164808
4/20/2019,35.79034,-157.999486,6,0.168182
4/20/2019,35.79342,-157.999508,6,0.172599
4/20/2019,35.796485,-157.999454,6,0.178684
4/20/2019,35.83,-157.999129,6,0.177073
4/20/2019,35.833048,-157.999138,6,0.179668
4/20/2019,35.836063,-157.999127,6,0.179867
4/20/2019,35.839075,-157.99911,6,0.179889
4/20/2019,35.842081,-157.999057,6,0.181166
4/20/2019,35.845104,-157.999028,6,0.18171
4/20/2019,35.84812,-157.998992,6,0.177179
4/20/2019,35.851136,-157.998996,6,0.177123
4/20/2019,35.854143,-157.99896,6,0.176654
4/20/2019,35.857172,-157.998927,6,0.17651
4/20/2019,35.860207,-157.998884,6,0.177045
4/20/2019,35.863239,-157.998817,6,0.178448
4/20/2019,35.866277,-157.998779,6,0.173214
4/20/2019,35.869316,-157.998733,6,0.167901
4/20/2019,35.87234,-157.998656,6,0.168535
4/20/2019,35.875407,-157.998599,6,0.167798
4/20/2019,35.878459,-157.99861,6,0.168638
4/20/2019,35.881493,-157.998591,6,0.169113
4/20/2019,35.884527,-157.998558,6,0.166244
4/20/2019,35.887561,-157.998532,6,0.171551
4/20/2019,35.890596,-157.998559,6,0.171583
4/20/2019,35.893626,-157.998575,6,0.171212
4/20/2019,35.896653,-157.99857,6,0.171009
4/20/2019,35.899679,-157.998573,6,0.169725
4/20/2019,35.902699,-157.998606,6,0.169871
4/20/2019,35.905721,-157.998587,6,0.170606
4/20/2019,35.90874,-157.998569,6,0.168521
4/20/2019,35.911757,-157.998499,6,0.17502
4/20/2019,35.914789,-157.998492,6,0.179779
4/20/2019,35.917839,-157.998439,6,0.179086
4/20/2019,35.920865,-157.998452,6,0.178099
4/20/2019,35.923884,-157.998429,6,0.180021
4/20/2019,35.926893,-157.998373,6,0.179451
4/20/2019,35.929897,-157.998328,6,0.176797
4/20/2019,35.932909,-157.998339,6,0.178105
4/20/2019,35.935923,-157.998321,6,0.180834
4/20/2019,35.938934,-157.998273,6,0.17934
4/20/2019,35.941953,-157.99826,6,0.180842
4/20/2019,35.944977,-157.998286,6,0.179216
4/20/2019,35.948006,-157.998272,6,0.179352
4/20/2019,35.951051,-157.998268,6,0.180124
4/20/2019,35.954105,-157.998351,6,0.176066
4/20/2019,35.95711,-157.998411,6,0.181116
4/20/2019,35.959845,-157.998441,6,0.180393
4/20/2019,35.961936,-157.998465,6,0.180653
4/20/2019,35.963664,-157.998514,6,0.181425
4/20/2019,35.965374,-157.99856,6,0.180531
4/20/2019,35.967124,-157.998636,6,0.181787
4/20/2019,35.968857,-157.998692,6,0.180987
4/20/2019,35.970549,-157.998763,6,0.186305
4/20/2019,35.989306,-157.999484,6,0.203312
4/20/2019,35.991251,-157.999492,6,0.206589
4/20/2019,35.994167,-157.999516,6,0.202772
4/20/2019,35.997228,-157.999485,6,0.209711
4/20/2019,36.000285,-157.999474,6,0.213851
4/20/2019,36.003354,-157.999454,6,0.215307
4/20/2019,36.00645,-157.999448,6,0.220639
4/20/2019,36.009541,-157.999452,6,0.222539
4/20/2019,36.012623,-157.999473,6,0.225396
4/20/2019,36.01569,-157.999447,6,0.226804
4/20/2019,36.018759,-157.999483,6,0.225181
4/20/2019,36.021814,-157.999471,6,0.222148
4/20/2019,36.024889,-157.999437,6,0.225478
4/20/2019,36.027955,-157.999419,6,0.226561
4/20/2019,36.031023,-157.999452,6,0.222651
4/20/2019,36.034088,-157.999445,6,0.226574
4/20/2019,36.037149,-157.999471,6,0.231154
4/20/2019,36.040183,-157.999455,6,0.232681
4/20/2019,36.043225,-157.999486,6,0.233187
4/20/2019,36.046275,-157.999481,6,0.233956
4/20/2019,36.049332,-157.99952,6,0.227608
4/20/2019,36.052363,-157.999483,6,0.227168
4/20/2019,36.055413,-157.999541,6,0.226664
4/20/2019,36.058455,-157.999566,6,0.216306
4/20/2019,36.061521,-157.999592,6,0.214341
4/20/2019,36.064605,-157.999664,6,0.201945
4/20/2019,36.067681,-157.999699,6,0.199028
4/20/2019,36.070762,-157.999712,6,0.188794
4/20/2019,36.073846,-157.999773,6,0.185608
4/20/2019,36.076906,-157.999798,6,0.178935
4/20/2019,36.07997,-157.999739,6,0.175819
4/20/2019,36.083046,-157.999691,6,0.177477
4/20/2019,36.086121,-157.999605,6,0.174247
4/20/2019,36.089208,-157.999575,6,0.174907
4/20/2019,36.092292,-157.999589,6,0.172888
4/20/2019,36.095359,-157.999544,6,0.174906
4/20/2019,36.098416,-157.99951,6,0.174753
4/20/2019,36.101472,-157.999464,6,0.17334
4/20/2019,36.104529,-157.999387,6,0.168864
4/20/2019,36.107586,-157.999301,6,0.160808
4/20/2019,36.110659,-157.999265,6,0.160475
4/20/2019,36.113739,-157.999285,6,0.159853
4/20/2019,36.116808,-157.999388,6,0.158933
4/20/2019,36.119886,-157.99946,6,0.163317
4/20/2019,36.122935,-157.999512,6,0.16121
4/20/2019,36.126016,-157.999556,6,0.165368
4/20/2019,36.129085,-157.999628,6,0.160916
4/20/2019,36.132154,-157.999732,6,0.158912
4/20/2019,36.135193,-157.999823,6,0.150806
4/20/2019,36.138261,-157.999919,6,0.168346
4/20/2019,36.17197,-158.000235,6,0.178761
4/20/2019,36.17501,-158.000194,6,0.180692
4/20/2019,36.178072,-158.000146,6,0.184076
4/20/2019,36.181105,-158.000076,6,0.185414
4/20/2019,36.18415,-158.000073,6,0.187896
4/20/2019,36.187195,-157.999977,6,0.189814
4/20/2019,36.190243,-157.999898,6,0.193852
4/20/2019,36.193275,-157.999829,6,0.195048
4/20/2019,36.196338,-157.999778,6,0.190917
4/20/2019,36.199398,-157.999724,6,0.191258
4/20/2019,36.202441,-157.999639,6,0.188521
4/20/2019,36.205487,-157.999562,6,0.18631
4/20/2019,36.208559,-157.999607,6,0.185837
4/20/2019,36.211635,-157.999582,6,0.183256
4/20/2019,36.214705,-157.999546,6,0.181565
4/20/2019,36.217779,-157.999522,6,0.182191
4/20/2019,36.220848,-157.999459,6,0.18312
4/20/2019,36.22392,-157.99943,6,0.18161
4/20/2019,36.226985,-157.999412,6,0.178001
4/20/2019,36.230052,-157.999355,6,0.179607
4/20/2019,36.233131,-157.999316,6,0.176369
4/20/2019,36.236214,-157.999288,6,0.178208
4/20/2019,36.239292,-157.999316,6,0.171652
4/20/2019,36.242365,-157.999407,6,0.168376
4/20/2019,36.245435,-157.999471,6,0.168589
4/20/2019,36.248489,-157.999555,6,0.167417
4/20/2019,36.251571,-157.999723,6,0.172707
4/20/2019,36.254646,-157.99979,6,0.171874
4/20/2019,36.257731,-157.999887,6,0.170802
4/20/2019,36.260816,-157.999932,6,0.174224
4/20/2019,36.263893,-157.999814,6,0.169858
4/20/2019,36.266975,-157.999751,6,0.174667
4/20/2019,36.270055,-157.999693,6,0.175803
4/20/2019,36.273141,-157.999626,6,0.178329
4/20/2019,36.276247,-157.999601,6,0.174799
4/20/2019,36.279352,-157.999565,6,0.178428
4/20/2019,36.282441,-157.999498,6,0.179274
4/20/2019,36.285529,-157.999419,6,0.187691
4/20/2019,36.288611,-157.999372,6,0.188657
4/20/2019,36.291646,-157.999385,6,0.187915
4/20/2019,36.29449,-157.999358,6,0.190787
4/20/2019,36.296991,-157.999302,6,0.190267
4/20/2019,36.299231,-157.999261,6,0.188266
4/20/2019,36.30117,-157.999245,6,0.192171
4/20/2019,36.302996,-157.999234,6,0.19644
4/20/2019,36.304821,-157.999232,6,0.195675
4/20/2019,36.306622,-157.999257,6,0.199018
4/20/2019,36.308427,-157.999245,6,0.201076
4/20/2019,36.310226,-157.999219,6,0.199553
4/20/2019,36.312048,-157.999207,6,0.210088
4/20/2019,36.339562,-157.999539,6,0.32172
4/20/2019,36.342584,-157.999576,6,0.328265
4/20/2019,36.345629,-157.999689,6,0.343858
4/20/2019,36.348665,-157.999779,6,0.357488
4/20/2019,36.351696,-157.99986,6,0.363941
4/20/2019,36.354725,-157.999876,6,0.365529
4/20/2019,36.357739,-157.999805,6,0.369159
4/20/2019,36.360753,-157.999686,6,0.373655
4/20/2019,36.363761,-157.999598,6,0.376836
4/20/2019,36.366741,-157.99951,6,0.386374
4/20/2019,36.369741,-157.999448,6,0.389203
4/20/2019,36.372736,-157.999409,6,0.390624
4/20/2019,36.375741,-157.999357,6,0.392876
4/20/2019,36.37874,-157.999279,6,0.393919
4/20/2019,36.381739,-157.999199,6,0.403074
4/20/2019,36.384745,-157.99916,6,0.395922
4/20/2019,36.387762,-157.999168,6,0.398633
4/20/2019,36.390787,-157.999154,6,0.394606
4/20/2019,36.393787,-157.999099,6,0.398873
4/20/2019,36.396796,-157.999014,6,0.400846
4/20/2019,36.399801,-157.998999,6,0.39635
4/20/2019,36.402821,-157.999075,6,0.400332
4/20/2019,36.405834,-157.999048,6,0.40041
4/20/2019,36.408856,-157.99907,6,0.403001
4/20/2019,36.411898,-157.999077,6,0.39698
4/20/2019,36.414942,-157.999144,6,0.397846
4/20/2019,36.41796,-157.999142,6,0.393151
4/20/2019,36.420986,-157.9992,6,0.394456
4/20/2019,36.423989,-157.999225,6,0.395525
4/20/2019,36.427,-157.999244,6,0.394522
4/20/2019,36.430016,-157.999288,6,0.395783
4/20/2019,36.433022,-157.999359,6,0.39602
4/20/2019,36.436044,-157.999374,6,0.3979
4/20/2019,36.439075,-157.999402,6,0.398228
4/20/2019,36.442091,-157.999369,6,0.399768
4/20/2019,36.445107,-157.999397,6,0.398398
4/20/2019,36.448104,-157.999356,6,0.39416
4/20/2019,36.451043,-157.999227,6,0.393686
4/20/2019,36.453842,-157.999058,6,0.389167
4/20/2019,36.456468,-157.998921,6,0.387621
4/20/2019,36.458818,-157.998824,6,0.38237
4/20/2019,36.460728,-157.998765,6,0.382869
4/20/2019,36.462412,-157.99874,6,0.381515
4/20/2019,36.464085,-157.998768,6,0.380588
4/20/2019,36.465761,-157.998812,6,0.381798
4/20/2019,36.467432,-157.998862,6,0.380967
4/20/2019,36.469057,-157.998906,6,0.379635
4/20/2019,36.470698,-157.998959,6,0.383596
4/20/2019,36.472327,-157.999025,6,0.376264
4/20/2019,36.493786,-157.999152,6,0.363858
4/20/2019,36.496796,-157.999199,6,0.364996
4/20/2019,36.499789,-157.999246,6,0.363151
4/20/2019,36.502775,-157.999226,6,0.362206
4/20/2019,36.505775,-157.999301,6,0.368235
4/20/2019,36.508753,-157.999381,6,0.371245
4/20/2019,36.51172,-157.999407,6,0.375349
4/20/2019,36.514697,-157.999478,6,0.383428
4/20/2019,36.517665,-157.999575,6,0.380575
4/20/2019,36.520648,-157.999627,6,0.383614
4/20/2019,36.523634,-157.999624,6,0.385509
4/20/2019,36.526609,-157.999501,6,0.390817
4/20/2019,36.529589,-157.999378,6,0.391259
4/20/2019,36.532552,-157.99932,6,0.391997
4/20/2019,36.535505,-157.999225,6,0.392009
4/20/2019,36.538483,-157.999192,6,0.382261
4/20/2019,36.541461,-157.999145,6,0.372635
4/20/2019,36.544441,-157.999111,6,0.358432
4/20/2019,36.547387,-157.999022,6,0.348671
4/20/2019,36.550336,-157.998946,6,0.347757
4/20/2019,36.553293,-157.99886,6,0.344964
4/20/2019,36.556251,-157.998798,6,0.338376
4/20/2019,36.55922,-157.998775,6,0.342614
4/20/2019,36.562185,-157.998876,6,0.337343
4/20/2019,36.565143,-157.999005,6,0.335823
4/20/2019,36.568118,-157.999046,6,0.326595
4/20/2019,36.571094,-157.99914,6,0.322815
4/20/2019,36.574059,-157.999192,6,0.323396
4/20/2019,36.577029,-157.999286,6,0.323405
4/20/2019,36.579971,-157.999304,6,0.32359
4/20/2019,36.582965,-157.999387,6,0.326737
4/20/2019,36.585971,-157.999456,6,0.325955
4/20/2019,36.588979,-157.999494,6,0.329014
4/20/2019,36.591977,-157.999565,6,0.329556
4/20/2019,36.594983,-157.999557,6,0.330484
4/20/2019,36.59799,-157.999636,6,0.332732
4/20/2019,36.600993,-157.99963,6,0.332579
4/20/2019,36.603979,-157.999648,6,0.335495
4/20/2019,36.606974,-157.99964,6,0.335248
4/20/2019,36.609987,-157.999665,6,0.335759
4/20/2019,36.613023,-157.999674,6,0.333991
4/20/2019,36.61606,-157.999702,6,0.342119
4/20/2019,36.619077,-157.999681,6,0.341349
4/20/2019,36.622098,-157.999726,6,0.333633
4/20/2019,36.625101,-157.999724,6,0.341709
4/20/2019,36.628126,-157.999734,6,0.341276
4/20/2019,36.631131,-157.999733,6,0.345668
4/20/2019,36.634151,-157.999701,6,0.34915
4/20/2019,36.637162,-157.99968,6,0.343091
4/20/2019,36.640186,-157.999724,6,0.347804
4/20/2019,36.857507,-158.000536,6,0.28079
4/20/2019,36.860517,-158.000506,6,0.284153
4/20/2019,36.86351,-158.000502,6,0.286567
4/20/2019,36.866534,-158.00051,6,0.285675
4/20/2019,36.869546,-158.000463,6,0.285356
4/20/2019,36.872546,-158.000418,6,0.286988
4/20/2019,36.875578,-158.000378,6,0.281937
4/20/2019,36.878577,-158.000309,6,0.278539
4/20/2019,36.88156,-158.000286,6,0.275014
4/20/2019,36.88456,-158.000311,6,0.273542
4/20/2019,36.887558,-158.000231,6,0.27355
4/20/2019,36.890557,-158.000202,6,0.272649
4/20/2019,36.893521,-158.000162,6,0.272291
4/20/2019,36.896476,-158.000115,6,0.268152
4/20/2019,36.899416,-158.000039,6,0.264057
4/20/2019,36.902384,-157.999997,6,0.264042
4/20/2019,36.905356,-158.000032,6,0.266882
4/20/2019,36.908352,-158.000053,6,0.265628
4/20/2019,36.911342,-158.000062,6,0.26521
4/20/2019,36.914341,-158.000003,6,0.271889
4/20/2019,36.917364,-157.999997,6,0.279103
4/20/2019,36.920385,-158.000068,6,0.284032
4/20/2019,36.923397,-158.000074,6,0.284162
4/20/2019,36.926399,-158.000143,6,0.284503
4/20/2019,36.929369,-158.000167,6,0.284041
4/20/2019,36.932341,-158.000253,6,0.283305
4/20/2019,36.93531,-158.000323,6,0.284036
4/20/2019,36.938266,-158.000371,6,0.277231
4/20/2019,36.941196,-158.000368,6,0.257657
4/20/2019,36.944161,-158.000382,6,0.248886
4/20/2019,36.947146,-158.000461,6,0.239135
4/20/2019,36.950123,-158.000482,6,0.232514
4/20/2019,36.953119,-158.000397,6,0.219668
4/20/2019,36.956098,-158.000345,6,0.213864
4/20/2019,36.959069,-158.00028,6,0.21093
4/20/2019,36.96204,-158.000229,6,0.2088
4/20/2019,36.965022,-158.000233,6,0.202481
4/20/2019,36.967984,-158.000267,6,0.198131
4/20/2019,36.970945,-158.000229,6,0.191444
4/20/2019,36.973936,-158.000243,6,0.185944
4/20/2019,36.976919,-158.000265,6,0.190551
4/20/2019,36.979895,-158.00026,6,0.184351
4/20/2019,36.982861,-158.000251,6,0.183518
4/20/2019,36.985833,-158.000302,6,0.182739
4/20/2019,36.988771,-158.000439,6,0.18893
4/20/2019,36.991687,-158.00051,6,0.19347
4/20/2019,36.994424,-158.000538,6,0.189948
4/20/2019,36.99688,-158.00051,6,0.192811
4/20/2019,36.998986,-158.000452,6,0.20358
4/20/2019,37.000739,-158.000426,6,0.177561
4/20/2019,37.003065,-158.000809,6,0.199197
4/20/2019,37.003061,-158.000827,6,0.216916
4/20/2019,37.003073,-158.000818,6,0.213078
4/20/2019,37.003054,-158.000817,6,0.211209
4/20/2019,37.003065,-158.000817,6,0.201887
4/20/2019,37.00306,-158.000822,6,0.205666
4/20/2019,37.003057,-158.000822,6,0.205869
4/20/2019,37.003055,-158.000795,6,0.202949
4/20/2019,37.003041,-158.000779,6,0.19807
4/20/2019,37.003035,-158.000739,6,0.195727
4/20/2019,37.003022,-158.000697,6,0.209584
4/20/2019,37.002992,-158.000675,6,0.211443
4/20/2019,37.002991,-158.000652,6,0.211126
4/20/2019,37.003008,-158.000638,6,0.201046
4/20/2019,37.002988,-158.000614,6,0.203852
4/20/2019,37.002983,-158.000603,6,0.208275
4/20/2019,37.002978,-158.000607,6,0.203364
4/20/2019,37.00297,-158.000604,6,0.203528
4/20/2019,37.002969,-158.000567,6,0.203322
4/20/2019,37.002967,-158.000547,6,0.191917
4/20/2019,37.002971,-158.00052,6,0.195865
4/20/2019,37.002976,-158.000525,6,0.201347
4/20/2019,37.002953,-158.000545,6,0.205306
4/20/2019,37.002955,-158.000523,6,0.187264
4/20/2019,37.002942,-158.00051,6,0.190777
4/20/2019,37.002935,-158.000508,6,0.192148
4/20/2019,37.002955,-158.000462,6,0.185957
4/20/2019,37.002958,-158.000454,6,0.183544
4/20/2019,37.002934,-158.000475,6,0.181944
4/20/2019,37.002935,-158.000478,6,0.181573
4/20/2019,37.002949,-158.000462,6,0.175251
4/20/2019,37.00293,-158.000432,6,0.176859
4/20/2019,37.002929,-158.000416,6,0.181608
4/20/2019,37.002926,-158.000414,6,0.182059
4/20/2019,37.002913,-158.0004,6,0.181248
4/20/2019,37.002901,-158.000379,6,0.17864
4/20/2019,37.002913,-158.000373,6,0.201792
4/20/2019,37.002926,-158.000393,6,0.159956
4/20/2019,37.002924,-158.000394,6,0.196186
4/20/2019,37.002932,-158.000408,6,0.173411
4/20/2019,37.002922,-158.000436,6,0.181903
4/20/2019,37.002932,-158.00042,6,0.171786
4/20/2019,37.002913,-158.000405,6,0.129813
4/20/2019,37.002899,-158.000415,6,0.142944
4/20/2019,37.002974,-158.000359,6,0.17157
4/20/2019,37.002899,-158.000424,6,0.167631
4/20/2019,37.002911,-158.000375,6,0.151751
4/20/2019,37.002912,-158.0004,6,0.155449
4/20/2019,37.002899,-158.0004,6,0.158382
4/20/2019,37.00293,-158.000399,6,0.133415
4/20/2019,37.002885,-158.000372,6,0.200321
4/20/2019,37.00289,-158.000361,6,0.202533
4/20/2019,37.002898,-158.00036,6,0.200522
4/20/2019,37.002894,-158.000373,6,0.206087
4/20/2019,37.002911,-158.000385,6,0.202647
4/20/2019,37.002907,-158.000414,6,0.207942
4/20/2019,37.002905,-158.00042,6,0.204712
4/20/2019,37.002928,-158.000417,6,0.204292
4/20/2019,37.00292,-158.000414,6,0.207767
4/20/2019,37.002901,-158.00039,6,0.205132
4/20/2019,37.002889,-158.000358,6,0.20822
4/20/2019,37.002879,-158.00035,6,0.208967
4/20/2019,37.002912,-158.000413,6,0.207607
4/20/2019,37.002909,-158.000443,6,0.213856
4/20/2019,37.00291,-158.000434,6,0.206336
4/20/2019,37.002899,-158.000412,6,0.206117
4/20/2019,37.002891,-158.000409,6,0.211649
4/20/2019,37.002873,-158.000378,6,0.209662
4/20/2019,37.00287,-158.000329,6,0.210926
4/20/2019,37.002849,-158.000284,6,0.208019
4/20/2019,37.002845,-158.000242,6,0.211091
4/20/2019,37.002807,-158.000215,6,0.212119
4/20/2019,37.002842,-158.000167,6,0.211871
4/20/2019,37.002813,-158.0002,6,0.206413
4/20/2019,37.002844,-158.000176,6,0.20865
4/20/2019,37.002816,-158.00021,6,0.210775
4/20/2019,37.00281,-158.000196,6,0.216347
4/20/2019,37.002796,-158.000164,6,0.217422
4/20/2019,37.002825,-158.000176,6,0.21827
4/20/2019,37.002809,-158.000177,6,0.215349
4/20/2019,37.002816,-158.000182,6,0.21554
4/20/2019,37.002812,-158.000204,6,0.216154
4/20/2019,37.002814,-158.000221,6,0.218222
4/20/2019,37.002826,-158.000207,6,0.217007
4/20/2019,37.002829,-158.000252,6,0.217238
4/20/2019,37.002831,-158.000236,6,0.215807
4/20/2019,37.002803,-158.000212,6,0.216408
4/20/2019,37.002795,-158.000142,6,0.216436
4/20/2019,37.002748,-158.000081,6,0.218289
4/20/2019,37.002732,-158.000016,6,0.216751
4/20/2019,37.002708,-157.999964,6,0.217734
4/20/2019,37.002708,-157.999958,6,0.223406
4/20/2019,37.00271,-157.999971,6,0.220957
4/20/2019,37.002722,-157.999989,6,0.217584
4/20/2019,37.002726,-157.999995,6,0.214035
4/20/2019,37.002726,-157.999997,6,0.215425
4/20/2019,37.002725,-158.000034,6,0.214606
4/20/2019,37.00276,-158.000062,6,0.208401
4/20/2019,37.00277,-158.000088,6,0.204372
4/20/2019,37.002782,-158.000123,6,0.20346
4/20/2019,37.002865,-158.000434,6,0.204609
4/20/2019,37.002894,-158.000468,6,0.205446
4/20/2019,37.00289,-158.000517,6,0.204417
4/20/2019,37.002902,-158.000554,6,0.20437
4/20/2019,37.002908,-158.000596,6,0.205868
4/20/2019,37.002934,-158.000664,6,0.204593
4/20/2019,37.002931,-158.000672,6,0.206757
4/20/2019,37.002916,-158.000675,6,0.208732
4/20/2019,37.002943,-158.00068,6,0.211308
4/20/2019,37.00293,-158.000688,6,0.211407
4/20/2019,37.002931,-158.000677,6,0.212714
4/20/2019,37.002941,-158.000668,6,0.216478
4/20/2019,37.002924,-158.00064,6,0.214093
4/20/2019,37.002908,-158.000613,6,0.212853
4/20/2019,37.002905,-158.000592,6,0.213721
4/20/2019,37.002907,-158.000567,6,0.210294
4/20/2019,37.002924,-158.000543,6,0.202708
4/20/2019,37.00289,-158.000541,6,0.20592
4/20/2019,37.002888,-158.000515,6,0.209359
4/20/2019,37.002895,-158.000501,6,0.2115
4/20/2019,37.002913,-158.000514,6,0.208725
4/20/2019,37.002905,-158.000523,6,0.202405
4/20/2019,37.0029,-158.000555,6,0.20238
4/20/2019,37.002901,-158.000569,6,0.20217
4/20/2019,37.002887,-158.000578,6,0.200315
4/20/2019,37.002921,-158.000574,6,0.204738
4/20/2019,37.002897,-158.000583,6,0.201784
4/20/2019,37.002883,-158.000579,6,0.204357
4/20/2019,37.002912,-158.000573,6,0.207535
4/20/2019,37.002931,-158.000555,6,0.206955
4/20/2019,37.002902,-158.000547,6,0.203425
4/20/2019,37.0029,-158.000552,6,0.207012
4/20/2019,37.002893,-158.000523,6,0.203612
4/20/2019,37.002889,-158.000525,6,0.206398
4/20/2019,37.002882,-158.000539,6,0.204228
4/20/2019,37.002878,-158.000504,6,0.205648
4/20/2019,37.00288,-158.000479,6,0.205436
4/20/2019,37.002878,-158.000479,6,0.204689
4/20/2019,37.002895,-158.000462,6,0.205677
4/20/2019,37.002887,-158.000481,6,0.203509
4/20/2019,37.002882,-158.000484,6,0.201674
4/20/2019,37.002877,-158.000487,6,0.198059
4/20/2019,37.002886,-158.000505,6,0.198022
4/20/2019,37.002905,-158.00054,6,0.204703
4/20/2019,37.002908,-158.000585,6,0.205738
4/20/2019,37.002905,-158.000591,6,0.20671
4/20/2019,37.002919,-158.000578,6,0.212872
4/20/2019,37.002905,-158.000601,6,0.207719
4/20/2019,37.002911,-158.000637,6,0.207875
4/20/2019,37.002912,-158.000636,6,0.215421
4/20/2019,37.002951,-158.00073,6,0.208066
4/20/2019,37.002918,-158.000761,6,0.202671
4/20/2019,37.002958,-158.000737,6,0.210705
4/20/2019,37.002939,-158.000767,6,0.214603
4/20/2019,37.002942,-158.000779,6,0.207896
4/20/2019,37.002963,-158.000799,6,0.21099
4/20/2019,37.002953,-158.000828,6,0.208637
4/20/2019,37.002947,-158.000827,6,0.20862
4/20/2019,37.002957,-158.000837,6,0.207411
4/20/2019,37.002981,-158.000879,6,0.205756
4/20/2019,37.002983,-158.000899,6,0.212009
4/20/2019,37.00297,-158.000915,6,0.206286
4/20/2019,37.002983,-158.000928,6,0.208435
4/20/2019,37.002984,-158.000954,6,0.212179
4/20/2019,37.002997,-158.000987,6,0.212411
4/20/2019,37.003011,-158.001047,6,0.214862
4/20/2019,37.003023,-158.001124,6,0.21405
4/20/2019,37.003043,-158.001119,6,0.21395
4/20/2019,37.003047,-158.001152,6,0.213558
4/20/2019,37.003026,-158.001152,6,0.207758
4/20/2019,37.003022,-158.001161,6,0.212509
4/20/2019,37.003043,-158.001162,6,0.211356
4/20/2019,37.003025,-158.001177,6,0.211279
4/20/2019,37.003032,-158.001173,6,0.214359
4/20/2019,37.003017,-158.001177,6,0.2142
4/20/2019,37.003036,-158.001176,6,0.2147
4/20/2019,37.003023,-158.001197,6,0.214124
4/20/2019,37.003025,-158.001183,6,0.212875
4/20/2019,37.003011,-158.001173,6,0.217004
4/20/2019,37.003011,-158.001139,6,0.216894
4/20/2019,37.003004,-158.001175,6,0.212346
4/20/2019,37.003076,-158.001213,6,0.216498
4/20/2019,37.003057,-158.001274,6,0.219758
4/20/2019,37.003046,-158.001326,6,0.217189
4/20/2019,37.003064,-158.00133,6,0.216256
4/20/2019,37.003068,-158.001339,6,0.214185
4/20/2019,37.003064,-158.001312,6,0.213978
4/20/2019,37.003057,-158.00129,6,0.213952
4/20/2019,37.003068,-158.001245,6,0.218815
4/20/2019,37.003071,-158.001216,6,0.215375
4/20/2019,37.003027,-158.001204,6,0.212313
4/20/2019,37.003036,-158.00114,6,0.212471
4/20/2019,37.00302,-158.001134,6,0.213863
4/20/2019,37.003046,-158.001137,6,0.217298
4/20/2019,37.003017,-158.001129,6,0.216119
4/20/2019,37.003014,-158.001123,6,0.215311
4/20/2019,37.003014,-158.001127,6,0.210189
4/20/2019,37.003011,-158.001144,6,0.214869
4/20/2019,37.003019,-158.001149,6,0.210006
4/20/2019,37.003019,-158.00114,6,0.209041
4/20/2019,37.003099,-158.001491,6,0.204251
4/20/2019,37.00311,-158.001553,6,0.207885
4/20/2019,37.003128,-158.001612,6,0.201455
4/20/2019,37.003157,-158.001686,6,0.201753
4/20/2019,37.003146,-158.001731,6,0.204588
4/20/2019,37.00316,-158.001733,6,0.206096
4/20/2019,37.003155,-158.001753,6,0.208814
4/20/2019,37.003144,-158.001756,6,0.210882
4/20/2019,37.003145,-158.001767,6,0.209724
4/20/2019,37.003154,-158.001774,6,0.205625
4/20/2019,37.003162,-158.001785,6,0.210154
4/20/2019,37.003149,-158.001856,6,0.2137
4/20/2019,37.003201,-158.001939,6,0.207769
4/20/2019,37.003197,-158.001994,6,0.20769
4/20/2019,37.003218,-158.002045,6,0.212005
4/20/2019,37.003229,-158.00206,6,0.209089
4/20/2019,37.003239,-158.002125,6,0.212761
4/20/2019,37.003258,-158.002205,6,0.211845
4/20/2019,37.003271,-158.002318,6,0.210089
4/20/2019,37.003312,-158.002395,6,0.207558
4/20/2019,37.003321,-158.002472,6,0.206298
4/20/2019,37.003319,-158.002537,6,0.201785
4/20/2019,37.00333,-158.00259,6,0.206104
4/20/2019,37.003345,-158.002628,6,0.203222
4/20/2019,37.003363,-158.002703,6,0.204654
4/20/2019,37.003391,-158.002776,6,0.204925
4/20/2019,37.003407,-158.002865,6,0.200562
4/20/2019,37.003414,-158.002946,6,0.193085
4/20/2019,37.003437,-158.002998,6,0.207306
4/20/2019,37.003453,-158.003053,6,0.189612
4/20/2019,37.003461,-158.003108,6,0.200503
4/20/2019,37.003466,-158.003154,6,0.17964
4/20/2019,37.003505,-158.003185,6,0.191129
4/20/2019,37.003485,-158.003217,6,0.18976
4/20/2019,37.003484,-158.003276,6,0.18792
4/20/2019,37.003515,-158.003316,6,0.196142
4/20/2019,37.003492,-158.003342,6,0.194653
4/20/2019,37.003516,-158.003344,6,0.180731
4/20/2019,37.00352,-158.003365,6,0.185913
4/20/2019,37.003515,-158.003369,6,0.16929
4/20/2019,37.0035,-158.003372,6,0.176297
4/20/2019,37.003487,-158.003369,6,0.179647
4/20/2019,37.003472,-158.003319,6,0.179092
4/20/2019,37.003432,-158.003297,6,0.179902
4/20/2019,37.003416,-158.003248,6,0.193026
4/20/2019,37.00342,-158.003234,6,0.177482
4/20/2019,37.003355,-158.003184,6,0.183854
4/20/2019,37.00335,-158.003118,6,0.188379
4/20/2019,37.003323,-158.003098,6,0.186296
4/20/2019,37.003335,-158.003066,6,0.187252
4/20/2019,37.003343,-158.00308,6,0.218979
4/20/2019,37.003341,-158.003083,6,0.222349
4/20/2019,37.003324,-158.003086,6,0.224593
4/20/2019,37.003338,-158.003077,6,0.231469
4/20/2019,37.003355,-158.003124,6,0.231309
4/20/2019,37.003367,-158.003156,6,0.228683
4/20/2019,37.003385,-158.003192,6,0.230455
4/20/2019,37.003403,-158.003266,6,0.22905
4/20/2019,37.00343,-158.003332,6,0.232452
4/20/2019,37.00344,-158.003421,6,0.222984
4/20/2019,37.0035,-158.00349,6,0.226053
4/20/2019,37.003485,-158.003519,6,0.222415
4/20/2019,37.003485,-158.00353,6,0.222642
4/20/2019,37.003486,-158.003528,6,0.218358
4/20/2019,37.003493,-158.003556,6,0.221333
4/20/2019,37.003507,-158.003582,6,0.221506
4/20/2019,37.003516,-158.003617,6,0.228618
4/20/2019,37.003531,-158.003675,6,0.224492
4/20/2019,37.003546,-158.003751,6,0.22493
4/20/2019,37.003553,-158.003809,6,0.215154
4/20/2019,37.003572,-158.003881,6,0.212433
4/20/2019,37.003586,-158.003956,6,0.214222
4/20/2019,37.00359,-158.004028,6,0.211755
4/20/2019,37.003599,-158.004078,6,0.210477
4/20/2019,37.003631,-158.004118,6,0.191271
4/20/2019,37.003619,-158.004165,6,0.199146
4/20/2019,37.003642,-158.004192,6,0.195375
4/20/2019,37.003604,-158.00418,6,0.195094
4/20/2019,37.003585,-158.004113,6,0.190752
4/20/2019,37.003551,-158.004019,6,0.187384
4/20/2019,37.003558,-158.003958,6,0.185815
4/20/2019,37.003554,-158.003907,6,0.188954
4/20/2019,37.003531,-158.003848,6,0.186255
4/20/2019,37.003521,-158.003803,6,0.185418
4/20/2019,37.003488,-158.003741,6,0.183702
4/20/2019,37.003464,-158.003655,6,0.176811
4/20/2019,37.003428,-158.003563,6,0.175068
4/20/2019,37.003389,-158.003438,6,0.201311
4/20/2019,37.003346,-158.003304,6,0.192884
4/20/2019,37.003198,-158.003226,6,0.206652
4/20/2019,37.003049,-158.003072,6,0.20726
4/20/2019,37.002924,-158.002866,6,0.192874
4/20/2019,37.002739,-158.002728,6,0.195998
4/20/2019,37.002617,-158.002571,6,0.195431
4/20/2019,37.002454,-158.002495,6,0.19738
4/20/2019,37.002346,-158.002343,6,0.20406
4/20/2019,37.002208,-158.002248,6,0.197206
4/20/2019,37.002106,-158.002124,6,0.207119
4/20/2019,37.001974,-158.002029,6,0.203731
4/20/2019,37.001863,-158.001893,6,0.20653
4/20/2019,37.000533,-158.000567,6,0.188864
4/20/2019,37.000439,-158.000483,6,0.16629
4/20/2019,37.000336,-158.0004,6,0.177467
4/20/2019,37.000286,-158.000331,6,0.182997
4/20/2019,37.000237,-158.000299,6,0.163228
4/20/2019,37.00018,-158.000278,6,0.167877
4/20/2019,37.000102,-158.000191,6,0.167746
4/20/2019,37.000048,-158.000086,6,0.150355
4/20/2019,36.999854,-157.999997,6,0.144402
4/20/2019,36.999802,-157.999906,6,0.144158
4/20/2019,36.999741,-157.999838,6,0.178393
4/20/2019,36.999716,-157.999783,6,0.191268
4/20/2019,36.999704,-157.999807,6,0.189191
4/20/2019,36.999594,-157.999792,6,0.182235
4/20/2019,36.999514,-157.999802,6,0.201868
4/20/2019,36.999415,-157.999902,6,0.202599
4/20/2019,36.999386,-157.999761,6,0.191048
4/20/2019,36.999499,-157.999815,6,0.19637
4/20/2019,36.999656,-157.99991,6,0.203051
4/20/2019,36.99978,-158.000013,6,0.203012
4/20/2019,36.999824,-158.000037,6,0.212789
4/20/2019,36.999835,-158.000034,6,0.203632
4/20/2019,36.999783,-158.000038,6,0.210821
4/20/2019,36.999792,-158.00005,6,0.209559
4/20/2019,36.999789,-158.000017,6,0.208521
4/20/2019,36.9998,-158.00004,6,0.207497
4/20/2019,36.99983,-158.000042,6,0.20255
4/20/2019,36.999863,-158.000062,6,0.21362
4/20/2019,36.999873,-158.000106,6,0.209394
4/20/2019,36.999885,-158.000122,6,0.211918
4/20/2019,36.999882,-158.000086,6,0.207771
4/20/2019,36.99987,-158.000064,6,0.205951
4/20/2019,36.999869,-158.000077,6,0.211509
4/20/2019,36.999856,-158.000083,6,0.198847
4/20/2019,36.999876,-158.000109,6,0.204328
4/20/2019,36.99989,-158.000151,6,0.200017
4/20/2019,36.999938,-158.000177,6,0.210826
4/20/2019,36.999929,-158.000213,6,0.199725
4/20/2019,36.999948,-158.000199,6,0.203199
4/20/2019,36.99993,-158.000217,6,0.210248
4/20/2019,36.99995,-158.000214,6,0.212391
4/20/2019,36.999941,-158.000214,6,0.188742
4/20/2019,36.999933,-158.000237,6,0.184329
4/20/2019,36.999923,-158.000229,6,0.200135
4/20/2019,36.999911,-158.000204,6,0.176866
4/20/2019,36.9999,-158.000184,6,0.200718
4/20/2019,36.999906,-158.000161,6,0.198545
4/20/2019,36.999894,-158.000177,6,0.17355
4/20/2019,36.999927,-158.000187,6,0.219343
4/20/2019,36.999954,-158.000306,6,0.195002
4/20/2019,36.999975,-158.000324,6,0.197708
4/20/2019,37.000023,-158.000364,6,0.206883
4/20/2019,36.999989,-158.000375,6,0.216966
4/20/2019,36.999967,-158.000386,6,0.203321
4/20/2019,36.99999,-158.000381,6,0.18898
4/20/2019,36.999956,-158.000342,6,0.178161
4/20/2019,36.999937,-158.000287,6,0.193474
4/20/2019,36.999898,-158.000232,6,0.215545
4/20/2019,36.999882,-158.000184,6,0.218826
4/20/2019,36.999848,-158.000149,6,0.169225
4/20/2019,36.999817,-158.000114,6,0.19345
4/20/2019,36.999804,-158.000048,6,0.186305
4/20/2019,36.999771,-158.000037,6,0.195669
4/20/2019,36.999766,-158.000015,6,0.201399
4/20/2019,36.999769,-157.999981,6,0.190745
4/20/2019,36.999732,-157.999972,6,0.197017
4/20/2019,36.999703,-157.999945,6,0.192555
4/20/2019,36.999689,-157.9999,6,0.192635
4/20/2019,36.99965,-157.999899,6,0.199973
4/20/2019,36.99967,-157.999865,6,0.196836
4/20/2019,36.999687,-157.999861,6,0.206893
4/20/2019,36.999738,-157.99983,6,0.204991
4/20/2019,36.99983,-157.999757,6,0.198301
4/20/2019,36.999923,-157.999719,6,0.202874
4/20/2019,37.000033,-157.999687,6,0.198727
4/20/2019,37.000059,-157.999741,6,0.197679
4/20/2019,37.000108,-157.999795,6,0.200119
4/20/2019,37.000116,-157.999889,6,0.199832
4/20/2019,37.000193,-157.999945,6,0.201647
4/20/2019,37.00019,-157.999977,6,0.204468
4/20/2019,37.000174,-157.999985,6,0.20378
4/20/2019,37.000193,-157.999992,6,0.199928
4/20/2019,37.000214,-158.000058,6,0.19986
4/20/2019,37.000228,-158.000096,6,0.197478
4/20/2019,37.000214,-158.000103,6,0.202497
4/20/2019,37.000254,-158.000141,6,0.196753
4/20/2019,37.00028,-158.00021,6,0.183477
4/20/2019,37.000282,-158.000287,6,0.192331
4/20/2019,37.000315,-158.00034,6,0.19362
4/20/2019,37.000327,-158.000376,6,0.173352
4/20/2019,37.000333,-158.000373,6,0.207363
4/20/2019,37.000302,-158.000338,6,0.189186
4/20/2019,37.000293,-158.000355,6,0.188381
4/20/2019,37.000304,-158.000376,6,0.193054
4/20/2019,37.000315,-158.000383,6,0.191513
4/20/2019,37.000317,-158.000371,6,0.179656
4/20/2019,37.00034,-158.000324,6,0.183113
4/20/2019,37.000307,-158.00028,6,0.186977
4/20/2019,37.000273,-158.000278,6,0.193448
4/20/2019,37.000274,-158.000316,6,0.185842
4/20/2019,37.000287,-158.000301,6,0.177054
4/20/2019,37.000222,-158.000306,6,0.1919
4/20/2019,37.000212,-158.000279,6,0.186222
4/20/2019,37.000202,-158.000255,6,0.194808
4/20/2019,37.000193,-158.000225,6,0.193979
4/20/2019,37.000183,-158.000217,6,0.192174
4/20/2019,37.000172,-158.000227,6,0.197668
4/20/2019,37.000228,-158.000192,6,0.187574
4/20/2019,37.000213,-158.000237,6,0.189885
4/20/2019,37.000174,-158.00024,6,0.185948
4/20/2019,37.000179,-158.000181,6,0.195156
4/20/2019,37.000135,-158.000158,6,0.196024
4/20/2019,37.000152,-158.000098,6,0.19645
4/20/2019,37.000093,-158.000077,6,0.196149
4/20/2019,37.000115,-158.000086,6,0.195572
4/20/2019,37.000104,-158.000099,6,0.192129
4/20/2019,37.000063,-158.000077,6,0.194687
4/20/2019,37.000088,-158.000064,6,0.184897
4/20/2019,37.000084,-158.000036,6,0.189396
4/20/2019,37.000077,-158.000072,6,0.19277
4/20/2019,37.000069,-158.000071,6,0.192909
4/20/2019,37.000048,-158.000034,6,0.188292
4/20/2019,37.000007,-157.999988,6,0.194712
4/20/2019,36.999989,-157.999977,6,0.195466
4/20/2019,36.999993,-157.999944,6,0.192205
4/20/2019,37,-157.999905,6,0.193921
4/20/2019,36.999982,-157.999928,6,0.191544
4/20/2019,37.000029,-157.999944,6,0.188951
4/20/2019,37.000032,-158.000022,6,0.19242
4/20/2019,37.000067,-158.000015,6,0.187226
4/20/2019,37.000048,-157.999987,6,0.187395
4/20/2019,37.000036,-157.999952,6,0.183386
4/20/2019,37.000014,-157.999967,6,0.186154
4/20/2019,36.99999,-157.999936,6,0.185146
4/20/2019,36.99995,-157.999911,6,0.186859
4/20/2019,36.99995,-157.999888,6,0.188251
4/20/2019,36.999964,-157.99989,6,0.189233
4/20/2019,36.999966,-157.999912,6,0.1887
4/20/2019,36.999982,-157.999914,6,0.189194
4/20/2019,36.999983,-157.999942,6,0.188916
4/20/2019,37.000017,-157.999939,6,0.186114
4/20/2019,37.000025,-157.999973,6,0.181617
4/20/2019,37.000039,-157.999962,6,0.181339
4/20/2019,37.000008,-157.999948,6,0.186389
4/20/2019,36.999981,-157.999943,6,0.176173
4/20/2019,36.999964,-157.999914,6,0.17765
4/20/2019,36.999954,-157.999875,6,0.169051
4/20/2019,36.999927,-157.999843,6,0.179684
4/20/2019,36.999921,-157.999843,6,0.192108
4/20/2019,37.00005,-158.000042,6,0.170801
4/20/2019,37.000051,-158.000054,6,0.178038
4/20/2019,37.000065,-158.000043,6,0.179105
4/20/2019,37.000019,-158.000032,6,0.193599
4/20/2019,37.000029,-158.000023,6,0.189702
4/20/2019,37.000003,-158.000036,6,0.177651
4/20/2019,36.999993,-158.000005,6,0.177303
4/20/2019,37.000051,-157.999957,6,0.177489
4/20/2019,37.000004,-158.000019,6,0.17939
4/20/2019,37.000042,-158.000036,6,0.178133
4/20/2019,37.000074,-158.000073,6,0.172909
4/20/2019,37.000104,-158.000144,6,0.177098
4/20/2019,37.000146,-158.00017,6,0.177486
4/20/2019,37.000164,-158.000214,6,0.180851
4/20/2019,37.000155,-158.000233,6,0.180311
4/20/2019,37.00016,-158.000231,6,0.173305
4/20/2019,37.000149,-158.00023,6,0.174807
4/20/2019,37.000135,-158.000215,6,0.17424
4/20/2019,37.000129,-158.000216,6,0.170644
4/20/2019,37.000137,-158.000205,6,0.176386
4/20/2019,37.000144,-158.000187,6,0.177521
4/20/2019,37.000104,-158.000178,6,0.17309
4/20/2019,37.000093,-158.00016,6,0.176297
4/20/2019,37.000094,-158.000134,6,0.174406
4/20/2019,37.000075,-158.000123,6,0.173268
4/20/2019,37.000062,-158.000125,6,0.179619
4/20/2019,37.000054,-158.000115,6,0.17078
4/20/2019,37.00005,-158.000084,6,0.171555
4/20/2019,37.000052,-158.000069,6,0.172639
4/20/2019,37.000046,-158.000082,6,0.169405
4/20/2019,37.00005,-158.000084,6,0.171822
4/20/2019,37.000044,-158.000068,6,0.166925
4/20/2019,37.000028,-158.000076,6,0.17274
4/20/2019,37.000037,-158.000061,6,0.175955
4/20/2019,37.00003,-158.000048,6,0.171702
4/20/2019,37.000012,-158.000067,6,0.158718
4/20/2019,37.000012,-158.000048,6,0.177675
4/20/2019,37.000037,-158.000012,6,0.161436
4/20/2019,37.000019,-158.000032,6,0.156932
4/20/2019,37.00005,-158.000082,6,0.172771
4/20/2019,37.000087,-158.000149,6,0.17287
4/20/2019,37.000104,-158.000175,6,0.17731
4/20/2019,37.000114,-158.0002,6,0.17221
4/20/2019,37.00013,-158.000223,6,0.168927
4/20/2019,37.000156,-158.00027,6,0.168567
4/20/2019,37.000214,-158.000279,6,0.165028
4/20/2019,37.000165,-158.000321,6,0.164637
4/20/2019,37.00018,-158.000311,6,0.162455
4/20/2019,37.000176,-158.00031,6,0.174366
4/20/2019,37.000155,-158.000305,6,0.158441
4/20/2019,37.000173,-158.0003,6,0.15805
4/20/2019,37.000156,-158.000302,6,0.157474
4/20/2019,37.000139,-158.000283,6,0.160814
4/20/2019,37.000142,-158.000296,6,0.158352
4/20/2019,37.00014,-158.000296,6,0.152851
4/20/2019,37.000144,-158.000296,6,0.152099
4/20/2019,37.000141,-158.000317,6,0.161405
4/20/2019,37.000167,-158.00033,6,0.159382
4/20/2019,37.00016,-158.000321,6,0.160499
4/20/2019,37.000168,-158.000303,6,0.159628
4/20/2019,37.000155,-158.000306,6,0.164104
4/20/2019,37.000128,-158.000286,6,0.162966
4/20/2019,37.000113,-158.000255,6,0.165971
4/20/2019,37.000103,-158.000209,6,0.170194
4/20/2019,37.000083,-158.000204,6,0.165613
4/20/2019,37.000062,-158.000147,6,0.164092
4/20/2019,37.000033,-158.000133,6,0.166199
4/20/2019,37.000022,-158.000112,6,0.149611
4/20/2019,37.000039,-158.000111,6,0.16225
4/20/2019,37.000042,-158.000122,6,0.158229
4/20/2019,37.000011,-158.00009,6,0.163322
4/20/2019,36.999998,-158.000091,6,0.162316
4/20/2019,37.000052,-158.000041,6,0.160364
4/20/2019,37.00001,-158.000059,6,0.156996
4/20/2019,36.999998,-158.000055,6,0.162279
4/20/2019,37.00004,-158.000085,6,0.161004
4/20/2019,37.000057,-158.000161,6,0.16272
4/20/2019,37.000081,-158.00019,6,0.161454
4/20/2019,37.000083,-158.000223,6,0.157377
4/20/2019,37.00011,-158.000244,6,0.165644
4/20/2019,37.000154,-158.000261,6,0.161702
4/20/2019,37.000124,-158.0003,6,0.158646
4/20/2019,37.000124,-158.000323,6,0.155552
4/20/2019,37.000131,-158.000314,6,0.157402
4/20/2019,37.000161,-158.00035,6,0.157887
4/20/2019,37.000175,-158.000386,6,0.156371
4/20/2019,37.000192,-158.000442,6,0.161558
4/20/2019,37.000208,-158.000467,6,0.161118
4/20/2019,37.000207,-158.000457,6,0.158914
4/20/2019,37.000169,-158.000431,6,0.154853
4/20/2019,37.000188,-158.000394,6,0.156183
4/20/2019,37.000152,-158.000393,6,0.154136
4/20/2019,37.000185,-158.000383,6,0.166364
4/20/2019,37.000179,-158.00043,6,0.165704
4/20/2019,37.000158,-158.000514,6,0.157646
4/20/2019,37.000201,-158.000498,6,0.157592
4/20/2019,37.000217,-158.000466,6,0.160528
4/20/2019,37.000198,-158.000452,6,0.160458
4/20/2019,37.000174,-158.000455,6,0.159904
4/20/2019,37.000168,-158.000447,6,0.168793
4/20/2019,37.000155,-158.000386,6,0.148581
4/20/2019,37.000151,-158.00033,6,0.151894
4/20/2019,37.000104,-158.000308,6,0.152311
4/20/2019,37.000102,-158.000292,6,0.148092
4/20/2019,37.000124,-158.000341,6,0.152986
4/20/2019,37.000137,-158.000339,6,0.149196
4/20/2019,37.000129,-158.000344,6,0.154301
4/20/2019,37.000129,-158.000326,6,0.153374
4/20/2019,37.000105,-158.000337,6,0.15183
4/20/2019,37.000113,-158.000317,6,0.147119
4/20/2019,37.00012,-158.000325,6,0.153907
4/20/2019,37.000118,-158.000372,6,0.1551
4/20/2019,37.000146,-158.000399,6,0.15473
4/20/2019,37.000182,-158.000428,6,0.155273
4/20/2019,37.000171,-158.000465,6,0.15182
4/20/2019,37.000194,-158.00049,6,0.152346
4/20/2019,37.000178,-158.000508,6,0.151193
4/20/2019,37.000206,-158.000473,6,0.156319
4/20/2019,37.000163,-158.000466,6,0.15637
4/20/2019,37.000232,-158.000424,6,0.155875
4/20/2019,37.000148,-158.000434,6,0.154059
4/20/2019,37.000111,-158.000413,6,0.156132
4/20/2019,37.000165,-158.000389,6,0.148411
4/20/2019,37.000137,-158.000415,6,0.148492
4/20/2019,37.000137,-158.000407,6,0.149721
4/20/2019,37.000114,-158.000384,6,0.1462
4/20/2019,37.000113,-158.000333,6,0.148721
4/20/2019,37.00007,-158.000303,6,0.147685
4/20/2019,37.000056,-158.000264,6,0.148941
4/20/2019,37.000043,-158.00024,6,0.149522
4/20/2019,37.000035,-158.000207,6,0.151146
4/20/2019,37.000016,-158.000195,6,0.14633
4/20/2019,37.000024,-158.000173,6,0.147034
4/20/2019,36.999987,-158.000169,6,0.147193
4/20/2019,37.000021,-158.000129,6,0.146052
4/20/2019,37.000002,-158.000137,6,0.15224
4/20/2019,36.999994,-158.00015,6,0.144968
4/20/2019,37.000025,-158.000188,6,0.146906
4/20/2019,37.000041,-158.000186,6,0.144308
4/20/2019,37.000032,-158.000188,6,0.14539
4/20/2019,37.000056,-158.000224,6,0.144249
4/20/2019,37.000076,-158.000264,6,0.145346
4/20/2019,37.000061,-158.000321,6,0.145418
4/20/2019,37.000138,-158.000348,6,0.146406
4/20/2019,37.000291,-158.00035,6,0.151263
4/20/2019,37.000485,-158.000331,6,0.149441
4/20/2019,37.000592,-158.000333,6,0.149281
4/20/2019,37.000625,-158.000347,6,0.152502
4/20/2019,37.000741,-158.00036,6,0.157231
4/20/2019,37.000769,-158.000399,6,0.147607
4/20/2019,37.003926,-158.000023,6,0.146861
4/20/2019,37.004677,-158.000058,6,0.14089
4/20/2019,37.005432,-158.000089,6,0.145551
4/20/2019,37.006214,-158.000119,6,0.143092
4/20/2019,37.007016,-158.000162,6,0.145368
4/20/2019,37.007848,-158.000181,6,0.142543
4/20/2019,37.008738,-158.000189,6,0.143518
4/20/2019,37.009762,-158.000203,6,0.147693
4/20/2019,37.011094,-158.000184,6,0.145456
4/20/2019,37.012788,-158.000187,6,0.141762
4/20/2019,37.014528,-158.000147,6,0.145229
4/20/2019,37.016271,-158.000188,6,0.145758
4/20/2019,37.018039,-158.000169,6,0.143207
4/20/2019,37.019808,-158.000178,6,0.14763
4/20/2019,37.021572,-158.00016,6,0.152279
4/20/2019,37.023339,-158.000223,6,0.158417
4/20/2019,37.025063,-158.000282,6,0.165558
4/20/2019,37.026801,-158.000239,6,0.166858
4/20/2019,37.028592,-158.000201,6,0.168678
4/20/2019,37.03039,-158.000091,6,0.169223
4/20/2019,37.032201,-157.999992,6,0.164437
4/20/2019,37.034016,-157.999911,6,0.167498
4/20/2019,37.035804,-157.999829,6,0.16746
4/20/2019,37.037588,-157.999738,6,0.174505
4/20/2019,37.039363,-157.999567,6,0.169749
4/20/2019,37.041167,-157.999455,6,0.169493
4/20/2019,37.042984,-157.999392,6,0.172882
4/20/2019,37.044799,-157.999319,6,0.175078
4/20/2019,37.046624,-157.999248,6,0.175932
4/20/2019,37.048445,-157.999176,6,0.182817
4/20/2019,37.050263,-157.99913,6,0.184545
4/20/2019,37.052073,-157.999073,6,0.187979
4/20/2019,37.053866,-157.999077,6,0.189545
4/20/2019,37.055639,-157.999061,6,0.190715
4/20/2019,37.057445,-157.999077,6,0.18939
4/20/2019,37.059266,-157.999099,6,0.188787
4/20/2019,37.061082,-157.999146,6,0.192878
4/20/2019,37.062858,-157.999189,6,0.194012
4/20/2019,37.064523,-157.999303,6,0.196033
4/20/2019,37.065978,-157.999449,6,0.198822
4/20/2019,37.067205,-157.999558,6,0.204886
4/20/2019,37.068331,-157.999551,6,0.204051
4/20/2019,37.069508,-157.999548,6,0.194745
4/20/2019,37.070839,-157.999525,6,0.191101
4/20/2019,37.072601,-157.999456,6,0.182154
4/20/2019,37.074773,-157.99932,6,0.184909
4/20/2019,37.076992,-157.999225,6,0.167298
4/20/2019,37.079221,-157.999113,6,0.169739
4/20/2019,37.08145,-157.999018,6,0.157453
4/20/2019,37.083679,-157.998959,6,0.162666
4/19/2019,37.107499,-157.995402,6,0.12924
4/19/2019,37.109684,-157.995624,6,0.127878
4/19/2019,37.111871,-157.995793,6,0.128695
4/19/2019,37.114061,-157.996008,6,0.130629
4/19/2019,37.116224,-157.996215,6,0.130074
4/19/2019,37.118362,-157.996548,6,0.13309
4/19/2019,37.120333,-157.997558,6,0.133039
4/19/2019,37.121415,-157.999758,6,0.135877
4/19/2019,37.120113,-158.002187,6,0.139844
4/19/2019,37.117556,-158.002569,6,0.133619
4/19/2019,37.114977,-158.002652,6,0.132877
4/19/2019,37.112398,-158.002697,6,0.137331
4/19/2019,37.109833,-158.00274,6,0.132689
4/19/2019,37.107314,-158.002829,6,0.137266
4/19/2019,37.104788,-158.002892,6,0.135055
4/19/2019,37.102191,-158.002949,6,0.134821
4/19/2019,37.099601,-158.003005,6,0.129895
4/19/2019,37.097029,-158.003028,6,0.132872
4/19/2019,37.094444,-158.003046,6,0.138128
4/19/2019,37.091864,-158.003089,6,0.132684
4/19/2019,37.089284,-158.003139,6,0.13793
4/19/2019,37.086692,-158.00316,6,0.142385
4/19/2019,37.084116,-158.003166,6,0.145501
4/19/2019,37.081566,-158.003146,6,0.1565
4/19/2019,37.079014,-158.003144,6,0.157179
4/19/2019,37.076466,-158.003159,6,0.16248
4/19/2019,37.073946,-158.003181,6,0.167871
4/19/2019,37.07139,-158.00319,6,0.173606
4/19/2019,37.068846,-158.00325,6,0.172966
4/19/2019,37.066297,-158.003294,6,0.189436
4/19/2019,37.063757,-158.003312,6,0.194831
4/19/2019,37.061218,-158.00334,6,0.199815
4/19/2019,37.058701,-158.003401,6,0.199823
4/19/2019,37.056153,-158.00346,6,0.201681
4/19/2019,37.053601,-158.003506,6,0.201978
4/19/2019,37.051072,-158.003553,6,0.200783
4/19/2019,37.048541,-158.003656,6,0.19561
4/19/2019,37.045997,-158.003736,6,0.187273
4/19/2019,37.043443,-158.003799,6,0.184913
4/19/2019,37.040879,-158.003901,6,0.177559
4/19/2019,37.038309,-158.003991,6,0.168118
4/19/2019,37.035714,-158.004058,6,0.16946
4/19/2019,37.033115,-158.004103,6,0.171775
4/19/2019,37.030513,-158.004162,6,0.167727
4/19/2019,37.027895,-158.00424,6,0.168487
4/19/2019,37.025265,-158.004331,6,0.163641
4/19/2019,37.022656,-158.004395,6,0.162224
4/19/2019,37.020097,-158.004395,6,0.165203
4/19/2019,37.017485,-158.004428,6,0.164843
4/19/2019,37.014849,-158.004424,6,0.153857
4/19/2019,36.999882,-157.998126,6,0.146289
4/19/2019,37.00009,-157.998047,6,0.142055
4/19/2019,37.000162,-157.998068,6,0.136808
4/19/2019,37.000091,-157.998149,6,0.140529
4/19/2019,36.999931,-157.998242,6,0.150949
4/19/2019,36.999856,-157.99829,6,0.150919
4/19/2019,36.999851,-157.998311,6,0.148947
4/19/2019,36.999869,-157.998343,6,0.146258
4/19/2019,36.999882,-157.998404,6,0.149041
4/19/2019,36.999883,-157.998446,6,0.151754
4/19/2019,36.999873,-157.998474,6,0.147617
4/19/2019,36.999876,-157.998497,6,0.156982
4/19/2019,36.999899,-157.998529,6,0.157146
4/19/2019,36.999887,-157.998564,6,0.149903
4/19/2019,36.999894,-157.998616,6,0.14878
4/19/2019,36.999898,-157.998688,6,0.150635
4/19/2019,36.999891,-157.998728,6,0.151179
4/19/2019,36.999919,-157.998752,6,0.154863
4/19/2019,36.999919,-157.998797,6,0.150259
4/19/2019,36.999904,-157.998843,6,0.141757
4/19/2019,36.999921,-157.998896,6,0.148663
4/19/2019,36.999902,-157.998951,6,0.15042
4/19/2019,36.999918,-157.999,6,0.143568
4/19/2019,36.999918,-157.999044,6,0.141751
4/19/2019,36.999899,-157.99906,6,0.153008
4/19/2019,36.99991,-157.999084,6,0.145338
4/19/2019,36.999915,-157.999134,6,0.14553
4/19/2019,36.999905,-157.999174,6,0.153274
4/19/2019,36.999945,-157.999216,6,0.151538
4/19/2019,36.999936,-157.999263,6,0.148588
4/19/2019,36.999911,-157.999287,6,0.148903
4/19/2019,36.999944,-157.999315,6,0.14447
4/19/2019,36.999931,-157.999377,6,0.148092
4/19/2019,36.99991,-157.999402,6,0.14728
4/19/2019,36.99995,-157.999401,6,0.153736
4/19/2019,36.999945,-157.999414,6,0.146607
4/19/2019,36.999953,-157.999423,6,0.148559
4/19/2019,36.999928,-157.999435,6,0.141971
4/19/2019,36.999924,-157.999445,6,0.150764
4/19/2019,36.99994,-157.999452,6,0.148062
4/19/2019,36.999927,-157.999465,6,0.152317
4/19/2019,36.999936,-157.999476,6,0.153748
4/19/2019,36.999932,-157.999515,6,0.14807
4/19/2019,36.999928,-157.999542,6,0.148727
4/19/2019,36.999937,-157.999555,6,0.155496
4/19/2019,36.999948,-157.999579,6,0.148743
4/19/2019,36.999935,-157.999588,6,0.140452
4/19/2019,36.999925,-157.999602,6,0.148641
4/19/2019,36.99997,-157.999642,6,0.159077
4/19/2019,36.999922,-157.999693,6,0.17516
4/19/2019,36.999957,-158.00005,6,0.145811
4/19/2019,36.999943,-158.000096,6,0.140753
4/19/2019,36.99997,-158.000137,6,0.143811
4/19/2019,36.99996,-158.000208,6,0.124814
4/19/2019,36.99997,-158.000244,6,0.138847
4/19/2019,36.999968,-158.00029,6,0.143125
4/19/2019,36.999968,-158.000325,6,0.138113
4/19/2019,36.999963,-158.000353,6,0.135189
4/19/2019,36.999973,-158.000403,6,0.134154
4/19/2019,36.999955,-158.00044,6,0.134833
4/19/2019,36.999957,-158.000474,6,0.135572
4/19/2019,36.999963,-158.000485,6,0.154334
4/19/2019,36.999972,-158.000504,6,0.173829
4/19/2019,36.999975,-158.00053,6,0.165654
4/19/2019,36.999945,-158.000554,6,0.157937
4/19/2019,36.999998,-158.000597,6,0.149212
4/19/2019,36.999966,-158.000652,6,0.139013
4/19/2019,36.999979,-158.00068,6,0.16385
4/19/2019,36.999964,-158.000721,6,0.156473
4/19/2019,36.999957,-158.000757,6,0.155444
4/19/2019,36.999969,-158.00079,6,0.159726
4/19/2019,36.999976,-158.000822,6,0.162525
4/19/2019,36.999965,-158.000856,6,0.159567
4/19/2019,36.999991,-158.000896,6,0.162049
4/19/2019,36.999991,-158.00092,6,0.15943
4/19/2019,36.99997,-158.000949,6,0.159518
4/19/2019,36.999981,-158.000974,6,0.161455
4/19/2019,36.999975,-158.001003,6,0.164666
4/19/2019,36.999982,-158.001031,6,0.163401
4/19/2019,36.999977,-158.001036,6,0.165334
4/19/2019,36.999978,-158.001031,6,0.164758
4/19/2019,36.999975,-158.001028,6,0.165167
4/19/2019,36.999992,-158.001031,6,0.168921
4/19/2019,37.000001,-158.001062,6,0.163746
4/19/2019,36.999977,-158.001084,6,0.163672
4/19/2019,37.000012,-158.001092,6,0.170659
4/19/2019,36.999992,-158.001112,6,0.173077
4/19/2019,36.999999,-158.001137,6,0.171239
4/19/2019,37.00001,-158.001137,6,0.169554
4/19/2019,36.99999,-158.001127,6,0.175472
4/19/2019,36.999996,-158.001132,6,0.169904
4/19/2019,36.999983,-158.001144,6,0.170907
4/19/2019,36.99999,-158.001134,6,0.169481
4/19/2019,37.000019,-158.001135,6,0.170777
4/19/2019,36.999998,-158.001129,6,0.172307
4/19/2019,37.000003,-158.001104,6,0.169561
4/19/2019,36.999976,-158.001069,6,0.171709
4/19/2019,36.99998,-158.001027,6,0.165264
4/19/2019,36.999993,-158.000982,6,0.164892
4/19/2019,36.999984,-158.000964,6,0.161636
4/19/2019,36.999913,-158.000543,6,0.168462
4/19/2019,36.999902,-158.000513,6,0.174497
4/19/2019,36.999888,-158.000495,6,0.171844
4/19/2019,36.999881,-158.000472,6,0.177016
4/19/2019,36.999904,-158.000428,6,0.181052
4/19/2019,36.999871,-158.000369,6,0.181557
4/19/2019,36.999865,-158.000317,6,0.168492
4/19/2019,36.999851,-158.000262,6,0.17559
4/19/2019,36.99988,-158.000182,6,0.170229
4/19/2019,36.999815,-158.000102,6,0.175397
4/19/2019,36.999828,-158.000045,6,0.175316
4/19/2019,36.999811,-158.000011,6,0.173849
4/19/2019,36.999842,-157.999963,6,0.175801
4/19/2019,36.999809,-157.999941,6,0.17206
4/19/2019,36.99982,-157.999913,6,0.174533
4/19/2019,36.999798,-157.999889,6,0.172275
4/19/2019,36.999802,-157.999858,6,0.174545
4/19/2019,36.999796,-157.999866,6,0.172294
4/19/2019,36.999785,-157.999852,6,0.172787
4/19/2019,36.999777,-157.999847,6,0.175525
4/19/2019,36.9998,-157.999847,6,0.180844
4/19/2019,36.999814,-157.999848,6,0.176711
4/19/2019,36.999791,-157.999853,6,0.183394
4/19/2019,36.999786,-157.999855,6,0.178783
4/19/2019,36.999807,-157.99986,6,0.181713
4/19/2019,36.999789,-157.999848,6,0.180405
4/19/2019,36.999832,-157.999805,6,0.177938
4/19/2019,36.999796,-157.999796,6,0.175448
4/19/2019,36.999786,-157.999808,6,0.179196
4/19/2019,36.999778,-157.999803,6,0.180649
4/19/2019,36.999774,-157.999784,6,0.182304
4/19/2019,36.999773,-157.999782,6,0.180884
4/19/2019,36.999784,-157.999785,6,0.180789
4/19/2019,36.999783,-157.999777,6,0.17411
4/19/2019,36.999787,-157.999777,6,0.180456
4/19/2019,36.999761,-157.999764,6,0.179223
4/19/2019,36.999802,-157.999728,6,0.177959
4/19/2019,36.99979,-157.999719,6,0.176119
4/19/2019,36.999765,-157.999721,6,0.180155
4/19/2019,36.999772,-157.999748,6,0.180238
4/19/2019,36.999797,-157.999771,6,0.177735
4/19/2019,36.99979,-157.999775,6,0.179498
4/19/2019,36.999792,-157.999796,6,0.180708
4/19/2019,36.99978,-157.99981,6,0.176293
4/19/2019,36.999798,-157.999818,6,0.180579
4/19/2019,36.999785,-157.999836,6,0.178213
4/19/2019,36.999776,-157.999839,6,0.17743
4/19/2019,36.99982,-157.999832,6,0.175445
4/19/2019,36.999795,-157.99982,6,0.179806
4/19/2019,36.999797,-157.999796,6,0.177403
4/19/2019,36.999775,-157.999835,6,0.174926
4/19/2019,36.999771,-157.999775,6,0.180648
4/19/2019,36.999783,-157.999699,6,0.180164
4/19/2019,36.999752,-157.999686,6,0.1871
4/19/2019,36.999746,-157.999676,6,0.185436
4/19/2019,36.999728,-157.999664,6,0.188001
4/19/2019,36.999731,-157.999622,6,0.18618
4/19/2019,36.999751,-157.999597,6,0.190139
4/19/2019,36.999716,-157.999599,6,0.185253
4/19/2019,36.999757,-157.999572,6,0.185979
4/19/2019,36.999721,-157.999553,6,0.183077
4/19/2019,36.999742,-157.999552,6,0.185009
4/19/2019,36.999739,-157.99956,6,0.188224
4/19/2019,36.999721,-157.99957,6,0.185509
4/19/2019,36.999746,-157.999581,6,0.187316
4/19/2019,36.999716,-157.999581,6,0.177879
4/19/2019,36.999681,-157.999591,6,0.183105
4/19/2019,36.999794,-157.999525,6,0.180772
4/19/2019,36.999737,-157.999502,6,0.182207
4/19/2019,36.999709,-157.999505,6,0.179433
4/19/2019,36.999718,-157.999497,6,0.184851
4/19/2019,36.999736,-157.999481,6,0.179996
4/19/2019,36.999737,-157.999469,6,0.181028
4/19/2019,36.9997,-157.999458,6,0.178625
4/19/2019,36.9997,-157.999458,6,0.182213
4/19/2019,36.999705,-157.999472,6,0.184688
4/19/2019,36.999715,-157.999468,6,0.185178
4/19/2019,36.999692,-157.99946,6,0.186979
4/19/2019,36.999656,-157.999421,6,0.187475
4/19/2019,36.999759,-157.99937,6,0.191049
4/19/2019,36.999712,-157.999327,6,0.188264
4/19/2019,36.999683,-157.999285,6,0.186838
4/19/2019,36.999684,-157.999273,6,0.182279
4/19/2019,36.999678,-157.99929,6,0.189732
4/19/2019,36.999682,-157.999297,6,0.186593
4/19/2019,36.999679,-157.999299,6,0.183722
4/19/2019,36.999677,-157.999293,6,0.18772
4/19/2019,36.999665,-157.999291,6,0.184698
4/19/2019,36.999674,-157.999278,6,0.188977
4/19/2019,36.999672,-157.999242,6,0.188124
4/19/2019,36.999665,-157.999229,6,0.187564
4/19/2019,36.999674,-157.999219,6,0.182033
4/19/2019,36.999674,-157.999198,6,0.185447
4/19/2019,36.999695,-157.999202,6,0.19402
4/19/2019,36.999649,-157.999233,6,0.187356
4/19/2019,36.999649,-157.99923,6,0.189531
4/19/2019,36.999677,-157.999197,6,0.189743
4/19/2019,36.999673,-157.999157,6,0.18922
4/19/2019,36.999639,-157.999109,6,0.188195
4/19/2019,36.999648,-157.999084,6,0.187811
4/19/2019,36.999696,-157.99954,6,0.185186
4/19/2019,36.999666,-157.999585,6,0.186957
4/19/2019,36.999675,-157.999623,6,0.185623
4/19/2019,36.999699,-157.999669,6,0.183811
4/19/2019,36.999707,-157.999711,6,0.186424
4/19/2019,36.999701,-157.999765,6,0.187241
4/19/2019,36.999706,-157.999811,6,0.183453
4/19/2019,36.999704,-157.999859,6,0.188087
4/19/2019,36.999707,-157.999888,6,0.185595
4/19/2019,36.999715,-157.99991,6,0.197172
4/19/2019,36.999715,-157.999937,6,0.190928
4/19/2019,36.999736,-157.999931,6,0.187412
4/19/2019,36.999736,-157.999917,6,0.183592
4/19/2019,36.999701,-157.999911,6,0.1829
4/19/2019,36.99969,-157.999857,6,0.189311
4/19/2019,36.999675,-157.999847,6,0.179007
4/19/2019,36.999679,-157.999836,6,0.178463
4/19/2019,36.999682,-157.99984,6,0.181336
4/19/2019,36.999678,-157.999867,6,0.184698
4/19/2019,36.999694,-157.999909,6,0.186544
4/19/2019,36.999689,-157.999938,6,0.185849
4/19/2019,36.999693,-157.999942,6,0.19246
4/19/2019,36.999686,-157.999912,6,0.191057
4/19/2019,36.999684,-157.99986,6,0.18907
4/19/2019,36.999636,-157.99977,6,0.185191
4/19/2019,36.999595,-157.999694,6,0.184191
4/19/2019,36.999568,-157.999673,6,0.18566
4/19/2019,36.999554,-157.99966,6,0.185872
4/19/2019,36.999578,-157.999622,6,0.192245
4/19/2019,36.999549,-157.999614,6,0.188992
4/19/2019,36.999582,-157.999606,6,0.188943
4/19/2019,36.999583,-157.999604,6,0.186672
4/19/2019,36.999554,-157.999613,6,0.187666
4/19/2019,36.999569,-157.999636,6,0.190545
4/19/2019,36.999559,-157.999646,6,0.190152
4/19/2019,36.999606,-157.999644,6,0.194202
4/19/2019,36.999584,-157.99966,6,0.186648
4/19/2019,36.99961,-157.999709,6,0.191353
4/19/2019,36.999623,-157.999704,6,0.19331
4/19/2019,36.999613,-157.99975,6,0.19328
4/19/2019,36.99962,-157.999786,6,0.200269
4/19/2019,36.99964,-157.999799,6,0.196514
4/19/2019,36.999654,-157.999799,6,0.193151
4/19/2019,36.999651,-157.999811,6,0.190861
4/19/2019,36.99966,-157.999835,6,0.188422
4/19/2019,36.999659,-157.999851,6,0.186211
4/19/2019,36.999655,-157.99987,6,0.189098
4/19/2019,36.999677,-157.999899,6,0.182847
4/19/2019,36.999681,-157.999927,6,0.182637
4/19/2019,36.999699,-157.999982,6,0.179661
4/19/2019,36.999517,-157.999818,6,0.189796
4/19/2019,36.999529,-157.999833,6,0.191672
4/19/2019,36.999502,-157.999826,6,0.19035
4/19/2019,36.99951,-157.999775,6,0.194894
4/19/2019,36.999498,-157.999784,6,0.195896
4/19/2019,36.999527,-157.999776,6,0.196895
4/19/2019,36.999516,-157.999803,6,0.20551
4/19/2019,36.99951,-157.999845,6,0.202886
4/19/2019,36.999535,-157.999873,6,0.1923
4/19/2019,36.999531,-157.999899,6,0.186542
4/19/2019,36.999532,-157.999927,6,0.182869
4/19/2019,36.999555,-157.999918,6,0.186387
4/19/2019,36.999556,-157.999943,6,0.182551
4/19/2019,36.99954,-157.99995,6,0.18336
4/19/2019,36.999586,-157.999958,6,0.183818
4/19/2019,36.999546,-157.999977,6,0.184106
4/19/2019,36.999562,-157.999993,6,0.182682
4/19/2019,36.999609,-158.000001,6,0.18454
4/19/2019,36.999577,-158.000022,6,0.183973
4/19/2019,36.999586,-158.00005,6,0.186373
4/19/2019,36.999562,-158.000096,6,0.189003
4/19/2019,36.999591,-158.000116,6,0.187023
4/19/2019,36.999597,-158.000133,6,0.187499
4/19/2019,36.999575,-158.00012,6,0.184715
4/19/2019,36.999567,-158.000033,6,0.189688
4/19/2019,36.999512,-157.999957,6,0.184489
4/19/2019,36.999522,-157.999954,6,0.189315
4/19/2019,36.999522,-157.999998,6,0.190154
4/19/2019,36.999545,-158.000013,6,0.187611
4/19/2019,36.999561,-158.000062,6,0.18964
4/19/2019,36.999558,-158.0001,6,0.190576
4/19/2019,36.999557,-158.000157,6,0.193305
4/19/2019,36.99958,-158.000223,6,0.188158
4/19/2019,36.999593,-158.000275,6,0.187982
4/19/2019,36.99961,-158.00034,6,0.189957
4/19/2019,36.999604,-158.000424,6,0.188136
4/19/2019,36.999572,-158.000503,6,0.198381
4/19/2019,36.999599,-158.000567,6,0.195705
4/19/2019,36.999661,-158.00061,6,0.196967
4/19/2019,36.999608,-158.000636,6,0.195945
4/19/2019,36.999666,-158.000662,6,0.200082
4/19/2019,36.999634,-158.0007,6,0.201016
4/19/2019,36.999638,-158.000705,6,0.200569
4/19/2019,36.999635,-158.000691,6,0.20697
4/19/2019,36.999614,-158.000644,6,0.200646
4/19/2019,36.999615,-158.000578,6,0.203794
4/19/2019,36.999532,-158.000495,6,0.202275
4/19/2019,36.999495,-158.000353,6,0.19852
4/19/2019,36.999406,-158.000294,6,0.206454
4/19/2019,36.999331,-158.000248,6,0.196238
4/19/2019,37.017475,-158.00009,6,0.195724
4/19/2019,37.019305,-158.000183,6,0.195686
4/19/2019,37.021143,-158.000256,6,0.195469
4/19/2019,37.022975,-158.000331,6,0.195871
4/19/2019,37.024791,-158.000305,6,0.192303
4/19/2019,37.026586,-158.000292,6,0.194977
4/19/2019,37.028408,-158.000263,6,0.194663
4/19/2019,37.030257,-158.000255,6,0.19602
4/19/2019,37.032164,-158.000274,6,0.201448
4/19/2019,37.03393,-158.000265,6,0.195055
4/19/2019,37.035665,-158.000217,6,0.198527
4/19/2019,37.037445,-158.000194,6,0.194117
4/19/2019,37.03941,-158.000141,6,0.19093
4/19/2019,37.04184,-158.000132,6,0.185525
4/19/2019,37.044822,-158.000159,6,0.186118
4/19/2019,37.048032,-158.000154,6,0.169913
4/19/2019,37.051231,-158.000244,6,0.159941
4/19/2019,37.054434,-158.000284,6,0.15067
4/19/2019,37.057637,-158.00024,6,0.149488
4/19/2019,37.060852,-158.000135,6,0.139173
4/19/2019,37.064076,-158.000103,6,0.139735
4/19/2019,37.067294,-158.000037,6,0.137936
4/19/2019,37.07051,-157.999987,6,0.134772
4/19/2019,37.073733,-157.999927,6,0.133645
4/19/2019,37.076974,-157.999914,6,0.133622
4/19/2019,37.080189,-157.999952,6,0.136388
4/19/2019,37.08341,-157.999893,6,0.140155
4/19/2019,37.086634,-157.999868,6,0.140832
4/19/2019,37.089836,-157.999906,6,0.142953
4/19/2019,37.09302,-157.999808,6,0.150721
4/19/2019,37.096201,-157.999804,6,0.157263
4/19/2019,37.099375,-157.999786,6,0.171691
4/19/2019,37.102522,-157.999751,6,0.180237
4/19/2019,37.105652,-157.999736,6,0.189398
4/19/2019,37.108789,-157.999798,6,0.209246
4/19/2019,37.111913,-157.999834,6,0.223949
4/19/2019,37.115022,-157.999789,6,0.248838
4/19/2019,37.118155,-157.999771,6,0.265455
4/19/2019,37.121286,-157.999823,6,0.287119
4/19/2019,37.124418,-157.999918,6,0.30471
4/19/2019,37.127568,-157.999922,6,0.321815
4/19/2019,37.130744,-157.999938,6,0.32286
