time,lat,lon,depth,chla_acs
42896.38431,32,-158,5,0.10608059
42896.38361,32,-158,5,0.122207553
42896.38292,32,-158,5,0.107628033
42896.38222,32,-158,5,0.091579223
42896.38153,32,-158,5,0.107826491
42896.38083,32,-158,5,0.096307752
42896.38014,32,-158,5,0.102820264
42896.37944,32,-158,5,0.110120844
42896.37875,32,-158,5,0.081539778
42896.37806,32,-158,5,0.133522027
42896.37736,32,-158,5,0.118319604
42896.37667,32,-158,5,0.118319604
42896.37597,32,-158,5,0.156319395
42896.37528,32,-158,5,0.156319395
42896.37458,32,-158,5,0.14618681
42896.37389,32,-158,5,0.14618681
42896.37319,32,-158,5,0.163844395
42896.3725,32,-158,5,0.163844395
42896.37181,32,-158,5,0.151141497
42896.37111,32,-158,5,0.154880292
42896.37042,32,-158,5,0.154880292
42896.36972,32,-158,5,0.124985473
42896.36903,32,-158,5,0.166164756
42896.36833,32,-158,5,0.096084688
42896.36764,32,-158,5,0.088206727
42896.36694,32,-158,5,0.09183709
42896.36625,32,-158,5,0.106924471
42896.36556,32,-158,5,0.111958297
42896.36486,32,-158,5,0.088960456
42896.36417,32,-158,5,0.0985845
42896.36347,31.99,-158,5,0.103775039
42896.36278,31.99,-158,5,0.103775039
42896.36208,31.99,-158,5,0.098186928
42896.36139,31.99,-158,5,0.098186928
42896.36069,31.99,-158,5,0.104051489
42896.36,31.99,-158,5,0.090412835
42896.35931,31.98,-158,5,0.08932115
42896.35861,31.98,-158,5,0.083325215
42896.35792,31.98,-158,5,0.083325215
42896.35722,31.98,-158,5,0.081153959
42896.35653,31.97,-158,5,0.081153959
42896.35583,31.97,-158,5,0.100456462
42896.35514,31.97,-158,5,0.083634014
42896.35444,31.96,-158,5,0.083634014
42896.35375,31.96,-158,5,0.079796468
42896.35306,31.96,-158,5,0.079796468
42896.35236,31.95,-158,5,0.085842138
42896.35167,31.95,-158,5,0.085842138
42896.34125,31.91,-158,5,0.076094724
42896.33986,31.9,-158,5,0.08151867
42896.33917,31.9,-158,5,0.075316637
42896.33847,31.9,-158,5,0.079570823
42896.33778,31.89,-158,5,0.079570823
42896.33708,31.89,-158,5,0.0769375
42896.33431,31.88,-158,5,0.084039583
42896.33361,31.88,-158,5,0.084039583
42896.33222,31.87,-158,5,0.08814088
42896.33153,31.87,-158,5,0.08776165
42896.33083,31.86,-158,5,0.080096617
42896.33014,31.86,-158,5,0.082908033
42896.32944,31.86,-158,5,0.082908033
42896.32875,31.85,-158,5,0.080301938
42896.32806,31.85,-158,5,0.08107918
42896.32736,31.85,-158,5,0.090441574
42896.32667,31.85,-158,5,0.083196634
42896.32597,31.84,-158,5,0.083196634
42896.32528,31.84,-158,5,0.088103695
42896.32458,31.84,-158,5,0.083366587
42896.32389,31.83,-158,5,0.087117435
42896.32319,31.83,-158,5,0.079981403
42896.3225,31.83,-158,5,0.091196336
42896.32181,31.83,-158,5,0.088211345
42896.32111,31.83,-158,5,0.08516717
42896.32042,31.84,-158,5,0.08516717
42896.31972,31.84,-158,5,0.088558962
42896.31903,31.84,-158,5,0.095120816
42896.31833,31.85,-158,5,0.087684291
42896.31764,31.85,-158,5,0.075987563
42896.31694,31.85,-158,5,0.076934638
42896.31208,31.87,-158,5,0.07747766
42896.31069,31.88,-158,5,0.078640069
42896.30236,31.91,-158,5,0.100453426
42896.30167,31.92,-158,5,0.085640059
42896.30097,31.92,-158,5,0.099028892
42896.30028,31.92,-158,5,0.099028892
42896.29958,31.92,-158,5,0.111868843
42896.29889,31.93,-158,5,0.099680243
42896.29819,31.93,-158,5,0.094354988
42896.2975,31.93,-158,5,0.110962052
42896.29681,31.94,-158,5,0.092347538
42896.29611,31.94,-158,5,0.092347538
42896.29542,31.94,-158,5,0.081658314
42896.29472,31.94,-158,5,0.081658314
42896.29403,31.95,-158,5,0.090949561
42896.29333,31.95,-158,5,0.090949561
42896.29264,31.95,-158,5,0.107319704
42896.29194,31.96,-158,5,0.102546171
42896.29125,31.96,-158,5,0.096866983
42896.29056,31.96,-158,5,0.096866983
42896.28986,31.96,-158,5,0.096089837
42896.28917,31.97,-158,5,0.096089837
42896.28847,31.97,-158,5,0.101782479
42896.28778,31.97,-158,5,0.091836368
42896.28708,31.98,-158,5,0.101094213
42896.28639,31.98,-158,5,0.101094213
42896.28569,31.98,-158,5,0.102888185
42896.285,31.98,-158,5,0.102888185
42896.28431,31.99,-158,5,0.114201559
42896.28361,31.99,-158,5,0.096316655
42896.28292,31.99,-158,5,0.095904715
42896.28222,32,-158,5,0.095666759
42896.28153,32,-158,5,0.109000222
42896.28083,32,-158,5,0.109000222
42896.28014,32.01,-158,5,0.104553535
42896.27944,32.01,-158,5,0.098249778
42896.27875,32.01,-158,5,0.101230577
42896.27806,32.01,-158,5,0.101230577
42896.27736,32.02,-158,5,0.102554646
42896.27667,32.02,-158,5,0.102554646
42896.27597,32.02,-158,5,0.105145252
42896.27528,32.03,-158,5,0.105145252
42896.27458,32.03,-158,5,0.114313209
42896.27389,32.03,-158,5,0.114313209
42896.27319,32.03,-158,5,0.097693025
42896.2725,32.04,-158,5,0.099391973
42896.27181,32.04,-158,5,0.099288055
42896.27111,32.04,-158,5,0.099288055
42896.27042,32.05,-158,5,0.101947151
42896.26972,32.05,-158,5,0.1120999
42896.26069,32.09,-158,5,0.080393797
42896.26,32.09,-158,5,0.080393797
42896.25931,32.09,-158,5,0.076436522
42896.25861,32.09,-158,5,0.080617417
42896.25792,32.1,-158,5,0.080617417
42896.25167,32.12,-158,5,0.087773623
42896.25028,32.13,-158,5,0.079917376
42896.24819,32.14,-158,5,0.075382592
42896.24542,32.15,-158,5,0.078167985
42896.24472,32.15,-158,5,0.080037331
42896.24125,32.17,-158,5,0.077411755
42896.23986,32.17,-158,5,0.07763427
42896.23708,32.18,-158,5,0.094120447
42896.23569,32.19,-158,5,0.081309172
42896.235,32.19,-158,5,0.083547606
42896.23431,32.2,-158,5,0.090147812
42896.23361,32.2,-158,5,0.090147812
42896.23292,32.2,-158,5,0.078024875
42896.23222,32.2,-158,5,0.082406559
42896.23153,32.21,-158,5,0.088096437
42896.23083,32.21,-158,5,0.087771991
42896.23014,32.21,-158,5,0.085584164
42896.22944,32.22,-158,5,0.08809082
42896.22875,32.22,-158,5,0.079312034
42896.22806,32.22,-158,5,0.079312034
42896.16556,32.48,-158,5,0.077137977
42896.16139,32.49,-158,5,0.076392638
42896.15792,32.51,-158,5,0.081383807
42896.15514,32.52,-158,5,0.076339002
42896.14889,32.54,-158,5,0.080077126
42896.14819,32.55,-158,5,0.080077126
42896.13847,32.59,-158,5,0.092166615
42896.13778,32.59,-158,5,0.082626256
42896.13708,32.59,-158,5,0.082626256
42896.13639,32.6,-158,5,0.084769049
42896.13569,32.6,-158,5,0.084769049
42896.13153,32.62,-158,5,0.085870987
42896.12736,32.63,-158,5,0.08575864
42896.12667,32.64,-158,5,0.08575864
42896.12528,32.64,-158,5,0.088122251
42896.12458,32.64,-158,5,0.088122251
42896.12319,32.65,-158,5,0.079653194
42896.1225,32.65,-158,5,0.090517251
42896.12181,32.66,-158,5,0.090517251
42896.12111,32.66,-158,5,0.088782505
42896.12042,32.66,-158,5,0.090993693
42896.11972,32.67,-158,5,0.090993693
42896.11903,32.67,-158,5,0.103374621
42896.11833,32.67,-158,5,0.082958168
42896.11764,32.67,-158,5,0.091529484
42896.11694,32.68,-158,5,0.091529484
42896.11625,32.68,-158,5,0.093857964
42896.11556,32.68,-158,5,0.091075083
42896.11486,32.68,-158,5,0.105240303
42896.11417,32.69,-158,5,0.088768724
42896.11347,32.69,-158,5,0.105508182
42896.11278,32.69,-158,5,0.097711609
42896.11208,32.69,-158,5,0.097711609
42896.11139,32.7,-158,5,0.096197519
42896.11069,32.7,-158,5,0.096197519
42896.11,32.7,-158,5,0.095342537
42896.10931,32.71,-158,5,0.095342537
42896.10861,32.71,-158,5,0.100467526
42896.10792,32.71,-158,5,0.100467526
42896.10722,32.71,-158,5,0.101833604
42896.10653,32.72,-158,5,0.138430723
42896.10583,32.72,-158,5,0.109294295
42896.10514,32.72,-158,5,0.109294295
42896.0975,32.75,-158,5,0.082963058
42896.09681,32.75,-158,5,0.111157099
42896.09611,32.76,-158,5,0.111573933
42896.09542,32.76,-158,5,0.103857739
42896.09472,32.76,-158,5,0.103857739
42896.09403,32.77,-158,5,0.104515371
42896.09333,32.77,-158,5,0.104515371
42896.09264,32.77,-158,5,0.102957623
42896.09194,32.77,-158,5,0.092246645
42896.09125,32.78,-158,5,0.108462291
42896.09056,32.78,-158,5,0.11073529
42896.08986,32.78,-158,5,0.108926376
42896.08917,32.79,-158,5,0.119880916
42896.08847,32.79,-158,5,0.108310926
42896.08778,32.79,-158,5,0.106678109
42896.08708,32.79,-158,5,0.106487681
42896.08639,32.8,-158,5,0.106487681
42896.08569,32.8,-158,5,0.100562792
42896.085,32.8,-158,5,0.10821543
42896.08431,32.8,-158,5,0.113022703
42896.08361,32.81,-158,5,0.107687096
42896.08292,32.81,-158,5,0.107687096
42896.08222,32.81,-158,5,0.110960527
42896.08153,32.81,-158,5,0.110507839
42896.08083,32.82,-158,5,0.110507839
42896.08014,32.82,-158,5,0.092657906
42896.07944,32.82,-158,5,0.102432316
42896.07875,32.82,-158,5,0.10353578
42896.07806,32.83,-158,5,0.111123477
42896.07736,32.83,-158,5,0.095295672
42896.07667,32.83,-158,5,0.111881191
42896.07597,32.84,-158,5,0.111665815
42896.07528,32.84,-158,5,0.113605366
42896.07458,32.84,-158,5,0.117473313
42896.07389,32.84,-158,5,0.09924554
42896.07319,32.85,-158,5,0.09924554
42896.0725,32.85,-158,5,0.102151078
42896.07181,32.85,-158,5,0.113512417
42896.07111,32.86,-158,5,0.113512417
42896.07042,32.86,-158,5,0.095362146
42896.06972,32.86,-158,5,0.10644632
42896.06903,32.87,-158,5,0.101864756
42896.06833,32.87,-158,5,0.109574436
42896.06764,32.87,-158,5,0.095840289
42896.06694,32.87,-158,5,0.107998546
42896.06625,32.88,-158,5,0.107998546
42896.06556,32.88,-158,5,0.103748252
42896.06486,32.88,-158,5,0.098393257
42896.05653,32.92,-158,5,0.08252815
42896.05583,32.92,-158,5,0.107728687
42896.05514,32.92,-158,5,0.107372841
42896.05444,32.92,-158,5,0.107372841
42896.05375,32.92,-158,5,0.093469891
42896.05306,32.92,-158,5,0.132808603
42896.05236,32.92,-158,5,0.100212433
42896.05167,32.92,-158,5,0.125296919
42896.05097,32.92,-158,5,0.125296919
42896.05028,32.93,-158,5,0.103621585
42896.04958,32.93,-158,5,0.116263136
42896.04889,32.93,-158,5,0.117222071
42896.04819,32.93,-158,5,0.117222071
42896.0475,32.93,-158,5,0.099930244
42896.04681,32.93,-158,5,0.110803281
42896.04611,32.93,-158,5,0.110803281
42896.04542,32.93,-158,5,0.106580528
42896.04472,32.93,-158,5,0.106580528
42896.04403,32.93,-158,5,0.107279786
42896.04333,32.93,-158,5,0.107929689
42896.04264,32.93,-158,5,0.107887276
42896.04194,32.93,-158,5,0.107887276
42896.04125,32.93,-158,5,0.100273333
42896.04056,32.93,-158,5,0.110023133
42896.03986,32.93,-158,5,0.110023133
42896.03917,32.93,-158,5,0.108474271
42896.03847,32.93,-158,5,0.108474271
42896.03778,32.93,-158,5,0.121249727
42896.03708,32.93,-158,5,0.121249727
42896.03639,32.93,-158,5,0.122356866
42896.03569,32.93,-158,5,0.132852665
42896.035,32.93,-158,5,0.116410516
42896.03431,32.93,-158,5,0.116410516
42896.03361,32.93,-158,5,0.119604535
42896.03292,32.93,-158,5,0.120507874
42896.03222,32.93,-158,5,0.120507874
42896.03153,32.93,-158,5,0.099060943
42896.03083,32.93,-158,5,0.101018793
42896.03014,32.93,-158,5,0.103216975
42896.02944,32.93,-158,5,0.103216975
42896.02875,32.93,-158,5,0.153860418
42896.02806,32.93,-158,5,0.153860418
42896.02736,32.93,-158,5,0.159368686
42896.02667,32.93,-158,5,0.114072695
42896.02597,32.93,-158,5,0.113945642
42896.02528,32.93,-158,5,0.113945642
42896.02458,32.93,-158,5,0.110403313
42896.02389,32.93,-158,5,0.109553095
42896.01556,32.93,-158,5,0.102562842
42896.01486,32.93,-158,5,0.117784493
42896.01417,32.93,-158,5,0.115129074
42896.01347,32.93,-158,5,0.115129074
42896.01278,32.93,-158,5,0.117837044
42896.01208,32.93,-158,5,0.112629003
42896.01139,32.93,-158,5,0.099320099
42896.01069,32.93,-158,5,0.109712966
42896.01,32.93,-158,5,0.09681718
42896.00931,32.93,-158,5,0.091369124
42896.00861,32.93,-158,5,0.086310751
42896.00792,32.93,-158,5,0.107237543
42896.00722,32.93,-158,5,0.083771676
42896.00653,32.93,-158,5,0.110532863
42896.00583,32.93,-158,5,0.094273874
42896.00514,32.93,-158,5,0.092699181
42896.00444,32.93,-158,5,0.092542502
42896.00375,32.93,-158,5,0.098342317
42896.00306,32.93,-158,5,0.098342317
42896.00236,32.93,-158,5,0.092664736
42896.00167,32.93,-158,5,0.092664736
42896.00097,32.93,-158,5,0.089417165
42896.00028,32.93,-158,5,0.090427016
42895.99958,32.93,-158,5,0.103209086
42895.99889,32.93,-158,5,0.112589402
42895.99819,32.93,-158,5,0.092980374
42895.9975,32.93,-158,5,0.092647428
42895.99681,32.93,-158,5,0.100455488
42895.99611,32.93,-158,5,0.090386654
42895.99542,32.93,-158,5,0.089012748
42895.99472,32.93,-158,5,0.093286258
42895.99403,32.93,-158,5,0.103006884
42895.99333,32.93,-158,5,0.103006884
42895.99264,32.93,-158,5,0.091527432
42895.99194,32.93,-158,5,0.081685482
42895.99125,32.93,-158,5,0.094593294
42895.99056,32.93,-158,5,0.094827342
42895.98986,32.93,-158,5,0.100655206
42895.98917,32.93,-158,5,0.100655206
42895.98847,32.93,-158,5,0.090361072
42895.98778,32.93,-158,5,0.090361072
42895.98708,32.93,-158,5,0.107264409
42895.98639,32.93,-158,5,0.105325266
42895.98569,32.93,-158,5,0.101329823
42895.985,32.93,-158,5,0.101329823
42895.98431,32.93,-158,5,0.099370754
42895.98361,32.93,-158,5,0.099370754
42895.98292,32.93,-158,5,0.105562912
42895.97181,32.93,-158,5,0.077009039
42895.97111,32.93,-158,5,0.086653642
42895.97042,32.93,-158,5,0.086653642
42895.96972,32.93,-158,5,0.080864851
42895.96903,32.93,-158,5,0.09404674
42895.96833,32.93,-158,5,0.082337914
42895.96764,32.93,-158,5,0.091435266
42895.96694,32.93,-158,5,0.086941421
42895.96625,32.93,-158,5,0.094877331
42895.96556,32.93,-158,5,0.092432314
42895.96486,32.93,-158,5,0.092508114
42895.96417,32.93,-158,5,0.091292486
42895.96347,32.93,-158,5,0.081600362
42895.96278,32.93,-158,5,0.092870195
42895.96208,32.93,-158,5,0.094638628
42895.96139,32.93,-158,5,0.093715444
42895.96069,32.93,-158,5,0.090172419
42895.96,32.93,-158,5,0.090172419
42895.95931,32.93,-158,5,0.097313397
42895.95861,32.93,-158,5,0.097588713
42895.95792,32.93,-158,5,0.097588713
42895.95722,32.93,-158,5,0.096341341
42895.95653,32.93,-158,5,0.096341341
42895.95583,32.93,-158,5,0.095815231
42895.95514,32.93,-158,5,0.1026685
42895.95444,32.93,-158,5,0.095409245
42895.95375,32.93,-158,5,0.090452894
42895.95306,32.93,-158,5,0.09197532
42895.95236,32.93,-158,5,0.096723393
42895.95167,32.93,-158,5,0.100695816
42895.95097,32.93,-158,5,0.107114199
42895.95028,32.93,-158,5,0.088863944
42895.94958,32.93,-158,5,0.097506256
42895.94889,32.93,-158,5,0.096263608
42895.94819,32.93,-158,5,0.0917701
42895.9475,32.93,-158,5,0.0917701
42895.94681,32.93,-158,5,0.103165832
42895.94611,32.93,-158,5,0.093597796
42895.94542,32.93,-158,5,0.089960532
42895.94472,32.93,-158,5,0.086109845
42895.94403,32.93,-158,5,0.085506652
42895.94333,32.93,-158,5,0.090304945
42895.94264,32.93,-158,5,0.096004488
42895.94194,32.93,-158,5,0.09485993
42895.94125,32.93,-158,5,0.09485993
42895.93361,32.93,-158,5,0.085818469
42895.93292,32.93,-158,5,0.097695411
42895.93222,32.93,-158,5,0.103839877
42895.93153,32.93,-158,5,0.094396903
42895.93083,32.93,-158,5,0.094396903
42895.93014,32.93,-158,5,0.091209729
42895.92944,32.93,-158,5,0.091209729
42895.92875,32.93,-158,5,0.108225018
42895.92806,32.93,-158,5,0.108225018
42895.92736,32.93,-158,5,0.095260924
42895.92667,32.93,-158,5,0.098167295
42895.92597,32.93,-158,5,0.093955376
42895.92528,32.93,-158,5,0.108746745
42895.92458,32.93,-158,5,0.100309365
42895.92389,32.93,-158,5,0.093617758
42895.92319,32.93,-158,5,0.093617758
42895.9225,32.93,-158,5,0.104621467
42895.92181,32.93,-158,5,0.104621467
42895.92111,32.93,-158,5,0.089384328
42895.92042,32.93,-158,5,0.087113907
42895.91972,32.93,-158,5,0.087113907
42895.91903,32.93,-158,5,0.092489437
42895.91833,32.93,-158,5,0.089847244
42895.91764,32.93,-158,5,0.104738839
42895.91694,32.93,-158,5,0.100522885
42895.91625,32.93,-158,5,0.100998755
42895.91556,32.93,-158,5,0.101789333
42895.91486,32.93,-158,5,0.08875086
42895.91417,32.93,-158,5,0.082131
42895.91347,32.93,-158,5,0.094266642
42895.91278,32.93,-158,5,0.112797622
42895.91208,32.93,-158,5,0.098858981
42895.91139,32.93,-158,5,0.098019404
42895.91069,32.93,-158,5,0.095601175
42895.91,32.93,-158,5,0.093847089
42895.90931,32.93,-158,5,0.093847089
42895.90861,32.93,-158,5,0.103168946
42895.90792,32.93,-158,5,0.103255574
42895.90722,32.93,-158,5,0.097347686
42895.90653,32.94,-158,5,0.097347686
42895.90583,32.94,-158,5,0.099517889
42895.90514,32.94,-158,5,0.099517889
42895.90444,32.94,-158,5,0.102093039
42895.90375,32.94,-158,5,0.102093039
42895.90306,32.94,-158,5,0.103505594
42895.90236,32.94,-158,5,0.088470069
42895.90167,32.94,-158,5,0.093219584
42895.90097,32.95,-158,5,0.093219584
42895.89264,32.98,-158,5,0.092411908
42895.89194,32.99,-158,5,0.090114877
42895.89125,32.99,-158,5,0.089337305
42895.89056,32.99,-158,5,0.106551754
42895.88986,32.99,-158,5,0.090887412
42895.88917,33,-158,5,0.098386014
42895.88847,33,-158,5,0.093610198
42895.88778,33,-158,5,0.094580311
42895.88708,33.01,-158,5,0.093055478
42895.88639,33.01,-158,5,0.083526085
42895.88569,33.01,-158,5,0.095930434
42895.885,33.02,-158,5,0.090535832
42895.88431,33.02,-158,5,0.092282778
42895.88361,33.02,-158,5,0.088638382
42895.88292,33.02,-158,5,0.091885429
42895.88222,33.03,-158,5,0.093079638
42895.88153,33.03,-158,5,0.095237469
42895.88083,33.03,-158,5,0.101419982
42895.88014,33.04,-158,5,0.092110928
42895.87944,33.04,-158,5,0.089226125
42895.87875,33.04,-158,5,0.095495652
42895.87806,33.05,-158,5,0.103539859
42895.87736,33.05,-158,5,0.096538968
42895.87667,33.05,-158,5,0.103855152
42895.87597,33.05,-158,5,0.093186138
42895.87528,33.05,-158,5,0.093186138
42895.87458,33.06,-158,5,0.09135184
42895.87389,33.06,-158,5,0.104187603
42895.87319,33.06,-158,5,0.087865325
42895.8725,33.06,-158,5,0.094319373
42895.87181,33.06,-158,5,0.094319373
42895.87111,33.06,-158,5,0.100411564
42895.87042,33.06,-158,5,0.099511486
42895.86972,33.06,-158,5,0.101097202
42895.86903,33.06,-158,5,0.093013842
42895.86833,33.06,-158,5,0.090260691
42895.86764,33.05,-158,5,0.095798172
42895.86694,33.05,-158,5,0.10430969
42895.86625,33.05,-158,5,0.09836731
42895.86556,33.05,-158,5,0.100285206
42895.86486,33.05,-158,5,0.101526389
42895.86417,33.05,-158,5,0.108935794
42895.86347,33.05,-158,5,0.089560236
42895.86278,33.06,-158,5,0.090158609
42895.86208,33.06,-158,5,0.085469763
42895.86139,33.06,-158,5,0.102000894
42895.86069,33.06,-158,5,0.10358576
42895.86,33.06,-158,5,0.099634478
42895.85167,33.07,-158,5,0.136770929
42895.85097,33.07,-158,5,0.142193956
42895.85028,33.07,-158,5,0.137179875
42895.84958,33.08,-158,5,0.124765663
42895.84889,33.08,-158,5,0.121263723
42895.84819,33.08,-158,5,0.134135281
42895.8475,33.08,-158,5,0.130640972
42895.84681,33.09,-158,5,0.114456213
42895.84611,33.09,-158,5,0.121550512
42895.84542,33.09,-158,5,0.142052152
42895.84472,33.1,-158,5,0.113102005
42895.84403,33.1,-158,5,0.132927171
42895.84333,33.1,-158,5,0.138901907
42895.84264,33.1,-158,5,0.123569798
42895.84194,33.11,-158,5,0.141118203
42895.84125,33.11,-158,5,0.132001043
42895.84056,33.11,-158,5,0.132291271
42895.83986,33.12,-158,5,0.132291271
42895.83917,33.12,-158,5,0.13673622
42895.83847,33.12,-158,5,0.122818098
42895.83778,33.13,-158,5,0.136959872
42895.83708,33.13,-158,5,0.121122641
42895.83639,33.13,-158,5,0.113839871
42895.83569,33.13,-158,5,0.135775779
42895.835,33.14,-158,5,0.138743851
42895.83431,33.14,-158,5,0.128533961
42895.83361,33.14,-158,5,0.128533961
42895.83292,33.15,-158,5,0.125906642
42895.83222,33.15,-158,5,0.105942096
42895.83153,33.15,-158,5,0.115884394
42895.83083,33.16,-158,5,0.120697582
42895.83014,33.16,-158,5,0.127837424
42895.82944,33.16,-158,5,0.116961891
42895.82875,33.16,-158,5,0.118939914
42895.82806,33.17,-158,5,0.120258342
42895.82736,33.17,-158,5,0.120258342
42895.82667,33.17,-158,5,0.110867154
42895.82597,33.18,-158,5,0.129556116
42895.82528,33.18,-158,5,0.129556116
42895.82458,33.18,-158,5,0.132887707
42895.82389,33.19,-158,5,0.132887707
42895.82319,33.19,-158,5,0.113215403
42895.8225,33.19,-158,5,0.117882896
42895.82181,33.19,-158,5,0.117882896
42895.82111,33.2,-158,5,0.107513219
42895.82042,33.2,-158,5,0.124181046
42895.81972,33.2,-158,5,0.11934503
42895.81903,33.21,-158,5,0.109943411
42895.81833,33.21,-158,5,0.109943411
42895.81069,33.24,-158,5,0.084047283
42895.81,33.25,-158,5,0.079691243
42895.80931,33.25,-158,5,0.089606296
42895.80861,33.25,-158,5,0.089606296
42895.80792,33.26,-158,5,0.077232108
42895.80722,33.26,-158,5,0.093131715
42895.80653,33.26,-158,5,0.083114339
42895.80583,33.26,-158,5,0.085357053
42895.80514,33.27,-158,5,0.10561585
42895.80444,33.27,-158,5,0.10561585
42895.80375,33.27,-158,5,0.084349167
42895.80306,33.28,-158,5,0.080337279
42895.7975,33.3,-158,5,0.075295257
42895.79681,33.3,-158,5,0.075295257
42895.79611,33.31,-158,5,0.076198323
42895.79403,33.32,-158,5,0.084101232
42895.79333,33.32,-158,5,0.084101232
42895.79194,33.32,-158,5,0.079900707
42895.78917,33.34,-158,5,0.080362665
42895.78847,33.34,-158,5,0.080362665
42895.78778,33.34,-158,5,0.07848365
42895.78708,33.35,-158,5,0.07848365
42895.78639,33.35,-158,5,0.095347886
42895.78569,33.35,-158,5,0.093331296
42895.78431,33.36,-158,5,0.085597912
42895.78361,33.36,-158,5,0.081968227
42895.78292,33.36,-158,5,0.081968227
42895.78222,33.37,-158,5,0.087113418
42895.78153,33.37,-158,5,0.087113418
42895.78083,33.37,-158,5,0.094217413
42895.78014,33.38,-158,5,0.081669875
42895.77875,33.38,-158,5,0.092929188
42895.77806,33.38,-158,5,0.084977119
42895.76972,33.42,-158,5,0.086970497
42895.76833,33.43,-158,5,0.081971462
42895.76764,33.43,-158,5,0.07683554
42895.76694,33.43,-158,5,0.081509469
42895.76556,33.44,-158,5,0.082857681
42895.76486,33.44,-158,5,0.082857681
42895.76417,33.44,-158,5,0.092512332
42895.76347,33.45,-158,5,0.125052744
42895.76278,33.45,-158,5,0.130153205
42895.76208,33.45,-158,5,0.130153205
42895.76139,33.46,-158,5,0.11627289
42895.76069,33.46,-158,5,0.117061882
42895.76,33.46,-158,5,0.13759151
42895.75931,33.46,-158,5,0.10735122
42895.75861,33.47,-158,5,0.083450211
42895.75792,33.47,-158,5,0.109993842
42895.75722,33.47,-158,5,0.101150267
42895.75653,33.48,-158,5,0.101150267
42895.75583,33.48,-158,5,0.116287839
42895.75514,33.48,-158,5,0.089158649
42895.75444,33.48,-158,5,0.085848537
42895.75375,33.49,-158,5,0.096041848
42895.75306,33.49,-158,5,0.104449022
42895.75236,33.49,-158,5,0.100499286
42895.75167,33.5,-158,5,0.090516281
42895.75097,33.5,-158,5,0.10166945
42895.75028,33.5,-158,5,0.085624445
42895.74958,33.51,-158,5,0.094617703
42895.74889,33.51,-158,5,0.087002132
42895.74819,33.51,-158,5,0.100731858
42895.7475,33.51,-158,5,0.098649746
42895.74681,33.52,-158,5,0.082339648
42895.74611,33.52,-158,5,0.10447341
42895.74542,33.52,-158,5,0.095930993
42895.74472,33.53,-158,5,0.085570219
42895.74403,33.53,-158,5,0.097333625
42895.74333,33.53,-158,5,0.083597352
42895.74264,33.54,-158,5,0.080711866
42895.74194,33.54,-158,5,0.099742878
42895.74125,33.54,-158,5,0.102205049
42895.74056,33.54,-158,5,0.102205049
42895.73986,33.55,-158,5,0.086038624
42895.73917,33.55,-158,5,0.082386036
42895.73847,33.55,-158,5,0.098850952
42895.73778,33.56,-158,5,0.098850952
42895.73708,33.56,-158,5,0.100249909
42895.72875,33.6,-158,5,0.078276939
42895.72667,33.61,-158,5,0.075112808
42895.7225,33.62,-158,5,0.078059222
42895.72111,33.63,-158,5,0.079175585
42895.72042,33.63,-158,5,0.083834985
42895.71833,33.64,-158,5,0.08383924
42895.71694,33.64,-158,5,0.079867446
42895.71347,33.66,-158,5,0.079714445
42895.71278,33.66,-158,5,0.079714445
42895.71208,33.66,-158,5,0.078881337
42895.70931,33.68,-158,5,0.078376932
42895.70861,33.68,-158,5,0.082489852
42895.70792,33.68,-158,5,0.082489852
42895.70722,33.69,-158,5,0.124253513
42895.70653,33.69,-158,5,0.124253513
42895.70583,33.69,-158,5,0.154461744
42895.70514,33.7,-158,5,0.146699054
42895.70444,33.7,-158,5,0.164310013
42895.70375,33.7,-158,5,0.127009501
42895.70306,33.7,-158,5,0.120701538
42895.70236,33.71,-158,5,0.139770586
42895.70167,33.71,-158,5,0.134311622
42895.70097,33.71,-158,5,0.135329505
42895.70028,33.72,-158,5,0.127252048
42895.69958,33.72,-158,5,0.102764776
42895.69889,33.72,-158,5,0.102764776
42895.69819,33.72,-158,5,0.098208164
42895.6975,33.73,-158,5,0.090063669
42895.69681,33.73,-158,5,0.097931761
42895.69611,33.73,-158,5,0.104243346
42895.69542,33.73,-158,5,0.104243346
42895.68778,33.77,-158,5,0.081310627
42895.68708,33.77,-158,5,0.091037751
42895.68639,33.77,-158,5,0.090697678
42895.68569,33.77,-158,5,0.090697678
42895.685,33.78,-158,5,0.081258215
42895.68431,33.78,-158,5,0.086726146
42895.68361,33.78,-158,5,0.086726146
42895.68292,33.79,-158,5,0.080220122
42895.68153,33.79,-158,5,0.089324596
42895.68083,33.8,-158,5,0.092088661
42895.68014,33.8,-158,5,0.096142923
42895.67944,33.8,-158,5,0.096237792
42895.67875,33.8,-158,5,0.09369114
42895.67806,33.81,-158,5,0.083922718
42895.67667,33.81,-158,5,0.07940174
42895.67597,33.82,-158,5,0.07940174
42895.67528,33.82,-158,5,0.084779107
42895.67458,33.82,-158,5,0.079735816
42895.67389,33.82,-158,5,0.092183155
42895.67319,33.83,-158,5,0.083427672
42895.6725,33.83,-158,5,0.080396998
42895.67181,33.83,-158,5,0.080396998
42895.67111,33.84,-158,5,0.088991771
42895.67042,33.84,-158,5,0.09496606
42895.66972,33.84,-158,5,0.087141828
42895.66903,33.85,-158,5,0.087836659
42895.66833,33.85,-158,5,0.087836659
42895.66764,33.85,-158,5,0.088195046
42895.66694,33.85,-158,5,0.0878719
42895.66625,33.86,-158,5,0.0878719
42895.66556,33.86,-158,5,0.093811818
42895.66486,33.86,-158,5,0.100829938
42895.66417,33.87,-158,5,0.097378308
42895.66347,33.87,-158,5,0.090714716
42895.66278,33.87,-158,5,0.083060498
42895.66208,33.87,-158,5,0.086627122
42895.66139,33.88,-158,5,0.090876393
42895.66069,33.88,-158,5,0.089752657
42895.66,33.88,-158,5,0.093836368
42895.65931,33.89,-158,5,0.091009795
42895.65861,33.89,-158,5,0.091009795
42895.65792,33.89,-158,5,0.093005654
42895.65722,33.9,-158,5,0.086649793
42895.65653,33.9,-158,5,0.090126517
42895.65583,33.9,-158,5,0.090126517
42895.65514,33.9,-158,5,0.081822698
42895.65444,33.91,-158,5,0.081822698
42895.64681,33.94,-158,5,0.082277072
42895.64611,33.94,-158,5,0.082277072
42895.64542,33.94,-158,5,0.077780608
42895.64472,33.95,-158,5,0.085820132
42895.64403,33.95,-158,5,0.079020621
42895.64333,33.95,-158,5,0.08069369
42895.64264,33.95,-158,5,0.093507944
42895.64194,33.96,-158,5,0.082117996
42895.64125,33.96,-158,5,0.085153332
42895.64056,33.96,-158,5,0.08096506
42895.63986,33.96,-158,5,0.079529134
42895.63917,33.97,-158,5,0.076529734
42895.63847,33.97,-158,5,0.085433779
42895.63778,33.97,-158,5,0.080139601
42895.63708,33.98,-158,5,0.087516916
42895.63639,33.98,-158,5,0.083205115
42895.63569,33.98,-158,5,0.089666079
42895.635,33.98,-158,5,0.081382586
42895.63431,33.99,-158,5,0.085374384
42895.63361,33.99,-158,5,0.100947666
42895.63292,33.99,-158,5,0.084551329
42895.63222,33.99,-158,5,0.089833196
42895.63153,34,-158,5,0.080850438
42895.63083,34,-158,5,0.080850438
42895.63014,34,-158,5,0.088228229
42895.62944,34,-158,5,0.096716329
42895.62875,34,-158,5,0.096716329
42895.62806,34,-158,5,0.087815512
42895.62736,34,-158,5,0.089832675
42895.62667,34,-158,5,0.103547986
42895.62597,34,-158,5,0.094486073
42895.62528,34,-158,5,0.081044885
42895.62458,34,-158,5,0.089877426
42895.62389,34,-158,5,0.097668713
42895.62319,34,-158,5,0.101477528
42895.6225,34,-158,5,0.080719623
42895.62181,34,-158,5,0.083414877
42895.62111,34,-158,5,0.096789858
42895.62042,34,-158,5,0.083809118
42895.61972,34,-158,5,0.097179104
42895.61903,34,-158,5,0.106669765
42895.61833,34,-158,5,0.089317514
42895.61764,34,-158,5,0.084983204
42895.61694,34,-158,5,0.090210242
42895.61625,34,-158,5,0.092503265
42895.61556,34,-158,5,0.083834229
42895.61486,34,-158,5,0.082638912
42895.61417,34,-158,5,0.094991295
42895.60444,34,-158,5,0.088567627
42895.60375,34,-158,5,0.07710729
42895.60306,34,-158,5,0.088157781
42895.60236,34,-158,5,0.086608223
42895.60167,34,-158,5,0.086608223
42895.60097,34,-158,5,0.093000441
42895.60028,34,-158,5,0.089148531
42895.59958,34,-158,5,0.089148531
42895.59889,34,-158,5,0.076972728
42895.5975,34,-158,5,0.087342545
42895.59681,34,-158,5,0.087342545
42895.59611,34,-158,5,0.0786015
42895.59542,34,-158,5,0.092456593
42895.59472,34,-158,5,0.086436676
42895.59403,34,-158,5,0.101918116
42895.59264,34,-158,5,0.086576577
42895.59194,34,-158,5,0.078450028
42895.59125,34,-158,5,0.080134368
42895.59056,34,-158,5,0.08260827
42895.58986,34,-158,5,0.08260827
42895.58917,34,-158,5,0.095168674
42895.58847,34,-158,5,0.08828652
42895.58778,34,-158,5,0.075889426
42895.58639,34,-158,5,0.085347433
42895.58569,34,-158,5,0.085347433
42895.58292,34,-158,5,0.084788932
42895.58153,34,-158,5,0.076389328
42895.58014,34,-158,5,0.079951976
42895.57944,34,-158,5,0.095130172
42895.57875,34,-158,5,0.08263875
42895.57736,34,-158,5,0.086167657
42895.57597,34,-158,5,0.081811464
42895.57528,34,-158,5,0.081442644
42895.57458,34,-158,5,0.079925013
42895.57389,34,-158,5,0.086820551
42895.57319,34,-158,5,0.096875753
42895.56417,34,-158,5,0.08468133
42895.56208,34,-158,5,0.087241586
42895.56139,34,-158,5,0.075371562
42895.56069,34,-158,5,0.075371562
42895.55931,34,-158,5,0.080988605
42895.55375,34,-158,5,0.084532689
42895.55306,34,-158,5,0.085621815
42895.55236,34,-158,5,0.085621815
42895.55028,34,-158,5,0.079317719
42895.54958,34,-158,5,0.079317719
42895.54611,34,-158,5,0.075896516
42895.54542,34,-158,5,0.075896516
42895.54194,34,-158,5,0.079001274
42895.54125,34,-158,5,0.078070286
42895.53917,34,-158,5,0.078577713
42895.53847,34,-158,5,0.078577713
42895.52389,34,-158,5,0.075387235
42895.51972,34,-158,5,0.076428775
42895.50514,34,-158,5,0.075121666
42895.49403,34,-158,5,0.077026614
42895.49333,34,-158,5,0.077026614
42895.48222,34,-158,5,0.078468917
42895.48153,34,-158,5,0.122310243
42895.48083,34,-158,5,0.087429905
42895.48014,34,-158,5,0.094884826
42895.47944,34,-158,5,0.092490853
42895.47875,34,-158,5,0.084823158
42895.47806,34,-158,5,0.084823158
42895.47736,34,-158,5,0.07967957
42895.47389,34,-158,5,0.079022871
42895.46347,34,-158,5,0.086593546
42895.46278,34,-158,5,0.105691132
42895.46208,34,-158,5,0.084838121
42895.46069,34,-158,5,0.080938532
42895.46,34,-158,5,0.078130297
42895.45861,34,-158,5,0.086377072
42895.45583,34,-158,5,0.090181272
42895.45306,34,-158,5,0.080070876
42895.45236,34,-158,5,0.080070876
42895.45097,34,-158,5,0.078369098
42895.45028,34,-158,5,0.078369098
42895.44194,34,-158,5,0.076162794
42895.43986,34,-158,5,0.097717138
42895.43917,34,-158,5,0.097717138
42895.43847,34,-158,5,0.079467482
42895.43778,34,-158,5,0.079467482
42895.43639,34,-158,5,0.084706388
42895.43569,34,-158,5,0.080435939
42895.42389,34,-158,5,0.075415303
42895.3975,34,-158,5,0.079366083
42895.38361,34,-158,5,0.07739535
42895.38292,34,-158,5,0.07739535
42895.38222,34,-158,5,0.08460429
42895.38153,34,-158,5,0.096386597
42895.38014,34,-158,5,0.08525461
42895.37944,34,-158,5,0.080418952
42895.37806,34,-158,5,0.079681002
42895.37736,34,-158,5,0.079806854
42895.3725,34,-158,5,0.086365774
42895.36903,34,-158,5,0.081791278
42895.36,33.98,-158,5,0.07716581
42895.35931,33.97,-158,5,0.093555863
42895.35861,33.97,-158,5,0.077683874
42895.35792,33.97,-158,5,0.077533463
42895.35722,33.97,-158,5,0.106968651
42895.35653,33.96,-158,5,0.097468092
42895.35583,33.96,-158,5,0.097468092
42895.35514,33.96,-158,5,0.084994405
42895.35444,33.95,-158,5,0.084921102
42895.35375,33.95,-158,5,0.094854633
42895.35306,33.95,-158,5,0.08102815
42895.34819,33.93,-158,5,0.078010057
42895.3475,33.93,-158,5,0.078010057
42895.33778,33.88,-158,5,0.085556165
42895.33708,33.88,-158,5,0.085556165
42895.31208,33.78,-158,5,0.076427847
42895.31069,33.77,-158,5,0.093459002
42895.31,33.77,-158,5,0.082244674
42895.30931,33.76,-158,5,0.076292823
42895.30861,33.76,-158,5,0.088623898
42895.30792,33.76,-158,5,0.084178736
42895.30306,33.74,-158,5,0.075508171
42895.30236,33.73,-158,5,0.076454692
42895.30167,33.73,-158,5,0.076454692
42895.30028,33.73,-158,5,0.077233776
42895.29958,33.72,-158,5,0.077233776
42895.29889,33.72,-158,5,0.083324586
42895.29333,33.7,-158,5,0.080117711
42895.29264,33.7,-158,5,0.075118963
42895.29056,33.69,-158,5,0.076066751
42895.28778,33.68,-158,5,0.077481873
42895.28708,33.68,-158,5,0.077481873
42895.27806,33.64,-158,5,0.096600604
42895.27736,33.64,-158,5,0.096335104
42895.27667,33.63,-158,5,0.096233323
42895.27597,33.63,-158,5,0.083666901
42895.27528,33.63,-158,5,0.082926266
42895.27389,33.62,-158,5,0.088033021
42895.27319,33.62,-158,5,0.080148504
42895.27181,33.61,-158,5,0.093348527
42895.27111,33.61,-158,5,0.093348527
42895.27042,33.61,-158,5,0.085843037
42895.26972,33.6,-158,5,0.116409637
42895.26903,33.6,-158,5,0.121764234
42895.26833,33.6,-158,5,0.101300623
42895.26764,33.6,-158,5,0.083650152
42895.26694,33.59,-158,5,0.088658057
42895.26556,33.59,-158,5,0.096907213
42895.26486,33.58,-158,5,0.09129099
42895.26417,33.58,-158,5,0.092629979
42895.26347,33.58,-158,5,0.092629979
42895.26278,33.58,-158,5,0.099846945
42895.26208,33.57,-158,5,0.099537292
42895.26139,33.57,-158,5,0.106810872
42895.26069,33.57,-158,5,0.104121383
42895.26,33.56,-158,5,0.109942993
42895.25931,33.56,-158,5,0.109754561
42895.25861,33.56,-158,5,0.116320245
42895.25792,33.55,-158,5,0.104098061
42895.25722,33.55,-158,5,0.093723478
42895.25653,33.55,-158,5,0.101195422
42895.25583,33.55,-158,5,0.116032872
42895.25514,33.54,-158,5,0.099852174
42895.25444,33.54,-158,5,0.098266861
42895.25375,33.54,-158,5,0.109713721
42895.25306,33.53,-158,5,0.109006152
42895.25236,33.53,-158,5,0.097165936
42895.25097,33.53,-158,5,0.090695177
42895.25028,33.52,-158,5,0.082851037
42895.24958,33.52,-158,5,0.093423591
42895.24889,33.52,-158,5,0.096598274
42895.24819,33.51,-158,5,0.107766939
42895.2475,33.51,-158,5,0.110488961
42895.24681,33.51,-158,5,0.099673567
42895.24611,33.51,-158,5,0.095093249
42895.24542,33.5,-158,5,0.091247953
42895.23708,33.47,-158,5,0.109786189
42895.23639,33.47,-158,5,0.101473992
42895.23569,33.46,-158.01,5,0.095358056
42895.235,33.46,-158.01,5,0.08264799
42895.23431,33.46,-158.01,5,0.084992037
42895.23361,33.45,-158.01,5,0.0878645
42895.23292,33.45,-158.01,5,0.0878645
42895.23222,33.45,-158.01,5,0.100177789
42895.23153,33.45,-158.01,5,0.081901388
42895.23083,33.44,-158.01,5,0.085995849
42895.23014,33.44,-158.01,5,0.091535813
42895.22944,33.44,-158.01,5,0.082780074
42895.22806,33.43,-158.01,5,0.085113345
42895.22736,33.43,-158.01,5,0.100661933
42895.22667,33.43,-158,5,0.083399261
42895.22597,33.42,-158,5,0.083181939
42895.22458,33.42,-158,5,0.091596148
42895.22389,33.43,-158,5,0.106542144
42895.22319,33.43,-158,5,0.087157075
42895.22181,33.43,-158,5,0.084452558
42895.22111,33.44,-158,5,0.09078228
42895.22042,33.44,-158,5,0.091706827
42895.21972,33.44,-158,5,0.088130473
42895.21903,33.45,-158,5,0.08379093
42895.21833,33.45,-158,5,0.078880578
42895.21764,33.45,-158,5,0.081128186
42895.21694,33.46,-158,5,0.079487881
42895.21625,33.46,-158,5,0.095824106
42895.21556,33.46,-158,5,0.105742575
42895.21486,33.47,-158,5,0.094049824
42895.21417,33.47,-158,5,0.076782274
42895.21347,33.47,-158,5,0.075751976
42895.21278,33.47,-158,5,0.111826414
42895.21208,33.48,-158,5,0.099782521
42895.21139,33.48,-158,5,0.094238973
42895.21069,33.48,-158,5,0.100652991
42895.21,33.49,-158,5,0.098796116
42895.20931,33.49,-158,5,0.093688476
42895.20861,33.49,-158,5,0.102118339
42895.20792,33.5,-158,5,0.098519886
42895.20722,33.5,-158,5,0.111179699
42895.20653,33.5,-158,5,0.100166924
42895.20583,33.5,-158,5,0.099194771
42895.20514,33.51,-158,5,0.107633644
42895.20444,33.51,-158,5,0.132090034
42895.19611,33.55,-158,5,0.131182796
42895.19542,33.55,-158,5,0.131182796
42895.19472,33.55,-158,5,0.141143529
42895.19403,33.56,-158,5,0.124691984
42895.19333,33.56,-158,5,0.131325444
42895.19264,33.56,-158,5,0.131732042
42895.19194,33.56,-158,5,0.139655582
42895.19125,33.57,-158,5,0.136610812
42895.19056,33.57,-158,5,0.14045404
42895.18986,33.57,-158,5,0.129140984
42895.18917,33.58,-158,5,0.133473249
42895.18847,33.58,-158,5,0.125834494
42895.18778,33.58,-158,5,0.125834494
42895.18708,33.59,-158,5,0.150576171
42895.18639,33.59,-158,5,0.129458595
42895.18569,33.59,-158,5,0.129458595
42895.185,33.59,-158,5,0.111427196
42895.18431,33.6,-158,5,0.120971148
42895.18361,33.6,-158,5,0.130519174
42895.18292,33.6,-158,5,0.119556
42895.18222,33.61,-158,5,0.112460236
42895.18153,33.61,-158,5,0.098710185
42895.18083,33.61,-158,5,0.093988205
42895.18014,33.61,-158,5,0.114604657
42895.17944,33.62,-158,5,0.116427181
42895.17875,33.62,-158,5,0.103328017
42895.17806,33.62,-158,5,0.105512958
42895.17736,33.63,-158,5,0.108215967
42895.17667,33.63,-158,5,0.121820318
42895.17597,33.63,-158,5,0.121820318
42895.17528,33.64,-158,5,0.117584308
42895.17458,33.64,-158,5,0.09480001
42895.17389,33.64,-158,5,0.098137498
42895.17319,33.64,-158,5,0.113220375
42895.1725,33.65,-158,5,0.098140827
42895.17181,33.65,-158,5,0.096212802
42895.17111,33.65,-158,5,0.087740215
42895.17042,33.66,-158,5,0.105089869
42895.16972,33.66,-158,5,0.118955936
42895.16903,33.66,-158,5,0.116675415
42895.16833,33.66,-158,5,0.103220362
42895.16764,33.67,-158,5,0.115215165
42895.16694,33.67,-158,5,0.118613901
42895.16625,33.67,-158,5,0.118613901
42895.16556,33.68,-158,5,0.114118426
42895.16486,33.68,-158,5,0.114118426
42895.16417,33.68,-158,5,0.117157083
42895.16347,33.69,-158,5,0.104247975
42895.15514,33.72,-158,5,0.114689987
42895.15444,33.72,-158,5,0.109785238
42895.15375,33.72,-158,5,0.108489113
42895.15306,33.73,-158,5,0.10875503
42895.15236,33.73,-158,5,0.107461063
42895.15167,33.73,-158,5,0.107461063
42895.15097,33.73,-158,5,0.119744063
42895.15028,33.74,-158,5,0.11032586
42895.14958,33.74,-158,5,0.114681296
42895.14889,33.74,-158,5,0.109990848
42895.14819,33.75,-158,5,0.112844939
42895.1475,33.75,-158,5,0.107312117
42895.14681,33.75,-158,5,0.104811865
42895.14611,33.75,-158,5,0.09685079
42895.14542,33.76,-158,5,0.121920926
42895.14472,33.76,-158,5,0.103405073
42895.14403,33.76,-158,5,0.104238369
42895.14333,33.77,-158,5,0.109875199
42895.14264,33.77,-158,5,0.110290844
42895.14194,33.77,-158,5,0.111679252
42895.14125,33.77,-158,5,0.120192218
42895.14056,33.78,-158,5,0.100425134
42895.13986,33.78,-158,5,0.102200083
42895.13917,33.78,-158,5,0.104043126
42895.13847,33.79,-158,5,0.087612913
42895.13778,33.79,-158,5,0.105768418
42895.13708,33.79,-158,5,0.112339073
42895.13639,33.79,-158,5,0.112280616
42895.13569,33.8,-158,5,0.11091805
42895.135,33.8,-158,5,0.116098493
42895.13431,33.8,-158,5,0.103677203
42895.13361,33.81,-158,5,0.102051127
42895.13292,33.81,-158,5,0.111059587
42895.13222,33.81,-158,5,0.094691574
42895.13153,33.82,-158,5,0.094691574
42895.13014,33.82,-158,5,0.096318369
42895.12944,33.82,-158,5,0.097891059
42895.12875,33.83,-158,5,0.115649129
42895.12806,33.83,-158,5,0.093916738
42895.12736,33.83,-158,5,0.098583181
42895.12667,33.84,-158,5,0.096015781
42895.12597,33.84,-158,5,0.100019246
42895.12528,33.84,-158,5,0.100019246
42895.12458,33.85,-158,5,0.076639961
42895.12389,33.85,-158,5,0.096138565
42895.12319,33.85,-158,5,0.096138565
42895.1225,33.85,-158,5,0.107881298
42895.11417,33.89,-158,5,0.101508213
42895.11347,33.89,-158,5,0.102135592
42895.11278,33.89,-158,5,0.099974227
42895.11208,33.9,-158,5,0.099149795
42895.11139,33.9,-158,5,0.087477879
42895.11069,33.9,-158,5,0.091909249
42895.11,33.91,-158,5,0.098523654
42895.10931,33.91,-158,5,0.108173549
42895.10861,33.91,-158,5,0.105981522
42895.10792,33.92,-158,5,0.095189534
42895.10722,33.92,-158,5,0.105430907
42895.10653,33.92,-158,5,0.090128833
42895.10583,33.92,-158,5,0.085275001
42895.10514,33.93,-158,5,0.103368154
42895.10444,33.93,-158,5,0.105267225
42895.10375,33.93,-158,5,0.109371264
42895.10306,33.94,-158,5,0.088075595
42895.10236,33.94,-158,5,0.107073431
42895.10167,33.94,-158,5,0.103511911
42895.10097,33.94,-158,5,0.096625072
42895.10028,33.95,-158,5,0.093318564
42895.09958,33.95,-158,5,0.10250389
42895.09889,33.95,-158,5,0.090064377
42895.09819,33.96,-158,5,0.095732827
42895.0975,33.96,-158,5,0.10639818
42895.09681,33.96,-158,5,0.092663254
42895.09611,33.96,-158,5,0.099118772
42895.09542,33.97,-158,5,0.097696707
42895.09472,33.97,-158,5,0.098799204
42895.09403,33.97,-158,5,0.097774418
42895.09333,33.98,-158,5,0.095688291
42895.09264,33.98,-158,5,0.096319772
42895.09194,33.98,-158,5,0.092507079
42895.09125,33.98,-158,5,0.098089147
42895.09056,33.99,-158,5,0.109435594
42895.08986,33.99,-158,5,0.088468996
42895.08917,33.99,-158,5,0.094179142
42895.08847,34,-158,5,0.09036265
42895.08778,34,-158,5,0.095660106
42895.08708,34,-158,5,0.103125335
42895.08639,34,-158,5,0.107229538
42895.08569,34.01,-158,5,0.095080135
42895.085,34.01,-158,5,0.10369707
42895.08431,34.01,-158,5,0.097214056
42895.08361,34.02,-158,5,0.09768512
42895.08292,34.02,-158,5,0.103370344
42895.08222,34.02,-158,5,0.103829784
42895.08153,34.02,-158,5,0.098724151
42895.07319,34.06,-158,5,0.096401151
42895.0725,34.06,-158,5,0.098052164
42895.07181,34.07,-158,5,0.105993477
42895.07111,34.07,-158,5,0.106920103
42895.07042,34.07,-158,5,0.106920103
42895.06972,34.07,-158,5,0.084614985
42895.06903,34.08,-158,5,0.095494354
42895.06833,34.08,-158,5,0.096882069
42895.06764,34.08,-158,5,0.117235273
42895.06694,34.08,-158,5,0.105405195
42895.06625,34.09,-158,5,0.096283434
42895.06556,34.09,-158,5,0.091874461
42895.06486,34.09,-158,5,0.111162322
42895.06417,34.1,-158,5,0.104296659
42895.06347,34.1,-158,5,0.096076113
42895.06278,34.1,-158,5,0.09948107
42895.06208,34.1,-158,5,0.101909221
42895.06139,34.11,-158,5,0.105621688
42895.06069,34.11,-158,5,0.099509078
42895.06,34.11,-158,5,0.117178886
42895.05931,34.11,-158,5,0.112924979
42895.05861,34.12,-158,5,0.091295829
42895.05792,34.12,-158,5,0.104842693
42895.05722,34.12,-158,5,0.105601835
42895.05653,34.13,-158,5,0.107355218
42895.05583,34.13,-158,5,0.117478745
42895.05514,34.13,-158,5,0.102097421
42895.05444,34.13,-158,5,0.095453282
42895.05375,34.14,-158,5,0.095453282
42895.05306,34.14,-158,5,0.102339637
42895.05236,34.14,-158,5,0.114940565
42895.05167,34.15,-158,5,0.086330059
42895.05097,34.15,-158,5,0.104970737
42895.05028,34.15,-158,5,0.108223308
42895.04958,34.15,-158,5,0.095236079
42895.04889,34.16,-158,5,0.087714725
42895.04819,34.16,-158,5,0.09409436
42895.0475,34.16,-158,5,0.099541637
42895.04681,34.17,-158,5,0.111199425
42895.04611,34.17,-158,5,0.098131695
42895.04542,34.17,-158,5,0.113474807
42895.04472,34.17,-158,5,0.085650924
42895.04403,34.18,-158,5,0.084802394
42895.04333,34.18,-158,5,0.111049105
42895.04264,34.18,-158,5,0.111049105
42895.04194,34.19,-158,5,0.105328545
42895.04125,34.19,-158,5,0.109678565
42895.04056,34.19,-158,5,0.081902704
42895.03222,34.23,-158,5,0.08666112
42895.03153,34.23,-158,5,0.096198135
42895.03083,34.23,-158,5,0.096198135
42895.03014,34.24,-158,5,0.093204225
42895.02944,34.24,-158,5,0.087460596
42895.02875,34.24,-158,5,0.082006275
42895.02806,34.25,-158,5,0.082006275
42895.02736,34.25,-158,5,0.086672013
42895.02667,34.25,-158,5,0.086672013
42895.02597,34.25,-158,5,0.097423932
42895.02528,34.26,-158,5,0.097423932
42895.02458,34.26,-158,5,0.089530957
42895.02389,34.26,-158,5,0.089530957
42895.02319,34.27,-158,5,0.09085955
42895.0225,34.27,-158,5,0.096814315
42895.02181,34.27,-158,5,0.104535883
42895.02111,34.27,-158,5,0.093336815
42895.02042,34.28,-158,5,0.093336815
42895.01972,34.28,-158,5,0.090735828
42895.01903,34.28,-158,5,0.10207707
42895.01833,34.29,-158,5,0.084197996
42895.01764,34.29,-158,5,0.087865851
42895.01694,34.29,-158,5,0.097400918
42895.01625,34.29,-158,5,0.098653455
42895.01556,34.3,-158,5,0.092083327
42895.01486,34.3,-158,5,0.10156492
42895.01417,34.3,-158,5,0.089528296
42895.01347,34.31,-158,5,0.089528296
42895.01278,34.31,-158,5,0.101700803
42895.01208,34.31,-158,5,0.092242166
42895.01139,34.32,-158,5,0.0904197
42895.01069,34.32,-158,5,0.0904197
42895.01,34.32,-158,5,0.119981339
42894.99125,34.4,-158,5,0.09241539
42894.99056,34.4,-158,5,0.090061596
42894.98986,34.41,-158,5,0.091137103
42894.98917,34.41,-158,5,0.094563024
42894.98847,34.41,-158,5,0.092731221
42894.98778,34.42,-158,5,0.093048452
42894.98708,34.42,-158,5,0.085773173
42894.98639,34.42,-158,5,0.103999763
42894.98569,34.42,-158,5,0.119379521
42894.985,34.43,-158,5,0.097889569
42894.98431,34.43,-158,5,0.097889569
42894.98361,34.43,-158,5,0.108694767
42894.98292,34.44,-158,5,0.091637483
42894.98222,34.44,-158,5,0.099961274
42894.98153,34.44,-158,5,0.091725015
42894.98083,34.45,-158,5,0.091725015
42894.98014,34.45,-158,5,0.104547549
42894.97944,34.45,-158,5,0.104547549
42894.97875,34.45,-158,5,0.087772586
42894.97806,34.46,-158,5,0.087772586
42894.97736,34.46,-158,5,0.115122823
42894.97667,34.46,-158,5,0.102630283
42894.97597,34.47,-158,5,0.087216997
42894.97528,34.47,-158,5,0.091559609
42894.97458,34.47,-158,5,0.077215846
42894.97389,34.48,-158,5,0.106152691
42894.97319,34.48,-158,5,0.075002698
42894.9725,34.48,-158,5,0.075002698
42894.97181,34.48,-158,5,0.112409903
42894.97111,34.49,-158,5,0.091909672
42894.97042,34.49,-158,5,0.091909672
42894.96972,34.49,-158,5,0.092897451
42894.96903,34.49,-158,5,0.081999871
42894.96764,34.49,-158,5,0.094446523
42894.96694,34.49,-158,5,0.104848973
42894.96556,34.5,-158,5,0.099505229
42894.96486,34.5,-158,5,0.100441306
42894.96417,34.5,-158,5,0.100441306
42894.96347,34.5,-158,5,0.090421042
42894.96278,34.5,-158,5,0.088094023
42894.96208,34.5,-158,5,0.084330865
42894.96139,34.5,-158,5,0.084330865
42894.96069,34.5,-158,5,0.099057752
42894.96,34.5,-158,5,0.098685491
42894.95931,34.5,-158,5,0.081540972
42894.95861,34.5,-158,5,0.09582737
42894.95028,34.5,-158,5,0.142840352
42894.94958,34.5,-158,5,0.113695461
42894.94889,34.5,-158,5,0.11331275
42894.94819,34.5,-158,5,0.147985115
42894.9475,34.5,-158,5,0.13747488
42894.94681,34.5,-158,5,0.120341599
42894.94611,34.5,-158,5,0.13017725
42894.94542,34.5,-158,5,0.102761399
42894.94472,34.5,-158,5,0.153286731
42894.94403,34.5,-158,5,0.111428516
42894.94333,34.5,-158,5,0.126386151
42894.94264,34.5,-158,5,0.13868262
42894.94194,34.5,-158,5,0.113424343
42894.94125,34.5,-158,5,0.12151907
42894.94056,34.5,-158,5,0.111407622
42894.93986,34.5,-158,5,0.122361907
42894.93917,34.5,-158,5,0.125702973
42894.93847,34.5,-158,5,0.118113056
42894.93778,34.5,-158,5,0.118113056
42894.93708,34.5,-158,5,0.139446036
42894.93639,34.5,-158,5,0.116598729
42894.93569,34.5,-158,5,0.118271317
42894.935,34.5,-158,5,0.118271317
42894.93431,34.5,-158,5,0.117546927
42894.93361,34.5,-158,5,0.120836635
42894.93292,34.5,-158,5,0.107067542
42894.93222,34.5,-158,5,0.113683815
42894.93153,34.5,-158,5,0.127137349
42894.93083,34.5,-158,5,0.127137349
42894.93014,34.5,-158,5,0.09632576
42894.92944,34.5,-158,5,0.122319999
42894.92875,34.5,-158,5,0.113628397
42894.92806,34.5,-158,5,0.134312381
42894.92736,34.5,-158,5,0.113739412
42894.92667,34.5,-158,5,0.120626864
42894.92597,34.5,-158,5,0.121879276
42894.92528,34.5,-158,5,0.121879276
42894.92458,34.5,-158,5,0.115552867
42894.92389,34.5,-158,5,0.121612021
42894.92319,34.5,-158,5,0.140206427
42894.9225,34.5,-158,5,0.140206427
42894.92181,34.5,-158,5,0.097019958
42894.92042,34.5,-158,5,0.107865342
42894.91972,34.5,-158,5,0.118484486
42894.91833,34.5,-158,5,0.09633361
42894.91764,34.5,-158,5,0.089954429
42894.90931,34.5,-158,5,0.088740884
42894.90861,34.5,-158,5,0.11483349
42894.90792,34.5,-158,5,0.110827565
42894.90722,34.5,-158,5,0.105355089
42894.90653,34.5,-158,5,0.091090944
42894.90583,34.5,-158,5,0.088704553
42894.90514,34.5,-158,5,0.096059824
42894.90444,34.5,-158,5,0.106996546
42894.90375,34.5,-158,5,0.089684024
42894.90236,34.5,-158,5,0.103895381
42894.90167,34.5,-158,5,0.097359167
42894.90097,34.5,-158,5,0.118126991
42894.90028,34.5,-158,5,0.111459466
42894.89958,34.5,-158,5,0.128164133
42894.89889,34.5,-158,5,0.116122897
42894.89819,34.5,-158,5,0.116139037
42894.8975,34.5,-158,5,0.111226539
42894.89681,34.5,-158,5,0.117645551
42894.89611,34.5,-158,5,0.091145014
42894.89542,34.5,-158,5,0.137538351
42894.89472,34.5,-158,5,0.117662367
42894.89403,34.5,-158,5,0.114608844
42894.89333,34.5,-158,5,0.114608844
42894.89264,34.5,-158,5,0.140993744
42894.89194,34.5,-158,5,0.082593321
42894.89125,34.5,-158,5,0.113663355
42894.89056,34.5,-158,5,0.113663355
42894.88986,34.5,-158,5,0.091125845
42894.88917,34.5,-158,5,0.091125845
42894.88847,34.5,-158,5,0.132828827
42894.88778,34.5,-158,5,0.09801098
42894.88708,34.5,-158,5,0.09801098
42894.88639,34.5,-158,5,0.083902961
42894.88569,34.5,-158,5,0.123179594
42894.885,34.5,-158,5,0.108282976
42894.88431,34.5,-158,5,0.091063025
42894.88361,34.5,-158,5,0.079824728
42894.88083,34.5,-158,5,0.081679104
42894.88014,34.5,-158,5,0.105550392
42894.87944,34.5,-158,5,0.105550392
42894.87875,34.5,-158,5,0.076975513
42894.87806,34.5,-158,5,0.079842131
42894.87736,34.5,-158,5,0.079842131
42894.87667,34.5,-158,5,0.086871075
42894.86764,34.5,-158,5,0.078430015
42894.86556,34.5,-158,5,0.087112277
42894.86417,34.5,-158,5,0.091472398
42894.86347,34.5,-158,5,0.091585438
42894.86278,34.5,-158,5,0.091585438
42894.86208,34.5,-158,5,0.080836182
42894.86139,34.5,-158,5,0.082318016
42894.86069,34.5,-158,5,0.089101069
42894.86,34.5,-158,5,0.079665379
42894.85931,34.5,-158,5,0.09131043
42894.85861,34.5,-158,5,0.096940669
42894.85792,34.5,-158,5,0.077423674
42894.85722,34.5,-158,5,0.077423674
42894.85653,34.5,-158,5,0.08193522
42894.85583,34.5,-158,5,0.077275023
42894.85444,34.5,-158,5,0.088869721
42894.85375,34.5,-158,5,0.088869721
42894.85236,34.5,-158,5,0.101481084
42894.85167,34.5,-158,5,0.095878936
42894.85097,34.5,-158,5,0.097638482
42894.85028,34.5,-158,5,0.089526799
42894.84958,34.5,-158,5,0.080416976
42894.84889,34.5,-158,5,0.091540558
42894.84819,34.5,-158,5,0.091540558
42894.8475,34.5,-158,5,0.087948511
42894.84681,34.5,-158,5,0.082001404
42894.84611,34.5,-158,5,0.10307806
42894.84542,34.5,-158,5,0.091821686
42894.84472,34.5,-158,5,0.080404309
42894.84403,34.5,-158,5,0.080404309
42894.84333,34.5,-158,5,0.077663415
42894.84264,34.5,-158,5,0.126190034
42894.84194,34.5,-158,5,0.08607283
42894.84125,34.5,-158,5,0.08607283
42894.84056,34.5,-158,5,0.096761868
42894.83986,34.5,-158,5,0.096761868
42894.83917,34.5,-158,5,0.086938589
42894.83847,34.5,-158,5,0.089553036
42894.83778,34.5,-158,5,0.089936662
42894.83708,34.5,-158,5,0.089965232
42894.83569,34.5,-158,5,0.101818052
42894.82736,34.5,-158,5,0.101532692
42894.82667,34.5,-158,5,0.087369844
42894.82597,34.5,-158,5,0.087369844
42894.82528,34.5,-158,5,0.078240655
42894.82458,34.5,-158,5,0.083048709
42894.82389,34.5,-158,5,0.083048709
42894.82111,34.5,-158,5,0.097892794
42894.82042,34.5,-158,5,0.090073223
42894.81972,34.5,-158,5,0.090073223
42894.81903,34.5,-158,5,0.086263274
42894.81833,34.5,-158,5,0.085822323
42894.81764,34.5,-158,5,0.085822323
42894.81694,34.5,-158,5,0.098135129
42894.81625,34.5,-158,5,0.102095733
42894.81556,34.5,-158,5,0.102095733
42894.81486,34.5,-158,5,0.081989209
42894.81417,34.5,-158,5,0.084187692
42894.81347,34.5,-158,5,0.088904615
42894.81278,34.5,-158,5,0.108666208
42894.81208,34.5,-158,5,0.108666208
42894.81139,34.5,-158,5,0.113782134
42894.81069,34.5,-158,5,0.113782134
42894.81,34.5,-158,5,0.108376635
42894.80931,34.5,-158,5,0.132767918
42894.80861,34.5,-158,5,0.084632147
42894.80792,34.5,-158,5,0.112629317
42894.80722,34.5,-158,5,0.112629317
42894.80653,34.5,-158,5,0.117234585
42894.80583,34.5,-158,5,0.117234585
42894.80514,34.5,-158,5,0.112188984
42894.80444,34.5,-158,5,0.100176734
42894.80375,34.5,-158,5,0.100176734
42894.80306,34.5,-158,5,0.098642056
42894.80236,34.5,-158,5,0.083660036
42894.80167,34.5,-158,5,0.081230241
42894.80097,34.5,-158,5,0.094407051
42894.80028,34.5,-158,5,0.094407051
42894.79958,34.5,-158,5,0.098160118
42894.79889,34.5,-158,5,0.093357192
42894.79819,34.5,-158,5,0.096146678
42894.7975,34.5,-158,5,0.096146678
42894.79681,34.5,-158,5,0.095709723
42894.79611,34.5,-158,5,0.09467649
42894.79542,34.5,-158,5,0.09467649
42894.79472,34.5,-158,5,0.122138177
42894.79403,34.5,-158,5,0.122138177
42894.78639,34.5,-158,5,0.113840056
42894.78569,34.5,-158,5,0.103443337
42894.785,34.5,-158,5,0.118243934
42894.78431,34.5,-158,5,0.105964942
42894.78361,34.5,-158,5,0.105964942
42894.78292,34.5,-158,5,0.084745009
42894.78222,34.5,-158,5,0.102931996
42894.78153,34.5,-158,5,0.099637493
42894.78083,34.5,-158,5,0.099637493
42894.77944,34.5,-158,5,0.092556139
42894.77875,34.5,-158,5,0.092556139
42894.77806,34.5,-158,5,0.13117191
42894.77736,34.5,-158,5,0.108905978
42894.77667,34.5,-158,5,0.106310047
42894.77597,34.5,-158,5,0.104272812
42894.77528,34.5,-158,5,0.104272812
42894.77458,34.5,-158,5,0.120645282
42894.77389,34.5,-158,5,0.103626297
42894.77319,34.5,-158,5,0.103626297
42894.7725,34.5,-158,5,0.102261527
42894.77181,34.5,-158,5,0.103873366
42894.77111,34.5,-158,5,0.096941813
42894.77042,34.5,-158,5,0.112531828
42894.76972,34.5,-158,5,0.112531828
42894.76903,34.5,-158,5,0.116267844
42894.76833,34.5,-158,5,0.105956127
42894.76764,34.5,-158,5,0.105956127
42894.76694,34.5,-158,5,0.085195398
42894.76625,34.5,-158,5,0.105651231
42894.76556,34.5,-158,5,0.117135313
42894.76486,34.5,-158,5,0.117135313
42894.76417,34.5,-158,5,0.112592354
42894.76347,34.5,-158,5,0.11651387
42894.76278,34.5,-158,5,0.10553763
42894.76208,34.5,-158,5,0.10553763
42894.76139,34.5,-158,5,0.096452903
42894.76069,34.5,-158,5,0.127566021
42894.76,34.5,-158,5,0.112068399
42894.75931,34.5,-158,5,0.112068399
42894.75861,34.5,-158,5,0.102135859
42894.75792,34.5,-158,5,0.108526771
42894.75722,34.5,-158,5,0.109393837
42894.75653,34.5,-158,5,0.109393837
42894.75583,34.5,-158,5,0.083498566
42894.75514,34.5,-158,5,0.107684838
42894.75444,34.5,-158,5,0.107684838
42894.74542,34.5,-158,5,0.089141376
42894.74472,34.5,-158,5,0.105174676
42894.74403,34.5,-158,5,0.088129096
42894.74333,34.5,-158,5,0.092197795
42894.74264,34.5,-158,5,0.109557913
42894.74194,34.5,-158,5,0.118277388
42894.74125,34.5,-158,5,0.118277388
42894.74056,34.5,-158,5,0.118891062
42894.73986,34.5,-158,5,0.098921073
42894.73917,34.5,-158,5,0.098921073
42894.73847,34.5,-158,5,0.094259171
42894.73778,34.5,-158,5,0.094259171
42894.73708,34.5,-158,5,0.093725314
42894.73639,34.5,-158,5,0.08367564
42894.73361,34.5,-158,5,0.081721765
42894.73292,34.5,-158,5,0.079839365
42894.73222,34.5,-158,5,0.080356421
42894.73153,34.5,-158,5,0.080356421
42894.73083,34.5,-158,5,0.083182229
42894.73014,34.5,-158,5,0.087904833
42894.72944,34.5,-158,5,0.097470106
42894.72875,34.5,-158,5,0.10045186
42894.72806,34.5,-158,5,0.10045186
42894.72597,34.5,-158,5,0.097003279
42894.72528,34.5,-158,5,0.079932858
42894.72458,34.5,-158,5,0.105463416
42894.72389,34.5,-158,5,0.101207305
42894.72319,34.5,-158,5,0.101207305
42894.7225,34.5,-158,5,0.09265562
42894.72181,34.5,-158,5,0.1059365
42894.72111,34.5,-158,5,0.091754089
42894.72042,34.5,-158,5,0.083172422
42894.71972,34.5,-158,5,0.102033526
42894.71903,34.5,-158,5,0.09276395
42894.71833,34.5,-158,5,0.0905617
42894.71764,34.5,-158,5,0.0905617
42894.71694,34.5,-158,5,0.087013754
42894.71625,34.5,-158,5,0.089821772
42894.71556,34.5,-158,5,0.097438066
42894.71486,34.5,-158,5,0.098351412
42894.71417,34.5,-158,5,0.095469651
42894.71347,34.5,-158,5,0.095469651
42894.71278,34.5,-158,5,0.106056596
42894.70375,34.5,-158,5,0.081604841
42894.70306,34.5,-158,5,0.081604841
42894.69958,34.5,-158,5,0.081163707
42894.69889,34.5,-158,5,0.081163707
42894.69819,34.5,-158,5,0.111791159
42894.69681,34.5,-158,5,0.111614544
42894.69542,34.5,-158,5,0.091333089
42894.69472,34.5,-158,5,0.091333089
42894.69403,34.5,-158,5,0.119113267
42894.69333,34.5,-158,5,0.108140887
42894.69264,34.5,-158,5,0.108140887
42894.69194,34.5,-158,5,0.107828749
42894.69125,34.5,-158,5,0.113686042
42894.69056,34.5,-158,5,0.113686042
42894.68986,34.5,-158,5,0.105717922
42894.68917,34.5,-158,5,0.121420101
42894.68847,34.5,-158,5,0.128188639
42894.68778,34.5,-158,5,0.102842316
42894.68708,34.5,-158,5,0.102842316
42894.68639,34.5,-158,5,0.112551411
42894.68569,34.5,-158,5,0.077644035
42894.685,34.5,-158,5,0.136367654
42894.68431,34.5,-158,5,0.095002004
42894.68361,34.5,-158,5,0.095002004
42894.68292,34.5,-158,5,0.135083006
42894.68222,34.5,-158,5,0.090520151
42894.68153,34.5,-158,5,0.078501134
42894.68083,34.5,-158,5,0.112944023
42894.68014,34.5,-158,5,0.089511773
42894.67944,34.5,-158,5,0.089511773
42894.67875,34.5,-158,5,0.127326574
42894.67806,34.5,-158,5,0.082870187
42894.67736,34.5,-158,5,0.121623584
42894.67667,34.5,-158,5,0.121623584
42894.67597,34.5,-158,5,0.113202345
42894.67528,34.5,-158,5,0.100069953
42894.67458,34.5,-158,5,0.134576619
42894.67389,34.5,-158,5,0.130660994
42894.67319,34.5,-158,5,0.130660994
42894.6725,34.5,-158,5,0.077698153
42894.67181,34.5,-158,5,0.106990541
42894.66347,34.5,-158,5,0.165269214
42894.66278,34.5,-158,5,0.159390328
42894.66208,34.5,-158,5,0.125541078
42894.66139,34.5,-158,5,0.125541078
42894.66069,34.5,-158,5,0.177983614
42894.66,34.5,-158,5,0.141290814
42894.65931,34.5,-158,5,0.151422254
42894.65861,34.5,-158,5,0.133530548
42894.65792,34.5,-158,5,0.152100255
42894.65722,34.5,-158,5,0.162293872
42894.65653,34.5,-158,5,0.162293872
42894.65583,34.5,-158,5,0.163837742
42894.65514,34.5,-158,5,0.163837742
42894.65444,34.5,-158,5,0.160919736
42894.65375,34.5,-158,5,0.154173316
42894.65306,34.5,-158,5,0.157259755
42894.65236,34.5,-158,5,0.157259755
42894.65167,34.5,-158,5,0.141295061
42894.65097,34.5,-158,5,0.154723853
42894.65028,34.5,-158,5,0.136585222
42894.64958,34.5,-158,5,0.138441062
42894.64889,34.5,-158,5,0.149197058
42894.64819,34.5,-158,5,0.149197058
42894.6475,34.5,-158,5,0.147389188
42894.64681,34.5,-158,5,0.147389188
42894.64611,34.5,-158,5,0.161307896
42894.64542,34.5,-158,5,0.161307896
42894.64472,34.5,-158,5,0.151662789
42894.64333,34.5,-158,5,0.146294909
42894.64264,34.5,-158,5,0.104991571
42894.64194,34.5,-158,5,0.152499898
42894.64125,34.5,-158,5,0.121561593
42894.64056,34.5,-158,5,0.136999967
42894.63986,34.5,-158,5,0.110600479
42894.63917,34.5,-158,5,0.119529444
42894.63847,34.5,-158,5,0.119529444
42894.63778,34.5,-158,5,0.146548573
42894.63708,34.5,-158,5,0.14376368
42894.63639,34.5,-158,5,0.104605119
42894.63569,34.5,-158,5,0.147258263
42894.635,34.5,-158,5,0.124229769
42894.63431,34.5,-158,5,0.124229769
42894.63361,34.5,-158,5,0.125676595
42894.63292,34.5,-158,5,0.14754426
42894.63222,34.5,-158,5,0.097212358
42894.63153,34.5,-158,5,0.103349992
42894.63083,34.5,-158,5,0.103349992
42894.62181,34.5,-158,5,0.083750354
42894.62111,34.5,-158,5,0.079504028
42894.62042,34.5,-158,5,0.079504028
42894.61972,34.5,-158,5,0.102216344
42894.61764,34.5,-158,5,0.086423174
42894.61625,34.5,-158,5,0.099750258
42894.61556,34.5,-158,5,0.096515217
42894.61486,34.5,-158,5,0.08469113
42894.61417,34.5,-158,5,0.097154009
42894.61347,34.5,-158,5,0.113829181
42894.61278,34.5,-158,5,0.090763959
42894.61208,34.5,-158,5,0.090763959
42894.61139,34.5,-158,5,0.102295314
42894.61069,34.5,-158,5,0.082053765
42894.61,34.5,-158,5,0.087557587
42894.60931,34.5,-158,5,0.106322861
42894.60861,34.5,-158,5,0.079185857
42894.60792,34.5,-158,5,0.079185857
42894.60722,34.5,-158,5,0.102732564
42894.60653,34.5,-158,5,0.106486379
42894.60583,34.5,-158,5,0.09722251
42894.60514,34.5,-158,5,0.09722251
42894.60444,34.5,-158,5,0.109122835
42894.60375,34.5,-158,5,0.109122835
42894.60306,34.5,-158,5,0.111962713
42894.60236,34.5,-158,5,0.11622427
42894.60167,34.5,-158,5,0.132916557
42894.60097,34.5,-158,5,0.132916557
42894.60028,34.5,-158,5,0.201131913
42894.59958,34.5,-158,5,0.11305186
42894.59889,34.5,-158,5,0.091681076
42894.59819,34.5,-158,5,0.091681076
42894.5975,34.5,-158,5,0.088913134
42894.59681,34.5,-158,5,0.088913134
42894.59611,34.5,-158,5,0.091063048
42894.59542,34.5,-158,5,0.091063048
42894.59472,34.5,-158,5,0.101240579
42894.59403,34.5,-158,5,0.082900545
42894.59333,34.5,-158,5,0.082900545
42894.59264,34.5,-158,5,0.086004902
42894.59194,34.5,-158,5,0.080643633
42894.59125,34.5,-158,5,0.098184352
42894.59056,34.5,-158,5,0.096935629
42894.58986,34.5,-158,5,0.100061154
42894.58153,34.5,-158,5,0.088055771
42894.58083,34.5,-158,5,0.112084193
42894.58014,34.5,-158,5,0.106404004
42894.57944,34.5,-158,5,0.099970824
42894.57875,34.5,-158,5,0.078049224
42894.57806,34.5,-158,5,0.085006915
42894.57736,34.5,-158,5,0.085006915
42894.57667,34.5,-158,5,0.115199252
42894.57597,34.5,-158,5,0.115031272
42894.57528,34.5,-158,5,0.115031272
42894.57458,34.5,-158,5,0.09886492
42894.57389,34.5,-158,5,0.08029136
42894.57319,34.5,-158,5,0.08560792
42894.5725,34.5,-158,5,0.109121256
42894.57181,34.5,-158,5,0.089937379
42894.57111,34.5,-158,5,0.096122988
42894.57042,34.5,-158,5,0.104019172
42894.56972,34.5,-158,5,0.104019172
42894.56903,34.5,-158,5,0.09738543
42894.56833,34.5,-158,5,0.09060587
42894.56764,34.5,-158,5,0.09060587
42894.56694,34.5,-158,5,0.086036085
42894.56625,34.5,-158,5,0.088740899
42894.56556,34.5,-158,5,0.093989487
42894.56486,34.5,-158,5,0.093989487
42894.56417,34.5,-158,5,0.07595621
42894.56347,34.5,-158,5,0.094642869
42894.56208,34.5,-158,5,0.084547825
42894.56139,34.5,-158,5,0.087092814
42894.56069,34.5,-158,5,0.102039743
42894.55931,34.5,-158,5,0.082860211
42894.55861,34.5,-158,5,0.082860211
42894.55792,34.5,-158,5,0.083927965
42894.55722,34.5,-158,5,0.084098842
42894.55653,34.5,-158,5,0.084098842
42894.55583,34.5,-158,5,0.089022952
42894.55514,34.5,-158,5,0.096151655
42894.55375,34.5,-158,5,0.084525991
42894.55306,34.5,-158,5,0.090346315
42894.55236,34.5,-158,5,0.083828302
42894.55167,34.5,-158,5,0.083828302
42894.55097,34.5,-158,5,0.095287798
42894.55028,34.5,-158,5,0.087517718
42894.54958,34.5,-158,5,0.087517718
42894.54056,34.5,-158,5,0.116797239
42894.53986,34.5,-158,5,0.097428999
42894.53917,34.5,-158,5,0.097428999
42894.53847,34.5,-158,5,0.144815736
42894.53778,34.5,-158,5,0.091523756
42894.53708,34.5,-158,5,0.103660005
42894.53639,34.5,-158,5,0.103660005
42894.53569,34.5,-158,5,0.098451585
42894.535,34.5,-158,5,0.107266097
42894.53431,34.5,-158,5,0.107266097
42894.53361,34.5,-158,5,0.098096351
42894.53153,34.5,-158,5,0.086746777
42894.53083,34.5,-158,5,0.080294307
42894.53014,34.5,-158,5,0.100261054
42894.52944,34.5,-158,5,0.091618225
42894.52875,34.5,-158,5,0.11184885
42894.52806,34.5,-158,5,0.089261942
42894.52736,34.5,-158,5,0.079702462
42894.52667,34.5,-158,5,0.084179289
42894.52597,34.5,-158,5,0.084179289
42894.52528,34.5,-158,5,0.104555068
42894.52458,34.5,-158,5,0.087352174
42894.52389,34.5,-158,5,0.090621606
42894.52319,34.5,-158,5,0.090621606
42894.5225,34.5,-158,5,0.094378181
42894.52181,34.5,-158,5,0.09249324
42894.52111,34.5,-158,5,0.090834718
42894.52042,34.5,-158,5,0.090834718
42894.51972,34.5,-158,5,0.101023227
42894.51903,34.5,-158,5,0.090263831
42894.51833,34.5,-158,5,0.106271106
42894.51764,34.5,-158,5,0.106271106
42894.51694,34.5,-158,5,0.120030657
42894.51625,34.5,-158,5,0.120030657
42894.51556,34.5,-158,5,0.115290729
42894.51486,34.5,-158,5,0.090951407
42894.51417,34.5,-158,5,0.136041351
42894.51347,34.5,-158,5,0.113040389
42894.51278,34.5,-158,5,0.12678717
42894.51208,34.5,-158,5,0.229869708
42894.51139,34.5,-158,5,0.101956465
42894.51069,34.5,-158,5,0.113722495
42894.51,34.5,-158,5,0.134700903
42894.50931,34.5,-158,5,0.109023532
42894.50861,34.5,-158,5,0.090639467
42894.50792,34.5,-158,5,0.102390414
42894.49958,34.52,-158,5,0.088150105
42894.49889,34.52,-158,5,0.088150105
42894.49819,34.53,-158,5,0.093613007
42894.4975,34.53,-158,5,0.077785171
42894.49681,34.53,-158,5,0.082227646
42894.49611,34.53,-158,5,0.091353401
42894.49542,34.54,-158,5,0.091353401
42894.49472,34.54,-158,5,0.092532495
42894.49403,34.54,-158,5,0.104942199
42894.49333,34.55,-158,5,0.086995537
42894.49264,34.55,-158,5,0.092377117
42894.49125,34.55,-158,5,0.098092433
42894.49056,34.56,-158,5,0.098092433
42894.48986,34.56,-158,5,0.109102325
42894.48917,34.56,-158,5,0.100437509
42894.48847,34.57,-158,5,0.093253203
42894.48778,34.57,-158,5,0.093253203
42894.48708,34.57,-158,5,0.098072581
42894.48639,34.58,-158,5,0.087447777
42894.48569,34.58,-158,5,0.080532888
42894.48431,34.58,-158,5,0.075196278
42894.48361,34.59,-158,5,0.075196278
42894.48292,34.59,-158,5,0.099864964
42894.48222,34.59,-158,5,0.08515799
42894.48153,34.6,-158,5,0.08515799
42894.48083,34.6,-158,5,0.101955789
42894.48014,34.6,-158,5,0.084926766
42894.47944,34.61,-158,5,0.084926766
42894.47875,34.61,-158,5,0.082448216
42894.47806,34.61,-158,5,0.101356827
42894.47667,34.62,-158,5,0.111731546
42894.47597,34.62,-158,5,0.089394394
42894.47528,34.62,-158,5,0.102300983
42894.47458,34.63,-158,5,0.102300983
42894.47389,34.63,-158,5,0.091762003
42894.47319,34.63,-158,5,0.091762003
42894.4725,34.64,-158,5,0.094872917
42894.47181,34.64,-158,5,0.087310666
42894.47111,34.64,-158,5,0.108627335
42894.47042,34.64,-158,5,0.115656788
42894.46972,34.65,-158,5,0.110496571
42894.46903,34.65,-158,5,0.108577383
42894.46833,34.65,-158,5,0.099602959
42894.46764,34.66,-158,5,0.077781511
42894.46694,34.66,-158,5,0.095569232
42894.45861,34.69,-158,5,0.109713079
42894.45792,34.7,-158,5,0.075502431
42894.45722,34.7,-158,5,0.097665316
42894.45653,34.7,-158,5,0.086818254
42894.45583,34.71,-158,5,0.107456103
42894.45514,34.71,-158,5,0.107456103
42894.45444,34.71,-158,5,0.083333247
42894.45375,34.71,-158,5,0.075056894
42894.45306,34.72,-158,5,0.075056894
42894.45236,34.72,-158,5,0.081571481
42894.45167,34.72,-158,5,0.081571481
42894.45097,34.73,-158,5,0.078691007
42894.45028,34.73,-158,5,0.078691007
42894.44958,34.73,-158,5,0.087949138
42894.44889,34.73,-158,5,0.089748529
42894.44819,34.74,-158,5,0.085475059
42894.4475,34.74,-158,5,0.085475059
42894.44681,34.74,-158,5,0.090795533
42894.44611,34.75,-158,5,0.089047097
42894.44542,34.75,-158,5,0.089047097
42894.44472,34.75,-158,5,0.092637321
42894.44403,34.75,-158,5,0.096605784
42894.44333,34.75,-158,5,0.096605784
42894.44264,34.76,-158,5,0.079620085
42894.44194,34.76,-158,5,0.079620085
42894.44125,34.76,-158,5,0.086325817
42894.44056,34.76,-158,5,0.086325817
42894.43917,34.76,-158,5,0.090966172
42894.43847,34.76,-158,5,0.083742944
42894.43778,34.76,-158,5,0.080235669
42894.43708,34.76,-158,5,0.080235669
42894.43639,34.76,-158,5,0.094515225
42894.43569,34.77,-158,5,0.080388017
42894.435,34.77,-158,5,0.086436645
42894.43431,34.77,-158,5,0.075472193
42894.43292,34.77,-158,5,0.089124273
42894.43222,34.77,-158,5,0.087930434
42894.43153,34.77,-158,5,0.087930434
42894.43083,34.77,-158,5,0.081717693
42894.43014,34.77,-158,5,0.081717693
42894.42944,34.77,-158,5,0.095359438
42894.42875,34.78,-158,5,0.082060424
42894.42806,34.78,-158,5,0.086609863
42894.42736,34.78,-158,5,0.087450191
42894.42667,34.78,-158,5,0.098333138
42894.42597,34.78,-158,5,0.091011241
42894.41764,34.79,-158,5,0.096501367
42894.41694,34.79,-158,5,0.096501367
42894.41625,34.79,-158,5,0.091051734
42894.41556,34.8,-158,5,0.08532555
42894.41486,34.8,-158,5,0.08532555
42894.41417,34.8,-158,5,0.081213982
42894.41347,34.8,-158,5,0.081213982
42894.41278,34.8,-158,5,0.080721352
42894.41208,34.8,-158,5,0.080721352
42894.41139,34.8,-158,5,0.089800649
42894.41069,34.8,-158,5,0.079161043
42894.41,34.8,-158,5,0.085775053
42894.40931,34.8,-158,5,0.075900966
42894.40861,34.81,-158,5,0.075900966
42894.40792,34.81,-158,5,0.103893322
42894.40722,34.81,-158,5,0.079688953
42894.40514,34.81,-158,5,0.081982213
42894.40444,34.81,-158,5,0.097421348
42894.40375,34.81,-158,5,0.097421348
42894.40236,34.82,-158,5,0.094969827
42894.40167,34.82,-158,5,0.094969827
42894.40097,34.82,-158,5,0.079086816
42894.40028,34.82,-158,5,0.079086816
42894.39889,34.82,-158,5,0.08384236
42894.39819,34.82,-158,5,0.103953761
42894.3975,34.82,-158,5,0.0859214
42894.39681,34.82,-158,5,0.0859214
42894.39542,34.83,-158,5,0.076378222
42894.39472,34.83,-158,5,0.082810623
42894.39403,34.83,-158,5,0.084393492
42894.39333,34.83,-158,5,0.077350151
42894.39264,34.83,-158,5,0.077350151
42894.39194,34.83,-158,5,0.086660551
42894.39125,34.83,-158,5,0.092776307
42894.39056,34.83,-158,5,0.08646361
42894.38986,34.83,-158,5,0.08646361
42894.38917,34.83,-158,5,0.090924686
42894.38847,34.84,-158,5,0.077971686
42894.38778,34.84,-158,5,0.087307082
42894.38708,34.84,-158,5,0.087185327
42894.38639,34.84,-158,5,0.087185327
42894.38569,34.84,-158,5,0.080721711
42894.37667,34.85,-158,5,0.093275668
42894.37597,34.85,-158,5,0.084581553
42894.37528,34.86,-158,5,0.093298886
42894.37458,34.86,-158,5,0.093298886
42894.37389,34.86,-158,5,0.095934698
42894.37319,34.86,-158,5,0.086395701
42894.3725,34.86,-158,5,0.086014946
42894.37181,34.86,-158,5,0.086014946
42894.37042,34.86,-158,5,0.08654997
42894.36972,34.86,-158,5,0.094001126
42894.36903,34.86,-158,5,0.092758247
42894.36833,34.87,-158,5,0.092609541
42894.36764,34.87,-158,5,0.092609541
42894.36694,34.87,-158,5,0.094991969
42894.36625,34.87,-158,5,0.078034783
42894.36486,34.87,-158,5,0.078369367
42894.36347,34.87,-158,5,0.096068575
42894.36278,34.87,-158,5,0.096068575
42894.36208,34.87,-158,5,0.100731787
42894.36069,34.88,-158,5,0.107541555
42894.36,34.88,-158,5,0.081934465
42894.35931,34.88,-158,5,0.09018731
42894.35861,34.88,-158,5,0.09018731
42894.35792,34.88,-158,5,0.106043656
42894.35722,34.88,-158,5,0.095646532
42894.35653,34.88,-158,5,0.082014533
42894.35514,34.89,-158,5,0.089128709
42894.35444,34.89,-158,5,0.075731779
42894.35375,34.89,-158,5,0.084029391
42894.35306,34.89,-158,5,0.084029391
42894.35236,34.89,-158,5,0.08819245
42894.35167,34.89,-158,5,0.08819245
42894.34889,34.9,-158,5,0.118500718
42894.34819,34.9,-158,5,0.083667918
42894.3475,34.9,-158,5,0.083667918
42894.34681,34.9,-158,5,0.100167867
42894.34611,34.9,-158,5,0.100167867
42894.34542,34.9,-158,5,0.080442126
42894.34472,34.9,-158,5,0.080442126
42894.34403,34.9,-158,5,0.076747756
42894.335,34.92,-158,5,0.077027274
42894.33431,34.92,-158,5,0.091179879
42894.33361,34.92,-158,5,0.091179879
42894.33292,34.92,-158,5,0.095290216
42894.33153,34.92,-158,5,0.079978388
42894.33083,34.92,-158,5,0.086042123
42894.33014,34.92,-158,5,0.08838871
42894.32875,34.93,-158,5,0.089829493
42894.32806,34.93,-158,5,0.078090695
42894.32736,34.93,-158,5,0.078090695
42894.32667,34.93,-158,5,0.103797672
42894.32597,34.93,-158,5,0.103797672
42894.32389,34.93,-158,5,0.079606039
42894.32319,34.93,-158,5,0.079606039
42894.3225,34.94,-158,5,0.08628849
42894.31139,34.95,-158,5,0.086137928
42894.30722,34.96,-158,5,0.081580214
42894.30653,34.96,-158,5,0.081580214
42894.30583,34.96,-158,5,0.078664084
42894.30514,34.96,-158,5,0.07871179
42894.30444,34.96,-158,5,0.096429634
42894.30375,34.96,-158,5,0.096429634
42894.30306,34.97,-158,5,0.08706591
42894.29472,34.98,-158,5,0.080026298
42894.29403,34.98,-158,5,0.080198408
42894.29333,34.98,-158,5,0.078098782
42894.29264,34.98,-158,5,0.078790944
42894.29056,34.99,-158,5,0.075707439
42894.28986,34.99,-158,5,0.075707439
42894.28917,34.99,-158,5,0.107262863
42894.28847,34.99,-158,5,0.080949729
42894.28778,34.99,-158,5,0.082365113
42894.28708,34.99,-158,5,0.082365113
42894.28639,34.99,-158,5,0.079379973
42894.28569,34.99,-158,5,0.083804335
42894.285,34.99,-158,5,0.083804335
42894.28431,35,-158,5,0.083768492
42894.28361,35,-158,5,0.091523955
42894.28292,35,-158,5,0.084171098
42894.28222,35,-158,5,0.084171098
42894.28153,35,-158,5,0.089618058
42894.28083,35,-158,5,0.081740888
42894.28014,35,-158,5,0.081383473
42894.27944,35,-158,5,0.075354311
42894.27875,35,-158,5,0.089312485
42894.27736,35.01,-158,5,0.079510424
42894.27667,35.01,-158,5,0.079510424
42894.27597,35.01,-158,5,0.083183621
42894.27528,35.01,-158,5,0.088472167
42894.27458,35.01,-158,5,0.085676973
42894.27389,35.01,-158,5,0.085676973
42894.2725,35.01,-158,5,0.075375406
42894.27181,35.02,-158,5,0.089229794
42894.27111,35.02,-158,5,0.089229794
42894.27042,35.02,-158,5,0.08653214
42894.26972,35.02,-158,5,0.08699742
42894.26903,35.02,-158,5,0.092178794
42894.26833,35.02,-158,5,0.090978236
42894.26764,35.02,-158,5,0.090978236
42894.26694,35.02,-158,5,0.102143175
42894.26625,35.02,-158,5,0.102367223
42894.26556,35.03,-158,5,0.102367223
42894.26486,35.03,-158,5,0.090494742
42894.26417,35.03,-158,5,0.095631952
42894.26347,35.03,-158,5,0.082935863
42894.26278,35.03,-158,5,0.087658444
42894.26208,35.03,-158,5,0.09494937
42894.25375,35.04,-158,5,0.078325773
42894.25306,35.05,-158,5,0.088185909
42894.25236,35.05,-158,5,0.075926248
42894.25167,35.05,-158,5,0.08405777
42894.25028,35.05,-158,5,0.079602416
42894.24958,35.05,-158,5,0.079602416
42894.24889,35.05,-158,5,0.076013556
42894.24819,35.05,-158,5,0.09732379
42894.2475,35.05,-158,5,0.0937167
42894.24542,35.06,-158,5,0.082686018
42894.24472,35.06,-158,5,0.082686018
42894.24333,35.06,-158,5,0.086695636
42894.24264,35.06,-158,5,0.09556413
42894.24194,35.06,-158,5,0.09556413
42894.24125,35.06,-158,5,0.086760074
42894.24056,35.07,-158,5,0.086760074
42894.23986,35.07,-158,5,0.083385341
42894.23917,35.07,-158,5,0.099401678
42894.23847,35.07,-158,5,0.106040218
42894.23708,35.07,-158,5,0.084773983
42894.23639,35.07,-158,5,0.087045635
42894.23569,35.07,-158,5,0.086432409
42894.235,35.08,-158,5,0.084656864
42894.23431,35.08,-158,5,0.084131082
42894.23361,35.08,-158,5,0.088506079
42894.23292,35.08,-158,5,0.089523166
42894.23222,35.08,-158,5,0.083212941
42894.23153,35.08,-158,5,0.083582933
42894.23083,35.08,-158,5,0.08619615
42894.23014,35.08,-158,5,0.092285181
42894.22944,35.08,-158,5,0.092606068
42894.22875,35.09,-158,5,0.092606068
42894.22806,35.09,-158,5,0.083883885
42894.22736,35.09,-158,5,0.10743919
42894.22667,35.09,-158,5,0.099530349
42894.22597,35.09,-158,5,0.099530349
42894.22528,35.09,-158,5,0.084074826
42894.22458,35.09,-158,5,0.111165502
42894.22389,35.09,-158,5,0.081343574
42894.22319,35.09,-158,5,0.095196753
42894.2225,35.1,-158,5,0.085886795
42894.22181,35.1,-158,5,0.085886795
42894.22111,35.1,-158,5,0.086552384
42894.22042,35.1,-158,5,0.086552384
42894.21278,35.11,-158,5,0.077523765
42894.21208,35.11,-158,5,0.089019597
42894.21139,35.11,-158,5,0.084641416
42894.21069,35.12,-158,5,0.084641416
42894.21,35.12,-158,5,0.075897886
42894.20792,35.12,-158,5,0.080620613
42894.20722,35.12,-158,5,0.084159078
42894.20653,35.12,-158,5,0.084159078
42894.20583,35.12,-157.99,5,0.07721368
42894.20514,35.12,-157.99,5,0.091075837
42894.20444,35.12,-157.99,5,0.091075837
42894.20306,35.13,-157.99,5,0.087574296
42894.20236,35.13,-157.99,5,0.081784367
42894.20167,35.13,-157.99,5,0.105031387
42894.20097,35.13,-157.99,5,0.105031387
42894.20028,35.13,-157.99,5,0.096994672
42894.19958,35.13,-157.99,5,0.105397534
42894.19889,35.13,-157.99,5,0.088055115
42894.19819,35.13,-157.99,5,0.088055115
42894.1975,35.14,-157.99,5,0.092242616
42894.19681,35.14,-157.99,5,0.092242616
42894.19611,35.14,-157.99,5,0.087336075
42894.19542,35.14,-157.99,5,0.096131949
42894.19472,35.14,-157.99,5,0.079879463
42894.19403,35.14,-157.99,5,0.081738661
42894.19333,35.14,-157.99,5,0.095120111
42894.19264,35.14,-157.99,5,0.095120111
42894.19194,35.14,-157.99,5,0.082887833
42894.19125,35.14,-157.99,5,0.082887833
42894.19056,35.15,-157.99,5,0.087263055
42894.18986,35.15,-157.99,5,0.086146114
42894.18917,35.15,-157.99,5,0.083235046
42894.18847,35.15,-157.99,5,0.087967261
42894.18778,35.15,-157.99,5,0.097997761
42894.18708,35.15,-157.99,5,0.097997761
42894.18639,35.15,-157.99,5,0.097716892
42894.18569,35.15,-157.99,5,0.085090981
42894.185,35.15,-157.99,5,0.085090981
42894.18431,35.16,-157.99,5,0.090840198
42894.18361,35.16,-157.99,5,0.090840198
42894.18292,35.16,-157.99,5,0.084459731
42894.18222,35.16,-157.99,5,0.087631717
42894.18153,35.16,-157.99,5,0.087631717
42894.18083,35.16,-157.99,5,0.077258852
42894.18014,35.16,-157.99,5,0.085223757
42894.17944,35.16,-157.99,5,0.085223757
42894.17181,35.17,-157.99,5,0.093781213
42894.17111,35.18,-157.99,5,0.101969195
42894.17042,35.18,-158,5,0.096573047
42894.16972,35.18,-158,5,0.08678007
42894.16903,35.18,-158,5,0.100743275
42894.16833,35.18,-158,5,0.102117665
42894.16764,35.18,-158,5,0.102117665
42894.16694,35.18,-158,5,0.09233507
42894.16625,35.18,-158,5,0.113424116
42894.16556,35.18,-158,5,0.09592075
42894.16486,35.18,-158,5,0.092612055
42894.16417,35.19,-158,5,0.106151863
42894.16347,35.19,-158,5,0.106151863
42894.16278,35.19,-158,5,0.089935718
42894.16208,35.19,-158,5,0.099238315
42894.16139,35.19,-158,5,0.077545747
42894.16069,35.19,-158,5,0.105216262
42894.16,35.19,-158,5,0.097475532
42894.15931,35.19,-158,5,0.099500607
42894.15861,35.19,-158,5,0.087787112
42894.15792,35.19,-158,5,0.094526414
42894.15722,35.2,-158,5,0.094526414
42894.15653,35.2,-158,5,0.113159536
42894.15583,35.2,-158,5,0.105066569
42894.15514,35.2,-158,5,0.114441544
42894.15444,35.2,-158,5,0.099346376
42894.15375,35.2,-158,5,0.099346376
42894.15306,35.2,-158,5,0.102892226
42894.15236,35.2,-158,5,0.141532373
42894.15167,35.2,-158,5,0.141532373
42894.15097,35.2,-158,5,0.105556884
42894.15028,35.21,-158,5,0.101223984
42894.14958,35.21,-158,5,0.099453287
42894.14889,35.21,-158,5,0.087101538
42894.14819,35.21,-158,5,0.109603442
42894.1475,35.21,-158,5,0.109603442
42894.14681,35.22,-158,5,0.116392798
42894.14611,35.22,-158,5,0.095464005
42894.14542,35.22,-158,5,0.101841539
42894.14472,35.22,-158,5,0.101841539
42894.14403,35.22,-158,5,0.097210425
42894.14333,35.23,-158,5,0.097432491
42894.14264,35.23,-158,5,0.097432491
42894.14194,35.23,-158,5,0.105713982
42894.14125,35.23,-158,5,0.091024983
42894.14056,35.23,-158,5,0.098005358
42894.13986,35.24,-158,5,0.106741875
42894.13917,35.24,-158,5,0.091707509
42894.13083,35.26,-158,5,0.097063032
42894.13014,35.26,-158,5,0.095051063
42894.12944,35.27,-158,5,0.104814506
42894.12875,35.27,-158,5,0.088660839
42894.12806,35.27,-158,5,0.098495924
42894.12736,35.27,-158,5,0.09988007
42894.12667,35.27,-158,5,0.09988007
42894.12597,35.28,-158,5,0.103297651
42894.12528,35.28,-158,5,0.103297651
42894.12458,35.28,-158,5,0.104614557
42894.12389,35.28,-158,5,0.104614557
42894.12319,35.28,-158,5,0.105814089
42894.1225,35.29,-158,5,0.096250739
42894.12181,35.29,-158,5,0.096703873
42894.12111,35.29,-158,5,0.092316479
42894.12042,35.29,-158,5,0.118098936
42894.11972,35.29,-158,5,0.118098936
42894.11903,35.3,-158,5,0.084581418
42894.11833,35.3,-158,5,0.094747366
42894.11764,35.3,-158,5,0.096880964
42894.11694,35.3,-158,5,0.096369727
42894.11625,35.3,-158,5,0.099699127
42894.11556,35.31,-158,5,0.094731333
42894.11486,35.31,-158,5,0.09676451
42894.11417,35.31,-158,5,0.102788968
42894.11347,35.31,-158,5,0.11638149
42894.11278,35.31,-158,5,0.089899953
42894.11208,35.32,-158,5,0.109742197
42894.11139,35.32,-158,5,0.109742197
42894.11069,35.32,-158,5,0.110890925
42894.11,35.32,-158,5,0.095552049
42894.10931,35.32,-158,5,0.103347062
42894.10861,35.33,-158,5,0.106334113
42894.10792,35.33,-158,5,0.103011765
42894.10722,35.33,-158,5,0.119950124
42894.10653,35.33,-158,5,0.111696978
42894.10583,35.33,-158,5,0.111696978
42894.10514,35.34,-158,5,0.122367074
42894.10444,35.34,-158,5,0.102727806
42894.10375,35.34,-158,5,0.109576719
42894.10306,35.34,-158,5,0.10893105
42894.10236,35.34,-158,5,0.102679241
42894.10167,35.35,-158,5,0.112320735
42894.10097,35.35,-158,5,0.099604456
42894.10028,35.35,-158,5,0.104746775
42894.09958,35.35,-158,5,0.108304803
42894.09889,35.35,-158,5,0.103510853
42894.09819,35.36,-158,5,0.105882008
42894.08986,35.38,-158,5,0.104490925
42894.08917,35.38,-158,5,0.105086693
42894.08847,35.38,-158,5,0.101162465
42894.08778,35.38,-158,5,0.101162465
42894.08708,35.39,-158,5,0.101823826
42894.08639,35.39,-158,5,0.101823826
42894.08569,35.39,-158,5,0.083557691
42894.085,35.39,-158,5,0.084284307
42894.08431,35.39,-158,5,0.10769782
42894.08361,35.4,-158,5,0.10769782
42894.08292,35.4,-158,5,0.10324398
42894.08222,35.4,-158,5,0.10324398
42894.08153,35.4,-158,5,0.10632387
42894.08083,35.4,-158,5,0.10504127
42894.08014,35.41,-158,5,0.099276797
42894.07944,35.41,-158,5,0.099276797
42894.07875,35.41,-158,5,0.109059877
42894.07806,35.41,-158,5,0.103041289
42894.07736,35.41,-158,5,0.103041289
42894.07667,35.42,-158,5,0.107425806
42894.07597,35.42,-158,5,0.094724959
42894.07528,35.42,-158,5,0.104368355
42894.07458,35.42,-158,5,0.104368355
42894.07389,35.42,-158,5,0.10866939
42894.07319,35.43,-158,5,0.10866939
42894.0725,35.43,-158,5,0.105152614
42894.07181,35.43,-158,5,0.105152614
42894.07111,35.43,-158,5,0.112481061
42894.07042,35.43,-158,5,0.11220416
42894.06972,35.44,-158,5,0.104447381
42894.06903,35.44,-158,5,0.104447381
42894.06833,35.44,-158,5,0.11192161
42894.06764,35.44,-158,5,0.100558796
42894.06694,35.44,-158,5,0.107889205
42894.06625,35.44,-158,5,0.107889205
42894.06556,35.45,-158,5,0.098647801
42894.06486,35.45,-158,5,0.096471265
42894.06417,35.45,-158,5,0.096471265
42894.06347,35.45,-158,5,0.113510621
42894.06278,35.45,-158,5,0.113510621
42894.06208,35.46,-158,5,0.118205684
42894.06139,35.46,-158,5,0.11031229
42894.06069,35.46,-158,5,0.11031229
42894.06,35.46,-158,5,0.090941877
42894.05931,35.46,-158,5,0.090941877
42894.05861,35.47,-158,5,0.109770906
42894.05792,35.47,-158,5,0.109770906
42894.05722,35.47,-158,5,0.106063858
42894.04889,35.49,-158,5,0.090738853
42894.04819,35.5,-158,5,0.099943007
42894.0475,35.5,-158,5,0.113511777
42894.04681,35.5,-158,5,0.105393166
42894.04611,35.5,-158,5,0.111997737
42894.04542,35.5,-158,5,0.10952825
42894.04472,35.5,-158,5,0.113715999
42894.04403,35.5,-158,5,0.111188121
42894.04333,35.5,-158,5,0.103353243
42894.04264,35.5,-158,5,0.111363382
42894.04194,35.5,-158,5,0.093145809
42894.04125,35.5,-158,5,0.102048489
42894.04056,35.5,-158,5,0.102901074
42894.03986,35.5,-158,5,0.099702335
42894.03917,35.5,-158,5,0.099702335
42894.03847,35.5,-158,5,0.110858805
42894.03778,35.5,-158,5,0.111942748
42894.03708,35.5,-158,5,0.107419879
42894.03639,35.5,-158,5,0.111375412
42894.03569,35.5,-158,5,0.093446661
42894.035,35.5,-158,5,0.116869299
42894.03431,35.5,-158,5,0.116869299
42894.03361,35.5,-158,5,0.10323713
42894.03292,35.5,-158,5,0.102401007
42894.03222,35.5,-158,5,0.093320231
42894.03153,35.5,-158,5,0.093320231
42894.03083,35.5,-158,5,0.075257691
42894.02944,35.5,-158,5,0.082766427
42894.02875,35.5,-158,5,0.082766427
42894.02806,35.5,-158,5,0.103137049
42894.02736,35.5,-158,5,0.09155363
42894.02667,35.5,-158,5,0.111274582
42894.02597,35.5,-158,5,0.092572805
42894.02528,35.5,-158,5,0.092572805
42894.02458,35.5,-158,5,0.102896898
42894.02389,35.5,-158,5,0.091376089
42894.02319,35.5,-158,5,0.144529065
42894.0225,35.5,-158,5,0.098964682
42894.02181,35.5,-158,5,0.114361427
42894.02111,35.5,-158,5,0.114361427
42894.02042,35.5,-158,5,0.0928442
42894.01972,35.5,-158,5,0.108295224
42894.01903,35.5,-158,5,0.098720923
42894.01833,35.5,-158,5,0.092650373
42894.01764,35.5,-158,5,0.100766703
42894.01694,35.5,-158,5,0.104994446
42894.01625,35.5,-158,5,0.134843298
42894.00722,35.5,-158,5,0.099262365
42894.00653,35.5,-158,5,0.107370809
42894.00583,35.5,-158,5,0.081454657
42894.00514,35.5,-158,5,0.098299029
42894.00444,35.5,-158,5,0.098299029
42894.00375,35.5,-158,5,0.084687567
42894.00306,35.5,-158,5,0.100342187
42894.00236,35.5,-158,5,0.100342187
42894.00167,35.5,-158,5,0.078743545
42894.00097,35.5,-158,5,0.086207704
42894.00028,35.5,-158,5,0.104421558
42893.99958,35.5,-158,5,0.104421558
42893.99889,35.5,-158,5,0.081082586
42893.99819,35.5,-158,5,0.087275746
42893.9975,35.5,-158,5,0.085863141
42893.99681,35.5,-158,5,0.101990568
42893.99611,35.5,-158,5,0.104430683
42893.99542,35.5,-158,5,0.115788124
42893.99472,35.5,-158,5,0.092723556
42893.99403,35.5,-158,5,0.103607878
42893.99333,35.5,-158,5,0.080406452
42893.99264,35.5,-158,5,0.098398672
42893.99194,35.5,-158,5,0.087269523
42893.99125,35.5,-158,5,0.077941893
42893.99056,35.5,-158,5,0.092124208
42893.98986,35.5,-158,5,0.091671775
42893.98917,35.5,-158,5,0.09589359
42893.98847,35.5,-158,5,0.099833299
42893.98778,35.5,-158,5,0.078765686
42893.98708,35.5,-158,5,0.085026655
42893.98639,35.5,-158,5,0.10596923
42893.98569,35.5,-158,5,0.107016165
42893.985,35.5,-158,5,0.117602735
42893.98431,35.5,-158,5,0.089675582
42893.98361,35.5,-158,5,0.089675582
42893.98292,35.5,-158,5,0.103493248
42893.98222,35.5,-158,5,0.088099427
42893.98153,35.5,-158,5,0.103283113
42893.98083,35.5,-158,5,0.103283113
42893.98014,35.5,-158,5,0.093478642
42893.97944,35.5,-158,5,0.108660033
42893.97875,35.5,-158,5,0.107233404
42893.97806,35.5,-158,5,0.099022996
42893.97736,35.5,-158,5,0.110055659
42893.97667,35.5,-158,5,0.109021754
42893.97597,35.5,-158,5,0.086534815
42893.97528,35.5,-158,5,0.126748627
42893.96694,35.5,-158,5,0.088001107
42893.96625,35.5,-158,5,0.104487254
42893.96556,35.5,-158,5,0.077803091
42893.96486,35.5,-158,5,0.085634879
42893.96417,35.5,-158,5,0.082619359
42893.96347,35.5,-158,5,0.086835355
42893.96278,35.5,-158,5,0.086523251
42893.96208,35.5,-158,5,0.086103485
42893.96139,35.5,-158,5,0.086103485
42893.96069,35.5,-158,5,0.077235763
42893.96,35.5,-158,5,0.080229235
42893.95931,35.5,-158,5,0.079887395
42893.95861,35.5,-158,5,0.081519332
42893.95792,35.5,-158,5,0.079613935
42893.95722,35.5,-158,5,0.083487621
42893.95583,35.5,-158,5,0.083595355
42893.95514,35.5,-158,5,0.095997311
42893.95444,35.5,-158,5,0.085510341
42893.95236,35.5,-158,5,0.07662682
42893.95167,35.5,-158,5,0.07662682
42893.95097,35.5,-158,5,0.088495312
42893.95028,35.5,-158,5,0.088495312
42893.94958,35.5,-158,5,0.081778824
42893.94889,35.5,-158,5,0.081778824
42893.94819,35.5,-158,5,0.076744655
42893.9475,35.5,-158,5,0.076744655
42893.94681,35.5,-158,5,0.089830406
42893.94611,35.5,-158,5,0.079031406
42893.94542,35.5,-158,5,0.079031406
42893.94403,35.5,-158,5,0.104803532
42893.94333,35.5,-158,5,0.082510211
42893.94264,35.5,-158,5,0.082510211
42893.94056,35.5,-158,5,0.093940101
42893.93986,35.5,-158,5,0.093940101
42893.93917,35.5,-158,5,0.083627074
42893.93847,35.5,-158,5,0.082807714
42893.93778,35.5,-158,5,0.076072482
42893.93708,35.5,-158,5,0.076072482
42893.93639,35.5,-158,5,0.07842001
42893.93569,35.5,-158,5,0.090684338
42893.93431,35.5,-158,5,0.087855588
42893.92597,35.5,-158,5,0.088119636
42893.92528,35.5,-158,5,0.088119636
42893.92389,35.5,-158,5,0.094266856
42893.92319,35.5,-158,5,0.094266856
42893.92181,35.5,-158,5,0.081849221
42893.92111,35.5,-158,5,0.078827067
42893.92042,35.5,-158,5,0.09539189
42893.91903,35.5,-158,5,0.091237209
42893.91833,35.5,-158,5,0.091127687
42893.91694,35.5,-158,5,0.101792752
42893.91625,35.5,-158,5,0.092875347
42893.91556,35.5,-158,5,0.082073274
42893.91486,35.5,-158,5,0.100818866
42893.91417,35.5,-158,5,0.076774993
42893.91347,35.5,-158,5,0.090255973
42893.91278,35.5,-158,5,0.089229086
42893.91208,35.5,-158,5,0.089922163
42893.91139,35.5,-158,5,0.104415373
42893.91069,35.5,-158,5,0.078507714
42893.91,35.5,-158,5,0.077435219
42893.90931,35.5,-158,5,0.077435219
42893.90861,35.5,-158,5,0.103491825
42893.90792,35.5,-158,5,0.075413612
42893.90722,35.5,-158,5,0.086829495
42893.90653,35.5,-158,5,0.086829495
42893.90583,35.5,-158,5,0.089719309
42893.90444,35.5,-158,5,0.101762834
42893.90375,35.5,-158,5,0.091070891
42893.90306,35.5,-158,5,0.091070891
42893.90236,35.5,-158,5,0.09505957
42893.90167,35.5,-158,5,0.10582679
42893.90097,35.5,-158,5,0.08346975
42893.8975,35.5,-158,5,0.093627025
42893.89611,35.5,-158,5,0.094698122
42893.89542,35.5,-158,5,0.10415942
42893.89472,35.5,-158,5,0.097864362
42893.885,35.5,-158,5,0.098321389
42893.88431,35.5,-158,5,0.092215356
42893.88361,35.5,-158,5,0.102330357
42893.88292,35.5,-158,5,0.097267458
42893.88222,35.5,-158,5,0.097267458
42893.88153,35.5,-158,5,0.091714854
42893.88083,35.5,-158,5,0.091714854
42893.88014,35.5,-158,5,0.096445404
42893.87944,35.5,-158,5,0.101859706
42893.87875,35.5,-158,5,0.101130441
42893.87806,35.5,-158,5,0.093807963
42893.87736,35.5,-158,5,0.09649248
42893.87667,35.5,-158,5,0.08017963
42893.87597,35.5,-158,5,0.086096919
42893.87528,35.5,-158,5,0.086096919
42893.87458,35.5,-158,5,0.102101957
42893.87389,35.5,-158,5,0.075876352
42893.87319,35.5,-158,5,0.08127704
42893.8725,35.5,-158,5,0.083514488
42893.87181,35.5,-158,5,0.102324813
42893.87111,35.5,-158,5,0.077208661
42893.87042,35.5,-158,5,0.09898001
42893.86972,35.5,-158,5,0.092088517
42893.86903,35.5,-158,5,0.100177637
42893.86833,35.5,-158,5,0.100177637
42893.86694,35.5,-158,5,0.092987871
42893.86625,35.5,-158,5,0.081711456
42893.86556,35.5,-158,5,0.075887021
42893.86486,35.5,-158,5,0.076012452
42893.86417,35.5,-158,5,0.096677804
42893.86347,35.5,-158,5,0.103740476
42893.86278,35.5,-158,5,0.076092491
42893.86208,35.5,-158,5,0.076092491
42893.86139,35.5,-158,5,0.105140313
42893.86069,35.5,-158,5,0.105140313
42893.85861,35.5,-158,5,0.078622136
42893.85792,35.5,-158,5,0.083936781
42893.85722,35.5,-158,5,0.081591608
42893.85583,35.5,-158,5,0.10319007
42893.85514,35.5,-158,5,0.092255733
42893.85444,35.5,-158,5,0.100791432
42893.85375,35.5,-158,5,0.078434952
42893.85306,35.5,-158,5,0.086178329
42893.85236,35.5,-158,5,0.102061298
42893.84403,35.5,-158,5,0.113198015
42893.84333,35.5,-158,5,0.133453673
42893.84264,35.5,-158,5,0.132146493
42893.84194,35.5,-158,5,0.119329487
42893.84125,35.5,-158,5,0.137941362
42893.84056,35.5,-158,5,0.137941362
42893.83986,35.5,-158,5,0.134112843
42893.83917,35.5,-158,5,0.134112843
42893.83847,35.5,-158,5,0.130911337
42893.83778,35.5,-158,5,0.106050174
42893.83708,35.5,-158,5,0.106050174
42893.83639,35.5,-158,5,0.107324828
42893.83569,35.5,-158,5,0.106045536
42893.835,35.5,-158,5,0.116105623
42893.83431,35.5,-158,5,0.116105623
42893.83361,35.5,-158,5,0.124307695
42893.83292,35.5,-158,5,0.087757256
42893.83222,35.5,-158,5,0.113696904
42893.83153,35.5,-158,5,0.113696904
42893.83083,35.5,-158,5,0.090210289
42893.83014,35.5,-158,5,0.135204706
42893.82944,35.5,-158,5,0.126768433
42893.82875,35.5,-158,5,0.110618138
42893.82806,35.5,-158,5,0.126523233
42893.82736,35.5,-158,5,0.129652246
42893.82667,35.5,-158,5,0.123132335
42893.82597,35.5,-158,5,0.123132335
42893.82528,35.5,-158,5,0.128188397
42893.82458,35.5,-158,5,0.125590281
42893.82389,35.5,-158,5,0.125590281
42893.82319,35.5,-158,5,0.120038632
42893.8225,35.5,-158,5,0.120038632
42893.82181,35.5,-158,5,0.103699765
42893.82111,35.5,-158,5,0.11766871
42893.82042,35.5,-158,5,0.131530359
42893.81972,35.5,-158,5,0.127987964
42893.81903,35.5,-158,5,0.127987964
42893.81833,35.5,-158,5,0.132579915
42893.81764,35.5,-158,5,0.11918369
42893.81694,35.5,-158,5,0.11918369
42893.81625,35.51,-158,5,0.103311964
42893.81556,35.51,-158,5,0.107603196
42893.81486,35.51,-158,5,0.112380328
42893.81417,35.51,-158,5,0.113794276
42893.81347,35.51,-158,5,0.121230109
42893.81278,35.52,-158,5,0.121230109
42893.81208,35.52,-158,5,0.125547233
42893.81139,35.52,-158,5,0.11070484
42893.80236,35.56,-158,5,0.075612608
42893.80167,35.56,-158,5,0.087594387
42893.80097,35.57,-158,5,0.080463841
42893.80028,35.57,-158,5,0.100806296
42893.79958,35.57,-158,5,0.08783211
42893.79889,35.58,-158,5,0.08783211
42893.79611,35.59,-158,5,0.080006129
42893.79403,35.6,-158,5,0.085901721
42893.79333,35.6,-158,5,0.090520823
42893.79264,35.6,-158,5,0.078751091
42893.79194,35.61,-158,5,0.078751091
42893.79056,35.61,-158,5,0.077560401
42893.78986,35.62,-158,5,0.083185176
42893.78778,35.62,-158,5,0.081287077
42893.785,35.64,-158,5,0.08489179
42893.78431,35.64,-158,5,0.0885672
42893.78222,35.65,-158,5,0.088535057
42893.78153,35.65,-158,5,0.09402528
42893.78014,35.66,-158,5,0.086886033
42893.77944,35.66,-158,5,0.081492945
42893.77806,35.67,-158,5,0.084114079
42893.77667,35.67,-158,5,0.087080819
42893.77528,35.68,-158,5,0.083712039
42893.77458,35.68,-158,5,0.106006565
42893.77389,35.68,-158,5,0.092301823
42893.77319,35.69,-158,5,0.092301823
42893.7725,35.69,-158,5,0.099520224
42893.77181,35.69,-158,5,0.079251112
42893.77111,35.7,-158,5,0.099313002
42893.77042,35.7,-158,5,0.080415303
42893.76208,35.73,-158,5,0.095787666
42893.76139,35.74,-158,5,0.079965813
42893.76069,35.74,-158,5,0.089522987
42893.76,35.74,-158,5,0.089522987
42893.75931,35.75,-158,5,0.0900478
42893.75653,35.76,-158,5,0.077899653
42893.75583,35.76,-158,5,0.083668507
42893.75514,35.77,-158,5,0.087041415
42893.75444,35.77,-158,5,0.079267786
42893.75375,35.77,-158,5,0.079241607
42893.75236,35.78,-158,5,0.096396757
42893.75167,35.78,-158,5,0.096396757
42893.75028,35.79,-158,5,0.093721228
42893.74958,35.79,-158,5,0.090659368
42893.74889,35.79,-158,5,0.092102585
42893.74819,35.8,-158,5,0.094440214
42893.7475,35.8,-158,5,0.078906029
42893.74611,35.8,-158,5,0.089140653
42893.74542,35.81,-158,5,0.09327229
42893.74472,35.81,-158,5,0.080440086
42893.74403,35.81,-158,5,0.083845482
42893.74333,35.82,-158,5,0.087793085
42893.74264,35.82,-158,5,0.120704531
42893.74194,35.82,-158,5,0.0848346
42893.74125,35.83,-158,5,0.102929372
42893.74056,35.83,-158,5,0.077992209
42893.73986,35.83,-158,5,0.0922286
42893.73917,35.83,-158,5,0.079558633
42893.73847,35.84,-158,5,0.103833314
42893.73778,35.84,-158,5,0.07645853
42893.73708,35.84,-158,5,0.09975119
42893.73639,35.85,-158,5,0.09975119
42893.73569,35.85,-158,5,0.092528177
42893.735,35.85,-158,5,0.078939127
42893.73361,35.86,-158,5,0.098172063
42893.73292,35.86,-158,5,0.103192553
42893.73222,35.87,-158,5,0.092893671
42893.73153,35.87,-158,5,0.099381124
42893.73083,35.87,-158,5,0.084058447
42893.72944,35.88,-158,5,0.12964825
42893.72111,35.91,-158,5,0.085799419
42893.72042,35.91,-158,5,0.094463975
42893.71972,35.91,-158,5,0.085828795
42893.71903,35.92,-158,5,0.105088547
42893.71833,35.92,-158,5,0.105088547
42893.71764,35.92,-158,5,0.077619073
42893.71694,35.92,-158,5,0.077619073
42893.71556,35.93,-158,5,0.083802151
42893.71486,35.93,-158,5,0.085275431
42893.71417,35.94,-158,5,0.110425935
42893.71347,35.94,-158,5,0.085065164
42893.71278,35.94,-158,5,0.103194033
42893.71208,35.94,-158,5,0.103194033
42893.71139,35.95,-158,5,0.089738147
42893.71069,35.95,-158,5,0.089738147
42893.71,35.95,-158,5,0.095711632
42893.70931,35.95,-158,5,0.08631084
42893.70861,35.96,-158,5,0.108568884
42893.70792,35.96,-158,5,0.077238659
42893.70722,35.96,-158,5,0.085105003
42893.70653,35.96,-158,5,0.085105003
42893.70583,35.97,-158,5,0.091065587
42893.70444,35.97,-158,5,0.086675791
42893.70375,35.97,-158,5,0.086675791
42893.70306,35.98,-158,5,0.104615198
42893.70236,35.98,-158,5,0.083456793
42893.70167,35.98,-158,5,0.083456793
42893.70028,35.99,-158,5,0.094130386
42893.69958,35.99,-158,5,0.094130386
42893.69819,36,-158,5,0.088940578
42893.6975,36,-158,5,0.091211846
42893.69681,36,-158,5,0.083501843
42893.69611,36,-158,5,0.084840182
42893.69542,36,-158,5,0.084788637
42893.69472,36,-158,5,0.093483331
42893.69403,36,-158,5,0.093483331
42893.69264,36,-158,5,0.085193568
42893.69194,36,-158,5,0.085193568
42893.69125,36,-158,5,0.077668862
42893.69056,36,-158,5,0.106850913
42893.68986,36,-158,5,0.093626651
42893.68917,36,-158,5,0.093626651
42893.68847,36,-158,5,0.095734593
42893.67875,36,-158,5,0.08867808
42893.67806,36,-158,5,0.080205083
42893.67667,36,-158,5,0.081222687
42893.67597,36,-158,5,0.077200552
42893.67528,36,-158,5,0.102203422
42893.67458,36,-158,5,0.103150833
42893.67389,36,-158,5,0.079978591
42893.67181,36,-158,5,0.085618913
42893.66972,36,-158,5,0.077602121
42893.66903,36,-158,5,0.087361804
42893.66833,36,-158,5,0.101214105
42893.66764,36,-158,5,0.080948845
42893.66694,36,-158,5,0.089657809
42893.66625,36,-158,5,0.097920278
42893.66417,36,-158,5,0.09077565
42893.66347,36,-158,5,0.09077565
42893.66208,36,-158,5,0.080720763
42893.66139,36,-158,5,0.075095659
42893.66069,36,-158,5,0.091778106
42893.66,36,-158,5,0.084566939
42893.65792,36,-158,5,0.075802315
42893.65722,36,-158,5,0.113496056
42893.65653,36,-158,5,0.088590149
42893.65514,36,-158,5,0.088321183
42893.65444,36,-158,5,0.088952156
42893.65375,36,-158,5,0.092965591
42893.65306,36,-158,5,0.088913711
42893.65236,36,-158,5,0.107573461
42893.65028,36,-158,5,0.087309624
42893.64958,36,-158,5,0.095326001
42893.64889,36,-158,5,0.079740745
42893.64819,36,-158,5,0.087991123
42893.6475,36,-158,5,0.087991123
42893.63917,36,-158,5,0.130866951
42893.63847,36,-158,5,0.130866951
42893.63778,36,-158,5,0.133385438
42893.63708,36,-158,5,0.132980725
42893.63639,36,-158,5,0.132980725
42893.63569,36,-158,5,0.158938748
42893.635,36,-158,5,0.147896513
42893.63431,36,-158,5,0.147896513
42893.63361,36,-158,5,0.14437903
42893.63292,36,-158,5,0.134333909
42893.63222,36,-158,5,0.112911657
42893.63153,36,-158,5,0.138221433
42893.63083,36,-158,5,0.138221433
42893.63014,36,-158,5,0.131362051
42893.62944,36,-158,5,0.146406061
42893.62875,36,-158,5,0.140567818
42893.62806,36,-158,5,0.075066822
42893.62736,36,-158,5,0.078964143
42893.62667,36,-158,5,0.087467579
42893.62597,36,-158,5,0.093048392
42893.62528,36,-158,5,0.107714461
42893.62458,36,-158,5,0.11083592
42893.62389,36,-158,5,0.11083592
42893.62319,36,-158,5,0.10240195
42893.6225,36,-158,5,0.095500284
42893.62181,36,-158,5,0.116163215
42893.62111,36,-158,5,0.111311794
42893.62042,36,-158,5,0.088961468
42893.61972,36,-158,5,0.088961468
42893.61903,36,-158,5,0.105303908
42893.61833,36,-158,5,0.113771944
42893.61764,36,-158,5,0.135730115
42893.61694,36,-158,5,0.133741843
42893.61625,36,-158,5,0.133741843
42893.61556,36,-158,5,0.139125972
42893.61486,36,-158,5,0.095117107
42893.61417,36,-158,5,0.146539444
42893.61347,36,-158,5,0.08168179
42893.60931,36,-158,5,0.09267776
42893.60861,36,-158,5,0.108559747
42893.60792,36,-158,5,0.103254316
42893.60722,36,-158,5,0.098197855
42893.60653,36,-158,5,0.089365724
42893.59819,36,-158,5,0.09782431
42893.5975,36,-158,5,0.096621463
42893.59681,36,-158,5,0.096099323
42893.59611,36,-158,5,0.088933625
42893.59542,36,-158,5,0.109117478
42893.59472,36,-158,5,0.109117478
42893.59403,36,-158,5,0.108907365
42893.59333,36,-158,5,0.117360429
42893.59264,36,-158,5,0.120601501
42893.59194,36,-158,5,0.120601501
42893.59125,36,-158,5,0.115294867
42893.59056,36,-158,5,0.120414847
42893.58986,36,-158,5,0.120414847
42893.58917,36,-158,5,0.115500844
42893.58847,36,-158,5,0.09539817
42893.58778,36,-158,5,0.10149529
42893.58708,36,-158,5,0.10651956
42893.58639,36,-158,5,0.128993326
42893.58569,36,-158,5,0.128993326
42893.585,36,-158,5,0.134919896
42893.58431,36,-158,5,0.126118906
42893.58361,36,-158,5,0.097402006
42893.58292,36,-158,5,0.097402006
42893.58222,36,-158,5,0.105793926
42893.58153,36,-158,5,0.112769817
42893.58083,36,-158,5,0.096632962
42893.58014,36,-158,5,0.116843058
42893.57944,36,-158,5,0.109316712
42893.57875,36,-158,5,0.118563845
42893.57806,36,-158,5,0.110041969
42893.57736,36,-158,5,0.129284003
42893.57667,36,-158,5,0.114451537
42893.57597,36,-158,5,0.114451537
42893.57528,36,-158,5,0.125564914
42893.57458,36,-158,5,0.125564914
42893.57389,36,-158,5,0.129321778
42893.57319,36,-158,5,0.115954176
42893.5725,36,-158,5,0.156989664
42893.57181,36,-158,5,0.129499372
42893.57111,36,-158,5,0.14863392
42893.57042,36,-158,5,0.14863392
42893.56972,36,-158,5,0.125495477
42893.56903,36,-158,5,0.12539268
42893.56833,36,-158,5,0.12539268
42893.56764,36,-158,5,0.123050195
42893.56694,36,-158,5,0.136715827
42893.56625,36,-158,5,0.136715827
42893.56556,36,-158,5,0.132615192
42893.55722,36,-158,5,0.100988945
42893.55653,36,-158,5,0.109351731
42893.55583,36,-158,5,0.108127623
42893.55514,36,-158,5,0.108127623
42893.55444,36,-158,5,0.131238587
42893.55375,36,-158,5,0.123503827
42893.55306,36,-158,5,0.113690949
42893.55236,36,-158,5,0.139960569
42893.55167,36,-158,5,0.130131915
42893.55097,36,-158,5,0.127302022
42893.55028,36,-158,5,0.121745239
42893.54958,36,-158,5,0.121745239
42893.54889,36,-158,5,0.113758808
42893.54819,36,-158,5,0.119133172
42893.5475,36,-158,5,0.107155045
42893.54681,36,-158,5,0.10008251
42893.54611,36,-158,5,0.10008251
42893.54542,36,-158,5,0.120051757
42893.54472,36,-158,5,0.120051757
42893.54403,36,-158,5,0.13077107
42893.54333,36,-158,5,0.13077107
42893.54264,36,-158,5,0.115444882
42893.54194,36,-158,5,0.113740238
42893.54125,36,-158,5,0.113740238
42893.54056,36,-158,5,0.128106427
42893.53986,36,-158,5,0.113995448
42893.53917,36,-158,5,0.138529328
42893.53847,36,-158,5,0.138529328
42893.53778,36,-158,5,0.127792194
42893.53708,36,-158,5,0.127792194
42893.53639,36,-158,5,0.118709741
42893.53569,36,-158,5,0.118709741
42893.535,36,-158,5,0.125926489
42893.53431,36,-158,5,0.125376492
42893.53361,36,-158,5,0.13146805
42893.53292,36,-158,5,0.125487859
42893.53222,36,-158,5,0.12009191
42893.53153,36,-158,5,0.12009191
42893.53083,36,-158,5,0.118180247
42893.53014,36,-158,5,0.118180247
42893.52944,36,-158,5,0.136387095
42893.52875,36,-158,5,0.136387095
42893.52806,36,-158,5,0.130444401
42893.52736,36,-158,5,0.130444401
42893.52667,36,-158,5,0.120370716
42893.52597,36,-158,5,0.120370716
42893.52528,36,-158,5,0.126296854
42893.52458,36,-158,5,0.127426587
42893.51625,36,-158,5,0.132358208
42893.51556,36,-158,5,0.132358208
42893.51486,36,-158,5,0.122999888
42893.51417,36,-158,5,0.124984844
42893.51347,36,-158,5,0.130311397
42893.51278,36,-158,5,0.130311397
42893.51208,36,-158,5,0.1328889
42893.51139,36,-158,5,0.1328889
42893.51069,36,-158,5,0.123207109
42893.51,36,-158,5,0.118899966
42893.50931,36,-158,5,0.118899966
42893.50861,36,-158,5,0.087020775
42893.50792,36,-158,5,0.114982949
42893.50722,36,-158,5,0.12243355
42893.50653,36,-158,5,0.124088898
42893.50583,36,-158,5,0.126609244
42893.50514,36,-158,5,0.12959618
42893.50444,36,-158,5,0.134555008
42893.50375,36,-158,5,0.131482872
42893.50306,36,-158,5,0.104933429
42893.50236,36,-158,5,0.114968466
42893.50167,36,-158,5,0.113329158
42893.50097,36,-158,5,0.10025009
42893.50028,36,-158,5,0.102168655
42893.49958,36,-158,5,0.125816991
42893.49889,36,-158,5,0.120590832
42893.49819,36,-158,5,0.120590832
42893.4975,36,-158,5,0.121615583
42893.49681,36,-158,5,0.108697767
42893.49611,36,-158,5,0.13285028
42893.49542,36,-158,5,0.10611744
42893.49472,36,-158,5,0.107124847
42893.49403,36,-158,5,0.111424716
42893.49333,36,-158,5,0.117133975
42893.49264,36,-158,5,0.1158777
42893.49194,36,-158,5,0.121791384
42893.49125,36,-158,5,0.116384412
42893.49056,36,-158,5,0.119641661
42893.48986,36,-158,5,0.10121109
42893.48917,36,-158,5,0.116978448
42893.48847,36,-158,5,0.120794039
42893.48778,36,-158,5,0.122553245
42893.48708,36,-158,5,0.122553245
42893.48639,36,-158,5,0.116744889
42893.48569,36,-158,5,0.118355415
42893.485,36,-158,5,0.117110029
42893.48431,36,-158,5,0.117110029
42893.48361,36,-158,5,0.112194825
42893.47528,36,-158,5,0.115974872
42893.47458,36,-158,5,0.115974872
42893.47389,36,-158,5,0.147617363
42893.47319,36,-158,5,0.107593065
42893.4725,36,-158,5,0.127606235
42893.47181,36,-158,5,0.115416869
42893.47111,36,-158,5,0.115416869
42893.47042,36,-158,5,0.124073441
42893.46972,36,-158,5,0.12786258
42893.46903,36,-158,5,0.134910993
42893.46833,36,-158,5,0.115697025
42893.46764,36,-158,5,0.115697025
42893.46694,36,-158,5,0.118042248
42893.46625,36,-158,5,0.118042248
42893.46556,36,-158,5,0.109208317
42893.46486,36,-158,5,0.136903826
42893.46417,36,-158,5,0.125959478
42893.46347,36,-158,5,0.137652822
42893.46278,36,-158,5,0.110793128
42893.46208,36,-158,5,0.124641386
42893.46139,36,-158,5,0.125265167
42893.46069,36,-158,5,0.112847998
42893.46,36,-158,5,0.13383356
42893.45931,36,-158,5,0.126092675
42893.45861,36,-158,5,0.127092466
42893.45792,36,-158,5,0.140956857
42893.45722,36,-158,5,0.139903306
42893.45653,36,-158,5,0.113387678
42893.45583,36,-158,5,0.140230723
42893.45514,36,-158,5,0.126395425
42893.45444,36,-158,5,0.134009792
42893.45375,36,-158,5,0.134009792
42893.45306,36,-158,5,0.138966033
42893.45236,36,-158,5,0.130495159
42893.45167,36,-158,5,0.134905324
42893.45097,36,-158,5,0.122023011
42893.45028,36,-158,5,0.129035009
42893.44958,36,-158,5,0.123094807
42893.44889,36,-158,5,0.130134555
42893.44819,36,-158,5,0.121550232
42893.4475,36,-158,5,0.121550232
42893.44681,36,-158,5,0.12087978
42893.44611,36,-158,5,0.12087978
42893.44542,36,-158,5,0.128733199
42893.44472,36,-158,5,0.137527674
42893.44403,36,-158,5,0.128376078
42893.44333,36,-158,5,0.133072191
42893.44264,36,-158,5,0.138219969
42893.44194,36,-158,5,0.138219969
42893.43431,36,-158,5,0.110346582
42893.43361,36,-158,5,0.122234216
42893.43292,36,-158,5,0.140755338
42893.43222,36,-158,5,0.140755338
42893.43153,36,-158,5,0.130910901
42893.43083,36,-158,5,0.148363113
42893.43014,36,-158,5,0.148363113
42893.42944,36,-158,5,0.142512688
42893.42875,36,-158,5,0.133920145
42893.42806,36,-158,5,0.139866869
42893.42736,36,-158,5,0.116730714
42893.42667,36,-158,5,0.131033259
42893.42597,36,-158,5,0.128873321
42893.42528,36,-158,5,0.137237541
42893.42458,36,-158,5,0.137237541
42893.42389,36,-158,5,0.115091734
42893.42319,36,-158,5,0.130671033
42893.4225,36,-158,5,0.130671033
42893.42181,36,-158,5,0.128334627
42893.42111,36,-158,5,0.126086058
42893.42042,36,-158,5,0.134929063
42893.41972,36,-158,5,0.133270974
42893.41903,36,-158,5,0.148508186
42893.41833,36,-158,5,0.148508186
42893.41764,36,-158,5,0.13056724
42893.41694,36,-158,5,0.13056724
42893.41625,36,-158,5,0.123075746
42893.41556,36,-158,5,0.123075746
42893.41486,36,-158,5,0.131276386
42893.41417,36,-158,5,0.131276386
42893.41347,36,-158,5,0.125017959
42893.41278,36,-158,5,0.125017959
42893.41208,36,-158,5,0.127148117
42893.41139,36,-158,5,0.139763711
42893.41069,36,-158,5,0.134701127
42893.41,36,-158,5,0.134701127
42893.40931,36,-158,5,0.131833183
42893.40861,36,-158,5,0.131833183
42893.40792,36,-158,5,0.124244888
42893.40722,36,-158,5,0.124244888
42893.40653,36,-158,5,0.1502593
42893.40583,36,-158,5,0.125643742
42893.40514,36,-158,5,0.125643742
42893.40444,36,-158,5,0.154758969
42893.40375,36,-158,5,0.13186446
42893.40306,36,-158,5,0.13186446
42893.40236,36,-158,5,0.146297557
42893.40167,36,-158,5,0.147402789
42893.39333,36,-158,5,0.119079017
42893.39264,36,-158,5,0.133359749
42893.39194,36,-158,5,0.1289335
42893.39125,36,-158,5,0.128322382
42893.39056,36,-158,5,0.13607073
42893.38986,36,-158,5,0.133007567
42893.38917,36,-158,5,0.111827699
42893.38847,36,-158,5,0.116425195
42893.38778,36,-158,5,0.119086955
42893.38708,36,-158,5,0.116641423
42893.38639,36,-158,5,0.112917382
42893.38569,36,-158,5,0.112917382
42893.385,36,-158,5,0.10487085
42893.38431,36,-158,5,0.126286661
42893.38361,36,-158,5,0.147879826
42893.38292,36,-158,5,0.123201652
42893.38222,36,-158,5,0.109060203
42893.38153,36,-158,5,0.101902942
42893.38083,36,-158,5,0.138694963
42893.38014,36,-158,5,0.107219611
42893.37944,36,-158,5,0.126186302
42893.37875,36,-158,5,0.12877092
42893.37806,36,-158,5,0.135544065
42893.37736,36,-158,5,0.135472789
42893.37667,36,-158,5,0.114733589
42893.37597,36,-158,5,0.114733589
42893.37528,36,-158,5,0.112327034
42893.37458,36,-158,5,0.120707657
42893.37389,36,-158,5,0.115749679
42893.37319,36,-158,5,0.12147938
42893.3725,36,-158,5,0.168259471
42893.37181,36,-158,5,0.131199782
42893.37111,36,-158,5,0.131072462
42893.37042,36,-158,5,0.131177637
42893.36972,36,-158,5,0.15373499
42893.36903,36,-158,5,0.127483595
42893.36833,36,-158,5,0.126370307
42893.36764,36,-158,5,0.129835301
42893.36694,36,-158,5,0.122051361
42893.36625,35.99,-158,5,0.118930782
42893.36556,35.99,-158,5,0.119426227
42893.36486,35.99,-158,5,0.126489089
42893.36417,35.99,-158,5,0.124788873
42893.36347,35.99,-158,5,0.137582562
42893.36278,35.98,-158,5,0.135230855
42893.36208,35.98,-158,5,0.112255268
42893.36139,35.98,-158,5,0.128334319
42893.36069,35.98,-158,5,0.128414645
42893.35236,35.94,-158,5,0.123991155
42893.35167,35.94,-158,5,0.158355355
42893.35097,35.94,-158,5,0.134918292
42893.35028,35.94,-158,5,0.134918292
42893.34958,35.93,-158,5,0.138359404
42893.34889,35.93,-158,5,0.143633965
42893.34819,35.93,-158,5,0.143633965
42893.3475,35.93,-158,5,0.150246649
42893.34681,35.92,-158,5,0.153403362
42893.34611,35.92,-158,5,0.172048099
42893.34542,35.92,-158,5,0.141504493
42893.34472,35.91,-158,5,0.142441029
42893.34403,35.91,-158,5,0.118539795
42893.34333,35.91,-158,5,0.134642153
42893.34264,35.91,-158,5,0.134642153
42893.34194,35.9,-158,5,0.146410602
42893.34125,35.9,-158,5,0.124778022
42893.34056,35.9,-158,5,0.134347893
42893.33986,35.9,-158,5,0.134347893
42893.33917,35.89,-158,5,0.144382282
42893.33847,35.89,-158,5,0.144382282
42893.33778,35.89,-158,5,0.148551703
42893.33708,35.88,-158,5,0.135570934
42893.33639,35.88,-158,5,0.16211731
42893.33569,35.88,-158,5,0.131642961
42893.335,35.88,-158,5,0.135878115
42893.33431,35.87,-158,5,0.132087722
42893.33361,35.87,-158,5,0.153622599
42893.33292,35.87,-158,5,0.157710334
42893.33222,35.87,-158,5,0.1444276
42893.33153,35.86,-158,5,0.158465302
42893.33083,35.86,-158,5,0.145091778
42893.33014,35.86,-158,5,0.152869836
42893.32944,35.85,-158,5,0.127647851
42893.32875,35.85,-158,5,0.144784235
42893.32806,35.85,-158,5,0.147824806
42893.32736,35.85,-158,5,0.171704224
42893.32667,35.84,-158,5,0.164893929
42893.32597,35.84,-158,5,0.149737931
42893.32528,35.84,-158,5,0.153617101
42893.32458,35.84,-158,5,0.153617101
42893.32389,35.83,-158,5,0.128184633
42893.32319,35.83,-158,5,0.136321303
42893.3225,35.83,-158,5,0.119780922
42893.32181,35.83,-158,5,0.123455363
42893.32111,35.82,-158,5,0.124468076
42893.32042,35.82,-158,5,0.110480115
42893.31972,35.82,-158,5,0.117366132
42893.31139,35.78,-158,5,0.138073095
42893.31069,35.78,-158,5,0.16525444
42893.31,35.78,-158,5,0.149016049
42893.30931,35.78,-158,5,0.148911846
42893.30861,35.77,-158,5,0.141422106
42893.30792,35.77,-158,5,0.153047968
42893.30722,35.77,-158,5,0.146358811
42893.30653,35.77,-158,5,0.170636245
42893.30583,35.76,-158,5,0.162988217
42893.30514,35.76,-158,5,0.162546689
42893.30444,35.76,-158,5,0.162546689
42893.30375,35.75,-158,5,0.176668291
42893.30306,35.75,-158,5,0.170751094
42893.30236,35.75,-158,5,0.145215786
42893.30167,35.75,-158,5,0.15510924
42893.30097,35.74,-158,5,0.135531315
42893.30028,35.74,-158,5,0.154727181
42893.29958,35.74,-158,5,0.131791656
42893.29889,35.73,-158,5,0.167747999
42893.29819,35.73,-158,5,0.177522675
42893.2975,35.73,-158,5,0.149148232
42893.29681,35.73,-158,5,0.153826907
42893.29611,35.72,-158,5,0.143766678
42893.29542,35.72,-158,5,0.176311757
42893.29472,35.72,-158,5,0.192338566
42893.29403,35.72,-158,5,0.148972821
42893.29333,35.71,-158,5,0.19431728
42893.29264,35.71,-158,5,0.180065924
42893.29194,35.71,-158,5,0.173578406
42893.29125,35.7,-158,5,0.15054605
42893.29056,35.7,-158,5,0.165232203
42893.28986,35.7,-158,5,0.117605616
42893.28917,35.7,-158,5,0.158692407
42893.28847,35.69,-158,5,0.13936944
42893.28778,35.69,-158,5,0.158180527
42893.28708,35.69,-158,5,0.129736305
42893.28639,35.69,-158,5,0.078284537
42893.28569,35.68,-158,5,0.140097242
42893.285,35.68,-158,5,0.127975516
42893.28431,35.68,-158,5,0.136467618
42893.28361,35.67,-158,5,0.134606935
42893.28292,35.67,-158,5,0.137715581
42893.28222,35.67,-158,5,0.1352734
42893.28153,35.67,-158,5,0.141481621
42893.28083,35.66,-158,5,0.153704218
42893.28014,35.66,-158,5,0.125374414
42893.27944,35.66,-158,5,0.160491512
42893.27875,35.66,-158,5,0.142140848
42893.27042,35.62,-158,5,0.149206062
42893.26972,35.62,-158,5,0.10521705
42893.26903,35.62,-158,5,0.138396091
42893.26833,35.61,-158,5,0.113389273
42893.26764,35.61,-158,5,0.142823871
42893.26625,35.61,-158,5,0.13154496
42893.26556,35.6,-158,5,0.140838459
42893.26486,35.6,-158,5,0.103929381
42893.26417,35.6,-158,5,0.126483206
42893.26347,35.6,-158,5,0.127059534
42893.26278,35.59,-158,5,0.129455824
42893.26208,35.59,-158,5,0.121311812
42893.26139,35.59,-158,5,0.145821145
42893.26069,35.58,-158,5,0.135604225
42893.26,35.58,-158,5,0.114174125
42893.25931,35.58,-158,5,0.128939052
42893.25861,35.58,-158,5,0.121922378
42893.25792,35.57,-158,5,0.162429863
42893.25722,35.57,-158,5,0.11911096
42893.25653,35.57,-158,5,0.106720352
42893.25583,35.57,-158,5,0.13209798
42893.25514,35.56,-158,5,0.124092793
42893.25444,35.56,-158,5,0.126691037
42893.25375,35.56,-158,5,0.120737046
42893.25306,35.56,-158,5,0.137867013
42893.25236,35.56,-158,5,0.131058461
42893.25167,35.56,-158,5,0.109251899
42893.25097,35.56,-158,5,0.115478528
42893.25028,35.56,-158,5,0.125847473
42893.24958,35.57,-158,5,0.112280242
42893.24889,35.57,-158,5,0.107750837
42893.24819,35.57,-158,5,0.124289042
42893.2475,35.57,-158,5,0.13235801
42893.24681,35.58,-158,5,0.131071842
42893.24611,35.58,-158,5,0.136876048
42893.24542,35.58,-158,5,0.104828473
42893.24472,35.58,-158,5,0.138080599
42893.24403,35.59,-158,5,0.135442025
42893.24333,35.59,-158,5,0.107175268
42893.24264,35.59,-158,5,0.125718124
42893.24194,35.6,-158,5,0.114343757
42893.24125,35.6,-158,5,0.134706269
42893.24056,35.6,-158,5,0.124835205
42893.23986,35.6,-158,5,0.11224378
42893.23917,35.61,-158,5,0.113492117
42893.23847,35.61,-158,5,0.101288448
42893.23778,35.61,-158,5,0.146627302
42893.22944,35.64,-158,5,0.133153408
42893.22875,35.65,-158,5,0.173402933
42893.22806,35.65,-158,5,0.166373009
42893.22736,35.65,-158,5,0.177148068
42893.22667,35.66,-158,5,0.179416753
42893.22597,35.66,-158,5,0.155012815
42893.22528,35.66,-158,5,0.179171529
42893.22458,35.66,-158,5,0.179171529
42893.22389,35.67,-158,5,0.149141749
42893.22319,35.67,-158,5,0.149141749
42893.2225,35.67,-158,5,0.187450587
42893.22181,35.67,-158,5,0.189933718
42893.22111,35.68,-158,5,0.178479451
42893.22042,35.68,-158,5,0.154390323
42893.21972,35.68,-158,5,0.165284219
42893.21903,35.69,-158,5,0.165284219
42893.21833,35.69,-158,5,0.146270438
42893.21764,35.69,-158,5,0.162288033
42893.21694,35.69,-158,5,0.156016732
42893.21625,35.7,-158,5,0.156016732
42893.21556,35.7,-158,5,0.168814538
42893.21139,35.72,-158,5,0.175557802
42893.21069,35.72,-158,5,0.148606339
42893.21,35.72,-158,5,0.174536075
42893.20931,35.73,-158,5,0.174391584
42893.20861,35.73,-158,5,0.172989884
42893.20792,35.73,-158,5,0.191330767
42893.20722,35.74,-158,5,0.178276654
42893.20653,35.74,-158,5,0.169519023
42893.20583,35.74,-158,5,0.153572427
42893.20514,35.74,-158,5,0.1715376
42893.20444,35.75,-158,5,0.171802795
42893.20375,35.75,-158,5,0.17576822
42893.20306,35.75,-158,5,0.178514642
42893.20236,35.76,-158,5,0.183514438
42893.20167,35.76,-158,5,0.183514438
42893.20097,35.76,-158,5,0.164062217
42893.20028,35.76,-158,5,0.164062217
42893.19958,35.77,-158,5,0.167832704
42893.19889,35.77,-158,5,0.167832704
42893.19819,35.77,-158,5,0.182084347
42893.1975,35.78,-158,5,0.182084347
42893.19681,35.78,-158,5,0.167793625
42893.19611,35.78,-158,5,0.167793625
42893.18847,35.82,-158,5,0.201467846
42893.18778,35.82,-158,5,0.201467846
42893.18708,35.82,-158,5,0.177868633
42893.18639,35.82,-158,5,0.177868633
42893.1475,35.99,-158,5,0.170723237
42893.14681,35.99,-158,5,0.127248577
42893.14611,35.99,-158,5,0.127248577
42893.14542,36,-158,5,0.117771871
42893.14472,36,-158,5,0.162220473
42893.14403,36,-158,5,0.125009904
42893.14333,36,-158,5,0.125009904
42893.14264,36.01,-158,5,0.150404385
42893.14194,36.01,-158,5,0.098722484
42893.14125,36.01,-158,5,0.151674659
42893.14056,36.02,-158,5,0.15917489
42893.13986,36.02,-158,5,0.170850709
42893.13917,36.02,-158,5,0.129405144
42893.13847,36.02,-158,5,0.136211729
42893.13778,36.03,-158,5,0.153589479
42893.13708,36.03,-158,5,0.117721521
42893.13639,36.03,-158,5,0.162321326
42893.13569,36.04,-158,5,0.109142686
42893.135,36.04,-158,5,0.166792424
42893.13431,36.04,-158,5,0.14660809
42893.13361,36.04,-158,5,0.137793677
42893.13292,36.05,-158,5,0.114576494
42893.13222,36.05,-158,5,0.1660793
42893.13153,36.05,-158,5,0.1660793
42893.13083,36.06,-158,5,0.130213144
42893.13014,36.06,-158,5,0.144975386
42893.12944,36.06,-158,5,0.128297218
42893.12875,36.07,-158,5,0.128297218
42893.12806,36.07,-158,5,0.090923882
42893.12736,36.07,-158,5,0.164600826
42893.12667,36.07,-158,5,0.126321834
42893.12597,36.08,-158,5,0.126321834
42893.12528,36.08,-158,5,0.125217154
42893.12458,36.08,-158,5,0.125217154
42893.12389,36.09,-158,5,0.134646793
42893.12319,36.09,-158,5,0.15616745
42893.1225,36.09,-158,5,0.138339558
42893.12181,36.09,-158,5,0.13480679
42893.12111,36.1,-158,5,0.16828799
42893.12042,36.1,-158,5,0.143665091
42893.11972,36.1,-158,5,0.157597162
42893.11903,36.11,-158,5,0.161792822
42893.11833,36.11,-158,5,0.178013436
42893.11764,36.11,-158,5,0.178013436
42893.11694,36.11,-158,5,0.1270266
42893.11625,36.12,-158,5,0.143735655
42893.11556,36.12,-158,5,0.163352659
42893.11486,36.12,-158,5,0.125754514
42893.10653,36.16,-158,5,0.124765455
42893.10583,36.16,-158,5,0.139793756
42893.10514,36.16,-158,5,0.130699271
42893.10444,36.17,-158,5,0.130699271
42893.10375,36.17,-158,5,0.156704221
42893.10306,36.17,-158,5,0.156704221
42893.10236,36.18,-158,5,0.160713086
42893.10167,36.18,-158,5,0.138375489
42893.10097,36.18,-158,5,0.170777692
42893.10028,36.19,-158,5,0.170777692
42893.09958,36.19,-158,5,0.139863129
42893.09889,36.19,-158,5,0.113075588
42893.09819,36.19,-158,5,0.135930896
42893.0975,36.2,-158,5,0.135930896
42893.09681,36.2,-158,5,0.097278654
42893.09611,36.2,-158,5,0.132355072
42893.09542,36.21,-158,5,0.132355072
42893.09472,36.21,-158,5,0.138419907
42893.09403,36.21,-158,5,0.161201208
42893.09333,36.22,-158,5,0.178084297
42893.09264,36.22,-158,5,0.149181995
42893.09194,36.22,-158,5,0.145446301
42893.09125,36.22,-158,5,0.114554751
42893.09056,36.23,-158,5,0.114554751
42893.08986,36.23,-158,5,0.158885966
42893.08917,36.23,-158,5,0.159643641
42893.08847,36.24,-158,5,0.159643641
42893.08778,36.24,-158,5,0.133769334
42893.08708,36.24,-158,5,0.155350552
42893.08639,36.25,-158,5,0.155350552
42893.08569,36.25,-158,5,0.146344929
42893.085,36.25,-158,5,0.171306319
42893.08431,36.26,-158,5,0.183155827
42893.08361,36.26,-158,5,0.136155209
42893.08292,36.26,-158,5,0.136155209
42893.08222,36.26,-158,5,0.084589523
42893.08153,36.27,-158,5,0.145090765
42893.08083,36.27,-158,5,0.14146284
42893.08014,36.27,-158,5,0.14146284
42893.07944,36.28,-158,5,0.145754991
42893.07875,36.28,-158,5,0.116280336
42893.07806,36.28,-158,5,0.104597812
42893.07736,36.29,-158,5,0.156816236
42893.07667,36.29,-158,5,0.156816236
42893.07597,36.29,-158,5,0.182604519
42893.07528,36.3,-158,5,0.099360636
42893.07458,36.3,-158,5,0.202439256
42893.07389,36.3,-158,5,0.139649118
42893.07319,36.3,-158,5,0.139649118
42893.06556,36.34,-158,5,0.211255311
42893.06486,36.34,-158,5,0.12681294
42893.06417,36.34,-158,5,0.143080566
42893.06347,36.35,-158,5,0.105821238
42893.06278,36.35,-158,5,0.117561361
42893.06208,36.35,-158,5,0.094004324
42893.06139,36.36,-158,5,0.130304752
42893.06069,36.36,-158,5,0.126009705
42893.06,36.36,-157.99,5,0.158832563
42893.05931,36.37,-157.99,5,0.145557102
42893.05861,36.37,-157.99,5,0.145557102
42893.05792,36.37,-157.99,5,0.206502498
42893.05722,36.38,-157.99,5,0.136692695
42893.05653,36.38,-157.99,5,0.147683074
42893.05583,36.38,-157.99,5,0.151046339
42893.05514,36.38,-157.99,5,0.155042503
42893.05444,36.39,-157.99,5,0.176874136
42893.05375,36.39,-157.99,5,0.165883271
42893.05306,36.39,-157.99,5,0.147626319
42893.05236,36.4,-157.99,5,0.209822342
42893.05167,36.4,-157.99,5,0.16754772
42893.05097,36.4,-157.99,5,0.154863949
42893.05028,36.41,-157.99,5,0.116832518
42893.04958,36.41,-157.99,5,0.123128545
42893.04889,36.41,-157.99,5,0.123128545
42893.04819,36.41,-157.99,5,0.134514463
42893.0475,36.42,-157.99,5,0.133193318
42893.04681,36.42,-157.99,5,0.178287525
42893.04611,36.42,-157.99,5,0.118095319
42893.04542,36.43,-157.99,5,0.133163596
42893.04472,36.43,-157.99,5,0.138751753
42893.04403,36.43,-157.99,5,0.120535628
42893.04333,36.43,-157.99,5,0.173978317
42893.04264,36.44,-157.99,5,0.142149858
42893.04194,36.44,-157.99,5,0.187629146
42893.04125,36.44,-157.99,5,0.162105239
42893.04056,36.44,-157.99,5,0.166155611
42893.03986,36.45,-157.99,5,0.141949788
42893.03917,36.45,-157.99,5,0.163849089
42893.03847,36.45,-157.99,5,0.143225901
42893.03778,36.45,-157.99,5,0.118262241
42893.03708,36.46,-157.99,5,0.099019624
42893.03569,36.46,-157.99,5,0.148514009
42893.035,36.47,-157.99,5,0.138495826
42893.03431,36.47,-157.99,5,0.130745452
42893.03292,36.48,-157.99,5,0.083995223
42893.02458,36.51,-157.99,5,0.135052355
42893.02389,36.52,-157.99,5,0.086815884
42893.02319,36.52,-157.99,5,0.161578942
42893.0225,36.52,-157.99,5,0.139621851
42893.02181,36.53,-157.99,5,0.139621851
42893.02111,36.53,-157.99,5,0.17719498
42893.02042,36.53,-157.99,5,0.170737103
42893.01972,36.53,-157.99,5,0.170737103
42893.01903,36.54,-157.99,5,0.1467473
42893.01833,36.54,-157.99,5,0.121322772
42893.01764,36.54,-157.99,5,0.118426401
42893.01694,36.55,-157.99,5,0.118426401
42893.01625,36.55,-157.99,5,0.148281513
42893.01486,36.56,-157.99,5,0.15376918
42893.01417,36.56,-157.99,5,0.108420021
42893.01347,36.56,-157.99,5,0.154000412
42893.01278,36.57,-157.99,5,0.154000412
42893.01208,36.57,-157.99,5,0.151124816
42893.01139,36.57,-157.99,5,0.122502535
42893.01069,36.57,-157.99,5,0.13354786
42893.01,36.58,-158,5,0.111806222
42893.00931,36.58,-158,5,0.127955473
42893.00861,36.58,-158,5,0.127132055
42893.00792,36.59,-158,5,0.127132055
42893.00722,36.59,-158,5,0.087265806
42893.00653,36.59,-158,5,0.137141964
42893.00583,36.6,-158,5,0.137141964
42893.00514,36.6,-158,5,0.161969427
42893.00444,36.6,-158,5,0.161969427
42893.00306,36.61,-158,5,0.101088267
42893.00236,36.61,-158,5,0.141671817
42893.00167,36.62,-158,5,0.086809919
42893.00097,36.62,-158,5,0.086809919
42893.00028,36.62,-158,5,0.119124337
42892.99958,36.62,-158,5,0.154696612
42892.99889,36.63,-158,5,0.105170563
42892.99819,36.63,-158,5,0.105170563
42892.9975,36.63,-158,5,0.114584103
42892.99681,36.64,-158,5,0.097286174
42892.99611,36.64,-158,5,0.131195844
42892.99542,36.64,-158,5,0.102941262
42892.99472,36.65,-158,5,0.102941262
42892.99403,36.65,-158,5,0.132988623
42892.99333,36.65,-158,5,0.101915039
42892.99264,36.66,-158,5,0.111383339
42892.99194,36.66,-158,5,0.121889631
42892.98361,36.69,-158,5,0.10520976
42892.98292,36.7,-158,5,0.117339444
42892.98222,36.7,-158,5,0.110614666
42892.98153,36.7,-158,5,0.135774861
42892.98083,36.71,-158,5,0.117604125
42892.98014,36.71,-158,5,0.141122802
42892.97944,36.71,-158,5,0.115666739
42892.97875,36.72,-158,5,0.115666739
42892.97806,36.72,-158,5,0.105042172
42892.97736,36.72,-158,5,0.118451882
42892.97667,36.72,-158,5,0.122983072
42892.97597,36.73,-158,5,0.122983072
42892.97528,36.73,-158,5,0.110659406
42892.97458,36.73,-158,5,0.124796729
42892.97389,36.74,-158,5,0.102186732
42892.97319,36.74,-158,5,0.130906024
42892.9725,36.74,-158,5,0.126081462
42892.97181,36.75,-158,5,0.129508193
42892.97111,36.75,-158,5,0.120401769
42892.97042,36.75,-158,5,0.117149942
42892.96972,36.75,-158,5,0.113736824
42892.96903,36.76,-158,5,0.132561639
42892.96833,36.76,-158,5,0.116430107
42892.96764,36.76,-158,5,0.116430107
42892.96694,36.77,-158,5,0.120112769
42892.96625,36.77,-158,5,0.141346993
42892.96486,36.78,-158,5,0.092308444
42892.96417,36.78,-158,5,0.111458545
42892.96347,36.78,-158,5,0.122189303
42892.96278,36.78,-158,5,0.106473368
42892.96208,36.79,-158,5,0.106473368
42892.96139,36.79,-158,5,0.109807631
42892.96069,36.79,-158,5,0.113096937
42892.96,36.8,-158,5,0.113096937
42892.95931,36.8,-158,5,0.118776584
42892.95861,36.8,-158,5,0.093851292
42892.95792,36.8,-158,5,0.0965414
42892.95722,36.81,-158,5,0.11397431
42892.95653,36.81,-158,5,0.11397431
42892.95583,36.81,-158,5,0.111771421
42892.95514,36.82,-158,5,0.124279814
42892.95444,36.82,-158,5,0.124279814
42892.95375,36.82,-158,5,0.140007499
42892.95306,36.83,-158,5,0.127361113
42892.95236,36.83,-158,5,0.127361113
42892.95167,36.83,-158,5,0.119663598
42892.95097,36.83,-158,5,0.131522568
42892.94264,36.87,-158,5,0.117424596
42892.94194,36.87,-158,5,0.117424596
42892.94125,36.88,-158,5,0.19326024
42892.94056,36.88,-158,5,0.140095927
42892.93986,36.88,-158,5,0.140095927
42892.93917,36.89,-158,5,0.118112552
42892.93847,36.89,-158,5,0.116237822
42892.93778,36.89,-158,5,0.11710151
42892.93708,36.89,-158,5,0.11710151
42892.93639,36.9,-158,5,0.115335666
42892.93569,36.9,-158,5,0.119235363
42892.935,36.9,-158,5,0.119235363
42892.93431,36.91,-158,5,0.141048789
42892.93361,36.91,-158,5,0.126438929
42892.93292,36.91,-158,5,0.133676633
42892.93222,36.92,-158,5,0.133676633
42892.93153,36.92,-158,5,0.132762814
42892.93083,36.92,-158,5,0.121235069
42892.93014,36.92,-158,5,0.10968716
42892.92944,36.93,-158,5,0.115575976
42892.92875,36.93,-158,5,0.129986028
42892.92806,36.93,-158,5,0.123606169
42892.92736,36.94,-158,5,0.12296963
42892.92667,36.94,-158,5,0.141624631
42892.92597,36.94,-158,5,0.117060186
42892.92528,36.95,-158,5,0.119814607
42892.92458,36.95,-158,5,0.119814607
42892.92389,36.95,-158,5,0.113783102
42892.92319,36.95,-158,5,0.103535111
42892.9225,36.96,-158,5,0.127833989
42892.92181,36.96,-158,5,0.103852158
42892.92111,36.96,-158,5,0.128689063
42892.92042,36.97,-158,5,0.125029188
42892.91972,36.97,-158,5,0.117208373
42892.91903,36.97,-158,5,0.125575853
42892.91833,36.98,-158,5,0.128217221
42892.91764,36.98,-158,5,0.084896874
42892.91694,36.98,-158,5,0.143421976
42892.91625,36.98,-158,5,0.135813332
42892.91556,36.99,-158,5,0.136131841
42892.91486,36.99,-158,5,0.126463012
42892.91417,36.99,-158,5,0.117939881
42892.91347,37,-158,5,0.112872044
42892.91278,37,-158,5,0.112872044
42892.91208,37,-158,5,0.117546354
42892.91139,37,-158,5,0.131567845
42892.91069,37,-158,5,0.149178436
42892.91,37,-158,5,0.118633163
42892.90931,37,-158,5,0.118633163
42892.90167,37,-158,5,0.133309157
42892.90097,37,-158,5,0.133309157
42892.90028,37,-158,5,0.123853439
42892.89958,37,-158,5,0.112385721
42892.89889,37,-158,5,0.125928776
42892.89819,37,-158,5,0.115941299
42892.8975,37,-158,5,0.11028768
42892.89681,37,-158,5,0.139995889
42892.89611,37,-158,5,0.139995889
42892.89542,37,-158,5,0.118940614
42892.89472,37,-158,5,0.118940614
42892.89403,37,-158,5,0.126222241
42892.89333,37,-158,5,0.126222241
42892.89264,37,-158,5,0.139605172
42892.89194,37,-158,5,0.123927528
42892.89125,37,-158,5,0.125609146
42892.89056,37,-158,5,0.104667881
42892.88986,37,-158,5,0.126685002
42892.88917,37,-158,5,0.13274692
42892.88847,37,-158,5,0.100959864
42892.88778,37,-158,5,0.127826704
42892.88708,37,-158,5,0.121681463
42892.88639,37,-158,5,0.153263496
42892.88569,37,-158,5,0.100780697
42892.885,37,-158,5,0.128194941
42892.88431,37,-158,5,0.109043217
42892.88361,37,-158,5,0.126377152
42892.88292,37,-158,5,0.109851701
42892.88222,37,-158,5,0.109851701
42892.88153,37,-158,5,0.120215848
42892.88083,37,-158,5,0.111181962
42892.88014,37,-158,5,0.108706762
42892.87944,37,-158,5,0.109284758
42892.87875,37,-158,5,0.109284758
42892.87806,37,-158,5,0.128791874
42892.87736,37,-158,5,0.118276863
42892.87667,37,-158,5,0.118276863
42892.87597,37,-158,5,0.115037706
42892.87528,37,-158,5,0.106464009
42892.87458,37,-158,5,0.11834177
42892.87389,37,-158,5,0.103900266
42892.87319,37,-158,5,0.085884731
42892.8725,37,-158,5,0.132602276
42892.87181,37,-158,5,0.137861716
42892.87111,37,-158,5,0.135925086
42892.87042,37,-158,5,0.114185478
42892.86972,37,-158,5,0.094037176
42892.86903,37,-158,5,0.118418227
42892.86069,37,-158,5,0.141067779
42892.86,37,-158,5,0.105444342
42892.85931,37,-158,5,0.155161368
42892.85861,37,-158,5,0.155161368
42892.85792,37,-158,5,0.138723745
42892.85722,37,-158,5,0.138723745
42892.85653,37,-158,5,0.144753254
42892.85583,37,-158,5,0.130779802
42892.85514,37,-158,5,0.12499155
42892.85444,37,-158,5,0.139315771
42892.85375,37,-158,5,0.148439334
42892.85306,37,-158,5,0.135482475
42892.85236,37,-158,5,0.132271361
42892.85167,37,-158,5,0.144764121
42892.85097,37,-158,5,0.150417602
42892.85028,37,-158,5,0.150417602
42892.84958,37,-158,5,0.137766622
42892.84889,37,-158,5,0.135504759
42892.84819,37,-158,5,0.169648066
42892.8475,37,-158,5,0.209195314
42892.84681,37,-158,5,0.201802941
42892.84611,37,-158,5,0.137365124
42892.84542,37,-158,5,0.131213595
42892.84472,37,-158,5,0.119144119
42892.84403,37,-158,5,0.128066471
42892.84333,37,-158,5,0.128066471
42892.84264,37,-158,5,0.124325087
42892.84194,37,-158,5,0.137288363
42892.84125,37,-158,5,0.148110514
42892.84056,37,-158,5,0.127574439
42892.83986,37,-158,5,0.127574439
42892.83917,37,-158,5,0.143377417
42892.83847,37,-158,5,0.132855125
42892.83778,37,-158,5,0.129727123
42892.83708,37,-158,5,0.129727123
42892.83639,37,-158,5,0.135339001
42892.83569,37,-158,5,0.146717549
42892.835,37,-158,5,0.146146231
42892.83431,37,-158,5,0.142377545
42892.83361,37,-158,5,0.142377545
42892.83292,37,-158,5,0.150009467
42892.83222,37,-158,5,0.123833634
42892.83153,37,-158,5,0.138368526
42892.83083,37,-158,5,0.130509084
42892.83014,37,-158,5,0.137971065
42892.82944,37,-158,5,0.154287769
42892.82875,37,-158,5,0.154287769
42892.82806,37,-158,5,0.148465647
42892.82736,37,-158,5,0.148465647
42892.81972,37,-158,5,0.174528766
42892.81903,37,-158,5,0.161692574
42892.81833,37,-158,5,0.166736018
42892.81764,37,-158,5,0.166448165
42892.81694,37,-158,5,0.166455942
42892.81625,37,-158,5,0.178034635
42892.81556,37,-158,5,0.182443255
42892.81486,37,-158,5,0.175828198
42892.81417,37,-158,5,0.177955401
42892.81347,37,-158,5,0.207435031
42892.81278,37,-158,5,0.207435031
42892.81208,37,-158,5,0.15583154
42892.81139,37,-158,5,0.135644838
42892.81069,37,-158,5,0.139907304
42892.81,37,-158,5,0.139907304
42892.80931,37,-158,5,0.136548327
42892.80861,37,-158,5,0.146240091
42892.80792,37,-158,5,0.146240091
42892.80722,37,-158,5,0.137472329
42892.80653,37,-158,5,0.140201216
42892.80583,37,-158,5,0.140201216
42892.80514,37,-158,5,0.136892825
42892.80444,37,-158,5,0.130518591
42892.80375,37,-158,5,0.157980732
42892.80306,37,-158,5,0.138893228
42892.80236,37,-158,5,0.130597919
42892.80167,37,-158,5,0.135397451
42892.80097,37,-158,5,0.147152624
42892.80028,37,-158,5,0.170746254
42892.79958,37,-158,5,0.132720186
42892.79889,37,-158,5,0.157833313
42892.79819,37,-158,5,0.117009926
42892.7975,37,-158,5,0.117009926
42892.79681,37,-158,5,0.168831657
42892.79611,37,-158,5,0.157560353
42892.79542,37,-158,5,0.096453125
42892.79472,37,-158,5,0.148790985
42892.79403,37,-158,5,0.148790985
42892.79333,37,-158,5,0.120476461
42892.79264,37,-158,5,0.142615635
42892.79194,37,-158,5,0.140541151
42892.79125,37,-158,5,0.140541151
42892.79056,37,-158,5,0.152977875
42892.78986,37,-158,5,0.131891363
42892.78917,37,-158,5,0.16721596
42892.78847,37,-158,5,0.132507111
42892.78778,37,-158,5,0.132507111
42892.78708,37,-158,5,0.109479559
42892.77875,37,-158,5,0.121229835
42892.77806,37,-158,5,0.122972048
42892.77736,37,-158,5,0.111570418
42892.77667,37,-158,5,0.123857073
42892.77597,37,-158,5,0.140112715
42892.77528,37,-158,5,0.140112715
42892.77458,37,-158,5,0.122800632
42892.77389,37,-158,5,0.122800632
42892.77319,37,-158,5,0.118397752
42892.7725,37,-158,5,0.117840344
42892.77181,37,-158,5,0.14040572
42892.77111,37,-158,5,0.124379774
42892.77042,37,-158,5,0.143505166
42892.76972,37,-158,5,0.124714685
42892.76903,37,-158,5,0.124714685
42892.76833,37,-158,5,0.155239374
42892.76764,37,-158,5,0.132068694
42892.76694,37,-158,5,0.123697803
42892.76625,37,-158,5,0.123697803
42892.76556,37,-158,5,0.103457682
42892.76486,37,-158,5,0.127944238
42892.76417,37,-158,5,0.103295296
42892.76347,37,-158,5,0.153890578
42892.76278,37,-158,5,0.137959766
42892.76208,37,-158,5,0.137959766
42892.76139,37,-158,5,0.141597361
42892.76069,37,-158,5,0.133425372
42892.76,37,-158,5,0.098465565
42892.75931,37,-158,5,0.084169586
42892.75861,37,-158,5,0.104124096
42892.75792,37,-158,5,0.120406174
42892.75722,37,-158,5,0.120406174
42892.75653,37,-158,5,0.129250616
42892.75583,37,-158,5,0.10408957
42892.75514,37,-158,5,0.10408957
42892.75444,37,-158,5,0.109635905
42892.75375,37,-158,5,0.135346188
42892.75306,37,-158,5,0.135346188
42892.75236,37,-158,5,0.13100748
42892.75167,37,-158,5,0.117702491
42892.75097,37,-158,5,0.117702491
42892.75028,37,-158,5,0.135607655
42892.74958,37,-158,5,0.1270451
42892.74889,37,-158,5,0.143374713
42892.74819,37,-158,5,0.160713624
42892.7475,37,-158,5,0.101667262
42892.74681,37,-158,5,0.134563635
42892.74611,37,-158,5,0.13044045
42892.74542,37,-158,5,0.13044045
42892.73778,37,-158,5,0.141458393
42892.73708,37,-158,5,0.113021785
42892.73639,37,-158,5,0.142975353
42892.73569,37,-158,5,0.142975353
42892.735,37,-158,5,0.166760165
42892.73431,37,-158,5,0.091974165
42892.73361,37,-158,5,0.128056557
42892.73292,37,-158,5,0.128056557
42892.73222,37,-158,5,0.118601578
42892.73153,37,-158,5,0.129763462
42892.73083,37,-158,5,0.129763462
42892.73014,37,-158,5,0.125943822
42892.72944,37,-158,5,0.150263979
42892.72875,37,-158,5,0.106721137
42892.72806,37,-158,5,0.124644028
42892.72736,37,-158,5,0.096854093
42892.72667,37,-158,5,0.122012336
42892.72597,37,-158,5,0.149109983
42892.72528,37,-158,5,0.106461832
42892.72458,37,-158,5,0.106461832
42892.72389,37,-158,5,0.142681608
42892.72319,37,-158,5,0.142681608
42892.7225,37,-158,5,0.140428562
42892.72181,37,-158,5,0.113969491
42892.72042,37,-158,5,0.12797912
42892.71972,37,-158,5,0.122941201
42892.71903,37,-158,5,0.109371027
42892.71833,37,-158,5,0.109371027
42892.71764,37,-158,5,0.139448271
42892.71694,37,-158,5,0.127403033
42892.71625,37,-158,5,0.127403033
42892.71556,37,-158,5,0.123582917
42892.71486,37,-158,5,0.142209732
42892.71417,37,-158,5,0.142395613
42892.71347,37,-158,5,0.125259506
42892.71278,37,-158,5,0.125259506
42892.71208,37,-158,5,0.125443332
42892.71139,37,-158,5,0.131582166
42892.71069,37,-158,5,0.11316559
42892.71,37,-158,5,0.11316559
42892.70931,37,-158,5,0.101382598
42892.70861,37,-158,5,0.137063655
42892.70792,37,-158,5,0.12723555
42892.70722,37,-158,5,0.12723555
42892.70653,37,-158,5,0.134388543
42892.70583,37,-158,5,0.128090024
42892.70514,37,-158,5,0.128090024
42892.69681,37,-158,5,0.087195647
42892.69611,37,-158,5,0.142507876
42892.69542,37,-158,5,0.153264482
42892.69472,37,-158,5,0.101526773
42892.69403,37,-158,5,0.101526773
42892.69333,37,-158,5,0.102852357
42892.69264,37,-158,5,0.092782002
42892.69194,37,-158,5,0.110185809
42892.69125,37,-158,5,0.110185809
42892.69056,37,-158,5,0.14461242
42892.68986,37,-158,5,0.106011968
42892.68917,37,-158,5,0.106011968
42892.68847,37,-158,5,0.1000769
42892.68778,37,-158,5,0.1000769
42892.68708,37,-158,5,0.105790935
42892.68639,37,-158,5,0.117454209
42892.68569,37,-158,5,0.117454209
42892.685,37,-158,5,0.129435428
42892.68431,37,-158,5,0.129435428
42892.68361,37,-158,5,0.116685413
42892.68292,37,-158,5,0.130650596
42892.68222,37,-158,5,0.111067269
42892.68153,37,-158,5,0.166300891
42892.68083,37,-158,5,0.099287673
42892.68014,37,-158,5,0.105040264
42892.67944,37,-158,5,0.105040264
42892.67875,37,-158,5,0.115771326
42892.67806,37,-158,5,0.112085782
42892.67736,37,-158,5,0.112085782
42892.67667,37,-158,5,0.140117507
42892.67597,37,-158,5,0.153346976
42892.67528,37,-158,5,0.082520936
42892.67458,37,-158,5,0.129088978
42892.67389,37,-158,5,0.129088978
42892.67319,37,-158,5,0.115315024
42892.6725,37,-158,5,0.143266588
42892.67181,37,-158,5,0.1287695
42892.67111,37,-158,5,0.102933175
42892.67042,37,-158,5,0.11578093
42892.66972,37,-158,5,0.105458448
42892.66903,37,-158,5,0.115286057
42892.66833,37,-158,5,0.146856405
42892.66764,37,-158,5,0.126784771
42892.66694,37,-158,5,0.144310248
42892.66625,37,-158,5,0.144310248
42892.66556,37,-158,5,0.119995658
42892.66486,37,-158,5,0.122227478
42892.66417,37,-158,5,0.114527143
42892.65583,37,-158,5,0.121135634
42892.65514,37,-158,5,0.121135634
42892.65444,37,-158,5,0.138220925
42892.65375,37,-158,5,0.169133339
42892.65306,37,-158,5,0.125936613
42892.65236,37,-158,5,0.125936613
42892.65167,37,-158,5,0.08711674
42892.65097,37,-158,5,0.130910958
42892.65028,37,-158,5,0.130910958
42892.64958,37,-158,5,0.146204275
42892.64889,37,-158,5,0.129498061
42892.64819,37,-158,5,0.129999719
42892.6475,37,-158,5,0.111892061
42892.64681,37,-158,5,0.138857084
42892.64611,37,-158,5,0.107174389
42892.64542,37,-158,5,0.116755556
42892.64472,37,-158,5,0.116755556
42892.64403,37,-158,5,0.167716814
42892.64333,37,-158,5,0.141341502
42892.64264,37,-158,5,0.146949907
42892.64194,37,-158,5,0.146315786
42892.64125,37,-158,5,0.167384343
42892.64056,37,-158,5,0.167384343
42892.63986,37,-158,5,0.164596796
42892.63917,37,-158,5,0.17661163
42892.63847,37,-158,5,0.164217986
42892.63778,37,-158,5,0.176830538
42892.63708,37,-158,5,0.159582005
42892.63639,37,-158,5,0.13004382
42892.63569,37,-158,5,0.165268713
42892.635,37,-158,5,0.131822708
42892.63431,37,-158,5,0.131822708
42892.63361,37,-158,5,0.15223788
42892.63292,37,-158,5,0.15223788
42892.63222,37,-158,5,0.121616705
42892.63153,37,-158,5,0.163870843
42892.63083,37,-158,5,0.137903029
42892.63014,37,-158,5,0.127451695
42892.62944,37,-158,5,0.150226471
42892.62875,37,-158,5,0.150226471
42892.62806,37,-158,5,0.128665177
42892.62736,37,-158,5,0.133225139
42892.62667,37,-158,5,0.129838242
42892.62597,37,-158,5,0.132570932
42892.62528,37,-158,5,0.124128639
42892.62458,37,-158,5,0.18694153
42892.62389,37,-158,5,0.152700302
42892.62319,37,-158,5,0.145158126
42892.61486,37,-158,5,0.170869179
42892.61417,37,-158,5,0.170869179
42892.61347,37,-158,5,0.154816446
42892.61278,37,-158,5,0.154816446
42892.61208,37,-158,5,0.177739986
42892.61139,37,-158,5,0.174076818
42892.61069,37,-158,5,0.174076818
42892.61,37,-158,5,0.193661625
42892.60931,37,-158,5,0.193661625
42892.60861,37,-158,5,0.160585053
42892.60792,37,-158,5,0.188299358
42892.60722,37,-158,5,0.19941085
42892.60653,37,-158,5,0.19941085
42892.60583,37,-158,5,0.197459837
42892.60514,37,-158,5,0.186744132
42892.60444,37,-158,5,0.17920241
42892.60375,37,-158,5,0.17920241
42892.60306,37,-158,5,0.207873661
42892.60236,37,-158,5,0.174088759
42892.60167,37,-158,5,0.174088759
42892.60097,37,-158,5,0.200332481
42892.60028,37,-158,5,0.200332481
42892.59958,37,-158,5,0.183047957
42892.59889,37,-158,5,0.174094503
42892.59819,37,-158,5,0.168864851
42892.5975,37,-158,5,0.173618772
42892.59681,37,-158,5,0.13347287
42892.59611,37,-158,5,0.159145088
42892.59542,37,-158,5,0.170004521
42892.59472,37,-158,5,0.160329302
42892.59403,37,-158,5,0.160329302
42892.59333,37,-158,5,0.166828992
42892.59264,37,-158,5,0.162823694
42892.59194,37,-158,5,0.162823694
42892.59125,37,-158,5,0.223000892
42892.59056,37,-158,5,0.179457232
42892.58986,37,-158,5,0.182116046
42892.58917,37,-158,5,0.179474089
42892.58847,37,-158,5,0.186890565
42892.58778,37,-158,5,0.147618292
42892.58708,37,-158,5,0.161957351
42892.58639,37,-158,5,0.137569018
42892.58569,37,-158,5,0.148078963
42892.585,37,-158,5,0.147105636
42892.58431,37,-158,5,0.124108074
42892.58361,37,-158,5,0.124108074
42892.58292,37,-158,5,0.15257016
42892.58222,37,-158,5,0.131357331
42892.57389,37,-158,5,0.147023142
42892.57319,37,-158,5,0.156163413
42892.5725,37,-158,5,0.148769483
42892.57181,37,-158,5,0.147225041
42892.57111,37,-158,5,0.161498696
42892.57042,37,-158,5,0.15669884
42892.56972,37,-158,5,0.169253611
42892.56903,37,-158,5,0.206732357
42892.56833,37,-158,5,0.169337467
42892.56764,37,-158,5,0.14894339
42892.56694,37,-158,5,0.151211277
42892.56625,37,-158,5,0.17681767
42892.56556,37,-158,5,0.149783515
42892.56486,37,-158,5,0.149783515
42892.56417,37,-158,5,0.171788667
42892.56347,37,-158,5,0.147848222
42892.56278,37,-158,5,0.138199771
42892.56208,37,-158,5,0.151041487
42892.56139,37,-158,5,0.158855846
42892.56069,37,-158,5,0.146172641
42892.56,37,-158,5,0.17234065
42892.55931,37,-158,5,0.121473689
42892.55861,37,-158,5,0.155869444
42892.55792,37,-158,5,0.174432822
42892.55722,37,-158,5,0.174432822
42892.55653,37,-158,5,0.152849785
42892.55583,37,-158,5,0.145209055
42892.55514,37,-158,5,0.13427371
42892.55444,37,-158,5,0.15368714
42892.55375,37,-158,5,0.15368714
42892.55306,37,-158,5,0.153973996
42892.55236,37,-158,5,0.165646835
42892.55167,37,-158,5,0.159525175
42892.55097,37,-158,5,0.16622154
42892.55028,37,-158,5,0.153486844
42892.54958,37,-158,5,0.126866777
42892.54889,37,-158,5,0.153451723
42892.54819,37,-158,5,0.171059749
42892.5475,37,-158,5,0.143264985
42892.54681,37,-158,5,0.141013806
42892.54611,37,-158,5,0.154605191
42892.54542,37,-158,5,0.160507665
42892.54472,37,-158,5,0.143934183
42892.54403,37,-158,5,0.151517436
42892.54333,37,-158,5,0.141643869
42892.54264,37,-158,5,0.184248133
42892.54194,37,-158,5,0.147447928
42892.54125,37,-158,5,0.147113933
42892.53292,37,-158,5,0.168898481
42892.53222,37,-158,5,0.161636629
42892.53153,37,-158,5,0.184654318
42892.53083,37,-158,5,0.185742285
42892.53014,37,-158,5,0.206300495
42892.52944,37,-158,5,0.131059901
42892.52875,37,-158,5,0.177830212
42892.52806,37,-158,5,0.212572187
42892.52736,37,-158,5,0.212572187
42892.52667,37,-158,5,0.241848759
42892.52597,37,-158,5,0.226494354
42892.52528,37,-158,5,0.226494354
42892.52458,37,-158,5,0.189250579
42892.52389,37,-158,5,0.179905546
42892.52319,37,-158,5,0.214590826
42892.5225,37,-158,5,0.189934209
42892.52181,37,-158,5,0.186090163
42892.52111,37,-158,5,0.186090163
42892.52042,37,-158,5,0.156791352
42892.51972,37,-158,5,0.155581623
42892.51903,37,-158,5,0.179726531
42892.51833,37,-158,5,0.164012284
42892.51764,37,-158,5,0.156467359
42892.51694,37,-158,5,0.155111828
42892.51625,37,-158,5,0.160486301
42892.51556,37,-158,5,0.160486301
42892.51486,37,-158,5,0.16051887
42892.51417,37,-158,5,0.176167359
42892.51347,37,-158,5,0.156636149
42892.51278,37,-158,5,0.132761109
42892.51208,37,-158,5,0.136333574
42892.51139,37,-158,5,0.136333574
42892.51069,37,-158,5,0.127503734
42892.51,37,-158,5,0.156869121
42892.50931,37,-158,5,0.135130587
42892.50861,37,-158,5,0.112447887
42892.50792,37,-158,5,0.149696542
42892.50722,37,-158,5,0.149696542
42892.50653,37,-158,5,0.121276592
42892.50583,37,-158,5,0.118445753
42892.50514,37,-158,5,0.136570577
42892.50444,37,-158,5,0.164815729
42892.50375,37,-158,5,0.144046237
42892.50306,37,-158,5,0.135831912
42892.50236,37,-158,5,0.143324405
42892.50167,37,-158,5,0.143324405
42892.50097,37,-158,5,0.135376157
42892.50028,37,-158,5,0.137428671
42892.49958,37,-158,5,0.137428671
42892.49194,37,-158,5,0.150228804
42892.49125,37,-158,5,0.110070387
42892.49056,37,-158,5,0.143276149
42892.48986,37,-158,5,0.160095376
42892.48917,37,-158,5,0.165268924
42892.48847,37,-158,5,0.128848332
42892.48778,37,-158,5,0.130899559
42892.48708,37,-158,5,0.177044631
42892.48639,37,-158,5,0.131805682
42892.48569,37,-158,5,0.143434581
42892.485,37,-158,5,0.181727992
42892.48431,37,-158,5,0.160971454
42892.48361,37,-158,5,0.160971454
42892.48292,37,-158,5,0.119075238
42892.48222,37,-158,5,0.157594988
42892.48153,37,-158,5,0.139086153
42892.48083,37,-158,5,0.135972013
42892.48014,37,-158,5,0.135972013
42892.47944,37,-158,5,0.165715323
42892.47875,37,-158,5,0.160231235
42892.47806,37,-158,5,0.167900181
42892.47736,37,-158,5,0.176167235
42892.47667,37,-158,5,0.144890811
42892.47597,37,-158,5,0.144890811
42892.47528,37,-158,5,0.141342152
42892.47458,37,-158,5,0.14742229
42892.47389,37,-158,5,0.131535655
42892.47319,37,-158,5,0.148079169
42892.4725,37,-158,5,0.148312702
42892.47181,37,-158,5,0.142510685
42892.47111,37,-158,5,0.168713334
42892.47042,37,-158,5,0.157376779
42892.46972,37,-158,5,0.145648656
42892.46903,37,-158,5,0.145648656
42892.46833,37,-158,5,0.152990647
42892.46764,37,-158,5,0.152990647
42892.46694,37,-158,5,0.156563411
42892.46625,37,-158,5,0.156563411
42892.46556,37,-158,5,0.162236597
42892.46486,37,-158,5,0.146403425
42892.46417,37,-158,5,0.164870443
42892.46347,37,-158,5,0.141516305
42892.46278,37,-158,5,0.164494481
42892.46208,37,-158,5,0.164494481
42892.46139,37,-158,5,0.173268541
42892.46069,37,-158,5,0.17138907
42892.46,37,-158,5,0.178868445
42892.45931,37,-158,5,0.191469577
42892.45861,37,-158,5,0.191469577
42892.45097,37,-158,5,0.174877113
42892.45028,37,-158,5,0.168826083
42892.44958,37,-158,5,0.171231744
42892.44889,37,-158,5,0.169179271
42892.44819,37,-158,5,0.170758255
42892.4475,37,-158,5,0.165728182
42892.44681,37,-158,5,0.178172211
42892.44611,37,-158,5,0.17278064
42892.44542,37,-158,5,0.171111987
42892.44472,37,-158,5,0.174725725
42892.44403,37,-158,5,0.171788775
42892.44333,37,-158,5,0.182883065
42892.44264,37,-158,5,0.182539609
42892.44194,37,-158,5,0.182539609
42892.44125,37,-158,5,0.177460862
42892.44056,37,-158,5,0.177460862
42892.43986,37,-158,5,0.173338132
42892.43917,37,-158,5,0.191149148
42892.43847,37,-158,5,0.175705829
42892.43778,37,-158,5,0.177738329
42892.43708,37,-158,5,0.189284186
42892.43639,37,-158,5,0.163042824
42892.43569,37,-158,5,0.216511795
42892.435,37,-158,5,0.169057908
42892.43431,37,-158,5,0.182891457
42892.43361,37,-158,5,0.18977169
42892.43292,37,-158,5,0.192223752
42892.43222,37,-158,5,0.197827469
42892.43153,37,-158,5,0.174680692
42892.43083,37,-158,5,0.183064431
42892.43014,37,-158,5,0.173639999
42892.42944,37,-158,5,0.169396037
42892.42875,37,-158,5,0.180438423
42892.42806,37,-158,5,0.16502805
42892.42736,37,-158,5,0.173394936
42892.42667,37,-158,5,0.183766633
42892.42597,37,-158,5,0.163344415
42892.42528,37,-158,5,0.163344415
42892.42458,37,-158,5,0.192057336
42892.42389,37,-158,5,0.191658587
42892.42319,37,-158,5,0.182185058
42892.4225,37,-158,5,0.177152405
42892.42181,37,-158,5,0.167341662
42892.42111,37,-158,5,0.178897311
42892.42042,37,-158,5,0.190609364
42892.41972,37,-158,5,0.155615685
42892.41903,37,-158,5,0.165093422
42892.41833,37,-158,5,0.165093422
42892.41,37,-158,5,0.19425796
42892.40931,37,-158,5,0.168930556
42892.40861,37,-158,5,0.168930556
42892.40792,37,-158,5,0.185821791
42892.40722,37,-158,5,0.188646552
42892.40653,37,-158,5,0.188646552
42892.40583,37,-158,5,0.174962321
42892.40514,37,-158,5,0.172063374
42892.40444,37,-158,5,0.176237485
42892.40375,37,-158,5,0.181967383
42892.40306,37,-158,5,0.176500821
42892.40236,37,-158,5,0.166446529
42892.40167,37,-158,5,0.163776236
42892.40097,37,-158,5,0.17341083
42892.40028,37,-158,5,0.17341083
42892.39958,37,-158,5,0.17916707
42892.39889,37,-158,5,0.192882468
42892.39819,37,-158,5,0.192882468
42892.3975,37,-158,5,0.180176306
42892.39681,37,-158,5,0.179771982
42892.39611,37,-158,5,0.207479225
42892.39542,37,-158,5,0.16973706
42892.39472,37,-158,5,0.182723826
42892.39403,37,-158,5,0.182723826
42892.39333,37,-158,5,0.169504618
42892.39264,37,-158,5,0.178146714
42892.39194,37,-158,5,0.181684837
42892.39125,37,-158,5,0.197438507
42892.39056,37,-158,5,0.19606534
42892.38986,37,-158,5,0.177588993
42892.38917,37,-158,5,0.191964928
42892.38847,37,-158,5,0.166318383
42892.38778,37,-158,5,0.166124834
42892.38708,37,-158,5,0.162229037
42892.38639,37,-158,5,0.175644735
42892.38569,37,-158,5,0.186109298
42892.385,37,-158,5,0.180521642
42892.38431,37,-158,5,0.171842201
42892.38361,37,-158,5,0.178570312
42892.38292,37,-158,5,0.173664418
42892.38222,37,-158,5,0.170754879
42892.38153,37,-158,5,0.182818391
42892.38083,37,-158,5,0.195340672
42892.38014,37,-158,5,0.178105715
42892.37944,37,-158,5,0.178105715
42892.37875,37,-158,5,0.189873457
42892.37806,37,-158,5,0.185962864
42892.37736,37,-158,5,0.17294556
42892.36903,37,-158,5,0.162767295
42892.36833,37,-158,5,0.174969855
42892.36764,37,-158,5,0.184495117
42892.36694,37,-158,5,0.184495117
42892.36625,37,-158,5,0.183960834
42892.36556,37,-158,5,0.164426128
42892.36486,37,-158,5,0.183151437
42892.36417,37,-158,5,0.183151437
42892.36347,37,-158,5,0.144714749
42892.36278,37,-158,5,0.134817859
42892.36208,37,-158,5,0.140885641
42892.36139,37,-158,5,0.147839582
42892.36069,37,-158,5,0.155847651
42892.36,37,-158,5,0.150779503
42892.35931,37,-158,5,0.150779503
42892.35861,37,-158,5,0.156888667
42892.35792,37,-158,5,0.163272734
42892.35722,37,-158,5,0.163272734
42892.35653,37,-158,5,0.155264154
42892.35583,37,-158,5,0.156386453
42892.35514,37,-158,5,0.182523713
42892.35444,37,-158,5,0.159271813
42892.35375,37,-158,5,0.16731542
42892.35306,37,-158,5,0.16411971
42892.35236,37,-158,5,0.158820254
42892.35167,37,-158,5,0.15623033
42892.35097,37,-158,5,0.167987154
42892.35028,36.99,-158,5,0.159765855
42892.34958,36.99,-158,5,0.159765855
42892.34889,36.99,-158,5,0.16424559
42892.34819,36.99,-158,5,0.17013482
42892.3475,36.99,-158,5,0.168652733
42892.34681,36.99,-158,5,0.163614526
42892.34611,36.99,-158,5,0.189319761
42892.34542,36.98,-158,5,0.189319761
42892.34472,36.98,-158,5,0.182740528
42892.34403,36.98,-158,5,0.189219929
42892.34333,36.98,-158,5,0.173707278
42892.34264,36.98,-158,5,0.178986248
42892.34194,36.97,-158,5,0.162253546
42892.34125,36.97,-158,5,0.162253546
42892.34056,36.97,-158,5,0.185544686
42892.33986,36.97,-158,5,0.185544686
42892.33917,36.96,-158,5,0.199861393
42892.33847,36.96,-158,5,0.199861393
42892.33778,36.96,-158,5,0.184191821
42892.33708,36.96,-158,5,0.192270783
42892.33639,36.95,-158,5,0.192270783
42892.32806,36.92,-158,5,0.188492237
42892.32736,36.92,-158,5,0.153501839
42892.32667,36.92,-158,5,0.187335269
42892.32597,36.91,-158,5,0.186442684
42892.32528,36.91,-158,5,0.158039286
42892.32458,36.91,-158,5,0.165567737
42892.32389,36.91,-158,5,0.176164447
42892.32319,36.9,-158,5,0.158824886
42892.3225,36.9,-158,5,0.176539204
42892.32181,36.9,-158,5,0.163038384
42892.32111,36.89,-158,5,0.175698056
42892.32042,36.89,-158,5,0.166205387
42892.31972,36.89,-158,5,0.166205387
42892.31903,36.89,-158,5,0.180189375
42892.31833,36.88,-158,5,0.183937691
42892.31764,36.88,-158,5,0.186750653
42892.31694,36.88,-158,5,0.176487815
42892.31625,36.88,-158,5,0.183056432
42892.31556,36.87,-158,5,0.183056432
42892.31486,36.87,-158,5,0.17929126
42892.31417,36.87,-158,5,0.167156512
42892.31347,36.87,-158,5,0.186026944
42892.31278,36.86,-158,5,0.174288062
42892.31208,36.86,-158,5,0.188175731
42892.31139,36.86,-158,5,0.194095931
42892.31069,36.86,-158,5,0.170894224
42892.31,36.85,-158,5,0.191101052
42892.30931,36.85,-158,5,0.175513872
42892.30861,36.85,-158,5,0.176426926
42892.30792,36.84,-158,5,0.201431284
42892.30722,36.84,-158,5,0.165291055
42892.30653,36.84,-158,5,0.174984624
42892.30583,36.84,-158,5,0.186463793
42892.30514,36.83,-158,5,0.189959502
42892.30444,36.83,-158,5,0.175431449
42892.30375,36.83,-158,5,0.256151769
42892.30306,36.83,-158,5,0.189986225
42892.30236,36.82,-158,5,0.179990691
42892.30167,36.82,-158,5,0.183406188
42892.30097,36.82,-158,5,0.185359521
42892.30028,36.82,-158,5,0.199619029
42892.29958,36.81,-158,5,0.199619029
42892.29889,36.81,-158,5,0.191731599
42892.29819,36.81,-158,5,0.192410758
42892.2975,36.81,-158,5,0.192014338
42892.29681,36.8,-158,5,0.178339811
42892.29611,36.8,-158,5,0.178339811
42892.29542,36.8,-158,5,0.194285232
42892.28708,36.77,-158,5,0.2150338
42892.28639,36.76,-158,5,0.227760821
42892.28569,36.76,-158,5,0.222771312
42892.285,36.76,-158,5,0.22113767
42892.28431,36.76,-158,5,0.162757596
42892.28361,36.75,-158,5,0.169133154
42892.28292,36.75,-158,5,0.169133154
42892.28222,36.75,-158,5,0.187777309
42892.28153,36.75,-158,5,0.186103746
42892.28083,36.74,-158,5,0.18258573
42892.28014,36.74,-158,5,0.173874115
42892.27944,36.74,-158,5,0.210411697
42892.27875,36.73,-158,5,0.187736667
42892.27806,36.73,-158,5,0.202956923
42892.27736,36.73,-158,5,0.197204392
42892.27667,36.73,-158,5,0.203811765
42892.27597,36.72,-158,5,0.203811765
42892.27528,36.72,-158,5,0.208176236
42892.27458,36.72,-158,5,0.224921445
42892.27389,36.71,-158,5,0.215749851
42892.27319,36.71,-158,5,0.226542834
42892.2725,36.71,-158,5,0.217132928
42892.27181,36.71,-158,5,0.242855384
42892.27111,36.7,-158,5,0.19489778
42892.27042,36.7,-158,5,0.205337518
42892.26972,36.7,-158,5,0.191294077
42892.26903,36.69,-158,5,0.187591596
42892.26833,36.69,-158,5,0.182773035
42892.26764,36.69,-158,5,0.193141576
42892.26694,36.69,-158,5,0.19179758
42892.26625,36.68,-158,5,0.199129874
42892.26556,36.68,-158,5,0.174282411
42892.26486,36.68,-158,5,0.168691066
42892.26417,36.67,-158,5,0.183243145
42892.26347,36.67,-158,5,0.19166665
42892.26278,36.67,-158,5,0.183934179
42892.26208,36.66,-158,5,0.199386053
42892.26139,36.66,-158,5,0.197794637
42892.26069,36.66,-158,5,0.202133076
42892.26,36.66,-158,5,0.205160772
42892.25931,36.65,-158,5,0.193097668
42892.25861,36.65,-158,5,0.195820852
42892.25792,36.65,-158,5,0.195820852
42892.25722,36.64,-158,5,0.182924897
42892.25653,36.64,-158,5,0.182924897
42892.25583,36.64,-158,5,0.207526262
42892.25514,36.63,-158,5,0.187602379
42892.25444,36.63,-158,5,0.198214775
42892.24611,36.6,-158,5,0.218257829
42892.24542,36.59,-158,5,0.195993086
42892.24472,36.59,-158,5,0.186434725
42892.24403,36.59,-158,5,0.186913606
42892.24333,36.58,-158,5,0.186913606
42892.24264,36.58,-158,5,0.209358393
42892.24194,36.58,-158,5,0.209358393
42892.24125,36.58,-158,5,0.192404238
42892.24056,36.57,-158,5,0.20001901
42892.23986,36.57,-158,5,0.223679758
42892.23917,36.57,-158,5,0.231022257
42892.23847,36.56,-158,5,0.23322405
42892.23778,36.56,-158,5,0.231429428
42892.23708,36.56,-158,5,0.239435267
42892.23639,36.56,-158,5,0.230191684
42892.23569,36.55,-158,5,0.230191684
42892.235,36.55,-158,5,0.210628903
42892.23431,36.55,-158,5,0.210628903
42892.23361,36.54,-158,5,0.227616197
42892.23292,36.54,-158,5,0.227616197
42892.23222,36.54,-158,5,0.218654076
42892.23153,36.53,-158,5,0.218654076
42892.23083,36.53,-158,5,0.23413493
42892.23014,36.53,-158,5,0.214928617
42892.22944,36.53,-158,5,0.237290289
42892.22875,36.52,-158,5,0.227808851
42892.22806,36.52,-158,5,0.227808851
42892.22736,36.52,-158,5,0.167468264
42892.22667,36.51,-158,5,0.229662905
42892.22597,36.51,-158,5,0.229662905
42892.22528,36.51,-158,5,0.222342676
42892.22458,36.51,-158,5,0.222342676
42892.22389,36.5,-158,5,0.216198924
42892.22319,36.5,-158,5,0.216198924
42892.2225,36.5,-158,5,0.191567878
42892.22181,36.49,-158,5,0.247485882
42892.22111,36.49,-158,5,0.234337193
42892.22042,36.49,-158,5,0.232603304
42892.21972,36.49,-158,5,0.232603304
42892.21903,36.48,-158,5,0.213945531
42892.21833,36.48,-158,5,0.213945531
42892.21764,36.48,-158,5,0.25914309
42892.21694,36.47,-158,5,0.228856375
42892.21625,36.47,-158,5,0.228856375
42892.21556,36.47,-158,5,0.195477822
42892.21486,36.47,-158,5,0.218942159
42892.21417,36.46,-158,5,0.218942159
42892.21347,36.46,-158,5,0.214027217
42892.20514,36.43,-158.01,5,0.246110092
42892.20444,36.42,-158.01,5,0.248674458
42892.20375,36.42,-158.01,5,0.211183016
42892.20306,36.42,-158.01,5,0.231330157
42892.20236,36.41,-158.01,5,0.238581344
42892.20167,36.41,-158.01,5,0.207297256
42892.20097,36.41,-158.01,5,0.233371512
42892.20028,36.41,-158.01,5,0.238958065
42892.19958,36.4,-158.01,5,0.223522294
42892.19889,36.4,-158.01,5,0.235782059
42892.19819,36.4,-158.01,5,0.223653056
42892.1975,36.39,-158.01,5,0.22969231
42892.19681,36.39,-158.01,5,0.233965703
42892.19611,36.39,-158.01,5,0.247943478
42892.19542,36.39,-158.01,5,0.247943478
42892.19472,36.38,-158.01,5,0.25272407
42892.19403,36.38,-158.01,5,0.213016805
42892.19333,36.38,-158.01,5,0.237097934
42892.19264,36.37,-158.01,5,0.258973282
42892.19194,36.37,-158.01,5,0.231147218
42892.19125,36.37,-158.01,5,0.240282481
42892.19056,36.37,-158.01,5,0.255849276
42892.18986,36.36,-158.01,5,0.232803669
42892.18917,36.36,-158.01,5,0.249476631
42892.18847,36.36,-158.01,5,0.214172576
42892.18778,36.35,-158.01,5,0.214172576
42892.18708,36.35,-158.01,5,0.242521424
42892.18639,36.35,-158.01,5,0.234885101
42892.18569,36.35,-158.01,5,0.254148753
42892.185,36.34,-158.01,5,0.23708568
42892.18431,36.34,-158.01,5,0.216760098
42892.18361,36.34,-158.01,5,0.285518094
42892.18292,36.33,-158.01,5,0.264738395
42892.18222,36.33,-158.01,5,0.264738395
42892.18153,36.33,-158.01,5,0.245549337
42892.18083,36.33,-158.01,5,0.245549337
42892.18014,36.32,-158.01,5,0.248655595
42892.17944,36.32,-158.01,5,0.248655595
42892.17875,36.32,-158.01,5,0.27572736
42892.17806,36.32,-158.01,5,0.244379075
42892.17736,36.31,-158.01,5,0.26389997
42892.17667,36.31,-158.02,5,0.230217391
42892.17597,36.31,-158.02,5,0.256488177
42892.17528,36.3,-158.02,5,0.251910297
42892.17458,36.3,-158.02,5,0.224958208
42892.17389,36.3,-158.02,5,0.225134872
42892.17319,36.3,-158.02,5,0.254862369
42892.1725,36.29,-158.02,5,0.237070964
42892.16417,36.26,-158.01,5,0.243785152
42892.16347,36.26,-158.01,5,0.26052306
42892.16278,36.26,-158.01,5,0.212429052
42892.16208,36.26,-158.01,5,0.194699698
42892.16139,36.26,-158,5,0.241183577
42892.16069,36.26,-158,5,0.211264324
42892.16,36.26,-158,5,0.274521222
42892.15931,36.27,-158,5,0.235068418
42892.15861,36.27,-158,5,0.211078
42892.15792,36.27,-158,5,0.24078487
42892.15722,36.28,-158,5,0.278287636
42892.15653,36.28,-158,5,0.255747228
42892.15583,36.28,-158,5,0.201515169
42892.15514,36.28,-158,5,0.221158774
42892.15444,36.29,-158,5,0.221158774
42892.15375,36.29,-158,5,0.228027904
42892.15306,36.29,-158,5,0.227864344
42892.15236,36.3,-158,5,0.227864344
42892.15167,36.3,-158,5,0.18322272
42892.15097,36.3,-158,5,0.224956912
42892.15028,36.31,-158,5,0.224956912
42892.14958,36.31,-158,5,0.241445876
42892.14889,36.31,-158,5,0.22733193
42892.14819,36.31,-158,5,0.211791465
42892.1475,36.32,-158,5,0.192165521
42892.14681,36.32,-158,5,0.231290866
42892.14611,36.32,-158,5,0.26450536
42892.14542,36.33,-158,5,0.233404232
42892.14472,36.33,-158,5,0.212139999
42892.14403,36.33,-158,5,0.207157786
42892.14333,36.34,-158,5,0.207157786
42892.14264,36.34,-158,5,0.231800837
42892.14194,36.34,-158,5,0.216119625
42892.14125,36.34,-158,5,0.244691667
42892.14056,36.35,-158,5,0.275248894
42892.13986,36.35,-158,5,0.204927003
42892.13917,36.35,-158,5,0.22252903
42892.13847,36.36,-158,5,0.22102823
42892.13778,36.36,-158,5,0.280646678
42892.13708,36.36,-158,5,0.2221671
42892.13639,36.37,-158,5,0.222848712
42892.13569,36.37,-158,5,0.216002674
42892.135,36.37,-158,5,0.221968892
42892.13431,36.38,-158,5,0.247882138
42892.13361,36.38,-158,5,0.189498103
42892.13292,36.38,-158,5,0.22907849
42892.13222,36.38,-158,5,0.253890613
42892.13153,36.39,-158,5,0.202059109
42892.12319,36.42,-158,5,0.228315134
42892.1225,36.43,-158,5,0.281097307
42892.12181,36.43,-158,5,0.256100629
42892.12111,36.43,-158,5,0.256100629
42892.12042,36.44,-158,5,0.256140787
42892.11972,36.44,-158,5,0.253429858
42892.11903,36.44,-158,5,0.253429858
42892.11833,36.44,-158,5,0.253092471
42892.11764,36.45,-158,5,0.253092471
42892.11694,36.45,-158,5,0.251979863
42892.11625,36.45,-158,5,0.256569966
42892.11556,36.46,-158,5,0.232737292
42892.11486,36.46,-158,5,0.212716033
42892.11417,36.46,-158,5,0.257040104
42892.11347,36.47,-158,5,0.257040104
42892.11278,36.47,-158,5,0.229199564
42892.11208,36.47,-158,5,0.269301835
42892.11139,36.47,-158,5,0.255063242
42892.11069,36.48,-158,5,0.255063242
42892.11,36.48,-158,5,0.268781491
42892.10931,36.48,-158,5,0.25213046
42892.10861,36.49,-158,5,0.271977988
42892.10792,36.49,-158,5,0.231466684
42892.10722,36.49,-158,5,0.231466684
42892.10653,36.49,-158,5,0.231166355
42892.10583,36.5,-158,5,0.231166355
42892.10514,36.5,-158,5,0.282657945
42892.10444,36.5,-158,5,0.254014018
42892.10375,36.51,-158,5,0.253006878
42892.10306,36.51,-158,5,0.253006878
42892.10236,36.51,-158,5,0.268220983
42892.10167,36.51,-158,5,0.22882026
42892.10097,36.52,-158,5,0.22882026
42892.10028,36.52,-158,5,0.23103374
42892.09958,36.52,-158,5,0.264550507
42892.09889,36.52,-158,5,0.230730356
42892.09819,36.53,-158,5,0.246251979
42892.0975,36.53,-158,5,0.246251979
42892.09681,36.53,-158,5,0.231749879
42892.09611,36.54,-158,5,0.231749879
42892.09542,36.54,-158,5,0.283280569
42892.09472,36.54,-158,5,0.275492162
42892.09403,36.55,-158,5,0.252115227
42892.09333,36.55,-158,5,0.252115227
42892.09264,36.55,-158,5,0.284123152
42892.09194,36.55,-158,5,0.262471716
42892.09125,36.56,-158,5,0.220694634
42892.09056,36.56,-158,5,0.261159766
42892.08222,36.6,-158,5,0.210641394
42892.08153,36.6,-158,5,0.194433047
42892.08083,36.6,-158,5,0.194433047
42892.08014,36.61,-158,5,0.233729152
42892.07944,36.61,-158,5,0.204453517
42892.07875,36.61,-158,5,0.255193867
42892.07806,36.62,-158,5,0.224558614
42892.07736,36.62,-158,5,0.224558614
42892.07667,36.62,-158,5,0.231418083
42892.07597,36.62,-158,5,0.248410864
42892.07528,36.63,-158,5,0.233768684
42892.07458,36.63,-158,5,0.233768684
42892.07389,36.63,-158,5,0.273435669
42892.07319,36.64,-158,5,0.274987731
42892.0725,36.64,-158,5,0.238477185
42892.07181,36.64,-158,5,0.2303942
42892.07111,36.65,-158,5,0.25255091
42892.07042,36.65,-158,5,0.25255091
42892.06972,36.65,-158,5,0.20679775
42892.06903,36.65,-158,5,0.20679775
42892.06833,36.66,-158,5,0.235030914
42892.06764,36.66,-158,5,0.246227113
42892.06694,36.66,-158,5,0.223014423
42892.06625,36.67,-158,5,0.219220202
42892.06556,36.67,-158,5,0.189061182
42892.06486,36.67,-158,5,0.232879411
42892.06417,36.67,-158,5,0.242490035
42892.06347,36.68,-158,5,0.242490035
42892.06278,36.68,-158,5,0.231367787
42892.06208,36.68,-158,5,0.231367787
42892.06139,36.69,-158,5,0.265897431
42892.06069,36.69,-158,5,0.250468814
42892.06,36.69,-158,5,0.266426617
42892.05931,36.7,-158,5,0.266426617
42892.05722,36.7,-158,5,0.219851628
42892.05653,36.71,-158,5,0.219851628
42892.05583,36.71,-158,5,0.23170296
42892.05514,36.71,-158,5,0.174678659
42892.05444,36.72,-158,5,0.213513025
42892.05375,36.72,-158,5,0.229917875
42892.05306,36.72,-158,5,0.230918238
42892.05236,36.72,-158,5,0.238534896
42892.05167,36.73,-158,5,0.235448924
42892.05097,36.73,-158,5,0.234315166
42892.05028,36.73,-158,5,0.213863095
42892.04958,36.74,-158,5,0.213863095
42892.04125,36.77,-158,5,0.249782203
42892.04056,36.78,-158,5,0.197485417
42892.03986,36.78,-158,5,0.192220918
42892.03917,36.78,-158,5,0.194270061
42892.03847,36.78,-158,5,0.265484262
42892.03778,36.79,-158,5,0.215956943
42892.03708,36.79,-158,5,0.199375239
42892.03639,36.79,-158,5,0.199375239
42892.03569,36.8,-158,5,0.257289537
42892.035,36.8,-158,5,0.187713303
42892.03431,36.8,-158,5,0.229846718
42892.03361,36.81,-158,5,0.229846718
42892.03292,36.81,-158,5,0.210986164
42892.03222,36.81,-158,5,0.213934441
42892.03153,36.81,-158,5,0.213934441
42892.03083,36.82,-158,5,0.241253677
42892.03014,36.82,-158,5,0.241253677
42892.02944,36.82,-158,5,0.226180354
42892.02875,36.83,-158,5,0.226626646
42892.02806,36.83,-158,5,0.226626646
42892.02736,36.83,-158,5,0.207425778
42892.02667,36.84,-158,5,0.195415572
42892.02597,36.84,-158,5,0.124038349
42892.02528,36.84,-158,5,0.225010464
42892.02458,36.84,-158,5,0.183792812
42892.02389,36.85,-158,5,0.230537837
42892.02319,36.85,-158,5,0.23552296
42892.0225,36.85,-158,5,0.215332092
42892.02181,36.86,-158,5,0.215332092
42892.02111,36.86,-158,5,0.224573787
42892.02042,36.86,-158,5,0.222114436
42892.01972,36.87,-158,5,0.154084578
42892.01903,36.87,-158,5,0.218906916
42892.01833,36.87,-158,5,0.218906916
42892.01764,36.87,-158,5,0.250925388
42892.01694,36.88,-158,5,0.179650156
42892.01625,36.88,-158,5,0.196393152
42892.01556,36.88,-158,5,0.248277536
42892.01486,36.89,-158,5,0.248277536
42892.01417,36.89,-158,5,0.265516695
42892.01347,36.89,-158,5,0.217778093
42892.01278,36.9,-158,5,0.217778093
42892.01208,36.9,-158,5,0.213810145
42892.01139,36.9,-158,5,0.21343136
42892.01069,36.9,-158,5,0.230724716
42892.01,36.91,-158,5,0.206252644
42892.00931,36.91,-158,5,0.206252644
42892.00861,36.91,-158,5,0.229538933
42892.00028,36.95,-158,5,0.253498646
42891.99958,36.95,-158,5,0.227449383
42891.99889,36.96,-158,5,0.227449383
42891.99819,36.96,-158,5,0.234406319
42891.9975,36.96,-158,5,0.242985288
42891.99681,36.96,-158,5,0.225099493
42891.99611,36.97,-158,5,0.218640518
42891.99542,36.97,-158,5,0.236230314
42891.99472,36.97,-158,5,0.249499098
42891.99403,36.98,-158,5,0.229375991
42891.99333,36.98,-158,5,0.207091853
42891.99264,36.98,-158,5,0.223090529
42891.99194,36.98,-158,5,0.259446829
42891.99125,36.99,-158,5,0.221205913
42891.99056,36.99,-158,5,0.221205913
42891.98986,36.99,-158,5,0.217185498
42891.98917,37,-158,5,0.251042815
42891.98847,37,-158,5,0.22638826
42891.98778,37,-158,5,0.257296768
42891.98708,37.01,-158,5,0.231373589
42891.98639,37.01,-158,5,0.231373589
42891.98569,37.01,-158,5,0.234075081
42891.985,37.01,-158,5,0.234075081
42891.98431,37.02,-158,5,0.256869333
42891.98361,37.02,-158,5,0.247629333
42891.98292,37.02,-158,5,0.247629333
42891.98222,37.03,-158,5,0.214456669
42891.98153,37.03,-158,5,0.206181853
42891.98083,37.03,-158,5,0.244429836
42891.98014,37.04,-158,5,0.204433643
42891.97944,37.04,-158,5,0.216315509
42891.97875,37.04,-158,5,0.233619815
42891.97806,37.04,-158,5,0.252395939
42891.97736,37.05,-158,5,0.2119707
42891.97667,37.05,-158,5,0.231369144
42891.97597,37.05,-158,5,0.246309987
42891.97528,37.06,-158,5,0.231076096
42891.97458,37.06,-158,5,0.220154599
42891.97389,37.06,-158,5,0.219630609
42891.97319,37.07,-158,5,0.219630609
42891.9725,37.07,-158,5,0.223324202
42891.97181,37.07,-158,5,0.234340556
42891.97111,37.07,-158,5,0.234340556
42891.97042,37.08,-158,5,0.225476851
42891.96972,37.08,-158,5,0.22667043
42891.96903,37.08,-158,5,0.296601853
42891.96833,37.09,-158,5,0.243280288
42891.96764,37.09,-158,5,0.228119942
42891.96694,37.09,-158,5,0.228119942
42891.95931,37.12,-158,5,0.208818564
42891.95861,37.13,-158,5,0.173198773
42891.95792,37.13,-158,5,0.218465939
42891.95722,37.13,-158,5,0.168533766
42891.95653,37.14,-158,5,0.179594588
42891.95583,37.14,-158,5,0.179594588
42891.95514,37.14,-158,5,0.223398464
42891.95444,37.15,-158,5,0.223398464
42891.95375,37.15,-158,5,0.251118554
42891.95306,37.15,-158,5,0.251118554
42891.95236,37.15,-158,5,0.166723094
42891.95167,37.16,-158,5,0.144949195
42891.95097,37.16,-158,5,0.225282521
42891.95028,37.16,-158,5,0.225282521
42891.94958,37.17,-158,5,0.179756119
42891.94889,37.17,-158,5,0.179756119
42891.94819,37.17,-158,5,0.20542494
42891.9475,37.18,-158,5,0.177624027
42891.94681,37.18,-158,5,0.206411539
42891.94611,37.18,-158,5,0.211260696
42891.94542,37.18,-158,5,0.234578146
42891.94472,37.19,-158,5,0.192226056
42891.94403,37.19,-158,5,0.215373414
42891.94333,37.19,-158,5,0.207483143
42891.94264,37.2,-158,5,0.207483143
42891.94194,37.2,-158,5,0.198327285
42891.94125,37.2,-158,5,0.198327285
42891.94056,37.21,-158,5,0.203746825
42891.93986,37.21,-158,5,0.216600061
42891.93917,37.21,-158,5,0.216600061
42891.93847,37.21,-158,5,0.225721888
42891.93778,37.22,-158,5,0.225721888
42891.93708,37.22,-158,5,0.194468012
42891.93639,37.22,-158,5,0.232113741
42891.93569,37.23,-158,5,0.216041258
42891.935,37.23,-158,5,0.232674226
42891.93431,37.23,-158,5,0.232674226
42891.93361,37.23,-158,5,0.220120967
42891.93292,37.24,-158,5,0.199995185
42891.93222,37.24,-158,5,0.199995185
42891.93153,37.24,-158,5,0.194389238
42891.93083,37.25,-158,5,0.206258954
42891.93014,37.25,-158,5,0.202797009
42891.92944,37.25,-158,5,0.202797009
42891.92875,37.26,-158,5,0.192407215
42891.92806,37.26,-158,5,0.164183026
42891.92736,37.26,-158,5,0.212957086
42891.92667,37.26,-158,5,0.212957086
42891.91833,37.3,-158,5,0.211044051
42891.91764,37.3,-158,5,0.272246626
42891.91694,37.31,-158,5,0.170731366
42891.91625,37.31,-158,5,0.204646039
42891.91556,37.31,-158,5,0.203741929
42891.91486,37.31,-158,5,0.198519622
42891.91417,37.32,-158,5,0.226912184
42891.91347,37.32,-158,5,0.203054963
42891.91278,37.32,-158,5,0.225046847
42891.91208,37.33,-158,5,0.161044691
42891.91139,37.33,-158,5,0.161044691
42891.91069,37.33,-158,5,0.209406573
42891.91,37.33,-158,5,0.221156927
42891.90931,37.34,-158,5,0.221836447
42891.90861,37.34,-158,5,0.207468751
42891.90792,37.34,-158,5,0.207468751
42891.90722,37.35,-158,5,0.172425631
42891.90653,37.35,-158,5,0.197198447
42891.90583,37.35,-158,5,0.234112773
42891.90514,37.36,-158,5,0.215639452
42891.90444,37.36,-158,5,0.188312377
42891.90375,37.36,-158,5,0.181529879
42891.90306,37.36,-158,5,0.213624565
42891.90236,37.37,-158,5,0.205836407
42891.90167,37.37,-158,5,0.217605652
42891.90097,37.37,-158,5,0.248581042
42891.90028,37.38,-158,5,0.139713407
42891.89958,37.38,-158,5,0.206617134
42891.89889,37.38,-158,5,0.231518051
42891.89819,37.38,-158,5,0.214329562
42891.8975,37.39,-158,5,0.225635205
42891.89681,37.39,-158,5,0.225635205
42891.89611,37.39,-158,5,0.132860131
42891.89542,37.4,-158,5,0.206574997
42891.89472,37.4,-158,5,0.204859162
42891.89403,37.4,-158,5,0.201086577
42891.89333,37.41,-158,5,0.177906089
42891.89264,37.41,-158,5,0.147413862
42891.89194,37.41,-158,5,0.183258726
42891.89125,37.41,-158,5,0.16668707
42891.89056,37.42,-158,5,0.196152305
42891.88986,37.42,-158,5,0.213248848
42891.88917,37.42,-158,5,0.218279297
42891.88847,37.43,-158,5,0.166511778
42891.88778,37.43,-158,5,0.126363595
42891.88708,37.43,-158,5,0.126546999
42891.88639,37.44,-158,5,0.161179936
42891.88569,37.44,-158,5,0.133788478
42891.87736,37.47,-158,5,0.076248585
42891.87667,37.48,-158,5,0.144037858
42891.87528,37.48,-158,5,0.098628948
42891.87458,37.49,-158,5,0.098628948
42891.87389,37.49,-158,5,0.141788678
42891.87319,37.49,-158,5,0.132975837
42891.8725,37.49,-158,5,0.098687661
42891.87181,37.5,-158,5,0.12755604
42891.87042,37.5,-158,5,0.111948271
42891.86972,37.5,-158,5,0.092919932
42891.86833,37.5,-158,5,0.112717404
42891.86764,37.5,-158,5,0.079782069
42891.86694,37.5,-158,5,0.096781843
42891.86625,37.5,-158,5,0.111059316
42891.86486,37.5,-158,5,0.174055693
42891.86417,37.5,-158,5,0.128688949
42891.85861,37.5,-158,5,0.119447478
42891.85792,37.5,-158,5,0.117933574
42891.85722,37.5,-158,5,0.130730279
42891.85653,37.5,-158,5,0.098431142
42891.85583,37.5,-158,5,0.103485093
42891.85514,37.5,-158,5,0.096707854
42891.85444,37.5,-158,5,0.13360141
42891.85306,37.5,-158,5,0.082926786
42891.85236,37.5,-158,5,0.082926786
42891.85097,37.5,-158,5,0.076948403
42891.84958,37.5,-158,5,0.126473186
42891.84889,37.5,-158,5,0.093183619
42891.84819,37.5,-158,5,0.093183619
42891.84681,37.5,-158,5,0.093447828
42891.84611,37.5,-158,5,0.093447828
42891.84542,37.5,-158,5,0.103321951
42891.83639,37.5,-158,5,0.075137527
42891.835,37.5,-158,5,0.092151577
42891.83431,37.5,-158,5,0.092151577
42891.83361,37.5,-158,5,0.075022131
42891.83153,37.5,-158,5,0.099668412
42891.82736,37.5,-158,5,0.099097195
42891.8225,37.5,-158,5,0.106274587
42891.81972,37.5,-158,5,0.099572566
42891.81833,37.5,-158,5,0.122818929
42891.81694,37.5,-158,5,0.078208722
42891.81625,37.5,-158,5,0.091318603
42891.81556,37.5,-158,5,0.171915083
42891.81278,37.5,-158,5,0.129786381
42891.81139,37.5,-158,5,0.080776953
42891.80931,37.5,-158,5,0.095609109
42891.80861,37.5,-158,5,0.095609109
42891.80792,37.5,-158,5,0.085838742
42891.80722,37.5,-158,5,0.084102941
42891.80653,37.5,-158,5,0.112579102
42891.80583,37.5,-158,5,0.112579102
42891.80514,37.5,-158,5,0.080916923
42891.79472,37.5,-158,5,0.079662109
42891.79264,37.5,-158,5,0.08456397
42891.79194,37.5,-158,5,0.108602919
42891.79125,37.5,-158,5,0.108602919
42891.78639,37.5,-158,5,0.095225037
42891.78431,37.5,-158,5,0.08087553
42891.78361,37.5,-158,5,0.117798487
42891.78292,37.5,-158,5,0.094443639
42891.77806,37.5,-158,5,0.123433401
42891.77736,37.5,-158,5,0.116313291
42891.77389,37.5,-158,5,0.1290608
42891.77319,37.5,-158,5,0.1290608
42891.7725,37.5,-158,5,0.104529853
42891.77181,37.5,-158,5,0.169582658
42891.77042,37.5,-158,5,0.078522283
42891.76972,37.5,-158,5,0.103362685
42891.76833,37.5,-158,5,0.105506124
42891.76556,37.5,-158,5,0.135037908
42891.76486,37.5,-158,5,0.161530978
42891.76417,37.5,-158,5,0.165993463
42891.76347,37.5,-158,5,0.109528735
42891.76278,37.5,-158,5,0.09492227
42891.75375,37.5,-158,5,0.1976616
42891.75306,37.5,-158,5,0.182683797
42891.75236,37.5,-158,5,0.19825367
42891.75167,37.5,-158,5,0.164959156
42891.75097,37.5,-158,5,0.216082744
42891.75028,37.5,-158,5,0.189997309
42891.74958,37.5,-158,5,0.204993043
42891.74889,37.5,-158,5,0.140381885
42891.74819,37.5,-158,5,0.214404907
42891.7475,37.5,-158,5,0.176717405
42891.74681,37.5,-158,5,0.176717405
42891.74611,37.5,-158,5,0.16960596
42891.74542,37.5,-158,5,0.151019693
42891.74472,37.5,-158,5,0.223128752
42891.74403,37.51,-158,5,0.209522957
42891.74333,37.51,-158,5,0.267534809
42891.74264,37.51,-158,5,0.251977265
42891.74194,37.51,-158,5,0.251977265
42891.74125,37.52,-158,5,0.208693248
42891.74056,37.52,-158,5,0.231597976
42891.73986,37.52,-158,5,0.250979072
42891.73917,37.52,-158,5,0.183555015
42891.73847,37.53,-158,5,0.270620453
42891.73778,37.53,-158,5,0.223626447
42891.73708,37.53,-158,5,0.223626447
42891.73639,37.53,-158,5,0.181851407
42891.73569,37.54,-158,5,0.199787145
42891.735,37.54,-158,5,0.199787145
42891.73431,37.54,-158,5,0.21553702
42891.73361,37.55,-158,5,0.21553702
42891.73292,37.55,-158,5,0.109262176
42891.73222,37.55,-158,5,0.109262176
42891.73153,37.56,-158,5,0.151357411
42891.73083,37.56,-158,5,0.151357411
42891.73014,37.56,-158,5,0.180693767
42891.72944,37.56,-158,5,0.159040002
42891.72875,37.57,-158,5,0.188725813
42891.72806,37.57,-158,5,0.143326586
42891.72736,37.57,-158,5,0.166702888
42891.72667,37.58,-158,5,0.139957318
42891.72597,37.58,-158,5,0.144299974
42891.72528,37.58,-158,5,0.144299974
42891.72458,37.58,-158,5,0.155495175
42891.72389,37.59,-158,5,0.158378016
42891.72319,37.59,-158,5,0.117216772
42891.7225,37.59,-158,5,0.117216772
42891.72181,37.6,-158,5,0.208429971
42891.71139,37.64,-158,5,0.120586571
42891.71,37.65,-158,5,0.119134351
42891.70931,37.65,-158,5,0.104564333
42891.70861,37.65,-158,5,0.20007235
42891.70792,37.65,-158,5,0.13491147
42891.70722,37.66,-158,5,0.137139348
42891.70653,37.66,-158,5,0.171768542
42891.70583,37.66,-158,5,0.142462001
42891.70514,37.67,-158,5,0.127221728
42891.70444,37.67,-158,5,0.127221728
42891.70375,37.67,-158,5,0.129338217
42891.70306,37.67,-158,5,0.10910332
42891.70236,37.68,-158,5,0.182328212
42891.70167,37.68,-158,5,0.122447788
42891.70097,37.68,-158,5,0.147869494
42891.70028,37.69,-158,5,0.168105598
42891.69958,37.69,-158,5,0.168105598
42891.69889,37.69,-158,5,0.126187801
42891.6975,37.7,-158,5,0.194011485
42891.69681,37.7,-158,5,0.157529783
42891.69611,37.7,-158,5,0.201448596
42891.69542,37.71,-158,5,0.168726334
42891.69472,37.71,-158,5,0.142971926
42891.69403,37.71,-158,5,0.16453565
42891.69333,37.71,-158,5,0.181466013
42891.69264,37.72,-158,5,0.191063996
42891.69194,37.72,-158,5,0.256965952
42891.69125,37.72,-158,5,0.202003456
42891.69056,37.73,-158,5,0.199711096
42891.68986,37.73,-158,5,0.18444104
42891.68917,37.73,-158,5,0.207048051
42891.68847,37.73,-158,5,0.120035513
42891.68778,37.74,-158,5,0.180873824
42891.68708,37.74,-158,5,0.214133841
42891.685,37.75,-158,5,0.259753317
42891.68431,37.75,-158,5,0.24865496
42891.68361,37.76,-158,5,0.276346602
42891.68292,37.76,-158,5,0.259948872
42891.68222,37.76,-158,5,0.260580759
42891.68153,37.76,-158,5,0.223943918
42891.68083,37.77,-158,5,0.20760054
42891.67181,37.81,-158,5,0.186055418
42891.67111,37.81,-158,5,0.176847148
42891.67042,37.81,-158,5,0.257418224
42891.66972,37.81,-158,5,0.285143014
42891.66903,37.82,-158,5,0.130890122
42891.66833,37.82,-158,5,0.213404039
42891.66764,37.82,-158,5,0.234720987
42891.66694,37.83,-158,5,0.273342719
42891.66625,37.83,-158,5,0.273342719
42891.66556,37.83,-158,5,0.275559928
42891.66486,37.83,-158,5,0.270396726
42891.66417,37.84,-158,5,0.22241483
42891.66347,37.84,-158,5,0.266243291
42891.66278,37.84,-158,5,0.253175484
42891.66208,37.85,-158,5,0.271967828
42891.66139,37.85,-158,5,0.22558738
42891.66069,37.85,-158,5,0.252254581
42891.66,37.85,-158,5,0.263513451
42891.65931,37.86,-158,5,0.270051487
42891.65861,37.86,-158,5,0.16061736
42891.65792,37.86,-158,5,0.188984277
42891.65722,37.87,-158,5,0.128322985
42891.65653,37.87,-158,5,0.253777499
42891.65583,37.87,-158,5,0.099463393
42891.65514,37.88,-158,5,0.180119829
42891.65444,37.88,-158,5,0.164708024
42891.65375,37.88,-158,5,0.17773891
42891.65306,37.88,-158,5,0.239083025
42891.65236,37.89,-158,5,0.239083025
42891.65167,37.89,-158,5,0.201449227
42891.65097,37.89,-158,5,0.207464623
42891.65028,37.9,-158,5,0.137353982
42891.64958,37.9,-158,5,0.137353982
42891.64889,37.9,-158,5,0.098018511
42891.64819,37.9,-158,5,0.187274167
42891.6475,37.91,-158,5,0.134907929
42891.64681,37.91,-158,5,0.141161905
42891.64611,37.91,-158,5,0.19807539
42891.64542,37.92,-158,5,0.207410086
42891.64472,37.92,-158,5,0.12866568
42891.64403,37.92,-158,5,0.167017409
42891.64333,37.93,-158,5,0.172487545
42891.64264,37.93,-158,5,0.193614278
42891.64194,37.93,-158,5,0.14623513
42891.64125,37.93,-158,5,0.147903618
42891.64056,37.94,-158,5,0.190517495
42891.63986,37.94,-158,5,0.195031174
42891.63153,37.97,-158,5,0.160787376
42891.63083,37.98,-158,5,0.192154439
42891.63014,37.98,-158,5,0.215619443
42891.62944,37.98,-158,5,0.189191238
42891.62875,37.99,-158,5,0.137985421
42891.62806,37.99,-158,5,0.155408443
42891.62736,37.99,-158,5,0.14431291
42891.62667,37.99,-158,5,0.17772431
42891.62597,38,-158,5,0.163380208
42891.62528,38,-158,5,0.163380208
42891.62458,38,-158,5,0.113886371
42891.62389,38,-158,5,0.162093085
42891.62319,38,-158,5,0.11896389
42891.6225,38,-158,5,0.107721311
42891.62181,38,-158,5,0.135821331
42891.62111,38,-158,5,0.165323774
42891.62042,38,-158,5,0.128656353
42891.61972,38,-158,5,0.155689065
42891.61903,38,-158,5,0.124709831
42891.61833,38,-158,5,0.193707974
42891.61764,38,-158,5,0.193707974
42891.61694,38,-158,5,0.212849899
42891.61625,38,-158,5,0.079783033
42891.61556,38,-158,5,0.092905601
42891.61486,38,-158,5,0.175818409
42891.61417,38,-158,5,0.203853526
42891.61347,38,-158,5,0.112319879
42891.61278,38,-158,5,0.181227841
42891.61208,38,-158,5,0.151277093
42891.61139,38,-158,5,0.183287622
42891.61069,38,-158,5,0.100322883
42891.61,38,-158,5,0.181771523
42891.60931,38,-158,5,0.168114809
42891.60861,38,-158,5,0.172140915
42891.60792,38,-158,5,0.153577154
42891.60722,38,-158,5,0.153577154
42891.60653,38,-158,5,0.107032125
42891.60583,38,-158,5,0.075981849
42891.60514,38,-158,5,0.124354808
42891.60444,38,-158,5,0.124354808
42891.60375,38,-158,5,0.174118904
42891.60306,38,-158,5,0.105469416
42891.60236,38,-158,5,0.142925873
42891.60167,38,-158,5,0.107066799
42891.60097,38,-158,5,0.178321621
42891.60028,38,-158,5,0.097154071
42891.59958,38,-158,5,0.095149953
42891.59889,38,-158,5,0.164093395
42891.59056,38,-158,5,0.155126069
42891.58986,38,-158,5,0.177472613
42891.58917,38,-158,5,0.124489466
42891.58847,38,-158,5,0.163868307
42891.58778,38,-158,5,0.149861119
42891.58708,38,-158,5,0.125242031
42891.58639,38,-158,5,0.183538034
42891.58569,38,-158,5,0.161158993
42891.585,38,-158,5,0.186410855
42891.58431,38,-158,5,0.169242347
42891.58292,38,-158,5,0.175076749
42891.58222,38,-158,5,0.110414121
42891.58153,38,-158,5,0.124873722
42891.58083,38,-158,5,0.120482434
42891.58014,38,-158,5,0.158515343
42891.57944,38,-158,5,0.183289451
42891.57875,38,-158,5,0.184694011
42891.57806,38,-158,5,0.202539846
42891.57736,38,-158,5,0.178880474
42891.57667,38,-158,5,0.140359551
42891.57597,38,-158,5,0.108854639
42891.57458,38,-158,5,0.129132746
42891.57389,38,-158,5,0.185660965
42891.57319,38,-158,5,0.200515042
42891.5725,38,-158,5,0.202781888
42891.57181,38,-158,5,0.275684831
42891.57111,38,-158,5,0.204246501
42891.57042,38,-158,5,0.091625958
42891.56972,38,-158,5,0.180381169
42891.56903,38,-158,5,0.189478617
42891.56833,38,-158,5,0.178969127
42891.56764,38,-158,5,0.21114556
42891.56694,38,-158,5,0.173700565
42891.56625,38,-158,5,0.187992892
42891.56556,38,-158,5,0.214544092
42891.56486,38,-158,5,0.194843339
42891.56417,38,-158,5,0.203605574
42891.56347,38,-158,5,0.291088352
42891.56278,38,-158,5,0.244988726
42891.56208,38,-158,5,0.269477935
42891.56139,38,-158,5,0.138394185
42891.56069,38,-158,5,0.208325231
42891.56,38,-158,5,0.21480386
42891.55931,38,-158,5,0.194974779
42891.55861,38,-158,5,0.199413171
42891.55792,38,-158,5,0.115808034
42891.54958,38,-158,5,0.175738529
42891.54889,38,-158,5,0.140045913
42891.54819,38,-158,5,0.227137059
42891.5475,38,-158,5,0.225352187
42891.54681,38,-158,5,0.202207549
42891.54611,38,-158,5,0.289247671
42891.54542,38,-158,5,0.266316503
42891.54472,38,-158,5,0.253152957
42891.54264,38,-158,5,0.291472167
42891.54194,38,-158,5,0.291472167
42891.53847,38,-158,5,0.26167508
42891.53708,38,-158,5,0.267629462
42891.53639,38,-158,5,0.282767059
42891.53569,38,-158,5,0.282767059
42891.535,38,-158,5,0.22257846
42891.53431,38,-158,5,0.237452772
42891.53361,38,-158,5,0.174367187
42891.53292,38,-158,5,0.174367187
42891.53222,38,-158,5,0.294122172
42891.53153,38,-158,5,0.243315766
42891.53083,38,-158,5,0.214276772
42891.53014,38,-158,5,0.214276772
42891.52944,38,-158,5,0.238742697
42891.52875,38,-158,5,0.236269993
42891.52806,38,-158,5,0.236269993
42891.52736,38,-158,5,0.282888956
42891.52667,38,-158,5,0.264765705
42891.52597,38,-158,5,0.264765705
42891.52528,38,-158,5,0.197093164
42891.52458,38,-158,5,0.232715912
42891.52389,38,-158,5,0.232715912
42891.52319,38,-158,5,0.208521828
42891.5225,38,-158,5,0.261759403
42891.52181,38,-158,5,0.24116781
42891.52111,38,-158,5,0.24116781
42891.52042,38,-158,5,0.194567014
42891.51972,38,-158,5,0.254514425
42891.51903,38,-158,5,0.244258071
42891.51833,38,-158,5,0.244258071
42891.51764,38,-158,5,0.288490104
42891.51694,38,-158,5,0.239761613
42891.51625,38,-158,5,0.239761613
42891.50861,38,-158,5,0.236501485
42891.50792,38,-158,5,0.26140052
42891.50722,38,-158,5,0.247635125
42891.50653,38,-158,5,0.247635125
42891.50583,38,-158,5,0.219009178
42891.50514,38,-158,5,0.240580675
42891.50444,38,-158,5,0.258749559
42891.50375,38,-158,5,0.183037086
42891.50306,38,-158,5,0.129244133
42891.50236,38,-158,5,0.129244133
42891.50167,38,-158,5,0.179676352
42891.50097,38,-158,5,0.179676352
42891.50028,38,-158,5,0.278157853
42891.49958,38,-158,5,0.202222529
42891.49889,38,-158,5,0.224061392
42891.49819,38,-158,5,0.272919452
42891.4975,38,-158,5,0.225719833
42891.49681,38,-158,5,0.210294673
42891.49611,38,-158,5,0.210294673
42891.49542,38,-158,5,0.225343493
42891.49472,38,-158,5,0.281715311
42891.49403,38,-158,5,0.281715311
42891.49333,38,-158,5,0.276796578
42891.49264,38,-158,5,0.285838058
42891.49194,38,-158,5,0.231824249
42891.49056,38,-158,5,0.293098369
42891.48986,38,-158,5,0.230926713
42891.48847,38,-158,5,0.223827799
42891.48778,38,-158,5,0.223827799
42891.48708,38,-158,5,0.180646323
42891.48639,38,-158,5,0.204295864
42891.48569,38,-158,5,0.26583889
42891.485,38,-158,5,0.26583889
42891.48431,38,-158,5,0.290970664
42891.48361,38,-158,5,0.263667558
42891.48292,38,-158,5,0.263667558
42891.48222,38,-158,5,0.232991002
42891.48153,38,-158,5,0.226055549
42891.48083,38,-158,5,0.269799808
42891.48014,38,-158,5,0.269799808
42891.47944,38,-158,5,0.17772238
42891.47875,38,-158,5,0.234533432
42891.47806,38,-158,5,0.234533432
42891.47736,38,-158,5,0.261320885
42891.47667,38,-158,5,0.261320885
42891.47597,38,-158,5,0.271565664
42891.46764,38,-158,5,0.220853189
42891.46694,38,-158,5,0.208833152
42891.46625,38,-158,5,0.195218493
42891.46556,38,-158,5,0.139605138
42891.46486,38,-158,5,0.161971746
42891.46417,38,-158,5,0.176740028
42891.46347,38,-158,5,0.21918771
42891.46278,38,-158,5,0.227403782
42891.46208,38,-158,5,0.277642087
42891.46139,38,-158,5,0.171184301
42891.46069,38,-158,5,0.240380493
42891.46,38,-158,5,0.17189239
42891.45931,38,-158,5,0.261313286
42891.45861,38,-158,5,0.261313286
42891.45792,38,-158,5,0.249440878
42891.45722,38,-158,5,0.236168002
42891.45653,38,-158,5,0.261564952
42891.45583,38,-158,5,0.181787504
42891.45514,38,-158,5,0.226506389
42891.45444,38,-158,5,0.277724447
42891.45375,38,-158,5,0.223243418
42891.45306,38,-158,5,0.242922119
42891.45236,38,-158,5,0.230194237
42891.45167,38,-158,5,0.194612118
42891.45097,38,-158,5,0.196361203
42891.45028,38,-158,5,0.237062895
42891.44958,38,-158,5,0.203205313
42891.44889,38,-158,5,0.272162896
42891.44819,38,-158,5,0.226348652
42891.4475,38,-158,5,0.228496892
42891.44681,38,-158,5,0.176110234
42891.44611,38,-158,5,0.219497315
42891.44542,38,-158,5,0.247576806
42891.44472,38,-158,5,0.222784628
42891.44403,38,-158,5,0.217331376
42891.44333,38,-158,5,0.274277615
42891.44264,38,-158,5,0.218089957
42891.44194,38,-158,5,0.183133521
42891.44125,38,-158,5,0.11582746
42891.44056,38,-158,5,0.181747078
42891.43986,38,-158,5,0.201663821
42891.43917,38,-158,5,0.191293901
42891.43847,38,-158,5,0.202182029
42891.43778,38,-158,5,0.141378051
42891.43708,38,-158,5,0.211824688
42891.43639,38,-158,5,0.270314472
42891.43569,38,-158,5,0.117913569
42891.435,38,-158,5,0.144061511
42891.42667,38,-158,5,0.264004216
42891.42597,38,-158,5,0.217495326
42891.42528,38,-158,5,0.233909743
42891.42458,38,-158,5,0.236453455
42891.42389,38,-158,5,0.179059955
42891.42319,38,-158,5,0.254255219
42891.4225,38,-158,5,0.190656591
42891.42181,38,-158,5,0.190656591
42891.42111,38,-158,5,0.215197065
42891.42042,38,-158,5,0.24883976
42891.41972,38,-158,5,0.183886248
42891.41903,38,-158,5,0.249339265
42891.41833,38,-158,5,0.211038255
42891.41764,38,-158,5,0.213454583
42891.41694,38,-158,5,0.13132614
42891.41625,38,-158,5,0.198246092
42891.41556,38,-158,5,0.284981007
42891.41486,38,-158,5,0.221212106
42891.41417,38,-158,5,0.19804589
42891.41347,38,-158,5,0.166025967
42891.41278,38,-158,5,0.218195242
42891.41208,38,-158,5,0.215642517
42891.41139,38,-158,5,0.227598151
42891.41069,38,-158,5,0.169436131
42891.41,38,-158,5,0.220484886
42891.40931,38,-158,5,0.247666133
42891.40861,38,-158,5,0.213528424
42891.40792,38,-158,5,0.23552902
42891.40722,38,-158,5,0.241256861
42891.40653,38,-158,5,0.220963891
42891.40583,38,-158,5,0.187846698
42891.40514,38,-158,5,0.175588371
42891.40444,38,-158,5,0.205133314
42891.40375,38,-158,5,0.249080736
42891.40306,38,-158,5,0.236185756
42891.40236,38,-158,5,0.26215744
42891.40167,38,-158,5,0.197524085
42891.40097,38,-158,5,0.227247137
42891.40028,38,-158,5,0.201970363
42891.39958,38,-158,5,0.215665126
42891.39889,38,-158,5,0.218224898
42891.39819,38,-158,5,0.224002303
42891.3975,38,-158,5,0.128255553
42891.39681,38,-158,5,0.177469861
42891.39611,38,-158,5,0.185125605
42891.39542,38,-158,5,0.258446925
42891.39472,38,-158,5,0.232048065
42891.39403,38,-158,5,0.170927656
42891.38569,38,-158,5,0.17510953
42891.385,38,-158,5,0.256078623
42891.38431,38,-158,5,0.218878185
42891.38361,38,-158,5,0.218878185
42891.38292,38,-158,5,0.240044919
42891.38222,38,-158,5,0.270313703
42891.38153,38,-158,5,0.230840624
42891.38083,38,-158,5,0.270397669
42891.38014,38,-158,5,0.11205455
42891.37944,38,-158,5,0.186588905
42891.37875,38,-158,5,0.160878924
42891.37806,38,-158,5,0.20207529
42891.37736,38,-158,5,0.183524598
42891.37667,38,-158,5,0.125002196
42891.37597,38,-158,5,0.1988373
42891.37528,38,-158,5,0.190692894
42891.37458,38,-158,5,0.264415134
42891.37389,38,-158,5,0.264415134
42891.37319,38,-158,5,0.247824392
42891.3725,38,-158,5,0.244082913
42891.37181,38,-158,5,0.244082913
42891.37111,38,-158,5,0.295824437
42891.37042,38,-158,5,0.232506782
42891.36972,38,-158,5,0.219341249
42891.36903,38,-158,5,0.165153346
42891.36833,38,-158,5,0.293786893
42891.36764,38,-158,5,0.231164472
42891.36694,38,-158,5,0.286347362
42891.36625,38,-158,5,0.240143986
42891.36556,38,-158,5,0.176434613
42891.36486,38.01,-158,5,0.26017394
42891.36417,38.01,-158,5,0.18738075
42891.36347,38.01,-158,5,0.22682405
42891.36278,38.01,-158,5,0.247623619
42891.36208,38.01,-158,5,0.247623619
42891.36139,38.01,-158,5,0.275535863
42891.36069,38.02,-158,5,0.271837179
42891.36,38.02,-158,5,0.177999711
42891.35931,38.02,-158,5,0.241848871
42891.35861,38.02,-158,5,0.222035159
42891.35792,38.02,-158,5,0.250184839
42891.35722,38.03,-158,5,0.252332538
42891.35653,38.03,-158,5,0.252199471
42891.35583,38.03,-158,5,0.196112136
42891.35514,38.03,-158,5,0.22723141
42891.35444,38.04,-158,5,0.165577463
42891.35375,38.04,-158,5,0.165577463
42891.35306,38.04,-158,5,0.142181362
42891.34472,38.07,-158,5,0.15151734
42891.34403,38.07,-158,5,0.253464921
42891.34333,38.07,-158,5,0.183836511
42891.34264,38.07,-158,5,0.204024797
42891.34194,38.08,-158,5,0.243727366
42891.34125,38.08,-158,5,0.209078069
42891.34056,38.08,-158,5,0.252868732
42891.33986,38.08,-158,5,0.218513502
42891.33917,38.09,-158,5,0.138776627
42891.33847,38.09,-158,5,0.246640332
42891.33778,38.09,-158,5,0.182369178
42891.33708,38.09,-158,5,0.250292624
42891.33639,38.09,-158,5,0.223619509
42891.33569,38.1,-158,5,0.141527962
42891.335,38.1,-158,5,0.177572546
42891.33431,38.1,-158,5,0.148190668
42891.33361,38.1,-158,5,0.128040282
42891.33292,38.11,-158,5,0.170690175
42891.33222,38.11,-158,5,0.204258438
42891.33153,38.11,-158,5,0.283318881
42891.33083,38.11,-158,5,0.18767955
42891.33014,38.11,-158,5,0.223443157
42891.32944,38.12,-158,5,0.209391966
42891.32875,38.12,-158,5,0.222141246
42891.32806,38.12,-158,5,0.208358633
42891.32736,38.12,-158,5,0.294035581
42891.32667,38.13,-158,5,0.294035581
42891.32597,38.13,-158,5,0.17514108
42891.32528,38.13,-158,5,0.205443336
42891.32458,38.13,-158,5,0.141381671
42891.32389,38.14,-158,5,0.212061279
42891.32319,38.14,-158,5,0.262560011
42891.3225,38.14,-158,5,0.103463135
42891.32181,38.14,-158,5,0.218483734
42891.32111,38.14,-158,5,0.193076408
42891.32042,38.15,-158,5,0.201074613
42891.31972,38.15,-158,5,0.24016814
42891.31903,38.15,-158,5,0.262773411
42891.31833,38.15,-158,5,0.141438189
42891.31764,38.16,-158,5,0.228190655
42891.31694,38.16,-158,5,0.194728659
42891.31625,38.16,-158,5,0.251037371
42891.31556,38.16,-158,5,0.18521088
42891.31486,38.16,-158,5,0.207289597
42891.31417,38.17,-158,5,0.215833489
42891.31347,38.17,-158,5,0.196724876
42891.31278,38.17,-158,5,0.196724876
42891.31208,38.17,-158,5,0.273341127
42891.30375,38.2,-158,5,0.17296127
42891.30306,38.2,-158,5,0.198554371
42891.30236,38.2,-158,5,0.201200373
42891.30167,38.21,-158,5,0.219093067
42891.30097,38.21,-158,5,0.230901329
42891.30028,38.21,-158,5,0.255487205
42891.29958,38.21,-158,5,0.255487205
42891.29889,38.21,-158,5,0.197511794
42891.29819,38.22,-158,5,0.142829437
42891.2975,38.22,-158,5,0.271464259
42891.29681,38.22,-158,5,0.239226228
42891.29611,38.22,-158,5,0.173603537
42891.29542,38.23,-158,5,0.193507485
42891.29472,38.23,-158,5,0.149316797
42891.29403,38.23,-158,5,0.183490701
42891.29333,38.23,-158,5,0.169567826
42891.29264,38.24,-158,5,0.217778489
42891.29194,38.24,-158,5,0.106779291
42891.29125,38.24,-158,5,0.181332877
42891.29056,38.24,-158,5,0.1589676
42891.28986,38.24,-158,5,0.147312638
42891.28917,38.25,-158,5,0.186796191
42891.28847,38.25,-158,5,0.155341221
42891.28778,38.25,-158,5,0.132503691
42891.28708,38.25,-158,5,0.18388523
42891.28639,38.26,-158,5,0.184776173
42891.28569,38.26,-158,5,0.152387189
42891.285,38.26,-158,5,0.223012109
42891.28431,38.26,-158,5,0.243133676
42891.28361,38.26,-158,5,0.134885647
42891.28292,38.27,-158,5,0.162146784
42891.28222,38.27,-158,5,0.149464267
42891.28153,38.27,-158,5,0.144751177
42891.28083,38.27,-158,5,0.161577225
42891.28014,38.28,-158,5,0.21136954
42891.27944,38.28,-158,5,0.202784612
42891.27875,38.28,-158,5,0.144744
42891.27806,38.28,-158,5,0.168129225
42891.27736,38.29,-158,5,0.178579304
42891.27667,38.29,-158,5,0.13414797
42891.27597,38.29,-158,5,0.234529391
42891.27528,38.29,-158,5,0.198111026
42891.27458,38.29,-158,5,0.205368542
42891.27389,38.3,-158,5,0.24668778
42891.27319,38.3,-158,5,0.219736104
42891.2725,38.3,-158,5,0.175671485
42891.27181,38.3,-158,5,0.112034768
42891.27111,38.31,-158,5,0.187779713
42891.26278,38.33,-158,5,0.225332972
42891.26208,38.34,-158,5,0.286353371
42891.26139,38.34,-158,5,0.225897713
42891.26069,38.34,-158,5,0.187691746
42891.26,38.34,-158,5,0.242741512
42891.25931,38.35,-158,5,0.270062122
42891.25861,38.35,-158,5,0.263299047
42891.25792,38.35,-158,5,0.237922989
42891.25722,38.35,-158,5,0.202240692
42891.25653,38.36,-158,5,0.262644834
42891.25583,38.36,-158,5,0.21573226
42891.25514,38.36,-158,5,0.296328351
42891.25444,38.36,-158,5,0.238168715
42891.25375,38.37,-158,5,0.227183392
42891.25306,38.37,-158,5,0.27568462
42891.25236,38.37,-158,5,0.245704237
42891.25167,38.37,-158,5,0.245704237
42891.25097,38.37,-158,5,0.260307316
42891.25028,38.38,-158,5,0.245749738
42891.24958,38.38,-158,5,0.232185886
42891.24889,38.38,-158,5,0.261092263
42891.24819,38.38,-158,5,0.239002354
42891.2475,38.39,-158,5,0.254394855
42891.24681,38.39,-158,5,0.279699473
42891.24611,38.39,-158,5,0.237024784
42891.24542,38.39,-158,5,0.288395513
42891.24472,38.39,-158,5,0.205704371
42891.24403,38.4,-158,5,0.213619158
42891.24333,38.4,-158,5,0.233999894
42891.24264,38.4,-158,5,0.261883827
42891.24194,38.4,-158,5,0.253783018
42891.24125,38.41,-158,5,0.247014166
42891.24056,38.41,-158,5,0.313270749
42891.23986,38.41,-158,5,0.206118094
42891.23917,38.41,-158,5,0.206118094
42891.23847,38.42,-158,5,0.205758565
42891.23778,38.42,-158,5,0.205758565
42891.23708,38.42,-158,5,0.225862427
42891.23639,38.42,-158,5,0.199738626
42891.23569,38.42,-158,5,0.199738626
42891.235,38.43,-158,5,0.201866063
42891.23431,38.43,-158,5,0.214422316
42891.23361,38.43,-158,5,0.230968072
42891.23292,38.43,-158,5,0.238544785
42891.23222,38.44,-158,5,0.173066785
42891.23153,38.44,-158,5,0.239807479
42891.23083,38.44,-158,5,0.23795886
42891.23014,38.44,-158,5,0.230844276
42891.01208,39.16,-158,5,0.283694158
42891.01139,39.17,-158,5,0.280915487
42891.01069,39.17,-158,5,0.280915487
42891.01,39.17,-158,5,0.227921558
42891.00931,39.17,-158,5,0.29193237
42891.00861,39.18,-158,5,0.285399859
42891.00792,39.18,-158,5,0.272653839
42891.00722,39.18,-158,5,0.272653839
42891.00653,39.18,-158,5,0.313842319
42891.00583,39.18,-158,5,0.249027925
42891.00514,39.19,-158,5,0.278209022
42891.00444,39.19,-158,5,0.285043939
42891.00375,39.19,-158,5,0.302220848
42891.00306,39.19,-158,5,0.250079137
42891.00236,39.2,-158,5,0.290448537
42891.00167,39.2,-158,5,0.275378017
42891.00097,39.2,-158,5,0.272651348
42891.00028,39.2,-158,5,0.275016268
42890.99958,39.2,-158,5,0.298324313
42890.99889,39.21,-158,5,0.265427332
42890.99819,39.21,-158,5,0.258362682
42890.9975,39.21,-158,5,0.284217267
42890.99681,39.21,-158,5,0.256523419
42890.99611,39.22,-158,5,0.256523419
42890.99542,39.22,-158,5,0.256727352
42890.99472,39.22,-158,5,0.256727352
42890.99403,39.22,-158,5,0.24380787
42890.99333,39.23,-158,5,0.237591898
42890.99264,39.23,-158,5,0.283707061
42890.99194,39.23,-158,5,0.270413116
42890.99125,39.23,-158,5,0.271900629
42890.99056,39.23,-158,5,0.297146189
42890.98986,39.24,-158,5,0.255443643
42890.98917,39.24,-158,5,0.284300541
42890.98847,39.24,-158,5,0.273253811
42890.98778,39.24,-158,5,0.262884644
42890.98708,39.25,-158,5,0.263490752
42890.98639,39.25,-158,5,0.274211554
42890.98569,39.25,-158,5,0.268688145
42890.985,39.25,-158,5,0.249945252
42890.98431,39.26,-158,5,0.223962388
42890.98361,39.26,-158,5,0.266978328
42890.98292,39.26,-158,5,0.242807638
42890.98222,39.26,-158,5,0.280135348
42890.98153,39.26,-158,5,0.273069519
42890.98083,39.27,-158,5,0.270626651
42890.98014,39.27,-158,5,0.248742328
42890.97944,39.27,-158,5,0.242178035
42890.97111,39.3,-158,5,0.320279437
42890.97042,39.3,-158,5,0.31558415
42890.96972,39.3,-158,5,0.307672254
42890.96903,39.31,-158,5,0.254121862
42890.96833,39.31,-158,5,0.289602535
42890.96764,39.31,-158,5,0.321474908
42890.96694,39.31,-158,5,0.321474908
42890.96625,39.32,-158,5,0.249152485
42890.96556,39.32,-158,5,0.271330585
42890.96486,39.32,-158,5,0.255096982
42890.96417,39.32,-158,5,0.23894892
42890.96347,39.32,-158,5,0.23894892
42890.96278,39.33,-158,5,0.273651676
42890.96208,39.33,-158,5,0.227773641
42890.96139,39.33,-158,5,0.240915869
42890.96069,39.33,-158,5,0.192270293
42890.96,39.33,-158,5,0.242824024
42890.95931,39.34,-158,5,0.234614892
42890.95861,39.34,-158,5,0.234614892
42890.95792,39.34,-158,5,0.25303111
42890.95722,39.34,-158,5,0.29251408
42890.95653,39.34,-158,5,0.251863131
42890.95583,39.34,-158,5,0.210565304
42890.95514,39.35,-158,5,0.241828792
42890.95444,39.35,-158,5,0.259488723
42890.95375,39.35,-158,5,0.256248564
42890.95306,39.35,-158,5,0.267938667
42890.95236,39.35,-158,5,0.269827005
42890.95167,39.36,-158,5,0.257279772
42890.95097,39.36,-158,5,0.305865975
42890.95028,39.36,-158,5,0.268097435
42890.94958,39.36,-158,5,0.342027753
42890.94889,39.36,-158,5,0.342027753
42890.94819,39.37,-158,5,0.335208671
42890.9475,39.37,-158,5,0.335208671
42890.94681,39.37,-158,5,0.317246011
42890.94611,39.37,-158,5,0.27865894
42890.94542,39.37,-158,5,0.308187651
42890.94472,39.37,-158,5,0.320623403
42890.94403,39.38,-158,5,0.280790486
42890.94333,39.38,-158,5,0.311427623
42890.94264,39.38,-158,5,0.268134888
42890.94194,39.38,-158,5,0.261175782
42890.94125,39.38,-158,5,0.261175782
42890.94056,39.39,-158,5,0.235065507
42890.93986,39.39,-158,5,0.255763754
42890.93917,39.39,-158,5,0.235108079
42890.93847,39.39,-158,5,0.246230501
42890.93778,39.39,-158,5,0.246230501
42890.93014,39.41,-158,5,0.254640715
42890.92944,39.42,-158,5,0.240493198
42890.92875,39.42,-158,5,0.240493198
42890.92806,39.42,-158,5,0.253629881
42890.92736,39.42,-158,5,0.243784035
42890.92667,39.42,-158,5,0.277463585
42890.92597,39.42,-158,5,0.263690236
42890.92528,39.43,-158,5,0.263690236
42890.92458,39.43,-158,5,0.255435327
42890.92389,39.43,-158,5,0.274386247
42890.92319,39.43,-158,5,0.305394995
42890.9225,39.43,-158,5,0.312511024
42890.92181,39.44,-158,5,0.312511024
42890.92111,39.44,-158,5,0.273433852
42890.92042,39.44,-158,5,0.250808517
42890.91972,39.44,-158,5,0.310994533
42890.91903,39.44,-158,5,0.278316385
42890.91833,39.45,-158,5,0.278316385
42890.91764,39.45,-158,5,0.274387415
42890.91694,39.45,-158,5,0.233467793
42890.91625,39.45,-158,5,0.233467793
42890.91556,39.45,-158,5,0.180877315
42890.91486,39.46,-158,5,0.209208246
42890.91417,39.46,-158,5,0.217002648
42890.91347,39.46,-158,5,0.225363479
42890.91278,39.46,-158,5,0.23435394
42890.91208,39.46,-158,5,0.19363107
42890.91139,39.46,-158,5,0.211138656
42890.91069,39.47,-158,5,0.232476466
42890.91,39.47,-158,5,0.237896494
42890.90931,39.47,-158,5,0.221570479
42890.90861,39.47,-158,5,0.174315416
42890.90792,39.47,-158,5,0.186780816
42890.90722,39.48,-158,5,0.241942737
42890.90653,39.48,-158,5,0.160674735
42890.90583,39.48,-158,5,0.191284182
42890.90514,39.48,-158,5,0.227100802
42890.90444,39.48,-158,5,0.191741693
42890.90375,39.49,-158,5,0.167489812
42890.90306,39.49,-158,5,0.194255957
42890.90236,39.49,-158,5,0.194255957
42890.90167,39.49,-158,5,0.205266774
42890.90097,39.49,-158,5,0.201259236
42890.90028,39.49,-158,5,0.201259236
42890.89958,39.5,-158,5,0.184412099
42890.89889,39.5,-158,5,0.198027052
42890.89819,39.5,-158,5,0.160675944
42890.8975,39.5,-158,5,0.154000263
42890.88917,39.5,-158,5,0.144633326
42890.88847,39.5,-158,5,0.166096437
42890.88778,39.5,-158,5,0.137131992
42890.88708,39.5,-158,5,0.137131992
42890.88639,39.5,-158,5,0.131556978
42890.88569,39.5,-158,5,0.172488744
42890.885,39.5,-158,5,0.174015338
42890.88431,39.5,-158,5,0.170958547
42890.88361,39.5,-158,5,0.183935658
42890.88292,39.5,-158,5,0.201548173
42890.88222,39.5,-158,5,0.197255441
42890.88153,39.5,-158,5,0.186530589
42890.88083,39.5,-158,5,0.176232488
42890.88014,39.5,-158,5,0.215655305
42890.87944,39.5,-158,5,0.224437475
42890.87875,39.5,-158,5,0.214523414
42890.87806,39.5,-158,5,0.260494123
42890.87736,39.5,-158,5,0.248293099
42890.87667,39.5,-158,5,0.307845136
42890.87597,39.5,-158,5,0.26948275
42890.87528,39.5,-158,5,0.290024561
42890.87458,39.5,-158,5,0.359377191
42890.87389,39.5,-158,5,0.352801056
42890.87319,39.5,-158,5,0.346022479
42890.8725,39.5,-158,5,0.346022479
42890.87181,39.5,-158,5,0.387725861
42890.87111,39.5,-158,5,0.409184699
42890.87042,39.5,-158,5,0.432764643
42890.86972,39.5,-158,5,0.413497334
42890.86903,39.5,-158,5,0.439388341
42890.86833,39.5,-158,5,0.442190745
42890.86764,39.5,-158,5,0.442190745
42890.86694,39.5,-158,5,0.431195874
42890.86625,39.5,-158,5,0.485205298
42890.86556,39.5,-158,5,0.485205298
42890.86486,39.5,-158,5,0.474491734
42890.86417,39.5,-158,5,0.447480053
42890.86347,39.5,-158,5,0.465686343
42890.86278,39.5,-158,5,0.425922388
42890.86208,39.5,-158,5,0.481414313
42890.86139,39.5,-158,5,0.416930282
42890.86069,39.5,-158,5,0.44214908
42890.86,39.5,-158,5,0.426245849
42890.85931,39.5,-158,5,0.420412968
42890.85861,39.5,-158,5,0.419384095
42890.85792,39.5,-158,5,0.411244167
42890.85722,39.5,-158,5,0.397808031
42890.85653,39.5,-158,5,0.378039516
42890.84819,39.5,-158,5,0.408893215
42890.8475,39.5,-158,5,0.417535766
42890.84681,39.5,-158,5,0.442207743
42890.84611,39.5,-158,5,0.463060741
42890.84542,39.5,-158,5,0.432357728
42890.84472,39.5,-158,5,0.476275714
42890.84403,39.5,-158,5,0.487031139
42890.84333,39.5,-158,5,0.45125345
42890.84264,39.5,-158,5,0.451700909
42890.84194,39.5,-158,5,0.489127244
42890.84125,39.5,-158,5,0.489127244
42890.84056,39.5,-158,5,0.462940419
42890.83986,39.5,-158,5,0.497352538
42890.83917,39.5,-158,5,0.490999806
42890.83847,39.5,-158,5,0.51750383
42890.83778,39.5,-158,5,0.49187849
42890.83708,39.5,-158,5,0.520575181
42890.83639,39.5,-158,5,0.533490987
42890.83569,39.5,-158,5,0.527991825
42890.835,39.5,-158,5,0.555321985
42890.83431,39.5,-158,5,0.542811155
42890.83361,39.5,-158,5,0.562619367
42890.83292,39.5,-158,5,0.603878391
42890.83222,39.5,-158,5,0.565213798
42890.83153,39.5,-158,5,0.625146512
42890.83083,39.5,-158,5,0.625146512
42890.83014,39.5,-158,5,0.632615559
42890.82944,39.5,-158,5,0.630586854
42890.82875,39.5,-158,5,0.640307658
42890.82806,39.5,-158,5,0.662432263
42890.82736,39.5,-158,5,0.695381547
42890.82667,39.5,-158,5,0.695381547
42890.82597,39.5,-158,5,0.749144685
42890.82528,39.5,-158,5,0.789686884
42890.82458,39.5,-158,5,0.80531885
42890.82389,39.5,-158,5,0.821251674
42890.82319,39.5,-158,5,0.831393424
42890.8225,39.5,-158,5,0.850460628
42890.82181,39.5,-158,5,0.873445973
42890.82111,39.5,-158,5,0.862023538
42890.82042,39.5,-158,5,0.82947221
42890.81972,39.5,-158,5,0.871076538
42890.81903,39.5,-158,5,0.856955357
42890.81833,39.5,-158,5,0.837768199
42890.81764,39.5,-158,5,0.802989409
42890.81694,39.5,-158,5,0.75630509
42890.81625,39.5,-158,5,0.75630509
42890.81556,39.5,-158,5,0.68962384
42890.80722,39.5,-158,5,0.300309586
42890.80653,39.5,-158,5,0.307061227
42890.80583,39.5,-158,5,0.323782989
42890.80514,39.5,-158,5,0.302466007
42890.80444,39.5,-158,5,0.312396948
42890.80375,39.5,-158,5,0.295366258
42890.80306,39.5,-158,5,0.313343397
42890.80236,39.5,-158,5,0.313343397
42890.80167,39.5,-158,5,0.328667138
42890.80097,39.5,-158,5,0.305810677
42890.80028,39.5,-158,5,0.315402371
42890.79958,39.5,-158,5,0.312830748
42890.79889,39.5,-158,5,0.312830748
42890.79819,39.5,-158,5,0.343575614
42890.7975,39.5,-158,5,0.340676263
42890.79681,39.5,-158,5,0.340676263
42890.79611,39.5,-158,5,0.332006095
42890.79542,39.5,-158,5,0.328747478
42890.79472,39.5,-158,5,0.328747478
42890.79403,39.5,-158,5,0.353389954
42890.79333,39.5,-158,5,0.314731601
42890.79264,39.5,-158,5,0.343521383
42890.79194,39.5,-158,5,0.344880417
42890.79125,39.5,-158,5,0.324700768
42890.79056,39.5,-158,5,0.34815329
42890.78986,39.5,-158,5,0.319626179
42890.78917,39.5,-158,5,0.342013753
42890.78847,39.5,-158,5,0.369576353
42890.78778,39.5,-158,5,0.348535445
42890.78708,39.5,-158,5,0.348535445
42890.78639,39.5,-158,5,0.326937991
42890.78569,39.5,-158,5,0.361653378
42890.785,39.5,-158,5,0.345296551
42890.78431,39.5,-158,5,0.365840637
42890.78361,39.5,-158,5,0.342695536
42890.78292,39.5,-158,5,0.358686619
42890.78222,39.5,-158,5,0.361183488
42890.78153,39.5,-158,5,0.340053544
42890.78083,39.5,-158,5,0.335394189
42890.78014,39.5,-158,5,0.379516321
42890.77944,39.5,-158,5,0.354561233
42890.77875,39.5,-158,5,0.37199115
42890.77806,39.5,-158,5,0.37199115
42890.77736,39.5,-158,5,0.408789028
42890.77667,39.5,-158,5,0.42754665
42890.77597,39.5,-158,5,0.42754665
42890.77528,39.5,-158,5,0.465097309
42890.77458,39.5,-158,5,0.464254251
42890.77389,39.5,-158,5,0.464254251
42890.76625,39.5,-158,5,0.494253998
42890.76556,39.5,-158,5,0.503980834
42890.76486,39.5,-158,5,0.493699428
42890.76417,39.5,-158,5,0.493699428
42890.76347,39.5,-158,5,0.510919011
42890.76278,39.5,-158,5,0.498324248
42890.76208,39.5,-158,5,0.469271104
42890.76139,39.5,-158,5,0.48532717
42890.76069,39.5,-158,5,0.508570177
42890.76,39.5,-158,5,0.502024727
42890.75931,39.5,-158,5,0.499603315
42890.75861,39.5,-158,5,0.513317376
42890.75792,39.5,-158,5,0.465735898
42890.75722,39.5,-158,5,0.508026244
42890.75653,39.5,-158,5,0.508026244
42890.75583,39.5,-158,5,0.491041343
42890.75514,39.5,-158,5,0.461423413
42890.75444,39.5,-158,5,0.446506851
42890.75375,39.5,-158,5,0.389788369
42890.75306,39.5,-158,5,0.444700174
42890.75236,39.5,-158,5,0.449851953
42890.75167,39.5,-158,5,0.454480607
42890.75097,39.5,-158,5,0.497566373
42890.75028,39.5,-158,5,0.4929091
42890.74958,39.5,-158,5,0.4929091
42890.74889,39.5,-158,5,0.48546885
42890.74819,39.5,-158,5,0.48546885
42890.7475,39.5,-158,5,0.486087774
42890.74681,39.5,-158,5,0.488712892
42890.74611,39.5,-158,5,0.505866891
42890.74542,39.5,-158,5,0.484240831
42890.74472,39.5,-158,5,0.499573494
42890.74403,39.5,-158,5,0.558274533
42890.74333,39.5,-158,5,0.479561676
42890.74264,39.5,-158,5,0.503075434
42890.74194,39.5,-158,5,0.493734894
42890.74125,39.5,-158,5,0.474573596
42890.74056,39.5,-158,5,0.498718299
42890.73986,39.5,-158,5,0.498718299
42890.73917,39.5,-158,5,0.51999118
42890.73847,39.5,-158,5,0.490823869
42890.73778,39.5,-158,5,0.52711852
42890.73708,39.5,-158,5,0.524340588
42890.73639,39.5,-158,5,0.605444944
42890.73569,39.5,-158,5,0.605444944
42890.735,39.5,-158,5,0.588128431
42890.73431,39.5,-158,5,0.617767464
42890.73361,39.5,-158,5,0.59626702
42890.72528,39.5,-158,5,0.615714196
42890.72458,39.5,-158,5,0.662172978
42890.72389,39.5,-158,5,0.662172978
42890.72319,39.5,-158,5,0.62876813
42890.7225,39.5,-158,5,0.580338006
42890.72181,39.5,-158,5,0.518411119
42890.72111,39.5,-158,5,0.577614796
42890.72042,39.5,-158,5,0.579346898
42890.71972,39.5,-158,5,0.621859936
42890.71903,39.5,-158,5,0.674651
42890.71833,39.5,-158,5,0.674651
42890.71764,39.5,-158,5,0.711343192
42890.71694,39.5,-158,5,0.724244868
42890.71625,39.5,-158,5,0.744791158
42890.71556,39.5,-158,5,0.746308838
42890.71486,39.5,-158,5,0.810020474
42890.71417,39.5,-158,5,0.80096082
42890.71347,39.5,-158,5,0.836126126
42890.71278,39.5,-158,5,0.843906303
42890.71208,39.5,-158,5,0.819198021
42890.71139,39.5,-158,5,0.849790577
42890.71069,39.5,-158,5,0.794050641
42890.71,39.5,-158,5,0.794050641
42890.70931,39.5,-158,5,0.758764644
42890.70861,39.5,-158,5,0.715999138
42890.70792,39.5,-158,5,0.620673261
42890.70722,39.5,-158,5,0.591871163
42890.70653,39.5,-158,5,0.626931321
42890.70583,39.5,-158,5,0.58394798
42890.70514,39.5,-158,5,0.632507166
42890.70444,39.5,-158,5,0.632507166
42890.70375,39.5,-158,5,0.603052199
42890.70306,39.5,-158,5,0.584270841
42890.70236,39.5,-158,5,0.622062233
42890.70167,39.5,-158,5,0.577231611
42890.70097,39.5,-158,5,0.532870224
42890.70028,39.5,-158,5,0.518169058
42890.69958,39.5,-158,5,0.493268296
42890.69889,39.5,-158,5,0.465542282
42890.69819,39.5,-158,5,0.480472545
42890.6975,39.5,-158,5,0.436284176
42890.69681,39.5,-158,5,0.392785409
42890.69611,39.5,-158,5,0.370810168
42890.69542,39.5,-158,5,0.338364832
42890.69472,39.5,-158,5,0.32406542
42890.69403,39.5,-158,5,0.320381595
42890.69333,39.5,-158,5,0.352079942
42890.69264,39.5,-158,5,0.39828241
42890.68431,39.5,-158,5,1.010596021
42890.68361,39.5,-158,5,1.010596021
42890.68292,39.5,-158,5,1.033468641
42890.68222,39.5,-158,5,1.033468641
42890.68153,39.5,-158,5,1.075541972
42890.68083,39.5,-158,5,1.075541972
42890.68014,39.5,-158,5,1.079813445
42890.67944,39.5,-158,5,1.079813445
42890.67875,39.5,-158,5,1.114715208
42890.67806,39.5,-158,5,1.085968506
42890.67736,39.5,-158,5,1.13290425
42890.67667,39.5,-158,5,1.065870672
42890.67597,39.5,-158,5,1.065870672
42890.67528,39.5,-158,5,1.042841801
42890.67458,39.5,-158,5,1.085755033
42890.67389,39.5,-158,5,1.049121793
42890.67319,39.5,-158,5,1.007346983
42890.6725,39.5,-158,5,1.007346983
42890.67181,39.5,-158,5,1.008289417
42890.67111,39.5,-158,5,1.005073436
42890.67042,39.5,-158,5,0.992427759
42890.66972,39.5,-158,5,1.002304048
42890.66903,39.5,-158,5,1.011776264
42890.66833,39.5,-158,5,0.95756825
42890.66764,39.5,-158,5,0.969016182
42890.66694,39.5,-158,5,0.941056239
42890.66625,39.5,-158,5,0.9237033
42890.66556,39.5,-158,5,0.901374986
42890.66486,39.5,-158,5,0.907599452
42890.66417,39.5,-158,5,0.867927622
42890.66347,39.5,-158,5,0.88340937
42890.66278,39.5,-158,5,0.89836672
42890.66208,39.5,-158,5,0.89836672
42890.66139,39.5,-158,5,0.904482538
42890.66069,39.5,-158,5,0.915125502
42890.66,39.5,-158,5,0.90307368
42890.65931,39.5,-158,5,0.917044654
42890.65861,39.5,-158,5,0.922273246
42890.65792,39.5,-158,5,0.901209058
42890.65722,39.5,-158,5,0.902490242
42890.65653,39.5,-158,5,0.902490242
42890.65583,39.5,-158,5,0.910788522
42890.65514,39.5,-158,5,0.904355961
42890.65444,39.5,-158,5,0.91781818
42890.65375,39.5,-158,5,0.900392209
42890.65306,39.5,-158,5,0.900392209
42890.65236,39.5,-158,5,0.918695176
42890.65167,39.5,-158,5,0.865818992
42890.65097,39.5,-158,5,0.865818992
42890.64333,39.5,-158,5,0.979498969
42890.64264,39.5,-158,5,0.965810632
42890.64194,39.5,-158,5,0.986775536
42890.64125,39.5,-158,5,0.996169399
42890.64056,39.51,-158,5,0.998395286
42890.63986,39.51,-158,5,1.033781421
42890.63917,39.51,-158,5,1.033781421
42890.63847,39.51,-158,5,1.060677995
42890.63778,39.51,-158,5,1.086853027
42890.63708,39.51,-158,5,1.051188418
42890.63639,39.51,-158,5,1.0241173
42890.63569,39.51,-158,5,1.067283589
42890.635,39.52,-158,5,1.088810578
42890.63431,39.52,-158,5,1.058354201
42890.63361,39.52,-158,5,1.094865442
42890.63292,39.52,-158,5,1.146396698
42890.63222,39.52,-158,5,1.165194647
42890.63153,39.52,-158,5,1.170252971
42890.63083,39.52,-158,5,1.154813644
42890.63014,39.52,-158,5,1.159058902
42890.62944,39.53,-158,5,1.166555294
42890.62875,39.53,-158,5,1.176725587
42890.62806,39.53,-158,5,1.218447068
42890.62736,39.53,-158,5,1.245547099
42890.62667,39.53,-158,5,1.186397376
42890.62597,39.53,-158,5,1.194332255
42890.62528,39.53,-158,5,1.194332255
42890.62458,39.54,-158,5,1.178584102
42890.62389,39.54,-158,5,1.208247093
42890.62319,39.54,-158,5,1.205990049
42890.6225,39.54,-158,5,1.205419362
42890.62181,39.55,-158,5,1.228718888
42890.62111,39.55,-158,5,1.19123375
42890.62042,39.55,-158,5,1.19502042
42890.61972,39.55,-158,5,1.155795327
42890.61903,39.55,-158,5,1.184667645
42890.61833,39.56,-158,5,1.198953905
42890.61764,39.56,-158,5,1.222656128
42890.61694,39.56,-158,5,1.190272623
42890.61625,39.56,-158,5,1.167630644
42890.61556,39.56,-158,5,1.166111108
42890.61486,39.57,-158,5,1.156268751
42890.61417,39.57,-158,5,1.156268751
42890.61347,39.57,-158,5,1.132969409
42890.61278,39.57,-158,5,1.133287983
42890.61208,39.58,-158,5,1.089404683
42890.61139,39.58,-158,5,1.095769277
42890.61069,39.58,-158,5,1.069127575
42890.60236,39.6,-158,5,1.017991147
42890.60167,39.61,-158,5,0.987146529
42890.60097,39.61,-158,5,0.982766549
42890.60028,39.61,-158,5,0.969172921
42890.59958,39.61,-158,5,0.993710437
42890.59889,39.62,-158,5,0.974423782
42890.59819,39.62,-158,5,0.942813241
42890.5975,39.62,-158,5,0.942813241
42890.59681,39.62,-158,5,0.921132206
42890.59611,39.62,-158,5,0.963256057
42890.59542,39.63,-158,5,0.963256057
42890.59472,39.63,-158,5,0.925149691
42890.59403,39.63,-158,5,0.938148102
42890.59333,39.63,-158,5,0.935374135
42890.59264,39.63,-158,5,1.021951954
42890.59194,39.64,-158,5,0.924673551
42890.59125,39.64,-158,5,0.928127346
42890.59056,39.64,-158,5,0.959728752
42890.58986,39.64,-158,5,0.959728752
42890.58917,39.64,-158,5,0.917843945
42890.58847,39.65,-158,5,0.963316585
42890.58778,39.65,-158,5,0.963316585
42890.58708,39.65,-158,5,0.942969842
42890.58639,39.65,-158,5,0.931809139
42890.58569,39.65,-158,5,0.926190222
42890.585,39.66,-158,5,0.902857721
42890.58431,39.66,-158,5,0.948264349
42890.58361,39.66,-158,5,0.929693027
42890.58292,39.66,-158,5,0.929693027
42890.58222,39.67,-158,5,0.900748626
42890.58153,39.67,-158,5,0.927065249
42890.58083,39.67,-158,5,0.927065249
42890.58014,39.67,-158,5,0.932243922
42890.57944,39.67,-158,5,0.901855601
42890.57875,39.68,-158,5,0.93871096
42890.57806,39.68,-158,5,0.93871096
42890.57736,39.68,-158,5,0.931423442
42890.57667,39.68,-158,5,0.915425368
42890.57597,39.68,-158,5,0.921393225
42890.57528,39.69,-158,5,0.921393225
42890.57458,39.69,-158,5,0.907149915
42890.57389,39.69,-158,5,0.897413004
42890.57319,39.69,-158,5,0.897413004
42890.5725,39.69,-158,5,0.887649986
42890.57181,39.7,-158,5,0.90412823
42890.57111,39.7,-158,5,0.90412823
42890.57042,39.7,-158,5,0.891289198
42890.56972,39.7,-158,5,0.876164795
42890.56139,39.73,-158,5,0.916528278
42890.56069,39.73,-158,5,0.916528278
42890.56,39.73,-158,5,0.930245714
42890.55931,39.73,-158,5,0.952590469
42890.55861,39.73,-158,5,0.943893622
42890.55792,39.74,-158,5,0.952738325
42890.55722,39.74,-158,5,0.943788473
42890.55653,39.74,-158,5,0.934799625
42890.55583,39.74,-158,5,0.933546663
42890.55514,39.74,-158,5,0.948626851
42890.55444,39.75,-158,5,0.954856022
42890.55375,39.75,-158,5,0.91220864
42890.55306,39.75,-158,5,0.976590208
42890.55236,39.75,-158,5,0.892900726
42890.55167,39.75,-158,5,0.961987859
42890.55097,39.76,-158,5,0.915582312
42890.55028,39.76,-158,5,0.969689515
42890.54958,39.76,-158,5,0.950423998
42890.54889,39.76,-158,5,0.946995275
42890.54819,39.77,-158,5,0.925392269
42890.5475,39.77,-158,5,0.983053065
42890.54681,39.77,-158,5,0.945346257
42890.54611,39.77,-158,5,0.975108248
42890.54542,39.77,-158,5,0.976119131
42890.54472,39.78,-158,5,0.976348327
42890.54403,39.78,-158,5,0.971435232
42890.54333,39.78,-158,5,0.958382523
42890.54264,39.78,-158,5,0.995527586
42890.54194,39.78,-158,5,0.958648314
42890.54125,39.79,-158,5,1.00827246
42890.54056,39.79,-158,5,0.989419415
42890.53986,39.79,-158,5,0.950540048
42890.53917,39.79,-158,5,0.978307401
42890.53847,39.79,-158,5,1.014561033
42890.53778,39.8,-158,5,1.01463698
42890.53708,39.8,-158,5,0.962342382
42890.53639,39.8,-158,5,0.942987144
42890.53569,39.8,-158,5,1.004195518
42890.535,39.8,-158,5,0.983604304
42890.53431,39.81,-158,5,0.982562661
42890.53361,39.81,-158,5,0.952329852
42890.53292,39.81,-158,5,0.989969414
42890.53222,39.81,-158,5,1.015407585
42890.53153,39.81,-158,5,0.971962567
42890.53083,39.82,-158,5,0.971962567
42890.53014,39.82,-158,5,1.00718448
42890.52944,39.82,-158,5,0.968565295
42890.52875,39.82,-158,5,1.012175209
42890.52042,39.85,-158,5,1.01748729
42890.51972,39.85,-158,5,0.981600832
42890.51903,39.85,-158,5,0.980623937
42890.51833,39.85,-158,5,0.987890491
42890.51764,39.86,-158,5,0.982820376
42890.51694,39.86,-158,5,1.024749295
42890.51625,39.86,-158,5,1.001829921
42890.51556,39.86,-158,5,0.988511102
42890.51486,39.86,-158,5,0.979691092
42890.51417,39.87,-158,5,1.01532554
42890.51347,39.87,-158,5,0.990529064
42890.51278,39.87,-158,5,0.990529064
42890.51208,39.87,-158,5,1.003945068
42890.51139,39.87,-158,5,1.035645985
42890.51069,39.88,-158,5,1.02535496
42890.51,39.88,-158,5,1.030163307
42890.50931,39.88,-158,5,1.034366921
42890.50861,39.88,-158,5,0.973238373
42890.50792,39.88,-158,5,1.055625335
42890.50722,39.88,-158,5,1.013234551
42890.50653,39.89,-158,5,1.025104469
42890.50583,39.89,-158,5,1.02858359
42890.50514,39.89,-158,5,1.088797209
42890.50444,39.89,-158,5,1.036700172
42890.50375,39.89,-158,5,1.058272438
42890.50306,39.9,-158,5,1.042879749
42890.50236,39.9,-158,5,1.06126936
42890.50167,39.9,-158,5,1.047821183
42890.50097,39.9,-158,5,1.073574881
42890.50028,39.9,-158,5,1.003354494
42890.49958,39.91,-158,5,1.017581492
42890.49889,39.91,-158,5,1.017581492
42890.49819,39.91,-158,5,1.053909116
42890.4975,39.91,-158,5,1.04270319
42890.49681,39.91,-158,5,0.962389991
42890.49611,39.92,-158,5,1.007646089
42890.49542,39.92,-158,5,0.994238345
42890.49472,39.92,-158,5,0.998502355
42890.49403,39.92,-158,5,0.982961654
42890.49333,39.92,-158,5,1.010988901
42890.49264,39.93,-158,5,1.017690759
42890.49194,39.93,-158,5,1.02082536
42890.49125,39.93,-158,5,1.050993835
42890.49056,39.93,-158,5,1.050718137
42890.48986,39.93,-158,5,1.07785665
42890.48917,39.94,-158,5,1.054708442
42890.48847,39.94,-158,5,1.014314787
42890.48778,39.94,-158,5,1.040624989
42890.47944,39.96,-158,5,1.060007022
42890.47875,39.97,-158,5,1.034149251
42890.47806,39.97,-158,5,1.049129826
42890.47736,39.97,-158,5,1.072926705
42890.47667,39.97,-158,5,1.061160147
42890.47597,39.97,-158,5,1.050058772
42890.47528,39.98,-158,5,1.038628223
42890.47458,39.98,-158,5,1.024721875
42890.47389,39.98,-158,5,1.027833134
42890.47319,39.98,-158,5,1.075832775
42890.4725,39.98,-158,5,1.075327245
42890.47181,39.98,-158,5,1.075327245
42890.47111,39.99,-158,5,1.051097107
42890.47042,39.99,-158,5,1.055458099
42890.46972,39.99,-158,5,1.116194104
42890.46903,39.99,-158,5,1.066616783
42890.46833,39.99,-158,5,1.071697629
42890.46764,40,-158,5,1.058293079
42890.46694,40,-158,5,1.069230354
42890.46625,40,-158,5,1.073087001
42890.46556,40,-158,5,1.03913299
42890.46486,40,-158,5,1.035038218
42890.46417,40.01,-158,5,1.057600802
42890.46347,40.01,-158,5,1.074448025
42890.46278,40.01,-158,5,1.054325225
42890.46208,40.01,-158,5,1.045692163
42890.46139,40.01,-158,5,1.042041857
42890.46069,40.02,-158,5,1.110555493
42890.46,40.02,-158,5,1.045767686
42890.45931,40.02,-158,5,1.035366842
42890.45861,40.02,-158,5,1.03742997
42890.45792,40.02,-158,5,1.03742997
42890.45722,40.03,-158,5,1.034541455
42890.45653,40.03,-158,5,1.034393853
42890.45583,40.03,-158,5,1.038474772
42890.45514,40.03,-158,5,1.006181728
42890.45444,40.03,-158,5,1.046543444
42890.45375,40.04,-158,5,1.057751828
42890.45306,40.04,-158,5,1.065494728
42890.45236,40.04,-158,5,0.996297196
42890.45167,40.04,-158,5,0.994810641
42890.45097,40.04,-158,5,1.014816079
42890.45028,40.05,-158,5,0.996101209
42890.44958,40.05,-158,5,1.037673998
42890.44889,40.05,-158,5,1.024005799
42890.44819,40.05,-158,5,0.997902565
42890.4475,40.05,-158,5,1.029481612
42890.44681,40.06,-158,5,1.017335417
42890.43847,40.08,-158,5,0.929700382
42890.43778,40.08,-158,5,1.034395512
42890.43708,40.08,-158,5,0.996315488
42890.43639,40.08,-158,5,0.984663316
42890.43569,40.09,-158,5,0.965146891
42890.435,40.09,-158,5,0.978063805
42890.43431,40.09,-158,5,1.001355858
42890.43361,40.09,-158,5,0.995831927
42890.43292,40.09,-158,5,0.989842919
42890.43222,40.1,-158,5,0.996847373
42890.43153,40.1,-158,5,0.965973966
42890.43083,40.1,-158,5,0.990350521
42890.43014,40.1,-158,5,1.031766319
42890.42944,40.1,-158,5,1.030537537
42890.42875,40.1,-158,5,0.980001032
42890.42806,40.11,-158,5,0.977883303
42890.42736,40.11,-158,5,1.028625734
42890.42667,40.11,-158,5,1.020316395
42890.42597,40.11,-158,5,0.965922398
42890.42528,40.11,-158,5,0.984672513
42890.42458,40.12,-158,5,0.986749639
42890.42389,40.12,-158,5,0.988980715
42890.42319,40.12,-158,5,0.978202896
42890.4225,40.12,-158,5,1.052794349
42890.42181,40.12,-158,5,1.056151911
42890.42111,40.13,-158,5,0.970010123
42890.42042,40.13,-158,5,0.970314978
42890.41972,40.13,-158,5,0.990363295
42890.41903,40.13,-158,5,0.958676411
42890.41833,40.13,-158,5,1.011644601
42890.41764,40.13,-158,5,0.965853949
42890.41694,40.14,-158,5,0.98265613
42890.41625,40.14,-158,5,0.930979721
42890.41556,40.14,-158,5,0.979876999
42890.41486,40.14,-158,5,0.970712941
42890.41417,40.14,-158,5,0.977040007
42890.41347,40.15,-158,5,0.960802547
42890.41278,40.15,-158,5,0.936033972
42890.41208,40.15,-158,5,0.96190878
42890.41139,40.15,-158,5,0.970775733
42890.41069,40.15,-158,5,0.952568086
42890.41,40.16,-158,5,0.968894175
42890.40931,40.16,-158,5,0.950911385
42890.40861,40.16,-158,5,0.943727367
42890.40792,40.16,-158,5,0.970223984
42890.40722,40.16,-158,5,0.981735304
42890.40653,40.16,-158,5,0.957703871
42890.40583,40.17,-158,5,0.955813446
42890.3975,40.19,-158,5,1.044605738
42890.39681,40.19,-158,5,1.059665899
42890.39611,40.19,-158,5,1.126224942
42890.39542,40.19,-158,5,1.02111766
42890.39472,40.2,-158,5,1.112656667
42890.39403,40.2,-158,5,1.17294186
42890.39194,40.2,-158,5,1.056126924
42890.39125,40.21,-158,5,1.009735737
42890.39056,40.21,-158,5,1.007317746
42890.38986,40.21,-158,5,1.037523348
42890.38917,40.21,-158,5,1.026132014
42890.38847,40.21,-158,5,1.003099083
42890.38778,40.22,-158,5,1.055990438
42890.38708,40.22,-158,5,1.036311071
42890.38639,40.22,-158,5,1.058875295
42890.38569,40.22,-158,5,1.079570082
42890.385,40.22,-158,5,1.12848758
42890.38431,40.22,-158,5,1.089116788
42890.38361,40.23,-158,5,1.042588642
42890.38292,40.23,-158,5,1.042098721
42890.38222,40.23,-158,5,1.095250683
42890.38153,40.23,-158,5,1.048684334
42890.38083,40.23,-158,5,1.051791996
42890.38014,40.24,-158,5,1.109703735
42890.37944,40.24,-158,5,1.11448917
42890.37875,40.24,-158,5,1.067016265
42890.37806,40.24,-158,5,1.08625977
42890.37736,40.24,-158,5,1.084906247
42890.37667,40.25,-158,5,1.05628276
42890.37597,40.25,-158,5,1.056390476
42890.37528,40.25,-158,5,1.04846288
42890.37458,40.25,-158,5,1.08095954
42890.37389,40.25,-158,5,1.048927807
42890.37319,40.25,-158,5,1.05617457
42890.3725,40.26,-158,5,1.079630426
42890.37181,40.26,-158,5,1.050830637
42890.37111,40.26,-158,5,1.067067873
42890.37042,40.26,-158,5,1.094032984
42890.36972,40.26,-158,5,1.044143787
42890.36903,40.27,-158,5,1.030206909
42890.36833,40.27,-158,5,1.030206909
42890.36764,40.27,-158,5,1.038076602
42890.36694,40.27,-158,5,1.029858942
42890.36625,40.27,-158,5,1.0250867
42890.36556,40.28,-158,5,1.048056423
42890.36486,40.28,-158,5,1.01876118
42890.36417,40.28,-158,5,1.05633992
42890.36347,40.28,-158,5,1.041996694
42890.36278,40.28,-158,5,1.020605689
42890.36208,40.28,-158,5,1.022222654
42890.36139,40.29,-158,5,1.022222654
42890.36069,40.29,-158,5,1.144855051
42890.36,40.29,-158,5,1.0143798
42890.35931,40.29,-158,5,1.048018491
42890.35861,40.29,-158,5,1.04664326
42890.35792,40.3,-158,5,1.04664326
42890.35722,40.3,-158,5,1.021008008
42890.35653,40.3,-158,5,1.021008008
42890.35583,40.3,-158,5,1.013216165
42890.35514,40.3,-158,5,1.076243943
42890.35444,40.3,-158,5,1.091192289
42890.35375,40.31,-158,5,1.039098477
42890.35306,40.31,-158,5,1.162464509
42890.35236,40.31,-158,5,1.041920132
42890.35167,40.31,-158,5,1.074752802
42890.35097,40.31,-158,5,1.051117916
42890.35028,40.32,-158,5,1.04031679
42890.34958,40.32,-158,5,1.016438551
42890.34889,40.32,-158,5,1.021329428
42890.34819,40.32,-158,5,1.021329428
42890.3475,40.32,-158,5,1.055528666
42890.34681,40.33,-158,5,1.079983397
42890.34611,40.33,-158,5,1.079983397
42890.34542,40.33,-158,5,0.996138546
42890.34472,40.33,-158,5,1.029515581
42890.34403,40.33,-158,5,1.047829656
42890.34333,40.33,-158,5,1.022805963
42890.34264,40.34,-158,5,1.022805963
42890.34194,40.34,-158,5,1.063716348
42890.34125,40.34,-158,5,1.145939135
42890.34056,40.34,-158,5,1.013666926
42890.33986,40.34,-158,5,1.013666926
42890.33222,40.36,-158,5,1.181443533
42890.33153,40.37,-158,5,1.068266318
42890.33083,40.37,-158,5,1.052729084
42890.33014,40.37,-158,5,1.032766398
42890.32944,40.37,-158,5,1.093247957
42890.32875,40.37,-158,5,1.071976549
42890.32806,40.38,-158,5,1.031311384
42890.32736,40.38,-158,5,1.084068713
42890.32667,40.38,-158,5,1.070894642
42890.32597,40.38,-158,5,1.050200014
42890.32528,40.38,-158,5,1.028306152
42890.32458,40.39,-158,5,1.072966354
42890.32389,40.39,-158,5,1.022703591
42890.32319,40.39,-158,5,1.04127796
42890.3225,40.39,-158,5,1.034247867
42890.32181,40.39,-158,5,1.117880965
42890.32111,40.39,-158,5,1.159176548
42890.32042,40.4,-158,5,1.082318773
42890.31972,40.4,-158,5,1.045990779
42890.31903,40.4,-158,5,1.051793872
42890.31833,40.4,-158,5,1.02461198
42890.31764,40.4,-158,5,1.02461198
42890.31694,40.4,-158,5,1.133194923
42890.31625,40.41,-158,5,1.27515578
42890.31556,40.41,-158,5,1.023342419
42890.31486,40.41,-158,5,1.017257451
42890.31417,40.41,-158,5,1.044561551
42890.31347,40.41,-158,5,1.069039569
42890.31278,40.42,-158,5,1.069039569
42890.31208,40.42,-158,5,1.07729421
42890.31139,40.42,-158,5,1.02102008
42890.31069,40.42,-158,5,1.011884634
42890.31,40.42,-158,5,1.011884634
42890.30931,40.43,-158,5,1.06171377
42890.30861,40.43,-158,5,0.98772336
42890.30792,40.43,-158,5,0.98772336
42890.30722,40.43,-158,5,1.038553859
42890.30653,40.43,-158,5,0.986564006
42890.30583,40.43,-158,5,0.993668429
42890.30514,40.44,-158,5,0.993668429
42890.30444,40.44,-158,5,0.968437857
42890.30375,40.44,-158,5,0.976178137
42890.30306,40.44,-158,5,0.976178137
42890.30236,40.44,-158,5,0.925243863
42890.30167,40.44,-158,5,0.96794383
42890.30097,40.45,-158,5,0.9381855
42890.30028,40.45,-158,5,0.934395991
42890.29958,40.45,-158,5,0.911547993
42890.29125,40.47,-158,5,0.927125741
42890.29056,40.47,-158,5,0.965589699
42890.28986,40.47,-158,5,0.948563174
42890.28917,40.48,-158,5,0.948563174
42890.28847,40.48,-158,5,0.945788272
42890.28778,40.48,-158,5,0.927658474
42890.28708,40.48,-158,5,0.909971908
42890.28639,40.48,-158,5,0.940070387
42890.28569,40.48,-158,5,0.933030532
42890.285,40.49,-158,5,0.93731443
42890.28431,40.49,-158,5,0.921151341
42890.28361,40.49,-158,5,0.939933628
42890.28292,40.49,-158,5,0.917263272
42890.28222,40.49,-158,5,0.917263272
42890.28153,40.49,-158,5,0.930470213
42890.28083,40.5,-158,5,0.936524331
42890.28014,40.5,-158,5,0.936367015
42890.27944,40.5,-158,5,0.884105901
42890.27875,40.5,-158,5,0.901429126
42890.27806,40.5,-158,5,0.878282968
42890.27736,40.51,-158,5,0.878282968
42890.27667,40.51,-158,5,0.901081974
42890.27597,40.51,-158,5,0.871195727
42890.27528,40.51,-158,5,0.883848319
42890.27458,40.51,-158,5,0.885532591
42890.27389,40.51,-158,5,0.872929611
42890.27319,40.52,-158,5,0.872481512
42890.2725,40.52,-158,5,0.885617807
42890.27181,40.52,-158,5,0.911730121
42890.27111,40.52,-158,5,0.926769464
42890.27042,40.52,-158,5,0.926769464
42890.26972,40.53,-158,5,0.901858245
42890.26903,40.53,-158,5,0.947969908
42890.26833,40.53,-158,5,0.905999628
42890.26764,40.53,-158,5,0.914470891
42890.26694,40.53,-158,5,0.929226125
42890.26625,40.53,-158,5,0.896201796
42890.26556,40.54,-158,5,0.930821193
42890.26486,40.54,-158,5,0.925558623
42890.26417,40.54,-158,5,0.886045361
42890.26347,40.54,-158,5,0.875544487
42890.26278,40.54,-158,5,0.91094639
42890.26208,40.54,-158,5,0.877555752
42890.26139,40.55,-158,5,0.880871482
42890.26069,40.55,-158,5,0.899425327
42890.26,40.55,-158,5,0.879778112
42890.25931,40.55,-158,5,0.947644051
42890.25861,40.55,-158,5,0.939809236
42890.25028,40.58,-158,5,1.169309224
42890.24958,40.58,-158,5,1.122962266
42890.24889,40.58,-158,5,1.122962266
42890.24819,40.58,-158,5,1.136690692
42890.2475,40.58,-158,5,1.127138837
42890.24681,40.58,-158,5,1.120377567
42890.24611,40.59,-158,5,1.120377567
42890.24542,40.59,-158,5,1.136545053
42890.24472,40.59,-158,5,1.120286652
42890.24403,40.59,-158,5,1.127556336
42890.24333,40.59,-158,5,1.127556336
42890.24264,40.6,-158,5,1.098806044
42890.24194,40.6,-158,5,1.14110597
42890.24125,40.6,-158,5,1.109952591
42890.24056,40.6,-158,5,1.117368213
42890.23986,40.6,-158,5,1.120557249
42890.23917,40.6,-158,5,1.117165723
42890.23847,40.61,-158,5,1.117165723
42890.23778,40.61,-158,5,1.091371364
42890.23708,40.61,-158,5,1.071569138
42890.23639,40.61,-158,5,1.06918971
42890.23569,40.61,-158,5,1.06918971
42890.235,40.62,-158,5,1.066759491
42890.23431,40.62,-158,5,1.082395746
42890.23361,40.62,-158,5,1.072356145
42890.23292,40.62,-158,5,1.072356145
42890.23222,40.62,-158,5,1.055435188
42890.23153,40.62,-158,5,1.052917565
42890.23083,40.63,-158,5,1.061876645
42890.23014,40.63,-158,5,1.029954547
42890.22944,40.63,-158,5,1.029954547
42890.22875,40.63,-158,5,1.042643729
42890.22806,40.63,-158,5,1.041775913
42890.22736,40.64,-158,5,1.041775913
42890.22667,40.64,-158,5,1.039689596
42890.22597,40.64,-158,5,1.036223469
42890.22528,40.64,-158,5,1.039340107
42890.22458,40.64,-158,5,1.039340107
42890.22389,40.65,-158,5,1.064399068
42890.22319,40.65,-158,5,1.003258413
42890.2225,40.65,-158,5,1.038755506
42890.22181,40.65,-158,5,1.034749109
42890.22111,40.65,-158,5,1.034749109
42890.22042,40.65,-158,5,1.017381986
42890.21972,40.66,-158,5,1.000348459
42890.21903,40.66,-158,5,1.000348459
42890.21833,40.66,-158,5,0.996931123
42890.21764,40.66,-158,5,0.996931123
42890.20931,40.68,-158,5,0.955848655
42890.20861,40.69,-158,5,0.914784704
42890.20792,40.69,-158,5,0.887517819
42890.20722,40.69,-158,5,0.835103421
42890.20653,40.69,-158,5,0.76551638
42890.20583,40.69,-158,5,0.700210601
42890.20514,40.69,-158,5,0.715099745
42890.20444,40.7,-158,5,0.680323785
42890.20375,40.7,-158,5,0.661976755
42890.20306,40.7,-158,5,0.67650929
42890.20236,40.7,-158,5,0.685421019
42890.20167,40.7,-158,5,0.724224955
42890.20097,40.71,-158,5,0.718908862
42890.20028,40.71,-158,5,0.734762163
42890.19958,40.71,-158,5,0.762026043
42890.19889,40.71,-158,5,0.703784222
42890.19819,40.71,-158,5,0.69865093
42890.1975,40.71,-158,5,0.680100512
42890.19681,40.72,-158,5,0.672078761
42890.19611,40.72,-158,5,0.704279584
42890.19542,40.72,-158,5,0.680575345
42890.19472,40.72,-158,5,0.720711559
42890.19403,40.72,-158,5,0.721529603
42890.19333,40.73,-158,5,0.718225748
42890.19264,40.73,-158,5,0.738681418
42890.19194,40.73,-158,5,0.741817413
42890.19125,40.73,-158,5,0.736977105
42890.19056,40.73,-158,5,0.762574456
42890.18986,40.73,-158,5,0.721918699
42890.18917,40.74,-158,5,0.75494169
42890.18847,40.74,-158,5,0.782490245
42890.18778,40.74,-158,5,0.805753216
42890.18708,40.74,-158,5,0.833975814
42890.18639,40.74,-158,5,0.823754239
42890.18569,40.74,-158,5,0.834913852
42890.185,40.75,-158,5,0.8700941
42890.18431,40.75,-158,5,0.889675245
42890.18361,40.75,-158,5,0.907849155
42890.18292,40.75,-158,5,0.983647773
42890.18222,40.75,-158,5,0.928241949
42890.18153,40.76,-158,5,0.951988088
42890.18083,40.76,-158,5,0.959776539
42890.18014,40.76,-158,5,0.977081769
42890.17944,40.76,-158,5,0.986565251
42890.17875,40.76,-158,5,0.970943975
42890.17806,40.76,-158,5,0.971755669
42890.17736,40.77,-158,5,0.996012444
42890.17667,40.77,-158,5,1.016648009
42890.16833,40.79,-158,5,1.187016018
42890.16764,40.79,-158,5,1.207264859
42890.12736,40.89,-158,5,0.869756433
42890.12667,40.89,-158,5,0.88185499
42890.12597,40.89,-158,5,0.88185499
42890.12528,40.89,-158,5,0.731340201
42890.12458,40.9,-158,5,0.718048785
42890.12389,40.9,-158,5,0.713234646
42890.12319,40.9,-158,5,0.733522044
42890.1225,40.9,-158,5,0.733522044
42890.12181,40.9,-158,5,0.786497548
42890.12111,40.9,-158,5,0.880795456
42890.12042,40.91,-158,5,0.927950849
42890.11972,40.91,-158,5,0.927950849
42890.11903,40.91,-158,5,1.000441178
42890.11833,40.91,-158,5,1.068641527
42890.11764,40.91,-158,5,1.115391886
42890.11694,40.91,-158,5,1.120263702
42890.11625,40.92,-158,5,1.122106838
42890.11556,40.92,-158,5,1.200748151
42890.11486,40.92,-158,5,1.091150705
42890.11417,40.92,-158,5,1.091150705
42890.11139,40.93,-158,5,0.940680952
42890.11069,40.93,-158,5,0.950619966
42890.11,40.93,-158,5,0.901097899
42890.10931,40.93,-158,5,0.894394985
42890.10861,40.93,-158,5,0.849092316
42890.10792,40.93,-158,5,0.924178985
42890.10722,40.94,-158,5,0.924178985
42890.10653,40.94,-158,5,1.080349208
42890.10583,40.94,-158,5,0.88134845
42890.10514,40.94,-158,5,0.867954365
42890.10444,40.94,-158,5,0.823472129
42890.10375,40.94,-158,5,0.675187206
42890.10306,40.95,-158,5,0.890512622
42890.10236,40.95,-158,5,0.77634172
42890.10167,40.95,-158,5,0.731478612
42890.10097,40.95,-158,5,0.807081529
42890.10028,40.95,-158,5,0.816985895
42890.09958,40.95,-158,5,0.783899186
42890.09889,40.95,-158,5,0.811650891
42890.09819,40.96,-158,5,0.802754466
42890.0975,40.96,-158,5,0.802754466
42890.09681,40.96,-158,5,0.82455974
42890.09611,40.96,-158,5,0.815946082
42890.09542,40.96,-158,5,0.844721014
42890.09472,40.97,-158,5,0.842478653
42890.08639,40.98,-158,5,1.001629012
42890.08569,40.99,-158,5,0.974151103
42890.085,40.99,-158,5,0.97524443
42890.08431,40.99,-158,5,0.969105414
42890.08361,40.99,-158,5,0.987298181
42890.08292,40.99,-158,5,0.997858183
42890.08222,40.99,-158,5,1.432073993
42890.08153,41,-158,5,0.973816396
42890.08083,41,-158,5,0.991773179
42890.08014,41,-158,5,0.974991566
42890.07944,41,-158,5,1.060659119
42890.07875,41,-158,5,1.044090708
42890.07806,41.01,-158,5,1.044090708
42890.07736,41.01,-158,5,1.232267815
42890.07667,41.01,-158,5,1.095307256
42890.07597,41.01,-158,5,1.036197543
42890.07528,41.01,-158,5,1.032250099
42890.07458,41.01,-158,5,1.023846479
42890.07389,41.01,-158,5,1.036158625
42890.07319,41.02,-158,5,1.038983505
42890.0725,41.02,-158,5,1.113893417
42890.07181,41.02,-158,5,0.968517154
42890.07111,41.02,-158,5,0.968517154
42890.07042,41.02,-158,5,0.945236448
42890.06972,41.02,-158,5,0.915489789
42890.06903,41.03,-158,5,0.928359594
42890.06833,41.03,-158,5,0.928359594
42890.06764,41.03,-158,5,0.87898878
42890.06694,41.03,-158,5,0.893583499
42890.06625,41.03,-158,5,0.854871434
42890.06556,41.03,-158,5,0.844543779
42890.06486,41.04,-158,5,0.840627051
42890.06417,41.04,-158,5,0.804499245
42890.06347,41.04,-157.99,5,0.851315487
42890.06278,41.04,-157.99,5,0.848769411
42890.06208,41.04,-157.99,5,0.960978207
42890.06139,41.05,-157.99,5,1.03830915
42890.06069,41.05,-157.99,5,0.855690127
42890.06,41.05,-157.99,5,0.851911756
42890.05931,41.05,-157.99,5,0.820489283
42890.05861,41.05,-157.99,5,0.824636945
42890.05792,41.05,-157.99,5,0.880107606
42890.05722,41.06,-157.99,5,0.837695694
42890.05653,41.06,-157.99,5,0.863290605
42890.05583,41.06,-157.99,5,0.901188509
42890.05514,41.06,-157.99,5,0.966009349
42890.05444,41.06,-157.99,5,0.963749549
42890.05375,41.06,-157.99,5,0.973158795
42890.04542,41.08,-157.99,5,0.922952152
42890.04472,41.09,-157.99,5,0.912370228
42890.04403,41.09,-157.99,5,0.896067384
42890.04333,41.09,-157.99,5,0.87669187
42890.04264,41.09,-157.99,5,0.892995269
42890.04194,41.09,-157.99,5,0.899094961
42890.04125,41.09,-157.99,5,0.89738506
42890.04056,41.09,-157.99,5,0.89738506
42890.03986,41.1,-157.99,5,0.913249622
42890.03917,41.1,-157.99,5,0.914702781
42890.03847,41.1,-157.99,5,0.906093199
42890.03778,41.1,-157.99,5,0.951368361
42890.03708,41.1,-157.99,5,0.921372215
42890.03639,41.1,-157.99,5,0.975882112
42890.03569,41.11,-157.99,5,0.935993845
42890.035,41.11,-157.99,5,0.945567041
42890.03431,41.11,-157.99,5,0.974217866
42890.03361,41.11,-157.99,5,0.944015763
42890.03292,41.11,-157.99,5,0.957998959
42890.03222,41.11,-157.99,5,0.957998959
42890.03153,41.12,-157.99,5,0.926414527
42890.03083,41.12,-157.99,5,0.923436496
42890.03014,41.12,-157.99,5,0.929538932
42890.02944,41.12,-157.99,5,0.939434082
42890.02875,41.12,-157.99,5,1.467709883
42890.02806,41.12,-157.99,5,0.898443721
42890.02736,41.12,-157.99,5,0.891073057
42890.02667,41.13,-157.99,5,0.908916817
42890.02597,41.13,-157.99,5,0.859773405
42890.02528,41.13,-157.99,5,0.884590358
42890.02458,41.13,-157.99,5,0.862591148
42890.02389,41.13,-157.99,5,0.930303639
42890.02319,41.13,-157.99,5,0.90418235
42890.0225,41.14,-157.99,5,0.944098109
42890.02181,41.14,-157.99,5,0.964323406
42890.02111,41.14,-157.99,5,0.908435574
42890.02042,41.14,-157.99,5,0.939402346
42890.01972,41.14,-157.99,5,1.08080649
42890.01903,41.14,-157.99,5,0.88213415
42890.01833,41.15,-157.99,5,0.89886731
42890.01764,41.15,-157.99,5,0.876121195
42890.01694,41.15,-157.99,5,0.876121195
42890.01625,41.15,-157.99,5,0.908793842
42890.01556,41.15,-157.99,5,0.92014807
42890.01486,41.15,-157.99,5,0.908305182
42890.01417,41.16,-157.99,5,0.848249456
42890.01347,41.16,-157.99,5,0.901143002
42890.01278,41.16,-157.99,5,0.906664586
42890.00444,41.18,-157.99,5,1.207470882
42890.00375,41.18,-157.99,5,1.183395509
42890.00306,41.18,-157.99,5,1.144450595
42890.00236,41.18,-157.99,5,1.080302657
42890.00167,41.19,-157.99,5,1.090300962
42890.00097,41.19,-157.99,5,1.084670032
42890.00028,41.19,-157.99,5,1.084670032
42889.99958,41.19,-157.99,5,1.105152933
42889.99889,41.19,-157.99,5,1.118106421
42889.99819,41.19,-157.99,5,1.090871229
42889.9975,41.2,-157.99,5,1.053676241
42889.99681,41.2,-157.99,5,1.156057015
42889.99611,41.2,-157.99,5,0.605043444
42889.99542,41.2,-157.99,5,1.092404231
42889.99472,41.2,-157.99,5,1.058607599
42889.99403,41.21,-157.99,5,1.058607599
42889.99333,41.21,-157.99,5,1.048470203
42889.99264,41.21,-157.99,5,1.009303781
42889.99194,41.21,-157.99,5,1.006586388
42889.99125,41.22,-157.99,5,0.995657802
42889.99056,41.22,-157.99,5,0.995657802
42889.98986,41.22,-157.99,5,1.005320188
42889.98917,41.22,-157.99,5,0.969640082
42889.98847,41.23,-157.99,5,0.976187397
42889.98778,41.23,-157.99,5,1.012789584
42889.98708,41.23,-157.99,5,1.008021312
42889.98639,41.23,-157.99,5,1.016932345
42889.98569,41.24,-157.99,5,1.004483522
42889.985,41.24,-157.99,5,1.004483522
42889.98431,41.24,-157.99,5,1.030364
42889.98361,41.25,-157.99,5,1.010932701
42889.98292,41.25,-157.99,5,0.979066104
42889.98222,41.25,-157.99,5,0.979066104
42889.98153,41.25,-157.99,5,1.003432863
42889.98083,41.26,-157.99,5,0.954829682
42889.98014,41.26,-157.99,5,1.003750828
42889.97944,41.26,-157.99,5,1.003750828
42889.97875,41.26,-157.99,5,0.985077165
42889.97806,41.27,-157.99,5,0.995278483
42889.97736,41.27,-157.99,5,0.994933532
42889.97667,41.27,-157.99,5,1.038335277
42889.97597,41.27,-157.99,5,1.09123594
42889.97528,41.28,-157.99,5,1.062796821
42889.97458,41.28,-157.99,5,1.069964787
42889.97389,41.28,-157.99,5,1.096350925
42889.97319,41.28,-157.99,5,1.096350925
42889.9725,41.29,-157.99,5,1.102353064
42889.97181,41.29,-157.99,5,1.120533357
42889.96347,41.32,-157.99,5,1.136456776
42889.96278,41.32,-157.99,5,1.174741466
42889.96208,41.33,-157.99,5,1.099712949
42889.96139,41.33,-157.99,5,1.049030621
42889.96069,41.33,-157.99,5,1.049483033
42889.96,41.33,-157.99,5,1.00729306
42889.95931,41.34,-157.99,5,1.001402868
42889.95861,41.34,-157.99,5,1.06543089
42889.95792,41.34,-157.99,5,1.207026618
42889.95722,41.34,-157.99,5,1.012811534
42889.95653,41.35,-157.99,5,0.9625342
42889.95583,41.35,-157.99,5,0.97023078
42889.95514,41.35,-157.99,5,0.967649896
42889.95444,41.35,-157.99,5,0.925998665
42889.95375,41.36,-157.99,5,0.922900512
42889.95306,41.36,-157.99,5,0.912560884
42889.95236,41.36,-157.99,5,0.912560884
42889.95167,41.36,-157.99,5,0.964030404
42889.95097,41.37,-157.99,5,0.95016311
42889.95028,41.37,-157.99,5,0.961450128
42889.94958,41.37,-157.99,5,0.914008377
42889.94889,41.37,-157.99,5,0.908049509
42889.94819,41.37,-157.99,5,0.888617054
42889.9475,41.37,-157.99,5,0.884861434
42889.94681,41.37,-157.99,5,0.887346119
42889.94611,41.37,-157.99,5,0.89387005
42889.94542,41.37,-157.99,5,0.881034568
42889.94472,41.37,-157.99,5,0.893085898
42889.94403,41.37,-157.99,5,0.913056234
42889.94333,41.37,-157.99,5,0.902562367
42889.94264,41.37,-157.99,5,0.880598973
42889.94194,41.37,-157.99,5,0.853229331
42889.94125,41.37,-157.99,5,0.897950178
42889.94056,41.37,-157.99,5,0.836767647
42889.93986,41.37,-157.99,5,0.864049928
42889.93917,41.37,-157.99,5,0.867774934
42889.93847,41.37,-157.99,5,0.836182499
42889.93778,41.38,-157.99,5,0.868761754
42889.93639,41.38,-157.99,5,0.875534908
42889.93569,41.38,-157.99,5,0.875534908
42889.935,41.38,-157.99,5,0.963362909
42889.93431,41.38,-157.99,5,0.894381976
42889.93361,41.38,-157.99,5,0.80566193
42889.93292,41.38,-157.99,5,0.71019558
42889.93222,41.38,-157.99,5,0.887098554
42889.93153,41.38,-158,5,0.897891904
42889.93083,41.38,-158,5,0.808167995
42889.9225,41.4,-158,5,0.791144696
42889.92181,41.4,-158,5,0.846175711
42889.92111,41.41,-158,5,0.796220687
42889.92042,41.41,-158,5,0.788901357
42889.91972,41.41,-158,5,0.797297125
42889.91903,41.41,-158,5,0.818600336
42889.91833,41.41,-158,5,0.800396772
42889.91764,41.42,-158,5,0.804222657
42889.91694,41.42,-158,5,0.789237408
42889.91625,41.42,-158,5,0.817147413
42889.91556,41.42,-158,5,0.78892993
42889.91486,41.42,-158,5,0.78892993
42889.91417,41.42,-158,5,0.817505472
42889.91347,41.42,-158,5,0.780626346
42889.91278,41.42,-158,5,0.780626346
42889.91208,41.42,-158,5,0.779186895
42889.91139,41.42,-158,5,0.76871583
42889.91069,41.42,-158,5,0.768545353
42889.91,41.42,-158,5,0.73353155
42889.90931,41.42,-158,5,0.771171565
42889.90861,41.42,-158,5,0.771171565
42889.90792,41.42,-158,5,0.793032479
42889.90722,41.42,-158,5,0.77635229
42889.90653,41.42,-158,5,0.785693477
42889.90583,41.42,-158,5,0.711337512
42889.90514,41.42,-158,5,0.742258853
42889.90444,41.42,-158,5,0.75582554
42889.90375,41.42,-158,5,0.82940467
42889.90306,41.42,-158,5,0.813614452
42889.90236,41.42,-158,5,0.526570371
42889.90167,41.42,-158,5,0.771718814
42889.90097,41.42,-158,5,0.824409673
42889.90028,41.42,-158,5,0.766753821
42889.89958,41.42,-158,5,0.792093521
42889.89889,41.42,-158,5,0.792093521
42889.89819,41.42,-158,5,0.77415073
42889.8975,41.42,-158,5,0.815696652
42889.89681,41.42,-158,5,0.821937335
42889.89611,41.42,-158,5,0.802406993
42889.89542,41.42,-158,5,0.802406993
42889.89472,41.42,-158,5,0.826185661
42889.89403,41.42,-158,5,0.828184879
42889.89333,41.42,-158,5,0.854459067
42889.89264,41.42,-158,5,0.854459067
42889.89194,41.42,-158,5,0.889439294
42889.89125,41.42,-158,5,0.882407662
42889.89056,41.42,-158,5,0.9189736
42889.88986,41.42,-158,5,0.918569178
42889.88153,41.42,-158,5,0.979514675
42889.88083,41.42,-158,5,0.975919454
42889.88014,41.42,-158,5,0.992421246
42889.87944,41.42,-158,5,1.026562049
42889.87875,41.42,-158,5,0.836334615
42889.87806,41.42,-158,5,1.045804791
42889.87736,41.42,-158,5,1.06058706
42889.87667,41.42,-158,5,1.006880284
42889.87597,41.42,-158,5,1.094524977
42889.87528,41.42,-158,5,1.094524977
42889.87458,41.42,-158,5,1.076318872
42889.87389,41.42,-158,5,1.079966447
42889.87319,41.42,-158,5,1.079966447
42889.8725,41.42,-158,5,1.093284938
42889.87181,41.42,-158,5,1.121500699
42889.87111,41.42,-158,5,1.121500699
42889.87042,41.42,-158,5,1.189837775
42889.86972,41.42,-158,5,1.189837775
42889.86903,41.42,-158,5,1.275530889
42889.86833,41.42,-158,5,1.267131663
42889.86764,41.42,-158,5,1.247454436
42889.86694,41.42,-158,5,1.247454436
42889.86625,41.42,-158,5,1.279224381
42889.86556,41.42,-158,5,1.28216865
42889.86486,41.42,-158,5,1.31484523
42889.86417,41.42,-158,5,1.245735556
42889.86347,41.42,-158,5,1.335202568
42889.86278,41.42,-158,5,1.335202568
42889.86139,41.42,-158,5,1.234911845
42889.86069,41.42,-158,5,1.382134545
42889.86,41.42,-158,5,1.235723027
42889.85931,41.42,-158,5,1.235723027
42889.85861,41.42,-158,5,1.241202914
42889.85792,41.42,-158,5,1.678278269
42889.85722,41.42,-158,5,1.3051809
42889.85653,41.42,-158,5,1.252824795
42889.85583,41.42,-158,5,1.296999038
42889.85514,41.42,-158,5,1.30289073
42889.85444,41.42,-158,5,1.30289073
42889.85375,41.42,-158,5,1.271432129
42889.85306,41.42,-158,5,1.351133959
42889.85236,41.42,-158,5,1.309325875
42889.85167,41.42,-158,5,1.309325875
42889.85097,41.42,-158,5,1.250089792
42889.85028,41.42,-158,5,1.494411478
42889.84958,41.42,-158,5,1.494411478
42889.84889,41.42,-158,5,1.306411602
42889.84056,41.42,-158,5,1.331756111
42889.83986,41.42,-158,5,1.348413355
42889.83917,41.42,-158,5,1.468649631
42889.83847,41.42,-158,5,1.468649631
42889.83708,41.42,-158,5,1.419802132
42889.83639,41.42,-158,5,1.506519263
42889.83569,41.42,-158,5,1.506519263
42889.835,41.42,-158,5,1.335736237
42889.83431,41.42,-158,5,1.456293234
42889.83361,41.42,-158,5,1.476203653
42889.83292,41.42,-158,5,1.490335251
42889.83222,41.42,-158,5,1.418431729
42889.83153,41.42,-158,5,1.39894108
42889.83083,41.42,-158,5,1.39894108
42889.83014,41.42,-158,5,1.648454968
42889.82944,41.42,-158,5,1.730813986
42889.82875,41.42,-158,5,1.432398539
42889.82806,41.42,-158,5,1.42395643
42889.82736,41.42,-158,5,1.594810264
42889.82667,41.42,-158,5,1.468249615
42889.82597,41.42,-158,5,1.477192279
42889.82528,41.42,-158,5,1.49850162
42889.82458,41.42,-158,5,1.516624456
42889.82389,41.42,-158,5,1.498797287
42889.82319,41.42,-158,5,1.520587902
42889.8225,41.42,-158,5,1.494374065
42889.82181,41.42,-158,5,1.529291967
42889.82111,41.42,-158,5,1.595188489
42889.82042,41.42,-158,5,1.618706998
42889.81972,41.42,-158,5,1.498099976
42889.81903,41.42,-158,5,1.505055334
42889.81833,41.42,-158,5,1.505080833
42889.81764,41.42,-158,5,1.513724727
42889.81694,41.42,-158,5,1.511333347
42889.81625,41.42,-158,5,1.512609348
42889.81556,41.42,-158,5,1.526248545
42889.81486,41.42,-158,5,1.516575955
42889.81417,41.42,-158,5,1.502624611
42889.81347,41.42,-158,5,1.473948196
42889.81278,41.42,-158,5,1.500386873
42889.81208,41.42,-158,5,1.51578856
42889.81139,41.42,-158,5,1.529148962
42889.81069,41.42,-158,5,1.543162244
42889.81,41.42,-158,5,1.56665006
42889.80931,41.42,-158,5,1.586517735
42889.80861,41.42,-158,5,1.586517735
42889.80792,41.42,-158,5,1.587096684
42889.79958,41.42,-158,5,1.688442771
42889.79889,41.42,-158,5,1.734556138
42889.79819,41.42,-158,5,1.670636592
42889.7975,41.42,-158,5,1.690258168
42889.79542,41.42,-158,5,1.665709088
42889.79472,41.42,-158,5,1.665709088
42889.79403,41.42,-158,5,1.724616127
42889.79333,41.42,-158,5,1.761901986
42889.79264,41.42,-158,5,1.874790359
42889.79194,41.42,-158,5,1.693937782
42889.79125,41.42,-158,5,1.693937782
42889.79056,41.42,-158,5,1.959651992
42889.78986,41.42,-158,5,1.827421965
42889.78917,41.42,-158,5,1.576311719
42889.78847,41.42,-158,5,1.561962785
42889.78778,41.42,-158,5,1.551418349
42889.78708,41.42,-158,5,1.604919164
42889.78639,41.42,-158,5,1.758138306
42889.785,41.42,-158,5,1.689034393
42889.78431,41.42,-158,5,1.55367685
42889.78361,41.42,-158,5,1.494748346
42889.78292,41.42,-158,5,1.532213171
42889.78222,41.42,-158,5,1.731918206
42889.78083,41.42,-158,5,1.566641444
42889.78014,41.42,-158,5,1.462240627
42889.77944,41.42,-158,5,1.326980269
42889.77875,41.42,-158,5,1.636770822
42889.77806,41.42,-158,5,1.474779805
42889.77736,41.42,-158,5,1.465429656
42889.77528,41.42,-158,5,1.391248314
42889.77458,41.42,-158,5,1.446521422
42889.77389,41.42,-158,5,1.398293608
42889.77319,41.42,-158,5,1.40169217
42889.7725,41.42,-158,5,1.461428127
42889.77181,41.42,-158,5,1.453090441
42889.77111,41.42,-158,5,1.605508608
42889.77042,41.42,-158,5,1.475616037
42889.76972,41.42,-158,5,1.510891801
42889.76903,41.42,-158,5,1.508161402
42889.76833,41.42,-158,5,1.426710634
42889.76764,41.42,-158,5,1.46682786
42889.75861,41.42,-158,5,1.387883897
42889.75792,41.42,-158,5,1.397018167
42889.75722,41.42,-158,5,1.375364441
42889.75653,41.42,-158,5,1.375519763
42889.75583,41.42,-158,5,1.377074102
42889.75514,41.42,-158,5,1.565519704
42889.75444,41.42,-158,5,1.565519704
42889.75375,41.42,-158,5,1.345273135
42889.75306,41.42,-158,5,1.453253903
42889.75236,41.42,-158,5,1.453253903
42889.75167,41.42,-158,5,1.368492677
42889.75097,41.42,-158,5,1.433281851
42889.75028,41.42,-158,5,1.433281851
42889.74958,41.42,-158,5,1.486501261
42889.74889,41.42,-158,5,1.46593218
42889.74819,41.42,-158,5,1.549384533
42889.7475,41.42,-158,5,1.826482606
42889.74681,41.42,-158,5,1.401459827
42889.74611,41.42,-158,5,1.401459827
42889.74542,41.42,-158,5,1.343961707
42889.74472,41.42,-158,5,1.471580697
42889.74403,41.42,-158,5,1.414747205
42889.74333,41.42,-158,5,1.732395482
42889.74264,41.42,-158,5,1.732395482
42889.74194,41.42,-158,5,1.3696519
42889.74125,41.42,-158,5,1.385713385
42889.74056,41.42,-158,5,1.385661986
42889.73986,41.42,-158,5,1.422922953
42889.73917,41.42,-158,5,1.439576972
42889.73847,41.42,-158,5,1.439576972
42889.73778,41.42,-158,5,1.447985833
42889.73708,41.42,-158,5,1.447985833
42889.73639,41.42,-158,5,1.476206727
42889.73569,41.42,-158,5,1.49044901
42889.735,41.42,-158,5,1.49044901
42889.73431,41.42,-158,5,1.541282894
42889.73361,41.42,-158,5,1.530538916
42889.73292,41.42,-158,5,1.540088178
42889.73222,41.42,-158,5,1.49132204
42889.73153,41.42,-158,5,1.442680182
42889.73083,41.42,-158,5,1.476722964
42889.73014,41.42,-158,5,1.515239812
42889.72944,41.42,-158,5,1.50343517
42889.72875,41.42,-158,5,1.52711658
42889.72806,41.42,-158,5,1.473962981
42889.72736,41.42,-158,5,1.934393094
42889.72667,41.42,-158,5,1.934393094
42889.72597,41.42,-158,5,1.454423348
42889.71764,41.42,-158,5,1.583356492
42889.71694,41.42,-158,5,1.570282336
42889.71625,41.42,-158,5,1.54969174
42889.71556,41.42,-158,5,1.479145289
42889.71486,41.42,-158,5,1.725775928
42889.71347,41.42,-158,5,1.719400401
42889.71278,41.42,-158,5,1.544227644
42889.71208,41.42,-158,5,1.606025866
42889.71139,41.42,-158,5,1.433082277
42889.71069,41.42,-158,5,1.376503161
42889.71,41.42,-158,5,1.57730874
42889.70931,41.42,-158,5,1.381735222
42889.70861,41.42,-158,5,1.442830494
42889.70792,41.42,-158,5,1.877840994
42889.70583,41.42,-158,5,1.29917612
42889.70514,41.42,-158,5,1.319891873
42889.70444,41.42,-158,5,0.716089826
42889.70375,41.42,-158,5,1.187154979
42889.70306,41.42,-158,5,1.202252704
42889.70167,41.42,-158,5,1.430218096
42889.70097,41.42,-158,5,1.248406735
42889.70028,41.42,-158,5,1.335355249
42889.69958,41.42,-158,5,1.358538803
42889.69889,41.42,-158,5,1.421383594
42889.69819,41.42,-158,5,1.443453877
42889.6975,41.42,-158,5,1.50109514
42889.69611,41.42,-158,5,1.354623037
42889.69542,41.42,-158,5,1.516095437
42889.69472,41.42,-158,5,1.732155713
42889.69264,41.42,-158,5,1.39304292
42889.69194,41.42,-158,5,1.413868495
42889.69125,41.42,-158,5,1.301791993
42889.69056,41.42,-158,5,1.426649508
42889.68986,41.42,-158,5,1.233411461
42889.68917,41.42,-158,5,1.980137094
42889.68847,41.42,-158,5,1.562932822
42889.68778,41.42,-158,5,1.275563546
42889.68708,41.42,-158,5,1.652619156
42889.68639,41.42,-158,5,1.405506966
42889.68569,41.42,-158,5,1.405506966
42889.685,41.42,-158,5,1.370405529
42889.67667,41.42,-158,5,1.210126582
42889.67597,41.42,-158,5,1.229832412
42889.67528,41.42,-158,5,1.043471647
42889.67389,41.42,-158,5,1.286857911
42889.67319,41.42,-158,5,1.258295411
42889.6725,41.42,-158,5,1.258295411
42889.67181,41.42,-158,5,1.057662021
42889.67111,41.42,-158,5,0.980668421
42889.67042,41.42,-158,5,1.027069144
42889.66972,41.42,-158,5,1.045892715
42889.66903,41.42,-158,5,0.978793632
42889.66694,41.42,-158,5,0.900698778
42889.66625,41.42,-158,5,0.952904818
42889.66556,41.42,-158,5,1.052984304
42889.66486,41.42,-158,5,1.113954793
42889.66417,41.42,-158,5,1.287855308
42889.66347,41.42,-158,5,1.320818509
42889.66278,41.42,-158,5,1.377102811
42889.66069,41.42,-158,5,1.854819946
42889.66,41.42,-158,5,1.633579094
42889.65931,41.42,-158,5,1.841184886
42889.65792,41.42,-158,5,1.470250172
42889.65722,41.42,-158,5,1.596360612
42889.65653,41.42,-158,5,1.904977214
42889.65583,41.42,-158,5,1.371034726
42889.65514,41.42,-158,5,1.384301689
42889.65444,41.42,-158,5,1.362141392
42889.65375,41.42,-158,5,1.352273456
42889.65306,41.42,-158,5,1.430224907
42889.65236,41.42,-158,5,1.453643507
42889.65167,41.42,-158,5,1.818239639
42889.65097,41.42,-158,5,1.486332976
42889.65028,41.42,-158,5,1.511345183
42889.64958,41.42,-158,5,1.365960042
42889.64889,41.42,-158,5,1.408991523
42889.64819,41.42,-158,5,1.854177737
42889.64542,41.42,-158,5,1.906774587
42889.64472,41.42,-158,5,1.779649809
42889.63569,41.42,-158,5,1.763368034
42889.63361,41.42,-158,5,1.870213954
42889.63292,41.42,-158,5,1.870213954
42889.63083,41.42,-158,5,1.462710412
42889.63014,41.42,-158,5,1.462710412
42889.62944,41.42,-158,5,1.420452805
42889.62875,41.42,-158,5,1.382410074
42889.62806,41.42,-158,5,1.413770493
42889.62736,41.42,-158,5,1.416081141
42889.62667,41.42,-158,5,1.406893319
42889.62597,41.42,-158,5,1.395685711
42889.62528,41.42,-158,5,1.392608785
42889.62458,41.42,-158,5,1.458357666
42889.62389,41.42,-158,5,1.458357666
42889.62319,41.42,-158,5,1.542453449
42889.6225,41.42,-158,5,1.503879171
42889.62181,41.42,-158,5,1.432671836
42889.62111,41.42,-158,5,1.399853257
42889.62042,41.42,-158,5,1.399853257
42889.61972,41.42,-158,5,1.538206107
42889.61903,41.42,-158,5,1.445453599
42889.61833,41.42,-158,5,1.445453599
42889.61764,41.42,-158,5,1.430441813
42889.61694,41.42,-158,5,1.409299268
42889.61625,41.42,-158,5,1.487420502
42889.61556,41.42,-158,5,1.487420502
42889.61486,41.42,-158,5,1.492127566
42889.61417,41.42,-158,5,1.475575528
42889.61347,41.42,-158,5,1.546461414
42889.61278,41.42,-158,5,1.581858729
42889.61208,41.42,-158,5,1.512580486
42889.61139,41.42,-158,5,1.522189867
42889.61069,41.42,-158,5,1.624468993
42889.61,41.42,-158,5,1.624468993
42889.60931,41.42,-158,5,1.504295114
42889.60861,41.42,-158,5,1.55097665
42889.60792,41.42,-158,5,1.594672297
42889.60722,41.42,-158,5,1.727958755
42889.59472,41.42,-158,5,1.534617451
42889.59403,41.42,-158,5,1.627812606
42889.59333,41.42,-158,5,1.44520604
42889.59264,41.42,-158,5,1.356262363
42889.59194,41.42,-158,5,1.356262363
42889.59125,41.42,-158,5,1.425155552
42889.59056,41.42,-158,5,1.511451389
42889.58986,41.42,-158,5,1.352825515
42889.58917,41.42,-158,5,1.342987454
42889.58847,41.42,-158,5,1.373278038
42889.58778,41.42,-158,5,1.373127771
42889.58708,41.42,-158,5,1.587300162
42889.58639,41.42,-158,5,1.388220124
42889.58569,41.42,-158,5,1.399884078
42889.585,41.42,-158,5,1.391028193
42889.58431,41.42,-158,5,1.36409925
42889.58361,41.42,-158,5,1.337746268
42889.58292,41.42,-158,5,1.479897726
42889.58222,41.42,-158,5,1.333305015
42889.58153,41.42,-158,5,1.398398081
42889.58083,41.42,-158,5,1.398398081
42889.58014,41.42,-158,5,1.552172154
42889.57944,41.42,-158,5,1.485349264
42889.57875,41.42,-158,5,1.588799159
42889.57806,41.42,-158,5,1.588799159
42889.57736,41.42,-158,5,1.333505055
42889.57667,41.42,-158,5,1.41192234
42889.57597,41.42,-158,5,1.400783143
42889.57528,41.42,-158,5,1.416554868
42889.57458,41.42,-158,5,1.488094439
42889.57389,41.42,-158,5,1.494386684
42889.57319,41.42,-158,5,1.329385971
42889.5725,41.42,-158,5,1.421785929
42889.57181,41.42,-158,5,1.45547139
42889.57111,41.42,-158,5,1.350463607
42889.57042,41.42,-158,5,1.338293435
42889.56972,41.42,-158,5,1.338293435
42889.56903,41.42,-158,5,1.341837441
42889.56833,41.42,-158,5,1.393416079
42889.56764,41.42,-158,5,1.489955635
42889.56694,41.42,-158,5,1.501842132
42889.56625,41.42,-158,5,1.410418916
42889.56556,41.42,-158,5,1.360387145
42889.56486,41.42,-158,5,1.358905513
42889.56417,41.42,-158,5,1.353216131
42889.56347,41.42,-158,5,1.414140495
42889.56278,41.42,-158,5,1.393232097
42889.56208,41.42,-158,5,1.457601102
42889.56139,41.42,-158,5,1.457601102
42889.55375,41.42,-158,5,1.353606066
42889.55306,41.42,-158,5,1.422928729
42889.55236,41.42,-158,5,1.407847022
42889.55167,41.42,-158,5,1.375048832
42889.55097,41.42,-158,5,1.384152888
42889.55028,41.42,-158,5,1.43582427
42889.54958,41.42,-158,5,1.376858827
42889.54889,41.42,-158,5,1.348164701
42889.54819,41.42,-158,5,1.401288743
42889.5475,41.42,-158,5,1.426340074
42889.54681,41.42,-158,5,1.409668246
42889.54611,41.42,-158,5,1.375046114
42889.54542,41.42,-158,5,1.46946139
42889.54472,41.42,-158,5,1.334775401
42889.54403,41.42,-158,5,1.36628241
42889.54333,41.42,-158,5,1.366511152
42889.54264,41.42,-158,5,1.407039151
42889.54194,41.42,-158,5,1.413490057
42889.54125,41.42,-158,5,1.444277248
42889.54056,41.42,-158,5,1.606920915
42889.53986,41.42,-158,5,1.912839543
42889.53847,41.42,-158,5,1.467705122
42889.53778,41.42,-158,5,1.491737321
42889.53708,41.42,-158,5,1.411520594
42889.53639,41.42,-158,5,1.431288375
42889.53569,41.42,-158,5,1.56764792
42889.535,41.42,-158,5,1.399046235
42889.53431,41.42,-158,5,1.436394162
42889.53361,41.42,-158,5,1.436394162
42889.53292,41.42,-158,5,1.44979129
42889.53222,41.42,-158,5,1.521485685
42889.53153,41.42,-158,5,1.432455532
42889.53083,41.42,-158,5,1.411544198
42889.53014,41.42,-158,5,1.401975104
42889.52944,41.42,-158,5,1.414429539
42889.52875,41.42,-158,5,1.489234683
42889.52806,41.42,-158,5,1.420410939
42889.52736,41.42,-158,5,1.386974158
42889.52667,41.42,-158,5,1.46895548
42889.52597,41.42,-158,5,1.464973377
42889.52528,41.42,-158,5,1.495077476
42889.52458,41.42,-158,5,1.48017681
42889.52389,41.42,-158,5,1.526599616
42889.52319,41.42,-158,5,1.450117742
42889.5225,41.42,-158,5,1.442018157
42889.52181,41.42,-158,5,1.434943909
42889.52111,41.42,-158,5,1.433340872
42889.51278,41.42,-158,5,1.553941755
42889.51208,41.42,-158,5,1.436672119
42889.51139,41.42,-158,5,1.461331922
42889.51069,41.42,-158,5,1.461331922
42889.51,41.42,-158,5,1.422767529
42889.50931,41.42,-158,5,1.427313815
42889.50861,41.42,-158,5,1.443193747
42889.50792,41.42,-158,5,1.489040031
42889.50722,41.42,-158,5,1.474984764
42889.50653,41.42,-158,5,1.465718089
42889.50583,41.42,-158,5,1.438780394
42889.50514,41.42,-158,5,1.399108004
42889.50444,41.42,-158,5,1.459653435
42889.50375,41.42,-158,5,1.459653435
42889.50306,41.42,-158,5,1.488644036
42889.50236,41.42,-158,5,1.488644036
42889.50167,41.42,-158,5,1.485738473
42889.50097,41.42,-158,5,1.452839734
42889.50028,41.42,-158,5,1.452839734
42889.49958,41.42,-158,5,1.454888663
42889.49889,41.42,-158,5,1.44264468
42889.49819,41.42,-158,5,1.475257149
42889.4975,41.42,-158,5,1.512715951
42889.49681,41.42,-158,5,1.512715951
42889.49611,41.42,-158,5,1.476492967
42889.49542,41.42,-158,5,1.476492967
42889.49472,41.42,-158,5,1.426685005
42889.49403,41.42,-158,5,1.468809868
42889.49333,41.42,-158,5,1.490205257
42889.49264,41.42,-158,5,1.525567148
42889.49194,41.42,-158,5,1.550576102
42889.49125,41.42,-158,5,1.550576102
42889.49056,41.42,-158,5,1.432293313
42889.48986,41.42,-158,5,1.467312169
42889.48917,41.42,-158,5,1.463337164
42889.48847,41.42,-158,5,1.46322038
42889.48778,41.42,-158,5,1.46322038
42889.48708,41.42,-158,5,1.446623836
42889.48639,41.42,-158,5,1.517189991
42889.48569,41.42,-158,5,1.533649475
42889.485,41.42,-158,5,1.468428812
42889.48431,41.42,-158,5,1.452850478
42889.48361,41.42,-158,5,1.424248366
42889.48292,41.42,-158,5,1.528985362
42889.48222,41.42,-158,5,1.528985362
42889.48153,41.42,-158,5,1.475122618
42889.48083,41.42,-158,5,1.468378389
42889.48014,41.42,-158,5,1.46966188
42889.47944,41.42,-158,5,1.46966188
42889.47181,41.42,-158,5,1.451256703
42889.47111,41.42,-158,5,1.467045073
42889.47042,41.42,-158,5,1.459020109
42889.46972,41.42,-158,5,1.482702137
42889.46903,41.42,-158,5,1.482702137
42889.46833,41.42,-158,5,1.519844283
42889.46764,41.42,-158,5,1.520189548
42889.46694,41.42,-158,5,1.599458383
42889.46625,41.42,-158,5,1.476352838
42889.46556,41.42,-158,5,1.50217316
42889.46486,41.42,-158,5,1.501617705
42889.46417,41.42,-158,5,1.61047754
42889.46347,41.42,-158,5,1.468659245
42889.46278,41.42,-158,5,1.486123216
42889.46208,41.42,-158,5,1.44111653
42889.46139,41.42,-158,5,1.500002632
42889.46069,41.42,-158,5,1.57533175
42889.46,41.42,-158,5,1.501510417
42889.45931,41.42,-158,5,1.509485929
42889.45861,41.42,-158,5,1.483231163
42889.45792,41.42,-158,5,1.523649842
42889.45722,41.42,-158,5,1.518359974
42889.45653,41.42,-158,5,1.550843037
42889.45583,41.42,-158,5,1.506176131
42889.45514,41.42,-158,5,1.484042032
42889.45444,41.42,-158,5,1.484042032
42889.45375,41.42,-158,5,1.454768515
42889.45306,41.42,-158,5,1.471895175
42889.45236,41.42,-158,5,1.493792239
42889.45167,41.42,-158,5,1.529415988
42889.45097,41.42,-158,5,1.486107781
42889.45028,41.42,-158,5,1.493217667
42889.44958,41.42,-158,5,1.452358933
42889.44889,41.42,-158,5,1.464011302
42889.44819,41.42,-158,5,1.499733011
42889.4475,41.42,-158,5,1.511027609
42889.44681,41.42,-158,5,1.540017268
42889.44611,41.42,-158,5,1.497728863
42889.44542,41.42,-158,5,1.496531314
42889.44472,41.42,-158,5,1.497990828
42889.44403,41.42,-158,5,1.503275221
42889.44333,41.42,-158,5,1.512074745
42889.44264,41.42,-158,5,1.512074745
42889.44194,41.42,-158,5,1.570175085
42889.44125,41.42,-158,5,1.575535787
42889.44056,41.42,-158,5,1.539462795
42889.43986,41.42,-158,5,1.684579553
42889.43917,41.42,-158,5,1.701446069
42889.43083,41.42,-158,5,1.539122582
42889.43014,41.42,-158,5,1.539122582
42889.42944,41.42,-158,5,1.536309634
42889.42875,41.42,-158,5,1.631519702
42889.42806,41.42,-158,5,1.588684318
42889.42736,41.42,-158,5,1.518480782
42889.42667,41.42,-158,5,1.562911634
42889.42597,41.42,-158,5,1.589916754
42889.42528,41.42,-158,5,1.582616235
42889.42458,41.42,-158,5,1.63059443
42889.42389,41.42,-158,5,1.603722444
42889.42319,41.42,-158,5,1.597145069
42889.4225,41.42,-158,5,1.500533854
42889.42181,41.42,-158,5,1.661269301
42889.42111,41.42,-158,5,1.92102047
42889.42042,41.42,-158,5,1.597035482
42889.41972,41.42,-158,5,1.528219846
42889.41903,41.42,-158,5,1.895195088
42889.41833,41.42,-158,5,1.547339634
42889.41764,41.42,-158,5,1.55359623
42889.41694,41.42,-158,5,1.589041885
42889.41625,41.42,-158,5,1.52874587
42889.41556,41.42,-158,5,1.482576052
42889.41486,41.42,-158,5,1.436142731
42889.41417,41.42,-158,5,1.455394182
42889.41347,41.42,-158,5,1.607376633
42889.41278,41.42,-158,5,1.417622877
42889.41208,41.42,-158,5,1.461907478
42889.41139,41.42,-158,5,1.453576859
42889.41069,41.42,-158,5,1.453576859
42889.41,41.42,-158,5,1.491259646
42889.40931,41.42,-158,5,1.440007313
42889.40861,41.42,-158,5,1.480841673
42889.40792,41.42,-158,5,1.472820422
42889.40722,41.42,-158,5,1.472820422
42889.40653,41.42,-158,5,1.494798412
42889.40583,41.42,-158,5,1.647795418
42889.40514,41.42,-158,5,1.647795418
42889.40444,41.42,-158,5,1.416497401
42889.40375,41.42,-158,5,1.529734279
42889.40306,41.42,-158,5,1.634756003
42889.40236,41.42,-158,5,1.422413895
42889.40167,41.42,-158,5,1.388911479
42889.40097,41.42,-158,5,1.411011701
42889.40028,41.42,-158,5,1.512906189
42889.39958,41.42,-158,5,1.421802271
42889.39889,41.42,-158,5,1.408110271
42889.39819,41.42,-158,5,1.426957252
42889.38986,41.42,-158,5,1.449633688
42889.38917,41.42,-158,5,1.473496222
42889.38847,41.42,-158,5,1.518982643
42889.38778,41.42,-158,5,1.502794871
42889.38708,41.42,-158,5,1.493350417
42889.38639,41.42,-158,5,1.494035456
42889.38569,41.42,-158,5,1.507403286
42889.385,41.42,-158,5,1.494940272
42889.38431,41.42,-158,5,1.513099226
42889.38361,41.42,-158,5,1.490273202
42889.38292,41.42,-158,5,1.469403492
42889.38222,41.42,-158,5,1.507491646
42889.38153,41.42,-158,5,1.483527883
42889.38083,41.42,-158,5,1.49306158
42889.38014,41.42,-158,5,1.479437771
42889.37944,41.42,-158,5,1.526648456
42889.37875,41.42,-158,5,1.512708421
42889.37806,41.42,-158,5,1.632542998
42889.37736,41.42,-158,5,1.484981816
42889.37667,41.42,-158,5,1.48306344
42889.37597,41.42,-158,5,1.475252467
42889.37528,41.42,-158,5,1.482392176
42889.37458,41.42,-158,5,1.511279729
42889.37389,41.42,-158,5,1.481639163
42889.37319,41.42,-158,5,1.469567635
42889.3725,41.42,-158,5,1.486848746
42889.37181,41.42,-158,5,1.461878303
42889.37111,41.42,-158,5,1.48983821
42889.37042,41.42,-158,5,1.490713422
42889.36972,41.42,-158,5,1.470668291
42889.36903,41.43,-158,5,1.496756677
42889.36833,41.43,-158,5,1.458877862
42889.36764,41.43,-158,5,1.515108866
42889.36694,41.43,-158,5,1.488142808
42889.36625,41.44,-158,5,1.475128188
42889.36556,41.44,-158,5,1.484444617
42889.36486,41.44,-158,5,1.473280396
42889.36417,41.45,-158,5,1.493127596
42889.36347,41.45,-158,5,1.492663821
42889.36278,41.45,-158,5,1.492838125
42889.36208,41.45,-158,5,1.485437968
42889.36139,41.45,-158,5,1.459046032
42889.36069,41.45,-158,5,1.484388452
42889.36,41.45,-158,5,1.504449876
42889.35931,41.45,-158,5,1.504405882
42889.35861,41.46,-158,5,1.482441715
42889.35792,41.46,-158,5,1.437179149
42889.35722,41.46,-158,5,1.48121125
42889.34889,41.48,-158,5,1.533481942
42889.34819,41.48,-158,5,1.510420783
42889.3475,41.48,-158,5,1.527135453
42889.34681,41.48,-158,5,1.513714406
42889.34611,41.49,-158,5,1.523803092
42889.34542,41.49,-158,5,1.544124882
42889.34472,41.49,-158,5,1.507376173
42889.34403,41.5,-158,5,1.49306746
42889.34333,41.5,-158,5,1.517175593
42889.34264,41.5,-158,5,1.52410424
42889.34194,41.5,-158,5,1.528836083
42889.34125,41.51,-158,5,1.496633219
42889.34056,41.51,-158,5,1.510377514
42889.33986,41.51,-158,5,1.502669982
42889.33917,41.51,-158,5,1.507471551
42889.33847,41.52,-158,5,1.507887527
42889.33778,41.52,-158,5,1.516041788
42889.33708,41.52,-158,5,1.50474928
42889.33639,41.53,-158,5,1.487172731
42889.33569,41.53,-158,5,1.466318742
42889.335,41.53,-158,5,1.495696084
42889.33431,41.53,-158,5,1.502707124
42889.33361,41.54,-158,5,1.50842088
42889.33292,41.54,-158,5,1.498723734
42889.33222,41.54,-158,5,1.463006712
42889.33153,41.54,-158,5,1.448773042
42889.33083,41.55,-158,5,1.470453031
42889.33014,41.55,-158,5,1.441156685
42889.32944,41.55,-158,5,1.448683809
42889.32875,41.56,-158,5,1.428077714
42889.32806,41.56,-158,5,1.429573271
42889.32736,41.56,-158,5,1.476344126
42889.32667,41.56,-158,5,1.479984934
42889.32597,41.57,-158,5,1.458559601
42889.32528,41.57,-158,5,1.505732573
42889.32458,41.57,-158,5,1.510619267
42889.32389,41.57,-158,5,1.528033998
42889.32319,41.58,-158,5,1.470303894
42889.3225,41.58,-158,5,1.436796096
42889.32181,41.58,-158,5,1.466109221
42889.32111,41.59,-158,5,1.448573249
42889.32042,41.59,-158,5,1.471901499
42889.31972,41.59,-158,5,1.456374733
42889.31903,41.59,-158,5,1.479082634
42889.31833,41.6,-158,5,1.479082634
42889.31764,41.6,-158,5,1.463555714
42889.31694,41.6,-158,5,1.503483836
42889.31625,41.6,-158,5,1.47377076
42889.30792,41.64,-158,5,1.469586637
42889.30722,41.64,-158,5,1.44955096
42889.30653,41.64,-158,5,1.450613666
42889.30583,41.64,-158,5,1.462683344
42889.30514,41.65,-158,5,1.473873915
42889.30444,41.65,-158,5,1.467272229
42889.30375,41.65,-158,5,1.493990085
42889.30306,41.66,-158,5,1.467197053
42889.30236,41.66,-158,5,1.44744041
42889.30167,41.66,-158,5,1.460770939
42889.30097,41.66,-158,5,1.35345969
42889.30028,41.67,-158,5,1.393832723
42889.29958,41.67,-158,5,1.393832723
42889.29889,41.67,-158,5,1.363308391
42889.29819,41.68,-158,5,1.368386193
42889.2975,41.68,-158,5,1.39609707
42889.29681,41.68,-158,5,1.399145555
42889.29611,41.68,-158,5,1.399453231
42889.29542,41.69,-158,5,1.376543174
42889.29472,41.69,-158,5,1.387155249
42889.29403,41.69,-158,5,1.365930435
42889.29333,41.69,-158,5,1.383120104
42889.29264,41.7,-158,5,1.381610677
42889.29194,41.7,-158,5,1.360642838
42889.29125,41.7,-158,5,1.383079991
42889.29056,41.7,-158,5,1.416080762
42889.28986,41.71,-158,5,1.357072868
42889.28917,41.71,-158,5,1.380770551
42889.28847,41.71,-158,5,1.339948782
42889.28778,41.72,-158,5,1.37258509
42889.28708,41.72,-158,5,1.369304988
42889.28639,41.72,-158,5,1.354718562
42889.28569,41.72,-158,5,1.361017156
42889.285,41.73,-158,5,1.361017156
42889.28431,41.73,-158,5,1.377494952
42889.28361,41.73,-158,5,1.363752045
42889.28292,41.73,-158,5,1.342461663
42889.28222,41.74,-158,5,1.36329689
42889.28153,41.74,-158,5,1.369773336
42889.28083,41.74,-158,5,1.390167118
42889.28014,41.74,-158,5,1.348279759
42889.27944,41.75,-158,5,1.350682793
42889.27875,41.75,-158,5,1.362870396
42889.27806,41.75,-158,5,1.337206922
42889.27736,41.76,-158,5,1.338523231
42889.27667,41.76,-158,5,1.332306279
42889.27597,41.76,-158,5,1.374337901
42889.27528,41.76,-158,5,1.321481604
42889.27458,41.77,-158,5,1.311166816
42889.27389,41.77,-158,5,1.356619493
42889.27319,41.77,-158,5,1.321687686
42889.2725,41.77,-158,5,1.372911334
42889.27181,41.78,-158,5,1.325849846
42889.27111,41.78,-158,5,1.351980476
42889.27042,41.78,-158,5,1.339986372
42889.26972,41.78,-158,5,1.338761863
42889.26903,41.79,-158,5,1.316899465
42889.26833,41.79,-158,5,1.344124166
42889.26,41.82,-158,5,1.34237387
42889.25931,41.83,-158,5,1.34237387
42889.25861,41.83,-158,5,1.324963767
42889.25792,41.83,-158,5,1.324963767
42889.25722,41.83,-158,5,1.339148041
42889.25653,41.84,-158,5,1.294303174
42889.25583,41.84,-158,5,1.332287269
42889.25514,41.84,-158,5,1.322252098
42889.25444,41.84,-158,5,1.310446269
42889.25375,41.85,-158,5,1.301615298
42889.25306,41.85,-158,5,1.318377024
42889.25236,41.85,-158,5,1.318377024
42889.25167,41.86,-158,5,1.299384867
42889.25097,41.86,-158,5,1.31674425
42889.25028,41.86,-158,5,1.326354351
42889.24958,41.86,-158,5,1.363618183
42889.24889,41.87,-158,5,1.30173675
42889.24819,41.87,-158,5,1.31054938
42889.2475,41.87,-158,5,1.332578839
42889.24681,41.87,-158,5,1.328142741
42889.24611,41.88,-158,5,1.328142741
42889.24542,41.88,-158,5,1.327925468
42889.24472,41.88,-158,5,1.32764132
42889.24403,41.89,-158,5,1.32764132
42889.24333,41.89,-158,5,1.328878272
42889.24264,41.89,-158,5,1.328878272
42889.24194,41.89,-158,5,1.289242749
42889.24125,41.9,-158,5,1.311767408
42889.24056,41.9,-158,5,1.311767408
42889.23986,41.9,-158,5,1.296593366
42889.23917,41.9,-158,5,1.295381919
42889.23847,41.91,-158,5,1.306470714
42889.23778,41.91,-158,5,1.293908558
42889.23708,41.91,-158,5,1.310343693
42889.23639,41.92,-158,5,1.310343693
42889.23569,41.92,-158,5,1.313239654
42889.235,41.92,-158,5,1.302803062
42889.23431,41.92,-158,5,1.28045749
42889.23361,41.93,-158,5,1.320298724
42889.23292,41.93,-158,5,1.292914331
42889.23222,41.93,-158,5,1.304428408
42889.23153,41.93,-158,5,1.29288974
42889.23083,41.94,-158,5,1.294777267
42889.23014,41.94,-158,5,1.291915097
42889.22944,41.94,-158,5,1.291915097
42889.22875,41.94,-158,5,1.342450454
42889.22806,41.95,-158,5,1.326385758
42889.22736,41.95,-158,5,1.29361623
42889.21903,41.98,-158,5,1.346626869
42889.21833,41.98,-158,5,1.368464883
42889.21764,41.99,-158,5,1.368464883
42889.21694,41.99,-158,5,1.331357705
42889.21625,41.99,-158,5,1.335894793
42889.21556,42,-158,5,1.309285489
42889.21486,42,-158,5,1.383556707
42889.21417,42,-158,5,1.337569031
42889.21347,42,-158,5,1.37021412
42889.21278,42.01,-158,5,1.351089615
42889.21208,42.01,-158,5,1.320058015
42889.21139,42.01,-158,5,1.362622989
42889.21069,42.01,-158,5,1.362622989
42889.21,42.02,-158,5,1.378375008
42889.20931,42.02,-158,5,1.386579408
42889.20861,42.02,-158,5,1.317285584
42889.20792,42.03,-158,5,1.304661228
42889.20722,42.03,-158,5,1.327324613
42889.20653,42.03,-158,5,1.3494583
42889.20583,42.03,-158,5,1.311436622
42889.20514,42.04,-158,5,1.305212668
42889.20444,42.04,-158,5,1.289197517
42889.20375,42.04,-158,5,1.278571655
42889.20306,42.04,-158,5,1.310930739
42889.20236,42.05,-158,5,1.306027279
42889.20167,42.05,-158,5,1.289420316
42889.20097,42.05,-158,5,1.2916715
42889.20028,42.05,-158,5,1.293010013
42889.19958,42.06,-158,5,1.300196208
42889.19889,42.06,-158,5,1.312352653
42889.19819,42.06,-158,5,1.312352653
42889.1975,42.07,-158,5,1.299229731
42889.19681,42.07,-158,5,1.302444215
42889.19611,42.07,-158,5,1.283045922
42889.19542,42.07,-158,5,1.298748306
42889.19472,42.08,-158,5,1.366597789
42889.19403,42.08,-158,5,1.300598266
42889.19333,42.08,-158,5,1.300105202
42889.19264,42.08,-158,5,1.368778264
42889.19194,42.09,-158,5,1.608608956
42889.19125,42.09,-158,5,1.292620888
42889.19056,42.09,-158,5,1.460205097
42889.18986,42.1,-158,5,1.297791637
42889.18917,42.1,-158,5,1.27282844
42889.18847,42.1,-158,5,1.285719841
42889.18778,42.1,-158,5,1.295543099
42889.18708,42.11,-158,5,1.281803692
42889.18639,42.11,-158,5,1.236943785
42889.17806,42.14,-158,5,1.238215957
42889.17736,42.15,-158,5,1.247060077
42889.17667,42.15,-158,5,1.254350661
42889.17597,42.15,-158,5,1.244565853
42889.17528,42.15,-158,5,1.241519318
42889.17458,42.16,-158,5,1.223272983
42889.17389,42.16,-158,5,1.177648027
42889.17319,42.16,-158,5,1.175615646
42889.1725,42.16,-158,5,1.179843067
42889.17181,42.17,-158,5,1.225309743
42889.17111,42.17,-158,5,1.186096802
42889.17042,42.17,-158,5,1.222610335
42889.16972,42.18,-158,5,1.222610335
42889.16903,42.18,-158,5,1.190877414
42889.16833,42.18,-158,5,1.235575648
42889.16764,42.18,-158,5,1.203329286
42889.16694,42.19,-158,5,1.206904559
42889.16625,42.19,-158,5,1.195247757
42889.16556,42.19,-158,5,1.168782609
42889.16486,42.19,-158,5,1.168174735
42889.16417,42.2,-158,5,1.160935621
42889.16347,42.2,-158,5,1.184359851
42889.16278,42.2,-158,5,1.184359851
42889.16208,42.2,-158,5,1.222887245
42889.16139,42.21,-158,5,1.192616753
42889.16069,42.21,-158,5,1.192616753
42889.16,42.21,-158,5,1.185661325
42889.15931,42.22,-158,5,1.168366373
42889.15861,42.22,-158,5,1.186105761
42889.15792,42.22,-158,5,1.190826964
42889.15722,42.22,-158,5,1.155115974
42889.15653,42.23,-158,5,1.104331393
42889.15583,42.23,-158,5,1.041258063
42889.15514,42.23,-158,5,1.036015093
42889.15444,42.23,-158,5,0.985700616
42889.15375,42.24,-158,5,0.976164926
42889.15306,42.24,-158,5,0.988436396
42889.15236,42.24,-158,5,0.990989449
42889.15167,42.24,-158,5,1.01477716
42889.15097,42.25,-157.99,5,1.01477716
42889.15028,42.25,-157.99,5,1.070727829
42889.14958,42.25,-157.99,5,1.032298271
42889.14889,42.25,-157.99,5,1.049920577
42889.14819,42.26,-157.99,5,1.128038396
42889.1475,42.26,-157.99,5,1.108566435
42889.14681,42.26,-157.99,5,1.112499174
42889.14611,42.27,-157.99,5,1.112499174
42889.14542,42.27,-157.99,5,1.093204921
42889.13708,42.3,-157.99,5,1.018674144
42889.13639,42.3,-157.99,5,1.05999491
42889.13569,42.31,-157.99,5,1.05999491
42889.135,42.31,-157.98,5,1.065925084
42889.13431,42.31,-157.98,5,1.096190429
42889.13361,42.32,-157.98,5,1.096190429
42889.13292,42.32,-157.98,5,1.076729631
42889.13222,42.32,-157.98,5,1.117260368
42889.13153,42.32,-157.98,5,1.113925389
42889.13083,42.33,-157.98,5,1.113925389
42889.13014,42.33,-157.98,5,1.110922853
42889.12944,42.33,-157.98,5,1.110922853
42889.12875,42.33,-157.98,5,1.154301923
42889.12806,42.34,-157.98,5,1.193069507
42889.12736,42.34,-157.98,5,1.266420353
42889.12667,42.34,-157.98,5,1.325296663
42889.12597,42.34,-157.98,5,1.370588316
42889.12528,42.35,-157.98,5,1.370588316
42889.12458,42.35,-157.98,5,1.360014615
42889.12389,42.35,-157.98,5,1.346192226
42889.12319,42.36,-157.98,5,1.320909028
42889.1225,42.36,-157.98,5,1.274169837
42889.12181,42.36,-157.98,5,1.274169837
42889.12111,42.36,-157.98,5,1.234595941
42889.12042,42.37,-157.98,5,1.192168532
42889.11972,42.37,-157.98,5,1.192168532
42889.11903,42.37,-157.98,5,1.198873075
42889.11833,42.37,-157.98,5,1.193706125
42889.11764,42.38,-157.98,5,1.193706125
42889.11694,42.38,-157.98,5,1.185191286
42889.11625,42.38,-157.97,5,1.219121086
42889.11556,42.39,-157.97,5,1.16294378
42889.11486,42.39,-157.97,5,1.176873056
42889.11417,42.39,-157.97,5,1.154559523
42889.11347,42.39,-157.97,5,1.187223322
42889.11278,42.4,-157.97,5,1.209321421
42889.11208,42.4,-157.97,5,1.239339429
42889.11139,42.4,-157.97,5,1.259329215
42889.11069,42.4,-157.97,5,1.2752457
42889.11,42.41,-157.97,5,1.338425582
42889.10931,42.41,-157.97,5,1.30428085
42889.10861,42.41,-157.97,5,1.326069589
42889.10792,42.42,-157.97,5,1.385548301
42889.10722,42.42,-157.97,5,1.377088962
42889.10653,42.42,-157.97,5,1.383121135
42889.10583,42.42,-157.97,5,1.41819087
42889.10514,42.43,-157.98,5,1.390624342
42889.10444,42.43,-157.98,5,1.379792042
42889.09611,42.4,-158,5,1.454726474
42889.09542,42.4,-158,5,1.454726474
42889.09472,42.39,-158,5,1.495199106
42889.09403,42.39,-158,5,1.508622333
42889.09333,42.39,-158,5,1.488071245
42889.09264,42.38,-158,5,1.446492392
42889.09194,42.38,-158,5,1.434828508
42889.09125,42.38,-158,5,1.417990166
42889.09056,42.38,-158,5,1.406959401
42889.08986,42.37,-158,5,1.408046916
42889.08917,42.37,-158,5,1.470124458
42889.08847,42.37,-158,5,1.469339781
42889.08778,42.36,-158,5,1.469339781
42889.08708,42.36,-158,5,1.4666624
42889.08639,42.36,-158,5,1.520986262
42889.08569,42.35,-158,5,1.487193637
42889.085,42.35,-158,5,1.493411038
42889.08431,42.35,-158,5,1.5066592
42889.08361,42.35,-158,5,1.506807427
42889.08292,42.34,-158,5,1.532573453
42889.08222,42.34,-158,5,1.50552042
42889.08153,42.34,-158,5,1.574620675
42889.08083,42.33,-158,5,1.531704612
42889.08014,42.33,-158,5,1.528126873
42889.07944,42.33,-158,5,1.528126873
42889.07875,42.32,-158,5,1.554312703
42889.07806,42.32,-158,5,1.564133918
42889.07736,42.32,-158,5,1.605330632
42889.07667,42.32,-158,5,1.587108672
42889.07597,42.31,-158,5,1.594656161
42889.07528,42.31,-158,5,1.572606241
42889.07458,42.31,-158,5,1.572606241
42889.07389,42.3,-158,5,1.516391632
42889.07319,42.3,-158,5,1.488280975
42889.0725,42.3,-158,5,1.426821044
42889.07181,42.29,-158,5,1.426821044
42889.07111,42.29,-158,5,1.438868335
42889.07042,42.29,-158,5,1.40694666
42889.06972,42.29,-158,5,1.390703135
42889.06903,42.28,-158,5,1.371579418
42889.06833,42.28,-158,5,1.384323387
42889.06764,42.28,-158,5,1.341757651
42889.06694,42.27,-158,5,1.335693708
42889.06625,42.27,-158,5,1.344446619
42889.06556,42.27,-158,5,1.344446619
42889.06486,42.27,-158,5,1.316361193
42889.06417,42.26,-158,5,1.347922072
42889.06347,42.26,-158,5,1.372709012
42889.05514,42.23,-158,5,1.471695322
42889.05444,42.22,-158,5,1.38178614
42889.05375,42.22,-158,5,1.422533891
42889.05306,42.22,-158,5,1.427903768
42889.05236,42.21,-158,5,1.429498212
42889.05167,42.21,-158,5,1.4296175
42889.05097,42.21,-158,5,1.419558217
42889.05028,42.2,-158,5,1.419558217
42889.04958,42.2,-158,5,1.393768786
42889.04889,42.2,-158,5,1.393768786
42889.04819,42.2,-158,5,1.32775561
42889.0475,42.19,-158,5,1.32775561
42889.04681,42.19,-158,5,1.272561851
42889.04611,42.19,-158,5,1.292560277
42889.04542,42.18,-158,5,1.277333073
42889.04472,42.18,-158,5,1.24608354
42889.04403,42.18,-158,5,1.252367371
42889.04333,42.18,-158,5,1.231120076
42889.04264,42.17,-158,5,1.278852946
42889.04194,42.17,-158,5,1.302855431
42889.04125,42.17,-158,5,1.347325789
42889.04056,42.16,-158,5,1.317817846
42889.03986,42.16,-158,5,1.306680093
42889.03917,42.16,-158,5,1.344582367
42889.03847,42.16,-158,5,1.374850621
42889.03778,42.15,-158,5,1.374397374
42889.03708,42.15,-158,5,1.392012427
42889.03639,42.15,-158,5,1.423095064
42889.03569,42.14,-158,5,1.443380255
42889.035,42.14,-158,5,1.449049893
42889.03431,42.14,-158,5,1.464242142
42889.03361,42.14,-158,5,1.456724238
42889.03292,42.13,-158,5,1.461874113
42889.03222,42.13,-158,5,1.47210744
42889.03153,42.13,-158,5,1.476565995
42889.03083,42.12,-158,5,1.525789224
42889.03014,42.12,-158,5,1.498694784
42889.02944,42.12,-158,5,1.509299318
42889.02875,42.12,-158,5,1.494883613
42889.02806,42.11,-158,5,1.520742662
42889.02736,42.11,-158,5,1.508970091
42889.02667,42.11,-158,5,1.503471908
42889.02597,42.1,-158,5,1.517315936
42889.02528,42.1,-158,5,1.500856886
42889.02458,42.1,-158,5,1.505736414
42889.02389,42.1,-158,5,1.498091095
42889.02319,42.09,-158,5,1.498091095
42889.0225,42.09,-158,5,1.495765135
42889.01417,42.06,-158,5,1.532379529
42889.01347,42.05,-158,5,1.532379529
42889.01278,42.05,-158,5,1.556552031
42889.01208,42.05,-158,5,1.561002094
42889.01139,42.04,-158,5,1.480111704
42889.01069,42.04,-158,5,1.393979781
42889.01,42.04,-158,5,1.401558446
42889.00931,42.04,-158,5,1.401558446
42889.00861,42.03,-158,5,1.355629593
42889.00792,42.03,-158,5,1.339507161
42889.00722,42.03,-158,5,1.343327827
42889.00653,42.02,-158,5,1.313671278
42889.00583,42.02,-158,5,1.286917292
42889.00514,42.02,-158,5,1.178520221
42889.00444,42.02,-158,5,1.178520221
42889.00375,42.01,-158,5,1.049828707
42889.00306,42.01,-158,5,1.049452812
42889.00236,42.01,-158,5,1.033884227
42889.00167,42,-158,5,1.024624272
42889.00097,42,-158,5,1.000120928
42889.00028,42,-158,5,1.004419147
42888.99958,42,-158,5,1.004419147
42888.99889,41.99,-158,5,0.997777632
42888.99819,41.99,-158,5,0.997777632
42888.9975,41.99,-158,5,0.983122175
42888.99681,41.99,-158,5,0.983122175
42888.99611,41.98,-158,5,1.002344036
42888.99542,41.98,-158,5,1.030058505
42888.99472,41.98,-158,5,1.045886601
42888.99403,41.98,-158,5,1.045886601
42888.99333,41.97,-158,5,1.062203235
42888.99264,41.97,-158,5,1.050443321
42888.99194,41.97,-158,5,1.034628036
42888.99125,41.97,-158,5,1.029138118
42888.99056,41.96,-158,5,1.029138118
42888.98986,41.96,-158,5,1.014465927
42888.98917,41.96,-158,5,0.967410982
42888.98847,41.95,-158,5,0.962399497
42888.98778,41.95,-158,5,0.955700408
42888.98708,41.95,-158,5,0.955700408
42888.98639,41.95,-158,5,0.973883632
42888.98569,41.94,-158,5,0.973883632
42888.985,41.94,-158,5,1.008026898
42888.98431,41.94,-158,5,1.013642629
42888.98361,41.94,-158,5,1.052043767
42888.98292,41.93,-158,5,1.041694361
42888.98222,41.93,-158,5,1.088530013
42888.98153,41.93,-158,5,1.088530013
42888.97319,41.9,-158,5,1.102152426
42888.9725,41.89,-158,5,1.102152426
42888.97181,41.89,-158,5,1.1617976
42888.97111,41.89,-158,5,1.123755975
42888.97042,41.88,-158,5,1.142237271
42888.96972,41.88,-158,5,1.121162733
42888.96903,41.88,-158,5,1.12220186
42888.96833,41.88,-158,5,1.154488081
42888.96764,41.87,-158,5,1.154488081
42888.96694,41.87,-158,5,1.15567356
42888.96625,41.87,-158,5,1.191648217
42888.96556,41.86,-158,5,1.240483321
42888.96486,41.86,-158,5,1.223756444
42888.96417,41.86,-158,5,1.226672684
42888.96347,41.86,-158,5,1.269541753
42888.96278,41.85,-158,5,1.296009181
42888.96208,41.85,-158,5,1.272264325
42888.96139,41.85,-158,5,1.272264325
42888.96069,41.84,-158,5,1.284091621
42888.96,41.84,-158,5,1.275073028
42888.95931,41.84,-158,5,1.274896974
42888.95861,41.84,-158,5,1.275555409
42888.95792,41.83,-158,5,1.289448761
42888.95722,41.83,-158,5,1.289186275
42888.95653,41.83,-158,5,1.289186275
42888.95583,41.82,-158,5,1.27639143
42888.95514,41.82,-158,5,1.29638038
42888.95444,41.82,-158,5,1.24865827
42888.95375,41.81,-158,5,1.24865827
42888.95306,41.81,-158,5,1.217571134
42888.95236,41.81,-158,5,1.1612728
42888.95167,41.81,-158,5,1.147501283
42888.95097,41.8,-158,5,1.132986358
42888.95028,41.8,-158,5,1.099836018
42888.94958,41.8,-158,5,1.066181802
42888.94889,41.79,-158,5,1.052679198
42888.94819,41.79,-158,5,1.052679198
42888.9475,41.79,-158,5,0.999746835
42888.94681,41.79,-158,5,0.998773602
42888.94611,41.78,-158,5,1.004089204
42888.94542,41.78,-158,5,1.006616728
42888.94472,41.78,-158,5,0.971629703
42888.94403,41.77,-158,5,0.959413668
42888.94333,41.77,-158,5,0.963725544
42888.94264,41.77,-158,5,0.946215967
42888.94194,41.77,-158,5,0.935686304
42888.94125,41.76,-158,5,0.935686304
42888.94056,41.76,-158,5,0.918497811
42888.93222,41.72,-158,5,0.74045541
42888.93153,41.72,-158,5,0.764482004
42888.93083,41.72,-158,5,0.800210614
42888.93014,41.72,-158,5,0.753657465
42888.92944,41.71,-158,5,0.780681532
42888.92875,41.71,-158,5,0.812759731
42888.92806,41.71,-158,5,0.82112365
42888.92736,41.7,-158,5,0.806724682
42888.92667,41.7,-158,5,0.817450751
42888.92597,41.7,-158,5,0.805433143
42888.92528,41.7,-158,5,0.805433143
42888.92458,41.69,-158,5,0.82195453
42888.92389,41.69,-158,5,0.838007227
42888.92319,41.69,-158,5,0.830879278
42888.9225,41.68,-158,5,0.879388047
42888.92181,41.68,-158,5,0.868108621
42888.92111,41.68,-158,5,0.865915678
42888.92042,41.68,-158,5,0.865915678
42888.91972,41.67,-158,5,0.845129648
42888.91903,41.67,-158,5,0.86448326
42888.91833,41.67,-158,5,0.86448326
42888.91764,41.66,-158,5,0.850813013
42888.91694,41.66,-158,5,0.85101925
42888.91625,41.66,-158,5,0.862403032
42888.91556,41.66,-158,5,0.839886686
42888.91486,41.65,-158,5,0.851009988
42888.91417,41.65,-158,5,0.851231677
42888.91347,41.65,-158,5,0.888140984
42888.91278,41.64,-158,5,0.888140984
42888.91208,41.64,-158,5,0.951092173
42888.91139,41.64,-158,5,0.951092173
42888.91069,41.64,-158,5,0.982089591
42888.91,41.63,-158,5,1.023913734
42888.90931,41.63,-158,5,1.036892838
42888.90861,41.63,-158,5,0.993317253
42888.90792,41.63,-158,5,1.025124206
42888.90722,41.62,-158,5,1.038973876
42888.90653,41.62,-158,5,1.042499167
42888.90583,41.62,-158,5,0.983212788
42888.90514,41.62,-158,5,0.983212788
42888.90444,41.61,-158,5,0.929086738
42888.90375,41.61,-158,5,0.909150579
42888.90306,41.61,-158,5,0.918651043
42888.90236,41.61,-158,5,0.923058054
42888.90167,41.6,-158,5,0.935003155
42888.90097,41.6,-158,5,0.901977895
42888.90028,41.6,-158,5,0.939669185
42888.89958,41.6,-158,5,0.939669185
42888.89125,41.56,-158,5,1.143768718
42888.89056,41.56,-158,5,1.074030951
42888.88986,41.56,-158,5,1.015426146
42888.88917,41.55,-158,5,0.947634722
42888.88847,41.55,-158,5,1.033790942
42888.88778,41.55,-158,5,0.960339876
42888.88708,41.55,-158,5,0.977777517
42888.88639,41.54,-158,5,0.996376373
42888.88569,41.54,-158,5,0.996376373
42888.885,41.54,-158,5,0.956655159
42888.88431,41.53,-158,5,1.001962045
42888.88361,41.53,-158,5,1.001962045
42888.88292,41.53,-158,5,0.989279411
42888.88222,41.53,-158,5,0.989279411
42888.88153,41.52,-158,5,0.999793961
42888.88083,41.52,-158,5,1.01805655
42888.88014,41.52,-158,5,0.987307031
42888.87944,41.51,-158,5,0.993772669
42888.87875,41.51,-158,5,1.003502822
42888.87806,41.51,-158,5,1.021888242
42888.87736,41.5,-158,5,1.021888242
42888.87667,41.5,-158,5,1.02518215
42888.87597,41.5,-158,5,1.036325629
42888.87528,41.5,-158,5,1.059278753
42888.87458,41.49,-158,5,1.094937731
42888.87389,41.49,-158,5,1.149846912
42888.87319,41.49,-158,5,1.186525311
42888.8725,41.48,-158,5,1.372367261
42888.87181,41.48,-158,5,1.471785892
42888.87111,41.48,-158,5,1.425360071
42888.87042,41.48,-158,5,1.4192116
42888.86972,41.47,-158,5,1.482124345
42888.86903,41.47,-158,5,1.569950859
42888.86833,41.47,-158,5,1.519783463
42888.86764,41.46,-158,5,1.519783463
42888.86694,41.46,-158,5,1.566838458
42888.86625,41.46,-158,5,1.581381795
42888.86556,41.46,-158,5,1.581381795
42888.86486,41.45,-158,5,1.612768562
42888.86417,41.45,-158,5,1.594833899
42888.86347,41.45,-158,5,1.594833899
42888.86278,41.44,-158,5,1.558825974
42888.86208,41.44,-158,5,1.558825974
42888.86139,41.44,-158,5,1.559275475
42888.86069,41.44,-158,5,1.600686939
42888.86,41.43,-158,5,1.633233887
42888.85931,41.43,-158,5,1.537759094
42888.85861,41.43,-158,5,1.58553297
42888.85792,41.42,-158,5,1.568518672
42888.85722,41.42,-158,5,1.526697237
42888.84889,41.39,-158,5,1.437397072
42888.84819,41.38,-158,5,1.520322654
42888.8475,41.38,-158,5,1.472770124
42888.84681,41.38,-158,5,1.503401947
42888.84611,41.38,-158,5,1.503401947
42888.84542,41.37,-158,5,1.476017492
42888.84472,41.37,-158,5,1.504112462
42888.84403,41.37,-158,5,1.517245723
42888.84333,41.36,-158,5,1.480764501
42888.84264,41.36,-158,5,1.486232823
42888.84194,41.36,-158,5,1.477318072
42888.84125,41.36,-158,5,1.482288094
42888.84056,41.35,-158,5,1.454717019
42888.83986,41.35,-158,5,1.473869449
42888.83917,41.35,-158,5,1.493001456
42888.83847,41.34,-158,5,1.399555034
42888.83778,41.34,-158,5,1.43594707
42888.83708,41.34,-158,5,1.429792128
42888.83639,41.34,-158,5,1.429792128
42888.83569,41.33,-158,5,1.454746236
42888.835,41.33,-158,5,1.384553383
42888.83431,41.33,-158,5,1.422041966
42888.83361,41.32,-158,5,1.416784133
42888.83292,41.32,-158,5,1.550117779
42888.83222,41.32,-158,5,1.423123068
42888.83153,41.32,-158,5,1.423123068
42888.83083,41.31,-158,5,1.382594974
42888.83014,41.31,-158,5,1.357579274
42888.82944,41.31,-158,5,1.405763576
42888.82875,41.31,-158,5,1.391788745
42888.82806,41.3,-158,5,1.368149383
42888.82736,41.3,-158,5,1.327997807
42888.82667,41.3,-158,5,1.327598786
42888.82597,41.3,-158,5,1.358463893
42888.82528,41.29,-158,5,1.350011742
42888.82458,41.29,-158,5,1.340773982
42888.82389,41.29,-158,5,1.352513041
42888.82319,41.28,-158,5,1.369506421
42888.8225,41.28,-158,5,1.369596717
42888.82181,41.28,-158,5,1.370240973
42888.82111,41.28,-158,5,1.399891593
42888.82042,41.27,-158,5,1.390647572
42888.81972,41.27,-158,5,1.406468106
42888.81903,41.27,-158,5,1.426007315
42888.81833,41.27,-158,5,1.433567664
42888.81764,41.26,-158,5,1.439803478
42888.81694,41.26,-158,5,1.438098231
42888.81625,41.26,-158,5,1.425144918
42888.80792,41.22,-158,5,1.467001314
42888.80722,41.22,-158,5,1.502071846
42888.80653,41.22,-158,5,1.419265698
42888.80583,41.21,-158,5,1.487878311
42888.80514,41.21,-158,5,1.441616894
42888.80444,41.21,-158,5,1.463234465
42888.80375,41.21,-158,5,1.512879227
42888.80306,41.2,-158,5,1.512879227
42888.80236,41.2,-158,5,1.520686301
42888.80167,41.2,-158,5,1.502447829
42888.80097,41.19,-158,5,1.506027487
42888.80028,41.19,-158,5,1.460757263
42888.79958,41.19,-158,5,1.460757263
42888.79889,41.19,-158,5,1.488595576
42888.79819,41.18,-158,5,1.47584151
42888.7975,41.18,-158,5,1.477320395
42888.79681,41.18,-158,5,1.477320395
42888.79611,41.18,-158,5,1.48888381
42888.79542,41.17,-158,5,1.526235859
42888.79472,41.17,-158,5,1.506144773
42888.79403,41.17,-158,5,1.520173693
42888.79333,41.16,-158,5,1.567436002
42888.79264,41.16,-158,5,1.526258298
42888.79194,41.16,-158,5,1.554019812
42888.79125,41.16,-158,5,1.499767425
42888.79056,41.15,-158,5,1.554254863
42888.78986,41.15,-158,5,1.544660389
42888.78917,41.15,-158,5,1.544660389
42888.78847,41.14,-158,5,1.49767749
42888.78778,41.14,-158,5,1.527466735
42888.78708,41.14,-158,5,1.536913783
42888.78639,41.14,-158,5,1.474533105
42888.78569,41.13,-158,5,1.522923149
42888.785,41.13,-158,5,1.48422456
42888.78431,41.13,-158,5,1.48422456
42888.78361,41.12,-158,5,1.478718706
42888.78292,41.12,-158,5,1.482293652
42888.78222,41.12,-158,5,1.482293652
42888.78153,41.12,-158,5,1.418691886
42888.78083,41.11,-158,5,1.395526552
42888.78014,41.11,-158,5,1.372856415
42888.77944,41.11,-158,5,1.37051808
42888.77875,41.1,-158,5,1.37051808
42888.77806,41.1,-158,5,1.322297379
42888.77736,41.1,-158,5,1.338582449
42888.77667,41.1,-158,5,1.338582449
42888.77597,41.09,-158,5,1.352232621
42888.77528,41.09,-158,5,1.322456183
42888.76694,41.06,-158,5,1.32815118
42888.76625,41.05,-158,5,1.305500267
42888.76556,41.05,-158,5,1.319433281
42888.76486,41.05,-158,5,1.303483658
42888.76417,41.05,-158,5,1.298968787
42888.76347,41.04,-158,5,1.272241179
42888.76278,41.04,-158,5,1.236024926
42888.76208,41.04,-158,5,1.216232845
42888.76139,41.04,-158,5,1.224386927
42888.76069,41.03,-158,5,1.21310155
42888.76,41.03,-158,5,1.19049502
42888.75931,41.03,-158,5,1.137623653
42888.75861,41.02,-158,5,1.151117263
42888.75792,41.02,-158,5,1.137898467
42888.75722,41.02,-158,5,1.137898467
42888.75653,41.01,-158,5,1.144879392
42888.75583,41.01,-158,5,1.144879392
42888.75514,41.01,-158,5,1.131025566
42888.75444,41.01,-158,5,1.110484135
42888.75375,41,-158,5,1.080518556
42888.75306,41,-158,5,1.121120375
42888.75236,41,-158,5,1.092699191
42888.75167,40.99,-158,5,1.083986807
42888.75097,40.99,-158,5,1.082775005
42888.75028,40.99,-158,5,1.070163053
42888.74958,40.99,-158,5,1.071068959
42888.74889,40.98,-158,5,1.036525895
42888.74819,40.98,-158,5,1.041564628
42888.7475,40.98,-158,5,1.058649524
42888.74681,40.97,-158,5,1.058649524
42888.74611,40.97,-158,5,1.029710899
42888.74542,40.97,-158,5,1.029710899
42888.74472,40.97,-158,5,1.05667158
42888.74403,40.96,-158,5,1.011346548
42888.74333,40.96,-158,5,1.067124321
42888.74264,40.96,-158,5,1.032198426
42888.74194,40.96,-158,5,1.068355198
42888.74125,40.95,-158,5,1.032153801
42888.74056,40.95,-158,5,1.032153801
42888.73986,40.95,-158,5,1.061692833
42888.73917,40.94,-158,5,1.069797706
42888.73847,40.94,-158,5,1.031087677
42888.73778,40.94,-158,5,1.034293229
42888.73708,40.94,-158,5,1.043941211
42888.73639,40.93,-158,5,1.016352555
42888.73569,40.93,-158,5,1.041974222
42888.735,40.93,-158,5,1.019183186
42888.73431,40.92,-158,5,1.050875909
42888.72597,40.89,-158,5,1.095045797
42888.72528,40.89,-158,5,1.121824826
42888.72458,40.88,-158,5,1.139457222
42888.72389,40.88,-158,5,1.113417544
42888.72319,40.88,-158,5,1.083274983
42888.7225,40.88,-158,5,1.070571419
42888.72181,40.87,-158,5,1.070571419
42888.72111,40.87,-158,5,1.0223066
42888.72042,40.87,-158,5,1.021552629
42888.71972,40.86,-158,5,1.024619199
42888.71903,40.86,-158,5,1.022927488
42888.71833,40.86,-158,5,1.021239873
42888.71764,40.86,-158,5,1.040654922
42888.71694,40.85,-158,5,1.064175221
42888.71625,40.85,-158,5,1.064175221
42888.71556,40.85,-158,5,1.073465195
42888.71486,40.85,-158,5,1.073465195
42888.71417,40.84,-158,5,1.066607978
42888.71347,40.84,-158,5,1.113545844
42888.71278,40.84,-158,5,1.085834308
42888.71208,40.84,-158,5,1.145915328
42888.71139,40.83,-158,5,1.110590179
42888.71069,40.83,-158,5,1.123676583
42888.71,40.83,-158,5,1.146640533
42888.70931,40.83,-158,5,1.132538773
42888.70861,40.82,-158,5,1.140457107
42888.70792,40.82,-158,5,1.140457107
42888.70722,40.82,-158,5,1.190612387
42888.70653,40.82,-158,5,1.174785186
42888.70583,40.81,-158,5,1.178242358
42888.70514,40.81,-158,5,1.183796576
42888.70444,40.81,-158,5,1.179895062
42888.70375,40.81,-158,5,1.213520674
42888.70306,40.8,-158,5,1.196991674
42888.70236,40.8,-158,5,1.221997447
42888.70167,40.8,-158,5,1.220458336
42888.70097,40.79,-158,5,1.258106538
42888.70028,40.79,-158,5,1.200306427
42888.69958,40.79,-158,5,1.213005771
42888.69889,40.79,-158,5,1.213005771
42888.69819,40.78,-158,5,1.200194765
42888.6975,40.78,-158,5,1.178332245
42888.69681,40.78,-158,5,1.178332245
42888.69611,40.78,-158,5,1.174582675
42888.69542,40.77,-158,5,1.140714462
42888.69472,40.77,-158,5,1.140714462
42888.69403,40.77,-158,5,1.105171919
42888.69333,40.77,-158,5,1.101366565
42888.69264,40.76,-158,5,1.101366565
42888.685,40.73,-158,5,1.137685016
42888.68431,40.73,-158,5,1.137685016
42888.68361,40.73,-158,5,1.212287603
42888.68292,40.72,-158,5,1.182320714
42888.68222,40.72,-158,5,1.178563976
42888.68153,40.72,-158,5,1.161252556
42888.68083,40.72,-158,5,1.188490168
42888.68014,40.71,-158,5,1.219226567
42888.67944,40.71,-158,5,1.187661556
42888.67875,40.71,-158,5,1.187661556
42888.67806,40.71,-158,5,1.200831962
42888.67736,40.7,-158,5,1.281555179
42888.67667,40.7,-158,5,1.281555179
42888.67597,40.7,-158,5,1.330608456
42888.67528,40.7,-158,5,1.325113446
42888.67458,40.69,-158,5,1.400607031
42888.67389,40.69,-158,5,1.454173055
42888.67319,40.69,-158,5,1.454173055
42888.6725,40.68,-158,5,1.522245624
42888.67181,40.68,-158,5,1.556051677
42888.67111,40.68,-158,5,1.556051677
42888.67042,40.68,-158,5,1.55264982
42888.66972,40.67,-158,5,1.592126695
42888.66903,40.67,-158,5,1.592126695
42888.66833,40.67,-158,5,1.539390757
42888.66764,40.67,-158,5,1.555400587
42888.66694,40.66,-158,5,1.531540639
42888.66625,40.66,-158,5,1.561943732
42888.66556,40.66,-158,5,1.541001107
42888.66486,40.65,-158,5,1.541001107
42888.66417,40.65,-158,5,1.510235868
42888.66347,40.65,-158,5,1.48215698
42888.66278,40.65,-158,5,1.48215698
42888.66208,40.64,-158,5,1.479324331
42888.66139,40.64,-158,5,1.509600901
42888.66069,40.64,-158,5,1.497945987
42888.66,40.64,-158,5,1.497945987
42888.65931,40.63,-158,5,1.435485166
42888.65861,40.63,-158,5,1.388369686
42888.65792,40.63,-158,5,1.388369686
42888.65722,40.62,-158,5,1.32592509
42888.65653,40.62,-158,5,1.32592509
42888.65583,40.62,-158,5,1.234046456
42888.65514,40.62,-158,5,1.245455262
42888.65444,40.61,-158,5,1.245455262
42888.65375,40.61,-158,5,1.237538219
42888.65306,40.61,-158,5,1.241643243
42888.65236,40.6,-158,5,1.295540619
42888.64403,40.57,-158,5,1.189059139
42888.64333,40.57,-158,5,1.20703844
42888.64264,40.57,-158,5,1.231842668
42888.64194,40.56,-158,5,1.25980677
42888.64125,40.56,-158,5,1.279021676
42888.64056,40.56,-158,5,1.279021676
42888.63986,40.56,-158,5,1.272315798
42888.63917,40.55,-158,5,1.251990046
42888.63847,40.55,-158,5,1.261169096
42888.63778,40.55,-158,5,1.252297763
42888.63708,40.54,-158,5,1.242294367
42888.63639,40.54,-158,5,1.279196427
42888.63569,40.54,-158,5,1.279333204
42888.635,40.54,-158,5,1.308069093
42888.63431,40.53,-158,5,1.333863378
42888.63361,40.53,-158,5,1.336886933
42888.63292,40.53,-158,5,1.357270509
42888.63222,40.53,-158,5,1.357270509
42888.63153,40.52,-158,5,1.393539846
42888.63083,40.52,-158,5,1.41619684
42888.63014,40.52,-158,5,1.41619684
42888.62944,40.52,-158,5,1.437359888
42888.62875,40.51,-158,5,1.449402663
42888.62806,40.51,-158,5,1.449402663
42888.62736,40.51,-158,5,1.486199083
42888.62667,40.51,-158,5,1.486199083
42888.62597,40.5,-158,5,1.48670159
42888.62528,40.5,-158,5,1.469808264
42888.62458,40.5,-158,5,1.469808264
42888.62389,40.5,-158,5,1.501806818
42888.62319,40.49,-158,5,1.501806818
42888.6225,40.49,-158,5,1.456230988
42888.62181,40.49,-158,5,1.473916311
42888.62111,40.49,-158,5,1.494036559
42888.62042,40.48,-158,5,1.484964226
42888.61972,40.48,-158,5,1.494322481
42888.61903,40.48,-158,5,1.52081009
42888.61833,40.47,-158,5,1.526116687
42888.61764,40.47,-158,5,1.528910804
42888.61694,40.47,-158,5,1.535017951
42888.61625,40.47,-158,5,1.568203829
42888.61556,40.46,-158,5,1.568203829
42888.61486,40.46,-158,5,1.574487356
42888.61417,40.46,-158,5,1.590545592
42888.61347,40.46,-158,5,1.590545592
42888.61278,40.45,-158,5,1.577274354
42888.61208,40.45,-158,5,1.569104103
42888.61139,40.45,-158,5,1.570536428
42888.60306,40.41,-158,5,1.681085697
42888.60236,40.41,-158,5,1.684115814
42888.60167,40.41,-158,5,1.68515527
42888.60097,40.41,-158,5,1.694934236
42888.60028,40.4,-158,5,1.691253344
42888.59958,40.4,-158,5,1.691253344
42888.59889,40.4,-158,5,1.696535993
42888.59819,40.39,-158,5,1.696535993
42888.5975,40.39,-158,5,1.718360048
42888.59681,40.39,-158,5,1.779783621
42888.59611,40.39,-158,5,1.779783621
42888.59542,40.38,-158,5,1.710756867
42888.59472,40.38,-158,5,1.717693332
42888.59403,40.38,-158,5,1.741854344
42888.59333,40.38,-158,5,1.913349681
42888.59264,40.37,-158,5,1.694551563
42888.59194,40.37,-158,5,1.723353321
42888.59125,40.37,-158,5,1.733337164
42888.59056,40.36,-158,5,1.677016164
42888.58986,40.36,-158,5,1.677016164
42888.58917,40.36,-158,5,1.685341258
42888.58847,40.36,-158,5,1.688783016
42888.58778,40.35,-158,5,1.717625362
42888.58708,40.35,-158,5,1.691709583
42888.58639,40.35,-158,5,1.652008435
42888.58569,40.35,-158,5,1.671376034
42888.585,40.34,-158,5,1.658100352
42888.58431,40.34,-158,5,1.665919712
42888.58361,40.34,-158,5,1.696267487
42888.58292,40.33,-158,5,1.659640767
42888.58222,40.33,-158,5,1.662707188
42888.58153,40.33,-158,5,1.662707188
42888.58083,40.33,-158,5,1.622095066
42888.58014,40.32,-158,5,1.673548706
42888.57944,40.32,-158,5,1.673548706
42888.57875,40.32,-158,5,1.625590908
42888.57806,40.32,-158,5,1.659840134
42888.57736,40.31,-158,5,1.63086191
42888.57667,40.31,-158,5,1.623266294
42888.57597,40.31,-158,5,1.644356855
42888.57528,40.31,-158,5,1.644356855
42888.57458,40.3,-158,5,1.685858807
42888.57389,40.3,-158,5,1.676693976
42888.57319,40.3,-158,5,1.660217465
42888.5725,40.29,-158,5,1.655412288
42888.57181,40.29,-158,5,1.627822877
42888.57111,40.29,-158,5,1.655403982
42888.57042,40.29,-158,5,1.555094318
42888.56208,40.25,-158,5,1.611761651
42888.56139,40.25,-158,5,1.56350404
42888.56069,40.25,-158,5,1.534808483
42888.56,40.25,-158,5,1.537449881
42888.55931,40.24,-158,5,1.674325556
42888.55861,40.24,-158,5,1.396587014
42888.55792,40.24,-158,5,1.396587014
42888.55722,40.23,-158,5,1.424382039
42888.55653,40.23,-158,5,1.402456457
42888.55583,40.23,-158,5,1.402456457
42888.55514,40.23,-158,5,1.375040981
42888.55444,40.22,-158,5,1.405026797
42888.55375,40.22,-158,5,1.365496256
42888.55306,40.22,-158,5,1.318425727
42888.55236,40.22,-158,5,1.318425727
42888.55167,40.21,-158,5,1.271933659
42888.55097,40.21,-158,5,1.21312154
42888.55028,40.21,-158,5,1.21312154
42888.54958,40.2,-158,5,1.141091691
42888.54889,40.2,-158,5,1.133895746
42888.54819,40.2,-158,5,1.051311397
42888.5475,40.2,-158,5,1.075966997
42888.54681,40.19,-158,5,1.033245005
42888.54611,40.19,-158,5,1.034753208
42888.54542,40.19,-158,5,1.032417593
42888.54472,40.19,-158,5,1.021130489
42888.54403,40.18,-158,5,1.003067045
42888.54333,40.18,-158,5,1.003067045
42888.54264,40.18,-158,5,1.01544433
42888.54194,40.17,-158,5,1.01544433
42888.54125,40.17,-158,5,0.999011791
42888.54056,40.17,-158,5,1.056956507
42888.53986,40.17,-158,5,1.005753413
42888.53917,40.16,-158,5,1.029545125
42888.53847,40.16,-158,5,1.00888221
42888.53778,40.16,-158,5,1.001898497
42888.53708,40.16,-158,5,0.982792371
42888.53639,40.15,-158,5,0.999651566
42888.53569,40.15,-158,5,0.998024546
42888.535,40.15,-158,5,0.996100812
42888.53431,40.14,-158,5,1.001784413
42888.53361,40.14,-158,5,0.979834401
42888.53292,40.14,-158,5,1.003412868
42888.53222,40.14,-158,5,1.028970384
42888.53153,40.13,-158,5,1.02909542
42888.53083,40.13,-158,5,1.02180368
42888.53014,40.13,-158,5,1.02982806
42888.52944,40.13,-158,5,0.994906562
42888.52111,40.09,-158,5,1.080176707
42888.52042,40.09,-158,5,1.097464517
42888.51972,40.09,-158,5,1.071638352
42888.51903,40.08,-158,5,1.082432937
42888.51833,40.08,-158,5,1.082432937
42888.51764,40.08,-158,5,1.088764173
42888.51694,40.08,-158,5,1.122818535
42888.51625,40.07,-158,5,1.116958917
42888.51556,40.07,-158,5,1.121665642
42888.51486,40.07,-158,5,1.12049304
42888.51417,40.06,-158,5,1.108740997
42888.51347,40.06,-158,5,1.105528284
42888.51278,40.06,-158,5,1.108115323
42888.51208,40.06,-158,5,1.106239776
42888.51139,40.05,-158,5,1.097226542
42888.51069,40.05,-158,5,1.094366094
42888.51,40.05,-158,5,1.098044639
42888.50931,40.05,-158,5,1.108653463
42888.50861,40.04,-158,5,1.136999599
42888.50792,40.04,-158,5,1.150966032
42888.50722,40.04,-158,5,1.155676707
42888.50653,40.03,-158,5,1.169257307
42888.50583,40.03,-158,5,1.190578994
42888.50514,40.03,-158,5,1.193650179
42888.50444,40.03,-158,5,1.187850866
42888.50375,40.02,-158,5,1.191260705
42888.50306,40.02,-158,5,1.196957119
42888.50236,40.02,-158,5,1.197079577
42888.50167,40.01,-158,5,1.191016211
42888.50097,40.01,-158,5,1.187829086
42888.50028,40.01,-158,5,1.166957105
42888.49958,40.01,-158,5,1.170202852
42888.49889,40,-158,5,1.164325656
42888.49819,40,-158,5,1.163158379
42888.4975,40,-158,5,1.173045223
42888.49681,40,-158,5,1.156263406
42888.49611,39.99,-158,5,1.168286078
42888.49542,39.99,-158,5,1.142186921
42888.49472,39.99,-158,5,1.166308736
42888.49403,39.98,-158,5,1.169768996
42888.49333,39.98,-158,5,1.167591813
42888.49264,39.98,-158,5,1.174043464
42888.49194,39.98,-158,5,1.166666777
42888.49125,39.97,-158,5,1.185563879
42888.49056,39.97,-158,5,1.168581173
42888.48986,39.97,-158,5,1.17431274
42888.48917,39.97,-158,5,1.188773488
42888.48847,39.96,-158,5,1.197429453
42888.48014,39.93,-158,5,1.053631808
42888.47944,39.93,-158,5,1.038956556
42888.47875,39.92,-158,5,1.025969389
42888.47806,39.92,-158,5,1.005877216
42888.47736,39.92,-158,5,1.018723784
42888.47667,39.92,-158,5,0.996900255
42888.47597,39.91,-158,5,0.9890056
42888.47528,39.91,-158,5,0.983945095
42888.47458,39.91,-158,5,1.028391183
42888.47389,39.9,-158,5,1.028391183
42888.47319,39.9,-158,5,1.046968959
42888.4725,39.9,-158,5,1.062794388
42888.47181,39.9,-158,5,1.065436274
42888.47111,39.89,-158,5,1.04909961
42888.47042,39.89,-158,5,1.04909961
42888.46972,39.89,-158,5,1.051251485
42888.46903,39.88,-158,5,1.057795184
42888.46833,39.88,-158,5,1.073342791
42888.46764,39.88,-158,5,1.140514033
42888.46694,39.88,-158,5,1.133631418
42888.46625,39.87,-158,5,1.150133815
42888.46556,39.87,-158,5,1.142235521
42888.46486,39.87,-158,5,1.147728677
42888.46417,39.87,-158,5,1.165413543
42888.46347,39.86,-158,5,1.160030268
42888.46278,39.86,-158,5,1.152531919
42888.46208,39.86,-158,5,1.19748337
42888.46139,39.85,-158,5,1.085104585
42888.46069,39.85,-158,5,1.056231219
42888.46,39.85,-158,5,0.937029804
42888.45931,39.85,-158,5,0.972260255
42888.45861,39.84,-158,5,1.283820458
42888.45792,39.84,-158,5,0.946307492
42888.45722,39.84,-158,5,0.890413208
42888.45653,39.84,-158,5,0.900433878
42888.45583,39.83,-158,5,0.877472522
42888.45514,39.83,-158,5,0.877472522
42888.45444,39.83,-158,5,0.863211343
42888.45375,39.83,-158,5,0.824001213
42888.45306,39.82,-158,5,0.824001213
42888.45236,39.82,-158,5,0.784153913
42888.45167,39.82,-158,5,0.783000147
42888.45097,39.82,-158,5,0.750782335
42888.45028,39.81,-158,5,0.774016004
42888.44958,39.81,-158,5,0.715505723
42888.44889,39.81,-158,5,0.720433923
42888.44819,39.81,-158,5,0.692642164
42888.4475,39.8,-157.99,5,0.698809895
42888.43917,39.77,-157.99,5,0.65539226
42888.43847,39.77,-157.99,5,0.653441792
42888.43778,39.77,-157.99,5,0.648457231
42888.43708,39.77,-157.99,5,0.63888334
42888.43639,39.77,-157.99,5,0.648517965
42888.43569,39.77,-157.99,5,0.678570823
42888.435,39.77,-157.99,5,0.711616835
42888.43431,39.77,-157.99,5,0.72360838
42888.43361,39.77,-157.99,5,0.762191229
42888.43292,39.77,-157.99,5,0.790478811
42888.43222,39.77,-157.99,5,0.799999442
42888.43153,39.77,-157.99,5,0.830200065
42888.43083,39.77,-157.99,5,0.843667432
42888.43014,39.77,-157.99,5,0.8585187
42888.42944,39.77,-157.99,5,0.951331004
42888.42875,39.77,-157.99,5,1.427520998
42888.42806,39.77,-157.99,5,0.920675881
42888.42736,39.76,-157.99,5,0.953740007
42888.42667,39.76,-157.99,5,1.169985055
42888.42597,39.76,-157.99,5,1.120080799
42888.42528,39.76,-157.99,5,0.888952064
42888.42458,39.76,-157.99,5,0.900139618
42888.42389,39.76,-157.99,5,0.894443106
42888.42319,39.76,-157.99,5,0.894443106
42888.4225,39.76,-157.99,5,0.890286981
42888.42181,39.76,-157.99,5,0.878239351
42888.42111,39.76,-157.99,5,0.905960609
42888.42042,39.76,-157.99,5,0.899490552
42888.41972,39.76,-157.99,5,0.883607146
42888.41903,39.76,-157.99,5,0.883607146
42888.41833,39.76,-157.99,5,0.889550591
42888.41764,39.76,-157.99,5,0.881251728
42888.41694,39.76,-157.99,5,0.892758398
42888.41625,39.76,-157.99,5,0.882927475
42888.41556,39.76,-157.99,5,0.888955328
42888.41486,39.76,-157.99,5,0.878291043
42888.41417,39.76,-157.99,5,0.853575311
42888.41347,39.76,-157.99,5,0.853575311
42888.41278,39.76,-157.99,5,0.829133066
42888.41208,39.76,-157.99,5,0.826203264
42888.41139,39.76,-157.99,5,0.836749456
42888.41069,39.76,-157.99,5,0.870387814
42888.41,39.76,-157.99,5,0.870387814
42888.40931,39.76,-157.99,5,0.874454982
42888.40861,39.76,-157.99,5,0.855459539
42888.40792,39.76,-157.99,5,0.88933215
42888.40722,39.76,-157.99,5,0.88933215
42888.40653,39.76,-157.99,5,0.87378221
42888.39819,39.76,-157.99,5,0.911594545
42888.3975,39.76,-157.99,5,0.889642919
42888.39681,39.76,-157.99,5,0.880813181
42888.39611,39.76,-157.99,5,0.857726461
42888.39542,39.76,-157.99,5,0.89007349
42888.39472,39.76,-157.99,5,0.861459241
42888.39403,39.76,-157.99,5,0.907972051
42888.39333,39.76,-157.99,5,0.879589436
42888.39264,39.76,-157.99,5,0.907641074
42888.39194,39.76,-157.99,5,0.905308999
42888.39125,39.76,-157.99,5,0.889516056
42888.39056,39.76,-157.99,5,0.867391785
42888.38986,39.76,-157.99,5,0.874839711
42888.38917,39.76,-157.99,5,0.864183726
42888.38847,39.76,-157.99,5,0.856503866
42888.38778,39.76,-157.99,5,0.817870126
42888.38708,39.76,-157.99,5,0.811980987
42888.38639,39.76,-157.99,5,0.804844691
42888.38569,39.76,-157.99,5,0.798992985
42888.385,39.76,-157.99,5,0.80890565
42888.38431,39.76,-157.99,5,0.844470406
42888.38361,39.76,-157.99,5,0.698641509
42888.38292,39.76,-158,5,0.725691755
42888.38222,39.76,-158,5,1.01656925
42888.38153,39.76,-158,5,0.744471105
42888.38083,39.76,-158,5,0.675876552
42888.38014,39.76,-158,5,0.671221988
42888.37944,39.76,-158,5,0.686619977
42888.37875,39.76,-158,5,0.717304815
42888.37806,39.76,-158,5,0.747250948
42888.37736,39.76,-158,5,0.815816161
42888.37667,39.76,-158,5,0.8543251
42888.37597,39.76,-158,5,0.944968008
42888.37528,39.76,-158,5,1.048596532
42888.37458,39.76,-158,5,1.142627584
42888.37389,39.76,-158,5,1.135151631
42888.37319,39.76,-158,5,1.127639043
42888.3725,39.76,-158,5,1.108412212
42888.37181,39.76,-158,5,1.085835482
42888.37111,39.75,-158,5,1.09638733
42888.37042,39.75,-158,5,1.122651076
42888.36972,39.75,-158,5,1.110701564
42888.36903,39.75,-158,5,1.070942102
42888.36833,39.75,-158,5,1.059209343
42888.36764,39.74,-158,5,1.005473155
42888.36694,39.74,-158,5,0.956423041
42888.36625,39.74,-158,5,0.972994744
42888.36556,39.73,-158,5,0.994562603
42888.35722,39.7,-158,5,1.264038421
42888.35653,39.7,-158,5,1.250898494
42888.35583,39.7,-158,5,1.270950075
42888.35514,39.69,-158,5,1.286639302
42888.35444,39.69,-158,5,1.507336974
42888.35097,39.68,-158,5,0.981072215
42888.35028,39.67,-158,5,0.990233861
42888.34958,39.67,-158,5,1.079484399
42888.34889,39.67,-158,5,0.951317188
42888.34819,39.67,-158,5,0.916777017
42888.34681,39.66,-158,5,0.689814739
42888.34611,39.66,-158,5,0.645546764
42888.34542,39.65,-158,5,0.649009706
42888.34472,39.65,-158,5,0.646218042
42888.34403,39.65,-158,5,0.629809106
42888.34333,39.65,-158,5,0.667810192
42888.34264,39.64,-158,5,0.693607814
42888.34194,39.64,-158,5,0.693607814
42888.34125,39.64,-158,5,0.716348279
42888.34056,39.63,-158,5,0.73078196
42888.33986,39.63,-158,5,0.751211145
42888.33917,39.63,-158,5,0.76348114
42888.33847,39.63,-158,5,0.788537997
42888.33778,39.62,-158,5,0.822728286
42888.33708,39.62,-158,5,0.924973007
42888.33639,39.62,-158,5,1.175635884
42888.33569,39.61,-158,5,1.330049738
42888.335,39.61,-158,5,1.415311848
42888.33431,39.61,-158,5,1.397619463
42888.33361,39.61,-158,5,1.430679944
42888.33292,39.6,-158,5,1.451257253
42888.33222,39.6,-158,5,1.416712578
42888.33153,39.6,-158,5,1.386269431
42888.33083,39.6,-158,5,1.388463995
42888.33014,39.59,-158,5,1.422752501
42888.32944,39.59,-158,5,1.423694671
42888.32875,39.59,-158,5,1.404628566
42888.32806,39.58,-158,5,1.417279329
42888.32736,39.58,-158,5,1.408112637
42888.32667,39.58,-158,5,1.42185153
42888.32597,39.58,-158,5,1.391440803
42888.32528,39.57,-158,5,1.416389496
42888.32458,39.57,-158,5,1.40781516
42888.31625,39.54,-158,5,1.418513048
42888.31556,39.53,-158,5,1.399181476
42888.31486,39.53,-158,5,1.399181476
42888.31417,39.53,-158,5,1.420828281
42888.31347,39.52,-158,5,1.421611844
42888.31278,39.52,-158,5,1.383422087
42888.31208,39.52,-158,5,1.421312081
42888.31139,39.52,-158,5,1.386408167
42888.31069,39.51,-158,5,1.423479603
42888.31,39.51,-158,5,1.400529862
42888.30931,39.51,-158,5,1.413597744
42888.30861,39.5,-158,5,1.402378663
42888.30792,39.5,-158,5,1.43238683
42888.30722,39.5,-158,5,1.422963983
42888.30653,39.5,-158,5,1.437225899
42888.30583,39.49,-158,5,1.460341579
42888.30514,39.49,-158,5,1.451460965
42888.30444,39.49,-158,5,1.459321852
42888.30375,39.48,-158,5,1.52439406
42888.30306,39.48,-158,5,1.534340623
42888.30236,39.48,-158,5,1.878050454
42888.30167,39.48,-158,5,1.395184926
42888.30097,39.47,-158,5,1.395184926
42888.30028,39.47,-158,5,1.360294666
42888.29958,39.47,-158,5,1.350694345
42888.29889,39.46,-158,5,1.358615173
42888.29819,39.46,-158,5,1.371539245
42888.2975,39.46,-158,5,1.36921201
42888.29681,39.46,-158,5,1.36921201
42888.29611,39.45,-158,5,1.367053325
42888.29542,39.45,-158,5,1.348519303
42888.29472,39.45,-158,5,1.342308818
42888.29403,39.45,-158,5,1.359949278
42888.29333,39.44,-158,5,1.359066263
42888.29264,39.44,-158,5,1.366605396
42888.29194,39.44,-158,5,1.346848867
42888.29125,39.43,-158,5,1.36025607
42888.29056,39.43,-158,5,1.341796851
42888.28986,39.43,-158,5,1.350933066
42888.28917,39.43,-158,5,1.366559668
42888.28847,39.42,-158,5,1.375123829
42888.28778,39.42,-158,5,1.380555485
42888.28708,39.42,-158,5,1.355976548
42888.28639,39.42,-158,5,1.366434421
42888.28569,39.41,-158,5,1.347989913
42888.285,39.41,-158,5,1.374834628
42888.28431,39.41,-158,5,1.367195657
42888.28361,39.4,-158,5,1.365538822
42888.27528,39.37,-158,5,1.333001004
42888.27458,39.37,-158,5,1.367433696
42888.27389,39.36,-158,5,1.341918819
42888.27319,39.36,-158,5,1.341918819
42888.2725,39.36,-158,5,1.3587026
42888.27181,39.35,-158,5,1.332850672
42888.27111,39.35,-158,5,1.35520054
42888.27042,39.35,-158,5,1.35520054
42888.26972,39.35,-158,5,1.352443262
42888.26903,39.34,-158,5,1.380113544
42888.26833,39.34,-158,5,1.407967821
42888.26764,39.34,-158,5,1.407967821
42888.26694,39.33,-158,5,1.35477027
42888.26625,39.33,-158,5,1.357923606
42888.26556,39.33,-158,5,1.38546105
42888.26417,39.32,-158,5,1.362115235
42888.26347,39.32,-158,5,1.362115235
42888.25861,39.3,-158,5,1.419279474
42888.25792,39.3,-158,5,1.491588529
42888.25722,39.29,-158,5,1.374156656
42888.25653,39.29,-158,5,1.360696924
42888.25583,39.29,-158,5,1.360696924
42888.25514,39.28,-158,5,1.351598719
42888.25444,39.28,-158,5,1.351598719
42888.25375,39.28,-158,5,1.360111798
42888.25306,39.28,-158,5,1.360111798
42888.25236,39.27,-158,5,1.369141704
42888.25167,39.27,-158,5,1.366560532
42888.25097,39.27,-158,5,1.325874648
42888.25028,39.26,-158,5,1.363556318
42888.24958,39.26,-158,5,1.363556318
42888.24889,39.26,-158,5,1.382805083
42888.24819,39.26,-158,5,1.357145471
42888.2475,39.25,-158,5,1.357145471
42888.24681,39.25,-158,5,1.374601283
42888.24611,39.25,-158,5,1.353892066
42888.24542,39.24,-158,5,1.353892066
42888.24472,39.24,-158,5,1.362858526
42888.24403,39.24,-158,5,1.343029865
42888.24333,39.24,-158,5,1.343029865
42888.24264,39.23,-158,5,1.23026236
42888.23431,39.2,-158,5,1.412422952
42888.23361,39.2,-158,5,1.402557639
42888.23292,39.19,-158,5,1.403017775
42888.23222,39.19,-158,5,1.422349101
42888.23153,39.19,-158,5,1.41677775
42888.23083,39.18,-158,5,1.400509954
42888.23014,39.18,-158,5,1.394949386
42888.22944,39.18,-158,5,1.394949386
42888.22875,39.18,-158,5,1.419231876
42888.22806,39.17,-158,5,1.419231876
42888.22736,39.17,-158,5,1.381433209
42888.22667,39.17,-158,5,1.403338919
42888.22597,39.16,-158,5,1.432118815
42888.22528,39.16,-158,5,1.411822164
42888.22458,39.16,-158,5,1.36506072
42888.22389,39.16,-158,5,1.387526031
42888.22319,39.15,-158,5,1.340817008
42888.2225,39.15,-158,5,1.378862982
42888.22181,39.15,-158,5,1.344522729
42888.22111,39.14,-158,5,1.380869267
42888.22042,39.14,-158,5,1.375991509
42888.21972,39.14,-158,5,1.375991509
42888.21903,39.13,-158,5,1.329018196
42888.21833,39.13,-158,5,1.354857416
42888.21764,39.13,-158,5,1.354857416
42888.21694,39.13,-158,5,1.36238717
42888.21625,39.12,-158,5,1.341192495
42888.21556,39.12,-158,5,1.357752648
42888.21486,39.12,-158,5,1.351509628
42888.21417,39.11,-158,5,1.357609641
42888.21347,39.11,-158,5,1.357285368
42888.21278,39.11,-158,5,1.357285368
42888.21208,39.11,-158,5,1.348095919
42888.21139,39.1,-158,5,1.333957771
42888.21069,39.1,-158,5,1.336713193
42888.21,39.1,-158,5,1.309532248
42888.20931,39.09,-158,5,1.308467149
42888.20861,39.09,-158,5,1.308467149
42888.20792,39.09,-158,5,1.293206872
42888.20722,39.09,-158,5,1.285417362
42888.20653,39.08,-158,5,1.266583667
42888.20583,39.08,-158,5,1.242098252
42888.20514,39.08,-158,5,1.220450796
42888.20444,39.08,-158,5,1.238516374
42888.20375,39.07,-158,5,1.19438633
42888.20306,39.07,-158,5,1.165422655
42888.20236,39.07,-158,5,1.165422655
42888.20167,39.07,-158,5,1.020643728
42888.19333,39.03,-158,5,1.112592324
42888.19264,39.03,-158,5,1.087819596
42888.19194,39.03,-158,5,1.087819596
42888.19125,39.02,-158,5,1.095411837
42888.19056,39.02,-158,5,1.052059143
42888.18986,39.02,-158,5,1.011386621
42888.18917,39.02,-158,5,1.011386621
42888.18847,39.01,-158,5,0.979302933
42888.18778,39.01,-158,5,0.979302933
42888.18708,39.01,-158,5,0.932646421
42888.18639,39,-158,5,0.912354304
42888.18569,39,-158,5,0.903153618
42888.185,39,-158,5,0.903153618
42888.18431,39,-158,5,0.862387034
42888.18361,38.99,-158,5,0.845897814
42888.18292,38.99,-158,5,0.845897814
42888.18222,38.99,-158,5,0.823979824
42888.18153,38.98,-158,5,0.820229876
42888.18083,38.98,-158,5,0.824471254
42888.18014,38.98,-158,5,0.807293727
42888.17944,38.98,-158,5,0.824603696
42888.17875,38.97,-158,5,0.80958703
42888.17806,38.97,-158,5,0.809287919
42888.17736,38.97,-158,5,0.836393471
42888.17667,38.96,-158,5,0.836393471
42888.17597,38.96,-158,5,0.852166323
42888.17528,38.96,-158,5,0.825507481
42888.17458,38.96,-158,5,0.834649797
42888.17389,38.95,-158,5,0.848133516
42888.17319,38.95,-158,5,0.848133516
42888.1725,38.95,-158,5,0.862335714
42888.17181,38.94,-158,5,0.857270177
42888.17111,38.94,-158,5,0.857270177
42888.17042,38.94,-158,5,0.854382425
42888.16972,38.94,-158,5,0.854382425
42888.16903,38.93,-158,5,0.855850289
42888.16833,38.93,-158,5,0.855850289
42888.16764,38.93,-158,5,0.844025196
42888.16694,38.93,-158,5,0.821034091
42888.16625,38.92,-158,5,0.833413061
42888.16556,38.92,-158,5,0.833413061
42888.16486,38.92,-158,5,0.83364347
42888.16417,38.91,-158,5,0.827401717
42888.16347,38.91,-158,5,0.830174995
42888.16278,38.91,-158,5,0.830174995
42888.16208,38.91,-158,5,0.804061704
42888.16139,38.9,-158,5,0.804061704
42888.16069,38.9,-158,5,0.717719173
42888.15236,38.87,-158,5,0.880070252
42888.15167,38.86,-158,5,0.888726611
42888.15097,38.86,-158,5,0.905272252
42888.15028,38.86,-158,5,0.90330035
42888.14958,38.86,-158,5,0.905711041
42888.14889,38.85,-158,5,0.905711041
42888.14819,38.85,-158,5,0.940055019
42888.1475,38.85,-158,5,0.940055019
42888.14681,38.84,-158,5,1.001396238
42888.14611,38.84,-158,5,1.041846255
42888.14542,38.84,-158,5,1.061974643
42888.14472,38.84,-158,5,1.039997911
42888.14403,38.83,-158,5,1.022979067
42888.14333,38.83,-158,5,1.022979067
42888.14264,38.83,-158,5,1.007288178
42888.14194,38.82,-158,5,0.993006786
42888.14125,38.82,-158,5,0.997567655
42888.14056,38.82,-158,5,0.997567655
42888.13986,38.82,-158,5,1.000788285
42888.13917,38.81,-158,5,0.99800044
42888.13847,38.81,-158,5,0.99800044
42888.13778,38.81,-158,5,0.975523171
42888.13708,38.8,-158,5,0.976333246
42888.13639,38.8,-158,5,0.976333246
42888.13569,38.8,-158,5,0.975084814
42888.135,38.79,-158,5,0.947679768
42888.13431,38.79,-158,5,0.947679768
42888.13361,38.79,-158,5,0.955808628
42888.13292,38.79,-158,5,0.965515465
42888.13222,38.78,-158,5,0.960179418
42888.13153,38.78,-158,5,0.938157333
42888.13083,38.78,-158,5,0.938157333
42888.13014,38.78,-158,5,0.961202395
42888.12944,38.77,-158,5,0.943156665
42888.12875,38.77,-158,5,0.943156665
42888.12806,38.77,-158,5,0.962403106
42888.12736,38.77,-158,5,0.949362609
42888.12667,38.76,-158,5,0.927220793
42888.12597,38.76,-158,5,0.959054722
42888.12528,38.76,-158,5,0.94563942
42888.12458,38.76,-158,5,0.94563942
42888.12389,38.75,-158,5,0.937881263
42888.12319,38.75,-158,5,0.903093973
42888.1225,38.75,-158,5,0.909093047
42888.12181,38.74,-158,5,0.909093047
42888.12111,38.74,-158,5,0.888549506
42888.12042,38.74,-158,5,0.895466393
42888.11972,38.74,-158,5,0.871417648
42888.11903,38.73,-158,5,0.871417648
42888.11139,38.7,-158,5,0.901586149
42888.11069,38.7,-158,5,0.864895179
42888.11,38.69,-158,5,0.850365819
42888.10931,38.69,-158,5,0.861172952
42888.10861,38.69,-158,5,0.861172952
42888.10792,38.69,-158,5,0.845786331
42888.10722,38.68,-158,5,0.839325454
42888.10653,38.68,-158,5,0.830242552
42888.10583,38.68,-158,5,0.824488699
42888.10514,38.67,-158,5,0.824488699
42888.10444,38.67,-158,5,0.817300729
42888.10375,38.67,-158,5,0.818048436
42888.10306,38.67,-158,5,0.818048436
42888.10236,38.66,-158,5,0.77743597
42888.10167,38.66,-158,5,0.800604244
42888.10097,38.66,-158,5,0.79108141
42888.10028,38.65,-158,5,0.79108141
42888.09958,38.65,-158,5,0.793756241
42888.09889,38.65,-158,5,0.767942845
42888.09819,38.64,-158,5,0.785506197
42888.0975,38.64,-158,5,0.781542957
42888.09681,38.64,-158,5,0.784205849
42888.09611,38.64,-158,5,0.806816508
42888.09542,38.63,-158,5,0.806816508
42888.09472,38.63,-158,5,0.819504807
42888.09403,38.63,-158,5,0.821384555
42888.09333,38.62,-158,5,0.814007085
42888.09264,38.62,-158,5,0.812228937
42888.09194,38.62,-158,5,0.864651647
42888.09125,38.61,-158,5,0.862109633
42888.09056,38.61,-158,5,0.840701258
42888.08986,38.61,-158,5,0.817083667
42888.08917,38.61,-158,5,0.83219652
42888.08847,38.6,-158,5,0.810125276
42888.08778,38.6,-158,5,0.82545153
42888.08708,38.6,-158,5,0.819809197
42888.08639,38.59,-158,5,0.81063104
42888.08569,38.59,-158,5,0.81063104
42888.085,38.59,-158,5,0.823045483
42888.08431,38.59,-158,5,0.823045483
42888.08361,38.58,-158,5,0.810494713
42888.08292,38.58,-158,5,0.79140752
42888.08222,38.58,-158,5,0.79140752
42888.08153,38.57,-158,5,0.781125219
42888.08083,38.57,-158,5,0.789133235
42888.08014,38.57,-158,5,0.796957961
42888.07944,38.56,-158,5,0.782455665
42888.07875,38.56,-158,5,0.745693263
42888.07042,38.53,-158,5,0.671898074
42888.06972,38.52,-158,5,0.646749364
42888.06903,38.52,-158,5,0.646749364
42888.06833,38.52,-158,5,0.637998705
42888.06764,38.52,-158,5,0.658094116
42888.06694,38.51,-158,5,0.660718792
42888.06625,38.51,-158,5,0.645812918
42888.06556,38.51,-158,5,0.645812918
42888.06486,38.5,-158,5,0.672918935
42888.06417,38.5,-158,5,0.658264427
42888.06347,38.5,-158,5,0.658264427
42888.06278,38.5,-158,5,0.661716722
42888.06208,38.49,-158,5,0.661716722
42888.06139,38.49,-158,5,0.679076624
42888.06069,38.49,-158,5,0.676808041
42888.06,38.48,-158,5,0.675373395
42888.05931,38.48,-158,5,0.672977461
42888.05861,38.48,-158,5,0.672977461
42888.05792,38.47,-158,5,0.691260445
42888.05722,38.47,-158,5,0.688665032
42888.05653,38.47,-158,5,0.684243763
42888.05583,38.47,-158,5,0.684243763
42888.05514,38.46,-158,5,0.675705963
42888.05444,38.46,-158,5,0.67283084
42888.05375,38.46,-158,5,0.67283084
42888.05306,38.46,-158,5,0.673303664
42888.05236,38.45,-158,5,0.625024351
42888.05167,38.45,-158,5,0.611000329
42888.05097,38.45,-158,5,0.64433577
42888.05028,38.45,-158,5,0.634294453
42888.04958,38.44,-158,5,0.614750844
42888.04889,38.44,-158,5,0.561400042
42888.04819,38.44,-158,5,0.561400042
42888.0475,38.43,-158,5,0.545534737
42888.04681,38.43,-158,5,0.545534737
42888.04611,38.43,-158,5,0.500466209
42888.04542,38.43,-158,5,0.498990412
42888.04472,38.42,-158,5,0.49256057
42888.04403,38.42,-158,5,0.474866796
42888.04333,38.42,-158,5,0.453756995
42888.04264,38.42,-158,5,0.438987167
42888.04194,38.41,-158,5,0.438987167
42888.04125,38.41,-158,5,0.436879854
42888.04056,38.41,-158,5,0.428119177
42888.03986,38.41,-158,5,0.428119177
42888.03917,38.4,-158,5,0.440154505
42888.03847,38.4,-158,5,0.430757708
42888.03778,38.4,-158,5,0.434678647
42888.02944,38.36,-158,5,0.351466982
42888.02875,38.36,-158,5,0.34876449
42888.02806,38.36,-158,5,0.327364922
42888.02736,38.35,-158,5,0.321987113
42888.02667,38.35,-158,5,0.321987113
42888.02597,38.35,-158,5,0.326977257
42888.02528,38.35,-158,5,0.325554526
42888.02458,38.34,-158,5,0.3261357
42888.02389,38.34,-158,5,0.346090644
42888.02319,38.34,-158,5,0.336077343
42888.0225,38.33,-158,5,0.298191652
42888.02181,38.33,-158,5,0.320921542
42888.02111,38.33,-158,5,0.31613783
42888.02042,38.33,-158,5,0.30592429
42888.01972,38.32,-158,5,0.296076819
42888.01903,38.32,-158,5,0.276333242
42888.01833,38.32,-158,5,0.262786629
42888.01764,38.31,-158,5,0.308286158
42888.01694,38.31,-158,5,0.30021692
42888.01625,38.31,-158,5,0.318286214
42888.01556,38.31,-158,5,0.324441881
42888.01486,38.3,-158,5,0.324441881
42888.01417,38.3,-158,5,0.328407704
42888.01347,38.3,-158,5,0.338201411
42888.01278,38.29,-158,5,0.338201411
42888.01208,38.29,-158,5,0.333217963
42888.01139,38.29,-158,5,0.331354132
42888.01069,38.29,-158,5,0.331673791
42888.01,38.28,-158,5,0.330286925
42888.00931,38.28,-158,5,0.323705405
42888.00861,38.28,-158,5,0.323705405
42888.00792,38.27,-158,5,0.314420595
42888.00722,38.27,-158,5,0.306173504
42888.00653,38.27,-158,5,0.251476145
42888.00583,38.27,-158,5,0.241511109
42888.00514,38.26,-158,5,0.219414016
42888.00444,38.26,-158,5,0.225334277
42888.00375,38.26,-158,5,0.215336902
42888.00306,38.25,-158,5,0.216659149
42888.00236,38.25,-158,5,0.22868126
42888.00167,38.25,-158,5,0.220491593
42888.00097,38.25,-158,5,0.259396305
42888.00028,38.24,-158,5,0.244529712
42887.99958,38.24,-158,5,0.294798313
42887.99889,38.24,-158,5,0.361201708
42887.99819,38.23,-158,5,0.371318825
42887.9975,38.23,-158,5,0.40063064
42887.99681,38.23,-158,5,0.41544047
42887.98847,38.19,-158,5,0.389243255
42887.98778,38.19,-158,5,0.389243255
42887.98708,38.19,-158,5,0.387204473
42887.98639,38.19,-158,5,0.394483954
42887.98569,38.18,-158,5,0.394483954
42887.985,38.18,-158,5,0.37725515
42887.98431,38.18,-158,5,0.378062161
42887.98361,38.17,-158,5,0.389610748
42887.98292,38.17,-158,5,0.389610748
42887.98222,38.17,-158,5,0.384499997
42887.98153,38.17,-158,5,0.377258994
42887.98083,38.16,-158,5,0.381845435
42887.98014,38.16,-158,5,0.381845435
42887.97944,38.16,-158,5,0.392302447
42887.97875,38.15,-158,5,0.395765248
42887.97806,38.15,-158,5,0.40613636
42887.97736,38.15,-158,5,0.403664207
42887.97667,38.14,-158,5,0.427168517
42887.97597,38.14,-158,5,0.399900535
42887.97528,38.14,-158,5,0.394066147
42887.97458,38.14,-158,5,0.412360528
42887.97389,38.13,-158,5,0.399197031
42887.97319,38.13,-158,5,0.403267902
42887.9725,38.13,-158,5,0.371098468
42887.97181,38.12,-158,5,0.375456448
42887.97111,38.12,-158,5,0.375456448
42887.97042,38.12,-158,5,0.356419779
42887.96972,38.12,-158,5,0.372752793
42887.96903,38.11,-158,5,0.348572314
42887.96833,38.11,-158,5,0.348137491
42887.96764,38.11,-158,5,0.348799164
42887.96694,38.1,-158,5,0.333303568
42887.96625,38.1,-158,5,0.348259779
42887.96556,38.1,-158,5,0.326936219
42887.96486,38.1,-158,5,0.329356589
42887.96417,38.09,-158,5,0.305774147
42887.96347,38.09,-158,5,0.306771944
42887.96278,38.09,-158,5,0.317770262
42887.96208,38.08,-158,5,0.32726118
42887.96139,38.08,-158,5,0.32726118
42887.96069,38.08,-158,5,0.32088726
42887.96,38.08,-158,5,0.352446959
42887.95931,38.07,-158,5,0.355162816
42887.95861,38.07,-158,5,0.355162816
42887.95792,38.07,-158,5,0.355359056
42887.95722,38.06,-158,5,0.358389768
42887.95653,38.06,-158,5,0.348155512
42887.95583,38.06,-158,5,0.348155512
42887.9475,38.02,-158,5,0.373920141
42887.94681,38.02,-158,5,0.373920141
42887.94611,38.02,-158,5,0.384354178
42887.94542,38.02,-158,5,0.384354178
42887.94472,38.01,-158,5,0.395527219
42887.94403,38.01,-158,5,0.396397424
42887.94333,38.01,-158,5,0.396397424
42887.94264,38.01,-158,5,0.374893316
42887.94194,38,-158,5,0.402392545
42887.94125,38,-158,5,0.402392545
42887.94056,38,-158,5,0.407059896
42887.93986,38,-158,5,0.397090045
42887.93917,37.99,-158,5,0.411775031
42887.93847,37.99,-158,5,0.440561772
42887.93778,37.99,-158,5,0.440561772
42887.93708,37.99,-158,5,0.425000649
42887.93639,37.98,-158,5,0.437637594
42887.93569,37.98,-158,5,0.459404179
42887.935,37.98,-158,5,0.459404179
42887.93431,37.97,-158,5,0.493639388
42887.93361,37.97,-158,5,0.527483821
42887.93292,37.97,-158,5,0.559465937
42887.93222,37.97,-158,5,0.581037206
42887.93153,37.96,-158,5,0.613518551
42887.93083,37.96,-158,5,0.662432862
42887.93014,37.96,-158,5,0.657939626
42887.92944,37.96,-158,5,0.668599604
42887.92875,37.95,-158,5,0.699265557
42887.92806,37.95,-158,5,0.699265557
42887.92736,37.95,-158,5,0.710334062
42887.92667,37.94,-158,5,0.716876953
42887.92597,37.94,-158,5,0.715572369
42887.92528,37.94,-158,5,0.715572369
42887.92458,37.94,-158,5,0.710578659
42887.92389,37.93,-158,5,0.710578659
42887.92319,37.93,-158,5,0.704602746
42887.9225,37.93,-158,5,0.710911695
42887.92181,37.92,-158,5,0.68416778
42887.92111,37.92,-158,5,0.684619857
42887.92042,37.92,-158,5,0.657858464
42887.91972,37.91,-158,5,0.657858464
42887.91903,37.91,-158,5,0.618321751
42887.91833,37.91,-158,5,0.618321751
42887.91764,37.91,-158,5,0.623856735
42887.91694,37.9,-158,5,0.596642884
42887.91625,37.9,-158,5,0.5936083
42887.91556,37.9,-158,5,0.5936083
42887.91486,37.89,-158,5,0.573413264
42887.90653,37.86,-158,5,0.590590745
42887.90583,37.86,-158,5,0.605023522
42887.90514,37.85,-158,5,0.610733654
42887.90444,37.85,-158,5,0.645711929
42887.90375,37.85,-158,5,0.645711929
42887.90306,37.85,-158,5,0.654647985
42887.90236,37.84,-158,5,0.654647985
42887.90167,37.84,-158,5,0.65457262
42887.90097,37.84,-158,5,0.653253489
42887.90028,37.83,-158,5,0.653253489
42887.89958,37.83,-158,5,0.646757963
42887.89889,37.83,-158,5,0.628831808
42887.89819,37.82,-158,5,0.614662035
42887.8975,37.82,-158,5,0.601876627
42887.89681,37.82,-158,5,0.566651571
42887.89611,37.82,-158,5,0.566651571
42887.89542,37.81,-158,5,0.557396234
42887.89472,37.81,-158,5,0.515479982
42887.89403,37.81,-158,5,0.508430511
42887.89333,37.81,-158,5,0.487635861
42887.89264,37.8,-158,5,0.491703675
42887.89194,37.8,-158,5,0.437900153
42887.89125,37.8,-158,5,0.437900153
42887.89056,37.8,-158,5,0.439274096
42887.88986,37.79,-158,5,0.422830359
42887.88917,37.79,-158,5,0.447563682
42887.88847,37.79,-158,5,0.439071534
42887.88778,37.79,-158,5,0.439071534
42887.88708,37.78,-158,5,0.426555964
42887.88639,37.78,-158,5,0.420678506
42887.88569,37.78,-158,5,0.420678506
42887.885,37.78,-158,5,0.385574581
42887.88431,37.77,-158,5,0.356902532
42887.88361,37.77,-158,5,0.382850421
42887.88292,37.77,-158,5,0.359233667
42887.88222,37.76,-158,5,0.346750814
42887.88153,37.76,-158,5,0.330558409
42887.88083,37.76,-158,5,0.330558409
42887.88014,37.75,-158,5,0.323680256
42887.87944,37.75,-158,5,0.31444455
42887.87875,37.75,-158,5,0.31444455
42887.87806,37.75,-158,5,0.300989048
42887.87736,37.74,-158,5,0.314102764
42887.87667,37.74,-158,5,0.311384579
42887.87597,37.74,-158,5,0.306123797
42887.87528,37.73,-158,5,0.311822092
42887.87458,37.73,-158,5,0.308247976
42887.87389,37.73,-158,5,0.292267109
42887.87319,37.73,-158,5,0.292267109
42887.86556,37.69,-158,5,0.426066214
42887.86486,37.69,-158,5,0.406243242
42887.86417,37.69,-158,5,0.375533127
42887.86347,37.68,-158,5,0.335949677
42887.86278,37.68,-158,5,0.304582061
42887.86208,37.68,-158,5,0.237029791
42887.86139,37.68,-158,5,0.237029791
42887.86069,37.67,-158,5,0.236895086
42887.86,37.67,-158,5,0.236895086
42887.85931,37.67,-158,5,0.251671235
42887.85861,37.66,-158,5,0.270779503
42887.85792,37.66,-158,5,0.293379911
42887.85722,37.66,-158,5,0.290508453
42887.85653,37.65,-158,5,0.281521708
42887.85583,37.65,-158,5,0.271600838
42887.85514,37.65,-158,5,0.275438386
42887.85444,37.65,-158,5,0.268258001
42887.85375,37.64,-158,5,0.266503773
42887.85306,37.64,-158,5,0.244207429
42887.85236,37.64,-158,5,0.220101509
42887.85167,37.63,-158,5,0.219872988
42887.85097,37.63,-158,5,0.220563291
42887.85028,37.63,-158,5,0.251277561
42887.84958,37.63,-158,5,0.251277561
42887.84889,37.62,-158,5,0.266409185
42887.84819,37.62,-158,5,0.289491374
42887.8475,37.62,-158,5,0.284456057
42887.84681,37.61,-158,5,0.302256747
42887.84611,37.61,-158,5,0.302256747
42887.84542,37.61,-158,5,0.29561958
42887.84472,37.61,-158,5,0.29561958
42887.84403,37.6,-158,5,0.295398656
42887.84333,37.6,-158,5,0.303083514
42887.84264,37.6,-158,5,0.286418424
42887.84194,37.59,-158,5,0.286418424
42887.84125,37.59,-158,5,0.278732002
42887.84056,37.59,-158,5,0.270754305
42887.83986,37.58,-158,5,0.268202393
42887.83917,37.58,-158,5,0.268202393
42887.83847,37.58,-158,5,0.252472243
42887.83778,37.58,-158,5,0.238515187
42887.83708,37.57,-158,5,0.233730467
42887.83639,37.57,-158,5,0.247554065
42887.83569,37.57,-158,5,0.2721137
42887.835,37.56,-158,5,0.289638515
42887.83431,37.56,-158,5,0.289638515
42887.83361,37.56,-158,5,0.28443545
42887.83292,37.56,-158,5,0.28443545
42887.82458,37.52,-158,5,0.27952903
42887.82389,37.52,-158,5,0.240355171
42887.82319,37.51,-158,5,0.265530163
42887.8225,37.51,-158,5,0.357289739
42887.82181,37.51,-158,5,0.357289739
42887.82111,37.51,-158,5,0.398639605
42887.82042,37.5,-158,5,0.398639605
42887.81972,37.5,-158,5,0.38600728
42887.81903,37.5,-158,5,0.387265119
42887.81833,37.49,-158,5,0.392772981
42887.81764,37.49,-158,5,0.406037088
42887.81694,37.49,-158,5,0.395675104
42887.81625,37.49,-158,5,0.37807668
42887.81556,37.48,-158,5,0.37807668
42887.81486,37.48,-158,5,0.348658056
42887.81417,37.48,-158,5,0.348658056
42887.81347,37.47,-158,5,0.336322559
42887.81278,37.47,-158,5,0.336322559
42887.81208,37.47,-158,5,0.3455286
42887.81139,37.46,-158,5,0.221420024
42887.81069,37.46,-158,5,0.225110465
42887.81,37.46,-158,5,0.225110465
42887.80931,37.46,-158,5,0.206228115
42887.80861,37.45,-158,5,0.212266939
42887.80792,37.45,-158,5,0.184253689
42887.80722,37.45,-158,5,0.174874233
42887.80653,37.44,-158,5,0.179611567
42887.80583,37.44,-158,5,0.180274417
42887.80514,37.44,-158,5,0.185405502
42887.80444,37.44,-158,5,0.195588639
42887.80375,37.43,-158,5,0.195588639
42887.80306,37.43,-158,5,0.193998913
42887.80236,37.43,-158,5,0.183052675
42887.80167,37.42,-158,5,0.182254401
42887.80097,37.42,-158,5,0.172044092
42887.80028,37.42,-158,5,0.193692178
42887.79958,37.42,-158,5,0.225151438
42887.79889,37.41,-158,5,0.225151438
42887.79819,37.41,-158,5,0.243172949
42887.7975,37.41,-158,5,0.25669894
42887.79681,37.41,-158,5,0.267919698
42887.79611,37.4,-158,5,0.279228715
42887.79542,37.4,-158,5,0.292606555
42887.79472,37.4,-158,5,0.296745555
42887.79403,37.4,-158,5,0.319638166
42887.79333,37.39,-158,5,0.322545546
42887.79264,37.39,-158,5,0.305342355
42887.79194,37.39,-158,5,0.293523211
42887.79125,37.38,-158,5,0.293523211
42887.78361,37.35,-158,5,0.422573324
42887.78292,37.35,-158,5,0.405432856
42887.78222,37.35,-158,5,0.396759893
42887.78153,37.34,-158,5,0.38083673
42887.78083,37.34,-158,5,0.356674485
42887.78014,37.34,-158,5,0.334173076
42887.77944,37.34,-158,5,0.332892605
42887.77875,37.33,-158,5,0.329752816
42887.77806,37.33,-158,5,0.333099573
42887.77736,37.33,-158,5,0.317511038
42887.77667,37.32,-158,5,0.304697359
42887.77597,37.32,-158,5,0.301319338
42887.77528,37.32,-158,5,0.330720551
42887.77458,37.31,-158,5,0.324459618
42887.77389,37.31,-158,5,0.319660165
42887.77319,37.31,-158,5,0.331752699
42887.7725,37.31,-158,5,0.334466796
42887.77181,37.3,-158,5,0.329024185
42887.77111,37.3,-158,5,0.338728932
42887.77042,37.3,-158,5,0.342142097
42887.76972,37.29,-158,5,0.344689442
42887.76903,37.29,-158,5,0.359357262
42887.76833,37.29,-158,5,0.361080742
42887.76764,37.29,-158,5,0.376883575
42887.76694,37.28,-158,5,0.36708905
42887.76625,37.28,-158,5,0.395163792
42887.76556,37.28,-158,5,0.375537884
42887.76486,37.27,-158,5,0.378145119
42887.76417,37.27,-158,5,0.397151107
42887.76347,37.27,-158,5,0.397151107
42887.76278,37.27,-158,5,0.379752693
42887.76208,37.26,-158,5,0.356039573
42887.76139,37.26,-158,5,0.358365591
42887.76069,37.26,-158,5,0.359555776
42887.76,37.25,-158,5,0.385033381
42887.75931,37.25,-158,5,0.386525045
42887.75861,37.25,-158,5,0.394820089
42887.75792,37.25,-158,5,0.40476454
42887.75722,37.24,-158,5,0.391574067
42887.75653,37.24,-158,5,0.403970501
42887.75583,37.24,-158,5,0.402648515
42887.75514,37.23,-158,5,0.407571915
42887.75444,37.23,-158,5,0.419492793
42887.75375,37.23,-158,5,0.409133492
42887.75306,37.22,-158,5,0.397050672
42887.75236,37.22,-158,5,0.398945318
42887.75167,37.22,-158,5,0.39728402
42887.75097,37.22,-158,5,0.373761808
42887.74264,37.18,-158,5,0.420484746
42887.74194,37.18,-158,5,0.425444423
42887.74125,37.18,-158,5,0.412285419
42887.74056,37.17,-158,5,0.426794386
42887.73986,37.17,-158,5,0.41218878
42887.73917,37.17,-158,5,0.405905884
42887.73847,37.16,-158,5,0.396299281
42887.73778,37.16,-158,5,0.424019965
42887.73708,37.16,-158,5,0.394042185
42887.73639,37.16,-158,5,0.39214893
42887.73569,37.15,-158,5,0.408410104
42887.735,37.15,-158,5,0.412275421
42887.73431,37.15,-158,5,0.387458454
42887.73361,37.14,-158,5,0.393375017
42887.73292,37.14,-158,5,0.403356123
42887.73222,37.14,-158,5,0.399953315
42887.73153,37.14,-158,5,0.42971204
42887.73083,37.13,-158,5,0.427684018
42887.73014,37.13,-158,5,0.391841064
42887.72944,37.13,-158,5,0.402907463
42887.72875,37.12,-158,5,0.394651426
42887.72806,37.12,-158,5,0.371053869
42887.72736,37.12,-158,5,0.362720084
42887.72667,37.12,-158,5,0.370326918
42887.72597,37.11,-158,5,0.37018104
42887.72528,37.11,-158,5,0.359434529
42887.72458,37.11,-158,5,0.372273114
42887.72389,37.1,-158,5,0.365102783
42887.72319,37.1,-158,5,0.365529053
42887.7225,37.1,-158,5,0.364597515
42887.72181,37.1,-158,5,0.37086605
42887.72111,37.09,-158,5,0.364204844
42887.72042,37.09,-158,5,0.379888585
42887.71972,37.09,-158,5,0.37033377
42887.71903,37.08,-158,5,0.35990081
42887.71833,37.08,-158,5,0.360832183
42887.71764,37.08,-158,5,0.36508858
42887.71694,37.08,-158,5,0.376949237
42887.71625,37.07,-158,5,0.375416395
42887.71556,37.07,-158,5,0.364774105
42887.71486,37.07,-158,5,0.369704747
42887.71417,37.06,-158,5,0.358519663
42887.71347,37.06,-158,5,0.347360595
42887.71278,37.06,-158,5,0.342667877
42887.71208,37.06,-158,5,0.33312475
42887.71139,37.05,-158,5,0.322671367
42887.71069,37.05,-158,5,0.328246735
42887.71,37.05,-158,5,0.325042937
42887.70167,37.02,-158,5,0.385110664
42887.70097,37.01,-158,5,0.377774849
42887.70028,37.01,-158,5,0.381780553
42887.69958,37.01,-158,5,0.355131684
42887.69889,37.01,-158,5,0.358773465
42887.69819,37,-158,5,0.335581026
42887.6975,37,-158,5,0.314058802
42887.69681,37,-158,5,0.314058802
42887.69611,36.99,-158,5,0.284124143
42887.69542,36.99,-158,5,0.284124143
42887.69472,36.99,-158,5,0.259982565
42887.69403,36.98,-158,5,0.263291318
42887.69333,36.98,-158,5,0.271891432
42887.69264,36.98,-158,5,0.275695132
42887.69194,36.98,-158,5,0.275695132
42887.69125,36.97,-158,5,0.285802833
42887.69056,36.97,-158,5,0.282816186
42887.68986,36.97,-158,5,0.292309212
42887.68917,36.96,-158,5,0.293217088
42887.68847,36.96,-158,5,0.270889205
42887.68778,36.96,-158,5,0.280896934
42887.68708,36.96,-158,5,0.290316618
42887.68639,36.95,-158,5,0.282480481
42887.68569,36.95,-158,5,0.249608185
42887.685,36.95,-158,5,0.249608185
42887.68431,36.94,-158,5,0.243303624
42887.68361,36.94,-158,5,0.239473335
42887.68292,36.94,-158,5,0.239473335
42887.68222,36.93,-158,5,0.235531769
42887.68153,36.93,-158,5,0.239497928
42887.68083,36.93,-158,5,0.223499252
42887.68014,36.93,-158,5,0.225001992
42887.67944,36.92,-158,5,0.225001992
42887.67875,36.92,-158,5,0.220009361
42887.67806,36.92,-158,5,0.220009361
42887.67736,36.91,-158,5,0.224044336
42887.67667,36.91,-158,5,0.224044336
42887.67597,36.91,-158,5,0.227500804
42887.67528,36.91,-158,5,0.224052935
42887.67458,36.9,-158,5,0.224052935
42887.67389,36.9,-158,5,0.211986361
42887.67319,36.9,-158,5,0.222447558
42887.6725,36.89,-158,5,0.234266754
42887.67181,36.89,-158,5,0.218328426
42887.67111,36.89,-158,5,0.226869585
42887.67042,36.89,-158,5,0.214702225
42887.66972,36.88,-158,5,0.214702225
42887.66903,36.88,-158,5,0.211133277
42887.66069,36.84,-158,5,0.207532861
42887.66,36.84,-158,5,0.201228581
42887.65931,36.84,-158,5,0.211295229
42887.65861,36.84,-158,5,0.195871303
42887.65792,36.83,-158,5,0.206716947
42887.65722,36.83,-158,5,0.188544653
42887.65653,36.83,-158,5,0.198905344
42887.65583,36.82,-158,5,0.198905344
42887.65514,36.82,-158,5,0.202322191
42887.65444,36.82,-158,5,0.197307596
42887.65375,36.81,-158,5,0.197351504
42887.65306,36.81,-158,5,0.185432456
42887.65236,36.81,-158,5,0.192386168
42887.65167,36.81,-158,5,0.174501734
42887.65097,36.8,-158,5,0.176488523
42887.65028,36.8,-158,5,0.165471154
42887.64958,36.8,-158,5,0.188123399
42887.64889,36.79,-158,5,0.176197195
42887.64819,36.79,-158,5,0.174398043
42887.6475,36.79,-158,5,0.176960802
42887.64681,36.79,-158,5,0.180298557
42887.64611,36.78,-158,5,0.185740926
42887.64542,36.78,-158,5,0.170131214
42887.64472,36.78,-158,5,0.188067682
42887.64403,36.78,-158,5,0.195618906
42887.64333,36.77,-158,5,0.209628554
42887.64264,36.77,-158,5,0.206916426
42887.64194,36.77,-158,5,0.206916426
42887.64125,36.77,-158,5,0.219395666
42887.64056,36.76,-158,5,0.230088892
42887.63986,36.76,-158,5,0.220712587
42887.63917,36.76,-158,5,0.229969075
42887.63847,36.76,-158,5,0.234609462
42887.63778,36.75,-158,5,0.234012397
42887.63708,36.75,-158,5,0.245556972
42887.63639,36.75,-158,5,0.244674196
42887.63569,36.74,-158,5,0.237866159
42887.635,36.74,-158,5,0.226169908
42887.63431,36.74,-158,5,0.251131401
42887.63361,36.74,-158,5,0.241196456
42887.63292,36.73,-158,5,0.230913294
42887.63222,36.73,-158,5,0.234590897
42887.63153,36.73,-158,5,0.215085775
42887.63083,36.72,-158,5,0.219779594
42887.63014,36.72,-158,5,0.233859308
42887.62944,36.72,-158,5,0.239741478
42887.62875,36.72,-158,5,0.243213903
42887.62806,36.71,-158,5,0.251598982
42887.61972,36.68,-158,5,0.250820666
42887.61903,36.67,-158,5,0.25598019
42887.61833,36.67,-158,5,0.271664443
42887.61764,36.67,-158,5,0.289944231
42887.61694,36.66,-158,5,0.318665783
42887.61625,36.66,-158,5,0.318665783
42887.61556,36.66,-158,5,0.344152597
42887.61486,36.66,-158,5,0.339200156
42887.61417,36.65,-158,5,0.336755754
42887.61347,36.65,-158,5,0.337930205
42887.61278,36.65,-158,5,0.364455839
42887.61208,36.64,-158,5,0.357405956
42887.61139,36.64,-158,5,0.357405956
42887.61069,36.64,-158,5,0.38031781
42887.61,36.63,-158,5,0.354265432
42887.60931,36.63,-158,5,0.354265432
42887.60861,36.63,-158,5,0.334659703
42887.60792,36.63,-158,5,0.334659703
42887.60722,36.62,-158,5,0.311730679
42887.60653,36.62,-158,5,0.312846171
42887.60583,36.62,-158,5,0.29979845
42887.60514,36.61,-158,5,0.336530023
42887.60444,36.61,-158,5,0.32170052
42887.60375,36.61,-158,5,0.332872054
42887.60306,36.6,-158,5,0.332872054
42887.60236,36.6,-158,5,0.289069673
42887.60167,36.6,-158,5,0.289069673
42887.60097,36.6,-158,5,0.348249928
42887.60028,36.59,-158,5,0.341688312
42887.59958,36.59,-158,5,0.346610561
42887.59889,36.59,-158,5,0.346610561
42887.59819,36.58,-158,5,0.372640963
42887.5975,36.58,-158,5,0.387191588
42887.59681,36.58,-158,5,0.382413632
42887.59611,36.58,-158,5,0.376405521
42887.59542,36.57,-158,5,0.394274278
42887.59472,36.57,-158,5,0.394274278
42887.59403,36.57,-158,5,0.400540642
42887.59333,36.56,-158,5,0.406022079
42887.59264,36.56,-158,5,0.41281077
42887.59194,36.56,-158,5,0.392644457
42887.59125,36.56,-158,5,0.390395219
42887.59056,36.55,-158,5,0.37023973
42887.58986,36.55,-158,5,0.374542862
42887.58917,36.55,-158,5,0.369974495
42887.58847,36.54,-158,5,0.349327082
42887.58778,36.54,-158,5,0.343909444
42887.58708,36.54,-158,5,0.318249863
42887.57875,36.5,-158,5,0.374683336
42887.57806,36.5,-158,5,0.348162892
42887.57736,36.5,-158,5,0.334065855
42887.57667,36.49,-158,5,0.333076972
42887.57597,36.49,-158,5,0.327973817
42887.57528,36.49,-158,5,0.318879653
42887.57458,36.49,-158,5,0.318879653
42887.57389,36.48,-158,5,0.34085207
42887.57319,36.48,-158,5,0.339504802
42887.5725,36.48,-158,5,0.341531299
42887.57181,36.47,-158,5,0.357280383
42887.57111,36.47,-158,5,0.355379792
42887.57042,36.47,-158,5,0.355379792
42887.56972,36.47,-158,5,0.332399212
42887.56903,36.46,-158,5,0.338118048
42887.56833,36.46,-158,5,0.338118048
42887.56764,36.46,-158,5,0.351184149
42887.56694,36.45,-158,5,0.332091246
42887.56625,36.45,-158,5,0.33489128
42887.56556,36.45,-158,5,0.304337676
42887.56486,36.44,-158,5,0.304337676
42887.56417,36.44,-158,5,0.30107267
42887.56347,36.44,-158,5,0.298612966
42887.56278,36.44,-158,5,0.27796989
42887.56208,36.43,-158,5,0.296281317
42887.56139,36.43,-158,5,0.270038345
42887.56069,36.43,-158,5,0.270038345
42887.56,36.42,-158,5,0.240202326
42887.55931,36.42,-158,5,0.240202326
42887.55861,36.42,-158,5,0.245963964
42887.55792,36.42,-158,5,0.232275879
42887.55722,36.41,-158,5,0.227202604
42887.55653,36.41,-158,5,0.227202604
42887.55583,36.41,-158,5,0.211896012
42887.55514,36.41,-158,5,0.211896012
42887.55444,36.4,-158,5,0.187538315
42887.55375,36.4,-158,5,0.182800877
42887.55306,36.4,-158,5,0.154077277
42887.55236,36.4,-158,5,0.17362633
42887.55167,36.39,-158,5,0.147563966
42887.55097,36.39,-158,5,0.147563966
42887.55028,36.39,-158,5,0.153584308
42887.54958,36.39,-158,5,0.153584308
42887.54889,36.38,-158,5,0.14839584
42887.54819,36.38,-158,5,0.15051206
42887.5475,36.38,-158,5,0.15051206
42887.54681,36.38,-158,5,0.149428998
42887.54611,36.37,-158,5,0.149428998
42887.53778,36.34,-158,5,0.134346088
42887.53708,36.34,-158,5,0.150183587
42887.53639,36.33,-158,5,0.1556658
42887.53569,36.33,-158,5,0.150555723
42887.535,36.33,-158,5,0.160146335
42887.53431,36.33,-158,5,0.152674953
42887.53361,36.32,-158,5,0.170651176
42887.53292,36.32,-158,5,0.140311591
42887.53222,36.32,-158,5,0.153593075
42887.53153,36.31,-158,5,0.153593075
42887.53083,36.31,-158,5,0.156753333
42887.53014,36.31,-158,5,0.156753333
42887.52944,36.31,-158,5,0.165242019
42887.52875,36.3,-158,5,0.169000545
42887.52806,36.3,-158,5,0.168867766
42887.52736,36.3,-158,5,0.154269351
42887.52667,36.29,-158,5,0.14661864
42887.52597,36.29,-158,5,0.163872468
42887.52528,36.29,-158,5,0.160758744
42887.52458,36.29,-158,5,0.142357904
42887.52389,36.28,-158,5,0.149687157
42887.52319,36.28,-158,5,0.160520699
42887.5225,36.28,-158,5,0.139471206
42887.52181,36.27,-158,5,0.154072906
42887.52111,36.27,-158,5,0.149413977
42887.52042,36.27,-158,5,0.170897092
42887.51972,36.27,-158,5,0.163593718
42887.51903,36.26,-158,5,0.171462953
42887.51833,36.26,-158,5,0.161044823
42887.51764,36.26,-158,5,0.16576632
42887.51694,36.25,-158,5,0.146636291
42887.51625,36.25,-158,5,0.15656309
42887.51556,36.25,-158,5,0.171395928
42887.51486,36.24,-158,5,0.170186275
42887.51417,36.24,-158,5,0.170186275
42887.51347,36.24,-158,5,0.174396447
42887.51278,36.24,-158,5,0.170077934
42887.51208,36.23,-158,5,0.163318927
42887.51139,36.23,-158,5,0.170816839
42887.51069,36.23,-158,5,0.170816839
42887.51,36.22,-158,5,0.170127865
42887.50931,36.22,-158,5,0.172675915
42887.50861,36.22,-158,5,0.173106755
42887.50792,36.22,-158,5,0.181432102
42887.50722,36.21,-158,5,0.192082677
42887.50653,36.21,-158,5,0.175353157
42887.50583,36.21,-158,5,0.173208917
42887.50514,36.2,-158,5,0.185285682
42887.49681,36.17,-158,5,0.180702768
42887.49611,36.17,-158,5,0.176436899
42887.49542,36.16,-158,5,0.176436899
42887.49472,36.16,-158,5,0.18396795
42887.49403,36.16,-158,5,0.168184151
42887.49333,36.16,-158,5,0.174394719
42887.49264,36.15,-158,5,0.173460527
42887.49194,36.15,-158,5,0.173460527
42887.49125,36.15,-158,5,0.190366109
42887.49056,36.15,-158,5,0.178413701
42887.48986,36.15,-158,5,0.170316925
42887.48917,36.15,-158,5,0.173696499
42887.48847,36.14,-158,5,0.166714278
42887.48778,36.14,-158,5,0.164298497
42887.48708,36.14,-158,5,0.152616512
42887.48639,36.14,-158,5,0.160751097
42887.48569,36.14,-158,5,0.154248687
42887.485,36.14,-158,5,0.160858948
42887.48431,36.14,-158,5,0.15435271
42887.48361,36.14,-158,5,0.157636832
42887.48292,36.14,-158,5,0.156182031
42887.48222,36.14,-158,5,0.163083965
42887.48153,36.14,-158,5,0.169154503
42887.48083,36.14,-158,5,0.162081895
42887.48014,36.14,-158,5,0.162081895
42887.47944,36.14,-158,5,0.17363238
42887.47875,36.14,-158,5,0.150762819
42887.47806,36.14,-158,5,0.162354422
42887.47736,36.13,-158,5,0.17082009
42887.47667,36.13,-158,5,0.150866769
42887.47597,36.13,-158,5,0.146936223
42887.47528,36.13,-158,5,0.146441106
42887.47458,36.12,-158,5,0.148179514
42887.47389,36.12,-158,5,0.159123421
42887.47319,36.12,-158,5,0.147493358
42887.4725,36.12,-158,5,0.147493358
42887.47181,36.11,-158,5,0.16308671
42887.47111,36.11,-158,5,0.15589645
42887.47042,36.11,-158,5,0.167972315
42887.46972,36.1,-158,5,0.162644043
42887.46903,36.1,-158,5,0.171929712
42887.46833,36.1,-158,5,0.162085808
42887.46764,36.1,-158,5,0.168957991
42887.46694,36.1,-158,5,0.154008943
42887.46625,36.09,-158,5,0.154844388
42887.46556,36.09,-158,5,0.154384293
42887.46486,36.09,-158,5,0.15855281
42887.46417,36.09,-158,5,0.153547117
42887.45583,36.08,-158,5,0.195059896
42887.45514,36.08,-158,5,0.199405339
42887.45444,36.08,-158,5,0.199405339
42887.45375,36.08,-158,5,0.182978187
42887.45306,36.07,-158,5,0.182978187
42887.45236,36.07,-158,5,0.159171784
42887.45167,36.07,-158,5,0.159171784
42887.45097,36.07,-158,5,0.17403713
42887.45028,36.07,-158,5,0.17403713
42887.44958,36.07,-158,5,0.188198914
42887.44889,36.07,-158,5,0.214790146
42887.44819,36.07,-158,5,0.208309168
42887.4475,36.07,-158,5,0.208309168
42887.44681,36.07,-158,5,0.159336387
42887.44611,36.07,-158,5,0.159336387
42887.44542,36.06,-158,5,0.129672368
42887.44472,36.06,-158,5,0.12880702
42887.44403,36.06,-158,5,0.16633677
42887.44333,36.06,-158,5,0.16633677
42887.44264,36.06,-158,5,0.196234245
42887.44194,36.06,-158,5,0.196234245
42887.44125,36.06,-158,5,0.219360811
42887.44056,36.06,-158,5,0.219360811
42887.43986,36.06,-158,5,0.208445146
42887.43917,36.06,-158,5,0.203137077
42887.43847,36.06,-158,5,0.209165801
42887.43778,36.06,-158,5,0.209165801
42887.43708,36.06,-158,5,0.218010666
42887.43639,36.06,-158,5,0.218010666
42887.43569,36.06,-158,5,0.223151644
42887.435,36.06,-158,5,0.223151644
42887.43431,36.06,-158,5,0.221928138
42887.43361,36.06,-158,5,0.222330854
42887.43292,36.06,-158,5,0.222330854
42887.43222,36.06,-158,5,0.234290888
42887.43153,36.06,-158,5,0.233178673
42887.43083,36.06,-158,5,0.226350758
42887.43014,36.06,-158,5,0.239817955
42887.42944,36.06,-158,5,0.242056176
42887.42875,36.06,-158,5,0.254039109
42887.42806,36.06,-158,5,0.254039109
42887.42736,36.06,-158,5,0.261965173
42887.42667,36.06,-158,5,0.280890855
42887.42597,36.06,-158,5,0.267721905
42887.42528,36.06,-158,5,0.229507694
42887.42458,36.06,-158,5,0.229507694
42887.42389,36.06,-158,5,0.245192418
42887.42319,36.06,-158,5,0.25722727
42887.41486,36.06,-158,5,0.17491034
42887.41417,36.06,-158,5,0.181759186
42887.41347,36.06,-158,5,0.168368607
42887.41278,36.06,-158,5,0.188007904
42887.41208,36.06,-158,5,0.188007904
42887.41139,36.06,-158,5,0.177437628
42887.41069,36.06,-158,5,0.180082832
42887.41,36.06,-158,5,0.182584541
42887.40931,36.06,-158,5,0.182584541
42887.40861,36.06,-158,5,0.189043317
42887.40792,36.06,-158,5,0.189043317
42887.40722,36.06,-158,5,0.214922212
42887.40653,36.06,-158,5,0.202780777
42887.40583,36.06,-158,5,0.183231149
42887.40514,36.06,-158,5,0.178349103
42887.40444,36.06,-158,5,0.202499141
42887.40375,36.06,-158,5,0.200449545
42887.40306,36.06,-158,5,0.195575396
42887.40236,36.06,-158,5,0.181253206
42887.40167,36.06,-158,5,0.17299753
42887.40097,36.06,-158,5,0.169357171
42887.40028,36.06,-158,5,0.139497354
42887.39958,36.06,-158,5,0.127952958
42887.39889,36.06,-158,5,0.127952958
42887.39819,36.06,-158,5,0.123988783
42887.3975,36.06,-158,5,0.123988783
42887.39681,36.06,-158,5,0.160747
42887.39611,36.06,-158,5,0.175078483
42887.39542,36.06,-158,5,0.162852434
42887.39472,36.06,-158,5,0.165957713
42887.39403,36.06,-158,5,0.166104456
42887.39333,36.06,-158,5,0.181269689
42887.39264,36.06,-158,5,0.17869763
42887.39194,36.06,-158,5,0.17869763
42887.39125,36.06,-158,5,0.174575829
42887.39056,36.06,-158,5,0.170510363
42887.38986,36.06,-158,5,0.182928865
42887.38917,36.06,-158,5,0.178541712
42887.38847,36.06,-158,5,0.173146302
42887.38778,36.06,-158,5,0.163693481
42887.38708,36.06,-158,5,0.162329124
42887.38639,36.06,-158,5,0.152788954
42887.38569,36.06,-158,5,0.134090719
42887.385,36.06,-158,5,0.137126021
42887.38431,36.06,-158,5,0.129157643
42887.38361,36.06,-158,5,0.15514926
42887.38292,36.06,-158,5,0.129448228
42887.38222,36.06,-158,5,0.147203689
42887.37389,36.06,-158,5,0.153532897
42887.37319,36.05,-158,5,0.139286553
42887.3725,36.05,-158,5,0.129029849
42887.37181,36.05,-158,5,0.129822606
42887.37111,36.05,-158,5,0.133344837
42887.37042,36.05,-158,5,0.130435585
42887.36972,36.04,-158,5,0.128815303
42887.36903,36.04,-158,5,0.128815303
42887.36833,36.04,-158,5,0.133306219
42887.36764,36.03,-158,5,0.149074016
42887.36694,36.03,-158,5,0.128072598
42887.36625,36.03,-158,5,0.145261332
42887.36556,36.03,-158,5,0.134913971
42887.36486,36.02,-158,5,0.13561093
42887.36417,36.02,-158,5,0.13561093
42887.36347,36.02,-158,5,0.138200384
42887.36278,36.01,-158,5,0.145131194
42887.36208,36.01,-158,5,0.144727271
42887.36139,36.01,-158,5,0.142165345
42887.36069,36.01,-158,5,0.145119171
42887.36,36,-158,5,0.142097493
42887.35931,36,-158,5,0.135905976
42887.35861,36,-158,5,0.137925281
42887.35792,35.99,-158,5,0.142936293
42887.35722,35.99,-158,5,0.142936293
42887.35653,35.99,-158,5,0.157891281
42887.35583,35.99,-158,5,0.15189815
42887.35514,35.98,-158,5,0.149029181
42887.35444,35.98,-158,5,0.149029181
42887.35375,35.98,-158,5,0.132532613
42887.35306,35.97,-158,5,0.132532613
42887.35236,35.97,-158,5,0.145621664
42887.35167,35.97,-158,5,0.145621664
42887.35097,35.97,-158,5,0.145937759
42887.35028,35.96,-158,5,0.145937759
42887.34958,35.96,-158,5,0.163100382
42887.34889,35.96,-158,5,0.149565974
42887.34819,35.95,-158,5,0.14838853
42887.3475,35.95,-158,5,0.14838853
42887.34681,35.95,-158,5,0.132861126
42887.34611,35.94,-158,5,0.113512169
42887.34542,35.94,-158,5,0.117969562
42887.34472,35.94,-158,5,0.117969562
42887.34403,35.94,-158,5,0.120689162
42887.34333,35.93,-158,5,0.131299883
42887.34264,35.93,-158,5,0.120999984
42887.34194,35.93,-158,5,0.114750137
42887.34125,35.92,-158,5,0.132539099
42887.34056,35.92,-158,5,0.132539099
42887.33292,35.89,-158,5,0.13427488
42887.33222,35.89,-158,5,0.135289779
42887.33153,35.88,-158,5,0.130694058
42887.33083,35.88,-158,5,0.109322541
42887.33014,35.88,-158,5,0.109322541
42887.32944,35.88,-158,5,0.094310628
42887.32875,35.87,-158,5,0.094310628
42887.32806,35.87,-158,5,0.094204167
42887.32736,35.87,-158,5,0.105186653
42887.32667,35.86,-158,5,0.108958104
42887.32597,35.86,-158,5,0.097231022
42887.32528,35.86,-158,5,0.097231022
42887.32458,35.86,-158,5,0.089896493
42887.32389,35.85,-158,5,0.103333438
42887.32319,35.85,-158,5,0.09677014
42887.3225,35.85,-158,5,0.09677014
42887.32181,35.84,-158,5,0.108319632
42887.32111,35.84,-158,5,0.108319632
42887.32042,35.84,-158,5,0.103626216
42887.31972,35.84,-158,5,0.111629025
42887.31903,35.83,-158,5,0.125793448
42887.31833,35.83,-158,5,0.125793448
42887.31764,35.83,-158,5,0.125064319
42887.31694,35.82,-158,5,0.125064319
42887.31625,35.82,-158,5,0.119726777
42887.31556,35.82,-158,5,0.119726777
42887.31486,35.82,-158,5,0.128630564
42887.31417,35.81,-158,5,0.123578695
42887.31347,35.81,-158,5,0.121544049
42887.31278,35.81,-158,5,0.121544049
42887.31208,35.8,-158,5,0.117738296
42887.31139,35.8,-158,5,0.117738296
42887.31069,35.8,-158,5,0.117770975
42887.31,35.79,-158,5,0.121766899
42887.30931,35.79,-158,5,0.121814077
42887.30861,35.79,-158,5,0.121814077
42887.30792,35.79,-158,5,0.113452062
42887.30722,35.78,-158,5,0.113452062
42887.30653,35.78,-158,5,0.109206844
42887.30583,35.78,-158,5,0.114671695
42887.30514,35.77,-158,5,0.117504705
42887.30444,35.77,-158,5,0.117281245
42887.30375,35.77,-158,5,0.099930471
42887.30306,35.77,-158,5,0.118982758
42887.30236,35.76,-158,5,0.107000669
42887.30167,35.76,-158,5,0.122510499
42887.30097,35.76,-158,5,0.108363735
42887.30028,35.75,-158,5,0.111636594
42887.29194,35.72,-158,5,0.11644397
42887.29125,35.72,-158,5,0.115485483
42887.29056,35.72,-158,5,0.114171681
42887.28986,35.71,-158,5,0.120658882
42887.28917,35.71,-158,5,0.120658882
42887.28847,35.71,-158,5,0.111529612
42887.28778,35.71,-158,5,0.111529612
42887.28708,35.7,-158,5,0.105299693
42887.28639,35.7,-158,5,0.123533004
42887.28569,35.7,-158,5,0.107588593
42887.285,35.69,-158,5,0.107588593
42887.28431,35.69,-158,5,0.118343101
42887.28361,35.69,-158,5,0.126286601
42887.28292,35.69,-158,5,0.116094256
42887.28222,35.68,-158,5,0.108936925
42887.28153,35.68,-158,5,0.117588357
42887.28083,35.68,-158,5,0.117588357
42887.28014,35.67,-158,5,0.125010422
42887.27944,35.67,-158,5,0.111807988
42887.27875,35.67,-158,5,0.110816197
42887.27806,35.66,-158,5,0.115545282
42887.27736,35.66,-158,5,0.112699127
42887.27667,35.66,-158,5,0.119977132
42887.27597,35.66,-158,5,0.117009967
42887.27528,35.65,-158,5,0.100131413
42887.27458,35.65,-158,5,0.09784837
42887.27389,35.65,-158,5,0.09596901
42887.27319,35.64,-158,5,0.122657941
42887.2725,35.64,-158,5,0.103840261
42887.27181,35.64,-158,5,0.102969689
42887.27111,35.64,-158,5,0.103095013
42887.27042,35.63,-158,5,0.102367112
42887.26972,35.63,-158,5,0.097438028
42887.26903,35.63,-158,5,0.097438028
42887.26833,35.62,-158,5,0.108700241
42887.26764,35.62,-158,5,0.100522356
42887.26694,35.62,-158,5,0.101402233
42887.26625,35.61,-158,5,0.098811324
42887.26556,35.61,-158,5,0.096309979
42887.26486,35.61,-158,5,0.093410631
42887.26417,35.61,-158,5,0.102103956
42887.26347,35.6,-158,5,0.135274982
42887.26278,35.6,-158,5,0.114784735
42887.26208,35.6,-158,5,0.109056536
42887.26139,35.59,-158,5,0.098570699
42887.26069,35.59,-158,5,0.093761841
42887.26,35.59,-158,5,0.09207411
42887.25931,35.59,-158,5,0.09207411
42887.25097,35.55,-158,5,0.121171628
42887.25028,35.55,-158,5,0.121171628
42887.24958,35.54,-158,5,0.138388397
42887.24889,35.54,-158,5,0.124917312
42887.24819,35.54,-158,5,0.115901993
42887.2475,35.54,-158,5,0.119637713
42887.24681,35.53,-158,5,0.132680013
42887.24611,35.53,-158,5,0.121240987
42887.24542,35.53,-158,5,0.117968527
42887.24472,35.52,-158,5,0.133290077
42887.24403,35.52,-158,5,0.12111899
42887.24333,35.52,-158,5,0.125367683
42887.24264,35.52,-158,5,0.120219735
42887.24194,35.51,-158,5,0.120956161
42887.24125,35.51,-158,5,0.129402814
42887.24056,35.51,-158,5,0.127038347
42887.23986,35.5,-158,5,0.124286191
42887.23917,35.5,-158,5,0.113944836
42887.23847,35.5,-158,5,0.128984473
42887.23778,35.49,-158,5,0.131650145
42887.23708,35.49,-158,5,0.131650145
42887.23639,35.49,-158,5,0.12387473
42887.23569,35.49,-158,5,0.140647676
42887.235,35.48,-158,5,0.143745755
42887.23431,35.48,-158,5,0.147477141
42887.23361,35.48,-158,5,0.144223645
42887.23292,35.47,-158,5,0.144223645
42887.23222,35.47,-158,5,0.138639635
42887.23153,35.47,-158,5,0.127010845
42887.23083,35.46,-158,5,0.129883572
42887.23014,35.46,-158,5,0.129883572
42887.22944,35.46,-158,5,0.129200968
42887.22875,35.46,-158,5,0.129200968
42887.22806,35.45,-158,5,0.150372285
42887.22736,35.45,-158,5,0.132731286
42887.22667,35.45,-158,5,0.124293211
42887.22597,35.44,-158,5,0.124293211
42887.22528,35.44,-158,5,0.125876891
42887.22458,35.44,-158,5,0.125077525
42887.22389,35.44,-158,5,0.126752789
42887.22319,35.43,-158,5,0.135434067
42887.2225,35.43,-158,5,0.131640837
42887.22181,35.43,-158,5,0.116946593
42887.22111,35.42,-158,5,0.109782385
42887.22042,35.42,-158,5,0.117010323
42887.21972,35.42,-158,5,0.132746891
42887.21903,35.42,-158,5,0.111001606
42887.21833,35.41,-158,5,0.123157598
42887.21,35.38,-158,5,0.115264814
42887.20931,35.38,-158,5,0.114194122
42887.20861,35.38,-158,5,0.113050987
42887.20792,35.37,-158,5,0.108987338
42887.20722,35.37,-158,5,0.099277967
42887.20653,35.37,-158,5,0.113258514
42887.20583,35.36,-158,5,0.114530861
42887.20514,35.36,-158,5,0.117393358
42887.20444,35.36,-158,5,0.117520757
42887.20375,35.36,-158,5,0.117520757
42887.20306,35.35,-158,5,0.122038835
42887.20236,35.35,-158,5,0.122038835
42887.20167,35.35,-158,5,0.129112818
42887.20097,35.35,-158,5,0.12006075
42887.20028,35.34,-158,5,0.108453956
42887.19958,35.34,-158,5,0.108137305
42887.19889,35.34,-158,5,0.116112356
42887.19819,35.33,-158,5,0.107572188
42887.1975,35.33,-158,5,0.130871878
42887.19681,35.33,-158,5,0.145419064
42887.19611,35.33,-158,5,0.145419064
42887.19542,35.32,-158,5,0.177887608
42887.19472,35.32,-158,5,0.177887608
42887.19403,35.32,-158,5,0.179932081
42887.19333,35.31,-158,5,0.200393867
42887.19264,35.31,-158,5,0.200393867
42887.19194,35.31,-158,5,0.19554092
42887.19125,35.31,-158,5,0.185946155
42887.19056,35.3,-158,5,0.200376525
42887.18986,35.3,-158,5,0.196771675
42887.18917,35.3,-158,5,0.196771675
42887.18847,35.29,-158,5,0.210728917
42887.18778,35.29,-158,5,0.210728917
42887.18708,35.29,-158,5,0.203058583
42887.18639,35.28,-158,5,0.196030415
42887.18569,35.28,-158,5,0.196030415
42887.185,35.28,-158,5,0.192642134
42887.18431,35.28,-158,5,0.213462874
42887.18361,35.27,-158,5,0.182233649
42887.18292,35.27,-158,5,0.199754242
42887.18222,35.27,-158,5,0.199754242
42887.18153,35.26,-158,5,0.190643456
42887.18083,35.26,-158,5,0.190643456
42887.18014,35.26,-158,5,0.175593859
42887.17944,35.26,-158,5,0.165551345
42887.17875,35.25,-158,5,0.169535486
42887.17806,35.25,-158,5,0.159425226
42887.17736,35.25,-158,5,0.153855813
42887.16903,35.21,-158,5,0.158289943
42887.16833,35.21,-158,5,0.157517909
42887.16764,35.21,-158,5,0.157517909
42887.16694,35.2,-158,5,0.160030584
42887.16625,35.2,-158,5,0.152801358
42887.16556,35.2,-158,5,0.153653486
42887.16486,35.19,-158,5,0.165070506
42887.16417,35.19,-158,5,0.165070506
42887.16347,35.19,-158,5,0.175296332
42887.16278,35.19,-158,5,0.171125981
42887.16208,35.18,-158,5,0.166516615
42887.16139,35.18,-158,5,0.149488863
42887.16069,35.18,-158,5,0.149488863
42887.16,35.17,-158,5,0.141981915
42887.15931,35.17,-158,5,0.15046233
42887.15861,35.17,-158,5,0.152376716
42887.15792,35.16,-158,5,0.157069324
42887.15722,35.16,-158,5,0.155608341
42887.15653,35.16,-158,5,0.14393149
42887.15583,35.16,-158,5,0.14393149
42887.15514,35.15,-158,5,0.162372132
42887.15444,35.15,-158,5,0.157297519
42887.15375,35.15,-158,5,0.166887635
42887.15306,35.14,-158,5,0.158642068
42887.15236,35.14,-158,5,0.14063075
42887.15167,35.14,-158,5,0.160835059
42887.15097,35.14,-158,5,0.161314484
42887.15028,35.13,-158,5,0.162063567
42887.14958,35.13,-158,5,0.162645157
42887.14889,35.13,-158,5,0.150684905
42887.14819,35.12,-158,5,0.17086461
42887.1475,35.12,-158,5,0.15768065
42887.14681,35.12,-158,5,0.15768065
42887.14611,35.11,-158,5,0.157556424
42887.14542,35.11,-158,5,0.150393481
42887.14472,35.11,-158,5,0.137400843
42887.14403,35.11,-158,5,0.156852265
42887.14333,35.1,-158,5,0.146899364
42887.14264,35.1,-158,5,0.143264407
42887.14194,35.1,-158,5,0.151120521
42887.14125,35.09,-158,5,0.146535689
42887.14056,35.09,-158,5,0.150808496
42887.13986,35.09,-158,5,0.141828616
42887.13917,35.08,-158,5,0.149239231
42887.13847,35.08,-158,5,0.140325315
42887.13778,35.08,-158,5,0.148653912
42887.13708,35.08,-158,5,0.141274132
42887.13639,35.07,-158,5,0.135843026
42887.12806,35.04,-158,5,0.153855544
42887.12736,35.04,-158,5,0.163031933
42887.12667,35.04,-158,5,0.15359336
42887.12597,35.03,-158,5,0.160686071
42887.12528,35.03,-158,5,0.148321954
42887.12458,35.03,-158,5,0.148325222
42887.12389,35.03,-158,5,0.146256673
42887.12319,35.02,-158,5,0.145145199
42887.1225,35.02,-158,5,0.143411737
42887.12181,35.02,-158,5,0.143411737
42887.12111,35.01,-158,5,0.112481089
42887.12042,35.01,-158,5,0.112481089
42887.11972,35.01,-158,5,0.126901362
42887.11903,35,-158,5,0.123488205
42887.11833,35,-158,5,0.117786941
42887.11764,35,-158,5,0.120382001
42887.11694,35,-158,5,0.120382001
42887.11625,34.99,-158,5,0.118723142
42887.11556,34.99,-158,5,0.125274467
42887.11486,34.99,-158,5,0.116341798
42887.11417,34.98,-158,5,0.128707468
42887.11347,34.98,-158,5,0.128707468
42887.11278,34.98,-158,5,0.124576613
42887.11208,34.97,-158,5,0.118150518
42887.11139,34.97,-158,5,0.125884367
42887.11069,34.97,-158,5,0.136166254
42887.11,34.97,-158,5,0.123932615
42887.10931,34.96,-158,5,0.125203353
42887.10861,34.96,-158,5,0.129008976
42887.10792,34.96,-158,5,0.136527999
42887.10722,34.95,-158,5,0.12089342
42887.10653,34.95,-158,5,0.12089342
42887.10583,34.95,-158,5,0.126932816
42887.10514,34.94,-158,5,0.130718542
42887.10444,34.94,-157.99,5,0.129466469
42887.10375,34.94,-157.99,5,0.122661361
42887.10306,34.94,-157.99,5,0.122661361
42887.10236,34.93,-157.99,5,0.130372668
42887.10167,34.93,-157.99,5,0.130372668
42887.10097,34.93,-157.99,5,0.111861508
42887.10028,34.92,-158,5,0.126894639
42887.09958,34.92,-158,5,0.126894639
42887.09889,34.92,-158,5,0.125125984
42887.09819,34.91,-158,5,0.125125984
42887.0975,34.91,-158,5,0.130487156
42887.09681,34.91,-158,5,0.123822169
42887.09611,34.91,-158,5,0.137094043
42887.09542,34.9,-158,5,0.137150993
42887.08708,34.87,-158,5,0.142587491
42887.08639,34.86,-158,5,0.140451883
42887.08569,34.86,-158,5,0.140451883
42887.085,34.86,-158,5,0.127722959
42887.08431,34.85,-158,5,0.12560403
42887.08361,34.85,-158,5,0.113630014
42887.08292,34.85,-158,5,0.113630014
42887.08222,34.85,-158,5,0.126158918
42887.08153,34.84,-158,5,0.125991666
42887.08083,34.84,-158,5,0.121348889
42887.08014,34.84,-158,5,0.121348889
42887.07944,34.83,-158,5,0.108505166
42887.07875,34.83,-158,5,0.114389476
42887.07806,34.83,-158,5,0.107097854
42887.07736,34.82,-158,5,0.107097854
42887.07667,34.82,-158,5,0.103324591
42887.07597,34.82,-158,5,0.123361106
42887.07528,34.82,-158,5,0.11272682
42887.07458,34.81,-158,5,0.11272682
42887.07389,34.81,-158,5,0.117370096
42887.07319,34.81,-158,5,0.117370096
42887.0725,34.8,-158,5,0.106856769
42887.07181,34.8,-158,5,0.106856769
42887.07111,34.8,-158,5,0.102175611
42887.07042,34.79,-158,5,0.115394671
42887.06972,34.79,-158,5,0.112090054
42887.06903,34.79,-158,5,0.114998867
42887.06833,34.78,-158,5,0.113813941
42887.06764,34.78,-158,5,0.110392844
42887.06694,34.78,-158,5,0.110392844
42887.06625,34.78,-158,5,0.111782739
42887.06556,34.77,-158,5,0.125577241
42887.06486,34.77,-158,5,0.122733535
42887.06417,34.77,-158,5,0.126748912
42887.06347,34.76,-158,5,0.119380826
42887.06278,34.76,-158,5,0.123026379
42887.06208,34.76,-158,5,0.106991377
42887.06139,34.75,-158,5,0.116523763
42887.06069,34.75,-158,5,0.127791728
42887.06,34.75,-158,5,0.111044052
42887.05931,34.75,-158,5,0.122211192
42887.05861,34.74,-158,5,0.122211192
42887.05792,34.74,-158,5,0.118087509
42887.05722,34.74,-158,5,0.107323089
42887.05653,34.74,-158,5,0.132204589
42887.05583,34.73,-158,5,0.1041767
42887.05514,34.73,-158,5,0.105393503
42887.05444,34.73,-158,5,0.105393503
42887.04611,34.7,-158,5,0.117199543
42887.04542,34.69,-158,5,0.117199543
42887.04472,34.69,-158,5,0.127341754
42887.04403,34.69,-158,5,0.130117613
42887.04333,34.68,-158,5,0.107082216
42887.04264,34.68,-158,5,0.112845459
42887.04194,34.68,-158,5,0.104735529
42887.04125,34.68,-158,5,0.104735529
42887.04056,34.67,-158,5,0.102269699
42887.03986,34.67,-158,5,0.102269699
42887.03917,34.67,-158,5,0.100260973
42887.03847,34.66,-158,5,0.098022577
42887.03778,34.66,-158,5,0.103057799
42887.03708,34.66,-158,5,0.10457021
42887.03639,34.65,-158,5,0.111166341
42887.03569,34.65,-158,5,0.111041366
42887.035,34.65,-158,5,0.113879574
42887.03431,34.65,-158,5,0.103985602
42887.03361,34.64,-158,5,0.108070106
42887.03292,34.64,-158,5,0.114666023
42887.03222,34.64,-158,5,0.115159827
42887.03153,34.63,-158,5,0.147268145
42887.03083,34.63,-158,5,0.128598573
42887.03014,34.63,-158,5,0.132264582
42887.02944,34.63,-158,5,0.125911661
42887.02875,34.62,-158,5,0.110433713
42887.02806,34.62,-158,5,0.11225241
42887.02736,34.62,-158,5,0.117770136
42887.02667,34.61,-158,5,0.120998721
42887.02597,34.61,-158,5,0.128631912
42887.02528,34.61,-158,5,0.12253497
42887.02458,34.6,-158,5,0.133800355
42887.02389,34.6,-158,5,0.132654376
42887.02319,34.6,-158,5,0.134574616
42887.0225,34.6,-158,5,0.119606056
42887.02181,34.59,-158,5,0.121823712
42887.02111,34.59,-158,5,0.120236192
42887.02042,34.59,-158,5,0.120236192
42887.01972,34.58,-158,5,0.12502969
42887.01903,34.58,-158,5,0.116582909
42887.01833,34.58,-158,5,0.11493096
42887.01764,34.58,-158,5,0.111211751
42887.01694,34.57,-158,5,0.1251529
42887.01625,34.57,-158,5,0.119256159
42887.01556,34.57,-158,5,0.109027554
42887.01486,34.56,-158,5,0.117862149
42887.01417,34.56,-158,5,0.116952119
42887.01347,34.56,-158,5,0.115639176
42887.00514,34.52,-158,5,0.117296333
42887.00444,34.52,-158,5,0.126907142
42887.00375,34.52,-158,5,0.105113544
42887.00306,34.51,-158,5,0.103884536
42887.00236,34.51,-158,5,0.111481043
42887.00167,34.51,-158,5,0.110653262
42887.00097,34.5,-158,5,0.102464123
42887.00028,34.5,-158,5,0.113805705
42886.99958,34.5,-158,5,0.114238167
42886.99889,34.5,-158,5,0.107810683
42886.99819,34.49,-158,5,0.110684356
42886.9975,34.49,-158,5,0.110684356
42886.99681,34.49,-158,5,0.107754863
42886.99611,34.48,-158,5,0.096707307
42886.99542,34.48,-158,5,0.108133511
42886.99472,34.48,-158,5,0.102836417
42886.99403,34.47,-158,5,0.104341836
42886.99333,34.47,-158,5,0.097595535
42886.99264,34.47,-158,5,0.100284536
42886.99194,34.47,-158,5,0.117777308
42886.99125,34.46,-158,5,0.109156533
42886.99056,34.46,-158,5,0.097258435
42886.98986,34.46,-158,5,0.106279965
42886.98917,34.45,-158,5,0.099249839
42886.98847,34.45,-158,5,0.107383601
42886.98778,34.45,-158,5,0.092085491
42886.98708,34.44,-158,5,0.096857058
42886.98639,34.44,-158,5,0.101846017
42886.98569,34.44,-158,5,0.097081834
42886.985,34.44,-158,5,0.092589074
42886.98431,34.43,-158,5,0.10168758
42886.98361,34.43,-158,5,0.101023886
42886.98292,34.43,-158,5,0.11321939
42886.98222,34.42,-158,5,0.092728577
42886.98153,34.42,-158,5,0.094140137
42886.98083,34.42,-158,5,0.093835005
42886.98014,34.41,-158,5,0.098517871
42886.97944,34.41,-158,5,0.093075302
42886.97875,34.41,-158,5,0.09761375
42886.97806,34.41,-158,5,0.097411018
42886.97736,34.4,-158,5,0.101203741
42886.97667,34.4,-158,5,0.101203741
42886.97597,34.4,-158,5,0.091483058
42886.97528,34.39,-158,5,0.098404183
42886.97458,34.39,-158,5,0.095736718
42886.97389,34.39,-158,5,0.101941428
42886.97319,34.38,-158,5,0.098273142
42886.9725,34.38,-158,5,0.099297539
42886.96417,34.35,-158,5,0.107696102
42886.96347,34.34,-158,5,0.107696102
42886.96278,34.34,-158,5,0.103125214
42886.96208,34.34,-158,5,0.107822049
42886.96139,34.33,-158,5,0.1095515
42886.96069,34.33,-158,5,0.107274035
42886.96,34.33,-158,5,0.107369995
42886.95931,34.32,-158,5,0.111723766
42886.95861,34.32,-158,5,0.117646858
42886.95792,34.32,-158,5,0.119733481
42886.95722,34.32,-158,5,0.117951264
42886.95653,34.31,-158,5,0.11286739
42886.95583,34.31,-158,5,0.115820248
42886.95514,34.31,-158,5,0.112243167
42886.95444,34.3,-158,5,0.120602463
42886.95375,34.3,-158,5,0.120602463
42886.95306,34.3,-158,5,0.105660249
42886.95236,34.29,-158,5,0.107531606
42886.95167,34.29,-158,5,0.115260859
42886.95097,34.29,-158,5,0.11890635
42886.95028,34.29,-158,5,0.113763098
42886.94958,34.28,-158,5,0.113763098
42886.94889,34.28,-158,5,0.112321751
42886.94819,34.28,-158,5,0.116936164
42886.9475,34.27,-158,5,0.107248683
42886.94681,34.27,-158,5,0.111415511
42886.94611,34.27,-158,5,0.117789272
42886.94542,34.27,-158,5,0.10765781
42886.94472,34.26,-158,5,0.123302491
42886.94403,34.26,-158,5,0.11530188
42886.94333,34.26,-158,5,0.103039497
42886.94264,34.25,-158,5,0.11482621
42886.94194,34.25,-158,5,0.113541684
42886.94125,34.25,-158,5,0.118099682
42886.94056,34.25,-158,5,0.110339991
42886.93986,34.24,-158,5,0.117896647
42886.93917,34.24,-158,5,0.108816646
42886.93847,34.24,-158,5,0.099097606
42886.93778,34.24,-158,5,0.108221169
42886.93708,34.23,-158,5,0.108651051
42886.93639,34.23,-158,5,0.102582523
42886.93569,34.23,-158,5,0.100446023
42886.935,34.22,-158,5,0.101538617
42886.93431,34.22,-158,5,0.09772868
42886.93361,34.22,-158,5,0.107283915
42886.93292,34.22,-158,5,0.124718668
42886.93222,34.21,-158,5,0.114625769
42886.93153,34.21,-158,5,0.109920456
42886.92319,34.17,-158,5,0.127153051
42886.9225,34.17,-158,5,0.127008745
42886.92181,34.17,-158,5,0.117534601
42886.92111,34.16,-158,5,0.119603588
42886.92042,34.16,-158,5,0.112132387
42886.91972,34.16,-158,5,0.121825833
42886.91903,34.16,-158,5,0.121232135
