time,lat,lon,depth,Chlorophyll
42492.84169,26.356,-158.156,3,0.0943
42492.84169,26.356,-158.156,4,0.0947
42492.84169,26.356,-158.156,5,0.0943
42492.84169,26.356,-158.156,6,0.0941
42492.84169,26.356,-158.156,7,0.0948
42492.84169,26.356,-158.156,7.9,0.0952
42492.84169,26.356,-158.156,8.9,0.0972
42492.84169,26.356,-158.156,9.9,0.0958
42492.84169,26.356,-158.156,10.9,0.0972
42492.84169,26.356,-158.156,11.9,0.0971
42492.84169,26.356,-158.156,12.9,0.0989
42492.84169,26.356,-158.156,13.9,0.1007
42492.84169,26.356,-158.156,14.9,0.1008
42492.84169,26.356,-158.156,15.9,0.1011
42492.84169,26.356,-158.156,16.9,0.1051
42492.84169,26.356,-158.156,17.9,0.1029
42492.84169,26.356,-158.156,18.9,0.1036
42492.84169,26.356,-158.156,19.9,0.1038
42492.84169,26.356,-158.156,20.9,0.1031
42492.84169,26.356,-158.156,21.9,0.1036
42492.84169,26.356,-158.156,22.8,0.1044
42492.84169,26.356,-158.156,23.8,0.1053
42492.84169,26.356,-158.156,24.8,0.1066
42492.84169,26.356,-158.156,25.8,0.105
42492.84169,26.356,-158.156,26.8,0.1046
42492.84169,26.356,-158.156,27.8,0.1053
42492.84169,26.356,-158.156,28.8,0.1066
42492.84169,26.356,-158.156,29.8,0.1048
42492.84169,26.356,-158.156,30.8,0.1062
42492.84169,26.356,-158.156,31.8,0.1053
42492.84169,26.356,-158.156,32.8,0.1055
42492.84169,26.356,-158.156,33.8,0.1064
42492.84169,26.356,-158.156,34.8,0.1063
42492.84169,26.356,-158.156,35.8,0.1063
42492.84169,26.356,-158.156,36.8,0.1067
42492.84169,26.356,-158.156,37.7,0.1059
42492.84169,26.356,-158.156,38.7,0.1065
42492.84169,26.356,-158.156,39.7,0.108
42492.84169,26.356,-158.156,40.7,0.1078
42492.84169,26.356,-158.156,41.7,0.1102
42492.84169,26.356,-158.156,42.7,0.1093
42492.84169,26.356,-158.156,43.7,0.1103
42492.84169,26.356,-158.156,45.7,0.1125
42492.84169,26.356,-158.156,46.7,0.1128
42492.84169,26.356,-158.156,47.7,0.1151
42492.84169,26.356,-158.156,48.7,0.1151
42492.84169,26.356,-158.156,49.7,0.1184
42492.84169,26.356,-158.156,50.7,0.119
42492.84169,26.356,-158.156,51.7,0.1195
42492.84169,26.356,-158.156,52.6,0.1194
42492.84169,26.356,-158.156,53.6,0.1207
42492.84169,26.356,-158.156,54.6,0.1204
42492.84169,26.356,-158.156,55.6,0.1209
42492.84169,26.356,-158.156,56.6,0.1241
42492.84169,26.356,-158.156,57.6,0.1228
42492.84169,26.356,-158.156,58.6,0.1241
42492.84169,26.356,-158.156,59.6,0.1321
42492.84169,26.356,-158.156,60.6,0.1318
42492.84169,26.356,-158.156,61.6,0.1345
42492.84169,26.356,-158.156,62.6,0.1353
42492.84169,26.356,-158.156,63.6,0.1341
42492.84169,26.356,-158.156,64.6,0.1991
42492.84169,26.356,-158.156,65.6,0.1476
42492.84169,26.356,-158.156,66.6,0.1566
42492.84169,26.356,-158.156,67.5,0.1626
42492.84169,26.356,-158.156,68.5,0.1694
42492.84169,26.356,-158.156,69.5,0.1762
42492.84169,26.356,-158.156,70.5,0.1835
42492.84169,26.356,-158.156,71.5,0.1991
42492.84169,26.356,-158.156,72.5,0.2167
42492.84169,26.356,-158.156,73.5,0.2347
42492.84169,26.356,-158.156,74.5,0.2412
42492.84169,26.356,-158.156,75.5,0.3013
42492.84169,26.356,-158.156,76.5,0.3407
42492.84169,26.356,-158.156,77.5,0.3702
42492.84169,26.356,-158.156,78.5,0.3639
42492.84169,26.356,-158.156,80.5,0.3707
42492.84169,26.356,-158.156,81.4,0.3904
42492.84169,26.356,-158.156,82.4,0.3712
42492.84169,26.356,-158.156,83.4,0.346
42492.84169,26.356,-158.156,84.4,0.3508
42492.84169,26.356,-158.156,85.4,0.3425
42492.84169,26.356,-158.156,86.4,0.3297
42492.84169,26.356,-158.156,87.4,0.3347
42492.84169,26.356,-158.156,88.4,0.3537
42492.84169,26.356,-158.156,89.4,0.3396
42492.84169,26.356,-158.156,90.4,0.3381
42492.84169,26.356,-158.156,91.4,0.337
42492.84169,26.356,-158.156,92.4,0.3326
42492.84169,26.356,-158.156,93.4,0.3174
42492.84169,26.356,-158.156,94.4,0.3284
42492.84169,26.356,-158.156,95.4,0.3326
42492.84169,26.356,-158.156,96.3,0.3114
42492.84169,26.356,-158.156,97.3,0.3464
42492.84169,26.356,-158.156,98.3,0.3137
42492.84169,26.356,-158.156,99.3,0.3098
42492.84169,26.356,-158.156,100.3,0.2983
42492.84169,26.356,-158.156,101.3,0.2983
42492.84169,26.356,-158.156,102.3,0.3178
42492.84169,26.356,-158.156,103.3,0.2906
42492.84169,26.356,-158.156,104.3,0.2848
42492.84169,26.356,-158.156,105.3,0.266
42492.84169,26.356,-158.156,106.3,0.2604
42492.84169,26.356,-158.156,108.3,0.2532
42492.84169,26.356,-158.156,109.3,0.279
42492.84169,26.356,-158.156,110.2,0.2709
42492.84169,26.356,-158.156,111.2,0.2682
42492.84169,26.356,-158.156,112.2,0.2769
42492.84169,26.356,-158.156,113.2,0.287
42492.84169,26.356,-158.156,114.2,0.2742
42492.84169,26.356,-158.156,115.2,0.2711
42492.84169,26.356,-158.156,116.2,0.2733
42492.84169,26.356,-158.156,117.2,0.2686
42492.84169,26.356,-158.156,119.2,0.2734
42492.84169,26.356,-158.156,121.2,0.2337
42492.84169,26.356,-158.156,122.2,0.2532
42492.84169,26.356,-158.156,123.2,0.2687
42492.84169,26.356,-158.156,124.1,0.2472
42492.84169,26.356,-158.156,125.1,0.2391
42492.84169,26.356,-158.156,126.1,0.2399
42492.84169,26.356,-158.156,127.1,0.2213
42492.84169,26.356,-158.156,128.1,0.2121
42492.84169,26.356,-158.156,129.1,0.2076
42492.84169,26.356,-158.156,130.1,0.1968
42492.84169,26.356,-158.156,131.1,0.1919
42492.84169,26.356,-158.156,132.1,0.1965
42492.84169,26.356,-158.156,133.1,0.1985
42492.84169,26.356,-158.156,134.1,0.1933
42492.84169,26.356,-158.156,135.1,0.1897
42492.84169,26.356,-158.156,136.1,0.1837
42492.84169,26.356,-158.156,137.1,0.1623
42492.84169,26.356,-158.156,138,0.1512
42492.84169,26.356,-158.156,139,0.1392
42492.84169,26.356,-158.156,140,0.1322
42492.84169,26.356,-158.156,141,0.1262
42492.84169,26.356,-158.156,142,0.1307
42492.84169,26.356,-158.156,143,0.1288
42492.84169,26.356,-158.156,144,0.1284
42492.84169,26.356,-158.156,145,0.1213
42492.84169,26.356,-158.156,146,0.1192
42492.84169,26.356,-158.156,147,0.1176
42492.84169,26.356,-158.156,148,0.116
42492.84169,26.356,-158.156,149,0.1151
42492.84169,26.356,-158.156,150,0.1142
42492.84169,26.356,-158.156,151,0.1089
42492.84169,26.356,-158.156,151.9,0.1059
42492.84169,26.356,-158.156,152.9,0.107
42492.84169,26.356,-158.156,153.9,0.1048
42492.84169,26.356,-158.156,154.9,0.104
42492.84169,26.356,-158.156,155.9,0.104
42492.84169,26.356,-158.156,156.9,0.1018
42492.84169,26.356,-158.156,157.9,0.1006
42492.84169,26.356,-158.156,158.9,0.0991
42492.84169,26.356,-158.156,159.9,0.0972
42492.84169,26.356,-158.156,160.9,0.0993
42492.84169,26.356,-158.156,161.9,0.0956
42492.84169,26.356,-158.156,162.9,0.0944
42492.84169,26.356,-158.156,163.9,0.0958
42492.84169,26.356,-158.156,164.9,0.0958
42492.84169,26.356,-158.156,165.8,0.0952
42492.84169,26.356,-158.156,166.8,0.0939
42492.84169,26.356,-158.156,167.8,0.0939
42492.84169,26.356,-158.156,168.8,0.0946
42492.84169,26.356,-158.156,169.8,0.0935
42492.84169,26.356,-158.156,170.8,0.0935
42492.84169,26.356,-158.156,171.8,0.0931
42492.84169,26.356,-158.156,172.8,0.092
42492.84169,26.356,-158.156,173.8,0.092
42492.84169,26.356,-158.156,174.8,0.0916
42492.84169,26.356,-158.156,175.8,0.0914
42492.84169,26.356,-158.156,176.8,0.0909
42492.84169,26.356,-158.156,178.7,0.0901
42492.84169,26.356,-158.156,179.7,0.0901
42492.84169,26.356,-158.156,180.7,0.0901
42492.84169,26.356,-158.156,181.7,0.0905
42492.84169,26.356,-158.156,182.7,0.1051
42492.84169,26.356,-158.156,183.7,0.0909
42492.84169,26.356,-158.156,184.7,0.0897
42492.84169,26.356,-158.156,185.7,0.0894
42492.84169,26.356,-158.156,186.7,0.0894
42492.84169,26.356,-158.156,187.7,0.0897
42492.84169,26.356,-158.156,188.7,0.089
42492.84169,26.356,-158.156,189.7,0.0875
42492.84169,26.356,-158.156,190.7,0.0882
42492.84169,26.356,-158.156,191.7,0.0882
42492.84169,26.356,-158.156,192.6,0.0884
42492.84169,26.356,-158.156,193.6,0.088
42492.84169,26.356,-158.156,194.6,0.0875
42492.84169,26.356,-158.156,196.6,0.0875
42492.84169,26.356,-158.156,197.6,0.0875
42492.84169,26.356,-158.156,198.6,0.0877
42492.84169,26.356,-158.156,199.6,0.0886
42492.84169,26.356,-158.156,200.6,0.0869
42492.84169,26.356,-158.156,202.6,0.0867
42492.84169,26.356,-158.156,203.6,0.0871
42492.84169,26.356,-158.156,205.5,0.0871
42492.84169,26.356,-158.156,206.5,0.0867
42492.84169,26.356,-158.156,207.5,0.087
42492.84169,26.356,-158.156,208.5,0.0867
42492.84169,26.356,-158.156,209.5,0.0867
42492.84169,26.356,-158.156,210.5,0.0871
42492.84169,26.356,-158.156,211.5,0.0863
42492.84169,26.356,-158.156,212.5,0.0867
42492.84169,26.356,-158.156,214.5,0.0875
42492.84169,26.356,-158.156,215.5,0.0867
42492.84169,26.356,-158.156,216.5,0.0867
42492.84169,26.356,-158.156,217.5,0.0863
42492.84169,26.356,-158.156,218.4,0.0871
42492.84169,26.356,-158.156,219.4,0.086
42492.84169,26.356,-158.156,221.4,0.0871
42492.84169,26.356,-158.156,222.4,0.0867
42492.84169,26.356,-158.156,223.4,0.0865
42492.84169,26.356,-158.156,224.4,0.0865
42492.84169,26.356,-158.156,225.4,0.0863
42492.84169,26.356,-158.156,226.4,0.0863
42492.84169,26.356,-158.156,228.4,0.0863
42492.84169,26.356,-158.156,229.4,0.0863
42492.84169,26.356,-158.156,230.4,0.0863
42492.84169,26.356,-158.156,231.3,0.0871
42492.84169,26.356,-158.156,232.3,0.0863
42492.84169,26.356,-158.156,233.3,0.0863
42492.84169,26.356,-158.156,234.3,0.0867
42492.84169,26.356,-158.156,235.3,0.0863
42492.84169,26.356,-158.156,236.3,0.0863
42492.84169,26.356,-158.156,237.3,0.0863
42492.84169,26.356,-158.156,238.3,0.0862
42492.84169,26.356,-158.156,239.3,0.086
42492.84169,26.356,-158.156,240.3,0.0863
42492.84169,26.356,-158.156,241.3,0.086
42492.84169,26.356,-158.156,242.3,0.0863
42492.84169,26.356,-158.156,243.3,0.086
42492.84169,26.356,-158.156,244.2,0.086
42492.84169,26.356,-158.156,246.2,0.0863
42492.84169,26.356,-158.156,247.2,0.086
42492.84169,26.356,-158.156,248.2,0.086
42492.84169,26.356,-158.156,249.2,0.0862
42492.84169,26.356,-158.156,250.2,0.0863
42492.84169,26.356,-158.156,251.2,0.086
42492.84169,26.356,-158.156,253.2,0.086
42492.84169,26.356,-158.156,254.2,0.0863
42492.84169,26.356,-158.156,255.2,0.0863
42492.84169,26.356,-158.156,256.2,0.0863
42492.84169,26.356,-158.156,257.1,0.0867
42492.84169,26.356,-158.156,258.1,0.0871
42492.84169,26.356,-158.156,259.1,0.0863
42492.84169,26.356,-158.156,260.1,0.086
42492.84169,26.356,-158.156,261.1,0.0863
42492.84169,26.356,-158.156,262.1,0.0863
42492.84169,26.356,-158.156,263.1,0.086
42492.84169,26.356,-158.156,264.1,0.0867
42492.84169,26.356,-158.156,265.1,0.0863
42492.84169,26.356,-158.156,266.1,0.0867
42492.84169,26.356,-158.156,267.1,0.086
42492.84169,26.356,-158.156,268.1,0.0863
42492.84169,26.356,-158.156,269.1,0.0863
42492.84169,26.356,-158.156,270,0.0863
42492.84169,26.356,-158.156,271,0.0863
42492.84169,26.356,-158.156,272,0.086
42492.84169,26.356,-158.156,273,0.0863
42492.84169,26.356,-158.156,274,0.0863
42492.84169,26.356,-158.156,276,0.0863
42492.84169,26.356,-158.156,277,0.0863
42492.84169,26.356,-158.156,278,0.0863
42492.84169,26.356,-158.156,279,0.0863
42492.84169,26.356,-158.156,280,0.0863
42492.84169,26.356,-158.156,282,0.0863
42492.84169,26.356,-158.156,282.9,0.0863
42492.84169,26.356,-158.156,283.9,0.0863
42492.84169,26.356,-158.156,284.9,0.0863
42492.84169,26.356,-158.156,285.9,0.0863
42492.84169,26.356,-158.156,286.9,0.0863
42492.84169,26.356,-158.156,287.9,0.0863
42492.84169,26.356,-158.156,288.9,0.086
42492.84169,26.356,-158.156,289.9,0.0867
42492.84169,26.356,-158.156,290.9,0.0867
42492.84169,26.356,-158.156,291.9,0.0863
42492.84169,26.356,-158.156,292.9,0.0863
42492.84169,26.356,-158.156,293.9,0.0863
42492.84169,26.356,-158.156,294.8,0.0867
42492.84169,26.356,-158.156,295.8,0.0863
42492.84169,26.356,-158.156,296.8,0.0863
42492.84169,26.356,-158.156,297.8,0.0863
42492.84169,26.356,-158.156,299.8,0.0863
42492.84169,26.356,-158.156,300.8,0.0863
42492.84169,26.356,-158.156,302.8,0.0863
42492.84169,26.356,-158.156,304.8,0.0865
42492.84169,26.356,-158.156,305.8,0.0863
42492.84169,26.356,-158.156,306.8,0.0865
42492.84169,26.356,-158.156,307.7,0.0863
42492.84169,26.356,-158.156,308.7,0.0863
42492.84169,26.356,-158.156,310.7,0.0867
42492.84169,26.356,-158.156,311.7,0.0863
42492.84169,26.356,-158.156,312.7,0.0863
42492.84169,26.356,-158.156,313.7,0.0871
42492.84169,26.356,-158.156,314.7,0.0867
42492.84169,26.356,-158.156,315.7,0.0863
42492.84169,26.356,-158.156,316.7,0.0867
42492.84169,26.356,-158.156,317.7,0.0867
42492.84169,26.356,-158.156,318.7,0.0867
42492.84169,26.356,-158.156,319.6,0.0867
42492.84169,26.356,-158.156,320.6,0.0867
42492.84169,26.356,-158.156,321.6,0.0867
42492.84169,26.356,-158.156,322.6,0.0863
42492.84169,26.356,-158.156,323.6,0.0867
42492.84169,26.356,-158.156,324.6,0.0867
42492.84169,26.356,-158.156,325.6,0.0867
42492.84169,26.356,-158.156,326.6,0.0863
42492.84169,26.356,-158.156,327.6,0.0867
42492.84169,26.356,-158.156,328.6,0.0863
42492.84169,26.356,-158.156,329.6,0.0867
42492.84169,26.356,-158.156,330.6,0.0867
42492.84169,26.356,-158.156,331.6,0.0867
42492.84169,26.356,-158.156,332.5,0.0867
42492.84169,26.356,-158.156,333.5,0.0867
42492.84169,26.356,-158.156,335.5,0.0871
42492.84169,26.356,-158.156,336.5,0.0867
42492.84169,26.356,-158.156,337.5,0.0867
42492.84169,26.356,-158.156,338.5,0.0867
42492.84169,26.356,-158.156,339.5,0.0863
42492.84169,26.356,-158.156,340.5,0.0867
42492.84169,26.356,-158.156,341.5,0.0867
42492.84169,26.356,-158.156,342.5,0.0867
42492.84169,26.356,-158.156,343.5,0.0867
42492.84169,26.356,-158.156,344.4,0.0867
42492.84169,26.356,-158.156,345.4,0.0863
42492.84169,26.356,-158.156,346.4,0.0871
42492.84169,26.356,-158.156,347.4,0.0867
42492.84169,26.356,-158.156,348.4,0.0871
42492.84169,26.356,-158.156,349.4,0.0867
42492.84169,26.356,-158.156,350.4,0.0867
42492.84169,26.356,-158.156,351.4,0.0867
42492.84169,26.356,-158.156,352.4,0.0867
42492.84169,26.356,-158.156,353.4,0.0871
42492.84169,26.356,-158.156,354.4,0.0871
42492.84169,26.356,-158.156,355.4,0.0871
42492.84169,26.356,-158.156,356.3,0.0867
42492.84169,26.356,-158.156,357.3,0.0871
42492.84169,26.356,-158.156,358.3,0.0871
42492.84169,26.356,-158.156,360.3,0.0871
42492.84169,26.356,-158.156,361.3,0.0871
42492.84169,26.356,-158.156,362.3,0.0871
42492.84169,26.356,-158.156,363.3,0.0871
42492.84169,26.356,-158.156,365.3,0.0867
42492.84169,26.356,-158.156,366.3,0.0867
42492.84169,26.356,-158.156,367.3,0.0871
42492.84169,26.356,-158.156,368.2,0.0871
42492.84169,26.356,-158.156,369.2,0.0863
42492.84169,26.356,-158.156,370.2,0.0867
42492.84169,26.356,-158.156,371.2,0.0871
42492.84169,26.356,-158.156,372.2,0.0871
42492.84169,26.356,-158.156,373.2,0.0871
42492.84169,26.356,-158.156,374.2,0.0867
42492.84169,26.356,-158.156,375.2,0.0867
42492.84169,26.356,-158.156,377.2,0.0871
42492.84169,26.356,-158.156,378.2,0.0867
42492.84169,26.356,-158.156,379.2,0.0871
42492.84169,26.356,-158.156,380.1,0.0871
42492.84169,26.356,-158.156,381.1,0.0873
42492.84169,26.356,-158.156,382.1,0.0871
42492.84169,26.356,-158.156,384.1,0.0875
42492.84169,26.356,-158.156,385.1,0.0875
42492.84169,26.356,-158.156,386.1,0.0875
42492.84169,26.356,-158.156,387.1,0.0875
42492.84169,26.356,-158.156,388.1,0.0875
42492.84169,26.356,-158.156,389.1,0.0875
42492.84169,26.356,-158.156,391.1,0.0871
42492.84169,26.356,-158.156,392,0.0875
42492.84169,26.356,-158.156,393,0.0871
42492.84169,26.356,-158.156,394,0.0875
42492.84169,26.356,-158.156,395,0.0875
42492.84169,26.356,-158.156,396,0.0877
42492.84169,26.356,-158.156,397,0.0875
42492.84169,26.356,-158.156,398,0.0875
42492.84169,26.356,-158.156,400,0.0875
42492.84169,26.356,-158.156,401,0.0875
42492.84169,26.356,-158.156,402,0.0879
42492.84169,26.356,-158.156,403,0.0875
42492.84169,26.356,-158.156,403.9,0.0871
42492.84169,26.356,-158.156,404.9,0.0875
42492.84169,26.356,-158.156,405.9,0.0875
42492.84169,26.356,-158.156,406.9,0.0875
42492.84169,26.356,-158.156,407.9,0.0879
42492.84169,26.356,-158.156,408.9,0.0875
42492.84169,26.356,-158.156,409.9,0.0875
42492.84169,26.356,-158.156,411.9,0.0871
42492.84169,26.356,-158.156,412.9,0.0875
42492.84169,26.356,-158.156,413.9,0.0877
42492.84169,26.356,-158.156,414.9,0.0875
42492.84169,26.356,-158.156,415.8,0.0875
42492.84169,26.356,-158.156,416.8,0.0875
42492.84169,26.356,-158.156,417.8,0.0875
42492.84169,26.356,-158.156,418.8,0.0875
42492.84169,26.356,-158.156,419.8,0.0875
42492.84169,26.356,-158.156,420.8,0.0879
42492.84169,26.356,-158.156,421.8,0.0879
42492.84169,26.356,-158.156,423.8,0.0879
42492.84169,26.356,-158.156,424.8,0.0879
42492.84169,26.356,-158.156,425.8,0.0886
42492.84169,26.356,-158.156,427.7,0.0879
42492.84169,26.356,-158.156,428.7,0.0879
42492.84169,26.356,-158.156,429.7,0.0879
42492.84169,26.356,-158.156,430.7,0.0879
42492.84169,26.356,-158.156,431.7,0.0879
42492.84169,26.356,-158.156,433.7,0.0879
42492.84169,26.356,-158.156,434.7,0.0879
42492.84169,26.356,-158.156,435.7,0.0882
42492.84169,26.356,-158.156,436.7,0.0879
42492.84169,26.356,-158.156,437.7,0.089
42492.84169,26.356,-158.156,438.6,0.0882
42492.84169,26.356,-158.156,439.6,0.0879
42492.84169,26.356,-158.156,440.6,0.0879
42492.84169,26.356,-158.156,441.6,0.0882
42492.84169,26.356,-158.156,442.6,0.0879
42492.84169,26.356,-158.156,443.6,0.0879
42492.84169,26.356,-158.156,444.6,0.0879
42492.84169,26.356,-158.156,445.6,0.0882
42492.84169,26.356,-158.156,446.6,0.0882
42492.84169,26.356,-158.156,447.6,0.0882
42492.84169,26.356,-158.156,448.6,0.0879
42492.84169,26.356,-158.156,449.6,0.0882
42492.84169,26.356,-158.156,450.5,0.0882
42492.84169,26.356,-158.156,451.5,0.0879
42492.84169,26.356,-158.156,452.5,0.0879
42492.84169,26.356,-158.156,453.5,0.0882
42492.84169,26.356,-158.156,454.5,0.0882
42492.84169,26.356,-158.156,455.5,0.0882
42492.84169,26.356,-158.156,456.5,0.0882
42492.84169,26.356,-158.156,457.5,0.0882
42492.84169,26.356,-158.156,458.5,0.0886
42492.84169,26.356,-158.156,459.5,0.0882
42492.84169,26.356,-158.156,460.5,0.0884
42492.84169,26.356,-158.156,461.4,0.0882
42492.84169,26.356,-158.156,462.4,0.0886
42492.84169,26.356,-158.156,463.4,0.089
42492.84169,26.356,-158.156,464.4,0.0882
42492.84169,26.356,-158.156,465.4,0.0882
42492.84169,26.356,-158.156,466.4,0.0882
42492.84169,26.356,-158.156,468.4,0.0886
42492.84169,26.356,-158.156,469.4,0.0883
42492.84169,26.356,-158.156,470.4,0.0882
42492.84169,26.356,-158.156,471.4,0.0882
42492.84169,26.356,-158.156,472.3,0.0886
42492.84169,26.356,-158.156,474.3,0.0886
42492.84169,26.356,-158.156,475.3,0.0886
42492.84169,26.356,-158.156,476.3,0.0886
42492.84169,26.356,-158.156,477.3,0.0886
42492.84169,26.356,-158.156,479.3,0.0886
42492.84169,26.356,-158.156,480.3,0.0886
42492.84169,26.356,-158.156,482.3,0.0886
42492.84169,26.356,-158.156,483.3,0.0886
42492.84169,26.356,-158.156,484.2,0.0888
42492.84169,26.356,-158.156,485.2,0.089
42492.84169,26.356,-158.156,487.2,0.0886
42492.84169,26.356,-158.156,488.2,0.0886
42492.84169,26.356,-158.156,489.2,0.0886
42492.84169,26.356,-158.156,490.2,0.089
42492.84169,26.356,-158.156,491.2,0.089
42492.84169,26.356,-158.156,492.2,0.0901
42492.84169,26.356,-158.156,493.2,0.089
42492.84169,26.356,-158.156,495.1,0.0886
42492.84169,26.356,-158.156,496.1,0.089
42492.84169,26.356,-158.156,497.1,0.0939
42492.84169,26.356,-158.156,498.1,0.089
42492.84169,26.356,-158.156,499.1,0.0886
42492.84169,26.356,-158.156,500.1,0.089
42492.84169,26.356,-158.156,501.1,0.0886
42492.84169,26.356,-158.156,502.1,0.089
42492.84169,26.356,-158.156,503.1,0.089
42492.84169,26.356,-158.156,504.1,0.089
42492.84169,26.356,-158.156,505.1,0.089
42492.84169,26.356,-158.156,506,0.089
42492.84169,26.356,-158.156,507,0.0894
42492.84169,26.356,-158.156,508,0.089
42492.84169,26.356,-158.156,509,0.089
42492.84169,26.356,-158.156,510,0.0886
42492.84169,26.356,-158.156,511,0.0888
42492.84169,26.356,-158.156,513,0.089
42492.84169,26.356,-158.156,514,0.089
42492.84169,26.356,-158.156,515,0.0886
42492.84169,26.356,-158.156,516,0.0888
42492.84169,26.356,-158.156,516.9,0.089
42492.84169,26.356,-158.156,517.9,0.089
42492.84169,26.356,-158.156,518.9,0.089
42492.84169,26.356,-158.156,520.9,0.089
42492.84169,26.356,-158.156,521.9,0.089
42492.84169,26.356,-158.156,522.9,0.0894
42492.84169,26.356,-158.156,523.9,0.0894
42492.84169,26.356,-158.156,524.9,0.0894
42492.84169,26.356,-158.156,525.9,0.0894
42492.84169,26.356,-158.156,526.9,0.0894
42492.84169,26.356,-158.156,528.8,0.0894
42492.84169,26.356,-158.156,529.8,0.089
42492.84169,26.356,-158.156,530.8,0.0894
42492.84169,26.356,-158.156,531.8,0.0892
42492.84169,26.356,-158.156,532.8,0.0894
42492.84169,26.356,-158.156,533.8,0.0894
42492.84169,26.356,-158.156,534.8,0.0894
42492.84169,26.356,-158.156,535.8,0.0897
42492.84169,26.356,-158.156,536.8,0.0894
42492.84169,26.356,-158.156,537.8,0.0894
42492.84169,26.356,-158.156,538.7,0.0894
42492.84169,26.356,-158.156,539.7,0.089
42492.84169,26.356,-158.156,540.7,0.0894
42492.84169,26.356,-158.156,541.7,0.0894
42492.84169,26.356,-158.156,542.7,0.0894
42492.84169,26.356,-158.156,544.7,0.0894
42492.84169,26.356,-158.156,545.7,0.0894
42492.84169,26.356,-158.156,546.7,0.0894
42492.84169,26.356,-158.156,547.7,0.0894
42492.84169,26.356,-158.156,549.6,0.0894
42492.84169,26.356,-158.156,550.6,0.0894
42492.84169,26.356,-158.156,552.6,0.0897
42492.84169,26.356,-158.156,553.6,0.0896
42492.84169,26.356,-158.156,554.6,0.0897
42492.84169,26.356,-158.156,555.6,0.0894
42492.84169,26.356,-158.156,556.6,0.0897
42492.84169,26.356,-158.156,558.6,0.0897
42492.84169,26.356,-158.156,560.5,0.0895
42492.84169,26.356,-158.156,561.5,0.0894
42492.84169,26.356,-158.156,562.5,0.0897
42492.84169,26.356,-158.156,563.5,0.0894
42492.84169,26.356,-158.156,564.5,0.0897
42492.84169,26.356,-158.156,565.5,0.0897
42492.84169,26.356,-158.156,566.5,0.0897
42492.84169,26.356,-158.156,567.5,0.0897
42492.84169,26.356,-158.156,568.5,0.0897
42492.84169,26.356,-158.156,569.5,0.0897
42492.84169,26.356,-158.156,571.4,0.0897
42492.84169,26.356,-158.156,572.4,0.0897
42492.84169,26.356,-158.156,573.4,0.0897
42492.84169,26.356,-158.156,574.4,0.0897
42492.84169,26.356,-158.156,575.4,0.0901
42492.84169,26.356,-158.156,576.4,0.0897
42492.84169,26.356,-158.156,577.4,0.0897
42492.84169,26.356,-158.156,578.4,0.0897
42492.84169,26.356,-158.156,579.4,0.0901
42492.84169,26.356,-158.156,581.4,0.0901
42492.84169,26.356,-158.156,582.3,0.0901
42492.84169,26.356,-158.156,583.3,0.0901
42492.84169,26.356,-158.156,584.3,0.0901
42492.84169,26.356,-158.156,585.3,0.0899
42492.84169,26.356,-158.156,586.3,0.0901
42492.84169,26.356,-158.156,588.3,0.0901
42492.84169,26.356,-158.156,589.3,0.0901
42492.84169,26.356,-158.156,591.3,0.0901
42492.84169,26.356,-158.156,592.2,0.0901
42492.84169,26.356,-158.156,593.2,0.0899
42492.84169,26.356,-158.156,594.2,0.0901
42492.84169,26.356,-158.156,596.2,0.0901
42492.84169,26.356,-158.156,597.2,0.0901
42492.84169,26.356,-158.156,599.2,0.0905
42492.84169,26.356,-158.156,600.2,0.0905
42492.84169,26.356,-158.156,601.2,0.0904
42492.84169,26.356,-158.156,602.2,0.0901
42492.84169,26.356,-158.156,603.1,0.0901
42492.84169,26.356,-158.156,605.1,0.0901
42492.84169,26.356,-158.156,606.1,0.0905
42492.84169,26.356,-158.156,608.1,0.0901
42492.84169,26.356,-158.156,609.1,0.0909
42492.84169,26.356,-158.156,610.1,0.0905
42492.84169,26.356,-158.156,611.1,0.0903
42492.84169,26.356,-158.156,612.1,0.0905
42492.84169,26.356,-158.156,613.1,0.0905
42492.84169,26.356,-158.156,615,0.0905
42492.84169,26.356,-158.156,616,0.0905
42492.84169,26.356,-158.156,617,0.0903
42492.84169,26.356,-158.156,618,0.0901
42492.84169,26.356,-158.156,619,0.0905
42492.84169,26.356,-158.156,620,0.0905
42492.84169,26.356,-158.156,621,0.0905
42492.84169,26.356,-158.156,622,0.0905
42492.84169,26.356,-158.156,623,0.0905
42492.84169,26.356,-158.156,624.9,0.0905
42492.84169,26.356,-158.156,625.9,0.0909
42492.84169,26.356,-158.156,626.9,0.0907
42492.84169,26.356,-158.156,627.9,0.0905
42492.84169,26.356,-158.156,628.9,0.0905
42492.84169,26.356,-158.156,629.9,0.0905
42492.84169,26.356,-158.156,630.9,0.0909
42492.84169,26.356,-158.156,631.9,0.0905
42492.84169,26.356,-158.156,632.9,0.0905
42492.84169,26.356,-158.156,633.9,0.0909
42492.84169,26.356,-158.156,634.8,0.0905
42492.84169,26.356,-158.156,635.8,0.0905
42492.84169,26.356,-158.156,636.8,0.0909
42492.84169,26.356,-158.156,637.8,0.0909
42492.84169,26.356,-158.156,638.8,0.0909
42492.84169,26.356,-158.156,639.8,0.0909
42492.84169,26.356,-158.156,640.8,0.0909
42492.84169,26.356,-158.156,641.8,0.0905
42492.84169,26.356,-158.156,642.8,0.0909
42492.84169,26.356,-158.156,644.7,0.0907
42492.84169,26.356,-158.156,645.7,0.0909
42492.84169,26.356,-158.156,646.7,0.0909
42492.84169,26.356,-158.156,647.7,0.0909
42492.84169,26.356,-158.156,648.7,0.0909
42492.84169,26.356,-158.156,649.7,0.0909
42492.84169,26.356,-158.156,651.7,0.0909
42492.84169,26.356,-158.156,652.7,0.0909
42492.84169,26.356,-158.156,653.7,0.091
42492.84169,26.356,-158.156,654.6,0.0909
42492.84169,26.356,-158.156,655.6,0.0909
42492.84169,26.356,-158.156,657.6,0.0909
42492.84169,26.356,-158.156,658.6,0.0909
42492.84169,26.356,-158.156,659.6,0.0909
42492.84169,26.356,-158.156,661.6,0.0909
42492.84169,26.356,-158.156,662.6,0.0909
42492.84169,26.356,-158.156,663.6,0.0909
42492.84169,26.356,-158.156,664.6,0.0909
42492.84169,26.356,-158.156,665.5,0.0909
42492.84169,26.356,-158.156,666.5,0.0909
42492.84169,26.356,-158.156,667.5,0.0909
42492.84169,26.356,-158.156,669.5,0.0912
42492.84169,26.356,-158.156,670.5,0.0911
42492.84169,26.356,-158.156,671.5,0.0909
42492.84169,26.356,-158.156,672.5,0.0909
42492.84169,26.356,-158.156,673.5,0.0909
42492.84169,26.356,-158.156,674.5,0.0909
42492.84169,26.356,-158.156,675.4,0.0909
42492.84169,26.356,-158.156,676.4,0.0909
42492.84169,26.356,-158.156,677.4,0.0909
42492.84169,26.356,-158.156,678.4,0.0909
42492.84169,26.356,-158.156,679.4,0.0909
42492.84169,26.356,-158.156,680.4,0.0909
42492.84169,26.356,-158.156,681.4,0.0912
42492.84169,26.356,-158.156,683.4,0.0912
42492.84169,26.356,-158.156,684.4,0.0909
42492.84169,26.356,-158.156,685.3,0.0909
42492.84169,26.356,-158.156,686.3,0.0912
42492.84169,26.356,-158.156,687.3,0.0909
42492.84169,26.356,-158.156,688.3,0.0912
42492.84169,26.356,-158.156,689.3,0.0909
42492.84169,26.356,-158.156,690.3,0.0911
42492.84169,26.356,-158.156,692.3,0.0912
42492.84169,26.356,-158.156,693.3,0.0912
42492.84169,26.356,-158.156,694.3,0.0912
42492.84169,26.356,-158.156,695.2,0.0912
42492.84169,26.356,-158.156,696.2,0.0909
42492.84169,26.356,-158.156,697.2,0.0911
42492.84169,26.356,-158.156,698.2,0.0912
42492.84169,26.356,-158.156,699.2,0.0909
42492.84169,26.356,-158.156,701.2,0.0909
42492.84169,26.356,-158.156,702.2,0.0909
42492.84169,26.356,-158.156,703.2,0.0909
42492.84169,26.356,-158.156,704.2,0.0912
42492.84169,26.356,-158.156,705.1,0.0912
42492.84169,26.356,-158.156,706.1,0.0912
42492.84169,26.356,-158.156,708.1,0.0909
42492.84169,26.356,-158.156,709.1,0.0912
42492.84169,26.356,-158.156,711.1,0.0912
42492.84169,26.356,-158.156,712.1,0.091
42492.84169,26.356,-158.156,713.1,0.0912
42492.84169,26.356,-158.156,714.1,0.0912
42492.84169,26.356,-158.156,715,0.0909
42492.84169,26.356,-158.156,716,0.0909
42492.84169,26.356,-158.156,718,0.0912
42492.84169,26.356,-158.156,719,0.0912
42492.84169,26.356,-158.156,720,0.0909
42492.84169,26.356,-158.156,721,0.0912
42492.84169,26.356,-158.156,722,0.0912
42492.84169,26.356,-158.156,723,0.0912
42492.84169,26.356,-158.156,724.9,0.0912
42492.84169,26.356,-158.156,725.9,0.0912
42492.84169,26.356,-158.156,727.9,0.0912
42492.84169,26.356,-158.156,728.9,0.0912
42492.84169,26.356,-158.156,729.9,0.0909
42492.84169,26.356,-158.156,730.9,0.0912
42492.84169,26.356,-158.156,731.9,0.0912
42492.84169,26.356,-158.156,733.9,0.0912
42492.84169,26.356,-158.156,734.8,0.0912
42492.84169,26.356,-158.156,735.8,0.0912
42492.84169,26.356,-158.156,736.8,0.0912
42492.84169,26.356,-158.156,737.8,0.0912
42492.84169,26.356,-158.156,739.8,0.0912
42492.84169,26.356,-158.156,740.8,0.0912
42492.84169,26.356,-158.156,741.8,0.0912
42492.84169,26.356,-158.156,742.8,0.0912
42492.84169,26.356,-158.156,743.8,0.0912
42492.84169,26.356,-158.156,744.7,0.0912
42492.84169,26.356,-158.156,745.7,0.0912
42492.84169,26.356,-158.156,746.7,0.0912
42492.84169,26.356,-158.156,747.7,0.0912
42492.84169,26.356,-158.156,748.7,0.0912
42492.84169,26.356,-158.156,749.7,0.0912
42492.84169,26.356,-158.156,751.7,0.0912
42492.84169,26.356,-158.156,752.7,0.0911
42492.84169,26.356,-158.156,753.7,0.0914
42492.84169,26.356,-158.156,754.6,0.0916
42492.84169,26.356,-158.156,755.6,0.0912
42492.84169,26.356,-158.156,756.6,0.0912
42492.84169,26.356,-158.156,757.6,0.0912
42492.84169,26.356,-158.156,759.6,0.0916
42492.84169,26.356,-158.156,760.6,0.0912
42492.84169,26.356,-158.156,761.6,0.0916
42492.84169,26.356,-158.156,762.6,0.0912
42492.84169,26.356,-158.156,763.6,0.0912
42492.84169,26.356,-158.156,764.5,0.0912
42492.84169,26.356,-158.156,765.5,0.0912
42492.84169,26.356,-158.156,767.5,0.0916
42492.84169,26.356,-158.156,768.5,0.0912
42492.84169,26.356,-158.156,769.5,0.0912
42492.84169,26.356,-158.156,770.5,0.0912
42492.84169,26.356,-158.156,771.5,0.0912
42492.84169,26.356,-158.156,772.5,0.0912
42492.84169,26.356,-158.156,773.5,0.0912
42492.84169,26.356,-158.156,774.4,0.0916
42492.84169,26.356,-158.156,775.4,0.0916
42492.84169,26.356,-158.156,776.4,0.0916
42492.84169,26.356,-158.156,777.4,0.0912
42492.84169,26.356,-158.156,778.4,0.0916
42492.84169,26.356,-158.156,779.4,0.0912
42492.84169,26.356,-158.156,780.4,0.0912
42492.84169,26.356,-158.156,781.4,0.0912
42492.84169,26.356,-158.156,782.4,0.0912
42492.84169,26.356,-158.156,783.4,0.0914
42492.84169,26.356,-158.156,784.3,0.0912
42492.84169,26.356,-158.156,785.3,0.0912
42492.84169,26.356,-158.156,786.3,0.0916
42492.84169,26.356,-158.156,787.3,0.0912
42492.84169,26.356,-158.156,789.3,0.0912
42492.84169,26.356,-158.156,790.3,0.0914
42492.84169,26.356,-158.156,791.3,0.0912
42492.84169,26.356,-158.156,792.3,0.0916
42492.84169,26.356,-158.156,794.2,0.0912
42492.84169,26.356,-158.156,795.2,0.0912
42492.84169,26.356,-158.156,796.2,0.0912
42492.84169,26.356,-158.156,797.2,0.0912
42492.84169,26.356,-158.156,798.2,0.0914
42492.84169,26.356,-158.156,799.2,0.0916
42492.84169,26.356,-158.156,801.2,0.0916
42492.84169,26.356,-158.156,802.2,0.0912
42492.84169,26.356,-158.156,803.1,0.0912
42492.84169,26.356,-158.156,804.1,0.0912
42492.84169,26.356,-158.156,805.1,0.0912
42492.84169,26.356,-158.156,806.1,0.0912
42492.84169,26.356,-158.156,808.1,0.0912
42492.84169,26.356,-158.156,809.1,0.0916
42492.84169,26.356,-158.156,810.1,0.0916
42492.84169,26.356,-158.156,811.1,0.0916
42492.84169,26.356,-158.156,812,0.0916
42492.84169,26.356,-158.156,813,0.0916
42492.84169,26.356,-158.156,814,0.0916
42492.84169,26.356,-158.156,816,0.0916
42492.84169,26.356,-158.156,817,0.0912
42492.84169,26.356,-158.156,818,0.0916
42492.84169,26.356,-158.156,819,0.0915
42492.84169,26.356,-158.156,820,0.0912
42492.84169,26.356,-158.156,821,0.0916
42492.84169,26.356,-158.156,821.9,0.0916
42492.84169,26.356,-158.156,823.9,0.0912
42492.84169,26.356,-158.156,824.9,0.0912
42492.84169,26.356,-158.156,825.9,0.0912
42492.84169,26.356,-158.156,826.9,0.0916
42492.84169,26.356,-158.156,827.9,0.0916
42492.84169,26.356,-158.156,828.9,0.0912
42492.84169,26.356,-158.156,829.9,0.0916
42492.84169,26.356,-158.156,830.9,0.0912
42492.84169,26.356,-158.156,831.8,0.0912
42492.84169,26.356,-158.156,833.8,0.0916
42492.84169,26.356,-158.156,834.8,0.0912
42492.84169,26.356,-158.156,835.8,0.0916
42492.84169,26.356,-158.156,836.8,0.0916
42492.84169,26.356,-158.156,837.8,0.0916
42492.84169,26.356,-158.156,838.8,0.0916
42492.84169,26.356,-158.156,839.8,0.0916
42492.84169,26.356,-158.156,841.7,0.0912
42492.84169,26.356,-158.156,842.7,0.0916
42492.84169,26.356,-158.156,843.7,0.0912
42492.84169,26.356,-158.156,844.7,0.0914
42492.84169,26.356,-158.156,845.7,0.0914
42492.84169,26.356,-158.156,847.7,0.0912
42492.84169,26.356,-158.156,848.7,0.0916
42492.84169,26.356,-158.156,849.7,0.0916
42492.84169,26.356,-158.156,850.6,0.0916
42492.84169,26.356,-158.156,851.6,0.0916
42492.84169,26.356,-158.156,852.6,0.0916
42492.84169,26.356,-158.156,853.6,0.0916
42492.84169,26.356,-158.156,854.6,0.0916
42492.84169,26.356,-158.156,856.6,0.0916
42492.84169,26.356,-158.156,857.6,0.0912
42492.84169,26.356,-158.156,858.6,0.0912
42492.84169,26.356,-158.156,859.5,0.0916
42492.84169,26.356,-158.156,860.5,0.0916
42492.84169,26.356,-158.156,861.5,0.0916
42492.84169,26.356,-158.156,863.5,0.0916
42492.84169,26.356,-158.156,864.5,0.0916
42492.84169,26.356,-158.156,865.5,0.0916
42492.84169,26.356,-158.156,866.5,0.0912
42492.84169,26.356,-158.156,867.5,0.0916
42492.84169,26.356,-158.156,868.4,0.0912
42492.84169,26.356,-158.156,869.4,0.0916
42492.84169,26.356,-158.156,871.4,0.0916
42492.84169,26.356,-158.156,872.4,0.0912
42492.84169,26.356,-158.156,874.4,0.0916
42492.84169,26.356,-158.156,875.4,0.0916
42492.84169,26.356,-158.156,876.4,0.0916
42492.84169,26.356,-158.156,877.4,0.0914
42492.84169,26.356,-158.156,878.3,0.092
42492.84169,26.356,-158.156,879.3,0.0916
42492.84169,26.356,-158.156,880.3,0.0916
42492.84169,26.356,-158.156,881.3,0.0916
42492.84169,26.356,-158.156,883.3,0.0916
42492.84169,26.356,-158.156,884.3,0.0912
42492.84169,26.356,-158.156,885.3,0.0915
42492.84169,26.356,-158.156,886.3,0.0916
42492.84169,26.356,-158.156,887.2,0.092
42492.84169,26.356,-158.156,888.2,0.0916
42492.84169,26.356,-158.156,890.2,0.0916
42492.84169,26.356,-158.156,891.2,0.0916
42492.84169,26.356,-158.156,892.2,0.0916
42492.84169,26.356,-158.156,893.2,0.0916
42492.84169,26.356,-158.156,894.2,0.0916
42492.84169,26.356,-158.156,895.2,0.0916
42492.84169,26.356,-158.156,896.1,0.0912
42492.84169,26.356,-158.156,897.1,0.0912
42492.84169,26.356,-158.156,898.1,0.0916
42492.84169,26.356,-158.156,899.1,0.0916
42492.84169,26.356,-158.156,900.1,0.0916
42492.84169,26.356,-158.156,901.1,0.0916
42492.84169,26.356,-158.156,902.1,0.0916
42492.84169,26.356,-158.156,903.1,0.0914
42492.84169,26.356,-158.156,904.1,0.0916
42492.84169,26.356,-158.156,905,0.0912
42492.84169,26.356,-158.156,907,0.0912
42492.84169,26.356,-158.156,908,0.0916
42492.84169,26.356,-158.156,909,0.0916
42492.84169,26.356,-158.156,910,0.0916
42492.84169,26.356,-158.156,911,0.0916
42492.84169,26.356,-158.156,912,0.0916
42492.84169,26.356,-158.156,913,0.0916
42492.84169,26.356,-158.156,914.9,0.0916
42492.84169,26.356,-158.156,915.9,0.0916
42492.84169,26.356,-158.156,916.9,0.0916
42492.84169,26.356,-158.156,917.9,0.0912
42492.84169,26.356,-158.156,918.9,0.0916
42492.84169,26.356,-158.156,919.9,0.0916
42492.84169,26.356,-158.156,920.9,0.0916
42492.84169,26.356,-158.156,921.9,0.0916
42492.84169,26.356,-158.156,923.8,0.0912
42492.84169,26.356,-158.156,924.8,0.0916
42492.84169,26.356,-158.156,925.8,0.0914
42492.84169,26.356,-158.156,926.8,0.0916
42492.84169,26.356,-158.156,928.8,0.0916
42492.84169,26.356,-158.156,929.8,0.0916
42492.84169,26.356,-158.156,930.8,0.0912
42492.84169,26.356,-158.156,931.8,0.0916
42492.84169,26.356,-158.156,932.7,0.0912
42492.84169,26.356,-158.156,933.7,0.0912
42492.84169,26.356,-158.156,934.7,0.0916
42492.84169,26.356,-158.156,935.7,0.092
42492.84169,26.356,-158.156,936.7,0.0916
42492.84169,26.356,-158.156,937.7,0.0916
42492.84169,26.356,-158.156,938.7,0.0916
42492.84169,26.356,-158.156,939.7,0.0914
42492.84169,26.356,-158.156,940.7,0.0916
42492.84169,26.356,-158.156,941.6,0.0916
42492.84169,26.356,-158.156,942.6,0.0916
42492.84169,26.356,-158.156,943.6,0.0916
42492.84169,26.356,-158.156,945.6,0.0912
42492.84169,26.356,-158.156,946.6,0.0912
42492.84169,26.356,-158.156,947.6,0.0916
42492.84169,26.356,-158.156,948.6,0.0916
42492.84169,26.356,-158.156,949.6,0.0916
42492.84169,26.356,-158.156,950.5,0.0916
42492.84169,26.356,-158.156,951.5,0.0916
42492.84169,26.356,-158.156,952.5,0.0912
42492.84169,26.356,-158.156,953.5,0.0916
42492.84169,26.356,-158.156,954.5,0.0912
42492.84169,26.356,-158.156,956.5,0.0912
42492.84169,26.356,-158.156,957.5,0.0916
42492.84169,26.356,-158.156,958.5,0.0914
42492.84169,26.356,-158.156,959.4,0.0912
42492.84169,26.356,-158.156,960.4,0.0912
42492.84169,26.356,-158.156,961.4,0.0912
42492.84169,26.356,-158.156,963.4,0.0916
42492.84169,26.356,-158.156,964.4,0.0912
42492.84169,26.356,-158.156,965.4,0.0914
42492.84169,26.356,-158.156,966.4,0.0916
42492.84169,26.356,-158.156,967.4,0.0912
42492.84169,26.356,-158.156,968.3,0.0912
42492.84169,26.356,-158.156,969.3,0.0912
42492.84169,26.356,-158.156,970.3,0.0912
42492.84169,26.356,-158.156,971.3,0.0916
42492.84169,26.356,-158.156,972.3,0.0912
42492.84169,26.356,-158.156,973.3,0.0912
42492.84169,26.356,-158.156,974.3,0.0912
42492.84169,26.356,-158.156,975.3,0.0912
42492.84169,26.356,-158.156,976.3,0.0912
42492.84169,26.356,-158.156,977.2,0.0912
42492.84169,26.356,-158.156,978.2,0.0912
42492.84169,26.356,-158.156,979.2,0.0912
42492.84169,26.356,-158.156,980.2,0.0916
42492.84169,26.356,-158.156,981.2,0.0916
42492.84169,26.356,-158.156,982.2,0.0916
42492.84169,26.356,-158.156,983.2,0.0916
42492.84169,26.356,-158.156,984.2,0.0912
42492.84169,26.356,-158.156,985.2,0.0912
42492.84169,26.356,-158.156,986.1,0.0912
42492.84169,26.356,-158.156,987.1,0.0916
42492.84169,26.356,-158.156,988.1,0.0912
42492.84169,26.356,-158.156,989.1,0.0914
42492.84169,26.356,-158.156,990.1,0.0912
42492.84169,26.356,-158.156,991.1,0.0912
42492.84169,26.356,-158.156,993.1,0.0912
42492.84169,26.356,-158.156,994.1,0.0912
42492.84169,26.356,-158.156,996,0.0912
42492.84169,26.356,-158.156,997,0.0912
42492.84169,26.356,-158.156,998,0.0912
42492.84169,26.356,-158.156,999,0.0912
42492.84169,26.356,-158.156,1001,0.0912
42492.84169,26.356,-158.156,1002,0.0912
42492.84169,26.356,-158.156,1002.9,0.0912
42492.84169,26.356,-158.156,1003.9,0.0912
42492.84169,26.356,-158.156,1004.9,0.0912
42492.84169,26.356,-158.156,1005.9,0.0912
42492.84169,26.356,-158.156,1006.9,0.0912
42492.84169,26.356,-158.156,1007.9,0.0912
42492.84169,26.356,-158.156,1008.9,0.0912
42492.84169,26.356,-158.156,1010.9,0.0916
42492.84169,26.356,-158.156,1011.8,0.0912
42492.84169,26.356,-158.156,1012.8,0.0912
42492.84169,26.356,-158.156,1013.8,0.0912
42492.84169,26.356,-158.156,1014.8,0.0912
42492.84169,26.356,-158.156,1015.8,0.0912
42492.84169,26.356,-158.156,1016.8,0.0912
42492.84169,26.356,-158.156,1017.8,0.0912
42492.84169,26.356,-158.156,1019.8,0.0912
42492.84169,26.356,-158.156,1020.7,0.0915
42492.84169,26.356,-158.156,1021.7,0.0912
42492.84169,26.356,-158.156,1022.7,0.0916
42492.84169,26.356,-158.156,1024.7,0.0912
42492.84169,26.356,-158.156,1025.7,0.0912
42492.84169,26.356,-158.156,1027.7,0.0912
42492.84169,26.356,-158.156,1028.7,0.0912
42492.84169,26.356,-158.156,1029.6,0.0916
42492.84169,26.356,-158.156,1030.6,0.0912
42492.84169,26.356,-158.156,1031.6,0.0912
42492.84169,26.356,-158.156,1032.6,0.0912
42492.84169,26.356,-158.156,1033.6,0.0912
42492.84169,26.356,-158.156,1034.6,0.0912
42492.84169,26.356,-158.156,1035.6,0.0912
42492.84169,26.356,-158.156,1036.6,0.0912
42492.84169,26.356,-158.156,1037.5,0.0912
42492.84169,26.356,-158.156,1038.5,0.0912
42492.84169,26.356,-158.156,1039.5,0.0912
42492.84169,26.356,-158.156,1040.5,0.0912
42492.84169,26.356,-158.156,1041.5,0.0912
42492.84169,26.356,-158.156,1042.5,0.0912
42492.84169,26.356,-158.156,1044.5,0.0909
42492.84169,26.356,-158.156,1045.5,0.0912
42492.84169,26.356,-158.156,1046.4,0.0916
42492.84169,26.356,-158.156,1047.4,0.0912
42492.84169,26.356,-158.156,1048.4,0.0912
42492.84169,26.356,-158.156,1049.4,0.0912
42492.84169,26.356,-158.156,1050.4,0.0912
42492.84169,26.356,-158.156,1052.4,0.0912
42492.84169,26.356,-158.156,1053.4,0.0912
42492.84169,26.356,-158.156,1054.4,0.0912
42492.84169,26.356,-158.156,1055.3,0.0912
42492.84169,26.356,-158.156,1056.3,0.0912
42492.84169,26.356,-158.156,1057.3,0.0912
42492.84169,26.356,-158.156,1058.3,0.0912
42492.84169,26.356,-158.156,1060.3,0.0912
42492.84169,26.356,-158.156,1061.3,0.0912
42492.84169,26.356,-158.156,1062.3,0.0912
42492.84169,26.356,-158.156,1063.2,0.0912
42492.84169,26.356,-158.156,1064.2,0.0912
42492.84169,26.356,-158.156,1065.2,0.0912
42492.84169,26.356,-158.156,1066.2,0.0916
42492.84169,26.356,-158.156,1067.2,0.0912
42492.84169,26.356,-158.156,1068.2,0.0912
42492.84169,26.356,-158.156,1069.2,0.0916
42492.84169,26.356,-158.156,1070.2,0.0912
42492.84169,26.356,-158.156,1071.2,0.0912
42492.84169,26.356,-158.156,1072.1,0.0912
42492.84169,26.356,-158.156,1073.1,0.0912
42492.84169,26.356,-158.156,1074.1,0.0912
42492.84169,26.356,-158.156,1075.1,0.0909
42492.84169,26.356,-158.156,1076.1,0.0912
42492.84169,26.356,-158.156,1077.1,0.0916
42492.84169,26.356,-158.156,1078.1,0.0912
42492.84169,26.356,-158.156,1079.1,0.0912
42492.84169,26.356,-158.156,1080.1,0.0912
42492.84169,26.356,-158.156,1081,0.0912
42492.84169,26.356,-158.156,1082,0.0912
42492.84169,26.356,-158.156,1083,0.0912
42492.84169,26.356,-158.156,1084,0.0912
42492.84169,26.356,-158.156,1085,0.0912
42492.84169,26.356,-158.156,1086,0.0912
42492.84169,26.356,-158.156,1087,0.0912
42492.84169,26.356,-158.156,1088,0.0912
42492.84169,26.356,-158.156,1088.9,0.0912
42492.84169,26.356,-158.156,1089.9,0.0909
42492.84169,26.356,-158.156,1090.9,0.0912
42492.84169,26.356,-158.156,1092.9,0.0916
42492.84169,26.356,-158.156,1093.9,0.0912
42492.84169,26.356,-158.156,1094.9,0.0909
42492.84169,26.356,-158.156,1095.9,0.0916
42492.84169,26.356,-158.156,1096.9,0.0914
42492.84169,26.356,-158.156,1097.8,0.0912
42492.84169,26.356,-158.156,1099.8,0.0916
42492.84169,26.356,-158.156,1101.8,0.0909
42492.84169,26.356,-158.156,1102.8,0.0912
42492.84169,26.356,-158.156,1103.8,0.0912
42492.84169,26.356,-158.156,1104.8,0.0912
42492.84169,26.356,-158.156,1105.7,0.0909
42492.84169,26.356,-158.156,1106.7,0.0912
42492.84169,26.356,-158.156,1107.7,0.0916
42492.84169,26.356,-158.156,1109.7,0.0912
42492.84169,26.356,-158.156,1110.7,0.0912
42492.84169,26.356,-158.156,1111.7,0.0914
42492.84169,26.356,-158.156,1112.7,0.0912
42492.84169,26.356,-158.156,1113.7,0.0912
42492.84169,26.356,-158.156,1114.6,0.0912
42492.84169,26.356,-158.156,1115.6,0.0912
42492.84169,26.356,-158.156,1117.6,0.0909
42492.84169,26.356,-158.156,1118.6,0.0912
42492.84169,26.356,-158.156,1119.6,0.0912
42492.84169,26.356,-158.156,1120.6,0.0909
42492.84169,26.356,-158.156,1121.6,0.0912
42492.84169,26.356,-158.156,1122.5,0.0912
42492.84169,26.356,-158.156,1123.5,0.0912
42492.84169,26.356,-158.156,1124.5,0.0912
42492.84169,26.356,-158.156,1125.5,0.0909
42492.84169,26.356,-158.156,1126.5,0.0909
42492.84169,26.356,-158.156,1127.5,0.0909
42492.84169,26.356,-158.156,1128.5,0.0909
42492.84169,26.356,-158.156,1130.4,0.0912
42492.84169,26.356,-158.156,1131.4,0.0909
42492.84169,26.356,-158.156,1132.4,0.0909
42492.84169,26.356,-158.156,1133.4,0.0912
42492.84169,26.356,-158.156,1134.4,0.0909
42492.84169,26.356,-158.156,1135.4,0.0909
42492.84169,26.356,-158.156,1136.4,0.0909
42492.84169,26.356,-158.156,1137.4,0.0909
42492.84169,26.356,-158.156,1138.4,0.0911
42492.84169,26.356,-158.156,1139.3,0.0912
42492.84169,26.356,-158.156,1140.3,0.0912
42492.84169,26.356,-158.156,1141.3,0.0912
42492.84169,26.356,-158.156,1143.3,0.0912
42492.84169,26.356,-158.156,1144.3,0.0912
42492.84169,26.356,-158.156,1146.3,0.0911
42492.84169,26.356,-158.156,1147.2,0.0912
42492.84169,26.356,-158.156,1148.2,0.0909
42492.84169,26.356,-158.156,1150.2,0.0909
42492.84169,26.356,-158.156,1151.2,0.0909
42492.84169,26.356,-158.156,1153.2,0.0909
42492.84169,26.356,-158.156,1154.2,0.0909
42492.84169,26.356,-158.156,1155.1,0.0909
42492.84169,26.356,-158.156,1156.1,0.0909
42492.84169,26.356,-158.156,1157.1,0.0912
42492.84169,26.356,-158.156,1159.1,0.0912
42492.84169,26.356,-158.156,1160.1,0.0909
42492.84169,26.356,-158.156,1161.1,0.0909
42492.84169,26.356,-158.156,1162.1,0.0909
42492.84169,26.356,-158.156,1163.1,0.0911
42492.84169,26.356,-158.156,1164,0.0909
42492.84169,26.356,-158.156,1165,0.0909
42492.84169,26.356,-158.156,1167,0.0912
42492.84169,26.356,-158.156,1168,0.0909
42492.84169,26.356,-158.156,1169,0.0911
42492.84169,26.356,-158.156,1170,0.0909
42492.84169,26.356,-158.156,1171,0.0912
42492.84169,26.356,-158.156,1171.9,0.0909
42492.84169,26.356,-158.156,1173.9,0.0909
42492.84169,26.356,-158.156,1174.9,0.0909
42492.84169,26.356,-158.156,1175.9,0.0909
42492.84169,26.356,-158.156,1176.9,0.0912
42492.84169,26.356,-158.156,1177.9,0.0909
42492.84169,26.356,-158.156,1178.9,0.0905
42492.84169,26.356,-158.156,1179.8,0.0909
42492.84169,26.356,-158.156,1180.8,0.0909
42492.84169,26.356,-158.156,1182.8,0.0905
42492.84169,26.356,-158.156,1183.8,0.0911
42492.84169,26.356,-158.156,1184.8,0.0912
42492.84169,26.356,-158.156,1185.8,0.0909
42492.84169,26.356,-158.156,1186.8,0.0909
42492.84169,26.356,-158.156,1187.7,0.0909
42492.84169,26.356,-158.156,1188.7,0.0909
42492.84169,26.356,-158.156,1189.7,0.0909
42492.84169,26.356,-158.156,1190.7,0.0909
42492.84169,26.356,-158.156,1192.7,0.0909
42492.84169,26.356,-158.156,1193.7,0.0909
42492.84169,26.356,-158.156,1194.7,0.0909
42492.84169,26.356,-158.156,1195.7,0.0909
42492.84169,26.356,-158.156,1197.6,0.0905
42492.84169,26.356,-158.156,1198.6,0.0909
42492.84169,26.356,-158.156,1199.6,0.0909
42492.84169,26.356,-158.156,1200.6,0.0909
42492.84169,26.356,-158.156,1201.6,0.0909
42492.84169,26.356,-158.156,1202.6,0.0909
42492.84169,26.356,-158.156,1204.5,0.0909
42492.84169,26.356,-158.156,1205.5,0.0909
42492.84169,26.356,-158.156,1206.5,0.0909
42492.84169,26.356,-158.156,1207.5,0.0909
42492.84169,26.356,-158.156,1208.5,0.0909
42492.84169,26.356,-158.156,1209.5,0.0909
42492.84169,26.356,-158.156,1210.5,0.0909
42492.84169,26.356,-158.156,1212.4,0.0909
42492.84169,26.356,-158.156,1213.4,0.0909
42492.84169,26.356,-158.156,1214.4,0.0909
42492.84169,26.356,-158.156,1215.4,0.0909
42492.84169,26.356,-158.156,1216.4,0.0909
42492.84169,26.356,-158.156,1218.4,0.0912
42492.84169,26.356,-158.156,1219.4,0.0909
42492.84169,26.356,-158.156,1220.3,0.0909
42492.84169,26.356,-158.156,1221.3,0.0909
42492.84169,26.356,-158.156,1222.3,0.0905
42492.84169,26.356,-158.156,1223.3,0.0909
42492.84169,26.356,-158.156,1224.3,0.0907
42492.84169,26.356,-158.156,1226.3,0.0909
42492.84169,26.356,-158.156,1227.3,0.0909
42492.84169,26.356,-158.156,1228.2,0.0905
42492.84169,26.356,-158.156,1229.2,0.0905
42492.84169,26.356,-158.156,1230.2,0.0909
42492.84169,26.356,-158.156,1231.2,0.0909
42492.84169,26.356,-158.156,1232.2,0.0905
42492.84169,26.356,-158.156,1233.2,0.0905
42492.84169,26.356,-158.156,1234.2,0.0909
42492.84169,26.356,-158.156,1235.2,0.0905
42492.84169,26.356,-158.156,1236.1,0.0909
42492.84169,26.356,-158.156,1237.1,0.0905
42492.84169,26.356,-158.156,1238.1,0.0907
42492.84169,26.356,-158.156,1239.1,0.0905
42492.84169,26.356,-158.156,1240.1,0.0905
42492.84169,26.356,-158.156,1242.1,0.0909
42492.84169,26.356,-158.156,1243.1,0.0909
42492.84169,26.356,-158.156,1244,0.0909
42492.84169,26.356,-158.156,1245,0.0909
42492.84169,26.356,-158.156,1246,0.0905
42492.84169,26.356,-158.156,1247,0.0909
42492.84169,26.356,-158.156,1248,0.0909
42492.84169,26.356,-158.156,1249,0.0905
42492.84169,26.356,-158.156,1251,0.0909
42492.84169,26.356,-158.156,1251.9,0.0909
42492.84169,26.356,-158.156,1252.9,0.0909
42492.84169,26.356,-158.156,1253.9,0.0905
42492.84169,26.356,-158.156,1254.9,0.0909
42492.84169,26.356,-158.156,1255.9,0.0905
42492.84169,26.356,-158.156,1256.9,0.0905
42492.84169,26.356,-158.156,1257.9,0.0909
42492.84169,26.356,-158.156,1258.9,0.0909
42492.84169,26.356,-158.156,1260.8,0.0909
42492.84169,26.356,-158.156,1261.8,0.0909
42492.84169,26.356,-158.156,1262.8,0.0909
42492.84169,26.356,-158.156,1264.8,0.0908
42492.84169,26.356,-158.156,1265.8,0.0905
42492.84169,26.356,-158.156,1266.8,0.0909
42492.84169,26.356,-158.156,1268.7,0.0905
42492.84169,26.356,-158.156,1270.7,0.0905
42492.84169,26.356,-158.156,1272.7,0.0909
42492.84169,26.356,-158.156,1273.7,0.0907
42492.84169,26.356,-158.156,1274.7,0.0905
42492.84169,26.356,-158.156,1276.6,0.0905
42492.84169,26.356,-158.156,1278.6,0.0905
42492.84169,26.356,-158.156,1279.6,0.0905
42492.84169,26.356,-158.156,1280.6,0.0905
42492.84169,26.356,-158.156,1281.6,0.0905
42492.84169,26.356,-158.156,1282.6,0.0905
42492.84169,26.356,-158.156,1283.5,0.0909
42492.84169,26.356,-158.156,1284.5,0.0909
42492.84169,26.356,-158.156,1285.5,0.0905
42492.84169,26.356,-158.156,1286.5,0.0905
42492.84169,26.356,-158.156,1287.5,0.0905
42492.84169,26.356,-158.156,1289.5,0.0905
42492.84169,26.356,-158.156,1290.5,0.0905
42492.84169,26.356,-158.156,1292.4,0.0907
42492.84169,26.356,-158.156,1293.4,0.0909
42492.84169,26.356,-158.156,1294.4,0.0905
42492.84169,26.356,-158.156,1295.4,0.0909
42492.84169,26.356,-158.156,1297.4,0.0905
42492.84169,26.356,-158.156,1298.4,0.0905
42492.84169,26.356,-158.156,1299.3,0.0909
42492.84169,26.356,-158.156,1300.3,0.0905
42492.84169,26.356,-158.156,1301.3,0.0905
42492.84169,26.356,-158.156,1302.3,0.0909
42492.84169,26.356,-158.156,1303.3,0.0905
42492.84169,26.356,-158.156,1304.3,0.0905
42492.84169,26.356,-158.156,1305.3,0.0909
42492.84169,26.356,-158.156,1307.2,0.0909
42492.84169,26.356,-158.156,1308.2,0.0901
42492.84169,26.356,-158.156,1309.2,0.0905
42492.84169,26.356,-158.156,1310.2,0.0909
42492.84169,26.356,-158.156,1311.2,0.0905
42492.84169,26.356,-158.156,1312.2,0.0905
42492.84169,26.356,-158.156,1313.2,0.0905
42492.84169,26.356,-158.156,1314.1,0.0905
42492.84169,26.356,-158.156,1315.1,0.0905
42492.84169,26.356,-158.156,1316.1,0.0905
42492.84169,26.356,-158.156,1317.1,0.0905
42492.84169,26.356,-158.156,1318.1,0.0909
42492.84169,26.356,-158.156,1319.1,0.0905
42492.84169,26.356,-158.156,1320.1,0.0905
42492.84169,26.356,-158.156,1321.1,0.0905
42492.84169,26.356,-158.156,1322,0.0909
42492.84169,26.356,-158.156,1323,0.0909
42492.84169,26.356,-158.156,1324,0.0905
42492.84169,26.356,-158.156,1325,0.0905
42492.84169,26.356,-158.156,1326,0.0905
42492.84169,26.356,-158.156,1327,0.0905
42492.84169,26.356,-158.156,1328,0.0905
42492.84169,26.356,-158.156,1329,0.0905
42492.84169,26.356,-158.156,1329.9,0.0905
42492.84169,26.356,-158.156,1330.9,0.0909
42492.84169,26.356,-158.156,1331.9,0.0909
42492.84169,26.356,-158.156,1332.9,0.0905
42492.84169,26.356,-158.156,1333.9,0.0905
42492.84169,26.356,-158.156,1334.9,0.0905
42492.84169,26.356,-158.156,1335.9,0.0905
42492.84169,26.356,-158.156,1336.9,0.0901
42492.84169,26.356,-158.156,1337.8,0.0905
42492.84169,26.356,-158.156,1338.8,0.0905
42492.84169,26.356,-158.156,1339.8,0.0905
42492.84169,26.356,-158.156,1340.8,0.0905
42492.84169,26.356,-158.156,1341.8,0.0909
42492.84169,26.356,-158.156,1342.8,0.0909
42492.84169,26.356,-158.156,1343.8,0.0905
42492.84169,26.356,-158.156,1344.7,0.0901
42492.84169,26.356,-158.156,1345.7,0.0907
42492.84169,26.356,-158.156,1346.7,0.0901
42492.84169,26.356,-158.156,1348.7,0.0905
42492.84169,26.356,-158.156,1349.7,0.0905
42492.84169,26.356,-158.156,1350.7,0.0905
42492.84169,26.356,-158.156,1351.7,0.0901
42492.84169,26.356,-158.156,1352.6,0.0905
42492.84169,26.356,-158.156,1353.6,0.0905
42492.84169,26.356,-158.156,1354.6,0.0901
42492.84169,26.356,-158.156,1355.6,0.0903
42492.84169,26.356,-158.156,1356.6,0.0905
42492.84169,26.356,-158.156,1357.6,0.0905
42492.84169,26.356,-158.156,1359.6,0.0905
42492.84169,26.356,-158.156,1360.5,0.0901
42492.84169,26.356,-158.156,1361.5,0.0905
42492.84169,26.356,-158.156,1362.5,0.0905
42492.84169,26.356,-158.156,1363.5,0.0901
42492.84169,26.356,-158.156,1364.5,0.0905
42492.84169,26.356,-158.156,1365.5,0.0901
42492.84169,26.356,-158.156,1366.5,0.0905
42492.84169,26.356,-158.156,1368.4,0.0905
42492.84169,26.356,-158.156,1369.4,0.0905
42492.84169,26.356,-158.156,1370.4,0.0903
42492.84169,26.356,-158.156,1371.4,0.0901
42492.84169,26.356,-158.156,1372.4,0.0901
42492.84169,26.356,-158.156,1373.4,0.0901
42492.84169,26.356,-158.156,1374.4,0.0901
42492.84169,26.356,-158.156,1375.3,0.0901
42492.84169,26.356,-158.156,1376.3,0.0905
42492.84169,26.356,-158.156,1377.3,0.0905
42492.84169,26.356,-158.156,1378.3,0.0905
42492.84169,26.356,-158.156,1379.3,0.0905
42492.84169,26.356,-158.156,1380.3,0.0901
42492.84169,26.356,-158.156,1381.3,0.0905
42492.84169,26.356,-158.156,1382.3,0.0901
42492.84169,26.356,-158.156,1383.2,0.0905
42492.84169,26.356,-158.156,1384.2,0.0901
42492.84169,26.356,-158.156,1385.2,0.0905
42492.84169,26.356,-158.156,1386.2,0.0905
42492.84169,26.356,-158.156,1387.2,0.0905
42492.84169,26.356,-158.156,1388.2,0.0901
42492.84169,26.356,-158.156,1389.2,0.0901
42492.84169,26.356,-158.156,1390.1,0.0901
42492.84169,26.356,-158.156,1391.1,0.0905
42492.84169,26.356,-158.156,1392.1,0.0905
42492.84169,26.356,-158.156,1393.1,0.0905
42492.84169,26.356,-158.156,1394.1,0.0905
42492.84169,26.356,-158.156,1395.1,0.0901
42492.84169,26.356,-158.156,1396.1,0.0901
42492.84169,26.356,-158.156,1397.1,0.0905
42492.84169,26.356,-158.156,1398,0.0903
42492.84169,26.356,-158.156,1399,0.0901
42492.84169,26.356,-158.156,1400,0.0901
42492.84169,26.356,-158.156,1401,0.0901
42492.84169,26.356,-158.156,1403,0.0901
42492.84169,26.356,-158.156,1404,0.0901
42492.84169,26.356,-158.156,1405,0.0905
42492.84169,26.356,-158.156,1405.9,0.0901
42492.84169,26.356,-158.156,1406.9,0.0905
42492.84169,26.356,-158.156,1407.9,0.0905
42492.84169,26.356,-158.156,1408.9,0.0905
42492.84169,26.356,-158.156,1409.9,0.0901
42492.84169,26.356,-158.156,1410.9,0.0901
42492.84169,26.356,-158.156,1411.9,0.0905
42492.84169,26.356,-158.156,1412.8,0.0905
42492.84169,26.356,-158.156,1414.8,0.0901
42492.84169,26.356,-158.156,1415.8,0.0901
42492.84169,26.356,-158.156,1416.8,0.0901
42492.84169,26.356,-158.156,1417.8,0.0901
42492.84169,26.356,-158.156,1418.8,0.0901
42492.84169,26.356,-158.156,1419.8,0.0901
42492.84169,26.356,-158.156,1420.7,0.0901
42492.84169,26.356,-158.156,1421.7,0.0905
42492.84169,26.356,-158.156,1422.7,0.0905
42492.84169,26.356,-158.156,1423.7,0.0901
42492.84169,26.356,-158.156,1424.7,0.0905
42492.84169,26.356,-158.156,1425.7,0.0901
42492.84169,26.356,-158.156,1426.7,0.0905
42492.84169,26.356,-158.156,1427.6,0.0905
42492.84169,26.356,-158.156,1428.6,0.0901
42492.84169,26.356,-158.156,1429.6,0.0905
42492.84169,26.356,-158.156,1430.6,0.0901
42492.84169,26.356,-158.156,1431.6,0.0901
42492.84169,26.356,-158.156,1432.6,0.0901
42492.84169,26.356,-158.156,1433.6,0.0901
42492.84169,26.356,-158.156,1434.6,0.0901
42492.84169,26.356,-158.156,1435.5,0.0901
42492.84169,26.356,-158.156,1436.5,0.0901
42492.84169,26.356,-158.156,1438.5,0.0901
42492.84169,26.356,-158.156,1439.5,0.0903
42492.84169,26.356,-158.156,1440.5,0.0905
42492.84169,26.356,-158.156,1441.5,0.0903
42492.84169,26.356,-158.156,1442.4,0.0901
42492.84169,26.356,-158.156,1443.4,0.0901
42492.84169,26.356,-158.156,1444.4,0.0901
42492.84169,26.356,-158.156,1446.4,0.0905
42492.84169,26.356,-158.156,1447.4,0.0901
42492.84169,26.356,-158.156,1448.4,0.0901
42492.84169,26.356,-158.156,1449.4,0.0903
42492.84169,26.356,-158.156,1450.3,0.0901
42492.84169,26.356,-158.156,1451.3,0.0901
42492.84169,26.356,-158.156,1452.3,0.0901
42492.84169,26.356,-158.156,1453.3,0.0901
42492.84169,26.356,-158.156,1455.3,0.0901
42492.84169,26.356,-158.156,1456.3,0.0903
42492.84169,26.356,-158.156,1457.2,0.0901
42492.84169,26.356,-158.156,1458.2,0.0905
42492.84169,26.356,-158.156,1459.2,0.0901
42492.84169,26.356,-158.156,1460.2,0.0905
42492.84169,26.356,-158.156,1461.2,0.0901
42492.84169,26.356,-158.156,1462.2,0.0901
42492.84169,26.356,-158.156,1463.2,0.0901
42492.84169,26.356,-158.156,1464.1,0.0901
42492.84169,26.356,-158.156,1465.1,0.0897
42492.84169,26.356,-158.156,1466.1,0.0901
42492.84169,26.356,-158.156,1467.1,0.0905
42492.84169,26.356,-158.156,1468.1,0.0901
42492.84169,26.356,-158.156,1469.1,0.0901
42492.84169,26.356,-158.156,1470.1,0.0901
42492.84169,26.356,-158.156,1472,0.0901
42492.84169,26.356,-158.156,1473,0.0903
42492.84169,26.356,-158.156,1474,0.0901
42492.84169,26.356,-158.156,1475,0.0901
42492.84169,26.356,-158.156,1476,0.0901
42492.84169,26.356,-158.156,1477,0.0897
42492.84169,26.356,-158.156,1478,0.0901
42492.84169,26.356,-158.156,1478.9,0.0905
42492.84169,26.356,-158.156,1479.9,0.0901
42492.84169,26.356,-158.156,1480.9,0.0901
42492.84169,26.356,-158.156,1481.9,0.0901
42492.84169,26.356,-158.156,1482.9,0.0901
42492.84169,26.356,-158.156,1483.9,0.0905
42492.84169,26.356,-158.156,1484.9,0.0901
42492.84169,26.356,-158.156,1485.9,0.0905
42492.84169,26.356,-158.156,1487.8,0.0901
42492.84169,26.356,-158.156,1488.8,0.0897
42492.84169,26.356,-158.156,1489.8,0.0901
42492.84169,26.356,-158.156,1490.8,0.0901
42492.84169,26.356,-158.156,1492.8,0.0901
42492.84169,26.356,-158.156,1493.7,0.0901
42492.84169,26.356,-158.156,1494.7,0.0901
42492.84169,26.356,-158.156,1495.7,0.0901
42492.84169,26.356,-158.156,1496.7,0.0901
42492.84169,26.356,-158.156,1497.7,0.0901
42492.84169,26.356,-158.156,1498.7,0.0901
42492.84169,26.356,-158.156,1499.7,0.0901
42492.84169,26.356,-158.156,1500.6,0.0901
42492.84169,26.356,-158.156,1501.6,0.0901
42492.84169,26.356,-158.156,1503.6,0.0901
42492.84169,26.356,-158.156,1504.6,0.0901
42492.84169,26.356,-158.156,1505.6,0.0901
42492.84169,26.356,-158.156,1506.6,0.0901
42492.84169,26.356,-158.156,1507.5,0.0901
42492.84169,26.356,-158.156,1508.5,0.0901
42492.84169,26.356,-158.156,1509.5,0.0901
42492.84169,26.356,-158.156,1510.5,0.0901
42492.84169,26.356,-158.156,1511.5,0.0901
42492.84169,26.356,-158.156,1512.5,0.0901
42492.84169,26.356,-158.156,1513.5,0.0901
42492.84169,26.356,-158.156,1514.5,0.0901
42492.84169,26.356,-158.156,1515.4,0.0901
42492.84169,26.356,-158.156,1516.4,0.0897
42492.84169,26.356,-158.156,1517.4,0.0901
42492.84169,26.356,-158.156,1518.4,0.0901
42492.84169,26.356,-158.156,1519.4,0.0901
42492.84169,26.356,-158.156,1520.4,0.0901
42492.84169,26.356,-158.156,1521.4,0.0901
42492.84169,26.356,-158.156,1522.3,0.0901
42492.84169,26.356,-158.156,1523.3,0.0901
42492.84169,26.356,-158.156,1524.3,0.0901
42492.84169,26.356,-158.156,1525.3,0.0901
42492.84169,26.356,-158.156,1526.3,0.0901
42492.84169,26.356,-158.156,1527.3,0.0901
42492.84169,26.356,-158.156,1528.3,0.0899
42492.84169,26.356,-158.156,1529.2,0.0901
42492.84169,26.356,-158.156,1531.2,0.0901
42492.84169,26.356,-158.156,1532.2,0.0901
42492.84169,26.356,-158.156,1533.2,0.0899
42492.84169,26.356,-158.156,1534.2,0.0897
42492.84169,26.356,-158.156,1535.2,0.0901
42492.84169,26.356,-158.156,1536.2,0.0901
42492.84169,26.356,-158.156,1537.1,0.0901
42492.84169,26.356,-158.156,1538.1,0.0901
42492.84169,26.356,-158.156,1539.1,0.0901
42492.84169,26.356,-158.156,1540.1,0.0901
42492.84169,26.356,-158.156,1541.1,0.0901
42492.84169,26.356,-158.156,1542.1,0.0897
42492.84169,26.356,-158.156,1543.1,0.0897
42492.84169,26.356,-158.156,1544,0.0897
42492.84169,26.356,-158.156,1545,0.0897
42492.84169,26.356,-158.156,1546,0.0901
42492.84169,26.356,-158.156,1547,0.0901
42492.84169,26.356,-158.156,1548,0.0899
42492.84169,26.356,-158.156,1549,0.0901
42492.84169,26.356,-158.156,1550,0.0901
42492.84169,26.356,-158.156,1550.9,0.0901
42492.84169,26.356,-158.156,1551.9,0.0901
42492.84169,26.356,-158.156,1553.9,0.0901
42492.84169,26.356,-158.156,1554.9,0.0901
42492.84169,26.356,-158.156,1555.9,0.0901
42492.84169,26.356,-158.156,1556.9,0.0901
42492.84169,26.356,-158.156,1557.8,0.0901
42492.84169,26.356,-158.156,1558.8,0.0901
42492.84169,26.356,-158.156,1559.8,0.0897
42492.84169,26.356,-158.156,1561.8,0.0901
42492.84169,26.356,-158.156,1562.8,0.0897
42492.84169,26.356,-158.156,1563.8,0.0897
42492.84169,26.356,-158.156,1564.7,0.09
42492.84169,26.356,-158.156,1565.7,0.0897
42492.84169,26.356,-158.156,1566.7,0.0901
42492.84169,26.356,-158.156,1567.7,0.0901
42492.84169,26.356,-158.156,1569.7,0.0901
42492.84169,26.356,-158.156,1570.7,0.0897
42492.84169,26.356,-158.156,1571.6,0.0899
42492.84169,26.356,-158.156,1572.6,0.0897
42492.84169,26.356,-158.156,1573.6,0.0901
42492.84169,26.356,-158.156,1574.6,0.0901
42492.84169,26.356,-158.156,1575.6,0.0897
42492.84169,26.356,-158.156,1576.6,0.0897
42492.84169,26.356,-158.156,1578.6,0.0899
42492.84169,26.356,-158.156,1579.5,0.0901
42492.84169,26.356,-158.156,1580.5,0.0897
42492.84169,26.356,-158.156,1581.5,0.0899
42492.84169,26.356,-158.156,1582.5,0.0901
42492.84169,26.356,-158.156,1583.5,0.0901
42492.84169,26.356,-158.156,1584.5,0.0897
42492.84169,26.356,-158.156,1585.5,0.0901
42492.84169,26.356,-158.156,1586.4,0.0897
42492.84169,26.356,-158.156,1587.4,0.0897
42492.84169,26.356,-158.156,1588.4,0.0897
42492.84169,26.356,-158.156,1589.4,0.0897
42492.84169,26.356,-158.156,1590.4,0.0897
42492.84169,26.356,-158.156,1591.4,0.0897
42492.84169,26.356,-158.156,1592.4,0.0901
42492.84169,26.356,-158.156,1593.3,0.0897
42492.84169,26.356,-158.156,1594.3,0.0897
42492.84169,26.356,-158.156,1595.3,0.0899
42492.84169,26.356,-158.156,1596.3,0.0901
42492.84169,26.356,-158.156,1597.3,0.0901
42492.84169,26.356,-158.156,1598.3,0.0901
42492.84169,26.356,-158.156,1599.3,0.0901
42492.84169,26.356,-158.156,1600.2,0.0901
42492.84169,26.356,-158.156,1601.2,0.0897
42492.84169,26.356,-158.156,1602.2,0.0901
42492.84169,26.356,-158.156,1603.2,0.0897
42492.84169,26.356,-158.156,1604.2,0.0897
42492.84169,26.356,-158.156,1605.2,0.0897
42492.84169,26.356,-158.156,1606.2,0.0901
42492.84169,26.356,-158.156,1607.1,0.0897
42492.84169,26.356,-158.156,1608.1,0.0901
42492.84169,26.356,-158.156,1609.1,0.0897
42492.84169,26.356,-158.156,1611.1,0.0897
42492.84169,26.356,-158.156,1613.1,0.0901
42492.84169,26.356,-158.156,1614,0.0901
42492.84169,26.356,-158.156,1615,0.0897
42492.84169,26.356,-158.156,1616,0.0897
42492.84169,26.356,-158.156,1617,0.0901
42492.84169,26.356,-158.156,1618,0.0901
42492.84169,26.356,-158.156,1619,0.0897
42492.84169,26.356,-158.156,1620,0.0901
42492.84169,26.356,-158.156,1621.9,0.0897
42492.84169,26.356,-158.156,1622.9,0.0897
42492.84169,26.356,-158.156,1623.9,0.0901
42492.84169,26.356,-158.156,1624.9,0.0897
42492.84169,26.356,-158.156,1625.9,0.0901
42492.84169,26.356,-158.156,1626.9,0.0897
42492.84169,26.356,-158.156,1627.8,0.0901
42492.84169,26.356,-158.156,1628.8,0.0897
42492.84169,26.356,-158.156,1629.8,0.0897
42492.84169,26.356,-158.156,1630.8,0.0897
42492.84169,26.356,-158.156,1631.8,0.0901
42492.84169,26.356,-158.156,1632.8,0.0897
42492.84169,26.356,-158.156,1633.8,0.0897
42492.84169,26.356,-158.156,1635.7,0.0901
42492.84169,26.356,-158.156,1636.7,0.0897
42492.84169,26.356,-158.156,1637.7,0.0897
42492.84169,26.356,-158.156,1638.7,0.0897
42492.84169,26.356,-158.156,1639.7,0.0901
42492.84169,26.356,-158.156,1640.7,0.0897
42492.84169,26.356,-158.156,1641.6,0.0899
42492.84169,26.356,-158.156,1642.6,0.0897
42492.84169,26.356,-158.156,1643.6,0.0897
42492.84169,26.356,-158.156,1644.6,0.0897
42492.84169,26.356,-158.156,1645.6,0.0897
42492.84169,26.356,-158.156,1647.6,0.0901
42492.84169,26.356,-158.156,1648.5,0.0897
42492.84169,26.356,-158.156,1649.5,0.0897
42492.84169,26.356,-158.156,1650.5,0.0897
42492.84169,26.356,-158.156,1651.5,0.0897
42492.84169,26.356,-158.156,1652.5,0.0897
42492.84169,26.356,-158.156,1654.5,0.0897
42492.84169,26.356,-158.156,1655.4,0.0897
42492.84169,26.356,-158.156,1656.4,0.0897
42492.84169,26.356,-158.156,1657.4,0.0899
42492.84169,26.356,-158.156,1658.4,0.0897
42492.84169,26.356,-158.156,1659.4,0.0897
42492.84169,26.356,-158.156,1661.4,0.0897
42492.84169,26.356,-158.156,1662.3,0.0901
42492.84169,26.356,-158.156,1664.3,0.0897
42492.84169,26.356,-158.156,1665.3,0.0899
42492.84169,26.356,-158.156,1666.3,0.0897
42492.84169,26.356,-158.156,1667.3,0.0897
42492.84169,26.356,-158.156,1669.2,0.0897
42492.84169,26.356,-158.156,1670.2,0.0897
42492.84169,26.356,-158.156,1672.2,0.0897
42492.84169,26.356,-158.156,1673.2,0.0901
42492.84169,26.356,-158.156,1674.2,0.0898
42492.84169,26.356,-158.156,1675.2,0.0897
42492.84169,26.356,-158.156,1677.1,0.0897
42492.84169,26.356,-158.156,1678.1,0.0897
42492.84169,26.356,-158.156,1680.1,0.0897
42492.84169,26.356,-158.156,1682.1,0.0898
42492.84169,26.356,-158.156,1683,0.0897
42492.84169,26.356,-158.156,1685,0.0901
42492.84169,26.356,-158.156,1687,0.0897
42492.84169,26.356,-158.156,1688.9,0.0897
42492.84169,26.356,-158.156,1689.9,0.0897
42492.84169,26.356,-158.156,1690.9,0.0901
42492.84169,26.356,-158.156,1691.9,0.0897
42492.84169,26.356,-158.156,1693.9,0.0897
42492.84169,26.356,-158.156,1694.9,0.0897
42492.84169,26.356,-158.156,1695.8,0.0897
42492.84169,26.356,-158.156,1697.8,0.0897
42492.84169,26.356,-158.156,1698.8,0.0897
42492.84169,26.356,-158.156,1699.8,0.0897
42492.84169,26.356,-158.156,1700.8,0.0897
42492.84169,26.356,-158.156,1701.8,0.0897
42492.84169,26.356,-158.156,1702.7,0.0897
42492.84169,26.356,-158.156,1703.7,0.0897
42492.84169,26.356,-158.156,1705.7,0.0897
42492.84169,26.356,-158.156,1706.7,0.0897
42492.84169,26.356,-158.156,1707.7,0.0897
42492.84169,26.356,-158.156,1708.7,0.0897
42492.84169,26.356,-158.156,1709.6,0.0897
42492.84169,26.356,-158.156,1711.6,0.0897
42492.84169,26.356,-158.156,1712.6,0.0897
42492.84169,26.356,-158.156,1713.6,0.0897
42492.84169,26.356,-158.156,1714.6,0.0899
42492.84169,26.356,-158.156,1715.6,0.0897
42492.84169,26.356,-158.156,1717.5,0.0897
42492.84169,26.356,-158.156,1718.5,0.0897
42492.84169,26.356,-158.156,1719.5,0.0897
42492.84169,26.356,-158.156,1720.5,0.0901
42492.84169,26.356,-158.156,1721.5,0.0897
42492.84169,26.356,-158.156,1722.5,0.0897
42492.84169,26.356,-158.156,1723.4,0.0901
42492.84169,26.356,-158.156,1724.4,0.0897
42492.84169,26.356,-158.156,1726.4,0.0897
42492.84169,26.356,-158.156,1727.4,0.0897
42492.84169,26.356,-158.156,1728.4,0.0897
42492.84169,26.356,-158.156,1730.3,0.0897
42492.84169,26.356,-158.156,1731.3,0.0897
42492.84169,26.356,-158.156,1732.3,0.0897
42492.84169,26.356,-158.156,1733.3,0.0897
42492.84169,26.356,-158.156,1734.3,0.0897
42492.84169,26.356,-158.156,1736.2,0.0897
42492.84169,26.356,-158.156,1737.2,0.0897
42492.84169,26.356,-158.156,1738.2,0.0897
42492.84169,26.356,-158.156,1739.2,0.0901
42492.84169,26.356,-158.156,1740.2,0.0895
42492.84169,26.356,-158.156,1742.2,0.0897
42492.84169,26.356,-158.156,1743.1,0.0894
42492.84169,26.356,-158.156,1744.1,0.0897
42492.84169,26.356,-158.156,1745.1,0.0897
42492.84169,26.356,-158.156,1746.1,0.0897
42492.84169,26.356,-158.156,1747.1,0.0897
42492.84169,26.356,-158.156,1748.1,0.0897
42492.84169,26.356,-158.156,1749.1,0.0897
42492.84169,26.356,-158.156,1750,0.0897
42492.84169,26.356,-158.156,1751,0.0897
42492.84169,26.356,-158.156,1752,0.0897
42492.84169,26.356,-158.156,1753,0.0897
42492.84169,26.356,-158.156,1754,0.0897
42492.84169,26.356,-158.156,1755,0.0897
42492.84169,26.356,-158.156,1755.9,0.0897
42492.84169,26.356,-158.156,1756.9,0.0901
42492.84169,26.356,-158.156,1758.9,0.0897
42492.84169,26.356,-158.156,1759.9,0.0897
42492.84169,26.356,-158.156,1760.9,0.0897
42492.84169,26.356,-158.156,1761.9,0.0897
42492.84169,26.356,-158.156,1762.8,0.0897
42492.84169,26.356,-158.156,1764.8,0.0897
42492.84169,26.356,-158.156,1765.8,0.0897
42492.84169,26.356,-158.156,1766.8,0.0897
42492.84169,26.356,-158.156,1767.8,0.0897
42492.84169,26.356,-158.156,1769.7,0.0897
42492.84169,26.356,-158.156,1770.7,0.0897
42492.84169,26.356,-158.156,1771.7,0.0897
42492.84169,26.356,-158.156,1772.7,0.0897
42492.84169,26.356,-158.156,1773.7,0.0897
42492.84169,26.356,-158.156,1774.7,0.0894
42492.84169,26.356,-158.156,1775.7,0.0897
42492.84169,26.356,-158.156,1776.6,0.0897
42492.84169,26.356,-158.156,1777.6,0.0897
42492.84169,26.356,-158.156,1778.6,0.0897
42492.84169,26.356,-158.156,1779.6,0.0897
42492.84169,26.356,-158.156,1780.6,0.0897
42492.84169,26.356,-158.156,1781.6,0.0897
42492.84169,26.356,-158.156,1782.5,0.0897
42492.84169,26.356,-158.156,1783.5,0.0894
42492.84169,26.356,-158.156,1784.5,0.0897
42492.84169,26.356,-158.156,1785.5,0.0897
42492.84169,26.356,-158.156,1786.5,0.0897
42492.84169,26.356,-158.156,1787.5,0.0897
42492.84169,26.356,-158.156,1788.5,0.0897
42492.84169,26.356,-158.156,1789.4,0.0894
42492.84169,26.356,-158.156,1790.4,0.0897
42492.84169,26.356,-158.156,1791.4,0.0894
42492.84169,26.356,-158.156,1792.4,0.0897
42492.84169,26.356,-158.156,1793.4,0.0897
42492.84169,26.356,-158.156,1794.4,0.0897
42492.84169,26.356,-158.156,1795.4,0.0897
42492.84169,26.356,-158.156,1796.3,0.0897
42492.84169,26.356,-158.156,1797.3,0.0897
42492.84169,26.356,-158.156,1798.3,0.0897
42492.84169,26.356,-158.156,1800.3,0.0897
42492.84169,26.356,-158.156,1801.3,0.0897
42492.84169,26.356,-158.156,1802.2,0.0897
42492.84169,26.356,-158.156,1803.2,0.0897
42492.84169,26.356,-158.156,1804.2,0.0897
42492.84169,26.356,-158.156,1805.2,0.0897
42492.84169,26.356,-158.156,1806.2,0.0897
42492.84169,26.356,-158.156,1807.2,0.0897
42492.84169,26.356,-158.156,1808.2,0.0897
42492.84169,26.356,-158.156,1809.1,0.0897
42492.84169,26.356,-158.156,1810.1,0.0897
42492.84169,26.356,-158.156,1811.1,0.0897
42492.84169,26.356,-158.156,1812.1,0.0897
42492.84169,26.356,-158.156,1813.1,0.0897
42492.84169,26.356,-158.156,1814.1,0.0897
42492.84169,26.356,-158.156,1815,0.0897
42492.84169,26.356,-158.156,1816,0.0897
42492.84169,26.356,-158.156,1817,0.0894
42492.84169,26.356,-158.156,1818,0.0897
42492.84169,26.356,-158.156,1819,0.0897
42492.84169,26.356,-158.156,1820,0.0897
42492.84169,26.356,-158.156,1821,0.0894
42492.84169,26.356,-158.156,1821.9,0.0897
42492.84169,26.356,-158.156,1822.9,0.0897
42492.84169,26.356,-158.156,1823.9,0.0897
42492.84169,26.356,-158.156,1824.9,0.0897
42492.84169,26.356,-158.156,1825.9,0.0897
42492.84169,26.356,-158.156,1826.9,0.0897
42492.84169,26.356,-158.156,1827.9,0.0894
42492.84169,26.356,-158.156,1828.8,0.0897
42492.84169,26.356,-158.156,1829.8,0.0897
42492.84169,26.356,-158.156,1830.8,0.0894
42492.84169,26.356,-158.156,1831.8,0.0897
42492.84169,26.356,-158.156,1832.8,0.0897
42492.84169,26.356,-158.156,1833.8,0.0897
42492.84169,26.356,-158.156,1834.7,0.0897
42492.84169,26.356,-158.156,1835.7,0.0897
42492.84169,26.356,-158.156,1836.7,0.0897
42492.84169,26.356,-158.156,1837.7,0.0897
42492.84169,26.356,-158.156,1838.7,0.0897
42492.84169,26.356,-158.156,1839.7,0.0897
42492.84169,26.356,-158.156,1840.7,0.0897
42492.84169,26.356,-158.156,1841.6,0.0897
42492.84169,26.356,-158.156,1842.6,0.0894
42492.84169,26.356,-158.156,1844.6,0.0897
42492.84169,26.356,-158.156,1846.6,0.0897
42492.84169,26.356,-158.156,1847.5,0.0897
42492.84169,26.356,-158.156,1848.5,0.0897
42492.84169,26.356,-158.156,1849.5,0.0897
42492.84169,26.356,-158.156,1850.5,0.0897
42492.84169,26.356,-158.156,1851.5,0.0897
42492.84169,26.356,-158.156,1852.5,0.0897
42492.84169,26.356,-158.156,1853.5,0.0897
42492.84169,26.356,-158.156,1854.4,0.0897
42492.84169,26.356,-158.156,1855.4,0.0897
42492.84169,26.356,-158.156,1856.4,0.0897
42492.84169,26.356,-158.156,1857.4,0.0896
42492.84169,26.356,-158.156,1858.4,0.0897
42492.84169,26.356,-158.156,1859.4,0.0897
42492.84169,26.356,-158.156,1860.3,0.0897
42492.84169,26.356,-158.156,1862.3,0.0897
42492.84169,26.356,-158.156,1863.3,0.0895
42492.84169,26.356,-158.156,1864.3,0.0894
42492.84169,26.356,-158.156,1865.3,0.0897
42492.84169,26.356,-158.156,1866.3,0.0897
42492.84169,26.356,-158.156,1867.2,0.0897
42492.84169,26.356,-158.156,1868.2,0.0895
42492.84169,26.356,-158.156,1869.2,0.0897
42492.84169,26.356,-158.156,1870.2,0.0897
42492.84169,26.356,-158.156,1871.2,0.0897
42492.84169,26.356,-158.156,1872.2,0.0894
42492.84169,26.356,-158.156,1873.1,0.0897
42492.84169,26.356,-158.156,1874.1,0.0897
42492.84169,26.356,-158.156,1875.1,0.0894
42492.84169,26.356,-158.156,1876.1,0.0897
42492.84169,26.356,-158.156,1877.1,0.0897
42492.84169,26.356,-158.156,1878.1,0.0897
42492.84169,26.356,-158.156,1879.1,0.0897
42492.84169,26.356,-158.156,1880,0.0894
42492.84169,26.356,-158.156,1881,0.0897
42492.84169,26.356,-158.156,1882,0.0894
42492.84169,26.356,-158.156,1883,0.0894
42492.84169,26.356,-158.156,1884,0.0895
42492.84169,26.356,-158.156,1885,0.0897
42492.84169,26.356,-158.156,1885.9,0.0897
42492.84169,26.356,-158.156,1887.9,0.0897
42492.84169,26.356,-158.156,1888.9,0.0894
42492.84169,26.356,-158.156,1889.9,0.0894
42492.84169,26.356,-158.156,1890.9,0.0897
42492.84169,26.356,-158.156,1891.9,0.0897
42492.84169,26.356,-158.156,1892.8,0.0897
42492.84169,26.356,-158.156,1893.8,0.0897
42492.84169,26.356,-158.156,1894.8,0.0897
42492.84169,26.356,-158.156,1895.8,0.0897
42492.84169,26.356,-158.156,1896.8,0.0897
42492.84169,26.356,-158.156,1897.8,0.0897
42492.84169,26.356,-158.156,1898.7,0.0895
42492.84169,26.356,-158.156,1899.7,0.0894
42492.84169,26.356,-158.156,1900.7,0.0897
42492.84169,26.356,-158.156,1901.7,0.0897
42492.84169,26.356,-158.156,1902.7,0.0894
42492.84169,26.356,-158.156,1903.7,0.0894
42492.84169,26.356,-158.156,1904.7,0.0897
42492.84169,26.356,-158.156,1905.6,0.0897
42492.84169,26.356,-158.156,1906.6,0.0897
42492.84169,26.356,-158.156,1907.6,0.0894
42492.84169,26.356,-158.156,1908.6,0.0895
42492.84169,26.356,-158.156,1909.6,0.0897
42492.84169,26.356,-158.156,1910.6,0.0894
42492.84169,26.356,-158.156,1911.5,0.0894
42492.84169,26.356,-158.156,1912.5,0.0897
42492.84169,26.356,-158.156,1913.5,0.0894
42492.84169,26.356,-158.156,1914.5,0.0897
42492.84169,26.356,-158.156,1915.5,0.0895
42492.84169,26.356,-158.156,1916.5,0.0897
42492.84169,26.356,-158.156,1917.4,0.0894
42492.84169,26.356,-158.156,1918.4,0.0894
42492.84169,26.356,-158.156,1919.4,0.0897
42492.84169,26.356,-158.156,1921.4,0.0897
42492.84169,26.356,-158.156,1922.4,0.0897
42492.84169,26.356,-158.156,1923.4,0.0894
42492.84169,26.356,-158.156,1924.3,0.0894
42492.84169,26.356,-158.156,1925.3,0.0894
42492.84169,26.356,-158.156,1926.3,0.0894
42492.84169,26.356,-158.156,1927.3,0.0897
42492.84169,26.356,-158.156,1928.3,0.0894
42492.84169,26.356,-158.156,1929.3,0.0894
42492.84169,26.356,-158.156,1930.2,0.0894
42492.84169,26.356,-158.156,1931.2,0.0894
42492.84169,26.356,-158.156,1932.2,0.0897
42492.84169,26.356,-158.156,1933.2,0.0894
42492.84169,26.356,-158.156,1934.2,0.0895
42492.84169,26.356,-158.156,1935.2,0.0894
42492.84169,26.356,-158.156,1936.2,0.0894
42492.84169,26.356,-158.156,1937.1,0.0894
42492.84169,26.356,-158.156,1938.1,0.0897
42492.84169,26.356,-158.156,1939.1,0.0897
42492.84169,26.356,-158.156,1940.1,0.0897
42492.84169,26.356,-158.156,1942.1,0.0894
42492.84169,26.356,-158.156,1943,0.0897
42492.84169,26.356,-158.156,1944,0.0897
42492.84169,26.356,-158.156,1945,0.0894
42492.84169,26.356,-158.156,1946,0.0894
42492.84169,26.356,-158.156,1947,0.0894
42492.84169,26.356,-158.156,1948.9,0.0897
42492.84169,26.356,-158.156,1949.9,0.0894
42492.84169,26.356,-158.156,1950.9,0.0897
42492.84169,26.356,-158.156,1951.9,0.0895
42492.84169,26.356,-158.156,1952.9,0.0897
42492.84169,26.356,-158.156,1954.9,0.0897
42492.84169,26.356,-158.156,1955.8,0.0894
42492.84169,26.356,-158.156,1956.8,0.0897
42492.84169,26.356,-158.156,1957.8,0.0894
42492.84169,26.356,-158.156,1958.8,0.0897
42492.84169,26.356,-158.156,1959.8,0.0894
42492.84169,26.356,-158.156,1960.8,0.0894
42492.84169,26.356,-158.156,1961.7,0.0897
42492.84169,26.356,-158.156,1962.7,0.0894
42492.84169,26.356,-158.156,1963.7,0.0897
42492.84169,26.356,-158.156,1964.7,0.0897
42492.84169,26.356,-158.156,1965.7,0.0894
42492.84169,26.356,-158.156,1966.7,0.0894
42492.84169,26.356,-158.156,1967.6,0.0894
42492.84169,26.356,-158.156,1968.6,0.0894
42492.84169,26.356,-158.156,1969.6,0.0894
42492.84169,26.356,-158.156,1970.6,0.0894
42492.84169,26.356,-158.156,1971.6,0.0894
42492.84169,26.356,-158.156,1972.6,0.0894
42492.84169,26.356,-158.156,1973.6,0.0894
42492.84169,26.356,-158.156,1974.5,0.0894
42492.84169,26.356,-158.156,1975.5,0.0894
42492.84169,26.356,-158.156,1977.5,0.0897
42492.84169,26.356,-158.156,1978.5,0.0894
42492.84169,26.356,-158.156,1979.5,0.0894
42492.84169,26.356,-158.156,1980.4,0.0897
42492.84169,26.356,-158.156,1981.4,0.0894
42492.84169,26.356,-158.156,1982.4,0.0894
42492.84169,26.356,-158.156,1983.4,0.0897
42492.84169,26.356,-158.156,1984.4,0.0894
42492.84169,26.356,-158.156,1985.4,0.089
42492.84169,26.356,-158.156,1986.3,0.0899
42492.84169,26.356,-158.156,1987.3,0.0894
42492.84169,26.356,-158.156,1989.3,0.0894
42492.84169,26.356,-158.156,1990.3,0.0894
42492.84169,26.356,-158.156,1991.3,0.0894
42492.84169,26.356,-158.156,1992.2,0.0894
42492.84169,26.356,-158.156,1993.2,0.0895
42492.84169,26.356,-158.156,1994.2,0.0894
42492.84169,26.356,-158.156,1995.2,0.0894
42492.84169,26.356,-158.156,1996.2,0.0894
42492.84169,26.356,-158.156,1997.2,0.0894
42492.84169,26.356,-158.156,1998.2,0.089
42492.84169,26.356,-158.156,1999.1,0.0894
42492.84169,26.356,-158.156,2000.1,0.0894
42492.84169,26.356,-158.156,2001.1,0.0894
42492.84169,26.356,-158.156,2002.1,0.0895
42492.84169,26.356,-158.156,2003.1,0.0894
42492.84169,26.356,-158.156,2004.1,0.089
42492.84169,26.356,-158.156,2005,0.0894
42492.84169,26.356,-158.156,2006,0.0894
42492.84169,26.356,-158.156,2007,0.0894
42492.84169,26.356,-158.156,2008,0.0894
42492.84169,26.356,-158.156,2009,0.0894
42492.84169,26.356,-158.156,2010,0.0894
42492.84169,26.356,-158.156,2010.9,0.0894
42492.84169,26.356,-158.156,2011.9,0.0894
42492.84169,26.356,-158.156,2012.9,0.0894
42492.84169,26.356,-158.156,2013.9,0.0894
42492.84169,26.356,-158.156,2014.9,0.0894
42492.84169,26.356,-158.156,2015.9,0.0894
42492.84169,26.356,-158.156,2016.8,0.089
42492.84169,26.356,-158.156,2017.8,0.0894
42492.84169,26.356,-158.156,2018.8,0.0894
42492.84169,26.356,-158.156,2019.8,0.0892
42492.84169,26.356,-158.156,2020.8,0.0894
42492.84169,26.356,-158.156,2021.8,0.0894
42492.84169,26.356,-158.156,2022.8,0.0894
42492.84169,26.356,-158.156,2023.7,0.0894
42492.84169,26.356,-158.156,2024.7,0.0894
42492.84169,26.356,-158.156,2025.7,0.089
42492.84169,26.356,-158.156,2026.7,0.0894
42492.84169,26.356,-158.156,2027.7,0.0894
42492.84169,26.356,-158.156,2028.7,0.0894
42492.84169,26.356,-158.156,2029.6,0.0894
42492.84169,26.356,-158.156,2030.6,0.0894
42492.84169,26.356,-158.156,2032.6,0.0894
42492.84169,26.356,-158.156,2033.6,0.0894
42492.84169,26.356,-158.156,2034.6,0.0894
42492.84169,26.356,-158.156,2035.5,0.0894
42492.84169,26.356,-158.156,2036.5,0.0897
42492.84169,26.356,-158.156,2037.5,0.0894
42492.84169,26.356,-158.156,2038.5,0.089
42492.84169,26.356,-158.156,2040.5,0.0894
42492.84169,26.356,-158.156,2041.4,0.0895
42492.84169,26.356,-158.156,2042.4,0.0894
42492.84169,26.356,-158.156,2044.4,0.0894
42492.84169,26.356,-158.156,2045.4,0.0894
42492.84169,26.356,-158.156,2046.4,0.0894
42492.84169,26.356,-158.156,2047.3,0.0895
42492.84169,26.356,-158.156,2048.3,0.0894
42492.84169,26.356,-158.156,2049.3,0.0894
42492.84169,26.356,-158.156,2050.3,0.0894
42492.84169,26.356,-158.156,2051.3,0.0894
42492.84169,26.356,-158.156,2052.3,0.0894
42492.84169,26.356,-158.156,2054.2,0.0894
42492.84169,26.356,-158.156,2055.2,0.0894
42492.84169,26.356,-158.156,2056.2,0.0894
42492.84169,26.356,-158.156,2057.2,0.0894
42492.84169,26.356,-158.156,2058.2,0.0894
42492.84169,26.356,-158.156,2060.1,0.0894
42492.84169,26.356,-158.156,2061.1,0.089
42492.84169,26.356,-158.156,2062.1,0.0894
42492.84169,26.356,-158.156,2063.1,0.0892
42492.84169,26.356,-158.156,2064.1,0.089
42492.84169,26.356,-158.156,2065.1,0.0894
42492.84169,26.356,-158.156,2067,0.0894
42492.84169,26.356,-158.156,2068,0.0894
42492.84169,26.356,-158.156,2069,0.0897
42492.84169,26.356,-158.156,2070,0.0897
42492.84169,26.356,-158.156,2071,0.0894
42492.84169,26.356,-158.156,2071.9,0.0894
42492.84169,26.356,-158.156,2072.9,0.089
42492.84169,26.356,-158.156,2073.9,0.089
42492.84169,26.356,-158.156,2074.9,0.0894
42492.84169,26.356,-158.156,2075.9,0.0894
42492.84169,26.356,-158.156,2076.9,0.0894
42492.84169,26.356,-158.156,2077.8,0.0894
42492.84169,26.356,-158.156,2078.8,0.089
42492.84169,26.356,-158.156,2079.8,0.0894
42492.84169,26.356,-158.156,2080.8,0.0894
42492.84169,26.356,-158.156,2081.8,0.0894
42492.84169,26.356,-158.156,2082.8,0.0894
42492.84169,26.356,-158.156,2083.7,0.0894
42492.84169,26.356,-158.156,2084.7,0.0894
42492.84169,26.356,-158.156,2085.7,0.0894
42492.84169,26.356,-158.156,2086.7,0.089
42492.84169,26.356,-158.156,2087.7,0.0892
42492.84169,26.356,-158.156,2088.7,0.0892
42492.84169,26.356,-158.156,2090.6,0.089
42492.84169,26.356,-158.156,2091.6,0.0894
42492.84169,26.356,-158.156,2092.6,0.0892
42492.84169,26.356,-158.156,2093.6,0.0894
42492.84169,26.356,-158.156,2094.6,0.0894
42492.84169,26.356,-158.156,2096.5,0.0894
42492.84169,26.356,-158.156,2097.5,0.089
42492.84169,26.356,-158.156,2098.5,0.0892
42492.84169,26.356,-158.156,2099.5,0.0894
42492.84169,26.356,-158.156,2100.5,0.0894
42492.84169,26.356,-158.156,2102.4,0.0894
42492.84169,26.356,-158.156,2103.4,0.0894
42492.84169,26.356,-158.156,2104.4,0.089
42492.84169,26.356,-158.156,2105.4,0.0894
42492.84169,26.356,-158.156,2106.4,0.0894
42492.84169,26.356,-158.156,2107.4,0.0894
42492.84169,26.356,-158.156,2108.3,0.0894
42492.84169,26.356,-158.156,2109.3,0.089
42492.84169,26.356,-158.156,2110.3,0.089
42492.84169,26.356,-158.156,2112.3,0.0894
42492.84169,26.356,-158.156,2113.3,0.0894
42492.84169,26.356,-158.156,2114.2,0.0892
42492.84169,26.356,-158.156,2116.2,0.0894
42492.84169,26.356,-158.156,2117.2,0.089
42492.84169,26.356,-158.156,2118.2,0.0894
42492.84169,26.356,-158.156,2119.2,0.0894
42492.84169,26.356,-158.156,2120.1,0.0894
42492.84169,26.356,-158.156,2121.1,0.0892
42492.84169,26.356,-158.156,2122.1,0.0894
42492.84169,26.356,-158.156,2124.1,0.0894
42492.84169,26.356,-158.156,2125.1,0.0894
42492.84169,26.356,-158.156,2126,0.0894
42492.84169,26.356,-158.156,2127,0.0894
42492.84169,26.356,-158.156,2128,0.0894
42492.84169,26.356,-158.156,2129,0.0892
42492.84169,26.356,-158.156,2130,0.0894
42492.84169,26.356,-158.156,2131,0.089
42492.84169,26.356,-158.156,2132.9,0.089
42492.84169,26.356,-158.156,2133.9,0.089
42492.84169,26.356,-158.156,2134.9,0.089
42492.84169,26.356,-158.156,2135.9,0.0892
42492.84169,26.356,-158.156,2136.9,0.0894
42492.84169,26.356,-158.156,2137.8,0.089
42492.84169,26.356,-158.156,2138.8,0.0894
42492.84169,26.356,-158.156,2140.8,0.089
42492.84169,26.356,-158.156,2141.8,0.0894
42492.84169,26.356,-158.156,2142.8,0.089
42492.84169,26.356,-158.156,2143.7,0.0892
42492.84169,26.356,-158.156,2144.7,0.0894
42492.84169,26.356,-158.156,2145.7,0.0894
42492.84169,26.356,-158.156,2147.7,0.0894
42492.84169,26.356,-158.156,2148.7,0.0894
42492.84169,26.356,-158.156,2149.6,0.0894
42492.84169,26.356,-158.156,2150.6,0.0894
42492.84169,26.356,-158.156,2151.6,0.0894
42492.84169,26.356,-158.156,2152.6,0.0892
42492.84169,26.356,-158.156,2153.6,0.089
42492.84169,26.356,-158.156,2154.6,0.0894
42492.84169,26.356,-158.156,2156.5,0.089
42492.84169,26.356,-158.156,2157.5,0.089
42492.84169,26.356,-158.156,2158.5,0.0892
42492.84169,26.356,-158.156,2159.5,0.0894
42492.84169,26.356,-158.156,2160.5,0.089
42492.84169,26.356,-158.156,2161.4,0.0894
42492.84169,26.356,-158.156,2162.4,0.0892
42492.84169,26.356,-158.156,2163.4,0.0894
42492.84169,26.356,-158.156,2164.4,0.0894
42492.84169,26.356,-158.156,2165.4,0.0894
42492.84169,26.356,-158.156,2166.4,0.089
42492.84169,26.356,-158.156,2167.3,0.089
42492.84169,26.356,-158.156,2168.3,0.0894
42492.84169,26.356,-158.156,2169.3,0.0894
42492.84169,26.356,-158.156,2170.3,0.089
42492.84169,26.356,-158.156,2172.3,0.089
42492.84169,26.356,-158.156,2173.2,0.0894
42492.84169,26.356,-158.156,2175.2,0.0892
42492.84169,26.356,-158.156,2176.2,0.0894
42492.84169,26.356,-158.156,2177.2,0.0894
42492.84169,26.356,-158.156,2179.1,0.0894
42492.84169,26.356,-158.156,2180.1,0.0894
42492.84169,26.356,-158.156,2181.1,0.089
42492.84169,26.356,-158.156,2182.1,0.0892
42492.84169,26.356,-158.156,2183.1,0.089
42492.84169,26.356,-158.156,2184.1,0.0894
42492.84169,26.356,-158.156,2185,0.089
42492.84169,26.356,-158.156,2186,0.089
42492.84169,26.356,-158.156,2187,0.089
42492.84169,26.356,-158.156,2188,0.089
42492.84169,26.356,-158.156,2189,0.089
42492.84169,26.356,-158.156,2190,0.089
42492.84169,26.356,-158.156,2190.9,0.0894
42492.84169,26.356,-158.156,2191.9,0.089
42492.84169,26.356,-158.156,2192.9,0.0892
42492.84169,26.356,-158.156,2193.9,0.089
42492.84169,26.356,-158.156,2194.9,0.089
42492.84169,26.356,-158.156,2195.8,0.0894
42492.84169,26.356,-158.156,2196.8,0.0894
42492.84169,26.356,-158.156,2197.8,0.089
42492.84169,26.356,-158.156,2198.8,0.089
42492.84169,26.356,-158.156,2199.8,0.089
42492.84169,26.356,-158.156,2201.7,0.089
42492.84169,26.356,-158.156,2202.7,0.0894
42492.84169,26.356,-158.156,2203.7,0.0892
42492.84169,26.356,-158.156,2204.7,0.089
42492.84169,26.356,-158.156,2206.7,0.0894
42492.84169,26.356,-158.156,2208.6,0.0894
42492.84169,26.356,-158.156,2209.6,0.0894
42492.84169,26.356,-158.156,2210.6,0.0892
42492.84169,26.356,-158.156,2211.6,0.089
42492.84169,26.356,-158.156,2212.6,0.089
42492.84169,26.356,-158.156,2214.5,0.0894
42492.84169,26.356,-158.156,2216.5,0.089
42492.84169,26.356,-158.156,2217.5,0.089
42492.84169,26.356,-158.156,2218.5,0.089
42492.84169,26.356,-158.156,2219.4,0.089
42492.84169,26.356,-158.156,2220.4,0.089
42492.84169,26.356,-158.156,2221.4,0.089
42492.84169,26.356,-158.156,2222.4,0.089
42492.84169,26.356,-158.156,2223.4,0.0894
42492.84169,26.356,-158.156,2225.3,0.089
42492.84169,26.356,-158.156,2226.3,0.0901
42492.84169,26.356,-158.156,2227.3,0.089
42492.84169,26.356,-158.156,2229.3,0.089
42492.84169,26.356,-158.156,2231.2,0.089
42492.84169,26.356,-158.156,2233.2,0.089
42492.84169,26.356,-158.156,2234.2,0.0891
42492.84169,26.356,-158.156,2235.2,0.0894
42492.84169,26.356,-158.156,2236.2,0.089
42492.84169,26.356,-158.156,2237.1,0.089
42492.84169,26.356,-158.156,2238.1,0.089
42492.84169,26.356,-158.156,2240.1,0.089
42492.84169,26.356,-158.156,2241.1,0.0894
42492.84169,26.356,-158.156,2242,0.0891
42492.84169,26.356,-158.156,2243,0.089
42492.84169,26.356,-158.156,2244,0.0894
42492.84169,26.356,-158.156,2246,0.089
42492.84169,26.356,-158.156,2247,0.089
42492.84169,26.356,-158.156,2247.9,0.089
42492.84169,26.356,-158.156,2248.9,0.089
42492.84169,26.356,-158.156,2249.9,0.089
42492.84169,26.356,-158.156,2251.9,0.0895
42492.84169,26.356,-158.156,2252.9,0.089
42492.84169,26.356,-158.156,2253.8,0.089
42492.84169,26.356,-158.156,2254.8,0.089
42492.84169,26.356,-158.156,2255.8,0.089
42492.84169,26.356,-158.156,2256.8,0.089
42492.84169,26.356,-158.156,2257.8,0.089
42492.84169,26.356,-158.156,2258.8,0.089
42492.84169,26.356,-158.156,2259.7,0.089
42492.84169,26.356,-158.156,2260.7,0.089
42492.84169,26.356,-158.156,2261.7,0.089
42492.84169,26.356,-158.156,2262.7,0.0894
42492.84169,26.356,-158.156,2263.7,0.0894
42492.84169,26.356,-158.156,2264.7,0.089
42492.84169,26.356,-158.156,2265.6,0.0892
42492.84169,26.356,-158.156,2266.6,0.0888
42492.84169,26.356,-158.156,2267.6,0.089
42492.84169,26.356,-158.156,2268.6,0.0886
42492.84169,26.356,-158.156,2269.6,0.089
42492.84169,26.356,-158.156,2270.6,0.089
42492.84169,26.356,-158.156,2271.5,0.089
42492.84169,26.356,-158.156,2272.5,0.089
42492.84169,26.356,-158.156,2273.5,0.089
42492.84169,26.356,-158.156,2274.5,0.089
42492.84169,26.356,-158.156,2275.5,0.089
42492.84169,26.356,-158.156,2277.4,0.0894
42492.84169,26.356,-158.156,2278.4,0.089
42492.84169,26.356,-158.156,2280.4,0.0894
42492.84169,26.356,-158.156,2281.4,0.0891
42492.84169,26.356,-158.156,2282.3,0.089
42492.84169,26.356,-158.156,2283.3,0.089
42492.84169,26.356,-158.156,2284.3,0.0886
42492.84169,26.356,-158.156,2286.3,0.089
42492.84169,26.356,-158.156,2287.3,0.089
42492.84169,26.356,-158.156,2288.2,0.0892
42492.84169,26.356,-158.156,2289.2,0.089
42492.84169,26.356,-158.156,2290.2,0.089
42492.84169,26.356,-158.156,2291.2,0.0894
42492.84169,26.356,-158.156,2292.2,0.089
42492.84169,26.356,-158.156,2294.1,0.089
42492.84169,26.356,-158.156,2295.1,0.089
42492.84169,26.356,-158.156,2296.1,0.089
42492.84169,26.356,-158.156,2297.1,0.089
42492.84169,26.356,-158.156,2298.1,0.089
42492.84169,26.356,-158.156,2299,0.0886
42492.84169,26.356,-158.156,2300,0.089
42492.84169,26.356,-158.156,2302,0.089
42492.84169,26.356,-158.156,2303,0.089
42492.84169,26.356,-158.156,2304,0.089
42492.84169,26.356,-158.156,2304.9,0.089
42492.84169,26.356,-158.156,2305.9,0.0892
42492.84169,26.356,-158.156,2306.9,0.089
42492.84169,26.356,-158.156,2307.9,0.089
42492.84169,26.356,-158.156,2309.9,0.089
42492.84169,26.356,-158.156,2310.8,0.089
42492.84169,26.356,-158.156,2311.8,0.089
42492.84169,26.356,-158.156,2312.8,0.089
42492.84169,26.356,-158.156,2313.8,0.089
42492.84169,26.356,-158.156,2314.8,0.089
42492.84169,26.356,-158.156,2315.8,0.089
42492.84169,26.356,-158.156,2316.7,0.089
42492.84169,26.356,-158.156,2317.7,0.089
42492.84169,26.356,-158.156,2318.7,0.089
42492.84169,26.356,-158.156,2319.7,0.089
42492.84169,26.356,-158.156,2320.7,0.089
42492.84169,26.356,-158.156,2322.6,0.0894
42492.84169,26.356,-158.156,2323.6,0.089
42492.84169,26.356,-158.156,2324.6,0.089
42492.84169,26.356,-158.156,2325.6,0.0889
42492.84169,26.356,-158.156,2326.6,0.089
42492.84169,26.356,-158.156,2327.5,0.089
42492.84169,26.356,-158.156,2329.5,0.089
42492.84169,26.356,-158.156,2330.5,0.089
42492.84169,26.356,-158.156,2331.5,0.089
42492.84169,26.356,-158.156,2332.5,0.089
42492.84169,26.356,-158.156,2334.4,0.0886
42492.84169,26.356,-158.156,2335.4,0.089
42492.84169,26.356,-158.156,2336.4,0.089
42492.84169,26.356,-158.156,2337.4,0.089
42492.84169,26.356,-158.156,2338.4,0.0888
42492.84169,26.356,-158.156,2339.3,0.089
42492.84169,26.356,-158.156,2340.3,0.0894
42492.84169,26.356,-158.156,2341.3,0.089
42492.84169,26.356,-158.156,2342.3,0.089
42492.84169,26.356,-158.156,2343.3,0.0888
42492.84169,26.356,-158.156,2344.2,0.089
42492.84169,26.356,-158.156,2346.2,0.089
42492.84169,26.356,-158.156,2347.2,0.089
42492.84169,26.356,-158.156,2348.2,0.0887
42492.84169,26.356,-158.156,2349.2,0.089
42492.84169,26.356,-158.156,2350.1,0.089
42492.84169,26.356,-158.156,2352.1,0.089
42492.84169,26.356,-158.156,2353.1,0.089
42492.84169,26.356,-158.156,2354.1,0.0886
42492.84169,26.356,-158.156,2355.1,0.089
42492.84169,26.356,-158.156,2356,0.089
42492.84169,26.356,-158.156,2357,0.089
42492.84169,26.356,-158.156,2359,0.089
42492.84169,26.356,-158.156,2360,0.089
42492.84169,26.356,-158.156,2360.9,0.089
42492.84169,26.356,-158.156,2361.9,0.089
42492.84169,26.356,-158.156,2362.9,0.089
42492.84169,26.356,-158.156,2363.9,0.0886
42492.84169,26.356,-158.156,2364.9,0.0886
42492.84169,26.356,-158.156,2365.9,0.089
42492.84169,26.356,-158.156,2366.8,0.089
42492.84169,26.356,-158.156,2367.8,0.089
42492.84169,26.356,-158.156,2368.8,0.0886
42492.84169,26.356,-158.156,2369.8,0.0894
42492.84169,26.356,-158.156,2370.8,0.0888
42492.84169,26.356,-158.156,2371.8,0.089
42492.84169,26.356,-158.156,2372.7,0.0886
42492.84169,26.356,-158.156,2373.7,0.089
42492.84169,26.356,-158.156,2374.7,0.089
42492.84169,26.356,-158.156,2375.7,0.089
42492.84169,26.356,-158.156,2376.7,0.089
42492.84169,26.356,-158.156,2377.6,0.089
42492.84169,26.356,-158.156,2378.6,0.089
42492.84169,26.356,-158.156,2379.6,0.089
42492.84169,26.356,-158.156,2380.6,0.0886
42492.84169,26.356,-158.156,2381.6,0.089
42492.84169,26.356,-158.156,2383.5,0.089
42492.84169,26.356,-158.156,2384.5,0.089
42492.84169,26.356,-158.156,2385.5,0.089
42492.84169,26.356,-158.156,2386.5,0.089
42492.84169,26.356,-158.156,2387.5,0.089
42492.84169,26.356,-158.156,2388.5,0.089
42492.84169,26.356,-158.156,2389.4,0.089
42492.84169,26.356,-158.156,2391.4,0.089
42492.84169,26.356,-158.156,2392.4,0.089
42492.84169,26.356,-158.156,2394.3,0.0886
42492.84169,26.356,-158.156,2395.3,0.0886
42492.84169,26.356,-158.156,2396.3,0.089
42492.84169,26.356,-158.156,2397.3,0.089
42492.84169,26.356,-158.156,2398.3,0.0889
42492.84169,26.356,-158.156,2400.2,0.089
42492.84169,26.356,-158.156,2401.2,0.089
42492.84169,26.356,-158.156,2402.2,0.0886
42492.84169,26.356,-158.156,2403.2,0.089
42492.84169,26.356,-158.156,2404.2,0.089
42492.84169,26.356,-158.156,2405.1,0.0886
42492.84169,26.356,-158.156,2406.1,0.0888
42492.84169,26.356,-158.156,2408.1,0.0886
42492.84169,26.356,-158.156,2409.1,0.089
42492.84169,26.356,-158.156,2410.1,0.0889
42492.84169,26.356,-158.156,2411,0.089
42492.84169,26.356,-158.156,2412,0.0886
42492.84169,26.356,-158.156,2414,0.0886
42492.84169,26.356,-158.156,2415,0.089
42492.84169,26.356,-158.156,2416,0.0886
42492.84169,26.356,-158.156,2416.9,0.0886
42492.84169,26.356,-158.156,2417.9,0.089
42492.84169,26.356,-158.156,2418.9,0.089
42492.84169,26.356,-158.156,2420.9,0.0886
42492.84169,26.356,-158.156,2421.8,0.089
42492.84169,26.356,-158.156,2422.8,0.0888
42492.84169,26.356,-158.156,2424.8,0.089
42492.84169,26.356,-158.156,2425.8,0.0886
42492.84169,26.356,-158.156,2427.7,0.089
42492.84169,26.356,-158.156,2428.7,0.0887
42492.84169,26.356,-158.156,2429.7,0.0886
42492.84169,26.356,-158.156,2431.7,0.089
42492.84169,26.356,-158.156,2432.6,0.089
42492.84169,26.356,-158.156,2433.6,0.0886
42492.84169,26.356,-158.156,2434.6,0.0888
42492.84169,26.356,-158.156,2435.6,0.089
42492.84169,26.356,-158.156,2436.6,0.089
42492.84169,26.356,-158.156,2437.6,0.089
42492.84169,26.356,-158.156,2438.5,0.089
42492.84169,26.356,-158.156,2439.5,0.089
42492.84169,26.356,-158.156,2440.5,0.0887
42492.84169,26.356,-158.156,2441.5,0.089
42492.84169,26.356,-158.156,2442.5,0.089
42492.84169,26.356,-158.156,2444.4,0.089
42492.84169,26.356,-158.156,2445.4,0.089
42492.84169,26.356,-158.156,2446.4,0.0886
42492.84169,26.356,-158.156,2447.4,0.0887
42492.84169,26.356,-158.156,2448.4,0.089
42492.84169,26.356,-158.156,2449.3,0.089
42492.84169,26.356,-158.156,2450.3,0.0886
42492.84169,26.356,-158.156,2451.3,0.0886
42492.84169,26.356,-158.156,2452.3,0.0886
42492.84169,26.356,-158.156,2454.2,0.0888
42492.84169,26.356,-158.156,2455.2,0.0887
42492.84169,26.356,-158.156,2457.2,0.089
42492.84169,26.356,-158.156,2459.2,0.089
42492.84169,26.356,-158.156,2460.1,0.089
42492.84169,26.356,-158.156,2461.1,0.0887
42492.84169,26.356,-158.156,2462.1,0.089
42492.84169,26.356,-158.156,2463.1,0.089
42492.84169,26.356,-158.156,2464.1,0.0886
42492.84169,26.356,-158.156,2465,0.0886
42492.84169,26.356,-158.156,2467,0.0886
42492.84169,26.356,-158.156,2468,0.089
42492.84169,26.356,-158.156,2469,0.0884
42492.84169,26.356,-158.156,2470,0.0886
42492.84169,26.356,-158.156,2470.9,0.089
42492.84169,26.356,-158.156,2471.9,0.0886
42492.84169,26.356,-158.156,2472.9,0.089
42492.84169,26.356,-158.156,2473.9,0.0886
42492.84169,26.356,-158.156,2474.9,0.0886
42492.84169,26.356,-158.156,2475.8,0.089
42492.84169,26.356,-158.156,2476.8,0.0888
42492.84169,26.356,-158.156,2477.8,0.0888
42492.84169,26.356,-158.156,2478.8,0.0886
42492.84169,26.356,-158.156,2480.8,0.089
42492.84169,26.356,-158.156,2481.7,0.089
42492.84169,26.356,-158.156,2482.7,0.0888
42492.84169,26.356,-158.156,2483.7,0.089
42492.84169,26.356,-158.156,2484.7,0.0886
42492.84169,26.356,-158.156,2485.7,0.0886
42492.84169,26.356,-158.156,2486.6,0.0886
42492.84169,26.356,-158.156,2487.6,0.089
42492.84169,26.356,-158.156,2488.6,0.0888
42492.84169,26.356,-158.156,2489.6,0.0886
42492.84169,26.356,-158.156,2490.6,0.089
42492.84169,26.356,-158.156,2491.6,0.0886
42492.84169,26.356,-158.156,2492.5,0.089
42492.84169,26.356,-158.156,2493.5,0.089
42492.84169,26.356,-158.156,2494.5,0.0886
42492.84169,26.356,-158.156,2495.5,0.0888
42492.84169,26.356,-158.156,2496.5,0.0886
42492.84169,26.356,-158.156,2497.4,0.089
42492.84169,26.356,-158.156,2499.4,0.0886
42492.84169,26.356,-158.156,2500.4,0.0886
42492.84169,26.356,-158.156,2501.4,0.0889
42492.84169,26.356,-158.156,2502.4,0.0886
42492.84169,26.356,-158.156,2503.3,0.0886
42492.84169,26.356,-158.156,2504.3,0.0886
42492.84169,26.356,-158.156,2506.3,0.0888
42492.84169,26.356,-158.156,2507.3,0.0886
42492.84169,26.356,-158.156,2508.2,0.0886
42492.84169,26.356,-158.156,2509.2,0.089
42492.84169,26.356,-158.156,2510.2,0.0886
42492.84169,26.356,-158.156,2512.2,0.0886
42492.84169,26.356,-158.156,2513.2,0.0886
42492.84169,26.356,-158.156,2514.1,0.0886
42492.84169,26.356,-158.156,2515.1,0.0886
42492.84169,26.356,-158.156,2516.1,0.089
42492.84169,26.356,-158.156,2517.1,0.089
42492.84169,26.356,-158.156,2518.1,0.0884
42492.84169,26.356,-158.156,2519,0.089
42492.84169,26.356,-158.156,2521,0.0886
42492.84169,26.356,-158.156,2522,0.089
42492.84169,26.356,-158.156,2523,0.0888
42492.84169,26.356,-158.156,2524,0.0886
42492.84169,26.356,-158.156,2524.9,0.0886
42492.84169,26.356,-158.156,2525.9,0.0886
42492.84169,26.356,-158.156,2526.9,0.0886
42492.84169,26.356,-158.156,2528.9,0.0886
42492.84169,26.356,-158.156,2530.8,0.0886
42492.84169,26.356,-158.156,2532.8,0.0886
42492.84169,26.356,-158.156,2533.8,0.089
42492.84169,26.356,-158.156,2534.8,0.0883
42492.84169,26.356,-158.156,2535.7,0.0886
42492.84169,26.356,-158.156,2536.7,0.0886
42492.84169,26.356,-158.156,2537.7,0.0886
42492.84169,26.356,-158.156,2538.7,0.0886
42492.84169,26.356,-158.156,2539.7,0.0886
42492.84169,26.356,-158.156,2540.6,0.0886
42492.84169,26.356,-158.156,2541.6,0.0886
42492.84169,26.356,-158.156,2542.6,0.0884
42492.84169,26.356,-158.156,2544.6,0.0882
42492.84169,26.356,-158.156,2545.5,0.0886
42492.84169,26.356,-158.156,2547.5,0.0886
42492.84169,26.356,-158.156,2548.5,0.0884
42492.84169,26.356,-158.156,2549.5,0.0886
42492.84169,26.356,-158.156,2550.5,0.0886
42492.84169,26.356,-158.156,2552.4,0.0886
42492.84169,26.356,-158.156,2553.4,0.0886
42492.84169,26.356,-158.156,2554.4,0.0886
42492.84169,26.356,-158.156,2555.4,0.0885
42492.84169,26.356,-158.156,2557.3,0.0882
42492.84169,26.356,-158.156,2558.3,0.0886
42492.84169,26.356,-158.156,2559.3,0.0886
42492.84169,26.356,-158.156,2560.3,0.0886
42492.84169,26.356,-158.156,2561.3,0.0888
42492.84169,26.356,-158.156,2562.2,0.0886
42492.84169,26.356,-158.156,2563.2,0.0886
42492.84169,26.356,-158.156,2564.2,0.0886
42492.84169,26.356,-158.156,2565.2,0.0886
42492.84169,26.356,-158.156,2566.2,0.0886
42492.84169,26.356,-158.156,2567.1,0.0886
42492.84169,26.356,-158.156,2568.1,0.0886
42492.84169,26.356,-158.156,2569.1,0.0886
42492.84169,26.356,-158.156,2570.1,0.0886
42492.84169,26.356,-158.156,2571.1,0.0897
42492.84169,26.356,-158.156,2572,0.089
42492.84169,26.356,-158.156,2573,0.0886
42492.84169,26.356,-158.156,2574,0.0886
42492.84169,26.356,-158.156,2575,0.0886
42492.84169,26.356,-158.156,2576,0.0886
42492.84169,26.356,-158.156,2577,0.0886
42492.84169,26.356,-158.156,2577.9,0.0882
42492.84169,26.356,-158.156,2578.9,0.0886
42492.84169,26.356,-158.156,2579.9,0.0886
42492.84169,26.356,-158.156,2580.9,0.0886
42492.84169,26.356,-158.156,2581.9,0.0884
42492.84169,26.356,-158.156,2582.8,0.0886
42492.84169,26.356,-158.156,2583.8,0.0886
42492.84169,26.356,-158.156,2584.8,0.0886
42492.84169,26.356,-158.156,2586.8,0.0886
42492.84169,26.356,-158.156,2587.7,0.0886
42492.84169,26.356,-158.156,2588.7,0.0886
42492.84169,26.356,-158.156,2589.7,0.0886
42492.84169,26.356,-158.156,2590.7,0.0886
42492.84169,26.356,-158.156,2591.7,0.0886
42492.84169,26.356,-158.156,2592.7,0.0886
42492.84169,26.356,-158.156,2593.6,0.0882
42492.84169,26.356,-158.156,2594.6,0.0886
42492.84169,26.356,-158.156,2595.6,0.0885
42492.84169,26.356,-158.156,2596.6,0.0886
42492.84169,26.356,-158.156,2597.6,0.0886
42492.84169,26.356,-158.156,2598.5,0.0882
42492.84169,26.356,-158.156,2600.5,0.0882
42492.84169,26.356,-158.156,2601.5,0.0886
42492.84169,26.356,-158.156,2602.5,0.0886
42492.84169,26.356,-158.156,2603.4,0.0886
42492.84169,26.356,-158.156,2605.4,0.0886
42492.84169,26.356,-158.156,2606.4,0.0886
42492.84169,26.356,-158.156,2607.4,0.0886
42492.84169,26.356,-158.156,2608.4,0.0886
42492.84169,26.356,-158.156,2609.3,0.0886
42492.84169,26.356,-158.156,2610.3,0.0886
42492.84169,26.356,-158.156,2611.3,0.0882
42492.84169,26.356,-158.156,2612.3,0.0882
42492.84169,26.356,-158.156,2613.3,0.0882
42492.84169,26.356,-158.156,2614.2,0.0886
42492.84169,26.356,-158.156,2615.2,0.0884
42492.84169,26.356,-158.156,2616.2,0.0886
42492.84169,26.356,-158.156,2617.2,0.0886
42492.84169,26.356,-158.156,2618.2,0.0886
42492.84169,26.356,-158.156,2619.1,0.0882
42492.84169,26.356,-158.156,2620.1,0.0882
42492.84169,26.356,-158.156,2621.1,0.0886
42492.84169,26.356,-158.156,2622.1,0.0886
42492.84169,26.356,-158.156,2623.1,0.0882
42492.84169,26.356,-158.156,2624.1,0.0886
42492.84169,26.356,-158.156,2625,0.0882
42492.84169,26.356,-158.156,2626,0.0882
42492.84169,26.356,-158.156,2627,0.0886
42492.84169,26.356,-158.156,2628,0.0884
42492.84169,26.356,-158.156,2629,0.0886
42492.84169,26.356,-158.156,2629.9,0.0886
42492.84169,26.356,-158.156,2630.9,0.0882
42492.84169,26.356,-158.156,2631.9,0.0886
42492.84169,26.356,-158.156,2632.9,0.0882
42492.84169,26.356,-158.156,2633.9,0.0886
42492.84169,26.356,-158.156,2634.8,0.0886
42492.84169,26.356,-158.156,2635.8,0.0884
42492.84169,26.356,-158.156,2636.8,0.0886
42492.84169,26.356,-158.156,2637.8,0.0882
42492.84169,26.356,-158.156,2639.8,0.0886
42492.84169,26.356,-158.156,2640.7,0.0882
42492.84169,26.356,-158.156,2641.7,0.0882
42492.84169,26.356,-158.156,2642.7,0.0886
42492.84169,26.356,-158.156,2643.7,0.0882
42492.84169,26.356,-158.156,2644.7,0.0882
42492.84169,26.356,-158.156,2645.6,0.0882
42492.84169,26.356,-158.156,2646.6,0.0886
42492.84169,26.356,-158.156,2647.6,0.0886
42492.84169,26.356,-158.156,2648.6,0.0886
42492.84169,26.356,-158.156,2649.6,0.0884
42492.84169,26.356,-158.156,2650.5,0.0886
42492.84169,26.356,-158.156,2651.5,0.0886
42492.84169,26.356,-158.156,2652.5,0.0882
42492.84169,26.356,-158.156,2653.5,0.0886
42492.84169,26.356,-158.156,2654.5,0.0886
42492.84169,26.356,-158.156,2655.4,0.0885
42492.84169,26.356,-158.156,2657.4,0.0886
42492.84169,26.356,-158.156,2658.4,0.0886
42492.84169,26.356,-158.156,2659.4,0.0882
42492.84169,26.356,-158.156,2660.4,0.0882
42492.84169,26.356,-158.156,2661.3,0.0886
42492.84169,26.356,-158.156,2662.3,0.0886
42492.84169,26.356,-158.156,2663.3,0.0886
42492.84169,26.356,-158.156,2665.3,0.0886
42492.84169,26.356,-158.156,2666.2,0.0882
42492.84169,26.356,-158.156,2667.2,0.0886
42492.84169,26.356,-158.156,2668.2,0.0886
42492.84169,26.356,-158.156,2669.2,0.0886
42492.84169,26.356,-158.156,2670.2,0.0886
42492.84169,26.356,-158.156,2671.1,0.0882
42492.84169,26.356,-158.156,2673.1,0.0886
42492.84169,26.356,-158.156,2674.1,0.0886
42492.84169,26.356,-158.156,2676,0.0883
42492.84169,26.356,-158.156,2677,0.0886
42492.84169,26.356,-158.156,2678,0.0882
42492.84169,26.356,-158.156,2680,0.0886
42492.84169,26.356,-158.156,2681,0.0882
42492.84169,26.356,-158.156,2681.9,0.0886
42492.84169,26.356,-158.156,2682.9,0.0882
42492.84169,26.356,-158.156,2683.9,0.0884
42492.84169,26.356,-158.156,2684.9,0.0882
42492.84169,26.356,-158.156,2685.9,0.0886
42492.84169,26.356,-158.156,2686.8,0.0886
42492.84169,26.356,-158.156,2687.8,0.0882
42492.84169,26.356,-158.156,2688.8,0.0886
42492.84169,26.356,-158.156,2690.8,0.0882
42492.84169,26.356,-158.156,2691.7,0.0886
42492.84169,26.356,-158.156,2692.7,0.0885
42492.84169,26.356,-158.156,2693.7,0.0886
42492.84169,26.356,-158.156,2694.7,0.0886
42492.84169,26.356,-158.156,2695.7,0.0886
42492.84169,26.356,-158.156,2697.6,0.0882
42492.84169,26.356,-158.156,2698.6,0.0886
42492.84169,26.356,-158.156,2699.6,0.0883
42492.84169,26.356,-158.156,2700.6,0.0882
42492.84169,26.356,-158.156,2701.6,0.0886
42492.84169,26.356,-158.156,2703.5,0.0886
42492.84169,26.356,-158.156,2704.5,0.0886
42492.84169,26.356,-158.156,2705.5,0.0886
42492.84169,26.356,-158.156,2706.5,0.0882
42492.84169,26.356,-158.156,2707.4,0.0886
42492.84169,26.356,-158.156,2708.4,0.0886
42492.84169,26.356,-158.156,2709.4,0.0882
42492.84169,26.356,-158.156,2710.4,0.0882
42492.84169,26.356,-158.156,2711.4,0.0882
42492.84169,26.356,-158.156,2713.3,0.0882
42492.84169,26.356,-158.156,2714.3,0.0882
42492.84169,26.356,-158.156,2715.3,0.0882
42492.84169,26.356,-158.156,2716.3,0.0886
42492.84169,26.356,-158.156,2717.2,0.0886
42492.84169,26.356,-158.156,2718.2,0.0882
42492.84169,26.356,-158.156,2719.2,0.0886
42492.84169,26.356,-158.156,2720.2,0.0882
42492.84169,26.356,-158.156,2721.2,0.0882
42492.84169,26.356,-158.156,2722.1,0.0886
42492.84169,26.356,-158.156,2723.1,0.0882
42492.84169,26.356,-158.156,2724.1,0.0882
42492.84169,26.356,-158.156,2725.1,0.0884
42492.84169,26.356,-158.156,2727,0.0886
42492.84169,26.356,-158.156,2728,0.0882
42492.84169,26.356,-158.156,2730,0.0886
42492.84169,26.356,-158.156,2731,0.0882
42492.84169,26.356,-158.156,2732,0.0882
42492.84169,26.356,-158.156,2732.9,0.0882
42492.84169,26.356,-158.156,2733.9,0.0882
42492.84169,26.356,-158.156,2734.9,0.0882
42492.84169,26.356,-158.156,2735.9,0.0882
42492.84169,26.356,-158.156,2737.8,0.0886
42492.84169,26.356,-158.156,2738.8,0.0886
42492.84169,26.356,-158.156,2739.8,0.0886
42492.84169,26.356,-158.156,2740.8,0.0885
42492.84169,26.356,-158.156,2741.8,0.0882
42492.84169,26.356,-158.156,2742.7,0.0882
42492.84169,26.356,-158.156,2743.7,0.0886
42492.84169,26.356,-158.156,2745.7,0.0882
42492.84169,26.356,-158.156,2746.7,0.0882
42492.84169,26.356,-158.156,2747.6,0.0882
42492.84169,26.356,-158.156,2748.6,0.0886
42492.84169,26.356,-158.156,2749.6,0.0882
42492.84169,26.356,-158.156,2750.6,0.0886
42492.84169,26.356,-158.156,2752.5,0.0882
42492.84169,26.356,-158.156,2753.5,0.0882
42492.84169,26.356,-158.156,2754.5,0.0883
42492.84169,26.356,-158.156,2755.5,0.0886
42492.84169,26.356,-158.156,2756.5,0.0886
42492.84169,26.356,-158.156,2757.4,0.0882
42492.84169,26.356,-158.156,2759.4,0.0886
42492.84169,26.356,-158.156,2760.4,0.0884
42492.84169,26.356,-158.156,2761.4,0.0882
42492.84169,26.356,-158.156,2762.4,0.0882
42492.84169,26.356,-158.156,2763.3,0.0886
42492.84169,26.356,-158.156,2764.3,0.0882
42492.84169,26.356,-158.156,2765.3,0.0886
42492.84169,26.356,-158.156,2766.3,0.0882
42492.84169,26.356,-158.156,2767.3,0.0886
42492.84169,26.356,-158.156,2768.2,0.0882
42492.84169,26.356,-158.156,2769.2,0.0882
42492.84169,26.356,-158.156,2771.2,0.0882
42492.84169,26.356,-158.156,2772.2,0.0882
42492.84169,26.356,-158.156,2773.1,0.0882
42492.84169,26.356,-158.156,2774.1,0.0885
42492.84169,26.356,-158.156,2775.1,0.0882
42492.84169,26.356,-158.156,2777.1,0.0879
42492.84169,26.356,-158.156,2778,0.0886
42492.84169,26.356,-158.156,2780,0.0882
42492.84169,26.356,-158.156,2781,0.0882
42492.84169,26.356,-158.156,2782.9,0.0886
42492.84169,26.356,-158.156,2783.9,0.0882
42492.84169,26.356,-158.156,2784.9,0.0884
42492.84169,26.356,-158.156,2785.9,0.0882
42492.84169,26.356,-158.156,2786.9,0.0886
42492.84169,26.356,-158.156,2787.8,0.0882
42492.84169,26.356,-158.156,2788.8,0.088
42492.84169,26.356,-158.156,2789.8,0.0882
42492.84169,26.356,-158.156,2790.8,0.0882
42492.84169,26.356,-158.156,2791.8,0.0882
42492.84169,26.356,-158.156,2792.7,0.0882
42492.84169,26.356,-158.156,2793.7,0.0882
42492.84169,26.356,-158.156,2794.7,0.0882
42492.84169,26.356,-158.156,2795.7,0.0884
42492.84169,26.356,-158.156,2796.7,0.0886
42492.84169,26.356,-158.156,2798.6,0.0882
42492.84169,26.356,-158.156,2799.6,0.0882
42492.84169,26.356,-158.156,2800.6,0.0886
42492.84169,26.356,-158.156,2801.6,0.0882
42492.84169,26.356,-158.156,2802.5,0.0882
42492.84169,26.356,-158.156,2803.5,0.0882
42492.84169,26.356,-158.156,2804.5,0.0886
42492.84169,26.356,-158.156,2805.5,0.0886
42492.84169,26.356,-158.156,2806.5,0.0882
42492.84169,26.356,-158.156,2807.4,0.0882
42492.84169,26.356,-158.156,2808.4,0.0886
42492.84169,26.356,-158.156,2809.4,0.0882
42492.84169,26.356,-158.156,2810.4,0.0882
42492.84169,26.356,-158.156,2811.4,0.0882
42492.84169,26.356,-158.156,2812.4,0.0884
42492.84169,26.356,-158.156,2814.3,0.0882
42492.84169,26.356,-158.156,2815.3,0.0882
42492.84169,26.356,-158.156,2816.3,0.0882
42492.84169,26.356,-158.156,2817.3,0.0882
42492.84169,26.356,-158.156,2818.2,0.0884
42492.84169,26.356,-158.156,2819.2,0.0879
42492.84169,26.356,-158.156,2820.2,0.0882
42492.84169,26.356,-158.156,2821.2,0.0882
42492.84169,26.356,-158.156,2822.2,0.0882
42492.84169,26.356,-158.156,2823.1,0.0882
42492.84169,26.356,-158.156,2824.1,0.0882
42492.84169,26.356,-158.156,2825.1,0.0882
42492.84169,26.356,-158.156,2826.1,0.0882
42492.84169,26.356,-158.156,2827.1,0.0882
42492.84169,26.356,-158.156,2828,0.0882
42492.84169,26.356,-158.156,2829,0.0886
42492.84169,26.356,-158.156,2830,0.0882
42492.84169,26.356,-158.156,2831,0.0882
42492.84169,26.356,-158.156,2832,0.0886
42492.84169,26.356,-158.156,2832.9,0.0882
42492.84169,26.356,-158.156,2833.9,0.0882
42492.84169,26.356,-158.156,2834.9,0.0882
42492.84169,26.356,-158.156,2835.9,0.0879
42492.84169,26.356,-158.156,2836.9,0.0882
42492.84169,26.356,-158.156,2837.8,0.0886
42492.84169,26.356,-158.156,2838.8,0.0882
42492.84169,26.356,-158.156,2839.8,0.0882
42492.84169,26.356,-158.156,2840.8,0.0886
42492.84169,26.356,-158.156,2841.8,0.0886
42492.84169,26.356,-158.156,2842.7,0.0882
42492.84169,26.356,-158.156,2843.7,0.0886
42492.84169,26.356,-158.156,2844.7,0.0882
42492.84169,26.356,-158.156,2845.7,0.0882
42492.84169,26.356,-158.156,2846.7,0.0882
42492.84169,26.356,-158.156,2847.6,0.0882
42492.84169,26.356,-158.156,2848.6,0.0882
42492.84169,26.356,-158.156,2849.6,0.0882
42492.84169,26.356,-158.156,2850.6,0.0882
42492.84169,26.356,-158.156,2851.6,0.0882
42492.84169,26.356,-158.156,2852.5,0.0882
42492.84169,26.356,-158.156,2853.5,0.0882
42492.84169,26.356,-158.156,2854.5,0.0882
42492.84169,26.356,-158.156,2855.5,0.0882
42492.84169,26.356,-158.156,2856.5,0.0886
42492.84169,26.356,-158.156,2857.4,0.0882
42492.84169,26.356,-158.156,2858.4,0.0882
42492.84169,26.356,-158.156,2859.4,0.0882
42492.84169,26.356,-158.156,2861.4,0.0882
42492.84169,26.356,-158.156,2862.3,0.0882
42492.84169,26.356,-158.156,2863.3,0.0882
42492.84169,26.356,-158.156,2864.3,0.0882
42492.84169,26.356,-158.156,2865.3,0.0886
42492.84169,26.356,-158.156,2866.3,0.0882
42492.84169,26.356,-158.156,2868.2,0.0879
42492.84169,26.356,-158.156,2869.2,0.0882
42492.84169,26.356,-158.156,2870.2,0.0882
42492.84169,26.356,-158.156,2871.2,0.0882
42492.84169,26.356,-158.156,2872.1,0.0882
42492.84169,26.356,-158.156,2873.1,0.0882
42492.84169,26.356,-158.156,2875.1,0.0882
42492.84169,26.356,-158.156,2876.1,0.0882
42492.84169,26.356,-158.156,2877,0.0881
42492.84169,26.356,-158.156,2878,0.0882
42492.84169,26.356,-158.156,2879,0.0886
42492.84169,26.356,-158.156,2881,0.0882
42492.84169,26.356,-158.156,2881.9,0.0882
42492.84169,26.356,-158.156,2882.9,0.0883
42492.84169,26.356,-158.156,2883.9,0.0879
42492.84169,26.356,-158.156,2884.9,0.0879
42492.84169,26.356,-158.156,2886.8,0.0882
42492.84169,26.356,-158.156,2887.8,0.0882
42492.84169,26.356,-158.156,2888.8,0.0882
42492.84169,26.356,-158.156,2889.8,0.0882
42492.84169,26.356,-158.156,2890.8,0.0882
42492.84169,26.356,-158.156,2891.7,0.0882
42492.84169,26.356,-158.156,2892.7,0.0882
42492.84169,26.356,-158.156,2893.7,0.0882
42492.84169,26.356,-158.156,2894.7,0.0882
42492.84169,26.356,-158.156,2896.6,0.0882
42492.84169,26.356,-158.156,2897.6,0.0882
42492.84169,26.356,-158.156,2898.6,0.0883
42492.84169,26.356,-158.156,2899.6,0.0882
42492.84169,26.356,-158.156,2901.5,0.0879
42492.84169,26.356,-158.156,2902.5,0.0882
42492.84169,26.356,-158.156,2903.5,0.0882
42492.84169,26.356,-158.156,2904.5,0.0882
42492.84169,26.356,-158.156,2905.5,0.0882
42492.84169,26.356,-158.156,2907.4,0.0882
42492.84169,26.356,-158.156,2908.4,0.0882
42492.84169,26.356,-158.156,2909.4,0.0882
42492.84169,26.356,-158.156,2910.4,0.0886
42492.84169,26.356,-158.156,2911.3,0.0882
42492.84169,26.356,-158.156,2912.3,0.088
42492.84169,26.356,-158.156,2913.3,0.0884
42492.84169,26.356,-158.156,2914.3,0.0882
42492.84169,26.356,-158.156,2915.3,0.0882
42492.84169,26.356,-158.156,2916.2,0.088
42492.84169,26.356,-158.156,2917.2,0.0882
42492.84169,26.356,-158.156,2918.2,0.0882
42492.84169,26.356,-158.156,2919.2,0.0882
42492.84169,26.356,-158.156,2920.2,0.0882
42492.84169,26.356,-158.156,2921.1,0.0882
42492.84169,26.356,-158.156,2922.1,0.0882
42492.84169,26.356,-158.156,2923.1,0.0882
42492.84169,26.356,-158.156,2924.1,0.0882
42492.84169,26.356,-158.156,2925.1,0.0882
42492.84169,26.356,-158.156,2926,0.0882
42492.84169,26.356,-158.156,2927,0.0881
42492.84169,26.356,-158.156,2928,0.0882
42492.84169,26.356,-158.156,2929,0.0882
42492.84169,26.356,-158.156,2930,0.0882
42492.84169,26.356,-158.156,2930.9,0.0882
42492.84169,26.356,-158.156,2931.9,0.088
42492.84169,26.356,-158.156,2932.9,0.0882
42492.84169,26.356,-158.156,2933.9,0.0882
42492.84169,26.356,-158.156,2934.9,0.0882
42492.84169,26.356,-158.156,2935.8,0.0882
42492.84169,26.356,-158.156,2936.8,0.088
42492.84169,26.356,-158.156,2937.8,0.0882
42492.84169,26.356,-158.156,2938.8,0.0882
42492.84169,26.356,-158.156,2939.8,0.0882
42492.84169,26.356,-158.156,2940.7,0.0882
42492.84169,26.356,-158.156,2941.7,0.0882
42492.84169,26.356,-158.156,2942.7,0.0879
42492.84169,26.356,-158.156,2943.7,0.0882
42492.84169,26.356,-158.156,2944.7,0.0882
42492.84169,26.356,-158.156,2945.6,0.0882
42492.84169,26.356,-158.156,2946.6,0.0882
42492.84169,26.356,-158.156,2947.6,0.0882
42492.84169,26.356,-158.156,2948.6,0.0881
42492.84169,26.356,-158.156,2949.5,0.0882
42492.84169,26.356,-158.156,2950.5,0.0883
42492.84169,26.356,-158.156,2951.5,0.0882
42492.84169,26.356,-158.156,2952.5,0.0883
42492.84169,26.356,-158.156,2953.5,0.0882
42492.84169,26.356,-158.156,2954.4,0.088
42492.84169,26.356,-158.156,2955.4,0.0882
42492.84169,26.356,-158.156,2956.4,0.0882
42492.84169,26.356,-158.156,2957.4,0.0882
42492.84169,26.356,-158.156,2958.4,0.0882
42492.84169,26.356,-158.156,2959.3,0.0882
42492.64443,26.264,-158.091,2,0.0958
42492.64443,26.264,-158.091,3,0.0956
42492.64443,26.264,-158.091,4,0.0962
42492.64443,26.264,-158.091,5,0.0965
42492.64443,26.264,-158.091,6,0.0965
42492.64443,26.264,-158.091,7,0.0967
42492.64443,26.264,-158.091,7.9,0.0971
42492.64443,26.264,-158.091,8.9,0.098
42492.64443,26.264,-158.091,9.9,0.0989
42492.64443,26.264,-158.091,10.9,0.0985
42492.64443,26.264,-158.091,11.9,0.0995
42492.64443,26.264,-158.091,12.9,0.0997
42492.64443,26.264,-158.091,13.9,0.0999
42492.64443,26.264,-158.091,14.9,0.1005
42492.64443,26.264,-158.091,15.9,0.1003
42492.64443,26.264,-158.091,16.9,0.1016
42492.64443,26.264,-158.091,17.9,0.1006
42492.64443,26.264,-158.091,18.9,0.1012
42492.64443,26.264,-158.091,19.9,0.1016
42492.64443,26.264,-158.091,20.9,0.101
42492.64443,26.264,-158.091,21.9,0.108
42492.64443,26.264,-158.091,22.8,0.1025
42492.64443,26.264,-158.091,23.8,0.101
42492.64443,26.264,-158.091,24.8,0.1014
42492.64443,26.264,-158.091,25.8,0.1011
42492.64443,26.264,-158.091,26.8,0.1046
42492.64443,26.264,-158.091,27.8,0.1011
42492.64443,26.264,-158.091,28.8,0.1012
42492.64443,26.264,-158.091,29.8,0.1019
42492.64443,26.264,-158.091,30.8,0.1019
42492.64443,26.264,-158.091,31.8,0.1021
42492.64443,26.264,-158.091,32.8,0.1033
42492.64443,26.264,-158.091,33.8,0.1039
42492.64443,26.264,-158.091,34.8,0.1046
42492.64443,26.264,-158.091,35.8,0.1055
42492.64443,26.264,-158.091,36.8,0.107
42492.64443,26.264,-158.091,37.7,0.1105
42492.64443,26.264,-158.091,38.7,0.1104
42492.64443,26.264,-158.091,39.7,0.1089
42492.64443,26.264,-158.091,40.7,0.1126
42492.64443,26.264,-158.091,41.7,0.1127
42492.64443,26.264,-158.091,42.7,0.114
42492.64443,26.264,-158.091,43.7,0.1157
42492.64443,26.264,-158.091,44.7,0.1193
42492.64443,26.264,-158.091,45.7,0.1223
42492.64443,26.264,-158.091,47.7,0.1294
42492.64443,26.264,-158.091,48.7,0.1326
42492.64443,26.264,-158.091,49.7,0.1367
42492.64443,26.264,-158.091,50.7,0.1393
42492.64443,26.264,-158.091,51.7,0.1397
42492.64443,26.264,-158.091,52.6,0.1415
42492.64443,26.264,-158.091,53.6,0.1438
42492.64443,26.264,-158.091,54.6,0.1523
42492.64443,26.264,-158.091,55.6,0.153
42492.64443,26.264,-158.091,56.6,0.1562
42492.64443,26.264,-158.091,57.6,0.1555
42492.64443,26.264,-158.091,58.6,0.1599
42492.64443,26.264,-158.091,59.6,0.1657
42492.64443,26.264,-158.091,60.6,0.1692
42492.64443,26.264,-158.091,61.6,0.1728
42492.64443,26.264,-158.091,62.6,0.1769
42492.64443,26.264,-158.091,63.6,0.185
42492.64443,26.264,-158.091,64.6,0.1954
42492.64443,26.264,-158.091,65.6,0.1965
42492.64443,26.264,-158.091,66.6,0.2119
42492.64443,26.264,-158.091,67.5,0.2265
42492.64443,26.264,-158.091,69.5,0.2921
42492.64443,26.264,-158.091,70.5,0.325
42492.64443,26.264,-158.091,71.5,0.3303
42492.64443,26.264,-158.091,72.5,0.325
42492.64443,26.264,-158.091,73.5,0.335
42492.64443,26.264,-158.091,74.5,0.3381
42492.64443,26.264,-158.091,75.5,0.3346
42492.64443,26.264,-158.091,76.5,0.33
42492.64443,26.264,-158.091,77.5,0.3219
42492.64443,26.264,-158.091,78.5,0.3513
42492.64443,26.264,-158.091,79.5,0.336
42492.64443,26.264,-158.091,80.5,0.3308
42492.64443,26.264,-158.091,81.4,0.3054
42492.64443,26.264,-158.091,82.4,0.287
42492.64443,26.264,-158.091,83.4,0.2837
42492.64443,26.264,-158.091,84.4,0.2912
42492.64443,26.264,-158.091,85.4,0.282
42492.64443,26.264,-158.091,86.4,0.2737
42492.64443,26.264,-158.091,87.4,0.2658
42492.64443,26.264,-158.091,88.4,0.2573
42492.64443,26.264,-158.091,89.4,0.2542
42492.64443,26.264,-158.091,90.4,0.2449
42492.64443,26.264,-158.091,91.4,0.2498
42492.64443,26.264,-158.091,92.4,0.2585
42492.64443,26.264,-158.091,93.4,0.2524
42492.64443,26.264,-158.091,94.4,0.2536
42492.64443,26.264,-158.091,95.4,0.2471
42492.64443,26.264,-158.091,96.3,0.3468
42492.64443,26.264,-158.091,97.3,0.2743
42492.64443,26.264,-158.091,98.3,0.2329
42492.64443,26.264,-158.091,99.3,0.2387
42492.64443,26.264,-158.091,100.3,0.2513
42492.64443,26.264,-158.091,101.3,0.2322
42492.64443,26.264,-158.091,102.3,0.241
42492.64443,26.264,-158.091,103.3,0.2284
42492.64443,26.264,-158.091,104.3,0.2258
42492.64443,26.264,-158.091,105.3,0.2324
42492.64443,26.264,-158.091,106.3,0.2158
42492.64443,26.264,-158.091,107.3,0.216
42492.64443,26.264,-158.091,108.3,0.2087
42492.64443,26.264,-158.091,109.3,0.2114
42492.64443,26.264,-158.091,110.2,0.2098
42492.64443,26.264,-158.091,111.2,0.1891
42492.64443,26.264,-158.091,112.2,0.1901
42492.64443,26.264,-158.091,113.2,0.1777
42492.64443,26.264,-158.091,114.2,0.1717
42492.64443,26.264,-158.091,115.2,0.1619
42492.64443,26.264,-158.091,116.2,0.1634
42492.64443,26.264,-158.091,117.2,0.1576
42492.64443,26.264,-158.091,118.2,0.1517
42492.64443,26.264,-158.091,119.2,0.1535
42492.64443,26.264,-158.091,120.2,0.1538
42492.64443,26.264,-158.091,121.2,0.1453
42492.64443,26.264,-158.091,122.2,0.1393
42492.64443,26.264,-158.091,123.2,0.1314
42492.64443,26.264,-158.091,124.1,0.1252
42492.64443,26.264,-158.091,125.1,0.1247
42492.64443,26.264,-158.091,126.1,0.1202
42492.64443,26.264,-158.091,127.1,0.1191
42492.64443,26.264,-158.091,128.1,0.1207
42492.64443,26.264,-158.091,130.1,0.1179
42492.64443,26.264,-158.091,131.1,0.1151
42492.64443,26.264,-158.091,132.1,0.1149
42492.64443,26.264,-158.091,133.1,0.1119
42492.64443,26.264,-158.091,134.1,0.1112
42492.64443,26.264,-158.091,135.1,0.1091
42492.64443,26.264,-158.091,136.1,0.1097
42492.64443,26.264,-158.091,137.1,0.107
42492.64443,26.264,-158.091,138,0.1038
42492.64443,26.264,-158.091,139,0.1014
42492.64443,26.264,-158.091,140,0.1015
42492.64443,26.264,-158.091,141,0.1019
42492.64443,26.264,-158.091,142,0.1023
42492.64443,26.264,-158.091,143,0.1023
42492.64443,26.264,-158.091,144,0.1006
42492.64443,26.264,-158.091,145,0.0987
42492.64443,26.264,-158.091,146,0.0982
42492.64443,26.264,-158.091,147,0.1001
42492.64443,26.264,-158.091,148,0.0984
42492.64443,26.264,-158.091,149,0.098
42492.64443,26.264,-158.091,150,0.0958
42492.64443,26.264,-158.091,151,0.0968
42492.64443,26.264,-158.091,151.9,0.0961
42492.64443,26.264,-158.091,152.9,0.0967
42492.64443,26.264,-158.091,153.9,0.0961
42492.64443,26.264,-158.091,154.9,0.098
42492.64443,26.264,-158.091,155.9,0.0965
42492.64443,26.264,-158.091,156.9,0.0958
42492.64443,26.264,-158.091,157.9,0.0943
42492.64443,26.264,-158.091,158.9,0.0939
42492.64443,26.264,-158.091,159.9,0.0953
42492.64443,26.264,-158.091,160.9,0.0927
42492.64443,26.264,-158.091,161.9,0.0939
42492.64443,26.264,-158.091,162.9,0.0939
42492.64443,26.264,-158.091,163.9,0.0943
42492.64443,26.264,-158.091,164.9,0.0933
42492.64443,26.264,-158.091,165.8,0.0932
42492.64443,26.264,-158.091,166.8,0.0932
42492.64443,26.264,-158.091,168.8,0.0928
42492.64443,26.264,-158.091,169.8,0.0924
42492.64443,26.264,-158.091,170.8,0.0918
42492.64443,26.264,-158.091,171.8,0.0929
42492.64443,26.264,-158.091,172.8,0.092
42492.64443,26.264,-158.091,173.8,0.0903
42492.64443,26.264,-158.091,174.8,0.0897
42492.64443,26.264,-158.091,175.8,0.0892
42492.64443,26.264,-158.091,176.8,0.089
42492.64443,26.264,-158.091,177.8,0.089
42492.64443,26.264,-158.091,178.7,0.0879
42492.64443,26.264,-158.091,179.7,0.088
42492.64443,26.264,-158.091,180.7,0.0875
42492.64443,26.264,-158.091,181.7,0.0877
42492.64443,26.264,-158.091,182.7,0.0883
42492.64443,26.264,-158.091,183.7,0.088
42492.64443,26.264,-158.091,184.7,0.0875
42492.64443,26.264,-158.091,185.7,0.0875
42492.64443,26.264,-158.091,186.7,0.0873
42492.64443,26.264,-158.091,187.7,0.0875
42492.64443,26.264,-158.091,188.7,0.0875
42492.64443,26.264,-158.091,189.7,0.0873
42492.64443,26.264,-158.091,190.7,0.0873
42492.64443,26.264,-158.091,191.7,0.0875
42492.64443,26.264,-158.091,192.6,0.0876
42492.64443,26.264,-158.091,193.6,0.0874
42492.64443,26.264,-158.091,194.6,0.0874
42492.64443,26.264,-158.091,195.6,0.0869
42492.64443,26.264,-158.091,196.6,0.0868
42492.64443,26.264,-158.091,197.6,0.0867
42492.64443,26.264,-158.091,198.6,0.0865
42492.45892,26.282,-157.999,3,0.114
42492.45892,26.282,-157.999,4,0.1143
42492.45892,26.282,-157.999,5,0.1168
42492.45892,26.282,-157.999,6,0.1161
42492.45892,26.282,-157.999,7,0.1123
42492.45892,26.282,-157.999,7.9,0.1158
42492.45892,26.282,-157.999,8.9,0.1131
42492.45892,26.282,-157.999,9.9,0.1157
42492.45892,26.282,-157.999,10.9,0.1145
42492.45892,26.282,-157.999,11.9,0.1143
42492.45892,26.282,-157.999,12.9,0.1119
42492.45892,26.282,-157.999,13.9,0.1119
42492.45892,26.282,-157.999,14.9,0.1153
42492.45892,26.282,-157.999,15.9,0.1127
42492.45892,26.282,-157.999,16.9,0.12
42492.45892,26.282,-157.999,17.9,0.1113
42492.45892,26.282,-157.999,18.9,0.1119
42492.45892,26.282,-157.999,19.9,0.1147
42492.45892,26.282,-157.999,20.9,0.113
42492.45892,26.282,-157.999,21.9,0.1112
42492.45892,26.282,-157.999,22.8,0.1159
42492.45892,26.282,-157.999,23.8,0.1134
42492.45892,26.282,-157.999,24.8,0.1127
42492.45892,26.282,-157.999,25.8,0.1115
42492.45892,26.282,-157.999,26.8,0.1155
42492.45892,26.282,-157.999,27.8,0.1113
42492.45892,26.282,-157.999,28.8,0.1119
42492.45892,26.282,-157.999,29.8,0.1144
42492.45892,26.282,-157.999,30.8,0.1137
42492.45892,26.282,-157.999,31.8,0.1127
42492.45892,26.282,-157.999,32.8,0.1104
42492.45892,26.282,-157.999,34.8,0.1123
42492.45892,26.282,-157.999,35.8,0.1134
42492.45892,26.282,-157.999,36.8,0.1106
42492.45892,26.282,-157.999,37.7,0.1112
42492.45892,26.282,-157.999,38.7,0.1164
42492.45892,26.282,-157.999,39.7,0.1127
42492.45892,26.282,-157.999,40.7,0.1119
42492.45892,26.282,-157.999,41.7,0.1157
42492.45892,26.282,-157.999,42.7,0.1123
42492.45892,26.282,-157.999,43.7,0.113
42492.45892,26.282,-157.999,44.7,0.1176
42492.45892,26.282,-157.999,45.7,0.1176
42492.45892,26.282,-157.999,46.7,0.1198
42492.45892,26.282,-157.999,47.7,0.1212
42492.45892,26.282,-157.999,48.7,0.1205
42492.45892,26.282,-157.999,49.7,0.1191
42492.45892,26.282,-157.999,50.7,0.1198
42492.45892,26.282,-157.999,51.7,0.1248
42492.45892,26.282,-157.999,52.6,0.126
42492.45892,26.282,-157.999,53.6,0.1296
42492.45892,26.282,-157.999,54.6,0.1341
42492.45892,26.282,-157.999,55.6,0.1329
42492.45892,26.282,-157.999,56.6,0.1326
42492.45892,26.282,-157.999,57.6,0.1322
42492.45892,26.282,-157.999,58.6,0.1421
42492.45892,26.282,-157.999,59.6,0.139
42492.45892,26.282,-157.999,60.6,0.142
42492.45892,26.282,-157.999,62.6,0.1397
42492.45892,26.282,-157.999,63.6,0.1475
42492.45892,26.282,-157.999,64.6,0.1561
42492.45892,26.282,-157.999,65.6,0.1621
42492.45892,26.282,-157.999,66.6,0.1686
42492.45892,26.282,-157.999,67.5,0.172
42492.45892,26.282,-157.999,68.5,0.1773
42492.45892,26.282,-157.999,69.5,0.1775
42492.45892,26.282,-157.999,70.5,0.1897
42492.45892,26.282,-157.999,71.5,0.2121
42492.45892,26.282,-157.999,72.5,0.2333
42492.45892,26.282,-157.999,73.5,0.2776
42492.45892,26.282,-157.999,74.5,0.3058
42492.45892,26.282,-157.999,75.5,0.3261
42492.45892,26.282,-157.999,76.5,0.3573
42492.45892,26.282,-157.999,77.5,0.3385
42492.45892,26.282,-157.999,78.5,0.3303
42492.45892,26.282,-157.999,79.5,0.3409
42492.45892,26.282,-157.999,80.5,0.3265
42492.45892,26.282,-157.999,81.4,0.3216
42492.45892,26.282,-157.999,82.4,0.3293
42492.45892,26.282,-157.999,83.4,0.3439
42492.45892,26.282,-157.999,84.4,0.3212
42492.45892,26.282,-157.999,85.4,0.2983
42492.45892,26.282,-157.999,86.4,0.2923
42492.45892,26.282,-157.999,87.4,0.3092
42492.45892,26.282,-157.999,88.4,0.2949
42492.45892,26.282,-157.999,89.4,0.2974
42492.45892,26.282,-157.999,90.4,0.2833
42492.45892,26.282,-157.999,91.4,0.2795
42492.45892,26.282,-157.999,92.4,0.2724
42492.45892,26.282,-157.999,93.4,0.2709
42492.45892,26.282,-157.999,94.4,0.2937
42492.45892,26.282,-157.999,95.4,0.294
42492.45892,26.282,-157.999,96.3,0.2908
42492.45892,26.282,-157.999,97.3,0.2637
42492.45892,26.282,-157.999,98.3,0.2573
42492.45892,26.282,-157.999,99.3,0.2596
42492.45892,26.282,-157.999,100.3,0.2742
42492.45892,26.282,-157.999,101.3,0.26
42492.45892,26.282,-157.999,102.3,0.2641
42492.45892,26.282,-157.999,103.3,0.2649
42492.45892,26.282,-157.999,104.3,0.2669
42492.45892,26.282,-157.999,105.3,0.2588
42492.45892,26.282,-157.999,106.3,0.2573
42492.45892,26.282,-157.999,107.3,0.2449
42492.45892,26.282,-157.999,108.3,0.2243
42492.45892,26.282,-157.999,109.3,0.2059
42492.45892,26.282,-157.999,110.2,0.2322
42492.45892,26.282,-157.999,111.2,0.2134
42492.45892,26.282,-157.999,112.2,0.1999
42492.45892,26.282,-157.999,114.2,0.181
42492.45892,26.282,-157.999,115.2,0.1852
42492.45892,26.282,-157.999,116.2,0.1874
42492.45892,26.282,-157.999,117.2,0.1769
42492.45892,26.282,-157.999,118.2,0.1711
42492.45892,26.282,-157.999,119.2,0.1698
42492.45892,26.282,-157.999,120.2,0.1495
42492.45892,26.282,-157.999,121.2,0.1431
42492.45892,26.282,-157.999,122.2,0.142
42492.45892,26.282,-157.999,123.2,0.1356
42492.45892,26.282,-157.999,124.1,0.1348
42492.45892,26.282,-157.999,125.1,0.1341
42492.45892,26.282,-157.999,126.1,0.1311
42492.45892,26.282,-157.999,127.1,0.1322
42492.45892,26.282,-157.999,128.1,0.1356
42492.45892,26.282,-157.999,129.1,0.1284
42492.45892,26.282,-157.999,130.1,0.1198
42492.45892,26.282,-157.999,131.1,0.1267
42492.45892,26.282,-157.999,132.1,0.1213
42492.45892,26.282,-157.999,133.1,0.1153
42492.45892,26.282,-157.999,135.1,0.11
42492.45892,26.282,-157.999,136.1,0.1089
42492.45892,26.282,-157.999,137.1,0.1124
42492.45892,26.282,-157.999,139,0.104
42492.45892,26.282,-157.999,141,0.1014
42492.45892,26.282,-157.999,142,0.1018
42492.45892,26.282,-157.999,143,0.1062
42492.45892,26.282,-157.999,144,0.1018
42492.45892,26.282,-157.999,145,0.1003
42492.45892,26.282,-157.999,146,0.0991
42492.45892,26.282,-157.999,147,0.0995
42492.45892,26.282,-157.999,148,0.0984
42492.45892,26.282,-157.999,149,0.101
42492.45892,26.282,-157.999,150,0.101
42492.45892,26.282,-157.999,151,0.0972
42492.45892,26.282,-157.999,151.9,0.0969
42492.45892,26.282,-157.999,152.9,0.0986
42492.45892,26.282,-157.999,153.9,0.0969
42492.45892,26.282,-157.999,154.9,0.0961
42492.45892,26.282,-157.999,155.9,0.0972
42492.45892,26.282,-157.999,156.9,0.0976
42492.45892,26.282,-157.999,157.9,0.0939
42492.45892,26.282,-157.999,158.9,0.0946
42492.45892,26.282,-157.999,159.9,0.0935
42492.45892,26.282,-157.999,160.9,0.0927
42492.45892,26.282,-157.999,161.9,0.0935
42492.45892,26.282,-157.999,162.9,0.094
42492.45892,26.282,-157.999,163.9,0.0956
42492.45892,26.282,-157.999,164.9,0.0939
42492.45892,26.282,-157.999,165.8,0.0916
42492.45892,26.282,-157.999,166.8,0.0912
42492.45892,26.282,-157.999,167.8,0.0916
42492.45892,26.282,-157.999,168.8,0.0901
42492.45892,26.282,-157.999,169.8,0.0912
42492.45892,26.282,-157.999,170.8,0.0903
42492.45892,26.282,-157.999,171.8,0.0909
42492.45892,26.282,-157.999,172.8,0.0909
42492.45892,26.282,-157.999,173.8,0.0905
42492.45892,26.282,-157.999,174.8,0.0903
42492.45892,26.282,-157.999,175.8,0.0901
42492.45892,26.282,-157.999,176.8,0.0894
42492.45892,26.282,-157.999,177.8,0.089
42492.45892,26.282,-157.999,178.7,0.0901
42492.45892,26.282,-157.999,179.7,0.0894
42492.45892,26.282,-157.999,181.7,0.0886
42492.45892,26.282,-157.999,182.7,0.0886
42492.45892,26.282,-157.999,183.7,0.0889
42492.45892,26.282,-157.999,184.7,0.0882
42492.45892,26.282,-157.999,185.7,0.0882
42492.45892,26.282,-157.999,186.7,0.0882
42492.45892,26.282,-157.999,187.7,0.0879
42492.45892,26.282,-157.999,188.7,0.0877
42492.45892,26.282,-157.999,189.7,0.0875
42492.45892,26.282,-157.999,190.7,0.0871
42492.45892,26.282,-157.999,191.7,0.0879
42492.45892,26.282,-157.999,192.6,0.0873
42492.45892,26.282,-157.999,193.6,0.0875
42492.45892,26.282,-157.999,194.6,0.0875
42492.45892,26.282,-157.999,195.6,0.0871
42492.45892,26.282,-157.999,196.6,0.0875
42492.45892,26.282,-157.999,197.6,0.0873
42492.45892,26.282,-157.999,199.6,0.0875
42492.45892,26.282,-157.999,200.6,0.0873
42492.45892,26.282,-157.999,201.6,0.0886
42492.45892,26.282,-157.999,202.6,0.0869
42492.45892,26.282,-157.999,203.6,0.0867
42492.45892,26.282,-157.999,204.6,0.0875
42492.45892,26.282,-157.999,205.5,0.0871
42492.45892,26.282,-157.999,206.5,0.0877
42492.45892,26.282,-157.999,207.5,0.0897
42492.45892,26.282,-157.999,208.5,0.0867
42492.45892,26.282,-157.999,209.5,0.0871
42492.45892,26.282,-157.999,210.5,0.0877
42492.45892,26.282,-157.999,211.5,0.087
42492.45892,26.282,-157.999,212.5,0.0867
42492.45892,26.282,-157.999,213.5,0.0867
42492.45892,26.282,-157.999,214.5,0.0867
42492.45892,26.282,-157.999,215.5,0.0871
42492.45892,26.282,-157.999,216.5,0.0871
42492.45892,26.282,-157.999,217.5,0.0863
42492.45892,26.282,-157.999,218.4,0.0863
42492.45892,26.282,-157.999,219.4,0.0867
42492.45892,26.282,-157.999,220.4,0.0867
42492.45892,26.282,-157.999,221.4,0.0867
42492.45892,26.282,-157.999,223.4,0.0863
42492.45892,26.282,-157.999,224.4,0.0863
42492.45892,26.282,-157.999,225.4,0.0867
42492.45892,26.282,-157.999,226.4,0.0863
42492.45892,26.282,-157.999,227.4,0.0869
42492.45892,26.282,-157.999,228.4,0.0862
42492.45892,26.282,-157.999,230.4,0.0863
42492.45892,26.282,-157.999,231.3,0.0863
42492.45892,26.282,-157.999,232.3,0.0863
42492.45892,26.282,-157.999,233.3,0.0867
42492.45892,26.282,-157.999,234.3,0.086
42492.45892,26.282,-157.999,235.3,0.0863
42492.45892,26.282,-157.999,236.3,0.0863
42492.45892,26.282,-157.999,237.3,0.0863
42492.45892,26.282,-157.999,238.3,0.086
42492.45892,26.282,-157.999,239.3,0.0863
42492.45892,26.282,-157.999,240.3,0.0867
42492.45892,26.282,-157.999,241.3,0.0866
42492.45892,26.282,-157.999,242.3,0.0865
42492.45892,26.282,-157.999,243.3,0.0863
42492.45892,26.282,-157.999,245.2,0.0863
42492.45892,26.282,-157.999,246.2,0.0867
42492.45892,26.282,-157.999,247.2,0.086
42492.45892,26.282,-157.999,248.2,0.0863
42492.45892,26.282,-157.999,249.2,0.086
42492.45892,26.282,-157.999,250.2,0.0863
42492.45892,26.282,-157.999,251.2,0.0863
42492.45892,26.282,-157.999,252.2,0.086
42492.45892,26.282,-157.999,253.2,0.0862
42492.45892,26.282,-157.999,254.2,0.086
42492.45892,26.282,-157.999,255.2,0.0863
42492.45892,26.282,-157.999,256.2,0.0863
42492.45892,26.282,-157.999,257.1,0.0863
42492.45892,26.282,-157.999,258.1,0.0862
42492.45892,26.282,-157.999,259.1,0.086
42492.45892,26.282,-157.999,260.1,0.0861
42492.45892,26.282,-157.999,261.1,0.086
42492.45892,26.282,-157.999,262.1,0.0863
42492.45892,26.282,-157.999,263.1,0.0863
42492.45892,26.282,-157.999,264.1,0.086
42492.45892,26.282,-157.999,265.1,0.0867
42492.45892,26.282,-157.999,266.1,0.0863
42492.45892,26.282,-157.999,267.1,0.0867
42492.45892,26.282,-157.999,268.1,0.0865
42492.45892,26.282,-157.999,269.1,0.0863
42492.45892,26.282,-157.999,270,0.0863
42492.45892,26.282,-157.999,271,0.0867
42492.45892,26.282,-157.999,272,0.0863
42492.45892,26.282,-157.999,273,0.086
42492.45892,26.282,-157.999,274,0.0862
42492.45892,26.282,-157.999,275,0.0865
42492.45892,26.282,-157.999,276,0.0861
42492.45892,26.282,-157.999,277,0.0863
42492.45892,26.282,-157.999,278,0.086
42492.45892,26.282,-157.999,279,0.0862
42492.45892,26.282,-157.999,280,0.0863
42492.45892,26.282,-157.999,281,0.0862
42492.45892,26.282,-157.999,282,0.0863
42492.45892,26.282,-157.999,282.9,0.0863
42492.45892,26.282,-157.999,283.9,0.0862
42492.45892,26.282,-157.999,284.9,0.0863
42492.45892,26.282,-157.999,285.9,0.0863
42492.45892,26.282,-157.999,286.9,0.0863
42492.45892,26.282,-157.999,287.9,0.0863
42492.45892,26.282,-157.999,288.9,0.0864
42492.45892,26.282,-157.999,289.9,0.0864
42492.45892,26.282,-157.999,290.9,0.0864
42492.45892,26.282,-157.999,291.9,0.0863
42492.45892,26.282,-157.999,292.9,0.0863
42492.45892,26.282,-157.999,293.9,0.0866
42492.45892,26.282,-157.999,294.9,0.0862
42492.45892,26.282,-157.999,295.8,0.0862
42492.45892,26.282,-157.999,296.8,0.0863
42492.45892,26.282,-157.999,297.8,0.0863
42491.4567,29.7,-157.999,2,0.1124
42491.4567,29.7,-157.999,3,0.1139
42491.4567,29.7,-157.999,4,0.1124
42491.4567,29.7,-157.999,5,0.1121
42491.4567,29.7,-157.999,6,0.1137
42491.4567,29.7,-157.999,7,0.1106
42491.4567,29.7,-157.999,7.9,0.1096
42491.4567,29.7,-157.999,8.9,0.1122
42491.4567,29.7,-157.999,9.9,0.1118
42491.4567,29.7,-157.999,10.9,0.111
42491.4567,29.7,-157.999,11.9,0.1078
42491.4567,29.7,-157.999,12.9,0.1113
42491.4567,29.7,-157.999,13.9,0.1114
42491.4567,29.7,-157.999,14.9,0.1132
42491.4567,29.7,-157.999,15.9,0.1117
42491.4567,29.7,-157.999,16.9,0.1112
42491.4567,29.7,-157.999,17.9,0.1085
42491.4567,29.7,-157.999,18.9,0.1087
42491.4567,29.7,-157.999,19.9,0.1076
42491.4567,29.7,-157.999,20.9,0.1097
42491.4567,29.7,-157.999,21.8,0.1074
42491.4567,29.7,-157.999,22.8,0.1051
42491.4567,29.7,-157.999,23.8,0.1081
42491.4567,29.7,-157.999,24.8,0.1108
42491.4567,29.7,-157.999,25.8,0.1088
42491.4567,29.7,-157.999,26.8,0.1074
42491.4567,29.7,-157.999,27.8,0.1085
42491.4567,29.7,-157.999,28.8,0.1115
42491.4567,29.7,-157.999,29.8,0.1096
42491.4567,29.7,-157.999,30.8,0.1127
42491.4567,29.7,-157.999,31.8,0.1104
42491.4567,29.7,-157.999,32.8,0.1085
42491.4567,29.7,-157.999,33.8,0.1096
42491.4567,29.7,-157.999,34.8,0.1152
42491.4567,29.7,-157.999,35.8,0.1113
42491.4567,29.7,-157.999,36.7,0.113
42491.4567,29.7,-157.999,37.7,0.1123
42491.4567,29.7,-157.999,38.7,0.1123
42491.4567,29.7,-157.999,39.7,0.1127
42491.4567,29.7,-157.999,40.7,0.1182
42491.4567,29.7,-157.999,41.7,0.1149
42491.4567,29.7,-157.999,42.7,0.1142
42491.4567,29.7,-157.999,43.7,0.1157
42491.4567,29.7,-157.999,44.7,0.1168
42491.4567,29.7,-157.999,45.7,0.1202
42491.4567,29.7,-157.999,46.7,0.119
42491.4567,29.7,-157.999,47.7,0.1223
42491.4567,29.7,-157.999,48.7,0.1187
42491.4567,29.7,-157.999,49.7,0.1172
42491.4567,29.7,-157.999,50.6,0.1202
42491.4567,29.7,-157.999,51.6,0.1228
42491.4567,29.7,-157.999,52.6,0.1266
42491.4567,29.7,-157.999,53.6,0.1241
42491.4567,29.7,-157.999,54.6,0.122
42491.4567,29.7,-157.999,55.6,0.12
42491.4567,29.7,-157.999,56.6,0.1217
42491.4567,29.7,-157.999,57.6,0.1213
42491.4567,29.7,-157.999,58.6,0.1271
42491.4567,29.7,-157.999,59.6,0.1249
42491.4567,29.7,-157.999,60.6,0.1198
42491.4567,29.7,-157.999,61.6,0.1232
42491.4567,29.7,-157.999,62.6,0.122
42491.4567,29.7,-157.999,63.6,0.1243
42491.4567,29.7,-157.999,64.5,0.1269
42491.4567,29.7,-157.999,65.5,0.1262
42491.4567,29.7,-157.999,66.5,0.1273
42491.4567,29.7,-157.999,67.5,0.1251
42491.4567,29.7,-157.999,68.5,0.1271
42491.4567,29.7,-157.999,69.5,0.1329
42491.4567,29.7,-157.999,70.5,0.1344
42491.4567,29.7,-157.999,71.5,0.139
42491.4567,29.7,-157.999,72.5,0.138
42491.4567,29.7,-157.999,73.5,0.1382
42491.4567,29.7,-157.999,74.5,0.1439
42491.4567,29.7,-157.999,75.5,0.1469
42491.4567,29.7,-157.999,76.5,0.1457
42491.4567,29.7,-157.999,77.5,0.1583
42491.4567,29.7,-157.999,78.4,0.1829
42491.4567,29.7,-157.999,79.4,0.2043
42491.4567,29.7,-157.999,80.4,0.2416
42491.4567,29.7,-157.999,81.4,0.2741
42491.4567,29.7,-157.999,82.4,0.3024
42491.4567,29.7,-157.999,83.4,0.3389
42491.4567,29.7,-157.999,84.4,0.3505
42491.4567,29.7,-157.999,85.4,0.3703
42491.4567,29.7,-157.999,86.4,0.328
42491.4567,29.7,-157.999,87.4,0.3208
42491.4567,29.7,-157.999,89.4,0.3216
42491.4567,29.7,-157.999,90.4,0.3511
42491.4567,29.7,-157.999,91.4,0.3398
42491.4567,29.7,-157.999,93.3,0.3066
42491.4567,29.7,-157.999,94.3,0.3006
42491.4567,29.7,-157.999,95.3,0.2979
42491.4567,29.7,-157.999,96.3,0.3083
42491.4567,29.7,-157.999,97.3,0.3039
42491.4567,29.7,-157.999,98.3,0.2806
42491.4567,29.7,-157.999,99.3,0.2754
42491.4567,29.7,-157.999,100.3,0.2962
42491.4567,29.7,-157.999,101.3,0.266
42491.4567,29.7,-157.999,103.3,0.2494
42491.4567,29.7,-157.999,104.3,0.2423
42491.4567,29.7,-157.999,105.3,0.2564
42491.4567,29.7,-157.999,106.2,0.2556
42491.4567,29.7,-157.999,107.2,0.2254
42491.4567,29.7,-157.999,108.2,0.2235
42491.4567,29.7,-157.999,109.2,0.2318
42491.4567,29.7,-157.999,110.2,0.213
42491.4567,29.7,-157.999,111.2,0.2137
42491.4567,29.7,-157.999,112.2,0.2139
42491.4567,29.7,-157.999,113.2,0.1995
42491.4567,29.7,-157.999,114.2,0.1953
42491.4567,29.7,-157.999,115.2,0.1859
42491.4567,29.7,-157.999,116.2,0.1837
42491.4567,29.7,-157.999,117.2,0.1705
42491.4567,29.7,-157.999,118.2,0.1867
42491.4567,29.7,-157.999,119.2,0.1807
42491.4567,29.7,-157.999,120.1,0.1777
42491.4567,29.7,-157.999,122.1,0.1799
42491.4567,29.7,-157.999,123.1,0.1799
42491.4567,29.7,-157.999,124.1,0.1858
42491.4567,29.7,-157.999,125.1,0.1846
42491.4567,29.7,-157.999,126.1,0.1766
42491.4567,29.7,-157.999,127.1,0.1728
42491.4567,29.7,-157.999,128.1,0.1688
42491.4567,29.7,-157.999,129.1,0.1739
42491.4567,29.7,-157.999,130.1,0.1668
42491.4567,29.7,-157.999,131.1,0.1596
42491.4567,29.7,-157.999,132.1,0.166
42491.4567,29.7,-157.999,133,0.1615
42491.4567,29.7,-157.999,134,0.1589
42491.4567,29.7,-157.999,135,0.1714
42491.4567,29.7,-157.999,136,0.1559
42491.4567,29.7,-157.999,137,0.1619
42491.4567,29.7,-157.999,138,0.1534
42491.4567,29.7,-157.999,139,0.1589
42491.4567,29.7,-157.999,140,0.154
42491.4567,29.7,-157.999,141,0.1435
42491.4567,29.7,-157.999,142,0.1375
42491.4567,29.7,-157.999,143,0.1337
42491.4567,29.7,-157.999,144,0.1355
42491.4567,29.7,-157.999,145,0.1315
42491.4567,29.7,-157.999,146,0.1281
42491.4567,29.7,-157.999,146.9,0.1269
42491.4567,29.7,-157.999,147.9,0.1239
42491.4567,29.7,-157.999,148.9,0.1205
42491.4567,29.7,-157.999,149.9,0.1243
42491.4567,29.7,-157.999,150.9,0.1258
42491.4567,29.7,-157.999,151.9,0.1297
42491.4567,29.7,-157.999,152.9,0.1305
42491.4567,29.7,-157.999,154.9,0.1262
42491.4567,29.7,-157.999,155.9,0.1329
42491.4567,29.7,-157.999,156.9,0.1262
42491.4567,29.7,-157.999,157.9,0.1205
42491.4567,29.7,-157.999,158.9,0.1205
42491.4567,29.7,-157.999,159.8,0.1187
42491.4567,29.7,-157.999,160.8,0.1145
42491.4567,29.7,-157.999,161.8,0.1208
42491.4567,29.7,-157.999,162.8,0.11
42491.4567,29.7,-157.999,163.8,0.1093
42491.4567,29.7,-157.999,164.8,0.1095
42491.4567,29.7,-157.999,165.8,0.1063
42491.4567,29.7,-157.999,166.8,0.1029
42491.4567,29.7,-157.999,167.8,0.1044
42491.4567,29.7,-157.999,168.8,0.1115
42491.4567,29.7,-157.999,169.8,0.1192
42491.4567,29.7,-157.999,170.8,0.1127
42491.4567,29.7,-157.999,171.8,0.1096
42491.4567,29.7,-157.999,173.7,0.1078
42491.4567,29.7,-157.999,174.7,0.1051
42491.4567,29.7,-157.999,175.7,0.108
42491.4567,29.7,-157.999,176.7,0.1044
42491.4567,29.7,-157.999,177.7,0.1029
42491.4567,29.7,-157.999,178.7,0.1029
42491.4567,29.7,-157.999,180.7,0.1027
42491.4567,29.7,-157.999,181.7,0.1019
42491.4567,29.7,-157.999,182.7,0.0984
42491.4567,29.7,-157.999,183.7,0.1003
42491.4567,29.7,-157.999,184.7,0.0995
42491.4567,29.7,-157.999,185.6,0.0991
42491.4567,29.7,-157.999,186.6,0.0991
42491.4567,29.7,-157.999,187.6,0.102
42491.4567,29.7,-157.999,188.6,0.1003
42491.4567,29.7,-157.999,189.6,0.101
42491.4567,29.7,-157.999,190.6,0.1029
42491.4567,29.7,-157.999,191.6,0.1025
42491.4567,29.7,-157.999,192.6,0.1006
42491.4567,29.7,-157.999,193.6,0.1019
42491.4567,29.7,-157.999,194.6,0.0987
42491.4567,29.7,-157.999,195.6,0.0989
42491.4567,29.7,-157.999,196.6,0.0963
42491.4567,29.7,-157.999,197.6,0.095
42491.4567,29.7,-157.999,198.5,0.0954
42491.4567,29.7,-157.999,199.5,0.0954
42491.4567,29.7,-157.999,200.5,0.0954
42491.4567,29.7,-157.999,201.5,0.0955
42491.4567,29.7,-157.999,202.5,0.0946
42491.4567,29.7,-157.999,203.5,0.0931
42491.4567,29.7,-157.999,204.5,0.0916
42491.4567,29.7,-157.999,206.5,0.0924
42491.4567,29.7,-157.999,207.5,0.0916
42491.4567,29.7,-157.999,208.5,0.0928
42491.4567,29.7,-157.999,209.5,0.0912
42491.4567,29.7,-157.999,211.4,0.0912
42491.4567,29.7,-157.999,212.4,0.0909
42491.4567,29.7,-157.999,213.4,0.0903
42491.4567,29.7,-157.999,214.4,0.0894
42491.4567,29.7,-157.999,215.4,0.0894
42491.4567,29.7,-157.999,216.4,0.0901
42491.4567,29.7,-157.999,217.4,0.0892
42491.4567,29.7,-157.999,218.4,0.0882
42491.4567,29.7,-157.999,219.4,0.0888
42491.4567,29.7,-157.999,220.4,0.0879
42491.4567,29.7,-157.999,221.4,0.0879
42491.4567,29.7,-157.999,222.4,0.0882
42491.4567,29.7,-157.999,223.4,0.0875
42491.4567,29.7,-157.999,224.3,0.0879
42491.4567,29.7,-157.999,225.3,0.0875
42491.4567,29.7,-157.999,226.3,0.0875
42491.4567,29.7,-157.999,227.3,0.0871
42491.4567,29.7,-157.999,228.3,0.0879
42491.4567,29.7,-157.999,229.3,0.0879
42491.4567,29.7,-157.999,230.3,0.0873
42491.4567,29.7,-157.999,231.3,0.0871
42491.4567,29.7,-157.999,232.3,0.0871
42491.4567,29.7,-157.999,234.3,0.0867
42491.4567,29.7,-157.999,236.2,0.0867
42491.4567,29.7,-157.999,237.2,0.0865
42491.4567,29.7,-157.999,238.2,0.0869
42491.4567,29.7,-157.999,239.2,0.0871
42491.4567,29.7,-157.999,240.2,0.0871
42491.4567,29.7,-157.999,241.2,0.0879
42491.4567,29.7,-157.999,243.2,0.0875
42491.4567,29.7,-157.999,244.2,0.0871
42491.4567,29.7,-157.999,245.2,0.0871
42491.4567,29.7,-157.999,246.2,0.0871
42491.4567,29.7,-157.999,247.2,0.0867
42491.4567,29.7,-157.999,248.2,0.0869
42491.4567,29.7,-157.999,250.1,0.0867
42491.4567,29.7,-157.999,251.1,0.0867
42491.4567,29.7,-157.999,253.1,0.0863
42491.4567,29.7,-157.999,254.1,0.0872
42491.4567,29.7,-157.999,255.1,0.0865
42491.4567,29.7,-157.999,256.1,0.0867
42491.4567,29.7,-157.999,257.1,0.0863
42491.4567,29.7,-157.999,258.1,0.0863
42491.4567,29.7,-157.999,259.1,0.0865
42491.4567,29.7,-157.999,261.1,0.0867
42491.4567,29.7,-157.999,262,0.0863
42491.4567,29.7,-157.999,263,0.0863
42491.4567,29.7,-157.999,264,0.0865
42491.4567,29.7,-157.999,265,0.0863
42491.4567,29.7,-157.999,266,0.0863
42491.4567,29.7,-157.999,268,0.0863
42491.4567,29.7,-157.999,269,0.0863
42491.4567,29.7,-157.999,271,0.0864
42491.4567,29.7,-157.999,272,0.0863
42491.4567,29.7,-157.999,273,0.086
42491.4567,29.7,-157.999,273.9,0.0865
42491.4567,29.7,-157.999,274.9,0.0863
42491.4567,29.7,-157.999,275.9,0.0863
42491.4567,29.7,-157.999,276.9,0.0863
42491.4567,29.7,-157.999,277.9,0.0863
42491.4567,29.7,-157.999,278.9,0.086
42491.4567,29.7,-157.999,279.9,0.0863
42491.4567,29.7,-157.999,280.9,0.086
42491.4567,29.7,-157.999,282.9,0.0863
42491.4567,29.7,-157.999,283.9,0.0862
42491.4567,29.7,-157.999,284.9,0.0862
42491.4567,29.7,-157.999,285.8,0.0864
42491.4567,29.7,-157.999,286.8,0.0862
42491.4567,29.7,-157.999,287.8,0.0863
42491.4567,29.7,-157.999,288.8,0.0863
42491.4567,29.7,-157.999,289.8,0.0862
42491.4567,29.7,-157.999,290.8,0.086
42491.4567,29.7,-157.999,291.8,0.087
42491.4567,29.7,-157.999,292.8,0.0862
42491.4567,29.7,-157.999,293.8,0.0864
42491.4567,29.7,-157.999,294.8,0.086
42491.4567,29.7,-157.999,295.8,0.0862
42491.4567,29.7,-157.999,296.8,0.0862
42491.4567,29.7,-157.999,297.7,0.0864
42491.4567,29.7,-157.999,298.7,0.0862
42490.45865,33.091,-158.001,2,0.2855
42490.45865,33.091,-158.001,3,0.2807
42490.45865,33.091,-158.001,4,0.291
42490.45865,33.091,-158.001,5,0.2861
42490.45865,33.091,-158.001,6,0.281
42490.45865,33.091,-158.001,7,0.3
42490.45865,33.091,-158.001,7.9,0.3034
42490.45865,33.091,-158.001,8.9,0.282
42490.45865,33.091,-158.001,9.9,0.2957
42490.45865,33.091,-158.001,10.9,0.29
42490.45865,33.091,-158.001,11.9,0.2891
42490.45865,33.091,-158.001,12.9,0.2936
42490.45865,33.091,-158.001,13.9,0.2894
42490.45865,33.091,-158.001,14.9,0.2868
42490.45865,33.091,-158.001,15.9,0.2917
42490.45865,33.091,-158.001,16.9,0.292
42490.45865,33.091,-158.001,17.9,0.2953
42490.45865,33.091,-158.001,18.9,0.2863
42490.45865,33.091,-158.001,19.9,0.3079
42490.45865,33.091,-158.001,20.9,0.2979
42490.45865,33.091,-158.001,21.8,0.3105
42490.45865,33.091,-158.001,22.8,0.3177
42490.45865,33.091,-158.001,23.8,0.3122
42490.45865,33.091,-158.001,24.8,0.3066
42490.45865,33.091,-158.001,25.8,0.3062
42490.45865,33.091,-158.001,26.8,0.307
42490.45865,33.091,-158.001,27.8,0.313
42490.45865,33.091,-158.001,28.8,0.3573
42490.45865,33.091,-158.001,29.8,0.3287
42490.45865,33.091,-158.001,30.8,0.3081
42490.45865,33.091,-158.001,31.8,0.3096
42490.45865,33.091,-158.001,32.8,0.2887
42490.45865,33.091,-158.001,33.8,0.293
42490.45865,33.091,-158.001,34.8,0.2667
42490.45865,33.091,-158.001,35.7,0.266
42490.45865,33.091,-158.001,36.7,0.2754
42490.45865,33.091,-158.001,37.7,0.287
42490.45865,33.091,-158.001,38.7,0.2885
42490.45865,33.091,-158.001,39.7,0.2876
42490.45865,33.091,-158.001,41.7,0.2975
42490.45865,33.091,-158.001,42.7,0.2827
42490.45865,33.091,-158.001,43.7,0.2669
42490.45865,33.091,-158.001,44.7,0.2509
42490.45865,33.091,-158.001,45.7,0.2509
42490.45865,33.091,-158.001,46.7,0.2588
42490.45865,33.091,-158.001,47.7,0.2626
42490.45865,33.091,-158.001,48.6,0.2778
42490.45865,33.091,-158.001,49.6,0.2776
42490.45865,33.091,-158.001,50.6,0.2814
42490.45865,33.091,-158.001,51.6,0.2887
42490.45865,33.091,-158.001,52.6,0.278
42490.45865,33.091,-158.001,53.6,0.2876
42490.45865,33.091,-158.001,54.6,0.2946
42490.45865,33.091,-158.001,55.6,0.299
42490.45865,33.091,-158.001,56.6,0.3088
42490.45865,33.091,-158.001,57.6,0.313
42490.45865,33.091,-158.001,58.6,0.3265
42490.45865,33.091,-158.001,59.6,0.316
42490.45865,33.091,-158.001,60.6,0.3161
42490.45865,33.091,-158.001,61.6,0.3564
42490.45865,33.091,-158.001,62.5,0.328
42490.45865,33.091,-158.001,63.5,0.3378
42490.45865,33.091,-158.001,64.5,0.3318
42490.45865,33.091,-158.001,65.5,0.3231
42490.45865,33.091,-158.001,66.5,0.3287
42490.45865,33.091,-158.001,67.5,0.3246
42490.45865,33.091,-158.001,68.5,0.4873
42490.45865,33.091,-158.001,69.5,0.3302
42490.45865,33.091,-158.001,70.5,0.3599
42490.45865,33.091,-158.001,71.5,0.316
42490.45865,33.091,-158.001,72.5,0.3163
42490.45865,33.091,-158.001,73.5,0.3471
42490.45865,33.091,-158.001,74.5,0.319
42490.45865,33.091,-158.001,75.4,0.3073
42490.45865,33.091,-158.001,76.4,0.3103
42490.45865,33.091,-158.001,77.4,0.3218
42490.45865,33.091,-158.001,78.4,0.2938
42490.45865,33.091,-158.001,79.4,0.2983
42490.45865,33.091,-158.001,80.4,0.2975
42490.45865,33.091,-158.001,81.4,0.3021
42490.45865,33.091,-158.001,82.4,0.2938
42490.45865,33.091,-158.001,83.4,0.2881
42490.45865,33.091,-158.001,84.4,0.2878
42490.45865,33.091,-158.001,85.4,0.3
42490.45865,33.091,-158.001,86.4,0.2825
42490.45865,33.091,-158.001,87.4,0.281
42490.45865,33.091,-158.001,88.4,0.2769
42490.45865,33.091,-158.001,89.3,0.2829
42490.45865,33.091,-158.001,90.3,0.2735
42490.45865,33.091,-158.001,91.3,0.263
42490.45865,33.091,-158.001,92.3,0.2769
42490.45865,33.091,-158.001,93.3,0.2628
42490.45865,33.091,-158.001,94.3,0.2494
42490.45865,33.091,-158.001,95.3,0.254
42490.45865,33.091,-158.001,96.3,0.2455
42490.45865,33.091,-158.001,97.3,0.2371
42490.45865,33.091,-158.001,98.3,0.2322
42490.45865,33.091,-158.001,100.3,0.2337
42490.45865,33.091,-158.001,101.3,0.24
42490.45865,33.091,-158.001,102.2,0.2544
42490.45865,33.091,-158.001,103.2,0.2389
42490.45865,33.091,-158.001,104.2,0.2397
42490.45865,33.091,-158.001,105.2,0.2431
42490.45865,33.091,-158.001,106.2,0.2483
42490.45865,33.091,-158.001,107.2,0.2476
42490.45865,33.091,-158.001,108.2,0.2459
42490.45865,33.091,-158.001,109.2,0.2446
42490.45865,33.091,-158.001,110.2,0.2346
42490.45865,33.091,-158.001,111.2,0.2448
42490.45865,33.091,-158.001,112.2,0.2348
42490.45865,33.091,-158.001,113.2,0.2292
42490.45865,33.091,-158.001,115.1,0.2356
42490.45865,33.091,-158.001,116.1,0.2241
42490.45865,33.091,-158.001,117.1,0.2247
42490.45865,33.091,-158.001,118.1,0.222
42490.45865,33.091,-158.001,119.1,0.2092
42490.45865,33.091,-158.001,120.1,0.2077
42490.45865,33.091,-158.001,121.1,0.207
42490.45865,33.091,-158.001,122.1,0.191
42490.45865,33.091,-158.001,123.1,0.1914
42490.45865,33.091,-158.001,124.1,0.1841
42490.45865,33.091,-158.001,125.1,0.1841
42490.45865,33.091,-158.001,126.1,0.1912
42490.45865,33.091,-158.001,127.1,0.1927
42490.45865,33.091,-158.001,128,0.1867
42490.45865,33.091,-158.001,129,0.1905
42490.45865,33.091,-158.001,130,0.2036
42490.45865,33.091,-158.001,132,0.1957
42490.45865,33.091,-158.001,133,0.1961
42490.45865,33.091,-158.001,134,0.1961
42490.45865,33.091,-158.001,135,0.2115
42490.45865,33.091,-158.001,136,0.2111
42490.45865,33.091,-158.001,137,0.2119
42490.45865,33.091,-158.001,138,0.2134
42490.45865,33.091,-158.001,139,0.206
42490.45865,33.091,-158.001,140,0.1963
42490.45865,33.091,-158.001,140.9,0.1972
42490.45865,33.091,-158.001,141.9,0.1957
42490.45865,33.091,-158.001,142.9,0.1946
42490.45865,33.091,-158.001,143.9,0.1961
42490.45865,33.091,-158.001,144.9,0.2054
42490.45865,33.091,-158.001,145.9,0.1893
42490.45865,33.091,-158.001,146.9,0.1927
42490.45865,33.091,-158.001,147.9,0.1957
42490.45865,33.091,-158.001,148.9,0.1983
42490.45865,33.091,-158.001,149.9,0.2021
42490.45865,33.091,-158.001,150.9,0.2043
42490.45865,33.091,-158.001,151.9,0.2098
42490.45865,33.091,-158.001,152.9,0.1999
42490.45865,33.091,-158.001,153.8,0.21
42490.45865,33.091,-158.001,154.8,0.2096
42490.45865,33.091,-158.001,155.8,0.1955
42490.45865,33.091,-158.001,156.8,0.1927
42490.45865,33.091,-158.001,157.8,0.1927
42490.45865,33.091,-158.001,158.8,0.1784
42490.45865,33.091,-158.001,159.8,0.1795
42490.45865,33.091,-158.001,160.8,0.1792
42490.45865,33.091,-158.001,161.8,0.1756
42490.45865,33.091,-158.001,162.8,0.1732
42490.45865,33.091,-158.001,163.8,0.1741
42490.45865,33.091,-158.001,164.8,0.1748
42490.45865,33.091,-158.001,165.8,0.1735
42490.45865,33.091,-158.001,167.7,0.1784
42490.45865,33.091,-158.001,168.7,0.1709
42490.45865,33.091,-158.001,169.7,0.1734
42490.45865,33.091,-158.001,170.7,0.1709
42490.45865,33.091,-158.001,171.7,0.1671
42490.45865,33.091,-158.001,172.7,0.169
42490.45865,33.091,-158.001,173.7,0.1544
42490.45865,33.091,-158.001,174.7,0.1487
42490.45865,33.091,-158.001,175.7,0.1457
42490.45865,33.091,-158.001,176.7,0.1453
42490.45865,33.091,-158.001,177.7,0.1378
42490.45865,33.091,-158.001,178.7,0.1375
42490.45865,33.091,-158.001,179.6,0.1269
42490.45865,33.091,-158.001,180.6,0.1243
42490.45865,33.091,-158.001,181.6,0.1194
42490.45865,33.091,-158.001,182.6,0.1198
42490.45865,33.091,-158.001,183.6,0.1209
42490.45865,33.091,-158.001,184.6,0.1202
42490.45865,33.091,-158.001,185.6,0.1202
42490.45865,33.091,-158.001,186.6,0.1177
42490.45865,33.091,-158.001,187.6,0.1209
42490.45865,33.091,-158.001,188.6,0.122
42490.45865,33.091,-158.001,189.6,0.1185
42490.45865,33.091,-158.001,190.6,0.1194
42490.45865,33.091,-158.001,191.5,0.1191
42490.45865,33.091,-158.001,192.5,0.1237
42490.45865,33.091,-158.001,193.5,0.1209
42490.45865,33.091,-158.001,194.5,0.1202
42490.45865,33.091,-158.001,195.5,0.122
42490.45865,33.091,-158.001,196.5,0.1243
42490.45865,33.091,-158.001,197.5,0.1264
42490.45865,33.091,-158.001,198.5,0.1254
42490.45865,33.091,-158.001,199.5,0.1268
42490.45865,33.091,-158.001,200.5,0.1316
42490.45865,33.091,-158.001,201.5,0.1239
42490.45865,33.091,-158.001,202.5,0.1228
42490.45865,33.091,-158.001,204.4,0.1209
42490.45865,33.091,-158.001,205.4,0.1247
42490.45865,33.091,-158.001,206.4,0.1183
42490.45865,33.091,-158.001,207.4,0.1176
42490.45865,33.091,-158.001,208.4,0.1187
42490.45865,33.091,-158.001,209.4,0.1228
42490.45865,33.091,-158.001,210.4,0.122
42490.45865,33.091,-158.001,211.4,0.1209
42490.45865,33.091,-158.001,212.4,0.1205
42490.45865,33.091,-158.001,213.4,0.1179
42490.45865,33.091,-158.001,214.4,0.1202
42490.45865,33.091,-158.001,215.4,0.1191
42490.45865,33.091,-158.001,216.3,0.1188
42490.45865,33.091,-158.001,217.3,0.1217
42490.45865,33.091,-158.001,218.3,0.116
42490.45865,33.091,-158.001,219.3,0.11
42490.45865,33.091,-158.001,220.3,0.1067
42490.45865,33.091,-158.001,221.3,0.1063
42490.45865,33.091,-158.001,222.3,0.1055
42490.45865,33.091,-158.001,223.3,0.1055
42490.45865,33.091,-158.001,224.3,0.1079
42490.45865,33.091,-158.001,225.3,0.1059
42490.45865,33.091,-158.001,226.3,0.1063
42490.45865,33.091,-158.001,227.3,0.1057
42490.45865,33.091,-158.001,228.2,0.1048
42490.45865,33.091,-158.001,230.2,0.1036
42490.45865,33.091,-158.001,231.2,0.1036
42490.45865,33.091,-158.001,232.2,0.1018
42490.45865,33.091,-158.001,233.2,0.1036
42490.45865,33.091,-158.001,234.2,0.1018
42490.45865,33.091,-158.001,235.2,0.1012
42490.45865,33.091,-158.001,236.2,0.1006
42490.45865,33.091,-158.001,237.2,0.0999
42490.45865,33.091,-158.001,238.2,0.0984
42490.45865,33.091,-158.001,239.2,0.0995
42490.45865,33.091,-158.001,240.2,0.1006
42490.45865,33.091,-158.001,241.1,0.0995
42490.45865,33.091,-158.001,242.1,0.0978
42490.45865,33.091,-158.001,243.1,0.098
42490.45865,33.091,-158.001,244.1,0.0984
42490.45865,33.091,-158.001,245.1,0.0976
42490.45865,33.091,-158.001,246.1,0.0987
42490.45865,33.091,-158.001,247.1,0.0969
42490.45865,33.091,-158.001,248.1,0.095
42490.45865,33.091,-158.001,249.1,0.0943
42490.45865,33.091,-158.001,250.1,0.095
42490.45865,33.091,-158.001,251.1,0.0948
42490.45865,33.091,-158.001,252.1,0.095
42490.45865,33.091,-158.001,253,0.0954
42490.45865,33.091,-158.001,254,0.095
42490.45865,33.091,-158.001,255,0.0969
42490.45865,33.091,-158.001,256,0.0969
42490.45865,33.091,-158.001,257,0.0961
42490.45865,33.091,-158.001,258,0.0972
42490.45865,33.091,-158.001,259,0.0991
42490.45865,33.091,-158.001,260,0.1016
42490.45865,33.091,-158.001,261,0.1004
42490.45865,33.091,-158.001,262,0.1004
42490.45865,33.091,-158.001,263,0.098
42490.45865,33.091,-158.001,264,0.0995
42490.45865,33.091,-158.001,264.9,0.101
42490.45865,33.091,-158.001,266.9,0.0991
42490.45865,33.091,-158.001,267.9,0.0975
42490.45865,33.091,-158.001,268.9,0.0986
42490.45865,33.091,-158.001,269.9,0.0971
42490.45865,33.091,-158.001,270.9,0.0963
42490.45865,33.091,-158.001,271.9,0.0954
42490.45865,33.091,-158.001,272.9,0.0961
42490.45865,33.091,-158.001,273.9,0.0963
42490.45865,33.091,-158.001,274.9,0.0997
42490.45865,33.091,-158.001,275.9,0.0944
42490.45865,33.091,-158.001,276.8,0.0929
42490.45865,33.091,-158.001,277.8,0.0935
42490.45865,33.091,-158.001,278.8,0.0926
42490.45865,33.091,-158.001,279.8,0.092
42490.45865,33.091,-158.001,280.8,0.0929
42490.45865,33.091,-158.001,281.8,0.0931
42490.45865,33.091,-158.001,282.8,0.0923
42490.45865,33.091,-158.001,283.8,0.0926
42490.45865,33.091,-158.001,284.8,0.0933
42490.45865,33.091,-158.001,285.8,0.0935
42490.45865,33.091,-158.001,286.8,0.0941
42490.45865,33.091,-158.001,287.8,0.0919
42490.45865,33.091,-158.001,288.7,0.0923
42490.45865,33.091,-158.001,289.7,0.0912
42490.45865,33.091,-158.001,290.7,0.0902
42490.45865,33.091,-158.001,291.7,0.0889
42490.45865,33.091,-158.001,292.7,0.0882
42490.45865,33.091,-158.001,293.7,0.0879
42490.45865,33.091,-158.001,294.7,0.0883
42490.45865,33.091,-158.001,295.7,0.0886
42490.45865,33.091,-158.001,296.7,0.0877
42490.45865,33.091,-158.001,297.7,0.0886
42489.10697,36.569,-157.998,2,0.2506
42489.10697,36.569,-157.998,3,0.2419
42489.10697,36.569,-157.998,4,0.247
42489.10697,36.569,-157.998,5,0.2419
42489.10697,36.569,-157.998,6,0.2404
42489.10697,36.569,-157.998,6.9,0.2562
42489.10697,36.569,-157.998,7.9,0.2307
42489.10697,36.569,-157.998,8.9,0.2491
42489.10697,36.569,-157.998,9.9,0.2396
42489.10697,36.569,-157.998,10.9,0.2295
42489.10697,36.569,-157.998,11.9,0.2436
42489.10697,36.569,-157.998,12.9,0.2368
42489.10697,36.569,-157.998,13.9,0.24
42489.10697,36.569,-157.998,14.9,0.2474
42489.10697,36.569,-157.998,15.9,0.2404
42489.10697,36.569,-157.998,16.9,0.2372
42489.10697,36.569,-157.998,17.9,0.2326
42489.10697,36.569,-157.998,18.9,0.2111
42489.10697,36.569,-157.998,19.9,0.231
42489.10697,36.569,-157.998,20.8,0.2468
42489.10697,36.569,-157.998,21.8,0.219
42489.10697,36.569,-157.998,22.8,0.3613
42489.10697,36.569,-157.998,23.8,0.2335
42489.10697,36.569,-157.998,24.8,0.2353
42489.10697,36.569,-157.998,25.8,0.2365
42489.10697,36.569,-157.998,26.8,0.2385
42489.10697,36.569,-157.998,27.8,0.256
42489.10697,36.569,-157.998,28.8,0.2742
42489.10697,36.569,-157.998,29.8,0.3107
42489.10697,36.569,-157.998,30.8,0.2989
42489.10697,36.569,-157.998,31.8,0.3133
42489.10697,36.569,-157.998,32.8,0.3201
42489.10697,36.569,-157.998,33.7,0.3126
42489.10697,36.569,-157.998,34.7,0.3319
42489.10697,36.569,-157.998,35.7,0.3336
42489.10697,36.569,-157.998,36.7,0.3427
42489.10697,36.569,-157.998,37.7,0.3344
42489.10697,36.569,-157.998,38.7,0.3197
42489.10697,36.569,-157.998,39.7,0.3283
42489.10697,36.569,-157.998,40.7,0.3415
42489.10697,36.569,-157.998,41.7,0.3926
42489.10697,36.569,-157.998,42.7,0.4483
42489.10697,36.569,-157.998,43.7,0.3265
42489.10697,36.569,-157.998,44.7,0.3453
42489.10697,36.569,-157.998,45.7,0.3332
42489.10697,36.569,-157.998,46.6,0.3506
42489.10697,36.569,-157.998,47.6,0.3306
42489.10697,36.569,-157.998,48.6,0.3571
42489.10697,36.569,-157.998,49.6,0.341
42489.10697,36.569,-157.998,50.6,0.3439
42489.10697,36.569,-157.998,51.6,0.3592
42489.10697,36.569,-157.998,52.6,0.3513
42489.10697,36.569,-157.998,53.6,0.3659
42489.10697,36.569,-157.998,54.6,0.3838
42489.10697,36.569,-157.998,55.6,0.3707
42489.10697,36.569,-157.998,56.6,0.3721
42489.10697,36.569,-157.998,57.6,0.3663
42489.10697,36.569,-157.998,58.6,0.3943
42489.10697,36.569,-157.998,59.5,0.3772
42489.10697,36.569,-157.998,60.5,0.3908
42489.10697,36.569,-157.998,61.5,0.4014
42489.10697,36.569,-157.998,62.5,0.4037
42489.10697,36.569,-157.998,63.5,0.4137
42489.10697,36.569,-157.998,64.5,0.3945
42489.10697,36.569,-157.998,65.5,0.4085
42489.10697,36.569,-157.998,66.5,0.4088
42489.10697,36.569,-157.998,67.5,0.4398
42489.10697,36.569,-157.998,68.5,0.4418
42489.10697,36.569,-157.998,69.5,0.44
42489.10697,36.569,-157.998,70.5,0.4704
42489.10697,36.569,-157.998,71.5,0.4633
42489.10697,36.569,-157.998,72.5,0.446
42489.10697,36.569,-157.998,73.4,0.4415
42489.10697,36.569,-157.998,74.4,0.4539
42489.10697,36.569,-157.998,75.4,0.4588
42489.10697,36.569,-157.998,76.4,0.4631
42489.10697,36.569,-157.998,77.4,0.4819
42489.10697,36.569,-157.998,78.4,0.47
42489.10697,36.569,-157.998,79.4,0.4785
42489.10697,36.569,-157.998,80.4,0.4711
42489.10697,36.569,-157.998,81.4,0.4543
42489.10697,36.569,-157.998,82.4,0.4602
42489.10697,36.569,-157.998,83.4,0.4238
42489.10697,36.569,-157.998,84.4,0.406
42489.10697,36.569,-157.998,85.3,0.4046
42489.10697,36.569,-157.998,86.3,0.3847
42489.10697,36.569,-157.998,87.3,0.3759
42489.10697,36.569,-157.998,88.3,0.3438
42489.10697,36.569,-157.998,90.3,0.2769
42489.10697,36.569,-157.998,91.3,0.2682
42489.10697,36.569,-157.998,92.3,0.2627
42489.10697,36.569,-157.998,93.3,0.2404
42489.10697,36.569,-157.998,94.3,0.2472
42489.10697,36.569,-157.998,95.3,0.2412
42489.10697,36.569,-157.998,96.3,0.2425
42489.10697,36.569,-157.998,97.3,0.228
42489.10697,36.569,-157.998,98.2,0.2303
42489.10697,36.569,-157.998,99.2,0.2395
42489.10697,36.569,-157.998,100.2,0.2175
42489.10697,36.569,-157.998,101.2,0.2152
42489.10697,36.569,-157.998,102.2,0.2077
42489.10697,36.569,-157.998,103.2,0.222
42489.10697,36.569,-157.998,104.2,0.2314
42489.10697,36.569,-157.998,105.2,0.219
42489.10697,36.569,-157.998,106.2,0.2261
42489.10697,36.569,-157.998,107.2,0.2263
42489.10697,36.569,-157.998,108.2,0.2184
42489.10697,36.569,-157.998,109.2,0.2051
42489.10697,36.569,-157.998,111.1,0.2045
42489.10697,36.569,-157.998,112.1,0.2247
42489.10697,36.569,-157.998,113.1,0.2115
42489.10697,36.569,-157.998,114.1,0.2098
42489.10697,36.569,-157.998,115.1,0.2139
42489.10697,36.569,-157.998,116.1,0.2017
42489.10697,36.569,-157.998,117.1,0.2025
42489.10697,36.569,-157.998,118.1,0.2028
42489.10697,36.569,-157.998,120.1,0.1874
42489.10697,36.569,-157.998,121.1,0.2008
42489.10697,36.569,-157.998,122.1,0.189
42489.10697,36.569,-157.998,123.1,0.189
42489.10697,36.569,-157.998,124,0.181
42489.10697,36.569,-157.998,125,0.1886
42489.10697,36.569,-157.998,126,0.1852
42489.10697,36.569,-157.998,127,0.1709
42489.10697,36.569,-157.998,128,0.1732
42489.10697,36.569,-157.998,129,0.1715
42489.10697,36.569,-157.998,130,0.1679
42489.10697,36.569,-157.998,131,0.1679
42489.10697,36.569,-157.998,132,0.1495
42489.10697,36.569,-157.998,133,0.1551
42489.10697,36.569,-157.998,134,0.1678
42489.10697,36.569,-157.998,135,0.1576
42489.10697,36.569,-157.998,136.9,0.1551
42489.10697,36.569,-157.998,137.9,0.1487
42489.10697,36.569,-157.998,138.9,0.1596
42489.10697,36.569,-157.998,139.9,0.157
42489.10697,36.569,-157.998,140.9,0.1577
42489.10697,36.569,-157.998,141.9,0.151
42489.10697,36.569,-157.998,142.9,0.1523
42489.10697,36.569,-157.998,143.9,0.1469
42489.10697,36.569,-157.998,144.9,0.1517
42489.10697,36.569,-157.998,145.9,0.1424
42489.10697,36.569,-157.998,146.9,0.1529
42489.10697,36.569,-157.998,147.9,0.1504
42489.10697,36.569,-157.998,148.8,0.1416
42489.10697,36.569,-157.998,149.8,0.1356
42489.10697,36.569,-157.998,150.8,0.1363
42489.10697,36.569,-157.998,151.8,0.1405
42489.10697,36.569,-157.998,152.8,0.1356
42489.10697,36.569,-157.998,153.8,0.1349
42489.10697,36.569,-157.998,154.8,0.1318
42489.10697,36.569,-157.998,155.8,0.1322
42489.10697,36.569,-157.998,156.8,0.1209
42489.10697,36.569,-157.998,157.8,0.1254
42489.10697,36.569,-157.998,158.8,0.1269
42489.10697,36.569,-157.998,160.7,0.1194
42489.10697,36.569,-157.998,161.7,0.1217
42489.10697,36.569,-157.998,162.7,0.1208
42489.10697,36.569,-157.998,163.7,0.1224
42489.10697,36.569,-157.998,164.7,0.123
42489.10697,36.569,-157.998,165.7,0.1254
42489.10697,36.569,-157.998,166.7,0.1216
42489.10697,36.569,-157.998,167.7,0.1172
42489.10697,36.569,-157.998,168.7,0.1179
42489.10697,36.569,-157.998,169.7,0.1262
42489.10697,36.569,-157.998,170.7,0.1179
42489.10697,36.569,-157.998,171.7,0.1205
42489.10697,36.569,-157.998,172.6,0.1179
42489.10697,36.569,-157.998,173.6,0.123
42489.10697,36.569,-157.998,174.6,0.1196
42489.10697,36.569,-157.998,175.6,0.1232
42489.10697,36.569,-157.998,176.6,0.1145
42489.10697,36.569,-157.998,177.6,0.1145
42489.10697,36.569,-157.998,178.6,0.1134
42489.10697,36.569,-157.998,179.6,0.1142
42489.10697,36.569,-157.998,180.6,0.11
42489.10697,36.569,-157.998,181.6,0.1102
42489.10697,36.569,-157.998,182.6,0.1085
42489.10697,36.569,-157.998,183.6,0.1149
42489.10697,36.569,-157.998,184.5,0.1063
42489.10697,36.569,-157.998,185.5,0.1104
42489.10697,36.569,-157.998,186.5,0.1085
42489.10697,36.569,-157.998,187.5,0.1036
42489.10697,36.569,-157.998,188.5,0.1067
42489.10697,36.569,-157.998,189.5,0.1046
42489.10697,36.569,-157.998,190.5,0.1033
42489.10697,36.569,-157.998,191.5,0.1033
42489.10697,36.569,-157.998,192.5,0.1033
42489.10697,36.569,-157.998,193.5,0.1055
42489.10697,36.569,-157.998,194.5,0.1014
42489.10697,36.569,-157.998,195.5,0.1021
42489.10697,36.569,-157.998,196.4,0.1025
42489.10697,36.569,-157.998,197.4,0.1048
42489.10697,36.569,-157.998,198.4,0.105
42489.10697,36.569,-157.998,199.4,0.1044
42489.10697,36.569,-157.998,200.4,0.1051
42489.10697,36.569,-157.998,201.4,0.1048
42489.10697,36.569,-157.998,202.4,0.1059
42489.10697,36.569,-157.998,203.4,0.1085
42489.10697,36.569,-157.998,204.4,0.1048
42489.10697,36.569,-157.998,205.4,0.104
42489.10697,36.569,-157.998,206.4,0.104
42489.10697,36.569,-157.998,207.4,0.1057
42489.10697,36.569,-157.998,208.3,0.1048
42489.10697,36.569,-157.998,209.3,0.1036
42489.10697,36.569,-157.998,210.3,0.1029
42489.10697,36.569,-157.998,211.3,0.1036
42489.10697,36.569,-157.998,212.3,0.1035
42489.10697,36.569,-157.998,213.3,0.104
42489.10697,36.569,-157.998,214.3,0.1014
42489.10697,36.569,-157.998,215.3,0.1029
42489.10697,36.569,-157.998,216.3,0.1025
42489.10697,36.569,-157.998,217.3,0.1029
42489.10697,36.569,-157.998,218.3,0.1033
42489.10697,36.569,-157.998,219.3,0.1006
42489.10697,36.569,-157.998,220.2,0.0999
42489.10697,36.569,-157.998,222.2,0.0995
42489.10697,36.569,-157.998,223.2,0.1001
42489.10697,36.569,-157.998,224.2,0.1036
42489.10697,36.569,-157.998,225.2,0.1003
42489.10697,36.569,-157.998,226.2,0.0994
42489.10697,36.569,-157.998,227.2,0.0984
42489.10697,36.569,-157.998,228.2,0.098
42489.10697,36.569,-157.998,229.2,0.0987
42489.10697,36.569,-157.998,230.2,0.1051
42489.10697,36.569,-157.998,231.2,0.0991
42489.10697,36.569,-157.998,232.1,0.0999
42489.10697,36.569,-157.998,233.1,0.0999
42489.10697,36.569,-157.998,234.1,0.0969
42489.10697,36.569,-157.998,235.1,0.0987
42489.10697,36.569,-157.998,236.1,0.0969
42489.10697,36.569,-157.998,237.1,0.0976
42489.10697,36.569,-157.998,238.1,0.0976
42489.10697,36.569,-157.998,239.1,0.0976
42489.10697,36.569,-157.998,240.1,0.098
42489.10697,36.569,-157.998,241.1,0.0946
42489.10697,36.569,-157.998,242.1,0.0958
42489.10697,36.569,-157.998,243.1,0.095
42489.10697,36.569,-157.998,244,0.0954
42489.10697,36.569,-157.998,245,0.0954
42489.10697,36.569,-157.998,246,0.0954
42489.10697,36.569,-157.998,247,0.0958
42489.10697,36.569,-157.998,248,0.0958
42489.10697,36.569,-157.998,249,0.0965
42489.10697,36.569,-157.998,250,0.0954
42489.10697,36.569,-157.998,251,0.098
42489.10697,36.569,-157.998,252,0.095
42489.10697,36.569,-157.998,253,0.0963
42489.10697,36.569,-157.998,254,0.095
42489.10697,36.569,-157.998,255,0.0954
42489.10697,36.569,-157.998,255.9,0.0959
42489.10697,36.569,-157.998,256.9,0.0958
42489.10697,36.569,-157.998,257.9,0.0959
42489.10697,36.569,-157.998,258.9,0.0952
42489.10697,36.569,-157.998,259.9,0.0943
42489.10697,36.569,-157.998,260.9,0.0954
42489.10697,36.569,-157.998,261.9,0.0943
42489.10697,36.569,-157.998,262.9,0.094
42489.10697,36.569,-157.998,263.9,0.0943
42489.10697,36.569,-157.998,264.9,0.095
42489.10697,36.569,-157.998,265.9,0.0941
42489.10697,36.569,-157.998,266.8,0.0936
42489.10697,36.569,-157.998,267.8,0.0935
42489.10697,36.569,-157.998,269.8,0.0952
42489.10697,36.569,-157.998,270.8,0.0926
42489.10697,36.569,-157.998,272.8,0.0927
42489.10697,36.569,-157.998,273.8,0.0927
42489.10697,36.569,-157.998,274.8,0.0943
42489.10697,36.569,-157.998,275.8,0.0935
42489.10697,36.569,-157.998,276.8,0.0924
42489.10697,36.569,-157.998,278.7,0.0927
42489.10697,36.569,-157.998,279.7,0.0927
42489.10697,36.569,-157.998,280.7,0.0943
42489.10697,36.569,-157.998,281.7,0.0927
42489.10697,36.569,-157.998,282.7,0.0929
42489.10697,36.569,-157.998,283.7,0.0927
42489.10697,36.569,-157.998,284.7,0.0927
42489.10697,36.569,-157.998,285.7,0.0926
42489.10697,36.569,-157.998,286.7,0.0924
42489.10697,36.569,-157.998,287.7,0.0912
42489.10697,36.569,-157.998,288.7,0.0912
42489.10697,36.569,-157.998,290.6,0.091
42489.10697,36.569,-157.998,291.6,0.0894
42489.10697,36.569,-157.998,293.6,0.0901
42489.10697,36.569,-157.998,294.6,0.0897
42489.10697,36.569,-157.998,295.6,0.0899
42489.10697,36.569,-157.998,296.6,0.089
42489.10697,36.569,-157.998,297.6,0.089
42488.46226,35.463,-157.999,1,0.2652
42488.46226,35.463,-157.999,2,0.2555
42488.46226,35.463,-157.999,3,0.2564
42488.46226,35.463,-157.999,4,0.3646
42488.46226,35.463,-157.999,5,0.2581
42488.46226,35.463,-157.999,6,0.2859
42488.46226,35.463,-157.999,6.9,0.2904
42488.46226,35.463,-157.999,7.9,0.2603
42488.46226,35.463,-157.999,8.9,0.2615
42488.46226,35.463,-157.999,9.9,0.2675
42488.46226,35.463,-157.999,10.9,0.2934
42488.46226,35.463,-157.999,11.9,0.2946
42488.46226,35.463,-157.999,12.9,0.3122
42488.46226,35.463,-157.999,13.9,0.3405
42488.46226,35.463,-157.999,14.9,0.3181
42488.46226,35.463,-157.999,15.9,0.3092
42488.46226,35.463,-157.999,16.9,0.3152
42488.46226,35.463,-157.999,17.9,0.3259
42488.46226,35.463,-157.999,18.9,0.3054
42488.46226,35.463,-157.999,19.9,0.3002
42488.46226,35.463,-157.999,21.8,0.3066
42488.46226,35.463,-157.999,22.8,0.3149
42488.46226,35.463,-157.999,23.8,0.2938
42488.46226,35.463,-157.999,24.8,0.269
42488.46226,35.463,-157.999,25.8,0.266
42488.46226,35.463,-157.999,26.8,0.2695
42488.46226,35.463,-157.999,27.8,0.3023
42488.46226,35.463,-157.999,28.8,0.3017
42488.46226,35.463,-157.999,30.8,0.3197
42488.46226,35.463,-157.999,31.8,0.3838
42488.46226,35.463,-157.999,32.8,0.3727
42488.46226,35.463,-157.999,33.8,0.3569
42488.46226,35.463,-157.999,34.7,0.3481
42488.46226,35.463,-157.999,35.7,0.3727
42488.46226,35.463,-157.999,36.7,0.3691
42488.46226,35.463,-157.999,37.7,0.3757
42488.46226,35.463,-157.999,38.7,0.3768
42488.46226,35.463,-157.999,39.7,0.3748
42488.46226,35.463,-157.999,40.7,0.366
42488.46226,35.463,-157.999,41.7,0.3584
42488.46226,35.463,-157.999,42.7,0.3624
42488.46226,35.463,-157.999,43.7,0.3558
42488.46226,35.463,-157.999,44.7,0.3459
42488.46226,35.463,-157.999,45.7,0.3701
42488.46226,35.463,-157.999,46.7,0.378
42488.46226,35.463,-157.999,47.6,0.3735
42488.46226,35.463,-157.999,48.6,0.4016
42488.46226,35.463,-157.999,49.6,0.4216
42488.46226,35.463,-157.999,50.6,0.3802
42488.46226,35.463,-157.999,51.6,0.4142
42488.46226,35.463,-157.999,52.6,0.5538
42488.46226,35.463,-157.999,53.6,0.3768
42488.46226,35.463,-157.999,54.6,0.3441
42488.46226,35.463,-157.999,55.6,0.3635
42488.46226,35.463,-157.999,56.6,0.3529
42488.46226,35.463,-157.999,57.6,0.3325
42488.46226,35.463,-157.999,58.6,0.2927
42488.46226,35.463,-157.999,59.6,0.2938
42488.46226,35.463,-157.999,60.5,0.3197
42488.46226,35.463,-157.999,61.5,0.3422
42488.46226,35.463,-157.999,62.5,0.3058
42488.46226,35.463,-157.999,63.5,0.3077
42488.46226,35.463,-157.999,64.5,0.3194
42488.46226,35.463,-157.999,65.5,0.3409
42488.46226,35.463,-157.999,66.5,0.3485
42488.46226,35.463,-157.999,67.5,0.3783
42488.46226,35.463,-157.999,68.5,0.3562
42488.46226,35.463,-157.999,69.5,0.3505
42488.46226,35.463,-157.999,70.5,0.3357
42488.46226,35.463,-157.999,71.5,0.3689
42488.46226,35.463,-157.999,72.5,0.3575
42488.46226,35.463,-157.999,73.4,0.3385
42488.46226,35.463,-157.999,74.4,0.293
42488.46226,35.463,-157.999,75.4,0.281
42488.46226,35.463,-157.999,76.4,0.2803
42488.46226,35.463,-157.999,77.4,0.2493
42488.46226,35.463,-157.999,78.4,0.2216
42488.46226,35.463,-157.999,79.4,0.2295
42488.46226,35.463,-157.999,80.4,0.2419
42488.46226,35.463,-157.999,81.4,0.2235
42488.46226,35.463,-157.999,82.4,0.2558
42488.46226,35.463,-157.999,83.4,0.2587
42488.46226,35.463,-157.999,84.4,0.2183
42488.46226,35.463,-157.999,85.4,0.1957
42488.46226,35.463,-157.999,86.4,0.1611
42488.46226,35.463,-157.999,87.3,0.1517
42488.46226,35.463,-157.999,88.3,0.1439
42488.46226,35.463,-157.999,89.3,0.1608
42488.46226,35.463,-157.999,90.3,0.1658
42488.46226,35.463,-157.999,92.3,0.1732
42488.46226,35.463,-157.999,93.3,0.1681
42488.46226,35.463,-157.999,94.3,0.1573
42488.46226,35.463,-157.999,95.3,0.1397
42488.46226,35.463,-157.999,96.3,0.1236
42488.46226,35.463,-157.999,97.3,0.1333
42488.46226,35.463,-157.999,98.3,0.1461
42488.46226,35.463,-157.999,99.2,0.1628
42488.46226,35.463,-157.999,100.2,0.1805
42488.46226,35.463,-157.999,101.2,0.1668
42488.46226,35.463,-157.999,102.2,0.175
42488.46226,35.463,-157.999,103.2,0.1807
42488.46226,35.463,-157.999,104.2,0.1872
42488.46226,35.463,-157.999,105.2,0.1901
42488.46226,35.463,-157.999,106.2,0.1912
42488.46226,35.463,-157.999,107.2,0.2021
42488.46226,35.463,-157.999,108.2,0.225
42488.46226,35.463,-157.999,109.2,0.2318
42488.46226,35.463,-157.999,110.2,0.1781
42488.46226,35.463,-157.999,111.2,0.1713
42488.46226,35.463,-157.999,112.1,0.1548
42488.46226,35.463,-157.999,113.1,0.1386
42488.46226,35.463,-157.999,114.1,0.1438
42488.46226,35.463,-157.999,115.1,0.1596
42488.46226,35.463,-157.999,116.1,0.1686
42488.46226,35.463,-157.999,117.1,0.1972
42488.46226,35.463,-157.999,118.1,0.2446
42488.46226,35.463,-157.999,119.1,0.2814
42488.46226,35.463,-157.999,120.1,0.269
42488.46226,35.463,-157.999,121.1,0.3006
42488.46226,35.463,-157.999,122.1,0.3194
42488.46226,35.463,-157.999,123.1,0.3118
42488.46226,35.463,-157.999,124.1,0.2641
42488.46226,35.463,-157.999,125,0.257
42488.46226,35.463,-157.999,126,0.2694
42488.46226,35.463,-157.999,127,0.284
42488.46226,35.463,-157.999,128,0.2917
42488.46226,35.463,-157.999,129,0.2746
42488.46226,35.463,-157.999,130,0.2472
42488.46226,35.463,-157.999,132,0.2416
42488.46226,35.463,-157.999,133,0.2517
42488.46226,35.463,-157.999,134,0.2421
42488.46226,35.463,-157.999,135,0.2352
42488.46226,35.463,-157.999,136,0.2417
42488.46226,35.463,-157.999,137,0.2502
42488.46226,35.463,-157.999,137.9,0.2295
42488.46226,35.463,-157.999,138.9,0.2224
42488.46226,35.463,-157.999,139.9,0.2356
42488.46226,35.463,-157.999,140.9,0.248
42488.46226,35.463,-157.999,141.9,0.2583
42488.46226,35.463,-157.999,142.9,0.2312
42488.46226,35.463,-157.999,144.9,0.201
42488.46226,35.463,-157.999,145.9,0.2017
42488.46226,35.463,-157.999,146.9,0.207
42488.46226,35.463,-157.999,147.9,0.228
42488.46226,35.463,-157.999,148.9,0.2175
42488.46226,35.463,-157.999,149.8,0.1878
42488.46226,35.463,-157.999,151.8,0.1784
42488.46226,35.463,-157.999,152.8,0.1773
42488.46226,35.463,-157.999,153.8,0.1914
42488.46226,35.463,-157.999,154.8,0.1854
42488.46226,35.463,-157.999,155.8,0.1773
42488.46226,35.463,-157.999,156.8,0.1604
42488.46226,35.463,-157.999,157.8,0.1577
42488.46226,35.463,-157.999,158.8,0.1668
42488.46226,35.463,-157.999,159.8,0.1719
42488.46226,35.463,-157.999,160.8,0.1589
42488.46226,35.463,-157.999,161.8,0.1514
42488.46226,35.463,-157.999,162.7,0.1472
42488.46226,35.463,-157.999,163.7,0.1438
42488.46226,35.463,-157.999,164.7,0.1442
42488.46226,35.463,-157.999,165.7,0.1439
42488.46226,35.463,-157.999,166.7,0.1418
42488.46226,35.463,-157.999,167.7,0.1367
42488.46226,35.463,-157.999,168.7,0.1344
42488.46226,35.463,-157.999,169.7,0.1277
42488.46226,35.463,-157.999,170.7,0.1281
42488.46226,35.463,-157.999,171.7,0.1254
42488.46226,35.463,-157.999,172.7,0.1336
42488.46226,35.463,-157.999,173.7,0.1301
42488.46226,35.463,-157.999,174.6,0.1183
42488.46226,35.463,-157.999,176.6,0.1145
42488.46226,35.463,-157.999,177.6,0.1157
42488.46226,35.463,-157.999,178.6,0.1208
42488.46226,35.463,-157.999,179.6,0.1172
42488.46226,35.463,-157.999,180.6,0.113
42488.46226,35.463,-157.999,181.6,0.1187
42488.46226,35.463,-157.999,182.6,0.1249
42488.46226,35.463,-157.999,183.6,0.1266
42488.46226,35.463,-157.999,184.6,0.1269
42488.46226,35.463,-157.999,185.6,0.1251
42488.46226,35.463,-157.999,186.6,0.1251
42488.46226,35.463,-157.999,187.5,0.1281
42488.46226,35.463,-157.999,188.5,0.1339
42488.46226,35.463,-157.999,189.5,0.1262
42488.46226,35.463,-157.999,191.5,0.1232
42488.46226,35.463,-157.999,192.5,0.1254
42488.46226,35.463,-157.999,193.5,0.134
42488.46226,35.463,-157.999,194.5,0.13
42488.46226,35.463,-157.999,195.5,0.1232
42488.46226,35.463,-157.999,196.5,0.1224
42488.46226,35.463,-157.999,197.5,0.1254
42488.46226,35.463,-157.999,198.5,0.1236
42488.46226,35.463,-157.999,199.4,0.1254
42488.46226,35.463,-157.999,200.4,0.1209
42488.46226,35.463,-157.999,201.4,0.1236
42488.46226,35.463,-157.999,202.4,0.1224
42488.46226,35.463,-157.999,203.4,0.1149
42488.46226,35.463,-157.999,204.4,0.113
42488.46226,35.463,-157.999,206.4,0.1138
42488.46226,35.463,-157.999,207.4,0.1185
42488.46226,35.463,-157.999,208.4,0.117
42488.46226,35.463,-157.999,209.4,0.1104
42488.46226,35.463,-157.999,210.4,0.1074
42488.46226,35.463,-157.999,212.3,0.1063
42488.46226,35.463,-157.999,213.3,0.104
42488.46226,35.463,-157.999,214.3,0.1067
42488.46226,35.463,-157.999,215.3,0.1065
42488.46226,35.463,-157.999,216.3,0.1021
42488.46226,35.463,-157.999,217.3,0.0984
42488.46226,35.463,-157.999,219.3,0.0991
42488.46226,35.463,-157.999,220.3,0.099
42488.46226,35.463,-157.999,221.3,0.1003
42488.46226,35.463,-157.999,222.3,0.1008
42488.46226,35.463,-157.999,223.2,0.0997
42488.46226,35.463,-157.999,224.2,0.0972
42488.46226,35.463,-157.999,226.2,0.0965
42488.46226,35.463,-157.999,227.2,0.0997
42488.46226,35.463,-157.999,228.2,0.0978
42488.46226,35.463,-157.999,229.2,0.0961
42488.46226,35.463,-157.999,230.2,0.0976
42488.46226,35.463,-157.999,231.2,0.1009
42488.46226,35.463,-157.999,232.2,0.0943
42488.46226,35.463,-157.999,234.2,0.0935
42488.46226,35.463,-157.999,235.1,0.0946
42488.46226,35.463,-157.999,236.1,0.097
42488.46226,35.463,-157.999,237.1,0.0946
42488.46226,35.463,-157.999,238.1,0.0943
42488.46226,35.463,-157.999,240.1,0.095
42488.46226,35.463,-157.999,241.1,0.0954
42488.46226,35.463,-157.999,242.1,0.0976
42488.46226,35.463,-157.999,244.1,0.0939
42488.46226,35.463,-157.999,245.1,0.0967
42488.46226,35.463,-157.999,246.1,0.0937
42488.46226,35.463,-157.999,247,0.0931
42488.46226,35.463,-157.999,249,0.0927
42488.46226,35.463,-157.999,250,0.0943
42488.46226,35.463,-157.999,251,0.0935
42488.46226,35.463,-157.999,252,0.0916
42488.46226,35.463,-157.999,253,0.0924
42488.46226,35.463,-157.999,254,0.0943
42488.46226,35.463,-157.999,255,0.0961
42488.46226,35.463,-157.999,256,0.0939
42488.46226,35.463,-157.999,257,0.0927
42488.46226,35.463,-157.999,257.9,0.092
42488.46226,35.463,-157.999,258.9,0.0939
42488.46226,35.463,-157.999,259.9,0.0941
42488.46226,35.463,-157.999,260.9,0.0943
42488.46226,35.463,-157.999,261.9,0.092
42488.46226,35.463,-157.999,262.9,0.0987
42488.46226,35.463,-157.999,263.9,0.0955
42488.46226,35.463,-157.999,264.9,0.0927
42488.46226,35.463,-157.999,265.9,0.092
42488.46226,35.463,-157.999,266.9,0.0924
42488.46226,35.463,-157.999,267.9,0.0927
42488.46226,35.463,-157.999,268.9,0.0954
42488.46226,35.463,-157.999,269.8,0.0923
42488.46226,35.463,-157.999,270.8,0.092
42488.46226,35.463,-157.999,271.8,0.0912
42488.46226,35.463,-157.999,272.8,0.0911
42488.46226,35.463,-157.999,273.8,0.0909
42488.46226,35.463,-157.999,274.8,0.0901
42488.46226,35.463,-157.999,275.8,0.0913
42488.46226,35.463,-157.999,276.8,0.0909
42488.46226,35.463,-157.999,278.8,0.0903
42488.46226,35.463,-157.999,279.8,0.0901
42488.46226,35.463,-157.999,280.8,0.0901
42488.46226,35.463,-157.999,281.7,0.0901
42488.46226,35.463,-157.999,282.7,0.0901
42488.46226,35.463,-157.999,283.7,0.0907
42488.46226,35.463,-157.999,284.7,0.0894
42488.46226,35.463,-157.999,285.7,0.0886
42488.46226,35.463,-157.999,287.7,0.0891
42488.46226,35.463,-157.999,288.7,0.0897
42488.46226,35.463,-157.999,289.7,0.089
42488.46226,35.463,-157.999,290.7,0.0886
42488.46226,35.463,-157.999,291.7,0.0886
42488.46226,35.463,-157.999,292.6,0.0886
42488.46226,35.463,-157.999,293.6,0.0905
42488.46226,35.463,-157.999,294.6,0.0887
42488.46226,35.463,-157.999,295.6,0.0889
42488.46226,35.463,-157.999,296.6,0.0889
42488.46226,35.463,-157.999,297.6,0.0889
42488.46226,35.463,-157.999,298.6,0.0901
42488.04828,36.566,-158.001,2,0.2811
42488.04828,36.566,-158.001,3,0.2652
42488.04828,36.566,-158.001,4,0.2628
42488.04828,36.566,-158.001,5,0.2617
42488.04828,36.566,-158.001,6,0.2707
42488.04828,36.566,-158.001,6.9,0.2693
42488.04828,36.566,-158.001,7.9,0.2618
42488.04828,36.566,-158.001,8.9,0.2671
42488.04828,36.566,-158.001,9.9,0.2861
42488.04828,36.566,-158.001,10.9,0.2739
42488.04828,36.566,-158.001,11.9,0.272
42488.04828,36.566,-158.001,12.9,0.2857
42488.04828,36.566,-158.001,13.9,0.2789
42488.04828,36.566,-158.001,14.9,0.263
42488.04828,36.566,-158.001,15.9,0.2873
42488.04828,36.566,-158.001,16.9,0.2739
42488.04828,36.566,-158.001,17.9,0.2729
42488.04828,36.566,-158.001,18.9,0.2924
42488.04828,36.566,-158.001,19.9,0.2977
42488.04828,36.566,-158.001,20.8,0.2853
42488.04828,36.566,-158.001,21.8,0.2914
42488.04828,36.566,-158.001,22.8,0.3006
42488.04828,36.566,-158.001,23.8,0.2947
42488.04828,36.566,-158.001,24.8,0.303
42488.04828,36.566,-158.001,25.8,0.2859
42488.04828,36.566,-158.001,26.8,0.2883
42488.04828,36.566,-158.001,27.8,0.2946
42488.04828,36.566,-158.001,28.8,0.2949
42488.04828,36.566,-158.001,29.8,0.2878
42488.04828,36.566,-158.001,30.8,0.2889
42488.04828,36.566,-158.001,31.8,0.2885
42488.04828,36.566,-158.001,32.8,0.2829
42488.04828,36.566,-158.001,33.7,0.2934
42488.04828,36.566,-158.001,34.7,0.2799
42488.04828,36.566,-158.001,35.7,0.3057
42488.04828,36.566,-158.001,36.7,0.2784
42488.04828,36.566,-158.001,37.7,0.2649
42488.04828,36.566,-158.001,38.7,0.2744
42488.04828,36.566,-158.001,39.7,0.2955
42488.04828,36.566,-158.001,40.7,0.2769
42488.04828,36.566,-158.001,41.7,0.2811
42488.04828,36.566,-158.001,42.7,0.3611
42488.04828,36.566,-158.001,43.7,0.3028
42488.04828,36.566,-158.001,44.7,0.2957
42488.04828,36.566,-158.001,45.7,0.4075
42488.04828,36.566,-158.001,46.6,0.3014
42488.04828,36.566,-158.001,47.6,0.3186
42488.04828,36.566,-158.001,48.6,0.3105
42488.04828,36.566,-158.001,49.6,0.2853
42488.04828,36.566,-158.001,50.6,0.3396
42488.04828,36.566,-158.001,51.6,0.3098
42488.04828,36.566,-158.001,52.6,0.3156
42488.04828,36.566,-158.001,53.6,0.2998
42488.04828,36.566,-158.001,54.6,0.3032
42488.04828,36.566,-158.001,55.6,0.2921
42488.04828,36.566,-158.001,56.6,0.2972
42488.04828,36.566,-158.001,57.6,0.3242
42488.04828,36.566,-158.001,58.6,0.3188
42488.04828,36.566,-158.001,59.5,0.3255
42488.04828,36.566,-158.001,60.5,0.3174
42488.04828,36.566,-158.001,61.5,0.3257
42488.04828,36.566,-158.001,62.5,0.3364
42488.04828,36.566,-158.001,63.5,0.3631
42488.04828,36.566,-158.001,64.5,0.3475
42488.04828,36.566,-158.001,65.5,0.3667
42488.04828,36.566,-158.001,66.5,0.3969
42488.04828,36.566,-158.001,67.5,0.3528
42488.04828,36.566,-158.001,68.5,0.3669
42488.04828,36.566,-158.001,69.5,0.4073
42488.04828,36.566,-158.001,70.5,0.4201
42488.04828,36.566,-158.001,71.5,0.3802
42488.04828,36.566,-158.001,72.5,0.4005
42488.04828,36.566,-158.001,73.4,0.3953
42488.04828,36.566,-158.001,74.4,0.4201
42488.04828,36.566,-158.001,75.4,0.3893
42488.04828,36.566,-158.001,76.4,0.3806
42488.04828,36.566,-158.001,77.4,0.3836
42488.04828,36.566,-158.001,78.4,0.3776
42488.04828,36.566,-158.001,79.4,0.3827
42488.04828,36.566,-158.001,80.4,0.3712
42488.04828,36.566,-158.001,81.4,0.3667
42488.04828,36.566,-158.001,82.4,0.3633
42488.04828,36.566,-158.001,83.4,0.4
42488.04828,36.566,-158.001,84.4,0.3938
42488.04828,36.566,-158.001,85.3,0.368
42488.04828,36.566,-158.001,86.3,0.3819
42488.04828,36.566,-158.001,87.3,0.3753
42488.04828,36.566,-158.001,88.3,0.3648
42488.04828,36.566,-158.001,89.3,0.3701
42488.04828,36.566,-158.001,90.3,0.3736
42488.04828,36.566,-158.001,91.3,0.3986
42488.04828,36.566,-158.001,92.3,0.3911
42488.04828,36.566,-158.001,93.3,0.3813
42488.04828,36.566,-158.001,94.3,0.3753
42488.04828,36.566,-158.001,95.3,0.3708
42488.04828,36.566,-158.001,96.3,0.3746
42488.04828,36.566,-158.001,97.3,0.3981
42488.04828,36.566,-158.001,98.2,0.3787
42488.04828,36.566,-158.001,99.2,0.3618
42488.04828,36.566,-158.001,100.2,0.3449
42488.04828,36.566,-158.001,101.2,0.3378
42488.04828,36.566,-158.001,102.2,0.3261
42488.04828,36.566,-158.001,103.2,0.3263
42488.04828,36.566,-158.001,104.2,0.328
42488.04828,36.566,-158.001,105.2,0.2821
42488.04828,36.566,-158.001,106.2,0.2513
42488.04828,36.566,-158.001,107.2,0.2521
42488.04828,36.566,-158.001,108.2,0.2348
42488.04828,36.566,-158.001,109.2,0.2216
42488.04828,36.566,-158.001,110.2,0.2273
42488.04828,36.566,-158.001,111.1,0.2273
42488.04828,36.566,-158.001,112.1,0.2006
42488.04828,36.566,-158.001,113.1,0.1859
42488.04828,36.566,-158.001,114.1,0.1803
42488.04828,36.566,-158.001,115.1,0.1778
42488.04828,36.566,-158.001,117.1,0.1563
42488.04828,36.566,-158.001,118.1,0.1311
42488.04828,36.566,-158.001,119.1,0.1303
42488.04828,36.566,-158.001,120.1,0.1297
42488.04828,36.566,-158.001,121.1,0.1273
42488.04828,36.566,-158.001,122.1,0.1254
42488.04828,36.566,-158.001,124,0.1262
42488.04828,36.566,-158.001,125,0.1288
42488.04828,36.566,-158.001,126,0.1252
42488.04828,36.566,-158.001,127,0.1243
42488.04828,36.566,-158.001,128,0.1205
42488.04828,36.566,-158.001,129,0.1243
42488.04828,36.566,-158.001,130,0.1262
42488.04828,36.566,-158.001,131,0.1228
42488.04828,36.566,-158.001,132,0.1226
42488.04828,36.566,-158.001,133,0.1268
42488.04828,36.566,-158.001,134,0.1217
42488.04828,36.566,-158.001,135,0.1228
42488.04828,36.566,-158.001,135.9,0.1232
42488.04828,36.566,-158.001,136.9,0.1236
42488.04828,36.566,-158.001,137.9,0.1232
42488.04828,36.566,-158.001,138.9,0.1245
42488.04828,36.566,-158.001,139.9,0.1236
42488.04828,36.566,-158.001,140.9,0.1239
42488.04828,36.566,-158.001,141.9,0.1281
42488.04828,36.566,-158.001,142.9,0.1228
42488.04828,36.566,-158.001,143.9,0.1213
42488.04828,36.566,-158.001,145.9,0.1168
42488.04828,36.566,-158.001,146.9,0.116
42488.04828,36.566,-158.001,147.9,0.1172
42488.04828,36.566,-158.001,148.8,0.1134
42488.04828,36.566,-158.001,149.8,0.1145
42488.04828,36.566,-158.001,150.8,0.1132
42488.04828,36.566,-158.001,151.8,0.1157
42488.04828,36.566,-158.001,152.8,0.1136
42488.04828,36.566,-158.001,153.8,0.113
42488.04828,36.566,-158.001,155.8,0.1142
42488.04828,36.566,-158.001,156.8,0.1119
42488.04828,36.566,-158.001,157.8,0.11
42488.04828,36.566,-158.001,158.8,0.1123
42488.04828,36.566,-158.001,159.8,0.1149
42488.04828,36.566,-158.001,160.7,0.1142
42488.04828,36.566,-158.001,161.7,0.1191
42488.04828,36.566,-158.001,162.7,0.1209
42488.04828,36.566,-158.001,163.7,0.1228
42488.04828,36.566,-158.001,164.7,0.1269
42488.04828,36.566,-158.001,165.7,0.1288
42488.04828,36.566,-158.001,166.7,0.1393
42488.04828,36.566,-158.001,167.7,0.1273
42488.04828,36.566,-158.001,168.7,0.1266
42488.04828,36.566,-158.001,169.7,0.1205
42488.04828,36.566,-158.001,170.7,0.1239
42488.04828,36.566,-158.001,171.7,0.1297
42488.04828,36.566,-158.001,172.6,0.1284
42488.04828,36.566,-158.001,173.6,0.1232
42488.04828,36.566,-158.001,174.6,0.1187
42488.04828,36.566,-158.001,175.6,0.1063
42488.04828,36.566,-158.001,176.6,0.1029
42488.04828,36.566,-158.001,177.6,0.1025
42488.04828,36.566,-158.001,178.6,0.1044
42488.04828,36.566,-158.001,179.6,0.1036
42488.04828,36.566,-158.001,180.6,0.104
42488.04828,36.566,-158.001,181.6,0.1093
42488.04828,36.566,-158.001,182.6,0.1149
42488.04828,36.566,-158.001,183.6,0.1187
42488.04828,36.566,-158.001,184.5,0.1284
42488.04828,36.566,-158.001,185.5,0.1266
42488.04828,36.566,-158.001,186.5,0.11
42488.04828,36.566,-158.001,187.5,0.1055
42488.04828,36.566,-158.001,188.5,0.1018
42488.04828,36.566,-158.001,189.5,0.1014
42488.04828,36.566,-158.001,190.5,0.1093
42488.04828,36.566,-158.001,191.5,0.116
42488.04828,36.566,-158.001,192.5,0.1213
42488.04828,36.566,-158.001,193.5,0.1217
42488.04828,36.566,-158.001,194.5,0.1213
42488.04828,36.566,-158.001,195.5,0.1112
42488.04828,36.566,-158.001,196.4,0.1021
42488.04828,36.566,-158.001,197.4,0.0991
42488.04828,36.566,-158.001,198.4,0.0958
42488.04828,36.566,-158.001,199.4,0.0954
42488.04828,36.566,-158.001,200.4,0.0972
42488.04828,36.566,-158.001,201.4,0.0969
42488.04828,36.566,-158.001,202.4,0.0984
42488.04828,36.566,-158.001,203.4,0.0972
42488.04828,36.566,-158.001,204.4,0.104
42488.04828,36.566,-158.001,205.4,0.1003
42488.04828,36.566,-158.001,206.4,0.0984
42488.04828,36.566,-158.001,207.4,0.1003
42488.04828,36.566,-158.001,208.3,0.1033
42488.04828,36.566,-158.001,209.3,0.0991
42488.04828,36.566,-158.001,211.3,0.0986
42488.04828,36.566,-158.001,212.3,0.0987
42488.04828,36.566,-158.001,213.3,0.0987
42488.04828,36.566,-158.001,214.3,0.0984
42488.04828,36.566,-158.001,215.3,0.1018
42488.04828,36.566,-158.001,216.3,0.1003
42488.04828,36.566,-158.001,217.3,0.1036
42488.04828,36.566,-158.001,218.3,0.104
42488.04828,36.566,-158.001,219.3,0.1036
42488.04828,36.566,-158.001,220.2,0.1044
42488.04828,36.566,-158.001,221.2,0.1063
42488.04828,36.566,-158.001,222.2,0.1044
42488.04828,36.566,-158.001,223.2,0.104
42488.04828,36.566,-158.001,224.2,0.1074
42488.04828,36.566,-158.001,225.2,0.1063
42488.04828,36.566,-158.001,226.2,0.1059
42488.04828,36.566,-158.001,227.2,0.1055
42488.04828,36.566,-158.001,228.2,0.1059
42488.04828,36.566,-158.001,229.2,0.1096
42488.04828,36.566,-158.001,230.2,0.1059
42488.04828,36.566,-158.001,231.2,0.1036
42488.04828,36.566,-158.001,232.1,0.1078
42488.04828,36.566,-158.001,233.1,0.1036
42488.04828,36.566,-158.001,234.1,0.1018
42488.04828,36.566,-158.001,235.1,0.1021
42488.04828,36.566,-158.001,236.1,0.1003
42488.04828,36.566,-158.001,237.1,0.1014
42488.04828,36.566,-158.001,238.1,0.101
42488.04828,36.566,-158.001,239.1,0.1003
42488.04828,36.566,-158.001,240.1,0.1014
42488.04828,36.566,-158.001,241.1,0.1031
42488.04828,36.566,-158.001,242.1,0.1025
42488.04828,36.566,-158.001,243.1,0.101
42488.04828,36.566,-158.001,244,0.1003
42488.04828,36.566,-158.001,246,0.098
42488.04828,36.566,-158.001,247,0.0961
42488.04828,36.566,-158.001,248,0.1001
42488.04828,36.566,-158.001,249,0.0976
42488.04828,36.566,-158.001,250,0.0961
42488.04828,36.566,-158.001,251,0.0961
42488.04828,36.566,-158.001,252,0.0939
42488.04828,36.566,-158.001,253,0.0924
42488.04828,36.566,-158.001,254,0.0924
42488.04828,36.566,-158.001,255,0.092
42488.04828,36.566,-158.001,255.9,0.0927
42488.04828,36.566,-158.001,256.9,0.0924
42488.04828,36.566,-158.001,257.9,0.092
42488.04828,36.566,-158.001,258.9,0.0939
42488.04828,36.566,-158.001,259.9,0.0916
42488.04828,36.566,-158.001,260.9,0.0901
42488.04828,36.566,-158.001,261.9,0.0924
42488.04828,36.566,-158.001,262.9,0.0912
42488.04828,36.566,-158.001,263.9,0.0907
42488.04828,36.566,-158.001,264.9,0.0905
42488.04828,36.566,-158.001,265.9,0.0901
42488.04828,36.566,-158.001,267.8,0.0894
42488.04828,36.566,-158.001,268.8,0.0894
42488.04828,36.566,-158.001,269.8,0.089
42488.04828,36.566,-158.001,270.8,0.0897
42488.04828,36.566,-158.001,271.8,0.0895
42488.04828,36.566,-158.001,272.8,0.0894
42488.04828,36.566,-158.001,273.8,0.0897
42488.04828,36.566,-158.001,274.8,0.0894
42488.04828,36.566,-158.001,276.8,0.0897
42488.04828,36.566,-158.001,277.8,0.0894
42488.04828,36.566,-158.001,278.7,0.0886
42488.04828,36.566,-158.001,279.7,0.0897
42488.04828,36.566,-158.001,280.7,0.089
42488.04828,36.566,-158.001,281.7,0.0886
42488.04828,36.566,-158.001,282.7,0.0901
42488.04828,36.566,-158.001,283.7,0.0886
42488.04828,36.566,-158.001,284.7,0.0894
42488.04828,36.566,-158.001,285.7,0.0901
42488.04828,36.566,-158.001,286.7,0.089
42488.04828,36.566,-158.001,287.7,0.0897
42488.04828,36.566,-158.001,288.7,0.089
42488.04828,36.566,-158.001,289.6,0.0894
42488.04828,36.566,-158.001,290.6,0.089
42488.04828,36.566,-158.001,291.6,0.0884
42488.04828,36.566,-158.001,292.6,0.089
42488.04828,36.566,-158.001,293.6,0.0894
42488.04828,36.566,-158.001,294.6,0.0886
42488.04828,36.566,-158.001,295.6,0.089
42488.04828,36.566,-158.001,296.6,0.0905
42488.04828,36.566,-158.001,297.6,0.0882
42488.04828,36.566,-158.001,298.6,0.0882
42488.04828,36.566,-158.001,299.6,0.0882
42488.04828,36.566,-158.001,300.6,0.0884
42488.04828,36.566,-158.001,301.5,0.0879
42488.04828,36.566,-158.001,302.5,0.0886
42488.04828,36.566,-158.001,304.5,0.0882
42488.04828,36.566,-158.001,305.5,0.0882
42488.04828,36.566,-158.001,306.5,0.0879
42488.04828,36.566,-158.001,307.5,0.0879
42488.04828,36.566,-158.001,308.5,0.0882
42488.04828,36.566,-158.001,309.5,0.0882
42488.04828,36.566,-158.001,310.5,0.0879
42488.04828,36.566,-158.001,311.5,0.0882
42488.04828,36.566,-158.001,312.4,0.0879
42488.04828,36.566,-158.001,313.4,0.0882
42488.04828,36.566,-158.001,314.4,0.0884
42488.04828,36.566,-158.001,315.4,0.0882
42488.04828,36.566,-158.001,316.4,0.0882
42488.04828,36.566,-158.001,317.4,0.0882
42488.04828,36.566,-158.001,318.4,0.0882
42488.04828,36.566,-158.001,319.4,0.089
42488.04828,36.566,-158.001,320.4,0.0882
42488.04828,36.566,-158.001,321.4,0.0882
42488.04828,36.566,-158.001,322.4,0.0886
42488.04828,36.566,-158.001,323.3,0.0879
42488.04828,36.566,-158.001,324.3,0.0884
42488.04828,36.566,-158.001,325.3,0.0879
42488.04828,36.566,-158.001,326.3,0.0882
42488.04828,36.566,-158.001,327.3,0.0882
42488.04828,36.566,-158.001,328.3,0.0886
42488.04828,36.566,-158.001,330.3,0.0882
42488.04828,36.566,-158.001,331.3,0.0882
42488.04828,36.566,-158.001,332.3,0.0879
42488.04828,36.566,-158.001,334.2,0.0879
42488.04828,36.566,-158.001,335.2,0.0882
42488.04828,36.566,-158.001,336.2,0.0886
42488.04828,36.566,-158.001,337.2,0.0883
42488.04828,36.566,-158.001,339.2,0.0879
42488.04828,36.566,-158.001,340.2,0.0888
42488.04828,36.566,-158.001,341.2,0.0882
42488.04828,36.566,-158.001,342.2,0.0879
42488.04828,36.566,-158.001,343.2,0.0886
42488.04828,36.566,-158.001,344.2,0.0882
42488.04828,36.566,-158.001,345.1,0.0882
42488.04828,36.566,-158.001,346.1,0.0879
42488.04828,36.566,-158.001,347.1,0.0886
42488.04828,36.566,-158.001,348.1,0.0882
42488.04828,36.566,-158.001,349.1,0.089
42488.04828,36.566,-158.001,350.1,0.0886
42488.04828,36.566,-158.001,351.1,0.0884
42488.04828,36.566,-158.001,352.1,0.0882
42488.04828,36.566,-158.001,353.1,0.0886
42488.04828,36.566,-158.001,354.1,0.0886
42488.04828,36.566,-158.001,355.1,0.089
42488.04828,36.566,-158.001,357,0.0884
42488.04828,36.566,-158.001,358,0.0882
42488.04828,36.566,-158.001,359,0.0886
42488.04828,36.566,-158.001,360,0.0882
42488.04828,36.566,-158.001,361,0.0882
42488.04828,36.566,-158.001,362,0.0882
42488.04828,36.566,-158.001,363,0.089
42488.04828,36.566,-158.001,364,0.0886
42488.04828,36.566,-158.001,365,0.089
42488.04828,36.566,-158.001,366,0.0886
42488.04828,36.566,-158.001,366.9,0.0882
42488.04828,36.566,-158.001,367.9,0.0886
42488.04828,36.566,-158.001,368.9,0.0886
42488.04828,36.566,-158.001,369.9,0.0886
42488.04828,36.566,-158.001,370.9,0.0882
42488.04828,36.566,-158.001,371.9,0.0894
42488.04828,36.566,-158.001,372.9,0.0901
42488.04828,36.566,-158.001,373.9,0.0886
42488.04828,36.566,-158.001,374.9,0.0882
42488.04828,36.566,-158.001,375.9,0.0886
42488.04828,36.566,-158.001,376.9,0.0897
42488.04828,36.566,-158.001,377.8,0.089
42488.04828,36.566,-158.001,378.8,0.0894
42488.04828,36.566,-158.001,379.8,0.089
42488.04828,36.566,-158.001,380.8,0.0886
42488.04828,36.566,-158.001,381.8,0.0884
42488.04828,36.566,-158.001,383.8,0.0882
42488.04828,36.566,-158.001,384.8,0.0886
42488.04828,36.566,-158.001,385.8,0.0886
42488.04828,36.566,-158.001,387.8,0.0888
42488.04828,36.566,-158.001,388.7,0.089
42488.04828,36.566,-158.001,389.7,0.0884
42488.04828,36.566,-158.001,390.7,0.0886
42488.04828,36.566,-158.001,391.7,0.0886
42488.04828,36.566,-158.001,392.7,0.0886
42488.04828,36.566,-158.001,393.7,0.089
42488.04828,36.566,-158.001,395.7,0.0886
42488.04828,36.566,-158.001,396.7,0.089
42488.04828,36.566,-158.001,397.7,0.0888
42488.04828,36.566,-158.001,398.7,0.0886
42488.04828,36.566,-158.001,399.6,0.0888
42488.04828,36.566,-158.001,400.6,0.0886
42488.04828,36.566,-158.001,401.6,0.089
42488.04828,36.566,-158.001,402.6,0.0886
42488.04828,36.566,-158.001,403.6,0.0886
42488.04828,36.566,-158.001,405.6,0.0882
42488.04828,36.566,-158.001,406.6,0.0886
42488.04828,36.566,-158.001,407.6,0.0888
42488.04828,36.566,-158.001,408.6,0.0886
42488.04828,36.566,-158.001,409.6,0.089
42488.04828,36.566,-158.001,410.5,0.0886
42488.04828,36.566,-158.001,411.5,0.0882
42488.04828,36.566,-158.001,412.5,0.0886
42488.04828,36.566,-158.001,413.5,0.0886
42488.04828,36.566,-158.001,414.5,0.089
42488.04828,36.566,-158.001,415.5,0.089
42488.04828,36.566,-158.001,416.5,0.089
42488.04828,36.566,-158.001,417.5,0.0888
42488.04828,36.566,-158.001,418.5,0.089
42488.04828,36.566,-158.001,419.5,0.089
42488.04828,36.566,-158.001,420.4,0.0886
42488.04828,36.566,-158.001,421.4,0.089
42488.04828,36.566,-158.001,422.4,0.0886
42488.04828,36.566,-158.001,423.4,0.089
42488.04828,36.566,-158.001,424.4,0.089
42488.04828,36.566,-158.001,425.4,0.0894
42488.04828,36.566,-158.001,426.4,0.089
42488.04828,36.566,-158.001,427.4,0.0886
42488.04828,36.566,-158.001,428.4,0.0901
42488.04828,36.566,-158.001,429.4,0.0912
42488.04828,36.566,-158.001,430.4,0.0894
42488.04828,36.566,-158.001,431.3,0.089
42488.04828,36.566,-158.001,432.3,0.089
42488.04828,36.566,-158.001,433.3,0.089
42488.04828,36.566,-158.001,434.3,0.089
42488.04828,36.566,-158.001,435.3,0.0901
42488.04828,36.566,-158.001,436.3,0.0894
42488.04828,36.566,-158.001,437.3,0.089
42488.04828,36.566,-158.001,438.3,0.089
42488.04828,36.566,-158.001,439.3,0.089
42488.04828,36.566,-158.001,440.3,0.089
42488.04828,36.566,-158.001,441.3,0.089
42488.04828,36.566,-158.001,442.2,0.0894
42488.04828,36.566,-158.001,444.2,0.089
42488.04828,36.566,-158.001,445.2,0.0894
42488.04828,36.566,-158.001,446.2,0.089
42488.04828,36.566,-158.001,447.2,0.089
42488.04828,36.566,-158.001,448.2,0.0894
42488.04828,36.566,-158.001,449.2,0.089
42488.04828,36.566,-158.001,450.2,0.0897
42488.04828,36.566,-158.001,452.1,0.089
42488.04828,36.566,-158.001,453.1,0.0894
42488.04828,36.566,-158.001,454.1,0.089
42488.04828,36.566,-158.001,455.1,0.0897
42488.04828,36.566,-158.001,456.1,0.0894
42488.04828,36.566,-158.001,457.1,0.0892
42488.04828,36.566,-158.001,458.1,0.089
42488.04828,36.566,-158.001,459.1,0.0894
42488.04828,36.566,-158.001,460.1,0.0894
42488.04828,36.566,-158.001,461.1,0.0894
42488.04828,36.566,-158.001,462.1,0.089
42488.04828,36.566,-158.001,463,0.0894
42488.04828,36.566,-158.001,464,0.0894
42488.04828,36.566,-158.001,465,0.089
42488.04828,36.566,-158.001,466,0.0894
42488.04828,36.566,-158.001,467,0.0897
42488.04828,36.566,-158.001,468,0.0894
42488.04828,36.566,-158.001,469,0.0894
42488.04828,36.566,-158.001,470,0.0894
42488.04828,36.566,-158.001,471,0.0894
42488.04828,36.566,-158.001,472,0.0897
42488.04828,36.566,-158.001,472.9,0.0894
42488.04828,36.566,-158.001,473.9,0.0894
42488.04828,36.566,-158.001,474.9,0.0894
42488.04828,36.566,-158.001,475.9,0.0897
42488.04828,36.566,-158.001,476.9,0.0897
42488.04828,36.566,-158.001,477.9,0.0894
42488.04828,36.566,-158.001,478.9,0.0897
42488.04828,36.566,-158.001,479.9,0.0894
42488.04828,36.566,-158.001,480.9,0.0895
42488.04828,36.566,-158.001,481.9,0.0894
42488.04828,36.566,-158.001,482.8,0.0894
42488.04828,36.566,-158.001,483.8,0.0897
42488.04828,36.566,-158.001,484.8,0.0894
42488.04828,36.566,-158.001,485.8,0.0894
42488.04828,36.566,-158.001,486.8,0.0894
42488.04828,36.566,-158.001,487.8,0.0894
42488.04828,36.566,-158.001,488.8,0.0894
42488.04828,36.566,-158.001,489.8,0.0894
42488.04828,36.566,-158.001,490.8,0.0894
42488.04828,36.566,-158.001,491.8,0.0897
42488.04828,36.566,-158.001,492.8,0.0895
42488.04828,36.566,-158.001,493.7,0.0897
42488.04828,36.566,-158.001,494.7,0.0897
42488.04828,36.566,-158.001,495.7,0.0894
42488.04828,36.566,-158.001,497.7,0.0897
42488.04828,36.566,-158.001,498.7,0.0897
42488.04828,36.566,-158.001,499.7,0.0894
42488.04828,36.566,-158.001,500.7,0.0897
42488.04828,36.566,-158.001,501.7,0.0897
42488.04828,36.566,-158.001,502.7,0.0897
42488.04828,36.566,-158.001,503.6,0.0894
42488.04828,36.566,-158.001,505.6,0.0894
42488.04828,36.566,-158.001,506.6,0.0894
42488.04828,36.566,-158.001,507.6,0.0897
42488.04828,36.566,-158.001,508.6,0.0897
42488.04828,36.566,-158.001,509.6,0.0905
42488.04828,36.566,-158.001,510.6,0.0894
42488.04828,36.566,-158.001,511.6,0.0894
42488.04828,36.566,-158.001,512.6,0.0897
42488.04828,36.566,-158.001,513.5,0.0897
42488.04828,36.566,-158.001,514.5,0.0897
42488.04828,36.566,-158.001,515.5,0.0897
42488.04828,36.566,-158.001,516.5,0.0897
42488.04828,36.566,-158.001,517.5,0.0901
42488.04828,36.566,-158.001,518.5,0.0901
42488.04828,36.566,-158.001,519.5,0.0899
42488.04828,36.566,-158.001,520.5,0.0897
42488.04828,36.566,-158.001,521.5,0.0897
42488.04828,36.566,-158.001,522.5,0.0897
42488.04828,36.566,-158.001,523.4,0.0901
42488.04828,36.566,-158.001,524.4,0.0897
42488.04828,36.566,-158.001,525.4,0.0897
42488.04828,36.566,-158.001,526.4,0.0897
42488.04828,36.566,-158.001,527.4,0.0894
42488.04828,36.566,-158.001,528.4,0.0897
42488.04828,36.566,-158.001,529.4,0.0897
42488.04828,36.566,-158.001,530.4,0.0901
42488.04828,36.566,-158.001,531.4,0.0897
42488.04828,36.566,-158.001,532.4,0.0899
42488.04828,36.566,-158.001,533.3,0.0901
42488.04828,36.566,-158.001,534.3,0.0901
42488.04828,36.566,-158.001,535.3,0.0901
42488.04828,36.566,-158.001,536.3,0.0905
42488.04828,36.566,-158.001,537.3,0.0897
42488.04828,36.566,-158.001,538.3,0.0901
42488.04828,36.566,-158.001,539.3,0.0905
42488.04828,36.566,-158.001,540.3,0.0901
42488.04828,36.566,-158.001,541.3,0.0901
42488.04828,36.566,-158.001,542.3,0.0901
42488.04828,36.566,-158.001,543.2,0.0901
42488.04828,36.566,-158.001,544.2,0.0901
42488.04828,36.566,-158.001,545.2,0.0901
42488.04828,36.566,-158.001,546.2,0.0901
42488.04828,36.566,-158.001,547.2,0.0901
42488.04828,36.566,-158.001,549.2,0.0905
42488.04828,36.566,-158.001,550.2,0.0902
42488.04828,36.566,-158.001,551.2,0.0897
42488.04828,36.566,-158.001,552.2,0.0901
42488.04828,36.566,-158.001,553.1,0.0901
42488.04828,36.566,-158.001,554.1,0.0901
42488.04828,36.566,-158.001,555.1,0.0901
42488.04828,36.566,-158.001,557.1,0.0901
42488.04828,36.566,-158.001,558.1,0.0901
42488.04828,36.566,-158.001,559.1,0.0901
42488.04828,36.566,-158.001,560.1,0.0903
42488.04828,36.566,-158.001,561.1,0.0905
42488.04828,36.566,-158.001,562.1,0.0901
42488.04828,36.566,-158.001,563,0.0901
42488.04828,36.566,-158.001,565,0.0901
42488.04828,36.566,-158.001,567,0.0899
42488.04828,36.566,-158.001,568,0.0901
42488.04828,36.566,-158.001,569,0.0901
42488.04828,36.566,-158.001,570,0.0897
42488.04828,36.566,-158.001,571,0.0901
42488.04828,36.566,-158.001,572,0.0901
42488.04828,36.566,-158.001,572.9,0.0901
42488.04828,36.566,-158.001,573.9,0.0901
42488.04828,36.566,-158.001,575.9,0.0901
42488.04828,36.566,-158.001,576.9,0.0901
42488.04828,36.566,-158.001,577.9,0.0905
42488.04828,36.566,-158.001,578.9,0.0901
42488.04828,36.566,-158.001,580.9,0.0901
42488.04828,36.566,-158.001,581.9,0.0905
42488.04828,36.566,-158.001,582.8,0.0901
42488.04828,36.566,-158.001,583.8,0.0901
42488.04828,36.566,-158.001,584.8,0.0901
42488.04828,36.566,-158.001,585.8,0.0905
42488.04828,36.566,-158.001,586.8,0.0901
42488.04828,36.566,-158.001,587.8,0.0905
42488.04828,36.566,-158.001,588.8,0.0905
42488.04828,36.566,-158.001,589.8,0.0901
42488.04828,36.566,-158.001,590.8,0.0905
42488.04828,36.566,-158.001,591.8,0.0901
42488.04828,36.566,-158.001,592.7,0.0905
42488.04828,36.566,-158.001,593.7,0.0905
42488.04828,36.566,-158.001,594.7,0.0905
42488.04828,36.566,-158.001,595.7,0.0905
42488.04828,36.566,-158.001,596.7,0.0901
42488.04828,36.566,-158.001,598.7,0.0903
42488.04828,36.566,-158.001,599.7,0.0905
42488.04828,36.566,-158.001,600.7,0.0905
42488.04828,36.566,-158.001,601.7,0.0905
42488.04828,36.566,-158.001,602.6,0.0905
42488.04828,36.566,-158.001,603.6,0.0905
42488.04828,36.566,-158.001,604.6,0.0905
42488.04828,36.566,-158.001,605.6,0.0905
42488.04828,36.566,-158.001,606.6,0.0905
42488.04828,36.566,-158.001,607.6,0.0905
42488.04828,36.566,-158.001,608.6,0.0905
42488.04828,36.566,-158.001,609.6,0.0905
42488.04828,36.566,-158.001,610.6,0.0909
42488.04828,36.566,-158.001,612.5,0.0905
42488.04828,36.566,-158.001,613.5,0.0912
42488.04828,36.566,-158.001,614.5,0.0905
42488.04828,36.566,-158.001,615.5,0.0901
42488.04828,36.566,-158.001,616.5,0.0905
42488.04828,36.566,-158.001,617.5,0.0905
42488.04828,36.566,-158.001,618.5,0.0901
42488.04828,36.566,-158.001,619.5,0.0905
42488.04828,36.566,-158.001,620.5,0.0909
42488.04828,36.566,-158.001,621.4,0.0909
42488.04828,36.566,-158.001,622.4,0.0905
42488.04828,36.566,-158.001,623.4,0.0905
42488.04828,36.566,-158.001,624.4,0.0909
42488.04828,36.566,-158.001,625.4,0.0905
42488.04828,36.566,-158.001,626.4,0.0907
42488.04828,36.566,-158.001,627.4,0.0909
42488.04828,36.566,-158.001,628.4,0.0909
42488.04828,36.566,-158.001,629.4,0.0905
42488.04828,36.566,-158.001,630.4,0.0905
42488.04828,36.566,-158.001,631.3,0.0909
42488.04828,36.566,-158.001,632.3,0.0909
42488.04828,36.566,-158.001,633.3,0.0909
42488.04828,36.566,-158.001,634.3,0.0909
42488.04828,36.566,-158.001,635.3,0.0912
42488.04828,36.566,-158.001,636.3,0.0905
42488.04828,36.566,-158.001,638.3,0.0909
42488.04828,36.566,-158.001,639.3,0.0909
42488.04828,36.566,-158.001,640.2,0.0909
42488.04828,36.566,-158.001,641.2,0.0909
42488.04828,36.566,-158.001,642.2,0.0912
42488.04828,36.566,-158.001,643.2,0.0909
42488.04828,36.566,-158.001,644.2,0.0909
42488.04828,36.566,-158.001,645.2,0.0909
42488.04828,36.566,-158.001,646.2,0.0912
42488.04828,36.566,-158.001,648.2,0.0909
42488.04828,36.566,-158.001,649.2,0.0909
42488.04828,36.566,-158.001,650.1,0.0909
42488.04828,36.566,-158.001,651.1,0.0909
42488.04828,36.566,-158.001,652.1,0.0909
42488.04828,36.566,-158.001,653.1,0.0905
42488.04828,36.566,-158.001,654.1,0.0909
42488.04828,36.566,-158.001,655.1,0.0909
42488.04828,36.566,-158.001,656.1,0.0912
42488.04828,36.566,-158.001,657.1,0.0909
42488.04828,36.566,-158.001,658.1,0.0909
42488.04828,36.566,-158.001,659.1,0.0909
42488.04828,36.566,-158.001,660,0.0909
42488.04828,36.566,-158.001,661,0.0909
42488.04828,36.566,-158.001,662,0.0911
42488.04828,36.566,-158.001,663,0.0912
42488.04828,36.566,-158.001,664,0.0909
42488.04828,36.566,-158.001,666,0.0909
42488.04828,36.566,-158.001,667,0.0909
42488.04828,36.566,-158.001,668,0.0909
42488.04828,36.566,-158.001,668.9,0.0909
42488.04828,36.566,-158.001,669.9,0.0909
42488.04828,36.566,-158.001,670.9,0.0909
42488.04828,36.566,-158.001,671.9,0.0909
42488.04828,36.566,-158.001,672.9,0.0912
42488.04828,36.566,-158.001,674.9,0.0909
42488.04828,36.566,-158.001,675.9,0.0905
42488.04828,36.566,-158.001,676.9,0.0909
42488.04828,36.566,-158.001,677.8,0.0909
42488.04828,36.566,-158.001,678.8,0.0909
42488.04828,36.566,-158.001,679.8,0.0909
42488.04828,36.566,-158.001,681.8,0.0912
42488.04828,36.566,-158.001,682.8,0.0909
42488.04828,36.566,-158.001,683.8,0.0912
42488.04828,36.566,-158.001,684.8,0.0912
42488.04828,36.566,-158.001,685.8,0.0912
42488.04828,36.566,-158.001,686.8,0.0909
42488.04828,36.566,-158.001,687.7,0.0909
42488.04828,36.566,-158.001,688.7,0.0912
42488.04828,36.566,-158.001,689.7,0.0909
42488.04828,36.566,-158.001,690.7,0.0912
42488.04828,36.566,-158.001,691.7,0.0909
42488.04828,36.566,-158.001,692.7,0.0911
42488.04828,36.566,-158.001,693.7,0.0912
42488.04828,36.566,-158.001,694.7,0.0909
42488.04828,36.566,-158.001,695.7,0.0912
42488.04828,36.566,-158.001,696.6,0.0912
42488.04828,36.566,-158.001,697.6,0.0909
42488.04828,36.566,-158.001,698.6,0.0909
42488.04828,36.566,-158.001,699.6,0.0909
42488.04828,36.566,-158.001,700.6,0.0909
42488.04828,36.566,-158.001,701.6,0.0909
42488.04828,36.566,-158.001,702.6,0.0912
42488.04828,36.566,-158.001,703.6,0.0909
42488.04828,36.566,-158.001,704.6,0.0912
42488.04828,36.566,-158.001,705.6,0.0909
42488.04828,36.566,-158.001,706.5,0.0909
42488.04828,36.566,-158.001,707.5,0.0912
42488.04828,36.566,-158.001,708.5,0.0912
42488.04828,36.566,-158.001,709.5,0.0911
42488.04828,36.566,-158.001,710.5,0.0912
42488.04828,36.566,-158.001,711.5,0.0912
42488.04828,36.566,-158.001,712.5,0.0912
42488.04828,36.566,-158.001,713.5,0.0909
42488.04828,36.566,-158.001,714.5,0.0912
42488.04828,36.566,-158.001,715.4,0.0914
42488.04828,36.566,-158.001,716.4,0.0912
42488.04828,36.566,-158.001,718.4,0.0912
42488.04828,36.566,-158.001,719.4,0.0911
42488.04828,36.566,-158.001,720.4,0.0912
42488.04828,36.566,-158.001,721.4,0.0909
42488.04828,36.566,-158.001,722.4,0.0912
42488.04828,36.566,-158.001,723.4,0.0911
42488.04828,36.566,-158.001,724.3,0.0912
42488.04828,36.566,-158.001,725.3,0.0912
42488.04828,36.566,-158.001,726.3,0.0912
42488.04828,36.566,-158.001,727.3,0.0912
42488.04828,36.566,-158.001,728.3,0.0916
42488.04828,36.566,-158.001,729.3,0.0912
42488.04828,36.566,-158.001,730.3,0.0916
42488.04828,36.566,-158.001,731.3,0.0912
42488.04828,36.566,-158.001,732.3,0.0912
42488.04828,36.566,-158.001,733.2,0.0912
42488.04828,36.566,-158.001,734.2,0.0912
42488.04828,36.566,-158.001,735.2,0.0912
42488.04828,36.566,-158.001,736.2,0.0912
42488.04828,36.566,-158.001,737.2,0.0916
42488.04828,36.566,-158.001,739.2,0.0912
42488.04828,36.566,-158.001,740.2,0.0912
42488.04828,36.566,-158.001,741.2,0.0912
42488.04828,36.566,-158.001,742.1,0.0912
42488.04828,36.566,-158.001,743.1,0.0916
42488.04828,36.566,-158.001,744.1,0.0912
42488.04828,36.566,-158.001,745.1,0.0912
42488.04828,36.566,-158.001,746.1,0.0916
42488.04828,36.566,-158.001,747.1,0.0912
42488.04828,36.566,-158.001,748.1,0.0912
42488.04828,36.566,-158.001,749.1,0.0912
42488.04828,36.566,-158.001,750.1,0.0914
42488.04828,36.566,-158.001,751.1,0.0916
42488.04828,36.566,-158.001,752,0.0912
42488.04828,36.566,-158.001,753,0.0912
42488.04828,36.566,-158.001,754,0.0912
42488.04828,36.566,-158.001,755,0.0912
42488.04828,36.566,-158.001,756,0.0912
42488.04828,36.566,-158.001,757,0.0916
42488.04828,36.566,-158.001,758,0.0912
42488.04828,36.566,-158.001,759,0.0912
42488.04828,36.566,-158.001,760,0.0914
42488.04828,36.566,-158.001,760.9,0.0914
42488.04828,36.566,-158.001,761.9,0.0912
42488.04828,36.566,-158.001,762.9,0.0916
42488.04828,36.566,-158.001,764.9,0.0912
42488.04828,36.566,-158.001,765.9,0.0916
42488.04828,36.566,-158.001,766.9,0.0916
42488.04828,36.566,-158.001,767.9,0.0914
42488.04828,36.566,-158.001,768.9,0.0912
42488.04828,36.566,-158.001,769.8,0.0916
42488.04828,36.566,-158.001,770.8,0.0916
42488.04828,36.566,-158.001,771.8,0.0916
42488.04828,36.566,-158.001,772.8,0.0912
42488.04828,36.566,-158.001,773.8,0.0912
42488.04828,36.566,-158.001,774.8,0.0916
42488.04828,36.566,-158.001,775.8,0.0916
42488.04828,36.566,-158.001,776.8,0.0916
42488.04828,36.566,-158.001,777.8,0.0912
42488.04828,36.566,-158.001,778.7,0.0916
42488.04828,36.566,-158.001,779.7,0.0914
42488.04828,36.566,-158.001,780.7,0.0916
42488.04828,36.566,-158.001,781.7,0.0916
42488.04828,36.566,-158.001,782.7,0.0916
42488.04828,36.566,-158.001,783.7,0.0916
42488.04828,36.566,-158.001,784.7,0.0916
42488.04828,36.566,-158.001,785.7,0.0916
42488.04828,36.566,-158.001,786.7,0.0916
42488.04828,36.566,-158.001,787.6,0.0912
42488.04828,36.566,-158.001,788.6,0.0912
42488.04828,36.566,-158.001,789.6,0.0918
42488.04828,36.566,-158.001,791.6,0.0916
42488.04828,36.566,-158.001,792.6,0.0916
42488.04828,36.566,-158.001,793.6,0.0916
42488.04828,36.566,-158.001,794.6,0.0916
42488.04828,36.566,-158.001,795.6,0.0916
42488.04828,36.566,-158.001,796.5,0.0916
42488.04828,36.566,-158.001,797.5,0.0916
42488.04828,36.566,-158.001,798.5,0.0912
42488.04828,36.566,-158.001,799.5,0.0912
42488.04828,36.566,-158.001,800.5,0.0916
42488.04828,36.566,-158.001,801.5,0.0916
42488.04828,36.566,-158.001,802.5,0.0916
42488.04828,36.566,-158.001,803.5,0.0912
42488.04828,36.566,-158.001,804.5,0.0916
42488.04828,36.566,-158.001,805.4,0.0916
42488.04828,36.566,-158.001,806.4,0.0916
42488.04828,36.566,-158.001,807.4,0.0916
42488.04828,36.566,-158.001,808.4,0.0916
42488.04828,36.566,-158.001,809.4,0.0916
42488.04828,36.566,-158.001,810.4,0.0916
42488.04828,36.566,-158.001,812.4,0.0916
42488.04828,36.566,-158.001,813.4,0.0918
42488.04828,36.566,-158.001,814.3,0.0916
42488.04828,36.566,-158.001,815.3,0.0916
42488.04828,36.566,-158.001,817.3,0.092
42488.04828,36.566,-158.001,818.3,0.0916
42488.04828,36.566,-158.001,819.3,0.0916
42488.04828,36.566,-158.001,820.3,0.0918
42488.04828,36.566,-158.001,821.3,0.0912
42488.04828,36.566,-158.001,822.2,0.0916
42488.04828,36.566,-158.001,823.2,0.0916
42488.04828,36.566,-158.001,824.2,0.0916
42488.04828,36.566,-158.001,825.2,0.0916
42488.04828,36.566,-158.001,826.2,0.0916
42488.04828,36.566,-158.001,827.2,0.0916
42488.04828,36.566,-158.001,828.2,0.0916
42488.04828,36.566,-158.001,829.2,0.0916
42488.04828,36.566,-158.001,830.2,0.092
42488.04828,36.566,-158.001,831.1,0.0916
42488.04828,36.566,-158.001,832.1,0.092
42488.04828,36.566,-158.001,833.1,0.092
42488.04828,36.566,-158.001,834.1,0.0916
42488.04828,36.566,-158.001,835.1,0.0916
42488.04828,36.566,-158.001,836.1,0.092
42488.04828,36.566,-158.001,837.1,0.0916
42488.04828,36.566,-158.001,838.1,0.0916
42488.04828,36.566,-158.001,839.1,0.0916
42488.04828,36.566,-158.001,840,0.0916
42488.04828,36.566,-158.001,841,0.092
42488.04828,36.566,-158.001,842,0.0916
42488.04828,36.566,-158.001,843,0.0916
42488.04828,36.566,-158.001,844,0.092
42488.04828,36.566,-158.001,845,0.0916
42488.04828,36.566,-158.001,846,0.0916
42488.04828,36.566,-158.001,847,0.0916
42488.04828,36.566,-158.001,848,0.092
42488.04828,36.566,-158.001,848.9,0.092
42488.04828,36.566,-158.001,849.9,0.0916
42488.04828,36.566,-158.001,850.9,0.0916
42488.04828,36.566,-158.001,851.9,0.092
42488.04828,36.566,-158.001,852.9,0.092
42488.04828,36.566,-158.001,853.9,0.0916
42488.04828,36.566,-158.001,854.9,0.0916
42488.04828,36.566,-158.001,855.9,0.092
42488.04828,36.566,-158.001,856.9,0.0916
42488.04828,36.566,-158.001,857.8,0.0918
42488.04828,36.566,-158.001,858.8,0.092
42488.04828,36.566,-158.001,859.8,0.0916
42488.04828,36.566,-158.001,860.8,0.092
42488.04828,36.566,-158.001,861.8,0.092
42488.04828,36.566,-158.001,862.8,0.0916
42488.04828,36.566,-158.001,863.8,0.0918
42488.04828,36.566,-158.001,864.8,0.092
42488.04828,36.566,-158.001,865.7,0.0916
42488.04828,36.566,-158.001,866.7,0.0916
42488.04828,36.566,-158.001,867.7,0.0916
42488.04828,36.566,-158.001,868.7,0.0918
42488.04828,36.566,-158.001,869.7,0.0916
42488.04828,36.566,-158.001,870.7,0.0916
42488.04828,36.566,-158.001,871.7,0.0916
42488.04828,36.566,-158.001,872.7,0.092
42488.04828,36.566,-158.001,873.7,0.0916
42488.04828,36.566,-158.001,874.6,0.0916
42488.04828,36.566,-158.001,875.6,0.0916
42488.04828,36.566,-158.001,876.6,0.0916
42488.04828,36.566,-158.001,877.6,0.0916
42488.04828,36.566,-158.001,878.6,0.0916
42488.04828,36.566,-158.001,879.6,0.092
42488.04828,36.566,-158.001,880.6,0.0916
42488.04828,36.566,-158.001,881.6,0.092
42488.04828,36.566,-158.001,882.6,0.092
42488.04828,36.566,-158.001,883.5,0.092
42488.04828,36.566,-158.001,884.5,0.092
42488.04828,36.566,-158.001,885.5,0.092
42488.04828,36.566,-158.001,887.5,0.0916
42488.04828,36.566,-158.001,888.5,0.092
42488.04828,36.566,-158.001,889.5,0.0918
42488.04828,36.566,-158.001,890.5,0.092
42488.04828,36.566,-158.001,891.4,0.092
42488.04828,36.566,-158.001,892.4,0.092
42488.04828,36.566,-158.001,894.4,0.0916
42488.04828,36.566,-158.001,895.4,0.0916
42488.04828,36.566,-158.001,896.4,0.092
42488.04828,36.566,-158.001,897.4,0.092
42488.04828,36.566,-158.001,898.4,0.0916
42488.04828,36.566,-158.001,899.4,0.0918
42488.04828,36.566,-158.001,900.3,0.092
42488.04828,36.566,-158.001,901.3,0.092
42488.04828,36.566,-158.001,902.3,0.092
42488.04828,36.566,-158.001,903.3,0.092
42488.04828,36.566,-158.001,904.3,0.092
42488.04828,36.566,-158.001,905.3,0.092
42488.04828,36.566,-158.001,906.3,0.092
42488.04828,36.566,-158.001,907.3,0.092
42488.04828,36.566,-158.001,908.2,0.092
42488.04828,36.566,-158.001,909.2,0.0916
42488.04828,36.566,-158.001,910.2,0.092
42488.04828,36.566,-158.001,911.2,0.0916
42488.04828,36.566,-158.001,912.2,0.092
42488.04828,36.566,-158.001,913.2,0.092
42488.04828,36.566,-158.001,914.2,0.092
42488.04828,36.566,-158.001,915.2,0.0916
42488.04828,36.566,-158.001,916.2,0.092
42488.04828,36.566,-158.001,917.1,0.092
42488.04828,36.566,-158.001,918.1,0.092
42488.04828,36.566,-158.001,919.1,0.092
42488.04828,36.566,-158.001,920.1,0.0918
42488.04828,36.566,-158.001,921.1,0.092
42488.04828,36.566,-158.001,922.1,0.092
42488.04828,36.566,-158.001,923.1,0.092
42488.04828,36.566,-158.001,924.1,0.092
42488.04828,36.566,-158.001,925,0.0916
42488.04828,36.566,-158.001,926,0.0916
42488.04828,36.566,-158.001,927,0.092
42488.04828,36.566,-158.001,928,0.092
42488.04828,36.566,-158.001,929,0.092
42488.04828,36.566,-158.001,930,0.092
42488.04828,36.566,-158.001,931,0.0916
42488.04828,36.566,-158.001,932,0.0916
42488.04828,36.566,-158.001,933,0.092
42488.04828,36.566,-158.001,933.9,0.0916
42488.04828,36.566,-158.001,934.9,0.092
42488.04828,36.566,-158.001,935.9,0.092
42488.04828,36.566,-158.001,936.9,0.092
42488.04828,36.566,-158.001,937.9,0.092
42488.04828,36.566,-158.001,938.9,0.092
42488.04828,36.566,-158.001,939.9,0.092
42488.04828,36.566,-158.001,940.9,0.092
42488.04828,36.566,-158.001,941.8,0.0916
42488.04828,36.566,-158.001,943.8,0.092
42488.04828,36.566,-158.001,944.8,0.092
42488.04828,36.566,-158.001,945.8,0.092
42488.04828,36.566,-158.001,947.8,0.092
42488.04828,36.566,-158.001,948.8,0.0916
42488.04828,36.566,-158.001,950.7,0.092
42488.04828,36.566,-158.001,951.7,0.092
42488.04828,36.566,-158.001,952.7,0.092
42488.04828,36.566,-158.001,953.7,0.092
42488.04828,36.566,-158.001,954.7,0.092
42488.04828,36.566,-158.001,955.7,0.092
42488.04828,36.566,-158.001,956.7,0.092
42488.04828,36.566,-158.001,957.7,0.092
42488.04828,36.566,-158.001,958.6,0.092
42488.04828,36.566,-158.001,959.6,0.0916
42488.04828,36.566,-158.001,960.6,0.092
42488.04828,36.566,-158.001,961.6,0.0918
42488.04828,36.566,-158.001,962.6,0.092
42488.04828,36.566,-158.001,963.6,0.092
42488.04828,36.566,-158.001,964.6,0.092
42488.04828,36.566,-158.001,965.6,0.092
42488.04828,36.566,-158.001,966.5,0.092
42488.04828,36.566,-158.001,967.5,0.0922
42488.04828,36.566,-158.001,968.5,0.092
42488.04828,36.566,-158.001,969.5,0.092
42488.04828,36.566,-158.001,970.5,0.092
42488.04828,36.566,-158.001,971.5,0.092
42488.04828,36.566,-158.001,972.5,0.0919
42488.04828,36.566,-158.001,973.5,0.092
42488.04828,36.566,-158.001,974.5,0.0922
42488.04828,36.566,-158.001,975.4,0.092
42488.04828,36.566,-158.001,976.4,0.0919
42488.04828,36.566,-158.001,977.4,0.092
42488.04828,36.566,-158.001,978.4,0.092
42488.04828,36.566,-158.001,979.4,0.0919
42488.04828,36.566,-158.001,980.4,0.092
42488.04828,36.566,-158.001,981.4,0.092
42488.04828,36.566,-158.001,982.4,0.092
42488.04828,36.566,-158.001,983.3,0.092
42488.04828,36.566,-158.001,984.3,0.0922
42488.04828,36.566,-158.001,985.3,0.092
42488.04828,36.566,-158.001,986.3,0.092
42488.04828,36.566,-158.001,987.3,0.0919
42488.04828,36.566,-158.001,988.3,0.0921
42488.04828,36.566,-158.001,989.3,0.092
42488.04828,36.566,-158.001,990.3,0.092
42488.04828,36.566,-158.001,991.2,0.092
42488.04828,36.566,-158.001,992.2,0.092
42487.98334,36.567,-158,2,0.2828
42487.98334,36.567,-158,3,0.2843
42487.98334,36.567,-158,4,0.2788
42487.98334,36.567,-158,5,0.2824
42487.98334,36.567,-158,6,0.2821
42487.98334,36.567,-158,6.9,0.2843
42487.98334,36.567,-158,7.9,0.2853
42487.98334,36.567,-158,8.9,0.2999
42487.98334,36.567,-158,9.9,0.3001
42487.98334,36.567,-158,10.9,0.3239
42487.98334,36.567,-158,11.9,0.3127
42487.98334,36.567,-158,12.9,0.3071
42487.98334,36.567,-158,13.9,0.307
42487.98334,36.567,-158,14.9,0.3174
42487.98334,36.567,-158,15.9,0.3058
42487.98334,36.567,-158,16.9,0.3254
42487.98334,36.567,-158,17.9,0.2938
42487.98334,36.567,-158,18.9,0.3255
42487.98334,36.567,-158,19.9,0.2838
42487.98334,36.567,-158,20.8,0.2849
42487.98334,36.567,-158,21.8,0.2806
42487.98334,36.567,-158,22.8,0.2861
42487.98334,36.567,-158,23.8,0.274
42487.98334,36.567,-158,24.8,0.2913
42487.98334,36.567,-158,25.8,0.2701
42487.98334,36.567,-158,26.8,0.2746
42487.98334,36.567,-158,27.8,0.2788
42487.98334,36.567,-158,28.8,0.2779
42487.98334,36.567,-158,29.8,0.4638
42487.98334,36.567,-158,30.8,0.4813
42487.98334,36.567,-158,31.8,0.6621
42487.98334,36.567,-158,32.8,0.3677
42487.98334,36.567,-158,33.7,0.3314
42487.98334,36.567,-158,34.7,0.4033
42487.98334,36.567,-158,35.7,0.4154
42487.98334,36.567,-158,36.7,0.5027
42487.98334,36.567,-158,37.7,0.3463
42487.98334,36.567,-158,38.7,0.3795
42487.98334,36.567,-158,39.7,0.3917
42487.98334,36.567,-158,40.7,0.3126
42487.98334,36.567,-158,41.7,0.3261
42487.98334,36.567,-158,42.7,0.3894
42487.98334,36.567,-158,43.7,0.3378
42487.98334,36.567,-158,44.7,0.3532
42487.98334,36.567,-158,45.7,0.3761
42487.98334,36.567,-158,46.6,0.384
42487.98334,36.567,-158,47.6,0.4095
42487.98334,36.567,-158,48.6,0.3729
42487.98334,36.567,-158,49.6,0.3836
42487.98334,36.567,-158,50.6,0.4217
42487.98334,36.567,-158,51.6,0.3818
42487.98334,36.567,-158,52.6,0.358
42487.98334,36.567,-158,53.6,0.3735
42487.98334,36.567,-158,54.6,0.3601
42487.98334,36.567,-158,55.6,0.3899
42487.98334,36.567,-158,56.6,0.3721
42487.98334,36.567,-158,57.6,0.3682
42487.98334,36.567,-158,58.6,0.3832
42487.98334,36.567,-158,59.5,0.3904
42487.98334,36.567,-158,60.5,0.384
42487.98334,36.567,-158,61.5,0.3891
42487.98334,36.567,-158,62.5,0.3759
42487.98334,36.567,-158,63.5,0.4099
42487.98334,36.567,-158,64.5,0.3864
42487.98334,36.567,-158,65.5,0.378
42487.98334,36.567,-158,66.5,0.386
42487.98334,36.567,-158,67.5,0.378
42487.98334,36.567,-158,68.5,0.3817
42487.98334,36.567,-158,69.5,0.3744
42487.98334,36.567,-158,70.5,0.3824
42487.98334,36.567,-158,71.5,0.3925
42487.98334,36.567,-158,72.5,0.39
42487.98334,36.567,-158,73.4,0.405
42487.98334,36.567,-158,74.4,0.3915
42487.98334,36.567,-158,75.4,0.3847
42487.98334,36.567,-158,76.4,0.3862
42487.98334,36.567,-158,77.4,0.3672
42487.98334,36.567,-158,78.4,0.3774
42487.98334,36.567,-158,79.4,0.3879
42487.98334,36.567,-158,80.4,0.4039
42487.98334,36.567,-158,81.4,0.3896
42487.98334,36.567,-158,82.4,0.3817
42487.98334,36.567,-158,83.4,0.4045
42487.98334,36.567,-158,84.4,0.5012
42487.98334,36.567,-158,85.3,0.4407
42487.98334,36.567,-158,86.3,0.4129
42487.98334,36.567,-158,87.3,0.3842
42487.98334,36.567,-158,88.3,0.3862
42487.98334,36.567,-158,89.3,0.3806
42487.98334,36.567,-158,90.3,0.3772
42487.98334,36.567,-158,91.3,0.3528
42487.98334,36.567,-158,92.3,0.3511
42487.98334,36.567,-158,93.3,0.3475
42487.98334,36.567,-158,94.3,0.3114
42487.98334,36.567,-158,95.3,0.2844
42487.98334,36.567,-158,96.3,0.2739
42487.98334,36.567,-158,97.3,0.252
42487.98334,36.567,-158,98.2,0.2334
42487.98334,36.567,-158,99.2,0.2293
42487.98334,36.567,-158,100.2,0.2239
42487.98334,36.567,-158,101.2,0.2126
42487.98334,36.567,-158,102.2,0.207
42487.98334,36.567,-158,103.2,0.1967
42487.98334,36.567,-158,104.2,0.1948
42487.98334,36.567,-158,105.2,0.1905
42487.98334,36.567,-158,106.2,0.194
42487.98334,36.567,-158,107.2,0.1901
42487.98334,36.567,-158,108.2,0.1867
42487.98334,36.567,-158,109.2,0.1829
42487.98334,36.567,-158,110.2,0.1762
42487.98334,36.567,-158,111.1,0.1698
42487.98334,36.567,-158,112.1,0.1739
42487.98334,36.567,-158,113.1,0.1683
42487.98334,36.567,-158,114.1,0.1638
42487.98334,36.567,-158,115.1,0.1602
42487.98334,36.567,-158,116.1,0.1585
42487.98334,36.567,-158,117.1,0.159
42487.98334,36.567,-158,118.1,0.1579
42487.98334,36.567,-158,119.1,0.1529
42487.98334,36.567,-158,120.1,0.1529
42487.98334,36.567,-158,121.1,0.1431
42487.98334,36.567,-158,122.1,0.1405
42487.98334,36.567,-158,123.1,0.1462
42487.98334,36.567,-158,124,0.1453
42487.98334,36.567,-158,125,0.1431
42487.98334,36.567,-158,126,0.1401
42487.98334,36.567,-158,127,0.1333
42487.98334,36.567,-158,128,0.1377
42487.98334,36.567,-158,129,0.1372
42487.98334,36.567,-158,130,0.136
42487.98334,36.567,-158,131,0.1339
42487.98334,36.567,-158,132,0.13
42487.98334,36.567,-158,133,0.1311
42487.98334,36.567,-158,134,0.1371
42487.98334,36.567,-158,135,0.1418
42487.98334,36.567,-158,135.9,0.1452
42487.98334,36.567,-158,136.9,0.1439
42487.98334,36.567,-158,137.9,0.1352
42487.98334,36.567,-158,138.9,0.1299
42487.98334,36.567,-158,139.9,0.1277
42487.98334,36.567,-158,140.9,0.1277
42487.98334,36.567,-158,141.9,0.1348
42487.98334,36.567,-158,142.9,0.1335
42487.98334,36.567,-158,143.9,0.1288
42487.98334,36.567,-158,144.9,0.1311
42487.98334,36.567,-158,145.9,0.1288
42487.98334,36.567,-158,146.9,0.1292
42487.98334,36.567,-158,147.9,0.1388
42487.98334,36.567,-158,148.8,0.1369
42487.98334,36.567,-158,149.8,0.1326
42487.98334,36.567,-158,150.8,0.1356
42487.98334,36.567,-158,151.8,0.1234
42487.98334,36.567,-158,152.8,0.1168
42487.98334,36.567,-158,153.8,0.1112
42487.98334,36.567,-158,154.8,0.111
42487.98334,36.567,-158,155.8,0.1078
42487.98334,36.567,-158,156.8,0.1134
42487.98334,36.567,-158,157.8,0.1149
42487.98334,36.567,-158,158.8,0.1198
42487.98334,36.567,-158,159.8,0.1211
42487.98334,36.567,-158,160.7,0.1237
42487.98334,36.567,-158,161.7,0.116
42487.98334,36.567,-158,162.7,0.1089
42487.98334,36.567,-158,163.7,0.1063
42487.98334,36.567,-158,164.7,0.1025
42487.98334,36.567,-158,165.7,0.1081
42487.98334,36.567,-158,166.7,0.105
42487.98334,36.567,-158,167.7,0.1063
42487.98334,36.567,-158,168.7,0.1115
42487.98334,36.567,-158,169.7,0.1191
42487.98334,36.567,-158,170.7,0.1176
42487.98334,36.567,-158,171.7,0.1236
42487.98334,36.567,-158,172.6,0.1289
42487.98334,36.567,-158,173.6,0.1213
42487.98334,36.567,-158,174.6,0.1117
42487.98334,36.567,-158,175.6,0.1155
42487.98334,36.567,-158,176.6,0.1081
42487.98334,36.567,-158,177.6,0.108
42487.98334,36.567,-158,178.6,0.1168
42487.98334,36.567,-158,179.6,0.1033
42487.98334,36.567,-158,180.6,0.1058
42487.98334,36.567,-158,181.6,0.0982
42487.98334,36.567,-158,182.6,0.0981
42487.98334,36.567,-158,183.6,0.0999
42487.98334,36.567,-158,184.5,0.0985
42487.98334,36.567,-158,185.5,0.0975
42487.98334,36.567,-158,186.5,0.099
42487.98334,36.567,-158,187.5,0.0972
42487.98334,36.567,-158,188.5,0.0965
42487.98334,36.567,-158,189.5,0.0985
42487.98334,36.567,-158,190.5,0.0995
42487.98334,36.567,-158,191.5,0.1006
42487.98334,36.567,-158,192.5,0.1003
42487.98334,36.567,-158,193.5,0.1007
42487.98334,36.567,-158,194.5,0.1011
42487.98334,36.567,-158,195.5,0.0991
42487.98334,36.567,-158,196.4,0.0994
42487.98334,36.567,-158,197.4,0.0979
42487.98334,36.567,-158,198.4,0.0977
42487.98334,36.567,-158,199.4,0.0969
42487.98334,36.567,-158,200.4,0.0976
42487.46133,36.57,-158.003,2,0.1701
42487.46133,36.57,-158.003,3,0.1735
42487.46133,36.57,-158.003,4,0.1762
42487.46133,36.57,-158.003,5,0.176
42487.46133,36.57,-158.003,6,0.1679
42487.46133,36.57,-158.003,6.9,0.1732
42487.46133,36.57,-158.003,7.9,0.1738
42487.46133,36.57,-158.003,8.9,0.1687
42487.46133,36.57,-158.003,9.9,0.1762
42487.46133,36.57,-158.003,10.9,0.1783
42487.46133,36.57,-158.003,11.9,0.1688
42487.46133,36.57,-158.003,12.9,0.1702
42487.46133,36.57,-158.003,13.9,0.1734
42487.46133,36.57,-158.003,14.9,0.1668
42487.46133,36.57,-158.003,15.9,0.1743
42487.46133,36.57,-158.003,16.9,0.1806
42487.46133,36.57,-158.003,17.9,0.1747
42487.46133,36.57,-158.003,18.9,0.1841
42487.46133,36.57,-158.003,19.9,0.1996
42487.46133,36.57,-158.003,20.8,0.21
42487.46133,36.57,-158.003,21.8,0.1972
42487.46133,36.57,-158.003,22.8,0.1904
42487.46133,36.57,-158.003,23.8,0.191
42487.46133,36.57,-158.003,24.8,0.1912
42487.46133,36.57,-158.003,26.8,0.2139
42487.46133,36.57,-158.003,27.8,0.2155
42487.46133,36.57,-158.003,28.8,0.2134
42487.46133,36.57,-158.003,29.8,0.2129
42487.46133,36.57,-158.003,30.8,0.2077
42487.46133,36.57,-158.003,32.8,0.2223
42487.46133,36.57,-158.003,33.7,0.2184
42487.46133,36.57,-158.003,34.7,0.2089
42487.46133,36.57,-158.003,35.7,0.2716
42487.46133,36.57,-158.003,36.7,0.2528
42487.46133,36.57,-158.003,37.7,0.2785
42487.46133,36.57,-158.003,38.7,0.3081
42487.46133,36.57,-158.003,39.7,0.2701
42487.46133,36.57,-158.003,40.7,0.3742
42487.46133,36.57,-158.003,41.7,0.2978
42487.46133,36.57,-158.003,42.7,0.2983
42487.46133,36.57,-158.003,43.7,0.3105
42487.46133,36.57,-158.003,44.7,0.3081
42487.46133,36.57,-158.003,45.7,0.3559
42487.46133,36.57,-158.003,46.6,0.3171
42487.46133,36.57,-158.003,47.6,0.3054
42487.46133,36.57,-158.003,48.6,0.3205
42487.46133,36.57,-158.003,49.6,0.3478
42487.46133,36.57,-158.003,50.6,0.3445
42487.46133,36.57,-158.003,51.6,0.343
42487.46133,36.57,-158.003,52.6,0.3347
42487.46133,36.57,-158.003,53.6,0.3652
42487.46133,36.57,-158.003,54.6,0.3543
42487.46133,36.57,-158.003,55.6,0.3332
42487.46133,36.57,-158.003,56.6,0.3536
42487.46133,36.57,-158.003,57.6,0.3637
42487.46133,36.57,-158.003,58.6,0.3719
42487.46133,36.57,-158.003,59.5,0.3876
42487.46133,36.57,-158.003,60.5,0.3761
42487.46133,36.57,-158.003,61.5,0.355
42487.46133,36.57,-158.003,62.5,0.3607
42487.46133,36.57,-158.003,63.5,0.3922
42487.46133,36.57,-158.003,64.5,0.3946
42487.46133,36.57,-158.003,65.5,0.3821
42487.46133,36.57,-158.003,66.5,0.3498
42487.46133,36.57,-158.003,68.5,0.3958
42487.46133,36.57,-158.003,69.5,0.4395
42487.46133,36.57,-158.003,70.5,0.4168
42487.46133,36.57,-158.003,71.5,0.364
42487.46133,36.57,-158.003,72.5,0.3742
42487.46133,36.57,-158.003,73.4,0.4045
42487.46133,36.57,-158.003,74.4,0.3787
42487.46133,36.57,-158.003,75.4,0.3612
42487.46133,36.57,-158.003,76.4,0.3717
42487.46133,36.57,-158.003,77.4,0.3554
42487.46133,36.57,-158.003,78.4,0.337
42487.46133,36.57,-158.003,79.4,0.3159
42487.46133,36.57,-158.003,80.4,0.296
42487.46133,36.57,-158.003,81.4,0.2626
42487.46133,36.57,-158.003,82.4,0.2829
42487.46133,36.57,-158.003,83.4,0.2829
42487.46133,36.57,-158.003,84.4,0.2318
42487.46133,36.57,-158.003,85.3,0.2385
42487.46133,36.57,-158.003,86.3,0.254
42487.46133,36.57,-158.003,87.3,0.2573
42487.46133,36.57,-158.003,88.3,0.2506
42487.46133,36.57,-158.003,89.3,0.2104
42487.46133,36.57,-158.003,91.3,0.2081
42487.46133,36.57,-158.003,92.3,0.2326
42487.46133,36.57,-158.003,93.3,0.2224
42487.46133,36.57,-158.003,94.3,0.2261
42487.46133,36.57,-158.003,95.3,0.2062
42487.46133,36.57,-158.003,96.3,0.1942
42487.46133,36.57,-158.003,97.3,0.2074
42487.46133,36.57,-158.003,98.2,0.2013
42487.46133,36.57,-158.003,99.2,0.1938
42487.46133,36.57,-158.003,100.2,0.1991
42487.46133,36.57,-158.003,101.2,0.2015
42487.46133,36.57,-158.003,102.2,0.197
42487.46133,36.57,-158.003,103.2,0.2028
42487.46133,36.57,-158.003,104.2,0.1927
42487.46133,36.57,-158.003,105.2,0.1981
42487.46133,36.57,-158.003,106.2,0.2051
42487.46133,36.57,-158.003,107.2,0.2033
42487.46133,36.57,-158.003,108.2,0.1976
42487.46133,36.57,-158.003,110.2,0.1841
42487.46133,36.57,-158.003,111.1,0.2135
42487.46133,36.57,-158.003,112.1,0.2175
42487.46133,36.57,-158.003,113.1,0.2002
42487.46133,36.57,-158.003,115.1,0.2111
42487.46133,36.57,-158.003,116.1,0.234
42487.46133,36.57,-158.003,117.1,0.2156
42487.46133,36.57,-158.003,118.1,0.2049
42487.46133,36.57,-158.003,119.1,0.1823
42487.46133,36.57,-158.003,120.1,0.1623
42487.46133,36.57,-158.003,121.1,0.1585
42487.46133,36.57,-158.003,122.1,0.1694
42487.46133,36.57,-158.003,123.1,0.1658
42487.46133,36.57,-158.003,124,0.1698
42487.46133,36.57,-158.003,125,0.1623
42487.46133,36.57,-158.003,126,0.179
42487.46133,36.57,-158.003,127,0.193
42487.46133,36.57,-158.003,128,0.1833
42487.46133,36.57,-158.003,129,0.1889
42487.46133,36.57,-158.003,130,0.1795
42487.46133,36.57,-158.003,132,0.1843
42487.46133,36.57,-158.003,133,0.1867
42487.46133,36.57,-158.003,135,0.1555
42487.46133,36.57,-158.003,135.9,0.1555
42487.46133,36.57,-158.003,136.9,0.1639
42487.46133,36.57,-158.003,137.9,0.1434
42487.46133,36.57,-158.003,138.9,0.1346
42487.46133,36.57,-158.003,139.9,0.1281
42487.46133,36.57,-158.003,140.9,0.1292
42487.46133,36.57,-158.003,141.9,0.1333
42487.46133,36.57,-158.003,142.9,0.1391
42487.46133,36.57,-158.003,143.9,0.1363
42487.46133,36.57,-158.003,144.9,0.1412
42487.46133,36.57,-158.003,145.9,0.1416
42487.46133,36.57,-158.003,146.9,0.1412
42487.46133,36.57,-158.003,147.9,0.1485
42487.46133,36.57,-158.003,148.8,0.151
42487.46133,36.57,-158.003,149.8,0.1472
42487.46133,36.57,-158.003,150.8,0.1397
42487.46133,36.57,-158.003,151.8,0.1491
42487.46133,36.57,-158.003,152.8,0.1421
42487.46133,36.57,-158.003,153.8,0.1367
42487.46133,36.57,-158.003,154.8,0.1472
42487.46133,36.57,-158.003,155.8,0.1492
42487.46133,36.57,-158.003,157.8,0.1375
42487.46133,36.57,-158.003,158.8,0.1337
42487.46133,36.57,-158.003,159.8,0.1429
42487.46133,36.57,-158.003,160.7,0.1461
42487.46133,36.57,-158.003,161.7,0.1386
42487.46133,36.57,-158.003,162.7,0.1247
42487.46133,36.57,-158.003,163.7,0.1367
42487.46133,36.57,-158.003,164.7,0.1365
42487.46133,36.57,-158.003,165.7,0.1399
42487.46133,36.57,-158.003,166.7,0.1326
42487.46133,36.57,-158.003,168.7,0.125
42487.46133,36.57,-158.003,169.7,0.1163
42487.46133,36.57,-158.003,170.7,0.1063
42487.46133,36.57,-158.003,171.7,0.1064
42487.46133,36.57,-158.003,172.6,0.1048
42487.46133,36.57,-158.003,173.6,0.1064
42487.46133,36.57,-158.003,174.6,0.1033
42487.46133,36.57,-158.003,175.6,0.1044
42487.46133,36.57,-158.003,176.6,0.101
42487.46133,36.57,-158.003,177.6,0.1051
42487.46133,36.57,-158.003,178.6,0.1025
42487.46133,36.57,-158.003,179.6,0.1021
42487.46133,36.57,-158.003,180.6,0.1038
42487.46133,36.57,-158.003,181.6,0.0995
42487.46133,36.57,-158.003,182.6,0.0991
42487.46133,36.57,-158.003,183.6,0.098
42487.46133,36.57,-158.003,184.5,0.0995
42487.46133,36.57,-158.003,185.5,0.0987
42487.46133,36.57,-158.003,186.5,0.0961
42487.46133,36.57,-158.003,187.5,0.1001
42487.46133,36.57,-158.003,188.5,0.0965
42487.46133,36.57,-158.003,189.5,0.0946
42487.46133,36.57,-158.003,190.5,0.0981
42487.46133,36.57,-158.003,191.5,0.0961
42487.46133,36.57,-158.003,193.5,0.0943
42487.46133,36.57,-158.003,194.5,0.0961
42487.46133,36.57,-158.003,195.5,0.0969
42487.46133,36.57,-158.003,196.4,0.0958
42487.46133,36.57,-158.003,197.4,0.0958
42487.46133,36.57,-158.003,198.4,0.0968
42487.46133,36.57,-158.003,199.4,0.0943
42487.46133,36.57,-158.003,200.4,0.0935
42487.46133,36.57,-158.003,201.4,0.0954
42487.46133,36.57,-158.003,202.4,0.0954
42487.46133,36.57,-158.003,203.4,0.0943
42487.46133,36.57,-158.003,204.4,0.0946
42487.46133,36.57,-158.003,206.4,0.0944
42487.46133,36.57,-158.003,207.4,0.0932
42487.46133,36.57,-158.003,208.3,0.0924
42487.46133,36.57,-158.003,209.3,0.0924
42487.46133,36.57,-158.003,210.3,0.092
42487.46133,36.57,-158.003,211.3,0.0925
42487.46133,36.57,-158.003,212.3,0.0916
42487.46133,36.57,-158.003,214.3,0.0901
42487.46133,36.57,-158.003,215.3,0.0903
42487.46133,36.57,-158.003,216.3,0.0909
42487.46133,36.57,-158.003,218.3,0.0909
42487.46133,36.57,-158.003,219.3,0.0909
42487.46133,36.57,-158.003,220.2,0.0914
42487.46133,36.57,-158.003,221.2,0.0905
42487.46133,36.57,-158.003,222.2,0.0905
42487.46133,36.57,-158.003,223.2,0.0897
42487.46133,36.57,-158.003,224.2,0.0902
42487.46133,36.57,-158.003,225.2,0.0897
42487.46133,36.57,-158.003,226.2,0.0905
42487.46133,36.57,-158.003,227.2,0.091
42487.46133,36.57,-158.003,228.2,0.0905
42487.46133,36.57,-158.003,229.2,0.0909
42487.46133,36.57,-158.003,230.2,0.0912
42487.46133,36.57,-158.003,231.2,0.092
42487.46133,36.57,-158.003,233.1,0.0905
42487.46133,36.57,-158.003,234.1,0.0914
42487.46133,36.57,-158.003,235.1,0.0927
42487.46133,36.57,-158.003,236.1,0.0912
42487.46133,36.57,-158.003,237.1,0.0901
42487.46133,36.57,-158.003,238.1,0.0897
42487.46133,36.57,-158.003,239.1,0.0967
42487.46133,36.57,-158.003,240.1,0.0905
42487.46133,36.57,-158.003,241.1,0.092
42487.46133,36.57,-158.003,242.1,0.0897
42487.46133,36.57,-158.003,243.1,0.0901
42487.46133,36.57,-158.003,244,0.0903
42487.46133,36.57,-158.003,245,0.0906
42487.46133,36.57,-158.003,246,0.0901
42487.46133,36.57,-158.003,247,0.0894
42487.46133,36.57,-158.003,249,0.0903
42487.46133,36.57,-158.003,250,0.0901
42487.46133,36.57,-158.003,251,0.0901
42487.46133,36.57,-158.003,252,0.0902
42487.46133,36.57,-158.003,253,0.0909
42487.46133,36.57,-158.003,254,0.0897
42487.46133,36.57,-158.003,255,0.0897
42487.46133,36.57,-158.003,255.9,0.0921
42487.46133,36.57,-158.003,256.9,0.0901
42487.46133,36.57,-158.003,257.9,0.089
42487.46133,36.57,-158.003,258.9,0.089
42487.46133,36.57,-158.003,259.9,0.0898
42487.46133,36.57,-158.003,260.9,0.0903
42487.46133,36.57,-158.003,261.9,0.0897
42487.46133,36.57,-158.003,262.9,0.0897
42487.46133,36.57,-158.003,263.9,0.0897
42487.46133,36.57,-158.003,264.9,0.0898
42487.46133,36.57,-158.003,265.9,0.089
42487.46133,36.57,-158.003,266.8,0.0895
42487.46133,36.57,-158.003,267.8,0.0898
42487.46133,36.57,-158.003,268.8,0.0894
42487.46133,36.57,-158.003,269.8,0.0892
42487.46133,36.57,-158.003,270.8,0.0883
42487.46133,36.57,-158.003,271.8,0.089
42487.46133,36.57,-158.003,272.8,0.0884
42487.46133,36.57,-158.003,273.8,0.0889
42487.46133,36.57,-158.003,274.8,0.0885
42487.46133,36.57,-158.003,275.8,0.0882
42487.46133,36.57,-158.003,276.8,0.0895
42487.46133,36.57,-158.003,277.8,0.088
42487.46133,36.57,-158.003,278.7,0.0885
42487.46133,36.57,-158.003,279.7,0.0888
42487.46133,36.57,-158.003,280.7,0.0882
42487.46133,36.57,-158.003,281.7,0.0887
42487.46133,36.57,-158.003,282.7,0.0881
42487.46133,36.57,-158.003,283.7,0.0879
42487.46133,36.57,-158.003,284.7,0.0901
42487.46133,36.57,-158.003,285.7,0.0892
42487.46133,36.57,-158.003,286.7,0.0885
42487.46133,36.57,-158.003,287.7,0.0887
42487.46133,36.57,-158.003,288.7,0.0888
42487.46133,36.57,-158.003,289.6,0.0884
42487.46133,36.57,-158.003,290.6,0.0882
42487.46133,36.57,-158.003,291.6,0.0891
42487.46133,36.57,-158.003,292.6,0.0887
42487.46133,36.57,-158.003,293.6,0.0884
42487.46133,36.57,-158.003,294.6,0.0884
42487.46133,36.57,-158.003,295.6,0.088
42487.46133,36.57,-158.003,296.6,0.0884
42487.46133,36.57,-158.003,297.6,0.0891
42487.46133,36.57,-158.003,298.6,0.089
42486.46068,37.301,-158.002,2,0.309
42486.46068,37.301,-158.002,3,0.2978
42486.46068,37.301,-158.002,4,0.2981
42486.46068,37.301,-158.002,5,0.3084
42486.46068,37.301,-158.002,6,0.3166
42486.46068,37.301,-158.002,6.9,0.3126
42486.46068,37.301,-158.002,7.9,0.3235
42486.46068,37.301,-158.002,8.9,0.3058
42486.46068,37.301,-158.002,9.9,0.3314
42486.46068,37.301,-158.002,10.9,0.3285
42486.46068,37.301,-158.002,11.9,0.3137
42486.46068,37.301,-158.002,12.9,0.3265
42486.46068,37.301,-158.002,13.9,0.3346
42486.46068,37.301,-158.002,14.9,0.3396
42486.46068,37.301,-158.002,15.9,0.3319
42486.46068,37.301,-158.002,16.9,0.337
42486.46068,37.301,-158.002,17.9,0.3423
42486.46068,37.301,-158.002,18.9,0.3463
42486.46068,37.301,-158.002,19.9,0.3633
42486.46068,37.301,-158.002,20.8,0.3738
42486.46068,37.301,-158.002,21.8,0.3958
42486.46068,37.301,-158.002,22.8,0.4261
42486.46068,37.301,-158.002,23.8,0.4555
42486.46068,37.301,-158.002,24.8,0.4512
42486.46068,37.301,-158.002,25.8,0.446
42486.46068,37.301,-158.002,26.8,0.4355
42486.46068,37.301,-158.002,27.8,0.4757
42486.46068,37.301,-158.002,28.8,0.4381
42486.46068,37.301,-158.002,30.8,0.4492
42486.46068,37.301,-158.002,31.8,0.4686
42486.46068,37.301,-158.002,32.8,0.455
42486.46068,37.301,-158.002,33.7,0.4607
42486.46068,37.301,-158.002,34.7,0.4695
42486.46068,37.301,-158.002,35.7,0.4653
42486.46068,37.301,-158.002,36.7,0.4685
42486.46068,37.301,-158.002,37.7,0.4182
42486.46068,37.301,-158.002,38.7,0.4306
42486.46068,37.301,-158.002,39.7,0.4946
42486.46068,37.301,-158.002,40.7,0.4449
42486.46068,37.301,-158.002,41.7,0.4388
42486.46068,37.301,-158.002,42.7,0.4225
42486.46068,37.301,-158.002,43.7,0.4302
42486.46068,37.301,-158.002,44.7,0.4289
42486.46068,37.301,-158.002,45.7,0.4571
42486.46068,37.301,-158.002,46.6,0.4084
42486.46068,37.301,-158.002,47.6,0.4013
42486.46068,37.301,-158.002,48.6,0.414
42486.46068,37.301,-158.002,49.6,0.3829
42486.46068,37.301,-158.002,51.6,0.3761
42486.46068,37.301,-158.002,52.6,0.4212
42486.46068,37.301,-158.002,53.6,0.4338
42486.46068,37.301,-158.002,54.6,0.4378
42486.46068,37.301,-158.002,56.6,0.4431
42486.46068,37.301,-158.002,57.6,0.4381
42486.46068,37.301,-158.002,58.6,0.4095
42486.46068,37.301,-158.002,59.5,0.4174
42486.46068,37.301,-158.002,61.5,0.4353
42486.46068,37.301,-158.002,63.5,0.4163
42486.46068,37.301,-158.002,64.5,0.4445
42486.46068,37.301,-158.002,65.5,0.4762
42486.46068,37.301,-158.002,66.5,0.4193
42486.46068,37.301,-158.002,67.5,0.4253
42486.46068,37.301,-158.002,68.5,0.4432
42486.46068,37.301,-158.002,69.5,0.4564
42486.46068,37.301,-158.002,70.5,0.423
42486.46068,37.301,-158.002,71.5,0.4375
42486.46068,37.301,-158.002,72.4,0.452
42486.46068,37.301,-158.002,73.4,0.3953
42486.46068,37.301,-158.002,74.4,0.3742
42486.46068,37.301,-158.002,75.4,0.3947
42486.46068,37.301,-158.002,76.4,0.395
42486.46068,37.301,-158.002,77.4,0.352
42486.46068,37.301,-158.002,78.4,0.3167
42486.46068,37.301,-158.002,79.4,0.287
42486.46068,37.301,-158.002,80.4,0.2968
42486.46068,37.301,-158.002,81.4,0.305
42486.46068,37.301,-158.002,82.4,0.2697
42486.46068,37.301,-158.002,83.4,0.2618
42486.46068,37.301,-158.002,84.4,0.2795
42486.46068,37.301,-158.002,85.3,0.2693
42486.46068,37.301,-158.002,86.3,0.2558
42486.46068,37.301,-158.002,87.3,0.2513
42486.46068,37.301,-158.002,88.3,0.263
42486.46068,37.301,-158.002,89.3,0.2307
42486.46068,37.301,-158.002,90.3,0.2156
42486.46068,37.301,-158.002,91.3,0.2107
42486.46068,37.301,-158.002,92.3,0.2231
42486.46068,37.301,-158.002,93.3,0.206
42486.46068,37.301,-158.002,94.3,0.1916
42486.46068,37.301,-158.002,95.3,0.1965
42486.46068,37.301,-158.002,96.3,0.1953
42486.46068,37.301,-158.002,97.2,0.2039
42486.46068,37.301,-158.002,98.2,0.1867
42486.46068,37.301,-158.002,99.2,0.195
42486.46068,37.301,-158.002,100.2,0.1863
42486.46068,37.301,-158.002,101.2,0.1918
42486.46068,37.301,-158.002,102.2,0.1858
42486.46068,37.301,-158.002,104.2,0.1702
42486.46068,37.301,-158.002,105.2,0.1829
42486.46068,37.301,-158.002,106.2,0.1686
42486.46068,37.301,-158.002,107.2,0.169
42486.46068,37.301,-158.002,108.2,0.1544
42486.46068,37.301,-158.002,110.1,0.1559
42486.46068,37.301,-158.002,111.1,0.1605
42486.46068,37.301,-158.002,112.1,0.161
42486.46068,37.301,-158.002,113.1,0.1427
42486.46068,37.301,-158.002,114.1,0.1435
42486.46068,37.301,-158.002,115.1,0.148
42486.46068,37.301,-158.002,116.1,0.1506
42486.46068,37.301,-158.002,118.1,0.1548
42486.46068,37.301,-158.002,119.1,0.148
42486.46068,37.301,-158.002,120.1,0.1593
42486.46068,37.301,-158.002,121.1,0.1499
42486.46068,37.301,-158.002,122.1,0.1566
42486.46068,37.301,-158.002,123,0.1431
42486.46068,37.301,-158.002,124,0.1453
42486.46068,37.301,-158.002,126,0.1482
42486.46068,37.301,-158.002,127,0.1407
42486.46068,37.301,-158.002,128,0.1363
42486.46068,37.301,-158.002,129,0.1363
42486.46068,37.301,-158.002,130,0.139
42486.46068,37.301,-158.002,131,0.136
42486.46068,37.301,-158.002,132,0.1356
42486.46068,37.301,-158.002,133,0.1378
42486.46068,37.301,-158.002,134,0.1401
42486.46068,37.301,-158.002,134.9,0.1228
42486.46068,37.301,-158.002,136.9,0.1209
42486.46068,37.301,-158.002,138.9,0.1202
42486.46068,37.301,-158.002,139.9,0.1242
42486.46068,37.301,-158.002,140.9,0.1198
42486.46068,37.301,-158.002,141.9,0.1164
42486.46068,37.301,-158.002,142.9,0.1209
42486.46068,37.301,-158.002,144.9,0.1187
42486.46068,37.301,-158.002,145.9,0.1193
42486.46068,37.301,-158.002,146.8,0.116
42486.46068,37.301,-158.002,147.8,0.1136
42486.46068,37.301,-158.002,148.8,0.1142
42486.46068,37.301,-158.002,149.8,0.1171
42486.46068,37.301,-158.002,150.8,0.1145
42486.46068,37.301,-158.002,151.8,0.1127
42486.46068,37.301,-158.002,152.8,0.11
42486.46068,37.301,-158.002,154.8,0.1134
42486.46068,37.301,-158.002,155.8,0.1166
42486.46068,37.301,-158.002,156.8,0.1157
42486.46068,37.301,-158.002,158.8,0.1142
42486.46068,37.301,-158.002,159.7,0.113
42486.46068,37.301,-158.002,161.7,0.1215
42486.46068,37.301,-158.002,162.7,0.1159
42486.46068,37.301,-158.002,163.7,0.1167
42486.46068,37.301,-158.002,164.7,0.1134
42486.46068,37.301,-158.002,165.7,0.1104
42486.46068,37.301,-158.002,167.7,0.1123
42486.46068,37.301,-158.002,168.7,0.1144
42486.46068,37.301,-158.002,169.7,0.1103
42486.46068,37.301,-158.002,170.7,0.1085
42486.46068,37.301,-158.002,171.6,0.1078
42486.46068,37.301,-158.002,173.6,0.1074
42486.46068,37.301,-158.002,174.6,0.1106
42486.46068,37.301,-158.002,175.6,0.1104
42486.46068,37.301,-158.002,176.6,0.1084
42486.46068,37.301,-158.002,177.6,0.1085
42486.46068,37.301,-158.002,178.6,0.107
42486.46068,37.301,-158.002,179.6,0.1078
42486.46068,37.301,-158.002,180.6,0.1036
42486.46068,37.301,-158.002,181.6,0.1033
42486.46068,37.301,-158.002,182.6,0.1153
42486.46068,37.301,-158.002,183.5,0.1029
42486.46068,37.301,-158.002,184.5,0.1045
42486.46068,37.301,-158.002,185.5,0.1051
42486.46068,37.301,-158.002,186.5,0.1035
42486.46068,37.301,-158.002,188.5,0.1025
42486.46068,37.301,-158.002,189.5,0.1036
42486.46068,37.301,-158.002,190.5,0.104
42486.46068,37.301,-158.002,191.5,0.1024
42486.46068,37.301,-158.002,192.5,0.1018
42486.46068,37.301,-158.002,194.5,0.0999
42486.46068,37.301,-158.002,196.4,0.0995
42486.46068,37.301,-158.002,197.4,0.0995
42486.46068,37.301,-158.002,198.4,0.1017
42486.46068,37.301,-158.002,199.4,0.1008
42486.46068,37.301,-158.002,201.4,0.0999
42486.46068,37.301,-158.002,202.4,0.1036
42486.46068,37.301,-158.002,203.4,0.1033
42486.46068,37.301,-158.002,204.4,0.1014
42486.46068,37.301,-158.002,205.4,0.1025
42486.46068,37.301,-158.002,206.4,0.1012
42486.46068,37.301,-158.002,207.3,0.0997
42486.46068,37.301,-158.002,208.3,0.0987
42486.46068,37.301,-158.002,209.3,0.101
42486.46068,37.301,-158.002,210.3,0.1003
42486.46068,37.301,-158.002,211.3,0.0995
42486.46068,37.301,-158.002,212.3,0.1006
42486.46068,37.301,-158.002,213.3,0.1023
42486.46068,37.301,-158.002,214.3,0.1001
42486.46068,37.301,-158.002,215.3,0.0999
42486.46068,37.301,-158.002,216.3,0.1043
42486.46068,37.301,-158.002,217.3,0.1036
42486.46068,37.301,-158.002,218.3,0.0999
42486.46068,37.301,-158.002,219.2,0.0999
42486.46068,37.301,-158.002,220.2,0.1003
42486.46068,37.301,-158.002,221.2,0.101
42486.46068,37.301,-158.002,222.2,0.0998
42486.46068,37.301,-158.002,223.2,0.1002
42486.46068,37.301,-158.002,224.2,0.0972
42486.46068,37.301,-158.002,225.2,0.098
42486.46068,37.301,-158.002,226.2,0.0995
42486.46068,37.301,-158.002,227.2,0.0987
42486.46068,37.301,-158.002,228.2,0.1002
42486.46068,37.301,-158.002,229.2,0.0999
42486.46068,37.301,-158.002,230.1,0.0991
42486.46068,37.301,-158.002,231.1,0.1003
42486.46068,37.301,-158.002,232.1,0.1006
42486.46068,37.301,-158.002,233.1,0.0984
42486.46068,37.301,-158.002,234.1,0.1016
42486.46068,37.301,-158.002,235.1,0.1008
42486.46068,37.301,-158.002,236.1,0.0991
42486.46068,37.301,-158.002,237.1,0.1009
42486.46068,37.301,-158.002,238.1,0.1006
42486.46068,37.301,-158.002,239.1,0.0976
42486.46068,37.301,-158.002,241.1,0.098
42486.46068,37.301,-158.002,242,0.0972
42486.46068,37.301,-158.002,243,0.0986
42486.46068,37.301,-158.002,244,0.098
42486.46068,37.301,-158.002,245,0.0961
42486.46068,37.301,-158.002,246,0.0976
42486.46068,37.301,-158.002,247,0.0969
42486.46068,37.301,-158.002,248,0.0961
42486.46068,37.301,-158.002,249,0.0982
42486.46068,37.301,-158.002,250,0.0961
42486.46068,37.301,-158.002,251,0.0971
42486.46068,37.301,-158.002,252,0.0969
42486.46068,37.301,-158.002,253,0.0954
42486.46068,37.301,-158.002,253.9,0.0958
42486.46068,37.301,-158.002,254.9,0.0959
42486.46068,37.301,-158.002,255.9,0.0961
42486.46068,37.301,-158.002,256.9,0.095
42486.46068,37.301,-158.002,257.9,0.0961
42486.46068,37.301,-158.002,258.9,0.0976
42486.46068,37.301,-158.002,259.9,0.0988
42486.46068,37.301,-158.002,260.9,0.0943
42486.46068,37.301,-158.002,261.9,0.0963
42486.46068,37.301,-158.002,262.9,0.0956
42486.46068,37.301,-158.002,263.9,0.095
42486.46068,37.301,-158.002,264.8,0.0943
42486.46068,37.301,-158.002,265.8,0.0943
42486.46068,37.301,-158.002,266.8,0.0927
42486.46068,37.301,-158.002,267.8,0.0939
42486.46068,37.301,-158.002,268.8,0.0942
42486.46068,37.301,-158.002,269.8,0.0946
42486.46068,37.301,-158.002,270.8,0.0944
42486.46068,37.301,-158.002,271.8,0.0924
42486.46068,37.301,-158.002,272.8,0.092
42486.46068,37.301,-158.002,273.8,0.0931
42486.46068,37.301,-158.002,274.8,0.0929
42486.46068,37.301,-158.002,275.8,0.0934
42486.46068,37.301,-158.002,276.7,0.092
42486.46068,37.301,-158.002,277.7,0.0921
42486.46068,37.301,-158.002,278.7,0.092
42486.46068,37.301,-158.002,279.7,0.092
42486.46068,37.301,-158.002,280.7,0.092
42486.46068,37.301,-158.002,282.7,0.0923
42486.46068,37.301,-158.002,283.7,0.0921
42486.46068,37.301,-158.002,284.7,0.0927
42486.46068,37.301,-158.002,285.7,0.0924
42486.46068,37.301,-158.002,286.7,0.0933
42486.46068,37.301,-158.002,287.6,0.0903
42486.46068,37.301,-158.002,288.6,0.0903
42486.46068,37.301,-158.002,289.6,0.0912
42486.46068,37.301,-158.002,290.6,0.0919
42486.46068,37.301,-158.002,291.6,0.0912
42486.46068,37.301,-158.002,292.6,0.0903
42486.46068,37.301,-158.002,293.6,0.0902
42486.46068,37.301,-158.002,294.6,0.0909
42486.46068,37.301,-158.002,295.6,0.0911
42486.46068,37.301,-158.002,296.6,0.0907
42486.46068,37.301,-158.002,297.6,0.0906
42486.46068,37.301,-158.002,298.5,0.089
42485.46198,34.052,-158.003,2,0.1986
42485.46198,34.052,-158.003,3,0.1878
42485.46198,34.052,-158.003,4,0.1887
42485.46198,34.052,-158.003,5,0.1948
42485.46198,34.052,-158.003,6,0.1905
42485.46198,34.052,-158.003,6.9,0.1873
42485.46198,34.052,-158.003,7.9,0.1851
42485.46198,34.052,-158.003,8.9,0.202
42485.46198,34.052,-158.003,9.9,0.196
42485.46198,34.052,-158.003,10.9,0.1902
42485.46198,34.052,-158.003,11.9,0.187
42485.46198,34.052,-158.003,12.9,0.2061
42485.46198,34.052,-158.003,13.9,0.2
42485.46198,34.052,-158.003,14.9,0.2029
42485.46198,34.052,-158.003,15.9,0.1995
42485.46198,34.052,-158.003,16.9,0.1993
42485.46198,34.052,-158.003,17.9,0.2248
42485.46198,34.052,-158.003,18.9,0.2034
42485.46198,34.052,-158.003,19.9,0.2104
42485.46198,34.052,-158.003,20.8,0.2145
42485.46198,34.052,-158.003,21.8,0.2626
42485.46198,34.052,-158.003,22.8,0.2457
42485.46198,34.052,-158.003,23.8,0.2528
42485.46198,34.052,-158.003,24.8,0.2434
42485.46198,34.052,-158.003,25.8,0.2506
42485.46198,34.052,-158.003,26.8,0.3082
42485.46198,34.052,-158.003,27.8,0.2727
42485.46198,34.052,-158.003,28.8,0.3306
42485.46198,34.052,-158.003,29.8,0.2949
42485.46198,34.052,-158.003,30.8,0.2767
42485.46198,34.052,-158.003,31.8,0.2904
42485.46198,34.052,-158.003,32.8,0.2769
42485.46198,34.052,-158.003,33.8,0.2773
42485.46198,34.052,-158.003,34.7,0.2776
42485.46198,34.052,-158.003,35.7,0.2784
42485.46198,34.052,-158.003,36.7,0.2724
42485.46198,34.052,-158.003,37.7,0.2944
42485.46198,34.052,-158.003,38.7,0.2731
42485.46198,34.052,-158.003,39.7,0.2774
42485.46198,34.052,-158.003,40.7,0.3024
42485.46198,34.052,-158.003,41.7,0.3043
42485.46198,34.052,-158.003,42.7,0.313
42485.46198,34.052,-158.003,43.7,0.3109
42485.46198,34.052,-158.003,44.7,0.322
42485.46198,34.052,-158.003,45.7,0.3257
42485.46198,34.052,-158.003,46.7,0.3257
42485.46198,34.052,-158.003,47.7,0.3159
42485.46198,34.052,-158.003,48.6,0.3017
42485.46198,34.052,-158.003,49.6,0.2789
42485.46198,34.052,-158.003,50.6,0.2742
42485.46198,34.052,-158.003,51.6,0.2765
42485.46198,34.052,-158.003,52.6,0.2688
42485.46198,34.052,-158.003,53.6,0.2502
42485.46198,34.052,-158.003,54.6,0.2481
42485.46198,34.052,-158.003,55.6,0.2318
42485.46198,34.052,-158.003,56.6,0.2303
42485.46198,34.052,-158.003,57.6,0.2247
42485.46198,34.052,-158.003,58.6,0.225
42485.46198,34.052,-158.003,59.6,0.228
42485.46198,34.052,-158.003,60.6,0.2019
42485.46198,34.052,-158.003,61.5,0.1874
42485.46198,34.052,-158.003,62.5,0.1795
42485.46198,34.052,-158.003,63.5,0.1807
42485.46198,34.052,-158.003,64.5,0.1786
42485.46198,34.052,-158.003,65.5,0.1833
42485.46198,34.052,-158.003,66.5,0.1758
42485.46198,34.052,-158.003,67.5,0.1668
42485.46198,34.052,-158.003,68.5,0.1596
42485.46198,34.052,-158.003,69.5,0.1433
42485.46198,34.052,-158.003,70.5,0.1281
42485.46198,34.052,-158.003,71.5,0.1247
42485.46198,34.052,-158.003,72.5,0.1236
42485.46198,34.052,-158.003,73.5,0.111
42485.46198,34.052,-158.003,74.5,0.1067
42485.46198,34.052,-158.003,75.4,0.1025
42485.46198,34.052,-158.003,76.4,0.1003
42485.46198,34.052,-158.003,77.4,0.1018
42485.46198,34.052,-158.003,78.4,0.101
42485.46198,34.052,-158.003,79.4,0.0995
42485.46198,34.052,-158.003,80.4,0.1006
42485.46198,34.052,-158.003,81.4,0.0999
42485.46198,34.052,-158.003,82.4,0.0991
42485.46198,34.052,-158.003,83.4,0.0995
42485.46198,34.052,-158.003,84.4,0.1025
42485.46198,34.052,-158.003,85.4,0.1029
42485.46198,34.052,-158.003,86.4,0.104
42485.46198,34.052,-158.003,87.4,0.1006
42485.46198,34.052,-158.003,88.3,0.0987
42485.46198,34.052,-158.003,89.3,0.101
42485.46198,34.052,-158.003,90.3,0.1029
42485.46198,34.052,-158.003,91.3,0.1074
42485.46198,34.052,-158.003,92.3,0.1074
42485.46198,34.052,-158.003,93.3,0.1081
42485.46198,34.052,-158.003,94.3,0.1078
42485.46198,34.052,-158.003,95.3,0.107
42485.46198,34.052,-158.003,96.3,0.1051
42485.46198,34.052,-158.003,97.3,0.1057
42485.46198,34.052,-158.003,98.3,0.1087
42485.46198,34.052,-158.003,99.3,0.107
42485.46198,34.052,-158.003,100.3,0.107
42485.46198,34.052,-158.003,101.2,0.1059
42485.46198,34.052,-158.003,102.2,0.1083
42485.46198,34.052,-158.003,103.2,0.1102
42485.46198,34.052,-158.003,104.2,0.1059
42485.46198,34.052,-158.003,105.2,0.1055
42485.46198,34.052,-158.003,106.2,0.1023
42485.46198,34.052,-158.003,107.2,0.1021
42485.46198,34.052,-158.003,108.2,0.1021
42485.46198,34.052,-158.003,109.2,0.1029
42485.46198,34.052,-158.003,110.2,0.1014
42485.46198,34.052,-158.003,111.2,0.1023
42485.46198,34.052,-158.003,112.2,0.1021
42485.46198,34.052,-158.003,113.2,0.1029
42485.46198,34.052,-158.003,114.1,0.1063
42485.46198,34.052,-158.003,115.1,0.1063
42485.46198,34.052,-158.003,116.1,0.1067
42485.46198,34.052,-158.003,117.1,0.107
42485.46198,34.052,-158.003,118.1,0.1074
42485.46198,34.052,-158.003,119.1,0.1064
42485.46198,34.052,-158.003,120.1,0.1074
42485.46198,34.052,-158.003,121.1,0.1074
42485.46198,34.052,-158.003,122.1,0.1064
42485.46198,34.052,-158.003,123.1,0.108
42485.46198,34.052,-158.003,124.1,0.1089
42485.46198,34.052,-158.003,125.1,0.1051
42485.46198,34.052,-158.003,126.1,0.1033
42485.46198,34.052,-158.003,127,0.1029
42485.46198,34.052,-158.003,128,0.104
42485.46198,34.052,-158.003,129,0.1044
42485.46198,34.052,-158.003,130,0.1063
42485.46198,34.052,-158.003,131,0.1095
42485.46198,34.052,-158.003,132,0.11
42485.46198,34.052,-158.003,133,0.1093
42485.46198,34.052,-158.003,134,0.1119
42485.46198,34.052,-158.003,135,0.1104
42485.46198,34.052,-158.003,136,0.1093
42485.46198,34.052,-158.003,137,0.1085
42485.46198,34.052,-158.003,138,0.1096
42485.46198,34.052,-158.003,139,0.1089
42485.46198,34.052,-158.003,139.9,0.1104
42485.46198,34.052,-158.003,140.9,0.1104
42485.46198,34.052,-158.003,141.9,0.111
42485.46198,34.052,-158.003,142.9,0.1093
42485.46198,34.052,-158.003,143.9,0.1096
42485.46198,34.052,-158.003,144.9,0.1096
42485.46198,34.052,-158.003,145.9,0.1078
42485.46198,34.052,-158.003,146.9,0.1067
42485.46198,34.052,-158.003,147.9,0.1048
42485.46198,34.052,-158.003,148.9,0.1059
42485.46198,34.052,-158.003,149.9,0.1061
42485.46198,34.052,-158.003,150.9,0.1059
42485.46198,34.052,-158.003,151.9,0.104
42485.46198,34.052,-158.003,152.8,0.1059
42485.46198,34.052,-158.003,153.8,0.1046
42485.46198,34.052,-158.003,154.8,0.1048
42485.46198,34.052,-158.003,155.8,0.1036
42485.46198,34.052,-158.003,156.8,0.1025
42485.46198,34.052,-158.003,157.8,0.1042
42485.46198,34.052,-158.003,158.8,0.1033
42485.46198,34.052,-158.003,159.8,0.1046
42485.46198,34.052,-158.003,160.8,0.1044
42485.46198,34.052,-158.003,161.8,0.1044
42485.46198,34.052,-158.003,162.8,0.1044
42485.46198,34.052,-158.003,163.8,0.1032
42485.46198,34.052,-158.003,164.7,0.0984
42485.46198,34.052,-158.003,165.7,0.0943
42485.46198,34.052,-158.003,166.7,0.0931
42485.46198,34.052,-158.003,167.7,0.0931
42485.46198,34.052,-158.003,168.7,0.0939
42485.46198,34.052,-158.003,169.7,0.0946
42485.46198,34.052,-158.003,170.7,0.0961
42485.46198,34.052,-158.003,171.7,0.0995
42485.46198,34.052,-158.003,172.7,0.0993
42485.46198,34.052,-158.003,173.7,0.101
42485.46198,34.052,-158.003,174.7,0.1006
42485.46198,34.052,-158.003,175.7,0.1021
42485.46198,34.052,-158.003,176.7,0.1006
42485.46198,34.052,-158.003,177.6,0.0997
42485.46198,34.052,-158.003,178.6,0.0991
42485.46198,34.052,-158.003,179.6,0.0984
42485.46198,34.052,-158.003,180.6,0.098
42485.46198,34.052,-158.003,181.6,0.0991
42485.46198,34.052,-158.003,182.6,0.1004
42485.46198,34.052,-158.003,183.6,0.0982
42485.46198,34.052,-158.003,184.6,0.0969
42485.46198,34.052,-158.003,185.6,0.0976
42485.46198,34.052,-158.003,186.6,0.0958
42485.46198,34.052,-158.003,187.6,0.0946
42485.46198,34.052,-158.003,188.6,0.095
42485.46198,34.052,-158.003,189.5,0.0954
42485.46198,34.052,-158.003,190.5,0.0952
42485.46198,34.052,-158.003,191.5,0.0948
42485.46198,34.052,-158.003,192.5,0.0954
42485.46198,34.052,-158.003,193.5,0.0961
42485.46198,34.052,-158.003,194.5,0.0939
42485.46198,34.052,-158.003,195.5,0.0931
42485.46198,34.052,-158.003,196.5,0.0931
42485.46198,34.052,-158.003,197.5,0.0916
42485.46198,34.052,-158.003,198.5,0.0916
42485.46198,34.052,-158.003,199.5,0.0909
42485.46198,34.052,-158.003,200.5,0.0922
42485.46198,34.052,-158.003,201.5,0.092
42485.46198,34.052,-158.003,202.4,0.0912
42485.46198,34.052,-158.003,203.4,0.0916
42485.46198,34.052,-158.003,204.4,0.0916
42485.46198,34.052,-158.003,205.4,0.0909
42485.46198,34.052,-158.003,206.4,0.0909
42485.46198,34.052,-158.003,207.4,0.0909
42485.46198,34.052,-158.003,208.4,0.0918
42485.46198,34.052,-158.003,209.4,0.0931
42485.46198,34.052,-158.003,210.4,0.0912
42485.46198,34.052,-158.003,211.4,0.0912
42485.46198,34.052,-158.003,212.4,0.0897
42485.46198,34.052,-158.003,213.4,0.0905
42485.46198,34.052,-158.003,214.3,0.0899
42485.46198,34.052,-158.003,215.3,0.0901
42485.46198,34.052,-158.003,216.3,0.0901
42485.46198,34.052,-158.003,217.3,0.089
42485.46198,34.052,-158.003,218.3,0.0897
42485.46198,34.052,-158.003,219.3,0.0905
42485.46198,34.052,-158.003,220.3,0.089
42485.46198,34.052,-158.003,221.3,0.0894
42485.46198,34.052,-158.003,222.3,0.0894
42485.46198,34.052,-158.003,223.3,0.0886
42485.46198,34.052,-158.003,224.3,0.0888
42485.46198,34.052,-158.003,225.3,0.0889
42485.46198,34.052,-158.003,226.2,0.0886
42485.46198,34.052,-158.003,228.2,0.0894
42485.46198,34.052,-158.003,229.2,0.0886
42485.46198,34.052,-158.003,230.2,0.0886
42485.46198,34.052,-158.003,231.2,0.089
42485.46198,34.052,-158.003,232.2,0.0899
42485.46198,34.052,-158.003,233.2,0.0885
42485.46198,34.052,-158.003,234.2,0.0879
42485.46198,34.052,-158.003,235.2,0.0882
42485.46198,34.052,-158.003,237.2,0.089
42485.46198,34.052,-158.003,238.1,0.0881
42485.46198,34.052,-158.003,239.1,0.0886
42485.46198,34.052,-158.003,240.1,0.0886
42485.46198,34.052,-158.003,241.1,0.0886
42485.46198,34.052,-158.003,242.1,0.0882
42485.46198,34.052,-158.003,243.1,0.0882
42485.46198,34.052,-158.003,244.1,0.0886
42485.46198,34.052,-158.003,245.1,0.0879
42485.46198,34.052,-158.003,246.1,0.0882
42485.46198,34.052,-158.003,247.1,0.0886
42485.46198,34.052,-158.003,248.1,0.0882
42485.46198,34.052,-158.003,249.1,0.0877
42485.46198,34.052,-158.003,250,0.0879
42485.46198,34.052,-158.003,251,0.0877
42485.46198,34.052,-158.003,252,0.0879
42485.46198,34.052,-158.003,253,0.0882
42485.46198,34.052,-158.003,254,0.0879
42485.46198,34.052,-158.003,255,0.0875
42485.46198,34.052,-158.003,256,0.0874
42485.46198,34.052,-158.003,257,0.0869
42485.46198,34.052,-158.003,258,0.0875
42485.46198,34.052,-158.003,259,0.0879
42485.46198,34.052,-158.003,260,0.0875
42485.46198,34.052,-158.003,261,0.0873
42485.46198,34.052,-158.003,261.9,0.0879
42485.46198,34.052,-158.003,262.9,0.0875
42485.46198,34.052,-158.003,263.9,0.0879
42485.46198,34.052,-158.003,264.9,0.0875
42485.46198,34.052,-158.003,265.9,0.0875
42485.46198,34.052,-158.003,266.9,0.0873
42485.46198,34.052,-158.003,267.9,0.0871
42485.46198,34.052,-158.003,268.9,0.0873
42485.46198,34.052,-158.003,269.9,0.0873
42485.46198,34.052,-158.003,270.9,0.087
42485.46198,34.052,-158.003,271.9,0.0871
42485.46198,34.052,-158.003,272.9,0.0873
42485.46198,34.052,-158.003,273.8,0.0879
42485.46198,34.052,-158.003,275.8,0.0879
42485.46198,34.052,-158.003,276.8,0.0873
42485.46198,34.052,-158.003,277.8,0.0875
42485.46198,34.052,-158.003,278.8,0.0871
42485.46198,34.052,-158.003,279.8,0.0873
42485.46198,34.052,-158.003,280.8,0.0877
42485.46198,34.052,-158.003,281.8,0.0875
42485.46198,34.052,-158.003,282.8,0.0871
42485.46198,34.052,-158.003,283.8,0.0871
42485.46198,34.052,-158.003,284.8,0.0875
42485.46198,34.052,-158.003,285.7,0.0871
42485.46198,34.052,-158.003,287.7,0.0871
42485.46198,34.052,-158.003,288.7,0.0874
42485.46198,34.052,-158.003,289.7,0.0875
42485.46198,34.052,-158.003,290.7,0.0873
42485.46198,34.052,-158.003,291.7,0.0872
42485.46198,34.052,-158.003,292.7,0.0871
42485.46198,34.052,-158.003,293.7,0.0872
42485.46198,34.052,-158.003,294.7,0.0877
42485.46198,34.052,-158.003,295.7,0.0873
42485.46198,34.052,-158.003,296.7,0.0875
42485.46198,34.052,-158.003,297.6,0.0874
42485.46198,34.052,-158.003,298.6,0.0872
42485.46198,34.052,-158.003,299.6,0.0882
42484.9814,32.676,-157.995,2,0.1363
42484.9814,32.676,-157.995,3,0.14
42484.9814,32.676,-157.995,4,0.1388
42484.9814,32.676,-157.995,5,0.1366
42484.9814,32.676,-157.995,6,0.1381
42484.9814,32.676,-157.995,7,0.1365
42484.9814,32.676,-157.995,7.9,0.1356
42484.9814,32.676,-157.995,8.9,0.1365
42484.9814,32.676,-157.995,9.9,0.1358
42484.9814,32.676,-157.995,10.9,0.1363
42484.9814,32.676,-157.995,11.9,0.1366
42484.9814,32.676,-157.995,12.9,0.1362
42484.9814,32.676,-157.995,13.9,0.1362
42484.9814,32.676,-157.995,14.9,0.1429
42484.9814,32.676,-157.995,15.9,0.1386
42484.9814,32.676,-157.995,16.9,0.1382
42484.9814,32.676,-157.995,17.9,0.1478
42484.9814,32.676,-157.995,18.9,0.151
42484.9814,32.676,-157.995,19.9,0.1512
42484.9814,32.676,-157.995,20.9,0.1544
42484.9814,32.676,-157.995,21.8,0.1577
42484.9814,32.676,-157.995,22.8,0.1706
42484.9814,32.676,-157.995,23.8,0.1709
42484.9814,32.676,-157.995,24.8,0.1726
42484.9814,32.676,-157.995,25.8,0.172
42484.9814,32.676,-157.995,26.8,0.1737
42484.9814,32.676,-157.995,27.8,0.175
42484.9814,32.676,-157.995,28.8,0.1741
42484.9814,32.676,-157.995,29.8,0.1875
42484.9814,32.676,-157.995,30.8,0.2036
42484.9814,32.676,-157.995,31.8,0.2179
42484.9814,32.676,-157.995,32.8,0.2327
42484.9814,32.676,-157.995,33.8,0.2526
42484.9814,32.676,-157.995,34.8,0.2588
42484.9814,32.676,-157.995,35.7,0.2651
42484.9814,32.676,-157.995,36.7,0.2654
42484.9814,32.676,-157.995,37.7,0.2633
42484.9814,32.676,-157.995,38.7,0.2782
42484.9814,32.676,-157.995,39.7,0.2853
42484.9814,32.676,-157.995,40.7,0.2808
42484.9814,32.676,-157.995,41.7,0.2953
42484.9814,32.676,-157.995,42.7,0.3002
42484.9814,32.676,-157.995,43.7,0.3006
42484.9814,32.676,-157.995,44.7,0.3359
42484.9814,32.676,-157.995,45.7,0.3419
42484.9814,32.676,-157.995,46.7,0.3498
42484.9814,32.676,-157.995,47.7,0.4182
42484.9814,32.676,-157.995,48.7,0.359
42484.9814,32.676,-157.995,49.6,0.3616
42484.9814,32.676,-157.995,50.6,0.3646
42484.9814,32.676,-157.995,51.6,0.3876
42484.9814,32.676,-157.995,52.6,0.405
42484.9814,32.676,-157.995,53.6,0.4048
42484.9814,32.676,-157.995,54.6,0.393
42484.9814,32.676,-157.995,55.6,0.4077
42484.9814,32.676,-157.995,56.6,0.4133
42484.9814,32.676,-157.995,57.6,0.3971
42484.9814,32.676,-157.995,58.6,0.4061
42484.9814,32.676,-157.995,59.6,0.4005
42484.9814,32.676,-157.995,60.6,0.4143
42484.9814,32.676,-157.995,61.6,0.4048
42484.9814,32.676,-157.995,62.5,0.3954
42484.9814,32.676,-157.995,63.5,0.396
42484.9814,32.676,-157.995,64.5,0.3911
42484.9814,32.676,-157.995,65.5,0.3772
42484.9814,32.676,-157.995,66.5,0.396
42484.9814,32.676,-157.995,67.5,0.4018
42484.9814,32.676,-157.995,68.5,0.3838
42484.9814,32.676,-157.995,69.5,0.3825
42484.9814,32.676,-157.995,70.5,0.3633
42484.9814,32.676,-157.995,71.5,0.3517
42484.9814,32.676,-157.995,72.5,0.3186
42484.9814,32.676,-157.995,73.5,0.3054
42484.9814,32.676,-157.995,74.5,0.2987
42484.9814,32.676,-157.995,75.5,0.278
42484.9814,32.676,-157.995,76.4,0.2664
42484.9814,32.676,-157.995,77.4,0.2241
42484.9814,32.676,-157.995,78.4,0.2104
42484.9814,32.676,-157.995,79.4,0.1818
42484.9814,32.676,-157.995,80.4,0.1702
42484.9814,32.676,-157.995,81.4,0.1611
42484.9814,32.676,-157.995,82.4,0.1533
42484.9814,32.676,-157.995,83.4,0.1686
42484.9814,32.676,-157.995,84.4,0.1734
42484.9814,32.676,-157.995,85.4,0.1799
42484.9814,32.676,-157.995,86.4,0.1735
42484.9814,32.676,-157.995,87.4,0.1645
42484.9814,32.676,-157.995,88.4,0.1683
42484.9814,32.676,-157.995,89.3,0.1728
42484.9814,32.676,-157.995,90.3,0.175
42484.9814,32.676,-157.995,91.3,0.1767
42484.9814,32.676,-157.995,92.3,0.172
42484.9814,32.676,-157.995,93.3,0.1675
42484.9814,32.676,-157.995,94.3,0.1623
42484.9814,32.676,-157.995,95.3,0.1634
42484.9814,32.676,-157.995,96.3,0.1694
42484.9814,32.676,-157.995,97.3,0.1675
42484.9814,32.676,-157.995,98.3,0.1764
42484.9814,32.676,-157.995,99.3,0.1657
42484.9814,32.676,-157.995,100.3,0.1608
42484.9814,32.676,-157.995,101.3,0.16
42484.9814,32.676,-157.995,102.3,0.1615
42484.9814,32.676,-157.995,103.2,0.1713
42484.9814,32.676,-157.995,104.2,0.1596
42484.9814,32.676,-157.995,105.2,0.1589
42484.9814,32.676,-157.995,106.2,0.1542
42484.9814,32.676,-157.995,107.2,0.154
42484.9814,32.676,-157.995,108.2,0.1499
42484.9814,32.676,-157.995,109.2,0.151
42484.9814,32.676,-157.995,110.2,0.1544
42484.9814,32.676,-157.995,111.2,0.1548
42484.9814,32.676,-157.995,112.2,0.1506
42484.9814,32.676,-157.995,113.2,0.1525
42484.9814,32.676,-157.995,114.2,0.1574
42484.9814,32.676,-157.995,115.2,0.1549
42484.9814,32.676,-157.995,116.1,0.1574
42484.9814,32.676,-157.995,117.1,0.1577
42484.9814,32.676,-157.995,118.1,0.1551
42484.9814,32.676,-157.995,119.1,0.1469
42484.9814,32.676,-157.995,120.1,0.1469
42484.9814,32.676,-157.995,122.1,0.1544
42484.9814,32.676,-157.995,123.1,0.1591
42484.9814,32.676,-157.995,124.1,0.1747
42484.9814,32.676,-157.995,125.1,0.1814
42484.9814,32.676,-157.995,126.1,0.1916
42484.9814,32.676,-157.995,127.1,0.1914
42484.9814,32.676,-157.995,128.1,0.1867
42484.9814,32.676,-157.995,129,0.181
42484.9814,32.676,-157.995,130,0.1773
42484.9814,32.676,-157.995,131,0.1773
42484.9814,32.676,-157.995,132,0.1773
42484.9814,32.676,-157.995,133,0.1694
42484.9814,32.676,-157.995,134,0.1544
42484.9814,32.676,-157.995,135,0.1416
42484.9814,32.676,-157.995,136,0.1461
42484.9814,32.676,-157.995,137,0.1476
42484.9814,32.676,-157.995,138,0.1401
42484.9814,32.676,-157.995,139,0.1371
42484.9814,32.676,-157.995,140,0.1344
42484.9814,32.676,-157.995,141,0.1382
42484.9814,32.676,-157.995,141.9,0.1352
42484.9814,32.676,-157.995,142.9,0.13
42484.9814,32.676,-157.995,143.9,0.1209
42484.9814,32.676,-157.995,144.9,0.1228
42484.9814,32.676,-157.995,145.9,0.1251
42484.9814,32.676,-157.995,146.9,0.1228
42484.9814,32.676,-157.995,147.9,0.1243
42484.9814,32.676,-157.995,148.9,0.1241
42484.9814,32.676,-157.995,149.9,0.1209
42484.9814,32.676,-157.995,150.9,0.116
42484.9814,32.676,-157.995,151.9,0.1138
42484.9814,32.676,-157.995,153.9,0.1138
42484.9814,32.676,-157.995,154.8,0.113
42484.9814,32.676,-157.995,155.8,0.1142
42484.9814,32.676,-157.995,156.8,0.1151
42484.9814,32.676,-157.995,157.8,0.1123
42484.9814,32.676,-157.995,158.8,0.11
42484.9814,32.676,-157.995,159.8,0.1096
42484.9814,32.676,-157.995,160.8,0.1089
42484.9814,32.676,-157.995,161.8,0.107
42484.9814,32.676,-157.995,162.8,0.1067
42484.9814,32.676,-157.995,163.8,0.1036
42484.9814,32.676,-157.995,164.8,0.1044
42484.9814,32.676,-157.995,165.8,0.104
42484.9814,32.676,-157.995,166.8,0.1059
42484.9814,32.676,-157.995,167.7,0.1029
42484.9814,32.676,-157.995,168.7,0.1027
42484.9814,32.676,-157.995,169.7,0.1033
42484.9814,32.676,-157.995,170.7,0.104
42484.9814,32.676,-157.995,171.7,0.1029
42484.9814,32.676,-157.995,172.7,0.1006
42484.9814,32.676,-157.995,174.7,0.1029
42484.9814,32.676,-157.995,175.7,0.1021
42484.9814,32.676,-157.995,176.7,0.0991
42484.9814,32.676,-157.995,177.7,0.0991
42484.9814,32.676,-157.995,178.7,0.101
42484.9814,32.676,-157.995,179.6,0.0995
42484.9814,32.676,-157.995,180.6,0.0995
42484.9814,32.676,-157.995,181.6,0.1003
42484.9814,32.676,-157.995,182.6,0.0963
42484.9814,32.676,-157.995,184.6,0.0946
42484.9814,32.676,-157.995,185.6,0.0929
42484.9814,32.676,-157.995,186.6,0.0912
42484.9814,32.676,-157.995,187.6,0.0909
42484.9814,32.676,-157.995,188.6,0.0897
42484.9814,32.676,-157.995,190.6,0.0903
42484.9814,32.676,-157.995,191.6,0.0905
42484.9814,32.676,-157.995,192.5,0.0894
42484.9814,32.676,-157.995,193.5,0.0901
42484.9814,32.676,-157.995,194.5,0.0882
42484.9814,32.676,-157.995,195.5,0.089
42484.9814,32.676,-157.995,196.5,0.0882
42484.9814,32.676,-157.995,197.5,0.089
42484.9814,32.676,-157.995,198.5,0.0886
42484.9814,32.676,-157.995,199.5,0.0886
42484.9814,32.676,-157.995,200.5,0.0897
42484.9814,32.676,-157.995,201.5,0.0882
42484.9814,32.676,-157.995,202.5,0.088
42484.9814,32.676,-157.995,203.5,0.0879
42484.9814,32.676,-157.995,204.5,0.0882
42484.9814,32.676,-157.995,205.4,0.0875
42484.9814,32.676,-157.995,207.4,0.0871
42484.9814,32.676,-157.995,208.4,0.0877
42484.9814,32.676,-157.995,209.4,0.0879
42484.9814,32.676,-157.995,210.4,0.0879
42484.9814,32.676,-157.995,211.4,0.0877
42484.9814,32.676,-157.995,212.4,0.0871
42484.9814,32.676,-157.995,214.4,0.0879
42484.9814,32.676,-157.995,215.4,0.0875
42484.9814,32.676,-157.995,216.4,0.0875
42484.9814,32.676,-157.995,217.3,0.0882
42484.9814,32.676,-157.995,218.3,0.0875
42484.9814,32.676,-157.995,219.3,0.0871
42484.9814,32.676,-157.995,220.3,0.0875
42484.9814,32.676,-157.995,221.3,0.0871
42484.9814,32.676,-157.995,222.3,0.0875
42484.9814,32.676,-157.995,223.3,0.0879
42484.9814,32.676,-157.995,225.3,0.088
42484.9814,32.676,-157.995,226.3,0.0875
42484.9814,32.676,-157.995,227.3,0.0875
42484.9814,32.676,-157.995,229.2,0.0875
42484.9814,32.676,-157.995,230.2,0.0879
42484.9814,32.676,-157.995,231.2,0.0879
42484.9814,32.676,-157.995,232.2,0.0875
42484.9814,32.676,-157.995,233.2,0.0875
42484.9814,32.676,-157.995,234.2,0.0875
42484.9814,32.676,-157.995,235.2,0.0875
42484.9814,32.676,-157.995,236.2,0.0871
42484.9814,32.676,-157.995,238.2,0.0867
42484.9814,32.676,-157.995,239.2,0.0867
42484.9814,32.676,-157.995,240.2,0.0875
42484.9814,32.676,-157.995,241.2,0.0867
42484.9814,32.676,-157.995,242.1,0.0871
42484.9814,32.676,-157.995,243.1,0.0863
42484.9814,32.676,-157.995,244.1,0.0867
42484.9814,32.676,-157.995,245.1,0.0871
42484.9814,32.676,-157.995,246.1,0.0867
42484.9814,32.676,-157.995,248.1,0.0867
42484.9814,32.676,-157.995,249.1,0.0871
42484.9814,32.676,-157.995,250.1,0.0869
42484.9814,32.676,-157.995,251.1,0.0867
42484.9814,32.676,-157.995,252.1,0.0867
42484.9814,32.676,-157.995,253.1,0.0867
42484.9814,32.676,-157.995,254,0.0863
42484.9814,32.676,-157.995,256,0.0863
42484.9814,32.676,-157.995,257,0.0867
42484.9814,32.676,-157.995,258,0.0867
42484.9814,32.676,-157.995,259,0.0867
42484.9814,32.676,-157.995,260,0.0867
42484.9814,32.676,-157.995,261,0.0865
42484.9814,32.676,-157.995,262,0.0867
42484.9814,32.676,-157.995,263,0.0867
42484.9814,32.676,-157.995,264,0.0867
42484.9814,32.676,-157.995,265,0.0867
42484.9814,32.676,-157.995,265.9,0.0863
42484.9814,32.676,-157.995,266.9,0.0867
42484.9814,32.676,-157.995,267.9,0.0867
42484.9814,32.676,-157.995,268.9,0.0863
42484.9814,32.676,-157.995,269.9,0.0867
42484.9814,32.676,-157.995,270.9,0.0867
42484.9814,32.676,-157.995,271.9,0.0863
42484.9814,32.676,-157.995,272.9,0.0863
42484.9814,32.676,-157.995,273.9,0.0867
42484.9814,32.676,-157.995,274.9,0.0865
42484.9814,32.676,-157.995,275.9,0.0863
42484.9814,32.676,-157.995,276.9,0.0871
42484.9814,32.676,-157.995,277.8,0.0867
42484.9814,32.676,-157.995,278.8,0.0871
42484.9814,32.676,-157.995,279.8,0.0863
42484.9814,32.676,-157.995,280.8,0.0863
42484.9814,32.676,-157.995,282.8,0.0867
42484.9814,32.676,-157.995,283.8,0.0865
42484.9814,32.676,-157.995,284.8,0.0863
42484.9814,32.676,-157.995,285.8,0.0867
42484.9814,32.676,-157.995,286.8,0.0863
42484.9814,32.676,-157.995,287.8,0.0863
42484.9814,32.676,-157.995,288.8,0.0865
42484.9814,32.676,-157.995,289.7,0.086
42484.9814,32.676,-157.995,291.7,0.0863
42484.9814,32.676,-157.995,292.7,0.086
42484.9814,32.676,-157.995,293.7,0.0863
42484.9814,32.676,-157.995,294.7,0.0867
42484.9814,32.676,-157.995,295.7,0.0867
42484.9814,32.676,-157.995,296.7,0.0863
42484.9814,32.676,-157.995,297.7,0.0863
42484.9814,32.676,-157.995,298.7,0.0863
42484.9814,32.676,-157.995,299.7,0.0863
42484.9814,32.676,-157.995,300.7,0.0867
42484.9814,32.676,-157.995,301.6,0.0863
42484.9814,32.676,-157.995,302.6,0.0863
42484.9814,32.676,-157.995,303.6,0.0867
42484.9814,32.676,-157.995,304.6,0.0867
42484.9814,32.676,-157.995,305.6,0.0865
42484.9814,32.676,-157.995,306.6,0.0867
42484.9814,32.676,-157.995,307.6,0.0863
42484.9814,32.676,-157.995,308.6,0.0863
42484.9814,32.676,-157.995,309.6,0.0863
42484.9814,32.676,-157.995,311.6,0.0863
42484.9814,32.676,-157.995,312.5,0.0867
42484.9814,32.676,-157.995,313.5,0.0867
42484.9814,32.676,-157.995,314.5,0.0863
42484.9814,32.676,-157.995,315.5,0.0865
42484.9814,32.676,-157.995,316.5,0.0863
42484.9814,32.676,-157.995,317.5,0.0867
42484.9814,32.676,-157.995,319.5,0.0867
42484.9814,32.676,-157.995,320.5,0.0867
42484.9814,32.676,-157.995,321.5,0.0867
42484.9814,32.676,-157.995,322.5,0.0865
42484.9814,32.676,-157.995,323.5,0.0867
42484.9814,32.676,-157.995,324.4,0.0867
42484.9814,32.676,-157.995,325.4,0.0871
42484.9814,32.676,-157.995,326.4,0.0867
42484.9814,32.676,-157.995,327.4,0.0863
42484.9814,32.676,-157.995,328.4,0.0867
42484.9814,32.676,-157.995,329.4,0.0867
42484.9814,32.676,-157.995,330.4,0.0871
42484.9814,32.676,-157.995,331.4,0.0867
42484.9814,32.676,-157.995,332.4,0.0867
42484.9814,32.676,-157.995,333.4,0.0867
42484.9814,32.676,-157.995,334.4,0.0875
42484.9814,32.676,-157.995,335.4,0.0867
42484.9814,32.676,-157.995,336.3,0.0867
42484.9814,32.676,-157.995,338.3,0.0869
42484.9814,32.676,-157.995,339.3,0.0871
42484.9814,32.676,-157.995,340.3,0.0867
42484.9814,32.676,-157.995,342.3,0.0867
42484.9814,32.676,-157.995,343.3,0.0867
42484.9814,32.676,-157.995,344.3,0.0867
42484.9814,32.676,-157.995,345.3,0.0871
42484.9814,32.676,-157.995,346.3,0.0886
42484.9814,32.676,-157.995,347.2,0.0867
42484.9814,32.676,-157.995,348.2,0.0867
42484.9814,32.676,-157.995,349.2,0.0867
42484.9814,32.676,-157.995,350.2,0.0867
42484.9814,32.676,-157.995,351.2,0.0867
42484.9814,32.676,-157.995,352.2,0.0871
42484.9814,32.676,-157.995,353.2,0.0867
42484.9814,32.676,-157.995,354.2,0.0867
42484.9814,32.676,-157.995,355.2,0.0871
42484.9814,32.676,-157.995,356.2,0.0867
42484.9814,32.676,-157.995,357.2,0.0867
42484.9814,32.676,-157.995,358.2,0.0867
42484.9814,32.676,-157.995,360.1,0.0867
42484.9814,32.676,-157.995,361.1,0.0869
42484.9814,32.676,-157.995,362.1,0.0871
42484.9814,32.676,-157.995,363.1,0.0871
42484.9814,32.676,-157.995,364.1,0.0871
42484.9814,32.676,-157.995,365.1,0.0871
42484.9814,32.676,-157.995,367.1,0.0871
42484.9814,32.676,-157.995,368.1,0.0871
42484.9814,32.676,-157.995,369.1,0.0867
42484.9814,32.676,-157.995,370,0.0871
42484.9814,32.676,-157.995,371,0.0867
42484.9814,32.676,-157.995,372,0.0867
42484.9814,32.676,-157.995,373,0.0871
42484.9814,32.676,-157.995,374,0.0871
42484.9814,32.676,-157.995,375,0.0875
42484.9814,32.676,-157.995,376,0.0871
42484.9814,32.676,-157.995,377,0.0875
42484.9814,32.676,-157.995,378,0.0875
42484.9814,32.676,-157.995,379,0.0875
42484.9814,32.676,-157.995,380,0.0879
42484.9814,32.676,-157.995,380.9,0.0871
42484.9814,32.676,-157.995,381.9,0.0871
42484.9814,32.676,-157.995,382.9,0.0871
42484.9814,32.676,-157.995,383.9,0.0871
42484.9814,32.676,-157.995,384.9,0.0871
42484.9814,32.676,-157.995,385.9,0.0877
42484.9814,32.676,-157.995,386.9,0.0875
42484.9814,32.676,-157.995,387.9,0.0875
42484.9814,32.676,-157.995,388.9,0.0871
42484.9814,32.676,-157.995,389.9,0.0875
42484.9814,32.676,-157.995,390.9,0.0875
42484.9814,32.676,-157.995,391.9,0.0875
42484.9814,32.676,-157.995,393.8,0.0875
42484.9814,32.676,-157.995,394.8,0.0875
42484.9814,32.676,-157.995,395.8,0.0871
42484.9814,32.676,-157.995,396.8,0.0875
42484.9814,32.676,-157.995,397.8,0.0877
42484.9814,32.676,-157.995,398.8,0.0875
42484.9814,32.676,-157.995,399.8,0.0879
42484.9814,32.676,-157.995,400.8,0.0871
42484.9814,32.676,-157.995,402.8,0.0875
42484.9814,32.676,-157.995,403.7,0.0877
42484.9814,32.676,-157.995,404.7,0.0879
42484.9814,32.676,-157.995,405.7,0.0875
42484.9814,32.676,-157.995,406.7,0.0875
42484.9814,32.676,-157.995,407.7,0.0875
42484.9814,32.676,-157.995,408.7,0.0875
42484.9814,32.676,-157.995,409.7,0.0879
42484.9814,32.676,-157.995,410.7,0.0882
42484.9814,32.676,-157.995,411.7,0.0877
42484.9814,32.676,-157.995,412.7,0.0875
42484.9814,32.676,-157.995,414.6,0.0875
42484.9814,32.676,-157.995,415.6,0.0877
42484.9814,32.676,-157.995,416.6,0.0879
42484.9814,32.676,-157.995,417.6,0.0875
42484.9814,32.676,-157.995,418.6,0.0882
42484.9814,32.676,-157.995,419.6,0.0879
42484.9814,32.676,-157.995,420.6,0.0879
42484.9814,32.676,-157.995,421.6,0.0879
42484.9814,32.676,-157.995,422.6,0.0879
42484.9814,32.676,-157.995,423.6,0.0879
42484.9814,32.676,-157.995,424.6,0.0879
42484.9814,32.676,-157.995,425.5,0.0879
42484.9814,32.676,-157.995,426.5,0.0879
42484.9814,32.676,-157.995,427.5,0.0882
42484.9814,32.676,-157.995,428.5,0.0882
42484.9814,32.676,-157.995,429.5,0.0875
42484.9814,32.676,-157.995,430.5,0.0879
42484.9814,32.676,-157.995,431.5,0.0879
42484.9814,32.676,-157.995,432.5,0.0879
42484.9814,32.676,-157.995,434.5,0.0879
42484.9814,32.676,-157.995,435.5,0.0879
42484.9814,32.676,-157.995,436.4,0.0879
42484.9814,32.676,-157.995,437.4,0.0879
42484.9814,32.676,-157.995,438.4,0.0875
42484.9814,32.676,-157.995,440.4,0.0879
42484.9814,32.676,-157.995,441.4,0.0882
42484.9814,32.676,-157.995,442.4,0.0879
42484.9814,32.676,-157.995,443.4,0.0879
42484.9814,32.676,-157.995,444.4,0.0879
42484.9814,32.676,-157.995,445.4,0.0879
42484.9814,32.676,-157.995,446.4,0.0882
42484.9814,32.676,-157.995,447.3,0.0884
42484.9814,32.676,-157.995,448.3,0.0882
42484.9814,32.676,-157.995,449.3,0.0882
42484.9814,32.676,-157.995,450.3,0.0879
42484.9814,32.676,-157.995,451.3,0.0882
42484.9814,32.676,-157.995,452.3,0.0886
42484.9814,32.676,-157.995,454.3,0.0879
42484.9814,32.676,-157.995,455.3,0.0882
42484.9814,32.676,-157.995,456.3,0.088
42484.9814,32.676,-157.995,457.3,0.0882
42484.9814,32.676,-157.995,459.2,0.0886
42484.9814,32.676,-157.995,460.2,0.0882
42484.9814,32.676,-157.995,461.2,0.0879
42484.9814,32.676,-157.995,463.2,0.0884
42484.9814,32.676,-157.995,464.2,0.0882
42484.9814,32.676,-157.995,465.2,0.088
42484.9814,32.676,-157.995,466.2,0.0886
42484.9814,32.676,-157.995,467.2,0.0882
42484.9814,32.676,-157.995,469.1,0.0882
42484.9814,32.676,-157.995,470.1,0.0882
42484.9814,32.676,-157.995,471.1,0.0882
42484.9814,32.676,-157.995,472.1,0.0882
42484.9814,32.676,-157.995,473.1,0.0882
42484.9814,32.676,-157.995,474.1,0.0882
42484.9814,32.676,-157.995,475.1,0.0886
42484.9814,32.676,-157.995,476.1,0.0882
42484.9814,32.676,-157.995,477.1,0.0882
42484.9814,32.676,-157.995,478.1,0.0886
42484.9814,32.676,-157.995,479,0.0882
42484.9814,32.676,-157.995,480,0.0886
42484.9814,32.676,-157.995,481,0.0882
42484.9814,32.676,-157.995,482,0.0886
42484.9814,32.676,-157.995,483,0.089
42484.9814,32.676,-157.995,484,0.089
42484.9814,32.676,-157.995,485,0.0886
42484.9814,32.676,-157.995,486,0.0882
42484.9814,32.676,-157.995,488,0.0886
42484.9814,32.676,-157.995,489,0.0886
42484.9814,32.676,-157.995,489.9,0.0882
42484.9814,32.676,-157.995,490.9,0.0882
42484.9814,32.676,-157.995,491.9,0.0882
42484.9814,32.676,-157.995,492.9,0.0886
42484.9814,32.676,-157.995,493.9,0.0886
42484.9814,32.676,-157.995,494.9,0.0886
42484.9814,32.676,-157.995,495.9,0.0886
42484.9814,32.676,-157.995,496.9,0.0886
42484.9814,32.676,-157.995,497.9,0.0886
42484.9814,32.676,-157.995,498.9,0.0886
42484.9814,32.676,-157.995,499.9,0.089
42484.9814,32.676,-157.995,500.8,0.089
42484.9814,32.676,-157.995,501.8,0.0886
42484.9814,32.676,-157.995,502.8,0.0886
42484.9814,32.676,-157.995,503.8,0.089
42484.9814,32.676,-157.995,504.8,0.0886
42484.9814,32.676,-157.995,505.8,0.089
42484.9814,32.676,-157.995,506.8,0.0886
42484.9814,32.676,-157.995,507.8,0.0886
42484.9814,32.676,-157.995,508.8,0.0882
42484.9814,32.676,-157.995,509.8,0.0886
42484.9814,32.676,-157.995,510.7,0.0886
42484.9814,32.676,-157.995,511.7,0.0886
42484.9814,32.676,-157.995,512.7,0.0886
42484.9814,32.676,-157.995,513.7,0.089
42484.9814,32.676,-157.995,514.7,0.089
42484.9814,32.676,-157.995,515.7,0.089
42484.9814,32.676,-157.995,516.7,0.089
42484.9814,32.676,-157.995,517.7,0.089
42484.9814,32.676,-157.995,518.7,0.0886
42484.9814,32.676,-157.995,519.7,0.089
42484.9814,32.676,-157.995,520.7,0.089
42484.9814,32.676,-157.995,521.6,0.0886
42484.9814,32.676,-157.995,522.6,0.0886
42484.9814,32.676,-157.995,523.6,0.089
42484.9814,32.676,-157.995,524.6,0.089
42484.9814,32.676,-157.995,525.6,0.089
42484.9814,32.676,-157.995,526.6,0.089
42484.9814,32.676,-157.995,527.6,0.089
42484.9814,32.676,-157.995,528.6,0.089
42484.9814,32.676,-157.995,529.6,0.089
42484.9814,32.676,-157.995,530.6,0.089
42484.9814,32.676,-157.995,531.5,0.0888
42484.9814,32.676,-157.995,532.5,0.089
42484.9814,32.676,-157.995,533.5,0.089
42484.9814,32.676,-157.995,535.5,0.089
42484.9814,32.676,-157.995,536.5,0.089
42484.9814,32.676,-157.995,537.5,0.0894
42484.9814,32.676,-157.995,538.5,0.089
42484.9814,32.676,-157.995,539.5,0.089
42484.9814,32.676,-157.995,540.5,0.0894
42484.9814,32.676,-157.995,541.5,0.0892
42484.9814,32.676,-157.995,542.4,0.089
42484.9814,32.676,-157.995,544.4,0.0894
42484.9814,32.676,-157.995,545.4,0.0892
42484.9814,32.676,-157.995,546.4,0.0894
42484.9814,32.676,-157.995,547.4,0.0894
42484.9814,32.676,-157.995,548.4,0.0894
42484.9814,32.676,-157.995,549.4,0.0894
42484.9814,32.676,-157.995,550.4,0.089
42484.9814,32.676,-157.995,551.4,0.0894
42484.9814,32.676,-157.995,552.3,0.089
42484.9814,32.676,-157.995,554.3,0.0894
42484.9814,32.676,-157.995,555.3,0.0894
42484.9814,32.676,-157.995,556.3,0.0894
42484.9814,32.676,-157.995,557.3,0.0894
42484.9814,32.676,-157.995,558.3,0.0894
42484.9814,32.676,-157.995,559.3,0.089
42484.9814,32.676,-157.995,560.3,0.0894
42484.9814,32.676,-157.995,561.3,0.0894
42484.9814,32.676,-157.995,562.2,0.0894
42484.9814,32.676,-157.995,563.2,0.0897
42484.9814,32.676,-157.995,564.2,0.0894
42484.9814,32.676,-157.995,565.2,0.0894
42484.9814,32.676,-157.995,566.2,0.0894
42484.9814,32.676,-157.995,567.2,0.0894
42484.9814,32.676,-157.995,568.2,0.0894
42484.9814,32.676,-157.995,570.2,0.0894
42484.9814,32.676,-157.995,571.2,0.0892
42484.9814,32.676,-157.995,572.2,0.0894
42484.9814,32.676,-157.995,573.1,0.0894
42484.9814,32.676,-157.995,574.1,0.0897
42484.9814,32.676,-157.995,575.1,0.0894
42484.9814,32.676,-157.995,576.1,0.0894
42484.9814,32.676,-157.995,577.1,0.0894
42484.9814,32.676,-157.995,578.1,0.0894
42484.9814,32.676,-157.995,579.1,0.0894
42484.9814,32.676,-157.995,580.1,0.0897
42484.9814,32.676,-157.995,581.1,0.0897
42484.9814,32.676,-157.995,582.1,0.0894
42484.9814,32.676,-157.995,583,0.0897
42484.9814,32.676,-157.995,584,0.0897
42484.9814,32.676,-157.995,585,0.0894
42484.9814,32.676,-157.995,586,0.0894
42484.9814,32.676,-157.995,587,0.0897
42484.9814,32.676,-157.995,588,0.0894
42484.9814,32.676,-157.995,590,0.0897
42484.9814,32.676,-157.995,591,0.0897
42484.9814,32.676,-157.995,592,0.0894
42484.9814,32.676,-157.995,592.9,0.0897
42484.9814,32.676,-157.995,593.9,0.0897
42484.9814,32.676,-157.995,594.9,0.0897
42484.9814,32.676,-157.995,595.9,0.0897
42484.9814,32.676,-157.995,596.9,0.0897
42484.9814,32.676,-157.995,597.9,0.0897
42484.9814,32.676,-157.995,598.9,0.0897
42484.9814,32.676,-157.995,599.9,0.0897
42484.9814,32.676,-157.995,600.9,0.0897
42484.9814,32.676,-157.995,601.9,0.0897
42484.9814,32.676,-157.995,602.8,0.0901
42484.9814,32.676,-157.995,603.8,0.0897
42484.9814,32.676,-157.995,604.8,0.0897
42484.9814,32.676,-157.995,605.8,0.0897
42484.9814,32.676,-157.995,606.8,0.0897
42484.9814,32.676,-157.995,608.8,0.0897
42484.9814,32.676,-157.995,609.8,0.0901
42484.9814,32.676,-157.995,610.8,0.0901
42484.9814,32.676,-157.995,611.8,0.0901
42484.9814,32.676,-157.995,612.7,0.0905
42484.9814,32.676,-157.995,613.7,0.0901
42484.9814,32.676,-157.995,614.7,0.0901
42484.9814,32.676,-157.995,615.7,0.0901
42484.9814,32.676,-157.995,616.7,0.0901
42484.9814,32.676,-157.995,617.7,0.0901
42484.9814,32.676,-157.995,618.7,0.0899
42484.9814,32.676,-157.995,619.7,0.0901
42484.9814,32.676,-157.995,620.7,0.0901
42484.9814,32.676,-157.995,621.7,0.0897
42484.9814,32.676,-157.995,622.6,0.0901
42484.9814,32.676,-157.995,624.6,0.0901
42484.9814,32.676,-157.995,625.6,0.0901
42484.9814,32.676,-157.995,626.6,0.0901
42484.9814,32.676,-157.995,627.6,0.0903
42484.9814,32.676,-157.995,628.6,0.0897
42484.9814,32.676,-157.995,629.6,0.0897
42484.9814,32.676,-157.995,630.6,0.0901
42484.9814,32.676,-157.995,631.6,0.0901
42484.9814,32.676,-157.995,632.5,0.0901
42484.9814,32.676,-157.995,633.5,0.0905
42484.9814,32.676,-157.995,634.5,0.0901
42484.9814,32.676,-157.995,635.5,0.0905
42484.9814,32.676,-157.995,636.5,0.0901
42484.9814,32.676,-157.995,637.5,0.0901
42484.9814,32.676,-157.995,638.5,0.0901
42484.9814,32.676,-157.995,639.5,0.0901
42484.9814,32.676,-157.995,640.5,0.0901
42484.9814,32.676,-157.995,641.5,0.0901
42484.9814,32.676,-157.995,643.4,0.0901
42484.9814,32.676,-157.995,644.4,0.0905
42484.9814,32.676,-157.995,645.4,0.0901
42484.9814,32.676,-157.995,646.4,0.0901
42484.9814,32.676,-157.995,647.4,0.0901
42484.9814,32.676,-157.995,648.4,0.0901
42484.9814,32.676,-157.995,649.4,0.0901
42484.9814,32.676,-157.995,650.4,0.0901
42484.9814,32.676,-157.995,651.4,0.0901
42484.9814,32.676,-157.995,652.3,0.0901
42484.9814,32.676,-157.995,653.3,0.0901
42484.9814,32.676,-157.995,654.3,0.0901
42484.9814,32.676,-157.995,655.3,0.0901
42484.9814,32.676,-157.995,656.3,0.0905
42484.9814,32.676,-157.995,657.3,0.0909
42484.9814,32.676,-157.995,658.3,0.0901
42484.9814,32.676,-157.995,659.3,0.0905
42484.9814,32.676,-157.995,660.3,0.0905
42484.9814,32.676,-157.995,661.3,0.0901
42484.9814,32.676,-157.995,662.2,0.0903
42484.9814,32.676,-157.995,663.2,0.0905
42484.9814,32.676,-157.995,664.2,0.0905
42484.9814,32.676,-157.995,665.2,0.0905
42484.9814,32.676,-157.995,666.2,0.0905
42484.9814,32.676,-157.995,667.2,0.0905
42484.9814,32.676,-157.995,669.2,0.0905
42484.9814,32.676,-157.995,670.2,0.0905
42484.9814,32.676,-157.995,671.1,0.0904
42484.9814,32.676,-157.995,672.1,0.0905
42484.9814,32.676,-157.995,673.1,0.0905
42484.9814,32.676,-157.995,674.1,0.0905
42484.9814,32.676,-157.995,675.1,0.0905
42484.9814,32.676,-157.995,677.1,0.0905
42484.9814,32.676,-157.995,678.1,0.0905
42484.9814,32.676,-157.995,679.1,0.0905
42484.9814,32.676,-157.995,680.1,0.0901
42484.9814,32.676,-157.995,681,0.0909
42484.9814,32.676,-157.995,682,0.0905
42484.9814,32.676,-157.995,683,0.0901
42484.9814,32.676,-157.995,684,0.0901
42484.9814,32.676,-157.995,685,0.0905
42484.9814,32.676,-157.995,686,0.0905
42484.9814,32.676,-157.995,687,0.0905
42484.9814,32.676,-157.995,688,0.0905
42484.9814,32.676,-157.995,689,0.0905
42484.9814,32.676,-157.995,690,0.0905
42484.9814,32.676,-157.995,690.9,0.0909
42484.9814,32.676,-157.995,691.9,0.0905
42484.9814,32.676,-157.995,692.9,0.0905
42484.9814,32.676,-157.995,693.9,0.0905
42484.9814,32.676,-157.995,694.9,0.0905
42484.9814,32.676,-157.995,695.9,0.0905
42484.9814,32.676,-157.995,696.9,0.0905
42484.9814,32.676,-157.995,697.9,0.0905
42484.9814,32.676,-157.995,698.9,0.0909
42484.9814,32.676,-157.995,699.8,0.0909
42484.9814,32.676,-157.995,700.8,0.0909
42484.9814,32.676,-157.995,701.8,0.0909
42484.9814,32.676,-157.995,703.8,0.0909
42484.9814,32.676,-157.995,704.8,0.0905
42484.9814,32.676,-157.995,705.8,0.0907
42484.9814,32.676,-157.995,706.8,0.0912
42484.9814,32.676,-157.995,707.8,0.0909
42484.9814,32.676,-157.995,708.8,0.0905
42484.9814,32.676,-157.995,709.7,0.0909
42484.9814,32.676,-157.995,710.7,0.0905
42484.9814,32.676,-157.995,712.7,0.0909
42484.9814,32.676,-157.995,713.7,0.0905
42484.9814,32.676,-157.995,714.7,0.0905
42484.9814,32.676,-157.995,715.7,0.0905
42484.9814,32.676,-157.995,716.7,0.0905
42484.9814,32.676,-157.995,717.7,0.0909
42484.9814,32.676,-157.995,718.7,0.0909
42484.9814,32.676,-157.995,719.6,0.0909
42484.9814,32.676,-157.995,720.6,0.0909
42484.9814,32.676,-157.995,721.6,0.0909
42484.9814,32.676,-157.995,722.6,0.0909
42484.9814,32.676,-157.995,723.6,0.0907
42484.9814,32.676,-157.995,724.6,0.0909
42484.9814,32.676,-157.995,726.6,0.0909
42484.9814,32.676,-157.995,727.6,0.0909
42484.9814,32.676,-157.995,728.5,0.0912
42484.9814,32.676,-157.995,729.5,0.0912
42484.9814,32.676,-157.995,730.5,0.0905
42484.9814,32.676,-157.995,731.5,0.0912
42484.9814,32.676,-157.995,732.5,0.0911
42484.9814,32.676,-157.995,733.5,0.0912
42484.9814,32.676,-157.995,734.5,0.0909
42484.9814,32.676,-157.995,735.5,0.0909
42484.9814,32.676,-157.995,736.5,0.0909
42484.9814,32.676,-157.995,737.5,0.0909
42484.9814,32.676,-157.995,738.4,0.0909
42484.9814,32.676,-157.995,739.4,0.0912
42484.9814,32.676,-157.995,740.4,0.0909
42484.9814,32.676,-157.995,741.4,0.0912
42484.9814,32.676,-157.995,742.4,0.0912
42484.9814,32.676,-157.995,743.4,0.0909
42484.9814,32.676,-157.995,744.4,0.0912
42484.9814,32.676,-157.995,745.4,0.0909
42484.9814,32.676,-157.995,746.4,0.0909
42484.9814,32.676,-157.995,747.3,0.0909
42484.9814,32.676,-157.995,748.3,0.0912
42484.9814,32.676,-157.995,749.3,0.0909
42484.9814,32.676,-157.995,750.3,0.0912
42484.9814,32.676,-157.995,751.3,0.0909
42484.9814,32.676,-157.995,752.3,0.0909
42484.9814,32.676,-157.995,754.3,0.0909
42484.9814,32.676,-157.995,755.3,0.0909
42484.9814,32.676,-157.995,756.2,0.0912
42484.9814,32.676,-157.995,757.2,0.0912
42484.9814,32.676,-157.995,758.2,0.0912
42484.9814,32.676,-157.995,759.2,0.0909
42484.9814,32.676,-157.995,760.2,0.0909
42484.9814,32.676,-157.995,762.2,0.0912
42484.9814,32.676,-157.995,763.2,0.0909
42484.9814,32.676,-157.995,764.2,0.0909
42484.9814,32.676,-157.995,765.2,0.0912
42484.9814,32.676,-157.995,766.1,0.0912
42484.9814,32.676,-157.995,767.1,0.0911
42484.9814,32.676,-157.995,768.1,0.0912
42484.9814,32.676,-157.995,769.1,0.0912
42484.9814,32.676,-157.995,770.1,0.0912
42484.9814,32.676,-157.995,771.1,0.0912
42484.9814,32.676,-157.995,772.1,0.0909
42484.9814,32.676,-157.995,773.1,0.0909
42484.9814,32.676,-157.995,774.1,0.0909
42484.9814,32.676,-157.995,775,0.0916
42484.9814,32.676,-157.995,776,0.0912
42484.9814,32.676,-157.995,777,0.0912
42484.9814,32.676,-157.995,778,0.0912
42484.9814,32.676,-157.995,779,0.0912
42484.9814,32.676,-157.995,780,0.0912
42484.9814,32.676,-157.995,782,0.0912
42484.9814,32.676,-157.995,783,0.0912
42484.9814,32.676,-157.995,783.9,0.0912
42484.9814,32.676,-157.995,784.9,0.0912
42484.9814,32.676,-157.995,785.9,0.0912
42484.9814,32.676,-157.995,786.9,0.0912
42484.9814,32.676,-157.995,787.9,0.0909
42484.9814,32.676,-157.995,788.9,0.0912
42484.9814,32.676,-157.995,789.9,0.0912
42484.9814,32.676,-157.995,790.9,0.0912
42484.9814,32.676,-157.995,791.9,0.0912
42484.9814,32.676,-157.995,793.8,0.0916
42484.9814,32.676,-157.995,794.8,0.0916
42484.9814,32.676,-157.995,795.8,0.0912
42484.9814,32.676,-157.995,796.8,0.0912
42484.9814,32.676,-157.995,797.8,0.0912
42484.9814,32.676,-157.995,798.8,0.0912
42484.9814,32.676,-157.995,799.8,0.0914
42484.9814,32.676,-157.995,800.8,0.0912
42484.9814,32.676,-157.995,801.8,0.0916
42484.9814,32.676,-157.995,802.7,0.0912
42484.9814,32.676,-157.995,803.7,0.0916
42484.9814,32.676,-157.995,804.7,0.0912
42484.9814,32.676,-157.995,805.7,0.0916
42484.9814,32.676,-157.995,806.7,0.0916
42484.9814,32.676,-157.995,807.7,0.0916
42484.9814,32.676,-157.995,808.7,0.0916
42484.9814,32.676,-157.995,809.7,0.0912
42484.9814,32.676,-157.995,810.7,0.0912
42484.9814,32.676,-157.995,811.6,0.0916
42484.9814,32.676,-157.995,812.6,0.0916
42484.9814,32.676,-157.995,813.6,0.0916
42484.9814,32.676,-157.995,814.6,0.0916
42484.9814,32.676,-157.995,815.6,0.0914
42484.9814,32.676,-157.995,816.6,0.0916
42484.9814,32.676,-157.995,818.6,0.0916
42484.9814,32.676,-157.995,819.6,0.0916
42484.9814,32.676,-157.995,820.5,0.0916
42484.9814,32.676,-157.995,821.5,0.0916
42484.9814,32.676,-157.995,822.5,0.0916
42484.9814,32.676,-157.995,824.5,0.0914
42484.9814,32.676,-157.995,825.5,0.0912
42484.9814,32.676,-157.995,826.5,0.0916
42484.9814,32.676,-157.995,827.5,0.0916
42484.9814,32.676,-157.995,828.5,0.0914
42484.9814,32.676,-157.995,829.4,0.0912
42484.9814,32.676,-157.995,830.4,0.0916
42484.9814,32.676,-157.995,831.4,0.0912
42484.9814,32.676,-157.995,833.4,0.0912
42484.9814,32.676,-157.995,834.4,0.0916
42484.9814,32.676,-157.995,835.4,0.0916
42484.9814,32.676,-157.995,836.4,0.0916
42484.9814,32.676,-157.995,837.4,0.0916
42484.9814,32.676,-157.995,838.3,0.0916
42484.9814,32.676,-157.995,839.3,0.0916
42484.9814,32.676,-157.995,840.3,0.0916
42484.9814,32.676,-157.995,841.3,0.0916
42484.9814,32.676,-157.995,842.3,0.0916
42484.9814,32.676,-157.995,843.3,0.0916
42484.9814,32.676,-157.995,844.3,0.0912
42484.9814,32.676,-157.995,845.3,0.0912
42484.9814,32.676,-157.995,846.3,0.0916
42484.9814,32.676,-157.995,848.2,0.092
42484.9814,32.676,-157.995,849.2,0.0916
42484.9814,32.676,-157.995,850.2,0.0916
42484.9814,32.676,-157.995,851.2,0.0914
42484.9814,32.676,-157.995,852.2,0.0916
42484.9814,32.676,-157.995,854.2,0.0916
42484.9814,32.676,-157.995,855.2,0.0916
42484.9814,32.676,-157.995,856.1,0.0916
42484.9814,32.676,-157.995,857.1,0.0916
42484.9814,32.676,-157.995,858.1,0.092
42484.9814,32.676,-157.995,859.1,0.0916
42484.9814,32.676,-157.995,860.1,0.0916
42484.9814,32.676,-157.995,861.1,0.092
42484.9814,32.676,-157.995,862.1,0.0916
42484.9814,32.676,-157.995,863.1,0.0916
42484.9814,32.676,-157.995,864.1,0.0916
42484.9814,32.676,-157.995,865,0.0916
42484.9814,32.676,-157.995,866,0.0916
42484.9814,32.676,-157.995,867,0.0916
42484.9814,32.676,-157.995,868,0.0916
42484.9814,32.676,-157.995,869,0.092
42484.9814,32.676,-157.995,870,0.092
42484.9814,32.676,-157.995,871,0.0916
42484.9814,32.676,-157.995,873,0.092
42484.9814,32.676,-157.995,873.9,0.0916
42484.9814,32.676,-157.995,874.9,0.0916
42484.9814,32.676,-157.995,875.9,0.0916
42484.9814,32.676,-157.995,876.9,0.0916
42484.9814,32.676,-157.995,877.9,0.0916
42484.9814,32.676,-157.995,879.9,0.0916
42484.9814,32.676,-157.995,880.9,0.0916
42484.9814,32.676,-157.995,881.9,0.0916
42484.9814,32.676,-157.995,882.8,0.0916
42484.9814,32.676,-157.995,883.8,0.0916
42484.9814,32.676,-157.995,884.8,0.0916
42484.9814,32.676,-157.995,885.8,0.0916
42484.9814,32.676,-157.995,886.8,0.0918
42484.9814,32.676,-157.995,888.8,0.0916
42484.9814,32.676,-157.995,889.8,0.0916
42484.9814,32.676,-157.995,891.7,0.0918
42484.9814,32.676,-157.995,892.7,0.092
42484.9814,32.676,-157.995,893.7,0.0916
42484.9814,32.676,-157.995,894.7,0.0916
42484.9814,32.676,-157.995,895.7,0.0916
42484.9814,32.676,-157.995,896.7,0.092
42484.9814,32.676,-157.995,897.7,0.0916
42484.9814,32.676,-157.995,898.7,0.092
42484.9814,32.676,-157.995,899.7,0.0916
42484.9814,32.676,-157.995,900.6,0.0916
42484.9814,32.676,-157.995,901.6,0.092
42484.9814,32.676,-157.995,902.6,0.092
42484.9814,32.676,-157.995,903.6,0.0918
42484.9814,32.676,-157.995,904.6,0.092
42484.9814,32.676,-157.995,906.6,0.0916
42484.9814,32.676,-157.995,907.6,0.0918
42484.9814,32.676,-157.995,908.6,0.092
42484.9814,32.676,-157.995,909.5,0.092
42484.9814,32.676,-157.995,911.5,0.0918
42484.9814,32.676,-157.995,912.5,0.092
42484.9814,32.676,-157.995,913.5,0.092
42484.9814,32.676,-157.995,915.5,0.0916
42484.9814,32.676,-157.995,916.5,0.092
42484.9814,32.676,-157.995,917.4,0.0916
42484.9814,32.676,-157.995,918.4,0.092
42484.9814,32.676,-157.995,919.4,0.092
42484.9814,32.676,-157.995,920.4,0.0918
42484.9814,32.676,-157.995,921.4,0.0916
42484.9814,32.676,-157.995,922.4,0.092
42484.9814,32.676,-157.995,923.4,0.092
42484.9814,32.676,-157.995,924.4,0.092
42484.9814,32.676,-157.995,925.4,0.092
42484.9814,32.676,-157.995,926.3,0.092
42484.9814,32.676,-157.995,927.3,0.092
42484.9814,32.676,-157.995,928.3,0.0916
42484.9814,32.676,-157.995,929.3,0.092
42484.9814,32.676,-157.995,930.3,0.092
42484.9814,32.676,-157.995,931.3,0.092
42484.9814,32.676,-157.995,932.3,0.0916
42484.9814,32.676,-157.995,933.3,0.092
42484.9814,32.676,-157.995,934.3,0.092
42484.9814,32.676,-157.995,935.2,0.0916
42484.9814,32.676,-157.995,936.2,0.092
42484.9814,32.676,-157.995,937.2,0.092
42484.9814,32.676,-157.995,938.2,0.092
42484.9814,32.676,-157.995,939.2,0.092
42484.9814,32.676,-157.995,940.2,0.092
42484.9814,32.676,-157.995,941.2,0.092
42484.9814,32.676,-157.995,942.2,0.092
42484.9814,32.676,-157.995,943.2,0.092
42484.9814,32.676,-157.995,944.1,0.092
42484.9814,32.676,-157.995,946.1,0.092
42484.9814,32.676,-157.995,947.1,0.092
42484.9814,32.676,-157.995,948.1,0.092
42484.9814,32.676,-157.995,949.1,0.092
42484.9814,32.676,-157.995,950.1,0.092
42484.9814,32.676,-157.995,951.1,0.092
42484.9814,32.676,-157.995,952,0.092
42484.9814,32.676,-157.995,953,0.092
42484.9814,32.676,-157.995,954,0.0916
42484.9814,32.676,-157.995,955,0.092
42484.9814,32.676,-157.995,956,0.092
42484.9814,32.676,-157.995,957,0.092
42484.9814,32.676,-157.995,958,0.0919
42484.9814,32.676,-157.995,959,0.092
42484.9814,32.676,-157.995,960,0.0924
42484.9814,32.676,-157.995,960.9,0.092
42484.9814,32.676,-157.995,961.9,0.092
42484.9814,32.676,-157.995,962.9,0.092
42484.9814,32.676,-157.995,963.9,0.092
42484.9814,32.676,-157.995,964.9,0.092
42484.9814,32.676,-157.995,965.9,0.0921
42484.9814,32.676,-157.995,966.9,0.092
42484.9814,32.676,-157.995,967.9,0.092
42484.9814,32.676,-157.995,968.8,0.092
42484.9814,32.676,-157.995,969.8,0.092
42484.9814,32.676,-157.995,970.8,0.092
42484.9814,32.676,-157.995,971.8,0.092
42484.9814,32.676,-157.995,972.8,0.092
42484.9814,32.676,-157.995,973.8,0.092
42484.9814,32.676,-157.995,974.8,0.0923
42484.9814,32.676,-157.995,975.8,0.092
42484.9814,32.676,-157.995,976.8,0.0923
42484.9814,32.676,-157.995,977.7,0.092
42484.9814,32.676,-157.995,978.7,0.0923
42484.9814,32.676,-157.995,979.7,0.092
42484.9814,32.676,-157.995,980.7,0.092
42484.9814,32.676,-157.995,981.7,0.0918
42484.9814,32.676,-157.995,982.7,0.092
42484.9814,32.676,-157.995,983.7,0.0921
42484.9814,32.676,-157.995,984.7,0.0924
42484.9814,32.676,-157.995,985.6,0.092
42484.9814,32.676,-157.995,986.6,0.092
42484.9814,32.676,-157.995,987.6,0.0921
42484.9814,32.676,-157.995,988.6,0.092
42484.9814,32.676,-157.995,989.6,0.0922
42484.9814,32.676,-157.995,990.6,0.092
42484.9814,32.676,-157.995,991.6,0.0921
42484.89396,32.7,-157.993,2,0.1144
42484.89396,32.7,-157.993,3,0.1145
42484.89396,32.7,-157.993,4,0.1153
42484.89396,32.7,-157.993,5,0.1168
42484.89396,32.7,-157.993,6,0.1162
42484.89396,32.7,-157.993,7,0.116
42484.89396,32.7,-157.993,7.9,0.1177
42484.89396,32.7,-157.993,8.9,0.1176
42484.89396,32.7,-157.993,9.9,0.1184
42484.89396,32.7,-157.993,10.9,0.1183
42484.89396,32.7,-157.993,11.9,0.1198
42484.89396,32.7,-157.993,12.9,0.12
42484.89396,32.7,-157.993,13.9,0.1224
42484.89396,32.7,-157.993,14.9,0.1224
42484.89396,32.7,-157.993,15.9,0.1262
42484.89396,32.7,-157.993,16.9,0.126
42484.89396,32.7,-157.993,17.9,0.1243
42484.89396,32.7,-157.993,18.9,0.1282
42484.89396,32.7,-157.993,19.9,0.1258
42484.89396,32.7,-157.993,20.9,0.1269
42484.89396,32.7,-157.993,21.8,0.1296
42484.89396,32.7,-157.993,22.8,0.129
42484.89396,32.7,-157.993,23.8,0.1297
42484.89396,32.7,-157.993,24.8,0.136
42484.89396,32.7,-157.993,25.8,0.143
42484.89396,32.7,-157.993,26.8,0.1444
42484.89396,32.7,-157.993,27.8,0.1484
42484.89396,32.7,-157.993,28.8,0.1549
42484.89396,32.7,-157.993,29.8,0.1624
42484.89396,32.7,-157.993,30.8,0.1706
42484.89396,32.7,-157.993,31.8,0.1859
42484.89396,32.7,-157.993,32.8,0.2006
42484.89396,32.7,-157.993,33.8,0.2156
42484.89396,32.7,-157.993,34.8,0.2246
42484.89396,32.7,-157.993,35.7,0.2231
42484.89396,32.7,-157.993,36.7,0.231
42484.89396,32.7,-157.993,37.7,0.2434
42484.89396,32.7,-157.993,38.7,0.2453
42484.89396,32.7,-157.993,39.7,0.2632
42484.89396,32.7,-157.993,40.7,0.2876
42484.89396,32.7,-157.993,41.7,0.3254
42484.89396,32.7,-157.993,42.7,0.3475
42484.89396,32.7,-157.993,43.7,0.3469
42484.89396,32.7,-157.993,44.7,0.3107
42484.89396,32.7,-157.993,45.7,0.2887
42484.89396,32.7,-157.993,46.7,0.2922
42484.89396,32.7,-157.993,47.7,0.3054
42484.89396,32.7,-157.993,48.6,0.3126
42484.89396,32.7,-157.993,49.6,0.3194
42484.89396,32.7,-157.993,50.6,0.3325
42484.89396,32.7,-157.993,51.6,0.4229
42484.89396,32.7,-157.993,52.6,0.4499
42484.89396,32.7,-157.993,53.6,0.4535
42484.89396,32.7,-157.993,54.6,0.4711
42484.89396,32.7,-157.993,55.6,0.4738
42484.89396,32.7,-157.993,56.6,0.4808
42484.89396,32.7,-157.993,57.6,0.5119
42484.89396,32.7,-157.993,58.6,0.5215
42484.89396,32.7,-157.993,59.6,0.5087
42484.89396,32.7,-157.993,60.6,0.499
42484.89396,32.7,-157.993,61.6,0.4915
42484.89396,32.7,-157.993,62.5,0.4971
42484.89396,32.7,-157.993,63.5,0.518
42484.89396,32.7,-157.993,64.5,0.5088
42484.89396,32.7,-157.993,65.5,0.4711
42484.89396,32.7,-157.993,66.5,0.4539
42484.89396,32.7,-157.993,67.5,0.4189
42484.89396,32.7,-157.993,68.5,0.4193
42484.89396,32.7,-157.993,69.5,0.3744
42484.89396,32.7,-157.993,70.5,0.3456
42484.89396,32.7,-157.993,71.5,0.3427
42484.89396,32.7,-157.993,72.5,0.3517
42484.89396,32.7,-157.993,73.5,0.34
42484.89396,32.7,-157.993,74.5,0.29
42484.89396,32.7,-157.993,75.5,0.3141
42484.89396,32.7,-157.993,76.4,0.3073
42484.89396,32.7,-157.993,77.4,0.263
42484.89396,32.7,-157.993,78.4,0.2397
42484.89396,32.7,-157.993,79.4,0.2508
42484.89396,32.7,-157.993,80.4,0.2451
42484.89396,32.7,-157.993,81.4,0.2171
42484.89396,32.7,-157.993,82.4,0.2096
42484.89396,32.7,-157.993,83.4,0.2216
42484.89396,32.7,-157.993,84.4,0.2344
42484.89396,32.7,-157.993,85.4,0.234
42484.89396,32.7,-157.993,86.4,0.218
42484.89396,32.7,-157.993,87.4,0.2126
42484.89396,32.7,-157.993,88.4,0.1983
42484.89396,32.7,-157.993,89.3,0.2036
42484.89396,32.7,-157.993,90.3,0.213
42484.89396,32.7,-157.993,91.3,0.1974
42484.89396,32.7,-157.993,92.3,0.1987
42484.89396,32.7,-157.993,93.3,0.1931
42484.89396,32.7,-157.993,94.3,0.203
42484.89396,32.7,-157.993,95.3,0.1912
42484.89396,32.7,-157.993,96.3,0.1735
42484.89396,32.7,-157.993,97.3,0.1675
42484.89396,32.7,-157.993,98.3,0.1859
42484.89396,32.7,-157.993,99.3,0.1891
42484.89396,32.7,-157.993,100.3,0.1953
42484.89396,32.7,-157.993,101.3,0.1822
42484.89396,32.7,-157.993,102.3,0.163
42484.89396,32.7,-157.993,103.2,0.1521
42484.89396,32.7,-157.993,105.2,0.1467
42484.89396,32.7,-157.993,106.2,0.1499
42484.89396,32.7,-157.993,107.2,0.142
42484.89396,32.7,-157.993,108.2,0.1416
42484.89396,32.7,-157.993,109.2,0.1455
42484.89396,32.7,-157.993,111.2,0.1437
42484.89396,32.7,-157.993,112.2,0.1544
42484.89396,32.7,-157.993,113.2,0.1611
42484.89396,32.7,-157.993,114.2,0.1623
42484.89396,32.7,-157.993,115.2,0.1566
42484.89396,32.7,-157.993,116.1,0.1626
42484.89396,32.7,-157.993,117.1,0.1626
42484.89396,32.7,-157.993,118.1,0.1657
42484.89396,32.7,-157.993,119.1,0.1688
42484.89396,32.7,-157.993,120.1,0.1698
42484.89396,32.7,-157.993,121.1,0.163
42484.89396,32.7,-157.993,122.1,0.1548
42484.89396,32.7,-157.993,123.1,0.1484
42484.89396,32.7,-157.993,124.1,0.1574
42484.89396,32.7,-157.993,125.1,0.1562
42484.89396,32.7,-157.993,126.1,0.1551
42484.89396,32.7,-157.993,127.1,0.1504
42484.89396,32.7,-157.993,128.1,0.1438
42484.89396,32.7,-157.993,129,0.1442
42484.89396,32.7,-157.993,130,0.1386
42484.89396,32.7,-157.993,131,0.1348
42484.89396,32.7,-157.993,132,0.1344
42484.89396,32.7,-157.993,133,0.1277
42484.89396,32.7,-157.993,134,0.1283
42484.89396,32.7,-157.993,135,0.1296
42484.89396,32.7,-157.993,136,0.1296
42484.89396,32.7,-157.993,137,0.1205
42484.89396,32.7,-157.993,138,0.1224
42484.89396,32.7,-157.993,139,0.1172
42484.89396,32.7,-157.993,140,0.1172
42484.89396,32.7,-157.993,141,0.107
42484.89396,32.7,-157.993,141.9,0.108
42484.89396,32.7,-157.993,142.9,0.1044
42484.89396,32.7,-157.993,143.9,0.1018
42484.89396,32.7,-157.993,144.9,0.1008
42484.89396,32.7,-157.993,145.9,0.0995
42484.89396,32.7,-157.993,146.9,0.0995
42484.89396,32.7,-157.993,147.9,0.0972
42484.89396,32.7,-157.993,148.9,0.0991
42484.89396,32.7,-157.993,149.9,0.0991
42484.89396,32.7,-157.993,150.9,0.098
42484.89396,32.7,-157.993,151.9,0.0974
42484.89396,32.7,-157.993,152.9,0.0965
42484.89396,32.7,-157.993,153.9,0.0961
42484.89396,32.7,-157.993,154.8,0.0984
42484.89396,32.7,-157.993,155.8,0.0978
42484.89396,32.7,-157.993,156.8,0.0954
42484.89396,32.7,-157.993,157.8,0.0972
42484.89396,32.7,-157.993,158.8,0.0969
42484.89396,32.7,-157.993,159.8,0.0965
42484.89396,32.7,-157.993,160.8,0.0954
42484.89396,32.7,-157.993,161.8,0.0966
42484.89396,32.7,-157.993,162.8,0.0961
42484.89396,32.7,-157.993,163.8,0.0939
42484.89396,32.7,-157.993,164.8,0.0943
42484.89396,32.7,-157.993,165.8,0.0954
42484.89396,32.7,-157.993,166.8,0.0954
42484.89396,32.7,-157.993,167.7,0.0969
42484.89396,32.7,-157.993,168.7,0.0952
42484.89396,32.7,-157.993,169.7,0.0963
42484.89396,32.7,-157.993,170.7,0.0939
42484.89396,32.7,-157.993,171.7,0.094
42484.89396,32.7,-157.993,172.7,0.093
42484.89396,32.7,-157.993,173.7,0.0916
42484.89396,32.7,-157.993,174.7,0.0912
42484.89396,32.7,-157.993,175.7,0.0912
42484.89396,32.7,-157.993,176.7,0.0919
42484.89396,32.7,-157.993,177.7,0.0911
42484.89396,32.7,-157.993,178.7,0.0903
42484.89396,32.7,-157.993,179.6,0.0903
42484.89396,32.7,-157.993,180.6,0.0908
42484.89396,32.7,-157.993,181.6,0.0905
42484.89396,32.7,-157.993,182.6,0.0904
42484.89396,32.7,-157.993,183.6,0.0907
42484.89396,32.7,-157.993,184.6,0.0903
42484.89396,32.7,-157.993,185.6,0.0899
42484.89396,32.7,-157.993,186.6,0.0901
42484.89396,32.7,-157.993,187.6,0.0897
42484.89396,32.7,-157.993,188.6,0.0894
42484.89396,32.7,-157.993,189.6,0.0897
42484.89396,32.7,-157.993,190.6,0.0898
42484.89396,32.7,-157.993,191.6,0.0897
42484.89396,32.7,-157.993,192.5,0.0893
42484.89396,32.7,-157.993,193.5,0.0893
42484.89396,32.7,-157.993,194.5,0.0894
42484.89396,32.7,-157.993,195.5,0.0894
42484.89396,32.7,-157.993,196.5,0.0894
42484.89396,32.7,-157.993,197.5,0.0888
42484.89396,32.7,-157.993,198.5,0.0896
42484.89396,32.7,-157.993,199.5,0.0887
42484.46049,32.584,-158.002,2,0.1886
42484.46049,32.584,-158.002,3,0.1847
42484.46049,32.584,-158.002,4,0.1805
42484.46049,32.584,-158.002,5,0.1912
42484.46049,32.584,-158.002,6,0.1854
42484.46049,32.584,-158.002,7,0.1864
42484.46049,32.584,-158.002,7.9,0.1827
42484.46049,32.584,-158.002,8.9,0.1923
42484.46049,32.584,-158.002,9.9,0.1882
42484.46049,32.584,-158.002,10.9,0.1844
42484.46049,32.584,-158.002,11.9,0.1918
42484.46049,32.584,-158.002,12.9,0.1865
42484.46049,32.584,-158.002,13.9,0.1904
42484.46049,32.584,-158.002,14.9,0.1822
42484.46049,32.584,-158.002,15.9,0.1859
42484.46049,32.584,-158.002,16.9,0.1732
42484.46049,32.584,-158.002,17.9,0.1753
42484.46049,32.584,-158.002,18.9,0.1726
42484.46049,32.584,-158.002,19.9,0.1807
42484.46049,32.584,-158.002,20.9,0.1901
42484.46049,32.584,-158.002,21.8,0.1904
42484.46049,32.584,-158.002,22.8,0.1888
42484.46049,32.584,-158.002,23.8,0.2027
42484.46049,32.584,-158.002,24.8,0.2042
42484.46049,32.584,-158.002,25.8,0.2262
42484.46049,32.584,-158.002,26.8,0.2158
42484.46049,32.584,-158.002,27.8,0.2226
42484.46049,32.584,-158.002,28.8,0.2339
42484.46049,32.584,-158.002,29.8,0.2524
42484.46049,32.584,-158.002,30.8,0.2771
42484.46049,32.584,-158.002,31.8,0.2865
42484.46049,32.584,-158.002,32.8,0.2889
42484.46049,32.584,-158.002,33.8,0.2915
42484.46049,32.584,-158.002,34.8,0.2946
42484.46049,32.584,-158.002,35.7,0.3038
42484.46049,32.584,-158.002,36.7,0.2957
42484.46049,32.584,-158.002,37.7,0.2919
42484.46049,32.584,-158.002,38.7,0.2994
42484.46049,32.584,-158.002,39.7,0.3286
42484.46049,32.584,-158.002,40.7,0.3254
42484.46049,32.584,-158.002,41.7,0.3387
42484.46049,32.584,-158.002,42.7,0.3417
42484.46049,32.584,-158.002,43.7,0.3413
42484.46049,32.584,-158.002,44.7,0.3432
42484.46049,32.584,-158.002,45.7,0.3499
42484.46049,32.584,-158.002,46.7,0.349
42484.46049,32.584,-158.002,47.7,0.3458
42484.46049,32.584,-158.002,48.7,0.346
42484.46049,32.584,-158.002,49.6,0.3439
42484.46049,32.584,-158.002,50.6,0.3597
42484.46049,32.584,-158.002,51.6,0.352
42484.46049,32.584,-158.002,52.6,0.3644
42484.46049,32.584,-158.002,53.6,0.3718
42484.46049,32.584,-158.002,54.6,0.3791
42484.46049,32.584,-158.002,55.6,0.3896
42484.46049,32.584,-158.002,56.6,0.3836
42484.46049,32.584,-158.002,57.6,0.3919
42484.46049,32.584,-158.002,58.6,0.4054
42484.46049,32.584,-158.002,59.6,0.4341
42484.46049,32.584,-158.002,60.6,0.4049
42484.46049,32.584,-158.002,61.6,0.425
42484.46049,32.584,-158.002,62.5,0.4063
42484.46049,32.584,-158.002,63.5,0.4026
42484.46049,32.584,-158.002,64.5,0.4035
42484.46049,32.584,-158.002,65.5,0.4328
42484.46049,32.584,-158.002,66.5,0.4212
42484.46049,32.584,-158.002,67.5,0.3984
42484.46049,32.584,-158.002,68.5,0.3996
42484.46049,32.584,-158.002,69.5,0.4065
42484.46049,32.584,-158.002,70.5,0.4084
42484.46049,32.584,-158.002,71.5,0.417
42484.46049,32.584,-158.002,72.5,0.409
42484.46049,32.584,-158.002,73.5,0.4101
42484.46049,32.584,-158.002,74.5,0.3836
42484.46049,32.584,-158.002,75.5,0.3783
42484.46049,32.584,-158.002,76.4,0.3768
42484.46049,32.584,-158.002,77.4,0.3678
42484.46049,32.584,-158.002,78.4,0.3572
42484.46049,32.584,-158.002,79.4,0.3411
42484.46049,32.584,-158.002,80.4,0.3509
42484.46049,32.584,-158.002,81.4,0.3404
42484.46049,32.584,-158.002,82.4,0.3116
42484.46049,32.584,-158.002,83.4,0.3225
42484.46049,32.584,-158.002,84.4,0.3084
42484.46049,32.584,-158.002,85.4,0.3131
42484.46049,32.584,-158.002,86.4,0.2927
42484.46049,32.584,-158.002,87.4,0.2881
42484.46049,32.584,-158.002,88.4,0.2842
42484.46049,32.584,-158.002,89.3,0.2844
42484.46049,32.584,-158.002,90.3,0.2949
42484.46049,32.584,-158.002,91.3,0.2773
42484.46049,32.584,-158.002,92.3,0.275
42484.46049,32.584,-158.002,93.3,0.2675
42484.46049,32.584,-158.002,94.3,0.2605
42484.46049,32.584,-158.002,95.3,0.2618
42484.46049,32.584,-158.002,96.3,0.2335
42484.46049,32.584,-158.002,97.3,0.2252
42484.46049,32.584,-158.002,98.3,0.21
42484.46049,32.584,-158.002,99.3,0.2075
42484.46049,32.584,-158.002,100.3,0.2021
42484.46049,32.584,-158.002,101.3,0.197
42484.46049,32.584,-158.002,102.3,0.1961
42484.46049,32.584,-158.002,103.2,0.1902
42484.46049,32.584,-158.002,104.2,0.1863
42484.46049,32.584,-158.002,105.2,0.1867
42484.46049,32.584,-158.002,106.2,0.1844
42484.46049,32.584,-158.002,107.2,0.1846
42484.46049,32.584,-158.002,108.2,0.1842
42484.46049,32.584,-158.002,109.2,0.181
42484.46049,32.584,-158.002,110.2,0.1807
42484.46049,32.584,-158.002,111.2,0.1848
42484.46049,32.584,-158.002,112.2,0.1702
42484.46049,32.584,-158.002,113.2,0.1653
42484.46049,32.584,-158.002,114.2,0.1653
42484.46049,32.584,-158.002,115.2,0.1609
42484.46049,32.584,-158.002,116.1,0.1608
42484.46049,32.584,-158.002,117.1,0.1611
42484.46049,32.584,-158.002,118.1,0.1617
42484.46049,32.584,-158.002,119.1,0.1559
42484.46049,32.584,-158.002,120.1,0.16
42484.46049,32.584,-158.002,121.1,0.1574
42484.46049,32.584,-158.002,122.1,0.1604
42484.46049,32.584,-158.002,123.1,0.1647
42484.46049,32.584,-158.002,124.1,0.1668
42484.46049,32.584,-158.002,125.1,0.1612
42484.46049,32.584,-158.002,126.1,0.1502
42484.46049,32.584,-158.002,127.1,0.1465
42484.46049,32.584,-158.002,128.1,0.1435
42484.46049,32.584,-158.002,129,0.1386
42484.46049,32.584,-158.002,130,0.1393
42484.46049,32.584,-158.002,131,0.133
42484.46049,32.584,-158.002,132,0.1418
42484.46049,32.584,-158.002,133,0.1352
42484.46049,32.584,-158.002,134,0.1352
42484.46049,32.584,-158.002,135,0.1352
42484.46049,32.584,-158.002,136,0.1352
42484.46049,32.584,-158.002,137,0.1348
42484.46049,32.584,-158.002,138,0.1315
42484.46049,32.584,-158.002,139,0.1294
42484.46049,32.584,-158.002,140,0.1332
42484.46049,32.584,-158.002,141,0.1273
42484.46049,32.584,-158.002,141.9,0.1262
42484.46049,32.584,-158.002,142.9,0.1213
42484.46049,32.584,-158.002,143.9,0.1149
42484.46049,32.584,-158.002,144.9,0.1153
42484.46049,32.584,-158.002,145.9,0.1187
42484.46049,32.584,-158.002,146.9,0.1187
42484.46049,32.584,-158.002,147.9,0.1213
42484.46049,32.584,-158.002,148.9,0.1192
42484.46049,32.584,-158.002,149.9,0.1149
42484.46049,32.584,-158.002,150.9,0.1187
42484.46049,32.584,-158.002,151.9,0.1202
42484.46049,32.584,-158.002,152.9,0.1194
42484.46049,32.584,-158.002,153.9,0.1172
42484.46049,32.584,-158.002,154.8,0.1172
42484.46049,32.584,-158.002,155.8,0.1213
42484.46049,32.584,-158.002,156.8,0.1191
42484.46049,32.584,-158.002,157.8,0.123
42484.46049,32.584,-158.002,158.8,0.1224
42484.46049,32.584,-158.002,159.8,0.1191
42484.46049,32.584,-158.002,160.8,0.1194
42484.46049,32.584,-158.002,161.8,0.1198
42484.46049,32.584,-158.002,162.8,0.1151
42484.46049,32.584,-158.002,163.8,0.1119
42484.46049,32.584,-158.002,164.8,0.1112
42484.46049,32.584,-158.002,165.8,0.1104
42484.46049,32.584,-158.002,166.8,0.1115
42484.46049,32.584,-158.002,167.7,0.1127
42484.46049,32.584,-158.002,168.7,0.1141
42484.46049,32.584,-158.002,169.7,0.1123
42484.46049,32.584,-158.002,170.7,0.1064
42484.46049,32.584,-158.002,171.7,0.1033
42484.46049,32.584,-158.002,172.7,0.1033
42484.46049,32.584,-158.002,174.7,0.1044
42484.46049,32.584,-158.002,175.7,0.1076
42484.46049,32.584,-158.002,176.7,0.1059
42484.46049,32.584,-158.002,177.7,0.1059
42484.46049,32.584,-158.002,178.7,0.1025
42484.46049,32.584,-158.002,179.7,0.0995
42484.46049,32.584,-158.002,180.6,0.0984
42484.46049,32.584,-158.002,181.6,0.0995
42484.46049,32.584,-158.002,182.6,0.1012
42484.46049,32.584,-158.002,183.6,0.0991
42484.46049,32.584,-158.002,184.6,0.0989
42484.46049,32.584,-158.002,185.6,0.0943
42484.46049,32.584,-158.002,186.6,0.0935
42484.46049,32.584,-158.002,187.6,0.0943
42484.46049,32.584,-158.002,188.6,0.0916
42484.46049,32.584,-158.002,189.6,0.0916
42484.46049,32.584,-158.002,190.6,0.092
42484.46049,32.584,-158.002,191.6,0.0926
42484.46049,32.584,-158.002,192.5,0.092
42484.46049,32.584,-158.002,193.5,0.0905
42484.46049,32.584,-158.002,194.5,0.0909
42484.46049,32.584,-158.002,196.5,0.0897
42484.46049,32.584,-158.002,197.5,0.0901
42484.46049,32.584,-158.002,198.5,0.0908
42484.46049,32.584,-158.002,199.5,0.0901
42484.46049,32.584,-158.002,200.5,0.0897
42484.46049,32.584,-158.002,202.5,0.0886
42484.46049,32.584,-158.002,203.5,0.0882
42484.46049,32.584,-158.002,204.5,0.0882
42484.46049,32.584,-158.002,205.4,0.0892
42484.46049,32.584,-158.002,206.4,0.0892
42484.46049,32.584,-158.002,207.4,0.0892
42484.46049,32.584,-158.002,208.4,0.0882
42484.46049,32.584,-158.002,209.4,0.0894
42484.46049,32.584,-158.002,210.4,0.089
42484.46049,32.584,-158.002,211.4,0.0886
42484.46049,32.584,-158.002,212.4,0.0886
42484.46049,32.584,-158.002,213.4,0.0886
42484.46049,32.584,-158.002,214.4,0.09
42484.46049,32.584,-158.002,215.4,0.0897
42484.46049,32.584,-158.002,216.4,0.0905
42484.46049,32.584,-158.002,217.3,0.0909
42484.46049,32.584,-158.002,219.3,0.095
42484.46049,32.584,-158.002,220.3,0.0939
42484.46049,32.584,-158.002,221.3,0.0977
42484.46049,32.584,-158.002,222.3,0.0976
42484.46049,32.584,-158.002,223.3,0.0999
42484.46049,32.584,-158.002,224.3,0.1006
42484.46049,32.584,-158.002,225.3,0.1006
42484.46049,32.584,-158.002,226.3,0.1029
42484.46049,32.584,-158.002,227.3,0.1025
42484.46049,32.584,-158.002,228.3,0.1053
42484.46049,32.584,-158.002,229.3,0.1032
42484.46049,32.584,-158.002,230.2,0.1033
42484.46049,32.584,-158.002,231.2,0.1029
42484.46049,32.584,-158.002,232.2,0.1018
42484.46049,32.584,-158.002,234.2,0.1067
42484.46049,32.584,-158.002,235.2,0.1108
42484.46049,32.584,-158.002,236.2,0.107
42484.46049,32.584,-158.002,237.2,0.104
42484.46049,32.584,-158.002,238.2,0.1044
42484.46049,32.584,-158.002,239.2,0.1048
42484.46049,32.584,-158.002,240.2,0.1048
42484.46049,32.584,-158.002,241.2,0.1055
42484.46049,32.584,-158.002,242.1,0.1063
42484.46049,32.584,-158.002,243.1,0.104
42484.46049,32.584,-158.002,244.1,0.1029
42484.46049,32.584,-158.002,245.1,0.1025
42484.46049,32.584,-158.002,246.1,0.1044
42484.46049,32.584,-158.002,247.1,0.1034
42484.46049,32.584,-158.002,248.1,0.1038
42484.46049,32.584,-158.002,249.1,0.1001
42484.46049,32.584,-158.002,250.1,0.0954
42484.46049,32.584,-158.002,251.1,0.0924
42484.46049,32.584,-158.002,252.1,0.0916
42484.46049,32.584,-158.002,254,0.0907
42484.46049,32.584,-158.002,255,0.0905
42484.46049,32.584,-158.002,256,0.0888
42484.46049,32.584,-158.002,257,0.0886
42484.46049,32.584,-158.002,258,0.0875
42484.46049,32.584,-158.002,259,0.0875
42484.46049,32.584,-158.002,260,0.0873
42484.46049,32.584,-158.002,261,0.0875
42484.46049,32.584,-158.002,262,0.0873
42484.46049,32.584,-158.002,263,0.0879
42484.46049,32.584,-158.002,264,0.0894
42484.46049,32.584,-158.002,265,0.0871
42484.46049,32.584,-158.002,265.9,0.0875
42484.46049,32.584,-158.002,266.9,0.0873
42484.46049,32.584,-158.002,267.9,0.0877
42484.46049,32.584,-158.002,268.9,0.0869
42484.46049,32.584,-158.002,269.9,0.0875
42484.46049,32.584,-158.002,270.9,0.0871
42484.46049,32.584,-158.002,271.9,0.0871
42484.46049,32.584,-158.002,272.9,0.0873
42484.46049,32.584,-158.002,273.9,0.0874
42484.46049,32.584,-158.002,274.9,0.0873
42484.46049,32.584,-158.002,275.9,0.0873
42484.46049,32.584,-158.002,276.9,0.0874
42484.46049,32.584,-158.002,277.8,0.0882
42484.46049,32.584,-158.002,278.8,0.088
42484.46049,32.584,-158.002,279.8,0.0879
42484.46049,32.584,-158.002,280.8,0.0871
42484.46049,32.584,-158.002,281.8,0.0875
42484.46049,32.584,-158.002,282.8,0.0876
42484.46049,32.584,-158.002,283.8,0.0871
42484.46049,32.584,-158.002,284.8,0.087
42484.46049,32.584,-158.002,285.8,0.0875
42484.46049,32.584,-158.002,286.8,0.0872
42484.46049,32.584,-158.002,287.8,0.087
42484.46049,32.584,-158.002,288.8,0.0867
42484.46049,32.584,-158.002,289.7,0.0872
42484.46049,32.584,-158.002,290.7,0.0867
42484.46049,32.584,-158.002,291.7,0.0865
42484.46049,32.584,-158.002,292.7,0.0867
42484.46049,32.584,-158.002,293.7,0.0867
42484.46049,32.584,-158.002,294.7,0.0865
42484.46049,32.584,-158.002,295.7,0.0865
42484.46049,32.584,-158.002,296.7,0.0867
42484.46049,32.584,-158.002,297.7,0.0867
42483.47087,29.453,-157.995,2,0.101
42483.47087,29.453,-157.995,3,0.1026
42483.47087,29.453,-157.995,4,0.1008
42483.47087,29.453,-157.995,5,0.1033
42483.47087,29.453,-157.995,6,0.101
42483.47087,29.453,-157.995,7,0.1035
42483.47087,29.453,-157.995,7.9,0.1008
42483.47087,29.453,-157.995,8.9,0.1029
42483.47087,29.453,-157.995,9.9,0.1014
42483.47087,29.453,-157.995,10.9,0.1032
42483.47087,29.453,-157.995,11.9,0.1012
42483.47087,29.453,-157.995,12.9,0.1016
42483.47087,29.453,-157.995,13.9,0.103
42483.47087,29.453,-157.995,14.9,0.1038
42483.47087,29.453,-157.995,15.9,0.1023
42483.47087,29.453,-157.995,16.9,0.1018
42483.47087,29.453,-157.995,17.9,0.1021
42483.47087,29.453,-157.995,18.9,0.1027
42483.47087,29.453,-157.995,19.9,0.1031
42483.47087,29.453,-157.995,20.9,0.1025
42483.47087,29.453,-157.995,21.9,0.1025
42483.47087,29.453,-157.995,22.8,0.1036
42483.47087,29.453,-157.995,23.8,0.1046
42483.47087,29.453,-157.995,24.8,0.1027
42483.47087,29.453,-157.995,25.8,0.1027
42483.47087,29.453,-157.995,26.8,0.103
42483.47087,29.453,-157.995,27.8,0.1036
42483.47087,29.453,-157.995,28.8,0.1033
42483.47087,29.453,-157.995,29.8,0.1036
42483.47087,29.453,-157.995,30.8,0.1044
42483.47087,29.453,-157.995,31.8,0.104
42483.47087,29.453,-157.995,32.8,0.1058
42483.47087,29.453,-157.995,33.8,0.1067
42483.47087,29.453,-157.995,34.8,0.105
42483.47087,29.453,-157.995,35.8,0.1063
42483.47087,29.453,-157.995,36.7,0.1068
42483.47087,29.453,-157.995,37.7,0.1085
42483.47087,29.453,-157.995,38.7,0.1078
42483.47087,29.453,-157.995,39.7,0.1096
42483.47087,29.453,-157.995,40.7,0.1089
42483.47087,29.453,-157.995,41.7,0.11
42483.47087,29.453,-157.995,42.7,0.1115
42483.47087,29.453,-157.995,43.7,0.1136
42483.47087,29.453,-157.995,44.7,0.1147
42483.47087,29.453,-157.995,45.7,0.1151
42483.47087,29.453,-157.995,46.7,0.1142
42483.47087,29.453,-157.995,47.7,0.1138
42483.47087,29.453,-157.995,48.7,0.1147
42483.47087,29.453,-157.995,49.7,0.1258
42483.47087,29.453,-157.995,50.6,0.1189
42483.47087,29.453,-157.995,51.6,0.1194
42483.47087,29.453,-157.995,52.6,0.1194
42483.47087,29.453,-157.995,53.6,0.1209
42483.47087,29.453,-157.995,54.6,0.1209
42483.47087,29.453,-157.995,55.6,0.1228
42483.47087,29.453,-157.995,56.6,0.1247
42483.47087,29.453,-157.995,57.6,0.128
42483.47087,29.453,-157.995,58.6,0.1251
42483.47087,29.453,-157.995,59.6,0.1247
42483.47087,29.453,-157.995,60.6,0.1262
42483.47087,29.453,-157.995,61.6,0.1281
42483.47087,29.453,-157.995,62.6,0.1284
42483.47087,29.453,-157.995,63.6,0.133
42483.47087,29.453,-157.995,64.6,0.1315
42483.47087,29.453,-157.995,65.5,0.13
42483.47087,29.453,-157.995,67.5,0.1326
42483.47087,29.453,-157.995,68.5,0.1395
42483.47087,29.453,-157.995,69.5,0.1435
42483.47087,29.453,-157.995,70.5,0.1479
42483.47087,29.453,-157.995,71.5,0.1499
42483.47087,29.453,-157.995,72.5,0.1525
42483.47087,29.453,-157.995,74.5,0.1593
42483.47087,29.453,-157.995,75.5,0.1812
42483.47087,29.453,-157.995,76.5,0.1942
42483.47087,29.453,-157.995,77.5,0.2155
42483.47087,29.453,-157.995,78.5,0.2192
42483.47087,29.453,-157.995,79.4,0.2434
42483.47087,29.453,-157.995,80.4,0.2509
42483.47087,29.453,-157.995,81.4,0.2573
42483.47087,29.453,-157.995,82.4,0.2705
42483.47087,29.453,-157.995,83.4,0.2998
42483.47087,29.453,-157.995,84.4,0.3054
42483.47087,29.453,-157.995,85.4,0.333
42483.47087,29.453,-157.995,86.4,0.3227
42483.47087,29.453,-157.995,87.4,0.3332
42483.47087,29.453,-157.995,88.4,0.3419
42483.47087,29.453,-157.995,89.4,0.3475
42483.47087,29.453,-157.995,90.4,0.3588
42483.47087,29.453,-157.995,91.4,0.3545
42483.47087,29.453,-157.995,92.4,0.3616
42483.47087,29.453,-157.995,93.3,0.3619
42483.47087,29.453,-157.995,94.3,0.3235
42483.47087,29.453,-157.995,95.3,0.3133
42483.47087,29.453,-157.995,96.3,0.3058
42483.47087,29.453,-157.995,97.3,0.3208
42483.47087,29.453,-157.995,98.3,0.3092
42483.47087,29.453,-157.995,99.3,0.3313
42483.47087,29.453,-157.995,100.3,0.3098
42483.47087,29.453,-157.995,101.3,0.3194
42483.47087,29.453,-157.995,102.3,0.2893
42483.47087,29.453,-157.995,103.3,0.2874
42483.47087,29.453,-157.995,104.3,0.2667
42483.47087,29.453,-157.995,105.3,0.2584
42483.47087,29.453,-157.995,106.2,0.2532
42483.47087,29.453,-157.995,107.2,0.2639
42483.47087,29.453,-157.995,108.2,0.2476
42483.47087,29.453,-157.995,109.2,0.2348
42483.47087,29.453,-157.995,110.2,0.2156
42483.47087,29.453,-157.995,111.2,0.2077
42483.47087,29.453,-157.995,112.2,0.2064
42483.47087,29.453,-157.995,113.2,0.2068
42483.47087,29.453,-157.995,114.2,0.2022
42483.47087,29.453,-157.995,115.2,0.189
42483.47087,29.453,-157.995,116.2,0.1818
42483.47087,29.453,-157.995,117.2,0.1957
42483.47087,29.453,-157.995,118.2,0.1781
42483.47087,29.453,-157.995,119.2,0.1792
42483.47087,29.453,-157.995,120.1,0.1923
42483.47087,29.453,-157.995,121.1,0.1818
42483.47087,29.453,-157.995,122.1,0.1799
42483.47087,29.453,-157.995,123.1,0.1827
42483.47087,29.453,-157.995,124.1,0.1826
42483.47087,29.453,-157.995,125.1,0.1732
42483.47087,29.453,-157.995,126.1,0.1724
42483.47087,29.453,-157.995,127.1,0.1853
42483.47087,29.453,-157.995,128.1,0.1784
42483.47087,29.453,-157.995,129.1,0.1649
42483.47087,29.453,-157.995,130.1,0.1641
42483.47087,29.453,-157.995,131.1,0.1735
42483.47087,29.453,-157.995,132.1,0.175
42483.47087,29.453,-157.995,133.1,0.1792
42483.47087,29.453,-157.995,134,0.1749
42483.47087,29.453,-157.995,135,0.1685
42483.47087,29.453,-157.995,136,0.1608
42483.47087,29.453,-157.995,137,0.1566
42483.47087,29.453,-157.995,138,0.1559
42483.47087,29.453,-157.995,139,0.1822
42483.47087,29.453,-157.995,140,0.1658
42483.47087,29.453,-157.995,141,0.1593
42483.47087,29.453,-157.995,142,0.1529
42483.47087,29.453,-157.995,143,0.1529
42483.47087,29.453,-157.995,144,0.1598
42483.47087,29.453,-157.995,145,0.1574
42483.47087,29.453,-157.995,146,0.1576
42483.47087,29.453,-157.995,146.9,0.1593
42483.47087,29.453,-157.995,147.9,0.1542
42483.47087,29.453,-157.995,148.9,0.1619
42483.47087,29.453,-157.995,149.9,0.1481
42483.47087,29.453,-157.995,151.9,0.1386
42483.47087,29.453,-157.995,152.9,0.1397
42483.47087,29.453,-157.995,153.9,0.1412
42483.47087,29.453,-157.995,154.9,0.1382
42483.47087,29.453,-157.995,155.9,0.1395
42483.47087,29.453,-157.995,156.9,0.1292
42483.47087,29.453,-157.995,157.9,0.1281
42483.47087,29.453,-157.995,158.9,0.1333
42483.47087,29.453,-157.995,159.8,0.1326
42483.47087,29.453,-157.995,160.8,0.1311
42483.47087,29.453,-157.995,161.8,0.13
42483.47087,29.453,-157.995,162.8,0.1346
42483.47087,29.453,-157.995,163.8,0.1352
42483.47087,29.453,-157.995,164.8,0.1281
42483.47087,29.453,-157.995,165.8,0.1273
42483.47087,29.453,-157.995,166.8,0.1296
42483.47087,29.453,-157.995,167.8,0.1316
42483.47087,29.453,-157.995,168.8,0.1341
42483.47087,29.453,-157.995,169.8,0.135
42483.47087,29.453,-157.995,170.8,0.136
42483.47087,29.453,-157.995,171.8,0.1354
42483.47087,29.453,-157.995,172.8,0.1332
42483.47087,29.453,-157.995,173.7,0.1416
42483.47087,29.453,-157.995,174.7,0.1329
42483.47087,29.453,-157.995,175.7,0.1296
42483.47087,29.453,-157.995,176.7,0.13
42483.47087,29.453,-157.995,177.7,0.1354
42483.47087,29.453,-157.995,178.7,0.1373
42483.47087,29.453,-157.995,179.7,0.1324
42483.47087,29.453,-157.995,180.7,0.1352
42483.47087,29.453,-157.995,181.7,0.1311
42483.47087,29.453,-157.995,182.7,0.1292
42483.47087,29.453,-157.995,183.7,0.1296
42483.47087,29.453,-157.995,184.7,0.13
42483.47087,29.453,-157.995,185.7,0.1333
42483.47087,29.453,-157.995,186.6,0.1341
42483.47087,29.453,-157.995,187.6,0.1297
42483.47087,29.453,-157.995,188.6,0.1288
42483.47087,29.453,-157.995,189.6,0.1307
42483.47087,29.453,-157.995,190.6,0.1281
42483.47087,29.453,-157.995,191.6,0.1277
42483.47087,29.453,-157.995,192.6,0.1258
42483.47087,29.453,-157.995,193.6,0.1243
42483.47087,29.453,-157.995,194.6,0.1176
42483.47087,29.453,-157.995,195.6,0.1226
42483.47087,29.453,-157.995,196.6,0.1144
42483.47087,29.453,-157.995,197.6,0.11
42483.47087,29.453,-157.995,198.6,0.1078
42483.47087,29.453,-157.995,199.5,0.104
42483.47087,29.453,-157.995,200.5,0.0984
42483.47087,29.453,-157.995,201.5,0.0961
42483.47087,29.453,-157.995,202.5,0.095
42483.47087,29.453,-157.995,203.5,0.0954
42483.47087,29.453,-157.995,204.5,0.0939
42483.47087,29.453,-157.995,205.5,0.0905
42483.47087,29.453,-157.995,206.5,0.0912
42483.47087,29.453,-157.995,207.5,0.0901
42483.47087,29.453,-157.995,208.5,0.0901
42483.47087,29.453,-157.995,209.5,0.0905
42483.47087,29.453,-157.995,210.5,0.0909
42483.47087,29.453,-157.995,211.5,0.0897
42483.47087,29.453,-157.995,212.4,0.0894
42483.47087,29.453,-157.995,213.4,0.0896
42483.47087,29.453,-157.995,214.4,0.0897
42483.47087,29.453,-157.995,215.4,0.0882
42483.47087,29.453,-157.995,217.4,0.0886
42483.47087,29.453,-157.995,218.4,0.0882
42483.47087,29.453,-157.995,219.4,0.089
42483.47087,29.453,-157.995,220.4,0.0888
42483.47087,29.453,-157.995,221.4,0.0882
42483.47087,29.453,-157.995,222.4,0.0884
42483.47087,29.453,-157.995,223.4,0.0879
42483.47087,29.453,-157.995,224.3,0.0879
42483.47087,29.453,-157.995,225.3,0.0882
42483.47087,29.453,-157.995,226.3,0.0879
42483.47087,29.453,-157.995,228.3,0.0879
42483.47087,29.453,-157.995,229.3,0.0879
42483.47087,29.453,-157.995,230.3,0.0877
42483.47087,29.453,-157.995,231.3,0.0879
42483.47087,29.453,-157.995,232.3,0.0875
42483.47087,29.453,-157.995,233.3,0.0875
42483.47087,29.453,-157.995,234.3,0.0875
42483.47087,29.453,-157.995,235.3,0.0875
42483.47087,29.453,-157.995,236.3,0.0875
42483.47087,29.453,-157.995,237.2,0.0867
42483.47087,29.453,-157.995,238.2,0.0871
42483.47087,29.453,-157.995,239.2,0.0871
42483.47087,29.453,-157.995,240.2,0.0874
42483.47087,29.453,-157.995,241.2,0.0871
42483.47087,29.453,-157.995,242.2,0.0871
42483.47087,29.453,-157.995,243.2,0.0871
42483.47087,29.453,-157.995,244.2,0.0875
42483.47087,29.453,-157.995,245.2,0.0871
42483.47087,29.453,-157.995,246.2,0.0869
42483.47087,29.453,-157.995,247.2,0.0867
42483.47087,29.453,-157.995,248.2,0.0879
42483.47087,29.453,-157.995,249.2,0.0875
42483.47087,29.453,-157.995,250.1,0.0875
42483.47087,29.453,-157.995,251.1,0.0871
42483.47087,29.453,-157.995,252.1,0.0863
42483.47087,29.453,-157.995,253.1,0.0865
42483.47087,29.453,-157.995,254.1,0.0882
42483.47087,29.453,-157.995,255.1,0.0875
42483.47087,29.453,-157.995,256.1,0.0863
42483.47087,29.453,-157.995,257.1,0.0867
42483.47087,29.453,-157.995,258.1,0.0865
42483.47087,29.453,-157.995,259.1,0.0867
42483.47087,29.453,-157.995,260.1,0.0866
42483.47087,29.453,-157.995,261.1,0.0863
42483.47087,29.453,-157.995,262,0.0863
42483.47087,29.453,-157.995,263,0.0863
42483.47087,29.453,-157.995,264,0.0863
42483.47087,29.453,-157.995,265,0.0866
42483.47087,29.453,-157.995,266,0.0863
42483.47087,29.453,-157.995,267,0.0867
42483.47087,29.453,-157.995,268,0.0865
42483.47087,29.453,-157.995,269,0.0864
42483.47087,29.453,-157.995,270,0.0863
42483.47087,29.453,-157.995,271,0.0863
42483.47087,29.453,-157.995,272,0.0865
42483.47087,29.453,-157.995,273,0.0862
42483.47087,29.453,-157.995,274,0.0863
42483.47087,29.453,-157.995,274.9,0.0862
42483.47087,29.453,-157.995,275.9,0.0863
42483.47087,29.453,-157.995,276.9,0.0863
42483.47087,29.453,-157.995,277.9,0.0863
42483.47087,29.453,-157.995,278.9,0.0863
42483.47087,29.453,-157.995,279.9,0.0862
42483.47087,29.453,-157.995,280.9,0.0862
42483.47087,29.453,-157.995,281.9,0.0863
42483.47087,29.453,-157.995,282.9,0.0863
42483.47087,29.453,-157.995,283.9,0.0863
42483.47087,29.453,-157.995,284.9,0.0862
42483.47087,29.453,-157.995,285.9,0.086
42483.47087,29.453,-157.995,286.8,0.0862
42483.47087,29.453,-157.995,287.8,0.0862
42483.47087,29.453,-157.995,288.8,0.0861
42483.47087,29.453,-157.995,289.8,0.086
42483.47087,29.453,-157.995,290.8,0.086
42483.47087,29.453,-157.995,291.8,0.0863
42483.47087,29.453,-157.995,292.8,0.0862
42483.47087,29.453,-157.995,293.8,0.0863
42483.47087,29.453,-157.995,294.8,0.0863
42483.47087,29.453,-157.995,295.8,0.0862
42483.47087,29.453,-157.995,296.8,0.0863
42483.47087,29.453,-157.995,297.8,0.0863
42482.99041,28.141,-158.001,2,0.1018
42482.99041,28.141,-158.001,3,0.1017
42482.99041,28.141,-158.001,4,0.1014
42482.99041,28.141,-158.001,5,0.1024
42482.99041,28.141,-158.001,6,0.1007
42482.99041,28.141,-158.001,7,0.1004
42482.99041,28.141,-158.001,7.9,0.1003
42482.99041,28.141,-158.001,8.9,0.1019
42482.99041,28.141,-158.001,9.9,0.1008
42482.99041,28.141,-158.001,10.9,0.1022
42482.99041,28.141,-158.001,11.9,0.1021
42482.99041,28.141,-158.001,12.9,0.1015
42482.99041,28.141,-158.001,13.9,0.1023
42482.99041,28.141,-158.001,14.9,0.1051
42482.99041,28.141,-158.001,15.9,0.1023
42482.99041,28.141,-158.001,16.9,0.1025
42482.99041,28.141,-158.001,17.9,0.1016
42482.99041,28.141,-158.001,18.9,0.102
42482.99041,28.141,-158.001,19.9,0.1027
42482.99041,28.141,-158.001,20.9,0.1023
42482.99041,28.141,-158.001,21.9,0.1025
42482.99041,28.141,-158.001,22.8,0.1044
42482.99041,28.141,-158.001,23.8,0.1035
42482.99041,28.141,-158.001,24.8,0.1029
42482.99041,28.141,-158.001,25.8,0.1038
42482.99041,28.141,-158.001,26.8,0.1025
42482.99041,28.141,-158.001,27.8,0.1035
42482.99041,28.141,-158.001,28.8,0.1047
42482.99041,28.141,-158.001,29.8,0.1033
42482.99041,28.141,-158.001,30.8,0.104
42482.99041,28.141,-158.001,31.8,0.105
42482.99041,28.141,-158.001,32.8,0.1047
42482.99041,28.141,-158.001,33.8,0.1054
42482.99041,28.141,-158.001,34.8,0.1051
42482.99041,28.141,-158.001,35.8,0.1051
42482.99041,28.141,-158.001,36.8,0.1074
42482.99041,28.141,-158.001,37.7,0.1064
42482.99041,28.141,-158.001,38.7,0.1078
42482.99041,28.141,-158.001,39.7,0.11
42482.99041,28.141,-158.001,40.7,0.1102
42482.99041,28.141,-158.001,41.7,0.1113
42482.99041,28.141,-158.001,42.7,0.1132
42482.99041,28.141,-158.001,43.7,0.1142
42482.99041,28.141,-158.001,44.7,0.1138
42482.99041,28.141,-158.001,45.7,0.1153
42482.99041,28.141,-158.001,46.7,0.1144
42482.99041,28.141,-158.001,47.7,0.1157
42482.99041,28.141,-158.001,48.7,0.1189
42482.99041,28.141,-158.001,49.7,0.117
42482.99041,28.141,-158.001,50.7,0.1157
42482.99041,28.141,-158.001,51.6,0.117
42482.99041,28.141,-158.001,52.6,0.1185
42482.99041,28.141,-158.001,53.6,0.1168
42482.99041,28.141,-158.001,54.6,0.1176
42482.99041,28.141,-158.001,55.6,0.1188
42482.99041,28.141,-158.001,56.6,0.1179
42482.99041,28.141,-158.001,57.6,0.1198
42482.99041,28.141,-158.001,58.6,0.122
42482.99041,28.141,-158.001,59.6,0.1256
42482.99041,28.141,-158.001,60.6,0.1249
42482.99041,28.141,-158.001,61.6,0.1247
42482.99041,28.141,-158.001,62.6,0.1284
42482.99041,28.141,-158.001,63.6,0.1356
42482.99041,28.141,-158.001,64.6,0.1356
42482.99041,28.141,-158.001,65.5,0.1426
42482.99041,28.141,-158.001,66.5,0.1424
42482.99041,28.141,-158.001,67.5,0.1459
42482.99041,28.141,-158.001,68.5,0.148
42482.99041,28.141,-158.001,69.5,0.1487
42482.99041,28.141,-158.001,70.5,0.1487
42482.99041,28.141,-158.001,71.5,0.1505
42482.99041,28.141,-158.001,72.5,0.1513
42482.99041,28.141,-158.001,73.5,0.1514
42482.99041,28.141,-158.001,74.5,0.1549
42482.99041,28.141,-158.001,75.5,0.1584
42482.99041,28.141,-158.001,76.5,0.1561
42482.99041,28.141,-158.001,77.5,0.1608
42482.99041,28.141,-158.001,78.5,0.163
42482.99041,28.141,-158.001,79.5,0.1679
42482.99041,28.141,-158.001,80.4,0.1744
42482.99041,28.141,-158.001,81.4,0.1755
42482.99041,28.141,-158.001,82.4,0.1814
42482.99041,28.141,-158.001,83.4,0.195
42482.99041,28.141,-158.001,84.4,0.2279
42482.99041,28.141,-158.001,85.4,0.2616
42482.99041,28.141,-158.001,86.4,0.2771
42482.99041,28.141,-158.001,87.4,0.2861
42482.99041,28.141,-158.001,88.4,0.3043
42482.99041,28.141,-158.001,89.4,0.3058
42482.99041,28.141,-158.001,90.4,0.3118
42482.99041,28.141,-158.001,91.4,0.3317
42482.99041,28.141,-158.001,92.4,0.3729
42482.99041,28.141,-158.001,93.4,0.389
42482.99041,28.141,-158.001,94.3,0.3735
42482.99041,28.141,-158.001,95.3,0.3764
42482.99041,28.141,-158.001,96.3,0.3761
42482.99041,28.141,-158.001,97.3,0.3699
42482.99041,28.141,-158.001,98.3,0.3684
42482.99041,28.141,-158.001,99.3,0.3676
42482.99041,28.141,-158.001,100.3,0.3684
42482.99041,28.141,-158.001,101.3,0.3727
42482.99041,28.141,-158.001,102.3,0.337
42482.99041,28.141,-158.001,103.3,0.3227
42482.99041,28.141,-158.001,104.3,0.322
42482.99041,28.141,-158.001,105.3,0.2885
42482.99041,28.141,-158.001,106.3,0.2848
42482.99041,28.141,-158.001,107.3,0.296
42482.99041,28.141,-158.001,108.2,0.2863
42482.99041,28.141,-158.001,109.2,0.2825
42482.99041,28.141,-158.001,110.2,0.2829
42482.99041,28.141,-158.001,111.2,0.257
42482.99041,28.141,-158.001,112.2,0.2547
42482.99041,28.141,-158.001,113.2,0.2549
42482.99041,28.141,-158.001,114.2,0.2216
42482.99041,28.141,-158.001,116.2,0.2311
42482.99041,28.141,-158.001,117.2,0.2438
42482.99041,28.141,-158.001,118.2,0.2348
42482.99041,28.141,-158.001,119.2,0.2256
42482.99041,28.141,-158.001,121.2,0.2074
42482.99041,28.141,-158.001,122.1,0.1957
42482.99041,28.141,-158.001,123.1,0.1999
42482.99041,28.141,-158.001,124.1,0.2121
42482.99041,28.141,-158.001,125.1,0.2068
42482.99041,28.141,-158.001,126.1,0.1897
42482.99041,28.141,-158.001,127.1,0.1803
42482.99041,28.141,-158.001,128.1,0.1931
42482.99041,28.141,-158.001,129.1,0.1912
42482.99041,28.141,-158.001,130.1,0.1908
42482.99041,28.141,-158.001,131.1,0.1891
42482.99041,28.141,-158.001,132.1,0.1803
42482.99041,28.141,-158.001,133.1,0.1728
42482.99041,28.141,-158.001,134.1,0.176
42482.99041,28.141,-158.001,135,0.1705
42482.99041,28.141,-158.001,136,0.1717
42482.99041,28.141,-158.001,137,0.1596
42482.99041,28.141,-158.001,138,0.1577
42482.99041,28.141,-158.001,139,0.1698
42482.99041,28.141,-158.001,140,0.1746
42482.99041,28.141,-158.001,141,0.1702
42482.99041,28.141,-158.001,142,0.1623
42482.99041,28.141,-158.001,143,0.1638
42482.99041,28.141,-158.001,144,0.1596
42482.99041,28.141,-158.001,145,0.1589
42482.99041,28.141,-158.001,146,0.1649
42482.99041,28.141,-158.001,147,0.1491
42482.99041,28.141,-158.001,148,0.1487
42482.99041,28.141,-158.001,148.9,0.1484
42482.99041,28.141,-158.001,149.9,0.1551
42482.99041,28.141,-158.001,150.9,0.1416
42482.99041,28.141,-158.001,151.9,0.1438
42482.99041,28.141,-158.001,152.9,0.1495
42482.99041,28.141,-158.001,153.9,0.1405
42482.99041,28.141,-158.001,154.9,0.1367
42482.99041,28.141,-158.001,155.9,0.1329
42482.99041,28.141,-158.001,156.9,0.1348
42482.99041,28.141,-158.001,157.9,0.1382
42482.99041,28.141,-158.001,158.9,0.1315
42482.99041,28.141,-158.001,159.9,0.13
42482.99041,28.141,-158.001,160.9,0.1284
42482.99041,28.141,-158.001,161.9,0.1296
42482.99041,28.141,-158.001,162.8,0.1297
42482.99041,28.141,-158.001,163.8,0.1283
42482.99041,28.141,-158.001,164.8,0.1243
42482.99041,28.141,-158.001,165.8,0.1187
42482.99041,28.141,-158.001,166.8,0.1168
42482.99041,28.141,-158.001,167.8,0.1224
42482.99041,28.141,-158.001,168.8,0.1198
42482.99041,28.141,-158.001,169.8,0.1179
42482.99041,28.141,-158.001,170.8,0.116
42482.99041,28.141,-158.001,171.8,0.1183
42482.99041,28.141,-158.001,172.8,0.1187
42482.99041,28.141,-158.001,173.8,0.1236
42482.99041,28.141,-158.001,174.8,0.1172
42482.99041,28.141,-158.001,175.7,0.1142
42482.99041,28.141,-158.001,176.7,0.1117
42482.99041,28.141,-158.001,177.7,0.1085
42482.99041,28.141,-158.001,178.7,0.1055
42482.99041,28.141,-158.001,179.7,0.1051
42482.99041,28.141,-158.001,180.7,0.1036
42482.99041,28.141,-158.001,181.7,0.1051
42482.99041,28.141,-158.001,182.7,0.1048
42482.99041,28.141,-158.001,183.7,0.1038
42482.99041,28.141,-158.001,184.7,0.1021
42482.99041,28.141,-158.001,185.7,0.1006
42482.99041,28.141,-158.001,186.7,0.0976
42482.99041,28.141,-158.001,187.7,0.0984
42482.99041,28.141,-158.001,188.6,0.0976
42482.99041,28.141,-158.001,189.6,0.0972
42482.99041,28.141,-158.001,190.6,0.1067
42482.99041,28.141,-158.001,191.6,0.1025
42482.99041,28.141,-158.001,192.6,0.0972
42482.99041,28.141,-158.001,193.6,0.0958
42482.99041,28.141,-158.001,194.6,0.0927
42482.99041,28.141,-158.001,195.6,0.0926
42482.99041,28.141,-158.001,196.6,0.0916
42482.99041,28.141,-158.001,197.6,0.0916
42482.99041,28.141,-158.001,198.6,0.0916
42482.99041,28.141,-158.001,199.6,0.092
42482.99041,28.141,-158.001,200.6,0.0905
42482.99041,28.141,-158.001,201.5,0.0894
42482.99041,28.141,-158.001,202.5,0.0894
42482.99041,28.141,-158.001,203.5,0.089
42482.99041,28.141,-158.001,204.5,0.0894
42482.99041,28.141,-158.001,205.5,0.089
42482.99041,28.141,-158.001,206.5,0.0897
42482.99041,28.141,-158.001,207.5,0.0886
42482.99041,28.141,-158.001,208.5,0.0882
42482.99041,28.141,-158.001,209.5,0.0882
42482.99041,28.141,-158.001,210.5,0.0882
42482.99041,28.141,-158.001,211.5,0.0888
42482.99041,28.141,-158.001,212.5,0.0894
42482.99041,28.141,-158.001,213.5,0.0882
42482.99041,28.141,-158.001,214.4,0.0879
42482.99041,28.141,-158.001,215.4,0.0882
42482.99041,28.141,-158.001,216.4,0.088
42482.99041,28.141,-158.001,217.4,0.0879
42482.99041,28.141,-158.001,218.4,0.0875
42482.99041,28.141,-158.001,219.4,0.0875
42482.99041,28.141,-158.001,220.4,0.0873
42482.99041,28.141,-158.001,222.4,0.0871
42482.99041,28.141,-158.001,223.4,0.0871
42482.99041,28.141,-158.001,224.4,0.0871
42482.99041,28.141,-158.001,225.4,0.0871
42482.99041,28.141,-158.001,226.4,0.0871
42482.99041,28.141,-158.001,227.3,0.0873
42482.99041,28.141,-158.001,228.3,0.0867
42482.99041,28.141,-158.001,229.3,0.0867
42482.99041,28.141,-158.001,230.3,0.0863
42482.99041,28.141,-158.001,231.3,0.0867
42482.99041,28.141,-158.001,232.3,0.0867
42482.99041,28.141,-158.001,233.3,0.0877
42482.99041,28.141,-158.001,234.3,0.086
42482.99041,28.141,-158.001,235.3,0.0867
42482.99041,28.141,-158.001,236.3,0.0863
42482.99041,28.141,-158.001,237.3,0.086
42482.99041,28.141,-158.001,238.3,0.0863
42482.99041,28.141,-158.001,239.3,0.086
42482.99041,28.141,-158.001,240.2,0.0863
42482.99041,28.141,-158.001,242.2,0.0863
42482.99041,28.141,-158.001,243.2,0.0871
42482.99041,28.141,-158.001,244.2,0.086
42482.99041,28.141,-158.001,245.2,0.086
42482.99041,28.141,-158.001,246.2,0.0863
42482.99041,28.141,-158.001,247.2,0.0863
42482.99041,28.141,-158.001,248.2,0.0863
42482.99041,28.141,-158.001,249.2,0.086
42482.99041,28.141,-158.001,250.2,0.0863
42482.99041,28.141,-158.001,251.2,0.0863
42482.99041,28.141,-158.001,252.2,0.086
42482.99041,28.141,-158.001,253.1,0.086
42482.99041,28.141,-158.001,254.1,0.0863
42482.99041,28.141,-158.001,255.1,0.0863
42482.99041,28.141,-158.001,256.1,0.086
42482.99041,28.141,-158.001,257.1,0.0863
42482.99041,28.141,-158.001,258.1,0.086
42482.99041,28.141,-158.001,259.1,0.0863
42482.99041,28.141,-158.001,260.1,0.0863
42482.99041,28.141,-158.001,261.1,0.0862
42482.99041,28.141,-158.001,262.1,0.0863
42482.99041,28.141,-158.001,263.1,0.0863
42482.99041,28.141,-158.001,264.1,0.086
42482.99041,28.141,-158.001,265.1,0.086
42482.99041,28.141,-158.001,266,0.086
42482.99041,28.141,-158.001,267,0.0858
42482.99041,28.141,-158.001,268,0.086
42482.99041,28.141,-158.001,269,0.086
42482.99041,28.141,-158.001,270,0.086
42482.99041,28.141,-158.001,271,0.086
42482.99041,28.141,-158.001,272,0.086
42482.99041,28.141,-158.001,273,0.086
42482.99041,28.141,-158.001,274,0.086
42482.99041,28.141,-158.001,275,0.086
42482.99041,28.141,-158.001,276,0.086
42482.99041,28.141,-158.001,277,0.086
42482.99041,28.141,-158.001,277.9,0.086
42482.99041,28.141,-158.001,278.9,0.086
42482.99041,28.141,-158.001,279.9,0.086
42482.99041,28.141,-158.001,280.9,0.086
42482.99041,28.141,-158.001,281.9,0.0863
42482.99041,28.141,-158.001,282.9,0.086
42482.99041,28.141,-158.001,283.9,0.0862
42482.99041,28.141,-158.001,284.9,0.0862
42482.99041,28.141,-158.001,286.9,0.086
42482.99041,28.141,-158.001,287.9,0.086
42482.99041,28.141,-158.001,288.9,0.086
42482.99041,28.141,-158.001,289.9,0.086
42482.99041,28.141,-158.001,290.8,0.0863
42482.99041,28.141,-158.001,291.8,0.0863
42482.99041,28.141,-158.001,292.8,0.0867
42482.99041,28.141,-158.001,293.8,0.086
42482.99041,28.141,-158.001,294.8,0.0865
42482.99041,28.141,-158.001,295.8,0.0863
42482.99041,28.141,-158.001,297.8,0.086
42482.99041,28.141,-158.001,298.8,0.0856
42482.99041,28.141,-158.001,299.8,0.086
42482.99041,28.141,-158.001,300.8,0.0862
42482.99041,28.141,-158.001,301.8,0.086
42482.99041,28.141,-158.001,302.7,0.086
42482.99041,28.141,-158.001,303.7,0.0863
42482.99041,28.141,-158.001,304.7,0.086
42482.99041,28.141,-158.001,305.7,0.086
42482.99041,28.141,-158.001,306.7,0.0863
42482.99041,28.141,-158.001,307.7,0.086
42482.99041,28.141,-158.001,308.7,0.086
42482.99041,28.141,-158.001,309.7,0.086
42482.99041,28.141,-158.001,310.7,0.086
42482.99041,28.141,-158.001,311.7,0.086
42482.99041,28.141,-158.001,312.7,0.086
42482.99041,28.141,-158.001,313.7,0.0862
42482.99041,28.141,-158.001,314.6,0.086
42482.99041,28.141,-158.001,315.6,0.0863
42482.99041,28.141,-158.001,316.6,0.0863
42482.99041,28.141,-158.001,317.6,0.086
42482.99041,28.141,-158.001,318.6,0.0863
42482.99041,28.141,-158.001,319.6,0.0863
42482.99041,28.141,-158.001,321.6,0.0863
42482.99041,28.141,-158.001,322.6,0.086
42482.99041,28.141,-158.001,324.6,0.0862
42482.99041,28.141,-158.001,325.6,0.0861
42482.99041,28.141,-158.001,326.5,0.086
42482.99041,28.141,-158.001,327.5,0.086
42482.99041,28.141,-158.001,328.5,0.086
42482.99041,28.141,-158.001,329.5,0.0863
42482.99041,28.141,-158.001,330.5,0.086
42482.99041,28.141,-158.001,332.5,0.086
42482.99041,28.141,-158.001,333.5,0.086
42482.99041,28.141,-158.001,335.5,0.0863
42482.99041,28.141,-158.001,336.5,0.0863
42482.99041,28.141,-158.001,337.5,0.0863
42482.99041,28.141,-158.001,338.4,0.0863
42482.99041,28.141,-158.001,339.4,0.086
42482.99041,28.141,-158.001,340.4,0.0863
42482.99041,28.141,-158.001,342.4,0.0863
42482.99041,28.141,-158.001,343.4,0.0863
42482.99041,28.141,-158.001,344.4,0.0862
42482.99041,28.141,-158.001,345.4,0.0863
42482.99041,28.141,-158.001,346.4,0.0863
42482.99041,28.141,-158.001,348.4,0.0863
42482.99041,28.141,-158.001,349.4,0.0867
42482.99041,28.141,-158.001,350.3,0.086
42482.99041,28.141,-158.001,351.3,0.0863
42482.99041,28.141,-158.001,352.3,0.0875
42482.99041,28.141,-158.001,353.3,0.0863
42482.99041,28.141,-158.001,355.3,0.0863
42482.99041,28.141,-158.001,356.3,0.0863
42482.99041,28.141,-158.001,357.3,0.086
42482.99041,28.141,-158.001,358.3,0.0863
42482.99041,28.141,-158.001,360.3,0.0863
42482.99041,28.141,-158.001,361.3,0.0863
42482.99041,28.141,-158.001,362.2,0.0863
42482.99041,28.141,-158.001,363.2,0.0863
42482.99041,28.141,-158.001,364.2,0.0862
42482.99041,28.141,-158.001,365.2,0.0863
42482.99041,28.141,-158.001,366.2,0.0867
42482.99041,28.141,-158.001,367.2,0.0863
42482.99041,28.141,-158.001,369.2,0.0863
42482.99041,28.141,-158.001,370.2,0.0863
42482.99041,28.141,-158.001,371.2,0.0863
42482.99041,28.141,-158.001,372.2,0.0863
42482.99041,28.141,-158.001,373.2,0.0863
42482.99041,28.141,-158.001,374.1,0.0863
42482.99041,28.141,-158.001,375.1,0.086
42482.99041,28.141,-158.001,376.1,0.0863
42482.99041,28.141,-158.001,377.1,0.0863
42482.99041,28.141,-158.001,378.1,0.0867
42482.99041,28.141,-158.001,379.1,0.0863
42482.99041,28.141,-158.001,380.1,0.0867
42482.99041,28.141,-158.001,382.1,0.0863
42482.99041,28.141,-158.001,383.1,0.0867
42482.99041,28.141,-158.001,384.1,0.0863
42482.99041,28.141,-158.001,385.1,0.0867
42482.99041,28.141,-158.001,386,0.0865
42482.99041,28.141,-158.001,387,0.0867
42482.99041,28.141,-158.001,388,0.0863
42482.99041,28.141,-158.001,389,0.0863
42482.99041,28.141,-158.001,391,0.0863
42482.99041,28.141,-158.001,392,0.0867
42482.99041,28.141,-158.001,394,0.0867
42482.99041,28.141,-158.001,395,0.0867
42482.99041,28.141,-158.001,396,0.0867
42482.99041,28.141,-158.001,397,0.0867
42482.99041,28.141,-158.001,397.9,0.0867
42482.99041,28.141,-158.001,398.9,0.0863
42482.99041,28.141,-158.001,399.9,0.0867
42482.99041,28.141,-158.001,400.9,0.0867
42482.99041,28.141,-158.001,401.9,0.0867
42482.99041,28.141,-158.001,403.9,0.0871
42482.99041,28.141,-158.001,404.9,0.0867
42482.99041,28.141,-158.001,405.9,0.0871
42482.99041,28.141,-158.001,406.9,0.0867
42482.99041,28.141,-158.001,407.9,0.0871
42482.99041,28.141,-158.001,408.8,0.0867
42482.99041,28.141,-158.001,409.8,0.0867
42482.99041,28.141,-158.001,410.8,0.0871
42482.99041,28.141,-158.001,411.8,0.0867
42482.99041,28.141,-158.001,412.8,0.0867
42482.99041,28.141,-158.001,413.8,0.0867
42482.99041,28.141,-158.001,415.8,0.0871
42482.99041,28.141,-158.001,416.8,0.0871
42482.99041,28.141,-158.001,418.8,0.0875
42482.99041,28.141,-158.001,419.8,0.0873
42482.99041,28.141,-158.001,420.7,0.0871
42482.99041,28.141,-158.001,421.7,0.0867
42482.99041,28.141,-158.001,422.7,0.0871
42482.99041,28.141,-158.001,423.7,0.0871
42482.99041,28.141,-158.001,424.7,0.0871
42482.99041,28.141,-158.001,425.7,0.0871
42482.99041,28.141,-158.001,426.7,0.0871
42482.99041,28.141,-158.001,427.7,0.0871
42482.99041,28.141,-158.001,428.7,0.0871
42482.99041,28.141,-158.001,430.7,0.0871
42482.99041,28.141,-158.001,431.6,0.0871
42482.99041,28.141,-158.001,432.6,0.0873
42482.99041,28.141,-158.001,433.6,0.0871
42482.99041,28.141,-158.001,434.6,0.0871
42482.99041,28.141,-158.001,436.6,0.0871
42482.99041,28.141,-158.001,437.6,0.0875
42482.99041,28.141,-158.001,438.6,0.0875
42482.99041,28.141,-158.001,439.6,0.0871
42482.99041,28.141,-158.001,440.6,0.0875
42482.99041,28.141,-158.001,441.6,0.0871
42482.99041,28.141,-158.001,442.6,0.0871
42482.99041,28.141,-158.001,443.5,0.0875
42482.99041,28.141,-158.001,444.5,0.0875
42482.99041,28.141,-158.001,445.5,0.0871
42482.99041,28.141,-158.001,446.5,0.0875
42482.99041,28.141,-158.001,448.5,0.0875
42482.99041,28.141,-158.001,449.5,0.0875
42482.99041,28.141,-158.001,450.5,0.0875
42482.99041,28.141,-158.001,451.5,0.0875
42482.99041,28.141,-158.001,452.5,0.0875
42482.99041,28.141,-158.001,453.5,0.0879
42482.99041,28.141,-158.001,454.4,0.0879
42482.99041,28.141,-158.001,455.4,0.0879
42482.99041,28.141,-158.001,456.4,0.0879
42482.99041,28.141,-158.001,457.4,0.0875
42482.99041,28.141,-158.001,458.4,0.0875
42482.99041,28.141,-158.001,459.4,0.0879
42482.99041,28.141,-158.001,460.4,0.0879
42482.99041,28.141,-158.001,461.4,0.0879
42482.99041,28.141,-158.001,462.4,0.0879
42482.99041,28.141,-158.001,464.4,0.0879
42482.99041,28.141,-158.001,465.3,0.0877
42482.99041,28.141,-158.001,466.3,0.0882
42482.99041,28.141,-158.001,467.3,0.0879
42482.99041,28.141,-158.001,469.3,0.0879
42482.99041,28.141,-158.001,470.3,0.0879
42482.99041,28.141,-158.001,471.3,0.0879
42482.99041,28.141,-158.001,472.3,0.0879
42482.99041,28.141,-158.001,473.3,0.0879
42482.99041,28.141,-158.001,474.3,0.0879
42482.99041,28.141,-158.001,475.3,0.0879
42482.99041,28.141,-158.001,476.3,0.0879
42482.99041,28.141,-158.001,477.2,0.0879
42482.99041,28.141,-158.001,478.2,0.0879
42482.99041,28.141,-158.001,479.2,0.0879
42482.99041,28.141,-158.001,480.2,0.0882
42482.99041,28.141,-158.001,481.2,0.0882
42482.99041,28.141,-158.001,482.2,0.0882
42482.99041,28.141,-158.001,484.2,0.0882
42482.99041,28.141,-158.001,485.2,0.0882
42482.99041,28.141,-158.001,486.2,0.0882
42482.99041,28.141,-158.001,487.2,0.0882
42482.99041,28.141,-158.001,488.1,0.0882
42482.99041,28.141,-158.001,489.1,0.0882
42482.99041,28.141,-158.001,490.1,0.0882
42482.99041,28.141,-158.001,491.1,0.0882
42482.99041,28.141,-158.001,492.1,0.0886
42482.99041,28.141,-158.001,493.1,0.0882
42482.99041,28.141,-158.001,494.1,0.0882
42482.99041,28.141,-158.001,496.1,0.0882
42482.99041,28.141,-158.001,497.1,0.0882
42482.99041,28.141,-158.001,498.1,0.0879
42482.99041,28.141,-158.001,499,0.0883
42482.99041,28.141,-158.001,500,0.0886
42482.99041,28.141,-158.001,501,0.0882
42482.99041,28.141,-158.001,502,0.0882
42482.99041,28.141,-158.001,504,0.0886
42482.99041,28.141,-158.001,505,0.0886
42482.99041,28.141,-158.001,506,0.0886
42482.99041,28.141,-158.001,507,0.0886
42482.99041,28.141,-158.001,508,0.0886
42482.99041,28.141,-158.001,509,0.0882
42482.99041,28.141,-158.001,509.9,0.0886
42482.99041,28.141,-158.001,510.9,0.0886
42482.99041,28.141,-158.001,511.9,0.0886
42482.99041,28.141,-158.001,512.9,0.0882
42482.99041,28.141,-158.001,513.9,0.0882
42482.99041,28.141,-158.001,514.9,0.0886
42482.99041,28.141,-158.001,515.9,0.0886
42482.99041,28.141,-158.001,517.9,0.0886
42482.99041,28.141,-158.001,518.9,0.0882
42482.99041,28.141,-158.001,519.9,0.0886
42482.99041,28.141,-158.001,520.8,0.0886
42482.99041,28.141,-158.001,521.8,0.0886
42482.99041,28.141,-158.001,522.8,0.0886
42482.99041,28.141,-158.001,523.8,0.0886
42482.99041,28.141,-158.001,524.8,0.0886
42482.99041,28.141,-158.001,525.8,0.089
42482.99041,28.141,-158.001,526.8,0.0886
42482.99041,28.141,-158.001,527.8,0.089
42482.99041,28.141,-158.001,528.8,0.089
42482.99041,28.141,-158.001,530.8,0.0886
42482.99041,28.141,-158.001,531.7,0.089
42482.99041,28.141,-158.001,532.7,0.089
42482.99041,28.141,-158.001,533.7,0.089
42482.99041,28.141,-158.001,534.7,0.089
42482.99041,28.141,-158.001,535.7,0.089
42482.99041,28.141,-158.001,536.7,0.089
42482.99041,28.141,-158.001,537.7,0.0886
42482.99041,28.141,-158.001,538.7,0.089
42482.99041,28.141,-158.001,539.7,0.089
42482.99041,28.141,-158.001,540.7,0.089
42482.99041,28.141,-158.001,541.6,0.089
42482.99041,28.141,-158.001,542.6,0.089
42482.99041,28.141,-158.001,544.6,0.089
42482.99041,28.141,-158.001,545.6,0.089
42482.99041,28.141,-158.001,546.6,0.0892
42482.99041,28.141,-158.001,547.6,0.089
42482.99041,28.141,-158.001,548.6,0.0894
42482.99041,28.141,-158.001,549.6,0.089
42482.99041,28.141,-158.001,551.6,0.0894
42482.99041,28.141,-158.001,552.5,0.089
42482.99041,28.141,-158.001,554.5,0.089
42482.99041,28.141,-158.001,555.5,0.089
42482.99041,28.141,-158.001,556.5,0.0892
42482.99041,28.141,-158.001,557.5,0.089
42482.99041,28.141,-158.001,558.5,0.089
42482.99041,28.141,-158.001,560.5,0.0894
42482.99041,28.141,-158.001,561.5,0.089
42482.99041,28.141,-158.001,562.5,0.0894
42482.99041,28.141,-158.001,563.4,0.0894
42482.99041,28.141,-158.001,564.4,0.0894
42482.99041,28.141,-158.001,565.4,0.089
42482.99041,28.141,-158.001,566.4,0.0894
42482.99041,28.141,-158.001,567.4,0.0894
42482.99041,28.141,-158.001,568.4,0.0892
42482.99041,28.141,-158.001,569.4,0.0894
42482.99041,28.141,-158.001,570.4,0.0894
42482.99041,28.141,-158.001,572.4,0.0894
42482.99041,28.141,-158.001,573.3,0.0894
42482.99041,28.141,-158.001,574.3,0.0894
42482.99041,28.141,-158.001,575.3,0.0894
42482.99041,28.141,-158.001,576.3,0.0894
42482.99041,28.141,-158.001,577.3,0.0894
42482.99041,28.141,-158.001,578.3,0.0894
42482.99041,28.141,-158.001,579.3,0.0894
42482.99041,28.141,-158.001,580.3,0.0894
42482.99041,28.141,-158.001,581.3,0.0897
42482.99041,28.141,-158.001,583.3,0.0894
42482.99041,28.141,-158.001,584.2,0.0897
42482.99041,28.141,-158.001,585.2,0.0894
42482.99041,28.141,-158.001,586.2,0.0897
42482.99041,28.141,-158.001,587.2,0.0897
42482.99041,28.141,-158.001,588.2,0.0897
42482.99041,28.141,-158.001,589.2,0.0897
42482.99041,28.141,-158.001,590.2,0.0897
42482.99041,28.141,-158.001,591.2,0.0897
42482.99041,28.141,-158.001,592.2,0.0897
42482.99041,28.141,-158.001,593.2,0.0901
42482.99041,28.141,-158.001,595.1,0.0905
42482.99041,28.141,-158.001,596.1,0.0897
42482.99041,28.141,-158.001,597.1,0.0899
42482.99041,28.141,-158.001,598.1,0.0897
42482.99041,28.141,-158.001,599.1,0.0897
42482.99041,28.141,-158.001,601.1,0.0901
42482.99041,28.141,-158.001,602.1,0.0901
42482.99041,28.141,-158.001,603.1,0.0897
42482.99041,28.141,-158.001,604.1,0.0899
42482.99041,28.141,-158.001,606,0.0897
42482.99041,28.141,-158.001,607,0.0901
42482.99041,28.141,-158.001,608,0.0901
42482.99041,28.141,-158.001,609,0.0897
42482.99041,28.141,-158.001,610,0.0901
42482.99041,28.141,-158.001,611,0.0901
42482.99041,28.141,-158.001,612,0.0901
42482.99041,28.141,-158.001,613,0.0905
42482.99041,28.141,-158.001,614,0.0901
42482.99041,28.141,-158.001,615.9,0.0901
42482.99041,28.141,-158.001,616.9,0.0901
42482.99041,28.141,-158.001,617.9,0.0901
42482.99041,28.141,-158.001,618.9,0.0901
42482.99041,28.141,-158.001,619.9,0.0899
42482.99041,28.141,-158.001,620.9,0.0901
42482.99041,28.141,-158.001,621.9,0.0901
42482.99041,28.141,-158.001,622.9,0.0901
42482.99041,28.141,-158.001,623.9,0.0901
42482.99041,28.141,-158.001,624.9,0.0901
42482.99041,28.141,-158.001,625.8,0.0901
42482.99041,28.141,-158.001,626.8,0.0897
42482.99041,28.141,-158.001,628.8,0.0901
42482.99041,28.141,-158.001,629.8,0.0901
42482.99041,28.141,-158.001,630.8,0.0901
42482.99041,28.141,-158.001,631.8,0.0901
42482.99041,28.141,-158.001,632.8,0.0905
42482.99041,28.141,-158.001,633.8,0.0901
42482.99041,28.141,-158.001,634.8,0.0901
42482.99041,28.141,-158.001,636.7,0.0905
42482.99041,28.141,-158.001,637.7,0.0905
42482.99041,28.141,-158.001,638.7,0.0901
42482.99041,28.141,-158.001,639.7,0.0905
42482.99041,28.141,-158.001,640.7,0.0905
42482.99041,28.141,-158.001,641.7,0.0905
42482.99041,28.141,-158.001,643.7,0.0905
42482.99041,28.141,-158.001,644.7,0.0905
42482.99041,28.141,-158.001,645.6,0.0905
42482.99041,28.141,-158.001,646.6,0.0905
42482.99041,28.141,-158.001,647.6,0.0905
42482.99041,28.141,-158.001,648.6,0.0905
42482.99041,28.141,-158.001,649.6,0.0905
42482.99041,28.141,-158.001,651.6,0.0901
42482.99041,28.141,-158.001,652.6,0.0905
42482.99041,28.141,-158.001,653.6,0.0909
42482.99041,28.141,-158.001,654.6,0.0901
42482.99041,28.141,-158.001,655.6,0.0901
42482.99041,28.141,-158.001,656.5,0.0909
42482.99041,28.141,-158.001,657.5,0.0906
42482.99041,28.141,-158.001,658.5,0.0905
42482.99041,28.141,-158.001,659.5,0.0909
42482.99041,28.141,-158.001,661.5,0.0909
42482.99041,28.141,-158.001,662.5,0.0901
42482.99041,28.141,-158.001,664.5,0.0905
42482.99041,28.141,-158.001,665.5,0.0907
42482.99041,28.141,-158.001,666.4,0.0909
42482.99041,28.141,-158.001,667.4,0.0912
42482.99041,28.141,-158.001,669.4,0.0909
42482.99041,28.141,-158.001,670.4,0.0905
42482.99041,28.141,-158.001,671.4,0.0905
42482.99041,28.141,-158.001,672.4,0.0909
42482.99041,28.141,-158.001,674.4,0.0905
42482.99041,28.141,-158.001,675.4,0.0909
42482.99041,28.141,-158.001,676.3,0.0905
42482.99041,28.141,-158.001,677.3,0.0907
42482.99041,28.141,-158.001,678.3,0.0905
42482.99041,28.141,-158.001,679.3,0.0905
42482.99041,28.141,-158.001,680.3,0.0905
42482.99041,28.141,-158.001,682.3,0.0905
42482.99041,28.141,-158.001,683.3,0.0905
42482.99041,28.141,-158.001,684.3,0.0905
42482.99041,28.141,-158.001,685.3,0.0909
42482.99041,28.141,-158.001,686.2,0.0905
42482.99041,28.141,-158.001,687.2,0.0909
42482.99041,28.141,-158.001,688.2,0.0905
42482.99041,28.141,-158.001,689.2,0.0909
42482.99041,28.141,-158.001,690.2,0.0909
42482.99041,28.141,-158.001,691.2,0.0909
42482.99041,28.141,-158.001,692.2,0.0909
42482.99041,28.141,-158.001,693.2,0.0909
42482.99041,28.141,-158.001,694.2,0.0905
42482.99041,28.141,-158.001,695.2,0.0909
42482.99041,28.141,-158.001,696.1,0.0909
42482.99041,28.141,-158.001,697.1,0.0909
42482.99041,28.141,-158.001,698.1,0.0909
42482.99041,28.141,-158.001,699.1,0.0905
42482.99041,28.141,-158.001,700.1,0.0909
42482.99041,28.141,-158.001,701.1,0.0909
42482.99041,28.141,-158.001,702.1,0.0905
42482.99041,28.141,-158.001,703.1,0.0909
42482.99041,28.141,-158.001,704.1,0.0909
42482.99041,28.141,-158.001,705.1,0.0909
42482.99041,28.141,-158.001,706,0.0909
42482.99041,28.141,-158.001,708,0.0909
42482.99041,28.141,-158.001,709,0.0909
42482.99041,28.141,-158.001,710,0.0909
42482.99041,28.141,-158.001,711,0.0905
42482.99041,28.141,-158.001,712,0.0909
42482.99041,28.141,-158.001,713,0.0909
42482.99041,28.141,-158.001,714,0.0909
42482.99041,28.141,-158.001,715,0.0909
42482.99041,28.141,-158.001,715.9,0.0905
42482.99041,28.141,-158.001,716.9,0.0909
42482.99041,28.141,-158.001,718.9,0.0909
42482.99041,28.141,-158.001,719.9,0.0912
42482.99041,28.141,-158.001,720.9,0.0909
42482.99041,28.141,-158.001,721.9,0.0909
42482.99041,28.141,-158.001,722.9,0.0909
42482.99041,28.141,-158.001,723.9,0.0909
42482.99041,28.141,-158.001,724.9,0.0909
42482.99041,28.141,-158.001,725.8,0.0905
42482.99041,28.141,-158.001,726.8,0.0912
42482.99041,28.141,-158.001,727.8,0.0909
42482.99041,28.141,-158.001,728.8,0.0912
42482.99041,28.141,-158.001,729.8,0.0909
42482.99041,28.141,-158.001,730.8,0.0909
42482.99041,28.141,-158.001,732.8,0.0905
42482.99041,28.141,-158.001,733.8,0.0909
42482.99041,28.141,-158.001,734.8,0.0912
42482.99041,28.141,-158.001,735.7,0.0916
42482.99041,28.141,-158.001,736.7,0.0912
42482.99041,28.141,-158.001,737.7,0.0912
42482.99041,28.141,-158.001,738.7,0.0909
42482.99041,28.141,-158.001,739.7,0.0909
42482.99041,28.141,-158.001,741.7,0.0909
42482.99041,28.141,-158.001,742.7,0.0912
42482.99041,28.141,-158.001,743.7,0.0909
42482.99041,28.141,-158.001,744.6,0.0912
42482.99041,28.141,-158.001,745.6,0.0909
42482.99041,28.141,-158.001,746.6,0.0909
42482.99041,28.141,-158.001,747.6,0.0909
42482.99041,28.141,-158.001,748.6,0.0911
42482.99041,28.141,-158.001,749.6,0.0912
42482.99041,28.141,-158.001,751.6,0.0909
42482.99041,28.141,-158.001,752.6,0.0912
42482.99041,28.141,-158.001,753.6,0.0912
42482.99041,28.141,-158.001,754.5,0.0912
42482.99041,28.141,-158.001,755.5,0.0912
42482.99041,28.141,-158.001,756.5,0.0912
42482.99041,28.141,-158.001,757.5,0.0912
42482.99041,28.141,-158.001,758.5,0.0912
42482.99041,28.141,-158.001,759.5,0.0909
42482.99041,28.141,-158.001,760.5,0.0912
42482.99041,28.141,-158.001,761.5,0.0912
42482.99041,28.141,-158.001,762.5,0.0912
42482.99041,28.141,-158.001,764.4,0.0909
42482.99041,28.141,-158.001,765.4,0.0912
42482.99041,28.141,-158.001,766.4,0.0909
42482.99041,28.141,-158.001,767.4,0.0912
42482.99041,28.141,-158.001,768.4,0.0912
42482.99041,28.141,-158.001,769.4,0.0909
42482.99041,28.141,-158.001,770.4,0.0909
42482.99041,28.141,-158.001,772.4,0.0912
42482.99041,28.141,-158.001,773.3,0.0912
42482.99041,28.141,-158.001,774.3,0.0912
42482.99041,28.141,-158.001,775.3,0.0909
42482.99041,28.141,-158.001,776.3,0.0912
42482.99041,28.141,-158.001,777.3,0.0909
42482.99041,28.141,-158.001,778.3,0.0912
42482.99041,28.141,-158.001,779.3,0.0912
42482.99041,28.141,-158.001,780.3,0.0912
42482.99041,28.141,-158.001,781.3,0.0912
42482.99041,28.141,-158.001,782.3,0.0912
42482.99041,28.141,-158.001,783.2,0.0912
42482.99041,28.141,-158.001,784.2,0.0912
42482.99041,28.141,-158.001,785.2,0.0912
42482.99041,28.141,-158.001,786.2,0.0912
42482.99041,28.141,-158.001,787.2,0.0911
42482.99041,28.141,-158.001,788.2,0.0912
42482.99041,28.141,-158.001,789.2,0.0912
42482.99041,28.141,-158.001,790.2,0.0912
42482.99041,28.141,-158.001,791.2,0.0912
42482.99041,28.141,-158.001,793.1,0.0912
42482.99041,28.141,-158.001,794.1,0.0912
42482.99041,28.141,-158.001,795.1,0.0912
42482.99041,28.141,-158.001,796.1,0.0912
42482.99041,28.141,-158.001,797.1,0.0912
42482.99041,28.141,-158.001,798.1,0.0912
42482.99041,28.141,-158.001,799.1,0.0912
42482.99041,28.141,-158.001,800.1,0.0911
42482.99041,28.141,-158.001,801.1,0.0912
42482.99041,28.141,-158.001,803,0.0912
42482.99041,28.141,-158.001,804,0.0912
42482.99041,28.141,-158.001,805,0.0912
42482.99041,28.141,-158.001,807,0.0912
42482.99041,28.141,-158.001,808,0.0912
42482.99041,28.141,-158.001,809,0.0915
42482.99041,28.141,-158.001,810,0.0912
42482.99041,28.141,-158.001,811,0.0912
42482.99041,28.141,-158.001,811.9,0.0912
42482.99041,28.141,-158.001,812.9,0.0912
42482.99041,28.141,-158.001,813.9,0.0912
42482.99041,28.141,-158.001,814.9,0.0916
42482.99041,28.141,-158.001,816.9,0.0912
42482.99041,28.141,-158.001,817.9,0.0916
42482.99041,28.141,-158.001,818.9,0.0912
42482.99041,28.141,-158.001,819.9,0.0914
42482.99041,28.141,-158.001,820.8,0.0916
42482.99041,28.141,-158.001,821.8,0.0912
42482.99041,28.141,-158.001,822.8,0.0912
42482.99041,28.141,-158.001,823.8,0.0912
42482.99041,28.141,-158.001,824.8,0.0912
42482.99041,28.141,-158.001,825.8,0.0912
42482.99041,28.141,-158.001,826.8,0.0912
42482.99041,28.141,-158.001,827.8,0.0912
42482.99041,28.141,-158.001,828.8,0.0912
42482.99041,28.141,-158.001,830.7,0.0912
42482.99041,28.141,-158.001,831.7,0.0912
42482.99041,28.141,-158.001,832.7,0.0916
42482.99041,28.141,-158.001,833.7,0.0916
42482.99041,28.141,-158.001,834.7,0.0916
42482.99041,28.141,-158.001,835.7,0.0916
42482.99041,28.141,-158.001,836.7,0.0909
42482.99041,28.141,-158.001,838.7,0.0916
42482.99041,28.141,-158.001,839.6,0.0912
42482.99041,28.141,-158.001,840.6,0.0916
42482.99041,28.141,-158.001,841.6,0.0916
42482.99041,28.141,-158.001,842.6,0.0916
42482.99041,28.141,-158.001,843.6,0.0916
42482.99041,28.141,-158.001,844.6,0.0912
42482.99041,28.141,-158.001,845.6,0.0916
42482.99041,28.141,-158.001,846.6,0.0916
42482.99041,28.141,-158.001,847.6,0.0916
42482.99041,28.141,-158.001,848.5,0.0916
42482.99041,28.141,-158.001,849.5,0.0912
42482.99041,28.141,-158.001,850.5,0.0916
42482.99041,28.141,-158.001,851.5,0.0914
42482.99041,28.141,-158.001,853.5,0.0916
42482.99041,28.141,-158.001,854.5,0.0916
42482.99041,28.141,-158.001,855.5,0.0916
42482.99041,28.141,-158.001,856.5,0.0916
42482.99041,28.141,-158.001,857.5,0.0916
42482.99041,28.141,-158.001,858.4,0.0916
42482.99041,28.141,-158.001,859.4,0.0912
42482.99041,28.141,-158.001,860.4,0.0916
42482.99041,28.141,-158.001,861.4,0.0916
42482.99041,28.141,-158.001,862.4,0.0916
42482.99041,28.141,-158.001,864.4,0.0912
42482.99041,28.141,-158.001,865.4,0.092
42482.99041,28.141,-158.001,866.4,0.0914
42482.99041,28.141,-158.001,867.3,0.0916
42482.99041,28.141,-158.001,868.3,0.0916
42482.99041,28.141,-158.001,869.3,0.092
42482.99041,28.141,-158.001,870.3,0.0916
42482.99041,28.141,-158.001,871.3,0.0912
42482.99041,28.141,-158.001,872.3,0.0916
42482.99041,28.141,-158.001,873.3,0.0916
42482.99041,28.141,-158.001,875.3,0.0916
42482.99041,28.141,-158.001,876.2,0.0916
42482.99041,28.141,-158.001,877.2,0.0916
42482.99041,28.141,-158.001,878.2,0.0916
42482.99041,28.141,-158.001,879.2,0.092
42482.99041,28.141,-158.001,880.2,0.0916
42482.99041,28.141,-158.001,882.2,0.0916
42482.99041,28.141,-158.001,883.2,0.0916
42482.99041,28.141,-158.001,884.2,0.0916
42482.99041,28.141,-158.001,885.1,0.0916
42482.99041,28.141,-158.001,886.1,0.0916
42482.99041,28.141,-158.001,887.1,0.0916
42482.99041,28.141,-158.001,888.1,0.0916
42482.99041,28.141,-158.001,889.1,0.0916
42482.99041,28.141,-158.001,890.1,0.0916
42482.99041,28.141,-158.001,891.1,0.0916
42482.99041,28.141,-158.001,892.1,0.0916
42482.99041,28.141,-158.001,893.1,0.0916
42482.99041,28.141,-158.001,894,0.0916
42482.99041,28.141,-158.001,895,0.0916
42482.99041,28.141,-158.001,896,0.0916
42482.99041,28.141,-158.001,897,0.0916
42482.99041,28.141,-158.001,898,0.0916
42482.99041,28.141,-158.001,900,0.0916
42482.99041,28.141,-158.001,901,0.0916
42482.99041,28.141,-158.001,902,0.0918
42482.99041,28.141,-158.001,902.9,0.0916
42482.99041,28.141,-158.001,903.9,0.0916
42482.99041,28.141,-158.001,904.9,0.0916
42482.99041,28.141,-158.001,905.9,0.0916
42482.99041,28.141,-158.001,906.9,0.0916
42482.99041,28.141,-158.001,907.9,0.092
42482.99041,28.141,-158.001,908.9,0.0916
42482.99041,28.141,-158.001,909.9,0.0916
42482.99041,28.141,-158.001,910.9,0.0916
42482.99041,28.141,-158.001,911.9,0.0916
42482.99041,28.141,-158.001,912.8,0.0916
42482.99041,28.141,-158.001,913.8,0.092
42482.99041,28.141,-158.001,914.8,0.0916
42482.99041,28.141,-158.001,916.8,0.0916
42482.99041,28.141,-158.001,917.8,0.0916
42482.99041,28.141,-158.001,918.8,0.0916
42482.99041,28.141,-158.001,919.8,0.0916
42482.99041,28.141,-158.001,920.8,0.0916
42482.99041,28.141,-158.001,921.7,0.0912
42482.99041,28.141,-158.001,922.7,0.0916
42482.99041,28.141,-158.001,923.7,0.0916
42482.99041,28.141,-158.001,924.7,0.092
42482.99041,28.141,-158.001,925.7,0.0916
42482.99041,28.141,-158.001,927.7,0.092
42482.99041,28.141,-158.001,928.7,0.0916
42482.99041,28.141,-158.001,929.7,0.0916
42482.99041,28.141,-158.001,930.6,0.0916
42482.99041,28.141,-158.001,931.6,0.0916
42482.99041,28.141,-158.001,932.6,0.0916
42482.99041,28.141,-158.001,933.6,0.0916
42482.99041,28.141,-158.001,934.6,0.0916
42482.99041,28.141,-158.001,936.6,0.092
42482.99041,28.141,-158.001,937.6,0.0916
42482.99041,28.141,-158.001,939.5,0.0916
42482.99041,28.141,-158.001,940.5,0.0916
42482.99041,28.141,-158.001,941.5,0.0917
42482.99041,28.141,-158.001,942.5,0.0916
42482.99041,28.141,-158.001,943.5,0.0912
42482.99041,28.141,-158.001,944.5,0.092
42482.99041,28.141,-158.001,946.5,0.0916
42482.99041,28.141,-158.001,947.4,0.0916
42482.99041,28.141,-158.001,948.4,0.0916
42482.99041,28.141,-158.001,949.4,0.0916
42482.99041,28.141,-158.001,950.4,0.0916
42482.99041,28.141,-158.001,951.4,0.092
42482.99041,28.141,-158.001,952.4,0.0915
42482.99041,28.141,-158.001,953.4,0.0916
42482.99041,28.141,-158.001,954.4,0.0916
42482.99041,28.141,-158.001,955.4,0.0916
42482.99041,28.141,-158.001,956.3,0.0912
42482.99041,28.141,-158.001,957.3,0.0916
42482.99041,28.141,-158.001,958.3,0.0916
42482.99041,28.141,-158.001,959.3,0.0916
42482.99041,28.141,-158.001,960.3,0.0916
42482.99041,28.141,-158.001,961.3,0.0915
42482.99041,28.141,-158.001,962.3,0.0916
42482.99041,28.141,-158.001,963.3,0.0916
42482.99041,28.141,-158.001,965.2,0.0916
42482.99041,28.141,-158.001,966.2,0.0916
42482.99041,28.141,-158.001,967.2,0.0914
42482.99041,28.141,-158.001,968.2,0.0912
42482.99041,28.141,-158.001,969.2,0.0916
42482.99041,28.141,-158.001,970.2,0.0915
42482.99041,28.141,-158.001,971.2,0.0916
42482.99041,28.141,-158.001,972.2,0.0916
42482.99041,28.141,-158.001,973.2,0.0916
42482.99041,28.141,-158.001,974.1,0.0915
42482.99041,28.141,-158.001,975.1,0.0917
42482.99041,28.141,-158.001,976.1,0.0914
42482.99041,28.141,-158.001,977.1,0.0915
42482.99041,28.141,-158.001,978.1,0.0916
42482.99041,28.141,-158.001,979.1,0.0916
42482.99041,28.141,-158.001,980.1,0.0915
42482.99041,28.141,-158.001,981.1,0.0916
42482.99041,28.141,-158.001,982.1,0.0916
42482.99041,28.141,-158.001,983,0.0916
42482.99041,28.141,-158.001,985,0.0916
42482.99041,28.141,-158.001,986,0.0915
42482.99041,28.141,-158.001,987,0.0916
42482.99041,28.141,-158.001,988,0.0915
42482.99041,28.141,-158.001,989,0.0914
42482.99041,28.141,-158.001,990,0.0915
42482.99041,28.141,-158.001,991,0.0916
42482.99041,28.141,-158.001,991.9,0.0916
42482.99041,28.141,-158.001,992.9,0.0916
42482.9117,28.14,-158.003,3,0.0958
42482.9117,28.14,-158.003,4,0.0945
42482.9117,28.14,-158.003,5,0.0949
42482.9117,28.14,-158.003,6,0.0954
42482.9117,28.14,-158.003,7,0.0956
42482.9117,28.14,-158.003,7.9,0.0964
42482.9117,28.14,-158.003,8.9,0.0963
42482.9117,28.14,-158.003,9.9,0.096
42482.9117,28.14,-158.003,10.9,0.0963
42482.9117,28.14,-158.003,11.9,0.0959
42482.9117,28.14,-158.003,12.9,0.0961
42482.9117,28.14,-158.003,13.9,0.096
42482.9117,28.14,-158.003,14.9,0.0967
42482.9117,28.14,-158.003,15.9,0.0971
42482.9117,28.14,-158.003,16.9,0.0976
42482.9117,28.14,-158.003,17.9,0.0981
42482.9117,28.14,-158.003,18.9,0.098
42482.9117,28.14,-158.003,19.9,0.0987
42482.9117,28.14,-158.003,20.9,0.0987
42482.9117,28.14,-158.003,21.9,0.099
42482.9117,28.14,-158.003,22.8,0.0988
42482.9117,28.14,-158.003,23.8,0.0993
42482.9117,28.14,-158.003,24.8,0.1003
42482.9117,28.14,-158.003,25.8,0.1001
42482.9117,28.14,-158.003,26.8,0.1014
42482.9117,28.14,-158.003,27.8,0.1018
42482.9117,28.14,-158.003,28.8,0.1026
42482.9117,28.14,-158.003,29.8,0.101
42482.9117,28.14,-158.003,30.8,0.1023
42482.9117,28.14,-158.003,31.8,0.1021
42482.9117,28.14,-158.003,32.8,0.1024
42482.9117,28.14,-158.003,33.8,0.1026
42482.9117,28.14,-158.003,34.8,0.1027
42482.9117,28.14,-158.003,35.8,0.1029
42482.9117,28.14,-158.003,36.8,0.1033
42482.9117,28.14,-158.003,37.7,0.105
42482.9117,28.14,-158.003,38.7,0.1056
42482.9117,28.14,-158.003,39.7,0.1067
42482.9117,28.14,-158.003,40.7,0.1067
42482.9117,28.14,-158.003,41.7,0.1091
42482.9117,28.14,-158.003,42.7,0.107
42482.9117,28.14,-158.003,43.7,0.1083
42482.9117,28.14,-158.003,44.7,0.1093
42482.9117,28.14,-158.003,45.7,0.1096
42482.9117,28.14,-158.003,46.7,0.1106
42482.9117,28.14,-158.003,47.7,0.1108
42482.9117,28.14,-158.003,48.7,0.1112
42482.9117,28.14,-158.003,49.7,0.1127
42482.9117,28.14,-158.003,50.7,0.1138
42482.9117,28.14,-158.003,51.6,0.1173
42482.9117,28.14,-158.003,52.6,0.1176
42482.9117,28.14,-158.003,53.6,0.1183
42482.9117,28.14,-158.003,54.6,0.1205
42482.9117,28.14,-158.003,55.6,0.1245
42482.9117,28.14,-158.003,56.6,0.1264
42482.9117,28.14,-158.003,57.6,0.1268
42482.9117,28.14,-158.003,58.6,0.1281
42482.9117,28.14,-158.003,59.6,0.1333
42482.9117,28.14,-158.003,60.6,0.1361
42482.9117,28.14,-158.003,61.6,0.1354
42482.9117,28.14,-158.003,62.6,0.1375
42482.9117,28.14,-158.003,63.6,0.1369
42482.9117,28.14,-158.003,64.6,0.1388
42482.9117,28.14,-158.003,65.5,0.1397
42482.9117,28.14,-158.003,66.5,0.1442
42482.9117,28.14,-158.003,67.5,0.1493
42482.9117,28.14,-158.003,68.5,0.1491
42482.9117,28.14,-158.003,69.5,0.154
42482.9117,28.14,-158.003,70.5,0.1641
42482.9117,28.14,-158.003,71.5,0.1756
42482.9117,28.14,-158.003,72.5,0.1841
42482.9117,28.14,-158.003,73.5,0.1929
42482.9117,28.14,-158.003,74.5,0.1959
42482.9117,28.14,-158.003,75.5,0.1923
42482.9117,28.14,-158.003,76.5,0.2017
42482.9117,28.14,-158.003,77.5,0.2059
42482.9117,28.14,-158.003,78.5,0.2228
42482.9117,28.14,-158.003,79.5,0.2432
42482.9117,28.14,-158.003,80.4,0.2528
42482.9117,28.14,-158.003,81.4,0.2726
42482.9117,28.14,-158.003,82.4,0.263
42482.9117,28.14,-158.003,83.4,0.2675
42482.9117,28.14,-158.003,84.4,0.2742
42482.9117,28.14,-158.003,85.4,0.2893
42482.9117,28.14,-158.003,86.4,0.3096
42482.9117,28.14,-158.003,87.4,0.345
42482.9117,28.14,-158.003,88.4,0.3577
42482.9117,28.14,-158.003,89.4,0.3738
42482.9117,28.14,-158.003,90.4,0.3742
42482.9117,28.14,-158.003,91.4,0.3663
42482.9117,28.14,-158.003,92.4,0.3577
42482.9117,28.14,-158.003,93.4,0.3528
42482.9117,28.14,-158.003,94.3,0.3541
42482.9117,28.14,-158.003,95.3,0.3415
42482.9117,28.14,-158.003,96.3,0.3475
42482.9117,28.14,-158.003,97.3,0.3502
42482.9117,28.14,-158.003,98.3,0.3334
42482.9117,28.14,-158.003,99.3,0.3359
42482.9117,28.14,-158.003,100.3,0.3075
42482.9117,28.14,-158.003,101.3,0.3036
42482.9117,28.14,-158.003,102.3,0.2898
42482.9117,28.14,-158.003,103.3,0.2814
42482.9117,28.14,-158.003,104.3,0.2889
42482.9117,28.14,-158.003,105.3,0.2635
42482.9117,28.14,-158.003,106.3,0.2491
42482.9117,28.14,-158.003,107.3,0.2429
42482.9117,28.14,-158.003,108.2,0.2339
42482.9117,28.14,-158.003,109.2,0.2273
42482.9117,28.14,-158.003,110.2,0.2293
42482.9117,28.14,-158.003,111.2,0.2303
42482.9117,28.14,-158.003,112.2,0.2307
42482.9117,28.14,-158.003,113.2,0.2333
42482.9117,28.14,-158.003,114.2,0.2243
42482.9117,28.14,-158.003,115.2,0.2183
42482.9117,28.14,-158.003,116.2,0.2124
42482.9117,28.14,-158.003,117.2,0.2143
42482.9117,28.14,-158.003,118.2,0.2119
42482.9117,28.14,-158.003,119.2,0.2128
42482.9117,28.14,-158.003,120.2,0.2092
42482.9117,28.14,-158.003,121.2,0.2062
42482.9117,28.14,-158.003,122.1,0.2055
42482.9117,28.14,-158.003,123.1,0.2111
42482.9117,28.14,-158.003,124.1,0.1989
42482.9117,28.14,-158.003,125.1,0.1916
42482.9117,28.14,-158.003,126.1,0.1934
42482.9117,28.14,-158.003,127.1,0.1931
42482.9117,28.14,-158.003,128.1,0.1873
42482.9117,28.14,-158.003,129.1,0.1827
42482.9117,28.14,-158.003,130.1,0.1788
42482.9117,28.14,-158.003,131.1,0.1758
42482.9117,28.14,-158.003,132.1,0.1743
42482.9117,28.14,-158.003,133.1,0.1762
42482.9117,28.14,-158.003,134.1,0.1684
42482.9117,28.14,-158.003,135,0.1611
42482.9117,28.14,-158.003,136,0.1568
42482.9117,28.14,-158.003,137,0.1562
42482.9117,28.14,-158.003,138,0.1645
42482.9117,28.14,-158.003,139,0.1634
42482.9117,28.14,-158.003,140,0.1611
42482.9117,28.14,-158.003,141,0.1579
42482.9117,28.14,-158.003,142,0.148
42482.9117,28.14,-158.003,143,0.1461
42482.9117,28.14,-158.003,144,0.1465
42482.9117,28.14,-158.003,145,0.1502
42482.9117,28.14,-158.003,146,0.1589
42482.9117,28.14,-158.003,147,0.1544
42482.9117,28.14,-158.003,148,0.1414
42482.9117,28.14,-158.003,148.9,0.1399
42482.9117,28.14,-158.003,149.9,0.1333
42482.9117,28.14,-158.003,150.9,0.1367
42482.9117,28.14,-158.003,151.9,0.1348
42482.9117,28.14,-158.003,152.9,0.1386
42482.9117,28.14,-158.003,153.9,0.1318
42482.9117,28.14,-158.003,154.9,0.1273
42482.9117,28.14,-158.003,155.9,0.1224
42482.9117,28.14,-158.003,156.9,0.1228
42482.9117,28.14,-158.003,157.9,0.1232
42482.9117,28.14,-158.003,158.9,0.1258
42482.9117,28.14,-158.003,159.9,0.1216
42482.9117,28.14,-158.003,160.9,0.1204
42482.9117,28.14,-158.003,161.9,0.1205
42482.9117,28.14,-158.003,162.8,0.1183
42482.9117,28.14,-158.003,163.8,0.1172
42482.9117,28.14,-158.003,164.8,0.1134
42482.9117,28.14,-158.003,165.8,0.1099
42482.9117,28.14,-158.003,166.8,0.1093
42482.9117,28.14,-158.003,167.8,0.107
42482.9117,28.14,-158.003,168.8,0.1061
42482.9117,28.14,-158.003,169.8,0.1035
42482.9117,28.14,-158.003,170.8,0.1029
42482.9117,28.14,-158.003,171.8,0.1025
42482.9117,28.14,-158.003,172.8,0.1006
42482.9117,28.14,-158.003,173.8,0.098
42482.9117,28.14,-158.003,174.8,0.0976
42482.9117,28.14,-158.003,175.7,0.0972
42482.9117,28.14,-158.003,176.7,0.0978
42482.9117,28.14,-158.003,177.7,0.0959
42482.9117,28.14,-158.003,178.7,0.097
42482.9117,28.14,-158.003,179.7,0.0939
42482.9117,28.14,-158.003,180.7,0.0939
42482.9117,28.14,-158.003,181.7,0.0931
42482.9117,28.14,-158.003,182.7,0.0935
42482.9117,28.14,-158.003,183.7,0.0936
42482.9117,28.14,-158.003,184.7,0.0931
42482.9117,28.14,-158.003,185.7,0.092
42482.9117,28.14,-158.003,186.7,0.0943
42482.9117,28.14,-158.003,187.7,0.0923
42482.9117,28.14,-158.003,188.6,0.0911
42482.9117,28.14,-158.003,189.6,0.0911
42482.9117,28.14,-158.003,190.6,0.0903
42482.9117,28.14,-158.003,191.6,0.0897
42482.9117,28.14,-158.003,192.6,0.0901
42482.9117,28.14,-158.003,193.6,0.0902
42482.9117,28.14,-158.003,194.6,0.0897
42482.9117,28.14,-158.003,195.6,0.0901
42482.9117,28.14,-158.003,196.6,0.0901
42482.9117,28.14,-158.003,197.6,0.0899
42482.9117,28.14,-158.003,198.6,0.0902
42482.9117,28.14,-158.003,199.6,0.0896
42482.9117,28.14,-158.003,200.6,0.0891
42482.4591,28.143,-158.001,2,0.1059
42482.4591,28.143,-158.001,3,0.107
42482.4591,28.143,-158.001,4,0.1083
42482.4591,28.143,-158.001,5,0.1073
42482.4591,28.143,-158.001,6,0.108
42482.4591,28.143,-158.001,7,0.1064
42482.4591,28.143,-158.001,7.9,0.1077
42482.4591,28.143,-158.001,8.9,0.104
42482.4591,28.143,-158.001,9.9,0.1063
42482.4591,28.143,-158.001,10.9,0.1057
42482.4591,28.143,-158.001,11.9,0.1087
42482.4591,28.143,-158.001,12.9,0.1078
42482.4591,28.143,-158.001,13.9,0.105
42482.4591,28.143,-158.001,14.9,0.1055
42482.4591,28.143,-158.001,15.9,0.1073
42482.4591,28.143,-158.001,16.9,0.108
42482.4591,28.143,-158.001,17.9,0.1074
42482.4591,28.143,-158.001,18.9,0.1064
42482.4591,28.143,-158.001,19.9,0.1132
42482.4591,28.143,-158.001,20.9,0.1075
42482.4591,28.143,-158.001,21.9,0.1078
42482.4591,28.143,-158.001,22.8,0.1081
42482.4591,28.143,-158.001,23.8,0.1096
42482.4591,28.143,-158.001,24.8,0.1093
42482.4591,28.143,-158.001,25.8,0.1085
42482.4591,28.143,-158.001,26.8,0.1092
42482.4591,28.143,-158.001,27.8,0.1113
42482.4591,28.143,-158.001,28.8,0.11
42482.4591,28.143,-158.001,29.8,0.1103
42482.4591,28.143,-158.001,30.8,0.1094
42482.4591,28.143,-158.001,31.8,0.1091
42482.4591,28.143,-158.001,32.8,0.1078
42482.4591,28.143,-158.001,33.8,0.1114
42482.4591,28.143,-158.001,34.8,0.1096
42482.4591,28.143,-158.001,35.8,0.1102
42482.4591,28.143,-158.001,36.8,0.1136
42482.4591,28.143,-158.001,37.7,0.1108
42482.4591,28.143,-158.001,38.7,0.1112
42482.4591,28.143,-158.001,39.7,0.1112
42482.4591,28.143,-158.001,40.7,0.1128
42482.4591,28.143,-158.001,41.7,0.1134
42482.4591,28.143,-158.001,42.7,0.113
42482.4591,28.143,-158.001,43.7,0.11
42482.4591,28.143,-158.001,44.7,0.111
42482.4591,28.143,-158.001,45.7,0.1123
42482.4591,28.143,-158.001,46.7,0.1123
42482.4591,28.143,-158.001,47.7,0.1123
42482.4591,28.143,-158.001,48.7,0.1132
42482.4591,28.143,-158.001,49.7,0.1164
42482.4591,28.143,-158.001,50.7,0.1134
42482.4591,28.143,-158.001,51.6,0.1149
42482.4591,28.143,-158.001,52.6,0.1153
42482.4591,28.143,-158.001,53.6,0.1176
42482.4591,28.143,-158.001,54.6,0.1168
42482.4591,28.143,-158.001,55.6,0.12
42482.4591,28.143,-158.001,56.6,0.122
42482.4591,28.143,-158.001,57.6,0.1211
42482.4591,28.143,-158.001,58.6,0.1209
42482.4591,28.143,-158.001,59.6,0.1232
42482.4591,28.143,-158.001,60.6,0.1239
42482.4591,28.143,-158.001,61.6,0.1243
42482.4591,28.143,-158.001,62.6,0.1264
42482.4591,28.143,-158.001,63.6,0.1272
42482.4591,28.143,-158.001,64.6,0.1249
42482.4591,28.143,-158.001,65.5,0.1296
42482.4591,28.143,-158.001,66.5,0.1294
42482.4591,28.143,-158.001,67.5,0.1341
42482.4591,28.143,-158.001,68.5,0.1455
42482.4591,28.143,-158.001,69.5,0.1525
42482.4591,28.143,-158.001,70.5,0.1531
42482.4591,28.143,-158.001,71.5,0.1598
42482.4591,28.143,-158.001,72.5,0.1638
42482.4591,28.143,-158.001,73.5,0.1645
42482.4591,28.143,-158.001,74.5,0.1647
42482.4591,28.143,-158.001,75.5,0.1647
42482.4591,28.143,-158.001,76.5,0.1679
42482.4591,28.143,-158.001,77.5,0.1675
42482.4591,28.143,-158.001,78.5,0.1702
42482.4591,28.143,-158.001,79.5,0.1713
42482.4591,28.143,-158.001,80.4,0.182
42482.4591,28.143,-158.001,81.4,0.1823
42482.4591,28.143,-158.001,82.4,0.175
42482.4591,28.143,-158.001,83.4,0.1788
42482.4591,28.143,-158.001,84.4,0.1826
42482.4591,28.143,-158.001,85.4,0.1869
42482.4591,28.143,-158.001,86.4,0.1948
42482.4591,28.143,-158.001,87.4,0.1893
42482.4591,28.143,-158.001,88.4,0.1871
42482.4591,28.143,-158.001,89.4,0.1921
42482.4591,28.143,-158.001,90.4,0.195
42482.4591,28.143,-158.001,91.4,0.1962
42482.4591,28.143,-158.001,92.4,0.207
42482.4591,28.143,-158.001,93.4,0.207
42482.4591,28.143,-158.001,94.3,0.2111
42482.4591,28.143,-158.001,95.3,0.2132
42482.4591,28.143,-158.001,96.3,0.2107
42482.4591,28.143,-158.001,97.3,0.2199
42482.4591,28.143,-158.001,98.3,0.2292
42482.4591,28.143,-158.001,99.3,0.2276
42482.4591,28.143,-158.001,100.3,0.2354
42482.4591,28.143,-158.001,101.3,0.2367
42482.4591,28.143,-158.001,102.3,0.2434
42482.4591,28.143,-158.001,103.3,0.2584
42482.4591,28.143,-158.001,104.3,0.2613
42482.4591,28.143,-158.001,105.3,0.2622
42482.4591,28.143,-158.001,106.3,0.2639
42482.4591,28.143,-158.001,107.3,0.2754
42482.4591,28.143,-158.001,108.2,0.2744
42482.4591,28.143,-158.001,109.2,0.293
42482.4591,28.143,-158.001,110.2,0.299
42482.4591,28.143,-158.001,111.2,0.2784
42482.4591,28.143,-158.001,112.2,0.2799
42482.4591,28.143,-158.001,113.2,0.2774
42482.4591,28.143,-158.001,114.2,0.2895
42482.4591,28.143,-158.001,115.2,0.2842
42482.4591,28.143,-158.001,116.2,0.2795
42482.4591,28.143,-158.001,117.2,0.3024
42482.4591,28.143,-158.001,118.2,0.2915
42482.4591,28.143,-158.001,119.2,0.2975
42482.4591,28.143,-158.001,120.2,0.2908
42482.4591,28.143,-158.001,121.2,0.3111
42482.4591,28.143,-158.001,122.1,0.2844
42482.4591,28.143,-158.001,123.1,0.2923
42482.4591,28.143,-158.001,124.1,0.2904
42482.4591,28.143,-158.001,125.1,0.2932
42482.4591,28.143,-158.001,126.1,0.2795
42482.4591,28.143,-158.001,127.1,0.278
42482.4591,28.143,-158.001,128.1,0.2746
42482.4591,28.143,-158.001,129.1,0.2649
42482.4591,28.143,-158.001,130.1,0.2506
42482.4591,28.143,-158.001,131.1,0.2325
42482.4591,28.143,-158.001,132.1,0.2472
42482.4591,28.143,-158.001,133.1,0.2205
42482.4591,28.143,-158.001,134.1,0.222
42482.4591,28.143,-158.001,135,0.2123
42482.4591,28.143,-158.001,136,0.2077
42482.4591,28.143,-158.001,137,0.207
42482.4591,28.143,-158.001,138,0.201
42482.4591,28.143,-158.001,139,0.1933
42482.4591,28.143,-158.001,140,0.1999
42482.4591,28.143,-158.001,141,0.1837
42482.4591,28.143,-158.001,142,0.1863
42482.4591,28.143,-158.001,143,0.1953
42482.4591,28.143,-158.001,144,0.1799
42482.4591,28.143,-158.001,146,0.1713
42482.4591,28.143,-158.001,147,0.175
42482.4591,28.143,-158.001,148,0.1713
42482.4591,28.143,-158.001,148.9,0.1826
42482.4591,28.143,-158.001,149.9,0.1669
42482.4591,28.143,-158.001,150.9,0.1705
42482.4591,28.143,-158.001,151.9,0.169
42482.4591,28.143,-158.001,152.9,0.1634
42482.4591,28.143,-158.001,153.9,0.1525
42482.4591,28.143,-158.001,154.9,0.1438
42482.4591,28.143,-158.001,155.9,0.1465
42482.4591,28.143,-158.001,156.9,0.1453
42482.4591,28.143,-158.001,157.9,0.1378
42482.4591,28.143,-158.001,158.9,0.1424
42482.4591,28.143,-158.001,159.9,0.1421
42482.4591,28.143,-158.001,160.9,0.1346
42482.4591,28.143,-158.001,161.9,0.1311
42482.4591,28.143,-158.001,162.8,0.1292
42482.4591,28.143,-158.001,163.8,0.1277
42482.4591,28.143,-158.001,164.8,0.1269
42482.4591,28.143,-158.001,165.8,0.1258
42482.4591,28.143,-158.001,166.8,0.1247
42482.4591,28.143,-158.001,167.8,0.1251
42482.4591,28.143,-158.001,168.8,0.1299
42482.4591,28.143,-158.001,169.8,0.1185
42482.4591,28.143,-158.001,170.8,0.1194
42482.4591,28.143,-158.001,172.8,0.1191
42482.4591,28.143,-158.001,173.8,0.1194
42482.4591,28.143,-158.001,174.8,0.1191
42482.4591,28.143,-158.001,175.7,0.1191
42482.4591,28.143,-158.001,176.7,0.1191
42482.4591,28.143,-158.001,177.7,0.1203
42482.4591,28.143,-158.001,178.7,0.1145
42482.4591,28.143,-158.001,179.7,0.1138
42482.4591,28.143,-158.001,180.7,0.1123
42482.4591,28.143,-158.001,181.7,0.1115
42482.4591,28.143,-158.001,182.7,0.113
42482.4591,28.143,-158.001,183.7,0.1089
42482.4591,28.143,-158.001,184.7,0.1048
42482.4591,28.143,-158.001,185.7,0.1048
42482.4591,28.143,-158.001,186.7,0.1051
42482.4591,28.143,-158.001,187.7,0.1051
42482.4591,28.143,-158.001,188.6,0.104
42482.4591,28.143,-158.001,189.6,0.1021
42482.4591,28.143,-158.001,190.6,0.1014
42482.4591,28.143,-158.001,192.6,0.1014
42482.4591,28.143,-158.001,193.6,0.0999
42482.4591,28.143,-158.001,194.6,0.0997
42482.4591,28.143,-158.001,195.6,0.0958
42482.4591,28.143,-158.001,196.6,0.0969
42482.4591,28.143,-158.001,197.6,0.0956
42482.4591,28.143,-158.001,198.6,0.0961
42482.4591,28.143,-158.001,199.6,0.0943
42482.4591,28.143,-158.001,200.6,0.0946
42482.4591,28.143,-158.001,201.5,0.0943
42482.4591,28.143,-158.001,202.5,0.0931
42482.4591,28.143,-158.001,203.5,0.0935
42482.4591,28.143,-158.001,204.5,0.0931
42482.4591,28.143,-158.001,205.5,0.0927
42482.4591,28.143,-158.001,206.5,0.0929
42482.4591,28.143,-158.001,207.5,0.0912
42482.4591,28.143,-158.001,208.5,0.0905
42482.4591,28.143,-158.001,209.5,0.0897
42482.4591,28.143,-158.001,210.5,0.0894
42482.4591,28.143,-158.001,211.5,0.089
42482.4591,28.143,-158.001,212.5,0.089
42482.4591,28.143,-158.001,213.5,0.0901
42482.4591,28.143,-158.001,214.4,0.0886
42482.4591,28.143,-158.001,215.4,0.0882
42482.4591,28.143,-158.001,216.4,0.0882
42482.4591,28.143,-158.001,217.4,0.0882
42482.4591,28.143,-158.001,218.4,0.0886
42482.4591,28.143,-158.001,219.4,0.0879
42482.4591,28.143,-158.001,220.4,0.0879
42482.4591,28.143,-158.001,221.4,0.0875
42482.4591,28.143,-158.001,222.4,0.0879
42482.4591,28.143,-158.001,223.4,0.0879
42482.4591,28.143,-158.001,224.4,0.0875
42482.4591,28.143,-158.001,225.4,0.0875
42482.4591,28.143,-158.001,226.4,0.0875
42482.4591,28.143,-158.001,227.3,0.0871
42482.4591,28.143,-158.001,228.3,0.0869
42482.4591,28.143,-158.001,229.3,0.087
42482.4591,28.143,-158.001,230.3,0.0871
42482.4591,28.143,-158.001,231.3,0.0909
42482.4591,28.143,-158.001,232.3,0.0867
42482.4591,28.143,-158.001,233.3,0.0871
42482.4591,28.143,-158.001,234.3,0.0867
42482.4591,28.143,-158.001,235.3,0.0871
42482.4591,28.143,-158.001,236.3,0.087
42482.4591,28.143,-158.001,237.3,0.0871
42482.4591,28.143,-158.001,238.3,0.0867
42482.4591,28.143,-158.001,239.3,0.0865
42482.4591,28.143,-158.001,240.2,0.0869
42482.4591,28.143,-158.001,241.2,0.0867
42482.4591,28.143,-158.001,243.2,0.0867
42482.4591,28.143,-158.001,244.2,0.0863
42482.4591,28.143,-158.001,246.2,0.0867
42482.4591,28.143,-158.001,247.2,0.0865
42482.4591,28.143,-158.001,248.2,0.0863
42482.4591,28.143,-158.001,250.2,0.0863
42482.4591,28.143,-158.001,251.2,0.0863
42482.4591,28.143,-158.001,252.2,0.0863
42482.4591,28.143,-158.001,253.1,0.0863
42482.4591,28.143,-158.001,254.1,0.0863
42482.4591,28.143,-158.001,255.1,0.0869
42482.4591,28.143,-158.001,256.1,0.0864
42482.4591,28.143,-158.001,257.1,0.0865
42482.4591,28.143,-158.001,258.1,0.089
42482.4591,28.143,-158.001,259.1,0.0863
42482.4591,28.143,-158.001,260.1,0.086
42482.4591,28.143,-158.001,262.1,0.0867
42482.4591,28.143,-158.001,263.1,0.0863
42482.4591,28.143,-158.001,264.1,0.0863
42482.4591,28.143,-158.001,265.1,0.0865
42482.4591,28.143,-158.001,266,0.086
42482.4591,28.143,-158.001,267,0.0863
42482.4591,28.143,-158.001,268,0.0863
42482.4591,28.143,-158.001,269,0.086
42482.4591,28.143,-158.001,270,0.0865
42482.4591,28.143,-158.001,271,0.0863
42482.4591,28.143,-158.001,272,0.086
42482.4591,28.143,-158.001,273,0.0863
42482.4591,28.143,-158.001,274,0.0863
42482.4591,28.143,-158.001,275,0.0863
42482.4591,28.143,-158.001,276,0.0865
42482.4591,28.143,-158.001,277,0.0863
42482.4591,28.143,-158.001,277.9,0.0863
42482.4591,28.143,-158.001,278.9,0.0863
42482.4591,28.143,-158.001,279.9,0.086
42482.4591,28.143,-158.001,280.9,0.0862
42482.4591,28.143,-158.001,281.9,0.0866
42482.4591,28.143,-158.001,282.9,0.0864
42482.4591,28.143,-158.001,283.9,0.086
42482.4591,28.143,-158.001,284.9,0.0863
42482.4591,28.143,-158.001,285.9,0.0863
42482.4591,28.143,-158.001,286.9,0.0862
42482.4591,28.143,-158.001,287.9,0.086
42482.4591,28.143,-158.001,288.9,0.086
42482.4591,28.143,-158.001,289.9,0.086
42482.4591,28.143,-158.001,290.8,0.086
42482.4591,28.143,-158.001,291.8,0.086
42482.4591,28.143,-158.001,292.8,0.0862
42482.4591,28.143,-158.001,293.8,0.086
42482.4591,28.143,-158.001,294.8,0.086
42482.4591,28.143,-158.001,295.8,0.0861
42482.4591,28.143,-158.001,296.8,0.086
42482.4591,28.143,-158.001,297.8,0.0863
42482.4591,28.143,-158.001,298.8,0.086
42481.0436,23.571,-157.916,2,0.107
42481.0436,23.571,-157.916,3,0.1048
42481.0436,23.571,-157.916,4,0.1069
42481.0436,23.571,-157.916,5,0.1051
42481.0436,23.571,-157.916,6,0.1065
42481.0436,23.571,-157.916,7,0.104
42481.0436,23.571,-157.916,7.9,0.1078
42481.0436,23.571,-157.916,8.9,0.2598
42481.0436,23.571,-157.916,9.9,0.1057
42481.0436,23.571,-157.916,10.9,0.1042
42481.0436,23.571,-157.916,11.9,0.1064
42481.0436,23.571,-157.916,12.9,0.1075
42481.0436,23.571,-157.916,13.9,0.1036
42481.0436,23.571,-157.916,14.9,0.1072
42481.0436,23.571,-157.916,15.9,0.104
42481.0436,23.571,-157.916,16.9,0.107
42481.0436,23.571,-157.916,17.9,0.1051
42481.0436,23.571,-157.916,18.9,0.1063
42481.0436,23.571,-157.916,19.9,0.1089
42481.0436,23.571,-157.916,20.9,0.1073
42481.0436,23.571,-157.916,21.9,0.1044
42481.0436,23.571,-157.916,22.9,0.1067
42481.0436,23.571,-157.916,23.8,0.1033
42481.0436,23.571,-157.916,24.8,0.1051
42481.0436,23.571,-157.916,25.8,0.1075
42481.0436,23.571,-157.916,26.8,0.1049
42481.0436,23.571,-157.916,27.8,0.1036
42481.0436,23.571,-157.916,28.8,0.1055
42481.0436,23.571,-157.916,29.8,0.108
42481.0436,23.571,-157.916,30.8,0.1078
42481.0436,23.571,-157.916,31.8,0.1107
42481.0436,23.571,-157.916,32.8,0.1074
42481.0436,23.571,-157.916,33.8,0.1089
42481.0436,23.571,-157.916,34.8,0.1089
42481.0436,23.571,-157.916,35.8,0.108
42481.0436,23.571,-157.916,36.8,0.1083
42481.0436,23.571,-157.916,37.8,0.1089
42481.0436,23.571,-157.916,38.7,0.1123
42481.0436,23.571,-157.916,39.7,0.1078
42481.0436,23.571,-157.916,40.7,0.1104
42481.0436,23.571,-157.916,41.7,0.1059
42481.0436,23.571,-157.916,42.7,0.1074
42481.0436,23.571,-157.916,43.7,0.111
42481.0436,23.571,-157.916,44.7,0.1108
42481.0436,23.571,-157.916,45.7,0.1089
42481.0436,23.571,-157.916,46.7,0.1115
42481.0436,23.571,-157.916,47.7,0.1125
42481.0436,23.571,-157.916,48.7,0.1113
42481.0436,23.571,-157.916,49.7,0.1139
42481.0436,23.571,-157.916,50.7,0.11
42481.0436,23.571,-157.916,51.7,0.1119
42481.0436,23.571,-157.916,52.7,0.11
42481.0436,23.571,-157.916,53.7,0.1141
42481.0436,23.571,-157.916,54.6,0.1089
42481.0436,23.571,-157.916,56.6,0.1157
42481.0436,23.571,-157.916,57.6,0.1102
42481.0436,23.571,-157.916,58.6,0.1134
42481.0436,23.571,-157.916,59.6,0.1199
42481.0436,23.571,-157.916,60.6,0.1142
42481.0436,23.571,-157.916,61.6,0.1153
42481.0436,23.571,-157.916,62.6,0.1176
42481.0436,23.571,-157.916,63.6,0.1246
42481.0436,23.571,-157.916,64.6,0.1271
42481.0436,23.571,-157.916,65.6,0.1208
42481.0436,23.571,-157.916,66.6,0.1183
42481.0436,23.571,-157.916,67.6,0.1209
42481.0436,23.571,-157.916,68.6,0.1202
42481.0436,23.571,-157.916,69.5,0.1224
42481.0436,23.571,-157.916,70.5,0.1368
42481.0436,23.571,-157.916,71.5,0.1204
42481.0436,23.571,-157.916,72.5,0.1172
42481.0436,23.571,-157.916,73.5,0.1202
42481.0436,23.571,-157.916,74.5,0.1209
42481.0436,23.571,-157.916,75.5,0.1202
42481.0436,23.571,-157.916,76.5,0.1266
42481.0436,23.571,-157.916,77.5,0.1239
42481.0436,23.571,-157.916,78.5,0.1256
42481.0436,23.571,-157.916,79.5,0.1266
42481.0436,23.571,-157.916,80.5,0.122
42481.0436,23.571,-157.916,81.5,0.1198
42481.0436,23.571,-157.916,82.5,0.1217
42481.0436,23.571,-157.916,83.5,0.1297
42481.0436,23.571,-157.916,84.4,0.1257
42481.0436,23.571,-157.916,85.4,0.1254
42481.0436,23.571,-157.916,86.4,0.1269
42481.0436,23.571,-157.916,87.4,0.1281
42481.0436,23.571,-157.916,88.4,0.1281
42481.0436,23.571,-157.916,89.4,0.1284
42481.0436,23.571,-157.916,90.4,0.1349
42481.0436,23.571,-157.916,91.4,0.1329
42481.0436,23.571,-157.916,92.4,0.1301
42481.0436,23.571,-157.916,93.4,0.135
42481.0436,23.571,-157.916,94.4,0.1387
42481.0436,23.571,-157.916,95.4,0.1401
42481.0436,23.571,-157.916,96.4,0.1405
42481.0436,23.571,-157.916,97.4,0.145
42481.0436,23.571,-157.916,98.3,0.1501
42481.0436,23.571,-157.916,99.3,0.1668
42481.0436,23.571,-157.916,100.3,0.1709
42481.0436,23.571,-157.916,101.3,0.1785
42481.0436,23.571,-157.916,102.3,0.1788
42481.0436,23.571,-157.916,103.3,0.175
42481.0436,23.571,-157.916,104.3,0.1833
42481.0436,23.571,-157.916,105.3,0.1992
42481.0436,23.571,-157.916,106.3,0.1995
42481.0436,23.571,-157.916,107.3,0.2032
42481.0436,23.571,-157.916,108.3,0.2171
42481.0436,23.571,-157.916,109.3,0.2733
42481.0436,23.571,-157.916,110.3,0.2968
42481.0436,23.571,-157.916,111.3,0.281
42481.0436,23.571,-157.916,112.3,0.2946
42481.0436,23.571,-157.916,113.2,0.2919
42481.0436,23.571,-157.916,114.2,0.2927
42481.0436,23.571,-157.916,115.2,0.2897
42481.0436,23.571,-157.916,116.2,0.2818
42481.0436,23.571,-157.916,117.2,0.2784
42481.0436,23.571,-157.916,118.2,0.2746
42481.0436,23.571,-157.916,119.2,0.2735
42481.0436,23.571,-157.916,120.2,0.2828
42481.0436,23.571,-157.916,121.2,0.2636
42481.0436,23.571,-157.916,122.2,0.2536
42481.0436,23.571,-157.916,123.2,0.2532
42481.0436,23.571,-157.916,125.2,0.2356
42481.0436,23.571,-157.916,126.2,0.2209
42481.0436,23.571,-157.916,128.1,0.2372
42481.0436,23.571,-157.916,129.1,0.2337
42481.0436,23.571,-157.916,130.1,0.222
42481.0436,23.571,-157.916,131.1,0.2134
42481.0436,23.571,-157.916,132.1,0.2062
42481.0436,23.571,-157.916,133.1,0.2062
42481.0436,23.571,-157.916,134.1,0.1991
42481.0436,23.571,-157.916,136.1,0.1878
42481.0436,23.571,-157.916,137.1,0.1846
42481.0436,23.571,-157.916,138.1,0.1824
42481.0436,23.571,-157.916,139.1,0.1944
42481.0436,23.571,-157.916,140.1,0.1747
42481.0436,23.571,-157.916,141.1,0.1773
42481.0436,23.571,-157.916,142,0.1735
42481.0436,23.571,-157.916,143,0.1747
42481.0436,23.571,-157.916,144,0.1732
42481.0436,23.571,-157.916,145,0.1724
42481.0436,23.571,-157.916,146,0.1762
42481.0436,23.571,-157.916,147,0.1664
42481.0436,23.571,-157.916,148,0.1664
42481.0436,23.571,-157.916,149,0.1634
42481.0436,23.571,-157.916,150,0.1653
42481.0436,23.571,-157.916,151,0.1608
42481.0436,23.571,-157.916,152,0.1536
42481.0436,23.571,-157.916,153,0.1519
42481.0436,23.571,-157.916,154,0.1427
42481.0436,23.571,-157.916,155,0.1435
42481.0436,23.571,-157.916,155.9,0.139
42481.0436,23.571,-157.916,156.9,0.141
42481.0436,23.571,-157.916,157.9,0.1356
42481.0436,23.571,-157.916,158.9,0.1318
42481.0436,23.571,-157.916,159.9,0.1258
42481.0436,23.571,-157.916,160.9,0.1258
42481.0436,23.571,-157.916,162.9,0.1232
42481.0436,23.571,-157.916,163.9,0.1228
42481.0436,23.571,-157.916,164.9,0.1228
42481.0436,23.571,-157.916,165.9,0.1223
42481.0436,23.571,-157.916,166.9,0.1194
42481.0436,23.571,-157.916,167.9,0.1153
42481.0436,23.571,-157.916,168.9,0.1153
42481.0436,23.571,-157.916,169.8,0.1127
42481.0436,23.571,-157.916,170.8,0.11
42481.0436,23.571,-157.916,171.8,0.1081
42481.0436,23.571,-157.916,173.8,0.1063
42481.0436,23.571,-157.916,174.8,0.1048
42481.0436,23.571,-157.916,175.8,0.1048
42481.0436,23.571,-157.916,176.8,0.1051
42481.0436,23.571,-157.916,177.8,0.1029
42481.0436,23.571,-157.916,178.8,0.1025
42481.0436,23.571,-157.916,179.8,0.0999
42481.0436,23.571,-157.916,180.8,0.1006
42481.0436,23.571,-157.916,181.8,0.0991
42481.0436,23.571,-157.916,183.7,0.0987
42481.0436,23.571,-157.916,184.7,0.098
42481.0436,23.571,-157.916,185.7,0.0972
42481.0436,23.571,-157.916,186.7,0.0984
42481.0436,23.571,-157.916,187.7,0.0992
42481.0436,23.571,-157.916,188.7,0.0946
42481.0436,23.571,-157.916,189.7,0.0937
42481.0436,23.571,-157.916,190.7,0.0931
42481.0436,23.571,-157.916,191.7,0.092
42481.0436,23.571,-157.916,192.7,0.0905
42481.0436,23.571,-157.916,194.7,0.0905
42481.0436,23.571,-157.916,195.7,0.0894
42481.0436,23.571,-157.916,196.7,0.0894
42481.0436,23.571,-157.916,197.6,0.0891
42481.0436,23.571,-157.916,198.6,0.0892
42481.0436,23.571,-157.916,199.6,0.0897
42481.0436,23.571,-157.916,200.6,0.0897
42481.0436,23.571,-157.916,201.6,0.0901
42481.0436,23.571,-157.916,202.6,0.0901
42481.0436,23.571,-157.916,203.6,0.0897
42481.0436,23.571,-157.916,204.6,0.089
42481.0436,23.571,-157.916,205.6,0.0905
42481.0436,23.571,-157.916,206.6,0.0897
42481.0436,23.571,-157.916,207.6,0.089
42481.0436,23.571,-157.916,208.6,0.0882
42481.0436,23.571,-157.916,209.6,0.0877
42481.0436,23.571,-157.916,210.5,0.0876
42481.0436,23.571,-157.916,211.5,0.0871
42481.0436,23.571,-157.916,212.5,0.0867
42481.0436,23.571,-157.916,213.5,0.0871
42481.0436,23.571,-157.916,214.5,0.0875
42481.0436,23.571,-157.916,215.5,0.0879
42481.0436,23.571,-157.916,216.5,0.0882
42481.0436,23.571,-157.916,217.5,0.0886
42481.0436,23.571,-157.916,218.5,0.0889
42481.0436,23.571,-157.916,219.5,0.0879
42481.0436,23.571,-157.916,220.5,0.0882
42481.0436,23.571,-157.916,221.5,0.0886
42481.0436,23.571,-157.916,222.5,0.088
42481.0436,23.571,-157.916,223.5,0.0882
42481.0436,23.571,-157.916,224.4,0.088
42481.0436,23.571,-157.916,225.4,0.0886
42481.0436,23.571,-157.916,226.4,0.088
42481.0436,23.571,-157.916,227.4,0.0873
42481.0436,23.571,-157.916,228.4,0.0875
42481.0436,23.571,-157.916,229.4,0.0871
42481.0436,23.571,-157.916,230.4,0.0867
42481.0436,23.571,-157.916,231.4,0.0869
42481.0436,23.571,-157.916,232.4,0.0863
42481.0436,23.571,-157.916,233.4,0.0865
42481.0436,23.571,-157.916,234.4,0.0869
42481.0436,23.571,-157.916,235.4,0.0867
42481.0436,23.571,-157.916,236.4,0.0867
42481.0436,23.571,-157.916,237.3,0.0866
42481.0436,23.571,-157.916,238.3,0.0863
42481.0436,23.571,-157.916,239.3,0.0863
42481.0436,23.571,-157.916,240.3,0.0863
42481.0436,23.571,-157.916,241.3,0.0863
42481.0436,23.571,-157.916,242.3,0.0863
42481.0436,23.571,-157.916,243.3,0.086
42481.0436,23.571,-157.916,244.3,0.0862
42481.0436,23.571,-157.916,245.3,0.0863
42481.0436,23.571,-157.916,246.3,0.0862
42481.0436,23.571,-157.916,247.3,0.086
42481.0436,23.571,-157.916,248.3,0.086
42481.0436,23.571,-157.916,249.3,0.0864
42481.0436,23.571,-157.916,250.3,0.0863
42481.0436,23.571,-157.916,251.2,0.0863
42481.0436,23.571,-157.916,252.2,0.086
42481.0436,23.571,-157.916,253.2,0.086
42481.0436,23.571,-157.916,254.2,0.086
42481.0436,23.571,-157.916,255.2,0.086
42481.0436,23.571,-157.916,256.2,0.086
42481.0436,23.571,-157.916,257.2,0.0861
42481.0436,23.571,-157.916,258.2,0.0856
42481.0436,23.571,-157.916,259.2,0.086
42481.0436,23.571,-157.916,260.2,0.086
42481.0436,23.571,-157.916,261.2,0.086
42481.0436,23.571,-157.916,263.2,0.086
42481.0436,23.571,-157.916,264.1,0.0863
42481.0436,23.571,-157.916,265.1,0.0861
42481.0436,23.571,-157.916,266.1,0.086
42481.0436,23.571,-157.916,267.1,0.0858
42481.0436,23.571,-157.916,268.1,0.0858
42481.0436,23.571,-157.916,269.1,0.0863
42481.0436,23.571,-157.916,270.1,0.086
42481.0436,23.571,-157.916,271.1,0.086
42481.0436,23.571,-157.916,272.1,0.0856
42481.0436,23.571,-157.916,273.1,0.086
42481.0436,23.571,-157.916,274.1,0.0856
42481.0436,23.571,-157.916,275.1,0.086
42481.0436,23.571,-157.916,276.1,0.0862
42481.0436,23.571,-157.916,277,0.086
42481.0436,23.571,-157.916,278,0.086
42481.0436,23.571,-157.916,279,0.0858
42481.0436,23.571,-157.916,280,0.086
42481.0436,23.571,-157.916,281,0.086
42481.0436,23.571,-157.916,282,0.086
42481.0436,23.571,-157.916,283,0.0867
42481.0436,23.571,-157.916,285,0.086
42481.0436,23.571,-157.916,286,0.086
42481.0436,23.571,-157.916,287,0.0862
42481.0436,23.571,-157.916,288,0.0858
42481.0436,23.571,-157.916,289,0.086
42481.0436,23.571,-157.916,289.9,0.0862
42481.0436,23.571,-157.916,290.9,0.086
42481.0436,23.571,-157.916,291.9,0.086
42481.0436,23.571,-157.916,292.9,0.086
42481.0436,23.571,-157.916,294.9,0.086
42481.0436,23.571,-157.916,295.9,0.086
42481.0436,23.571,-157.916,296.9,0.0856
42481.0436,23.571,-157.916,297.9,0.0858
42481.0436,23.571,-157.916,298.9,0.086
42481.0436,23.571,-157.916,299.9,0.086
42481.0436,23.571,-157.916,300.9,0.086
42481.0436,23.571,-157.916,301.9,0.086
42481.0436,23.571,-157.916,302.8,0.0858
42481.0436,23.571,-157.916,303.8,0.086
42481.0436,23.571,-157.916,304.8,0.086
42481.0436,23.571,-157.916,305.8,0.086
42481.0436,23.571,-157.916,306.8,0.0856
42481.0436,23.571,-157.916,307.8,0.0863
42481.0436,23.571,-157.916,309.8,0.086
42481.0436,23.571,-157.916,310.8,0.086
42481.0436,23.571,-157.916,311.8,0.086
42481.0436,23.571,-157.916,312.8,0.0863
42481.0436,23.571,-157.916,313.8,0.0863
42481.0436,23.571,-157.916,314.8,0.086
42481.0436,23.571,-157.916,315.7,0.086
42481.0436,23.571,-157.916,316.7,0.086
42481.0436,23.571,-157.916,318.7,0.086
42481.0436,23.571,-157.916,319.7,0.0862
42481.0436,23.571,-157.916,320.7,0.086
42481.0436,23.571,-157.916,321.7,0.0863
42481.0436,23.571,-157.916,322.7,0.086
42481.0436,23.571,-157.916,324.7,0.086
42481.0436,23.571,-157.916,325.7,0.0861
42481.0436,23.571,-157.916,326.7,0.086
42481.0436,23.571,-157.916,328.6,0.0862
42481.0436,23.571,-157.916,329.6,0.0863
42481.0436,23.571,-157.916,330.6,0.086
42481.0436,23.571,-157.916,331.6,0.086
42481.0436,23.571,-157.916,332.6,0.0863
42481.0436,23.571,-157.916,334.6,0.086
42481.0436,23.571,-157.916,336.6,0.0863
42481.0436,23.571,-157.916,337.6,0.0863
42481.0436,23.571,-157.916,338.6,0.0863
42481.0436,23.571,-157.916,339.6,0.0863
42481.0436,23.571,-157.916,340.5,0.0863
42481.0436,23.571,-157.916,342.5,0.0863
42481.0436,23.571,-157.916,343.5,0.0863
42481.0436,23.571,-157.916,344.5,0.0863
42481.0436,23.571,-157.916,346.5,0.0863
42481.0436,23.571,-157.916,347.5,0.0867
42481.0436,23.571,-157.916,348.5,0.0863
42481.0436,23.571,-157.916,349.5,0.0862
42481.0436,23.571,-157.916,351.5,0.0863
42481.0436,23.571,-157.916,352.4,0.0866
42481.0436,23.571,-157.916,353.4,0.0863
42481.0436,23.571,-157.916,354.4,0.0863
42481.0436,23.571,-157.916,355.4,0.0863
42481.0436,23.571,-157.916,357.4,0.0867
42481.0436,23.571,-157.916,358.4,0.0867
42481.0436,23.571,-157.916,359.4,0.0866
42481.0436,23.571,-157.916,360.4,0.0867
42481.0436,23.571,-157.916,361.4,0.0863
42481.0436,23.571,-157.916,362.4,0.0866
42481.0436,23.571,-157.916,364.4,0.0867
42481.0436,23.571,-157.916,365.3,0.0867
42481.0436,23.571,-157.916,367.3,0.0867
42481.0436,23.571,-157.916,368.3,0.0866
42481.0436,23.571,-157.916,369.3,0.0865
42481.0436,23.571,-157.916,370.3,0.0867
42481.0436,23.571,-157.916,371.3,0.0867
42481.0436,23.571,-157.916,372.3,0.0867
42481.0436,23.571,-157.916,373.3,0.0867
42481.0436,23.571,-157.916,374.3,0.0867
42481.0436,23.571,-157.916,375.3,0.0867
42481.0436,23.571,-157.916,376.3,0.0871
42481.0436,23.571,-157.916,377.2,0.0869
42481.0436,23.571,-157.916,378.2,0.0871
42481.0436,23.571,-157.916,379.2,0.0867
42481.0436,23.571,-157.916,380.2,0.0871
42481.0436,23.571,-157.916,381.2,0.0867
42481.0436,23.571,-157.916,382.2,0.0867
42481.0436,23.571,-157.916,383.2,0.0871
42481.0436,23.571,-157.916,384.2,0.0867
42481.0436,23.571,-157.916,385.2,0.0867
42481.0436,23.571,-157.916,387.2,0.0871
42481.0436,23.571,-157.916,388.2,0.0869
42481.0436,23.571,-157.916,389.1,0.0871
42481.0436,23.571,-157.916,390.1,0.0875
42481.0436,23.571,-157.916,391.1,0.0871
42481.0436,23.571,-157.916,393.1,0.0871
42481.0436,23.571,-157.916,394.1,0.0871
42481.0436,23.571,-157.916,396.1,0.0871
42481.0436,23.571,-157.916,397.1,0.0872
42481.0436,23.571,-157.916,398.1,0.0871
42481.0436,23.571,-157.916,399.1,0.0871
42481.0436,23.571,-157.916,400.1,0.0875
42481.0436,23.571,-157.916,401,0.0875
42481.0436,23.571,-157.916,402,0.0875
42481.0436,23.571,-157.916,403,0.0871
42481.0436,23.571,-157.916,404,0.0871
42481.0436,23.571,-157.916,406,0.0871
42481.0436,23.571,-157.916,407,0.0875
42481.0436,23.571,-157.916,408,0.0871
42481.0436,23.571,-157.916,409,0.0871
42481.0436,23.571,-157.916,410,0.0872
42481.0436,23.571,-157.916,411,0.0875
42481.0436,23.571,-157.916,412,0.0871
42481.0436,23.571,-157.916,413,0.0875
42481.0436,23.571,-157.916,413.9,0.0875
42481.0436,23.571,-157.916,414.9,0.0875
42481.0436,23.571,-157.916,415.9,0.0879
42481.0436,23.571,-157.916,416.9,0.0875
42481.0436,23.571,-157.916,417.9,0.088
42481.0436,23.571,-157.916,419.9,0.0875
42481.0436,23.571,-157.916,420.9,0.0876
42481.0436,23.571,-157.916,421.9,0.0879
42481.0436,23.571,-157.916,423.9,0.0879
42481.0436,23.571,-157.916,424.8,0.0879
42481.0436,23.571,-157.916,425.8,0.088
42481.0436,23.571,-157.916,426.8,0.0879
42481.0436,23.571,-157.916,427.8,0.0879
42481.0436,23.571,-157.916,429.8,0.0879
42481.0436,23.571,-157.916,430.8,0.0882
42481.0436,23.571,-157.916,431.8,0.0882
42481.0436,23.571,-157.916,432.8,0.0885
42481.0436,23.571,-157.916,433.8,0.088
42481.0436,23.571,-157.916,434.8,0.0882
42481.0436,23.571,-157.916,435.8,0.0882
42481.0436,23.571,-157.916,436.7,0.088
42481.0436,23.571,-157.916,437.7,0.0882
42481.0436,23.571,-157.916,438.7,0.0882
42481.0436,23.571,-157.916,439.7,0.0882
42481.0436,23.571,-157.916,440.7,0.0882
42481.0436,23.571,-157.916,442.7,0.0882
42481.0436,23.571,-157.916,443.7,0.0886
42481.0436,23.571,-157.916,444.7,0.0882
42481.0436,23.571,-157.916,445.7,0.0882
42481.0436,23.571,-157.916,447.7,0.0882
42481.0436,23.571,-157.916,448.6,0.0882
42481.0436,23.571,-157.916,449.6,0.088
42481.0436,23.571,-157.916,451.6,0.0882
42481.0436,23.571,-157.916,453.6,0.0886
42481.0436,23.571,-157.916,455.6,0.0886
42481.0436,23.571,-157.916,456.6,0.0886
42481.0436,23.571,-157.916,457.6,0.0886
42481.0436,23.571,-157.916,458.6,0.0886
42481.0436,23.571,-157.916,459.6,0.0886
42481.0436,23.571,-157.916,460.5,0.0884
42481.0436,23.571,-157.916,461.5,0.0886
42481.0436,23.571,-157.916,462.5,0.0886
42481.0436,23.571,-157.916,464.5,0.0886
42481.0436,23.571,-157.916,465.5,0.0886
42481.0436,23.571,-157.916,466.5,0.0886
42481.0436,23.571,-157.916,467.5,0.0886
42481.0436,23.571,-157.916,469.5,0.0886
42481.0436,23.571,-157.916,470.5,0.0886
42481.0436,23.571,-157.916,471.5,0.089
42481.0436,23.571,-157.916,472.4,0.0886
42481.0436,23.571,-157.916,473.4,0.0886
42481.0436,23.571,-157.916,474.4,0.0887
42481.0436,23.571,-157.916,475.4,0.089
42481.0436,23.571,-157.916,476.4,0.0886
42481.0436,23.571,-157.916,477.4,0.0886
42481.0436,23.571,-157.916,478.4,0.089
42481.0436,23.571,-157.916,480.4,0.0888
42481.0436,23.571,-157.916,481.4,0.0886
42481.0436,23.571,-157.916,482.4,0.089
42481.0436,23.571,-157.916,483.3,0.0889
42481.0436,23.571,-157.916,484.3,0.089
42481.0436,23.571,-157.916,485.3,0.089
42481.0436,23.571,-157.916,486.3,0.089
42481.0436,23.571,-157.916,488.3,0.089
42481.0436,23.571,-157.916,489.3,0.089
42481.0436,23.571,-157.916,490.3,0.089
42481.0436,23.571,-157.916,491.3,0.089
42481.0436,23.571,-157.916,493.3,0.0894
42481.0436,23.571,-157.916,494.3,0.089
42481.0436,23.571,-157.916,495.2,0.0891
42481.0436,23.571,-157.916,496.2,0.0894
42481.0436,23.571,-157.916,497.2,0.089
42481.0436,23.571,-157.916,498.2,0.089
42481.0436,23.571,-157.916,499.2,0.0894
42481.0436,23.571,-157.916,500.2,0.0894
42481.0436,23.571,-157.916,501.2,0.089
42481.0436,23.571,-157.916,502.2,0.0894
42481.0436,23.571,-157.916,503.2,0.0894
42481.0436,23.571,-157.916,504.2,0.0894
42481.0436,23.571,-157.916,505.2,0.0894
42481.0436,23.571,-157.916,506.1,0.0895
42481.0436,23.571,-157.916,507.1,0.0894
42481.0436,23.571,-157.916,508.1,0.0894
42481.0436,23.571,-157.916,509.1,0.0894
42481.0436,23.571,-157.916,510.1,0.0897
42481.0436,23.571,-157.916,511.1,0.0894
42481.0436,23.571,-157.916,512.1,0.0894
42481.0436,23.571,-157.916,513.1,0.0894
42481.0436,23.571,-157.916,514.1,0.0897
42481.0436,23.571,-157.916,515.1,0.0895
42481.0436,23.571,-157.916,516.1,0.0897
42481.0436,23.571,-157.916,517,0.0896
42481.0436,23.571,-157.916,518,0.0897
42481.0436,23.571,-157.916,520,0.0897
42481.0436,23.571,-157.916,521,0.0894
42481.0436,23.571,-157.916,522,0.0897
42481.0436,23.571,-157.916,523,0.0897
42481.0436,23.571,-157.916,524,0.0897
42481.0436,23.571,-157.916,525,0.0897
42481.0436,23.571,-157.916,526,0.0897
42481.0436,23.571,-157.916,527,0.0898
42481.0436,23.571,-157.916,528,0.0896
42481.0436,23.571,-157.916,528.9,0.0897
42481.0436,23.571,-157.916,529.9,0.0897
42481.0436,23.571,-157.916,530.9,0.0897
42481.0436,23.571,-157.916,532.9,0.0897
42481.0436,23.571,-157.916,533.9,0.0897
42481.0436,23.571,-157.916,534.9,0.0897
42481.0436,23.571,-157.916,536.9,0.0899
42481.0436,23.571,-157.916,537.9,0.0898
42481.0436,23.571,-157.916,538.9,0.0897
42481.0436,23.571,-157.916,539.8,0.0899
42481.0436,23.571,-157.916,540.8,0.0897
42481.0436,23.571,-157.916,541.8,0.0901
42481.0436,23.571,-157.916,542.8,0.0897
42481.0436,23.571,-157.916,543.8,0.0897
42481.0436,23.571,-157.916,544.8,0.0901
42481.0436,23.571,-157.916,546.8,0.09
42481.0436,23.571,-157.916,547.8,0.0905
42481.0436,23.571,-157.916,548.8,0.0901
42481.0436,23.571,-157.916,549.8,0.09
42481.0436,23.571,-157.916,550.7,0.0897
42481.0436,23.571,-157.916,551.7,0.0901
42481.0436,23.571,-157.916,552.7,0.0901
42481.0436,23.571,-157.916,553.7,0.0901
42481.0436,23.571,-157.916,554.7,0.0901
