mass_feature,FinalBMIS,Orig_RSD,FinalRSD,replicate_name,runDate,type,samp_id,replicate,area,date,QC_area,fraction,adjusted_area
Adenine,Inj_vol,0.04821858168830033,0.04821858168830033,240926_Poo_RC104_HomFate_Full1_posDDA,240926,Poo,RC104,HomFate,834174720,240926,834174720,HILICPos,834174720
Adenine,Inj_vol,0.04821858168830033,0.04821858168830033,240926_Poo_RC104_HomFate_Full2_posDDA,240926,Poo,RC104,HomFate,742682048,240926,742682048,HILICPos,742682048
Adenine,Inj_vol,0.04821858168830033,0.04821858168830033,240926_Poo_RC104_HomFate_Full3_posDDA,240926,Poo,RC104,HomFate,830397120,240926,830397120,HILICPos,830397120
Adenine,Inj_vol,0.04821858168830033,0.04821858168830033,240926_Poo_RC104_HomFate_Full4_posDDA,240926,Poo,RC104,HomFate,807421440,240926,807421440,HILICPos,807421440
Adenine,Inj_vol,0.04821858168830033,0.04821858168830033,240926_Poo_RC104_HomFate_Full5_posDDA,240926,Poo,RC104,HomFate,833632000,240926,833632000,HILICPos,833632000
Adenine,Inj_vol,0.04821858168830033,0.04821858168830033,240926_Smp_RC104_HomFate_Con_A_posDDA,240926,Smp,RC104,HomFate,828414464,240926,828414464,HILICPos,828414464
Adenine,Inj_vol,0.04821858168830033,0.04821858168830033,240926_Smp_RC104_HomFate_Con_B_posDDA,240926,Smp,RC104,HomFate,295846144,240926,295846144,HILICPos,295846144
Adenine,Inj_vol,0.04821858168830033,0.04821858168830033,240926_Smp_RC104_HomFate_Con_C_posDDA,240926,Smp,RC104,HomFate,406546592,240926,406546592,HILICPos,406546592
Adenine,Inj_vol,0.04821858168830033,0.04821858168830033,240926_Smp_RC104_HomFate_T0_A_posDDA,240926,Smp,RC104,HomFate,411181888,240926,411181888,HILICPos,411181888
Adenine,Inj_vol,0.04821858168830033,0.04821858168830033,240926_Smp_RC104_HomFate_T0_B_posDDA,240926,Smp,RC104,HomFate,968990144,240926,968990144,HILICPos,968990144
Adenine,Inj_vol,0.04821858168830033,0.04821858168830033,240926_Smp_RC104_HomFate_T0_C_posDDA,240926,Smp,RC104,HomFate,243125216,240926,243125216,HILICPos,243125216
Adenine,Inj_vol,0.04821858168830033,0.04821858168830033,240926_Smp_RC104_HomFate_T6_A_posDDA,240926,Smp,RC104,HomFate,269796992,240926,269796992,HILICPos,269796992
Adenine,Inj_vol,0.04821858168830033,0.04821858168830033,240926_Smp_RC104_HomFate_T6_B_posDDA,240926,Smp,RC104,HomFate,48041616,240926,48041616,HILICPos,48041616
Adenine,Inj_vol,0.04821858168830033,0.04821858168830033,240926_Smp_RC104_HomFate_T6_C_posDDA,240926,Smp,RC104,HomFate,99898000,240926,99898000,HILICPos,99898000
Adenine,Inj_vol,0.04821858168830033,0.04821858168830033,240926_Smp_RC104_HomFate_T12_A_posDDA,240926,Smp,RC104,HomFate,342686688,240926,342686688,HILICPos,342686688
Adenine,Inj_vol,0.04821858168830033,0.04821858168830033,240926_Smp_RC104_HomFate_T12_B_posDDA,240926,Smp,RC104,HomFate,152346928,240926,152346928,HILICPos,152346928
Adenine,Inj_vol,0.04821858168830033,0.04821858168830033,240926_Smp_RC104_HomFate_T12_C_posDDA,240926,Smp,RC104,HomFate,565503040,240926,565503040,HILICPos,565503040
Adenine,Inj_vol,0.04821858168830033,0.04821858168830033,240926_Smp_RC104_HomFate_T24_A_posDDA,240926,Smp,RC104,HomFate,804003968,240926,804003968,HILICPos,804003968
Adenine,Inj_vol,0.04821858168830033,0.04821858168830033,240926_Smp_RC104_HomFate_T24_B_posDDA,240926,Smp,RC104,HomFate,270455936,240926,270455936,HILICPos,270455936
Adenine,Inj_vol,0.04821858168830033,0.04821858168830033,240926_Smp_RC104_HomFate_T24_C_posDDA,240926,Smp,RC104,HomFate,1884706048,240926,1884706048,HILICPos,1884706048
Adenine,Inj_vol,0.04821858168830033,0.04821858168830033,240926_Smp_RC104_HomFate_T48_A_posDDA,240926,Smp,RC104,HomFate,1062670464,240926,1062670464,HILICPos,1062670464
Adenine,Inj_vol,0.04821858168830033,0.04821858168830033,240926_Smp_RC104_HomFate_T48_B_posDDA,240926,Smp,RC104,HomFate,1443562496,240926,1443562496,HILICPos,1443562496
Adenine,Inj_vol,0.04821858168830033,0.04821858168830033,240926_Smp_RC104_HomFate_T48_C_posDDA,240926,Smp,RC104,HomFate,2628069120,240926,2628069120,HILICPos,2628069120
Adenine,Inj_vol,0.04821858168830033,0.04821858168830033,240926_Smp_RC104_HomFate_T96_A_posDDA,240926,Smp,RC104,HomFate,2697674752,240926,2697674752,HILICPos,2697674752
Adenine,Inj_vol,0.04821858168830033,0.04821858168830033,240926_Smp_RC104_HomFate_T96_B_posDDA,240926,Smp,RC104,HomFate,2232317952,240926,2232317952,HILICPos,2232317952
Adenine,Inj_vol,0.04821858168830033,0.04821858168830033,240926_Smp_RC104_HomFate_T96_C_posDDA,240926,Smp,RC104,HomFate,5164254208,240926,5164254208,HILICPos,5164254208
Adenine,Inj_vol,0.04821858168830033,0.04821858168830033,240926_Smp_RC104_HomFate2_T12_L_A_posDDA,240926,Smp,RC104,HomFate2,288346592,240926,288346592,HILICPos,288346592
Adenine,Inj_vol,0.04821858168830033,0.04821858168830033,240926_Smp_RC104_HomFate2_T12_L_B_posDDA,240926,Smp,RC104,HomFate2,355590816,240926,355590816,HILICPos,355590816
Adenine,Inj_vol,0.04821858168830033,0.04821858168830033,240926_Smp_RC104_HomFate2_T12_L_C_posDDA,240926,Smp,RC104,HomFate2,243383712,240926,243383712,HILICPos,243383712
Adenine,Inj_vol,0.04821858168830033,0.04821858168830033,240926_Smp_RC104_HomFate2_T12_UL_A_posDDA,240926,Smp,RC104,HomFate2,156286944,240926,156286944,HILICPos,156286944
Adenine,Inj_vol,0.04821858168830033,0.04821858168830033,240926_Smp_RC104_HomFate2_T12_UL_B_posDDA,240926,Smp,RC104,HomFate2,117994848,240926,117994848,HILICPos,117994848
Adenine,Inj_vol,0.04821858168830033,0.04821858168830033,240926_Smp_RC104_HomFate2_T12_UL_C_posDDA,240926,Smp,RC104,HomFate2,129178104,240926,129178104,HILICPos,129178104
Adenosine,Inj_vol,0.07141143314543738,0.07141143314543738,240926_Poo_RC104_HomFate_Full1_posDDA,240926,Poo,RC104,HomFate,114626176,240926,114626176,HILICPos,114626176
Adenosine,Inj_vol,0.07141143314543738,0.07141143314543738,240926_Poo_RC104_HomFate_Full2_posDDA,240926,Poo,RC104,HomFate,98860032,240926,98860032,HILICPos,98860032
Adenosine,Inj_vol,0.07141143314543738,0.07141143314543738,240926_Poo_RC104_HomFate_Full3_posDDA,240926,Poo,RC104,HomFate,112364448,240926,112364448,HILICPos,112364448
Adenosine,Inj_vol,0.07141143314543738,0.07141143314543738,240926_Poo_RC104_HomFate_Full4_posDDA,240926,Poo,RC104,HomFate,107072608,240926,107072608,HILICPos,107072608
Adenosine,Inj_vol,0.07141143314543738,0.07141143314543738,240926_Poo_RC104_HomFate_Full5_posDDA,240926,Poo,RC104,HomFate,119515392,240926,119515392,HILICPos,119515392
Adenosine,Inj_vol,0.07141143314543738,0.07141143314543738,240926_Smp_RC104_HomFate_Con_A_posDDA,240926,Smp,RC104,HomFate,166473088,240926,166473088,HILICPos,166473088
Adenosine,Inj_vol,0.07141143314543738,0.07141143314543738,240926_Smp_RC104_HomFate_Con_B_posDDA,240926,Smp,RC104,HomFate,142824688,240926,142824688,HILICPos,142824688
Adenosine,Inj_vol,0.07141143314543738,0.07141143314543738,240926_Smp_RC104_HomFate_Con_C_posDDA,240926,Smp,RC104,HomFate,81013544,240926,81013544,HILICPos,81013544
Adenosine,Inj_vol,0.07141143314543738,0.07141143314543738,240926_Smp_RC104_HomFate_T0_A_posDDA,240926,Smp,RC104,HomFate,74691080,240926,74691080,HILICPos,74691080
Adenosine,Inj_vol,0.07141143314543738,0.07141143314543738,240926_Smp_RC104_HomFate_T0_B_posDDA,240926,Smp,RC104,HomFate,99442192,240926,99442192,HILICPos,99442192
Adenosine,Inj_vol,0.07141143314543738,0.07141143314543738,240926_Smp_RC104_HomFate_T0_C_posDDA,240926,Smp,RC104,HomFate,71067720,240926,71067720,HILICPos,71067720
Adenosine,Inj_vol,0.07141143314543738,0.07141143314543738,240926_Smp_RC104_HomFate_T6_A_posDDA,240926,Smp,RC104,HomFate,68458344,240926,68458344,HILICPos,68458344
Adenosine,Inj_vol,0.07141143314543738,0.07141143314543738,240926_Smp_RC104_HomFate_T6_B_posDDA,240926,Smp,RC104,HomFate,8199271,240926,8199271,HILICPos,8199271
Adenosine,Inj_vol,0.07141143314543738,0.07141143314543738,240926_Smp_RC104_HomFate_T6_C_posDDA,240926,Smp,RC104,HomFate,15688428,240926,15688428,HILICPos,15688428
Adenosine,Inj_vol,0.07141143314543738,0.07141143314543738,240926_Smp_RC104_HomFate_T12_A_posDDA,240926,Smp,RC104,HomFate,101402856,240926,101402856,HILICPos,101402856
Adenosine,Inj_vol,0.07141143314543738,0.07141143314543738,240926_Smp_RC104_HomFate_T12_B_posDDA,240926,Smp,RC104,HomFate,82044360,240926,82044360,HILICPos,82044360
Adenosine,Inj_vol,0.07141143314543738,0.07141143314543738,240926_Smp_RC104_HomFate_T12_C_posDDA,240926,Smp,RC104,HomFate,145093728,240926,145093728,HILICPos,145093728
Adenosine,Inj_vol,0.07141143314543738,0.07141143314543738,240926_Smp_RC104_HomFate_T24_A_posDDA,240926,Smp,RC104,HomFate,193966288,240926,193966288,HILICPos,193966288
Adenosine,Inj_vol,0.07141143314543738,0.07141143314543738,240926_Smp_RC104_HomFate_T24_B_posDDA,240926,Smp,RC104,HomFate,42568336,240926,42568336,HILICPos,42568336
Adenosine,Inj_vol,0.07141143314543738,0.07141143314543738,240926_Smp_RC104_HomFate_T24_C_posDDA,240926,Smp,RC104,HomFate,280313888,240926,280313888,HILICPos,280313888
Adenosine,Inj_vol,0.07141143314543738,0.07141143314543738,240926_Smp_RC104_HomFate_T48_A_posDDA,240926,Smp,RC104,HomFate,202571216,240926,202571216,HILICPos,202571216
Adenosine,Inj_vol,0.07141143314543738,0.07141143314543738,240926_Smp_RC104_HomFate_T48_B_posDDA,240926,Smp,RC104,HomFate,470253344,240926,470253344,HILICPos,470253344
Adenosine,Inj_vol,0.07141143314543738,0.07141143314543738,240926_Smp_RC104_HomFate_T48_C_posDDA,240926,Smp,RC104,HomFate,260249616,240926,260249616,HILICPos,260249616
Adenosine,Inj_vol,0.07141143314543738,0.07141143314543738,240926_Smp_RC104_HomFate_T96_A_posDDA,240926,Smp,RC104,HomFate,156656752,240926,156656752,HILICPos,156656752
Adenosine,Inj_vol,0.07141143314543738,0.07141143314543738,240926_Smp_RC104_HomFate_T96_B_posDDA,240926,Smp,RC104,HomFate,154836336,240926,154836336,HILICPos,154836336
Adenosine,Inj_vol,0.07141143314543738,0.07141143314543738,240926_Smp_RC104_HomFate_T96_C_posDDA,240926,Smp,RC104,HomFate,253869440,240926,253869440,HILICPos,253869440
Adenosine,Inj_vol,0.07141143314543738,0.07141143314543738,240926_Smp_RC104_HomFate2_T12_L_A_posDDA,240926,Smp,RC104,HomFate2,194129216,240926,194129216,HILICPos,194129216
Adenosine,Inj_vol,0.07141143314543738,0.07141143314543738,240926_Smp_RC104_HomFate2_T12_L_B_posDDA,240926,Smp,RC104,HomFate2,200400608,240926,200400608,HILICPos,200400608
Adenosine,Inj_vol,0.07141143314543738,0.07141143314543738,240926_Smp_RC104_HomFate2_T12_L_C_posDDA,240926,Smp,RC104,HomFate2,152749488,240926,152749488,HILICPos,152749488
Adenosine,Inj_vol,0.07141143314543738,0.07141143314543738,240926_Smp_RC104_HomFate2_T12_UL_A_posDDA,240926,Smp,RC104,HomFate2,76315136,240926,76315136,HILICPos,76315136
Adenosine,Inj_vol,0.07141143314543738,0.07141143314543738,240926_Smp_RC104_HomFate2_T12_UL_B_posDDA,240926,Smp,RC104,HomFate2,96508992,240926,96508992,HILICPos,96508992
Adenosine,Inj_vol,0.07141143314543738,0.07141143314543738,240926_Smp_RC104_HomFate2_T12_UL_C_posDDA,240926,Smp,RC104,HomFate2,128400544,240926,128400544,HILICPos,128400544
Citrulline,Inj_vol,0.08531892860617697,0.08531892860617697,240926_Poo_RC104_HomFate_Full1_posDDA,240926,Poo,RC104,HomFate,6351206,240926,6351206,HILICPos,6351206
Citrulline,Inj_vol,0.08531892860617697,0.08531892860617697,240926_Poo_RC104_HomFate_Full2_posDDA,240926,Poo,RC104,HomFate,5139300,240926,5139300,HILICPos,5139300
Citrulline,Inj_vol,0.08531892860617697,0.08531892860617697,240926_Poo_RC104_HomFate_Full3_posDDA,240926,Poo,RC104,HomFate,5664774,240926,5664774,HILICPos,5664774
Citrulline,Inj_vol,0.08531892860617697,0.08531892860617697,240926_Poo_RC104_HomFate_Full4_posDDA,240926,Poo,RC104,HomFate,5240613,240926,5240613,HILICPos,5240613
Citrulline,Inj_vol,0.08531892860617697,0.08531892860617697,240926_Poo_RC104_HomFate_Full5_posDDA,240926,Poo,RC104,HomFate,5712372,240926,5712372,HILICPos,5712372
Citrulline,Inj_vol,0.08531892860617697,0.08531892860617697,240926_Smp_RC104_HomFate_Con_A_posDDA,240926,Smp,RC104,HomFate,3562698,240926,3562698,HILICPos,3562698
Citrulline,Inj_vol,0.08531892860617697,0.08531892860617697,240926_Smp_RC104_HomFate_Con_B_posDDA,240926,Smp,RC104,HomFate,2786515,240926,2786515,HILICPos,2786515
Citrulline,Inj_vol,0.08531892860617697,0.08531892860617697,240926_Smp_RC104_HomFate_Con_C_posDDA,240926,Smp,RC104,HomFate,2128497,240926,2128497,HILICPos,2128497
Citrulline,Inj_vol,0.08531892860617697,0.08531892860617697,240926_Smp_RC104_HomFate_T0_A_posDDA,240926,Smp,RC104,HomFate,5609863,240926,5609863,HILICPos,5609863
Citrulline,Inj_vol,0.08531892860617697,0.08531892860617697,240926_Smp_RC104_HomFate_T0_B_posDDA,240926,Smp,RC104,HomFate,4523260,240926,4523260,HILICPos,4523260
Citrulline,Inj_vol,0.08531892860617697,0.08531892860617697,240926_Smp_RC104_HomFate_T0_C_posDDA,240926,Smp,RC104,HomFate,3818637,240926,3818637,HILICPos,3818637
Citrulline,Inj_vol,0.08531892860617697,0.08531892860617697,240926_Smp_RC104_HomFate_T6_A_posDDA,240926,Smp,RC104,HomFate,13640088,240926,13640088,HILICPos,13640088
Citrulline,Inj_vol,0.08531892860617697,0.08531892860617697,240926_Smp_RC104_HomFate_T6_B_posDDA,240926,Smp,RC104,HomFate,15725640,240926,15725640,HILICPos,15725640
Citrulline,Inj_vol,0.08531892860617697,0.08531892860617697,240926_Smp_RC104_HomFate_T6_C_posDDA,240926,Smp,RC104,HomFate,8919207,240926,8919207,HILICPos,8919207
Citrulline,Inj_vol,0.08531892860617697,0.08531892860617697,240926_Smp_RC104_HomFate_T12_A_posDDA,240926,Smp,RC104,HomFate,6212647,240926,6212647,HILICPos,6212647
Citrulline,Inj_vol,0.08531892860617697,0.08531892860617697,240926_Smp_RC104_HomFate_T12_B_posDDA,240926,Smp,RC104,HomFate,3107490,240926,3107490,HILICPos,3107490
Citrulline,Inj_vol,0.08531892860617697,0.08531892860617697,240926_Smp_RC104_HomFate_T12_C_posDDA,240926,Smp,RC104,HomFate,6998211,240926,6998211,HILICPos,6998211
Citrulline,Inj_vol,0.08531892860617697,0.08531892860617697,240926_Smp_RC104_HomFate_T24_A_posDDA,240926,Smp,RC104,HomFate,3994547,240926,3994547,HILICPos,3994547
Citrulline,Inj_vol,0.08531892860617697,0.08531892860617697,240926_Smp_RC104_HomFate_T24_B_posDDA,240926,Smp,RC104,HomFate,5209240,240926,5209240,HILICPos,5209240
Citrulline,Inj_vol,0.08531892860617697,0.08531892860617697,240926_Smp_RC104_HomFate_T24_C_posDDA,240926,Smp,RC104,HomFate,10352401,240926,10352401,HILICPos,10352401
Citrulline,Inj_vol,0.08531892860617697,0.08531892860617697,240926_Smp_RC104_HomFate_T48_A_posDDA,240926,Smp,RC104,HomFate,6753040,240926,6753040,HILICPos,6753040
Citrulline,Inj_vol,0.08531892860617697,0.08531892860617697,240926_Smp_RC104_HomFate_T48_B_posDDA,240926,Smp,RC104,HomFate,9243076,240926,9243076,HILICPos,9243076
Citrulline,Inj_vol,0.08531892860617697,0.08531892860617697,240926_Smp_RC104_HomFate_T48_C_posDDA,240926,Smp,RC104,HomFate,10622665,240926,10622665,HILICPos,10622665
Citrulline,Inj_vol,0.08531892860617697,0.08531892860617697,240926_Smp_RC104_HomFate_T96_A_posDDA,240926,Smp,RC104,HomFate,8590296,240926,8590296,HILICPos,8590296
Citrulline,Inj_vol,0.08531892860617697,0.08531892860617697,240926_Smp_RC104_HomFate_T96_B_posDDA,240926,Smp,RC104,HomFate,5925123,240926,5925123,HILICPos,5925123
Citrulline,Inj_vol,0.08531892860617697,0.08531892860617697,240926_Smp_RC104_HomFate_T96_C_posDDA,240926,Smp,RC104,HomFate,10862579,240926,10862579,HILICPos,10862579
Citrulline,Inj_vol,0.08531892860617697,0.08531892860617697,240926_Smp_RC104_HomFate2_T12_L_A_posDDA,240926,Smp,RC104,HomFate2,5865712,240926,5865712,HILICPos,5865712
Citrulline,Inj_vol,0.08531892860617697,0.08531892860617697,240926_Smp_RC104_HomFate2_T12_L_B_posDDA,240926,Smp,RC104,HomFate2,4880215,240926,4880215,HILICPos,4880215
Citrulline,Inj_vol,0.08531892860617697,0.08531892860617697,240926_Smp_RC104_HomFate2_T12_L_C_posDDA,240926,Smp,RC104,HomFate2,4409790,240926,4409790,HILICPos,4409790
Citrulline,Inj_vol,0.08531892860617697,0.08531892860617697,240926_Smp_RC104_HomFate2_T12_UL_A_posDDA,240926,Smp,RC104,HomFate2,6984591,240926,6984591,HILICPos,6984591
Citrulline,Inj_vol,0.08531892860617697,0.08531892860617697,240926_Smp_RC104_HomFate2_T12_UL_B_posDDA,240926,Smp,RC104,HomFate2,11400503,240926,11400503,HILICPos,11400503
Citrulline,Inj_vol,0.08531892860617697,0.08531892860617697,240926_Smp_RC104_HomFate2_T12_UL_C_posDDA,240926,Smp,RC104,HomFate2,6167644,240926,6167644,HILICPos,6167644
Cytosine,Inj_vol,0.06690102053353102,0.06690102053353102,240926_Poo_RC104_HomFate_Full1_posDDA,240926,Poo,RC104,HomFate,80219904,240926,80219904,HILICPos,80219904
Cytosine,Inj_vol,0.06690102053353102,0.06690102053353102,240926_Poo_RC104_HomFate_Full2_posDDA,240926,Poo,RC104,HomFate,72513664,240926,72513664,HILICPos,72513664
Cytosine,Inj_vol,0.06690102053353102,0.06690102053353102,240926_Poo_RC104_HomFate_Full3_posDDA,240926,Poo,RC104,HomFate,69202080,240926,69202080,HILICPos,69202080
Cytosine,Inj_vol,0.06690102053353102,0.06690102053353102,240926_Poo_RC104_HomFate_Full4_posDDA,240926,Poo,RC104,HomFate,77831752,240926,77831752,HILICPos,77831752
Cytosine,Inj_vol,0.06690102053353102,0.06690102053353102,240926_Poo_RC104_HomFate_Full5_posDDA,240926,Poo,RC104,HomFate,80935616,240926,80935616,HILICPos,80935616
Cytosine,Inj_vol,0.06690102053353102,0.06690102053353102,240926_Smp_RC104_HomFate_Con_A_posDDA,240926,Smp,RC104,HomFate,94144488,240926,94144488,HILICPos,94144488
Cytosine,Inj_vol,0.06690102053353102,0.06690102053353102,240926_Smp_RC104_HomFate_Con_B_posDDA,240926,Smp,RC104,HomFate,39746612,240926,39746612,HILICPos,39746612
Cytosine,Inj_vol,0.06690102053353102,0.06690102053353102,240926_Smp_RC104_HomFate_Con_C_posDDA,240926,Smp,RC104,HomFate,57992500,240926,57992500,HILICPos,57992500
Cytosine,Inj_vol,0.06690102053353102,0.06690102053353102,240926_Smp_RC104_HomFate_T0_A_posDDA,240926,Smp,RC104,HomFate,38399340,240926,38399340,HILICPos,38399340
Cytosine,Inj_vol,0.06690102053353102,0.06690102053353102,240926_Smp_RC104_HomFate_T0_B_posDDA,240926,Smp,RC104,HomFate,52351268,240926,52351268,HILICPos,52351268
Cytosine,Inj_vol,0.06690102053353102,0.06690102053353102,240926_Smp_RC104_HomFate_T0_C_posDDA,240926,Smp,RC104,HomFate,33845668,240926,33845668,HILICPos,33845668
Cytosine,Inj_vol,0.06690102053353102,0.06690102053353102,240926_Smp_RC104_HomFate_T6_A_posDDA,240926,Smp,RC104,HomFate,57734380,240926,57734380,HILICPos,57734380
Cytosine,Inj_vol,0.06690102053353102,0.06690102053353102,240926_Smp_RC104_HomFate_T6_B_posDDA,240926,Smp,RC104,HomFate,26608962,240926,26608962,HILICPos,26608962
Cytosine,Inj_vol,0.06690102053353102,0.06690102053353102,240926_Smp_RC104_HomFate_T6_C_posDDA,240926,Smp,RC104,HomFate,41510296,240926,41510296,HILICPos,41510296
Cytosine,Inj_vol,0.06690102053353102,0.06690102053353102,240926_Smp_RC104_HomFate_T12_A_posDDA,240926,Smp,RC104,HomFate,32997486,240926,32997486,HILICPos,32997486
Cytosine,Inj_vol,0.06690102053353102,0.06690102053353102,240926_Smp_RC104_HomFate_T12_B_posDDA,240926,Smp,RC104,HomFate,51795176,240926,51795176,HILICPos,51795176
Cytosine,Inj_vol,0.06690102053353102,0.06690102053353102,240926_Smp_RC104_HomFate_T12_C_posDDA,240926,Smp,RC104,HomFate,82841712,240926,82841712,HILICPos,82841712
Cytosine,Inj_vol,0.06690102053353102,0.06690102053353102,240926_Smp_RC104_HomFate_T24_A_posDDA,240926,Smp,RC104,HomFate,118419792,240926,118419792,HILICPos,118419792
Cytosine,Inj_vol,0.06690102053353102,0.06690102053353102,240926_Smp_RC104_HomFate_T24_B_posDDA,240926,Smp,RC104,HomFate,50175928,240926,50175928,HILICPos,50175928
Cytosine,Inj_vol,0.06690102053353102,0.06690102053353102,240926_Smp_RC104_HomFate_T24_C_posDDA,240926,Smp,RC104,HomFate,251967664,240926,251967664,HILICPos,251967664
Cytosine,Inj_vol,0.06690102053353102,0.06690102053353102,240926_Smp_RC104_HomFate_T48_A_posDDA,240926,Smp,RC104,HomFate,225712880,240926,225712880,HILICPos,225712880
Cytosine,Inj_vol,0.06690102053353102,0.06690102053353102,240926_Smp_RC104_HomFate_T48_B_posDDA,240926,Smp,RC104,HomFate,126251832,240926,126251832,HILICPos,126251832
Cytosine,Inj_vol,0.06690102053353102,0.06690102053353102,240926_Smp_RC104_HomFate_T48_C_posDDA,240926,Smp,RC104,HomFate,267473248,240926,267473248,HILICPos,267473248
Cytosine,Inj_vol,0.06690102053353102,0.06690102053353102,240926_Smp_RC104_HomFate_T96_A_posDDA,240926,Smp,RC104,HomFate,92899440,240926,92899440,HILICPos,92899440
Cytosine,Inj_vol,0.06690102053353102,0.06690102053353102,240926_Smp_RC104_HomFate_T96_B_posDDA,240926,Smp,RC104,HomFate,136378864,240926,136378864,HILICPos,136378864
Cytosine,Inj_vol,0.06690102053353102,0.06690102053353102,240926_Smp_RC104_HomFate_T96_C_posDDA,240926,Smp,RC104,HomFate,148913600,240926,148913600,HILICPos,148913600
Cytosine,Inj_vol,0.06690102053353102,0.06690102053353102,240926_Smp_RC104_HomFate2_T12_L_A_posDDA,240926,Smp,RC104,HomFate2,122127896,240926,122127896,HILICPos,122127896
Cytosine,Inj_vol,0.06690102053353102,0.06690102053353102,240926_Smp_RC104_HomFate2_T12_L_B_posDDA,240926,Smp,RC104,HomFate2,123425808,240926,123425808,HILICPos,123425808
Cytosine,Inj_vol,0.06690102053353102,0.06690102053353102,240926_Smp_RC104_HomFate2_T12_L_C_posDDA,240926,Smp,RC104,HomFate2,100235536,240926,100235536,HILICPos,100235536
Cytosine,Inj_vol,0.06690102053353102,0.06690102053353102,240926_Smp_RC104_HomFate2_T12_UL_A_posDDA,240926,Smp,RC104,HomFate2,68271736,240926,68271736,HILICPos,68271736
Cytosine,Inj_vol,0.06690102053353102,0.06690102053353102,240926_Smp_RC104_HomFate2_T12_UL_B_posDDA,240926,Smp,RC104,HomFate2,60346752,240926,60346752,HILICPos,60346752
Cytosine,Inj_vol,0.06690102053353102,0.06690102053353102,240926_Smp_RC104_HomFate2_T12_UL_C_posDDA,240926,Smp,RC104,HomFate2,41949424,240926,41949424,HILICPos,41949424
Deoxyadenosine,Inj_vol,0.03460557389876905,0.03460557389876905,240926_Poo_RC104_HomFate_Full1_posDDA,240926,Poo,RC104,HomFate,48948308,240926,48948308,HILICPos,48948308
Deoxyadenosine,Inj_vol,0.03460557389876905,0.03460557389876905,240926_Poo_RC104_HomFate_Full2_posDDA,240926,Poo,RC104,HomFate,45889372,240926,45889372,HILICPos,45889372
Deoxyadenosine,Inj_vol,0.03460557389876905,0.03460557389876905,240926_Poo_RC104_HomFate_Full3_posDDA,240926,Poo,RC104,HomFate,48858228,240926,48858228,HILICPos,48858228
Deoxyadenosine,Inj_vol,0.03460557389876905,0.03460557389876905,240926_Poo_RC104_HomFate_Full4_posDDA,240926,Poo,RC104,HomFate,46669796,240926,46669796,HILICPos,46669796
Deoxyadenosine,Inj_vol,0.03460557389876905,0.03460557389876905,240926_Poo_RC104_HomFate_Full5_posDDA,240926,Poo,RC104,HomFate,49787552,240926,49787552,HILICPos,49787552
Deoxyadenosine,Inj_vol,0.03460557389876905,0.03460557389876905,240926_Smp_RC104_HomFate_Con_A_posDDA,240926,Smp,RC104,HomFate,56932832,240926,56932832,HILICPos,56932832
Deoxyadenosine,Inj_vol,0.03460557389876905,0.03460557389876905,240926_Smp_RC104_HomFate_Con_B_posDDA,240926,Smp,RC104,HomFate,17484288,240926,17484288,HILICPos,17484288
Deoxyadenosine,Inj_vol,0.03460557389876905,0.03460557389876905,240926_Smp_RC104_HomFate_Con_C_posDDA,240926,Smp,RC104,HomFate,16346839,240926,16346839,HILICPos,16346839
Deoxyadenosine,Inj_vol,0.03460557389876905,0.03460557389876905,240926_Smp_RC104_HomFate_T0_A_posDDA,240926,Smp,RC104,HomFate,9762271,240926,9762271,HILICPos,9762271
Deoxyadenosine,Inj_vol,0.03460557389876905,0.03460557389876905,240926_Smp_RC104_HomFate_T0_B_posDDA,240926,Smp,RC104,HomFate,26827448,240926,26827448,HILICPos,26827448
Deoxyadenosine,Inj_vol,0.03460557389876905,0.03460557389876905,240926_Smp_RC104_HomFate_T0_C_posDDA,240926,Smp,RC104,HomFate,5293435,240926,5293435,HILICPos,5293435
Deoxyadenosine,Inj_vol,0.03460557389876905,0.03460557389876905,240926_Smp_RC104_HomFate_T6_A_posDDA,240926,Smp,RC104,HomFate,9670068,240926,9670068,HILICPos,9670068
Deoxyadenosine,Inj_vol,0.03460557389876905,0.03460557389876905,240926_Smp_RC104_HomFate_T6_B_posDDA,240926,Smp,RC104,HomFate,1250989,240926,1250989,HILICPos,1250989
Deoxyadenosine,Inj_vol,0.03460557389876905,0.03460557389876905,240926_Smp_RC104_HomFate_T6_C_posDDA,240926,Smp,RC104,HomFate,1258495,240926,1258495,HILICPos,1258495
Deoxyadenosine,Inj_vol,0.03460557389876905,0.03460557389876905,240926_Smp_RC104_HomFate_T12_A_posDDA,240926,Smp,RC104,HomFate,9840207,240926,9840207,HILICPos,9840207
Deoxyadenosine,Inj_vol,0.03460557389876905,0.03460557389876905,240926_Smp_RC104_HomFate_T12_B_posDDA,240926,Smp,RC104,HomFate,7299677,240926,7299677,HILICPos,7299677
Deoxyadenosine,Inj_vol,0.03460557389876905,0.03460557389876905,240926_Smp_RC104_HomFate_T12_C_posDDA,240926,Smp,RC104,HomFate,21880432,240926,21880432,HILICPos,21880432
Deoxyadenosine,Inj_vol,0.03460557389876905,0.03460557389876905,240926_Smp_RC104_HomFate_T24_A_posDDA,240926,Smp,RC104,HomFate,60727400,240926,60727400,HILICPos,60727400
Deoxyadenosine,Inj_vol,0.03460557389876905,0.03460557389876905,240926_Smp_RC104_HomFate_T24_B_posDDA,240926,Smp,RC104,HomFate,15190359,240926,15190359,HILICPos,15190359
Deoxyadenosine,Inj_vol,0.03460557389876905,0.03460557389876905,240926_Smp_RC104_HomFate_T24_C_posDDA,240926,Smp,RC104,HomFate,269789632,240926,269789632,HILICPos,269789632
Deoxyadenosine,Inj_vol,0.03460557389876905,0.03460557389876905,240926_Smp_RC104_HomFate_T48_A_posDDA,240926,Smp,RC104,HomFate,63392392,240926,63392392,HILICPos,63392392
Deoxyadenosine,Inj_vol,0.03460557389876905,0.03460557389876905,240926_Smp_RC104_HomFate_T48_B_posDDA,240926,Smp,RC104,HomFate,107223280,240926,107223280,HILICPos,107223280
Deoxyadenosine,Inj_vol,0.03460557389876905,0.03460557389876905,240926_Smp_RC104_HomFate_T48_C_posDDA,240926,Smp,RC104,HomFate,286240288,240926,286240288,HILICPos,286240288
Deoxyadenosine,Inj_vol,0.03460557389876905,0.03460557389876905,240926_Smp_RC104_HomFate_T96_A_posDDA,240926,Smp,RC104,HomFate,52479824,240926,52479824,HILICPos,52479824
Deoxyadenosine,Inj_vol,0.03460557389876905,0.03460557389876905,240926_Smp_RC104_HomFate_T96_B_posDDA,240926,Smp,RC104,HomFate,151710304,240926,151710304,HILICPos,151710304
Deoxyadenosine,Inj_vol,0.03460557389876905,0.03460557389876905,240926_Smp_RC104_HomFate_T96_C_posDDA,240926,Smp,RC104,HomFate,127509800,240926,127509800,HILICPos,127509800
Deoxyadenosine,Inj_vol,0.03460557389876905,0.03460557389876905,240926_Smp_RC104_HomFate2_T12_L_A_posDDA,240926,Smp,RC104,HomFate2,24659774,240926,24659774,HILICPos,24659774
Deoxyadenosine,Inj_vol,0.03460557389876905,0.03460557389876905,240926_Smp_RC104_HomFate2_T12_L_B_posDDA,240926,Smp,RC104,HomFate2,27660684,240926,27660684,HILICPos,27660684
Deoxyadenosine,Inj_vol,0.03460557389876905,0.03460557389876905,240926_Smp_RC104_HomFate2_T12_L_C_posDDA,240926,Smp,RC104,HomFate2,27833050,240926,27833050,HILICPos,27833050
Deoxyadenosine,Inj_vol,0.03460557389876905,0.03460557389876905,240926_Smp_RC104_HomFate2_T12_UL_A_posDDA,240926,Smp,RC104,HomFate2,14871655,240926,14871655,HILICPos,14871655
Deoxyadenosine,Inj_vol,0.03460557389876905,0.03460557389876905,240926_Smp_RC104_HomFate2_T12_UL_B_posDDA,240926,Smp,RC104,HomFate2,11239795,240926,11239795,HILICPos,11239795
Deoxyadenosine,Inj_vol,0.03460557389876905,0.03460557389876905,240926_Smp_RC104_HomFate2_T12_UL_C_posDDA,240926,Smp,RC104,HomFate2,11103264,240926,11103264,HILICPos,11103264
Guanosine,"L-Phenylalanine, 2H8",0.23578021485292144,0.08964027459746371,240926_Poo_RC104_HomFate_Full1_posDDA,240926,Poo,RC104,HomFate,2226876,240926,2226876,HILICPos,2764402.188320649
Guanosine,"L-Phenylalanine, 2H8",0.23578021485292144,0.08964027459746371,240926_Poo_RC104_HomFate_Full2_posDDA,240926,Poo,RC104,HomFate,1894916,240926,1894916,HILICPos,2516420.727961064
Guanosine,"L-Phenylalanine, 2H8",0.23578021485292144,0.08964027459746371,240926_Poo_RC104_HomFate_Full3_posDDA,240926,Poo,RC104,HomFate,1905161,240926,1905161,HILICPos,2397910.695562414
Guanosine,"L-Phenylalanine, 2H8",0.23578021485292144,0.08964027459746371,240926_Poo_RC104_HomFate_Full4_posDDA,240926,Poo,RC104,HomFate,2639179,240926,2639179,HILICPos,3016347.4440495777
Guanosine,"L-Phenylalanine, 2H8",0.23578021485292144,0.08964027459746371,240926_Poo_RC104_HomFate_Full5_posDDA,240926,Poo,RC104,HomFate,3219792,240926,3219792,HILICPos,2763539.4046749915
Guanosine,"L-Phenylalanine, 2H8",0.23578021485292144,0.08964027459746371,240926_Smp_RC104_HomFate_Con_A_posDDA,240926,Smp,RC104,HomFate,2645665,240926,2645665,HILICPos,2801434.7412675135
Guanosine,"L-Phenylalanine, 2H8",0.23578021485292144,0.08964027459746371,240926_Smp_RC104_HomFate_Con_B_posDDA,240926,Smp,RC104,HomFate,2577996,240926,2577996,HILICPos,2254462.737257274
Guanosine,"L-Phenylalanine, 2H8",0.23578021485292144,0.08964027459746371,240926_Smp_RC104_HomFate_Con_C_posDDA,240926,Smp,RC104,HomFate,1235959,240926,1235959,HILICPos,1254295.086082665
Guanosine,"L-Phenylalanine, 2H8",0.23578021485292144,0.08964027459746371,240926_Smp_RC104_HomFate_T0_A_posDDA,240926,Smp,RC104,HomFate,896674,240926,896674,HILICPos,738738.7089111267
Guanosine,"L-Phenylalanine, 2H8",0.23578021485292144,0.08964027459746371,240926_Smp_RC104_HomFate_T0_B_posDDA,240926,Smp,RC104,HomFate,1984764,240926,1984764,HILICPos,1859563.2631587344
Guanosine,"L-Phenylalanine, 2H8",0.23578021485292144,0.08964027459746371,240926_Smp_RC104_HomFate_T0_C_posDDA,240926,Smp,RC104,HomFate,1091710,240926,1091710,HILICPos,1310256.7971445282
Guanosine,"L-Phenylalanine, 2H8",0.23578021485292144,0.08964027459746371,240926_Smp_RC104_HomFate_T6_A_posDDA,240926,Smp,RC104,HomFate,1990898,240926,1990898,HILICPos,2606546.805902405
Guanosine,"L-Phenylalanine, 2H8",0.23578021485292144,0.08964027459746371,240926_Smp_RC104_HomFate_T6_B_posDDA,240926,Smp,RC104,HomFate,563508,240926,563508,HILICPos,737988.7319066369
Guanosine,"L-Phenylalanine, 2H8",0.23578021485292144,0.08964027459746371,240926_Smp_RC104_HomFate_T6_C_posDDA,240926,Smp,RC104,HomFate,904622,240926,904622,HILICPos,1083700.2675220699
Guanosine,"L-Phenylalanine, 2H8",0.23578021485292144,0.08964027459746371,240926_Smp_RC104_HomFate_T12_A_posDDA,240926,Smp,RC104,HomFate,1438451,240926,1438451,HILICPos,1460835.258125292
Guanosine,"L-Phenylalanine, 2H8",0.23578021485292144,0.08964027459746371,240926_Smp_RC104_HomFate_T12_B_posDDA,240926,Smp,RC104,HomFate,1475371,240926,1475371,HILICPos,1499847.6570836152
Guanosine,"L-Phenylalanine, 2H8",0.23578021485292144,0.08964027459746371,240926_Smp_RC104_HomFate_T12_C_posDDA,240926,Smp,RC104,HomFate,3677574,240926,3677574,HILICPos,5002509.26631063
Guanosine,"L-Phenylalanine, 2H8",0.23578021485292144,0.08964027459746371,240926_Smp_RC104_HomFate_T24_A_posDDA,240926,Smp,RC104,HomFate,5539573,240926,5539573,HILICPos,4423604.762622863
Guanosine,"L-Phenylalanine, 2H8",0.23578021485292144,0.08964027459746371,240926_Smp_RC104_HomFate_T24_B_posDDA,240926,Smp,RC104,HomFate,2400863,240926,2400863,HILICPos,3347356.3324783314
Guanosine,"L-Phenylalanine, 2H8",0.23578021485292144,0.08964027459746371,240926_Smp_RC104_HomFate_T24_C_posDDA,240926,Smp,RC104,HomFate,21484618,240926,21484618,HILICPos,29246784.25245206
Guanosine,"L-Phenylalanine, 2H8",0.23578021485292144,0.08964027459746371,240926_Smp_RC104_HomFate_T48_A_posDDA,240926,Smp,RC104,HomFate,3497031,240926,3497031,HILICPos,4333355.55632971
Guanosine,"L-Phenylalanine, 2H8",0.23578021485292144,0.08964027459746371,240926_Smp_RC104_HomFate_T48_B_posDDA,240926,Smp,RC104,HomFate,11835287,240926,11835287,HILICPos,12447904.795611199
Guanosine,"L-Phenylalanine, 2H8",0.23578021485292144,0.08964027459746371,240926_Smp_RC104_HomFate_T48_C_posDDA,240926,Smp,RC104,HomFate,7152632,240926,7152632,HILICPos,9172528.345631478
Guanosine,"L-Phenylalanine, 2H8",0.23578021485292144,0.08964027459746371,240926_Smp_RC104_HomFate_T96_A_posDDA,240926,Smp,RC104,HomFate,3053934,240926,3053934,HILICPos,3531177.2605298804
Guanosine,"L-Phenylalanine, 2H8",0.23578021485292144,0.08964027459746371,240926_Smp_RC104_HomFate_T96_B_posDDA,240926,Smp,RC104,HomFate,10925758,240926,10925758,HILICPos,10649278.539247513
Guanosine,"L-Phenylalanine, 2H8",0.23578021485292144,0.08964027459746371,240926_Smp_RC104_HomFate_T96_C_posDDA,240926,Smp,RC104,HomFate,8206851,240926,8206851,HILICPos,7962932.65744876
Guanosine,"L-Phenylalanine, 2H8",0.23578021485292144,0.08964027459746371,240926_Smp_RC104_HomFate2_T12_L_A_posDDA,240926,Smp,RC104,HomFate2,3225448,240926,3225448,HILICPos,2662370.777215297
Guanosine,"L-Phenylalanine, 2H8",0.23578021485292144,0.08964027459746371,240926_Smp_RC104_HomFate2_T12_L_B_posDDA,240926,Smp,RC104,HomFate2,3686309,240926,3686309,HILICPos,2242441.852012902
Guanosine,"L-Phenylalanine, 2H8",0.23578021485292144,0.08964027459746371,240926_Smp_RC104_HomFate2_T12_L_C_posDDA,240926,Smp,RC104,HomFate2,2605642,240926,2605642,HILICPos,1755604.3874650719
Guanosine,"L-Phenylalanine, 2H8",0.23578021485292144,0.08964027459746371,240926_Smp_RC104_HomFate2_T12_UL_A_posDDA,240926,Smp,RC104,HomFate2,759614,240926,759614,HILICPos,604900.3858163028
Guanosine,"L-Phenylalanine, 2H8",0.23578021485292144,0.08964027459746371,240926_Smp_RC104_HomFate2_T12_UL_B_posDDA,240926,Smp,RC104,HomFate2,916670,240926,916670,HILICPos,730547.1592121897
Guanosine,"L-Phenylalanine, 2H8",0.23578021485292144,0.08964027459746371,240926_Smp_RC104_HomFate2_T12_UL_C_posDDA,240926,Smp,RC104,HomFate2,1733642,240926,1733642,HILICPos,1293393.2163579287
Homarine,Inj_vol,0.08698750051392722,0.08698750051392722,240926_Poo_RC104_HomFate_Full1_posDDA,240926,Poo,RC104,HomFate,5263763456,240926,5263763456,HILICPos,5263763456
Homarine,Inj_vol,0.08698750051392722,0.08698750051392722,240926_Poo_RC104_HomFate_Full2_posDDA,240926,Poo,RC104,HomFate,5468095488,240926,5468095488,HILICPos,5468095488
Homarine,Inj_vol,0.08698750051392722,0.08698750051392722,240926_Poo_RC104_HomFate_Full3_posDDA,240926,Poo,RC104,HomFate,4681836032,240926,4681836032,HILICPos,4681836032
Homarine,Inj_vol,0.08698750051392722,0.08698750051392722,240926_Poo_RC104_HomFate_Full4_posDDA,240926,Poo,RC104,HomFate,5639201792,240926,5639201792,HILICPos,5639201792
Homarine,Inj_vol,0.08698750051392722,0.08698750051392722,240926_Poo_RC104_HomFate_Full5_posDDA,240926,Poo,RC104,HomFate,5934438400,240926,5934438400,HILICPos,5934438400
Homarine,Inj_vol,0.08698750051392722,0.08698750051392722,240926_Smp_RC104_HomFate_Con_A_posDDA,240926,Smp,RC104,HomFate,3334265600,240926,3334265600,HILICPos,3334265600
Homarine,Inj_vol,0.08698750051392722,0.08698750051392722,240926_Smp_RC104_HomFate_Con_B_posDDA,240926,Smp,RC104,HomFate,3186465280,240926,3186465280,HILICPos,3186465280
Homarine,Inj_vol,0.08698750051392722,0.08698750051392722,240926_Smp_RC104_HomFate_Con_C_posDDA,240926,Smp,RC104,HomFate,1925811200,240926,1925811200,HILICPos,1925811200
Homarine,Inj_vol,0.08698750051392722,0.08698750051392722,240926_Smp_RC104_HomFate_T0_A_posDDA,240926,Smp,RC104,HomFate,2935372544,240926,2935372544,HILICPos,2935372544
Homarine,Inj_vol,0.08698750051392722,0.08698750051392722,240926_Smp_RC104_HomFate_T0_B_posDDA,240926,Smp,RC104,HomFate,4581720064,240926,4581720064,HILICPos,4581720064
Homarine,Inj_vol,0.08698750051392722,0.08698750051392722,240926_Smp_RC104_HomFate_T0_C_posDDA,240926,Smp,RC104,HomFate,4649757184,240926,4649757184,HILICPos,4649757184
Homarine,Inj_vol,0.08698750051392722,0.08698750051392722,240926_Smp_RC104_HomFate_T6_A_posDDA,240926,Smp,RC104,HomFate,4438765568,240926,4438765568,HILICPos,4438765568
Homarine,Inj_vol,0.08698750051392722,0.08698750051392722,240926_Smp_RC104_HomFate_T6_B_posDDA,240926,Smp,RC104,HomFate,1672967424,240926,1672967424,HILICPos,1672967424
Homarine,Inj_vol,0.08698750051392722,0.08698750051392722,240926_Smp_RC104_HomFate_T6_C_posDDA,240926,Smp,RC104,HomFate,4159005440,240926,4159005440,HILICPos,4159005440
Homarine,Inj_vol,0.08698750051392722,0.08698750051392722,240926_Smp_RC104_HomFate_T12_A_posDDA,240926,Smp,RC104,HomFate,3710355456,240926,3710355456,HILICPos,3710355456
Homarine,Inj_vol,0.08698750051392722,0.08698750051392722,240926_Smp_RC104_HomFate_T12_B_posDDA,240926,Smp,RC104,HomFate,2226615552,240926,2226615552,HILICPos,2226615552
Homarine,Inj_vol,0.08698750051392722,0.08698750051392722,240926_Smp_RC104_HomFate_T12_C_posDDA,240926,Smp,RC104,HomFate,5852463616,240926,5852463616,HILICPos,5852463616
Homarine,Inj_vol,0.08698750051392722,0.08698750051392722,240926_Smp_RC104_HomFate_T24_A_posDDA,240926,Smp,RC104,HomFate,6030387200,240926,6030387200,HILICPos,6030387200
Homarine,Inj_vol,0.08698750051392722,0.08698750051392722,240926_Smp_RC104_HomFate_T24_B_posDDA,240926,Smp,RC104,HomFate,4711577088,240926,4711577088,HILICPos,4711577088
Homarine,Inj_vol,0.08698750051392722,0.08698750051392722,240926_Smp_RC104_HomFate_T24_C_posDDA,240926,Smp,RC104,HomFate,8244518912,240926,8244518912,HILICPos,8244518912
Homarine,Inj_vol,0.08698750051392722,0.08698750051392722,240926_Smp_RC104_HomFate_T48_A_posDDA,240926,Smp,RC104,HomFate,5865862656,240926,5865862656,HILICPos,5865862656
Homarine,Inj_vol,0.08698750051392722,0.08698750051392722,240926_Smp_RC104_HomFate_T48_B_posDDA,240926,Smp,RC104,HomFate,10939744256,240926,10939744256,HILICPos,10939744256
Homarine,Inj_vol,0.08698750051392722,0.08698750051392722,240926_Smp_RC104_HomFate_T48_C_posDDA,240926,Smp,RC104,HomFate,9317761024,240926,9317761024,HILICPos,9317761024
Homarine,Inj_vol,0.08698750051392722,0.08698750051392722,240926_Smp_RC104_HomFate_T96_A_posDDA,240926,Smp,RC104,HomFate,16247639040,240926,16247639040,HILICPos,16247639040
Homarine,Inj_vol,0.08698750051392722,0.08698750051392722,240926_Smp_RC104_HomFate_T96_B_posDDA,240926,Smp,RC104,HomFate,21826738176,240926,21826738176,HILICPos,21826738176
Homarine,Inj_vol,0.08698750051392722,0.08698750051392722,240926_Smp_RC104_HomFate_T96_C_posDDA,240926,Smp,RC104,HomFate,22711207936,240926,22711207936,HILICPos,22711207936
Homarine,Inj_vol,0.08698750051392722,0.08698750051392722,240926_Smp_RC104_HomFate2_T12_L_A_posDDA,240926,Smp,RC104,HomFate2,3223553792,240926,3223553792,HILICPos,3223553792
Homarine,Inj_vol,0.08698750051392722,0.08698750051392722,240926_Smp_RC104_HomFate2_T12_L_B_posDDA,240926,Smp,RC104,HomFate2,3673685504,240926,3673685504,HILICPos,3673685504
Homarine,Inj_vol,0.08698750051392722,0.08698750051392722,240926_Smp_RC104_HomFate2_T12_L_C_posDDA,240926,Smp,RC104,HomFate2,3284597504,240926,3284597504,HILICPos,3284597504
Homarine,Inj_vol,0.08698750051392722,0.08698750051392722,240926_Smp_RC104_HomFate2_T12_UL_A_posDDA,240926,Smp,RC104,HomFate2,3064916224,240926,3064916224,HILICPos,3064916224
Homarine,Inj_vol,0.08698750051392722,0.08698750051392722,240926_Smp_RC104_HomFate2_T12_UL_B_posDDA,240926,Smp,RC104,HomFate2,3426914560,240926,3426914560,HILICPos,3426914560
Homarine,Inj_vol,0.08698750051392722,0.08698750051392722,240926_Smp_RC104_HomFate2_T12_UL_C_posDDA,240926,Smp,RC104,HomFate2,3874660096,240926,3874660096,HILICPos,3874660096
L-Arginine,Inj_vol,0.19485964843647358,0.19485964843647358,240926_Poo_RC104_HomFate_Full1_posDDA,240926,Poo,RC104,HomFate,58073032,240926,58073032,HILICPos,58073032
L-Arginine,Inj_vol,0.19485964843647358,0.19485964843647358,240926_Poo_RC104_HomFate_Full2_posDDA,240926,Poo,RC104,HomFate,40399076,240926,40399076,HILICPos,40399076
L-Arginine,Inj_vol,0.19485964843647358,0.19485964843647358,240926_Poo_RC104_HomFate_Full3_posDDA,240926,Poo,RC104,HomFate,41968604,240926,41968604,HILICPos,41968604
L-Arginine,Inj_vol,0.19485964843647358,0.19485964843647358,240926_Poo_RC104_HomFate_Full4_posDDA,240926,Poo,RC104,HomFate,37303836,240926,37303836,HILICPos,37303836
L-Arginine,Inj_vol,0.19485964843647358,0.19485964843647358,240926_Poo_RC104_HomFate_Full5_posDDA,240926,Poo,RC104,HomFate,38779120,240926,38779120,HILICPos,38779120
L-Arginine,Inj_vol,0.19485964843647358,0.19485964843647358,240926_Smp_RC104_HomFate_Con_A_posDDA,240926,Smp,RC104,HomFate,31264798,240926,31264798,HILICPos,31264798
L-Arginine,Inj_vol,0.19485964843647358,0.19485964843647358,240926_Smp_RC104_HomFate_Con_B_posDDA,240926,Smp,RC104,HomFate,22471122,240926,22471122,HILICPos,22471122
L-Arginine,Inj_vol,0.19485964843647358,0.19485964843647358,240926_Smp_RC104_HomFate_Con_C_posDDA,240926,Smp,RC104,HomFate,14056305,240926,14056305,HILICPos,14056305
L-Arginine,Inj_vol,0.19485964843647358,0.19485964843647358,240926_Smp_RC104_HomFate_T0_A_posDDA,240926,Smp,RC104,HomFate,21531446,240926,21531446,HILICPos,21531446
L-Arginine,Inj_vol,0.19485964843647358,0.19485964843647358,240926_Smp_RC104_HomFate_T0_B_posDDA,240926,Smp,RC104,HomFate,37040824,240926,37040824,HILICPos,37040824
L-Arginine,Inj_vol,0.19485964843647358,0.19485964843647358,240926_Smp_RC104_HomFate_T0_C_posDDA,240926,Smp,RC104,HomFate,18408434,240926,18408434,HILICPos,18408434
L-Arginine,Inj_vol,0.19485964843647358,0.19485964843647358,240926_Smp_RC104_HomFate_T6_A_posDDA,240926,Smp,RC104,HomFate,49665096,240926,49665096,HILICPos,49665096
L-Arginine,Inj_vol,0.19485964843647358,0.19485964843647358,240926_Smp_RC104_HomFate_T6_B_posDDA,240926,Smp,RC104,HomFate,15598582,240926,15598582,HILICPos,15598582
L-Arginine,Inj_vol,0.19485964843647358,0.19485964843647358,240926_Smp_RC104_HomFate_T6_C_posDDA,240926,Smp,RC104,HomFate,28618906,240926,28618906,HILICPos,28618906
L-Arginine,Inj_vol,0.19485964843647358,0.19485964843647358,240926_Smp_RC104_HomFate_T12_A_posDDA,240926,Smp,RC104,HomFate,36408972,240926,36408972,HILICPos,36408972
L-Arginine,Inj_vol,0.19485964843647358,0.19485964843647358,240926_Smp_RC104_HomFate_T12_B_posDDA,240926,Smp,RC104,HomFate,17130984,240926,17130984,HILICPos,17130984
L-Arginine,Inj_vol,0.19485964843647358,0.19485964843647358,240926_Smp_RC104_HomFate_T12_C_posDDA,240926,Smp,RC104,HomFate,105804864,240926,105804864,HILICPos,105804864
L-Arginine,Inj_vol,0.19485964843647358,0.19485964843647358,240926_Smp_RC104_HomFate_T24_A_posDDA,240926,Smp,RC104,HomFate,44072032,240926,44072032,HILICPos,44072032
L-Arginine,Inj_vol,0.19485964843647358,0.19485964843647358,240926_Smp_RC104_HomFate_T24_B_posDDA,240926,Smp,RC104,HomFate,46631720,240926,46631720,HILICPos,46631720
L-Arginine,Inj_vol,0.19485964843647358,0.19485964843647358,240926_Smp_RC104_HomFate_T24_C_posDDA,240926,Smp,RC104,HomFate,275810368,240926,275810368,HILICPos,275810368
L-Arginine,Inj_vol,0.19485964843647358,0.19485964843647358,240926_Smp_RC104_HomFate_T48_A_posDDA,240926,Smp,RC104,HomFate,44804652,240926,44804652,HILICPos,44804652
L-Arginine,Inj_vol,0.19485964843647358,0.19485964843647358,240926_Smp_RC104_HomFate_T48_B_posDDA,240926,Smp,RC104,HomFate,97982080,240926,97982080,HILICPos,97982080
L-Arginine,Inj_vol,0.19485964843647358,0.19485964843647358,240926_Smp_RC104_HomFate_T48_C_posDDA,240926,Smp,RC104,HomFate,172885952,240926,172885952,HILICPos,172885952
L-Arginine,Inj_vol,0.19485964843647358,0.19485964843647358,240926_Smp_RC104_HomFate_T96_A_posDDA,240926,Smp,RC104,HomFate,97966048,240926,97966048,HILICPos,97966048
L-Arginine,Inj_vol,0.19485964843647358,0.19485964843647358,240926_Smp_RC104_HomFate_T96_B_posDDA,240926,Smp,RC104,HomFate,142818224,240926,142818224,HILICPos,142818224
L-Arginine,Inj_vol,0.19485964843647358,0.19485964843647358,240926_Smp_RC104_HomFate_T96_C_posDDA,240926,Smp,RC104,HomFate,125349104,240926,125349104,HILICPos,125349104
L-Arginine,Inj_vol,0.19485964843647358,0.19485964843647358,240926_Smp_RC104_HomFate2_T12_L_A_posDDA,240926,Smp,RC104,HomFate2,29207788,240926,29207788,HILICPos,29207788
L-Arginine,Inj_vol,0.19485964843647358,0.19485964843647358,240926_Smp_RC104_HomFate2_T12_L_B_posDDA,240926,Smp,RC104,HomFate2,35786688,240926,35786688,HILICPos,35786688
L-Arginine,Inj_vol,0.19485964843647358,0.19485964843647358,240926_Smp_RC104_HomFate2_T12_L_C_posDDA,240926,Smp,RC104,HomFate2,25234098,240926,25234098,HILICPos,25234098
L-Arginine,Inj_vol,0.19485964843647358,0.19485964843647358,240926_Smp_RC104_HomFate2_T12_UL_A_posDDA,240926,Smp,RC104,HomFate2,16383587,240926,16383587,HILICPos,16383587
L-Arginine,Inj_vol,0.19485964843647358,0.19485964843647358,240926_Smp_RC104_HomFate2_T12_UL_B_posDDA,240926,Smp,RC104,HomFate2,23080364,240926,23080364,HILICPos,23080364
L-Arginine,Inj_vol,0.19485964843647358,0.19485964843647358,240926_Smp_RC104_HomFate2_T12_UL_C_posDDA,240926,Smp,RC104,HomFate2,24690430,240926,24690430,HILICPos,24690430
L-Asparagine,Inj_vol,0.08225935444311565,0.08225935444311565,240926_Poo_RC104_HomFate_Full1_posDDA,240926,Poo,RC104,HomFate,5387403,240926,5387403,HILICPos,5387403
L-Asparagine,Inj_vol,0.08225935444311565,0.08225935444311565,240926_Poo_RC104_HomFate_Full2_posDDA,240926,Poo,RC104,HomFate,4657862,240926,4657862,HILICPos,4657862
L-Asparagine,Inj_vol,0.08225935444311565,0.08225935444311565,240926_Poo_RC104_HomFate_Full3_posDDA,240926,Poo,RC104,HomFate,4733225,240926,4733225,HILICPos,4733225
L-Asparagine,Inj_vol,0.08225935444311565,0.08225935444311565,240926_Poo_RC104_HomFate_Full4_posDDA,240926,Poo,RC104,HomFate,5299607,240926,5299607,HILICPos,5299607
L-Asparagine,Inj_vol,0.08225935444311565,0.08225935444311565,240926_Poo_RC104_HomFate_Full5_posDDA,240926,Poo,RC104,HomFate,5619970,240926,5619970,HILICPos,5619970
L-Asparagine,Inj_vol,0.08225935444311565,0.08225935444311565,240926_Smp_RC104_HomFate_Con_A_posDDA,240926,Smp,RC104,HomFate,3241724,240926,3241724,HILICPos,3241724
L-Asparagine,Inj_vol,0.08225935444311565,0.08225935444311565,240926_Smp_RC104_HomFate_Con_B_posDDA,240926,Smp,RC104,HomFate,2920008,240926,2920008,HILICPos,2920008
L-Asparagine,Inj_vol,0.08225935444311565,0.08225935444311565,240926_Smp_RC104_HomFate_Con_C_posDDA,240926,Smp,RC104,HomFate,2497653,240926,2497653,HILICPos,2497653
L-Asparagine,Inj_vol,0.08225935444311565,0.08225935444311565,240926_Smp_RC104_HomFate_T0_A_posDDA,240926,Smp,RC104,HomFate,3706032,240926,3706032,HILICPos,3706032
L-Asparagine,Inj_vol,0.08225935444311565,0.08225935444311565,240926_Smp_RC104_HomFate_T0_B_posDDA,240926,Smp,RC104,HomFate,4967825,240926,4967825,HILICPos,4967825
L-Asparagine,Inj_vol,0.08225935444311565,0.08225935444311565,240926_Smp_RC104_HomFate_T0_C_posDDA,240926,Smp,RC104,HomFate,3412938,240926,3412938,HILICPos,3412938
L-Asparagine,Inj_vol,0.08225935444311565,0.08225935444311565,240926_Smp_RC104_HomFate_T6_A_posDDA,240926,Smp,RC104,HomFate,6638667,240926,6638667,HILICPos,6638667
L-Asparagine,Inj_vol,0.08225935444311565,0.08225935444311565,240926_Smp_RC104_HomFate_T6_B_posDDA,240926,Smp,RC104,HomFate,4216379,240926,4216379,HILICPos,4216379
L-Asparagine,Inj_vol,0.08225935444311565,0.08225935444311565,240926_Smp_RC104_HomFate_T6_C_posDDA,240926,Smp,RC104,HomFate,5751145,240926,5751145,HILICPos,5751145
L-Asparagine,Inj_vol,0.08225935444311565,0.08225935444311565,240926_Smp_RC104_HomFate_T12_A_posDDA,240926,Smp,RC104,HomFate,4888445,240926,4888445,HILICPos,4888445
L-Asparagine,Inj_vol,0.08225935444311565,0.08225935444311565,240926_Smp_RC104_HomFate_T12_B_posDDA,240926,Smp,RC104,HomFate,2569660,240926,2569660,HILICPos,2569660
L-Asparagine,Inj_vol,0.08225935444311565,0.08225935444311565,240926_Smp_RC104_HomFate_T12_C_posDDA,240926,Smp,RC104,HomFate,7262101,240926,7262101,HILICPos,7262101
L-Asparagine,Inj_vol,0.08225935444311565,0.08225935444311565,240926_Smp_RC104_HomFate_T24_A_posDDA,240926,Smp,RC104,HomFate,4664782,240926,4664782,HILICPos,4664782
L-Asparagine,Inj_vol,0.08225935444311565,0.08225935444311565,240926_Smp_RC104_HomFate_T24_B_posDDA,240926,Smp,RC104,HomFate,5724035,240926,5724035,HILICPos,5724035
L-Asparagine,Inj_vol,0.08225935444311565,0.08225935444311565,240926_Smp_RC104_HomFate_T24_C_posDDA,240926,Smp,RC104,HomFate,15593819,240926,15593819,HILICPos,15593819
L-Asparagine,Inj_vol,0.08225935444311565,0.08225935444311565,240926_Smp_RC104_HomFate_T48_A_posDDA,240926,Smp,RC104,HomFate,4966474,240926,4966474,HILICPos,4966474
L-Asparagine,Inj_vol,0.08225935444311565,0.08225935444311565,240926_Smp_RC104_HomFate_T48_B_posDDA,240926,Smp,RC104,HomFate,10156087,240926,10156087,HILICPos,10156087
L-Asparagine,Inj_vol,0.08225935444311565,0.08225935444311565,240926_Smp_RC104_HomFate_T48_C_posDDA,240926,Smp,RC104,HomFate,12669571,240926,12669571,HILICPos,12669571
L-Asparagine,Inj_vol,0.08225935444311565,0.08225935444311565,240926_Smp_RC104_HomFate_T96_A_posDDA,240926,Smp,RC104,HomFate,13280271,240926,13280271,HILICPos,13280271
L-Asparagine,Inj_vol,0.08225935444311565,0.08225935444311565,240926_Smp_RC104_HomFate_T96_B_posDDA,240926,Smp,RC104,HomFate,20498868,240926,20498868,HILICPos,20498868
L-Asparagine,Inj_vol,0.08225935444311565,0.08225935444311565,240926_Smp_RC104_HomFate_T96_C_posDDA,240926,Smp,RC104,HomFate,17753260,240926,17753260,HILICPos,17753260
L-Asparagine,Inj_vol,0.08225935444311565,0.08225935444311565,240926_Smp_RC104_HomFate2_T12_L_A_posDDA,240926,Smp,RC104,HomFate2,4727315,240926,4727315,HILICPos,4727315
L-Asparagine,Inj_vol,0.08225935444311565,0.08225935444311565,240926_Smp_RC104_HomFate2_T12_L_B_posDDA,240926,Smp,RC104,HomFate2,5142213,240926,5142213,HILICPos,5142213
L-Asparagine,Inj_vol,0.08225935444311565,0.08225935444311565,240926_Smp_RC104_HomFate2_T12_L_C_posDDA,240926,Smp,RC104,HomFate2,4603755,240926,4603755,HILICPos,4603755
L-Asparagine,Inj_vol,0.08225935444311565,0.08225935444311565,240926_Smp_RC104_HomFate2_T12_UL_A_posDDA,240926,Smp,RC104,HomFate2,2507822,240926,2507822,HILICPos,2507822
L-Asparagine,Inj_vol,0.08225935444311565,0.08225935444311565,240926_Smp_RC104_HomFate2_T12_UL_B_posDDA,240926,Smp,RC104,HomFate2,3480498,240926,3480498,HILICPos,3480498
L-Asparagine,Inj_vol,0.08225935444311565,0.08225935444311565,240926_Smp_RC104_HomFate2_T12_UL_C_posDDA,240926,Smp,RC104,HomFate2,4084326,240926,4084326,HILICPos,4084326
L-Glutamic acid,Inj_vol,0.07864650841376064,0.07864650841376064,240926_Poo_RC104_HomFate_Full1_posDDA,240926,Poo,RC104,HomFate,281450848,240926,281450848,HILICPos,281450848
L-Glutamic acid,Inj_vol,0.07864650841376064,0.07864650841376064,240926_Poo_RC104_HomFate_Full2_posDDA,240926,Poo,RC104,HomFate,231877168,240926,231877168,HILICPos,231877168
L-Glutamic acid,Inj_vol,0.07864650841376064,0.07864650841376064,240926_Poo_RC104_HomFate_Full3_posDDA,240926,Poo,RC104,HomFate,248616960,240926,248616960,HILICPos,248616960
L-Glutamic acid,Inj_vol,0.07864650841376064,0.07864650841376064,240926_Poo_RC104_HomFate_Full4_posDDA,240926,Poo,RC104,HomFate,252339024,240926,252339024,HILICPos,252339024
L-Glutamic acid,Inj_vol,0.07864650841376064,0.07864650841376064,240926_Poo_RC104_HomFate_Full5_posDDA,240926,Poo,RC104,HomFate,275116512,240926,275116512,HILICPos,275116512
L-Glutamic acid,Inj_vol,0.07864650841376064,0.07864650841376064,240926_Smp_RC104_HomFate_Con_A_posDDA,240926,Smp,RC104,HomFate,231116400,240926,231116400,HILICPos,231116400
L-Glutamic acid,Inj_vol,0.07864650841376064,0.07864650841376064,240926_Smp_RC104_HomFate_Con_B_posDDA,240926,Smp,RC104,HomFate,171324608,240926,171324608,HILICPos,171324608
L-Glutamic acid,Inj_vol,0.07864650841376064,0.07864650841376064,240926_Smp_RC104_HomFate_Con_C_posDDA,240926,Smp,RC104,HomFate,127739240,240926,127739240,HILICPos,127739240
L-Glutamic acid,Inj_vol,0.07864650841376064,0.07864650841376064,240926_Smp_RC104_HomFate_T0_A_posDDA,240926,Smp,RC104,HomFate,185533328,240926,185533328,HILICPos,185533328
L-Glutamic acid,Inj_vol,0.07864650841376064,0.07864650841376064,240926_Smp_RC104_HomFate_T0_B_posDDA,240926,Smp,RC104,HomFate,266533488,240926,266533488,HILICPos,266533488
L-Glutamic acid,Inj_vol,0.07864650841376064,0.07864650841376064,240926_Smp_RC104_HomFate_T0_C_posDDA,240926,Smp,RC104,HomFate,153850416,240926,153850416,HILICPos,153850416
L-Glutamic acid,Inj_vol,0.07864650841376064,0.07864650841376064,240926_Smp_RC104_HomFate_T6_A_posDDA,240926,Smp,RC104,HomFate,229827280,240926,229827280,HILICPos,229827280
L-Glutamic acid,Inj_vol,0.07864650841376064,0.07864650841376064,240926_Smp_RC104_HomFate_T6_B_posDDA,240926,Smp,RC104,HomFate,147431552,240926,147431552,HILICPos,147431552
L-Glutamic acid,Inj_vol,0.07864650841376064,0.07864650841376064,240926_Smp_RC104_HomFate_T6_C_posDDA,240926,Smp,RC104,HomFate,90356488,240926,90356488,HILICPos,90356488
L-Glutamic acid,Inj_vol,0.07864650841376064,0.07864650841376064,240926_Smp_RC104_HomFate_T12_A_posDDA,240926,Smp,RC104,HomFate,245893168,240926,245893168,HILICPos,245893168
L-Glutamic acid,Inj_vol,0.07864650841376064,0.07864650841376064,240926_Smp_RC104_HomFate_T12_B_posDDA,240926,Smp,RC104,HomFate,164541744,240926,164541744,HILICPos,164541744
L-Glutamic acid,Inj_vol,0.07864650841376064,0.07864650841376064,240926_Smp_RC104_HomFate_T12_C_posDDA,240926,Smp,RC104,HomFate,327687040,240926,327687040,HILICPos,327687040
L-Glutamic acid,Inj_vol,0.07864650841376064,0.07864650841376064,240926_Smp_RC104_HomFate_T24_A_posDDA,240926,Smp,RC104,HomFate,281486112,240926,281486112,HILICPos,281486112
L-Glutamic acid,Inj_vol,0.07864650841376064,0.07864650841376064,240926_Smp_RC104_HomFate_T24_B_posDDA,240926,Smp,RC104,HomFate,339122560,240926,339122560,HILICPos,339122560
L-Glutamic acid,Inj_vol,0.07864650841376064,0.07864650841376064,240926_Smp_RC104_HomFate_T24_C_posDDA,240926,Smp,RC104,HomFate,742921088,240926,742921088,HILICPos,742921088
L-Glutamic acid,Inj_vol,0.07864650841376064,0.07864650841376064,240926_Smp_RC104_HomFate_T48_A_posDDA,240926,Smp,RC104,HomFate,225579328,240926,225579328,HILICPos,225579328
L-Glutamic acid,Inj_vol,0.07864650841376064,0.07864650841376064,240926_Smp_RC104_HomFate_T48_B_posDDA,240926,Smp,RC104,HomFate,569914112,240926,569914112,HILICPos,569914112
L-Glutamic acid,Inj_vol,0.07864650841376064,0.07864650841376064,240926_Smp_RC104_HomFate_T48_C_posDDA,240926,Smp,RC104,HomFate,597241088,240926,597241088,HILICPos,597241088
L-Glutamic acid,Inj_vol,0.07864650841376064,0.07864650841376064,240926_Smp_RC104_HomFate_T96_A_posDDA,240926,Smp,RC104,HomFate,710672448,240926,710672448,HILICPos,710672448
L-Glutamic acid,Inj_vol,0.07864650841376064,0.07864650841376064,240926_Smp_RC104_HomFate_T96_B_posDDA,240926,Smp,RC104,HomFate,956347776,240926,956347776,HILICPos,956347776
L-Glutamic acid,Inj_vol,0.07864650841376064,0.07864650841376064,240926_Smp_RC104_HomFate_T96_C_posDDA,240926,Smp,RC104,HomFate,1000910848,240926,1000910848,HILICPos,1000910848
L-Glutamic acid,Inj_vol,0.07864650841376064,0.07864650841376064,240926_Smp_RC104_HomFate2_T12_L_A_posDDA,240926,Smp,RC104,HomFate2,286497088,240926,286497088,HILICPos,286497088
L-Glutamic acid,Inj_vol,0.07864650841376064,0.07864650841376064,240926_Smp_RC104_HomFate2_T12_L_B_posDDA,240926,Smp,RC104,HomFate2,339895584,240926,339895584,HILICPos,339895584
L-Glutamic acid,Inj_vol,0.07864650841376064,0.07864650841376064,240926_Smp_RC104_HomFate2_T12_L_C_posDDA,240926,Smp,RC104,HomFate2,257086592,240926,257086592,HILICPos,257086592
L-Glutamic acid,Inj_vol,0.07864650841376064,0.07864650841376064,240926_Smp_RC104_HomFate2_T12_UL_A_posDDA,240926,Smp,RC104,HomFate2,188247840,240926,188247840,HILICPos,188247840
L-Glutamic acid,Inj_vol,0.07864650841376064,0.07864650841376064,240926_Smp_RC104_HomFate2_T12_UL_B_posDDA,240926,Smp,RC104,HomFate2,208496528,240926,208496528,HILICPos,208496528
L-Glutamic acid,Inj_vol,0.07864650841376064,0.07864650841376064,240926_Smp_RC104_HomFate2_T12_UL_C_posDDA,240926,Smp,RC104,HomFate2,280581248,240926,280581248,HILICPos,280581248
L-Homoserine,Inj_vol,0.10790033634755081,0.10790033634755081,240926_Poo_RC104_HomFate_Full1_posDDA,240926,Poo,RC104,HomFate,6543689,240926,6543689,HILICPos,6543689
L-Homoserine,Inj_vol,0.10790033634755081,0.10790033634755081,240926_Poo_RC104_HomFate_Full2_posDDA,240926,Poo,RC104,HomFate,4962346,240926,4962346,HILICPos,4962346
L-Homoserine,Inj_vol,0.10790033634755081,0.10790033634755081,240926_Poo_RC104_HomFate_Full3_posDDA,240926,Poo,RC104,HomFate,6026239,240926,6026239,HILICPos,6026239
L-Homoserine,Inj_vol,0.10790033634755081,0.10790033634755081,240926_Poo_RC104_HomFate_Full4_posDDA,240926,Poo,RC104,HomFate,5417062,240926,5417062,HILICPos,5417062
L-Homoserine,Inj_vol,0.10790033634755081,0.10790033634755081,240926_Poo_RC104_HomFate_Full5_posDDA,240926,Poo,RC104,HomFate,5450914,240926,5450914,HILICPos,5450914
L-Homoserine,Inj_vol,0.10790033634755081,0.10790033634755081,240926_Smp_RC104_HomFate_Con_A_posDDA,240926,Smp,RC104,HomFate,6336433,240926,6336433,HILICPos,6336433
L-Homoserine,Inj_vol,0.10790033634755081,0.10790033634755081,240926_Smp_RC104_HomFate_Con_B_posDDA,240926,Smp,RC104,HomFate,4197646,240926,4197646,HILICPos,4197646
L-Homoserine,Inj_vol,0.10790033634755081,0.10790033634755081,240926_Smp_RC104_HomFate_Con_C_posDDA,240926,Smp,RC104,HomFate,4090230,240926,4090230,HILICPos,4090230
L-Homoserine,Inj_vol,0.10790033634755081,0.10790033634755081,240926_Smp_RC104_HomFate_T0_A_posDDA,240926,Smp,RC104,HomFate,5187977,240926,5187977,HILICPos,5187977
L-Homoserine,Inj_vol,0.10790033634755081,0.10790033634755081,240926_Smp_RC104_HomFate_T0_B_posDDA,240926,Smp,RC104,HomFate,7496378,240926,7496378,HILICPos,7496378
L-Homoserine,Inj_vol,0.10790033634755081,0.10790033634755081,240926_Smp_RC104_HomFate_T0_C_posDDA,240926,Smp,RC104,HomFate,4773560,240926,4773560,HILICPos,4773560
L-Homoserine,Inj_vol,0.10790033634755081,0.10790033634755081,240926_Smp_RC104_HomFate_T6_A_posDDA,240926,Smp,RC104,HomFate,19077056,240926,19077056,HILICPos,19077056
L-Homoserine,Inj_vol,0.10790033634755081,0.10790033634755081,240926_Smp_RC104_HomFate_T6_B_posDDA,240926,Smp,RC104,HomFate,5016232,240926,5016232,HILICPos,5016232
L-Homoserine,Inj_vol,0.10790033634755081,0.10790033634755081,240926_Smp_RC104_HomFate_T6_C_posDDA,240926,Smp,RC104,HomFate,16969282,240926,16969282,HILICPos,16969282
L-Homoserine,Inj_vol,0.10790033634755081,0.10790033634755081,240926_Smp_RC104_HomFate_T12_A_posDDA,240926,Smp,RC104,HomFate,12660430,240926,12660430,HILICPos,12660430
L-Homoserine,Inj_vol,0.10790033634755081,0.10790033634755081,240926_Smp_RC104_HomFate_T12_B_posDDA,240926,Smp,RC104,HomFate,6776393,240926,6776393,HILICPos,6776393
L-Homoserine,Inj_vol,0.10790033634755081,0.10790033634755081,240926_Smp_RC104_HomFate_T12_C_posDDA,240926,Smp,RC104,HomFate,21575730,240926,21575730,HILICPos,21575730
L-Homoserine,Inj_vol,0.10790033634755081,0.10790033634755081,240926_Smp_RC104_HomFate_T24_A_posDDA,240926,Smp,RC104,HomFate,4776402,240926,4776402,HILICPos,4776402
L-Homoserine,Inj_vol,0.10790033634755081,0.10790033634755081,240926_Smp_RC104_HomFate_T24_B_posDDA,240926,Smp,RC104,HomFate,4949253,240926,4949253,HILICPos,4949253
L-Homoserine,Inj_vol,0.10790033634755081,0.10790033634755081,240926_Smp_RC104_HomFate_T24_C_posDDA,240926,Smp,RC104,HomFate,13668226,240926,13668226,HILICPos,13668226
L-Homoserine,Inj_vol,0.10790033634755081,0.10790033634755081,240926_Smp_RC104_HomFate_T48_A_posDDA,240926,Smp,RC104,HomFate,2126922,240926,NA,HILICPos,NA
L-Homoserine,Inj_vol,0.10790033634755081,0.10790033634755081,240926_Smp_RC104_HomFate_T48_B_posDDA,240926,Smp,RC104,HomFate,7338758,240926,7338758,HILICPos,7338758
L-Homoserine,Inj_vol,0.10790033634755081,0.10790033634755081,240926_Smp_RC104_HomFate_T48_C_posDDA,240926,Smp,RC104,HomFate,10076362,240926,10076362,HILICPos,10076362
L-Homoserine,Inj_vol,0.10790033634755081,0.10790033634755081,240926_Smp_RC104_HomFate_T96_A_posDDA,240926,Smp,RC104,HomFate,5271549,240926,NA,HILICPos,NA
L-Homoserine,Inj_vol,0.10790033634755081,0.10790033634755081,240926_Smp_RC104_HomFate_T96_B_posDDA,240926,Smp,RC104,HomFate,5819197,240926,5819197,HILICPos,5819197
L-Homoserine,Inj_vol,0.10790033634755081,0.10790033634755081,240926_Smp_RC104_HomFate_T96_C_posDDA,240926,Smp,RC104,HomFate,4371571,240926,4371571,HILICPos,4371571
L-Homoserine,Inj_vol,0.10790033634755081,0.10790033634755081,240926_Smp_RC104_HomFate2_T12_L_A_posDDA,240926,Smp,RC104,HomFate2,1147788,240926,1147788,HILICPos,1147788
L-Homoserine,Inj_vol,0.10790033634755081,0.10790033634755081,240926_Smp_RC104_HomFate2_T12_L_B_posDDA,240926,Smp,RC104,HomFate2,724629,240926,NA,HILICPos,NA
L-Homoserine,Inj_vol,0.10790033634755081,0.10790033634755081,240926_Smp_RC104_HomFate2_T12_L_C_posDDA,240926,Smp,RC104,HomFate2,564617,240926,NA,HILICPos,NA
L-Homoserine,Inj_vol,0.10790033634755081,0.10790033634755081,240926_Smp_RC104_HomFate2_T12_UL_A_posDDA,240926,Smp,RC104,HomFate2,322030,240926,322030,HILICPos,322030
L-Homoserine,Inj_vol,0.10790033634755081,0.10790033634755081,240926_Smp_RC104_HomFate2_T12_UL_B_posDDA,240926,Smp,RC104,HomFate2,2019636,240926,2019636,HILICPos,2019636
L-Homoserine,Inj_vol,0.10790033634755081,0.10790033634755081,240926_Smp_RC104_HomFate2_T12_UL_C_posDDA,240926,Smp,RC104,HomFate2,1302806,240926,1302806,HILICPos,1302806
L-Lysine,Inj_vol,0.09834125259168686,0.09834125259168686,240926_Poo_RC104_HomFate_Full1_posDDA,240926,Poo,RC104,HomFate,8525667,240926,8525667,HILICPos,8525667
L-Lysine,Inj_vol,0.09834125259168686,0.09834125259168686,240926_Poo_RC104_HomFate_Full2_posDDA,240926,Poo,RC104,HomFate,6728556,240926,6728556,HILICPos,6728556
L-Lysine,Inj_vol,0.09834125259168686,0.09834125259168686,240926_Poo_RC104_HomFate_Full3_posDDA,240926,Poo,RC104,HomFate,6795683,240926,6795683,HILICPos,6795683
L-Lysine,Inj_vol,0.09834125259168686,0.09834125259168686,240926_Poo_RC104_HomFate_Full4_posDDA,240926,Poo,RC104,HomFate,7589820,240926,7589820,HILICPos,7589820
L-Lysine,Inj_vol,0.09834125259168686,0.09834125259168686,240926_Poo_RC104_HomFate_Full5_posDDA,240926,Poo,RC104,HomFate,7373559,240926,7373559,HILICPos,7373559
L-Lysine,Inj_vol,0.09834125259168686,0.09834125259168686,240926_Smp_RC104_HomFate_Con_A_posDDA,240926,Smp,RC104,HomFate,4924292,240926,4924292,HILICPos,4924292
L-Lysine,Inj_vol,0.09834125259168686,0.09834125259168686,240926_Smp_RC104_HomFate_Con_B_posDDA,240926,Smp,RC104,HomFate,4428010,240926,4428010,HILICPos,4428010
L-Lysine,Inj_vol,0.09834125259168686,0.09834125259168686,240926_Smp_RC104_HomFate_Con_C_posDDA,240926,Smp,RC104,HomFate,3079624,240926,3079624,HILICPos,3079624
L-Lysine,Inj_vol,0.09834125259168686,0.09834125259168686,240926_Smp_RC104_HomFate_T0_A_posDDA,240926,Smp,RC104,HomFate,4666290,240926,4666290,HILICPos,4666290
L-Lysine,Inj_vol,0.09834125259168686,0.09834125259168686,240926_Smp_RC104_HomFate_T0_B_posDDA,240926,Smp,RC104,HomFate,5799325,240926,5799325,HILICPos,5799325
L-Lysine,Inj_vol,0.09834125259168686,0.09834125259168686,240926_Smp_RC104_HomFate_T0_C_posDDA,240926,Smp,RC104,HomFate,3851332,240926,3851332,HILICPos,3851332
L-Lysine,Inj_vol,0.09834125259168686,0.09834125259168686,240926_Smp_RC104_HomFate_T6_A_posDDA,240926,Smp,RC104,HomFate,8787672,240926,8787672,HILICPos,8787672
L-Lysine,Inj_vol,0.09834125259168686,0.09834125259168686,240926_Smp_RC104_HomFate_T6_B_posDDA,240926,Smp,RC104,HomFate,5135056,240926,5135056,HILICPos,5135056
L-Lysine,Inj_vol,0.09834125259168686,0.09834125259168686,240926_Smp_RC104_HomFate_T6_C_posDDA,240926,Smp,RC104,HomFate,6042681,240926,6042681,HILICPos,6042681
L-Lysine,Inj_vol,0.09834125259168686,0.09834125259168686,240926_Smp_RC104_HomFate_T12_A_posDDA,240926,Smp,RC104,HomFate,5129846,240926,5129846,HILICPos,5129846
L-Lysine,Inj_vol,0.09834125259168686,0.09834125259168686,240926_Smp_RC104_HomFate_T12_B_posDDA,240926,Smp,RC104,HomFate,3041199,240926,3041199,HILICPos,3041199
L-Lysine,Inj_vol,0.09834125259168686,0.09834125259168686,240926_Smp_RC104_HomFate_T12_C_posDDA,240926,Smp,RC104,HomFate,12782263,240926,12782263,HILICPos,12782263
L-Lysine,Inj_vol,0.09834125259168686,0.09834125259168686,240926_Smp_RC104_HomFate_T24_A_posDDA,240926,Smp,RC104,HomFate,7615735,240926,7615735,HILICPos,7615735
L-Lysine,Inj_vol,0.09834125259168686,0.09834125259168686,240926_Smp_RC104_HomFate_T24_B_posDDA,240926,Smp,RC104,HomFate,5588177,240926,5588177,HILICPos,5588177
L-Lysine,Inj_vol,0.09834125259168686,0.09834125259168686,240926_Smp_RC104_HomFate_T24_C_posDDA,240926,Smp,RC104,HomFate,29647472,240926,29647472,HILICPos,29647472
L-Lysine,Inj_vol,0.09834125259168686,0.09834125259168686,240926_Smp_RC104_HomFate_T48_A_posDDA,240926,Smp,RC104,HomFate,8964242,240926,8964242,HILICPos,8964242
L-Lysine,Inj_vol,0.09834125259168686,0.09834125259168686,240926_Smp_RC104_HomFate_T48_B_posDDA,240926,Smp,RC104,HomFate,15512556,240926,15512556,HILICPos,15512556
L-Lysine,Inj_vol,0.09834125259168686,0.09834125259168686,240926_Smp_RC104_HomFate_T48_C_posDDA,240926,Smp,RC104,HomFate,24685404,240926,24685404,HILICPos,24685404
L-Lysine,Inj_vol,0.09834125259168686,0.09834125259168686,240926_Smp_RC104_HomFate_T96_A_posDDA,240926,Smp,RC104,HomFate,13048796,240926,13048796,HILICPos,13048796
L-Lysine,Inj_vol,0.09834125259168686,0.09834125259168686,240926_Smp_RC104_HomFate_T96_B_posDDA,240926,Smp,RC104,HomFate,22599632,240926,22599632,HILICPos,22599632
L-Lysine,Inj_vol,0.09834125259168686,0.09834125259168686,240926_Smp_RC104_HomFate_T96_C_posDDA,240926,Smp,RC104,HomFate,20585572,240926,20585572,HILICPos,20585572
L-Lysine,Inj_vol,0.09834125259168686,0.09834125259168686,240926_Smp_RC104_HomFate2_T12_L_A_posDDA,240926,Smp,RC104,HomFate2,3948083,240926,3948083,HILICPos,3948083
L-Lysine,Inj_vol,0.09834125259168686,0.09834125259168686,240926_Smp_RC104_HomFate2_T12_L_B_posDDA,240926,Smp,RC104,HomFate2,3676057,240926,3676057,HILICPos,3676057
L-Lysine,Inj_vol,0.09834125259168686,0.09834125259168686,240926_Smp_RC104_HomFate2_T12_L_C_posDDA,240926,Smp,RC104,HomFate2,3150775,240926,3150775,HILICPos,3150775
L-Lysine,Inj_vol,0.09834125259168686,0.09834125259168686,240926_Smp_RC104_HomFate2_T12_UL_A_posDDA,240926,Smp,RC104,HomFate2,2794370,240926,2794370,HILICPos,2794370
L-Lysine,Inj_vol,0.09834125259168686,0.09834125259168686,240926_Smp_RC104_HomFate2_T12_UL_B_posDDA,240926,Smp,RC104,HomFate2,3852223,240926,3852223,HILICPos,3852223
L-Lysine,Inj_vol,0.09834125259168686,0.09834125259168686,240926_Smp_RC104_HomFate2_T12_UL_C_posDDA,240926,Smp,RC104,HomFate2,3383714,240926,3383714,HILICPos,3383714
L-Phenylalanine,"L-Phenylalanine, 2H8",0.1845539041303945,0.06427582811686273,240926_Poo_RC104_HomFate_Full1_posDDA,240926,Poo,RC104,HomFate,76492576,240926,76492576,HILICPos,94956452.21587712
L-Phenylalanine,"L-Phenylalanine, 2H8",0.1845539041303945,0.06427582811686273,240926_Poo_RC104_HomFate_Full2_posDDA,240926,Poo,RC104,HomFate,69464232,240926,69464232,HILICPos,92247483.9289426
L-Phenylalanine,"L-Phenylalanine, 2H8",0.1845539041303945,0.06427582811686273,240926_Poo_RC104_HomFate_Full3_posDDA,240926,Poo,RC104,HomFate,78206232,240926,78206232,HILICPos,98433444.82300211
L-Phenylalanine,"L-Phenylalanine, 2H8",0.1845539041303945,0.06427582811686273,240926_Poo_RC104_HomFate_Full4_posDDA,240926,Poo,RC104,HomFate,94149512,240926,94149512,HILICPos,107604539.09329948
L-Phenylalanine,"L-Phenylalanine, 2H8",0.1845539041303945,0.06427582811686273,240926_Poo_RC104_HomFate_Full5_posDDA,240926,Poo,RC104,HomFate,108441168,240926,108441168,HILICPos,93074782.73658073
L-Phenylalanine,"L-Phenylalanine, 2H8",0.1845539041303945,0.06427582811686273,240926_Smp_RC104_HomFate_Con_A_posDDA,240926,Smp,RC104,HomFate,45602212,240926,45602212,HILICPos,48287149.34636332
L-Phenylalanine,"L-Phenylalanine, 2H8",0.1845539041303945,0.06427582811686273,240926_Smp_RC104_HomFate_Con_B_posDDA,240926,Smp,RC104,HomFate,40277304,240926,40277304,HILICPos,35222584.1410085
L-Phenylalanine,"L-Phenylalanine, 2H8",0.1845539041303945,0.06427582811686273,240926_Smp_RC104_HomFate_Con_C_posDDA,240926,Smp,RC104,HomFate,26031748,240926,26031748,HILICPos,26417942.34156816
L-Phenylalanine,"L-Phenylalanine, 2H8",0.1845539041303945,0.06427582811686273,240926_Smp_RC104_HomFate_T0_A_posDDA,240926,Smp,RC104,HomFate,44961772,240926,44961772,HILICPos,37042449.53866895
L-Phenylalanine,"L-Phenylalanine, 2H8",0.1845539041303945,0.06427582811686273,240926_Smp_RC104_HomFate_T0_B_posDDA,240926,Smp,RC104,HomFate,74610976,240926,74610976,HILICPos,69904447.07684037
L-Phenylalanine,"L-Phenylalanine, 2H8",0.1845539041303945,0.06427582811686273,240926_Smp_RC104_HomFate_T0_C_posDDA,240926,Smp,RC104,HomFate,32350602,240926,32350602,HILICPos,38826791.14619943
L-Phenylalanine,"L-Phenylalanine, 2H8",0.1845539041303945,0.06427582811686273,240926_Smp_RC104_HomFate_T6_A_posDDA,240926,Smp,RC104,HomFate,81386120,240926,81386120,HILICPos,106553289.58630218
L-Phenylalanine,"L-Phenylalanine, 2H8",0.1845539041303945,0.06427582811686273,240926_Smp_RC104_HomFate_T6_B_posDDA,240926,Smp,RC104,HomFate,42915668,240926,42915668,HILICPos,56203779.549263254
L-Phenylalanine,"L-Phenylalanine, 2H8",0.1845539041303945,0.06427582811686273,240926_Smp_RC104_HomFate_T6_C_posDDA,240926,Smp,RC104,HomFate,79076984,240926,79076984,HILICPos,94731002.24805327
L-Phenylalanine,"L-Phenylalanine, 2H8",0.1845539041303945,0.06427582811686273,240926_Smp_RC104_HomFate_T12_A_posDDA,240926,Smp,RC104,HomFate,69693424,240926,69693424,HILICPos,70777948.66747315
L-Phenylalanine,"L-Phenylalanine, 2H8",0.1845539041303945,0.06427582811686273,240926_Smp_RC104_HomFate_T12_B_posDDA,240926,Smp,RC104,HomFate,35349552,240926,35349552,HILICPos,35936007.110181384
L-Phenylalanine,"L-Phenylalanine, 2H8",0.1845539041303945,0.06427582811686273,240926_Smp_RC104_HomFate_T12_C_posDDA,240926,Smp,RC104,HomFate,84216776,240926,84216776,HILICPos,114557912.99340454
L-Phenylalanine,"L-Phenylalanine, 2H8",0.1845539041303945,0.06427582811686273,240926_Smp_RC104_HomFate_T24_A_posDDA,240926,Smp,RC104,HomFate,97480256,240926,97480256,HILICPos,77842484.37619577
L-Phenylalanine,"L-Phenylalanine, 2H8",0.1845539041303945,0.06427582811686273,240926_Smp_RC104_HomFate_T24_B_posDDA,240926,Smp,RC104,HomFate,27673802,240926,27673802,HILICPos,38583657.779911436
L-Phenylalanine,"L-Phenylalanine, 2H8",0.1845539041303945,0.06427582811686273,240926_Smp_RC104_HomFate_T24_C_posDDA,240926,Smp,RC104,HomFate,235173584,240926,235173584,HILICPos,320139323.54412407
L-Phenylalanine,"L-Phenylalanine, 2H8",0.1845539041303945,0.06427582811686273,240926_Smp_RC104_HomFate_T48_A_posDDA,240926,Smp,RC104,HomFate,74389328,240926,74389328,HILICPos,92179739.84801202
L-Phenylalanine,"L-Phenylalanine, 2H8",0.1845539041303945,0.06427582811686273,240926_Smp_RC104_HomFate_T48_B_posDDA,240926,Smp,RC104,HomFate,214767232,240926,214767232,HILICPos,225884007.47298676
L-Phenylalanine,"L-Phenylalanine, 2H8",0.1845539041303945,0.06427582811686273,240926_Smp_RC104_HomFate_T48_C_posDDA,240926,Smp,RC104,HomFate,308337536,240926,308337536,HILICPos,395411757.37576973
L-Phenylalanine,"L-Phenylalanine, 2H8",0.1845539041303945,0.06427582811686273,240926_Smp_RC104_HomFate_T96_A_posDDA,240926,Smp,RC104,HomFate,108393320,240926,108393320,HILICPos,125332121.38092661
L-Phenylalanine,"L-Phenylalanine, 2H8",0.1845539041303945,0.06427582811686273,240926_Smp_RC104_HomFate_T96_B_posDDA,240926,Smp,RC104,HomFate,349055104,240926,349055104,HILICPos,340222163.81161
L-Phenylalanine,"L-Phenylalanine, 2H8",0.1845539041303945,0.06427582811686273,240926_Smp_RC104_HomFate_T96_C_posDDA,240926,Smp,RC104,HomFate,261662816,240926,261662816,HILICPos,253885854.97243777
L-Phenylalanine,"L-Phenylalanine, 2H8",0.1845539041303945,0.06427582811686273,240926_Smp_RC104_HomFate2_T12_L_A_posDDA,240926,Smp,RC104,HomFate2,46992276,240926,46992276,HILICPos,38788677.53479074
L-Phenylalanine,"L-Phenylalanine, 2H8",0.1845539041303945,0.06427582811686273,240926_Smp_RC104_HomFate2_T12_L_B_posDDA,240926,Smp,RC104,HomFate2,55044764,240926,55044764,HILICPos,33484627.177963957
L-Phenylalanine,"L-Phenylalanine, 2H8",0.1845539041303945,0.06427582811686273,240926_Smp_RC104_HomFate2_T12_L_C_posDDA,240926,Smp,RC104,HomFate2,50800432,240926,50800432,HILICPos,34227826.11898374
L-Phenylalanine,"L-Phenylalanine, 2H8",0.1845539041303945,0.06427582811686273,240926_Smp_RC104_HomFate2_T12_UL_A_posDDA,240926,Smp,RC104,HomFate2,29855316,240926,29855316,HILICPos,23774564.66977654
L-Phenylalanine,"L-Phenylalanine, 2H8",0.1845539041303945,0.06427582811686273,240926_Smp_RC104_HomFate2_T12_UL_B_posDDA,240926,Smp,RC104,HomFate2,47517832,240926,47517832,HILICPos,37869699.21511786
L-Phenylalanine,"L-Phenylalanine, 2H8",0.1845539041303945,0.06427582811686273,240926_Smp_RC104_HomFate2_T12_UL_C_posDDA,240926,Smp,RC104,HomFate2,44735772,240926,44735772,HILICPos,33375370.482103553
L-Proline,Inj_vol,0.11876207090496031,0.11876207090496031,240926_Poo_RC104_HomFate_Full1_posDDA,240926,Poo,RC104,HomFate,549054144,240926,549054144,HILICPos,549054144
L-Proline,Inj_vol,0.11876207090496031,0.11876207090496031,240926_Poo_RC104_HomFate_Full2_posDDA,240926,Poo,RC104,HomFate,463800576,240926,463800576,HILICPos,463800576
L-Proline,Inj_vol,0.11876207090496031,0.11876207090496031,240926_Poo_RC104_HomFate_Full3_posDDA,240926,Poo,RC104,HomFate,499743488,240926,499743488,HILICPos,499743488
L-Proline,Inj_vol,0.11876207090496031,0.11876207090496031,240926_Poo_RC104_HomFate_Full4_posDDA,240926,Poo,RC104,HomFate,442261568,240926,442261568,HILICPos,442261568
L-Proline,Inj_vol,0.11876207090496031,0.11876207090496031,240926_Poo_RC104_HomFate_Full5_posDDA,240926,Poo,RC104,HomFate,402141600,240926,402141600,HILICPos,402141600
L-Proline,Inj_vol,0.11876207090496031,0.11876207090496031,240926_Smp_RC104_HomFate_Con_A_posDDA,240926,Smp,RC104,HomFate,329975168,240926,329975168,HILICPos,329975168
L-Proline,Inj_vol,0.11876207090496031,0.11876207090496031,240926_Smp_RC104_HomFate_Con_B_posDDA,240926,Smp,RC104,HomFate,301233632,240926,301233632,HILICPos,301233632
L-Proline,Inj_vol,0.11876207090496031,0.11876207090496031,240926_Smp_RC104_HomFate_Con_C_posDDA,240926,Smp,RC104,HomFate,216131696,240926,216131696,HILICPos,216131696
L-Proline,Inj_vol,0.11876207090496031,0.11876207090496031,240926_Smp_RC104_HomFate_T0_A_posDDA,240926,Smp,RC104,HomFate,401994240,240926,401994240,HILICPos,401994240
L-Proline,Inj_vol,0.11876207090496031,0.11876207090496031,240926_Smp_RC104_HomFate_T0_B_posDDA,240926,Smp,RC104,HomFate,455411264,240926,455411264,HILICPos,455411264
L-Proline,Inj_vol,0.11876207090496031,0.11876207090496031,240926_Smp_RC104_HomFate_T0_C_posDDA,240926,Smp,RC104,HomFate,357139200,240926,357139200,HILICPos,357139200
L-Proline,Inj_vol,0.11876207090496031,0.11876207090496031,240926_Smp_RC104_HomFate_T6_A_posDDA,240926,Smp,RC104,HomFate,525398848,240926,525398848,HILICPos,525398848
L-Proline,Inj_vol,0.11876207090496031,0.11876207090496031,240926_Smp_RC104_HomFate_T6_B_posDDA,240926,Smp,RC104,HomFate,316644128,240926,316644128,HILICPos,316644128
L-Proline,Inj_vol,0.11876207090496031,0.11876207090496031,240926_Smp_RC104_HomFate_T6_C_posDDA,240926,Smp,RC104,HomFate,474747456,240926,474747456,HILICPos,474747456
L-Proline,Inj_vol,0.11876207090496031,0.11876207090496031,240926_Smp_RC104_HomFate_T12_A_posDDA,240926,Smp,RC104,HomFate,397994496,240926,397994496,HILICPos,397994496
L-Proline,Inj_vol,0.11876207090496031,0.11876207090496031,240926_Smp_RC104_HomFate_T12_B_posDDA,240926,Smp,RC104,HomFate,234771024,240926,234771024,HILICPos,234771024
L-Proline,Inj_vol,0.11876207090496031,0.11876207090496031,240926_Smp_RC104_HomFate_T12_C_posDDA,240926,Smp,RC104,HomFate,647378752,240926,647378752,HILICPos,647378752
L-Proline,Inj_vol,0.11876207090496031,0.11876207090496031,240926_Smp_RC104_HomFate_T24_A_posDDA,240926,Smp,RC104,HomFate,424999648,240926,424999648,HILICPos,424999648
L-Proline,Inj_vol,0.11876207090496031,0.11876207090496031,240926_Smp_RC104_HomFate_T24_B_posDDA,240926,Smp,RC104,HomFate,458523456,240926,458523456,HILICPos,458523456
L-Proline,Inj_vol,0.11876207090496031,0.11876207090496031,240926_Smp_RC104_HomFate_T24_C_posDDA,240926,Smp,RC104,HomFate,970851648,240926,970851648,HILICPos,970851648
L-Proline,Inj_vol,0.11876207090496031,0.11876207090496031,240926_Smp_RC104_HomFate_T48_A_posDDA,240926,Smp,RC104,HomFate,460387072,240926,460387072,HILICPos,460387072
L-Proline,Inj_vol,0.11876207090496031,0.11876207090496031,240926_Smp_RC104_HomFate_T48_B_posDDA,240926,Smp,RC104,HomFate,778554112,240926,778554112,HILICPos,778554112
L-Proline,Inj_vol,0.11876207090496031,0.11876207090496031,240926_Smp_RC104_HomFate_T48_C_posDDA,240926,Smp,RC104,HomFate,1034918208,240926,1034918208,HILICPos,1034918208
L-Proline,Inj_vol,0.11876207090496031,0.11876207090496031,240926_Smp_RC104_HomFate_T96_A_posDDA,240926,Smp,RC104,HomFate,1437732224,240926,1437732224,HILICPos,1437732224
L-Proline,Inj_vol,0.11876207090496031,0.11876207090496031,240926_Smp_RC104_HomFate_T96_B_posDDA,240926,Smp,RC104,HomFate,1742752640,240926,1742752640,HILICPos,1742752640
L-Proline,Inj_vol,0.11876207090496031,0.11876207090496031,240926_Smp_RC104_HomFate_T96_C_posDDA,240926,Smp,RC104,HomFate,1610709888,240926,1610709888,HILICPos,1610709888
L-Proline,Inj_vol,0.11876207090496031,0.11876207090496031,240926_Smp_RC104_HomFate2_T12_L_A_posDDA,240926,Smp,RC104,HomFate2,737128832,240926,737128832,HILICPos,737128832
L-Proline,Inj_vol,0.11876207090496031,0.11876207090496031,240926_Smp_RC104_HomFate2_T12_L_B_posDDA,240926,Smp,RC104,HomFate2,788736320,240926,788736320,HILICPos,788736320
L-Proline,Inj_vol,0.11876207090496031,0.11876207090496031,240926_Smp_RC104_HomFate2_T12_L_C_posDDA,240926,Smp,RC104,HomFate2,517445760,240926,517445760,HILICPos,517445760
L-Proline,Inj_vol,0.11876207090496031,0.11876207090496031,240926_Smp_RC104_HomFate2_T12_UL_A_posDDA,240926,Smp,RC104,HomFate2,583842944,240926,583842944,HILICPos,583842944
L-Proline,Inj_vol,0.11876207090496031,0.11876207090496031,240926_Smp_RC104_HomFate2_T12_UL_B_posDDA,240926,Smp,RC104,HomFate2,577131520,240926,577131520,HILICPos,577131520
L-Proline,Inj_vol,0.11876207090496031,0.11876207090496031,240926_Smp_RC104_HomFate2_T12_UL_C_posDDA,240926,Smp,RC104,HomFate2,569189568,240926,569189568,HILICPos,569189568
L-Serine,Inj_vol,0.09489693905574194,0.09489693905574194,240926_Poo_RC104_HomFate_Full1_posDDA,240926,Poo,RC104,HomFate,12020350,240926,12020350,HILICPos,12020350
L-Serine,Inj_vol,0.09489693905574194,0.09489693905574194,240926_Poo_RC104_HomFate_Full2_posDDA,240926,Poo,RC104,HomFate,9703347,240926,9703347,HILICPos,9703347
L-Serine,Inj_vol,0.09489693905574194,0.09489693905574194,240926_Poo_RC104_HomFate_Full3_posDDA,240926,Poo,RC104,HomFate,10591521,240926,10591521,HILICPos,10591521
L-Serine,Inj_vol,0.09489693905574194,0.09489693905574194,240926_Poo_RC104_HomFate_Full4_posDDA,240926,Poo,RC104,HomFate,10979502,240926,10979502,HILICPos,10979502
L-Serine,Inj_vol,0.09489693905574194,0.09489693905574194,240926_Poo_RC104_HomFate_Full5_posDDA,240926,Poo,RC104,HomFate,12274531,240926,12274531,HILICPos,12274531
L-Serine,Inj_vol,0.09489693905574194,0.09489693905574194,240926_Smp_RC104_HomFate_Con_A_posDDA,240926,Smp,RC104,HomFate,3360378,240926,3360378,HILICPos,3360378
L-Serine,Inj_vol,0.09489693905574194,0.09489693905574194,240926_Smp_RC104_HomFate_Con_B_posDDA,240926,Smp,RC104,HomFate,3272496,240926,3272496,HILICPos,3272496
L-Serine,Inj_vol,0.09489693905574194,0.09489693905574194,240926_Smp_RC104_HomFate_Con_C_posDDA,240926,Smp,RC104,HomFate,3200228,240926,3200228,HILICPos,3200228
L-Serine,Inj_vol,0.09489693905574194,0.09489693905574194,240926_Smp_RC104_HomFate_T0_A_posDDA,240926,Smp,RC104,HomFate,10361907,240926,10361907,HILICPos,10361907
L-Serine,Inj_vol,0.09489693905574194,0.09489693905574194,240926_Smp_RC104_HomFate_T0_B_posDDA,240926,Smp,RC104,HomFate,5572320,240926,5572320,HILICPos,5572320
L-Serine,Inj_vol,0.09489693905574194,0.09489693905574194,240926_Smp_RC104_HomFate_T0_C_posDDA,240926,Smp,RC104,HomFate,5938972,240926,5938972,HILICPos,5938972
L-Serine,Inj_vol,0.09489693905574194,0.09489693905574194,240926_Smp_RC104_HomFate_T6_A_posDDA,240926,Smp,RC104,HomFate,19043234,240926,19043234,HILICPos,19043234
L-Serine,Inj_vol,0.09489693905574194,0.09489693905574194,240926_Smp_RC104_HomFate_T6_B_posDDA,240926,Smp,RC104,HomFate,29328824,240926,29328824,HILICPos,29328824
L-Serine,Inj_vol,0.09489693905574194,0.09489693905574194,240926_Smp_RC104_HomFate_T6_C_posDDA,240926,Smp,RC104,HomFate,18260200,240926,18260200,HILICPos,18260200
L-Serine,Inj_vol,0.09489693905574194,0.09489693905574194,240926_Smp_RC104_HomFate_T12_A_posDDA,240926,Smp,RC104,HomFate,7086851,240926,7086851,HILICPos,7086851
L-Serine,Inj_vol,0.09489693905574194,0.09489693905574194,240926_Smp_RC104_HomFate_T12_B_posDDA,240926,Smp,RC104,HomFate,3502884,240926,3502884,HILICPos,3502884
L-Serine,Inj_vol,0.09489693905574194,0.09489693905574194,240926_Smp_RC104_HomFate_T12_C_posDDA,240926,Smp,RC104,HomFate,7512285,240926,7512285,HILICPos,7512285
L-Serine,Inj_vol,0.09489693905574194,0.09489693905574194,240926_Smp_RC104_HomFate_T24_A_posDDA,240926,Smp,RC104,HomFate,5589081,240926,5589081,HILICPos,5589081
L-Serine,Inj_vol,0.09489693905574194,0.09489693905574194,240926_Smp_RC104_HomFate_T24_B_posDDA,240926,Smp,RC104,HomFate,4754384,240926,4754384,HILICPos,4754384
L-Serine,Inj_vol,0.09489693905574194,0.09489693905574194,240926_Smp_RC104_HomFate_T24_C_posDDA,240926,Smp,RC104,HomFate,13992740,240926,13992740,HILICPos,13992740
L-Serine,Inj_vol,0.09489693905574194,0.09489693905574194,240926_Smp_RC104_HomFate_T48_A_posDDA,240926,Smp,RC104,HomFate,11156934,240926,11156934,HILICPos,11156934
L-Serine,Inj_vol,0.09489693905574194,0.09489693905574194,240926_Smp_RC104_HomFate_T48_B_posDDA,240926,Smp,RC104,HomFate,15402212,240926,15402212,HILICPos,15402212
L-Serine,Inj_vol,0.09489693905574194,0.09489693905574194,240926_Smp_RC104_HomFate_T48_C_posDDA,240926,Smp,RC104,HomFate,22258358,240926,22258358,HILICPos,22258358
L-Serine,Inj_vol,0.09489693905574194,0.09489693905574194,240926_Smp_RC104_HomFate_T96_A_posDDA,240926,Smp,RC104,HomFate,17292324,240926,17292324,HILICPos,17292324
L-Serine,Inj_vol,0.09489693905574194,0.09489693905574194,240926_Smp_RC104_HomFate_T96_B_posDDA,240926,Smp,RC104,HomFate,18214878,240926,18214878,HILICPos,18214878
L-Serine,Inj_vol,0.09489693905574194,0.09489693905574194,240926_Smp_RC104_HomFate_T96_C_posDDA,240926,Smp,RC104,HomFate,24793656,240926,24793656,HILICPos,24793656
L-Serine,Inj_vol,0.09489693905574194,0.09489693905574194,240926_Smp_RC104_HomFate2_T12_L_A_posDDA,240926,Smp,RC104,HomFate2,5193134,240926,5193134,HILICPos,5193134
L-Serine,Inj_vol,0.09489693905574194,0.09489693905574194,240926_Smp_RC104_HomFate2_T12_L_B_posDDA,240926,Smp,RC104,HomFate2,4672197,240926,4672197,HILICPos,4672197
L-Serine,Inj_vol,0.09489693905574194,0.09489693905574194,240926_Smp_RC104_HomFate2_T12_L_C_posDDA,240926,Smp,RC104,HomFate2,4817594,240926,4817594,HILICPos,4817594
L-Serine,Inj_vol,0.09489693905574194,0.09489693905574194,240926_Smp_RC104_HomFate2_T12_UL_A_posDDA,240926,Smp,RC104,HomFate2,8392501,240926,8392501,HILICPos,8392501
L-Serine,Inj_vol,0.09489693905574194,0.09489693905574194,240926_Smp_RC104_HomFate2_T12_UL_B_posDDA,240926,Smp,RC104,HomFate2,13203970,240926,13203970,HILICPos,13203970
L-Serine,Inj_vol,0.09489693905574194,0.09489693905574194,240926_Smp_RC104_HomFate2_T12_UL_C_posDDA,240926,Smp,RC104,HomFate2,6527844,240926,6527844,HILICPos,6527844
L-Tryptophan,Inj_vol,0.06978377557926618,0.06978377557926618,240926_Poo_RC104_HomFate_Full1_posDDA,240926,Poo,RC104,HomFate,3085049,240926,3085049,HILICPos,3085049
L-Tryptophan,Inj_vol,0.06978377557926618,0.06978377557926618,240926_Poo_RC104_HomFate_Full2_posDDA,240926,Poo,RC104,HomFate,2759045,240926,2759045,HILICPos,2759045
L-Tryptophan,Inj_vol,0.06978377557926618,0.06978377557926618,240926_Poo_RC104_HomFate_Full3_posDDA,240926,Poo,RC104,HomFate,2946717,240926,2946717,HILICPos,2946717
L-Tryptophan,Inj_vol,0.06978377557926618,0.06978377557926618,240926_Poo_RC104_HomFate_Full4_posDDA,240926,Poo,RC104,HomFate,3327462,240926,3327462,HILICPos,3327462
L-Tryptophan,Inj_vol,0.06978377557926618,0.06978377557926618,240926_Poo_RC104_HomFate_Full5_posDDA,240926,Poo,RC104,HomFate,3138543,240926,3138543,HILICPos,3138543
L-Tryptophan,Inj_vol,0.06978377557926618,0.06978377557926618,240926_Smp_RC104_HomFate_Con_A_posDDA,240926,Smp,RC104,HomFate,2269853,240926,2269853,HILICPos,2269853
L-Tryptophan,Inj_vol,0.06978377557926618,0.06978377557926618,240926_Smp_RC104_HomFate_Con_B_posDDA,240926,Smp,RC104,HomFate,2481216,240926,2481216,HILICPos,2481216
L-Tryptophan,Inj_vol,0.06978377557926618,0.06978377557926618,240926_Smp_RC104_HomFate_Con_C_posDDA,240926,Smp,RC104,HomFate,1421996,240926,1421996,HILICPos,1421996
L-Tryptophan,Inj_vol,0.06978377557926618,0.06978377557926618,240926_Smp_RC104_HomFate_T0_A_posDDA,240926,Smp,RC104,HomFate,1940047,240926,1940047,HILICPos,1940047
L-Tryptophan,Inj_vol,0.06978377557926618,0.06978377557926618,240926_Smp_RC104_HomFate_T0_B_posDDA,240926,Smp,RC104,HomFate,3629708,240926,3629708,HILICPos,3629708
L-Tryptophan,Inj_vol,0.06978377557926618,0.06978377557926618,240926_Smp_RC104_HomFate_T0_C_posDDA,240926,Smp,RC104,HomFate,1225397,240926,1225397,HILICPos,1225397
L-Tryptophan,Inj_vol,0.06978377557926618,0.06978377557926618,240926_Smp_RC104_HomFate_T6_A_posDDA,240926,Smp,RC104,HomFate,4537787,240926,4537787,HILICPos,4537787
L-Tryptophan,Inj_vol,0.06978377557926618,0.06978377557926618,240926_Smp_RC104_HomFate_T6_B_posDDA,240926,Smp,RC104,HomFate,994926,240926,994926,HILICPos,994926
L-Tryptophan,Inj_vol,0.06978377557926618,0.06978377557926618,240926_Smp_RC104_HomFate_T6_C_posDDA,240926,Smp,RC104,HomFate,811011,240926,811011,HILICPos,811011
L-Tryptophan,Inj_vol,0.06978377557926618,0.06978377557926618,240926_Smp_RC104_HomFate_T12_A_posDDA,240926,Smp,RC104,HomFate,3095877,240926,3095877,HILICPos,3095877
L-Tryptophan,Inj_vol,0.06978377557926618,0.06978377557926618,240926_Smp_RC104_HomFate_T12_B_posDDA,240926,Smp,RC104,HomFate,1692857,240926,1692857,HILICPos,1692857
L-Tryptophan,Inj_vol,0.06978377557926618,0.06978377557926618,240926_Smp_RC104_HomFate_T12_C_posDDA,240926,Smp,RC104,HomFate,5816447,240926,5816447,HILICPos,5816447
L-Tryptophan,Inj_vol,0.06978377557926618,0.06978377557926618,240926_Smp_RC104_HomFate_T24_A_posDDA,240926,Smp,RC104,HomFate,4112184,240926,4112184,HILICPos,4112184
L-Tryptophan,Inj_vol,0.06978377557926618,0.06978377557926618,240926_Smp_RC104_HomFate_T24_B_posDDA,240926,Smp,RC104,HomFate,1758581,240926,1758581,HILICPos,1758581
L-Tryptophan,Inj_vol,0.06978377557926618,0.06978377557926618,240926_Smp_RC104_HomFate_T24_C_posDDA,240926,Smp,RC104,HomFate,16297657,240926,16297657,HILICPos,16297657
L-Tryptophan,Inj_vol,0.06978377557926618,0.06978377557926618,240926_Smp_RC104_HomFate_T48_A_posDDA,240926,Smp,RC104,HomFate,3535653,240926,3535653,HILICPos,3535653
L-Tryptophan,Inj_vol,0.06978377557926618,0.06978377557926618,240926_Smp_RC104_HomFate_T48_B_posDDA,240926,Smp,RC104,HomFate,11049527,240926,11049527,HILICPos,11049527
L-Tryptophan,Inj_vol,0.06978377557926618,0.06978377557926618,240926_Smp_RC104_HomFate_T48_C_posDDA,240926,Smp,RC104,HomFate,15407719,240926,15407719,HILICPos,15407719
L-Tryptophan,Inj_vol,0.06978377557926618,0.06978377557926618,240926_Smp_RC104_HomFate_T96_A_posDDA,240926,Smp,RC104,HomFate,3509991,240926,3509991,HILICPos,3509991
L-Tryptophan,Inj_vol,0.06978377557926618,0.06978377557926618,240926_Smp_RC104_HomFate_T96_B_posDDA,240926,Smp,RC104,HomFate,9277409,240926,9277409,HILICPos,9277409
L-Tryptophan,Inj_vol,0.06978377557926618,0.06978377557926618,240926_Smp_RC104_HomFate_T96_C_posDDA,240926,Smp,RC104,HomFate,5834805,240926,5834805,HILICPos,5834805
L-Tryptophan,Inj_vol,0.06978377557926618,0.06978377557926618,240926_Smp_RC104_HomFate2_T12_L_A_posDDA,240926,Smp,RC104,HomFate2,2336887,240926,2336887,HILICPos,2336887
L-Tryptophan,Inj_vol,0.06978377557926618,0.06978377557926618,240926_Smp_RC104_HomFate2_T12_L_B_posDDA,240926,Smp,RC104,HomFate2,3225961,240926,3225961,HILICPos,3225961
L-Tryptophan,Inj_vol,0.06978377557926618,0.06978377557926618,240926_Smp_RC104_HomFate2_T12_L_C_posDDA,240926,Smp,RC104,HomFate2,2997477,240926,2997477,HILICPos,2997477
L-Tryptophan,Inj_vol,0.06978377557926618,0.06978377557926618,240926_Smp_RC104_HomFate2_T12_UL_A_posDDA,240926,Smp,RC104,HomFate2,1584161,240926,1584161,HILICPos,1584161
L-Tryptophan,Inj_vol,0.06978377557926618,0.06978377557926618,240926_Smp_RC104_HomFate2_T12_UL_B_posDDA,240926,Smp,RC104,HomFate2,2712130,240926,2712130,HILICPos,2712130
L-Tryptophan,Inj_vol,0.06978377557926618,0.06978377557926618,240926_Smp_RC104_HomFate2_T12_UL_C_posDDA,240926,Smp,RC104,HomFate2,1809583,240926,1809583,HILICPos,1809583
L-Tyrosine,Inj_vol,0.11814768529434491,0.11814768529434491,240926_Poo_RC104_HomFate_Full1_posDDA,240926,Poo,RC104,HomFate,18126948,240926,18126948,HILICPos,18126948
L-Tyrosine,Inj_vol,0.11814768529434491,0.11814768529434491,240926_Poo_RC104_HomFate_Full2_posDDA,240926,Poo,RC104,HomFate,14820193,240926,14820193,HILICPos,14820193
L-Tyrosine,Inj_vol,0.11814768529434491,0.11814768529434491,240926_Poo_RC104_HomFate_Full3_posDDA,240926,Poo,RC104,HomFate,15176483,240926,15176483,HILICPos,15176483
L-Tyrosine,Inj_vol,0.11814768529434491,0.11814768529434491,240926_Poo_RC104_HomFate_Full4_posDDA,240926,Poo,RC104,HomFate,17232868,240926,17232868,HILICPos,17232868
L-Tyrosine,Inj_vol,0.11814768529434491,0.11814768529434491,240926_Poo_RC104_HomFate_Full5_posDDA,240926,Poo,RC104,HomFate,19591578,240926,19591578,HILICPos,19591578
L-Tyrosine,Inj_vol,0.11814768529434491,0.11814768529434491,240926_Smp_RC104_HomFate_Con_A_posDDA,240926,Smp,RC104,HomFate,17004986,240926,17004986,HILICPos,17004986
L-Tyrosine,Inj_vol,0.11814768529434491,0.11814768529434491,240926_Smp_RC104_HomFate_Con_B_posDDA,240926,Smp,RC104,HomFate,16171970,240926,16171970,HILICPos,16171970
L-Tyrosine,Inj_vol,0.11814768529434491,0.11814768529434491,240926_Smp_RC104_HomFate_Con_C_posDDA,240926,Smp,RC104,HomFate,8928605,240926,8928605,HILICPos,8928605
L-Tyrosine,Inj_vol,0.11814768529434491,0.11814768529434491,240926_Smp_RC104_HomFate_T0_A_posDDA,240926,Smp,RC104,HomFate,18132440,240926,18132440,HILICPos,18132440
L-Tyrosine,Inj_vol,0.11814768529434491,0.11814768529434491,240926_Smp_RC104_HomFate_T0_B_posDDA,240926,Smp,RC104,HomFate,21175726,240926,21175726,HILICPos,21175726
L-Tyrosine,Inj_vol,0.11814768529434491,0.11814768529434491,240926_Smp_RC104_HomFate_T0_C_posDDA,240926,Smp,RC104,HomFate,11825397,240926,11825397,HILICPos,11825397
L-Tyrosine,Inj_vol,0.11814768529434491,0.11814768529434491,240926_Smp_RC104_HomFate_T6_A_posDDA,240926,Smp,RC104,HomFate,16610814,240926,16610814,HILICPos,16610814
L-Tyrosine,Inj_vol,0.11814768529434491,0.11814768529434491,240926_Smp_RC104_HomFate_T6_B_posDDA,240926,Smp,RC104,HomFate,12085627,240926,12085627,HILICPos,12085627
L-Tyrosine,Inj_vol,0.11814768529434491,0.11814768529434491,240926_Smp_RC104_HomFate_T6_C_posDDA,240926,Smp,RC104,HomFate,13608955,240926,13608955,HILICPos,13608955
L-Tyrosine,Inj_vol,0.11814768529434491,0.11814768529434491,240926_Smp_RC104_HomFate_T12_A_posDDA,240926,Smp,RC104,HomFate,10511611,240926,10511611,HILICPos,10511611
L-Tyrosine,Inj_vol,0.11814768529434491,0.11814768529434491,240926_Smp_RC104_HomFate_T12_B_posDDA,240926,Smp,RC104,HomFate,6508503,240926,6508503,HILICPos,6508503
L-Tyrosine,Inj_vol,0.11814768529434491,0.11814768529434491,240926_Smp_RC104_HomFate_T12_C_posDDA,240926,Smp,RC104,HomFate,20597748,240926,20597748,HILICPos,20597748
L-Tyrosine,Inj_vol,0.11814768529434491,0.11814768529434491,240926_Smp_RC104_HomFate_T24_A_posDDA,240926,Smp,RC104,HomFate,17874864,240926,17874864,HILICPos,17874864
L-Tyrosine,Inj_vol,0.11814768529434491,0.11814768529434491,240926_Smp_RC104_HomFate_T24_B_posDDA,240926,Smp,RC104,HomFate,11825271,240926,11825271,HILICPos,11825271
L-Tyrosine,Inj_vol,0.11814768529434491,0.11814768529434491,240926_Smp_RC104_HomFate_T24_C_posDDA,240926,Smp,RC104,HomFate,50900464,240926,50900464,HILICPos,50900464
L-Tyrosine,Inj_vol,0.11814768529434491,0.11814768529434491,240926_Smp_RC104_HomFate_T48_A_posDDA,240926,Smp,RC104,HomFate,21429972,240926,21429972,HILICPos,21429972
L-Tyrosine,Inj_vol,0.11814768529434491,0.11814768529434491,240926_Smp_RC104_HomFate_T48_B_posDDA,240926,Smp,RC104,HomFate,52630184,240926,52630184,HILICPos,52630184
L-Tyrosine,Inj_vol,0.11814768529434491,0.11814768529434491,240926_Smp_RC104_HomFate_T48_C_posDDA,240926,Smp,RC104,HomFate,65196152,240926,65196152,HILICPos,65196152
L-Tyrosine,Inj_vol,0.11814768529434491,0.11814768529434491,240926_Smp_RC104_HomFate_T96_A_posDDA,240926,Smp,RC104,HomFate,23295852,240926,23295852,HILICPos,23295852
L-Tyrosine,Inj_vol,0.11814768529434491,0.11814768529434491,240926_Smp_RC104_HomFate_T96_B_posDDA,240926,Smp,RC104,HomFate,46389096,240926,46389096,HILICPos,46389096
L-Tyrosine,Inj_vol,0.11814768529434491,0.11814768529434491,240926_Smp_RC104_HomFate_T96_C_posDDA,240926,Smp,RC104,HomFate,34919560,240926,34919560,HILICPos,34919560
L-Tyrosine,Inj_vol,0.11814768529434491,0.11814768529434491,240926_Smp_RC104_HomFate2_T12_L_A_posDDA,240926,Smp,RC104,HomFate2,9426674,240926,9426674,HILICPos,9426674
L-Tyrosine,Inj_vol,0.11814768529434491,0.11814768529434491,240926_Smp_RC104_HomFate2_T12_L_B_posDDA,240926,Smp,RC104,HomFate2,8735740,240926,8735740,HILICPos,8735740
L-Tyrosine,Inj_vol,0.11814768529434491,0.11814768529434491,240926_Smp_RC104_HomFate2_T12_L_C_posDDA,240926,Smp,RC104,HomFate2,8331731,240926,8331731,HILICPos,8331731
L-Tyrosine,Inj_vol,0.11814768529434491,0.11814768529434491,240926_Smp_RC104_HomFate2_T12_UL_A_posDDA,240926,Smp,RC104,HomFate2,6429208,240926,6429208,HILICPos,6429208
L-Tyrosine,Inj_vol,0.11814768529434491,0.11814768529434491,240926_Smp_RC104_HomFate2_T12_UL_B_posDDA,240926,Smp,RC104,HomFate2,10243258,240926,10243258,HILICPos,10243258
L-Tyrosine,Inj_vol,0.11814768529434491,0.11814768529434491,240926_Smp_RC104_HomFate2_T12_UL_C_posDDA,240926,Smp,RC104,HomFate2,7961302,240926,7961302,HILICPos,7961302
N-Methyl-L-glutamic acid,Inj_vol,0.10559182852184303,0.10559182852184303,240926_Poo_RC104_HomFate_Full1_posDDA,240926,Poo,RC104,HomFate,15633590,240926,15633590,HILICPos,15633590
N-Methyl-L-glutamic acid,Inj_vol,0.10559182852184303,0.10559182852184303,240926_Poo_RC104_HomFate_Full2_posDDA,240926,Poo,RC104,HomFate,11933573,240926,11933573,HILICPos,11933573
N-Methyl-L-glutamic acid,Inj_vol,0.10559182852184303,0.10559182852184303,240926_Poo_RC104_HomFate_Full3_posDDA,240926,Poo,RC104,HomFate,14663430,240926,14663430,HILICPos,14663430
N-Methyl-L-glutamic acid,Inj_vol,0.10559182852184303,0.10559182852184303,240926_Poo_RC104_HomFate_Full4_posDDA,240926,Poo,RC104,HomFate,14177296,240926,14177296,HILICPos,14177296
N-Methyl-L-glutamic acid,Inj_vol,0.10559182852184303,0.10559182852184303,240926_Poo_RC104_HomFate_Full5_posDDA,240926,Poo,RC104,HomFate,15639600,240926,15639600,HILICPos,15639600
N-Methyl-L-glutamic acid,Inj_vol,0.10559182852184303,0.10559182852184303,240926_Smp_RC104_HomFate_Con_A_posDDA,240926,Smp,RC104,HomFate,22891796,240926,22891796,HILICPos,22891796
N-Methyl-L-glutamic acid,Inj_vol,0.10559182852184303,0.10559182852184303,240926_Smp_RC104_HomFate_Con_B_posDDA,240926,Smp,RC104,HomFate,23445922,240926,23445922,HILICPos,23445922
N-Methyl-L-glutamic acid,Inj_vol,0.10559182852184303,0.10559182852184303,240926_Smp_RC104_HomFate_Con_C_posDDA,240926,Smp,RC104,HomFate,14175991,240926,14175991,HILICPos,14175991
N-Methyl-L-glutamic acid,Inj_vol,0.10559182852184303,0.10559182852184303,240926_Smp_RC104_HomFate_T0_A_posDDA,240926,Smp,RC104,HomFate,24828420,240926,24828420,HILICPos,24828420
N-Methyl-L-glutamic acid,Inj_vol,0.10559182852184303,0.10559182852184303,240926_Smp_RC104_HomFate_T0_B_posDDA,240926,Smp,RC104,HomFate,36718128,240926,36718128,HILICPos,36718128
N-Methyl-L-glutamic acid,Inj_vol,0.10559182852184303,0.10559182852184303,240926_Smp_RC104_HomFate_T0_C_posDDA,240926,Smp,RC104,HomFate,22778976,240926,22778976,HILICPos,22778976
N-Methyl-L-glutamic acid,Inj_vol,0.10559182852184303,0.10559182852184303,240926_Smp_RC104_HomFate_T6_A_posDDA,240926,Smp,RC104,HomFate,20235522,240926,20235522,HILICPos,20235522
N-Methyl-L-glutamic acid,Inj_vol,0.10559182852184303,0.10559182852184303,240926_Smp_RC104_HomFate_T6_B_posDDA,240926,Smp,RC104,HomFate,11306632,240926,11306632,HILICPos,11306632
N-Methyl-L-glutamic acid,Inj_vol,0.10559182852184303,0.10559182852184303,240926_Smp_RC104_HomFate_T6_C_posDDA,240926,Smp,RC104,HomFate,14444931,240926,14444931,HILICPos,14444931
N-Methyl-L-glutamic acid,Inj_vol,0.10559182852184303,0.10559182852184303,240926_Smp_RC104_HomFate_T12_A_posDDA,240926,Smp,RC104,HomFate,27127190,240926,27127190,HILICPos,27127190
N-Methyl-L-glutamic acid,Inj_vol,0.10559182852184303,0.10559182852184303,240926_Smp_RC104_HomFate_T12_B_posDDA,240926,Smp,RC104,HomFate,7205047,240926,7205047,HILICPos,7205047
N-Methyl-L-glutamic acid,Inj_vol,0.10559182852184303,0.10559182852184303,240926_Smp_RC104_HomFate_T12_C_posDDA,240926,Smp,RC104,HomFate,25348784,240926,25348784,HILICPos,25348784
N-Methyl-L-glutamic acid,Inj_vol,0.10559182852184303,0.10559182852184303,240926_Smp_RC104_HomFate_T24_A_posDDA,240926,Smp,RC104,HomFate,15847087,240926,15847087,HILICPos,15847087
N-Methyl-L-glutamic acid,Inj_vol,0.10559182852184303,0.10559182852184303,240926_Smp_RC104_HomFate_T24_B_posDDA,240926,Smp,RC104,HomFate,22162646,240926,22162646,HILICPos,22162646
N-Methyl-L-glutamic acid,Inj_vol,0.10559182852184303,0.10559182852184303,240926_Smp_RC104_HomFate_T24_C_posDDA,240926,Smp,RC104,HomFate,59112880,240926,59112880,HILICPos,59112880
N-Methyl-L-glutamic acid,Inj_vol,0.10559182852184303,0.10559182852184303,240926_Smp_RC104_HomFate_T48_A_posDDA,240926,Smp,RC104,HomFate,11727931,240926,11727931,HILICPos,11727931
N-Methyl-L-glutamic acid,Inj_vol,0.10559182852184303,0.10559182852184303,240926_Smp_RC104_HomFate_T48_B_posDDA,240926,Smp,RC104,HomFate,51062928,240926,51062928,HILICPos,51062928
N-Methyl-L-glutamic acid,Inj_vol,0.10559182852184303,0.10559182852184303,240926_Smp_RC104_HomFate_T48_C_posDDA,240926,Smp,RC104,HomFate,39438344,240926,39438344,HILICPos,39438344
N-Methyl-L-glutamic acid,Inj_vol,0.10559182852184303,0.10559182852184303,240926_Smp_RC104_HomFate_T96_A_posDDA,240926,Smp,RC104,HomFate,13627127,240926,13627127,HILICPos,13627127
N-Methyl-L-glutamic acid,Inj_vol,0.10559182852184303,0.10559182852184303,240926_Smp_RC104_HomFate_T96_B_posDDA,240926,Smp,RC104,HomFate,20577740,240926,20577740,HILICPos,20577740
N-Methyl-L-glutamic acid,Inj_vol,0.10559182852184303,0.10559182852184303,240926_Smp_RC104_HomFate_T96_C_posDDA,240926,Smp,RC104,HomFate,11403732,240926,11403732,HILICPos,11403732
N-Methyl-L-glutamic acid,Inj_vol,0.10559182852184303,0.10559182852184303,240926_Smp_RC104_HomFate2_T12_L_A_posDDA,240926,Smp,RC104,HomFate2,16147409,240926,16147409,HILICPos,16147409
N-Methyl-L-glutamic acid,Inj_vol,0.10559182852184303,0.10559182852184303,240926_Smp_RC104_HomFate2_T12_L_B_posDDA,240926,Smp,RC104,HomFate2,12463235,240926,12463235,HILICPos,12463235
N-Methyl-L-glutamic acid,Inj_vol,0.10559182852184303,0.10559182852184303,240926_Smp_RC104_HomFate2_T12_L_C_posDDA,240926,Smp,RC104,HomFate2,7326350,240926,7326350,HILICPos,7326350
N-Methyl-L-glutamic acid,Inj_vol,0.10559182852184303,0.10559182852184303,240926_Smp_RC104_HomFate2_T12_UL_A_posDDA,240926,Smp,RC104,HomFate2,21428386,240926,21428386,HILICPos,21428386
N-Methyl-L-glutamic acid,Inj_vol,0.10559182852184303,0.10559182852184303,240926_Smp_RC104_HomFate2_T12_UL_B_posDDA,240926,Smp,RC104,HomFate2,34155312,240926,34155312,HILICPos,34155312
N-Methyl-L-glutamic acid,Inj_vol,0.10559182852184303,0.10559182852184303,240926_Smp_RC104_HomFate2_T12_UL_C_posDDA,240926,Smp,RC104,HomFate2,76056480,240926,76056480,HILICPos,76056480
homarine_13C_15N,Inj_vol,0.09170991873739445,0.09170991873739445,240926_Poo_RC104_HomFate_Full1_posDDA,240926,Poo,RC104,HomFate,4391360512,240926,4391360512,HILICPos,4391360512
homarine_13C_15N,Inj_vol,0.09170991873739445,0.09170991873739445,240926_Poo_RC104_HomFate_Full2_posDDA,240926,Poo,RC104,HomFate,4587378176,240926,4587378176,HILICPos,4587378176
homarine_13C_15N,Inj_vol,0.09170991873739445,0.09170991873739445,240926_Poo_RC104_HomFate_Full3_posDDA,240926,Poo,RC104,HomFate,3866348032,240926,3866348032,HILICPos,3866348032
homarine_13C_15N,Inj_vol,0.09170991873739445,0.09170991873739445,240926_Poo_RC104_HomFate_Full4_posDDA,240926,Poo,RC104,HomFate,4673536000,240926,4673536000,HILICPos,4673536000
homarine_13C_15N,Inj_vol,0.09170991873739445,0.09170991873739445,240926_Poo_RC104_HomFate_Full5_posDDA,240926,Poo,RC104,HomFate,4979685888,240926,4979685888,HILICPos,4979685888
homarine_13C_15N,Inj_vol,0.09170991873739445,0.09170991873739445,240926_Smp_RC104_HomFate_Con_A_posDDA,240926,Smp,RC104,HomFate,468111,240926,468111,HILICPos,468111
homarine_13C_15N,Inj_vol,0.09170991873739445,0.09170991873739445,240926_Smp_RC104_HomFate_Con_B_posDDA,240926,Smp,RC104,HomFate,1656955,240926,1656955,HILICPos,1656955
homarine_13C_15N,Inj_vol,0.09170991873739445,0.09170991873739445,240926_Smp_RC104_HomFate_Con_C_posDDA,240926,Smp,RC104,HomFate,138020,240926,138020,HILICPos,138020
homarine_13C_15N,Inj_vol,0.09170991873739445,0.09170991873739445,240926_Smp_RC104_HomFate_T0_A_posDDA,240926,Smp,RC104,HomFate,193787232,240926,193787232,HILICPos,193787232
homarine_13C_15N,Inj_vol,0.09170991873739445,0.09170991873739445,240926_Smp_RC104_HomFate_T0_B_posDDA,240926,Smp,RC104,HomFate,385618400,240926,385618400,HILICPos,385618400
homarine_13C_15N,Inj_vol,0.09170991873739445,0.09170991873739445,240926_Smp_RC104_HomFate_T0_C_posDDA,240926,Smp,RC104,HomFate,378575008,240926,378575008,HILICPos,378575008
homarine_13C_15N,Inj_vol,0.09170991873739445,0.09170991873739445,240926_Smp_RC104_HomFate_T6_A_posDDA,240926,Smp,RC104,HomFate,5037727232,240926,5037727232,HILICPos,5037727232
homarine_13C_15N,Inj_vol,0.09170991873739445,0.09170991873739445,240926_Smp_RC104_HomFate_T6_B_posDDA,240926,Smp,RC104,HomFate,2450482688,240926,2450482688,HILICPos,2450482688
homarine_13C_15N,Inj_vol,0.09170991873739445,0.09170991873739445,240926_Smp_RC104_HomFate_T6_C_posDDA,240926,Smp,RC104,HomFate,5752175616,240926,5752175616,HILICPos,5752175616
homarine_13C_15N,Inj_vol,0.09170991873739445,0.09170991873739445,240926_Smp_RC104_HomFate_T12_A_posDDA,240926,Smp,RC104,HomFate,5171395072,240926,5171395072,HILICPos,5171395072
homarine_13C_15N,Inj_vol,0.09170991873739445,0.09170991873739445,240926_Smp_RC104_HomFate_T12_B_posDDA,240926,Smp,RC104,HomFate,4343264256,240926,4343264256,HILICPos,4343264256
homarine_13C_15N,Inj_vol,0.09170991873739445,0.09170991873739445,240926_Smp_RC104_HomFate_T12_C_posDDA,240926,Smp,RC104,HomFate,7596877824,240926,7596877824,HILICPos,7596877824
homarine_13C_15N,Inj_vol,0.09170991873739445,0.09170991873739445,240926_Smp_RC104_HomFate_T24_A_posDDA,240926,Smp,RC104,HomFate,11860980736,240926,11860980736,HILICPos,11860980736
homarine_13C_15N,Inj_vol,0.09170991873739445,0.09170991873739445,240926_Smp_RC104_HomFate_T24_B_posDDA,240926,Smp,RC104,HomFate,11783908352,240926,11783908352,HILICPos,11783908352
homarine_13C_15N,Inj_vol,0.09170991873739445,0.09170991873739445,240926_Smp_RC104_HomFate_T24_C_posDDA,240926,Smp,RC104,HomFate,12899290112,240926,12899290112,HILICPos,12899290112
homarine_13C_15N,Inj_vol,0.09170991873739445,0.09170991873739445,240926_Smp_RC104_HomFate_T48_A_posDDA,240926,Smp,RC104,HomFate,12286804992,240926,12286804992,HILICPos,12286804992
homarine_13C_15N,Inj_vol,0.09170991873739445,0.09170991873739445,240926_Smp_RC104_HomFate_T48_B_posDDA,240926,Smp,RC104,HomFate,16738979840,240926,16738979840,HILICPos,16738979840
homarine_13C_15N,Inj_vol,0.09170991873739445,0.09170991873739445,240926_Smp_RC104_HomFate_T48_C_posDDA,240926,Smp,RC104,HomFate,11915720704,240926,11915720704,HILICPos,11915720704
homarine_13C_15N,Inj_vol,0.09170991873739445,0.09170991873739445,240926_Smp_RC104_HomFate_T96_A_posDDA,240926,Smp,RC104,HomFate,5323034624,240926,5323034624,HILICPos,5323034624
homarine_13C_15N,Inj_vol,0.09170991873739445,0.09170991873739445,240926_Smp_RC104_HomFate_T96_B_posDDA,240926,Smp,RC104,HomFate,4960471552,240926,4960471552,HILICPos,4960471552
homarine_13C_15N,Inj_vol,0.09170991873739445,0.09170991873739445,240926_Smp_RC104_HomFate_T96_C_posDDA,240926,Smp,RC104,HomFate,4711018496,240926,4711018496,HILICPos,4711018496
homarine_13C_15N,Inj_vol,0.09170991873739445,0.09170991873739445,240926_Smp_RC104_HomFate2_T12_L_A_posDDA,240926,Smp,RC104,HomFate2,643459712,240926,643459712,HILICPos,643459712
homarine_13C_15N,Inj_vol,0.09170991873739445,0.09170991873739445,240926_Smp_RC104_HomFate2_T12_L_B_posDDA,240926,Smp,RC104,HomFate2,705657920,240926,705657920,HILICPos,705657920
homarine_13C_15N,Inj_vol,0.09170991873739445,0.09170991873739445,240926_Smp_RC104_HomFate2_T12_L_C_posDDA,240926,Smp,RC104,HomFate2,501849952,240926,501849952,HILICPos,501849952
homarine_13C_15N,Inj_vol,0.09170991873739445,0.09170991873739445,240926_Smp_RC104_HomFate2_T12_UL_A_posDDA,240926,Smp,RC104,HomFate2,3868375,240926,3868375,HILICPos,3868375
homarine_13C_15N,Inj_vol,0.09170991873739445,0.09170991873739445,240926_Smp_RC104_HomFate2_T12_UL_B_posDDA,240926,Smp,RC104,HomFate2,3609673,240926,3609673,HILICPos,3609673
homarine_13C_15N,Inj_vol,0.09170991873739445,0.09170991873739445,240926_Smp_RC104_HomFate2_T12_UL_C_posDDA,240926,Smp,RC104,HomFate2,127186,240926,127186,HILICPos,127186
n-methyl glutamic acid_13C_15N,Inj_vol,0.07310566026983899,0.07310566026983899,240926_Poo_RC104_HomFate_Full1_posDDA,240926,Poo,RC104,HomFate,42785300,240926,42785300,HILICPos,42785300
n-methyl glutamic acid_13C_15N,Inj_vol,0.07310566026983899,0.07310566026983899,240926_Poo_RC104_HomFate_Full2_posDDA,240926,Poo,RC104,HomFate,34781484,240926,34781484,HILICPos,34781484
n-methyl glutamic acid_13C_15N,Inj_vol,0.07310566026983899,0.07310566026983899,240926_Poo_RC104_HomFate_Full3_posDDA,240926,Poo,RC104,HomFate,38943612,240926,38943612,HILICPos,38943612
n-methyl glutamic acid_13C_15N,Inj_vol,0.07310566026983899,0.07310566026983899,240926_Poo_RC104_HomFate_Full4_posDDA,240926,Poo,RC104,HomFate,39358704,240926,39358704,HILICPos,39358704
n-methyl glutamic acid_13C_15N,Inj_vol,0.07310566026983899,0.07310566026983899,240926_Poo_RC104_HomFate_Full5_posDDA,240926,Poo,RC104,HomFate,39728104,240926,39728104,HILICPos,39728104
n-methyl glutamic acid_13C_15N,Inj_vol,0.07310566026983899,0.07310566026983899,240926_Smp_RC104_HomFate_Con_A_posDDA,240926,Smp,RC104,HomFate,0,240926,NA,HILICPos,NA
n-methyl glutamic acid_13C_15N,Inj_vol,0.07310566026983899,0.07310566026983899,240926_Smp_RC104_HomFate_Con_B_posDDA,240926,Smp,RC104,HomFate,0,240926,NA,HILICPos,NA
n-methyl glutamic acid_13C_15N,Inj_vol,0.07310566026983899,0.07310566026983899,240926_Smp_RC104_HomFate_Con_C_posDDA,240926,Smp,RC104,HomFate,0,240926,NA,HILICPos,NA
n-methyl glutamic acid_13C_15N,Inj_vol,0.07310566026983899,0.07310566026983899,240926_Smp_RC104_HomFate_T0_A_posDDA,240926,Smp,RC104,HomFate,7936199,240926,7936199,HILICPos,7936199
n-methyl glutamic acid_13C_15N,Inj_vol,0.07310566026983899,0.07310566026983899,240926_Smp_RC104_HomFate_T0_B_posDDA,240926,Smp,RC104,HomFate,14628324,240926,14628324,HILICPos,14628324
n-methyl glutamic acid_13C_15N,Inj_vol,0.07310566026983899,0.07310566026983899,240926_Smp_RC104_HomFate_T0_C_posDDA,240926,Smp,RC104,HomFate,10014775,240926,10014775,HILICPos,10014775
n-methyl glutamic acid_13C_15N,Inj_vol,0.07310566026983899,0.07310566026983899,240926_Smp_RC104_HomFate_T6_A_posDDA,240926,Smp,RC104,HomFate,68711344,240926,68711344,HILICPos,68711344
n-methyl glutamic acid_13C_15N,Inj_vol,0.07310566026983899,0.07310566026983899,240926_Smp_RC104_HomFate_T6_B_posDDA,240926,Smp,RC104,HomFate,40002576,240926,40002576,HILICPos,40002576
n-methyl glutamic acid_13C_15N,Inj_vol,0.07310566026983899,0.07310566026983899,240926_Smp_RC104_HomFate_T6_C_posDDA,240926,Smp,RC104,HomFate,32658574,240926,32658574,HILICPos,32658574
n-methyl glutamic acid_13C_15N,Inj_vol,0.07310566026983899,0.07310566026983899,240926_Smp_RC104_HomFate_T12_A_posDDA,240926,Smp,RC104,HomFate,79071208,240926,79071208,HILICPos,79071208
n-methyl glutamic acid_13C_15N,Inj_vol,0.07310566026983899,0.07310566026983899,240926_Smp_RC104_HomFate_T12_B_posDDA,240926,Smp,RC104,HomFate,64007064,240926,64007064,HILICPos,64007064
n-methyl glutamic acid_13C_15N,Inj_vol,0.07310566026983899,0.07310566026983899,240926_Smp_RC104_HomFate_T12_C_posDDA,240926,Smp,RC104,HomFate,95112640,240926,95112640,HILICPos,95112640
n-methyl glutamic acid_13C_15N,Inj_vol,0.07310566026983899,0.07310566026983899,240926_Smp_RC104_HomFate_T24_A_posDDA,240926,Smp,RC104,HomFate,129747792,240926,129747792,HILICPos,129747792
n-methyl glutamic acid_13C_15N,Inj_vol,0.07310566026983899,0.07310566026983899,240926_Smp_RC104_HomFate_T24_B_posDDA,240926,Smp,RC104,HomFate,185618160,240926,185618160,HILICPos,185618160
n-methyl glutamic acid_13C_15N,Inj_vol,0.07310566026983899,0.07310566026983899,240926_Smp_RC104_HomFate_T24_C_posDDA,240926,Smp,RC104,HomFate,247868880,240926,247868880,HILICPos,247868880
n-methyl glutamic acid_13C_15N,Inj_vol,0.07310566026983899,0.07310566026983899,240926_Smp_RC104_HomFate_T48_A_posDDA,240926,Smp,RC104,HomFate,61898968,240926,61898968,HILICPos,61898968
n-methyl glutamic acid_13C_15N,Inj_vol,0.07310566026983899,0.07310566026983899,240926_Smp_RC104_HomFate_T48_B_posDDA,240926,Smp,RC104,HomFate,136128832,240926,136128832,HILICPos,136128832
n-methyl glutamic acid_13C_15N,Inj_vol,0.07310566026983899,0.07310566026983899,240926_Smp_RC104_HomFate_T48_C_posDDA,240926,Smp,RC104,HomFate,81336024,240926,81336024,HILICPos,81336024
n-methyl glutamic acid_13C_15N,Inj_vol,0.07310566026983899,0.07310566026983899,240926_Smp_RC104_HomFate_T96_A_posDDA,240926,Smp,RC104,HomFate,2036118,240926,2036118,HILICPos,2036118
n-methyl glutamic acid_13C_15N,Inj_vol,0.07310566026983899,0.07310566026983899,240926_Smp_RC104_HomFate_T96_B_posDDA,240926,Smp,RC104,HomFate,5461728,240926,5461728,HILICPos,5461728
n-methyl glutamic acid_13C_15N,Inj_vol,0.07310566026983899,0.07310566026983899,240926_Smp_RC104_HomFate_T96_C_posDDA,240926,Smp,RC104,HomFate,3181033,240926,3181033,HILICPos,3181033
n-methyl glutamic acid_13C_15N,Inj_vol,0.07310566026983899,0.07310566026983899,240926_Smp_RC104_HomFate2_T12_L_A_posDDA,240926,Smp,RC104,HomFate2,35919236,240926,35919236,HILICPos,35919236
n-methyl glutamic acid_13C_15N,Inj_vol,0.07310566026983899,0.07310566026983899,240926_Smp_RC104_HomFate2_T12_L_B_posDDA,240926,Smp,RC104,HomFate2,44449416,240926,44449416,HILICPos,44449416
n-methyl glutamic acid_13C_15N,Inj_vol,0.07310566026983899,0.07310566026983899,240926_Smp_RC104_HomFate2_T12_L_C_posDDA,240926,Smp,RC104,HomFate2,28616936,240926,28616936,HILICPos,28616936
n-methyl glutamic acid_13C_15N,Inj_vol,0.07310566026983899,0.07310566026983899,240926_Smp_RC104_HomFate2_T12_UL_A_posDDA,240926,Smp,RC104,HomFate2,0,240926,NA,HILICPos,NA
n-methyl glutamic acid_13C_15N,Inj_vol,0.07310566026983899,0.07310566026983899,240926_Smp_RC104_HomFate2_T12_UL_B_posDDA,240926,Smp,RC104,HomFate2,0,240926,NA,HILICPos,NA
n-methyl glutamic acid_13C_15N,Inj_vol,0.07310566026983899,0.07310566026983899,240926_Smp_RC104_HomFate2_T12_UL_C_posDDA,240926,Smp,RC104,HomFate2,0,240926,NA,HILICPos,NA
n-methyl glutamine,Inj_vol,0.026732828929172985,0.026732828929172985,240926_Poo_RC104_HomFate_Full1_posDDA,240926,Poo,RC104,HomFate,4889844,240926,NA,HILICPos,NA
n-methyl glutamine,Inj_vol,0.026732828929172985,0.026732828929172985,240926_Poo_RC104_HomFate_Full2_posDDA,240926,Poo,RC104,HomFate,5745415,240926,5745415,HILICPos,5745415
n-methyl glutamine,Inj_vol,0.026732828929172985,0.026732828929172985,240926_Poo_RC104_HomFate_Full3_posDDA,240926,Poo,RC104,HomFate,5532234,240926,5532234,HILICPos,5532234
n-methyl glutamine,Inj_vol,0.026732828929172985,0.026732828929172985,240926_Poo_RC104_HomFate_Full4_posDDA,240926,Poo,RC104,HomFate,3431050,240926,NA,HILICPos,NA
n-methyl glutamine,Inj_vol,0.026732828929172985,0.026732828929172985,240926_Poo_RC104_HomFate_Full5_posDDA,240926,Poo,RC104,HomFate,3360759,240926,NA,HILICPos,NA
n-methyl glutamine,Inj_vol,0.026732828929172985,0.026732828929172985,240926_Smp_RC104_HomFate_Con_A_posDDA,240926,Smp,RC104,HomFate,10923832,240926,10923832,HILICPos,10923832
n-methyl glutamine,Inj_vol,0.026732828929172985,0.026732828929172985,240926_Smp_RC104_HomFate_Con_B_posDDA,240926,Smp,RC104,HomFate,11560118,240926,11560118,HILICPos,11560118
n-methyl glutamine,Inj_vol,0.026732828929172985,0.026732828929172985,240926_Smp_RC104_HomFate_Con_C_posDDA,240926,Smp,RC104,HomFate,4103614,240926,4103614,HILICPos,4103614
n-methyl glutamine,Inj_vol,0.026732828929172985,0.026732828929172985,240926_Smp_RC104_HomFate_T0_A_posDDA,240926,Smp,RC104,HomFate,6726185,240926,6726185,HILICPos,6726185
n-methyl glutamine,Inj_vol,0.026732828929172985,0.026732828929172985,240926_Smp_RC104_HomFate_T0_B_posDDA,240926,Smp,RC104,HomFate,7047087,240926,NA,HILICPos,NA
n-methyl glutamine,Inj_vol,0.026732828929172985,0.026732828929172985,240926_Smp_RC104_HomFate_T0_C_posDDA,240926,Smp,RC104,HomFate,12285374,240926,12285374,HILICPos,12285374
n-methyl glutamine,Inj_vol,0.026732828929172985,0.026732828929172985,240926_Smp_RC104_HomFate_T6_A_posDDA,240926,Smp,RC104,HomFate,6305914,240926,NA,HILICPos,NA
n-methyl glutamine,Inj_vol,0.026732828929172985,0.026732828929172985,240926_Smp_RC104_HomFate_T6_B_posDDA,240926,Smp,RC104,HomFate,617757,240926,NA,HILICPos,NA
n-methyl glutamine,Inj_vol,0.026732828929172985,0.026732828929172985,240926_Smp_RC104_HomFate_T6_C_posDDA,240926,Smp,RC104,HomFate,4760998,240926,4760998,HILICPos,4760998
n-methyl glutamine,Inj_vol,0.026732828929172985,0.026732828929172985,240926_Smp_RC104_HomFate_T12_A_posDDA,240926,Smp,RC104,HomFate,4406367,240926,NA,HILICPos,NA
n-methyl glutamine,Inj_vol,0.026732828929172985,0.026732828929172985,240926_Smp_RC104_HomFate_T12_B_posDDA,240926,Smp,RC104,HomFate,633951,240926,633951,HILICPos,633951
n-methyl glutamine,Inj_vol,0.026732828929172985,0.026732828929172985,240926_Smp_RC104_HomFate_T12_C_posDDA,240926,Smp,RC104,HomFate,7427369,240926,NA,HILICPos,NA
n-methyl glutamine,Inj_vol,0.026732828929172985,0.026732828929172985,240926_Smp_RC104_HomFate_T24_A_posDDA,240926,Smp,RC104,HomFate,1358907,240926,NA,HILICPos,NA
n-methyl glutamine,Inj_vol,0.026732828929172985,0.026732828929172985,240926_Smp_RC104_HomFate_T24_B_posDDA,240926,Smp,RC104,HomFate,2062399,240926,NA,HILICPos,NA
n-methyl glutamine,Inj_vol,0.026732828929172985,0.026732828929172985,240926_Smp_RC104_HomFate_T24_C_posDDA,240926,Smp,RC104,HomFate,10585463,240926,NA,HILICPos,NA
n-methyl glutamine,Inj_vol,0.026732828929172985,0.026732828929172985,240926_Smp_RC104_HomFate_T48_A_posDDA,240926,Smp,RC104,HomFate,1483304,240926,NA,HILICPos,NA
n-methyl glutamine,Inj_vol,0.026732828929172985,0.026732828929172985,240926_Smp_RC104_HomFate_T48_B_posDDA,240926,Smp,RC104,HomFate,4149738,240926,NA,HILICPos,NA
n-methyl glutamine,Inj_vol,0.026732828929172985,0.026732828929172985,240926_Smp_RC104_HomFate_T48_C_posDDA,240926,Smp,RC104,HomFate,6573820,240926,NA,HILICPos,NA
n-methyl glutamine,Inj_vol,0.026732828929172985,0.026732828929172985,240926_Smp_RC104_HomFate_T96_A_posDDA,240926,Smp,RC104,HomFate,24945624,240926,24945624,HILICPos,24945624
n-methyl glutamine,Inj_vol,0.026732828929172985,0.026732828929172985,240926_Smp_RC104_HomFate_T96_B_posDDA,240926,Smp,RC104,HomFate,5221804,240926,NA,HILICPos,NA
n-methyl glutamine,Inj_vol,0.026732828929172985,0.026732828929172985,240926_Smp_RC104_HomFate_T96_C_posDDA,240926,Smp,RC104,HomFate,7379761,240926,NA,HILICPos,NA
n-methyl glutamine,Inj_vol,0.026732828929172985,0.026732828929172985,240926_Smp_RC104_HomFate2_T12_L_A_posDDA,240926,Smp,RC104,HomFate2,231543,240926,NA,HILICPos,NA
n-methyl glutamine,Inj_vol,0.026732828929172985,0.026732828929172985,240926_Smp_RC104_HomFate2_T12_L_B_posDDA,240926,Smp,RC104,HomFate2,54681,240926,NA,HILICPos,NA
n-methyl glutamine,Inj_vol,0.026732828929172985,0.026732828929172985,240926_Smp_RC104_HomFate2_T12_L_C_posDDA,240926,Smp,RC104,HomFate2,548705,240926,548705,HILICPos,548705
n-methyl glutamine,Inj_vol,0.026732828929172985,0.026732828929172985,240926_Smp_RC104_HomFate2_T12_UL_A_posDDA,240926,Smp,RC104,HomFate2,720813,240926,NA,HILICPos,NA
n-methyl glutamine,Inj_vol,0.026732828929172985,0.026732828929172985,240926_Smp_RC104_HomFate2_T12_UL_B_posDDA,240926,Smp,RC104,HomFate2,313363,240926,NA,HILICPos,NA
n-methyl glutamine,Inj_vol,0.026732828929172985,0.026732828929172985,240926_Smp_RC104_HomFate2_T12_UL_C_posDDA,240926,Smp,RC104,HomFate2,947162,240926,NA,HILICPos,NA
n-methyl glutamine_13C_15N,Inj_vol,0.38064463449680797,0.38064463449680797,240926_Poo_RC104_HomFate_Full1_posDDA,240926,Poo,RC104,HomFate,518166,240926,518166,HILICPos,518166
n-methyl glutamine_13C_15N,Inj_vol,0.38064463449680797,0.38064463449680797,240926_Poo_RC104_HomFate_Full2_posDDA,240926,Poo,RC104,HomFate,301785,240926,301785,HILICPos,301785
n-methyl glutamine_13C_15N,Inj_vol,0.38064463449680797,0.38064463449680797,240926_Poo_RC104_HomFate_Full3_posDDA,240926,Poo,RC104,HomFate,236987,240926,236987,HILICPos,236987
n-methyl glutamine_13C_15N,Inj_vol,0.38064463449680797,0.38064463449680797,240926_Poo_RC104_HomFate_Full4_posDDA,240926,Poo,RC104,HomFate,273142,240926,273142,HILICPos,273142
n-methyl glutamine_13C_15N,Inj_vol,0.38064463449680797,0.38064463449680797,240926_Poo_RC104_HomFate_Full5_posDDA,240926,Poo,RC104,HomFate,34518,240926,NA,HILICPos,NA
n-methyl glutamine_13C_15N,Inj_vol,0.38064463449680797,0.38064463449680797,240926_Smp_RC104_HomFate_Con_A_posDDA,240926,Smp,RC104,HomFate,0,240926,NA,HILICPos,NA
n-methyl glutamine_13C_15N,Inj_vol,0.38064463449680797,0.38064463449680797,240926_Smp_RC104_HomFate_Con_B_posDDA,240926,Smp,RC104,HomFate,0,240926,NA,HILICPos,NA
n-methyl glutamine_13C_15N,Inj_vol,0.38064463449680797,0.38064463449680797,240926_Smp_RC104_HomFate_Con_C_posDDA,240926,Smp,RC104,HomFate,0,240926,NA,HILICPos,NA
n-methyl glutamine_13C_15N,Inj_vol,0.38064463449680797,0.38064463449680797,240926_Smp_RC104_HomFate_T0_A_posDDA,240926,Smp,RC104,HomFate,0,240926,NA,HILICPos,NA
n-methyl glutamine_13C_15N,Inj_vol,0.38064463449680797,0.38064463449680797,240926_Smp_RC104_HomFate_T0_B_posDDA,240926,Smp,RC104,HomFate,0,240926,NA,HILICPos,NA
n-methyl glutamine_13C_15N,Inj_vol,0.38064463449680797,0.38064463449680797,240926_Smp_RC104_HomFate_T0_C_posDDA,240926,Smp,RC104,HomFate,0,240926,NA,HILICPos,NA
n-methyl glutamine_13C_15N,Inj_vol,0.38064463449680797,0.38064463449680797,240926_Smp_RC104_HomFate_T6_A_posDDA,240926,Smp,RC104,HomFate,261396,240926,261396,HILICPos,261396
n-methyl glutamine_13C_15N,Inj_vol,0.38064463449680797,0.38064463449680797,240926_Smp_RC104_HomFate_T6_B_posDDA,240926,Smp,RC104,HomFate,285002,240926,285002,HILICPos,285002
n-methyl glutamine_13C_15N,Inj_vol,0.38064463449680797,0.38064463449680797,240926_Smp_RC104_HomFate_T6_C_posDDA,240926,Smp,RC104,HomFate,391441,240926,391441,HILICPos,391441
n-methyl glutamine_13C_15N,Inj_vol,0.38064463449680797,0.38064463449680797,240926_Smp_RC104_HomFate_T12_A_posDDA,240926,Smp,RC104,HomFate,788233,240926,788233,HILICPos,788233
n-methyl glutamine_13C_15N,Inj_vol,0.38064463449680797,0.38064463449680797,240926_Smp_RC104_HomFate_T12_B_posDDA,240926,Smp,RC104,HomFate,568550,240926,568550,HILICPos,568550
n-methyl glutamine_13C_15N,Inj_vol,0.38064463449680797,0.38064463449680797,240926_Smp_RC104_HomFate_T12_C_posDDA,240926,Smp,RC104,HomFate,1019863,240926,1019863,HILICPos,1019863
n-methyl glutamine_13C_15N,Inj_vol,0.38064463449680797,0.38064463449680797,240926_Smp_RC104_HomFate_T24_A_posDDA,240926,Smp,RC104,HomFate,3942288,240926,3942288,HILICPos,3942288
n-methyl glutamine_13C_15N,Inj_vol,0.38064463449680797,0.38064463449680797,240926_Smp_RC104_HomFate_T24_B_posDDA,240926,Smp,RC104,HomFate,4947222,240926,4947222,HILICPos,4947222
n-methyl glutamine_13C_15N,Inj_vol,0.38064463449680797,0.38064463449680797,240926_Smp_RC104_HomFate_T24_C_posDDA,240926,Smp,RC104,HomFate,4424420,240926,4424420,HILICPos,4424420
n-methyl glutamine_13C_15N,Inj_vol,0.38064463449680797,0.38064463449680797,240926_Smp_RC104_HomFate_T48_A_posDDA,240926,Smp,RC104,HomFate,1563048,240926,1563048,HILICPos,1563048
n-methyl glutamine_13C_15N,Inj_vol,0.38064463449680797,0.38064463449680797,240926_Smp_RC104_HomFate_T48_B_posDDA,240926,Smp,RC104,HomFate,1209343,240926,1209343,HILICPos,1209343
n-methyl glutamine_13C_15N,Inj_vol,0.38064463449680797,0.38064463449680797,240926_Smp_RC104_HomFate_T48_C_posDDA,240926,Smp,RC104,HomFate,626060,240926,626060,HILICPos,626060
n-methyl glutamine_13C_15N,Inj_vol,0.38064463449680797,0.38064463449680797,240926_Smp_RC104_HomFate_T96_A_posDDA,240926,Smp,RC104,HomFate,0,240926,NA,HILICPos,NA
n-methyl glutamine_13C_15N,Inj_vol,0.38064463449680797,0.38064463449680797,240926_Smp_RC104_HomFate_T96_B_posDDA,240926,Smp,RC104,HomFate,0,240926,NA,HILICPos,NA
n-methyl glutamine_13C_15N,Inj_vol,0.38064463449680797,0.38064463449680797,240926_Smp_RC104_HomFate_T96_C_posDDA,240926,Smp,RC104,HomFate,0,240926,NA,HILICPos,NA
n-methyl glutamine_13C_15N,Inj_vol,0.38064463449680797,0.38064463449680797,240926_Smp_RC104_HomFate2_T12_L_A_posDDA,240926,Smp,RC104,HomFate2,816955,240926,816955,HILICPos,816955
n-methyl glutamine_13C_15N,Inj_vol,0.38064463449680797,0.38064463449680797,240926_Smp_RC104_HomFate2_T12_L_B_posDDA,240926,Smp,RC104,HomFate2,923367,240926,923367,HILICPos,923367
n-methyl glutamine_13C_15N,Inj_vol,0.38064463449680797,0.38064463449680797,240926_Smp_RC104_HomFate2_T12_L_C_posDDA,240926,Smp,RC104,HomFate2,496469,240926,496469,HILICPos,496469
n-methyl glutamine_13C_15N,Inj_vol,0.38064463449680797,0.38064463449680797,240926_Smp_RC104_HomFate2_T12_UL_A_posDDA,240926,Smp,RC104,HomFate2,0,240926,NA,HILICPos,NA
n-methyl glutamine_13C_15N,Inj_vol,0.38064463449680797,0.38064463449680797,240926_Smp_RC104_HomFate2_T12_UL_B_posDDA,240926,Smp,RC104,HomFate2,0,240926,NA,HILICPos,NA
n-methyl glutamine_13C_15N,Inj_vol,0.38064463449680797,0.38064463449680797,240926_Smp_RC104_HomFate2_T12_UL_C_posDDA,240926,Smp,RC104,HomFate2,0,240926,NA,HILICPos,NA
unknown_C6H9NO4_pos,"L-Phenylalanine, 2H8",0.38431222471799453,0.24299728557518116,240926_Poo_RC104_HomFate_Full1_posDDA,240926,Poo,RC104,HomFate,110121,240926,110121,HILICPos,136702.14838188485
unknown_C6H9NO4_pos,"L-Phenylalanine, 2H8",0.38431222471799453,0.24299728557518116,240926_Poo_RC104_HomFate_Full2_posDDA,240926,Poo,RC104,HomFate,0,240926,NA,HILICPos,NA
unknown_C6H9NO4_pos,"L-Phenylalanine, 2H8",0.38431222471799453,0.24299728557518116,240926_Poo_RC104_HomFate_Full3_posDDA,240926,Poo,RC104,HomFate,67032,240926,67032,HILICPos,84369.11617702636
unknown_C6H9NO4_pos,"L-Phenylalanine, 2H8",0.38431222471799453,0.24299728557518116,240926_Poo_RC104_HomFate_Full4_posDDA,240926,Poo,RC104,HomFate,17416,240926,NA,HILICPos,NA
unknown_C6H9NO4_pos,"L-Phenylalanine, 2H8",0.38431222471799453,0.24299728557518116,240926_Poo_RC104_HomFate_Full5_posDDA,240926,Poo,RC104,HomFate,151133,240926,151133,HILICPos,129717.07515477568
unknown_C6H9NO4_pos,"L-Phenylalanine, 2H8",0.38431222471799453,0.24299728557518116,240926_Smp_RC104_HomFate_Con_A_posDDA,240926,Smp,RC104,HomFate,164498,240926,164498,HILICPos,174183.20613873014
unknown_C6H9NO4_pos,"L-Phenylalanine, 2H8",0.38431222471799453,0.24299728557518116,240926_Smp_RC104_HomFate_Con_B_posDDA,240926,Smp,RC104,HomFate,169366,240926,169366,HILICPos,148110.91093947217
unknown_C6H9NO4_pos,"L-Phenylalanine, 2H8",0.38431222471799453,0.24299728557518116,240926_Smp_RC104_HomFate_Con_C_posDDA,240926,Smp,RC104,HomFate,17508,240926,NA,HILICPos,NA
unknown_C6H9NO4_pos,"L-Phenylalanine, 2H8",0.38431222471799453,0.24299728557518116,240926_Smp_RC104_HomFate_T0_A_posDDA,240926,Smp,RC104,HomFate,166445,240926,166445,HILICPos,137128.281186599
unknown_C6H9NO4_pos,"L-Phenylalanine, 2H8",0.38431222471799453,0.24299728557518116,240926_Smp_RC104_HomFate_T0_B_posDDA,240926,Smp,RC104,HomFate,252502,240926,252502,HILICPos,236573.94182588294
unknown_C6H9NO4_pos,"L-Phenylalanine, 2H8",0.38431222471799453,0.24299728557518116,240926_Smp_RC104_HomFate_T0_C_posDDA,240926,Smp,RC104,HomFate,18148,240926,NA,HILICPos,NA
unknown_C6H9NO4_pos,"L-Phenylalanine, 2H8",0.38431222471799453,0.24299728557518116,240926_Smp_RC104_HomFate_T6_A_posDDA,240926,Smp,RC104,HomFate,139908,240926,139908,HILICPos,183171.99099109732
unknown_C6H9NO4_pos,"L-Phenylalanine, 2H8",0.38431222471799453,0.24299728557518116,240926_Smp_RC104_HomFate_T6_B_posDDA,240926,Smp,RC104,HomFate,88315,240926,88315,HILICPos,115660.24769539144
unknown_C6H9NO4_pos,"L-Phenylalanine, 2H8",0.38431222471799453,0.24299728557518116,240926_Smp_RC104_HomFate_T6_C_posDDA,240926,Smp,RC104,HomFate,30881,240926,NA,HILICPos,NA
unknown_C6H9NO4_pos,"L-Phenylalanine, 2H8",0.38431222471799453,0.24299728557518116,240926_Smp_RC104_HomFate_T12_A_posDDA,240926,Smp,RC104,HomFate,97977,240926,97977,HILICPos,99501.65565969347
unknown_C6H9NO4_pos,"L-Phenylalanine, 2H8",0.38431222471799453,0.24299728557518116,240926_Smp_RC104_HomFate_T12_B_posDDA,240926,Smp,RC104,HomFate,52403,240926,52403,HILICPos,53272.37472754492
unknown_C6H9NO4_pos,"L-Phenylalanine, 2H8",0.38431222471799453,0.24299728557518116,240926_Smp_RC104_HomFate_T12_C_posDDA,240926,Smp,RC104,HomFate,189556,240926,189556,HILICPos,257848.14839477814
unknown_C6H9NO4_pos,"L-Phenylalanine, 2H8",0.38431222471799453,0.24299728557518116,240926_Smp_RC104_HomFate_T24_A_posDDA,240926,Smp,RC104,HomFate,78336,240926,78336,HILICPos,62554.912208003145
unknown_C6H9NO4_pos,"L-Phenylalanine, 2H8",0.38431222471799453,0.24299728557518116,240926_Smp_RC104_HomFate_T24_B_posDDA,240926,Smp,RC104,HomFate,188227,240926,188227,HILICPos,262431.8173895799
unknown_C6H9NO4_pos,"L-Phenylalanine, 2H8",0.38431222471799453,0.24299728557518116,240926_Smp_RC104_HomFate_T24_C_posDDA,240926,Smp,RC104,HomFate,323488,240926,323488,HILICPos,440360.808102672
unknown_C6H9NO4_pos,"L-Phenylalanine, 2H8",0.38431222471799453,0.24299728557518116,240926_Smp_RC104_HomFate_T48_A_posDDA,240926,Smp,RC104,HomFate,99433,240926,99433,HILICPos,123212.67470392231
unknown_C6H9NO4_pos,"L-Phenylalanine, 2H8",0.38431222471799453,0.24299728557518116,240926_Smp_RC104_HomFate_T48_B_posDDA,240926,Smp,RC104,HomFate,428908,240926,428908,HILICPos,451109.1239338774
unknown_C6H9NO4_pos,"L-Phenylalanine, 2H8",0.38431222471799453,0.24299728557518116,240926_Smp_RC104_HomFate_T48_C_posDDA,240926,Smp,RC104,HomFate,448619,240926,448619,HILICPos,575308.5708713727
unknown_C6H9NO4_pos,"L-Phenylalanine, 2H8",0.38431222471799453,0.24299728557518116,240926_Smp_RC104_HomFate_T96_A_posDDA,240926,Smp,RC104,HomFate,103125,240926,103125,HILICPos,119240.51239880886
unknown_C6H9NO4_pos,"L-Phenylalanine, 2H8",0.38431222471799453,0.24299728557518116,240926_Smp_RC104_HomFate_T96_B_posDDA,240926,Smp,RC104,HomFate,149851,240926,149851,HILICPos,146058.97717895443
unknown_C6H9NO4_pos,"L-Phenylalanine, 2H8",0.38431222471799453,0.24299728557518116,240926_Smp_RC104_HomFate_T96_C_posDDA,240926,Smp,RC104,HomFate,38597,240926,NA,HILICPos,NA
unknown_C6H9NO4_pos,"L-Phenylalanine, 2H8",0.38431222471799453,0.24299728557518116,240926_Smp_RC104_HomFate2_T12_L_A_posDDA,240926,Smp,RC104,HomFate2,0,240926,NA,HILICPos,NA
unknown_C6H9NO4_pos,"L-Phenylalanine, 2H8",0.38431222471799453,0.24299728557518116,240926_Smp_RC104_HomFate2_T12_L_B_posDDA,240926,Smp,RC104,HomFate2,23137,240926,NA,HILICPos,NA
unknown_C6H9NO4_pos,"L-Phenylalanine, 2H8",0.38431222471799453,0.24299728557518116,240926_Smp_RC104_HomFate2_T12_L_C_posDDA,240926,Smp,RC104,HomFate2,0,240926,NA,HILICPos,NA
unknown_C6H9NO4_pos,"L-Phenylalanine, 2H8",0.38431222471799453,0.24299728557518116,240926_Smp_RC104_HomFate2_T12_UL_A_posDDA,240926,Smp,RC104,HomFate2,0,240926,NA,HILICPos,NA
unknown_C6H9NO4_pos,"L-Phenylalanine, 2H8",0.38431222471799453,0.24299728557518116,240926_Smp_RC104_HomFate2_T12_UL_B_posDDA,240926,Smp,RC104,HomFate2,0,240926,NA,HILICPos,NA
unknown_C6H9NO4_pos,"L-Phenylalanine, 2H8",0.38431222471799453,0.24299728557518116,240926_Smp_RC104_HomFate2_T12_UL_C_posDDA,240926,Smp,RC104,HomFate2,0,240926,NA,HILICPos,NA
unknown_C6H9NO4_pos_early,Inj_vol,0.10670586957779005,0.10670586957779005,240926_Poo_RC104_HomFate_Full1_posDDA,240926,Poo,RC104,HomFate,1049087,240926,1049087,HILICPos,1049087
unknown_C6H9NO4_pos_early,Inj_vol,0.10670586957779005,0.10670586957779005,240926_Poo_RC104_HomFate_Full2_posDDA,240926,Poo,RC104,HomFate,1181754,240926,1181754,HILICPos,1181754
unknown_C6H9NO4_pos_early,Inj_vol,0.10670586957779005,0.10670586957779005,240926_Poo_RC104_HomFate_Full3_posDDA,240926,Poo,RC104,HomFate,1084505,240926,1084505,HILICPos,1084505
unknown_C6H9NO4_pos_early,Inj_vol,0.10670586957779005,0.10670586957779005,240926_Poo_RC104_HomFate_Full4_posDDA,240926,Poo,RC104,HomFate,1211088,240926,1211088,HILICPos,1211088
unknown_C6H9NO4_pos_early,Inj_vol,0.10670586957779005,0.10670586957779005,240926_Poo_RC104_HomFate_Full5_posDDA,240926,Poo,RC104,HomFate,1370042,240926,1370042,HILICPos,1370042
unknown_C6H9NO4_pos_early,Inj_vol,0.10670586957779005,0.10670586957779005,240926_Smp_RC104_HomFate_Con_A_posDDA,240926,Smp,RC104,HomFate,1161318,240926,1161318,HILICPos,1161318
unknown_C6H9NO4_pos_early,Inj_vol,0.10670586957779005,0.10670586957779005,240926_Smp_RC104_HomFate_Con_B_posDDA,240926,Smp,RC104,HomFate,409722,240926,409722,HILICPos,409722
unknown_C6H9NO4_pos_early,Inj_vol,0.10670586957779005,0.10670586957779005,240926_Smp_RC104_HomFate_Con_C_posDDA,240926,Smp,RC104,HomFate,342994,240926,342994,HILICPos,342994
unknown_C6H9NO4_pos_early,Inj_vol,0.10670586957779005,0.10670586957779005,240926_Smp_RC104_HomFate_T0_A_posDDA,240926,Smp,RC104,HomFate,396338,240926,396338,HILICPos,396338
unknown_C6H9NO4_pos_early,Inj_vol,0.10670586957779005,0.10670586957779005,240926_Smp_RC104_HomFate_T0_B_posDDA,240926,Smp,RC104,HomFate,1441364,240926,1441364,HILICPos,1441364
unknown_C6H9NO4_pos_early,Inj_vol,0.10670586957779005,0.10670586957779005,240926_Smp_RC104_HomFate_T0_C_posDDA,240926,Smp,RC104,HomFate,163806,240926,163806,HILICPos,163806
unknown_C6H9NO4_pos_early,Inj_vol,0.10670586957779005,0.10670586957779005,240926_Smp_RC104_HomFate_T6_A_posDDA,240926,Smp,RC104,HomFate,336371,240926,336371,HILICPos,336371
unknown_C6H9NO4_pos_early,Inj_vol,0.10670586957779005,0.10670586957779005,240926_Smp_RC104_HomFate_T6_B_posDDA,240926,Smp,RC104,HomFate,0,240926,NA,HILICPos,NA
unknown_C6H9NO4_pos_early,Inj_vol,0.10670586957779005,0.10670586957779005,240926_Smp_RC104_HomFate_T6_C_posDDA,240926,Smp,RC104,HomFate,23398,240926,NA,HILICPos,NA
unknown_C6H9NO4_pos_early,Inj_vol,0.10670586957779005,0.10670586957779005,240926_Smp_RC104_HomFate_T12_A_posDDA,240926,Smp,RC104,HomFate,412447,240926,412447,HILICPos,412447
unknown_C6H9NO4_pos_early,Inj_vol,0.10670586957779005,0.10670586957779005,240926_Smp_RC104_HomFate_T12_B_posDDA,240926,Smp,RC104,HomFate,85998,240926,85998,HILICPos,85998
unknown_C6H9NO4_pos_early,Inj_vol,0.10670586957779005,0.10670586957779005,240926_Smp_RC104_HomFate_T12_C_posDDA,240926,Smp,RC104,HomFate,752077,240926,752077,HILICPos,752077
unknown_C6H9NO4_pos_early,Inj_vol,0.10670586957779005,0.10670586957779005,240926_Smp_RC104_HomFate_T24_A_posDDA,240926,Smp,RC104,HomFate,1299168,240926,1299168,HILICPos,1299168
unknown_C6H9NO4_pos_early,Inj_vol,0.10670586957779005,0.10670586957779005,240926_Smp_RC104_HomFate_T24_B_posDDA,240926,Smp,RC104,HomFate,356519,240926,356519,HILICPos,356519
unknown_C6H9NO4_pos_early,Inj_vol,0.10670586957779005,0.10670586957779005,240926_Smp_RC104_HomFate_T24_C_posDDA,240926,Smp,RC104,HomFate,3226476,240926,3226476,HILICPos,3226476
unknown_C6H9NO4_pos_early,Inj_vol,0.10670586957779005,0.10670586957779005,240926_Smp_RC104_HomFate_T48_A_posDDA,240926,Smp,RC104,HomFate,1511915,240926,1511915,HILICPos,1511915
unknown_C6H9NO4_pos_early,Inj_vol,0.10670586957779005,0.10670586957779005,240926_Smp_RC104_HomFate_T48_B_posDDA,240926,Smp,RC104,HomFate,2521368,240926,2521368,HILICPos,2521368
unknown_C6H9NO4_pos_early,Inj_vol,0.10670586957779005,0.10670586957779005,240926_Smp_RC104_HomFate_T48_C_posDDA,240926,Smp,RC104,HomFate,4426528,240926,4426528,HILICPos,4426528
unknown_C6H9NO4_pos_early,Inj_vol,0.10670586957779005,0.10670586957779005,240926_Smp_RC104_HomFate_T96_A_posDDA,240926,Smp,RC104,HomFate,3367956,240926,3367956,HILICPos,3367956
unknown_C6H9NO4_pos_early,Inj_vol,0.10670586957779005,0.10670586957779005,240926_Smp_RC104_HomFate_T96_B_posDDA,240926,Smp,RC104,HomFate,4536166,240926,4536166,HILICPos,4536166
unknown_C6H9NO4_pos_early,Inj_vol,0.10670586957779005,0.10670586957779005,240926_Smp_RC104_HomFate_T96_C_posDDA,240926,Smp,RC104,HomFate,10230666,240926,10230666,HILICPos,10230666
unknown_C6H9NO4_pos_early,Inj_vol,0.10670586957779005,0.10670586957779005,240926_Smp_RC104_HomFate2_T12_L_A_posDDA,240926,Smp,RC104,HomFate2,277203,240926,277203,HILICPos,277203
unknown_C6H9NO4_pos_early,Inj_vol,0.10670586957779005,0.10670586957779005,240926_Smp_RC104_HomFate2_T12_L_B_posDDA,240926,Smp,RC104,HomFate2,588300,240926,588300,HILICPos,588300
unknown_C6H9NO4_pos_early,Inj_vol,0.10670586957779005,0.10670586957779005,240926_Smp_RC104_HomFate2_T12_L_C_posDDA,240926,Smp,RC104,HomFate2,418729,240926,418729,HILICPos,418729
unknown_C6H9NO4_pos_early,Inj_vol,0.10670586957779005,0.10670586957779005,240926_Smp_RC104_HomFate2_T12_UL_A_posDDA,240926,Smp,RC104,HomFate2,102738,240926,102738,HILICPos,102738
unknown_C6H9NO4_pos_early,Inj_vol,0.10670586957779005,0.10670586957779005,240926_Smp_RC104_HomFate2_T12_UL_B_posDDA,240926,Smp,RC104,HomFate2,134545,240926,134545,HILICPos,134545
unknown_C6H9NO4_pos_early,Inj_vol,0.10670586957779005,0.10670586957779005,240926_Smp_RC104_HomFate2_T12_UL_C_posDDA,240926,Smp,RC104,HomFate2,139767,240926,139767,HILICPos,139767
unknown_C7H11NO3_pos,Inj_vol,0.056297111103517775,0.056297111103517775,240926_Poo_RC104_HomFate_Full1_posDDA,240926,Poo,RC104,HomFate,4363194,240926,NA,HILICPos,NA
unknown_C7H11NO3_pos,Inj_vol,0.056297111103517775,0.056297111103517775,240926_Poo_RC104_HomFate_Full2_posDDA,240926,Poo,RC104,HomFate,5164570,240926,5164570,HILICPos,5164570
unknown_C7H11NO3_pos,Inj_vol,0.056297111103517775,0.056297111103517775,240926_Poo_RC104_HomFate_Full3_posDDA,240926,Poo,RC104,HomFate,5297025,240926,5297025,HILICPos,5297025
unknown_C7H11NO3_pos,Inj_vol,0.056297111103517775,0.056297111103517775,240926_Poo_RC104_HomFate_Full4_posDDA,240926,Poo,RC104,HomFate,4924779,240926,4924779,HILICPos,4924779
unknown_C7H11NO3_pos,Inj_vol,0.056297111103517775,0.056297111103517775,240926_Poo_RC104_HomFate_Full5_posDDA,240926,Poo,RC104,HomFate,5633925,240926,5633925,HILICPos,5633925
unknown_C7H11NO3_pos,Inj_vol,0.056297111103517775,0.056297111103517775,240926_Smp_RC104_HomFate_Con_A_posDDA,240926,Smp,RC104,HomFate,15572181,240926,15572181,HILICPos,15572181
unknown_C7H11NO3_pos,Inj_vol,0.056297111103517775,0.056297111103517775,240926_Smp_RC104_HomFate_Con_B_posDDA,240926,Smp,RC104,HomFate,13581260,240926,13581260,HILICPos,13581260
unknown_C7H11NO3_pos,Inj_vol,0.056297111103517775,0.056297111103517775,240926_Smp_RC104_HomFate_Con_C_posDDA,240926,Smp,RC104,HomFate,7934705,240926,7934705,HILICPos,7934705
unknown_C7H11NO3_pos,Inj_vol,0.056297111103517775,0.056297111103517775,240926_Smp_RC104_HomFate_T0_A_posDDA,240926,Smp,RC104,HomFate,12872530,240926,12872530,HILICPos,12872530
unknown_C7H11NO3_pos,Inj_vol,0.056297111103517775,0.056297111103517775,240926_Smp_RC104_HomFate_T0_B_posDDA,240926,Smp,RC104,HomFate,16198074,240926,16198074,HILICPos,16198074
unknown_C7H11NO3_pos,Inj_vol,0.056297111103517775,0.056297111103517775,240926_Smp_RC104_HomFate_T0_C_posDDA,240926,Smp,RC104,HomFate,10798026,240926,10798026,HILICPos,10798026
unknown_C7H11NO3_pos,Inj_vol,0.056297111103517775,0.056297111103517775,240926_Smp_RC104_HomFate_T6_A_posDDA,240926,Smp,RC104,HomFate,10055262,240926,10055262,HILICPos,10055262
unknown_C7H11NO3_pos,Inj_vol,0.056297111103517775,0.056297111103517775,240926_Smp_RC104_HomFate_T6_B_posDDA,240926,Smp,RC104,HomFate,7387005,240926,7387005,HILICPos,7387005
unknown_C7H11NO3_pos,Inj_vol,0.056297111103517775,0.056297111103517775,240926_Smp_RC104_HomFate_T6_C_posDDA,240926,Smp,RC104,HomFate,3203521,240926,3203521,HILICPos,3203521
unknown_C7H11NO3_pos,Inj_vol,0.056297111103517775,0.056297111103517775,240926_Smp_RC104_HomFate_T12_A_posDDA,240926,Smp,RC104,HomFate,9720487,240926,9720487,HILICPos,9720487
unknown_C7H11NO3_pos,Inj_vol,0.056297111103517775,0.056297111103517775,240926_Smp_RC104_HomFate_T12_B_posDDA,240926,Smp,RC104,HomFate,3886200,240926,3886200,HILICPos,3886200
unknown_C7H11NO3_pos,Inj_vol,0.056297111103517775,0.056297111103517775,240926_Smp_RC104_HomFate_T12_C_posDDA,240926,Smp,RC104,HomFate,6298864,240926,6298864,HILICPos,6298864
unknown_C7H11NO3_pos,Inj_vol,0.056297111103517775,0.056297111103517775,240926_Smp_RC104_HomFate_T24_A_posDDA,240926,Smp,RC104,HomFate,3410503,240926,3410503,HILICPos,3410503
unknown_C7H11NO3_pos,Inj_vol,0.056297111103517775,0.056297111103517775,240926_Smp_RC104_HomFate_T24_B_posDDA,240926,Smp,RC104,HomFate,2533641,240926,NA,HILICPos,NA
unknown_C7H11NO3_pos,Inj_vol,0.056297111103517775,0.056297111103517775,240926_Smp_RC104_HomFate_T24_C_posDDA,240926,Smp,RC104,HomFate,6550554,240926,6550554,HILICPos,6550554
unknown_C7H11NO3_pos,Inj_vol,0.056297111103517775,0.056297111103517775,240926_Smp_RC104_HomFate_T48_A_posDDA,240926,Smp,RC104,HomFate,864029,240926,NA,HILICPos,NA
unknown_C7H11NO3_pos,Inj_vol,0.056297111103517775,0.056297111103517775,240926_Smp_RC104_HomFate_T48_B_posDDA,240926,Smp,RC104,HomFate,3905723,240926,3905723,HILICPos,3905723
unknown_C7H11NO3_pos,Inj_vol,0.056297111103517775,0.056297111103517775,240926_Smp_RC104_HomFate_T48_C_posDDA,240926,Smp,RC104,HomFate,1691233,240926,NA,HILICPos,NA
unknown_C7H11NO3_pos,Inj_vol,0.056297111103517775,0.056297111103517775,240926_Smp_RC104_HomFate_T96_A_posDDA,240926,Smp,RC104,HomFate,2710061,240926,NA,HILICPos,NA
unknown_C7H11NO3_pos,Inj_vol,0.056297111103517775,0.056297111103517775,240926_Smp_RC104_HomFate_T96_B_posDDA,240926,Smp,RC104,HomFate,5955663,240926,5955663,HILICPos,5955663
unknown_C7H11NO3_pos,Inj_vol,0.056297111103517775,0.056297111103517775,240926_Smp_RC104_HomFate_T96_C_posDDA,240926,Smp,RC104,HomFate,8024912,240926,8024912,HILICPos,8024912
unknown_C7H11NO3_pos,Inj_vol,0.056297111103517775,0.056297111103517775,240926_Smp_RC104_HomFate2_T12_L_A_posDDA,240926,Smp,RC104,HomFate2,7230740,240926,7230740,HILICPos,7230740
unknown_C7H11NO3_pos,Inj_vol,0.056297111103517775,0.056297111103517775,240926_Smp_RC104_HomFate2_T12_L_B_posDDA,240926,Smp,RC104,HomFate2,4708247,240926,4708247,HILICPos,4708247
unknown_C7H11NO3_pos,Inj_vol,0.056297111103517775,0.056297111103517775,240926_Smp_RC104_HomFate2_T12_L_C_posDDA,240926,Smp,RC104,HomFate2,3593981,240926,3593981,HILICPos,3593981
unknown_C7H11NO3_pos,Inj_vol,0.056297111103517775,0.056297111103517775,240926_Smp_RC104_HomFate2_T12_UL_A_posDDA,240926,Smp,RC104,HomFate2,10289798,240926,10289798,HILICPos,10289798
unknown_C7H11NO3_pos,Inj_vol,0.056297111103517775,0.056297111103517775,240926_Smp_RC104_HomFate2_T12_UL_B_posDDA,240926,Smp,RC104,HomFate2,11403117,240926,11403117,HILICPos,11403117
unknown_C7H11NO3_pos,Inj_vol,0.056297111103517775,0.056297111103517775,240926_Smp_RC104_HomFate2_T12_UL_C_posDDA,240926,Smp,RC104,HomFate2,15073860,240926,15073860,HILICPos,15073860
unknown_C7H9NO5_pos_13C_15N,Inj_vol,0.39227783840228025,0.39227783840228025,240926_Poo_RC104_HomFate_Full1_posDDA,240926,Poo,RC104,HomFate,311481,240926,NA,HILICPos,NA
unknown_C7H9NO5_pos_13C_15N,Inj_vol,0.39227783840228025,0.39227783840228025,240926_Poo_RC104_HomFate_Full2_posDDA,240926,Poo,RC104,HomFate,311977,240926,311977,HILICPos,311977
unknown_C7H9NO5_pos_13C_15N,Inj_vol,0.39227783840228025,0.39227783840228025,240926_Poo_RC104_HomFate_Full3_posDDA,240926,Poo,RC104,HomFate,176486,240926,176486,HILICPos,176486
unknown_C7H9NO5_pos_13C_15N,Inj_vol,0.39227783840228025,0.39227783840228025,240926_Poo_RC104_HomFate_Full4_posDDA,240926,Poo,RC104,HomFate,346605,240926,NA,HILICPos,NA
unknown_C7H9NO5_pos_13C_15N,Inj_vol,0.39227783840228025,0.39227783840228025,240926_Poo_RC104_HomFate_Full5_posDDA,240926,Poo,RC104,HomFate,284039,240926,NA,HILICPos,NA
unknown_C7H9NO5_pos_13C_15N,Inj_vol,0.39227783840228025,0.39227783840228025,240926_Smp_RC104_HomFate_Con_A_posDDA,240926,Smp,RC104,HomFate,150136,240926,NA,HILICPos,NA
unknown_C7H9NO5_pos_13C_15N,Inj_vol,0.39227783840228025,0.39227783840228025,240926_Smp_RC104_HomFate_Con_B_posDDA,240926,Smp,RC104,HomFate,35545,240926,NA,HILICPos,NA
unknown_C7H9NO5_pos_13C_15N,Inj_vol,0.39227783840228025,0.39227783840228025,240926_Smp_RC104_HomFate_Con_C_posDDA,240926,Smp,RC104,HomFate,45896,240926,45896,HILICPos,45896
unknown_C7H9NO5_pos_13C_15N,Inj_vol,0.39227783840228025,0.39227783840228025,240926_Smp_RC104_HomFate_T0_A_posDDA,240926,Smp,RC104,HomFate,121749,240926,NA,HILICPos,NA
unknown_C7H9NO5_pos_13C_15N,Inj_vol,0.39227783840228025,0.39227783840228025,240926_Smp_RC104_HomFate_T0_B_posDDA,240926,Smp,RC104,HomFate,236566,240926,NA,HILICPos,NA
unknown_C7H9NO5_pos_13C_15N,Inj_vol,0.39227783840228025,0.39227783840228025,240926_Smp_RC104_HomFate_T0_C_posDDA,240926,Smp,RC104,HomFate,213739,240926,NA,HILICPos,NA
unknown_C7H9NO5_pos_13C_15N,Inj_vol,0.39227783840228025,0.39227783840228025,240926_Smp_RC104_HomFate_T6_A_posDDA,240926,Smp,RC104,HomFate,478418,240926,NA,HILICPos,NA
unknown_C7H9NO5_pos_13C_15N,Inj_vol,0.39227783840228025,0.39227783840228025,240926_Smp_RC104_HomFate_T6_B_posDDA,240926,Smp,RC104,HomFate,256714,240926,NA,HILICPos,NA
unknown_C7H9NO5_pos_13C_15N,Inj_vol,0.39227783840228025,0.39227783840228025,240926_Smp_RC104_HomFate_T6_C_posDDA,240926,Smp,RC104,HomFate,336272,240926,336272,HILICPos,336272
unknown_C7H9NO5_pos_13C_15N,Inj_vol,0.39227783840228025,0.39227783840228025,240926_Smp_RC104_HomFate_T12_A_posDDA,240926,Smp,RC104,HomFate,266337,240926,NA,HILICPos,NA
unknown_C7H9NO5_pos_13C_15N,Inj_vol,0.39227783840228025,0.39227783840228025,240926_Smp_RC104_HomFate_T12_B_posDDA,240926,Smp,RC104,HomFate,147917,240926,147917,HILICPos,147917
unknown_C7H9NO5_pos_13C_15N,Inj_vol,0.39227783840228025,0.39227783840228025,240926_Smp_RC104_HomFate_T12_C_posDDA,240926,Smp,RC104,HomFate,255323,240926,NA,HILICPos,NA
unknown_C7H9NO5_pos_13C_15N,Inj_vol,0.39227783840228025,0.39227783840228025,240926_Smp_RC104_HomFate_T24_A_posDDA,240926,Smp,RC104,HomFate,360262,240926,NA,HILICPos,NA
unknown_C7H9NO5_pos_13C_15N,Inj_vol,0.39227783840228025,0.39227783840228025,240926_Smp_RC104_HomFate_T24_B_posDDA,240926,Smp,RC104,HomFate,55750,240926,55750,HILICPos,55750
unknown_C7H9NO5_pos_13C_15N,Inj_vol,0.39227783840228025,0.39227783840228025,240926_Smp_RC104_HomFate_T24_C_posDDA,240926,Smp,RC104,HomFate,169054,240926,NA,HILICPos,NA
unknown_C7H9NO5_pos_13C_15N,Inj_vol,0.39227783840228025,0.39227783840228025,240926_Smp_RC104_HomFate_T48_A_posDDA,240926,Smp,RC104,HomFate,64263,240926,64263,HILICPos,64263
unknown_C7H9NO5_pos_13C_15N,Inj_vol,0.39227783840228025,0.39227783840228025,240926_Smp_RC104_HomFate_T48_B_posDDA,240926,Smp,RC104,HomFate,349280,240926,NA,HILICPos,NA
unknown_C7H9NO5_pos_13C_15N,Inj_vol,0.39227783840228025,0.39227783840228025,240926_Smp_RC104_HomFate_T48_C_posDDA,240926,Smp,RC104,HomFate,515112,240926,NA,HILICPos,NA
unknown_C7H9NO5_pos_13C_15N,Inj_vol,0.39227783840228025,0.39227783840228025,240926_Smp_RC104_HomFate_T96_A_posDDA,240926,Smp,RC104,HomFate,400497,240926,NA,HILICPos,NA
unknown_C7H9NO5_pos_13C_15N,Inj_vol,0.39227783840228025,0.39227783840228025,240926_Smp_RC104_HomFate_T96_B_posDDA,240926,Smp,RC104,HomFate,1087904,240926,NA,HILICPos,NA
unknown_C7H9NO5_pos_13C_15N,Inj_vol,0.39227783840228025,0.39227783840228025,240926_Smp_RC104_HomFate_T96_C_posDDA,240926,Smp,RC104,HomFate,226633,240926,NA,HILICPos,NA
unknown_C7H9NO5_pos_13C_15N,Inj_vol,0.39227783840228025,0.39227783840228025,240926_Smp_RC104_HomFate2_T12_L_A_posDDA,240926,Smp,RC104,HomFate2,82568,240926,NA,HILICPos,NA
unknown_C7H9NO5_pos_13C_15N,Inj_vol,0.39227783840228025,0.39227783840228025,240926_Smp_RC104_HomFate2_T12_L_B_posDDA,240926,Smp,RC104,HomFate2,134390,240926,NA,HILICPos,NA
unknown_C7H9NO5_pos_13C_15N,Inj_vol,0.39227783840228025,0.39227783840228025,240926_Smp_RC104_HomFate2_T12_L_C_posDDA,240926,Smp,RC104,HomFate2,236617,240926,236617,HILICPos,236617
unknown_C7H9NO5_pos_13C_15N,Inj_vol,0.39227783840228025,0.39227783840228025,240926_Smp_RC104_HomFate2_T12_UL_A_posDDA,240926,Smp,RC104,HomFate2,0,240926,NA,HILICPos,NA
unknown_C7H9NO5_pos_13C_15N,Inj_vol,0.39227783840228025,0.39227783840228025,240926_Smp_RC104_HomFate2_T12_UL_B_posDDA,240926,Smp,RC104,HomFate2,36516,240926,NA,HILICPos,NA
unknown_C7H9NO5_pos_13C_15N,Inj_vol,0.39227783840228025,0.39227783840228025,240926_Smp_RC104_HomFate2_T12_UL_C_posDDA,240926,Smp,RC104,HomFate2,70083,240926,70083,HILICPos,70083
